name,mbid
Michael Jackson,f27ec8db-af05-4f36-916e-3d57f91ecf5e
Wolfgang Amadeus Mozart,b972f589-fb0e-474e-b64a-803b0364fa75
Charlie Chaplin,043eefc9-9d94-4d06-b6f3-93252fa52154
The Beatles,b10bbbfc-cf9e-42e0-be17-e2c3e1d2600d
Rabindranath Tagore,13274b60-181b-431a-b049-b48560c58e2a
Marilyn Monroe,6e60deeb-a666-42c5-95cb-a5eada6bbbe5
Corbin Bleu,393e3b99-a8dc-497c-81e7-f41f4fb49244
Basshunter,255e2420-5b02-452b-9771-0512ebe78090
Elvis Presley,01809552-4f87-45b0-afff-2c6f0730a3be
Shakira,bf24ca37-25f4-4e34-9aec-460b94364cfc
Frédéric Chopin,09ff1fe8-d61c-4b98-bb82-18487c74d7b7
Marlene Dietrich,191cba6a-b83f-49ca-883c-02b20c7a9dd5
Mother Teresa,373d1cf8-a67b-4d59-bb47-d328cf6ccb41
Lady Gaga,650e7db6-b795-4eb5-a702-5ea2fc46c848
The Carpenters,4580d83b-093e-4241-91fb-2dd71f5f1f3f
Madonna,79239441-bfd5-4981-a70c-55c3f15c1287
The Doors,9efff43b-3b29-4082-824e-bc82f646f93d
Bob Dylan,72c536dc-7137-4477-a521-567eeb840fa8
John Lennon,4d5447d7-c61c-4120-ba1b-d7f471d385b9
Pelé,736ce674-b38c-4c81-bdee-4c586a01f9cc
Justin Bieber,e0140a67-e4d1-4f13-8a01-364355bee46e
Freddie Mercury,022589ac-7177-460d-a178-9976cf70e29f
Freddie Mercury,03aba063-42f7-47c6-9974-6a6ab24a0b53
Selena Gomez,e4bc69e2-a064-4f93-ada1-f7f209cc1cc3
Louis Armstrong,eea8a864-fcda-4602-9569-38ab446decd6
Eminem,b95ce3ff-3d05-4e87-9e01-c97b66af13d4
Taylor Swift,20244d07-534f-4eff-b4d4-930878889970
Beyoncé,859d0860-d480-4efd-970c-c05d5f1776b8
Anna Netrebko,90cba256-80b2-464f-9d58-a877a3757d3a
Omar Khayyám,4e49f8fa-20b0-47c0-bc2c-37fe9e9e6221
Bob Marley,ed2ac1e9-d51d-4eff-a2c2-85e81abd6360
ABBA,d87e52c5-bb8d-4da8-b941-9f4928627dc8
Thomas Mann,b6458172-8cd1-47c3-a8d3-2011dd96b4cf
Robin Williams,536e8e61-8040-40a1-8b35-a2c6996dc44f
Lana Del Rey,b7539c32-53e7-4908-bda3-81449c367da6
Céline Dion,847e8a0c-cc20-4213-9e16-975515c2a926
Woody Allen,f7476fda-687e-4d11-a02e-cfb88558867d
Rihanna,73e5e69d-3554-40d8-8516-00cb38737a1c
Scarlett Johansson,0cc5ed91-eba3-4a5d-8a69-7638e0bf6495
Bertolt Brecht,95fb3a0c-fc74-4f51-acba-bbe5b3a78e32
Judy Garland,b9348d59-b91b-423f-847b-8db155a0653b
Brigitte Bardot,efbdded5-ab91-4bb7-ba57-f36d7413eb70
Hebe Camargo,efe04173-9993-41d3-9cb3-d6a49e4f1159
Anggun,c2543756-c98c-452e-b536-60f2ca877046
Jim Morrison,c6619f89-5454-4e2d-aa19-b5596ba3b4c6
Paul McCartney,ba550d0e-adac-4864-b88b-407cab5e76af
Agnez Mo,fefae7fc-2c9d-4a45-b84c-2875a68ac803
Johnny Depp,49654ec9-0c4d-44a6-a909-580ee9fbabb7
Édith Piaf,4f8ef4a3-40fa-46b5-8773-97686a8424f4
Audrey Hepburn,7ddb6325-7022-4d30-a585-78a8eab631ab
Britney Spears,45a663b5-b1cb-4a91-bff6-2bef7bbfdd76
Maya Angelou,80ce4e18-92ca-4079-b07c-11ac454b7755
Lordi,b5b4ba6e-6e34-4669-a33b-0d813b4c3d83
Federico García Lorca,3e2efdb0-cd07-40e2-a39f-277c670e1d72
Romain Rolland,daa0029d-771e-4746-bbb9-0a4904b6ebd9
Ariana Grande,f4fdbb4c-e4b7-47a0-b83b-d91bbfcfa387
Miley Cyrus,7e9bd05a-117f-4cce-87bc-e011527a8b18
Avril Lavigne,0103c1cc-4a09-4a5d-a344-56ad99a77193
Alain Delon,632c69c8-404e-4062-8871-6acfe05c70db
The Rolling Stones,b071f9fa-14b0-4217-8e97-eb41da73f598
Jennifer Lopez,f0602f55-1770-483d-89bd-4bae0d0ac086
Shah Rukh Khan,8f9536d0-7be2-4c64-b6a4-ef73bb1c3876
David Bowie,5441c29d-3602-4898-b1a1-b77fa23b8e50
Swami Vivekananda,9fc29b29-73e3-484c-ac91-59c22198bd3d
Whitney Houston,0307edfc-437c-4b48-8700-80680e66a228
Adele,cc2c9c3c-b7bc-4b8b-84d8-4fbd8779e493
Nero,31fdd5b3-4947-49d0-bb06-4b1ec7267a58
Frank Sinatra,197450cd-0124-4164-b723-3c22dd16494d
Tom Hanks,065d44ce-48cf-4b1c-85ad-555d0345ba6e
Clint Eastwood,dc5dc215-bb90-4579-a13a-3a564b265546
Will Smith,5bae7081-64ef-4473-825a-38d310deb14c
Katy Perry,122d63fc-8671-43e4-9752-34e846d62a9c
Kate Winslet,ceb05831-03e8-4605-904d-894ee0492d00
Charlotte Rampling,7bcd0bdf-2a43-4d0f-8373-fefc31469e4d
Jimi Hendrix,06fb1c8b-566e-4cb2-985b-b467c90781d4
Tupac Shakur,382f1005-e9ab-4684-afd4-0bdae4ee37f2
Tupac Shakur,98b5a1d4-3f58-412f-950c-ee9d82743705
Tupac Shakur,e263a1d8-8228-4ede-9e17-7acf8470165a
Nicole Kidman,08d9ce40-ebd2-4d81-894c-84655e3f851a
Demi Lovato,faf4cefb-036c-4c88-b93a-5b03dd0a0e6b
Leonard Cohen,65314b12-0e08-43fa-ba33-baaa7b874c15
Metallica,65f4f0c5-ef9e-490c-aee3-909e7ae6b2ab
Sophia Loren,c9956945-54dc-450c-97ea-d024bfca2e34
Valery Leontiev,0d1e04f4-ddb6-4b66-8b0b-7f3b66f34d6e
Amy Winehouse,dfe9a7c4-8cf2-47f4-9dcb-d233c2b86ec3
Gwyneth Paltrow,dc71c08e-3ee5-409d-ae0d-f4fd9050e170
Steven Seagal,ab57a164-f30f-4aa5-8687-22abdbaeee44
Kurt Cobain,3c9b356d-d1db-4f4e-a7a3-2d00c1d70255
Jeremy Renner,ebcda1a2-7e50-4afb-a200-18f59c3af924
Russell Crowe,b7c738aa-cda3-45e2-9d0e-33687ab864e5
George Harrison,42a8f507-8412-4611-854f-926571049fa0
Tom Cruise,05701f26-2083-41fa-9549-22ef7714b0c3
Franz Liszt,2cd475bb-1abd-40c4-9904-6d4b691c752c
Mariah Carey,494e8d09-f85b-4543-892f-a5096aed1cd4
Amitabh Bachchan,54d0baf3-1511-4c91-8042-becf6573807e
Andrew Garfield,4f47f771-3680-40c6-9bc9-3d627200975e
Stefan Zweig,554180e0-5e8c-431b-a541-46447aa99d45
Keanu Reeves,739dff59-f8b4-4707-92cd-11b30e9db54c
Selena,03746227-c9f9-4b3b-b2c6-9b31f79564f7
Kylie Minogue,2fddb92d-24b2-46a5-bf28-3aed46f4684c
Bing Crosby,2437980f-513a-44fc-80f1-b90d9d7fcf8f
Ingrid Bergman,669c349d-ba44-48e8-8649-2fc8d1769eaf
Felix Mendelssohn,0e85eb79-1c05-44ba-827c-7b259a3d941a
Billie Eilish,f4abc0b5-3f7a-4eff-8f78-ac078dbce533
Jane Fonda,67a75df2-359c-483e-8d01-de49a95f943f
Albert Schweitzer,df4906d0-2a9e-461e-b6b5-1bcca3731483
Led Zeppelin,678d88b2-87b0-403b-b63d-5da7465aecc3
Cher,bfcc6d75-a6a5-4bc6-8282-47aec8531818
Linkin Park,f59c5520-5f46-4d2c-b2c4-822eabf53419
John Travolta,94f4c61e-5cf3-4cba-ab3e-9bd5be99f6ab
Elton John,b83bc61f-8451-4a5d-8b8e-7e9ed295e822
Grace Kelly,3ac772ad-4fd2-4546-ad7b-48c76e8847f1
Johnny Cash,d43d12a1-2dc9-4257-a2fd-0a3bb1081b86
Vladimir Vysotsky,ebe42a0b-6a6f-4eb6-b436-5c0f351d96f3
Giovanni Pierluigi da Palestrina,4daeb526-6c4c-4f77-bdf5-4a0fcb714bfe
Lila Downs,ad29ae1c-2eda-4071-9dc8-31910e7e546c
U2,a3cb23fc-acd3-4ce0-8f36-1e5aa6a18432
Aretha Franklin,2f9ecbed-27be-40e6-abca-6de49d50299e
Taylor Lautner,ed4806cc-d3f9-4d39-924a-117ea0983fbd
Enya,4967c0a1-b9f3-465e-8440-4598fd9fc33c
Franz Beckenbauer,c6b90a93-4bcd-4916-ba81-7ca3a3d940d0
Nirvana,5b11f4ce-a62d-471e-81fc-a69a8278c7da
Nicki Minaj,1036b808-f58c-4a3e-b461-a2c4492ecf1b
William Herschel,07c4274b-e217-4652-b50f-eb398c3fc9d4
Matt Damon,7388f0b9-26e4-45da-b42a-419d059285ec
Ronaldinho,e058316e-13d3-44d7-a97e-4699af434bad
Daniel Radcliffe,f269fb17-9431-4925-84a4-e4d5c99f290d
Orson Welles,cc98a7f6-1c7f-436b-b7f8-60ef310edd52
Mae West,9cde9e3a-e8af-4659-9c59-bdbf96acb558
Christopher Lee,547038ef-aaef-43db-86fe-29bf25c05712
50 Cent,8e68819d-71be-4e7d-b41d-f1df81b01d3f
Robert Downey Jr.,49e26070-0937-4178-a549-6bbe3c36f282
Prince,070d193a-845c-479f-980e-bef15710653e
Justin Timberlake,596ffa74-3d08-44ef-b113-765d43d12738
Helmut Schmidt,38d388d7-8a32-4ac0-be9f-9f5bd6d39305
Prince,d651d80e-6137-4440-81da-fff5a27a79c4
Prince,d90f9497-deac-4ce3-9cd2-e2c4f4d345db
Dan Brown,634650ff-6a05-450f-8e44-8669b648bff8
Tina Turner,9072df14-b61e-42e2-b4f4-6bbb7fdb5586
Frank Zappa,e20747e7-55a4-452e-8766-7b985585082d
Kanye West,164f0d73-1234-4e2c-8743-d77bf2191051
Paris Hilton,0d9ff9c7-394e-4228-93aa-c4afd4765324
Carrie Fisher,04fb59cd-c27e-4fda-a280-2ce6f2a75d1a
Umm Kulthum,0a354a70-b879-4697-ad9b-60bfe2bd1d63
Kevin Costner,e1866900-717b-4606-b9ae-16f01f7272b0
Iron Maiden,ca891d65-d9b0-4258-89f7-e6ba29d83767
Eddie Murphy,98744f0b-20fc-4bb2-9ac4-e2041058911f
Barbra Streisand,56cd15a1-0d74-438b-8244-c96ffe1cae03
Björk,87c5dedd-371d-4a53-9f7f-80522fb7f3cb
Alla Pugacheva,2f745f25-7681-4c44-b713-34d37a307575
Priyanka Chopra,34d61873-7bdd-4dd8-91d4-9ae585b4622b
Ursula K. Le Guin,bbdadb51-0e9c-4cc4-b545-968b9375b416
Nightwish,00a9f935-ba93-4fc8-a33a-993abe9c936b
Bette Davis,c340b14b-f290-4354-8736-16271d67a378
Bruce Springsteen,70248960-cb53-4ea4-943a-edb18f7d336f
Harper Lee,f682a68b-eb75-4993-bf8d-f246c36dda14
Julianne Moore,39e8c8a6-72b0-4a3e-b1c0-3114f20d67c7
Ozzy Osbourne,8aa5b65a-5b3c-4029-92bf-47a544356934
Anastacia,d3b2bec4-b70e-460e-b433-a865ceac2de8
Eva Perón,01df5364-caeb-421e-9940-ef024e57384a
Dolly Parton,1d543e07-d0d2-4834-a8db-d65c50c2a856
Noemi,bee5be2b-0c22-45ee-817d-b744ea6aa6d3
Salma Hayek,e43110c3-6f41-4ba3-9c22-1f90b1792193
Ray Charles,2ce02909-598b-44ef-a456-151ba0a3bd70
David Lynch,752d58e6-d33f-4dcd-b40c-37acc14242f2
Whoopi Goldberg,de0e8b7e-02f0-4824-a35a-b3d1eea9d91e
Salman Khan,a6589aaa-d200-4883-8307-b8f7776041ab
Bruno Mars,afb680f2-b6eb-4cd7-a70b-a63b25c763d5
Christopher Plummer,c0e9f10f-f668-46af-bc14-e0f7d0e2a1fc
Rita Hayworth,eae4e657-1944-482e-b0cf-204ab47d22d6
Pierce Brosnan,36b9a5da-8213-457a-aeaa-25fbdbafe8a6
Coldplay,cc197bad-dc9c-440d-a5b5-d52ba2e14234
Béla Bartók,fd14da1b-3c2d-4cc8-9ca6-fc8c62ce6988
Janet Jackson,6be2828f-6c0d-4059-99d4-fa18acf1a296
George Michael,ccb8f30e-4d71-40c4-8b1d-846dafe73e2c
Marjorie Estiano,b1900042-2890-4e33-a2d1-89eb6c209459
AC/DC,66c662b6-6e2f-4930-8610-912e24c63ed1
Red Hot Chili Peppers,8bfac288-ccc5-448d-9573-c33ea2aa5c30
Aamir Khan,de7ca725-2555-422d-9751-09ca9651e347
One Direction,1a425bbd-cca4-4b2c-aeb7-71cb176c828a
Gillian Anderson,ecd5abf6-6c91-4d69-8804-83374745c5a9
Catherine Zeta-Jones,6f1e0374-8f41-402f-9d1c-4d04e14e26e1
Peter O'Toole,75537405-6568-43bc-9947-490619137e18
Joan Baez,92d37892-6186-4459-9cc1-f0dde57652d0
Layal Abboud,4d89d6d8-96ed-49a1-933e-f862e215d584
Lauren Bacall,483a825d-1657-4037-bd94-2591940d5327
Fred Astaire,3ae3fa20-d295-467c-b59f-969376a28470
Kirk Douglas,ade1dabe-417f-4d8f-9a1f-33812421c944
Gérard Depardieu,9f3808f3-2f93-4564-8050-33e9b773fbc3
Gene Wilder,e594bbfb-bda6-4a40-bc91-db64ace07ecf
Michelle Pfeiffer,96e34437-e139-4ccd-b300-d18c705ddc3c
Doris Day,3db5dfb1-1b91-4038-8268-ae04d15b6a3e
Sidney Poitier,d35b2f55-2f3d-47eb-b179-4248e0c96d74
Ella Fitzgerald,54799c0e-eb45-4eea-996d-c4d71a63c499
Eric Clapton,618b6900-0618-4f1e-b835-bccb17f84294
James Brown,20ff3303-4fe2-4a47-a1b6-291e26aa3438
Drew Barrymore,00e1bc64-21b0-4ab4-ba13-8e87e6da9b23
Miles Davis,561d854a-6a28-4aa7-8c99-323e6ce46c2a
Mick Jagger,b5ffc3aa-b868-4b88-905f-d73d51dbe51c
John Goodman,4fcafd02-bb53-470d-a4d6-b043c46dd319
Winona Ryder,81fbaa16-9a5d-4391-bc25-6b66b16a2d3f
Mark Wahlberg,7201bb47-82ce-471e-b520-4551ec84e8c7
John Goodman,01eb8954-1ff1-4423-8b22-458c5efceea6
Hedy Lamarr,67980dcd-ce48-400c-adfa-8ca463a21f95
Julie Andrews,16bdc7b3-6bfc-4f1c-89ad-d0756af40327
Milla Jovovich,39f96cb8-fe7e-499f-820c-676267b617e6
Zendaya,5b946a83-b395-4016-b67f-c71690f9a866
IShowSpeed,d7defc5c-2869-40f0-9d56-2a0292aaeba5
Charles Aznavour,5f264b87-d5f6-487d-aa3e-ae4c5f0c6fc9
Liam Neeson,40b9df23-21eb-4a9d-8859-def8577edacb
Stevie Wonder,1ee18fb3-18a6-4c7f-8ba0-bc41cdd0462e
Stevie Wonder,3fb67500-87e2-449b-a995-c74dc8f9319c
Stevie Wonder,85db5120-7b1d-4b18-be06-630840398fbc
Amy Adams,fa295ceb-f727-4387-ac01-0ebacb47090a
Natalia Oreiro,bf67a751-bce5-4f7a-8d68-e4b5a678fae3
Snoop Dogg,f90e8b26-9e52-4669-a5c9-e28529c47894
Alicia Keys,8ef1df30-ae4f-4dbd-9351-1a32b208a01e
Victoria Beckham,ce8dbfe4-3ce7-41e9-9bb3-13e35c053318
Yoko Ono,b0b33754-a664-43b7-ba00-be0dc4ec2396
Psy,f99b7d67-4e63-4678-aa66-4c6ac0f7d24a
Miriam Makeba,bc5c2918-4aba-4ef6-a245-100563a4487f
Chester Bennington,415e30a0-116b-4a4f-8cbf-8d0f6406bbab
Snoop Dogg,960db060-0ba8-4f6c-9770-49b81dc6e5ea
Ichirō Mizuki,f9615cbd-026a-4e30-80c8-2fd0d89e76ff
Snoop Dogg,965f5705-6eb1-49a1-b312-cd3d65bcc7c9
Charles Manson,db3d7002-d9e8-4803-82c4-d85dad3f29bb
Ravi Shankar,697f8b9f-0454-40f2-bba2-58f35668cdbe
Josephine Baker,549dc0da-d165-4bff-839e-dca65cf51c0c
Shirley MacLaine,64e68085-19fe-4f0b-b024-249dee58d349
Sting,f8306763-5570-4217-b041-fab869331b18
Emmy Rossum,bc598b29-d213-4c1b-8157-0fd8b1b0d534
Marilyn Manson,80cadd99-f560-41e3-babd-16292bbd248a
Sting,7944ed53-2a58-4035-9b93-140a71e41c34
Judi Dench,a69f5a73-e016-4069-989d-8c093ec63ec5
Andrea Bocelli,c5a0a216-c33c-42dc-92b8-4b60236f8dad
Chuck Berry,592a3b6d-c42b-4567-99c9-ecf63bd66499
30 Seconds to Mars,d8354b38-e942-4c89-ba93-29323432abc3
Alia Bhatt,f0733296-1526-4641-858b-131d884d79a0
Zac Efron,b25c6c3f-3861-4687-be1d-3c8d238cfb34
Pierre-Augustin de Beaumarchais,62cdd40d-e451-42aa-90fe-010b6d9aa08d
John Cena,9c88daa5-29f1-45bf-8a70-8dce6365a054
Pedro Almodóvar,e85f3342-dcaf-458a-a03d-3ecf340d56a4
Enrique Iglesias,35f866dc-c061-48ba-8157-cf2e0eac4857
Allen Ginsberg,8fc551bc-0c60-43fd-a234-2776561c2b18
Shirley Temple,ca6e3c7f-2224-4927-96be-dd5e62f54b8e
Ennio Morricone,a16e47f5-aa54-47fe-87e4-bb8af91a9fdd
Robert Pattinson,28f87490-205b-4187-970b-cd48881f5225
Guns N' Roses,eeb1195b-f213-4ce1-b28c-8565211f8e43
Lindsay Lohan,63b43c69-b822-4268-bdad-bcde12531f50
Duran Duran,1a1cd7f3-e5df-4eca-bae2-2757c9e656b5
Adam Sandler,dfc6d0b8-3d0b-4b33-9b3f-dff972e25594
Alan Rickman,4ae3e8c0-b0f1-44b7-adf1-f0d425c07d55
Laurence Olivier,efbc067e-d225-4ec9-93b0-8f012df85ed2
Charlton Heston,1e183ac2-1573-4d8a-91a2-bd94290dc215
Joaquin Phoenix,b378f0e6-9612-45a1-866a-679cbc631b22
The Who,9fdaa16b-a6c4-4831-b87c-bc9ca8ce7eaa
Rammstein,b2d122f9-eadb-4930-a196-8f221eeb0c66
Robbie Williams,db4624cf-0e44-481e-a9dc-2142b833ec2f
Catherine Deneuve,9aa6af80-f210-44f4-a376-6f7f6e02df24
Bedřich Smetana,6eb5695e-cf7b-4b94-b441-a09901127ef9
Thomas Young,75167b8b-44e4-407b-9d35-effe87b223cf
Bryan Adams,4dbf5678-7a31-406a-abbe-232f8ac2cd63
Bono,7f347782-eb14-40c3-98e2-17b6e1bfe56c
Ryan Gosling,a992d757-1207-499c-8be9-6537da8db2a8
Isabelle Adjani,b7e9b00d-328e-4be1-b145-5ff372eba522
Kim Basinger,c476d437-0a95-4819-86c8-fd63b93b5f55
Peter Sellers,697e5756-139e-47cd-9a0b-de819557bc13
Alexander Borodin,560b5e65-8d53-41b4-9913-83368f4721a0
Richard Strauss,4cb43d82-824e-4034-b03d-1a98f36f6e16
Norodom Sihanouk,255a51de-105f-4d2f-b2e0-4bf29cdf8220
Ian McKellen,d347cdd8-6c14-4102-a635-0a8ef92dca05
Sally Field,dab64926-fbf3-4a87-9ac2-a0c8029a4074
Kevin Spacey,1f7134d9-2c91-4ccd-8ada-ae7b32f896e6
James Cagney,be42eb3b-d984-4619-a3ad-90abcf9ad423
Alexander Borodin,2c3524b4-c4ba-4431-8d54-c134560a7fa9
Radiohead,a74b1b7f-71a5-4011-9441-d0b5e4122711
Phil Collins,401c3991-b76b-499d-8082-9f2df958ef78
Hilary Duff,bfaf9b70-d1fd-4d3e-b730-3e67e6f8f9bb
Brian May,6d24f102-5c43-453a-8664-4ee092f441cf
Jennifer Connelly,cf4badcf-6325-45b8-94b7-f80cb6a7d96a
Nelly Furtado,13655113-cd16-4b43-9dca-cadbbf26ee05
Billie Holiday,d59c4cda-11d9-48db-8bfe-b557ee602aed
Drake,9fff2f8a-21e6-47de-a2b8-7f449929d43f
R. Kelly,c2d25856-a09a-4d15-b404-77dd19c19e63
James Hetfield,68c34082-c1d5-4399-af9b-3921ca0a6a1f
Billie Holiday,a17dd03a-80e6-4280-963a-e25ec9050b6f
Jolin Tsai,3033ce2b-2fb2-408e-8c5a-aea48592d7bc
Modest Petrovich Mussorgsky,c1380b12-3909-47d8-a5fd-d20e76123310
Pink,f4d5cc07-3bc9-4836-9b15-88a08359bc63
Cillian Murphy,59a0c216-6fad-40a7-bf1d-20d4ce4a19ed
Hans Zimmer,e6de1f3b-6484-491c-88dd-6d619f142abc
Avicii,e127363c-1cbb-41de-8e7d-627a2382dfce
Avicii,c85cfd6b-b1e9-4a50-bd55-eb725f04f7d5
Ewan McGregor,adc133fb-279c-4011-af61-d40132d7bb80
Mike Myers,1e50603f-15ba-455b-bd56-50da7b4d433b
Akon,1138a764-2212-4d0a-b02d-0dc14df91e08
Brie Larson,443f4ba1-06d4-4def-9be4-2a3cf8f90a88
Carlos Alazraqui,21c1650e-3838-43f9-b9ad-652c958781ea
Ava Gardner,77c40993-83a7-4b60-878a-3416156e8b01
Jeremy Irons,349ab9cc-3062-430e-9561-d73d0e10e08a
Colette,9ccc1da1-58e2-4f87-a0ed-de17aaab1aec
Roberto Benigni,e6f52968-44ea-49dc-9494-fc1ea2272683
Ian McShane,6c751242-3350-4ee4-b300-4f5be84a09bc
Danny DeVito,6c7e64f5-2b5b-4708-9c56-d0e03cda2579
Duke Ellington,3af06bc4-68ad-4cae-bb7a-7eeeb45e411f
John de Lancie,98b91034-2ca5-42ef-888c-8f25b6461b0b
Peter Ustinov,d1d9b600-8b8e-4cec-932e-c119d2708191
Julio Iglesias,3be4099e-f180-4038-af84-ae18a09eab02
Jared Leto,5ec4fe5f-c89a-47d1-a9b7-58344b401527
Kiss,e1f1e33e-2e4c-4d43-b91b-7064068d3283
Joe Cocker,32f2d6bd-c22b-42cf-a7bc-0c4b48cd2bcb
Diana Ross,60d41417-feda-4734-bbbf-7dcc30e08a83
Montserrat Caballé,a96e61bc-1da0-45d0-816d-ebd00b70ff9d
Rosé,7f233cda-eacb-4235-b681-5f7be343a1a2
Idris Elba,b3c7c6d6-5907-45a8-b589-1ec2572be4fd
Kate Hudson,890e316b-b3c0-4e75-97ce-025545c8be64
Bon Jovi,5dcdb5eb-cb72-4e6e-9e63-b7bace604965
Jerry Lewis,0b696251-6f12-42e1-9302-926581ea5e08
Pete Seeger,af18a9bc-e4ab-4068-9489-b64e8186fcf1
Joshua Bassett,cd3b292f-86bf-4f34-b938-da79242582d9
Richard Burton,1684adc5-882b-42f2-bd26-bd33cefe0640
Ben Kingsley,2ec3fe28-3180-4265-aee4-bc752e1b3846
Bill Murray,2c63ab97-9552-4916-b4d2-c2ac11a2a51e
Elijah Wood,a4910c87-4b63-4f97-b711-da21bc13aedd
Kelly Clarkson,d339efbb-77b9-4147-ba9e-59f2f24550b2
Kristen Bell,ac579536-1398-44db-a37b-9d5963a46929
Gene Kelly,aaff7c7e-5793-4fa7-9a7c-9af3b45e8132
Paul Allen,94250c74-dbb7-440a-bc90-5dc4e380be3a
Dakota Fanning,64c93106-62a9-4861-88d4-85cc06f0cd51
Claudio Monteverdi,9a33a7ad-f725-473a-b50a-1d1796183af1
Debbie Reynolds,d0cd6a06-dc19-4fa8-9664-0d96534ef1db
Adriano Celentano,d2b50525-1111-4906-aab6-4553f035f679
Cardi B,2f3c4d70-0462-40da-bba3-0aec5772c556
Jean Gabin,18ed52aa-e44b-40f8-bd54-92464c35e8e5
Lata Mangeshkar,aeb71bd8-447d-4415-8ea1-2b7d664f67e1
Bill Cosby,0646d80c-7ee1-46e9-a169-2979dee41bc6
Jeff Bridges,bc4e546e-8604-4724-9d6b-bbec6a5b5ff7
Ice Cube,1d11e2a1-4531-4d61-a8c7-7b5c6a608fd2
Colin Firth,c1103860-4a31-4dc8-bcee-f56aafda600a
Lisa Gerrard,cd645207-1664-46af-9953-264e9ae54089
Anthony Quinn,af95d4d6-8d2c-48f5-83fc-8469919825e2
Courtney Love,31d2041c-985d-48f7-b6e2-2a70cdf14853
Goldie Hawn,feff0ea8-2ccb-4971-9833-39a9427e60d4
Kesha,fab34286-b8e1-4879-bce3-194e1358fbd2
Aerosmith,3d2b98e5-556f-4451-a3ff-c50ea18d57cb
Viggo Mortensen,44b3288f-c16f-430d-81dd-545cf3d2963f
Naomi Campbell,e24c9413-49b6-4d4b-9e31-cf07d02a9782
Vanessa Hudgens,9da7ed18-20fa-4279-88c8-94299728236d
Nina Simone,2944824d-4c26-476f-a981-be849081942f
Shaquille O'Neal,074d8126-20b8-47cd-b874-9d8457df7684
Shaquille O'Neal,1e6f48fc-6a0a-4ded-afd0-3bc809812d36
Frank Gehry,cfeebb80-9dd1-4161-b67b-1c084c8b5d19
John Glenn,29130923-f948-475b-bacb-96ee16fb5d3b
John Cale,72c090b6-a68e-4cb9-b330-85278681a714
Richard Simmons,8cb8dc40-cc36-4885-92f7-c512c0b081a0
Pumpuang Duangjan,6b3c73bc-813c-4164-893f-abb477e15ef2
Harry Styles,7eb1ce54-a355-41f9-8d68-e018b096d427
Viktor Tsoi,7da030e4-3b08-4e29-b497-344d809589fd
Dire Straits,614e3804-7d34-41ba-857f-811bad7c2b7a
Conchita Wurst,fd3b212c-b65a-4f33-91de-1458ca1b5648
Glenn Close,512f6db1-63ef-42d1-a234-55bacecfe0c0
Agnetha Fältskog,aebbb417-0d18-4fec-a2e2-ce9663d1fa7e
Jessica Simpson,fe37acd4-893c-4b2c-8ad2-7fd394280354
Alice Cooper,ee58c59f-8e7f-4430-b8ca-236c4d3745ae
Amanda Seyfried,e6d9bb27-4c85-4eb4-93f7-a56d52ca956c
Jamie Foxx,15a5da16-8b89-4047-aefe-81473c97b5b2
Olivia Rodrigo,6925db17-f35e-42f3-a4eb-84ee6bf5d4b0
Hugh Laurie,4b90c344-31bd-48d1-aa58-8e061a8251c9
Conchita Wurst,95f44a54-04d6-41a1-8101-bbd6d833b30a
Alanis Morissette,4bdcee62-4902-4773-8cd1-e252e2e31225
Patrick Swayze,295ab66f-31fe-4530-afb2-3b80613707ea
Bob Hoskins,c7b7a88a-f999-4823-ae8f-8ace096553c4
John Michael Talbot,5d8cd98d-0572-4fe8-8771-84b4eb9bf510
Dima Bilan,8b86576e-1cf5-46c8-970a-a79d13c2e0f0
Bob Hope,48901e22-cc02-4fa0-8c7f-1fe2930dd45e
The Beach Boys,ebfc1398-8d96-47e3-82c3-f782abcdb13d
Jamala,3d264dc4-b1f2-409f-8ab4-3d17d8b42b02
Jack Black,caf8a53e-7f43-4be4-95d6-18d55e1f6e18
Dean Martin,5e6c760b-42e0-4df4-a221-0269355da00a
Jacques Brel,91eda19b-1437-42cd-b7af-69df24b7f275
Betty White,73f3b2a5-98a2-46a9-a6cd-701442f26b08
Ram Narayan,c94a221f-1708-4882-b035-37a1ed3d9cb4
Hande Yener,ebef6120-fbb3-4537-84bc-27902d5760c1
Usher,3414d446-735a-443c-931f-10634f57e5b9
Rita Ora,c9dd033c-0270-463c-b3ec-f4b7712486fe
Gwen Stefani,2e41ae9c-afd2-4f20-8f1e-17281ce9b472
Eartha Kitt,02b4a39e-04c0-4eb7-a0eb-c919f3d14154
Emir Kusturica,ffbcbcb9-b0c1-4692-b2c7-d5452f10c809
Lisa,30aeb57f-bb16-47fa-86ca-79fc57b4d12c
Lucille Ball,939570c2-2083-4898-be1f-1d913781cf6d
Sia,2f548675-008d-4332-876c-108b0c7ab9c5
Michael Keaton,7f52f54b-abb7-4cd8-ae15-44c335be7bc4
Carla Bruni,f90575d1-abcb-42b3-ae32-1849312c26e6
Eagles,f46bd570-5768-462e-b84c-c7c993bbf47e
Sabrina Carpenter,1882fe91-cdd9-49c9-9956-8e06a3810bd4
Lil Wayne,ac9a487a-d9d2-4f27-bb23-0f4686488345
Susan Boyle,eefcf168-6b1b-46ec-9b75-f8a01161abb5
Depeche Mode,8538e728-ca0b-4321-b7e5-cff6565dd4c0
Teresa Teng,5c5cb762-d95e-47af-a7bf-35171eeab8e6
Camila Cabello,01b8b5bf-06cb-45da-85fb-61ada72fcd69
Tom Hiddleston,8e11f677-34e8-443b-a2f1-a70f836958a4
Patrick Stewart,f0f73d2f-409e-4fd9-a8c3-66db13837220
Eric Cantona,2083fe72-7cf0-4428-b717-203deb0e1970
Tyra Banks,9fe02a7c-a907-467b-b055-9d122bae3cef
Jack Lemmon,57fbdc51-48ce-4d4c-a67a-cc19ef69a6aa
Roger Waters,0f50beab-d77d-4f0f-ac26-0b87d3e9b11b
System of a Down,cc0b7089-c08d-4c10-b6b0-873582c17fd6
Ginger Rogers,e08fefdc-a671-4046-90d8-20fd77c3abb0
Marvin Gaye,afdb7919-059d-43c1-b668-ba1d265e7e42
Leonard Nimoy,e26b8637-e255-496d-857a-9633fc3ef91c
Shelley Duvall,5f3aa56e-188b-462e-8342-959f21f7052b
Heidi Klum,93e1e8ed-db71-4f33-a5e0-3e3a18752133
Macaulay Culkin,efe3f931-0fc7-428f-b68e-616c87bbcfd2
Toto Cutugno,5ae40d3f-e429-4baf-9fe9-bcdaa9c81f39
Lou Reed,9d1ebcfe-4c15-4d18-95d3-d919898638a1
Jeanne Moreau,26b42bdb-2521-4fe3-bf5f-3a1b5b710837
Donna Summer,b60527cc-54f3-4bbe-a01b-dcf34c95ae14
Seth MacFarlane,e7d458f6-e006-4d83-ba86-bf7d4d8985b0
William Shatner,a406a684-7c88-442b-836d-3b9b67bbc91d
Siti Nurhaliza,bcf6637d-a789-49c1-b2b2-dc789fb7df02
Lee Min-ho,7925c8d9-0e6d-47db-aae3-f995da2d3965
Jimmy Page,519774a4-3b18-4042-b8c0-927845a616c9
Sofia Rotaru,0ac235b8-26bc-403d-8e0b-b5d8d5a284b2
Taron Egerton,3c17c228-b4f2-485a-9d7c-ada98d9662dd
Nikolai Noskov,dcf844b2-fb03-49f3-a0ae-ce840ca3e802
Jennie,779351de-0da5-4943-928b-495a3c40e8c0
Ellie Goulding,33ca19f4-18c8-4411-98df-ac23890ce9f5
Zayn Malik,985f7e6f-0a7e-4de7-b9ec-a5dac63cb2f7
Plácido Domingo,521df2bd-01f6-456e-9d5f-f081068819c2
Amir Khusrau,b8ee65ce-8592-4b22-9e07-37fe233bdf29
Werner Herzog,7d02a2b4-d509-4722-8670-70e6960f33be
Richard Attenborough,9f75755a-5f41-4e88-8605-5ae252c0416e
Nat King Cole,fbe054ec-a143-4101-9e9e-64abc5ff5ac9
Lena Meyer-Landrut,cb2b9e04-260f-4c64-8456-d73f28258e55
Jon Bon Jovi,5ace9b0c-cc21-4d8f-8e08-a70234439f2a
Loreen,1e234774-8e37-4378-b01d-b7dd6ced769c
Olivia Newton-John,10ccb5d8-f9d5-4954-9441-3419b522a214
Charlie Parker,c7356af9-9ea6-4a78-a55b-c73775716312
Norah Jones,985c709c-7771-4de3-9024-7bda29ebe3f9
Rod Stewart,a35237a0-4f47-40a6-b6f3-1e786db23402
Ana Mena,905d9c0c-0632-4fab-a7b5-7d33b9699907
Stefán Karl Stefánsson,7446820f-98e3-4435-ad1d-8b77ae494fa2
Sophie Marceau,ac0d0968-52c8-4db7-9314-58b061dd65ce
William S. Burroughs,f150ed27-bee7-49d8-a226-31fef88c29b3
John Malkovich,faff2ee7-8561-4f0a-a85d-654a76625173
Paul Auster,aa8f33f2-18c2-4617-be17-ad8231a950b3
Juanes,8b0f05ce-354e-4121-9e0b-8b4732ea844f
Errol Flynn,57b99d39-d30f-4c3a-af44-27b95822f0be
Millie Bobby Brown,c674e2d7-6b73-4d97-85ce-04f0bfdff8b0
Johnny Hallyday,323ed974-8bf6-4f54-9525-b774a659f805
Chris Brown,c234fa42-e6a6-443e-937e-2f4b073538a3
Aaliyah,bc85da58-52d9-457d-ae8d-5d8d4ec870a9
Dave Grohl,4d5f891d-9bce-45ae-ad86-912dd27252fa
Måneskin,3862342a-43c4-4cdb-8250-bfdbfb5e1419
The Prodigy,4a4ee089-93b1-4470-af9a-6ff575d32704
Fergie,1c46e82f-4764-4d82-a33b-5d5aee5e2881
Maroon 5,0ab49580-c84f-44d4-875f-d83760ea2cfe
Kiefer Sutherland,83ba75cd-1786-4503-ab26-fcaca4331a03
Carlos Santana,f7fda030-0ba1-42e9-a385-3deebc939bc9
Kurt Russell,9259679f-34d4-4aa8-88c0-dfc92d154a0a
Dave Grohl,2486bb60-2ccd-4792-bdd4-4c760d610616
Colin Farrell,5637c6d5-c4d0-4512-88ff-01658951f98f
Gustavo Adolfo Bécquer,4dabb23b-e7f8-4b50-a742-c6c2c26d8450
Blake Clark,9fca31a3-f088-464c-9433-182a23faddfb
Patti Smith,d135874d-9cae-4fef-97e3-36acbd9f5a26
Robert Mitchum,e3b7d704-8eff-4498-9e97-964cc3611424
Lily Allen,6e0c7c0e-cba5-4c2c-a652-38f71ef5785d
Anna Kendrick,5c3dffd4-dc80-4331-a98e-101046d6b747
Lacuna Coil,6fea1339-260c-40fe-bb7a-ace5c8438955
Dolores O'Riordan,13c10976-99f1-4cb4-8fbe-56067e91d865
Bella Thorne,53c336fa-358f-4ce5-8681-ab7909922874
The Clash,8f92558c-2baa-4758-8c38-615519e9deda
Kate Bush,4b585938-f271-45e2-b19a-91c634b5e396
John Cage,76325a9d-6c25-4649-96b1-84e9b99d6b4b
Burt Reynolds,8bc1e091-b42a-4a7a-9ffb-d638fe52e2b0
Ruslana Lyzhychko,2079bf75-db95-4b48-b99d-2b6dd92d29e0
Harry Belafonte,49c48b7f-1ff1-4f02-a1aa-ca1254b46ef2
Fred Rogers,f3bf1df2-2632-44b3-be4c-38588f39a108
Fred Rogers,87467525-3724-412d-ad3e-595ecb6a3bfd
Lorde,8e494408-8620-4c6a-82c2-c2ca4a1e4f12
Jintara Poonlarp,039149b4-a354-4378-bac4-f3207368004c
Sid Vicious,637504e3-be95-4005-83ee-3ebb91f9fcf9
Buddy Holly,5260e08d-2a8b-47f0-a88f-77d888b69fe9
Buddy Holly,d352f5dd-3023-4565-a7bb-52396bf8821d
Don Rickles,56859f40-9dd3-43c7-a7cf-863ff9a87e5b
Fernandel,0bce7eda-e55b-4176-aa1f-b8d2ca447a17
Angela Lansbury,12b0c33b-37de-4c56-9041-d27f9466381b
Cyndi Lauper,7bd9e20e-74b9-446a-a2ed-a223f82a36e7
Backstreet Boys,2f569e60-0a1b-4fb9-95a4-3dc1525d1aad
Joni Mitchell,a6de8ef9-b1a1-4756-97aa-481bbb8a4069
Robert Plant,bd53f9a7-8be9-46b0-bf7d-1deea3cb57bc
Slipknot,a466c2a2-6517-42fb-a160-1087c3bafd9f
Vangelis,57fca0e2-f9ad-4ae6-af9d-6a6f50cbcd5f
Jay Leno,5579c8b1-ae02-4983-aeef-aed1f56ca5d6
Chris Martin,98d1ec5a-dd97-4c0b-9c83-7928aac89bca
Vanessa Paradis,46193c80-959a-499d-b42f-f33ba7b9b18e
Syd Barrett,12327d75-47d5-45d9-84c2-3760b9210c17
Rudolf Nureyev,0c7c124e-a107-4fd7-aea7-7a40f5952600
Nikita Mikhalkov,e8971d4d-046f-4625-9945-4aa913f321d8
Dalida,1598ccda-b164-4bff-9821-f9ff5a8587a8
Jim Varney,2a4893c1-8fd5-40d3-8390-4bb7925c2443
Emma Roberts,9e6fe694-b4be-4f2b-85dd-98d33ccb283e
Alan Arkin,8f74b9d5-f0f2-4e4d-857d-a0c4c9bf7b56
William Hurt,ef7f4c1c-fe45-4176-86f0-08862414979e
Dylan Thomas,144f8dd2-f0dd-49df-94ae-d4062c64afc5
Nikita Mikhalkov,a2fa2c94-29e9-4e50-ac23-f20b30e7e8f4
Shania Twain,faabb55d-3c9e-4c23-8779-732ac2ee2c0d
The Cure,69ee3720-a7cb-4402-b48d-a02c366f2bcf
Lenny Kravitz,0ef3f425-9bd2-4216-9dd2-219d2fe90f1f
Kenny Rogers,c3d14b41-a48d-488f-bfed-ce0597bb0b1f
Iggy Pop,f37b3f31-b1f8-4b88-8cb5-b34f709b17d7
Nick Jonas,943e3724-27e7-4e23-9b1c-cc5d46b5bcc7
Black Eyed Peas,d5be5333-4171-427e-8e12-732087c6b78e
Ramones,d6ed7887-a401-47a8-893c-34b967444d26
Bee Gees,bf0f7e29-dfe1-416c-b5c6-f9ebc19ea810
Peter Gabriel,8e66ea2b-b57b-47d9-8df0-df4630aeb8e5
Bud Spencer,bc013c43-e442-4e06-a9fb-30991954d66d
Nicole Scherzinger,0f7534a6-dc5f-46ca-a2e0-13d214cdd52b
Ronnie James Dio,fc4953aa-6bf4-4f1f-8e47-5ac79ca428e2
Lars Ulrich,e2190b35-1181-44f6-8587-4c04123a6f30
George Takei,58d32fe7-5af7-4c37-b3c1-e14c98b35667
Cesária Évora,ceafdf2f-bc18-4b99-8c71-d1834b0065c3
Vanessa Redgrave,6309e0cb-cab0-458a-b319-b8692d017fc3
Shawn Mendes,b7d92248-97e3-4450-8057-6fe06738f735
Yul Brynner,7a25c6af-0ff3-4e2a-81aa-795191a1fe86
Hailee Steinfeld,373f5bcf-f1ce-4515-83ed-0b8ed636bc14
Korn,ac865b2e-bba8-4f5a-8756-dd40d5e39f46
Neil Patrick Harris,587fbf06-1cc0-4ae6-91ef-afe832385b13
Gloria Estefan,becd8cc6-a453-4183-af88-dedaaec859a6
Laura Pausini,472b9953-1f10-4aed-b1ec-d0c23ffb2cf1
Alexander Rybak,1e69316c-14fa-42ba-88f2-06f6743632f7
Adam Levine,a1421d73-1a21-484b-97ad-77c9a5676daf
Wesley Snipes,24f3b408-214d-47f1-b5b0-6378a4ba53d4
Gloria Estefan,510ae972-1d88-4327-880d-766c337b34d9
Audrey Tautou,62e40669-090e-44b4-9ca1-01a07f0f8a85
Michael Ende,21442134-2f58-41ed-aa6d-70a250c44c54
Raquel Welch,6869e8ac-256e-4b6f-b02b-35e15497391b
The Weeknd,c8b03190-306c-4120-bb0b-6f2ebfc06ea9
Nine Inch Nails,b7ffd2af-418f-4be2-bdd1-22f8b48613da
Miranda Cosgrove,75285014-bdd1-4ca2-81c9-c6c642bfdec7
Nana Mouskouri,09b8609a-ca39-4f34-a2f6-5b81afc2c32d
Yves Montand,edd6a7c3-d174-4e5b-9134-0f0cc6e2b0a5
Blink-182,0743b15a-3c32-48c8-ad58-cb325350befa
Joe Pesci,7fc788d1-4ec4-4b83-87f2-c420dc3da03e
Irving Berlin,5e645519-a175-4fe0-9a9b-eb9dc9f506b5
Ashley Tisdale,1fa14a96-c25c-4bb7-b94d-ff453519eab3
Billie Joe Armstrong,5d06fe54-485a-4a07-b506-5f6f719448cb
James Blunt,ebee61b4-bbdd-4087-9bcb-d5aa099088ec
Eros Ramazzotti,3ab7295a-54ac-40e8-b1b2-3d110a143550
Mia Farrow,04bac187-160c-4b72-9ba1-cd6fd07ca6be
Bette Midler,ed333e8b-d18a-49fc-b361-4ec9731dfdba
Maggie Gyllenhaal,ce2ef67a-1c9b-4536-882c-1e49b250afa8
Erich Kästner,f0cfe0f7-5cd4-4d05-b288-009fb2f342d3
Alexander Dugin,6e4754b7-2243-43d2-b93e-558540f3450e
Jean-Michel Jarre,86e2e2ad-6d1b-44fd-9463-b6683718a1cc
Lionel Richie,3cb25fb2-5547-4b05-adec-1a5e37830d46
My Chemical Romance,394039c7-2b58-47c1-b4fb-9580aa8846f7
The Notorious B.I.G.,d5d97b2b-b83b-4976-814a-056d9076c8c3
Jennifer Love Hewitt,2374ec6f-229c-47a8-9853-5efe3c47f5ca
The Killers,95e1ead9-4d31-4808-a7ac-32c3614c116b
Bruce Dickinson,50698127-f6f4-4c0c-8010-db98c21100e1
Mickey Rooney,d4087c75-0bed-4882-8c16-50d9fcdc19e1
Jennifer Hudson,95b5d5b5-46c4-4c3e-89d5-ffe9236427ac
Taylor Momsen,d1ecf86c-3d89-420e-b8c1-bceb6b101c61
My Chemical Romance,c07f0676-9143-4217-8a9f-4c26bd636f13
Brittany Murphy,bc94b8a5-979c-4e79-9e97-7b7c2d3d14ee
Måns Zelmerlöw,9a21832f-5104-42fa-b881-17a1ca66bfdb
Daft Punk,056e4f3e-d505-4dad-8ec1-d04f521cbb56
Arctic Monkeys,ada7a83c-e3e1-40f1-93f9-3e73dbc9298a
AKB48,be547bca-8718-4762-bf1b-34a3bdb4938f
Jean-Philippe Rameau,b29a3b55-785c-4072-9daf-0153cac864b6
Michelle Williams,aa440de8-500e-43a1-b601-a9733fd1bcb5
Paul Simon,05517043-ff78-4988-9c22-88c68588ebb9
Paul Simon,82f75e30-e211-41a1-9b2b-f083b9dd3ba3
Kenneth Branagh,e8717aca-a773-4f95-a107-10df48e27d43
Boris Vian,831094a1-8295-459d-bc64-ed25e6cc1192
Jonas Brothers,6e019bc6-5c23-4935-94f0-4a896631d846
Kevin Bacon,cc0dbdfc-9b2c-4e31-8448-808412388406
Joy Division,9a58fda3-f4ed-4080-a3a5-f457aac9fcdd
Annie Lennox,3e30aebd-0557-4cfd-8fb9-3945afa5d72b
Sissy Spacek,384c85ed-8c8a-47fe-8d3a-a2b749213b18
Richard Harris,9a976838-8e77-4065-bdbb-748d17ad773b
Lemmy,e3ea6186-7523-48de-8437-bac91bc47829
Carey Mulligan,c619e3e6-233e-4486-a6c0-31fc755c3e35
Arvo Pärt,ae0b2424-d4c5-4c54-82ac-fe3be5453270
Liu Yifei,cf8ba773-018b-445f-8197-e2b627bf9341
Roger Taylor,558302b1-07ae-4be1-9edb-2a2b1f036313
France Gall,385966f0-b912-4755-bad6-4780ebf3f4cd
Wiz Khalifa,f5dfa020-ad69-41cd-b3d4-fd7af0414e94
Jean-Baptiste Lully,7f9989b0-8f5e-41dd-bbab-1fff052609e3
Anna Nicole Smith,3934c486-629e-4ae8-b907-0603e4a1fd29
Joy Division,bb4adc50-5455-45c1-8600-6fb22e202f83
Liu Yifei,ec7da656-4f08-45f8-853c-e14465f07065
Romy Schneider,66eb5e00-7d55-4765-a020-307dc08049b5
Calvin Harris,8dd98bdc-80ec-4e93-8509-2f46bafc09a7
Tokio Hotel,462a85b4-83ac-4164-86b3-e5ac6a7ec040
Liam Payne,93ae8651-24ee-406c-b927-eb7cd773ae38
IU,b9545342-1e6d-4dae-84ac-013374ad8d7c
Charli XCX,260b6184-8828-48eb-945c-bc4cb6fc34ca
Hank Williams,906bddec-bc73-49f8-ac1e-eaee691c6cf9
Sean Combs,cabb4fcf-4067-4ba5-908d-76ee66fcf0c6
Amy Lee,7ee89158-3446-4044-bb88-0dcc4d4cd6c0
Jayne Mansfield,7618b86b-25a1-4942-9282-fb43aedde2ce
Arturo Toscanini,da96be23-ef88-420e-8173-3efb7fd995cc
Zhang Ziyi,d8bf201e-204f-481f-bc2c-748a22f3f1aa
Hank Williams,b7ed0afa-d5c1-4afd-9955-13db85e26027
Kate Moss,c68e3e4a-3631-48b8-9f2b-847c1eec1435
Jungkook,23c8056b-ee13-4cfc-a772-2f5292e35bb5
Jesse Eisenberg,e93f6016-2423-4c7e-9b5d-49b4b7b91ce9
Jenny Slate,9a40203e-1c26-42e0-8dfa-9f9abdc49411
Calvin Harris,60b66752-b8ca-4f48-bfd6-b997449c020b
Calvin Harris,856afd24-cf75-43c3-99cf-886f96eda192
Calvin Harris,e31b0eec-56d9-471c-9580-baad37c7cb32
Billy Joel,64b94289-9474-4d43-8c93-918ccc1920d1
Alyssa Milano,fdcc6897-5c84-45db-b966-7f46ec4317ae
Jisoo,f906154a-7011-49c3-8f6a-44ca83311b08
Andrew Lloyd Webber,980ee2d8-2ee9-407b-b48e-48360fbc7437
Sum 41,f2eef649-a6d5-4114-afba-e50ab26254d2
Rage Against the Machine,3798b104-01cb-484c-a3b0-56adc6399b80
Sam Smith,5a85c140-dcf9-4dd2-b2c8-aff0471549f3
Anni-Frid Lyngstad,042c35d3-0756-4804-b2c2-be57a683efa2
EXO,b3785a55-2cf6-497d-b8e3-cfa21a36f997
José Carreras,7716ddac-2f24-44fa-81b1-bfa920811445
Doda,87452e5d-d526-4637-9f23-133faeb22508
Leopold Mozart,45993ba5-2083-4011-8d76-9497067bd092
Axl Rose,db4da9ba-c52b-4df9-876f-7c6db3582256
Maurice Chevalier,e0371cd0-a5f8-420e-be17-bd980adc7393
Victoria Justice,4ce94c22-acbc-4535-a0e4-b8a8d002887e
Prince Albert of Saxe-Coburg and Gotha,12fc27d5-f46d-4c95-b17f-5c81303a13b6
Matthew Broderick,ee4d1bf0-876d-480f-92d0-6c07df904b98
Nina Badrić,b9fc4166-4794-489b-ae00-a0d100cb2cc7
Adolphe Sax,eb5859cf-017e-486a-86e7-eeb66b26623e
Ruggero Leoncavallo,9bfbcb17-bd72-444e-be7d-0129b6389ca1
Lucy Lawless,d4299e4e-be8a-4034-9947-35accdd61cd6
Moby,8970d868-0723-483b-a75b-51088913d3d4
Moby,8abdbc82-b5f0-4bd8-9c06-9c3393c9f99f
Sarah Michelle Gellar,20b4810d-b28b-43b0-84d8-044036221b9f
Mike Shinoda,c262b6bf-be56-4b26-bceb-42d7a27342f3
Angela Bassett,8f7e3334-c502-4cc3-b4d1-64f693e3cd3b
Lee Marvin,b74b7690-082b-49d8-882f-330f3b36b613
Prince Albert of Saxe-Coburg and Gotha,b9a6775c-0e55-41f4-89b9-d2d4c69eb59f
Dream Theater,28503ab7-8bf2-4666-a7bd-2644bfc7cb1d
Stromae,ab2528d9-719f-4261-8098-21849222a0f2
Mireille Mathieu,0c321fba-7d1d-4d48-b99a-1e4811970d26
Thom Yorke,8ed2e0b3-aa4c-4e13-bec3-dc7393ed4d6b
XXXTentacion,61af87f4-16ee-4431-8504-cc06187079fb
Fleetwood Mac,bd13909f-1c29-4c27-a874-d4aaf27c5b1a
Fan Bingbing,19e62fde-cab5-4d3f-a9f7-522893e14b28
Emmelie de Forest,7d397268-6447-458f-8da5-a89aa4f451b8
Jessie J,d24fb461-dee8-41fc-bb15-2f13bb2644a6
Tom Waits,c3aeb863-7b26-4388-94e8-5a240f2be21b
Little Richard,95c2339b-8277-49a6-9aaf-08d8eeeaa0be
Hayley Williams,b4b5b5a7-feff-47d0-9458-83d0d135a692
James Horner,679ec43c-bc04-4bb0-b619-2da702a214ba
A. R. Rahman,e0bba708-bdd3-478d-84ea-c706413bedab
Billy Connolly,7ffdf6af-0b1a-4ace-a067-970f0a611d93
Salvador Sobral,ad226273-7870-47d6-a8d0-903ddba3853d
Thalía,ae33ce8d-f41a-4f6b-b9c6-7859acbd04ef
Tarkan,4ec2451d-ed0c-4273-b683-4c1312df25fd
Kevin Kline,19e7bca7-1328-4b55-b7b2-40d979c58a46
Kara,3313f634-1405-481c-ada7-aef1980ac961
J. K. Simmons,49e8dc03-017d-4c5f-9e3d-5df03fe4676b
Mira Sorvino,2b05a059-6e34-4133-9643-64a25951ee8d
Reza Pahlavi,048c6b12-940f-4bfa-8ac6-087e6d9c6bf7
Chris Rock,172805a7-6f84-4bb3-8b3b-6dc5bc33b103
Dizzy Gillespie,e9ba8ccb-505f-4e5c-b909-65998d0d35b5
XXXTentacion,c5bf84c9-63ba-408c-911e-336e6007a190
Limp Bizkit,8f9d6bb2-dba4-4cca-9967-cc02b9f4820c
Genesis,8e3fcd7d-bda1-4ca0-b987-b8528d2ee74e
Tracy Chapman,1129817c-488a-4096-80c1-77fc1b107c93
Jerry Lee Lewis,b59ac58d-036e-4bba-8112-c32a34c4575b
Roy Orbison,0bbbc496-c7b5-4b3f-bb6d-bd312827d6e5
Tom Jones,57c6f649-6cde-48a7-8114-2a200247601a
Alice in Chains,4bd95eea-b9f6-4d70-a36c-cfea77431553
Iggy Azalea,3a052c99-8c18-484a-8beb-9873b4fb3106
Clannad,d45641da-371c-430e-8907-6086590ab282
Steven Tyler,7d3f7aed-fb9c-4e80-b198-64cd6ae31cb8
Anthony Perkins,f1f804da-7d94-4f92-bb1d-ff65d3d5edeb
Michael Palin,0df4a9ac-c8d3-445b-9a82-993a9a4c269a
Ashley Judd,345ed22f-6949-4963-89e4-2a4eef94626f
Olivier Messiaen,c6e5c5f4-984e-432a-87b8-b6afa288bca1
Dave Mustaine,2f58d07c-4ed6-4f29-8b10-95266e16fe1b
Elisabeth Shue,752a2b25-4273-42e0-b2dd-e4e5d924518e
Tony Bennett,8be0594f-8c13-46bb-ab06-f93ffba5c776
Penny Marshall,5c97339d-8b0d-4fd2-ada5-073b9201e433
Duncan Laurence,20faff08-d3b7-45ca-a8aa-a85f6bb9eb78
Zara Larsson,134e6410-6954-45d1-bd4a-0f2d2ad5471d
Frederik IX of Denmark,a14567d1-0742-47d5-bf2e-746a199555c9
Andrea del Verrocchio,e0ef7926-563b-4706-ba2b-8c7000ac8919
Andie MacDowell,da42e263-56ae-49ed-8ac4-1f20852aaf67
Mahershala Ali,2cb749e6-e9f9-4d17-b038-e7fad6205bb2
Alberto Sordi,7988fd77-3404-4dc2-99b8-96839afdc7f1
Kevin Hart,45c44cc4-71c7-4c6f-aae3-3a59036f8d49
Danny Jacobs,253da2bf-82a6-4b7b-8d77-e20fc6e5be53
David Ogden Stiers,76dcd676-73e0-412e-b6f4-b327252be364
Brian Eno,ff95eb47-41c4-4f7f-a104-cdc30f02e872
Albert Finney,58ac2f0e-84c4-4eda-b4f9-5eff41386b16
Bleona,f1ccc877-9b1b-4e11-9fbc-7c89f819cb25
Philipp Kirkorov,3e6ed59b-2a9d-4957-92f5-e2fd453f8e1b
OneRepublic,c33c2065-b1c3-4406-b066-d33a9e2ea71a
Boney M.,5403bf6e-bc1d-4e62-b31f-926a2bf66a14
Demis Roussos,b3fa1a75-d947-4f32-9f5d-dc72d7438afa
Kris Kristofferson,cb1ca13a-4821-4e66-aff0-0fd6b3dc9a81
John Lithgow,e5ca609e-a018-4d8f-b30a-db5cd88b2099
Daisy Ridley,056cd688-1e19-4114-941d-b6ab3d543adf
Andy Garcia,28bf3659-738f-424e-a557-76e4e6f6161b
Willie Nelson,668fd73c-bf54-4310-a139-305517f05311
Billy Bob Thornton,c1d37cef-5a55-4f9d-8399-93679dd111eb
Tom Felton,feea1ee5-d9b4-4690-a08b-2604018a8d13
Tori Amos,c0b2500e-0cef-4130-869d-732b23ed9df5
Etta James,e22d2f66-881e-41ca-9356-544697ee5f90
John Denver,34e10b51-b5c6-4bc1-b70e-f05f141eda1e
Claudio Abbado,39e84597-3e0f-4ccc-89d2-6ee1dd6fb050
Glenn Miller,7b353d3c-2bd9-40e3-a21d-b7da3f941339
Angelique Kidjo,80fe34d0-6b4f-4ccd-81c3-281ab37f0451
Avenged Sevenfold,24e1b53c-3085-4581-8472-0b0088d2508c
Jane Birkin,e4f92153-dd32-4c81-98bd-e0ad9a1b9672
Ricky Gervais,99970f34-8786-49b4-bc65-d3056872df1c
Tori Amos,bb67fd87-5924-4bc8-936f-29bc18ddb3cc
Steve Harvey,8e29a5ec-3d3d-4039-93ca-7aa9e50466ee
Thích Nhất Hạnh,cc17b2f1-da45-412d-8e57-8d1a83d6d342
The Pussycat Dolls,1fda852b-92e9-4562-82fa-c52820a77b23
Varg Vikernes,98f99ce2-245f-4c6f-8aa9-02914c86039e
Carlos Mencia,1edf842e-ea3f-44e5-adca-47dcce6f5152
Sade Adu,3c6a1239-9858-4ec6-8bf2-208fd2659c68
Steve Martin,0da08c43-c04c-4016-968d-b9d3eb9b7751
The Kinks,17b53d9f-5c63-4a09-a593-dde4608e0db9
Doja Cat,5df62a88-cac9-490a-b62c-c7c88f4020f4
The White Stripes,11ae9fbb-f3d7-4a47-936f-4c0a04d3b3b5
Charlotte Gainsbourg,6efa29c6-9995-48e0-9eaf-3809464a39a7
Dixie Carter,20c0b269-d8de-4abf-801f-89dfecf95a0d
Paula Abdul,275d1fca-22e8-46b9-85e6-c3523098a599
Alizée,a344d1d3-bc5e-4a59-95f1-814999d009ac
Tim Curry,33ce4a70-005d-4563-bb6e-2d253fab9842
Karlheinz Stockhausen,fd09d776-ddfd-4558-afe7-814420d704ed
Serj Tankian,e471b63c-c3b5-4f62-a971-cd0b2273838f
Birgit Sarrap,9dd59ec8-909c-42d3-8c36-352ad1b6727d
Natalie Imbruglia,60530915-9371-4b16-bc31-5c4456317ae0
Brian Wilson,634fe78e-fc6b-4b2a-ba83-c8c66e13a8aa
Pantera,541f16f5-ad7a-428e-af89-9fa1b16d3c9c
BigBang,ec2bcb77-b9a1-49e2-bfe7-419586bbef48
Scott Joplin,aec8a328-d2e8-4780-b2ea-318c7f8d6f75
Antônio Carlos Jobim,7a8dbe84-f4c0-4457-bfa3-edced1f8cde0
Julie Delpy,79ffc5b8-4296-49dd-b753-4db48dbda48d
David Hasselhoff,87d50f99-335e-40f4-ae09-5815fe98c4f4
Bonnie Tyler,0aa8294b-6332-4b65-b677-e3a1f8591d3b
Kelsey Grammer,10048cb0-3961-407d-8588-50fd75a01799
Jim Jarmusch,f5e020a5-eda9-4bce-bf98-dee60351a0ec
Varg Vikernes,710d3347-8bbf-4f48-bcda-19a9e33601a8
Shannen Doherty,028e154f-c1b0-42fc-9ac0-bc06fb507a1d
Florence Pugh,dec39aa0-f9f5-4853-86fa-a5239362a325
Zemfira,7f5c2724-07d4-4bb8-856c-5e2928f77d9e
Zemfira,cec59910-2d12-46ec-8e39-85ca06acb0ed
Yuri Nikulin,618e1315-12a8-4a1f-a774-1dea8375ccbe
Woody Guthrie,cbd827e1-4e38-427e-a436-642683433732
Klaus Kinski,7f4a4886-a78c-417c-b321-0c5f091a0c26
Kraftwerk,5700dcd4-c139-4f31-aa3e-6382b9af9032
Roxette,d3b2711f-2baa-441a-be95-14945ca7e6ea
Les Paul,f671ebd2-917d-466f-b7bc-07c60e4d8990
Creedence Clearwater Revival,109958eb-a335-4c5e-907e-597ff4c6af46
Benny Andersson,2f031686-3f01-4f33-a4fc-fb3944532efa
Dido,d1353a0c-26fb-4318-a116-defde9c7c9ad
Pierre Boulez,3bce590b-479f-42ca-b9e0-82883e0db9a2
Debby Ryan,d6c8b5ff-9e25-40f0-9d8e-bd637efff604
Blondie,4d2956d1-a3f7-44bb-9a41-67563e1a0c94
Hayden Panettiere,080e1819-5904-447a-869e-b0b2ef437c16
Nina Hagen,e4d32f51-bc57-42a4-8165-b80f7a86496d
Michael Bublé,611700cf-27f0-4dc9-ae80-c513a767853e
Billy Crystal,10e9ef27-948e-40e1-970d-ae87197a0e6f
Netta Barzilai,6806600b-f824-4874-b574-f7b9a3e6cd3d
Hattie McDaniel,037b0471-652d-4dc2-a464-a5051d5e1e29
Blur,ba853904-ae25-4ebb-89d6-c44cfbd71bd2
Lynyrd Skynyrd,c544ed4d-2390-4442-a83e-1ea2883b09c8
Eddie Van Halen,2a66baa5-9832-4fbc-8365-c9f607a89e47
Lara Fabian,7a1daf7f-b972-4808-bc03-2e1e3a79dce0
Reba McEntire,3ec17e85-9284-4f4c-8831-4e56c2354cdb
Martin Garrix,3e1f2ee4-16be-4406-bf18-6173840cf2b1
Redfoo,92781466-f1a9-4ffc-9143-d65a2c77fd64
Anthony Kiedis,8df62446-21d3-4449-8901-9e2914362639
Martin Garrix,4f83eccf-984c-43ff-ab62-f7d9f5012dc0
Julie Kavner,2afc07db-7c50-42e5-8245-65054b04be05
Erica Jong,a5155e24-4ea3-4056-90f3-448ceca29876
Walther von der Vogelweide,e4d54dd5-9eae-49d8-9a53-b5cbff13a9e5
Franz Werfel,a9e7bff1-706f-44a9-9d6e-68e75f37f2ee
Sigur Rós,f6f2326f-6b25-4170-b89d-e235b25508e8
Pharrell Williams,149f91ef-1287-46da-9a8e-87fee02f1471
Imagine Dragons,012151a8-0f9a-44c9-997f-ebd68b5389f9
Morrissey,013fa897-86db-41d3-8e9f-386c8a34f4e6
Till Lindemann,f71f8e0d-c109-4a50-9826-2559981d915e
Sepultura,1d93c839-22e7-4f76-ad84-d27039efc048
Van Halen,b665b768-0d83-4363-950c-31ed39317c15
Yes,c1d4f2ba-cf39-460c-9528-6b827d3417a1
Maurice Jarre,05d4d95c-8803-450f-80c2-7ea606e6f78b
Mandy Moore,9dc9f4b0-a7b4-43c5-8f6b-fcd43c426a4b
Ava Max,add5f522-25df-41c4-815e-0ca9f60b83e4
Chow Yun-fat,a4bcdd37-3a1d-4624-ba35-f749f883ddce
Chris Cornell,cbf9738d-8f81-4a92-bc64-ede09341652d
Gary Moore,a8806b5c-3ee0-4277-94d3-1a5427a7707c
Twenty One Pilots,a6c6897a-7415-4f8d-b5a5-3a5e05f3be67
Noel Gallagher,6493ed80-8b44-49fa-91de-e7b0a0b57d6d
River Phoenix,4138674f-79fc-4ff1-96d1-80d7fb75c825
Jeff Beck,14a4bc78-1c2d-4ca7-8d1b-9b58076a2a17
Cara Delevingne,abc8ba85-0a27-4eaa-9813-19414a454c54
Kino,064db6e8-fdfb-4acb-a327-fc2de75b37de
Franz Ferdinand,aa7a2827-f74b-473c-bd79-03d065835cf7
Chuck McCann,74aabeb0-4ddb-48a9-a668-47b2a7b0c7fd
Nancy Ajram,c5fb9677-b013-4cd7-b89b-bb6e73ad851b
V,83096042-3785-481e-8843-dee69f1aad12
Jo Nesbø,b4c690d5-9854-4bee-91c4-cee9098e808d
Chris Rea,c707b37e-cb5c-4694-be4d-46beefcb2475
Amy Macdonald,6aa40207-fec8-43a7-991d-b872a42def05
Carmen Electra,26ec2015-615d-4e6c-97e9-afadfc286f42
Mayhem,c5f9e699-7b0d-4030-86dd-7acc8250d147
Pitbull,d262ea27-3ffe-40f7-b922-85c42d625e67
Fermín IV,8837e79f-d137-4405-ad00-197e3e340bd4
Françoise Hardy,d2a79d20-1304-47fd-a998-b4fe1ec78373
Björn Ulvaeus,ffb77292-9712-4d03-94aa-bdb1d4771d38
Carly Rae Jepsen,09887aa7-226e-4ecc-9a0c-02d2ae5777e1
Gloria Gaynor,d5c51c36-ac67-4727-91ed-ee9f0df81a2d
Thelonious Monk,8e8c7417-c905-46b1-b42a-5260b4274ed4
Alexander Griboyedov,6b5b3ad7-ce1f-49f4-91d7-4072bdaacdb6
Gabriel Marcel,b2779329-1cd7-4f06-8240-5ed02f15cd9e
Gene Roddenberry,4c113d66-6330-4809-aeb8-e761fcab4589
Rajinikanth,16d2d214-139d-4727-a423-d97c2f8cad5c
John Mayer,144ef525-85e9-40c3-8335-02c32d0861f3
Melina Mercouri,bdb70d5d-ded0-4b06-a9d3-8b9e9d0f932d
Nusrat Fateh Ali Khan,5968383c-11c1-4c5b-ada0-504a38cec8e7
Children of Bodom,f57e14e4-b030-467c-b202-539453f504ec
Sheryl Crow,80ccfede-c258-4575-a7ad-c982e9932e0f
Post Malone,b1e26560-60e5-4236-bbdb-9aa5a8d5ee19
Jada Pinkett Smith,91f52cce-8af9-477e-907b-3535d9e9fe24
Victoria Abril,8e679c74-7a66-464a-9151-ef4b5029e684
Polina Gagarina,c66eb98b-82e4-402a-ab34-8be3c9aece2b
Meat Loaf,b134d1bf-c7c7-4427-93ac-9fdbc2b59ef1
Lys Assia,6227e709-dad6-4045-932e-a4939911053e
Dan Aykroyd,295ef8d6-ab0d-48a7-90a5-d264dde5f92c
Jefferson Airplane,39c2a93d-9afa-4a22-9bba-c087ab056e1c
Clive Dunn,2c2ff2ab-47e1-4e65-bc74-cf3fc3589889
Anton Webern,7be0b588-030c-4904-836f-71ff43a2dfec
John Deacon,a0b77a10-ecff-4b84-b1f3-008391038d67
Lucy Hale,55489cf2-1d70-420f-a364-44b4e0eb276c
Kaliopi,2d999b5f-fbb0-4ca7-bb0d-9f534c43ca41
The Offspring,23a03e33-a603-404e-bcbf-2c00159d7067
Sanna Nielsen,cc253e41-2b61-4853-aea2-cf5633645205
Mika,8a9ac1cb-faae-434e-8d60-b139a3707dfc
Charlotte Perrelli,41e707cf-bfcc-46e6-bada-6b62167c7561
John Lydon,1b389bc0-68d2-4e2e-af22-6be1075b907d
Europe,ccfe7a3c-1a45-4984-a8d0-644549cefe61
Carrie Underwood,70f0e309-5418-49b6-a130-666e2f76eecd
Mylène Farmer,18b23026-ed29-445a-9bb4-4e86598ab5a9
Oscar Isaac,f5f3305f-22ea-45d5-a15e-0fbfedc08ccd
Burzum,49cd96a6-42c3-44f6-ba2a-cd9301046b96
Ayumi Hamasaki,2b615bcf-baa0-4657-b9a5-1a5f34c386c4
James Marsden,4eed4f35-ac86-405f-8a8b-9a3ee80b12ab
Carlos Gardel,bb54817c-6829-4ccc-bc58-030abb85c583
Gustav Holst,3ba68671-e3b5-4263-81dc-76b16b29bbc6
Neil Diamond,a42d3fd5-55de-4206-86c3-4fbb5404018f
Marija Šerifović,e65269b6-f260-4756-b760-6f0ce938e7de
P. Ramlee,6b2f4412-a43f-4d3c-9ed2-43f6d4f153d0
Dan Aykroyd,90f5ec24-5d00-40f4-895f-43083bded2cd
Carla Gugino,6ca8eb2b-d0b1-4e24-a809-c596c41e7bfa
Guy Pearce,54476108-8ebb-4101-ac4a-4531dc5159b2
Michelle Trachtenberg,def6a987-48a9-45dc-a429-a405f4d5c4dc
Rita Moreno,fb0df491-defa-4468-8818-dd4e0c208fdd
Herbie Hancock,27613b78-1b9d-4ec3-9db5-fa0743465fdd
Sertab Erener,d138302b-4f57-4d1d-83e3-47f95cb51774
Goran Bregović,883ece23-2779-4091-b527-62eb07ee79d4
Tool,66fc5bf8-daa4-4241-b378-9bc9077939d2
Linda Ronstadt,498f2581-be21-4eef-8756-fbb89d79b1c0
Saint Cecilia,5159bca1-dccc-4a88-a9ce-df8879ca82e5
John Barry,661e20c8-3d82-4da2-94a2-97d9e11691c0
Sonic Youth,5cbef01b-cc35-4f52-af7b-d0df0c4f61b9
Naomi Scott,65fc5739-3562-46a0-8b69-1d1f64941a8b
Def Leppard,7249b899-8db8-43e7-9e6e-22f1e736024e
Louis Tomlinson,6d390061-b3cd-4db3-b905-e56b7f5357fd
Juliette Lewis,607dec4a-3efc-44ae-ba52-6d5cabcdd1cc
Jane Russell,9fa1c35f-8c88-4e8a-a8d7-7fa461b65d5e
Feodor Chaliapin,0ffcc552-fc9d-4b79-a6d5-b78912a7cdfb
Danny Elfman,5b24fbab-c58f-4c37-a59d-ab232e2d98c4
Destiny's Child,a796b92e-c137-4895-9c89-10f900617a4f
Glynis Johns,35b4d9cc-918a-4496-9b9b-52fac536fbec
Gorillaz,e21857d5-3256-4547-afb3-4b6ded592596
Mark Knopfler,e49f69da-17d5-4c5c-bac0-dadcb0e588f5
Fats Domino,e787de5d-49e2-4b1f-9bde-1fd3a671b971
Adam Lambert,e942594a-91cc-427a-8beb-6815c28e9254
Dave Brubeck,de0222a6-e1c4-403d-8b01-3f66d505061b
Jon Lord,6bf692e0-baac-4428-94c3-423d52508cf0
Paul Anka,420c6768-0885-415a-bb59-d6a275121125
Celia Cruz,7b8e1188-9ca4-4aa5-8393-172de6fa04de
Muddy Waters,f86f1f07-d182-45ce-ae93-ef610880ca72
Domenico Modugno,b8e60837-e646-4f18-8f92-27d1173511b0
Stevie Ray Vaughan,f5426431-f490-4678-ad44-a75c71097bb4
Gus Van Sant,c41bf429-3f3d-4d5c-95c6-a3afb6831146
Kang Seul-gi,ff415d62-f29d-4949-8b36-1dfde54e3737
Alban Berg,f61c909a-db95-4a61-bc23-65a86e0d2907
Maureen O'Hara,db23909e-7c44-4232-b8fc-a2261cf16a33
Yann Martel,9fe3d2f8-4a95-4249-8049-6f26cdbcf14f
Joan Collins,78a88e05-623f-4e4b-9ff2-e55a3b5effbc
Wolfram von Eschenbach,8c88281a-ea8d-430d-9c79-bd2ef80afcac
Brenda Song,a5375dac-6ec1-4d18-b66f-72969ae4534e
Jimin,d2582c77-6b0f-4b2f-802f-8f3cad1a5fec
Juan Rulfo,a518872e-c078-40ce-8dba-444ef83e6c71
Paul Giamatti,3d5203a9-ebd1-4a34-a83e-779440c2731e
Imelda Staunton,ddf3af4f-17b3-4a0b-8e3c-dbda6861b393
Mandy Patinkin,a118423d-5b0d-4d9c-84a2-438fc7e40181
Robert Rodriguez,d3883e2f-691d-48eb-92a6-770c1dcd98d9
Lara Flynn Boyle,e9b1396e-d251-4c44-b93c-bd49cab6fc55
Sonakshi Sinha,4643263f-ebe7-449e-abc2-30661ece822b
Cyd Charisse,4044aa5e-d57b-46a7-9a5b-be8da012a249
Sadie Sink,989cdc5b-303f-4ffb-b26b-74e05f6b55b0
Mary Elizabeth Winstead,c9f4afa0-2ac3-4e28-96b5-c203b681e890
Dannii Minogue,4cab12f3-af12-4a55-ade2-606bd9524425
Dianna Agron,396dbe85-f6fb-47f4-88a0-417e2b0b705e
Víctor Jara,b7e6a7fb-1d38-4ad8-bd97-c125ad4421ab
L. Ron Hubbard,8caff84c-ab05-466f-b607-c7d304b7360b
Nick Cave,4aae17a7-9f0c-487b-b60e-f8eafb410b1d
Charlie Puth,525f1f1c-03f0-4bc8-8dfd-e7521f87631b
Kelly Rowland,31bea673-d23a-4889-8da1-7cb040863268
Bebe Rexha,db8fad3a-e131-47a1-8782-c2ee93708cdd
Krist Novoselic,ac05e29f-0561-4445-bb26-5562d2389531
Isaac Hayes,a2361c7d-ddb6-41c1-a9a0-be09fbbb8d21
Judy Holliday,371c89f6-be93-491c-b0e2-c8a85de7240e
Jean-Michel Basquiat,e36ae661-a6c7-426e-90e6-231f1e4868f6
Skrillex,ae002c5d-aac6-490b-a39a-30aa9e2edf2b
Tarja Turunen,1fd8c24b-eaf3-4ee2-9931-b8130099d789
Jerry Goldsmith,db403e3d-4753-45d6-8fcb-94db03e882e1
Carole King,bf6c29f5-b69f-4842-9031-37f9645d365d
Annie Girardot,1baeec41-7e83-42f3-af37-03f96313e3d0
John Belushi,31a98c74-54e3-464a-b747-829b89d5f248
Lisa Marie Presley,4635869b-1f1a-452e-af87-f6c2e2ef6e74
Stevie Nicks,b7f2cca2-72c6-41fb-ae33-53370fc62fe7
Connie Francis,5fcd7daf-25e1-47fd-9ba1-830b42708f84
Finn Wolfhard,becca5db-ec3a-404d-8e94-03ebf27276e3
Placebo,847e8284-8582-4b0e-9c26-b042a4f49e57
Youssou N’Dour,af081ea2-7a2c-4fbd-8200-92d62056b5f5
Richard Chamberlain,7ff78a11-3a3a-4f0b-982e-79afa3333d90
Carmen Miranda,8aee107e-f22b-40cf-95cb-67fce8fa5fbd
Martin Short,32967245-ec7f-49a2-bf9f-3ed659005ffa
Rekhā,b2918404-8c46-415f-a419-779516c9dfc5
John Carpenter,06d3fe7f-b5c7-4af9-a96b-5a41675e29ce
Tim Conway,57d23113-24c4-4f68-8777-04d5c3a1b42c
Lily James,3a214369-9351-4c9f-98d2-e22ffa3c0867
Rupert Everett,668741d5-97f0-4ebe-af7a-9d3550d52af7
John Gielgud,cfd9af15-def1-4b21-b730-348a24469860
Jane Lynch,0f3f2e96-07bc-46f0-9b74-8c68071dc176
Julia Sanina,f5c9401a-2fbb-4c85-a8f1-6a2c56276769
Max Brod,000235de-c6bf-401d-8b55-9807835cb3f2
Chinmoy Kumar Ghose,e360a426-71bc-47af-8deb-c1b22e2e9f2e
Larry the Cable Guy,b14d8d34-6041-4fda-9557-eb7da046041c
Asha Bhosle,79c5547a-e098-495c-8dac-7e99546aa46b
John Lee Hooker,b0122194-c49a-46a1-ade7-84d1d76bd8e9
Bettina von Arnim,f6aa0163-5e90-4ea3-8353-149b10aaafac
Oliver Hardy,3f43a001-7d29-40b7-9074-fa6ee5535200
Ingeborg Bachmann,c7cf9662-8891-4cda-90ba-e871e45b9b7b
Park Chan-yeol,7100af1a-1224-4636-83ad-7f7fcf0973d7
The Jackson 5,e5257dc5-1edd-4fca-b7e6-1158e00522c8
Cole Porter,4a94a6cb-e70a-418b-bb53-a37897b950ce
Travis Scott,e4a51f17-a57b-47b1-b37b-f552d0f8e9e6
Jaden Smith,166cb987-3156-4166-b0d3-f1ad5a6c514c
Inna,99efca32-eea1-45fb-92cb-8798976a9769
Debbie Harry,2e229823-0fc2-438b-aacb-5de02bd0b9b7
DMX,f3bf61f8-97d4-4e52-a73d-2ddbbe8196c8
Chick Corea,8446fcca-109e-4c6d-a2ff-5a269b32b4c2
Rosalía,25f3abd9-63b5-471a-bd25-feb9672dfa11
Helena Paparizou,28a40a67-ecd3-432a-be2f-51490a7743ec
Ann-Margret,0d6e57aa-f495-460e-a27a-0d6677070914
Garbage,f9ef7a22-4262-4596-a2a8-1d19345b8e50
Joe Jonas,79e1bb77-fd8b-42ab-8043-892af5370f0b
Sam Shepard,b9afb910-1f9e-46fc-9806-df8f49015568
Dana International,f92469be-f755-433a-be19-8bd0c9040e5a
Karen Black,f3d82d5c-4d16-4931-98bd-c5ae6e8aaf12
Jean Anthelme Brillat-Savarin,3c96cd76-198a-4379-980b-11c88333cbc6
Beastie Boys,9beb62b2-88db-4cea-801e-162cd344ee53
Timbaland,daa09819-5da5-4c7a-8bef-eb372bb27ff1
Snow Patrol,a66999a7-ae5c-460e-ba94-1a01143ae847
Patty Duke,58b28b91-30a2-4c7e-8469-61c26f63710e
Carrot Top,ffb8d04b-44b4-4122-a60a-a7a80b4ee71d
Niall Horan,55e6074f-ef78-4ec3-8fff-bd1b8cc8c14a
Cliff Richard,b5c2fdfc-d037-45b8-84f9-09ebb7ff8aa1
Benny Hill,198dfed2-a0c0-428c-8c4b-29cd7ed02526
Pola Negri,3a07d627-6566-4d50-8568-c5ad52df3c6f
Flea,2dc7a305-7a8c-4fcc-add4-5e9def0a9a0d
ZZ Top,a81259a0-a2f5-464b-866e-71220f2739f1
Cher Lloyd,48fbfb0b-92ee-45eb-99c2-0bde4c05962e
Meghan Trainor,b2029169-2574-4305-820f-252a5fde3697
Barry Bostwick,acfc12e0-ed7e-4472-9dbf-b69e3c64ef9a
Alsou,119b77f3-87f4-45e2-a647-5cc21d0d0763
Geri Halliwell,23207c32-6743-4982-9f46-e297b2e4eb14
Jim Belushi,47613356-289b-411b-afe2-e25785171e5c
Zaz,e3214827-bd09-4d53-a88c-893d61556352
Terrence Howard,24f7ec60-33f7-4a17-9b81-3602809651eb
John Legend,75a72702-a5ef-4513-bca5-c5b944903546
Sam Cooke,6c8fd0be-d961-454c-aee0-4366a6dbc993
Danny Kaye,7f97c63c-419b-475f-8df7-87e1d2ec3ba2
Natalie Cole,eb45032c-80da-469c-be20-1d09f08ef37f
Shreya Ghoshal,a8740949-50a8-4e71-8133-17d31b7cf69c
Liam Gallagher,1f2345fa-344e-4863-a1d7-3958d57f4301
Faith Hill,406552d4-5ba1-4226-b7c0-367bc50fc767
Robert Johnson,8a8bbba6-72f7-4900-a306-c40b94f2631b
Rex Harrison,e5153ba3-2e3f-4b82-bda8-166c2aaa17ff
Robert Johnson,16f11bc1-9a25-46f0-b2d4-0c2b1ebdd16f
Buranovskiye Babushki,328056e7-a317-49ac-9655-5e06ed2eedc2
Sylvia Kristel,05fb5bee-564b-43f1-a059-9a77c78c59d3
Jaden Smith,26f50623-f0bd-4c9f-a8f5-6145767713c8
Maurice Béjart,3685993b-37c1-4a6a-905f-9f9ce9388bdd
Tessa Thompson,95eb895a-c482-41c5-9bd6-3d53e78c168c
Estelle Harris,bdde6b4c-490a-4bec-b7b2-d5a875f14135
Tayanna,8fbc8613-30f3-4cfe-a766-701a9449c34b
CeeLo Green,2c69465c-0f76-45ce-90a2-1ed0fdacc997
Within Temptation,eace2373-31c8-4aba-9a5c-7bce22dd140a
Pete Best,0d4ab0f9-bbda-4ab1-ae2c-f772ffcfbea9
BoA,a16d1433-ba89-4f72-a47b-a370add0bb55
Talking Heads,a94a7155-c79d-4409-9fcf-220cb0e4dc3a
Mélanie Laurent,91e0ea6c-d168-45d4-b22a-7a57c43c5926
Vanessa-Mae,c75d637d-bcca-4123-9ffa-fab3c01be71a
Susanne Blakeslee,cf31f694-831f-4d0e-bf47-595965ed3973
Malin Akerman,7e2cd16f-3178-4544-9494-2f4acbedaf69
Apocalyptica,788ad31c-bf0c-4a31-83f8-b8b130d79c76
Ritchie Blackmore,fc5f555c-dfa2-4f16-9da5-98342105c23a
Lena Horne,0031bc7a-1b6f-4620-99db-5202405b0749
Israel Kamakawiwoʻole,e7ae37b1-624f-47b9-bf4f-53b52ef19528
Eddie Vedder,1a60d6dd-9d3e-40fc-a66d-3184f9ee0d61
Art Garfunkel,fc0a5289-4b77-4246-9c8d-857c8b617f5d
AnnaSophia Robb,813aa384-260d-46f8-a611-fa421b6e118f
Arash,0e34ee8b-ac1f-4c95-aba7-856cca40ffb2
Noël Coward,6aa4bb26-36f8-4a96-8328-4810a4e9a617
Joan Jett,f376828a-b438-4fda-bb2e-dcd5fbe81f83
N.W.A.,3a54bffa-2314-44a2-927b-60144119c780
Bessie Smith,ffa28768-ecda-42c6-ac49-6ce5c7d33043
Jason Alexander,7586ba0f-c745-4978-a1d5-cc0a609c0796
Franka Potente,637b8ab1-7ded-44f5-84de-6faceab403d4
Kazi Nazrul Islam,833c036c-fcee-4f78-a918-5aa0b2d95596
Ani Lorak,29ec65e9-0dcf-4dfa-9155-7f13cef07335
Richard Wright,6f7e36da-79d8-4219-990d-8e9224d04ebc
Keane,c7020c6d-cae9-4db3-92a7-e5c561cbad50
Emma Bunton,71b03238-e53d-4e1e-9b3a-6ce1dcdf2894
Sabaton,39a31de6-763d-48b6-a45c-f7cfad58ffd8
Lily-Rose Depp,f0d1252e-fb06-4790-bba7-78a0f3d1e577
Julia Louis-Dreyfus,99a80e20-5088-4f51-b614-a30d4f584d9f
Fairuz,338bbb53-5b96-447a-9444-8906844a0790
Vanessa Williams,7cce3b8e-623c-4078-b079-837cbcf638c4
Donald Glover,7fb57fba-a6ef-44c2-abab-2fa3bdee607e
Sean Paul,c3da3346-2643-48a7-93cd-011f6834b3d7
György Ligeti,da5e774b-026a-4117-82a4-11d246c05a8b
Cheryl,2d499150-1c42-4ffb-a90c-1cc635519d33
Andy Dick,2a18326b-450d-4fe0-907c-6d93521e88c1
Leona Lewis,8d552dfc-648f-401f-90de-e925013ca537
Otis Redding,82b1f5fd-cd31-41a9-b5d4-7e33f0eb9751
Fall Out Boy,516cef4d-0718-4007-9939-f9b38af3f784
Jackie Gleason,c6d1f982-ed7a-40a8-bfa2-5a1342376636
Donald Glover,1ba01bce-7f32-4d72-a5d9-34930b191656
Luis Fonsi,d68fda90-ab8d-4799-be56-317ba4ae700f
Mike Oldfield,a1684a49-feaa-4150-b758-d9412fc59f12
Kazi Nazrul Islam,69e9320c-2cbf-414f-abd8-f29e6612b629
Otto Sander,f6673326-1fed-4711-a962-16faca0e8e29
Peter Lorre,597bbcd0-8975-4123-a6f4-997f590f8d8b
Walter Brennan,dd0b7e58-7ad4-4726-afc6-38dc40667004
Marco Mengoni,0e9b1b8f-a5ab-43e0-bf63-1ff7a4c3e1db
Laura Branigan,917976a6-75b1-46af-b57b-71f13de20422
Leighton Meester,03825d6a-e148-4966-a2c5-0b9788d81bcb
Edyta Górniak,ca59a38e-cf39-4d95-ac03-b6ca4f43fd8f
Nancy Sinatra,c2e36518-9c3b-4dcb-82ad-a3fc7fe99c67
Ashlee Simpson,463c514e-c30d-4a2a-a87b-762535253a80
Awkwafina,f35da7e6-09f1-4dd7-ac7c-bee4c72c3bf5
Jeff Bennett,e1336be8-f0c0-4624-803b-2346ad3a9dff
Udo Jürgens,20e903b8-4b5f-414a-a467-dd6e46933d3e
Brian Jones,a704bc81-1d32-4b21-a1fd-ffaa6a1d86e1
Ferruccio Busoni,cab67e98-340d-424e-baf1-b127902c200b
Manuel de Falla,17268036-f51c-427c-a8a2-241fac69d39f
Joe Satriani,29762c82-bb92-4acd-b1fb-09cc4da250d2
Missy Elliott,a0b8cb9e-7532-45fe-a74c-30e7c4009a39
Elvis Costello,8a338e06-d182-46f2-bd16-30a09bc840ba
Eazy-E,c3009d7a-51ac-4c9c-888a-04f5c3c4be0c
Jimmy Fallon,78b7c31c-97cb-4f06-be5c-5c2e5a7c87bc
Matt Bellamy,00fc124e-6645-4530-8d0b-7def83c5ee25
João Gilberto,286ec4c2-b5ca-4f85-b331-280a6d73dd14
Suga,b629da42-c668-49d2-be67-498605ee2a13
Jason Segel,3bc62696-429f-478a-96d3-e85d3e3cb43e
Katie Melua,39e32995-6515-40b2-a6f0-841524047edc
Billy Ray Cyrus,63e8d6f9-e247-45c9-aaf2-e079cddbdd54
Ian Gillan,ff2a0e30-aec1-44dd-ae06-dc78877f512d
Joe Dassin,475b7312-4fcb-49a4-8bcc-cf3a679b255a
Ne-Yo,a4a01f5d-18e7-4571-8c3a-76ec0e24e2d7
Zoë Kravitz,5eb39d74-e347-47b9-b1c4-729d5bfac577
François-André Danican Philidor,7aea4e09-c5bc-486f-98b6-7c84004c8fff
Michel Legrand,2c330f54-9245-488b-b678-dc8a236d06b3
Irene Papas,ded5d5ce-7814-4aef-b01a-8549c3e803c1
Count Basie,0dbd6300-efdc-420b-857e-895e18fad317
Lauryn Hill,e8414012-4a1c-4ad4-be5e-fc55294e28cc
Komitas,01fbf8ab-34e2-4a0a-8dcc-8d9a8026d782
Idina Menzel,929ca8c3-5df3-4fe9-bc59-f8d603780bce
Charlie Watts,f581a3dc-3319-4656-8b97-66d560482f4a
Daddy Yankee,2f522f5c-111c-4ce8-8bd0-d82e97c227ad
Richard Clayderman,0baceb7b-6237-48c4-9550-3a02e9a71f44
David Coverdale,8b26558a-1073-45cf-b9a2-233703654ffb
Vera Lynn,7d32fa5a-7ccb-483b-87ea-5370b4be4d64
Nas,cfbc0924-0035-4d6c-8197-f024653af823
Willow Smith,6bbfc71b-5f18-4e61-82fb-bee0c2a6b5f9
Avempace,5cea0c60-23c8-4d17-a067-76292c478c78
Suga,31dd895e-4473-4458-baed-8bcf36d3de7f
Suga,f09d2950-e3c6-47b2-b21c-2bad2cd3f616
Pete Townshend,fb147b8f-0144-4418-acaa-90b2d9779840
Marc Anthony,25607613-aceb-445a-8519-83a2ee0f8402
David Spade,c02c2519-015f-48c2-b1e1-dbf643c5d8bb
Michel Piccoli,dc7205b5-928d-4dce-a52f-ada66b1f8dff
Austin Butler,8e013f4d-90c8-4d4b-b1be-95543a03fbd2
Bill Irwin,c3708632-8237-4b8a-8068-e70f53f2694d
Lil Nas X,0b30341b-b59d-4979-8130-b66c0e475321
Jeff Garlin,3364667a-5758-4cd0-92bf-823eb963e072
Troye Sivan,e5712ceb-c37a-4c49-a11c-ccf4e21852d4
Burt Bacharach,2882ffa3-dec9-4055-a842-a950728bcb02
Tiffany Trump,93cf2aef-8a31-42c3-99a8-bce4e136ca07
M.I.A.,7cf0ea9d-86b9-4dad-ba9e-2355a64899ea
will.i.am,d574c9bd-46f6-440a-8d6a-8412a283eeb1
Anna Karina,bd6155ce-d874-4258-bd27-bbdd77c6f181
Helloween,765774a0-2060-469b-8b7d-612eea48579b
Public Enemy,bf2e15d0-4b77-469e-bfb4-f8414415baca
Shruti Haasan,d9515233-3fe6-44ef-8bea-45fe75962214
Joe Hisaishi,44c64a30-1d58-49c5-b314-6e02fba49526
Ray Manzarek,fe93a178-183a-42c9-b3c7-53102b8c724d
Don Johnson,35d9971a-6042-4fc2-b7ef-29d76a59e590
Bob Geldof,b16373b3-bae0-4926-bb17-1d68c4f7b052
RM,58f1e354-ecbc-4fd3-aa25-97eb1d9bd8b9
Disturbed,4bb4e4e4-5f66-4509-98af-62dbb90c45c5
Katie Cassidy,55e47785-66cf-494f-8cd6-c70d662ebd37
Kamal Haasan,39d5014d-1707-44b9-bf5f-491ea85ac532
Super Junior,a13898e2-e488-498e-a89c-d0e920f74d4d
Jonathan Rhys Meyers,3407dabb-a82d-4e35-a786-9134f8f4a07b
Tom Petty,5ca3f318-d028-4151-ac73-78e2b2d6cdcc
Mike Dirnt,f332a312-e95b-4413-b6cc-1762a5a6a083
Wu-Tang Clan,0febdcf7-4e1f-4661-9493-b40427de2c13
Fela Kuti,6514cffa-fbe0-4965-ad88-e998ead8a82a
Busta Rhymes,10a9ff92-9637-4498-afea-7044b2ab0dc0
Stray Kids,142b343d-bf5a-428c-a64f-6d1a7566bbe9
Ornette Coleman,169c0d1b-fcb8-4a43-9097-829aa7b39205
Little Big,cbe51088-e4d8-463e-9f4e-e83fa64d3f5e
"Tyler, the Creator",f6beac20-5dfe-4d1f-ae02-0b0a740aafd6
Billy Idol,47c8f88b-987a-4b64-9175-2b1b57809727
Twiggy,653d4b7d-2f4d-4627-8e35-da20df1886ca
Carmen Amaya,9f8667df-17af-4d8d-9d80-3174c1177bbb
Melanie Martinez,0df563ec-1a79-486e-a46d-5b9862a40311
Grateful Dead,6faa7ca7-0d99-4a5e-bfa6-1fd5037520c6
Victoria Silvstedt,f7108bf2-c411-45cc-8029-a8ea1c57ce10
Lea Michele,6bb57027-e15a-40fe-974e-fa788711cb75
Dieter Bohlen,26421c09-e25d-4c3d-8e75-7e9b117d9f81
Bulat Okudzhava,b63b2ac8-4df4-4038-97a0-c79969b5e29b
Paul Robeson,bbc5febe-0321-4bb2-adcd-8dafbf8d8841
Su Shi,dcc9da19-d222-46aa-a8a3-b4b6562a14f1
Mahalia Jackson,1bebb19e-9305-4da8-a3fd-5dd40a6e517e
Sarah Brightman,896f0194-8ab2-4278-81e0-c56a0444b569
Patsy Cline,ad82dd72-0df3-4a09-8d7a-1af9c9e80522
Clément Marot,3fe94412-661a-4a15-8874-62b3bb8f5499
"Tyler, the Creator",211e4ede-ee85-42cc-b9c3-5282b7b8e4c7
will.i.am,4b017da7-d382-47fa-92cc-cbac2225a257
Hank Azaria,e1c63a0a-d602-4b0d-acf0-869d3367996c
Chet Baker,1ba1d493-7114-45e2-b163-a36d49a0c065
Ewa Farna,f5055a31-2d6f-4928-8cb4-a7b8f310d191
Kim Seok-jin,09720eec-3871-49d5-932d-eb7542768cd3
Trey Parker,b8e4771f-6156-48cd-ab77-d10bc3fd50d9
Trey Parker,bdd7d9a4-18f9-440a-a472-311ff4783828
Nico,37c61bf2-5fb1-47ae-9605-80025d956958
Til Schweiger,b77d582a-e616-40e1-9cb5-f3e8171601c3
Gloria Grahame,d27d99b3-9e2c-43fc-b628-1dcb12fe81a4
Brandy Norwood,c1640794-2def-4077-8b24-f5895a146ddb
Dieter Bohlen,1627b69c-cff0-4367-9dca-cca973c701f1
Dieter Bohlen,2807e33f-8496-4c6a-b687-732574519f93
Dieter Bohlen,3477a554-8423-45ce-b468-9f89cfd7c60c
Dieter Bohlen,5091acdc-84f3-4484-89bd-f2b818ce6527
Dieter Bohlen,6a2443cc-8df2-4a45-ae4c-91160331575e
Dieter Bohlen,6f0a4f10-3709-48c4-8760-de267397e1ef
Dieter Bohlen,777c2eb7-d02e-4d70-9b6f-3566171ee21d
Dieter Bohlen,ab7f0a63-b4a2-4776-9cbf-860fcd4f2532
Dieter Bohlen,c0f50f0a-3a34-41ee-913e-c10f2c1b768b
Dieter Bohlen,c39387fd-9689-4958-97aa-2ddd5bc22876
Dieter Bohlen,ca26a88d-65a4-48e1-b347-4e68c27b9d61
Dieter Bohlen,ddbf707d-2571-45dd-8c17-dcd74ed53150
Ashley Benson,9ebb3633-6d3c-4495-bca7-c8a3db5d03d8
Adolphe Adam,ece590a3-ae0e-4311-bcf3-ee07cfb7b4f0
Ofra Haza,7591796a-a545-4b51-ba52-bf2539b90d99
Madison Beer,749ef494-8518-4b49-b685-63d8e728d25c
Shirley Bassey,05ec70a5-3858-4346-a649-fda0a297b8c1
Kim Wilde,4b462375-c508-432a-8c88-ceeec38b16ae
Bullet for My Valentine,d530dbf9-69b1-404f-98f2-0431104f5a1e
The Mars Volta,20883363-1ea4-4d72-ad72-c0e767038f3e
Melissa Joan Hart,d91b0206-cfd6-4116-b968-1274aaa69dac
Mary J. Blige,db76c5ca-d555-4f09-b1db-baa1b713d875
Cannibal Corpse,af8e4cc5-ef54-458d-a194-7b210acf638f
Rosalind Russell,98abd69e-c247-49af-93ea-0f133369e797
Daniel Barenboim,fac566b2-7a0e-4977-ad92-533f43420975
Patrick Wilson,273e1390-125a-4a33-a4b8-c628fe573832
The Supremes,c1aa2ec9-53e7-4d90-8d36-bac75832e986
Anthrax,b616d6f0-ec1f-4c69-8a79-12a97ece7372
Mercedes Sosa,324b9329-7be6-491f-9ee1-65bfa10c7577
Naya Rivera,1e2c7f08-f996-4c6d-8706-9234662618da
Il Divo,e555f0c3-0a83-4c57-8a67-e657aac27ace
Ian Curtis,10ae1bf6-88b2-4fb4-8fbe-8227a49803d3
No Doubt,fbd2a255-1d57-4d31-ac11-65b671c19958
Toni Braxton,3c8a8696-e176-4c46-a2d3-48b6b1525c7f
Ace of Base,d4a1404d-e00c-4bac-b3ba-e3557f6468d6
Mohammed Rafi,28365249-f3fd-44db-8131-32cb170970c4
Barry White,b904d624-9e05-4398-8f4f-88fbcf022f79
Chevy Chase,7573df58-aa76-4b1c-9035-8a0ed0d4e994
Wang Wei,7b6616dc-35d4-44e6-a27b-e2c67cfc9fc2
Melanie C,25b509ef-48ad-461b-a0bc-94cdddb8c919
Johannes Heesters,1a37fa4c-9195-413b-8da2-91135e9518dd
Ilona Staller,f4b5a0de-d5ab-4104-90f6-14149fcd0b0b
Jim Meskimen,0a4ddf83-097f-4e25-adef-5adcf5e56fa6
Ezra Miller,cc61e016-b258-4f27-834f-a6ebd613ef58
George Martin,26fa8b67-6c7f-406c-ad64-a1d070092df2
The Animals,763ca800-924d-4193-93d2-0d8f0498ca1d
Itzy,bce172fc-51bb-43f7-9a25-b406a0a581d5
Shirley Jones,681cc70d-fa1e-44f5-bfec-a28d18743329
Emily Osment,882728bd-a6b9-464f-beab-23d3e66143b5
Ethel Merman,a17eed36-fd8f-4d71-898b-2da805ac7492
John Paul Jones,4490113a-3880-4f5b-a39b-105bfceaed04
Megan Thee Stallion,ee27b2d8-648c-4a9d-a68c-e55066959975
Matti Nykänen,ce0681a1-3b72-4a49-8353-c531bdd5cee7
Irene,421c0397-5224-4866-a62d-79d2ec4d5de8
Amr Diab,ba26c1ff-e5e2-42c2-b1d7-b6f82ebc37ac
Van Morrison,a41ac10f-0a56-4672-9161-b83f9b223559
Minnie Driver,ef322d6b-3ffe-4549-8d00-b8f774ff5845
Natasha Korolyova,bfb00581-3cf1-4c17-9bb4-2173940d1084
Steve Harris,995a37a5-17a5-4cf8-a497-88e3beb2edc1
SHINee,70e5098b-c4ae-4cd7-9799-3c1b9b57c753
Beck,309c62ba-7a22-4277-9f67-4a162526d18a
The Animals,4d8afa16-4018-4ca8-8b5e-ede8f9314562
Candies,cd513145-4d2f-42f2-81fe-4cb635be11eb
Nikki Reed,23d39880-d831-4c39-a5dc-2cef17871970
George Burns,7fb54851-cd24-4cd5-9fac-19e2dec73be1
Sepp Maier,7320db7b-6f56-4531-97ee-a49aafcb8721
Gigliola Cinquetti,5fd6d882-1461-46f2-b82c-8d33c4084f10
Astrud Gilberto,8d08cabf-03a3-4f38-a815-8197a0984f19
Birdy,1b8bdee5-783a-4eca-88e5-3e9460739546
Three Days Grace,fabb37f8-eb2a-4cc1-a72a-b56935bbb72d
Grace Jones,b1c124b3-cf60-41a6-8699-92728c8a3fe0
Aphex Twin,e7d734a2-3909-4e1c-97a0-87ef04acd4c2
Aphex Twin,bc1fd2f7-1ecf-46d1-9ca6-47b7d7880c4d
Anne-Marie,e3d5b5ec-101a-4529-9f2d-01dca64cf44e
Charles Fleischer,ce66d9dc-456d-4216-a5cc-946750412a9b
Rose McGowan,99997983-01c7-4587-ad3b-f727123cf75c
Stuart Sutcliffe,49a51491-650e-44b3-8085-2f07ac2986dd
Aphex Twin,4776e9f6-f1f9-48d2-b703-abfc6925aba7
Aphex Twin,f22942a1-6f70-4f48-866e-238cb2308fbd
Rush,534ee493-bfac-4575-a44a-0ae41e2c3fe4
Roberta Flack,5298bbcb-7330-49bf-a780-2d757f10a20a
Gregory Hines,13aaa140-a087-42c7-928d-5a158a514f49
Alan Silvestri,f4c53778-e48d-4da4-9ddd-cc007f715d64
Pixies,b6b2bb8d-54a9-491f-9607-7b546023b433
Amália Rodrigues,6b605219-90fa-465e-82ae-60d2347bd030
Aphex Twin,79a09151-f6cc-48f9-9907-3fdd0b68373f
Jason Derulo,6de0f914-3e60-4418-be3b-42e0feb6eb4d
Aphex Twin,34d679e8-0188-434d-a760-02913ea2a85a
Aphex Twin,aaa78ce4-e4fe-43b6-abe1-733dc83f8eb1
Bea Arthur,81dca162-351f-424b-8dbb-f7595ec59415
Chris Hardwick,19123daf-fb7c-4865-b20d-4a38a91704c9
Aphex Twin,57de292f-448e-42b5-8ff6-7ee016b2a2d4
Karen Carpenter,a98c5fe9-9a5c-41ba-b83d-f1c28b49b604
Rosie O'Donnell,19d4792a-9d68-420a-b6ae-b99ea005c53e
Bourvil,ee827cc0-08b6-4b4b-bd8f-d15616347bf4
Cream,04cd0cfd-bfd1-4c36-bc38-95c35e2c045f
Alex Turner,ee953029-6de8-4c50-8d0f-215a1e4e8dd6
Christina Grimmie,94d40ba7-2b35-48ae-86f1-66ea06102693
Aphex Twin,dae36a1f-d7d3-4c9a-a3aa-11da58b92958
Aphex Twin,1b24b161-b825-422e-951d-e8698bd9515a
Robert Trujillo,777038ba-d2b5-41ab-a6c5-57a7e97abdf1
Jessie Buckley,f6c60754-d682-4aa9-b158-727b60dc15ed
Sezen Aksu,635e2a34-a566-47c4-b61d-fa5d203856aa
Johnny Logan,6f929291-881c-4eb3-8711-54546f52dd01
Władysław Szpilman,130a5367-7ed0-4018-8591-6defccd88bfe
Aphex Twin,87225a21-c925-41cd-852f-be4b052d0824
Patti Page,46bd1529-4301-4d10-9124-17d9e858034e
David Crosby,e90f9815-221d-4e10-8675-e75c07988113
Rosario Dawson,9facf8dc-df23-4561-85c5-ece75d692f21
Flo Rida,4593d49a-7f67-46ba-9ec0-126bd676286f
Tyrese Gibson,975d94b4-7ca8-4eec-ae48-1aa4660995d3
Kim Soo-hyun,542754ff-f1c0-4fe1-bc6e-3cc70f3131ba
The Game,07cc14fb-4784-4a25-804b-2686ed5ef52c
Patricia Kaas,217794c8-c7e8-4e9b-b5d0-6aeac98e0e08
Carol Burnett,08f5c64e-52f6-41f3-9d23-cbb9301a2639
Bill Haley,2c8ddf66-bca7-4ed5-8ef6-b5d55b3fd3ff
Aphex Twin,2d1beb0f-edf7-4dea-9a8b-2c88f2551053
Aphex Twin,34ae4718-4ef9-487f-b389-ed6f1dae5d02
Aphex Twin,62273c68-e370-4e5f-bf36-fd994963b6af
Aphex Twin,e39c9fa6-774a-4d09-bc05-3d712daf02da
Aphex Twin,f3def1b0-565b-44f5-81c5-d079dda8e65f
Irene Dunne,6709714f-10ca-4806-853c-c94ef98ce45d
Tyrese Gibson,cdbb587f-3579-4576-89bf-3a9fc192da9f
Shōkō Asahara,4d9a736e-7121-4a41-a1d3-0a156431bda6
Sakis Rouvas,7cd0c121-76ea-41fe-a2ee-4f9f066f6f1c
Bring Me the Horizon,074e3847-f67f-49f9-81f1-8c8cea147e8e
Natasha Bedingfield,8b477559-946e-4ef2-9fe1-446cff8fdd79
Steve Vai,5e7ccd92-6277-451a-aab9-1efd587c50f3
Sophie Monk,355c2627-e314-40b4-adf0-a0650bfaed9a
Rachel Zegler,f491b163-cecd-40e5-a74d-5b379323c951
Arch Enemy,e631bb92-3e2b-43e3-a2cb-b605e2fb53bd
PJ Harvey,e795e03d-b5d5-4a5f-834d-162cfb308a2c
Jeff Buckley,e6e879c0-3d56-4f12-b3c5-3ce459661a8e
Jason Mraz,82eb8936-7bf6-4577-8320-a2639465206d
Duffy,2c4dae8c-e591-49e0-9c5a-62b310a15788
Sofia Carson,065bf89f-c15c-49b1-ad06-73524a6dd658
Alan Watts,26e149d7-98bb-4d47-aa14-2030b1824376
Harry Dean Stanton,207f0b68-33ec-4954-8f21-e858ea9a9153
Daron Malakian,42ba45d2-4938-4bf5-9121-5caffc719c4d
Alexandre Desplat,391846f7-f09f-470c-b188-c16b3a2022e4
Josh Groban,12be5b16-915f-44bc-978a-8ddfab235b79
Marianne Faithfull,14ed9dea-1bb0-4743-ba32-39674a71da89
Mick Wingert,fbbf2fa2-fae6-4d18-a38b-4be65a9cbb0f
Hanna Schygulla,d36f48d5-e2cc-41ca-aefd-802b48bf6df5
5 Seconds of Summer,830e5c4e-6b7d-431d-86ab-00c751281dc5
The Roop,052bd081-aa6a-4c1f-ab25-7bbb660ad225
Venom,d2ad8774-9173-4970-8427-06b04df201c1
Nino Rota,d52ac009-4ed5-4d01-97d5-8280bb7dd460
Peggy Lee,5a2463af-eef0-4a22-bc8f-5865fbe9c78e
Perry Como,0182474b-8a1d-46d0-9d0f-e6df353335ea
Ryuichi Sakamoto,a7f7df4a-77d8-4f12-8acd-5c60c93f4de8
Dick Van Dyke,33ec3ccd-ae01-42fa-b874-095dfbfd522f
Charles Boyer,6a38a124-7d48-4e2e-9f45-31ac1ce3f99f
Sergey Lazarev,1c81c012-154f-40f7-99e2-482dae97a50d
Dolores del Río,9dfc870f-396c-40f4-8895-f1df744251c5
Chris Colfer,ec198610-84d1-4064-9bba-e58188f47c63
Ben E. King,837555ba-012e-45f1-9a9c-9628da13ee54
June Allyson,ecb757be-7469-4273-98d0-c0548321577c
Simple Plan,b345af35-205e-4eca-8006-029e5c20127e
Robert Smith,7d1a1624-784b-4f89-8ff9-b9b493cd059d
Panic! at the Disco,b9472588-93f3-4922-a1a2-74082cdf9ce8
Lyubov Orlova,83d658dc-65c4-44b5-a943-c44841573a8c
Sarah Silverman,ebf48614-6b24-41bd-9ebb-a90af8e473b7
Shabana Azmi,d2e7bcee-f0f9-4323-ac6a-1f4e255beab0
X Japan,3f77449d-48e4-4ceb-b869-69af48da877b
Robin Gibb,71bcb5be-394c-4c04-bb38-35982e8a94d3
Rashida Jones,4fcb173e-78a8-4e1a-99db-b0052087ed06
Jelena Karleuša,17210dc4-a182-4717-b8e5-dc7aa9996384
Bryan Ferry,4ef7a9e2-2cf5-483a-8616-ef7791a98026
Jennette McCurdy,7f56716c-803a-4901-bf09-42f1d72f454f
Ville Valo,d0169ab3-c719-4a25-be8b-8d707c9a39b7
a-ha,7364dea6-ca9a-48e3-be01-b44ad0d19897
Glenn Frey,a717be4f-8b3d-4355-b33c-2b84f88fe40d
Chris Farley,10209173-f878-4f08-bca4-87a27adf59b5
6ix9ine,2282c539-05a2-477c-82b7-fe40798d37f3
Robert Moog,31663409-4f26-4c65-bc2f-7bb738667dcc
Dionne Warwick,6784ee31-6d79-4a37-9e1f-01d6ef31940e
Vicki Baum,89a26511-c37c-44c7-81bd-b9892299a40c
Jordin Sparks,5508631d-697f-4839-a669-06637e5bcb90
Jack White,3ae2fb37-8a23-429d-9920-bac811c4fc22
J-Hope,b3977da4-f899-4328-921b-ecc599a5618a
Lauren Graham,d0a56436-e367-4ce6-be2b-8af600c1af5e
Edie McClurg,e755f0a4-39c0-45c7-8e8c-9a5fe5aec637
Bartolomeo Cristofori,4dd7486c-a51e-47bd-ab77-79a48aea2692
Andy Samberg,8e11d376-651d-4bfe-a4b4-2f47da53b959
Cass Elliot,22f74ff1-ecec-4ef2-b1f7-44fbb8139f9d
Jeff Daniels,10c82742-1fd6-4cc7-ad84-e919259ade1f
Ramin Djawadi,f089f636-6b85-4e0e-a192-0d30ed2b44d1
Indila,eee14992-d2ab-4c46-b1e2-51080504ba50
Luke Evans,0cd67368-7bbd-4572-b8d8-180455b61088
Jamie Dornan,a188a1b5-ded4-4aa6-8c39-50fe7d715c8d
Faith No More,b15ebd71-a252-417d-9e1c-3e6863da68f8
Julie Newmar,36bc09d4-47e0-4d6f-bbb7-3d7eb46ea25a
Yvonne De Carlo,1163dff9-28ef-4657-892f-e807d398d1bf
Rob Zombie,c995a379-60b9-404b-bd97-a7e2de0751d3
Asia Argento,70557fe1-5e95-462c-9570-aa1182c18641
Macklemore,b6d7ec94-830c-44dd-b699-ce66556b7e55
Kate Ryan,89d746b8-7d18-4baf-8cee-659b07771568
Khaled,b4a479aa-4384-4acf-88b0-dee9188faeb5
Kim Jong-hyun,2cb1105c-5f6d-426f-91a5-7b80f2fc68ff
Iryna Bilyk,2744b6f6-2455-4808-85e7-4ecb79ca1e30
Bon Scott,0d212894-db54-4cc1-9ded-3cac50183a1d
Juice Wrld,4e4ebde4-0c56-4dec-844b-6c73adcdd92d
Xzibit,9e839dc3-55f3-4492-ad0e-a1a2e84275e2
Zachary Levi,290e5513-55d3-426f-a4ba-1ac3ce589107
Kings of Leon,6ffb8ea9-2370-44d8-b678-e9237bbd347b
Rufus Wainwright,78e46ae5-9bfd-433b-be3f-19e993d67ecc
Yannick Noah,fe87035a-eef5-4cde-9961-747f0492c5d7
Bridgit Mendler,f59f7cee-8f6a-4a6f-b23c-f3b5fdf6208f
Chaka Khan,900e9144-019d-4043-86cb-ec0e127c39d0
Joss Stone,dbbc47a5-1338-4830-9298-a8d0b11c0a46
Iannis Xenakis,4083d781-7973-4717-8e1b-0f8786437709
Noah Cyrus,5df148ae-78eb-495a-8a0b-d16f3105992d
T.I.,f7ba7fbe-c6bd-4ac0-bee9-c25c558d7d62
Laurie Anderson,86809b51-cbe2-45f1-804a-e66eed635dea
Muslim Magomayev,37177120-189b-418f-a01c-284ff0ed9d6c
Michael Cera,8c89b52a-89f1-48cf-9246-fac3591c932c
Opeth,c14b4180-dc87-481e-b17a-64e4150f90f6
Arcade Fire,52074ba6-e495-4ef3-9bb4-0703888a9f68
Jóhanna Guðrún Jónsdóttir,fa8b5232-a53a-4e6f-add9-fa0677811d9d
Alma Mahler,3f96a4b5-4b66-4987-b1e3-444fd5795aa8
Ciara,03172286-f7ed-4864-a4db-459cd5ca9790
Cybill Shepherd,56fac676-8f6c-489f-9c72-9ef870528372
Karol G,de22adae-f8ac-414f-b653-b0162611bd60
Dermot Mulroney,c60a1236-6bdb-4d88-9bf5-e4055e9ff1ef
Darren Criss,989a05be-85e2-4586-a5f4-4207a0a28391
Nelly,811900b2-68fc-4d41-8bad-69b7a1f4d628
Elizabeth Gillies,8d7b2288-dc37-429f-a99a-8ce1e42641db
Leslie Cheung,d780609b-eca5-4277-a0c2-801cc0404764
J. Cole,875203e1-8e58-4b86-8dcb-7190faf411c5
Armin Mueller-Stahl,f61bb183-fde3-4d2e-9189-9e6ffe042fd0
Garth Brooks,b76645c5-78b0-4e4c-8f95-003f40013a45
Anette Olzon,39b8f29b-2881-471b-9f33-5a23df6388fc
Golshifteh Farahani,fa088d46-39c8-4ec5-a2f9-73e4e119f910
David Arquette,21f130a9-425a-41d6-a63d-b11ba283c658
Telly Savalas,b8dc8dc3-5311-454a-aa6b-b2c0ec0b2c56
Celeste Holm,a4cd9bb8-f04e-4bd4-80ff-e27c06df2978
Petula Clark,40e69149-45a7-4dab-8128-c5a4d9654eeb
Tia Carrere,9d8ba385-c80b-429b-9d45-c4059100e5bc
Taraji P. Henson,89f93b5e-1933-49e1-84ba-bb7061635254
Sirusho,fe525302-478a-4629-b439-06299ffd6d73
Ike Turner,b66fa5c1-ebab-402a-865d-26acaf8de3d5
Jemaine Clement,b0e84e70-f294-43ab-8025-abc0cd2f5339
Bae Suzy,72325a65-557b-47d6-8bbb-b374b380bc5c
RuPaul,15257a48-d9f6-4fd1-b30e-323576b15aca
Salif Keita,b29a24ff-2c55-437e-867b-1456c9f3f73e
Fanny Ardant,e8750053-93a1-45e5-975d-7a138781c90d
Walter Huston,4ee8c019-7952-427d-af09-378df44c9302
Brad Delson,2d4a1dd1-2cd8-4553-bf0b-74b8c9179633
Rhys Ifans,eb7900ee-95a2-43fc-8ff5-963aa5709558
Esther Williams,97b9b0b6-a9a9-40ac-86d8-d9c95b4d83dd
Esther Williams,cb2baafe-3ea7-449b-979c-e79ccda4079b
Elsa Lanchester,5fb7001d-5a61-434d-8854-f275dbf1c456
Elsa Lanchester,b1fa638a-53be-4c0b-9237-3d87543ae36c
Éric-Emmanuel Schmitt,b4d55aa8-7257-429f-8cc9-11606f91eb26
Jamie Campbell Bower,6be5009b-f40f-402e-9a2b-80a7a064ce99
Falco,dcd95aa4-f3ff-492d-a621-8518ada0f58b
Jeff Hardy,383e9674-0792-4efc-b005-a49d76be1e63
Jeff Hardy,a00c189b-c1d0-4dc8-96ae-2c8ff4c02553
Jamie Lynn Spears,0b27d203-4760-40f4-82c2-8a4047d6cf86
Kurt Weill,0e738f68-783c-4a6a-80ae-4f7500861060
Verka Serduchka,8c85cfa1-2eaf-49d0-bfa6-a448e2d2d7d0
Suzanne Vega,cf119120-7df5-47d7-9dec-49f8837a4e40
Christina Perri,38d363c7-fdcb-4308-9474-a0d14ab8d9b7
Whitesnake,5dedf5cf-a598-4408-9556-3bf3f149f3ba
Sanjay Dutt,bc90bd20-c5ed-425d-a2b6-6e81a39b6c12
Craig David,89e39f67-65cc-4f90-b145-b1b56c209f8a
Randy Newman,da7bb7d8-557d-4635-9ca1-e6e985525bd5
Loretta Lynn,613260c3-d620-4645-94cd-33cd55f29b1e
Korpiklaani,50eec634-7c42-41ee-9b1f-b41d9ca28b26
Dusty Springfield,b896aa8c-2761-40ce-b485-0e1fffd26167
Chris Jericho,205ee1a9-83d5-4df6-aef0-23e00d5bec54
James Newton Howard,f6580b26-77f7-4a7b-8513-6db0476e8f21
Toše Proeski,a61f8004-ccc9-4154-b45a-f677d5869b46
Erykah Badu,321531fc-db73-4ffa-a959-61a61a2908c1
Jeremy Zucker,e116e0be-c371-4d57-bc09-e2d762d82540
Sarah Vaughan,351d8bdf-33a1-45e2-8c04-c85fad20da55
Mira Furlan,32b16298-413b-46ec-88d9-8e4303874b9f
Rosemary Clooney,b6f69ada-cb4f-4083-913f-a00f47bfbe4b
Lulu,002e9f6e-13af-4347-83c5-f5ace70e0ec4
Boris Christoff,5306aa52-87a5-4216-8cd7-a1fa2470c550
Bathory,d292b4cd-37bd-4a88-a823-8710f273cc31
Wilhelm Friedemann Bach,4af324c6-0a7c-4c84-b7ce-c60ffe4a8f33
INXS,481bf5f9-2e7c-4c44-b08a-05b32bc7c00d
William Katt,f7f4760e-4622-4ca4-bb96-4e8560b295d6
In Flames,31745282-b1ea-4d62-939f-226b14d68e7c
Papa Roach,c5eb9407-caeb-4303-b383-6929aa94021c
Nena,38bfaa7f-ee98-48cb-acd0-946d7aeecd76
Good Charlotte,b267ca80-034e-4dc1-9ed4-ec45f1fed41d
Wayne Knight,89e4d972-edf9-4b31-84d4-1f5c975cc885
Samuel Barber,74ed34ce-ee95-44e9-a87d-4d2d5056c24a
Cory Monteith,037fb0ee-7df9-47fb-9a30-49a0af3f6bd8
Bobby McFerrin,a996b5bd-db99-4257-b036-336f63448aa2
Verka Serduchka,10f87b54-0e95-4268-9857-e2660367c305
Gilberto Gil,cf6b70f6-2616-481c-912c-0263cabfc974
Dimitrie Cantemir,853620fb-99c3-4b16-9c27-ee37c4e0a330
Peng Liyuan,9358ac97-1028-4756-8726-fa1b8c4e1f90
Jesse McCartney,9d075d6e-9492-4343-ac95-93a808f61477
Boy George,2787bddf-6439-4c73-8162-5f4a1e5fa030
Violeta Parra,bb92cd9f-0446-42bb-adc7-b6f7c5bea2e3
ASAP Rocky,25b7b584-d952-4662-a8b9-dd8cdfbfeb64
Gerard Way,53dc88bd-cdcb-440d-81aa-51a40ef07848
Melissa Benoist,14ba7057-dee0-44f6-b1aa-f0311e5c2a6c
Janelle Monáe,ee190f6b-7d98-43ec-b924-da5f8018eca0
Juliette Gréco,bb839dd4-94be-4732-b014-135a64c340a6
Corry Brokken,a0d180db-5990-44d6-b4cf-9fd473ba27d3
Boy George,276ba512-fb62-495a-9882-e14028133b1e
SZA,272989c8-5535-492d-a25c-9f58803e027f
Yann Tiersen,12d432a3-feb0-49b1-a107-d20751880764
Samantha Fox,ffdb2b8f-ecbf-427a-abc7-c47f4ebc8ae3
Suzi Quatro,2c16cb3f-e85f-4158-889f-ffc038f5792d
Richard Kind,9b298ef9-5cb4-4f35-9e13-b790197e411c
Giorgio Moroder,38dd6337-19ae-4793-ab4b-313eff523457
Mango,9298257c-e9b4-4baa-bf4b-a04475d0422c
Marie Fredriksson,3a0373c0-f9c1-4eb3-9c10-53cc18193b07
Željko Joksimović,380b799f-4aca-44e9-aade-5b0714cadb6c
Gracie Abrams,f7441bc7-d7de-4813-a2fc-31a4033d396d
Chappell Roan,56a55378-f155-48de-80a5-d80104221267
Evanna Lynch,4314fa64-2047-4590-a402-c590a7652487
Sophie Kinsella,9de026f1-1d3a-409e-83df-ba4c46546230
Stan Getz,8f2422ab-0ec6-4c92-80c4-afe9622fab32
Penn Badgley,4e2cdf7a-09b3-40a0-b3b9-9ff308fe7870
Shawn Michaels,8ef83cea-f741-4c17-b7ec-52ea6cfe4e1d
Marc-Antoine Charpentier,4fddc10d-b218-43b7-8d8d-65500e1402d0
Steven Yeun,3aa2490f-ffd9-4119-8a72-da2f114bd9a8
Peter Weiss,0c2d8e7d-daba-43d1-a3b9-4a80a6cb5c6e
Emile Berliner,4de55402-e369-4c48-9850-7248403f507a
Emile Berliner,50dcf508-ce8f-4bc4-bb8f-e3a3d758dfbb
Emily Browning,5358b552-626e-49ee-bc91-0def4ed1178b
Die Antwoord,7e07ffb5-c0f6-4891-a74d-a5e12a247785
Chicago,3f5be744-e867-42fb-8913-5fd69e4099b5
Helene Fischer,167e1cd2-4a9e-4f34-bcda-2e0acf0a1797
Sammy Davis Jr.,4bc9e8c3-7eae-454f-a56c-bccf96f3926b
Witold Lutosławski,af4c43d3-c0e0-421e-ac64-000329af0435
Siouxsie and the Banshees,78ea5ea1-3c4d-4b7e-ac5d-68900319ebe2
Eurythmics,b4d32cff-f19e-455f-86c4-f347d824ca61
Sara Bareilles,e54be6b7-5c26-4b47-bb3f-c137429b9b55
Art Tatum,e073f6af-d696-4340-b847-e81fabc4d55b
Sayat-Nova,2f9bace8-8d4e-47ae-9925-b1250b0caaa4
Manu Chao,7570a0dd-5a67-401b-b19a-261eee01a284
Grant Gustin,0059a71f-c33a-4c57-b7f3-bb0657f80f1f
Loreena McKennitt,c1e5344e-1bff-4727-9417-a4f55e41b5ff
Travis Barker,3aebd566-7ff8-4b29-b017-051b6ec55861
Yngwie Malmsteen,8fa5d80d-37e8-4133-9d5c-6bad446c63f0
The Moody Blues,774666d2-2064-4d6c-856c-f8cda0aaf9f0
Andrés Segovia,443aad48-c7e7-476f-96bf-90f123a4829b
Keke Palmer,58182588-b18f-4bc4-a7fd-3805c408b04b
T-Pain,ce55e49a-32f4-4757-9849-bf04d06d5fcc
Ricchi e Poveri,706fe5d6-96df-4c64-ad42-894db061e3da
Sandie Shaw,16963107-9288-43a2-946c-81de2f5eddfa
Sonny Rollins,3b47247e-5b57-49b6-a0ed-bad80243802a
Nemo,957d2dfc-56ed-4712-9af2-28a158b403b6
Jackson Browne,88527d26-7496-47c5-8358-ebdb1868a90f
Lyudmila Gurchenko,3729211b-ed61-429c-9017-c785aa4e1154
Toni Collette,b443271d-fef6-44cd-8cb5-bdc8af6bcb3e
Tina Karol,81fdd079-7d05-4ba4-8577-9500df6a8c4c
Karel Gott,c5e0328e-035a-45da-9ae5-908bf22169aa
Betty Grable,f77585f0-453d-44c6-b33e-c694c15ed202
Lizzo,8fb5370b-9568-4b61-9da5-2aa12c9928db
Diana Krall,67d2cb7a-9ddb-4a7f-82bf-5a2d1a038e98
Andy Williams,57cb4257-9855-4a42-b1be-bfba1d9b520d
Enigma,f1d1df24-91af-4d27-83a4-9b4ad29b37eb
Tré Cool,0dcee02c-5d2c-4f5c-9d60-d58a4df32d9e
Ice-T,2553581e-68ba-4eaf-9fa6-0f3aa6075841
Johann Nepomuk Hummel,f7ef501b-2bc0-4083-ac52-3518255883a2
Ice-T,8a75ce0d-1df3-47cc-b076-ce2f4e8250f0
Carice van Houten,090426e2-fb48-4bd1-a82d-3e3c3f4775f8
Becky G,eb90c8b8-d733-4c14-a293-105c3d1ba9b3
Ansel Elgort,75404e30-3674-4f20-9ff2-1d267e3d38e7
Rob Halford,9f0d5967-5b88-44d6-9fa1-7d4bb8b61ed0
Massiel,d797e11e-f963-48f1-8076-67d5748cc5d6
Alida Valli,4854ea0c-5d3f-4299-9ac7-ea0e87471a97
Corey Taylor,15e02679-7a5f-4dd2-850c-5aa6e49d0878
Charles Mingus,f3b8e107-abe8-4743-b6a3-4a4ee995e71f
Maluma,e8979f75-9110-4df8-ac70-898898d080d1
Monkhaen Kaenkoon,24c436f6-42a9-4ab1-9d2e-3a598214369b
Amy Irving,1b9447e1-1a9b-4683-a23d-f9dbab7f9aef
Aubrey Beardsley,2ec5cb00-3312-42b3-8f16-baa8cc1e309c
Nemo,bbf26710-1153-4672-bc7b-66f9ac066c13
Nemo,77787147-bdda-40f4-bcdd-5e327318c145
James Gunn,1684a2b2-0ed9-400b-ae00-795f41a77ad9
Udo Kier,c95a8194-a3f6-47f3-bd35-383202851186
Fanny Cadeo,b997577a-a70a-4b65-82ad-e30b44bd5543
Roger Daltrey,3896a59d-3058-4797-94b7-864bc58ccd98
Stratovarius,c3d6fdd5-67c5-453e-87e3-d17a00a52879
Chyler Leigh,2e75d48b-a57c-45c8-b683-60f465bf90b1
Mina,a56f5af0-3e87-4877-b68f-390f62903381
Parker Posey,5696ec8f-e26d-440a-8fbb-47d801ca2387
Elliott Smith,03ad1736-b7c9-412a-b442-82536d63a5c4
Status Quo,1884ed9c-6fe1-468d-a7f8-8d19c9c4e441
Alesha Dixon,b54a3b47-8f52-46fd-85f2-49165ea437b8
Seventeen,b4ddad6f-2e02-4c9a-a392-79e389be95f1
Wynton Marsalis,0d74dcc7-5684-4695-830f-a9846aad8ba9
Kevin Jonas,7b54e7dc-bae3-43f8-992e-10c43b859659
"Earth, Wind & Fire",535afeda-2538-435d-9dd1-5e10be586774
Hans Krankl,2b5eb322-074a-45e5-ae1b-803831442e64
Alicia Witt,61cc8cd3-aa05-4c12-b46e-9b4cc51ed98d
Andy Lau,f738bc44-5806-4013-aee4-5469c0c2ec30
Tom DeLonge,e24b50d5-0e5b-488d-8f72-d80be094ee8b
Sonata Arctica,319b1175-ced9-438f-986b-9239c3edd92d
Hoobastank,2fa0d3ac-b64c-401a-b0a1-4915ba6cc157
Sarah Hyland,7d015ab0-a822-4174-b446-3a9b1644099e
Luciano Berio,d61e77cc-80b3-4586-bf4e-91fe7f13165e
Cradle of Filth,7e26cbe1-b8f5-4215-af82-e43d5f8ff308
Tiziano Ferro,d12b05b0-a0af-4c2c-8c8c-ab8bcf49439e
Alan Parsons,9774cfd1-8862-42bd-919e-156c31f079b4
Bobby Darin,1f223eed-aa38-49da-9e76-62ab3adc2e04
Carol Channing,1b3004ab-ca43-495e-8b11-88a10773c8d5
Moya Brennan,51823891-6035-4d6c-a007-b70a86747023
José Feliciano,3c004c98-aab6-4b63-a2df-e07c98e73b0a
Sharon den Adel,7f4195a2-c1ce-4dae-bbbc-3f5967f077ec
Anne-Sophie Mutter,206e3a6b-301f-4a0d-8632-7dfd7927cbcf
Tuomas Holopainen,ae4c7a2c-fb0f-4bfd-a9be-c815d00030b8
Portishead,8f6bd1e4-fbe1-4f50-aa9b-94c450ec0f11
Taylor Hawkins,f0d35e7c-bbda-4063-a07b-0aa044fa5c8a
David Byrne,d4659efb-b8eb-4f03-95e9-f69ce35967a9
Arrigo Boito,344d0eae-3b48-4da7-8c56-af771c4f6c1e
Shavo Odadjian,e68f2984-b0e9-42d7-b132-9570b7c75e29
Pixie Lott,77de9077-5074-4a07-9fe7-049414715ea9
Damon Albarn,7d7a5fdd-0d04-4c36-8bee-906feeae239c
Michelle Branch,a10f94a9-2a3c-4166-b9fa-a7bed0bf7d96
Massive Attack,10adbe5e-a2c0-4bf3-8249-2b4cbf6e6ca8
Ricky Nelson,0b511854-c21c-4af1-9c31-e3fc178ded61
Dimash Qudaibergen,1582904d-c174-4b36-8608-861360e9325d
Foreigner,160629ab-ec18-4931-8c95-02cb92d06186
The Corrs,acf6c776-d0f6-4239-b5a2-a45a613ffa52
Mario Lanza,09fa3805-2477-4944-9d30-e4e75fc92954
Traci Lords,e723914e-7ce7-4cbb-ba43-b09d436f6362
Hadise,812a9440-b8f0-4445-b6c3-0e3da0cbbe41
Galina Vishnevskaya,e11d1526-e57e-4d75-b38d-1a3014a8c835
LL Cool J,a4dd0e77-83b8-4e92-89b7-effb0e47fd8c
Jamiroquai,f4857fb9-e255-4dc6-bd01-e4ca7cc68544
The Edge,a94e530f-4e9f-40e6-b44b-ebec06f7900e
Im Yoon-ah,13b8076d-532c-4692-b896-6ecac9d9d8f4
Nick Drake,99ea432a-e3d8-42cb-9d5e-db316a6a8458
Lil Peep,92da4329-77a4-425c-8e92-4280110cace9
Tom Kenny,4deae17b-064b-4ab1-aee4-f1f99bf9ef26
Malcolm Young,ea719716-da05-46f8-bbd5-cc5803db3d0e
Engelbert Humperdinck,62c28bc0-f696-4c50-8e54-5f8e9120bdb8
Brian Johnson,49acbee5-5fb5-4cf1-868f-67bc01de2d84
Rebecca Black,312c7cc1-9b5c-4406-963b-9f73f50674c0
Tom Odell,fee6a7fb-80d9-4290-a171-e48f1f20e381
Cascada,04af2581-6692-4f14-a7fe-151a36f20368
Valentina Monetta,be1c85df-33ee-4694-acea-400517384be2
Mike Epps,7a38eea1-ee60-4dc4-8b11-4a26a811cf5a
JoJo,ed29398b-bbf3-42a0-8eff-8631509c271d
Sandra Kim,60f5e324-d051-42b1-996f-a2a0e4b2c855
J Balvin,5bdeb32d-56a5-4b6d-a768-264101fa0a0a
Dudley Moore,2e6ca8b5-ed18-47c2-baa5-e9ea910dea22
Jimmy Cliff,2caa54a7-b08c-41da-b892-3a41abe778be
Melanie Brown,9a6f7310-87f0-4fe0-baf1-a58f719b1f3b
Cynthia Erivo,752bebd2-b44c-41bb-8a21-bdf3cd1b5518
Ben Barnes,3050d86c-16d3-4851-b456-05a45a41aabd
Tate McRae,f9133869-f87c-459c-9aa7-2f176cda7e06
Rajesh Khanna,65e9c857-eaea-4200-9049-20758335adfc
Tyla,45425c84-9092-4e2c-b732-e1d0280b580a
Hans Krankl,bf93c665-443e-4fda-a29a-24b578e065e4
JJ,cce9ace8-4300-45ef-a9a6-4cb7cb9c35c2
Seventeen,4bf4b341-01e9-4905-a321-1024b08bb8fb
Seventeen,e04d239e-9fa8-49b3-b9b7-9e439c3cb1d1
Seventeen,f0253276-db6f-48a5-82f6-11e1e385cb41
Brigitte Nielsen,640904da-2b8e-48db-907a-3c5a4989bcae
Vytautas Landsbergis,40c8a9f0-7d11-4630-b8a4-f79b107c6ecc
Nora Fatehi,9593902f-8413-4648-a446-688be9e6421c
Hans Sachs,ae28f351-a874-4473-9f03-be2fd2b72c4a
Natalia Tena,a33b1cb2-f046-4b80-bba6-11d25aa1b332
Mina,030cae44-7b1f-4f64-8c28-18e24c98bb6e
Mina,45b397b0-162d-4250-93de-ebcdcc9a56ad
Mina,93a96c62-1f33-4d45-b27f-23871f4ee810
Dinä Ğäripevä,bcbab171-ad17-40da-95ea-75d7d37d6dff
Totò,283b244f-e20f-4eb0-adeb-aff9d353f0dc
Totò,7afeaec7-baee-41c7-b42e-71f42b77a9df
Zedd,56c4b861-0922-4c3a-a9b9-3bfcb00f8274
Emina Jahoviç,54a8da32-bfaf-45b3-910d-61884352168d
George Sanders,fc85172e-fb31-48c2-abf1-89df7d8466b9
Jonathan Pryce,6d3e5e76-b682-4b6d-a341-8f96e786f57e
Marcel Reich-Ranicki,885e5d06-1ee7-4be0-a641-58ae0b4ccac9
Lidia Ruslanova,c303aff7-e117-4921-a5ca-0dd51dbba55e
Eleni Foureira,864f7d43-db8c-4d7c-a20b-1c58d8e6edf9
Dimash Qudaibergen,6b3276a5-02cd-46d9-b070-ffde289cf2c3
Dimash Qudaibergen,700b404b-2015-42e7-925e-a1558a06113f
The Monkees,b8549efe-f4fd-4dc0-8ef1-226e9c400233
Burl Ives,086c1936-9eaa-4091-b140-ad33a51a3b71
Yma Sumac,53d86951-706c-41c8-9053-a713ea972395
Rainbow,e3cb4543-210f-499a-b0d1-3882c312dfb9
David Cross,e256d9dd-795b-4771-9e0d-b02ab9db75a3
Village People,f19d3d49-be22-4ca6-9903-64d86984fbf2
Jake Paul,9d9cebdc-a9fc-4c4b-bb18-a3f635ab5e6e
Mac Miller,0d198fa9-490a-4a71-ac56-e7ee37888396
Ronnie Wood,92ed8183-8f22-42b2-af4e-d44137610fa0
Grimes,7e5a2a59-6d9f-4a17-b7c2-e1eedb7bd222
Malena Ernman,bcfa2a05-90f6-469a-b25d-b485838f1401
Kristin Chenoweth,9031b393-ced7-4685-9e25-d0b43996158a
Tove Lo,56756959-1e78-429c-b897-e1d056cb0225
Tini Stoessel,95bad1d4-ba1f-4060-940b-d415d66e934e
Trent Reznor,bc880664-6751-4998-984d-ebdbff15d229
Gipsy Kings,44a7f7d5-79df-4f44-8f5e-02dfc0626904
Linda McCartney,10b860bf-f225-4ee0-8c28-e32f1759b4a2
Mac Miller,a0e8a1b1-5f8f-475a-a253-17415c17d0ff
Maher Zain,70ac6b1c-6070-4e4b-a752-25ad8beeaddf
Pat Benatar,6bc658ea-005f-486b-8f94-33a2e40f7a72
Belinda Carlisle,2925aac9-5474-4030-b8a3-4151107010b2
Hardwell,170d6637-36e0-49dd-a225-c4fd5b77a285
Regina Spektor,fbb375f9-48bb-4635-824e-4120273b3ba7
Raffaella Carrà,feeef0f7-33d3-4df7-a269-f811489a4125
Irene Cara,26358fa2-80c2-47b0-a08b-33817caca7e8
Mac Miller,828bc20b-932b-4e2a-a936-cd326824e968
Ronan Keating,f1cd545b-f17b-4d3a-98de-68b695bfe211
Andy Griffith,771bd654-80dd-44a0-bb77-5e09947c9082
DJ BoBo,4603ee86-4f73-471e-8fc7-4a26549ed119
Boyzone,5523ed49-38bc-44fa-8670-2a9c354de0b1
Fred Durst,39c346d7-c098-4b04-ab74-62d59fe4070b
Francesco Gabbani,14f15f56-b064-4c06-be86-97d9525247a1
Vicky Leandros,1bf5c15f-692d-44cf-b136-4d36815f6149
Peter Tosh,7db6aae5-6644-4513-9bfc-ca2e79d4469c
Ross Lynch,f52fa002-e926-4e45-b229-b048b91f2c1d
George Benson,467f69b6-8d6d-4d2c-bfad-e89adf2806ff
Wyclef Jean,4f29ecd7-21a5-4c03-b9ba-d0cfe9488f8c
Amanda Lear,2f2608ed-ff2b-400e-b614-8c648bfaae7b
Paul van Dyk,092ca127-2e07-4cbd-9cba-e412b4ddddd9
RZA,29c28ac3-27c5-4822-8eb6-0af89a3a7240
Crispin Glover,8ac2e18a-6f43-494a-b61f-eedff24d7825
Robert Fripp,898b645e-eed2-490a-8ce2-0e7a4d2d5bc8
Billy Preston,8a7cf497-dc5c-4523-932d-3fcbc9a69d38
Haley Bennett,bbcdb888-dce3-4d40-9e92-6a61c2b8554b
Blind Guardian,7fa7fc04-1011-4876-8095-ecd232edea87
Sulli,06a0a239-40b4-4205-bb2e-b931d4cab71d
Eiza Gonzalez,dcbd3fc9-3ef7-46e1-9f59-476e996ac326
Stefan Raab,db1943f7-1741-46cd-aa4a-494ea3f753c4
Park Shin-hye,11c95469-2598-4c64-b330-a4eef05b3836
Hozier,b4691384-50c3-4afd-9988-51d3ec5db65d
Fiona Apple,a9ee533f-8871-4f62-a6bb-91eb264abc90
The Mamas & the Papas,ff294730-0315-440d-a543-54005779c15b
Vinícius de Moraes,1c01cf84-07c7-408a-b5a8-7dae0b1312fc
Andy Kaufman,03bbb0b7-20ff-4253-889e-3c003e05b0e1
Rita Wilson,beb68abb-51b4-41d1-9645-d0c8306cf588
Mac Miller,bfb79bdc-0fd8-4e2e-bbee-13a6e1980351
Jason Newsted,248ead7d-8058-4e0c-b334-fde70c036f8d
The Yardbirds,191de76f-a224-445d-b041-54df16d65bf7
The Stooges,794c6bf2-3241-416f-9b8f-24e2d84a1c4b
Nicole,2adb0ccf-24c5-4b69-85dd-dc5093020db2
Park Ji-hyo,9fc92dfd-8367-4a7e-88f5-18b24baa1b70
Nathan Lane,6744daab-306b-483c-81c3-d4f7cafd90df
Dorothy Dandridge,fc74743d-ac8a-488a-b3ff-e17cb36b2520
Miklós Rózsa,0008af7d-2aa1-4b4d-80af-b3b64ee3cac6
Layne Staley,ddf488d8-f809-47a0-adb3-95bbc7aa20f0
Stefan Raab,4413aa6d-9057-44a8-b6bb-44af42d2bf65
The Stooges,1253e5e9-eaa7-4ce6-81b8-09725e8cee43
Manu Dibango,826b488f-5164-45ca-abc4-ab11b3c321eb
Esma Redžepova,903123a5-f9b0-4cac-aece-747cf0dad732
Anna Bergendahl,1cce195c-0d80-45ce-bcc6-ae9bd30b4207
Nick Carter,d4c94cd6-dd98-48c2-b1d0-6d4620c350d5
Mark Ronson,c3c82bdc-d9e7-4836-9746-c24ead47ca19
Kurt Schwitters,b9b8e858-094a-4286-a248-8dfd00a4dd65
DJ BoBo,c135c487-742f-4e44-b91e-4c9dbb6e4042
Jill Clayburgh,ccce476d-a6c9-4221-9a6f-acfd49b6c30d
Danny Aiello,fb4e934c-b191-4e1d-8f73-89476c629b7f
Alessandro Baricco,7aa33b80-8241-42af-994d-001527771e02
Afanasy Fet,4c0eb348-c21b-48f4-be4c-0fdbaa465cc8
Claude Rains,73d8b79d-a558-4133-9fac-8800c7829037
Claude Rains,9e737510-b457-4e9a-9488-4bff4c1c9d41
Frank Gorshin,773da636-caf3-454c-9401-8d47554585ff
Kurt Angle,de2d1773-8be9-47a3-b4b8-e464a65306e6
Daniella Monet,5f71c55e-1244-451a-8b53-16433b6df163
Joseph Michel Martelly,1a3d208e-0efd-4b65-8ad1-a5f047354db6
Joseph Michel Martelly,519d943d-67e7-4866-abf1-c0fa5ad45541
"Peter, Paul and Mary",3d621c94-2356-4532-ad52-79e0ef73e20c
Stefan Raab,7846d8d8-bcc5-4032-be43-55e83802f953
Sandra,acd9ee64-3270-46a7-a1ff-410202067958
Hardwell,b2bbcdc0-4243-4a8a-b980-7f6884f8f1ec
George Benson,a2fadf89-103d-4d3b-8dc9-c6185af38bd9
Eric Saade,17865a2c-2ae2-4ef2-b2b7-acbba56e8a19
Kenny G,4cd556a5-db82-43f6-8d55-99598b42da8f
The Allman Brothers Band,72359492-22be-4ed9-aaa0-efa434fb2b01
AURORA,484a4e90-6899-4e4b-a948-a2255d365340
Izabella Scorupco,e50b3e3e-6cce-4d33-b651-d151521cd9c9
Marija Naumova,0207ec72-560d-492c-91b4-72aaa5bafa19
Lamb of God,298909e4-ebcb-47b8-95e9-cc53b087fc65
Electric Light Orchestra,0c502791-4ee9-4c5f-9696-0602b721ff3b
Gojira,1c5efd53-d6b6-4d63-9d22-a15025cf5f07
Michel Teló,6d00cc0d-2027-41d4-be9f-13770037354b
Anoushka Shankar,40ee8fa3-c6d7-4556-b4e2-9f4114565043
Accept,41f4d85a-0bd7-4602-a3e3-8c47f36efb0a
Keith Jarrett,061c4920-3ea6-4835-98f6-02f3b82f5e3a
Ken Page,65ec9270-8522-4fa6-abbe-bde953d108d2
Rose Marie,597588d4-cd53-4afa-9de3-ab7726104fb1
Jim Cummings,de55eda2-95d5-4840-9504-53f3319d3132
Henryk Mikolaj Górecki,7a837d63-a434-47e8-8b48-1d50e54ebb74
Jordi Savall,9a4bb654-35c5-4c88-8460-39d5bb01aa57
Behemoth,69632f9c-31eb-43d5-a864-e73ac72efc66
June Carter Cash,4ee75011-678b-46e0-b8e1-8ef47e5b7379
Darkthrone,af8fd97c-db72-4e30-b2aa-30ebd0c4f1a0
Blue,9c79224c-70cd-4367-8d90-35ca99401b75
Bill Withers,fd1a2d9d-9bb6-44de-83a3-41560658aba9
Byun Baek-hyun,7593e0e2-fc1c-4855-a645-731c7504e16b
Procol Harum,44119570-4d53-46e7-a447-bd18608c28d8
Ritchie Valens,5222714d-21ee-4061-87f7-c749f1586790
Henry Rollins,656b39fb-979c-4c57-bb87-61d1a8eb38d1
Zakir Hussain,a198b33b-a907-462d-a437-b6cc1b98b8f7
George Jones,f2903be0-79a7-4334-8cc5-e45309482a97
Googoosh,0d9b88f3-054a-4f53-b447-2f3f503c8290
Hyuna,72e54f6a-baab-46e4-9b74-8b481724ac99
O-Zone,5cb608ea-bd36-4a33-b9a5-822c7fc4194d
Fatboy Slim,ba81eb4a-0c89-489f-9982-0154b8083a28
Sugababes,dfa715ac-b536-44df-af43-570d3ea3edec
Lena Katina,5f46a984-294d-4d41-9055-0ef628c66f40
Lea Salonga,67f4ab30-bfe1-483a-a5ae-c6e6067497b8
Steve Reich,a3031680-c359-458f-a641-70ccbaec6a74
Alan Thicke,f3a6bf76-bee6-4661-a0f6-9bce4fd5bad7
Molly Ringwald,e1f77c73-8ce0-4b6a-aa57-64ce4702c971
Isabela Merced,52f18401-8d96-4b93-95e0-1463cb05b0a5
Tom Morello,42a636a0-dbe4-4d0c-abe2-1590fad9531b
Bobby Farrell,af221dbe-8908-41aa-a9ef-d692f68d0b63
Barry Gibb,b02e4ca5-312a-4d2e-b087-30db9d5ec579
Stephen Sondheim,bcd6af9f-afa8-43fd-b1be-acbbbb2f7dc7
Marina Diamandis,7f3d82ee-3817-4367-9eec-f33a312247a1
Marie Laforêt,24e2bb07-b2b9-4376-860d-352851ef13f4
Julia Volkova,209bcf5b-552c-4a2a-8baa-cb490c1a4dfe
Keri Hilson,b76c616a-ec0d-4f0c-b986-f249c4a04d77
Deadmau5,078fb92a-a764-45a1-98a2-c2e94a4520f4
Jason Schwartzman,197c5ea8-1fee-4692-9282-bd093852292e
Phil LaMarr,e0d4c8e7-f30c-4407-a36b-43009ebca3d2
Charles Trenet,cf97f8c4-f287-4c0c-a07e-6ca2fdd8e8c2
Jake Zyrus,2defacc1-46d0-432d-a01b-7f7d9c6d1d71
Kishore Kumar,793b8f58-80ab-49b3-b5ae-d94034dab10c
Sean Kingston,f7eb3be3-1065-4a53-94d4-e2d0c15c0b33
Chou Tzuyu,468eaa07-e991-4c9e-bff2-f84be07c290d
Fatboy Slim,34c63966-445c-4613-afe1-4f0e1e53ae9a
Ashanti,a47ed6d5-480e-428c-8ce9-d7a6a571e857
Jacqueline Boyer,26990fd0-f772-4ab1-a5fa-3ac1f2c02d1f
Paulina Rubio,5938c629-1d06-480b-9780-859b153af11e
Albano Carrisi,9ace3c39-0a36-4193-948d-f96b79d24295
Ian Anderson,12fffb1f-39af-4efe-9426-92e05bb651d1
Donald O'Connor,18130042-340e-4303-8464-383b7009e8ec
Haifa Wehbe,4aed3268-3863-4387-b9af-9edb5c4cd087
Brent Spiner,5667e451-5eb9-4861-bc55-f0754db44649
MØ,3ab2ee23-1c2f-458c-9c8c-ca4844729120
Honor Blackman,fe02b8d8-fd46-43fe-8b6b-db9085fff699
Geezer Butler,123814ce-f7f7-44c9-b84d-0088b1e230a4
Jesse Spencer,f911f41d-3c8b-42fa-8ce7-2d5506c469b8
Machine Gun Kelly,f6af669a-56ea-448a-a044-de76181ada33
Emmanuelle Seigner,4fe7bf12-00d0-4388-90b9-53b8e9f01f3c
Lin-Manuel Miranda,925c7673-0e85-410f-b7e4-d9705a7aa619
Carly Simon,c4df30f5-5487-4806-9189-b69c9f27532c
Alka Yagnik,52cf0679-e1cf-42ca-b9b5-86e018b36d91
Gojira,0e74edbb-df08-4b11-8afd-55fc3579e9b7
Adrian Smith,400cc081-5ebd-4571-afa9-7c993fb56ac4
Jake Wesley Rogers,24f3fde6-c531-4f16-a2d6-210c2f5cc480
Zlata Ognevich,7338000f-8c24-479a-9af8-e4ff720e165f
Joe Hahn,d07bca29-d980-4100-8cad-065a05f2b343
Rob Bourdon,f1dd0051-5578-45a7-a733-03113626407f
Valeria Bruni-Tedeschi,c1aef847-1127-432c-b433-e0b763f5e6c0
Jena Malone,a5a4551c-1609-47e7-bca5-5f318c040019
Shu Qi,b0673154-5934-44fb-ac1c-510ef5ab7d7b
Billy Boyd,f1009e7c-c1b2-45e3-b3fd-711453420e3e
Shane Dawson,2541febb-0ac2-426f-8ead-8acfd9a5c6b0
Tyler Posey,ac35e9eb-ad79-437c-b5bc-ac2cbe2c37e9
Treat Williams,51ddcd11-ca2a-414d-bc6c-c2d9aea7c027
Salvator Rosa,635c2524-174b-4756-ac1c-8181ba11a7dc
Robert Forster,7bddd9c5-b9f9-4a41-ba87-39d20fde85e8
Serhiy Zhadan,39c97dfc-21ba-40c7-85d1-67dfdee1b608
Deadmau5,2c5b541d-b62b-4063-a106-15193dd12b3f
Deadmau5,4a00ec9d-c635-463a-8cd4-eb61725f0c60
Deadmau5,d5031d3e-7f63-4cb7-98b1-e3df87b17cfc
Ricarda Huch,ffb1ab2f-b54b-48f8-b3ce-23fedced32ff
Ri Sol-ju,7e4ebd90-187f-4c35-ab80-f1be9ee7d1da
Amy Madigan,bde1b210-0dec-4969-af38-efc07fb759e4
Colton Haynes,97825556-02ce-4414-a76b-389af4087b0a
Grace Slick,5015d411-eec3-4126-a613-60532e33d5cb
Dead Kennedys,37c78aeb-d196-42b5-b991-6afb4fc9bc2e
Brad Renfro,b6deb829-53a4-4ccd-9b72-eb0e9dc4027d
Immortal,b863cf80-19c6-4a87-8e42-6cff7ac8f18f
Kaiser Chiefs,90218af4-4d58-4821-8d41-2ee295ebbe21
Laibach,c779e090-909f-4403-a90e-c1d08cdbb719
Lewis Capaldi,526aab94-697f-44a9-b630-41d1c0505953
Gore Verbinski,dc3ef6a4-ee5b-485b-a522-365d4359849a
Burna Boy,78a19169-ac75-4868-b504-7e2e073118e0
Florence Welch,88798869-338b-418e-9c47-97365444b734
Gotye,6f6fd596-76e0-4b82-aa37-f558ac2d337b
Thin Lizzy,6a726ac6-019e-455c-8bbb-571a77bed52e
George Chakiris,8bf7f0dc-30ee-43a0-a096-fdba369132d0
Teddy Scholten,1640f3b1-cbef-4f78-9b57-01c9863ab3cf
Mumford & Sons,c44e9c22-ef82-4a77-9bcd-af6c958446d6
Aram Mp3,ba5eb5b9-4384-4609-a1c6-01b25fa1894f
Tenacious D,148ddea2-6839-4354-8e2c-5dfadf136b7f
Maya Rudolph,3c6ca3fd-92e8-400e-bac2-447a9947daef
Alfred Newman,dbe22c4f-6a21-4b7c-ad09-e4048d1065bc
David McCallum,072ee2ba-9a27-4667-b25d-81f64c5c48a0
Dead Can Dance,ccda046a-2674-4f7d-97e6-f23d6c156432
The Bangles,f31ec2ac-9071-4306-acd1-d2c8321033b5
Air,cb67438a-7f50-4f2b-a6f1-2bb2729fd538
Gene Autry,675b7627-6b5d-4a46-a728-785cb24a299e
Sean Lennon,722c6718-0c61-4db2-a8bc-993a8c5d2baf
Zhao Wei,b912817f-c95b-4b07-b101-3b900d4137f6
Max Steiner,e466fb04-0175-4875-bb39-f50200b66805
Caetano Veloso,f07dbc2f-317b-470f-bad4-5f1b0eb6faf1
Riz Ahmed,c3483823-d932-4208-91cf-70735316e70f
Allu Arjun,e4559277-4d8d-458e-822b-ff39380228a9
Cab Calloway,315bd083-892b-4e76-a9f0-91a7408168fc
Alfred Brendel,4a37c64f-4151-4c4b-ab69-a58450f9967e
Keith Emerson,e1350b4d-286e-40f1-894f-8c88a03351fe
Kitarō,f3d8c154-208d-4efa-b52d-7e9f16adcdae
Jewel,abae8575-ec8a-4736-abc3-1ad5093a68aa
Gianni Morandi,11bb0196-0dc3-41fa-be26-671ca78799f2
Michael Moorcock,fa668ea9-009b-426a-93bc-fbd1965e6b0e
Bo Diddley,bf659d74-0b61-488c-8a7d-594f43bed9e0
Stéphane Grappelli,bfc03211-a3a2-4700-8fa3-00968c02c5d0
Joe Keery,48f30c03-cce7-4329-bb0d-1c77e398a218
Nichelle Nichols,8ccec883-cd3f-49d6-8efd-43f2950bd1f2
Bonnie Raitt,0f0da09c-3940-4cb5-879f-4cea28907810
Zucchero,00ed154e-8679-42f0-8f42-e59bd7e185af
Hildegard Knef,fef1e787-e631-41a3-b8f2-a834291d8bd1
Amber Benson,f518869c-5ac3-4f32-9a61-4b49f8eba625
Ann Blyth,de458fb8-288f-4caa-a98b-c4ec32cb241b
Romina Power,5562addf-0d76-4a9c-8a94-8b57a6aaec5e
John Petrucci,556e6577-24b9-49df-944b-242c9c32bf08
Alessia Cara,97e69730-3791-423b-9770-287261588854
Isabelle Aubret,c52365f9-32ce-4036-8090-ef4b14b3b426
Katey Sagal,971e2203-5f5c-4ac1-a3e2-210413391d09
Glen Campbell,57976431-1a5c-4968-a422-b92c5e9b0d4f
Alexandra Stan,70e6fee5-36b1-4cdb-b573-2132f9566dad
Hikaru Utada,b539e453-c4fe-47e3-8a07-8517eac74429
Poli Genova,cb587545-5da7-44c1-a7b4-3fc3fca2e5b9
Bernadette Peters,87f63ba8-cbdd-49ee-a976-416778f51f43
Gordon Lightfoot,9d97b077-b28d-4ba8-a3d9-c71926e3b2b6
Kristian Kostov,99dc8859-30a8-4746-8e49-f2766ffba735
Method Man,94dbfe2e-ca48-4e08-a5a8-e1e74136c63d
Iveta Mukuchyan,7eb57432-59b5-4976-a2f2-0695601966da
Dexter Gordon,cc1588e1-5ba3-45a6-b80c-b31035c89339
Park Bo-gum,e3131541-abe1-46cb-9285-a9b1eebab483
Il Volo,0bf8b6a0-8ae4-42f7-ba7a-d66d343c73da
Dave Farrell,c8975bbf-2778-47ae-accf-c584e644450d
Riz Ahmed,f1026164-5b7a-4e4e-9d6a-248cde6ea861
Joe Keery,dc84c3f5-a44c-4a46-bf41-fd1640e3c99d
Joe Keery,e3de35b3-a2d7-4d1f-baf3-5d3a31907752
Sally Kellerman,efd68087-52f1-4716-a8e4-d92fb920d58c
J.J. Cale,4b0be624-6b87-47e8-bbf0-588a2c6c0439
Curd Jürgens,302c75cf-b9b3-46fa-aec5-26d090b2e797
Nina Hoss,8d8fae34-af33-4f6c-863a-66e58d0ff404
Max Schmeling,d7eac46d-2bd8-40fd-a264-8e29f957c5a7
Graham Greene,158c2f57-ee94-4df5-b410-4d269dcd2b3b
Edward Furlong,bbd5cd50-cb59-45e3-9fee-dc323a6a0430
Journey,abd506e1-6f2b-4d6f-b937-92c267f6f88b
Joe Perry,be797221-0117-45e3-81da-996f8d29db62
James Taylor,107d0c22-d051-4d98-8206-4e14de02132a
Beverly Sills,ccdacf81-4116-4555-a676-cd955736ce8b
Supertramp,d2ff6b6b-fc30-48dc-8952-06f9d8fc64f8
Dave Gahan,d547b148-cf1f-421b-9464-ce7411ba44b8
Iva Zanicchi,0b962cba-230c-4a11-ac14-d89f2d46a1c7
Gerry Rafferty,563201cb-721c-4cfb-acca-c1ba69e3d1fb
Harel Skaat,d668af2b-e35c-48d6-ab38-cba591747e6e
Fats Waller,569fc5bf-bcb6-4bc5-9a00-bd0d258e34f1
Brian Molko,ef7d7e16-e0e2-426c-812b-911c346e8c3c
3 Doors Down,2386cd66-e923-4e8e-bf14-2eebe2e9b973
Mike Portnoy,b5f0d80b-d773-44dc-b136-36163e526589
Captain Beefheart,a1594afa-2f6b-4596-a156-a35853dca691
Sarah McLachlan,ce58d854-7430-4231-aa44-97f0144b3372
The Byrds,2819834e-4e08-47b0-a2c4-b7672318e8f0
OutKast,73fdb566-a9b1-494c-9f32-51768ec9fd27
RedOne,8c84402d-f282-4afc-8d64-049bdaabb92d
Al Jarreau,3e54ba8b-f4cc-4192-9813-890d570e2b7a
G-Dragon,b4f66d7f-3282-404e-a682-97374d63b5ab
Mariza,8cbb4d57-f44d-433a-90bf-a0892af886e1
NOFX,dcaa4f81-bfb7-44eb-8594-4e74f004b6e4
Meshuggah,cf8b3b8c-118e-4136-8d1d-c37091173413
DJ Snake,31445b1e-96f3-4c7f-84ec-dd02e647e690
Peter Green,9a6adb63-10a9-417a-8cd9-3b0fcf5475c5
Farinelli,79e12258-adb2-407d-af70-9c581e8cbe42
Elisabeth Schwarzkopf,f17aa6af-8d75-4559-b212-b83b9549758e
Bananarama,84d06499-0643-46b8-9e1f-45f743a53f5e
Finneas O'Connell,151cd917-1ee2-4702-859f-90899ad897f8
Keith Moon,e64bf907-c90f-4cf1-bd0c-81593b42d4d9
Chavela Vargas,77586a91-4586-4962-b836-e496d3a05432
Faye Wong,692e367d-2846-442d-b13d-1177c3681c65
Jeff Bergman,6945a21f-b573-437c-a689-59aa7dee08a3
Maurice Gibb,00ef990b-098d-4bf6-897b-708e35638854
Goo Hara,526ce891-0659-46d8-b1cb-b2c72ab3dba4
Robyn,5a8e07d5-d932-4484-a7f7-e700793a9c94
Jonathan Groff,f2e11566-b21e-4387-b7f6-e1c24d46fbde
Gilbert Bécaud,e9a4b76a-cf82-46f5-a166-e93473624189
Swedish House Mafia,99075985-0d80-4692-a15e-b16f78831792
Shaggy,fc63d806-ca89-4ea3-a404-ee6de695743f
Evgeny Kissin,5761282a-0965-4ff6-9796-7b9ba0ed70e2
Brian Cox,5c00587c-93b9-4205-a6b7-6f94d079b385
Cypress Hill,51508c1f-8d07-4a00-9cf1-26c570fe7b78
Napalm Death,ce7bba8b-026b-4aa6-bddb-f98ed6d595e4
Melanie,c8c3beb5-d213-40e6-9ef6-d4e1cad59e12
Alison Krauss,6b064ead-91a4-4ac8-8076-b1febe4f4aac
Diahann Carroll,99289589-c6e3-4c9d-8c32-f2f71050c54c
Joel Grey,31e0deaf-7899-4ccf-956a-baaeb6f8513d
Georges Moustaki,6e6dc19f-cfa9-45e8-aaad-ab1d92c60a80
André Previn,06538137-47eb-4dd6-bb78-5c8afa1a1885
Emmylou Harris,35ef61ca-43db-4772-ba27-0489e9ebcb69
Princess Stéphanie of Monaco,a7ef5c8f-4521-4744-ad78-46ac7ceae75d
Mýa,7c5e39c3-7645-4e37-968d-a4e45cd38c5d
Chaim Topol,e23e3e0e-7327-48ce-96a3-481896b26ca1
Alejandro Sanz,9bacf78f-9132-43da-8873-8a9eb49da0e9
The Script,4c98aa1b-34eb-4336-987f-5e50aa059c00
Gianna Nannini,116ed804-4d04-43fd-809f-24e18b17233c
Donovan,72d7d717-0837-4f2a-9641-d0f9fdd3acf7
Hera Björk,19a151ce-f7fa-4bf5-9abe-18964992cfcb
Creed,4b1a830b-0a1f-42e5-b8d5-1d6743912e99
Keith Flint,3efc71ea-3594-4510-b2d5-34c14c8687d4
Gina Gershon,8f763591-7d78-4dcb-97dd-bdc8b3abbb0f
Anitta,d606b860-cc03-4959-a3fd-3a24bccf2560
Lee Byung-hun,75314eb2-049e-4ed8-9665-c1c6a9294896
Interpol,b23e8a63-8f47-4882-b55b-df2c92ef400e
María Elena Walsh,0059d0f1-8d04-4363-a2b2-d79f8b9a29b8
La Toya Jackson,7a0a724b-6c98-4a7a-9991-2faf659d3f8b
Dominic West,f5b140eb-b624-4aac-8f46-a8d11f4f67a9
Lynda Carter,702c816c-18fd-4bc3-940c-27ce39b81958
Alfred Schnittke,2382cbc9-dd4e-4fc8-a92e-5391f70bd3b2
Rick Ross,13bcb2bb-db37-4397-baf5-e0f085be2d64
John Dolmayan,f89c1c00-fdcb-4ccb-bd8d-f9c642b27ee3
Estelle Parsons,a26ed8e0-1d24-4ea8-a200-1edfdd82f25b
Jay Chou,a223958d-5c56-4b2c-a30a-87e357bc121b
Captain Beefheart,6b905738-f1b5-4851-942e-ee0118f3e44a
Roger Glover,583944a8-d43b-42e9-8e3c-29eb89f53587
Lindsey Stirling,53e40f93-f4af-4f8c-819c-7bbe4b6f0a1c
Vakhtang Kikabidze,28c22ef6-2200-4cff-a552-1d2ace71117d
Jerome Kern,8fb64b2e-db8b-4579-ad08-f324ef1bf494
Jonathan Davis,adfa9d07-123c-4dc8-b1bb-99282b166b60
Miyoshi Umeki,51e0d365-1678-402a-9d17-1f8d6060911f
Dan Reynolds,d570e140-68fc-40ee-9a7a-0fae7209f784
Dee Bradley Baker,4dc3f46b-bdb4-481b-ac98-141004296a66
Boston,0d8b0d50-e4cf-4da4-965d-f24c58ec3268
Farhan Akhtar,a230f44f-7ca1-4b94-9be7-5042b40a3eab
Deanna Durbin,10b545d0-d861-488a-bf41-0f502dfcaa0f
Nino Manfredi,47ad7bac-317b-477d-b466-b6074bb32342
Angelo Badalamenti,5894dac5-0260-4175-b36e-e34680a859d6
Josh Gad,fde548d0-4dc4-4331-8f1c-ca342911e5ea
Bill Hader,e6d7e09b-c022-46f0-97bc-45eb3901815b
Rambo Amadeus,fd673f97-a906-4eed-89a8-f58fe28ccc30
Era Istrefi,eded8205-f8ac-4825-af55-8693ddbd7784
Owl City,ad279295-653f-42e1-9aaa-b731df2e78ba
Mckenna Grace,889267c4-7dcb-4114-a953-5f9269f4563d
Jane Krakowski,bc28ded5-5fcf-4144-a0a7-1a976a0f8c3c
Fabrizio De André,204db5a8-78f1-4078-801f-ae8f456eeb60
Mary Elizabeth Mastrantonio,1ea0ec95-7dda-46de-8514-4b8d63fa5d0a
Sviatoslav Vakarchuk,4cf37a71-081f-459f-8b23-1aa9197f6fcb
Yasmina Reza,47f17cb3-0b89-4cd3-9dc1-ea24ba554a20
Garrett Hedlund,6acf524d-bf19-434e-ac52-3cada75366ff
Eduardo De Filippo,76df3e9d-cc5d-49af-ac0c-a7beb98e211d
Jack Albertson,28241d94-0d9d-4639-852a-f6a36bb1cc5e
Aya Nakamura,cf580d82-3f3e-4b86-8874-7e0fbe794f01
Yasiin Bey,9f4551c6-1324-4ac5-b3fe-a5c5cfacd54d
Yasiin Bey,f5c4c27e-5902-4fc0-adfb-7775da3d5363
Cristin Milioti,56f8bdda-33f6-4bf5-96c4-7c7d4e190d31
Mario Adorf,037f5cc3-2560-4571-9444-957397b6b214
Lena Belkina,725966ea-adb5-4eca-82c6-c8df04340a25
Maurice LaMarche,318d1e92-0ae0-4eba-b70d-8d54ff1e0b6d
Captain Beefheart,4a89a163-8333-4821-be3b-35a23e0d7c91
Supertramp,00589e76-0000-42e1-ab52-728241933fef
Miyoshi Umeki,723a678d-8912-422e-abdd-586a348d137d
Vincent Gallo,59e7ace7-3233-4f56-af78-4765957402cb
UB40,7113aab7-628f-4050-ae49-dbecac110ca8
Anahí,4792522c-9eec-4491-9640-8922d5fbf2c5
Sérgio Mendes,6bf591c4-b050-478e-9d9f-167394d66c90
Röyksopp,1c70a3fc-fa3c-4be1-8b55-c3192db8a884
Dr. Alban,85a3072a-08eb-43a4-a57d-f7084503ee4c
Dinah Washington,d385947d-c00d-4311-9cf1-a032a1d4040b
Christine McVie,21551f7d-93f2-4cb7-ba71-7f260058e923
Incubus,e3e0abcd-7671-4482-a9d8-462f5acc9be5
Jürgen Prochnow,16994f3e-4d87-451f-803b-017612ad7b7c
LeAnn Rimes,9092d8e1-9b38-4372-a96d-000b8561a8bc
Chris Wolstenholme,a9e11992-57f5-4a9b-b59f-a6f5e2a2060c
apl.de.ap,1325f8d5-ab22-4dc9-8fdc-f7fa6695c493
Kool & The Gang,2469950a-f0ca-425a-bfbc-baf55ea3afde
Chuck Schuldiner,59f751b5-291d-42be-b490-bdc856ca45c1
John Dowland,7c6ef060-fe44-4c66-ae6d-a86791abaf09
Type O Negative,a63df8c3-28e4-41db-bac2-c6c6e8ff8f28
Hans von Bülow,a9bae7cd-da1e-4f01-81b1-64a13a76b367
Aly Michalka,84b087a6-a86e-4c6f-a207-90b676754ff7
Kristína Peláková,a7103e3e-29a0-4fd0-8825-d2a067e94647
Taeyeon,2b786fb3-a116-4163-9b65-cf56f03c8a7f
Minatozaki Sana,0330b8ee-e1de-458e-8ca6-f2383cb29cde
Vladimir Ashkenazy,15a30428-87c4-455b-b7e8-71013237fea0
Sonny Bono,c43d2302-02db-487b-b62d-8cb3c57f94c6
Aaron Carter,4c0bb5bc-95ad-47de-99e3-fbb4fbc5f393
Tame Impala,63aa26c3-d59b-4da4-84ac-716b54f1ef4d
Jack Johnson,ff6e677f-91dd-4986-a174-8db0474b1799
Lambert Wilson,6a05a4ea-5bb5-48aa-bee6-1b74647e58c1
Kelly Osbourne,6f54eacf-7ec1-4917-8995-6c2f67b606e6
The Verve,d4d17620-fd97-4574-92a8-a2cb7e72ce42
Danielle Darrieux,b01319ec-5fbf-48ad-b208-6a338f7338be
Chico Buarque,3a5d1cc7-627e-48ea-aba3-fdd20d782c33
Skillet,16a43d5e-c52d-4eaa-9c3b-00b2c1d8e816
Bob Sinclar,8347752c-3d59-431d-bb73-f68e29450577
Yeah Yeah Yeahs,584c04d2-4acc-491b-8a0a-e63133f4bfc4
Maite Perroni,898da36d-1d3c-4df5-ba60-928d89c4ce70
Manic Street Preachers,32efea44-6cb5-4b4f-bdaa-c8b8f6cef981
Smokey Robinson,c19ff12b-058f-44a8-b245-b0efb4752925
Namie Amuro,888994e5-6f53-4f53-bced-b20482aea42a
Ariana DeBose,fb2aa269-009e-43b5-9423-03617ea300aa
Katrina and the Waves,a57505c9-6b43-4861-a498-fe00b349d591
Svetlana Loboda,8544e819-41a1-47ce-8c78-d8c44ec099e4
Sara Montiel,686c18e1-c145-483f-bd03-08286eaff543
Emmerich Kálmán,636ae5e2-15df-4046-8ba1-c30da6365447
Bob Sinclar,f9ab44f1-7b19-4ecb-830c-403abcf36cd1
Andrew Fletcher,0042aa4d-a972-4a2a-b7cf-8044d09bbc67
Tom Araya,362105d1-8f4f-4ba1-949f-3e70183880b5
Chris Isaak,479497d4-e7c2-4e78-972e-56e78fac3995
Simone Simons,0a99b857-b89a-424f-a83a-47346b0ab4d0
Kygo,ba0e7638-0cd6-4ff4-8987-c3e224d22c23
Michael Kamen,adcc6c98-0bf1-4d54-84aa-2249cf5e46bf
Anouk,5e8da504-c75b-4bf5-9dfc-119057c1a9c0
Marina Vlady,079fb563-3481-41f1-b46a-08a9356a115e
André Claveau,0c0dee47-ff53-4423-99e3-79c55e27ab60
Kasabian,69b39eab-6577-46a4-a9f5-817839092033
Katharine McPhee,7473425a-05ff-41d2-b375-9b213b8bbde8
I-dle,0068ae6c-7156-40f9-a81f-39294af6a549
Duff McKagan,f2da4752-8db0-4e54-8f30-680acaa8e1cf
Solange Knowles,410e7fd3-b865-4fa0-bb18-1b7fd53382ca
Peter Gallagher,fe5ec64d-267c-4b8d-a405-7c1b67788930
Julian Lennon,fbe1a6d6-12c9-459e-bf73-fdcc76b14b7e
Khatia Buniatishvili,fce26bb5-6332-4cbe-88c1-0b324301ae10
Delta Goodrem,8c5755b4-2de6-4158-bca9-e354cbf07437
Deryck Whibley,9a458130-4e20-4f29-aaee-99784f29c7f5
Christina Milian,78e98e0e-f873-4e5e-b4b7-88b7293fd713
Azealia Banks,0c3505e7-d884-43cf-9028-d318607190a4
Jackson Wang,993b5a29-a8f1-49d7-9ef3-e05233041454
Jonny Greenwood,e9fcfbbf-1743-4f73-8744-ada8da7394ea
Skylar Grey,bd01c9d7-89dd-4cb4-9baa-a43bfa292bed
Lotte Lenya,244f758f-5154-49c8-b3e1-551491e502f3
China Anne McClain,3d97031d-65c9-4363-8cce-9c262989f2ae
Carl Perkins,068bd7ab-c38e-4fae-8ed2-cb0c153ed68f
Li Bingbing,0700989c-11ea-4ab2-b5fc-b0d7fb62a71e
21 Savage,37b2cb82-ef79-4d46-a184-a549450aa231
Dave Murray,621428e2-892f-4a4e-8254-80312b79913c
Xuxa,cf07508b-4762-4650-990a-23376e023f55
Michael Bolton,e8bee5d1-a3a5-4c1a-ada4-f1ca22101e84
Robin Thicke,ddfd9b2f-186e-4b2c-ad09-01aa5380c225
Sami Yusuf,ff084186-8c03-4a84-bdea-039a79b1b2fe
Secret Garden,4ac60dc3-8e50-4c70-be0e-4a4a1298f7ba
HammerFall,abf5f674-dbad-4219-b3ad-dbd6fb163c8e
Percy Sledge,c2f37fdf-5e8f-4d9c-9a03-219a8239cf5f
Niamh Kavanagh,ed8e9c17-fd4f-4931-bdad-5daadfb8cdf4
John Adams,94f46f90-f220-458d-acd6-5f14c55ab9b2
Chubby Checker,920febb2-ea05-4339-8a08-17294e60c736
Divine,9572db59-da29-4f9d-bc00-0287ee3386e9
Mike Phiromphorn,f22c45d4-6ae1-414d-8e63-3e89599c1bb7
Bella Poarch,6e29613f-68dd-4a24-add2-9a9962de2523
Alex Borstein,53daaa69-7765-4395-b895-bc486a37b2a8
Inayat Khan,74fd3c31-421b-4535-a42f-88023ee788ef
Criss Angel,06cbaecf-fb0d-4fa3-aba4-b73e4876a480
UB40,0ae0c87e-c935-482d-ab74-162744111a53
Tony Goldwyn,47e1b4e5-3fa1-43a2-b6a6-f18416cc9a2d
Aygün Kazimova,0d8117e6-f3f6-4a2d-aaa1-2c4d02b4af49
Sandra Dee,37c49f83-23ce-4900-96d0-4334083da3e6
Peter Stormare,ded2a9bb-ef2b-4c79-b494-2d3f2dba1794
John Cho,b29ed479-dfc9-483a-ab8b-f42ee9b5151d
Rick Moranis,2e6e6258-1ecf-444e-8eba-9c334eee2f1e
Patrice Chéreau,9a3e21e5-cf4f-4b55-b212-224402aa05f8
Don McLean,fa19ee38-c2a9-4ed1-9b24-a18100cf9db3
Damiano David,852c198a-75ee-4e2b-9aba-4453c52260b2
Sandra Hüller,2fcfb148-fe7c-4aff-8fcc-3a7e4da7d69c
Hiroyuki Sanada,f1ac30a9-c098-45f3-b8a4-250b340aaf33
Gregory of Narek,5ab4dd69-e60d-48e2-98f0-347822decee5
David Cassidy,37095068-147b-4c68-8d79-ea25a92b590a
Dinah Shore,1a329949-6586-47d2-994a-cd64e13cab68
Rodion Shchedrin,09deb4a5-8746-47f8-b020-cde50023841d
Eric Carmen,4e6daf86-a5c9-42ea-9bd2-9482a71c38d4
