[416/5572] 'Rod Brandao' ERROR: 'id'
[703/5572] "Lorenzo's Music" -> USED_BY [free-music-archive] (44)
[704/5572] 'Newagehillbilly' -> USED_BY [free-music-archive] (24)
[705/5572] 'Suhov' -> USED_BY [free-music-archive] (25)
[706/5572] 'Greg Houwer' -> USED_BY [free-music-archive] (24)
[707/5572] 'Die Elektrischen' -> USED_BY [free-music-archive] (29)
[708/5572] 'Pink Panzer' -> USED_BY [free-music-archive] (24)
[709/5572] 'Jim Rooster' -> USED_BY [free-music-archive] (24)
[710/5572] 'SKGB' -> USED_BY [free-music-archive] (24)
[711/5572] "Ed Schrader's Music Beat" -> USED_BY [free-music-archive] (55)
[712/5572] 'UncleBibby' -> USED_BY [free-music-archive] (25)
[713/5572] '4di' -> USED_BY [free-music-archive] (24)
[714/5572] 'Azureflux' -> USED_BY [free-music-archive] (64)
[715/5572] 'Janina Frank' -> USED_BY [free-music-archive] (24)
[716/5572] 'Dark Chocolate Chips' -> USED_BY [free-music-archive] (24)
[717/5572] 'John Lewis Grant' -> USED_BY [free-music-archive] (24)
[718/5572] 'Philip Corner' -> USED_BY [free-music-archive] (27)
[719/5572] 'Bottlesmoker' -> USED_BY [free-music-archive] (40)
[720/5572] 'Dungeon Broads' -> USED_BY [free-music-archive] (24)
[721/5572] 'DubRaJah' -> USED_BY [free-music-archive] (24)
[722/5572] 'Music from the Film' -> USED_BY [free-music-archive] (24)
[723/5572] 'Gosprom' -> USED_BY [free-music-archive] (24)
[724/5572] 'Jakub Nox Ambroziak' -> USED_BY [free-music-archive] (24)
[725/5572] 'Fit and the Conniptions' -> USED_BY [free-music-archive] (24)
[726/5572] 'Bonifrate' -> USED_BY [free-music-archive] (34)
[727/5572] 'A. P. Vague' -> USED_BY [free-music-archive] (24)
[728/5572] 'Dana Boulé' -> USED_BY [free-music-archive] (61)
[729/5572] 'Synapsis' -> USED_BY [free-music-archive] (24)
[730/5572] 'The Carbon Manual' -> USED_BY [free-music-archive] (24)
[731/5572] 'K.I.R.K' -> USED_BY [free-music-archive] (24)
[732/5572] 'Studio Noir' -> USED_BY [free-music-archive] (24)
[733/5572] 'Sobria Ebrietas' -> USED_BY [free-music-archive] (24)
[734/5572] 'Pocketmaster' -> USED_BY [free-music-archive] (24)
[735/5572] 'Virginia Pipe' -> USED_BY [free-music-archive] (24)
[736/5572] 'mo-seph' -> USED_BY [free-music-archive] (24)
[737/5572] 'Tellemake' -> USED_BY [free-music-archive] (24)
[738/5572] 'Victor Herbert Orchestra' -> USED_BY [free-music-archive] (24)
[739/5572] 'Colin Shaddick & Roger Nicholls' -> USED_BY [free-music-archive] (24)
[740/5572] 'Eric Boros' -> USED_BY [free-music-archive] (24)
[741/5572] 'Ofir Klemperer' -> USED_BY [free-music-archive] (23)
[742/5572] 'Lanark' -> USED_BY [free-music-archive] (23)
[743/5572] 'Blanketship' -> USED_BY [free-music-archive] (23)
[744/5572] 'Plastic Crimewave Sound' -> USED_BY [free-music-archive] (23)
[745/5572] 'Six Star General' -> USED_BY [free-music-archive] (23)
[746/5572] 'Junior85' -> USED_BY [free-music-archive] (120)
[747/5572] 'Comfort Fit' -> USED_BY [free-music-archive] (23)
[748/5572] 'Measles Mumps Rubella' -> USED_BY [free-music-archive] (23)
[749/5572] 'Tinyfolk' -> USED_BY [free-music-archive] (28)
[750/5572] 'Jeva' -> USED_BY [free-music-archive] (23)
[751/5572] 'Snawklor' -> USED_BY [free-music-archive] (23)
[752/5572] 'The Cynics' -> USED_BY [free-music-archive] (23)
[753/5572] 'Mia Doi Todd' -> USED_BY [free-music-archive] (231)
[754/5572] 'Smersh' -> USED_BY [free-music-archive] (23)
[755/5572] 'Mudang Rouge' -> USED_BY [free-music-archive] (23)
[756/5572] 'Yair Yona' -> USED_BY [free-music-archive] (23)
[758/5572] 'XZICD' -> USED_BY [free-music-archive] (23)
[759/5572] 'Pregnant' -> USED_BY [free-music-archive] (23)
[760/5572] 'The OO-Ray' -> USED_BY [free-music-archive] (23)
[761/5572] 'Catholic Witches' -> USED_BY [free-music-archive] (23)
[762/5572] 'Organoid' -> USED_BY [free-music-archive] (23)
[763/5572] '{AN} Eel' -> USED_BY [free-music-archive] (27)
[764/5572] 'Marwood Williams' -> USED_BY [free-music-archive] (23)
[765/5572] 'Puyo Puyo' -> USED_BY [free-music-archive] (23)
[766/5572] 'Peter Rudenko' -> USED_BY [free-music-archive] (23)
[767/5572] 'Jota_a_ene' -> USED_BY [free-music-archive] (23)
[768/5572] 'The Blind Shake' -> USED_BY [free-music-archive] (23)
[769/5572] 'Maya Solovéy' -> USED_BY [free-music-archive] (23)
[770/5572] 'pawspaws' -> USED_BY [free-music-archive] (23)
[771/5572] 'Vi-Fi' -> USED_BY [free-music-archive] (23)
[772/5572] '+' -> USED_BY [free-music-archive] (23)
[773/5572] 'MAT64' -> USED_BY [free-music-archive] (23)
[774/5572] 'John Roach' -> USED_BY [free-music-archive] (23)
[775/5572] 'Kendall WA' -> USED_BY [free-music-archive] (23)
[776/5572] 'Paniks live' -> USED_BY [free-music-archive] (23)
[777/5572] 'The Vivisectors' -> USED_BY [free-music-archive] (23)
[778/5572] 'Monsieur Tympan' -> USED_BY [free-music-archive] (23)
[779/5572] 'Loretta Kelley' -> USED_BY [free-music-archive] (23)
[780/5572] 'Julie Maxwell' -> USED_BY [free-music-archive] (23)
[781/5572] 'Eat Rabbit' -> USED_BY [free-music-archive] (24)
[782/5572] 'Deal The Villain' -> USED_BY [free-music-archive] (23)
[783/5572] 'Ensemble Pamplemousse' -> USED_BY [free-music-archive] (23)
[784/5572] 'Str8 Sounds' -> USED_BY [free-music-archive] (23)
[785/5572] 'Mannlicher Carcano' -> USED_BY [free-music-archive] (23)
[786/5572] 'Ming & Shaddick' -> USED_BY [free-music-archive] (23)
[787/5572] 'Frump! Strumpet! Strife!' -> USED_BY [free-music-archive] (23)
[788/5572] 'Morgan Craft' -> USED_BY [free-music-archive] (23)
[789/5572] '\u041f\u0430\u0432\u043a\u0430\u0448\u0430\u0432\u0435\u0442 \u0431\u0430\u043d\u0442\u0443\u0442' ERROR: 'charmap' codec can't encode characters in position 12-21: character maps to <undefined>
[790/5572] 'Falco Subbuteo' -> USED_BY [free-music-archive] (22)
[791/5572] 'Foot Village' -> USED_BY [free-music-archive] (26)
[792/5572] 'James Amoeba' -> USED_BY [free-music-archive] (22)
[793/5572] 'The Shrubs' -> USED_BY [free-music-archive] (22)
[794/5572] 'Ergo Phizmiz & Margita Zalite' -> USED_BY [free-music-archive] (22)
[795/5572] 'René Vis' -> USED_BY [free-music-archive] (22)
[796/5572] 'Advantage Music Group' -> USED_BY [free-music-archive] (22)
[797/5572] 'Jed Hershon' -> USED_BY [free-music-archive] (22)
[798/5572] 'OCS (use also for Thee Oh Sees and Oh Sees)' -> USED_BY [free-music-archive] (340)
[799/5572] 'Zlatne Uste Balkan Brass Band' -> USED_BY [free-music-archive] (22)
[800/5572] 'Brown Wing Overdrive' -> USED_BY [free-music-archive] (22)
[801/5572] 'Prince Rama' -> USED_BY [free-music-archive] (39)
[802/5572] 'Juanitos' -> USED_BY [free-music-archive] (34)
[803/5572] 'The Means' -> USED_BY [free-music-archive] (22)
[804/5572] 'brunk' -> USED_BY [free-music-archive] (69)
[805/5572] 'MUTE' -> USED_BY [free-music-archive] (22)
[806/5572] 'Claudio Nuñez' -> USED_BY [free-music-archive] (22)
[807/5572] 'Supruli' -> USED_BY [free-music-archive] (22)
[808/5572] 'The Silence Industry' -> USED_BY [free-music-archive] (22)
[809/5572] 'Blanket Music' -> USED_BY [free-music-archive] (42)
[810/5572] 'Brown Piss' -> USED_BY [free-music-archive] (22)
[811/5572] 'Orthotonics' -> USED_BY [free-music-archive] (31)
[812/5572] 'Firnwald' -> USED_BY [free-music-archive] (24)
[813/5572] 'Talk Less, Say More' -> USED_BY [free-music-archive] (22)
[814/5572] 'TV Girl' -> USED_BY [free-music-archive] (167)
[815/5572] 'Anthony Donovan' -> USED_BY [free-music-archive] (23)
[816/5572] '2Kutup' -> USED_BY [free-music-archive] (22)
[817/5572] 'Sacha Rush' -> USED_BY [free-music-archive] (22)
[818/5572] 'Dead Peoples Records' -> USED_BY [free-music-archive] (22)
[819/5572] 'Fearless Super Pictures' -> USED_BY [free-music-archive] (22)
[820/5572] 'Jorge Mario Zuleta' -> USED_BY [free-music-archive] (22)
[821/5572] 'Pataphysics' -> USED_BY [free-music-archive] (22)
[822/5572] 'Friction!' -> USED_BY [free-music-archive] (22)
[823/5572] 'Nutmeg' -> USED_BY [free-music-archive] (22)
[824/5572] 'Doctor Bux' -> USED_BY [free-music-archive] (22)
[825/5572] 'Trinity the Band of Pan' -> USED_BY [free-music-archive] (22)
[826/5572] 'Hudson' -> USED_BY [free-music-archive] (24)
[827/5572] 'Stray' -> USED_BY [free-music-archive] (22)
[828/5572] '\u0424\u0438\u043e\u0440\u0434' ERROR: 'charmap' codec can't encode characters in position 12-16: character maps to <undefined>
[829/5572] 'Asthmaboy' -> USED_BY [free-music-archive] (40)
[830/5572] 'Austin Leonard Jones' -> USED_BY [free-music-archive] (24)
[831/5572] 'White Mystery' -> USED_BY [free-music-archive] (33)
[832/5572] 'Discount Fireworks' -> USED_BY [free-music-archive] (22)
[833/5572] 'La Mugre Roja' -> USED_BY [free-music-archive] (22)
[834/5572] 'Radioactive Sparrow & Brown Torpedo' -> USED_BY [free-music-archive] (22)
[835/5572] 'Marcel Pequel' -> USED_BY [free-music-archive] (22)
[836/5572] 'Yusuke Tsutsumi' -> USED_BY [free-music-archive] (40)
[837/5572] 'SHOMOMOSE' -> USED_BY [free-music-archive] (22)
[838/5572] 'Dr Sparkles' -> USED_BY [free-music-archive] (22)
[839/5572] 'Weldroid' -> USED_BY [free-music-archive] (22)
[840/5572] 'Andrew Walton' -> USED_BY [free-music-archive] (22)
[841/5572] 'Michett' -> USED_BY [free-music-archive] (22)
[842/5572] 'spinningmerkaba' -> USED_BY [free-music-archive] (22)
[843/5572] 'Ervalizer' -> USED_BY [free-music-archive] (22)
[844/5572] 'The Cheese Mites' -> USED_BY [free-music-archive] (22)
[845/5572] 'Corwin Trails' -> USED_BY [free-music-archive] (22)
[846/5572] 'Caleb Lemond' -> USED_BY [free-music-archive] (22)
[847/5572] 'Colectivo Etéreo' -> USED_BY [free-music-archive] (22)
[848/5572] 'Kenji Siratori' -> USED_BY [free-music-archive] (22)
[849/5572] 'The Chills' -> USED_BY [free-music-archive] (22)
[850/5572] 'Concealed Sequence' -> USED_BY [free-music-archive] (22)
[851/5572] 'Overhill Ln' -> USED_BY [free-music-archive] (22)
[852/5572] 'Maxwell Powers' -> USED_BY [free-music-archive] (22)
[853/5572] 'Delphine Dora & The Unexpected' -> USED_BY [free-music-archive] (22)
[854/5572] 'Ten and Tracer' -> USED_BY [free-music-archive] (23)
[855/5572] 'Tep' -> USED_BY [free-music-archive] (22)
[856/5572] 'HCI' -> USED_BY [free-music-archive] (22)
[857/5572] 'Falcao & Monashee' -> USED_BY [free-music-archive] (22)
[858/5572] '(none given)' -> USED_BY [free-music-archive] (22)
[859/5572] 'Poporc' -> USED_BY [free-music-archive] (22)
[860/5572] 'The Beat (USA power pop aka The Beat)' -> USED_BY [free-music-archive] (27)
[861/5572] 'Tiruset' -> USED_BY [free-music-archive] (22)
[862/5572] 'Alex Gross' -> USED_BY [free-music-archive] (22)
[863/5572] 'Fonkdongo' -> USED_BY [free-music-archive] (22)
[864/5572] 'Space Monkey Death Sequence' -> USED_BY [free-music-archive] (22)
[865/5572] 'Neurotic Wreck' -> USED_BY [free-music-archive] (22)
[866/5572] 'Baron Knoxburry' -> USED_BY [free-music-archive] (22)
[867/5572] 'Luno' -> USED_BY [free-music-archive] (21)
[868/5572] 'Black Pus' -> USED_BY [free-music-archive] (31)
[869/5572] 'To Live and Shave in L.A.' -> USED_BY [free-music-archive] (47)
[870/5572] 'Cheap Time' -> USED_BY [free-music-archive] (93)
[871/5572] 'Michael Chapman' -> USED_BY [free-music-archive] (178)
[872/5572] 'Gary War' -> USED_BY [free-music-archive] (64)
[873/5572] 'P.E.D.' -> USED_BY [free-music-archive] (21)
[874/5572] '50 Foot Wave' -> USED_BY [free-music-archive] (28)
[875/5572] 'Selva de Mar' -> USED_BY [free-music-archive] (21)
[876/5572] 'Norja' -> USED_BY [free-music-archive] (21)
[877/5572] 'Throwing Muses' -> USED_BY [free-music-archive] (126)
[878/5572] 'Vlad Makarov' -> USED_BY [free-music-archive] (21)
[879/5572] 'Curha' -> USED_BY [free-music-archive] (21)
[880/5572] 'Yoko Absorbing' -> USED_BY [free-music-archive] (21)
[881/5572] 'Milkshake Daddy' -> USED_BY [free-music-archive] (21)
[882/5572] 'Waste Disposal Machine' -> USED_BY [free-music-archive] (21)
[883/5572] 'Matt LeGroulx' -> USED_BY [free-music-archive] (21)
[884/5572] 'King Imagine' -> USED_BY [free-music-archive] (21)
[885/5572] 'The Electric Mess' -> USED_BY [free-music-archive] (21)
[886/5572] 'Thee Knaves' -> USED_BY [free-music-archive] (21)
[887/5572] 'Dondero High School A Capella Choir' -> USED_BY [free-music-archive] (21)
[888/5572] 'BenJamin Banger' -> USED_BY [free-music-archive] (21)
[889/5572] 'The Monitors' -> USED_BY [free-music-archive] (21)
[890/5572] 'Post-Materialists' -> USED_BY [free-music-archive] (21)
[891/5572] 'Nick R 61' -> USED_BY [free-music-archive] (21)
[892/5572] 'W.H.W.Y' -> USED_BY [free-music-archive] (21)
[893/5572] 'Murmurists' -> USED_BY [free-music-archive] (21)
[894/5572] 'Reier' -> USED_BY [free-music-archive] (21)
[895/5572] 'Siesto Krapooloso' -> USED_BY [free-music-archive] (21)
[896/5572] 'The United States Army Old Guard Fife and Drum Corps' -> USED_BY [free-music-archive] (21)
[897/5572] 'Björn & Gorden' -> USED_BY [free-music-archive] (21)
[898/5572] 'Salon Bruit (Various Artists)' -> USED_BY [free-music-archive] (21)
[899/5572] 'Fanas' -> USED_BY [free-music-archive] (21)
[900/5572] 'Laura Mura' -> USED_BY [free-music-archive] (21)
[901/5572] 'MUTE' -> USED_BY [free-music-archive] (21)
[902/5572] 'Single Copy' -> USED_BY [free-music-archive] (21)
[903/5572] 'Julian Winter' -> USED_BY [free-music-archive] (21)
[904/5572] 'Gillicuddy' -> USED_BY [free-music-archive] (21)
[905/5572] 'SAM EGAN' -> USED_BY [free-music-archive] (21)
[906/5572] 'Eridat Makwiri & percussionist' -> USED_BY [free-music-archive] (21)
[907/5572] 'Berger Rond' -> USED_BY [free-music-archive] (21)
[908/5572] 'Return to Normal' -> USED_BY [free-music-archive] (21)
[909/5572] 'Dollar Boyz' -> USED_BY [free-music-archive] (21)
[910/5572] 'Mt Borracho' -> USED_BY [free-music-archive] (21)
[911/5572] 'Jack Anderton' -> USED_BY [free-music-archive] (21)
[912/5572] 'Greater Than Or Equal To' -> USED_BY [free-music-archive] (21)
[913/5572] 'Kevin Hartnell' -> USED_BY [free-music-archive] (21)
[914/5572] 'Kapotte Muziek' -> USED_BY [free-music-archive] (21)
[915/5572] 'Dino Felipe' -> USED_BY [free-music-archive] (21)
[916/5572] 'H.D.M.' -> USED_BY [free-music-archive] (21)
[917/5572] 'Really Happening' -> USED_BY [free-music-archive] (21)
[918/5572] 'Placenta Popeye' -> USED_BY [free-music-archive] (21)
[919/5572] '\u042d\u043a\u0441\u043f\u0435\u0440\u0438\u043c\u0435\u043d\u0442' ERROR: 'charmap' codec can't encode characters in position 12-22: character maps to <undefined>
[920/5572] 'Anti-Pop Consortium' -> USED_BY [free-music-archive] (20)
[921/5572] 'Henry Homesweet' -> USED_BY [free-music-archive] (40)
[922/5572] 'Barnacled' -> USED_BY [free-music-archive] (20)
[923/5572] 'Glass Candy' -> USED_BY [free-music-archive] (93)
[924/5572] 'The Sounds of Taraab' -> USED_BY [free-music-archive] (20)
[925/5572] 'Thomas Dimuzio' -> USED_BY [free-music-archive] (21)
[926/5572] 'Larkin Grimm' -> USED_BY [free-music-archive] (39)
[927/5572] 'Wolf Choir' -> USED_BY [free-music-archive] (20)
[928/5572] 'The German Measles' -> USED_BY [free-music-archive] (20)
[929/5572] 'Supercute Bye Byes' -> USED_BY [free-music-archive] (20)
[930/5572] 'Wildabeast' -> USED_BY [free-music-archive] (20)
[931/5572] 'Daghoti.' -> USED_BY [free-music-archive] (23)
[932/5572] 'This One' -> USED_BY [free-music-archive] (20)
[933/5572] 'h.' -> USED_BY [free-music-archive] (20)
[934/5572] 'Shadow Priest' -> USED_BY [free-music-archive] (20)
[935/5572] 'Roman Slavka' -> USED_BY [free-music-archive] (20)
[936/5572] 'J. Surak' -> USED_BY [free-music-archive] (20)
[937/5572] 'Tarpigh' -> USED_BY [free-music-archive] (20)
[938/5572] 'máquina solar' -> USED_BY [free-music-archive] (20)
[939/5572] 'Leedian' -> USED_BY [free-music-archive] (20)
[940/5572] 'North Hive' -> USED_BY [free-music-archive] (20)
[941/5572] 'Serhio Efremis' -> USED_BY [free-music-archive] (20)
[942/5572] 'mildtape' -> USED_BY [free-music-archive] (21)
[943/5572] 'Vienna Ditto' -> USED_BY [free-music-archive] (23)
[944/5572] 'Plusplus' -> USED_BY [free-music-archive] (29)
[945/5572] '\u0425\u043e\u0432\u0431\u0430\u0439 \u0425\u0432\u0435\u043a\u043c\u0435\u0435\u0432' ERROR: 'charmap' codec can't encode characters in position 12-17: character maps to <undefined>
[946/5572] 'COW' -> USED_BY [free-music-archive] (20)
[947/5572] 'Viva Belgrado' -> USED_BY [free-music-archive] (53)
[948/5572] 'Hermit' -> USED_BY [free-music-archive] (20)
[949/5572] 'The Cow Goes Moo' -> USED_BY [free-music-archive] (20)
[950/5572] 'The Mind Orchestra' -> USED_BY [free-music-archive] (20)
[951/5572] 'Howie Mitchell' -> USED_BY [free-music-archive] (20)
[952/5572] 'Möbius' -> USED_BY [free-music-archive] (20)
[953/5572] 'My Brother Daniel' -> USED_BY [free-music-archive] (24)
[954/5572] 'U.M.M.' -> USED_BY [free-music-archive] (25)
[955/5572] 'Distant 294' -> USED_BY [free-music-archive] (20)
[956/5572] 'Apache Dropout' -> USED_BY [free-music-archive] (20)
[957/5572] 'Daizy' -> USED_BY [free-music-archive] (20)
[958/5572] 'Kurobear' -> USED_BY [free-music-archive] (20)
[959/5572] 'Zero V' -> USED_BY [free-music-archive] (20)
[960/5572] 'Sergi Boal' -> USED_BY [free-music-archive] (20)
[961/5572] 'Lofiuser' -> USED_BY [free-music-archive] (20)
[962/5572] 'Tearpalm' -> USED_BY [free-music-archive] (20)
[963/5572] 'Los Cuatrocientos Golpes' -> USED_BY [free-music-archive] (32)
[964/5572] 'Peter DiPhillips' -> USED_BY [free-music-archive] (21)
[965/5572] 'E. R. Goodman' -> USED_BY [free-music-archive] (20)
[966/5572] 'Illocanblo' -> USED_BY [free-music-archive] (21)
[967/5572] 'Brigand' -> USED_BY [free-music-archive] (20)
[968/5572] 'El bien' -> USED_BY [free-music-archive] (20)
[969/5572] 'Ras Amerlock' -> USED_BY [free-music-archive] (20)
[970/5572] 'Las Ruinas' -> USED_BY [free-music-archive] (20)
[971/5572] 'The Vévé Seashore' -> USED_BY [free-music-archive] (20)
[972/5572] 'Emerald Park' -> USED_BY [free-music-archive] (46)
[973/5572] 'Ryan Hardy' -> USED_BY [free-music-archive] (20)
[974/5572] 'Jealousy' -> USED_BY [free-music-archive] (20)
[975/5572] 'Charles Curse' -> USED_BY [free-music-archive] (20)
[976/5572] 'Sans Blanc' -> USED_BY [free-music-archive] (20)
[977/5572] 'Souvenir Driver' -> USED_BY [free-music-archive] (20)
[978/5572] 'Tab' -> USED_BY [free-music-archive] (22)
[979/5572] 'Alcove' -> USED_BY [free-music-archive] (20)
[980/5572] 'Basement Skylights' -> USED_BY [free-music-archive] (20)
[981/5572] 'Adrianna Krikl' -> USED_BY [free-music-archive] (20)
[982/5572] 'Quimorucru' -> USED_BY [free-music-archive] (113)
[983/5572] 'Resonancedj' -> USED_BY [free-music-archive] (20)
[984/5572] 'Massaccesi' -> USED_BY [free-music-archive] (20)
[985/5572] 'beat.dowsing' -> USED_BY [free-music-archive] (27)
[986/5572] 'Mathieu Lamontagne' -> USED_BY [free-music-archive] (20)
[987/5572] 'Emmanuel Toledo' -> USED_BY [free-music-archive] (20)
[988/5572] 'Di Kang' -> USED_BY [free-music-archive] (20)
[989/5572] 'Laisse Sheila Tranquille' -> USED_BY [free-music-archive] (20)
[990/5572] 'Panda Dub' -> USED_BY [free-music-archive] (91)
[991/5572] 'Human Resources' -> USED_BY [free-music-archive] (20)
[992/5572] 'The Ananas' -> USED_BY [free-music-archive] (20)
[993/5572] 'Indias Indios' -> USED_BY [free-music-archive] (20)
[994/5572] 'Efaï Héfaille' -> USED_BY [free-music-archive] (20)
[995/5572] 'Uke Stanza' -> USED_BY [free-music-archive] (20)
[996/5572] 'Stalaktos' -> USED_BY [free-music-archive] (20)
[997/5572] 'Mary Halvorson' -> USED_BY [free-music-archive] (31)
[998/5572] 'Cloud Mouth' -> USED_BY [free-music-archive] (19)
[999/5572] 'Wooden Shjips' -> USED_BY [free-music-archive] (81)
[1000/5572] 'Means' -> USED_BY [free-music-archive] (19)
[1001/5572] 'Dälek' -> USED_BY [free-music-archive] (20)
[1002/5572] 'caUSE co-MOTION!' -> USED_BY [free-music-archive] (19)
[1003/5572] 'Box Elders' -> USED_BY [free-music-archive] (19)
[1004/5572] 'Irene Moon' -> USED_BY [free-music-archive] (19)
[1005/5572] 'Bunnybrains' -> USED_BY [free-music-archive] (19)
[1006/5572] 'Avec Noir' -> USED_BY [free-music-archive] (19)
[1007/5572] 'Blevin Blectum' -> USED_BY [free-music-archive] (19)
[1008/5572] 'Scrambled Mache' -> USED_BY [free-music-archive] (19)
[1009/5572] 'Silver Apples' -> USED_BY [free-music-archive] (116)
[1010/5572] 'The Taxpayers' -> USED_BY [free-music-archive] (153)
[1011/5572] 'Special Moments' -> USED_BY [free-music-archive] (19)
[1012/5572] 'The Spunk Lads' -> USED_BY [free-music-archive] (19)
[1013/5572] 'Speedy Ortiz' -> USED_BY [free-music-archive] (136)
[1014/5572] 'Wilted Woman' -> USED_BY [free-music-archive] (19)
[1015/5572] 'Jari Pitkänen' -> USED_BY [free-music-archive] (25)
[1016/5572] 'Seazo' -> USED_BY [free-music-archive] (19)
[1017/5572] 'Paul Mimlitsch' -> USED_BY [free-music-archive] (19)
[1018/5572] '\u041c\u0438\u0442\u0440\u0438\u0439 \u0413\u0440\u0430\u043d\u043a\u043e\u0432' ERROR: 'charmap' codec can't encode characters in position 13-18: character maps to <undefined>
[1019/5572] 'Matt Oakley' -> USED_BY [free-music-archive] (19)
[1020/5572] 'Negritage' -> USED_BY [free-music-archive] (19)
[1021/5572] 'Damon Boucher' -> USED_BY [free-music-archive] (19)
[1022/5572] 'DarkSunn' -> USED_BY [free-music-archive] (23)
[1023/5572] 'Wyldlife' -> USED_BY [free-music-archive] (19)
[1024/5572] 'The Everymen' -> USED_BY [free-music-archive] (19)
[1025/5572] 'Frank Bango' -> USED_BY [free-music-archive] (19)
[1026/5572] 'Dark Asylum Music' -> USED_BY [free-music-archive] (19)
[1027/5572] 'Greg Gibbs' -> USED_BY [free-music-archive] (23)
[1028/5572] 'Wings of an Angel' -> USED_BY [free-music-archive] (41)
[1029/5572] 'SOB Pariassound' -> USED_BY [free-music-archive] (19)
[1030/5572] 'Textile Audio' -> USED_BY [free-music-archive] (19)
[1031/5572] 'Carsie Blanton' -> USED_BY [free-music-archive] (152)
[1032/5572] 'Bad Night Moon Shadow' -> USED_BY [free-music-archive] (19)
[1033/5572] '.crk' -> USED_BY [free-music-archive] (19)
[1034/5572] 'Open Work Stocking' -> USED_BY [free-music-archive] (19)
[1035/5572] 'TRema' -> USED_BY [free-music-archive] (19)
[1036/5572] 'Questionmark Embargo' -> USED_BY [free-music-archive] (19)
[1037/5572] 'un' -> USED_BY [free-music-archive] (19)
[1038/5572] 'Kris Anderson - Studio 11' -> USED_BY [free-music-archive] (19)
[1039/5572] 'Children of the Drone' -> USED_BY [free-music-archive] (19)
[1041/5572] 'Nameless Dancers' -> USED_BY [free-music-archive] (19)
[1042/5572] 'Krebs' -> USED_BY [free-music-archive] (19)
[1043/5572] 'Kuupuu' -> USED_BY [free-music-archive] (19)
[1044/5572] 'John Bellows' -> USED_BY [free-music-archive] (19)
[1045/5572] 'Hypermagic' -> USED_BY [free-music-archive] (19)
[1046/5572] 'Blackbird Blackbird' -> USED_BY [free-music-archive] (143)
[1047/5572] 'Kenney Floreat' -> USED_BY [free-music-archive] (19)
[1048/5572] 'Mom Jeans' -> USED_BY [free-music-archive] (19)
[1049/5572] 'Son of Robot' -> USED_BY [free-music-archive] (19)
[1050/5572] 'Leon Lishner and Friends' -> USED_BY [free-music-archive] (19)
[1051/5572] 'The Rosen Sisters' -> USED_BY [free-music-archive] (19)
[1052/5572] 'Inflammator' -> USED_BY [free-music-archive] (19)
[1053/5572] 'Chase Alan Willis' -> USED_BY [free-music-archive] (19)
[1054/5572] 'Monster Jinx' -> USED_BY [free-music-archive] (21)
[1055/5572] 'So Far as I Know' -> USED_BY [free-music-archive] (20)
[1056/5572] 'Pixelord' -> USED_BY [free-music-archive] (37)
[1057/5572] 'BETON' -> USED_BY [free-music-archive] (19)
[1058/5572] 'Rein' -> USED_BY [free-music-archive] (19)
[1059/5572] 'Katrah-Quey' -> USED_BY [free-music-archive] (19)
[1060/5572] 'AmortE' -> USED_BY [free-music-archive] (19)
[1061/5572] 'Changing Holes' -> USED_BY [free-music-archive] (19)
[1062/5572] 'Profeetta Elämän Äänikoulu' -> USED_BY [free-music-archive] (19)
[1063/5572] 'Mopno' -> USED_BY [free-music-archive] (19)
[1064/5572] 'Sunslide' -> USED_BY [free-music-archive] (19)
[1065/5572] 'Low - Fye' -> USED_BY [free-music-archive] (19)
[1066/5572] 'Boyz 2 Moche' -> USED_BY [free-music-archive] (19)
[1067/5572] 'Charles Premier' -> USED_BY [free-music-archive] (19)
[1068/5572] 'Pimpstrut Local #13' -> USED_BY [free-music-archive] (19)
[1069/5572] 'MOSSENEK' -> USED_BY [free-music-archive] (19)
[1070/5572] 'dUASsEMIcOLCHEIASiNVERTIDAS' -> USED_BY [free-music-archive] (19)
[1071/5572] 'Konsumprodukt' -> USED_BY [free-music-archive] (19)
[1072/5572] 'Preti Pedofili' -> USED_BY [free-music-archive] (19)
[1073/5572] 'Chat Logs' -> USED_BY [free-music-archive] (19)
[1074/5572] 'Trills' -> USED_BY [free-music-archive] (19)
[1075/5572] 'Sejayno' -> USED_BY [free-music-archive] (18)
[1076/5572] 'Santosh' -> USED_BY [free-music-archive] (21)
[1077/5572] 'Dave Merson Hess' -> USED_BY [free-music-archive] (18)
[1078/5572] 'The Twin Atlas' -> USED_BY [free-music-archive] (18)
[1079/5572] 'Lightning Bolt' -> USED_BY [free-music-archive] (145)
[1080/5572] 'Loch Lomond' -> USED_BY [free-music-archive] (118)
[1081/5572] 'Negative Approach' -> USED_BY [free-music-archive] (177)
[1082/5572] 'Modey Lemon' -> USED_BY [free-music-archive] (27)
[1083/5572] 'The Cute Lepers' -> USED_BY [free-music-archive] (19)
[1084/5572] 'Coachwhips' -> USED_BY [free-music-archive] (24)
[1085/5572] 'Century of Aeroplanes' -> USED_BY [free-music-archive] (19)
[1086/5572] 'Peter Biedermann' -> USED_BY [free-music-archive] (18)
[1087/5572] 'H Stewart' -> USED_BY [free-music-archive] (19)
[1089/5572] 'All Scars' -> USED_BY [free-music-archive] (18)
[1090/5572] 'White Hills' -> USED_BY [free-music-archive] (20)
[1091/5572] 'Mike Yarrish' -> USED_BY [free-music-archive] (18)
[1092/5572] 'Object Collection' -> USED_BY [free-music-archive] (18)
[1093/5572] 'Dan Melchior und Das Menace' -> USED_BY [free-music-archive] (18)
[1094/5572] 'Cellar Dweller' -> USED_BY [free-music-archive] (18)
[1095/5572] 'Peter Sharp' -> USED_BY [free-music-archive] (22)
[1096/5572] 'Raya Brass Band' -> USED_BY [free-music-archive] (18)
[1097/5572] 'mGee' -> USED_BY [free-music-archive] (33)
[1098/5572] 'Morusque' -> USED_BY [free-music-archive] (38)
[1099/5572] 'another cultural landslide' -> USED_BY [free-music-archive] (18)
[1100/5572] 'Kristeen Young' -> USED_BY [free-music-archive] (28)
[1101/5572] 'Alex Marantz' -> USED_BY [free-music-archive] (18)
[1102/5572] 'The Icarus Descent' -> USED_BY [free-music-archive] (18)
[1103/5572] 'keji al feju' -> USED_BY [free-music-archive] (18)
[1104/5572] 'Hezzel' -> USED_BY [free-music-archive] (18)
[1105/5572] 'CRTVTR' -> USED_BY [free-music-archive] (18)
[1106/5572] 'The Pink Tiles' -> USED_BY [free-music-archive] (18)
[1107/5572] 'Charlene Darling' -> USED_BY [free-music-archive] (18)
[1108/5572] 'Crno dete' -> USED_BY [free-music-archive] (18)
[1109/5572] 'Tigerberry' -> USED_BY [free-music-archive] (48)
[1110/5572] 'Martin R.' -> USED_BY [free-music-archive] (18)
[1111/5572] 'Ben McElroy' -> USED_BY [free-music-archive] (18)
[1112/5572] 'aktivehate' -> USED_BY [free-music-archive] (39)
[1113/5572] 'Various Artists' -> USED_BY [free-music-archive] (1859)
[1114/5572] 'Los Primos' -> USED_BY [free-music-archive] (18)
[1115/5572] 'Emcee Lynx' -> USED_BY [free-music-archive] (20)
[1116/5572] 'Nicolas Tic Tac' -> USED_BY [free-music-archive] (18)
[1117/5572] 'Thegntlmn' -> USED_BY [free-music-archive] (18)
[1118/5572] 'Texture' -> USED_BY [free-music-archive] (18)
[1119/5572] 'Base Cleft' -> USED_BY [free-music-archive] (18)
[1120/5572] 'dOISsEMIcIRCUITOSiNVERTIDOS' -> USED_BY [free-music-archive] (18)
[1121/5572] 'Buskerdroid' -> USED_BY [free-music-archive] (18)
[1123/5572] 'Deft Aphid' -> USED_BY [free-music-archive] (18)
[1124/5572] 'Stray Dogg' -> USED_BY [free-music-archive] (76)
[1125/5572] 'Silence Is Sexy' -> USED_BY [free-music-archive] (68)
[1126/5572] 'France Sauvage' -> USED_BY [free-music-archive] (18)
[1127/5572] 'Aan' -> USED_BY [free-music-archive] (44)
[1128/5572] 'Imagho' -> USED_BY [free-music-archive] (18)
[1129/5572] 'Tony Higgins' -> USED_BY [free-music-archive] (18)
[1130/5572] 'LIL' -> USED_BY [free-music-archive] (18)
[1131/5572] 'Paniks' -> USED_BY [free-music-archive] (18)
[1132/5572] 'Scott Gratton' -> USED_BY [free-music-archive] (18)
[1133/5572] 'Bennett / Bravo / Mehrl / Olivera / Taveira / Italiano' -> USED_BY [free-music-archive] (18)
[1134/5572] 'Rowan Box' -> USED_BY [free-music-archive] (18)
[1135/5572] 'Wolf Asylum' -> USED_BY [free-music-archive] (18)
[1136/5572] 'Forget the Whale' -> USED_BY [free-music-archive] (18)
[1137/5572] 'The Loving Knives' -> USED_BY [free-music-archive] (18)
[1138/5572] 'Flying Species' -> USED_BY [free-music-archive] (18)
[1139/5572] 'Michael Brückner' -> USED_BY [free-music-archive] (18)
[1140/5572] 'Pollux' -> USED_BY [free-music-archive] (18)
[1141/5572] 'Evan Schaeffer' -> USED_BY [free-music-archive] (18)
[1142/5572] 'Greg Cartwright' -> USED_BY [free-music-archive] (19)
[1143/5572] 'Japanese Communities' -> USED_BY [free-music-archive] (18)
[1144/5572] 'MMFFF' -> USED_BY [free-music-archive] (18)
[1145/5572] "We're Late For Class" -> USED_BY [free-music-archive] (30)
[1146/5572] 'Karl Blau' -> USED_BY [free-music-archive] (28)
[1147/5572] 'Isuzu Kochiwa' -> USED_BY [free-music-archive] (18)
[1148/5572] 'Listen With Sarah' -> USED_BY [free-music-archive] (18)
[1149/5572] 'Ctephin' -> USED_BY [free-music-archive] (18)
[1150/5572] 'Agoostus' -> USED_BY [free-music-archive] (18)
[1151/5572] 'Apocalyptic Frequency Experience' -> USED_BY [free-music-archive] (18)
[1152/5572] 'Nic Waterman' -> USED_BY [free-music-archive] (18)
[1153/5572] 'The LibraryAnns' -> USED_BY [free-music-archive] (18)
[1154/5572] 'Duke Hugh' -> USED_BY [free-music-archive] (38)
[1155/5572] 'The Meta-Matics' -> USED_BY [free-music-archive] (19)
[1156/5572] 'InSpectr' -> USED_BY [free-music-archive] (18)
[1157/5572] 'Charlie Salas-Humara' -> USED_BY [free-music-archive] (18)
[1158/5572] 'Sound Inhaler' -> USED_BY [free-music-archive] (18)
[1159/5572] 'Plebs & Fuckboys' -> USED_BY [free-music-archive] (18)
[1160/5572] 'glasscarpenter' -> USED_BY [free-music-archive] (18)
[1161/5572] 'Martin Fahy' -> USED_BY [free-music-archive] (18)
[1162/5572] 'Zebrat' -> USED_BY [free-music-archive] (18)
[1163/5572] 'Vim!' -> USED_BY [free-music-archive] (17)
[1164/5572] 'The J. Arthur Keenes Band' -> USED_BY [free-music-archive] (64)
[1165/5572] 'Jessica Pavone' -> USED_BY [free-music-archive] (17)
[1166/5572] 'Iso Brown' -> USED_BY [free-music-archive] (17)
[1167/5572] 'Atomic Butter Babes' -> USED_BY [free-music-archive] (17)
[1168/5572] 'Mount Eerie' -> USED_BY [free-music-archive] (222)
[1169/5572] 'The Rebel' -> USED_BY [free-music-archive] (17)
[1170/5572] 'The Boardlords' -> USED_BY [free-music-archive] (17)
[1171/5572] 'Father Sleep' -> USED_BY [free-music-archive] (17)
[1172/5572] 'Das Black Milk' -> USED_BY [free-music-archive] (17)
[1173/5572] 'The Years' -> USED_BY [free-music-archive] (17)
[1174/5572] 'Agents del Futuro' -> USED_BY [free-music-archive] (17)
[1175/5572] 'Zloty Dawai' -> USED_BY [free-music-archive] (17)
[1176/5572] 'The Sediment Club' -> USED_BY [free-music-archive] (17)
[1177/5572] 'The Snails' -> USED_BY [free-music-archive] (17)
[1178/5572] 'BOPD' -> USED_BY [free-music-archive] (17)
[1179/5572] 'My Mind' -> USED_BY [free-music-archive] (17)
[1180/5572] 'The Bran Flakes' -> USED_BY [free-music-archive] (54)
[1181/5572] 'The Sights' -> USED_BY [free-music-archive] (47)
[1182/5572] 'The Prefab Messiahs' -> USED_BY [free-music-archive] (17)
[1183/5572] 'last king of poland' -> USED_BY [free-music-archive] (17)
[1184/5572] 'NY Spelmanslag' -> USED_BY [free-music-archive] (17)
[1185/5572] 'Niva' -> USED_BY [free-music-archive] (17)
[1186/5572] 'Brazda' -> USED_BY [free-music-archive] (17)
[1187/5572] "Today's Man" -> USED_BY [free-music-archive] (17)
[1188/5572] 'Herr Doktor' -> USED_BY [free-music-archive] (17)
[1189/5572] 'Dr. Mindflip' -> USED_BY [free-music-archive] (17)
[1190/5572] 'Sonic Avenues' -> USED_BY [free-music-archive] (17)
[1191/5572] 'Marissa Nadler' -> USED_BY [free-music-archive] (271)
[1192/5572] '11ème étage' -> USED_BY [free-music-archive] (17)
[1193/5572] 'M-PeX' -> USED_BY [free-music-archive] (47)
[1194/5572] 'Flux Without Pause' -> USED_BY [free-music-archive] (17)
[1195/5572] 'Jelsonic' -> USED_BY [free-music-archive] (17)
[1196/5572] 'Alex Mason' -> USED_BY [free-music-archive] (17)
[1197/5572] 'Vagina Jones' -> USED_BY [free-music-archive] (17)
[1198/5572] 'Joel Knight Chevalier and Unexpected Social Images' -> USED_BY [free-music-archive] (17)
[1199/5572] 'sawsquarenoise' -> USED_BY [free-music-archive] (17)
[1200/5572] 'YANSR & CCC' -> USED_BY [free-music-archive] (17)
[1201/5572] 'Léo Doubich & Benjamin Bret' -> USED_BY [free-music-archive] (17)
[1202/5572] 'Known Ocean' -> USED_BY [free-music-archive] (17)
[1203/5572] 'Denitsa Mineva & Kosta T' -> USED_BY [free-music-archive] (17)
[1204/5572] 'Kreng' -> USED_BY [free-music-archive] (50)
[1205/5572] 'DJMC Haram' -> USED_BY [free-music-archive] (17)
[1206/5572] 'Büromaschinen' -> USED_BY [free-music-archive] (17)
[1207/5572] 'Pouffe' -> USED_BY [free-music-archive] (17)
[1208/5572] 'YTNi' -> USED_BY [free-music-archive] (18)
[1209/5572] 'bio.nico' -> USED_BY [free-music-archive] (17)
[1210/5572] 'Pollux' -> USED_BY [free-music-archive] (17)
[1211/5572] 'C. Scott' -> USED_BY [free-music-archive] (17)
[1212/5572] 'The Implicit Order' -> USED_BY [free-music-archive] (17)
[1213/5572] 'In[Perfektion]' -> USED_BY [free-music-archive] (17)
[1214/5572] 'Lomz' -> USED_BY [free-music-archive] (17)
[1215/5572] 'Twenty-One: Twenty-Four' -> USED_BY [free-music-archive] (17)
[1216/5572] 'Moon Veil' -> USED_BY [free-music-archive] (17)
[1217/5572] 'Carrageenan' -> USED_BY [free-music-archive] (17)
[1218/5572] 'Structura' -> USED_BY [free-music-archive] (17)
[1219/5572] 'Waffle' -> USED_BY [free-music-archive] (17)
[1220/5572] 'John Badger & The Moustache Riders of Doom' -> USED_BY [free-music-archive] (17)
[1221/5572] 'Maps and Diagrams' -> USED_BY [free-music-archive] (20)
[1222/5572] 'M F W' -> USED_BY [free-music-archive] (17)
[1223/5572] 'Deaf Wish' -> USED_BY [free-music-archive] (18)
[1224/5572] 'Act' -> USED_BY [free-music-archive] (17)
[1225/5572] 'Blast and the Detergents' -> USED_BY [free-music-archive] (17)
[1226/5572] 'Inquiet' -> USED_BY [free-music-archive] (17)
[1227/5572] 'BASIC' -> USED_BY [free-music-archive] (94)
[1228/5572] 'Matt Burnett' -> USED_BY [free-music-archive] (17)
[1229/5572] 'Robin Allender' -> USED_BY [free-music-archive] (17)
[1230/5572] 'Anga' -> USED_BY [free-music-archive] (17)
[1231/5572] 'Chairs' -> USED_BY [free-music-archive] (17)
[1232/5572] 'No Way Out' -> USED_BY [free-music-archive] (17)
[1233/5572] 'The Sun Through A Telescope' -> USED_BY [free-music-archive] (21)
[1234/5572] 'BG du 72' -> USED_BY [free-music-archive] (17)
[1235/5572] 'Monkeeastronaut' -> USED_BY [free-music-archive] (17)
[1236/5572] 'Evgeny Teilor' -> USED_BY [free-music-archive] (17)
[1237/5572] 'Blear Moon' -> USED_BY [free-music-archive] (17)
[1238/5572] 'Gerbil Church' -> USED_BY [free-music-archive] (17)
[1239/5572] 'Dirty Fences' -> USED_BY [free-music-archive] (17)
[1240/5572] 'Skyzo Maniak' -> USED_BY [free-music-archive] (17)
[1241/5572] 'Brian Routh' -> USED_BY [free-music-archive] (17)
[1242/5572] 'The Black Square (\u25a0)' ERROR: 'charmap' codec can't encode character '\u25a0' in position 31: character maps to <undefined>
[1243/5572] 'Posset' -> USED_BY [free-music-archive] (18)
[1244/5572] 'Jozef van Wissem' -> USED_BY [free-music-archive] (178)
[1245/5572] '1-Speed Bike' -> USED_BY [free-music-archive] (17)
[1246/5572] 'XYX' -> USED_BY [free-music-archive] (17)
[1247/5572] 'Frank Dorittke' -> USED_BY [free-music-archive] (17)
[1248/5572] 'Factory Sounds' -> USED_BY [free-music-archive] (17)
[1249/5572] 'Menion' -> USED_BY [free-music-archive] (17)
[1250/5572] 'Phonotrash' -> USED_BY [free-music-archive] (17)
[1251/5572] 'Colonel Trip & Captain Future' -> USED_BY [free-music-archive] (17)
[1252/5572] 'Schizoïd Bass' -> USED_BY [free-music-archive] (17)
[1253/5572] 'mGee' -> USED_BY [free-music-archive] (17)
[1254/5572] 'Cranston' -> USED_BY [free-music-archive] (17)
[1255/5572] 'A.U.R.C.' -> USED_BY [free-music-archive] (17)
[1256/5572] 'Riasni Drova Consort' -> USED_BY [free-music-archive] (17)
[1257/5572] 'Guitar Wizards of the Future' -> USED_BY [free-music-archive] (17)
[1258/5572] 'Mars-96' -> USED_BY [free-music-archive] (17)
[1259/5572] 'Ashbrg' -> USED_BY [free-music-archive] (17)
[1260/5572] 'Dumbo Gets Mad' -> USED_BY [free-music-archive] (49)
[1261/5572] 'Chenillon' -> USED_BY [free-music-archive] (17)
[1262/5572] 'Post-Materialists' -> USED_BY [free-music-archive] (17)
[1263/5572] 'Roglok' -> USED_BY [free-music-archive] (16)
[1264/5572] 'Binärpilot' -> USED_BY [free-music-archive] (35)
[1265/5572] 'Andrew Christopher Smith' -> USED_BY [free-music-archive] (16)
[1266/5572] 'Miku\u015b' ERROR: 'charmap' codec can't encode character '\u015b' in position 17: character maps to <undefined>
[1267/5572] 'Half-handed Cloud' -> USED_BY [free-music-archive] (40)
[1268/5572] 'Herv' -> USED_BY [free-music-archive] (16)
[1269/5572] 'Borful Tang' -> USED_BY [free-music-archive] (16)
[1270/5572] 'Charles Manson' -> USED_BY [free-music-archive] (135)
[1271/5572] 'Illusion of Safety' -> USED_BY [free-music-archive] (17)
[1272/5572] 'Kowloon Walled City' -> USED_BY [free-music-archive] (36)
[1273/5572] 'Von Hayes' -> USED_BY [free-music-archive] (16)
[1274/5572] 'Smokey Hormel' -> USED_BY [free-music-archive] (16)
[1275/5572] 'Ada Jones' -> USED_BY [free-music-archive] (22)
[1276/5572] 'TR' -> USED_BY [free-music-archive] (20)
[1277/5572] 'Al Duvall' -> USED_BY [free-music-archive] (36)
[1278/5572] 'Silk Flowers' -> USED_BY [free-music-archive] (16)
[1279/5572] 'The Doughboys' -> USED_BY [free-music-archive] (16)
[1280/5572] 'Opio' -> USED_BY [free-music-archive] (34)
[1281/5572] 'Kukkiva Kunnas' -> USED_BY [free-music-archive] (16)
[1282/5572] 'Light Echoes' -> USED_BY [free-music-archive] (16)
[1283/5572] 'Theo Angell' -> USED_BY [free-music-archive] (16)
[1284/5572] 'Jessie Evans' -> USED_BY [free-music-archive] (36)
[1285/5572] 'Eddie the Rat' -> USED_BY [free-music-archive] (16)
[1286/5572] 'GDFX' -> USED_BY [free-music-archive] (16)
[1287/5572] 'Copydex' -> USED_BY [free-music-archive] (16)
[1288/5572] 'Sun Araw' -> USED_BY [free-music-archive] (149)
[1289/5572] 'C. Reider' -> USED_BY [free-music-archive] (17)
[1290/5572] 'Asian Mae' -> USED_BY [free-music-archive] (16)
[1291/5572] 'Spiedkiks' -> USED_BY [free-music-archive] (23)
[1293/5572] 'Martin Lowack' -> USED_BY [free-music-archive] (16)
[1294/5572] 'Titan' -> USED_BY [free-music-archive] (16)
[1295/5572] 'Rod Hamilton' -> USED_BY [free-music-archive] (16)
[1296/5572] 'Camden' -> USED_BY [free-music-archive] (16)
[1297/5572] 'Aviscerall' -> USED_BY [free-music-archive] (19)
[1298/5572] 'Fyodorovitch.' -> USED_BY [free-music-archive] (16)
[1299/5572] 'kollagemontage' -> USED_BY [free-music-archive] (16)
[1300/5572] 'Quiet Music for Tiny Robots' -> USED_BY [free-music-archive] (16)
[1301/5572] 'Salmo' -> USED_BY [free-music-archive] (348)
[1302/5572] 'Vesme Dreamchatcher Kiong' -> USED_BY [free-music-archive] (16)
[1303/5572] 'Dengaz' -> USED_BY [free-music-archive] (116)
[1304/5572] 'N-qia' -> USED_BY [free-music-archive] (16)
[1305/5572] 'MrJuan' -> USED_BY [free-music-archive] (16)
[1306/5572] 'Kid Caustic' -> USED_BY [free-music-archive] (16)
[1307/5572] 'Jake Allison' -> USED_BY [free-music-archive] (16)
[1308/5572] 'BJ Block' -> USED_BY [free-music-archive] (16)
[1309/5572] 'Dawn Pemberton' -> USED_BY [free-music-archive] (20)
[1310/5572] 'The Woolen Men' -> USED_BY [free-music-archive] (35)
[1311/5572] 'Øystein Jørgensen' -> USED_BY [free-music-archive] (16)
[1312/5572] '\u0410\u043d\u0430\u0442\u043e\u043b\u0438\u0439 \u041d\u0438\u043a\u0443\u043b\u0438\u043d' ERROR: 'charmap' codec can't encode characters in position 13-20: character maps to <undefined>
[1313/5572] 'Carlos Ramirez' -> USED_BY [free-music-archive] (16)
[1314/5572] 'Planetaldol' -> USED_BY [free-music-archive] (16)
[1315/5572] 'Inicolabug' -> USED_BY [free-music-archive] (16)
[1316/5572] 'Stewart & Scarfe' -> USED_BY [free-music-archive] (16)
[1317/5572] 'Cezary Gapik' -> USED_BY [free-music-archive] (17)
[1318/5572] 'Son Altesse curieuse' -> USED_BY [free-music-archive] (16)
[1319/5572] 'Zachary Cale' -> USED_BY [free-music-archive] (35)
[1320/5572] 'Spray Paint' -> USED_BY [free-music-archive] (16)
[1321/5572] 'Makunouchi Bento' -> USED_BY [free-music-archive] (29)
[1322/5572] 'The Men' -> USED_BY [free-music-archive] (35)
[1323/5572] 'The Ettes' -> USED_BY [free-music-archive] (37)
[1324/5572] 'Morphamish' -> USED_BY [free-music-archive] (16)
[1325/5572] 'Onyx Ashanti' -> USED_BY [free-music-archive] (16)
[1326/5572] 'The G.O.V.E.R.N.M.E.N.T/5hit Hop Ninja Terminatorz' -> USED_BY [free-music-archive] (16)
[1327/5572] 'N.N.A' -> USED_BY [free-music-archive] (16)
[1328/5572] 'Peter Rudenko' -> USED_BY [free-music-archive] (16)
[1329/5572] '?alos' -> USED_BY [free-music-archive] (29)
[1330/5572] 'Salomé Lego Playset' -> USED_BY [free-music-archive] (17)
[1331/5572] 'Alasdair Cooper' -> USED_BY [free-music-archive] (16)
[1332/5572] 'Rue de Prague' -> USED_BY [free-music-archive] (16)
[1333/5572] 'P\u0131nar' ERROR: 'charmap' codec can't encode character '\u0131' in position 14: character maps to <undefined>
[1334/5572] 'Dave Fuglewicz' -> USED_BY [free-music-archive] (16)
[1335/5572] 'Droopies' -> USED_BY [free-music-archive] (36)
[1336/5572] 'Music For Rabbits' -> USED_BY [free-music-archive] (17)
[1337/5572] 'Ghost By Nature' -> USED_BY [free-music-archive] (16)
[1338/5572] 'V~Nessy' -> USED_BY [free-music-archive] (16)
[1339/5572] 'Severin' -> USED_BY [free-music-archive] (18)
[1340/5572] "L'étrange Couleur De l'Orichalque" -> USED_BY [free-music-archive] (16)
[1341/5572] 'Sean Derrick Cooper Marquardt' -> USED_BY [free-music-archive] (16)
[1342/5572] 'aboombong' -> USED_BY [free-music-archive] (23)
[1343/5572] 'Billy Torello' -> USED_BY [free-music-archive] (16)
[1344/5572] 'Cuicuitte' -> USED_BY [free-music-archive] (16)
[1345/5572] 'Le Manque' -> USED_BY [free-music-archive] (16)
[1346/5572] 'Aglow Hollow' -> USED_BY [free-music-archive] (16)
[1347/5572] 'The Long Ryders' -> USED_BY [free-music-archive] (33)
[1348/5572] 'Ukrainian Village Voices' -> USED_BY [free-music-archive] (16)
[1349/5572] 'Artofescapism' -> USED_BY [free-music-archive] (16)
[1350/5572] 'The Fleshtones' -> USED_BY [free-music-archive] (39)
[1351/5572] 'Trotski Nautique' -> USED_BY [free-music-archive] (16)
[1352/5572] 'Nangdo' -> USED_BY [free-music-archive] (16)
[1353/5572] 'Tonality Star' -> USED_BY [free-music-archive] (16)
[1354/5572] 'Starover Blue' -> USED_BY [free-music-archive] (16)
[1355/5572] 'morten rasz' -> USED_BY [free-music-archive] (16)
[1356/5572] 'Computer Truck' -> USED_BY [free-music-archive] (16)
[1357/5572] 'The Riffingtons' -> USED_BY [free-music-archive] (16)
[1358/5572] 'Rob Steady' -> USED_BY [free-music-archive] (16)
[1359/5572] 'Zavoloka' -> USED_BY [free-music-archive] (166)
[1360/5572] 'Norrin Radd' -> USED_BY [free-music-archive] (16)
[1361/5572] 'Atros BoXon' -> USED_BY [free-music-archive] (16)
[1362/5572] 'Xray Eyeballs' -> USED_BY [free-music-archive] (16)
[1363/5572] 'Christophe Frémiot' -> USED_BY [free-music-archive] (16)
[1364/5572] 'Stan' -> USED_BY [free-music-archive] (17)
[1365/5572] 'James Franc-Parler' -> USED_BY [free-music-archive] (16)
[1366/5572] 'Lume' -> USED_BY [free-music-archive] (16)
[1367/5572] 'Otra Carpeta' -> USED_BY [free-music-archive] (16)
[1368/5572] 'sirqueue' -> USED_BY [free-music-archive] (16)
[1369/5572] 'Violins is not the answer' -> USED_BY [free-music-archive] (17)
[1370/5572] 'Herre Jorna' -> USED_BY [free-music-archive] (16)
[1371/5572] 'Riasni Drova' -> USED_BY [free-music-archive] (16)
[1372/5572] 'Candlestickmaker' -> USED_BY [free-music-archive] (29)
[1373/5572] 'Lawrence Power' -> USED_BY [free-music-archive] (17)
[1374/5572] 'Nate Wooley' -> USED_BY [free-music-archive] (15)
[1375/5572] 'Lazy Magnet' -> USED_BY [free-music-archive] (15)
[1376/5572] 'Pleasurehorse' -> USED_BY [free-music-archive] (15)
[1377/5572] 'The Minor Thirds' -> USED_BY [free-music-archive] (15)
[1378/5572] 'Lexie Mountain Boys' -> USED_BY [free-music-archive] (15)
[1379/5572] 'Screaming Females' -> USED_BY [free-music-archive] (182)
[1380/5572] 'Zeigenbock Kopf' -> USED_BY [free-music-archive] (15)
[1381/5572] 'Skidmore College Orchestra' -> USED_BY [free-music-archive] (15)
[1382/5572] 'Bobb Trimble' -> USED_BY [free-music-archive] (29)
[1383/5572] 'Noteherder & McCloud' -> USED_BY [free-music-archive] (15)
[1384/5572] 'pandoras.box' -> USED_BY [free-music-archive] (42)
[1385/5572] 'Shake That Little Foot' -> USED_BY [free-music-archive] (15)
[1386/5572] 'Luck & Ripps' -> USED_BY [free-music-archive] (15)
[1387/5572] 'Wm. Berger' -> USED_BY [free-music-archive] (15)
[1388/5572] 'dmyra' -> USED_BY [free-music-archive] (15)
[1389/5572] 'Norton' -> USED_BY [free-music-archive] (34)
[1390/5572] 'Reason Enough' -> USED_BY [free-music-archive] (15)
[1391/5572] 'Jody Pou' -> USED_BY [free-music-archive] (15)
[1392/5572] 'Smegma' -> USED_BY [free-music-archive] (15)
[1393/5572] 'The Polyps' -> USED_BY [free-music-archive] (15)
[1394/5572] 'Moan' -> USED_BY [free-music-archive] (15)
[1395/5572] 'saQi' -> USED_BY [free-music-archive] (99)
[1396/5572] 'Gentlemen' -> USED_BY [free-music-archive] (15)
[1397/5572] 'Hopek Quirin' -> USED_BY [free-music-archive] (15)
[1398/5572] 'Subversive Intentions' -> USED_BY [free-music-archive] (15)
[1399/5572] 'Adriano Orrù' -> USED_BY [free-music-archive] (18)
[1400/5572] 'No Loli-Gagging' -> USED_BY [free-music-archive] (15)
[1401/5572] 'Citizen Blast Kane' -> USED_BY [free-music-archive] (15)
[1402/5572] 'Ian Sutherland' -> USED_BY [free-music-archive] (15)
[1403/5572] 'Alex Fitch' -> USED_BY [free-music-archive] (15)
[1404/5572] 'Teddy and Marge' -> USED_BY [free-music-archive] (15)
[1405/5572] 'Percival Pembroke' -> USED_BY [free-music-archive] (18)
[1406/5572] 'Sans Nom' -> USED_BY [free-music-archive] (15)
[1407/5572] 'Don Trust' -> USED_BY [free-music-archive] (15)
[1408/5572] 'smallRADIO' -> USED_BY [free-music-archive] (24)
[1409/5572] 'Music for Your Plants' -> USED_BY [free-music-archive] (17)
[1410/5572] 'Foster Care' -> USED_BY [free-music-archive] (15)
[1411/5572] 'lukeing forward' -> USED_BY [free-music-archive] (15)
[1412/5572] 'Stinky Treats' -> USED_BY [free-music-archive] (15)
[1413/5572] 'Dr. Wylie' -> USED_BY [free-music-archive] (16)
[1414/5572] 'Fascinoma' -> USED_BY [free-music-archive] (15)
[1415/5572] 'Dmitriy Krotevich' -> USED_BY [free-music-archive] (15)
[1416/5572] 'Lee Maddeford, Roland Vouilloz' -> USED_BY [free-music-archive] (15)
[1417/5572] 'Jorg' -> USED_BY [free-music-archive] (15)
[1418/5572] 'Nasienie' -> USED_BY [free-music-archive] (15)
[1419/5572] 'Underling' -> USED_BY [free-music-archive] (15)
[1420/5572] 'Control Alt Deus' -> USED_BY [free-music-archive] (15)
[1421/5572] 'TRema' -> USED_BY [free-music-archive] (15)
[1422/5572] 'Robert Smith Jr' -> USED_BY [free-music-archive] (30)
[1423/5572] 'Robert Smith, Jr.' -> USED_BY [free-music-archive] (30)
[1424/5572] 'Th.e n.d' -> USED_BY [free-music-archive] (15)
[1425/5572] 'tozo' -> USED_BY [free-music-archive] (15)
[1426/5572] 'Sol Rezza' -> USED_BY [free-music-archive] (15)
[1427/5572] 'Carroll' -> USED_BY [free-music-archive] (40)
[1428/5572] 'Marc de Blanchard' -> USED_BY [free-music-archive] (15)
[1429/5572] 'Jupiter Makes Me Scream' -> USED_BY [free-music-archive] (15)
[1430/5572] 'Lemur' -> USED_BY [free-music-archive] (42)
[1431/5572] 'Bugs and Rats' -> USED_BY [free-music-archive] (15)
[1432/5572] 'SWERTE AND MADROTTER' -> USED_BY [free-music-archive] (15)
[1433/5572] 'Shape2' -> USED_BY [free-music-archive] (15)
[1434/5572] 'My Bubba & Mi' -> USED_BY [free-music-archive] (80)
[1435/5572] 'Inkubus Sukkubus' -> USED_BY [free-music-archive] (187)
[1436/5572] 'Act' -> USED_BY [free-music-archive] (15)
[1437/5572] 'Twin Guns' -> USED_BY [free-music-archive] (15)
[1438/5572] 'ZuKrewe' -> USED_BY [free-music-archive] (15)
[1439/5572] '30[eks]' -> USED_BY [free-music-archive] (15)
[1440/5572] 'Bob Purse' -> USED_BY [free-music-archive] (15)
[1441/5572] "OBN III's" -> USED_BY [free-music-archive] (20)
[1442/5572] 'Drama for Yamaha' -> USED_BY [free-music-archive] (15)
[1443/5572] 'The Pandoras' -> USED_BY [free-music-archive] (15)
[1444/5572] 'Whodiniz' -> USED_BY [free-music-archive] (15)
[1445/5572] 'Tzelalot' -> USED_BY [free-music-archive] (15)
[1446/5572] 'G8' -> USED_BY [free-music-archive] (15)
[1447/5572] 'The Blend' -> USED_BY [free-music-archive] (15)
[1448/5572] 'Velella Velella' -> USED_BY [free-music-archive] (15)
[1449/5572] 'Release The Long Ships' -> USED_BY [free-music-archive] (15)
[1450/5572] 'Melange' -> USED_BY [free-music-archive] (15)
[1451/5572] 'ZAIRE' -> USED_BY [free-music-archive] (15)
[1452/5572] "Talons'" -> USED_BY [free-music-archive] (50)
[1453/5572] 'Jon Luc Hefferman' -> USED_BY [free-music-archive] (15)
[1454/5572] 'Paint Fumes' -> USED_BY [free-music-archive] (15)
[1455/5572] 'CURD' -> USED_BY [free-music-archive] (15)
[1456/5572] 'Axletree' -> USED_BY [free-music-archive] (15)
[1457/5572] 'Soulbringer' -> USED_BY [free-music-archive] (15)
[1458/5572] 'Abishai' -> USED_BY [free-music-archive] (15)
[1459/5572] 'Eyes Behind' -> USED_BY [free-music-archive] (15)
[1460/5572] 'Cancelled' -> USED_BY [free-music-archive] (15)
[1461/5572] 'Sputnik Booster' -> USED_BY [free-music-archive] (15)
[1462/5572] 'New Carrollton' -> USED_BY [free-music-archive] (15)
[1463/5572] 'Fast Lady' -> USED_BY [free-music-archive] (15)
[1464/5572] 'The Pop Winds' -> USED_BY [free-music-archive] (16)
[1465/5572] 'The Laureates' -> USED_BY [free-music-archive] (15)
[1466/5572] 'Logan Whitehurst & the Junior Science Club' -> USED_BY [free-music-archive] (39)
[1467/5572] 'Vasily K.' -> USED_BY [free-music-archive] (165)
[1468/5572] 'Charles Ray Experience' -> USED_BY [free-music-archive] (15)
[1469/5572] 'MaCu' -> USED_BY [free-music-archive] (15)
[1470/5572] 'Ion' -> USED_BY [free-music-archive] (15)
[1471/5572] 'The Girls At Dawn' -> USED_BY [free-music-archive] (18)
[1472/5572] 'The Threshold People' -> USED_BY [free-music-archive] (15)
[1473/5572] 'Scabeater' -> USED_BY [free-music-archive] (15)
[1474/5572] "G.G. Allin's Dick" -> USED_BY [free-music-archive] (15)
[1475/5572] 'The KrestArians' -> USED_BY [free-music-archive] (15)
[1476/5572] 'Mt. Gigantic' -> USED_BY [free-music-archive] (15)
[1477/5572] 'Coolzey' -> USED_BY [free-music-archive] (37)
[1478/5572] 'Les Petits Chanteurs de Montigny' -> USED_BY [free-music-archive] (15)
[1479/5572] 'Alligator Crystal Moth' -> USED_BY [free-music-archive] (15)
[1480/5572] 'Mockinpott' -> USED_BY [free-music-archive] (15)
[1481/5572] 'Krasius' -> USED_BY [free-music-archive] (15)
[1482/5572] 'Cycle~ 440' -> USED_BY [free-music-archive] (15)
[1483/5572] 'C. Strøm' -> USED_BY [free-music-archive] (15)
[1484/5572] 'Luciano Foglia' -> USED_BY [free-music-archive] (15)
[1485/5572] 'Tone Poets' -> USED_BY [free-music-archive] (15)
[1486/5572] 'Acid Police Noise Ensemble' -> USED_BY [free-music-archive] (15)
[1487/5572] 'Buildings and Mountains' -> USED_BY [free-music-archive] (16)
[1488/5572] 'Krayb David' -> USED_BY [free-music-archive] (15)
[1489/5572] 'Behold! The Living Corpse' -> USED_BY [free-music-archive] (15)
[1490/5572] 'Milisi Kecoa' -> USED_BY [free-music-archive] (15)
[1491/5572] 'TIGERBERRY' -> USED_BY [free-music-archive] (48)
[1492/5572] 'Pranavibes' -> USED_BY [free-music-archive] (15)
[1493/5572] 'Ari de Niro' -> USED_BY [free-music-archive] (15)
[1494/5572] 'Electrician' -> USED_BY [free-music-archive] (14)
[1495/5572] 'Michael Holt' -> USED_BY [free-music-archive] (14)
[1496/5572] 'Doug Gillard' -> USED_BY [free-music-archive] (15)
[1497/5572] 'TSIGOTI' -> USED_BY [free-music-archive] (14)
[1498/5572] 'Area C' -> USED_BY [free-music-archive] (14)
[1499/5572] 'Mudboy' -> USED_BY [free-music-archive] (14)
[1500/5572] 'The Wire Orchestra' -> USED_BY [free-music-archive] (14)
[1501/5572] 'SUX' -> USED_BY [free-music-archive] (14)
[1502/5572] 'Dan Friel' -> USED_BY [free-music-archive] (14)
[1503/5572] 'Bob Wiseman' -> USED_BY [free-music-archive] (14)
[1504/5572] 'Bruce Lenkei' -> USED_BY [free-music-archive] (14)
[1505/5572] 'Colin Clary' -> USED_BY [free-music-archive] (22)
[1506/5572] 'Kristin Hersh' -> USED_BY [free-music-archive] (169)
[1507/5572] 'Kevin Blechdom' -> USED_BY [free-music-archive] (16)
[1508/5572] 'Kai' -> USED_BY [free-music-archive] (14)
[1509/5572] 'Robedoor' -> USED_BY [free-music-archive] (14)
[1510/5572] 'Deano Waco' -> USED_BY [free-music-archive] (14)
[1511/5572] 'Gepel' -> USED_BY [free-music-archive] (14)
[1512/5572] 'Aelters' -> USED_BY [free-music-archive] (14)
[1513/5572] 'Nouvellas' -> USED_BY [free-music-archive] (15)
[1514/5572] 'Hank' -> USED_BY [free-music-archive] (14)
[1515/5572] 'Bradbury' -> USED_BY [free-music-archive] (15)
[1516/5572] 'Dan Melchior' -> USED_BY [free-music-archive] (18)
[1517/5572] 'Hunted Creatures' -> USED_BY [free-music-archive] (14)
[1518/5572] 'DJet' -> USED_BY [free-music-archive] (23)
[1519/5572] 'TV Ghost' -> USED_BY [free-music-archive] (14)
[1520/5572] 'Volatil' -> USED_BY [free-music-archive] (14)
[1521/5572] 'The Kid Daytona' -> USED_BY [free-music-archive] (38)
[1522/5572] 'Siren Cult' -> USED_BY [free-music-archive] (14)
[1523/5572] 'Gary Wilson' -> USED_BY [free-music-archive] (55)
[1524/5572] 'King Kong Ding Dong' -> USED_BY [free-music-archive] (14)
[1525/5572] 'El Jesus De Magico' -> USED_BY [free-music-archive] (14)
[1526/5572] 'Arastoo' -> USED_BY [free-music-archive] (15)
[1527/5572] "Edmondez/D'Silva" -> USED_BY [free-music-archive] (14)
[1528/5572] 'Dildo' -> USED_BY [free-music-archive] (14)
[1529/5572] 'Nick Otheen' -> USED_BY [free-music-archive] (14)
[1530/5572] 'ABSRDST' -> USED_BY [free-music-archive] (173)
[1531/5572] '[interrupt:Jumper]' -> USED_BY [free-music-archive] (15)
[1532/5572] 'Ample Mammal' -> USED_BY [free-music-archive] (15)
[1533/5572] 'Jeremy Allingham' -> USED_BY [free-music-archive] (14)
[1534/5572] 'Dolphin Omega' -> USED_BY [free-music-archive] (14)
[1535/5572] 'Daniel Heikalo' -> USED_BY [free-music-archive] (14)
[1536/5572] 'Crocodile Tears' -> USED_BY [free-music-archive] (14)
[1537/5572] 'Aussitôt Mort' -> USED_BY [free-music-archive] (14)
[1538/5572] 'WHITE COYOTE' -> USED_BY [free-music-archive] (14)
[1539/5572] 'Tony Gage' -> USED_BY [free-music-archive] (14)
[1540/5572] 'Art of Empathy' -> USED_BY [free-music-archive] (14)
[1541/5572] 'D.A. Dad' -> USED_BY [free-music-archive] (14)
[1542/5572] 'Jazzafari' -> USED_BY [free-music-archive] (14)
[1543/5572] 'Metastaz' -> USED_BY [free-music-archive] (14)
[1544/5572] 'P.P. Roy' -> USED_BY [free-music-archive] (14)
[1545/5572] 'Doom' -> USED_BY [free-music-archive] (14)
[1546/5572] '1-800-Band' -> USED_BY [free-music-archive] (16)
[1547/5572] 'Le Matin' -> USED_BY [free-music-archive] (14)
[1548/5572] 'Milk Dick' -> USED_BY [free-music-archive] (14)
[1549/5572] 'Crank Sturgeon' -> USED_BY [free-music-archive] (14)
[1550/5572] 'Ben Presto' -> USED_BY [free-music-archive] (15)
[1551/5572] 'MIT Symphony Orchestra' -> USED_BY [free-music-archive] (17)
[1552/5572] 'Ascetic' -> USED_BY [free-music-archive] (14)
[1553/5572] 'Gianluca Sgalambro' -> USED_BY [free-music-archive] (14)
[1554/5572] 'Ray Rude' -> USED_BY [free-music-archive] (14)
[1555/5572] 'Spider Bags' -> USED_BY [free-music-archive] (34)
[1556/5572] 'Plastic Flowers' -> USED_BY [free-music-archive] (40)
[1557/5572] 'Zena' -> USED_BY [free-music-archive] (14)
[1558/5572] 'Boss Bass' -> USED_BY [free-music-archive] (14)
[1559/5572] 'Aldaraia' -> USED_BY [free-music-archive] (28)
[1560/5572] 'Los Close' -> USED_BY [free-music-archive] (14)
[1561/5572] 'TRONSLARD & PANTREL' -> USED_BY [free-music-archive] (14)
[1562/5572] 'Apes on Tapes' -> USED_BY [free-music-archive] (14)
[1563/5572] 'Indian Wells' -> USED_BY [free-music-archive] (73)
[1564/5572] 'Dylan Nyoukis' -> USED_BY [free-music-archive] (14)
[1565/5572] 'Ben Seretan' -> USED_BY [free-music-archive] (23)
[1566/5572] 'Koliadnyky of Kryvorivnia' -> USED_BY [free-music-archive] (14)
[1567/5572] 'UGLY CHILD' -> USED_BY [free-music-archive] (14)
[1568/5572] 'Global Goon' -> USED_BY [free-music-archive] (14)
[1569/5572] 'enclosure' -> USED_BY [free-music-archive] (14)
[1570/5572] 'Container' -> USED_BY [free-music-archive] (14)
[1571/5572] 'Plates Of Cake' -> USED_BY [free-music-archive] (14)
[1572/5572] 'Crazy Al' -> USED_BY [free-music-archive] (14)
[1573/5572] 'macabro' -> USED_BY [free-music-archive] (14)
[1574/5572] 'BICIKL' -> USED_BY [free-music-archive] (14)
[1575/5572] 'Harmony Molina' -> USED_BY [free-music-archive] (14)
[1576/5572] 'Jermaine Riley' -> USED_BY [free-music-archive] (16)
[1577/5572] 'The Planes' -> USED_BY [free-music-archive] (14)
[1578/5572] 'Wimps' -> USED_BY [free-music-archive] (24)
[1579/5572] 'Klopenn' -> USED_BY [free-music-archive] (14)
[1580/5572] 'Simon Mathewson' -> USED_BY [free-music-archive] (161)
[1581/5572] 'Valley Lodge' -> USED_BY [free-music-archive] (29)
[1582/5572] 'Samm Bennett' -> USED_BY [free-music-archive] (14)
[1583/5572] 'Zilmrah' -> USED_BY [free-music-archive] (14)
[1584/5572] 'Der Christer Schytts' -> USED_BY [free-music-archive] (14)
[1585/5572] 'The Dreams' -> USED_BY [free-music-archive] (14)
[1586/5572] 'Anamanaguchi' -> USED_BY [free-music-archive] (217)
[1587/5572] 'Unwoman' -> USED_BY [free-music-archive] (196)
[1588/5572] 'Hiroshima' -> USED_BY [free-music-archive] (14)
[1589/5572] 'The Courier' -> USED_BY [free-music-archive] (14)
[1590/5572] 'Sol Okarina' -> USED_BY [free-music-archive] (14)
[1591/5572] 'NNY' -> USED_BY [free-music-archive] (14)
[1592/5572] 'Lessazo' -> USED_BY [free-music-archive] (14)
[1593/5572] 'Leslie Keffer' -> USED_BY [free-music-archive] (14)
[1594/5572] 'Spookey Ruben' -> USED_BY [free-music-archive] (35)
[1595/5572] 'Glass Boy + Courtenay Moon (Vortex)' -> USED_BY [free-music-archive] (14)
[1596/5572] 'Psalters' -> USED_BY [free-music-archive] (34)
[1597/5572] 'Me afeite la barba en los ochenta' -> USED_BY [free-music-archive] (14)
[1598/5572] 'Irene Moon $ Noisettes' -> USED_BY [free-music-archive] (14)
[1599/5572] 'Vpopolam' -> USED_BY [free-music-archive] (14)
[1600/5572] 'Wellington Boot' -> USED_BY [free-music-archive] (14)
[1601/5572] 'The Long Gones' -> USED_BY [free-music-archive] (14)
[1602/5572] 'Laso Halo' -> USED_BY [free-music-archive] (14)
[1603/5572] 'The Murdering Monsters' -> USED_BY [free-music-archive] (14)
[1604/5572] 'Radioactive Pussy' -> USED_BY [free-music-archive] (14)
[1605/5572] 'The HATE Noise' -> USED_BY [free-music-archive] (73)
[1606/5572] 'Anonymous' -> USED_BY [free-music-archive] (1336)
[1607/5572] 'B-Film' -> USED_BY [free-music-archive] (14)
[1608/5572] 'paulo chagas' -> USED_BY [free-music-archive] (113)
[1609/5572] 'joão pedro viegas' -> USED_BY [free-music-archive] (14)
[1610/5572] 'Robin Mitchell' -> USED_BY [free-music-archive] (14)
[1611/5572] 'Myndra' -> USED_BY [free-music-archive] (14)
[1612/5572] 'Muddy Wires' -> USED_BY [free-music-archive] (14)
[1613/5572] 'Lonely Kid Quentin Ensemble' -> USED_BY [free-music-archive] (14)
[1614/5572] 'Steve Gunn' -> USED_BY [free-music-archive] (139)
[1615/5572] 'Big Sandy and His Fly-Rite Boys' -> USED_BY [free-music-archive] (118)
[1616/5572] 'KZ9' -> USED_BY [free-music-archive] (14)
[1617/5572] 'The Real Kids' -> USED_BY [free-music-archive] (144)
[1618/5572] 'AsolanMac' -> USED_BY [free-music-archive] (14)
[1619/5572] 'Hicham Chahidi' -> USED_BY [free-music-archive] (14)
[1620/5572] 'Gavin Gamboa' -> USED_BY [free-music-archive] (14)
[1621/5572] 'Lamprey' -> USED_BY [free-music-archive] (14)
[1622/5572] 'Mirth Naarc' -> USED_BY [free-music-archive] (14)
[1623/5572] 'Chafouin' -> USED_BY [free-music-archive] (14)
[1624/5572] 'Gnawledge' -> USED_BY [free-music-archive] (14)
[1625/5572] 'Bisamråtta' -> USED_BY [free-music-archive] (14)
[1626/5572] 'Baffy' -> USED_BY [free-music-archive] (14)
[1627/5572] 'Red Star Martyrs' -> USED_BY [free-music-archive] (14)
[1628/5572] 'Langax' -> USED_BY [free-music-archive] (14)
[1629/5572] 'Death Vacation' -> USED_BY [free-music-archive] (14)
[1630/5572] 'The Industrialism' -> USED_BY [free-music-archive] (14)
[1631/5572] 'Laurent Avizou, GOM' -> USED_BY [free-music-archive] (14)
[1632/5572] '\u041a\u0430\u0440\u043b\u0438\u043a \u0419\u043e\u0445\u0430\u043d\u0441\u0441\u043e\u043d' ERROR: 'charmap' codec can't encode characters in position 13-18: character maps to <undefined>
[1633/5572] 'Toxic Chicken' -> USED_BY [free-music-archive] (14)
[1634/5572] 'Svitanya' -> USED_BY [free-music-archive] (14)
[1635/5572] 'N3rgul4\u767e20' ERROR: 'charmap' codec can't encode character '\u767e' in position 20: character maps to <undefined>
[1636/5572] 'HOT POCKET DINGLEBERRY DISEASE' -> USED_BY [free-music-archive] (14)
[1637/5572] 'Parrhesia Sound System' -> USED_BY [free-music-archive] (14)
[1638/5572] 'MegaHast3r' -> USED_BY [free-music-archive] (14)
[1639/5572] 'Andrew Sacco' -> USED_BY [free-music-archive] (14)
[1640/5572] 'candlestickmaker' -> USED_BY [free-music-archive] (29)
[1641/5572] 'Bit Shifter' -> USED_BY [free-music-archive] (14)
[1642/5572] 'Bombay Laughing Club' -> USED_BY [free-music-archive] (14)
[1643/5572] 'Deloise' -> USED_BY [free-music-archive] (14)
[1644/5572] 'Monokle' -> USED_BY [free-music-archive] (36)
[1645/5572] 'Muck and the Mires' -> USED_BY [free-music-archive] (14)
[1646/5572] 'Greg Davis' -> USED_BY [free-music-archive] (14)
[1647/5572] 'Another Day On Earth' -> USED_BY [free-music-archive] (14)
[1648/5572] 'Brown Torpedo' -> USED_BY [free-music-archive] (14)
[1649/5572] 'JKP' -> USED_BY [free-music-archive] (14)
[1650/5572] 'Dr. Fuzz' -> USED_BY [free-music-archive] (14)
[1651/5572] 'Sarah Weis' -> USED_BY [free-music-archive] (14)
[1652/5572] 'Los Negretes' -> USED_BY [free-music-archive] (14)
[1653/5572] 'HENOG le musicien' -> USED_BY [free-music-archive] (14)
[1654/5572] 'Opéra Mort' -> USED_BY [free-music-archive] (14)
[1655/5572] 'CACHETTE A BRANLETTE' -> USED_BY [free-music-archive] (14)
[1656/5572] 'Harpoon Forever' -> USED_BY [free-music-archive] (14)
[1657/5572] 'Dog Star Man' -> USED_BY [free-music-archive] (14)
[1658/5572] 'Proctophobic' -> USED_BY [free-music-archive] (26)
[1659/5572] 'Les Cartes Postales Sonores' -> USED_BY [free-music-archive] (14)
[1660/5572] 'Bendle' -> USED_BY [free-music-archive] (14)
[1661/5572] 'DUDU GEVA' -> USED_BY [free-music-archive] (25)
[1662/5572] 'No Peddlers' -> USED_BY [free-music-archive] (14)
[1663/5572] 'Samoln' -> USED_BY [free-music-archive] (14)
[1664/5572] 'Cells' -> USED_BY [free-music-archive] (14)
[1665/5572] 'Klopka za pionira' -> USED_BY [free-music-archive] (14)
[1666/5572] 'SJ Mellia' -> USED_BY [free-music-archive] (77)
[1667/5572] 'Satanicpornocultshop' -> USED_BY [free-music-archive] (30)
[1668/5572] 'Post Human Era' -> USED_BY [free-music-archive] (13)
[1669/5572] 'BLOB' -> USED_BY [free-music-archive] (13)
[1670/5572] 'Chandeliers' -> USED_BY [free-music-archive] (13)
[1671/5572] 'Double Dagger' -> USED_BY [free-music-archive] (23)
[1672/5572] 'Fanatic' -> USED_BY [free-music-archive] (13)
[1673/5572] 'Jailberg' -> USED_BY [free-music-archive] (13)
[1674/5572] 'Lovely Little Girls' -> USED_BY [free-music-archive] (13)
[1675/5572] 'Shawn Greenlee' -> USED_BY [free-music-archive] (13)
[1676/5572] 'Skraelings' -> USED_BY [free-music-archive] (13)
[1677/5572] 'Wankatorium' -> USED_BY [free-music-archive] (13)
[1678/5572] 'Los Fancy Free' -> USED_BY [free-music-archive] (13)
[1679/5572] 'Polka Madre' -> USED_BY [free-music-archive] (13)
[1680/5572] 'The Feeling of Love' -> USED_BY [free-music-archive] (13)
[1681/5572] 'The Bowmans' -> USED_BY [free-music-archive] (13)
[1682/5572] 'Tough Darts!' -> USED_BY [free-music-archive] (13)
[1683/5572] 'Boss Hog' -> USED_BY [free-music-archive] (23)
[1684/5572] 'Uke of Spaces Corners' -> USED_BY [free-music-archive] (13)
[1685/5572] 'Nine Inch Nails' -> USED_BY [free-music-archive] (306)
[1686/5572] 'Mafeisan' -> USED_BY [free-music-archive] (13)
[1687/5572] 'Roberto Billi' -> USED_BY [free-music-archive] (13)
[1688/5572] 'Quiet Orchestra' -> USED_BY [free-music-archive] (13)
[1689/5572] 'Kostas Vomvolos' -> USED_BY [free-music-archive] (13)
[1690/5572] 'Giraffe' -> USED_BY [free-music-archive] (13)
[1691/5572] 'Hank' -> USED_BY [free-music-archive] (13)
[1692/5572] 'Knyaz Mishkin' -> USED_BY [free-music-archive] (13)
[1693/5572] 'Kakitsubata (Sylvie Walder + _)' -> USED_BY [free-music-archive] (13)
[1694/5572] 'Formula' -> USED_BY [free-music-archive] (13)
[1695/5572] 'Curlew' -> USED_BY [free-music-archive] (13)
[1696/5572] 'The Ether' -> USED_BY [free-music-archive] (13)
[1697/5572] 'Amen Dunes' -> USED_BY [free-music-archive] (106)
[1698/5572] 'Mucca Pazza' -> USED_BY [free-music-archive] (13)
[1699/5572] 'Diablo Swing Orchestra' -> USED_BY [free-music-archive] (95)
[1700/5572] 'Sikhara' -> USED_BY [free-music-archive] (13)
[1701/5572] 'Dave Public' -> USED_BY [free-music-archive] (13)
[1702/5572] 'Professor Kliq' -> USED_BY [free-music-archive] (14)
[1703/5572] 'Nat Roe' -> USED_BY [free-music-archive] (13)
[1704/5572] 'Claudio Nuñez' -> USED_BY [free-music-archive] (13)
[1705/5572] 'ZONA MC' -> USED_BY [free-music-archive] (13)
[1706/5572] 'Bakers At Dawn' -> USED_BY [free-music-archive] (15)
[1707/5572] 'Aaron Ximm' -> USED_BY [free-music-archive] (15)
[1708/5572] 'Violet' -> USED_BY [free-music-archive] (13)
[1709/5572] 'Andrij Orel' -> USED_BY [free-music-archive] (13)
[1710/5572] "Ain't No Love" -> USED_BY [free-music-archive] (13)
[1711/5572] 'Steve Anderson' -> USED_BY [free-music-archive] (13)
[1712/5572] 'soundZcapa' -> USED_BY [free-music-archive] (13)
[1714/5572] 'saQi' -> USED_BY [free-music-archive] (13)
[1715/5572] 'Infetu' -> USED_BY [free-music-archive] (13)
[1716/5572] 'Bobby Bunny' -> USED_BY [free-music-archive] (13)
[1717/5572] 'ILI' -> USED_BY [free-music-archive] (13)
[1718/5572] 'Macon Tights' -> USED_BY [free-music-archive] (13)
[1719/5572] 'Krebs' -> USED_BY [free-music-archive] (13)
[1720/5572] 'Town Hall' -> USED_BY [free-music-archive] (13)
[1721/5572] 'Snake Oil Salesmen' -> USED_BY [free-music-archive] (13)
[1722/5572] 'Alien Whale' -> USED_BY [free-music-archive] (13)
[1723/5572] 'Ultimate Painting' -> USED_BY [free-music-archive] (66)
[1725/5572] 'Control-Z' -> USED_BY [free-music-archive] (13)
[1726/5572] 'Suppression' -> USED_BY [free-music-archive] (13)
[1727/5572] 'Sarin' -> USED_BY [free-music-archive] (14)
[1728/5572] 'Guillaume Tucker' -> USED_BY [free-music-archive] (13)
[1729/5572] 'Naran' -> USED_BY [free-music-archive] (13)
[1730/5572] 'Romashka' -> USED_BY [free-music-archive] (13)
[1731/5572] 'Montana Skies' -> USED_BY [free-music-archive] (28)
[1732/5572] 'Pheasant' -> USED_BY [free-music-archive] (13)
[1733/5572] 'Shodé Non' -> USED_BY [free-music-archive] (13)
[1734/5572] 'Peripheral Living' -> USED_BY [free-music-archive] (13)
[1735/5572] 'The Wades' -> USED_BY [free-music-archive] (13)
[1736/5572] 'Noise Research' -> USED_BY [free-music-archive] (13)
[1737/5572] 'Utopia, Ohio' -> USED_BY [free-music-archive] (13)
[1738/5572] 'The Carnys' -> USED_BY [free-music-archive] (13)
[1739/5572] 'Decade in Exile' -> USED_BY [free-music-archive] (13)
[1740/5572] '?Alos' -> USED_BY [free-music-archive] (29)
[1742/5572] 'yan_g' -> USED_BY [free-music-archive] (23)
[1743/5572] 'Ventre de Biche' -> USED_BY [free-music-archive] (31)
[1744/5572] 'The Jon Spencer Blues Explosion' -> USED_BY [free-music-archive] (199)
[1745/5572] 'un automne à Lob-Nor' -> USED_BY [free-music-archive] (22)
[1746/5572] 'Gallery Six' -> USED_BY [free-music-archive] (163)
[1747/5572] 'Artist Name' -> USED_BY [free-music-archive] (13)
[1748/5572] 'Did You Just Hex Me?' -> USED_BY [free-music-archive] (13)
[1749/5572] 'Obsidian Shell' -> USED_BY [free-music-archive] (20)
[1750/5572] 'Surak' -> USED_BY [free-music-archive] (13)
[1751/5572] 'Y:E:T' -> USED_BY [free-music-archive] (13)
[1752/5572] 'Werner Fern' -> USED_BY [free-music-archive] (13)
[1753/5572] 'Hell Hoarse' -> USED_BY [free-music-archive] (13)
[1754/5572] 'Origami Repetika' -> USED_BY [free-music-archive] (13)
[1755/5572] 'Flex Vector' -> USED_BY [free-music-archive] (13)
[1756/5572] 'Unknown Artist' -> USED_BY [free-music-archive] (71)
[1757/5572] 'André Pissoir' -> USED_BY [free-music-archive] (14)
[1758/5572] 'Duncan Avoid' -> USED_BY [free-music-archive] (14)
[1759/5572] 'Vlasta Popi\u0107' ERROR: 'charmap' codec can't encode character '\u0107' in position 24: character maps to <undefined>
[1760/5572] 'Ostin' -> USED_BY [free-music-archive] (13)
[1761/5572] 'Pete Galub' -> USED_BY [free-music-archive] (13)
[1762/5572] 'Bliss Blood' -> USED_BY [free-music-archive] (13)
[1763/5572] 'Al Street' -> USED_BY [free-music-archive] (13)
[1764/5572] 'Nick Rivera' -> USED_BY [free-music-archive] (13)
[1765/5572] 'XPURM' -> USED_BY [free-music-archive] (13)
[1766/5572] 'The Moto-Gators' -> USED_BY [free-music-archive] (13)
[1767/5572] 'Alterior' -> USED_BY [free-music-archive] (13)
[1768/5572] 'The Mantles' -> USED_BY [free-music-archive] (19)
[1769/5572] 'Dirty Beaches' -> USED_BY [free-music-archive] (21)
[1770/5572] 'melodysheep' -> USED_BY [free-music-archive] (190)
[1771/5572] 'Pleiades M' -> USED_BY [free-music-archive] (13)
[1772/5572] 'Semyon' -> USED_BY [free-music-archive] (13)
[1773/5572] 'Honnda' -> USED_BY [free-music-archive] (13)
[1774/5572] 'Miss Emma' -> USED_BY [free-music-archive] (14)
[1775/5572] 'Inefficient Screws' -> USED_BY [free-music-archive] (13)
[1776/5572] 'Ian Linter' -> USED_BY [free-music-archive] (13)
[1777/5572] 'Dimenticarmi Non!' -> USED_BY [free-music-archive] (13)
[1778/5572] 'Sycamore Drive' -> USED_BY [free-music-archive] (13)
[1779/5572] 'Ten Thousand Free Men & Their Families' -> USED_BY [free-music-archive] (13)
[1780/5572] 'Milch of Source' -> USED_BY [free-music-archive] (19)
[1781/5572] 'Mobster' -> USED_BY [free-music-archive] (13)
[1782/5572] 'Poland' -> USED_BY [free-music-archive] (13)
[1783/5572] 'Windom Earle' -> USED_BY [free-music-archive] (13)
[1784/5572] 'Pujol' -> USED_BY [free-music-archive] (30)
[1785/5572] 'EeL' -> USED_BY [free-music-archive] (13)
[1786/5572] 'Kris Keogh' -> USED_BY [free-music-archive] (14)
[1787/5572] 'Batfinks' -> USED_BY [free-music-archive] (13)
[1788/5572] 'Collection of the Late Howell Bend' -> USED_BY [free-music-archive] (13)
[1789/5572] 'Plaistow' -> USED_BY [free-music-archive] (13)
[1790/5572] 'Meltdown' -> USED_BY [free-music-archive] (13)
[1791/5572] 'Jigglers' -> USED_BY [free-music-archive] (13)
[1792/5572] 'Antony Raijekov' -> USED_BY [free-music-archive] (13)
[1793/5572] 'coda' -> USED_BY [free-music-archive] (13)
[1794/5572] 'Society Problem' -> USED_BY [free-music-archive] (13)
[1795/5572] 'Jack Kotz' -> USED_BY [free-music-archive] (13)
[1796/5572] 'Portron Portron Lopez' -> USED_BY [free-music-archive] (13)
[1797/5572] 'The Bell' -> USED_BY [free-music-archive] (13)
[1798/5572] 'Jurica Jeli\u0107' ERROR: 'charmap' codec can't encode character '\u0107' in position 24: character maps to <undefined>
[1799/5572] 'Papa B Blu' -> USED_BY [free-music-archive] (13)
[1800/5572] 'Dappu Ji Mirasi' -> USED_BY [free-music-archive] (13)
[1801/5572] 'Pistol Jazz' -> USED_BY [free-music-archive] (13)
[1802/5572] 'Zli jezici' -> USED_BY [free-music-archive] (13)
[1803/5572] 'Gonzalo Varela' -> USED_BY [free-music-archive] (13)
[1804/5572] 'Jacob Haller' -> USED_BY [free-music-archive] (13)
[1805/5572] 'Optional' -> USED_BY [free-music-archive] (13)
[1806/5572] 'Painful Silence' -> USED_BY [free-music-archive] (13)
[1807/5572] 'Aerologic' -> USED_BY [free-music-archive] (13)
[1808/5572] 'Rye Coalition' -> USED_BY [free-music-archive] (33)
[1809/5572] 'Donnie Ozone' -> USED_BY [free-music-archive] (15)
[1810/5572] 'Jason Leonard' -> USED_BY [free-music-archive] (13)
[1811/5572] 'godmanwho' -> USED_BY [free-music-archive] (13)
[1812/5572] 'East of Borneo' -> USED_BY [free-music-archive] (13)
[1813/5572] 'CrumbSnatchers' -> USED_BY [free-music-archive] (16)
[1814/5572] 'Titus Andronicus' -> USED_BY [free-music-archive] (129)
[1815/5572] 'Waco Brothers' -> USED_BY [free-music-archive] (50)
[1816/5572] 'Quasi' -> USED_BY [free-music-archive] (31)
[1817/5572] 'Coven Project' -> USED_BY [free-music-archive] (13)
[1818/5572] 'Valentina Novales' -> USED_BY [free-music-archive] (13)
[1819/5572] 'Consolidated Plastics' -> USED_BY [free-music-archive] (13)
[1820/5572] 'Master Toad!' -> USED_BY [free-music-archive] (13)
[1821/5572] 'FRAIL' -> USED_BY [free-music-archive] (13)
[1822/5572] 'Barefoot McCoy' -> USED_BY [free-music-archive] (13)
[1823/5572] 'Art Gray Noizz Quintet' -> USED_BY [free-music-archive] (13)
[1824/5572] 'Son Little' -> USED_BY [free-music-archive] (124)
[1825/5572] 'red kite' -> USED_BY [free-music-archive] (13)
[1826/5572] 'dioxadol borges' -> USED_BY [free-music-archive] (13)
[1827/5572] 'The Dirty Moogs' -> USED_BY [free-music-archive] (13)
[1828/5572] 'Total E.T.' -> USED_BY [free-music-archive] (13)
[1829/5572] 'This Mess Is Mine' -> USED_BY [free-music-archive] (13)
[1830/5572] 'Zerodent' -> USED_BY [free-music-archive] (13)
[1831/5572] 'The Dingees' -> USED_BY [free-music-archive] (33)
[1832/5572] 'Olga Scotland' -> USED_BY [free-music-archive] (33)
[1833/5572] 'Rot Shit' -> USED_BY [free-music-archive] (13)
[1834/5572] 'Xerak' -> USED_BY [free-music-archive] (13)
[1835/5572] 'Steadman' -> USED_BY [free-music-archive] (53)
[1836/5572] 'Sakee Sed' -> USED_BY [free-music-archive] (13)
[1837/5572] 'comment on y va' -> USED_BY [free-music-archive] (13)
[1838/5572] 'Cheapmachines' -> USED_BY [free-music-archive] (13)
[1839/5572] '.RR' -> USED_BY [free-music-archive] (13)
[1840/5572] 'Galun' -> USED_BY [free-music-archive] (13)
[1841/5572] 'Fidel Cutstro' -> USED_BY [free-music-archive] (13)
[1842/5572] 'Lady Data' -> USED_BY [free-music-archive] (13)
[1843/5572] 'Panda Paranoico' -> USED_BY [free-music-archive] (13)
[1844/5572] 'Bernd Burnson' -> USED_BY [free-music-archive] (13)
[1845/5572] 'Not From This World' -> USED_BY [free-music-archive] (13)
[1846/5572] 'Dan Plaza' -> USED_BY [free-music-archive] (13)
[1847/5572] 'Procedure Club' -> USED_BY [free-music-archive] (13)
[1848/5572] 'Miguel Uza' -> USED_BY [free-music-archive] (13)
[1849/5572] 'La Fanfare de la Fatalité' -> USED_BY [free-music-archive] (13)
[1850/5572] 'Henry Hynes' -> USED_BY [free-music-archive] (13)
[1851/5572] 'Batfinks' -> USED_BY [free-music-archive] (13)
[1852/5572] 'Dr. Phibes & The Ten Plagues of Egypt' -> USED_BY [free-music-archive] (13)
[1854/5572] 'Sibirskaya Vechora' -> USED_BY [free-music-archive] (13)
[1855/5572] 'Kingface' -> USED_BY [free-music-archive] (13)
[1856/5572] 'Mac 68K' -> USED_BY [free-music-archive] (13)
[1857/5572] 'La Ligne Claire' -> USED_BY [free-music-archive] (13)
[1858/5572] 'Jason Kaneshiro' -> USED_BY [free-music-archive] (13)
[1859/5572] 'Goines Ma Non Troppo' -> USED_BY [free-music-archive] (13)
[1860/5572] 'Riasne 2000' -> USED_BY [free-music-archive] (13)
[1861/5572] 'JTPE' -> USED_BY [free-music-archive] (13)
[1862/5572] 'Christian Cummings' -> USED_BY [free-music-archive] (13)
[1863/5572] 'Colombey' -> USED_BY [free-music-archive] (13)
[1864/5572] 'Tartine de Clous' -> USED_BY [free-music-archive] (13)
[1865/5572] 'Kiko C. Esseiva' -> USED_BY [free-music-archive] (13)
[1866/5572] 'When We Live' -> USED_BY [free-music-archive] (13)
[1867/5572] 'Mark E. Kaylor' -> USED_BY [free-music-archive] (13)
[1868/5572] 'Josef Nadek' -> USED_BY [free-music-archive] (13)
[1869/5572] 'Zacarias Malden' -> USED_BY [free-music-archive] (13)
[1870/5572] 'Brian Wilson Shock Treatment' -> USED_BY [free-music-archive] (13)
[1871/5572] 'Party People in a Can' -> USED_BY [free-music-archive] (13)
[1872/5572] 'Thee Irma & Louise' -> USED_BY [free-music-archive] (13)
[1873/5572] 'Vegaenduro' -> USED_BY [free-music-archive] (13)
[1874/5572] 'Erick Gallun' -> USED_BY [free-music-archive] (13)
[1875/5572] 'TALUGUNG' -> USED_BY [free-music-archive] (13)
[1876/5572] 'Cockmasta Flex' -> USED_BY [free-music-archive] (13)
[1877/5572] "Richie Dagger's Crime" -> USED_BY [free-music-archive] (13)
[1878/5572] 'Mark Neil' -> USED_BY [free-music-archive] (13)
[1879/5572] 'Byron G. Harlan' -> USED_BY [free-music-archive] (12)
[1880/5572] 'Katapulto' -> USED_BY [free-music-archive] (12)
[1881/5572] 'AWOL' -> USED_BY [free-music-archive] (12)
[1882/5572] 'Minmae' -> USED_BY [free-music-archive] (12)
[1883/5572] 'Mudboy' -> USED_BY [free-music-archive] (12)
[1884/5572] 'Weather (from Chicago)' -> USED_BY [free-music-archive] (12)
[1885/5572] 'Bolmongani' -> USED_BY [free-music-archive] (12)
[1886/5572] 'Dead Moon' -> USED_BY [free-music-archive] (167)
[1887/5572] 'Mod Fun' -> USED_BY [free-music-archive] (12)
[1888/5572] 'We Are the Arm' -> USED_BY [free-music-archive] (12)
[1889/5572] 'New Bomb Turks' -> USED_BY [free-music-archive] (42)
[1890/5572] 'Rose For Bohdan' -> USED_BY [free-music-archive] (19)
[1891/5572] 'BrokeMC' -> USED_BY [free-music-archive] (12)
[1892/5572] 'Dinowalrus' -> USED_BY [free-music-archive] (12)
[1893/5572] 'Future Islands' -> USED_BY [free-music-archive] (168)
[1894/5572] 'Superhumanoids' -> USED_BY [free-music-archive] (34)
[1895/5572] 'Proviant Audio' -> USED_BY [free-music-archive] (12)
[1897/5572] 'The Magic Carpathians' -> USED_BY [free-music-archive] (22)
[1898/5572] 'Tha Connection' -> USED_BY [free-music-archive] (13)
[1899/5572] 'Sea Monster' -> USED_BY [free-music-archive] (13)
[1900/5572] 'Smegma' -> USED_BY [free-music-archive] (12)
[1901/5572] 'Hanns Ahring' -> USED_BY [free-music-archive] (12)
[1902/5572] 'Jean Quist' -> USED_BY [free-music-archive] (12)
[1903/5572] 'Maren Schram' -> USED_BY [free-music-archive] (12)
[1904/5572] '1.6 Band' -> USED_BY [free-music-archive] (12)
[1905/5572] 'Pigeons & The Insane Porridgemakers' -> USED_BY [free-music-archive] (12)
[1906/5572] 'Al Jolson' -> USED_BY [free-music-archive] (223)
[1907/5572] 'The Mint Chicks' -> USED_BY [free-music-archive] (35)
[1908/5572] 'Orquestra Popular De Paio Pires' -> USED_BY [free-music-archive] (12)
[1909/5572] 'Pistolera' -> USED_BY [free-music-archive] (12)
[1910/5572] 'staRpauSe' -> USED_BY [free-music-archive] (12)
[1911/5572] 'Matt Bauer' -> USED_BY [free-music-archive] (20)
[1912/5572] 'Talk Normal' -> USED_BY [free-music-archive] (12)
[1913/5572] 'Evgeny Grinko' -> USED_BY [free-music-archive] (91)
[1914/5572] 'Sore & Steal' -> USED_BY [free-music-archive] (12)
[1915/5572] 'krackatoa' -> USED_BY [free-music-archive] (12)
[1916/5572] 'Jarrod Fowler' -> USED_BY [free-music-archive] (12)
[1917/5572] '[unknown]' -> USED_BY [free-music-archive] (867)
[1918/5572] 'Love Story In Blood Red' -> USED_BY [free-music-archive] (12)
[1919/5572] 'Aortha' -> USED_BY [free-music-archive] (12)
[1920/5572] 'Inox Kapell' -> USED_BY [free-music-archive] (12)
[1921/5572] 'New Air' -> USED_BY [free-music-archive] (12)
[1922/5572] 'Big Ups' -> USED_BY [free-music-archive] (32)
[1923/5572] 'Atlantic Thrills' -> USED_BY [free-music-archive] (12)
[1924/5572] 'Lucas Perný' -> USED_BY [free-music-archive] (12)
[1925/5572] 'MUTATE' -> USED_BY [free-music-archive] (12)
[1926/5572] 'Illl' -> USED_BY [free-music-archive] (12)
[1927/5572] 'Adolina' -> USED_BY [free-music-archive] (12)
[1928/5572] 'Styptic' -> USED_BY [free-music-archive] (15)
[1929/5572] 'The Fat' -> USED_BY [free-music-archive] (12)
[1930/5572] 'Penetración Cósmica' -> USED_BY [free-music-archive] (12)
[1931/5572] 'ombrelli sciolti' -> USED_BY [free-music-archive] (12)
[1932/5572] 'Mirbeau' -> USED_BY [free-music-archive] (12)
[1933/5572] 'Pankifared' -> USED_BY [free-music-archive] (12)
[1934/5572] '[Yahuy-Che-Kabah]' -> USED_BY [free-music-archive] (12)
[1935/5572] 'Neighborhood Cults' -> USED_BY [free-music-archive] (12)
[1936/5572] 'Csum and Tobetozero' -> USED_BY [free-music-archive] (12)
[1937/5572] 'Fog Lake' -> USED_BY [free-music-archive] (165)
[1938/5572] 'Supercontinents' -> USED_BY [free-music-archive] (12)
[1939/5572] 'BABY59' -> USED_BY [free-music-archive] (12)
[1940/5572] 'Deftechnixks' -> USED_BY [free-music-archive] (12)
[1941/5572] 'The Willing' -> USED_BY [free-music-archive] (14)
[1942/5572] 'King Vulture' -> USED_BY [free-music-archive] (12)
[1943/5572] 'Luciana Bass' -> USED_BY [free-music-archive] (12)
[1944/5572] 'Tim Cosner' -> USED_BY [free-music-archive] (12)
[1945/5572] 'Jess Lemont' -> USED_BY [free-music-archive] (12)
[1946/5572] 'Beef Humper' -> USED_BY [free-music-archive] (12)
[1947/5572] 'kamila kostur' -> USED_BY [free-music-archive] (12)
[1948/5572] 'Heftone Banjo Orchestra' -> USED_BY [free-music-archive] (12)
[1949/5572] 'Cuarto' -> USED_BY [free-music-archive] (12)
[1950/5572] 'Alialujah Choir' -> USED_BY [free-music-archive] (13)
[1951/5572] 'Guili Guili Goulag' -> USED_BY [free-music-archive] (12)
[1952/5572] 'Son Altesse Furieuse' -> USED_BY [free-music-archive] (12)
[1953/5572] 'The Use' -> USED_BY [free-music-archive] (12)
[1954/5572] 'Graham Bole' -> USED_BY [free-music-archive] (12)
[1955/5572] 'Alexandre Bateiras' -> USED_BY [free-music-archive] (12)
[1956/5572] 'Life In A Blender' -> USED_BY [free-music-archive] (12)
[1957/5572] 'Monopole' -> USED_BY [free-music-archive] (12)
[1958/5572] 'LE CLUB DES CHATS' -> USED_BY [free-music-archive] (19)
[1959/5572] 'Howie Mitchell & Ruth Meyer' -> USED_BY [free-music-archive] (12)
[1960/5572] 'Nummer Da Luminous' -> USED_BY [free-music-archive] (12)
[1961/5572] 'Charles Rice Goff III' -> USED_BY [free-music-archive] (12)
[1962/5572] 'Bleak House' -> USED_BY [free-music-archive] (12)
[1963/5572] 'Paulo Chagas' -> USED_BY [free-music-archive] (113)
[1964/5572] 'Ongaku2' -> USED_BY [free-music-archive] (12)
[1965/5572] 'Balkan Fields' -> USED_BY [free-music-archive] (12)
[1966/5572] 'Fritz Welch' -> USED_BY [free-music-archive] (12)
[1967/5572] 'Litmus' -> USED_BY [free-music-archive] (12)
[1968/5572] 'Pure Country Gold' -> USED_BY [free-music-archive] (12)
[1969/5572] 'Xalm Retribution' -> USED_BY [free-music-archive] (12)
[1970/5572] 'Muhr' -> USED_BY [free-music-archive] (12)
[1971/5572] 'Secret Boyfriend' -> USED_BY [free-music-archive] (13)
[1972/5572] 'Beam Camp' -> USED_BY [free-music-archive] (14)
[1973/5572] 'Human Resources' -> USED_BY [free-music-archive] (12)
[1974/5572] 'Jeff Kolar' -> USED_BY [free-music-archive] (12)
[1975/5572] 'Ronny Wærnes' -> USED_BY [free-music-archive] (12)
[1976/5572] 'Mariana Päraway' -> USED_BY [free-music-archive] (12)
[1977/5572] 'Loopez' -> USED_BY [free-music-archive] (12)
[1978/5572] 'Selma Oxor' -> USED_BY [free-music-archive] (12)
[1979/5572] 'Archétypo 120' -> USED_BY [free-music-archive] (12)
[1980/5572] 'Jeremy Bible' -> USED_BY [free-music-archive] (12)
[1981/5572] 'Voodoo Puppets' -> USED_BY [free-music-archive] (12)
[1982/5572] 'Kesson Shoujo' -> USED_BY [free-music-archive] (12)
[1983/5572] 'Fleshtone Aura' -> USED_BY [free-music-archive] (12)
[1984/5572] 'arciv ev noise' -> USED_BY [free-music-archive] (12)
[1985/5572] 'DMZ' -> USED_BY [free-music-archive] (12)
[1986/5572] 'Duo (Kirk Pearson and Julia Egan)' -> USED_BY [free-music-archive] (12)
[1987/5572] 'piano' -> USED_BY [free-music-archive] (226)
[1988/5572] 'Blank Realm' -> USED_BY [free-music-archive] (15)
[1989/5572] 'Blue Sausage Infant' -> USED_BY [free-music-archive] (12)
[1990/5572] '((( vlubä )))' -> USED_BY [free-music-archive] (12)
[1991/5572] 'Les Loustics' -> USED_BY [free-music-archive] (12)
[1992/5572] 'Piccola Orchestra Gagarin' -> USED_BY [free-music-archive] (12)
[1993/5572] 'Madame Rrose Sélavy' -> USED_BY [free-music-archive] (12)
[1994/5572] 'Superpoze' -> USED_BY [free-music-archive] (134)
[1995/5572] '1/2 byZERO & Nik RUbanov' -> USED_BY [free-music-archive] (12)
[1996/5572] 'Cracked Latin' -> USED_BY [free-music-archive] (12)
[1997/5572] 'Chiquita y Chatarra' -> USED_BY [free-music-archive] (12)
[1998/5572] 'Ivan Julian' -> USED_BY [free-music-archive] (12)
[1999/5572] 'THKAD' -> USED_BY [free-music-archive] (12)
[2000/5572] 'John Harrison with the Wichita State University Chamber Players' -> USED_BY [free-music-archive] (12)
[2001/5572] 'Smooch' -> USED_BY [free-music-archive] (12)
[2002/5572] 'Short Hand' -> USED_BY [free-music-archive] (12)
[2003/5572] 'Cruddy' -> USED_BY [free-music-archive] (12)
[2004/5572] 'IKOS David Clifton with the choirs of Peterborough Cathedral' -> USED_BY [free-music-archive] (12)
[2005/5572] 'The Carrier Wave' -> USED_BY [free-music-archive] (12)
[2006/5572] 'The Maltese Falcons' -> USED_BY [free-music-archive] (13)
[2008/5572] 'Los Vigilantes' -> USED_BY [free-music-archive] (12)
[2009/5572] 'Bad Noids' -> USED_BY [free-music-archive] (12)
[2010/5572] 'Action Davis' -> USED_BY [free-music-archive] (12)
[2011/5572] 'Isle of Pine' -> USED_BY [free-music-archive] (12)
[2012/5572] 'Anthony & Substanshall' -> USED_BY [free-music-archive] (12)
[2013/5572] 'Ant Neely' -> USED_BY [free-music-archive] (12)
[2014/5572] 'Jazz at Mladost Club' -> USED_BY [free-music-archive] (12)
[2015/5572] 'Fhernando' -> USED_BY [free-music-archive] (21)
[2016/5572] 'Howie & Ann Mitchell' -> USED_BY [free-music-archive] (12)
[2017/5572] 'Dikes Of Holland' -> USED_BY [free-music-archive] (14)
[2018/5572] 'Musik Studio' -> USED_BY [free-music-archive] (12)
[2019/5572] 'Sci-Fi Industries' -> USED_BY [free-music-archive] (63)
[2020/5572] 'Lisa Germano' -> USED_BY [free-music-archive] (145)
[2021/5572] 'Guillaume Maupin' -> USED_BY [free-music-archive] (12)
[2022/5572] 'Tri-Tachyon' -> USED_BY [free-music-archive] (17)
[2023/5572] 'Will Bangs' -> USED_BY [free-music-archive] (12)
[2024/5572] 'W.H.Y.' -> USED_BY [free-music-archive] (12)
[2025/5572] 'Early Sonic Belligeranza' -> USED_BY [free-music-archive] (12)
[2026/5572] 'MADS' -> USED_BY [free-music-archive] (12)
[2027/5572] 'The Narrow Musketeer' -> USED_BY [free-music-archive] (12)
[2028/5572] 'rui' -> USED_BY [free-music-archive] (13)
[2029/5572] 'The New Valleys' -> USED_BY [free-music-archive] (12)
[2030/5572] 'Marcos H. Bolanos' -> USED_BY [free-music-archive] (24)
[2031/5572] 'Windmill' -> USED_BY [free-music-archive] (12)
[2032/5572] 'Polvere in Cantina' -> USED_BY [free-music-archive] (12)
[2033/5572] 'Taulard' -> USED_BY [free-music-archive] (16)
[2034/5572] 'Frédéric Gerchambeau' -> USED_BY [free-music-archive] (12)
[2035/5572] 'Mike B. Fort' -> USED_BY [free-music-archive] (12)
[2036/5572] 'William McColl' -> USED_BY [free-music-archive] (12)
[2037/5572] 'Protomartyr' -> USED_BY [free-music-archive] (142)
[2038/5572] 'Cosmo' -> USED_BY [free-music-archive] (16)
[2039/5572] 'Portrayal' -> USED_BY [free-music-archive] (22)
[2040/5572] 'Eva Schlegel' -> USED_BY [free-music-archive] (12)
[2041/5572] 'Harmoos' -> USED_BY [free-music-archive] (12)
[2042/5572] 'Deuxvolt' -> USED_BY [free-music-archive] (19)
[2043/5572] 'Cityzens Were Here' -> USED_BY [free-music-archive] (12)
[2044/5572] '2-L8' -> USED_BY [free-music-archive] (12)
[2045/5572] 'ASOTWL' -> USED_BY [free-music-archive] (12)
[2046/5572] 'Los Cuanticos' -> USED_BY [free-music-archive] (12)
[2047/5572] 'Nursery' -> USED_BY [free-music-archive] (12)
[2048/5572] 'Siddhartha' -> USED_BY [free-music-archive] (12)
[2049/5572] 'Mega Gem' -> USED_BY [free-music-archive] (12)
[2050/5572] 'Androvirus' -> USED_BY [free-music-archive] (12)
[2051/5572] 'BCBG' -> USED_BY [free-music-archive] (12)
[2052/5572] 'Echo Chamber Rope Trick' -> USED_BY [free-music-archive] (12)
[2053/5572] 'Sioum' -> USED_BY [free-music-archive] (25)
[2054/5572] 'Salome Lego Playset - Susanna Laterza - Kenji Siratori' -> USED_BY [free-music-archive] (12)
[2055/5572] 'The Freeharmonic Orchestra' -> USED_BY [free-music-archive] (12)
[2056/5572] 'Twin Realities Dreamers' -> USED_BY [free-music-archive] (12)
[2057/5572] 'Milky-Chu' -> USED_BY [free-music-archive] (12)
[2058/5572] 'Seiei Jack' -> USED_BY [free-music-archive] (12)
[2059/5572] 'Les Juanitos' -> USED_BY [free-music-archive] (34)
[2060/5572] "We're Late for Class" -> USED_BY [free-music-archive] (30)
[2061/5572] 'Ergo Phizmiz & Friends' -> USED_BY [free-music-archive] (12)
[2062/5572] 'Black Math' -> USED_BY [free-music-archive] (12)
[2063/5572] 'Kupa' -> USED_BY [free-music-archive] (12)
[2064/5572] 'Sterling Basement' -> USED_BY [free-music-archive] (12)
[2065/5572] "Hue Blanc's Joyless Ones" -> USED_BY [free-music-archive] (12)
[2066/5572] 'Jacques MalChance' -> USED_BY [free-music-archive] (15)
[2067/5572] 'ABQ' -> USED_BY [free-music-archive] (12)
[2068/5572] 'Bare Wires' -> USED_BY [free-music-archive] (13)
[2069/5572] 'Ergo Phizmiz And His Orchestra' -> USED_BY [free-music-archive] (567)
[2070/5572] 'Michael Wells' -> USED_BY [free-music-archive] (12)
[2071/5572] 'Exteenager' -> USED_BY [free-music-archive] (22)
[2072/5572] 'worriedaboutsatan' -> USED_BY [free-music-archive] (160)
[2073/5572] 'Coolrunnings' -> USED_BY [free-music-archive] (12)
[2074/5572] 'Zeptosound' -> USED_BY [free-music-archive] (12)
[2075/5572] 'Sibyll Kalff' -> USED_BY [free-music-archive] (12)
[2076/5572] 'Delgarma' -> USED_BY [free-music-archive] (12)
[2077/5572] 'Bardo Pond' -> USED_BY [free-music-archive] (53)
[2078/5572] 'Slipper' -> USED_BY [free-music-archive] (12)
[2079/5572] 'Pierlooqup' -> USED_BY [free-music-archive] (12)
[2080/5572] 'Maifersoni' -> USED_BY [free-music-archive] (48)
[2081/5572] 'Non Dolet' -> USED_BY [free-music-archive] (12)
[2082/5572] 'Gino Pertot' -> USED_BY [free-music-archive] (12)
[2083/5572] 'Yves Rakotomalala' -> USED_BY [free-music-archive] (12)
[2084/5572] 'Art Boys Collection' -> USED_BY [free-music-archive] (13)
[2085/5572] 'stockfinster' -> USED_BY [free-music-archive] (12)
[2086/5572] 'Sleepy Town Manufacture' -> USED_BY [free-music-archive] (12)
[2087/5572] 'Rozsa has become... Madárka' -> USED_BY [free-music-archive] (12)
[2088/5572] 'Mutamassik' -> USED_BY [free-music-archive] (13)
[2089/5572] 'The A-Bones' -> USED_BY [free-music-archive] (12)
[2090/5572] 'Braille' -> USED_BY [free-music-archive] (12)
[2091/5572] 'As Seen On TV' -> USED_BY [free-music-archive] (12)
[2092/5572] 'Buk Buk Bigups' -> USED_BY [free-music-archive] (12)
[2093/5572] 'SousLePont' -> USED_BY [free-music-archive] (12)
[2094/5572] 'The Needy Visions' -> USED_BY [free-music-archive] (12)
[2095/5572] 'Criadero en Seres' -> USED_BY [free-music-archive] (12)
[2096/5572] 'Sypha Nadon' -> USED_BY [free-music-archive] (12)
[2097/5572] 'Kalistongue' -> USED_BY [free-music-archive] (12)
[2098/5572] 'Caught Ship' -> USED_BY [free-music-archive] (12)
[2099/5572] 'Doppelskangers' -> USED_BY [free-music-archive] (12)
[2100/5572] 'Dave Keifer' -> USED_BY [free-music-archive] (12)
[2101/5572] 'Ardleg' -> USED_BY [free-music-archive] (17)
[2102/5572] 'Daan Hendriks' -> USED_BY [free-music-archive] (12)
[2103/5572] '1 Riche Kannibal' -> USED_BY [free-music-archive] (12)
[2104/5572] 'MC PATATE' -> USED_BY [free-music-archive] (12)
[2105/5572] 'The Tom & Marty Band' -> USED_BY [free-music-archive] (12)
[2106/5572] 'Two Prong' -> USED_BY [free-music-archive] (12)
[2107/5572] 'GriefBirds' -> USED_BY [free-music-archive] (12)
[2108/5572] 'bidibop' -> USED_BY [free-music-archive] (12)
[2109/5572] 'The Black Hollies' -> USED_BY [free-music-archive] (12)
[2110/5572] 'Tricky Diesel' -> USED_BY [free-music-archive] (12)
[2111/5572] 'Hollow Press' -> USED_BY [free-music-archive] (12)
[2112/5572] 'Octagrape' -> USED_BY [free-music-archive] (12)
[2113/5572] 'María Pien' -> USED_BY [free-music-archive] (13)
[2114/5572] 'Yoshiwaku' -> USED_BY [free-music-archive] (12)
[2115/5572] 'David Amber' -> USED_BY [free-music-archive] (24)
[2116/5572] 'Appetite' -> USED_BY [free-music-archive] (31)
[2117/5572] 'Ric Royer & G Lucas Crane' -> USED_BY [free-music-archive] (11)
[2118/5572] 'Arrogalla' -> USED_BY [free-music-archive] (11)
[2119/5572] 'Sephirot' -> USED_BY [free-music-archive] (11)
[2120/5572] 'I Feel Tractor' -> USED_BY [free-music-archive] (11)
[2121/5572] 'C. Spencer Yeh' -> USED_BY [free-music-archive] (12)
[2122/5572] 'Deano Merino' -> USED_BY [free-music-archive] (11)
[2124/5572] 'Cinwaves' -> USED_BY [free-music-archive] (11)
[2125/5572] 'Kevin Shields' -> USED_BY [free-music-archive] (34)
[2126/5572] 'Rainbro' -> USED_BY [free-music-archive] (11)
[2127/5572] 'Ric Royer' -> USED_BY [free-music-archive] (11)
[2128/5572] 'Romak and the Space Pirates' -> USED_BY [free-music-archive] (23)
[2129/5572] 'Teeth Mountain' -> USED_BY [free-music-archive] (11)
[2130/5572] 'Big Digits' -> USED_BY [free-music-archive] (11)
[2131/5572] 'Citay' -> USED_BY [free-music-archive] (11)
[2132/5572] 'Kelley Stoltz' -> USED_BY [free-music-archive] (27)
[2133/5572] 'Miss Derringer' -> USED_BY [free-music-archive] (16)
[2134/5572] 'Silver Jews' -> USED_BY [free-music-archive] (137)
[2135/5572] 'Twi the Humble Feather' -> USED_BY [free-music-archive] (11)
[2136/5572] 'Half Japanese' -> USED_BY [free-music-archive] (42)
[2137/5572] 'Schocholautte' -> USED_BY [free-music-archive] (11)
[2138/5572] 'The Brian Jonestown Massacre' -> USED_BY [free-music-archive] (219)
[2139/5572] 'Ugh God' -> USED_BY [free-music-archive] (11)
[2140/5572] 'Suicidal Rap Orgy' -> USED_BY [free-music-archive] (35)
[2141/5572] 'Elliott Sharp' -> USED_BY [free-music-archive] (46)
[2142/5572] 'Thee Contortionists vs. Jeff McLeod' -> USED_BY [free-music-archive] (11)
[2143/5572] 'Aidan Baker' -> USED_BY [free-music-archive] (37)
[2144/5572] 'Cyclone 60' -> USED_BY [free-music-archive] (11)
[2145/5572] 'Klaz*' -> USED_BY [free-music-archive] (11)
[2146/5572] 'guitarrorisms' -> USED_BY [free-music-archive] (11)
[2147/5572] 'Jeremy Jay' -> USED_BY [free-music-archive] (22)
[2148/5572] 'Pineresin' -> USED_BY [free-music-archive] (11)
[2149/5572] 'Chico Correa & Electronic Band' -> USED_BY [free-music-archive] (12)
[2150/5572] 'Zack Kouns' -> USED_BY [free-music-archive] (11)
[2151/5572] 'Alash Ensemble' -> USED_BY [free-music-archive] (11)
[2152/5572] 'The Pink Noise' -> USED_BY [free-music-archive] (11)
[2153/5572] 'Computer Jesus Refrigerator' -> USED_BY [free-music-archive] (11)
[2154/5572] 'Devolver' -> USED_BY [free-music-archive] (11)
[2155/5572] 'Amy Annelle' -> USED_BY [free-music-archive] (137)
[2156/5572] 'Receptors' -> USED_BY [free-music-archive] (11)
[2157/5572] 'Deerhunter' -> USED_BY [free-music-archive] (191)
[2158/5572] 'NOW' -> USED_BY [free-music-archive] (11)
[2159/5572] 'Heroin UK' -> USED_BY [free-music-archive] (11)
[2160/5572] 'Psychedelic Horseshit' -> USED_BY [free-music-archive] (12)
[2161/5572] 'Razor Bois' -> USED_BY [free-music-archive] (11)
[2162/5572] 'Rice\u5c4eCorpse' ERROR: 'charmap' codec can't encode character '\u5c4e' in position 17: character maps to <undefined>
[2163/5572] 'Thee Moths' -> USED_BY [free-music-archive] (11)
[2164/5572] 'Sebastien Duclos' -> USED_BY [free-music-archive] (11)
[2165/5572] 'Peeled Hearts Paste' -> USED_BY [free-music-archive] (23)
[2166/5572] 'Abunai!' -> USED_BY [free-music-archive] (11)
[2167/5572] 'After Party' -> USED_BY [free-music-archive] (11)
[2168/5572] "Dan Melchior's Broke Revue" -> USED_BY [free-music-archive] (11)
[2169/5572] 'ETHX' -> USED_BY [free-music-archive] (11)
[2170/5572] 'Ménage Quad' -> USED_BY [free-music-archive] (11)
[2171/5572] 'Spirit Duplicator' -> USED_BY [free-music-archive] (11)
[2172/5572] 'Marco Kalnenek' -> USED_BY [free-music-archive] (11)
[2173/5572] 'Het Gloren' -> USED_BY [free-music-archive] (11)
[2174/5572] 'Karen Stackpole' -> USED_BY [free-music-archive] (11)
[2175/5572] 'YACHT' -> USED_BY [free-music-archive] (213)
[2176/5572] 'Sick To The Back Teeth' -> USED_BY [free-music-archive] (89)
[2177/5572] 'adcBicycle' -> USED_BY [free-music-archive] (11)
[2178/5572] 'MMO' -> USED_BY [free-music-archive] (11)
[2179/5572] 'ROW' -> USED_BY [free-music-archive] (11)
[2180/5572] 'Kings of the City' -> USED_BY [free-music-archive] (119)
[2181/5572] 'Flagland' -> USED_BY [free-music-archive] (11)
[2182/5572] 'Kakurenbo' -> USED_BY [free-music-archive] (11)
[2183/5572] 'Cachexy' -> USED_BY [free-music-archive] (11)
[2184/5572] 'Ramsden' -> USED_BY [free-music-archive] (11)
[2185/5572] '2ndMOUSE' -> USED_BY [free-music-archive] (11)
[2186/5572] 'Deltason' -> USED_BY [free-music-archive] (11)
[2187/5572] 'Gilo' -> USED_BY [free-music-archive] (11)
[2188/5572] 'Chris Lynn' -> USED_BY [free-music-archive] (12)
[2189/5572] 'Jamison Williams' -> USED_BY [free-music-archive] (11)
[2190/5572] 'Metastaz' -> USED_BY [free-music-archive] (11)
[2191/5572] 'Debby Schwartz' -> USED_BY [free-music-archive] (11)
[2192/5572] 'Scroach' -> USED_BY [free-music-archive] (11)
[2193/5572] 'Gal Pals' -> USED_BY [free-music-archive] (12)
[2194/5572] 'M.J S.K M.M J.D' -> USED_BY [free-music-archive] (11)
[2195/5572] 'dave gabriel' -> USED_BY [free-music-archive] (11)
[2196/5572] 'Tarred Brigade' -> USED_BY [free-music-archive] (11)
[2197/5572] 'Johnny Weltraum' -> USED_BY [free-music-archive] (12)
[2198/5572] 'Bit Laden' -> USED_BY [free-music-archive] (11)
[2199/5572] 'Track Jackit' -> USED_BY [free-music-archive] (11)
[2200/5572] 'Jimmie Oder' -> USED_BY [free-music-archive] (11)
[2201/5572] '10ksqft Werehaus' -> USED_BY [free-music-archive] (11)
[2202/5572] 'Cityscape' -> USED_BY [free-music-archive] (11)
[2203/5572] 'Smurd' -> USED_BY [free-music-archive] (11)
[2204/5572] 'Bureaucratique' -> USED_BY [free-music-archive] (11)
[2205/5572] 'Lady Bombon' -> USED_BY [free-music-archive] (11)
[2206/5572] 'Gigaboy' -> USED_BY [free-music-archive] (11)
[2207/5572] 'Dr RemiX' -> USED_BY [free-music-archive] (12)
[2208/5572] 'Gazprom' -> USED_BY [free-music-archive] (11)
[2209/5572] 'G.' -> USED_BY [free-music-archive] (11)
[2210/5572] 'Mesmerists' -> USED_BY [free-music-archive] (11)
[2211/5572] 'Go-qualia' -> USED_BY [free-music-archive] (13)
[2212/5572] 'owlface' -> USED_BY [free-music-archive] (11)
[2213/5572] 'Black Bones' -> USED_BY [free-music-archive] (11)
[2214/5572] 'Oferta Especial' -> USED_BY [free-music-archive] (15)
[2215/5572] 'Pi\u0119tnastka' ERROR: 'charmap' codec can't encode character '\u0119' in position 15: character maps to <undefined>
[2216/5572] 'Warm Soda' -> USED_BY [free-music-archive] (15)
[2217/5572] 'htrspltn' -> USED_BY [free-music-archive] (12)
[2218/5572] 'Paco Alvarez' -> USED_BY [free-music-archive] (11)
[2219/5572] 'Molecul' -> USED_BY [free-music-archive] (11)
[2220/5572] 'Nick Kuepfer' -> USED_BY [free-music-archive] (11)
[2221/5572] 'Lance Mannion Orchestra' -> USED_BY [free-music-archive] (11)
[2222/5572] 'Jett Brando' -> USED_BY [free-music-archive] (11)
[2223/5572] 'Chad Crouch' -> USED_BY [free-music-archive] (32)
[2224/5572] 'shitbird' -> USED_BY [free-music-archive] (11)
[2225/5572] 'BLEO' -> USED_BY [free-music-archive] (12)
[2226/5572] 'Ill Papa Giraffe' -> USED_BY [free-music-archive] (11)
[2227/5572] 'The U.S. Army Blues' -> USED_BY [free-music-archive] (12)
[2228/5572] 'Damage it' -> USED_BY [free-music-archive] (11)
[2229/5572] 'Bruce Hart' -> USED_BY [free-music-archive] (11)
[2230/5572] 'C.H.E.R.N.O.B.Y.L.' -> USED_BY [free-music-archive] (11)
[2231/5572] 'Rodd Keith' -> USED_BY [free-music-archive] (20)
[2232/5572] 'Le Perche Oreille' -> USED_BY [free-music-archive] (11)
[2233/5572] 'Laura Stevenson and The Cans' -> USED_BY [free-music-archive] (28)
[2234/5572] 'FIGURATIVE THEATRE' -> USED_BY [free-music-archive] (76)
[2235/5572] 'Personal' -> USED_BY [free-music-archive] (11)
[2236/5572] 'Everywhere Kingdom' -> USED_BY [free-music-archive] (11)
[2237/5572] 'Muhmood' -> USED_BY [free-music-archive] (11)
[2238/5572] 'Willbe' -> USED_BY [free-music-archive] (11)
[2239/5572] 'Corporate Control' -> USED_BY [free-music-archive] (11)
[2240/5572] 'Chevo Légé' -> USED_BY [free-music-archive] (13)
[2241/5572] 'The Conquering Light Of Flora And Fauna' -> USED_BY [free-music-archive] (11)
[2242/5572] 'Fields of Ohio' -> USED_BY [free-music-archive] (72)
[2243/5572] 'Aislinn' -> USED_BY [free-music-archive] (11)
[2244/5572] 'Gablé' -> USED_BY [free-music-archive] (11)
[2245/5572] 'DJ Spooky' -> USED_BY [free-music-archive] (178)
[2246/5572] 'Modersohn-Becker' -> USED_BY [free-music-archive] (11)
[2247/5572] 'Pony Time' -> USED_BY [free-music-archive] (11)
[2248/5572] 'Metalleg' -> USED_BY [free-music-archive] (11)
[2249/5572] 'Pupil' -> USED_BY [free-music-archive] (11)
[2250/5572] 'Steinzeit' -> USED_BY [free-music-archive] (11)
[2251/5572] 'Bitwise Operator' -> USED_BY [free-music-archive] (11)
[2252/5572] 'c4' -> USED_BY [free-music-archive] (11)
[2253/5572] 'Jacuzzi Boys' -> USED_BY [free-music-archive] (137)
[2254/5572] 'Ventre de biche' -> USED_BY [free-music-archive] (31)
[2255/5572] 'Rocketship Park' -> USED_BY [free-music-archive] (11)
[2256/5572] 'RushJet1' -> USED_BY [free-music-archive] (38)
[2257/5572] '6 or 7' -> USED_BY [free-music-archive] (11)
[2258/5572] 'The Meaner' -> USED_BY [free-music-archive] (11)
[2259/5572] 'Mr Ascofi' -> USED_BY [free-music-archive] (11)
[2260/5572] 'Manudub' -> USED_BY [free-music-archive] (11)
[2261/5572] 'Jaap Blonk & Splinks' -> USED_BY [free-music-archive] (11)
[2262/5572] 'The Wrong Words' -> USED_BY [free-music-archive] (11)
[2263/5572] 'Crete Boom' -> USED_BY [free-music-archive] (11)
[2264/5572] 'Notekillers' -> USED_BY [free-music-archive] (11)
[2265/5572] 'Corty' -> USED_BY [free-music-archive] (11)
[2266/5572] 'Gringo Star' -> USED_BY [free-music-archive] (42)
[2267/5572] 'Archipelago' -> USED_BY [free-music-archive] (11)
[2268/5572] "Slaveya Women's Vocal Ensemble" -> USED_BY [free-music-archive] (11)
[2269/5572] 'IYAXIA' -> USED_BY [free-music-archive] (11)
[2270/5572] 'Eastern Watershed Klezmer Quartet' -> USED_BY [free-music-archive] (11)
[2271/5572] 'Ed Saad' -> USED_BY [free-music-archive] (11)
[2272/5572] 'Armageddon Gospel Revival' -> USED_BY [free-music-archive] (11)
[2273/5572] 'Dynomite Cat' -> USED_BY [free-music-archive] (11)
[2274/5572] 'Pitchman' -> USED_BY [free-music-archive] (11)
[2275/5572] 'SunWalker' -> USED_BY [free-music-archive] (11)
[2276/5572] 'I Was A Teenage Strangler Soundtrack' -> USED_BY [free-music-archive] (11)
[2277/5572] 'Hi-FI & failles' -> USED_BY [free-music-archive] (11)
[2278/5572] 'Jaws vs Paws' -> USED_BY [free-music-archive] (11)
[2279/5572] 'Kevin Kastning' -> USED_BY [free-music-archive] (11)
[2280/5572] 'Rations' -> USED_BY [free-music-archive] (11)
[2281/5572] 'Ears' -> USED_BY [free-music-archive] (11)
[2282/5572] 'LASERS' -> USED_BY [free-music-archive] (11)
[2283/5572] 'No One and the Somebodies' -> USED_BY [free-music-archive] (12)
[2284/5572] 'Guizado' -> USED_BY [free-music-archive] (15)
[2285/5572] 'Squinancywort' -> USED_BY [free-music-archive] (11)
[2286/5572] 'The NSJ Crew' -> USED_BY [free-music-archive] (11)
[2287/5572] 'Please Exist' -> USED_BY [free-music-archive] (11)
[2288/5572] 'Pleasant Grove' -> USED_BY [free-music-archive] (11)
[2289/5572] 'Marylin Rambo' -> USED_BY [free-music-archive] (11)
[2290/5572] 'Jail Born Jane' -> USED_BY [free-music-archive] (11)
[2291/5572] 'Sleep Out' -> USED_BY [free-music-archive] (14)
[2292/5572] 'Fishartcollection' -> USED_BY [free-music-archive] (11)
[2293/5572] 'Jazznoize' -> USED_BY [free-music-archive] (11)
[2294/5572] 'Mellow Harsher' -> USED_BY [free-music-archive] (21)
[2295/5572] 'Tod auf Kredit' -> USED_BY [free-music-archive] (11)
[2296/5572] 'Low Doses' -> USED_BY [free-music-archive] (11)
[2297/5572] 'Alex Battles & the Engelberts' -> USED_BY [free-music-archive] (11)
[2298/5572] '\u0421\u043e \u043c\u043d\u043e\u044e \u0432\u043e\u0442 \u0447\u0442\u043e' ERROR: 'charmap' codec can't encode characters in position 13-14: character maps to <undefined>
[2299/5572] 'The Ugly Beats' -> USED_BY [free-music-archive] (11)
[2300/5572] 'Albin Andersson' -> USED_BY [free-music-archive] (11)
[2301/5572] 'QWE' -> USED_BY [free-music-archive] (13)
[2302/5572] 'Microscopes' -> USED_BY [free-music-archive] (11)
[2303/5572] 'Ulises Lima' -> USED_BY [free-music-archive] (11)
[2304/5572] 'G.Las' -> USED_BY [free-music-archive] (11)
[2305/5572] 'Sudden Infant' -> USED_BY [free-music-archive] (11)
[2306/5572] 'Michael Howard' -> USED_BY [free-music-archive] (11)
[2307/5572] 'Ehl-i Keyif' -> USED_BY [free-music-archive] (11)
[2308/5572] 'Vexed to Nightmare' -> USED_BY [free-music-archive] (11)
[2310/5572] 'Ben Carey' -> USED_BY [free-music-archive] (11)
[2311/5572] 'In Vitro' -> USED_BY [free-music-archive] (11)
[2312/5572] 'To Eris' -> USED_BY [free-music-archive] (11)
[2313/5572] 'Tim Held' -> USED_BY [free-music-archive] (11)
[2314/5572] 'Weinberger' -> USED_BY [free-music-archive] (11)
[2315/5572] 'Patrik Glassel & Brandstifter' -> USED_BY [free-music-archive] (11)
[2316/5572] 'Deep Purcell' -> USED_BY [free-music-archive] (11)
[2317/5572] 'Marco Benevento' -> USED_BY [free-music-archive] (101)
[2318/5572] '[meta:Human]' -> USED_BY [free-music-archive] (11)
[2319/5572] 'Raúl Díaz Palomar' -> USED_BY [free-music-archive] (21)
[2320/5572] 'Mount Carmel' -> USED_BY [free-music-archive] (11)
[2321/5572] 'Distemper' -> USED_BY [free-music-archive] (166)
[2322/5572] 'PEG & The Rejected' -> USED_BY [free-music-archive] (11)
[2323/5572] 'Manuel Duval' -> USED_BY [free-music-archive] (11)
[2324/5572] 'Swin Deorin' -> USED_BY [free-music-archive] (11)
[2325/5572] 'Alessandro Dinetti' -> USED_BY [free-music-archive] (11)
[2326/5572] 'Deadly Oak' -> USED_BY [free-music-archive] (11)
[2327/5572] 'Robert Farmer' -> USED_BY [free-music-archive] (11)
[2328/5572] 'The Whips' -> USED_BY [free-music-archive] (11)
[2329/5572] 'Rocco Granata' -> USED_BY [free-music-archive] (160)
[2330/5572] 'Exomène' -> USED_BY [free-music-archive] (11)
[2331/5572] 'Remain' -> USED_BY [free-music-archive] (11)
[2332/5572] 'Ethnomite Pux' -> USED_BY [free-music-archive] (11)
[2333/5572] "Julie Maxwell's Piano Music" -> USED_BY [free-music-archive] (11)
[2334/5572] '[guÿôm]' -> USED_BY [free-music-archive] (11)
[2335/5572] 'mini roc' -> USED_BY [free-music-archive] (12)
[2336/5572] 'Higgins' -> USED_BY [free-music-archive] (11)
[2337/5572] 'DRONE' -> USED_BY [free-music-archive] (13)
[2338/5572] 'Won James Won' -> USED_BY [free-music-archive] (11)
[2339/5572] 'Buguinha Dub' -> USED_BY [free-music-archive] (77)
[2340/5572] 'Vespero' -> USED_BY [free-music-archive] (11)
[2341/5572] 'Mr. Kindhoover' -> USED_BY [free-music-archive] (11)
[2342/5572] 'Jim Morisson mon cul' -> USED_BY [free-music-archive] (11)
[2343/5572] 'ZUHN' -> USED_BY [free-music-archive] (19)
[2344/5572] 'Jean Poultre' -> USED_BY [free-music-archive] (11)
[2345/5572] 'Brownstone Megaphone' -> USED_BY [free-music-archive] (11)
[2346/5572] 'Dudu Geva' -> USED_BY [free-music-archive] (25)
[2347/5572] 'Campfire Fight' -> USED_BY [free-music-archive] (11)
[2348/5572] 'Buben vs Rabbit Girls' -> USED_BY [free-music-archive] (11)
[2349/5572] 'Hox Vox' -> USED_BY [free-music-archive] (11)
[2350/5572] 'The Pleasure Kills' -> USED_BY [free-music-archive] (11)
[2351/5572] 'Poo Poo Cushion' -> USED_BY [free-music-archive] (11)
[2352/5572] 'Ice Lords' -> USED_BY [free-music-archive] (11)
[2353/5572] 'Staline Mattin' -> USED_BY [free-music-archive] (11)
[2354/5572] 'The Procedure Club' -> USED_BY [free-music-archive] (11)
[2355/5572] 'Ballpen' -> USED_BY [free-music-archive] (11)
[2356/5572] 'Emile Miroir Jr' -> USED_BY [free-music-archive] (11)
[2357/5572] 'Teleidofusion' -> USED_BY [free-music-archive] (11)
[2358/5572] 'Duo Inmortales' -> USED_BY [free-music-archive] (11)
[2359/5572] 'Muuttuvat Kasvot' -> USED_BY [free-music-archive] (11)
[2360/5572] 'Jay Tholen' -> USED_BY [free-music-archive] (28)
[2361/5572] 'The Insider' -> USED_BY [free-music-archive] (11)
[2362/5572] 'Jfrank' -> USED_BY [free-music-archive] (11)
[2363/5572] 'Matthew Sforcina' -> USED_BY [free-music-archive] (11)
[2364/5572] "Persephone's Bees" -> USED_BY [free-music-archive] (48)
[2365/5572] 'Pariah Qarey' -> USED_BY [free-music-archive] (11)
[2366/5572] 'System Hardware Abnormal' -> USED_BY [free-music-archive] (11)
[2367/5572] 'Frozen Geese' -> USED_BY [free-music-archive] (11)
[2368/5572] 'Parting Gifts' -> USED_BY [free-music-archive] (11)
[2369/5572] 'Caïman Nain' -> USED_BY [free-music-archive] (11)
[2370/5572] 'Roy Nathanson & Tim Kiah' -> USED_BY [free-music-archive] (11)
[2371/5572] 'Anti/Uton' -> USED_BY [free-music-archive] (11)
[2372/5572] 'Bob D. Has No Dick' -> USED_BY [free-music-archive] (11)
[2373/5572] 'Black Elf Speaks' -> USED_BY [free-music-archive] (11)
[2374/5572] 'sarah rasines' -> USED_BY [free-music-archive] (11)
[2375/5572] 'Taker 51' -> USED_BY [free-music-archive] (11)
[2376/5572] 'Dwoogie' -> USED_BY [free-music-archive] (11)
[2377/5572] 'abc100' -> USED_BY [free-music-archive] (11)
[2378/5572] 'midnightradio11' -> USED_BY [free-music-archive] (11)
[2379/5572] 'Lonely Faction' -> USED_BY [free-music-archive] (11)
[2380/5572] 'Say No! To Architecture' -> USED_BY [free-music-archive] (11)
[2381/5572] 'Reed Refucher' -> USED_BY [free-music-archive] (11)
[2382/5572] 'BOK Darklord' -> USED_BY [free-music-archive] (11)
[2383/5572] 'Uno Datwangi' -> USED_BY [free-music-archive] (11)
[2384/5572] 'KASCHADE' -> USED_BY [free-music-archive] (11)
[2385/5572] 'In De Nadfin' -> USED_BY [free-music-archive] (11)
[2386/5572] 'Cex Fucx' -> USED_BY [free-music-archive] (11)
[2387/5572] 'NOISE64' -> USED_BY [free-music-archive] (11)
[2388/5572] 'Snorkel Quintet' -> USED_BY [free-music-archive] (11)
[2389/5572] 'Kuuleminen Asiat' -> USED_BY [free-music-archive] (11)
[2390/5572] 'Thierry Massard' -> USED_BY [free-music-archive] (11)
[2391/5572] 'Vermillion Sands' -> USED_BY [free-music-archive] (11)
[2392/5572] 'Guy Harries' -> USED_BY [free-music-archive] (12)
[2393/5572] 'Karen Cooper Complex' -> USED_BY [free-music-archive] (11)
[2394/5572] 'The Kandis Project' -> USED_BY [free-music-archive] (11)
[2395/5572] 'Rational Animals' -> USED_BY [free-music-archive] (11)
[2396/5572] 'The Matt Kurz One' -> USED_BY [free-music-archive] (11)
[2397/5572] 'Dot Wiggin Band' -> USED_BY [free-music-archive] (25)
[2398/5572] 'Nots' -> USED_BY [free-music-archive] (24)
[2399/5572] 'Ulrike Mod' -> USED_BY [free-music-archive] (11)
[2400/5572] "Ak'chamel, The Giver of Illness" -> USED_BY [free-music-archive] (40)
[2401/5572] 'Weinland' -> USED_BY [free-music-archive] (11)
[2402/5572] 'Satellite Ensemble' -> USED_BY [free-music-archive] (11)
[2403/5572] 'AVOIDANT' -> USED_BY [free-music-archive] (11)
[2404/5572] 'Spinefish' -> USED_BY [free-music-archive] (11)
[2405/5572] 'The Oswalds' -> USED_BY [free-music-archive] (11)
[2406/5572] 'L.D.I.' -> USED_BY [free-music-archive] (11)
[2407/5572] 'Urs Graf Consort' -> USED_BY [free-music-archive] (11)
[2408/5572] 'Incentive' -> USED_BY [free-music-archive] (11)
[2409/5572] 'Wesqk Coast' -> USED_BY [free-music-archive] (11)
[2410/5572] 'Lechones Sangrientos' -> USED_BY [free-music-archive] (11)
[2411/5572] 'Gamelan Nyai Saraswati' -> USED_BY [free-music-archive] (11)
[2412/5572] 'id m thfft able' -> USED_BY [free-music-archive] (11)
[2413/5572] 'Kirk Pearson' -> USED_BY [free-music-archive] (10)
[2414/5572] 'Bad Dad' -> USED_BY [free-music-archive] (10)
[2415/5572] 'Grass Widow' -> USED_BY [free-music-archive] (30)
[2416/5572] 'The Demands' -> USED_BY [free-music-archive] (10)
[2417/5572] 'Audace' -> USED_BY [free-music-archive] (10)
[2418/5572] 'Danielson' -> USED_BY [free-music-archive] (11)
[2419/5572] 'Manbeard' -> USED_BY [free-music-archive] (10)
[2420/5572] 'Ric Royer & G. Lucas Crane' -> USED_BY [free-music-archive] (10)
[2421/5572] 'Saudade' -> USED_BY [free-music-archive] (10)
[2422/5572] 'Stress Ape' -> USED_BY [free-music-archive] (10)
[2423/5572] 'Cryptacize' -> USED_BY [free-music-archive] (25)
[2424/5572] 'Dengue Fever' -> USED_BY [free-music-archive] (27)
[2425/5572] 'The Snow' -> USED_BY [free-music-archive] (10)
[2426/5572] 'Voice or No Voice' -> USED_BY [free-music-archive] (10)
[2427/5572] 'Le Volume Courbe' -> USED_BY [free-music-archive] (13)
[2428/5572] 'Low' -> USED_BY [free-music-archive] (220)
[2429/5572] 'The Apartment' -> USED_BY [free-music-archive] (10)
[2430/5572] 'Scott Wilson & Efendi' -> USED_BY [free-music-archive] (10)
[2431/5572] 'Edith Frost' -> USED_BY [free-music-archive] (30)
[2432/5572] 'Monotonix' -> USED_BY [free-music-archive] (10)
[2433/5572] 'Number One Sun' -> USED_BY [free-music-archive] (10)
[2434/5572] 'Aviv Mark' -> USED_BY [free-music-archive] (10)
[2435/5572] 'The Watery Graves of Portland' -> USED_BY [free-music-archive] (10)
[2436/5572] 'Wildahead Portibeast' -> USED_BY [free-music-archive] (10)
[2437/5572] 'Vitus von Degen' -> USED_BY [free-music-archive] (10)
[2438/5572] 'Fadt Fanfare' -> USED_BY [free-music-archive] (10)
[2439/5572] 'silencide' -> USED_BY [free-music-archive] (10)
[2440/5572] 'D84' -> USED_BY [free-music-archive] (10)
[2441/5572] 'Bud Melvin' -> USED_BY [free-music-archive] (10)
[2442/5572] 'Dev/Null' -> USED_BY [free-music-archive] (10)
[2443/5572] 'Mental Abuse' -> USED_BY [free-music-archive] (10)
[2444/5572] 'Pussyfinger' -> USED_BY [free-music-archive] (10)
[2445/5572] 'The Meat Purveyors' -> USED_BY [free-music-archive] (31)
[2446/5572] 'Seven' -> USED_BY [free-music-archive] (10)
[2447/5572] 'Elmaes' -> USED_BY [free-music-archive] (10)
[2448/5572] 'Doron Deutsch' -> USED_BY [free-music-archive] (10)
[2449/5572] 'Ignatz' -> USED_BY [free-music-archive] (10)
[2450/5572] 'Bacco Baccanels' -> USED_BY [free-music-archive] (10)
[2451/5572] 'Delayed Desire' -> USED_BY [free-music-archive] (10)
[2452/5572] 'Bad Party' -> USED_BY [free-music-archive] (10)
[2453/5572] 'Food Will Win the War' -> USED_BY [free-music-archive] (10)
[2454/5572] 'Raleigh Moncrief' -> USED_BY [free-music-archive] (10)
[2455/5572] 'Invertebrata' -> USED_BY [free-music-archive] (10)
[2456/5572] 'Fuck Buddies' -> USED_BY [free-music-archive] (10)
[2457/5572] 'Assaf K. Talmudi' -> USED_BY [free-music-archive] (10)
[2458/5572] 'Thavius Beck' -> USED_BY [free-music-archive] (26)
[2459/5572] 'Manuele Atzeni' -> USED_BY [free-music-archive] (10)
[2460/5572] 'Soft Circle' -> USED_BY [free-music-archive] (10)
[2461/5572] 'Blek Ink' -> USED_BY [free-music-archive] (10)
[2462/5572] 'No Babies' -> USED_BY [free-music-archive] (10)
[2463/5572] 'Primix for Kids' -> USED_BY [free-music-archive] (11)
[2464/5572] 'Zikrayat' -> USED_BY [free-music-archive] (10)
[2465/5572] 'Liechtenstein' -> USED_BY [free-music-archive] (10)
[2466/5572] 'Antanas Jasenka' -> USED_BY [free-music-archive] (10)
[2467/5572] 'Amoeba Men' -> USED_BY [free-music-archive] (10)
[2468/5572] 'Digital Primitives' -> USED_BY [free-music-archive] (10)
[2469/5572] 'Gary Lucas' -> USED_BY [free-music-archive] (10)
[2470/5572] 'Swear and Shake' -> USED_BY [free-music-archive] (31)
[2471/5572] 'Isra-Alien Band' -> USED_BY [free-music-archive] (10)
[2472/5572] 'Kecap Tuyul' -> USED_BY [free-music-archive] (10)
[2473/5572] '[creeper:Robusto]' -> USED_BY [free-music-archive] (10)
[2474/5572] 'Ubasute' -> USED_BY [free-music-archive] (10)
[2475/5572] 'Gunenfolta' -> USED_BY [free-music-archive] (10)
[2476/5572] 'Big Bug' -> USED_BY [free-music-archive] (10)
[2477/5572] 'The Marty Kings' -> USED_BY [free-music-archive] (10)
[2478/5572] 'Rngmnn' -> USED_BY [free-music-archive] (13)
[2479/5572] 'Apydiagirls' -> USED_BY [free-music-archive] (10)
[2480/5572] 'HASH' -> USED_BY [free-music-archive] (10)
[2481/5572] 'Water Sark' -> USED_BY [free-music-archive] (10)
[2482/5572] 'Beta Dog' -> USED_BY [free-music-archive] (10)
[2483/5572] 'Fabian Measures' -> USED_BY [free-music-archive] (10)
[2484/5572] 'Nicky Apple' -> USED_BY [free-music-archive] (10)
[2485/5572] 'Émilie Simon' -> USED_BY [free-music-archive] (158)
[2486/5572] 'Aniqatia' -> USED_BY [free-music-archive] (10)
[2487/5572] '[amt_23]' -> USED_BY [free-music-archive] (10)
[2488/5572] 'Wood Spider' -> USED_BY [free-music-archive] (15)
[2489/5572] 'Carter Behnke' -> USED_BY [free-music-archive] (10)
[2490/5572] 'Jasmine Golan' -> USED_BY [free-music-archive] (10)
[2491/5572] 'V.A.G.U.E.' -> USED_BY [free-music-archive] (10)
[2492/5572] 'Rene Kita' -> USED_BY [free-music-archive] (10)
[2493/5572] 'Steinregen Dubsystem' -> USED_BY [free-music-archive] (10)
[2494/5572] 'CM & Tha Silent Partner' -> USED_BY [free-music-archive] (10)
[2495/5572] "The Dick Burrill's" -> USED_BY [free-music-archive] (10)
[2496/5572] 'Salakapakka Sound System vs. The Day Of The Antler' -> USED_BY [free-music-archive] (10)
[2497/5572] 'Yrrow' -> USED_BY [free-music-archive] (10)
[2498/5572] 'Csum' -> USED_BY [free-music-archive] (20)
[2499/5572] 'Audraulic' -> USED_BY [free-music-archive] (10)
[2500/5572] 'On Tour' -> USED_BY [free-music-archive] (10)
[2501/5572] 'Umreti Fit' -> USED_BY [free-music-archive] (10)
[2502/5572] 'Cloudkicker' -> USED_BY [free-music-archive] (130)
[2503/5572] 'Avaren' -> USED_BY [free-music-archive] (10)
[2504/5572] 'Little Band of Sailors' -> USED_BY [free-music-archive] (10)
[2505/5572] 'Moki Mcfly' -> USED_BY [free-music-archive] (11)
[2506/5572] 'the skratchlords' -> USED_BY [free-music-archive] (10)
[2507/5572] 'AIRGLOW' -> USED_BY [free-music-archive] (11)
[2508/5572] 'Prójimo Bil' -> USED_BY [free-music-archive] (10)
[2509/5572] 'EX LUNA' -> USED_BY [free-music-archive] (10)
[2510/5572] 'Patrick Lee' -> USED_BY [free-music-archive] (10)
[2511/5572] 'Dunk Tank' -> USED_BY [free-music-archive] (10)
[2512/5572] 'The Love Me Nots' -> USED_BY [free-music-archive] (12)
[2513/5572] 'Deadlines' -> USED_BY [free-music-archive] (10)
[2514/5572] 'Night Owl Committee' -> USED_BY [free-music-archive] (10)
[2515/5572] 'Mouthguard88' -> USED_BY [free-music-archive] (10)
[2516/5572] "Roofer's Nest" -> USED_BY [free-music-archive] (10)
[2517/5572] 'Signal-to-Noise' -> USED_BY [free-music-archive] (10)
[2518/5572] 'Clemens Eduard Haipl' -> USED_BY [free-music-archive] (10)
[2519/5572] 'manuel gordiani' -> USED_BY [free-music-archive] (10)
[2520/5572] 'Aaron Mist' -> USED_BY [free-music-archive] (10)
[2521/5572] 'Jason Staczek' -> USED_BY [free-music-archive] (29)
[2522/5572] 'The Fischermen' -> USED_BY [free-music-archive] (10)
[2523/5572] 'Filip Roter' -> USED_BY [free-music-archive] (10)
[2524/5572] 'Lesser Beings' -> USED_BY [free-music-archive] (10)
[2525/5572] 'The Barreracudas' -> USED_BY [free-music-archive] (13)
[2526/5572] 'Furchick' -> USED_BY [free-music-archive] (10)
[2527/5572] 'Swirl' -> USED_BY [free-music-archive] (10)
[2528/5572] 'Vampire Lezbos' -> USED_BY [free-music-archive] (10)
[2529/5572] 'Old Bear' -> USED_BY [free-music-archive] (10)
[2530/5572] 'Barmus Dramfell' -> USED_BY [free-music-archive] (10)
[2531/5572] 'Ghost Hunter' -> USED_BY [free-music-archive] (10)
[2532/5572] 'Cambriana' -> USED_BY [free-music-archive] (34)
[2533/5572] 'Aching Beauty' -> USED_BY [free-music-archive] (15)
[2534/5572] 'ID:Vision' -> USED_BY [free-music-archive] (10)
[2535/5572] 'M-PeX & Makrox' -> USED_BY [free-music-archive] (10)
[2536/5572] 'cloud becomes your hand' -> USED_BY [free-music-archive] (12)
[2537/5572] 'Blue Stork' -> USED_BY [free-music-archive] (10)
[2538/5572] 'Edgeist' -> USED_BY [free-music-archive] (10)
[2539/5572] 'Erick Diego' -> USED_BY [free-music-archive] (10)
[2540/5572] "L'Homme Manete" -> USED_BY [free-music-archive] (10)
[2541/5572] 'Akcja Zorganizowanej Przeci\u0119tno\u015bci' ERROR: 'charmap' codec can't encode character '\u0119' in position 40: character maps to <undefined>
[2542/5572] 'Angstbreaker' -> USED_BY [free-music-archive] (10)
[2543/5572] 'Stellardrone' -> USED_BY [free-music-archive] (67)
[2544/5572] 'Niño Símbolo' -> USED_BY [free-music-archive] (10)
[2545/5572] 'Hector 3' -> USED_BY [free-music-archive] (10)
[2546/5572] 'Still Pluto' -> USED_BY [free-music-archive] (10)
[2547/5572] 'Infinite Plastic Internal' -> USED_BY [free-music-archive] (10)
[2548/5572] 'Lantriperc' -> USED_BY [free-music-archive] (10)
[2549/5572] 'Xenia Rubinos' -> USED_BY [free-music-archive] (79)
[2550/5572] 'Kapnobatai' -> USED_BY [free-music-archive] (10)
[2551/5572] 'Ashrae Fax' -> USED_BY [free-music-archive] (10)
[2552/5572] 'Dr Nol' -> USED_BY [free-music-archive] (10)
[2553/5572] 'Alex Fry' -> USED_BY [free-music-archive] (10)
[2554/5572] 'Evil Sword' -> USED_BY [free-music-archive] (31)
[2555/5572] 'The Endtables' -> USED_BY [free-music-archive] (10)
[2556/5572] 'Females' -> USED_BY [free-music-archive] (10)
[2557/5572] 'Peterloo Massacre' -> USED_BY [free-music-archive] (10)
[2558/5572] 'Eric Skiff' -> USED_BY [free-music-archive] (10)
[2559/5572] 'Pete Um' -> USED_BY [free-music-archive] (10)
[2560/5572] 'Shannon and the Clams' -> USED_BY [free-music-archive] (189)
[2561/5572] 'Cooloola Monster' -> USED_BY [free-music-archive] (10)
[2562/5572] 'Isaac Graham' -> USED_BY [free-music-archive] (10)
[2563/5572] 'A Very Clever Robot' -> USED_BY [free-music-archive] (10)
[2564/5572] 'Dog Leather' -> USED_BY [free-music-archive] (10)
[2565/5572] 'Allfits' -> USED_BY [free-music-archive] (10)
[2566/5572] 'Zastranienie' -> USED_BY [free-music-archive] (10)
[2567/5572] 'Comptroller' -> USED_BY [free-music-archive] (10)
[2568/5572] 'Times New Viking' -> USED_BY [free-music-archive] (31)
[2569/5572] 'Raspberry Bulbs' -> USED_BY [free-music-archive] (30)
[2570/5572] 'Mittimus & Nix Pickler' -> USED_BY [free-music-archive] (10)
[2571/5572] 'Grooms' -> USED_BY [free-music-archive] (29)
[2572/5572] 'Jaap Blonk & BRAAXTAAL' -> USED_BY [free-music-archive] (10)
[2573/5572] 'Alligator Indian' -> USED_BY [free-music-archive] (10)
[2574/5572] 'Ami Dang' -> USED_BY [free-music-archive] (13)
[2575/5572] 'Darkstorm & Diabolik' -> USED_BY [free-music-archive] (10)
[2576/5572] 'The Unsacred Hearts' -> USED_BY [free-music-archive] (10)
[2577/5572] 'Iva Nova' -> USED_BY [free-music-archive] (10)
[2578/5572] 'Frenic' -> USED_BY [free-music-archive] (70)
[2579/5572] 'The Bon' -> USED_BY [free-music-archive] (10)
[2580/5572] 'CSC Funk Band' -> USED_BY [free-music-archive] (10)
[2581/5572] 'Unjust' -> USED_BY [free-music-archive] (10)
[2582/5572] 'Forenzics' -> USED_BY [free-music-archive] (11)
[2583/5572] 'Noise to Silence' -> USED_BY [free-music-archive] (10)
[2584/5572] 'The Immaculates' -> USED_BY [free-music-archive] (10)
[2585/5572] 'Imperial Tiger Orchestra' -> USED_BY [free-music-archive] (10)
[2586/5572] 'Goodbye Kumiko' -> USED_BY [free-music-archive] (20)
[2587/5572] 'Sophia Knapp' -> USED_BY [free-music-archive] (13)
[2588/5572] 'Tommy Tornado' -> USED_BY [free-music-archive] (10)
[2589/5572] 'Sunhiilow' -> USED_BY [free-music-archive] (10)
[2590/5572] 'Bill Baird' -> USED_BY [free-music-archive] (12)
[2591/5572] 'Lee Bains III And The Glory Fires' -> USED_BY [free-music-archive] (42)
[2592/5572] 'Terry Malts' -> USED_BY [free-music-archive] (20)
[2593/5572] 'Underground River' -> USED_BY [free-music-archive] (10)
[2594/5572] 'Deniz Tek' -> USED_BY [free-music-archive] (10)
[2596/5572] 'Kiko Dinucci' -> USED_BY [free-music-archive] (89)
[2597/5572] 'Juçara Marçal' -> USED_BY [free-music-archive] (125)
[2598/5572] 'Earth Trumpet' -> USED_BY [free-music-archive] (10)
[2599/5572] 'Christopher Elam' -> USED_BY [free-music-archive] (10)
[2600/5572] 'Marc Burt' -> USED_BY [free-music-archive] (10)
[2601/5572] 'Immaculate Emotion Engines' -> USED_BY [free-music-archive] (10)
[2602/5572] 'Evils That Never Came' -> USED_BY [free-music-archive] (10)
[2603/5572] 'ROGER ROBERT' -> USED_BY [free-music-archive] (10)
[2604/5572] 'Chris Cook' -> USED_BY [free-music-archive] (10)
[2605/5572] 'Estrogen Highs' -> USED_BY [free-music-archive] (30)
[2606/5572] 'the tunnel' -> USED_BY [free-music-archive] (18)
[2607/5572] 'Worriers' -> USED_BY [free-music-archive] (120)
[2608/5572] 'Crossworlds' -> USED_BY [free-music-archive] (10)
[2609/5572] 'Palmyra Delran' -> USED_BY [free-music-archive] (16)
[2610/5572] 'Minden' -> USED_BY [free-music-archive] (30)
[2611/5572] 'Jonathan Burks' -> USED_BY [free-music-archive] (10)
[2612/5572] 'Joao Picoito' -> USED_BY [free-music-archive] (10)
[2613/5572] 'Shy Kids' -> USED_BY [free-music-archive] (52)
[2614/5572] 'Nate Maingard' -> USED_BY [free-music-archive] (12)
[2615/5572] 'The Red Thread' -> USED_BY [free-music-archive] (10)
[2616/5572] 'Karyn Ellis' -> USED_BY [free-music-archive] (10)
[2617/5572] 'Cousin Silas / Black Hill' -> USED_BY [free-music-archive] (10)
[2618/5572] 'Wintermitts' -> USED_BY [free-music-archive] (10)
[2619/5572] 'Oh Yeah, the Future' -> USED_BY [free-music-archive] (10)
[2620/5572] 'chicago_word_brigade & brass-lines' -> USED_BY [free-music-archive] (10)
[2621/5572] 'Mal Occhio' -> USED_BY [free-music-archive] (10)
[2622/5572] 'Trigg & Gusset' -> USED_BY [free-music-archive] (61)
[2623/5572] 'Jimmy Penguin Vs Symatic' -> USED_BY [free-music-archive] (10)
[2624/5572] 'Marzipan Marzipan' -> USED_BY [free-music-archive] (10)
[2625/5572] 'va' -> USED_BY [free-music-archive] (11)
[2626/5572] 'Robert Tilly' -> USED_BY [free-music-archive] (10)
[2627/5572] 'Cervo' -> USED_BY [free-music-archive] (10)
[2628/5572] 'Your Marginally Talented Photographer Girlfriend' -> USED_BY [free-music-archive] (10)
[2629/5572] 'OpVious' -> USED_BY [free-music-archive] (10)
[2630/5572] 'Goddess' -> USED_BY [free-music-archive] (10)
[2631/5572] 'David Nadeau' -> USED_BY [free-music-archive] (10)
[2632/5572] 'The Fish Who Saved the Planet' -> USED_BY [free-music-archive] (11)
[2633/5572] 'Shayna Lewis' -> USED_BY [free-music-archive] (10)
[2634/5572] 'Karissa Hobbs' -> USED_BY [free-music-archive] (10)
[2635/5572] 'Le Cose Bianche' -> USED_BY [free-music-archive] (10)
[2636/5572] 'Monkey Mind' -> USED_BY [free-music-archive] (10)
[2637/5572] 'XXIXI' -> USED_BY [free-music-archive] (10)
[2638/5572] 'Black Flamingo' -> USED_BY [free-music-archive] (10)
[2639/5572] 'Not From Georgia' -> USED_BY [free-music-archive] (10)
[2640/5572] 'Scott Nice' -> USED_BY [free-music-archive] (81)
[2641/5572] 'The Middletown Creative Orchestra' -> USED_BY [free-music-archive] (10)
[2642/5572] 'Mueran Humanos' -> USED_BY [free-music-archive] (19)
[2643/5572] 'Jeffrey Philip Nelson' -> USED_BY [free-music-archive] (10)
[2644/5572] 'Violet And The Mutants' -> USED_BY [free-music-archive] (13)
[2645/5572] 'Fotos del Otoño' -> USED_BY [free-music-archive] (10)
[2646/5572] 'Noveller' -> USED_BY [free-music-archive] (28)
[2647/5572] 'Vlooper' -> USED_BY [free-music-archive] (10)
[2648/5572] 'Modlee' -> USED_BY [free-music-archive] (22)
[2649/5572] 'DJ Paternoster' -> USED_BY [free-music-archive] (10)
[2650/5572] 'Sensorama 19-81' -> USED_BY [free-music-archive] (10)
[2651/5572] 'Dee Zee' -> USED_BY [free-music-archive] (10)
[2652/5572] 'The Carmines' -> USED_BY [free-music-archive] (10)
[2653/5572] 'csum' -> USED_BY [free-music-archive] (20)
[2654/5572] 'The Modern Airline' -> USED_BY [free-music-archive] (10)
[2655/5572] 'Vivid Tribe of Psychics' -> USED_BY [free-music-archive] (23)
[2656/5572] 'Regular Gonzales' -> USED_BY [free-music-archive] (10)
[2657/5572] 'Malaïse' -> USED_BY [free-music-archive] (10)
[2658/5572] 'GOYMAMBA' -> USED_BY [free-music-archive] (10)
[2659/5572] 'Jeff Sampson' -> USED_BY [free-music-archive] (10)
[2660/5572] 'Pulso' -> USED_BY [free-music-archive] (10)
[2661/5572] 'Polyrhythmics' -> USED_BY [free-music-archive] (87)
[2662/5572] 'Ardleg' -> USED_BY [free-music-archive] (11)
[2663/5572] 'Pink Hex' -> USED_BY [free-music-archive] (10)
[2664/5572] 'Monkey Warhol' -> USED_BY [free-music-archive] (10)
[2665/5572] '\u043f\u043e\u0447\u0435\u043c\u0443 \u043a\u043e\u043c\u043c\u0443\u0442\u0430\u0442\u043e\u0440 \u043c\u043e\u043b\u0447\u0438\u0442' ERROR: 'charmap' codec can't encode characters in position 13-18: character maps to <undefined>
[2666/5572] 'Feminine' -> USED_BY [free-music-archive] (10)
[2667/5572] 'San Cristóbal Orquesta' -> USED_BY [free-music-archive] (10)
[2668/5572] 'NASA' -> USED_BY [free-music-archive] (10)
[2669/5572] 'Geir Tjelta' -> USED_BY [free-music-archive] (12)
[2670/5572] 'Sidabitball' -> USED_BY [free-music-archive] (10)
[2671/5572] 'ignatzthemouse' -> USED_BY [free-music-archive] (10)
[2672/5572] 'Gipsyork' -> USED_BY [free-music-archive] (10)
[2673/5572] 'V\u2205' ERROR: 'charmap' codec can't encode character '\u2205' in position 14: character maps to <undefined>
[2674/5572] 'The Yummy Fur' -> USED_BY [free-music-archive] (25)
[2675/5572] 'Disen Gage' -> USED_BY [free-music-archive] (18)
[2676/5572] 'Cindy Sizer' -> USED_BY [free-music-archive] (10)
[2677/5572] 'Dragan Espenschied' -> USED_BY [free-music-archive] (10)
[2678/5572] 'Chris Andrews' -> USED_BY [free-music-archive] (10)
[2679/5572] 'Baobinga' -> USED_BY [free-music-archive] (20)
[2680/5572] 'I.D.' -> USED_BY [free-music-archive] (23)
[2681/5572] 'TerbujurKaku' -> USED_BY [free-music-archive] (11)
[2682/5572] 'IntraHealth International' -> USED_BY [free-music-archive] (10)
[2683/5572] 'Mangeclous' -> USED_BY [free-music-archive] (10)
[2684/5572] 'Matheatre' -> USED_BY [free-music-archive] (10)
[2685/5572] 'St. LaRok' -> USED_BY [free-music-archive] (10)
[2686/5572] 'The Ribeye Brothers' -> USED_BY [free-music-archive] (11)
[2687/5572] 'El Remolón' -> USED_BY [free-music-archive] (147)
[2688/5572] 'ZARAZ WAM ZAGRAM' -> USED_BY [free-music-archive] (10)
[2689/5572] 'Charles Atlas' -> USED_BY [free-music-archive] (10)
[2690/5572] 'Goat Bell' -> USED_BY [free-music-archive] (10)
[2691/5572] 'Geotic' -> USED_BY [free-music-archive] (122)
[2692/5572] 'Calexico' -> USED_BY [free-music-archive] (231)
[2693/5572] 'Party Boys' -> USED_BY [free-music-archive] (10)
[2694/5572] 'Mo Rooneh' -> USED_BY [free-music-archive] (10)
[2695/5572] 'Doc Deem' -> USED_BY [free-music-archive] (10)
[2696/5572] 'Dunaewsky69' -> USED_BY [free-music-archive] (10)
[2697/5572] 'The Jay Vons' -> USED_BY [free-music-archive] (10)
[2698/5572] 'Boodle Boy' -> USED_BY [free-music-archive] (10)
[2699/5572] 'Tobias Herzz Hallbauer' -> USED_BY [free-music-archive] (10)
[2700/5572] 'Quiet Hooves' -> USED_BY [free-music-archive] (10)
[2701/5572] "Viva L'American Death Ray Music" -> USED_BY [free-music-archive] (10)
[2702/5572] "Sk'p" -> USED_BY [free-music-archive] (10)
[2703/5572] 'Echo lali' -> USED_BY [free-music-archive] (10)
[2704/5572] 'Sendelica' -> USED_BY [free-music-archive] (10)
[2705/5572] 'Brian' -> USED_BY [free-music-archive] (13)
[2706/5572] 'Innig' -> USED_BY [free-music-archive] (10)
[2707/5572] "Kreamy 'Lectric Santa" -> USED_BY [free-music-archive] (10)
[2708/5572] 'Kevin Purvis' -> USED_BY [free-music-archive] (10)
[2709/5572] 'Pionir 10' -> USED_BY [free-music-archive] (10)
[2710/5572] 'Myra Lee' -> USED_BY [free-music-archive] (10)
[2711/5572] 'I.T.B.A.' -> USED_BY [free-music-archive] (10)
[2712/5572] 'Tre Orsi' -> USED_BY [free-music-archive] (10)
[2713/5572] 'The Sun (US indie rock/pop band)' -> USED_BY [free-music-archive] (70)
[2714/5572] 'Crush!!!' -> USED_BY [free-music-archive] (10)
[2715/5572] 'Pete Prodoehl' -> USED_BY [free-music-archive] (10)
[2716/5572] 'Zap-Pascal' -> USED_BY [free-music-archive] (11)
[2717/5572] 'Backyard Music' -> USED_BY [free-music-archive] (10)
[2718/5572] 'Aden Ôhm' -> USED_BY [free-music-archive] (10)
[2719/5572] 'Go Genre Everything' -> USED_BY [free-music-archive] (10)
[2720/5572] 'Futurología' -> USED_BY [free-music-archive] (10)
[2721/5572] 'Porion' -> USED_BY [free-music-archive] (11)
[2722/5572] 'Mascara Sue' -> USED_BY [free-music-archive] (10)
[2723/5572] 'Mammal of Paradise' -> USED_BY [free-music-archive] (10)
[2724/5572] 'Mister Beep' -> USED_BY [free-music-archive] (10)
[2725/5572] 'Lambs Gamble' -> USED_BY [free-music-archive] (10)
[2726/5572] 'Dead Gum' -> USED_BY [free-music-archive] (10)
[2727/5572] 'Junichi Usui' -> USED_BY [free-music-archive] (10)
[2728/5572] 'Ava Zandieh' -> USED_BY [free-music-archive] (10)
[2729/5572] 'john collins mccormick' -> USED_BY [free-music-archive] (10)
[2730/5572] 'Cuban Cowboys' -> USED_BY [free-music-archive] (10)
[2731/5572] '37 Pink' -> USED_BY [free-music-archive] (10)
[2732/5572] '-1348-' -> USED_BY [free-music-archive] (10)
[2733/5572] 'Breuss Arrizabalaga Quintet' -> USED_BY [free-music-archive] (10)
[2734/5572] 'Diamondsnake' -> USED_BY [free-music-archive] (10)
[2735/5572] 'Steveless' -> USED_BY [free-music-archive] (10)
[2736/5572] 'Syd Howells' -> USED_BY [free-music-archive] (10)
[2737/5572] 'exteenager' -> USED_BY [free-music-archive] (22)
[2738/5572] 'Starring' -> USED_BY [free-music-archive] (10)
[2739/5572] 'Limited Liability Sounds' -> USED_BY [free-music-archive] (10)
[2740/5572] 'Ada Rave Cuarteto' -> USED_BY [free-music-archive] (10)
[2741/5572] 'Mighty Fine' -> USED_BY [free-music-archive] (10)
[2742/5572] 'The Siberians' -> USED_BY [free-music-archive] (10)
[2743/5572] 'The Baseball Project' -> USED_BY [free-music-archive] (39)
[2744/5572] 'Redmann' -> USED_BY [free-music-archive] (10)
[2745/5572] 'Altered Boys' -> USED_BY [free-music-archive] (10)
[2746/5572] 'Copor & Ivan Ckonjevic' -> USED_BY [free-music-archive] (10)
[2747/5572] 'Itasca' -> USED_BY [free-music-archive] (13)
[2748/5572] 'Sloom' -> USED_BY [free-music-archive] (10)
[2749/5572] 'AG Davis & The Boy + Girl' -> USED_BY [free-music-archive] (10)
[2750/5572] 'Zach Dorn' -> USED_BY [free-music-archive] (10)
[2751/5572] 'Jens-Ulrik Kleemeyer' -> USED_BY [free-music-archive] (10)
[2752/5572] 'UP Paolo Pavan Pasqualino Ubaldini' -> USED_BY [free-music-archive] (10)
[2753/5572] 'Nodus1' -> USED_BY [free-music-archive] (10)
[2754/5572] 'Kromatic' -> USED_BY [free-music-archive] (10)
[2755/5572] 'Momolot' -> USED_BY [free-music-archive] (10)
[2756/5572] 'al karpenter' -> USED_BY [free-music-archive] (10)
[2757/5572] 'Julie Byrne' -> USED_BY [free-music-archive] (80)
[2758/5572] '4T Thieves' -> USED_BY [free-music-archive] (10)
[2759/5572] 'sanmi' -> USED_BY [free-music-archive] (10)
[2760/5572] 'Marc Broude' -> USED_BY [free-music-archive] (10)
[2761/5572] 'Tasseomancy' -> USED_BY [free-music-archive] (30)
[2762/5572] 'Raul Diaz Palomar' -> USED_BY [free-music-archive] (21)
[2763/5572] 'Mescalibur' -> USED_BY [free-music-archive] (10)
[2764/5572] 'Bradley The Buyer' -> USED_BY [free-music-archive] (10)
[2765/5572] 'Gay Witch Abortion' -> USED_BY [free-music-archive] (13)
[2766/5572] 'People' -> USED_BY [free-music-archive] (13)
[2767/5572] 'The Choke' -> USED_BY [free-music-archive] (9)
[2768/5572] 'Pit Malone' -> USED_BY [free-music-archive] (9)
[2769/5572] 'Volumina' -> USED_BY [free-music-archive] (9)
[2770/5572] "The 'Mericans" -> USED_BY [free-music-archive] (9)
[2771/5572] 'Macio Moretti' -> USED_BY [free-music-archive] (27)
[2772/5572] 'Piotr Zabrodski' -> USED_BY [free-music-archive] (9)
[2773/5572] 'Propaganda Anonymous' -> USED_BY [free-music-archive] (9)
[2774/5572] "Ariel Pink's Haunted Graffiti" -> USED_BY [free-music-archive] (76)
[2775/5572] 'Vertonen' -> USED_BY [free-music-archive] (9)
[2776/5572] 'Apache' -> USED_BY [free-music-archive] (9)
[2777/5572] 'Bonne Aparte' -> USED_BY [free-music-archive] (9)
[2778/5572] 'Country Teasers' -> USED_BY [free-music-archive] (45)
[2779/5572] 'Fern Knight' -> USED_BY [free-music-archive] (27)
[2780/5572] 'The Leather Uppers' -> USED_BY [free-music-archive] (9)
[2781/5572] 'Steve Wynn & the Miracle 3' -> USED_BY [free-music-archive] (29)
[2782/5572] 'The Moi Non Plus' -> USED_BY [free-music-archive] (9)
[2783/5572] 'The Tokeleys' -> USED_BY [free-music-archive] (9)
[2784/5572] 'U.S. Girls' -> USED_BY [free-music-archive] (182)
[2785/5572] 'Kavala Brass Band' -> USED_BY [free-music-archive] (9)
[2786/5572] 'Height With Friends' -> USED_BY [free-music-archive] (9)
[2787/5572] 'Jowe Head' -> USED_BY [free-music-archive] (9)
[2788/5572] 'Alan Vega' -> USED_BY [free-music-archive] (47)
[2789/5572] 'Lettuce Prey' -> USED_BY [free-music-archive] (9)
[2790/5572] 'The Diskettes' -> USED_BY [free-music-archive] (9)
[2791/5572] 'Skin O. Daayba' -> USED_BY [free-music-archive] (9)
[2792/5572] 'dnymr' -> USED_BY [free-music-archive] (9)
[2793/5572] 'Chris Andrews' -> USED_BY [free-music-archive] (136)
[2794/5572] 'Red Dawn II' -> USED_BY [free-music-archive] (9)
[2795/5572] 'Golden Triangle' -> USED_BY [free-music-archive] (9)
[2796/5572] 'Kate Ferencz' -> USED_BY [free-music-archive] (9)
[2797/5572] 'Niwouinwouin' -> USED_BY [free-music-archive] (9)
[2798/5572] 'No Regrets For Our Youth' -> USED_BY [free-music-archive] (9)
[2799/5572] 'Chrome Cranks' -> USED_BY [free-music-archive] (11)
[2800/5572] "Dorothy's Magic Bag" -> USED_BY [free-music-archive] (9)
[2801/5572] 'BIG TreaL' -> USED_BY [free-music-archive] (11)
[2802/5572] 'Ism' -> USED_BY [free-music-archive] (9)
[2803/5572] 'Regia' -> USED_BY [free-music-archive] (9)
[2804/5572] 'Sigmund Droid' -> USED_BY [free-music-archive] (9)
[2805/5572] 'Rah Bras' -> USED_BY [free-music-archive] (9)
[2806/5572] 'Goodnight Loving' -> USED_BY [free-music-archive] (9)
[2807/5572] 'Carson Day' -> USED_BY [free-music-archive] (9)
[2808/5572] 'Jonny Chan and the New Dynasty 6' -> USED_BY [free-music-archive] (9)
[2809/5572] 'Multifaros' -> USED_BY [free-music-archive] (9)
[2810/5572] 'Kinetic Jane' -> USED_BY [free-music-archive] (9)
[2811/5572] 'The Subhuman' -> USED_BY [free-music-archive] (9)
[2812/5572] 'Nullsleep' -> USED_BY [free-music-archive] (21)
[2813/5572] 'Outrageous Cherry' -> USED_BY [free-music-archive] (131)
[2814/5572] 'Gustav Thomas' -> USED_BY [free-music-archive] (9)
[2815/5572] 'Position Normal' -> USED_BY [free-music-archive] (9)
[2816/5572] 'Atlas Sound' -> USED_BY [free-music-archive] (70)
[2817/5572] 'Ilia Belorukov' -> USED_BY [free-music-archive] (9)
[2818/5572] 'The Fresh & Onlys' -> USED_BY [free-music-archive] (23)
[2819/5572] 'Jawbone' -> USED_BY [free-music-archive] (31)
[2820/5572] 'Edmondez-NesCo.-Drenching' -> USED_BY [free-music-archive] (9)
[2821/5572] 'Mob Action' -> USED_BY [free-music-archive] (9)
[2822/5572] 'I Am the Liquor' -> USED_BY [free-music-archive] (9)
[2823/5572] 'I Have Clones' -> USED_BY [free-music-archive] (9)
[2824/5572] 'Økapi' -> USED_BY [free-music-archive] (10)
[2825/5572] 'The Lothars' -> USED_BY [free-music-archive] (9)
[2826/5572] 'Meanest Man Contest' -> USED_BY [free-music-archive] (12)
[2827/5572] "Z'EV" -> USED_BY [free-music-archive] (9)
[2828/5572] 'Harlan' -> USED_BY [free-music-archive] (9)
[2829/5572] 'Beth Sorrentino' -> USED_BY [free-music-archive] (9)
[2830/5572] 'Hot Buns and Tea' -> USED_BY [free-music-archive] (9)
[2831/5572] 'Nora Keyes' -> USED_BY [free-music-archive] (9)
[2832/5572] 'Concord Ballet Orchestra Players' -> USED_BY [free-music-archive] (9)
[2833/5572] 'Matt Keating' -> USED_BY [free-music-archive] (9)
[2834/5572] 'Dr Dub' -> USED_BY [free-music-archive] (9)
[2835/5572] 'LJ Kruzer' -> USED_BY [free-music-archive] (9)
[2836/5572] 'Paul Flaherty' -> USED_BY [free-music-archive] (10)
[2837/5572] 'Ty Segall' -> USED_BY [free-music-archive] (255)
[2838/5572] 'Jeremiah Cymerman' -> USED_BY [free-music-archive] (9)
[2839/5572] 'A Kombi' -> USED_BY [free-music-archive] (9)
[2840/5572] 'Misty Roses' -> USED_BY [free-music-archive] (9)
[2841/5572] 'Arrington de Dionyso with Graeme W. Smith' -> USED_BY [free-music-archive] (9)
[2842/5572] 'Harris Brothers Balkan Band' -> USED_BY [free-music-archive] (9)
[2843/5572] 'Unforeseen Heights' -> USED_BY [free-music-archive] (9)
[2844/5572] 'Zingeray!' -> USED_BY [free-music-archive] (9)
[2845/5572] 'Pang' -> USED_BY [free-music-archive] (9)
[2846/5572] 'Ortho-tonics' -> USED_BY [free-music-archive] (31)
[2847/5572] 'Sleepy John Corbeck' -> USED_BY [free-music-archive] (9)
[2848/5572] 'The Split Squad' -> USED_BY [free-music-archive] (9)
[2849/5572] 'Bipolaroid' -> USED_BY [free-music-archive] (9)
[2850/5572] 'MUTANTLAB' -> USED_BY [free-music-archive] (9)
[2851/5572] 'La Misma' -> USED_BY [free-music-archive] (10)
[2852/5572] 'miami slice' -> USED_BY [free-music-archive] (9)
[2853/5572] 'Walt Thisney' -> USED_BY [free-music-archive] (9)
[2854/5572] 'Don Goliath' -> USED_BY [free-music-archive] (10)
[2855/5572] 'Blackstone Rangers' -> USED_BY [free-music-archive] (9)
[2856/5572] 'The United Sons of Toil' -> USED_BY [free-music-archive] (9)
[2857/5572] '\u0413\u043b\u0430\u0434\u0438\u043b\u0438\u043d-\u0411\u0443\u043b\u0433\u0430\u043a\u043e\u0432-\u0421\u0430\u043c\u043e\u0445\u0438\u043d' ERROR: 'charmap' codec can't encode characters in position 13-20: character maps to <undefined>
[2858/5572] 'Mamá Patxanga' -> USED_BY [free-music-archive] (9)
[2859/5572] 'Winston' -> USED_BY [free-music-archive] (9)
[2860/5572] 'Wann' -> USED_BY [free-music-archive] (9)
[2861/5572] 'Celebration' -> USED_BY [free-music-archive] (28)
[2862/5572] 'André Darius' -> USED_BY [free-music-archive] (16)
[2863/5572] 'Martin Pozdrowicz' -> USED_BY [free-music-archive] (9)
[2864/5572] 'Sun Sunych' -> USED_BY [free-music-archive] (9)
[2865/5572] 'Arc Waves' -> USED_BY [free-music-archive] (9)
[2866/5572] 'Valery & the Greedies' -> USED_BY [free-music-archive] (9)
[2867/5572] 'Projekt Klangform' -> USED_BY [free-music-archive] (9)
[2868/5572] 'The Money Shot' -> USED_BY [free-music-archive] (9)
[2869/5572] 'Presque Maudit' -> USED_BY [free-music-archive] (9)
[2870/5572] 'Auto Bonfire' -> USED_BY [free-music-archive] (9)
[2871/5572] 'Be Forest' -> USED_BY [free-music-archive] (35)
[2872/5572] 'On Tour' -> USED_BY [free-music-archive] (9)
[2873/5572] 'Igor Amokian' -> USED_BY [free-music-archive] (9)
[2874/5572] 'Randy Randall' -> USED_BY [free-music-archive] (9)
[2875/5572] 'Linnus' -> USED_BY [free-music-archive] (9)
[2876/5572] 'Chicano Batman' -> USED_BY [free-music-archive] (124)
[2877/5572] "Mr Frisby's Beat Pocket" -> USED_BY [free-music-archive] (9)
[2878/5572] 'Fat Spirit' -> USED_BY [free-music-archive] (9)
[2879/5572] 'Quaro' -> USED_BY [free-music-archive] (9)
[2880/5572] 'Fire Retarded' -> USED_BY [free-music-archive] (9)
[2881/5572] 'Flor Braier' -> USED_BY [free-music-archive] (9)
[2882/5572] 'The Special Pillow' -> USED_BY [free-music-archive] (9)
[2883/5572] 'Critical Dad' -> USED_BY [free-music-archive] (9)
[2884/5572] 'HaiiYuuko' -> USED_BY [free-music-archive] (9)
[2885/5572] 'Russell E. L. Butler' -> USED_BY [free-music-archive] (9)
[2886/5572] 'A Souvenir' -> USED_BY [free-music-archive] (9)
[2887/5572] 'Change!' -> USED_BY [free-music-archive] (12)
[2888/5572] 'Nicholas Smith' -> USED_BY [free-music-archive] (9)
[2889/5572] 'Charlie and Todd' -> USED_BY [free-music-archive] (9)
[2890/5572] 'Der Zirkus brennt' -> USED_BY [free-music-archive] (9)
[2891/5572] 'Diogo Cadaval' -> USED_BY [free-music-archive] (9)
[2892/5572] 'The Shouts From The Sea' -> USED_BY [free-music-archive] (9)
[2893/5572] 'Sewers' -> USED_BY [free-music-archive] (9)
[2894/5572] 'Big Quiet' -> USED_BY [free-music-archive] (9)
[2895/5572] 'Bummers Eve' -> USED_BY [free-music-archive] (9)
[2896/5572] 'Mr. Lif' -> USED_BY [free-music-archive] (180)
[2897/5572] 'YEYEY' -> USED_BY [free-music-archive] (21)
[2898/5572] 'Natural Causes' -> USED_BY [free-music-archive] (9)
[2899/5572] 'Southman' -> USED_BY [free-music-archive] (9)
[2900/5572] 'Jason Karaban' -> USED_BY [free-music-archive] (9)
[2901/5572] 'Oprachina' -> USED_BY [free-music-archive] (9)
[2902/5572] 'Mr Morse' -> USED_BY [free-music-archive] (9)
[2903/5572] 'Small Radio' -> USED_BY [free-music-archive] (24)
[2904/5572] 'Nuclear Santa Claust' -> USED_BY [free-music-archive] (9)
[2905/5572] 'The Brought Low' -> USED_BY [free-music-archive] (9)
[2906/5572] 'The Astroboy' -> USED_BY [free-music-archive] (9)
[2907/5572] 'Naked Hassellhoff' -> USED_BY [free-music-archive] (9)
[2908/5572] 'Subterrestrial' -> USED_BY [free-music-archive] (9)
[2909/5572] 'Jose Konda' -> USED_BY [free-music-archive] (9)
[2910/5572] 'Post Mortem Photographs' -> USED_BY [free-music-archive] (9)
[2911/5572] 'Phopha' -> USED_BY [free-music-archive] (9)
[2912/5572] 'Doug Seidel' -> USED_BY [free-music-archive] (9)
[2913/5572] 'Todd Tuttle' -> USED_BY [free-music-archive] (9)
[2914/5572] 'Resistencia Chaco' -> USED_BY [free-music-archive] (9)
[2915/5572] 'The Black Twig Pickers' -> USED_BY [free-music-archive] (15)
[2916/5572] 'Thee Nodes' -> USED_BY [free-music-archive] (9)
[2917/5572] 'Subsonics' -> USED_BY [free-music-archive] (11)
[2918/5572] 'Grâce et Volupté Van Van' -> USED_BY [free-music-archive] (10)
[2919/5572] 'Filthy La Bottom' -> USED_BY [free-music-archive] (9)
[2920/5572] 'Limbo Deluxe' -> USED_BY [free-music-archive] (9)
[2921/5572] 'The Piggies' -> USED_BY [free-music-archive] (9)
[2922/5572] 'The Guts' -> USED_BY [free-music-archive] (9)
[2923/5572] 'Southern Nights' -> USED_BY [free-music-archive] (9)
[2924/5572] 'Parquet Courts' -> USED_BY [free-music-archive] (180)
[2925/5572] 'Burstbot' -> USED_BY [free-music-archive] (9)
[2926/5572] 'Organs' -> USED_BY [free-music-archive] (9)
[2927/5572] 'Games' -> USED_BY [free-music-archive] (9)
[2928/5572] 'Nuclear Spring' -> USED_BY [free-music-archive] (9)
[2929/5572] 'Globoscuro' -> USED_BY [free-music-archive] (9)
[2930/5572] 'Band Of Mad Women' -> USED_BY [free-music-archive] (9)
[2931/5572] 'Mandy Mozart Feat. Jiin Ko' -> USED_BY [free-music-archive] (9)
[2932/5572] 'Radiomaniac' -> USED_BY [free-music-archive] (9)
[2933/5572] 'Viscera[e]' -> USED_BY [free-music-archive] (9)
[2934/5572] 'Jacco Gardner' -> USED_BY [free-music-archive] (28)
[2935/5572] 'Varia' -> USED_BY [free-music-archive] (9)
[2936/5572] 'Glam' -> USED_BY [free-music-archive] (9)
[2937/5572] 'RRayen' -> USED_BY [free-music-archive] (9)
[2938/5572] 'Arvo Zylo' -> USED_BY [free-music-archive] (9)
[2939/5572] 'Lucas Gonze' -> USED_BY [free-music-archive] (9)
[2940/5572] 'Drill Folly' -> USED_BY [free-music-archive] (9)
[2941/5572] 'Career Suicide' -> USED_BY [free-music-archive] (20)
[2942/5572] 'Juan Angel Italiano' -> USED_BY [free-music-archive] (9)
[2943/5572] 'Low Fat Getting High' -> USED_BY [free-music-archive] (9)
[2944/5572] 'Nhumbhrukh' -> USED_BY [free-music-archive] (9)
[2945/5572] 'Javier Piñango' -> USED_BY [free-music-archive] (9)
[2946/5572] 'Born Loose' -> USED_BY [free-music-archive] (9)
[2947/5572] 'Zachary Wilson' -> USED_BY [free-music-archive] (9)
[2948/5572] 'TVLASUNOR' -> USED_BY [free-music-archive] (9)
[2949/5572] 'The Good Lawdz' -> USED_BY [free-music-archive] (9)
[2950/5572] 'David Evans' -> USED_BY [free-music-archive] (9)
[2951/5572] 'URB' -> USED_BY [free-music-archive] (9)
[2952/5572] 'Seetyca' -> USED_BY [free-music-archive] (9)
[2953/5572] 'Bleeding Rainbow' -> USED_BY [free-music-archive] (9)
[2954/5572] 'Robert Lee' -> USED_BY [free-music-archive] (104)
[2955/5572] 'Weerthof' -> USED_BY [free-music-archive] (9)
[2956/5572] 'Three Jolly Rogues' -> USED_BY [free-music-archive] (9)
[2957/5572] 'Out Of Orion' -> USED_BY [free-music-archive] (9)
[2958/5572] 'The Lost Patrol' -> USED_BY [free-music-archive] (9)
[2959/5572] 'Nick Percev' -> USED_BY [free-music-archive] (9)
[2960/5572] 'Creeping Dose' -> USED_BY [free-music-archive] (9)
[2961/5572] 'Meanwhile Project Ltd' -> USED_BY [free-music-archive] (9)
[2962/5572] 'ICE FLEX' -> USED_BY [free-music-archive] (9)
[2963/5572] 'Railkid Station' -> USED_BY [free-music-archive] (9)
[2964/5572] 'Shannon And The Clams' -> USED_BY [free-music-archive] (189)
[2965/5572] 'Sandro Kait' -> USED_BY [free-music-archive] (9)
[2966/5572] 'Dan Gleason' -> USED_BY [free-music-archive] (9)
[2967/5572] 'The Paparazzi' -> USED_BY [free-music-archive] (9)
[2968/5572] 'Kevin Bewersdorf' -> USED_BY [free-music-archive] (9)
[2969/5572] 'Ambient Fabric' -> USED_BY [free-music-archive] (9)
[2970/5572] 'The Whines' -> USED_BY [free-music-archive] (9)
[2971/5572] 'Enablers' -> USED_BY [free-music-archive] (29)
[2972/5572] 'Etermortifera' -> USED_BY [free-music-archive] (9)
[2973/5572] 'north-without-end' -> USED_BY [free-music-archive] (9)
[2974/5572] 'Kulkija' -> USED_BY [free-music-archive] (9)
[2975/5572] 'Unsacred Hearts' -> USED_BY [free-music-archive] (12)
[2976/5572] 'Sore Eros' -> USED_BY [free-music-archive] (18)
[2977/5572] 'Abstract Artimus' -> USED_BY [free-music-archive] (9)
[2978/5572] '\u0422\u0438\u0430\u0437 \u0418\u0447' ERROR: 'charmap' codec can't encode characters in position 13-16: character maps to <undefined>
[2979/5572] 'Mozaure' -> USED_BY [free-music-archive] (9)
[2980/5572] 'Jacques Cochise' -> USED_BY [free-music-archive] (9)
[2981/5572] 'Das Gritli Moser' -> USED_BY [free-music-archive] (9)
[2982/5572] 'The Soft Moon' -> USED_BY [free-music-archive] (141)
[2983/5572] 'Vulnavia Vanity & Ergo Phizmiz' -> USED_BY [free-music-archive] (9)
[2984/5572] 'James Pants' -> USED_BY [free-music-archive] (14)
[2985/5572] 'Ralp' -> USED_BY [free-music-archive] (9)
[2986/5572] 'Happy Refugees' -> USED_BY [free-music-archive] (9)
[2987/5572] 'Nat M. Wills' -> USED_BY [free-music-archive] (9)
[2988/5572] 'Sister Fucker' -> USED_BY [free-music-archive] (9)
[2989/5572] 'Claro de Luna' -> USED_BY [free-music-archive] (9)
[2990/5572] 'The Plastic Jazz Orchestra' -> USED_BY [free-music-archive] (9)
[2991/5572] 'Maps & Transit' -> USED_BY [free-music-archive] (9)
[2992/5572] 'Strange Forces' -> USED_BY [free-music-archive] (9)
[2993/5572] 'Tchakare Kanyembe' -> USED_BY [free-music-archive] (9)
[2994/5572] 'Death of Samantha' -> USED_BY [free-music-archive] (9)
[2995/5572] 'Tyrannosaurus Dracula' -> USED_BY [free-music-archive] (9)
[2996/5572] 'The Wedding Present' -> USED_BY [free-music-archive] (39)
[2997/5572] 'MeatballMachine' -> USED_BY [free-music-archive] (9)
[2998/5572] 'Fuji Kureta' -> USED_BY [free-music-archive] (9)
[2999/5572] 'Heavy Links' -> USED_BY [free-music-archive] (9)
[3000/5572] 'The Enthusiasts' -> USED_BY [free-music-archive] (9)
[3001/5572] 'Dan Warren' -> USED_BY [free-music-archive] (29)
[3002/5572] 'Dan Warren' -> USED_BY [free-music-archive] (9)
[3003/5572] 'plusplus' -> USED_BY [free-music-archive] (29)
[3004/5572] 'Thiago França' -> NONE
[3005/5572] 'Casanovas In Heat' -> USED_BY [free-music-archive] (9)
[3006/5572] 'M.A.G. Trio' -> USED_BY [free-music-archive] (9)
[3007/5572] 'Inperfektion' -> USED_BY [free-music-archive] (9)
[3008/5572] 'Halloween' -> USED_BY [free-music-archive] (9)
[3009/5572] 'Royal Headache' -> USED_BY [free-music-archive] (35)
[3010/5572] 'Dark Ages' -> USED_BY [free-music-archive] (9)
[3011/5572] 'Pinche Tirano' -> USED_BY [free-music-archive] (9)
[3012/5572] 'Godblesscomputers' -> USED_BY [free-music-archive] (18)
[3013/5572] 'Monolog' -> USED_BY [free-music-archive] (9)
[3014/5572] 'Spewing Cum' -> USED_BY [free-music-archive] (9)
[3015/5572] 'alexander chernyshkov and marina poleukhina' -> USED_BY [free-music-archive] (9)
[3016/5572] 'DINNER' -> USED_BY [free-music-archive] (9)
[3017/5572] 'Hypp Fractal' -> USED_BY [free-music-archive] (9)
[3018/5572] 'CuzOH' -> USED_BY [free-music-archive] (26)
[3019/5572] 'Boom Boom Beckett' -> USED_BY [free-music-archive] (9)
[3020/5572] 'The John Barry Conception' -> USED_BY [free-music-archive] (9)
[3021/5572] 'Nate Scheible' -> USED_BY [free-music-archive] (9)
[3022/5572] 'Skyjelly' -> USED_BY [free-music-archive] (9)
[3023/5572] 'Doctors In Mexico' -> USED_BY [free-music-archive] (9)
[3024/5572] 'Michael Dent' -> USED_BY [free-music-archive] (9)
[3025/5572] 'Telepathic Teddy Bear' -> USED_BY [free-music-archive] (25)
[3026/5572] 'Hissing Fauna' -> USED_BY [free-music-archive] (9)
[3027/5572] 'bbatv' -> USED_BY [free-music-archive] (9)
[3028/5572] 'Shonen Bat' -> USED_BY [free-music-archive] (9)
[3029/5572] 'The Defibulators' -> USED_BY [free-music-archive] (13)
[3030/5572] 'Captive Portal' -> USED_BY [free-music-archive] (9)
[3031/5572] 'Dancer' -> USED_BY [free-music-archive] (9)
[3032/5572] 'Reanimadores' -> USED_BY [free-music-archive] (9)
[3033/5572] 'Aseptic Void' -> USED_BY [free-music-archive] (9)
[3034/5572] 'The Blend' -> USED_BY [free-music-archive] (9)
[3035/5572] 'Martha Rose' -> USED_BY [free-music-archive] (9)
[3036/5572] 'Ropewalk' -> USED_BY [free-music-archive] (9)
[3037/5572] 'Benjimanji' -> USED_BY [free-music-archive] (9)
[3038/5572] 'Ryan Sheeler' -> USED_BY [free-music-archive] (9)
[3039/5572] 'Fanny Kaplan' -> USED_BY [free-music-archive] (9)
[3040/5572] 'EZTV' -> USED_BY [free-music-archive] (10)
[3041/5572] 'Acid Feen & Jimmy Penguin' -> USED_BY [free-music-archive] (9)
[3042/5572] 'Kisbalishin Kerület' -> USED_BY [free-music-archive] (9)
[3043/5572] 'Zapa' -> USED_BY [free-music-archive] (9)
[3044/5572] 'Raw Pony' -> USED_BY [free-music-archive] (9)
[3045/5572] 'Thlaaflaa' -> USED_BY [free-music-archive] (9)
[3046/5572] 'Lincoln Woods' -> USED_BY [free-music-archive] (9)
[3047/5572] 'Usher & Zreen Toyz' -> USED_BY [free-music-archive] (9)
[3048/5572] 'Natus' -> USED_BY [free-music-archive] (9)
[3049/5572] 'BP' -> USED_BY [free-music-archive] (9)
[3050/5572] 'The Electric Amygdala' -> USED_BY [free-music-archive] (9)
[3051/5572] "Simone D'Annunzio" -> USED_BY [free-music-archive] (9)
[3052/5572] 'The Blessed Cassettes' -> USED_BY [free-music-archive] (9)
[3053/5572] 'Zelmershead' -> USED_BY [free-music-archive] (10)
[3054/5572] 'deeB' -> USED_BY [free-music-archive] (68)
[3055/5572] 'palimpsest trio' -> USED_BY [free-music-archive] (9)
[3056/5572] 'Total Unicorn' -> USED_BY [free-music-archive] (9)
[3057/5572] 'angelo contini' -> USED_BY [free-music-archive] (9)
[3058/5572] '23 and Beyond the Infinite' -> USED_BY [free-music-archive] (10)
[3059/5572] 'Queridas' -> USED_BY [free-music-archive] (9)
[3060/5572] 'Stolen Children Surf Gang' -> USED_BY [free-music-archive] (9)
[3061/5572] 'Sam Coomes' -> USED_BY [free-music-archive] (9)
[3062/5572] 'Ultimate Fantastic' -> USED_BY [free-music-archive] (9)
[3063/5572] 'masato abe' -> USED_BY [free-music-archive] (9)
[3064/5572] 'Ninja16' -> USED_BY [free-music-archive] (9)
[3065/5572] 'Sherita' -> USED_BY [free-music-archive] (9)
[3066/5572] 'Paris Solemn' -> USED_BY [free-music-archive] (9)
[3067/5572] 'Les Baigneurs' -> USED_BY [free-music-archive] (9)
[3068/5572] 'Phillip Gross' -> USED_BY [free-music-archive] (9)
[3069/5572] 'The Battery Electric' -> USED_BY [free-music-archive] (9)
[3070/5572] 'The Whizzies' -> USED_BY [free-music-archive] (9)
[3071/5572] 'SEC' -> USED_BY [free-music-archive] (9)
[3072/5572] 'JBlanked' -> USED_BY [free-music-archive] (9)
[3073/5572] 'A Giant Dog' -> USED_BY [free-music-archive] (103)
[3074/5572] 'Reflex Condition' -> USED_BY [free-music-archive] (9)
[3075/5572] 'KHAOMAN' -> USED_BY [free-music-archive] (14)
[3076/5572] 'Nick Vivid' -> USED_BY [free-music-archive] (11)
[3077/5572] 'Tony Infuriato' -> USED_BY [free-music-archive] (9)
[3078/5572] 'John Fanning (Massaccesi)' -> USED_BY [free-music-archive] (9)
[3079/5572] 'DR' -> USED_BY [free-music-archive] (9)
[3080/5572] 'Jared Leibowich' -> USED_BY [free-music-archive] (9)
[3081/5572] 'SUMMER' -> USED_BY [free-music-archive] (10)
[3082/5572] 'Fodiator' -> USED_BY [free-music-archive] (9)
[3083/5572] 'MindsEye' -> USED_BY [free-music-archive] (9)
[3084/5572] 'She-Wolf.' -> USED_BY [free-music-archive] (9)
[3085/5572] 'Marceau' -> USED_BY [free-music-archive] (9)
[3086/5572] 'The Homeless Kids' -> USED_BY [free-music-archive] (9)
[3087/5572] 'Jonas78' -> USED_BY [free-music-archive] (9)
[3088/5572] 'Hermelin' -> USED_BY [free-music-archive] (9)
[3089/5572] 'December Nightskies & Nobodisoundz' -> USED_BY [free-music-archive] (9)
[3090/5572] 'Laszlo Kovacs' -> USED_BY [free-music-archive] (9)
[3091/5572] 'C Joynes' -> USED_BY [free-music-archive] (11)
[3092/5572] 'Absolutus' -> USED_BY [free-music-archive] (9)
[3093/5572] 'The Discoghosts' -> USED_BY [free-music-archive] (9)
[3094/5572] 'Stefano Ferrian' -> USED_BY [free-music-archive] (10)
[3095/5572] 'Je deviens dj en 3 jours' -> USED_BY [free-music-archive] (10)
[3096/5572] 'Hard TON' -> USED_BY [free-music-archive] (9)
[3097/5572] 'Società Anonima Decostruzionismi Organici' -> USED_BY [free-music-archive] (9)
[3098/5572] 'Innocent Bandits' -> USED_BY [free-music-archive] (9)
[3099/5572] 'Graphiqs Groove' -> USED_BY [free-music-archive] (9)
[3100/5572] 'Big Troubles' -> USED_BY [free-music-archive] (19)
[3101/5572] 'Mr. Busalot' -> USED_BY [free-music-archive] (9)
[3102/5572] 'Overthruster' -> USED_BY [free-music-archive] (9)
[3103/5572] 'The Bloody Muffs' -> USED_BY [free-music-archive] (10)
[3104/5572] 'F.A.F.O.O.T.' -> USED_BY [free-music-archive] (9)
[3105/5572] 'Wheels On Fire' -> USED_BY [free-music-archive] (13)
[3106/5572] 'Hargreaves / Noyes / Duplant' -> USED_BY [free-music-archive] (9)
[3107/5572] 'Jungle is neutral' -> USED_BY [free-music-archive] (12)
[3108/5572] 'Feldmaus' -> USED_BY [free-music-archive] (9)
[3109/5572] 'Wukir Suryadi' -> USED_BY [free-music-archive] (13)
[3110/5572] 'Yusuke Akai' -> USED_BY [free-music-archive] (9)
[3111/5572] '2 Foot Flame' -> USED_BY [free-music-archive] (9)
[3112/5572] 'Emily Lacy' -> USED_BY [free-music-archive] (9)
[3113/5572] 'Bedlam Mind' -> USED_BY [free-music-archive] (9)
[3114/5572] 'Fucked' -> USED_BY [free-music-archive] (9)
[3115/5572] 'La Rainbow Toy Orchestra' -> USED_BY [free-music-archive] (9)
[3116/5572] 'Someone Else [UK]' -> USED_BY [free-music-archive] (9)
[3117/5572] 'Colin Johnco' -> USED_BY [free-music-archive] (9)
[3118/5572] 'Zoogoo' -> USED_BY [free-music-archive] (9)
[3119/5572] 'RPM Orchestra' -> USED_BY [free-music-archive] (9)
[3120/5572] 'Randy Wormhole' -> USED_BY [free-music-archive] (9)
[3121/5572] 'KPLECRAFT' -> USED_BY [free-music-archive] (10)
[3122/5572] 'Delmore fx' -> USED_BY [free-music-archive] (9)
[3123/5572] 'Fiendish Fib' -> USED_BY [free-music-archive] (9)
[3124/5572] 'FUN' -> USED_BY [free-music-archive] (9)
[3125/5572] 'Projekt Karpaty Magiczne' -> USED_BY [free-music-archive] (22)
[3126/5572] 'RÉGIS ET NICOLAS' -> USED_BY [free-music-archive] (9)
[3127/5572] 'Motorama' -> USED_BY [free-music-archive] (150)
[3128/5572] 'Spidey Agutter' -> USED_BY [free-music-archive] (9)
[3129/5572] 'Tab & A.U.R.C.' -> USED_BY [free-music-archive] (9)
[3130/5572] 'Canned Fit' -> USED_BY [free-music-archive] (9)
[3131/5572] 'Seventh Gear' -> USED_BY [free-music-archive] (9)
[3132/5572] 'Ugly Parts' -> USED_BY [free-music-archive] (9)
[3133/5572] 'Stanislav Bobrytskyy' -> USED_BY [free-music-archive] (9)
[3134/5572] "Przewalski's Horses" -> USED_BY [free-music-archive] (9)
[3135/5572] 'Lougow' -> USED_BY [free-music-archive] (9)
[3136/5572] 'Blank & Kytt' -> USED_BY [free-music-archive] (9)
[3137/5572] 'Kirill Makushin' -> USED_BY [free-music-archive] (9)
[3138/5572] 'Difondo' -> USED_BY [free-music-archive] (9)
[3139/5572] 'dronæment' -> USED_BY [free-music-archive] (15)
[3140/5572] 'MANUEL J GROTESQUE' -> USED_BY [free-music-archive] (44)
[3141/5572] 'Neeva' -> USED_BY [free-music-archive] (9)
[3142/5572] 'The Starry Tides' -> USED_BY [free-music-archive] (9)
[3143/5572] 'The Keith Walsh Experience' -> USED_BY [free-music-archive] (9)
[3144/5572] 'Silver Abuse' -> USED_BY [free-music-archive] (9)
[3145/5572] 'La Chinoise' -> USED_BY [free-music-archive] (9)
[3146/5572] 'The Books' -> USED_BY [free-music-archive] (9)
[3147/5572] 'Black Fortress of Opium' -> USED_BY [free-music-archive] (9)
[3148/5572] 'Seeds In Helmet' -> USED_BY [free-music-archive] (9)
[3149/5572] 'Soft Serve' -> USED_BY [free-music-archive] (9)
[3150/5572] 'Mutilation Rites' -> USED_BY [free-music-archive] (17)
[3151/5572] 'Snail Bob' -> USED_BY [free-music-archive] (9)
[3152/5572] 'Les Robots Musique' -> USED_BY [free-music-archive] (9)
[3153/5572] 'UV Protection' -> USED_BY [free-music-archive] (9)
[3154/5572] 'The Letter Yellow' -> USED_BY [free-music-archive] (9)
[3155/5572] 'Plumerai' -> USED_BY [free-music-archive] (9)
[3156/5572] 'Papá cocodrilo' -> USED_BY [free-music-archive] (9)
[3157/5572] 'Iron Metal' -> USED_BY [free-music-archive] (9)
[3158/5572] 'Georgia & August Greenberg' -> USED_BY [free-music-archive] (9)
[3159/5572] 'Rockit Maxx' -> USED_BY [free-music-archive] (9)
[3160/5572] 'GMC' -> USED_BY [free-music-archive] (9)
[3161/5572] 'Baby Shakes' -> USED_BY [free-music-archive] (9)
[3162/5572] 'The IMG' -> USED_BY [free-music-archive] (9)
[3163/5572] 'Shoeg' -> USED_BY [free-music-archive] (9)
[3164/5572] 'Fabio Crivellaro' -> USED_BY [free-music-archive] (9)
[3165/5572] 'Burnt Ones' -> USED_BY [free-music-archive] (10)
[3166/5572] 'Michael RJ Saalman' -> USED_BY [free-music-archive] (9)
[3167/5572] 'Las Kellies' -> USED_BY [free-music-archive] (11)
[3168/5572] "Yasna New York Bulgarian Women's Voices Choir" -> USED_BY [free-music-archive] (9)
[3169/5572] 'Azar Swan' -> USED_BY [free-music-archive] (9)
[3170/5572] 'Death Valley Girls' -> USED_BY [free-music-archive] (97)
[3171/5572] 'pavlove.' -> USED_BY [free-music-archive] (9)
[3172/5572] 'Marilyn Roxie' -> USED_BY [free-music-archive] (10)
[3173/5572] 'Uppercut' -> USED_BY [free-music-archive] (9)
[3174/5572] 'Abdu Ali' -> USED_BY [free-music-archive] (20)
[3175/5572] 'Christian Flanders' -> USED_BY [free-music-archive] (9)
[3176/5572] 'notforme!' -> USED_BY [free-music-archive] (9)
[3177/5572] 'Haiku Ambulance:  Self Titled' -> USED_BY [free-music-archive] (9)
[3178/5572] 'Dj Chile & Jimmy Penguin' -> USED_BY [free-music-archive] (9)
[3179/5572] 'Limbs Bin' -> USED_BY [free-music-archive] (9)
[3180/5572] 'Shark?' -> USED_BY [free-music-archive] (33)
[3181/5572] 'Riding Alone for Thousands of Miles' -> USED_BY [free-music-archive] (9)
[3182/5572] 'Trigg' -> USED_BY [free-music-archive] (9)
[3183/5572] 'Needle Gun' -> USED_BY [free-music-archive] (8)
[3184/5572] 'Harrius' -> USED_BY [free-music-archive] (8)
[3185/5572] 'Arthur F. Collins' -> USED_BY [free-music-archive] (21)
[3186/5572] 'PLATTENBOSS UNDERTAKERS' -> USED_BY [free-music-archive] (8)
[3187/5572] 'A Smile for Timbuctu' -> USED_BY [free-music-archive] (8)
[3188/5572] 'Sky Barstow' -> USED_BY [free-music-archive] (8)
[3189/5572] 'Anders Lindsjö' -> USED_BY [free-music-archive] (8)
[3190/5572] 'Dorian Concept' -> USED_BY [free-music-archive] (100)
[3191/5572] 'Jeff McLeod' -> USED_BY [free-music-archive] (8)
[3192/5572] 'Mahjongg' -> USED_BY [free-music-archive] (8)
[3193/5572] 'Mr. Gutter' -> USED_BY [free-music-archive] (8)
[3194/5572] 'Solemn Man' -> USED_BY [free-music-archive] (8)
[3195/5572] 'Vorpal' -> USED_BY [free-music-archive] (8)
[3196/5572] 'Antiguo Automata Mexicano' -> USED_BY [free-music-archive] (8)
[3197/5572] 'Chatham County Line' -> USED_BY [free-music-archive] (58)
[3198/5572] 'Emma Peel' -> USED_BY [free-music-archive] (8)
[3199/5572] 'Killdozer' -> USED_BY [free-music-archive] (35)
[3200/5572] 'Loto Ball Show' -> USED_BY [free-music-archive] (8)
[3201/5572] 'The Hall Monitors' -> USED_BY [free-music-archive] (12)
[3202/5572] 'Love Craft' -> USED_BY [free-music-archive] (8)
[3203/5572] 'DMBQ' -> USED_BY [free-music-archive] (8)
[3204/5572] 'Haale' -> USED_BY [free-music-archive] (8)
[3205/5572] 'Thomas Function' -> USED_BY [free-music-archive] (8)
[3206/5572] 'The Death Set' -> USED_BY [free-music-archive] (109)
[3207/5572] 'The Dirtbombs' -> USED_BY [free-music-archive] (159)
[3208/5572] 'Triclops!' -> USED_BY [free-music-archive] (15)
[3209/5572] 'Julia Holter' -> USED_BY [free-music-archive] (246)
[3210/5572] 'The Spazmodics' -> USED_BY [free-music-archive] (8)
[3211/5572] 'The Native' -> USED_BY [free-music-archive] (8)
[3212/5572] 'Singing Sadie' -> USED_BY [free-music-archive] (8)
[3213/5572] 'The Cannanes' -> USED_BY [free-music-archive] (8)
[3214/5572] 'Aaron Dunn' -> USED_BY [free-music-archive] (8)
[3215/5572] 'Takka Takka' -> USED_BY [free-music-archive] (14)
[3216/5572] 'Virus' -> USED_BY [free-music-archive] (8)
[3217/5572] 'Absu' -> USED_BY [free-music-archive] (8)
[3218/5572] 'Slough Feg' -> USED_BY [free-music-archive] (51)
[3219/5572] 'Yen Pox' -> USED_BY [free-music-archive] (8)
[3220/5572] 'Rockoutfit' -> USED_BY [free-music-archive] (8)
[3221/5572] 'Pretty Flags' -> USED_BY [free-music-archive] (8)
[3222/5572] 'Trailer Bride' -> USED_BY [free-music-archive] (32)
[3223/5572] 'Alex Mauer' -> USED_BY [free-music-archive] (8)
[3224/5572] 'Billy Bao' -> USED_BY [free-music-archive] (8)
[3225/5572] 'M.B.' -> USED_BY [free-music-archive] (11)
[3226/5572] 'Bruce Russell' -> USED_BY [free-music-archive] (8)
[3227/5572] 'Toss' -> USED_BY [free-music-archive] (8)
[3228/5572] 'Cobson' -> USED_BY [free-music-archive] (8)
[3229/5572] 'Rod' -> USED_BY [free-music-archive] (8)
[3230/5572] 'Terry Douglas' -> USED_BY [free-music-archive] (8)
[3231/5572] '.tape.' -> USED_BY [free-music-archive] (8)
[3232/5572] 'Personal and the Pizzas' -> USED_BY [free-music-archive] (17)
[3233/5572] 'Latent Chaos' -> USED_BY [free-music-archive] (8)
[3234/5572] 'YACHT' -> USED_BY [free-music-archive] (8)
[3235/5572] 'Menasor-Drenching Axis' -> USED_BY [free-music-archive] (8)
[3236/5572] 'Roberto Padovan' -> USED_BY [free-music-archive] (8)
[3237/5572] 'Meth Teeth' -> USED_BY [free-music-archive] (8)
[3238/5572] "The Back C.C.'s" -> USED_BY [free-music-archive] (8)
[3239/5572] '2pol' -> USED_BY [free-music-archive] (8)
[3240/5572] 'Unrest' -> USED_BY [free-music-archive] (32)
[3241/5572] 'Crystal Stilts' -> USED_BY [free-music-archive] (34)
[3242/5572] 'Roxy Pain' -> USED_BY [free-music-archive] (8)
[3243/5572] 'Cath and Phil Tyler' -> USED_BY [free-music-archive] (9)
[3244/5572] 'Kreace Peeps' -> USED_BY [free-music-archive] (8)
[3245/5572] 'Gowns' -> USED_BY [free-music-archive] (8)
[3246/5572] 'AK Slaughter' -> USED_BY [free-music-archive] (8)
[3247/5572] 'Dokaka' -> USED_BY [free-music-archive] (9)
[3248/5572] 'Jalikebba Kuyateh and the Toubabs' -> USED_BY [free-music-archive] (8)
[3249/5572] 'Dallas Kincaid' -> USED_BY [free-music-archive] (8)
[3250/5572] 'Cal Stewart' -> USED_BY [free-music-archive] (8)
[3251/5572] 'Psilodump' -> USED_BY [free-music-archive] (29)
[3252/5572] 'Syem' -> USED_BY [free-music-archive] (8)
[3253/5572] 'Zombie Prom Queen' -> USED_BY [free-music-archive] (8)
[3254/5572] 'Rok/Paper/Disco' -> USED_BY [free-music-archive] (8)
[3255/5572] 'Michael Chapman' -> USED_BY [free-music-archive] (8)
[3256/5572] 'Matteah Baim' -> USED_BY [free-music-archive] (8)
[3257/5572] 'Freakwater' -> USED_BY [free-music-archive] (52)
[3258/5572] 'Cool Devices' -> USED_BY [free-music-archive] (8)
[3259/5572] 'Jenny Mayhem' -> USED_BY [free-music-archive] (16)
[3260/5572] 'Robin Grey' -> USED_BY [free-music-archive] (8)
[3261/5572] 'Little Debbie' -> USED_BY [free-music-archive] (8)
[3262/5572] 'Sonvol' -> USED_BY [free-music-archive] (8)
[3263/5572] 'Generation Skweee' -> USED_BY [free-music-archive] (8)
[3264/5572] 'Aenedra' -> USED_BY [free-music-archive] (8)
[3265/5572] 'Turmoil' -> USED_BY [free-music-archive] (8)
[3266/5572] 'Dáša Fon F\u013eaša' ERROR: 'charmap' codec can't encode character '\u013e' in position 23: character maps to <undefined>
[3267/5572] 'Normal Love' -> USED_BY [free-music-archive] (8)
[3268/5572] 'Slowdance' -> USED_BY [free-music-archive] (13)
[3269/5572] 'Factories & Alleyways' -> USED_BY [free-music-archive] (8)
[3270/5572] 'Speed The Plough' -> USED_BY [free-music-archive] (8)
[3271/5572] 'Idio-Savant' -> USED_BY [free-music-archive] (8)
[3272/5572] 'Timperley Rhapsodians' -> USED_BY [free-music-archive] (8)
[3273/5572] 'Wall Matthews' -> USED_BY [free-music-archive] (148)
[3274/5572] 'Mark Fosson' -> USED_BY [free-music-archive] (48)
[3275/5572] 'LiveFastDie' -> USED_BY [free-music-archive] (12)
[3276/5572] 'Split Single' -> USED_BY [free-music-archive] (20)
[3277/5572] 'Priests' -> USED_BY [free-music-archive] (43)
[3278/5572] 'Rafael Dionísio' -> USED_BY [free-music-archive] (8)
[3279/5572] '\u041a\u043e\u043d\u0441\u0442\u0430\u043d\u0442\u0438\u043d \u0417\u0435\u0434' ERROR: 'charmap' codec can't encode characters in position 13-22: character maps to <undefined>
[3280/5572] 'Meaner Pencil' -> USED_BY [free-music-archive] (8)
[3281/5572] 'Nox Boys' -> USED_BY [free-music-archive] (9)
[3282/5572] 'm__' -> USED_BY [free-music-archive] (8)
[3283/5572] 'The Clientele' -> USED_BY [free-music-archive] (203)
[3284/5572] 'Interlude' -> USED_BY [free-music-archive] (12)
[3285/5572] 'Seamus Cater' -> USED_BY [free-music-archive] (8)
[3286/5572] 'Marc Stapleford' -> USED_BY [free-music-archive] (8)
[3287/5572] 'Vows' -> USED_BY [free-music-archive] (8)
[3288/5572] 'Eidetic Seeing' -> USED_BY [free-music-archive] (8)
[3289/5572] 'LaBon' -> USED_BY [free-music-archive] (8)
[3290/5572] 'Autodrone' -> USED_BY [free-music-archive] (8)
[3291/5572] 'Even Twice' -> USED_BY [free-music-archive] (8)
[3292/5572] 'Serakhe0n' -> USED_BY [free-music-archive] (8)
[3293/5572] 'Action Will Be Taken' -> USED_BY [free-music-archive] (8)
[3294/5572] 'Tickle' -> USED_BY [free-music-archive] (8)
[3295/5572] 'Spin Day' -> USED_BY [free-music-archive] (8)
[3296/5572] 'Caballo' -> USED_BY [free-music-archive] (8)
[3297/5572] 'Fatti Frances' -> USED_BY [free-music-archive] (8)
[3298/5572] "Quitty & The Don'ts" -> USED_BY [free-music-archive] (8)
[3299/5572] 'LAZY SALON' -> USED_BY [free-music-archive] (8)
[3300/5572] '\u041a\u043e\u0441\u0442\u0430 \u0422' ERROR: 'charmap' codec can't encode characters in position 13-17: character maps to <undefined>
[3301/5572] 'poj.wlkp' -> USED_BY [free-music-archive] (8)
[3302/5572] 'Les Sans Culottes' -> USED_BY [free-music-archive] (75)
[3303/5572] 'Turku, Nomads of the Silk Road' -> USED_BY [free-music-archive] (8)
[3304/5572] 'Church Bats' -> USED_BY [free-music-archive] (8)
[3305/5572] 'Skinfaxe' -> USED_BY [free-music-archive] (8)
[3306/5572] 'Troy Holder' -> USED_BY [free-music-archive] (8)
[3307/5572] 'NoLogic' -> USED_BY [free-music-archive] (8)
[3308/5572] 'theL3the' -> USED_BY [free-music-archive] (8)
[3309/5572] 'Missing Organs' -> USED_BY [free-music-archive] (8)
[3310/5572] 'Onda bidón' -> USED_BY [free-music-archive] (9)
[3311/5572] 'Kris Roche' -> USED_BY [free-music-archive] (8)
[3312/5572] 'Flesh Lights' -> USED_BY [free-music-archive] (8)
[3313/5572] 'Grove of Whispers' -> USED_BY [free-music-archive] (8)
[3314/5572] 'Junk Boys' -> USED_BY [free-music-archive] (8)
[3315/5572] 'Guerra de Cerdos' -> USED_BY [free-music-archive] (8)
[3316/5572] 'Cahill Locksmith' -> USED_BY [free-music-archive] (8)
[3317/5572] 'Dan Lizard' -> USED_BY [free-music-archive] (8)
[3318/5572] 'Frozen Houses' -> USED_BY [free-music-archive] (8)
[3319/5572] 'Argument Clinic' -> USED_BY [free-music-archive] (8)
[3320/5572] 'Alas de Mosca' -> USED_BY [free-music-archive] (8)
[3321/5572] 'VIC BANG' -> USED_BY [free-music-archive] (8)
[3322/5572] 'Germanager' -> USED_BY [free-music-archive] (8)
[3323/5572] 'Alan Singley' -> USED_BY [free-music-archive] (10)
[3324/5572] 'Anamorphic Orchestra' -> USED_BY [free-music-archive] (8)
[3325/5572] 'Real Numbers' -> USED_BY [free-music-archive] (8)
[3326/5572] 'Life Like Thunderstorms' -> USED_BY [free-music-archive] (8)
[3327/5572] 'A Minha Embala (Aline Frazão e César Herranz)' -> USED_BY [free-music-archive] (8)
[3328/5572] 'All Shall Be Well (And All Shall Be Well and All Manner of Things Shall Be Well)' -> USED_BY [free-music-archive] (20)
[3329/5572] 'Patrizia Mattioli' -> USED_BY [free-music-archive] (8)
[3330/5572] 'Radius System' -> USED_BY [free-music-archive] (8)
[3331/5572] 'Nomad' -> USED_BY [free-music-archive] (9)
[3332/5572] 'Nhoin' -> USED_BY [free-music-archive] (8)
[3333/5572] 'Trepanning' -> USED_BY [free-music-archive] (8)
[3334/5572] 'Melinda Ligeti' -> USED_BY [free-music-archive] (8)
[3335/5572] 'Steven Arntson' -> USED_BY [free-music-archive] (8)
[3336/5572] 'The Thud Experiment' -> USED_BY [free-music-archive] (8)
[3337/5572] 'Justin Wiggan' -> USED_BY [free-music-archive] (8)
[3338/5572] "Stompin' Riff Raffs" -> USED_BY [free-music-archive] (9)
[3339/5572] 'I Am Not Lefthanded' -> USED_BY [free-music-archive] (8)
[3340/5572] 'Algesis' -> USED_BY [free-music-archive] (8)
[3341/5572] 'Holy Pain' -> USED_BY [free-music-archive] (8)
[3342/5572] 'Geese' -> USED_BY [free-music-archive] (8)
[3343/5572] 'Gluid' -> USED_BY [free-music-archive] (8)
[3344/5572] 'Emily Danger' -> USED_BY [free-music-archive] (8)
[3345/5572] 'Trigger (Wind Trio)' -> USED_BY [free-music-archive] (8)
[3346/5572] 'The Tunnel' -> USED_BY [free-music-archive] (18)
[3347/5572] 'Jenifer Avila' -> USED_BY [free-music-archive] (9)
[3348/5572] 'the hermit' -> USED_BY [free-music-archive] (9)
[3349/5572] 'Gutterhulk' -> USED_BY [free-music-archive] (8)
[3350/5572] 'The Dream Team' -> USED_BY [free-music-archive] (8)
[3351/5572] 'The Party Lights' -> USED_BY [free-music-archive] (8)
[3352/5572] 'The Recordettes' -> USED_BY [free-music-archive] (8)
[3353/5572] 'Abstract Nostalgic Fractal Systems' -> USED_BY [free-music-archive] (8)
[3354/5572] 'Plastic Surgery Icon' -> USED_BY [free-music-archive] (8)
[3355/5572] 'Droict' -> USED_BY [free-music-archive] (8)
[3356/5572] 'The Undynamic Pop Experiment' -> USED_BY [free-music-archive] (8)
[3357/5572] 'Creem' -> USED_BY [free-music-archive] (8)
[3358/5572] 'Tote Stadt, Mourmansk150 and Hinyouki' -> USED_BY [free-music-archive] (8)
[3359/5572] 'Soni Ventorum Wind Quintet' -> USED_BY [free-music-archive] (8)
[3360/5572] 'The Travelling Mongoose' -> USED_BY [free-music-archive] (8)
[3361/5572] 'Jenny O.' -> USED_BY [free-music-archive] (31)
[3362/5572] 'Lonnie Holley' -> USED_BY [free-music-archive] (31)
[3363/5572] 'Eleni Mandell' -> USED_BY [free-music-archive] (171)
[3364/5572] 'Genox' -> USED_BY [free-music-archive] (8)
[3365/5572] 'mairack and player2' -> USED_BY [free-music-archive] (8)
[3366/5572] 'Sweet Talk' -> USED_BY [free-music-archive] (8)
[3367/5572] 'Ikimashoo Aoi' -> USED_BY [free-music-archive] (8)
[3368/5572] 'GeeNerve' -> USED_BY [free-music-archive] (8)
[3369/5572] 'Ajda the Turkish Queen' -> USED_BY [free-music-archive] (8)
[3370/5572] 'Lorelle Meets the Obsolete' -> USED_BY [free-music-archive] (21)
[3371/5572] 'Poor Alexei' -> USED_BY [free-music-archive] (8)
[3372/5572] 'Jorge Nunes' -> USED_BY [free-music-archive] (8)
[3373/5572] 'Not The 1s' -> USED_BY [free-music-archive] (8)
[3374/5572] 'Geometrie Variabili' -> USED_BY [free-music-archive] (8)
[3375/5572] 'Noaidi' -> USED_BY [free-music-archive] (8)
[3376/5572] 'Suspicious Beasts' -> USED_BY [free-music-archive] (8)
[3377/5572] 'Cuntz' -> USED_BY [free-music-archive] (8)
[3378/5572] 'Technicolor Teeth' -> USED_BY [free-music-archive] (8)
[3379/5572] 'The Party Faithful' -> USED_BY [free-music-archive] (8)
[3380/5572] 'Chastity Belt' -> USED_BY [free-music-archive] (118)
[3381/5572] 'Nicolas Chientaroli Trio' -> USED_BY [free-music-archive] (8)
[3382/5572] 'Daniele Pasini' -> USED_BY [free-music-archive] (8)
[3383/5572] 'Raffaele Pilia' -> USED_BY [free-music-archive] (8)
[3384/5572] 'BpOlar' -> USED_BY [free-music-archive] (8)
[3385/5572] 'Fire to the Stars' -> USED_BY [free-music-archive] (9)
[3386/5572] 'Sektor 304' -> USED_BY [free-music-archive] (8)
[3387/5572] 'mynameisjOhn' -> USED_BY [free-music-archive] (8)
[3388/5572] 'Antoine Chessex' -> USED_BY [free-music-archive] (8)
[3389/5572] 'Snow Monster' -> USED_BY [free-music-archive] (8)
[3390/5572] 'Batillus' -> USED_BY [free-music-archive] (20)
[3391/5572] 'Ca$h4otterz' -> USED_BY [free-music-archive] (8)
[3392/5572] 'Tyler Jon Tyler' -> USED_BY [free-music-archive] (8)
[3393/5572] 'Peter Swimm' -> USED_BY [free-music-archive] (9)
[3394/5572] 'Ultrasyd' -> USED_BY [free-music-archive] (15)
[3395/5572] 'White Fence' -> USED_BY [free-music-archive] (49)
[3396/5572] 'Radical Dads' -> USED_BY [free-music-archive] (19)
[3397/5572] 'Bush Tetras' -> USED_BY [free-music-archive] (24)
[3398/5572] 'Burning Bright' -> USED_BY [free-music-archive] (8)
[3399/5572] 'White Life' -> USED_BY [free-music-archive] (13)
[3400/5572] 'Nic Blu and the Travoltings' -> USED_BY [free-music-archive] (8)
[3401/5572] 'The Atomic Gardens' -> USED_BY [free-music-archive] (8)
[3402/5572] 'No Color' -> USED_BY [free-music-archive] (8)
[3403/5572] 'Sunsearcher' -> USED_BY [free-music-archive] (8)
[3404/5572] "Kitchen's Floor" -> USED_BY [free-music-archive] (8)
[3405/5572] 'DC9V' -> USED_BY [free-music-archive] (8)
[3406/5572] 'FLT RSK' -> USED_BY [free-music-archive] (8)
[3407/5572] 'DuBoLoGy' -> USED_BY [free-music-archive] (8)
[3408/5572] 'Friglob' -> USED_BY [free-music-archive] (8)
[3409/5572] 'FESTI 40 music festival' -> USED_BY [free-music-archive] (8)
[3410/5572] "L' Amicale du Tigrou" -> USED_BY [free-music-archive] (8)
[3411/5572] 'Dylan Palme' -> USED_BY [free-music-archive] (8)
[3412/5572] "Jaap Blonk's Iles Flottantes" -> USED_BY [free-music-archive] (8)
[3413/5572] "Heaven's Gate" -> USED_BY [free-music-archive] (15)
[3414/5572] 'Sky Thing' -> USED_BY [free-music-archive] (8)
[3415/5572] 'Hot Garbage' -> USED_BY [free-music-archive] (8)
[3416/5572] 'KVZE' -> USED_BY [free-music-archive] (8)
[3417/5572] 'S&ndC&stl&' -> USED_BY [free-music-archive] (8)
[3418/5572] 'Live Ones' -> USED_BY [free-music-archive] (8)
[3419/5572] 'No Zu' -> USED_BY [free-music-archive] (8)
[3420/5572] 'Fusiller' -> USED_BY [free-music-archive] (8)
[3421/5572] 'Hess' -> USED_BY [free-music-archive] (8)
[3422/5572] 'Exhaust' -> USED_BY [free-music-archive] (8)
[3423/5572] 'the Dorkestra' -> USED_BY [free-music-archive] (8)
[3424/5572] 'Rakiya' -> USED_BY [free-music-archive] (8)
[3425/5572] 'On On On' -> USED_BY [free-music-archive] (8)
[3426/5572] 'Electric Jellyfish' -> USED_BY [free-music-archive] (8)
[3427/5572] 'Lee Bains III & the Glory Fires' -> USED_BY [free-music-archive] (42)
[3428/5572] 'The Happy Valley Band' -> USED_BY [free-music-archive] (8)
[3429/5572] 'Emily Wells' -> USED_BY [free-music-archive] (126)
[3430/5572] 'Cuddle Magic' -> USED_BY [free-music-archive] (89)
[3431/5572] 'Jose Ph. Kony' -> USED_BY [free-music-archive] (8)
[3432/5572] 'Parallel Dream' -> USED_BY [free-music-archive] (8)
[3433/5572] 'Mark Humble & Dave Foster' -> USED_BY [free-music-archive] (8)
[3434/5572] 'Some Ember' -> USED_BY [free-music-archive] (8)
[3435/5572] 'Jaakko' -> USED_BY [free-music-archive] (8)
[3436/5572] 'Ava Luna' -> USED_BY [free-music-archive] (32)
[3437/5572] 'King Tuff' -> USED_BY [free-music-archive] (109)
[3438/5572] 'Alexandredavidegabriel' -> USED_BY [free-music-archive] (8)
[3439/5572] 'Miodrag Marjanov Quintet' -> USED_BY [free-music-archive] (8)
[3440/5572] 'Chris Forsyth' -> USED_BY [free-music-archive] (8)
[3441/5572] 'Tomlija' -> USED_BY [free-music-archive] (8)
[3442/5572] 'Erothug' -> USED_BY [free-music-archive] (8)
[3443/5572] 'Infinite Livez' -> USED_BY [free-music-archive] (10)
[3444/5572] 'gHOST project' -> USED_BY [free-music-archive] (8)
[3445/5572] 'Derek Baron' -> USED_BY [free-music-archive] (8)
[3446/5572] 'Máscaras' -> USED_BY [free-music-archive] (8)
[3447/5572] 'Boone Graham' -> USED_BY [free-music-archive] (8)
[3448/5572] 'Kacéo' -> USED_BY [free-music-archive] (8)
[3449/5572] 'La Parade' -> USED_BY [free-music-archive] (8)
[3450/5572] 'Eyelids' -> USED_BY [free-music-archive] (23)
[3451/5572] 'Shocron, Politzer, Crozzoli' -> USED_BY [free-music-archive] (8)
[3452/5572] 'Gingerlys' -> USED_BY [free-music-archive] (18)
[3453/5572] 'The Strangelet Disasters' -> USED_BY [free-music-archive] (8)
[3454/5572] 'The Soft Pink Truth' -> USED_BY [free-music-archive] (19)
[3455/5572] 'Samurau' -> USED_BY [free-music-archive] (8)
[3456/5572] 'Song Machine' -> USED_BY [free-music-archive] (8)
[3457/5572] 'Legally Blind' -> USED_BY [free-music-archive] (8)
[3458/5572] 'La Cantine Boga' -> USED_BY [free-music-archive] (8)
[3459/5572] 'Jordan Sinclair' -> USED_BY [free-music-archive] (8)
[3460/5572] 'SAVAK' -> USED_BY [free-music-archive] (21)
[3461/5572] 'Yoghurt For Breakfast' -> USED_BY [free-music-archive] (8)
[3462/5572] 'I Not Dance' -> USED_BY [free-music-archive] (16)
[3463/5572] 'Paolo Pavan' -> USED_BY [free-music-archive] (8)
[3464/5572] 'J.G. Hackett' -> USED_BY [free-music-archive] (8)
[3465/5572] 'Anihma' -> USED_BY [free-music-archive] (8)
[3466/5572] 'Doc.AtmosfearCrush' -> USED_BY [free-music-archive] (8)
[3467/5572] 'Bryan Divisions' -> USED_BY [free-music-archive] (28)
[3468/5572] 'ch\u0113\u0113Z \u03c0' ERROR: 'charmap' codec can't encode characters in position 15-16: character maps to <undefined>
[3469/5572] 'Homesick Suni' -> USED_BY [free-music-archive] (8)
[3470/5572] 'Anob' -> USED_BY [free-music-archive] (8)
[3471/5572] 'Arbee' -> USED_BY [free-music-archive] (8)
[3472/5572] 'Titanik' -> USED_BY [free-music-archive] (8)
[3473/5572] 'Klaten' -> USED_BY [free-music-archive] (8)
[3474/5572] 'Monarques' -> USED_BY [free-music-archive] (8)
[3475/5572] 'The Great Cold' -> USED_BY [free-music-archive] (8)
[3476/5572] 'Jardín de la Croix' -> USED_BY [free-music-archive] (14)
[3477/5572] 'Every Now and Every Then' -> USED_BY [free-music-archive] (8)
[3478/5572] 'Metek & Zreen Toyz' -> USED_BY [free-music-archive] (8)
[3479/5572] 'Room Of Wires' -> USED_BY [free-music-archive] (12)
[3480/5572] 'Diego Acco' -> USED_BY [free-music-archive] (8)
[3481/5572] 'Montserrat Alavedra' -> USED_BY [free-music-archive] (8)
[3482/5572] 'Joseph Levine' -> USED_BY [free-music-archive] (8)
[3483/5572] 'Night Club' -> USED_BY [free-music-archive] (120)
[3484/5572] 'Blue Dot Session' -> USED_BY [free-music-archive] (8)
[3485/5572] 'Logan Takahashi' -> USED_BY [free-music-archive] (9)
[3486/5572] 'Pavlosiuk & the Dudes' -> USED_BY [free-music-archive] (8)
[3487/5572] 'chloe orin' -> USED_BY [free-music-archive] (8)
[3488/5572] 'arcano.zero' -> USED_BY [free-music-archive] (8)
[3489/5572] "Flamin' Groovies" -> USED_BY [free-music-archive] (145)
[3490/5572] 'Mental Escape Pod' -> USED_BY [free-music-archive] (8)
[3491/5572] 'Terracid' -> USED_BY [free-music-archive] (8)
[3492/5572] 'Perverts in White Shirts' -> USED_BY [free-music-archive] (8)
[3493/5572] 'Hideout' -> USED_BY [free-music-archive] (8)
[3494/5572] 'Arthur Zdrinc' -> USED_BY [free-music-archive] (8)
[3495/5572] 'Red Crickets' -> USED_BY [free-music-archive] (8)
[3496/5572] 'Bessemerr' -> USED_BY [free-music-archive] (8)
[3497/5572] 'Daniel Barbiero - Cristiano Bocci' -> USED_BY [free-music-archive] (8)
[3498/5572] 'The RocknRoll Hi-Fives' -> USED_BY [free-music-archive] (8)
[3499/5572] '( Early ) Salomè Lego Playset' -> USED_BY [free-music-archive] (8)
[3500/5572] 'Proyecto 504' -> USED_BY [free-music-archive] (8)
[3501/5572] 'Breanna Barbara' -> USED_BY [free-music-archive] (25)
[3502/5572] 'New York Spelmanslag' -> USED_BY [free-music-archive] (8)
[3503/5572] 'Saylavees' -> USED_BY [free-music-archive] (8)
[3504/5572] 'Massicot' -> USED_BY [free-music-archive] (8)
[3505/5572] 'ULTRADEMON' -> USED_BY [free-music-archive] (8)
[3506/5572] '01110010' -> USED_BY [free-music-archive] (8)
[3507/5572] 'Painburn' -> USED_BY [free-music-archive] (8)
[3508/5572] 'Anes & Bateaux' -> USED_BY [free-music-archive] (8)
[3509/5572] "Reno's Men" -> USED_BY [free-music-archive] (8)
[3510/5572] 'Downer Canada' -> USED_BY [free-music-archive] (8)
[3511/5572] 'Beat Doctor' -> USED_BY [free-music-archive] (8)
[3512/5572] 'Milton Arias' -> USED_BY [free-music-archive] (8)
[3513/5572] 'SOWNDHAUZ' -> USED_BY [free-music-archive] (8)
[3514/5572] 'Audiobooks' -> USED_BY [free-music-archive] (8)
[3515/5572] 'Rauppwar' -> USED_BY [free-music-archive] (8)
[3516/5572] 'Edgardo Moreno' -> USED_BY [free-music-archive] (8)
[3517/5572] 'Youth Pictures of Florence Henderson' -> USED_BY [free-music-archive] (21)
[3518/5572] 'The Invasion' -> USED_BY [free-music-archive] (8)
[3519/5572] 'pretochines' -> USED_BY [free-music-archive] (8)
[3520/5572] 'Scrapple' -> USED_BY [free-music-archive] (8)
[3521/5572] 'La 6ème République' -> USED_BY [free-music-archive] (8)
[3522/5572] 'Wild Worm Web' -> USED_BY [free-music-archive] (8)
[3523/5572] 'Turnip King' -> USED_BY [free-music-archive] (8)
[3524/5572] '\u0418\u0417-\u041f\u041e\u0414 \u0417\u0415\u041c\u041b\u0418' ERROR: 'charmap' codec can't encode characters in position 13-14: character maps to <undefined>
[3525/5572] 'Little Ozzy & J. E. Frey' -> USED_BY [free-music-archive] (8)
[3526/5572] 'Virgin of the Birds' -> USED_BY [free-music-archive] (8)
[3527/5572] 'Mentz' -> USED_BY [free-music-archive] (8)
[3528/5572] 'B-film Ltd' -> USED_BY [free-music-archive] (8)
[3529/5572] 'GB pka Gâteaux Blasters' -> USED_BY [free-music-archive] (8)
[3530/5572] 'Zinger' -> USED_BY [free-music-archive] (8)
[3531/5572] 'Damn Dirty Apes' -> USED_BY [free-music-archive] (8)
[3532/5572] 'pH - Thomas Helton with Kevin Patton' -> USED_BY [free-music-archive] (8)
[3533/5572] 'Hands' -> USED_BY [free-music-archive] (8)
[3534/5572] 'Martins Rokis & Kaspars Groshevs' -> USED_BY [free-music-archive] (8)
[3535/5572] 'DIY-note' -> USED_BY [free-music-archive] (8)
[3536/5572] 'Amokdrang' -> USED_BY [free-music-archive] (8)
[3537/5572] 'ZAUS / .E.' -> USED_BY [free-music-archive] (8)
[3538/5572] '5unday5essions' -> USED_BY [free-music-archive] (8)
[3539/5572] 'Squelette de Georges' -> USED_BY [free-music-archive] (8)
[3540/5572] 'Zuhn' -> USED_BY [free-music-archive] (19)
[3541/5572] 'The Advanced Antennas' -> USED_BY [free-music-archive] (8)
[3542/5572] 'Debo Band' -> USED_BY [free-music-archive] (8)
[3543/5572] 'M.W.D.' -> USED_BY [free-music-archive] (8)
[3544/5572] 'PC Worship' -> USED_BY [free-music-archive] (8)
[3545/5572] 'Ergo Phizmiz and His Orchestra' -> USED_BY [free-music-archive] (567)
[3546/5572] 'Bronze Horse' -> USED_BY [free-music-archive] (8)
[3547/5572] 'Hogan Grip' -> USED_BY [free-music-archive] (8)
[3548/5572] 'Oval' -> USED_BY [free-music-archive] (39)
[3549/5572] 'Meczûp' -> USED_BY [free-music-archive] (8)
[3550/5572] 'Pure Hell' -> USED_BY [free-music-archive] (10)
[3551/5572] 'Sinewaves' -> USED_BY [free-music-archive] (8)
[3552/5572] 'My Family' -> USED_BY [free-music-archive] (8)
[3553/5572] 'Inlets' -> USED_BY [free-music-archive] (21)
[3554/5572] 'les Poivrons Rouges sur le Visage' -> USED_BY [free-music-archive] (8)
[3555/5572] 'Josie Davis' -> USED_BY [free-music-archive] (8)
[3556/5572] 'Matthew Sforcina & Lezet' -> USED_BY [free-music-archive] (8)
[3557/5572] 'Lilian Hak' -> USED_BY [free-music-archive] (10)
[3558/5572] 'Usine à Fleurs' -> USED_BY [free-music-archive] (8)
[3559/5572] 'Atman' -> USED_BY [free-music-archive] (8)
[3560/5572] 'Alma Yoray' -> USED_BY [free-music-archive] (8)
[3561/5572] 'Mikhail Lezin' -> USED_BY [free-music-archive] (8)
[3562/5572] 'Derek Spaldo' -> USED_BY [free-music-archive] (8)
[3563/5572] 'Dragon' -> USED_BY [free-music-archive] (8)
[3564/5572] 'Andy & Zeus' -> USED_BY [free-music-archive] (8)
[3565/5572] 'The Munitionettes' -> USED_BY [free-music-archive] (8)
[3566/5572] 'MWE' -> USED_BY [free-music-archive] (8)
[3567/5572] 'Jam Messengers' -> USED_BY [free-music-archive] (8)
[3568/5572] 'Lucy Foley' -> USED_BY [free-music-archive] (8)
[3569/5572] 'Workdogs' -> USED_BY [free-music-archive] (8)
[3570/5572] 'Occult Detective Club' -> USED_BY [free-music-archive] (8)
[3571/5572] 'Transmitters' -> USED_BY [free-music-archive] (8)
[3572/5572] 'Vibration Terrorists' -> USED_BY [free-music-archive] (8)
[3573/5572] 'Seth Guy' -> USED_BY [free-music-archive] (8)
[3574/5572] 'The Judy Blooms' -> USED_BY [free-music-archive] (8)
[3575/5572] 'I Killed' -> USED_BY [free-music-archive] (8)
[3576/5572] 'Traveling in Stereo' -> USED_BY [free-music-archive] (8)
[3577/5572] 'recompas' -> USED_BY [free-music-archive] (8)
[3578/5572] 'Emily Grantham' -> USED_BY [free-music-archive] (8)
[3579/5572] 'mitsuru shimizu' -> USED_BY [free-music-archive] (8)
[3580/5572] 'Vinnie Paternostro' -> USED_BY [free-music-archive] (8)
[3581/5572] 'Umanzuki' -> USED_BY [free-music-archive] (8)
[3582/5572] 'C.Strøm' -> USED_BY [free-music-archive] (8)
[3583/5572] 'Philippe Beer Gabel' -> USED_BY [free-music-archive] (8)
[3584/5572] 'Julien A. Lacroix' -> USED_BY [free-music-archive] (8)
[3585/5572] 'Bill Bissett' -> USED_BY [free-music-archive] (13)
[3586/5572] 'Junkie Brewster' -> USED_BY [free-music-archive] (8)
[3587/5572] 'Least Carpet' -> USED_BY [free-music-archive] (8)
[3588/5572] 'The Trolleyvox' -> USED_BY [free-music-archive] (8)
[3589/5572] 'Donkey' -> USED_BY [free-music-archive] (8)
[3590/5572] 'Jen Shyu' -> USED_BY [free-music-archive] (8)
[3591/5572] 'Igor Krutogolov' -> USED_BY [free-music-archive] (8)
[3592/5572] 'Slug Guts' -> USED_BY [free-music-archive] (8)
[3593/5572] 'Elks' -> USED_BY [free-music-archive] (8)
[3594/5572] 'Un Automne à Lob-nor' -> USED_BY [free-music-archive] (22)
[3595/5572] 'Aldo Becca' -> USED_BY [free-music-archive] (8)
[3596/5572] 'Tony Dubshot' -> USED_BY [free-music-archive] (8)
[3597/5572] 'Valentina Vuksic' -> USED_BY [free-music-archive] (8)
[3598/5572] 'El Klan de los Dedeté' -> USED_BY [free-music-archive] (120)
[3599/5572] 'Burdeos' -> USED_BY [free-music-archive] (8)
[3600/5572] 'Audrey Chen' -> USED_BY [free-music-archive] (10)
[3601/5572] 'The Dark Brothers' -> USED_BY [free-music-archive] (8)
[3602/5572] 'V.Majestic' -> USED_BY [free-music-archive] (8)
[3603/5572] 'Le Chômage' -> USED_BY [free-music-archive] (9)
[3604/5572] 'Sexteto Tabalá de Palenque' -> USED_BY [free-music-archive] (8)
[3605/5572] 'Ivana XL' -> USED_BY [free-music-archive] (8)
[3606/5572] 'The Suzan' -> USED_BY [free-music-archive] (11)
[3607/5572] 'Wanda Group' -> USED_BY [free-music-archive] (9)
[3608/5572] 'ProleteR' -> USED_BY [free-music-archive] (97)
[3609/5572] 'Los Sundayers' -> USED_BY [free-music-archive] (8)
[3610/5572] 'Driftback' -> USED_BY [free-music-archive] (8)
[3611/5572] 'Ylajali' -> USED_BY [free-music-archive] (8)
[3612/5572] 'Broke n phono' -> USED_BY [free-music-archive] (8)
[3613/5572] 'Chotto Ghetto' -> USED_BY [free-music-archive] (8)
[3614/5572] 'Srch Party' -> USED_BY [free-music-archive] (8)
[3615/5572] 'Peacock Ball' -> USED_BY [free-music-archive] (8)
[3616/5572] 'Los Mirnuls' -> USED_BY [free-music-archive] (8)
[3617/5572] "Fiver's Stereo" -> USED_BY [free-music-archive] (8)
[3618/5572] 'David Harrow meets Dr Dub' -> USED_BY [free-music-archive] (8)
[3619/5572] 'Taseh' -> USED_BY [free-music-archive] (8)
[3620/5572] 'Ø+yn' -> USED_BY [free-music-archive] (9)
[3621/5572] 'Mi Nave' -> USED_BY [free-music-archive] (29)
[3622/5572] 'XL Kings' -> USED_BY [free-music-archive] (8)
[3623/5572] 'Franco Luzzi' -> USED_BY [free-music-archive] (8)
[3624/5572] 'Lulacruza' -> USED_BY [free-music-archive] (80)
[3625/5572] 'vicbang' -> USED_BY [free-music-archive] (8)
[3626/5572] 'Pk jazz collective & Pavkashavet Bantut' -> USED_BY [free-music-archive] (8)
[3627/5572] 'Kris Keyser' -> USED_BY [free-music-archive] (8)
[3628/5572] 'Shaun Robert' -> USED_BY [free-music-archive] (8)
[3629/5572] 'Streets Beggars' -> USED_BY [free-music-archive] (8)
[3630/5572] 'The Craters' -> USED_BY [free-music-archive] (8)
[3631/5572] 'Edu Comelles' -> USED_BY [free-music-archive] (8)
[3632/5572] 'HYMnEYE' -> USED_BY [free-music-archive] (8)
[3633/5572] 'Pampers' -> USED_BY [free-music-archive] (8)
[3634/5572] 'aquarelle' -> USED_BY [free-music-archive] (8)
[3635/5572] 'The Mystery Artist' -> USED_BY [free-music-archive] (8)
[3636/5572] 'The Owl' -> USED_BY [free-music-archive] (8)
[3637/5572] 'Réelle' -> USED_BY [free-music-archive] (8)
[3638/5572] 'Gabales' -> USED_BY [free-music-archive] (8)
[3639/5572] 'N3rgul' -> USED_BY [free-music-archive] (8)
[3640/5572] "Il Culto dell'Annientamento" -> USED_BY [free-music-archive] (8)
[3641/5572] 'Giant Gutter from Outer Space' -> USED_BY [free-music-archive] (13)
[3642/5572] 'The Lopez' -> USED_BY [free-music-archive] (8)
[3643/5572] 'Scott Jacobs' -> USED_BY [free-music-archive] (8)
[3644/5572] 'Subset' -> USED_BY [free-music-archive] (9)
[3645/5572] 'Free Your Drumbs' -> USED_BY [free-music-archive] (8)
[3646/5572] 'Tomydeepestago' -> USED_BY [free-music-archive] (8)
[3647/5572] 'F.R.O.D' -> USED_BY [free-music-archive] (8)
[3648/5572] 'Andrew Odd' -> USED_BY [free-music-archive] (8)
[3649/5572] 'Bipolar Metronome' -> USED_BY [free-music-archive] (8)
[3650/5572] 'Odaibe' -> USED_BY [free-music-archive] (8)
[3651/5572] 'Oh No Nuno!' -> USED_BY [free-music-archive] (8)
[3652/5572] 'Second Couteau' -> USED_BY [free-music-archive] (8)
[3653/5572] 'Raez' -> USED_BY [free-music-archive] (8)
[3654/5572] 'Punks on Mars' -> USED_BY [free-music-archive] (8)
[3655/5572] 'Caymans' -> USED_BY [free-music-archive] (8)
[3656/5572] 'The New Lines' -> USED_BY [free-music-archive] (8)
[3657/5572] 'Mercury Girls' -> USED_BY [free-music-archive] (8)
[3658/5572] 'The Choke' -> USED_BY [free-music-archive] (7)
[3659/5572] 'Wild Carnation' -> USED_BY [free-music-archive] (7)
[3660/5572] 'Cleft' -> USED_BY [free-music-archive] (7)
[3661/5572] 'Telecult Powers' -> USED_BY [free-music-archive] (7)
[3662/5572] 'Delta Dreambox' -> USED_BY [free-music-archive] (7)
[3663/5572] 'Metal Rouge' -> USED_BY [free-music-archive] (8)
[3664/5572] 'Bear is Driving' -> USED_BY [free-music-archive] (9)
[3665/5572] 'The Styrenes' -> USED_BY [free-music-archive] (8)
[3666/5572] 'Single Bullet Theory' -> USED_BY [free-music-archive] (7)
[3667/5572] 'Kurt Vile' -> USED_BY [free-music-archive] (229)
[3668/5572] 'Gang Wizard' -> USED_BY [free-music-archive] (7)
[3669/5572] "Little Howlin' Wolf" -> USED_BY [free-music-archive] (7)
[3670/5572] 'Pocahaunted' -> USED_BY [free-music-archive] (7)
[3671/5572] 'Samara Lubelski' -> USED_BY [free-music-archive] (8)
[3672/5572] 'Snacks' -> USED_BY [free-music-archive] (7)
[3673/5572] 'Spires That in the Sunset Rise' -> USED_BY [free-music-archive] (13)
[3674/5572] 'Apache' -> USED_BY [free-music-archive] (7)
[3675/5572] 'Indian Jewelry' -> USED_BY [free-music-archive] (13)
[3676/5572] 'Kinski' -> USED_BY [free-music-archive] (11)
[3677/5572] 'Laws of Gravity' -> USED_BY [free-music-archive] (7)
[3678/5572] 'The Bristles' -> USED_BY [free-music-archive] (7)
[3679/5572] 'The Embrooks' -> USED_BY [free-music-archive] (7)
[3680/5572] 'Tom Carter' -> USED_BY [free-music-archive] (7)
[3681/5572] 'Urinals' -> USED_BY [free-music-archive] (29)
[3682/5572] 'Parts and Labor' -> USED_BY [free-music-archive] (7)
[3683/5572] 'Frigg A Go Go (F.A.G.G.)' -> USED_BY [free-music-archive] (7)
[3684/5572] 'Blues Control' -> USED_BY [free-music-archive] (12)
[3685/5572] 'David Kilgour' -> USED_BY [free-music-archive] (13)
[3686/5572] 'Sunbyrn' -> USED_BY [free-music-archive] (7)
[3687/5572] 'The Borromeo String Quartet' -> USED_BY [free-music-archive] (10)
[3688/5572] 'The Aperion Project' -> USED_BY [free-music-archive] (7)
[3689/5572] 'Tournament' -> USED_BY [free-music-archive] (7)
[3690/5572] 'Mishoo the Drumkit' -> USED_BY [free-music-archive] (7)
[3691/5572] '3Sacchetti' -> USED_BY [free-music-archive] (7)
[3692/5572] 'Micoland & Holly Bretton' -> USED_BY [free-music-archive] (7)
[3693/5572] 'DJ Donna Summer' -> USED_BY [free-music-archive] (14)
[3694/5572] 'Donna Summer' -> USED_BY [free-music-archive] (14)
[3695/5572] 'Asa Ransom' -> USED_BY [free-music-archive] (7)
[3696/5572] 'gwEm' -> USED_BY [free-music-archive] (9)
[3697/5572] 'Counter Reset' -> USED_BY [free-music-archive] (8)
[3698/5572] 'Uncle Woody Sullender and Kevin Davis' -> USED_BY [free-music-archive] (7)
[3699/5572] 'Pierre de Gaillande' -> USED_BY [free-music-archive] (17)
[3700/5572] 'Rivulets' -> USED_BY [free-music-archive] (7)
[3701/5572] 'Antique Phonograph Music Program [Various Artists]' -> USED_BY [free-music-archive] (7)
[3702/5572] 'John Ellis' -> USED_BY [free-music-archive] (7)
[3703/5572] 'Owltree' -> USED_BY [free-music-archive] (7)
[3704/5572] 'Loren MazzaCane Connors' -> USED_BY [free-music-archive] (188)
[3705/5572] 'Total Abuse' -> USED_BY [free-music-archive] (7)
[3706/5572] 'Cro Magnon' -> USED_BY [free-music-archive] (9)
[3707/5572] 'Curtis Hasselbring' -> USED_BY [free-music-archive] (7)
[3708/5572] 'Twin Stumps' -> USED_BY [free-music-archive] (7)
[3709/5572] 'Factor6' -> USED_BY [free-music-archive] (7)
[3710/5572] 'Dark Meat' -> USED_BY [free-music-archive] (7)
[3711/5572] 'Gato Loco de Bajo' -> USED_BY [free-music-archive] (7)
[3712/5572] 'Anavan' -> USED_BY [free-music-archive] (8)
[3713/5572] 'Saskrotch' -> USED_BY [free-music-archive] (7)
[3714/5572] 'Zan-zan-zawa-veia' -> USED_BY [free-music-archive] (7)
[3715/5572] 'Fresh Body Shop' -> USED_BY [free-music-archive] (27)
[3716/5572] 'The Hardliner' -> USED_BY [free-music-archive] (7)
[3717/5572] 'Alexander Turnquist' -> USED_BY [free-music-archive] (7)
[3718/5572] 'Iad' -> USED_BY [free-music-archive] (8)
[3719/5572] 'Lover!' -> USED_BY [free-music-archive] (7)
[3720/5572] 'Glass Candy and the Shattered Theatre' -> USED_BY [free-music-archive] (93)
[3721/5572] 'Magic Christian' -> USED_BY [free-music-archive] (7)
[3722/5572] 'Songs of Norway' -> USED_BY [free-music-archive] (7)
[3723/5572] 'MC Firedrill' -> USED_BY [free-music-archive] (7)
[3724/5572] 'The Lost Demension' -> USED_BY [free-music-archive] (7)
[3725/5572] 'The Unholy Two' -> USED_BY [free-music-archive] (7)
[3726/5572] "Carla Bozulich's Evangelista" -> USED_BY [free-music-archive] (7)
[3727/5572] 'Tombs' -> USED_BY [free-music-archive] (26)
[3728/5572] 'Michael Jordan' -> USED_BY [free-music-archive] (7)
[3729/5572] 'The Homosexuals' -> USED_BY [free-music-archive] (8)
[3730/5572] 'Henry Burr' -> USED_BY [free-music-archive] (13)
[3731/5572] 'Billy Childish' -> USED_BY [free-music-archive] (29)
[3732/5572] 'The Priscillas' -> USED_BY [free-music-archive] (7)
[3733/5572] 'Mr. Spastic' -> USED_BY [free-music-archive] (23)
[3734/5572] 'Nite Jewel' -> USED_BY [free-music-archive] (114)
[3735/5572] 'Pulse Emitter' -> USED_BY [free-music-archive] (27)
[3736/5572] 'Sid Peacock' -> USED_BY [free-music-archive] (7)
[3737/5572] 'Rominger' -> USED_BY [free-music-archive] (7)
[3738/5572] 'Tinyfolk' -> USED_BY [free-music-archive] (7)
[3739/5572] 'Anagramm' -> USED_BY [free-music-archive] (7)
[3740/5572] 'Qulfus' -> USED_BY [free-music-archive] (7)
[3741/5572] 'Peelander-Z' -> USED_BY [free-music-archive] (26)
[3742/5572] 'Clockcleaner' -> USED_BY [free-music-archive] (7)
[3743/5572] 'The Rebel' -> USED_BY [free-music-archive] (7)
[3744/5572] 'P.G. Six' -> USED_BY [free-music-archive] (8)
[3745/5572] 'Amolvacy' -> USED_BY [free-music-archive] (7)
[3746/5572] 'Suishou no Fune' -> USED_BY [free-music-archive] (7)
[3747/5572] 'Lanark' -> USED_BY [free-music-archive] (7)
[3748/5572] 'Lullabelle' -> USED_BY [free-music-archive] (7)
[3749/5572] 'The Golden Hours' -> USED_BY [free-music-archive] (7)
[3750/5572] 'Cordero' -> USED_BY [free-music-archive] (13)
[3751/5572] 'A Hawk and a Hacksaw' -> USED_BY [free-music-archive] (18)
[3752/5572] 'Harlequinade' -> USED_BY [free-music-archive] (8)
[3753/5572] 'Tickle' -> USED_BY [free-music-archive] (7)
[3754/5572] 'TAKANAKUY' -> USED_BY [free-music-archive] (7)
[3755/5572] '_Algol_' -> USED_BY [free-music-archive] (7)
[3756/5572] 'Roberto Maldoror Manfredini' -> USED_BY [free-music-archive] (7)
[3757/5572] 'VISITORS' -> USED_BY [free-music-archive] (7)
[3758/5572] 'Dustmotes' -> USED_BY [free-music-archive] (32)
[3759/5572] 'Moonove' -> USED_BY [free-music-archive] (8)
[3760/5572] 'Rooster Tail' -> USED_BY [free-music-archive] (7)
[3761/5572] 'Royce Icon' -> USED_BY [free-music-archive] (7)
[3762/5572] 'shapes and monsters' -> USED_BY [free-music-archive] (7)
[3763/5572] 'lithis' -> USED_BY [free-music-archive] (7)
[3764/5572] 'Lackthrow' -> USED_BY [free-music-archive] (7)
[3765/5572] 'dagshenma' -> USED_BY [free-music-archive] (7)
[3766/5572] 'lucie vítková' -> USED_BY [free-music-archive] (7)
[3767/5572] 'Matt Sowell' -> USED_BY [free-music-archive] (7)
[3768/5572] 'jim lace / alex nova' -> USED_BY [free-music-archive] (7)
[3769/5572] 'Dead Leaf Echo' -> USED_BY [free-music-archive] (7)
[3770/5572] 'andrés elstein' -> USED_BY [free-music-archive] (7)
[3771/5572] 'Krabatof Philharmonic Orchestra' -> USED_BY [free-music-archive] (7)
[3772/5572] 'Elli Q' -> USED_BY [free-music-archive] (7)
[3773/5572] 'pHoaming Edison' -> USED_BY [free-music-archive] (7)
[3774/5572] 'When Particles Collide' -> USED_BY [free-music-archive] (44)
[3775/5572] 'Yeah You' -> USED_BY [free-music-archive] (7)
[3776/5572] 'Mess.' -> USED_BY [free-music-archive] (7)
[3777/5572] 'Valerie Gentile' -> USED_BY [free-music-archive] (7)
[3778/5572] 'Vanya Zhuk' -> USED_BY [free-music-archive] (7)
[3779/5572] 'CROCODILE TEARS' -> USED_BY [free-music-archive] (7)
[3780/5572] "Alec's Band" -> USED_BY [free-music-archive] (7)
[3781/5572] 'Lovira' -> USED_BY [free-music-archive] (7)
[3782/5572] "Hector's Pets" -> USED_BY [free-music-archive] (7)
[3783/5572] 'Jamod Allah' -> USED_BY [free-music-archive] (7)
[3784/5572] 'Désir Decir' -> USED_BY [free-music-archive] (7)
[3785/5572] 'Winkie' -> USED_BY [free-music-archive] (7)
[3786/5572] 'intouchwithrobots' -> USED_BY [free-music-archive] (33)
[3787/5572] 'Nearfield' -> USED_BY [free-music-archive] (7)
[3788/5572] 'Ballroom' -> USED_BY [free-music-archive] (7)
[3789/5572] 'Radiana' -> USED_BY [free-music-archive] (7)
[3790/5572] 'eduardo f. rosario' -> USED_BY [free-music-archive] (7)
[3791/5572] 'The Number Ones' -> USED_BY [free-music-archive] (9)
[3792/5572] 'Sondra Sun-Odeon' -> USED_BY [free-music-archive] (7)
[3793/5572] 'Sloan' -> USED_BY [free-music-archive] (255)
[3794/5572] 'Ex Hex' -> USED_BY [free-music-archive] (56)
[3795/5572] 'ToTaL CrAnE' -> USED_BY [free-music-archive] (7)
[3796/5572] 'Anamoli' -> USED_BY [free-music-archive] (7)
[3797/5572] 'statusq' -> USED_BY [free-music-archive] (7)
[3798/5572] 'Carrie Newcomer' -> USED_BY [free-music-archive] (27)
[3799/5572] 'KL Sealegs' -> USED_BY [free-music-archive] (7)
[3800/5572] 'The Cats' -> USED_BY [free-music-archive] (7)
[3801/5572] 'I Re della Spiaggia' -> USED_BY [free-music-archive] (7)
[3802/5572] 'ant dickinson' -> USED_BY [free-music-archive] (7)
[3803/5572] 'Mamá Burger' -> USED_BY [free-music-archive] (7)
[3804/5572] 'DM & MM' -> USED_BY [free-music-archive] (7)
[3805/5572] 'Acid Eye' -> USED_BY [free-music-archive] (7)
[3806/5572] 'Blato Zlato' -> USED_BY [free-music-archive] (7)
[3807/5572] 'Zoliborz' -> USED_BY [free-music-archive] (7)
[3808/5572] 'Arthur Grossman' -> USED_BY [free-music-archive] (7)
[3809/5572] 'M4T' -> USED_BY [free-music-archive] (7)
[3810/5572] 'El\u0335T\u0204RRO\u0362R' ERROR: 'charmap' codec can't encode character '\u0335' in position 15: character maps to <undefined>
[3811/5572] "Beggar's Velvet" -> USED_BY [free-music-archive] (7)
[3812/5572] 'Entia' -> USED_BY [free-music-archive] (7)
[3813/5572] 'The Achtungs' -> USED_BY [free-music-archive] (7)
[3814/5572] 'Luciernaga' -> USED_BY [free-music-archive] (7)
[3815/5572] 'Toxic Water' -> USED_BY [free-music-archive] (7)
[3816/5572] 'Mrs. Grossman (& Monty)' -> USED_BY [free-music-archive] (7)
[3817/5572] 'Potrzebowski and McMillan and Company' -> USED_BY [free-music-archive] (7)
[3818/5572] 'gordiani' -> USED_BY [free-music-archive] (7)
[3819/5572] 'Super Mountain Bike Brothers' -> USED_BY [free-music-archive] (7)
[3820/5572] 'Cold Beat' -> USED_BY [free-music-archive] (12)
[3821/5572] 'James Joshua Otto' -> USED_BY [free-music-archive] (20)
[3822/5572] 'Mikal Cronin' -> USED_BY [free-music-archive] (106)
[3823/5572] 'Birdstriking' -> USED_BY [free-music-archive] (7)
[3824/5572] 'Monk Parker' -> USED_BY [free-music-archive] (7)
[3825/5572] 'The Black Penguins' -> USED_BY [free-music-archive] (7)
[3826/5572] 'Stereoshape' -> USED_BY [free-music-archive] (7)
[3827/5572] 'Unstoppable Death Machines' -> USED_BY [free-music-archive] (10)
[3828/5572] 'The Mess Around' -> USED_BY [free-music-archive] (7)
[3829/5572] 'Golden Boys' -> USED_BY [free-music-archive] (7)
[3830/5572] 'Pink Reason' -> USED_BY [free-music-archive] (7)
[3831/5572] 'Gap Dream' -> USED_BY [free-music-archive] (20)
[3832/5572] 'Phoniandflore' -> USED_BY [free-music-archive] (7)
[3833/5572] 'Hounds of Hate' -> USED_BY [free-music-archive] (17)
[3834/5572] 'Marco Trovatello' -> USED_BY [free-music-archive] (7)
[3835/5572] 'Radio Royal' -> USED_BY [free-music-archive] (7)
[3836/5572] 'Aboombong' -> USED_BY [free-music-archive] (23)
[3837/5572] 'Onyx System' -> USED_BY [free-music-archive] (7)
[3838/5572] 'Square People' -> USED_BY [free-music-archive] (7)
[3839/5572] 'Summons of Shining Ruins' -> USED_BY [free-music-archive] (7)
[3840/5572] 'raw zombiez' -> USED_BY [free-music-archive] (7)
[3841/5572] 'ilkobra' -> USED_BY [free-music-archive] (7)
[3842/5572] 'Triple Hex' -> USED_BY [free-music-archive] (7)
[3843/5572] 'Ex-Cult' -> USED_BY [free-music-archive] (14)
[3844/5572] 'The Relatives' -> USED_BY [free-music-archive] (7)
[3845/5572] 'Fried Moura' -> USED_BY [free-music-archive] (7)
[3846/5572] 'DJ Dog Dick' -> USED_BY [free-music-archive] (7)
[3847/5572] 'The Antti Jädertpolm Quartet' -> USED_BY [free-music-archive] (7)
[3848/5572] 'Linden Killam' -> USED_BY [free-music-archive] (7)
[3849/5572] 'Nebulo' -> USED_BY [free-music-archive] (8)
[3850/5572] 'Riverhorse' -> USED_BY [free-music-archive] (7)
[3851/5572] 'Mice Parade' -> USED_BY [free-music-archive] (25)
[3852/5572] 'Omyiga' -> USED_BY [free-music-archive] (7)
[3853/5572] 'SPIEDKIKS' -> USED_BY [free-music-archive] (23)
[3854/5572] 'David Fenech' -> USED_BY [free-music-archive] (7)
[3855/5572] 'Anonymous' -> USED_BY [free-music-archive] (1329)
[3856/5572] 'Damián Taveira' -> USED_BY [free-music-archive] (7)
[3857/5572] 'No Guru' -> USED_BY [free-music-archive] (7)
[3858/5572] 'Sugar Overdose' -> USED_BY [free-music-archive] (7)
[3859/5572] 'Eletrólise' -> USED_BY [free-music-archive] (7)
[3860/5572] 'Galleon' -> USED_BY [free-music-archive] (7)
[3861/5572] 'Mouthbreathers' -> USED_BY [free-music-archive] (7)
[3862/5572] 'Ricky Brugal' -> USED_BY [free-music-archive] (7)
[3863/5572] 'Nymph' -> USED_BY [free-music-archive] (7)
[3864/5572] 'Syndrôm & Kendall WA' -> USED_BY [free-music-archive] (7)
[3865/5572] 'Strom An/Ein/Aus Fall' -> USED_BY [free-music-archive] (7)
[3866/5572] 'Mary Shelley & The Implicit Order' -> USED_BY [free-music-archive] (7)
[3867/5572] 'I vs. Nature' -> USED_BY [free-music-archive] (7)
[3868/5572] 'Magnets' -> USED_BY [free-music-archive] (7)
[3869/5572] 'Cherubim' -> USED_BY [free-music-archive] (7)
[3870/5572] 'Trash Ride' -> USED_BY [free-music-archive] (7)
[3872/5572] 'Anthony Donovan' -> USED_BY [free-music-archive] (9)
[3873/5572] 'Sonervol' -> USED_BY [free-music-archive] (7)
[3874/5572] 'Oscar Myer' -> USED_BY [free-music-archive] (7)
[3875/5572] 'Mário Gajarský' -> USED_BY [free-music-archive] (7)
[3876/5572] 'Audacity' -> USED_BY [free-music-archive] (12)
[3877/5572] 'Boiar' -> USED_BY [free-music-archive] (7)
[3878/5572] 'Carlos Valverde' -> USED_BY [free-music-archive] (7)
[3879/5572] 'Noir Boy George' -> USED_BY [free-music-archive] (10)
[3880/5572] 'The Wingdale Community Singers' -> USED_BY [free-music-archive] (7)
[3881/5572] 'violin' -> NONE
[3882/5572] 'Overnight Lows' -> USED_BY [free-music-archive] (7)
[3883/5572] 'Ten Thousand Hours' -> USED_BY [free-music-archive] (7)
[3884/5572] 'Le Mal' -> USED_BY [free-music-archive] (7)
[3885/5572] 'Os Trasnos de Moscoso' -> USED_BY [free-music-archive] (7)
[3886/5572] 'In Isolation' -> USED_BY [free-music-archive] (7)
[3887/5572] 'Montgomery Clunk' -> USED_BY [free-music-archive] (7)
[3888/5572] 'Fasenuova' -> USED_BY [free-music-archive] (7)
[3889/5572] 'Lady Piss' -> USED_BY [free-music-archive] (7)
[3890/5572] 'Matthew Mullane' -> USED_BY [free-music-archive] (7)
[3891/5572] 'Mal(A.Ventura)2' -> USED_BY [free-music-archive] (7)
[3892/5572] 'Full Blush' -> USED_BY [free-music-archive] (7)
[3893/5572] 'Peter Kowald' -> USED_BY [free-music-archive] (7)
[3894/5572] 'Zounds' -> USED_BY [free-music-archive] (49)
[3895/5572] 'masonik' -> USED_BY [free-music-archive] (7)
[3896/5572] 'Alan Watts' -> USED_BY [free-music-archive] (7)
[3897/5572] 'Di Bos' -> USED_BY [free-music-archive] (7)
[3898/5572] 'The Might Could' -> USED_BY [free-music-archive] (7)
[3899/5572] 'The Atlas Room' -> USED_BY [free-music-archive] (7)
[3900/5572] 'Scissor Lock' -> USED_BY [free-music-archive] (7)
[3901/5572] 'coverclub.nl' -> USED_BY [free-music-archive] (7)
[3902/5572] 'Minus' -> USED_BY [free-music-archive] (7)
[3903/5572] 'Wizards Of Oi' -> USED_BY [free-music-archive] (7)
[3904/5572] 'Muscles of Joy' -> USED_BY [free-music-archive] (7)
[3905/5572] 'ÂTE' -> USED_BY [free-music-archive] (7)
[3906/5572] 'Yerri' -> USED_BY [free-music-archive] (7)
[3907/5572] 'Pedra Branca' -> USED_BY [free-music-archive] (123)
[3908/5572] 'Arponera' -> USED_BY [free-music-archive] (7)
[3909/5572] 'EUS' -> USED_BY [free-music-archive] (7)
[3910/5572] 'Flux Bikes' -> USED_BY [free-music-archive] (7)
[3911/5572] 'Missqulater' -> USED_BY [free-music-archive] (7)
[3912/5572] 'Daniel Bachman' -> USED_BY [free-music-archive] (23)
[3913/5572] 'Jerome Faria' -> USED_BY [free-music-archive] (7)
[3914/5572] 'Marisa Anderson' -> USED_BY [free-music-archive] (39)
[3915/5572] 'Disappears' -> USED_BY [free-music-archive] (7)
[3916/5572] 'Freakapuss' -> USED_BY [free-music-archive] (7)
[3917/5572] 'Andrea' -> USED_BY [free-music-archive] (10)
[3918/5572] 'Quantum Jazz' -> USED_BY [free-music-archive] (7)
[3919/5572] 'Emma Acs' -> USED_BY [free-music-archive] (14)
[3920/5572] 'Roomrunner' -> USED_BY [free-music-archive] (7)
[3921/5572] 'Luminous in Nummer' -> USED_BY [free-music-archive] (7)
[3922/5572] 'Mark Sultan' -> USED_BY [free-music-archive] (9)
[3923/5572] 'Pregnant' -> USED_BY [free-music-archive] (27)
[3924/5572] 'Punkasila' -> USED_BY [free-music-archive] (7)
[3925/5572] 'Musicians from Marlboro' -> USED_BY [free-music-archive] (7)
[3926/5572] 'The Indecent' -> USED_BY [free-music-archive] (11)
[3927/5572] 'coda+e.p' -> USED_BY [free-music-archive] (7)
[3928/5572] 'Tobetozero' -> USED_BY [free-music-archive] (7)
[3929/5572] 'Elisa Luu' -> USED_BY [free-music-archive] (7)
[3930/5572] 'Afrika Pseudobruitismus' -> USED_BY [free-music-archive] (7)
[3931/5572] 'Kharkov' -> USED_BY [free-music-archive] (7)
[3932/5572] 'Shaved Women' -> USED_BY [free-music-archive] (7)
[3933/5572] 'Tyrannic Toy' -> USED_BY [free-music-archive] (7)
[3934/5572] 'Alien Pornography' -> USED_BY [free-music-archive] (7)
[3935/5572] 'Piacente & De Angelis' -> USED_BY [free-music-archive] (7)
[3936/5572] 'Sonny & the Sunsets' -> USED_BY [free-music-archive] (122)
[3937/5572] 'Diamond Terrifier' -> USED_BY [free-music-archive] (7)
[3938/5572] 'Six Umbrellas' -> USED_BY [free-music-archive] (7)
[3939/5572] 'James William Hindle' -> USED_BY [free-music-archive] (9)
[3940/5572] 'Neutral Fixation' -> USED_BY [free-music-archive] (7)
[3941/5572] 'Janneh' -> USED_BY [free-music-archive] (8)
[3942/5572] 'Texture' -> USED_BY [free-music-archive] (7)
[3943/5572] 'Connie Acher' -> USED_BY [free-music-archive] (7)
[3944/5572] 'Couch Slut' -> USED_BY [free-music-archive] (29)
[3945/5572] 'Bridget St John' -> USED_BY [free-music-archive] (7)
[3946/5572] 'whyouarei' -> USED_BY [free-music-archive] (7)
[3947/5572] 'The Ar-Kaics' -> USED_BY [free-music-archive] (7)
[3948/5572] 'PMS and the Mood Swings' -> USED_BY [free-music-archive] (7)
[3949/5572] 'Ozum Itez' -> USED_BY [free-music-archive] (7)
[3950/5572] 'Flexion B' -> USED_BY [free-music-archive] (7)
[3951/5572] 'Six Organs of Admittance' -> USED_BY [free-music-archive] (169)
[3952/5572] 'Lazlo Supreme' -> USED_BY [free-music-archive] (7)
[3953/5572] 'Luke Pigott' -> USED_BY [free-music-archive] (7)
[3954/5572] 'Zé Trigueiros' -> USED_BY [free-music-archive] (7)
[3955/5572] 'Martin Auer' -> USED_BY [free-music-archive] (7)
[3956/5572] 'DYR FASER' -> USED_BY [free-music-archive] (7)
[3957/5572] 'Red This Ever' -> USED_BY [free-music-archive] (7)
[3959/5572] 'Thorn1' -> USED_BY [free-music-archive] (7)
[3960/5572] 'daniel barbiero' -> USED_BY [free-music-archive] (39)
[3961/5572] 'ken moore' -> USED_BY [free-music-archive] (7)
[3962/5572] 'Scott Lawlor' -> USED_BY [free-music-archive] (14)
[3963/5572] 'Philippa Dowding' -> USED_BY [free-music-archive] (7)
[3964/5572] 'staraya derevnya' -> USED_BY [free-music-archive] (7)
[3965/5572] 'Sinapsi' -> USED_BY [free-music-archive] (7)
[3966/5572] 'ykymr' -> USED_BY [free-music-archive] (7)
[3967/5572] 'URODI POD VODOI' -> USED_BY [free-music-archive] (7)
[3968/5572] 'Ido Bukelman' -> USED_BY [free-music-archive] (7)
[3969/5572] 'Beat.Dowsing' -> USED_BY [free-music-archive] (27)
[3970/5572] 'Fabio Keiner' -> USED_BY [free-music-archive] (7)
[3971/5572] 'The Audacity' -> USED_BY [free-music-archive] (7)
[3972/5572] 'Tony Conrad' -> USED_BY [free-music-archive] (17)
[3973/5572] 'Big White' -> USED_BY [free-music-archive] (7)
[3974/5572] 'William Spivey' -> USED_BY [free-music-archive] (7)
[3975/5572] 'NITWIT' -> USED_BY [free-music-archive] (7)
[3976/5572] 'Leon Lishner' -> USED_BY [free-music-archive] (7)
[3977/5572] 'Peach Kelli Pop' -> USED_BY [free-music-archive] (34)
[3978/5572] 'The Unspeakable Practices' -> USED_BY [free-music-archive] (7)
[3979/5572] 'Marsel Minga' -> USED_BY [free-music-archive] (7)
[3980/5572] 'La Venganza de Cheetara' -> USED_BY [free-music-archive] (8)
[3981/5572] 'Nature' -> USED_BY [free-music-archive] (9)
[3982/5572] 'Liz Toonkel' -> USED_BY [free-music-archive] (7)
[3983/5572] 'Mélissa Laveaux' -> USED_BY [free-music-archive] (74)
[3984/5572] 'ANGKA' -> USED_BY [free-music-archive] (7)
[3985/5572] 'Melaena Cadiz' -> USED_BY [free-music-archive] (19)
[3986/5572] 'Sparagmos' -> USED_BY [free-music-archive] (7)
[3987/5572] 'Ken Fury' -> USED_BY [free-music-archive] (7)
[3988/5572] 'Bueno' -> USED_BY [free-music-archive] (20)
[3989/5572] 'Bounar' -> USED_BY [free-music-archive] (7)
[3990/5572] 'NoHuman' -> USED_BY [free-music-archive] (7)
[3991/5572] 'Strawberry Blonde' -> USED_BY [free-music-archive] (7)
[3992/5572] 'Kuso' -> USED_BY [free-music-archive] (7)
[3993/5572] 'The Wilful Boys' -> USED_BY [free-music-archive] (7)
[3994/5572] 'Aitua' -> USED_BY [free-music-archive] (8)
[3995/5572] 'Dunai' -> USED_BY [free-music-archive] (7)
[3996/5572] 'TA2MI' -> USED_BY [free-music-archive] (7)
[3997/5572] 'S-21' -> USED_BY [free-music-archive] (7)
[3998/5572] 'Oz Alchemist' -> USED_BY [free-music-archive] (7)
[3999/5572] 'jii music' -> USED_BY [free-music-archive] (8)
[4000/5572] 'Enrico Falbo' -> USED_BY [free-music-archive] (7)
[4001/5572] 'K1r Loco' -> USED_BY [free-music-archive] (7)
[4002/5572] 'Peter Lyster' -> USED_BY [free-music-archive] (7)
[4003/5572] 'Convivial Cannibal' -> USED_BY [free-music-archive] (7)
[4004/5572] 'Zaz Zetoun Mind' -> USED_BY [free-music-archive] (7)
[4005/5572] 'Syntactic' -> USED_BY [free-music-archive] (7)
[4006/5572] 'Tim Evans' -> USED_BY [free-music-archive] (7)
[4007/5572] 'Gino and the Goons' -> USED_BY [free-music-archive] (8)
[4008/5572] 'The Coathangers' -> USED_BY [free-music-archive] (135)
[4009/5572] 'ROW' -> USED_BY [free-music-archive] (7)
[4010/5572] 'Terratombats' -> USED_BY [free-music-archive] (7)
[4011/5572] 'Kaz Mirblouk' -> USED_BY [free-music-archive] (14)
[4012/5572] 'Lauren Sarah Hayes' -> USED_BY [free-music-archive] (7)
[4013/5572] 'Hurry Up' -> USED_BY [free-music-archive] (8)
[4014/5572] 'The Citadel' -> USED_BY [free-music-archive] (7)
[4015/5572] 'Luce Lutu' -> USED_BY [free-music-archive] (7)
[4016/5572] 'Thee Virginal Brides' -> USED_BY [free-music-archive] (7)
[4017/5572] 'Fiorella 16' -> USED_BY [free-music-archive] (7)
[4018/5572] 'Golden Grey' -> USED_BY [free-music-archive] (7)
[4019/5572] 'Eter Dub' -> USED_BY [free-music-archive] (7)
[4020/5572] 'A-Grav Lab' -> USED_BY [free-music-archive] (7)
[4021/5572] 'Scattered Order' -> USED_BY [free-music-archive] (8)
[4022/5572] "Yellow Salamand'r" -> USED_BY [free-music-archive] (7)
[4023/5572] 'Controlled Bleeding' -> USED_BY [free-music-archive] (25)
[4024/5572] 'Bram Nelson' -> USED_BY [free-music-archive] (7)
[4025/5572] 'Spectre Folk' -> USED_BY [free-music-archive] (7)
[4026/5572] 'Le Club Des Chat' -> USED_BY [free-music-archive] (19)
[4027/5572] 'Barcelona Afrobeat International Orchestra' -> USED_BY [free-music-archive] (7)
[4028/5572] 'Antennas Erupt!' -> USED_BY [free-music-archive] (7)
[4029/5572] 'Loucy Louder' -> USED_BY [free-music-archive] (7)
[4030/5572] 'Fenderchet' -> USED_BY [free-music-archive] (7)
[4031/5572] 'Astrowind' -> USED_BY [free-music-archive] (7)
[4032/5572] 'Reminiscence' -> USED_BY [free-music-archive] (7)
[4033/5572] 'Bam Bam' -> USED_BY [free-music-archive] (8)
[4034/5572] 'Lagos Disco Machine' -> USED_BY [free-music-archive] (7)
[4035/5572] 'Mortals' -> USED_BY [free-music-archive] (7)
[4036/5572] 'CLDSCP' -> USED_BY [free-music-archive] (7)
[4037/5572] 'Kabyzdoh Obtruhamchi' -> USED_BY [free-music-archive] (7)
[4038/5572] 'The Ocean Floor' -> USED_BY [free-music-archive] (7)
[4039/5572] 'Mild Winter' -> USED_BY [free-music-archive] (7)
[4040/5572] 'Coliseum' -> USED_BY [free-music-archive] (28)
[4041/5572] 'molr drammaz' -> USED_BY [free-music-archive] (7)
[4042/5572] 'Snake Eats Electric Blanket' -> USED_BY [free-music-archive] (7)
[4043/5572] 'Comma' -> USED_BY [free-music-archive] (7)
[4044/5572] 'Daddy_Scrabble' -> USED_BY [free-music-archive] (7)
[4045/5572] 'bueno.sair.es' -> USED_BY [free-music-archive] (7)
[4046/5572] "Nobody's Bizness" -> USED_BY [free-music-archive] (8)
[4047/5572] 'Amanda' -> USED_BY [free-music-archive] (39)
[4048/5572] 'Richard Garet' -> USED_BY [free-music-archive] (7)
[4049/5572] 'Heavy Medical' -> USED_BY [free-music-archive] (7)
[4050/5572] 'Jonah Dempcy' -> USED_BY [free-music-archive] (7)
[4051/5572] 'The Re-Stoned' -> USED_BY [free-music-archive] (107)
[4052/5572] 'Albert Glasser' -> USED_BY [free-music-archive] (8)
[4053/5572] 'Radiesman' -> USED_BY [free-music-archive] (7)
[4054/5572] 'Francesco Lettera' -> USED_BY [free-music-archive] (7)
[4055/5572] 'Legless Cripple' -> USED_BY [free-music-archive] (7)
[4056/5572] 'Docks' -> USED_BY [free-music-archive] (7)
[4057/5572] 'The Toothaches' -> USED_BY [free-music-archive] (7)
[4058/5572] 'Catholic Spray' -> USED_BY [free-music-archive] (7)
[4059/5572] 'Holy Coast' -> USED_BY [free-music-archive] (7)
[4060/5572] 'Scarm' -> USED_BY [free-music-archive] (7)
[4061/5572] 'Love Cult' -> USED_BY [free-music-archive] (7)
[4062/5572] 'Electronic Phantom Orchestra' -> USED_BY [free-music-archive] (7)
[4063/5572] 'Die Rötzz' -> USED_BY [free-music-archive] (8)
[4064/5572] 'The Duo' -> USED_BY [free-music-archive] (7)
[4065/5572] 'Songo 21' -> USED_BY [free-music-archive] (7)
[4066/5572] '2NRO8OT' -> USED_BY [free-music-archive] (7)
[4067/5572] 'WatFatMan' -> USED_BY [free-music-archive] (7)
[4068/5572] 'Zornjak' -> USED_BY [free-music-archive] (7)
[4069/5572] 'Garotas Suecas' -> USED_BY [free-music-archive] (45)
[4070/5572] 'Chris Mann' -> USED_BY [free-music-archive] (7)
[4071/5572] 'Cobol Pongide' -> USED_BY [free-music-archive] (7)
[4072/5572] 'Destroyevsky' -> USED_BY [free-music-archive] (7)
[4073/5572] 'Seicho suru kigi' -> USED_BY [free-music-archive] (7)
[4074/5572] 'Granpa Abela' -> USED_BY [free-music-archive] (7)
[4075/5572] 'Vermisst Susi' -> USED_BY [free-music-archive] (7)
[4076/5572] 'Sealadder' -> USED_BY [free-music-archive] (7)
[4077/5572] 'A.M/Uton' -> USED_BY [free-music-archive] (7)
[4078/5572] 'Music Komite' -> USED_BY [free-music-archive] (8)
[4079/5572] 'TL0741' -> USED_BY [free-music-archive] (7)
[4080/5572] 'Where the Moon Came From' -> USED_BY [free-music-archive] (8)
[4081/5572] 'Blake Freele' -> USED_BY [free-music-archive] (7)
[4082/5572] 'Alex Kubotha' -> USED_BY [free-music-archive] (7)
[4083/5572] 'Zoambo Zoet Workestrao' -> USED_BY [free-music-archive] (7)
[4084/5572] 'Synflict' -> USED_BY [free-music-archive] (7)
[4085/5572] 'T.R.I.v.M.' -> USED_BY [free-music-archive] (7)
[4086/5572] 'Dream Drunk' -> USED_BY [free-music-archive] (7)
[4087/5572] '10Konekt' -> USED_BY [free-music-archive] (7)
[4088/5572] 'Astroboiler' -> USED_BY [free-music-archive] (7)
[4089/5572] 'Koobaatoo Asparagus' -> USED_BY [free-music-archive] (7)
[4090/5572] 'Therabaqud Leic' -> USED_BY [free-music-archive] (7)
[4091/5572] 'Ahad & Despera' -> USED_BY [free-music-archive] (7)
[4092/5572] 'Paavoharju' -> USED_BY [free-music-archive] (64)
[4093/5572] 'Rabato' -> USED_BY [free-music-archive] (7)
[4094/5572] 'Nat Baldwin' -> USED_BY [free-music-archive] (11)
[4095/5572] 'Terrero De Jesus' -> USED_BY [free-music-archive] (7)
[4096/5572] 'Mystic Morrison Visions' -> USED_BY [free-music-archive] (7)
[4097/5572] 'Mathew Timmons' -> USED_BY [free-music-archive] (7)
[4098/5572] 'Simon Ravens' -> USED_BY [free-music-archive] (9)
[4099/5572] 'Mattisson' -> USED_BY [free-music-archive] (7)
[4100/5572] 'Eusebio' -> USED_BY [free-music-archive] (7)
[4101/5572] 'Katherine Young' -> USED_BY [free-music-archive] (7)
[4102/5572] 'Mario Garcia' -> USED_BY [free-music-archive] (7)
[4103/5572] 'James Ilgenfritz' -> USED_BY [free-music-archive] (7)
[4104/5572] 'Milgrom' -> USED_BY [free-music-archive] (7)
[4105/5572] 'Ice Age' -> USED_BY [free-music-archive] (7)
[4106/5572] 'Metaharmoniks' -> USED_BY [free-music-archive] (7)
[4107/5572] 'Damscray' -> USED_BY [free-music-archive] (7)
[4108/5572] 'This Co.' -> USED_BY [free-music-archive] (7)
[4109/5572] 'Aoiroooasamusi' -> USED_BY [free-music-archive] (7)
[4110/5572] 'Canzoniere Grecanico Salentino' -> USED_BY [free-music-archive] (145)
[4111/5572] 'Smooch' -> USED_BY [free-music-archive] (7)
[4112/5572] 'Liquor Store' -> USED_BY [free-music-archive] (7)
[4113/5572] 'Secret Jane' -> USED_BY [free-music-archive] (7)
[4114/5572] 'Elizabeth Veldon' -> USED_BY [free-music-archive] (7)
[4115/5572] 'Scientifically Speaking with Irene Moon' -> USED_BY [free-music-archive] (7)
[4116/5572] 'Don Bikoff' -> USED_BY [free-music-archive] (7)
[4117/5572] 'Matthias Boss' -> USED_BY [free-music-archive] (8)
[4118/5572] 'Chemical Peel' -> USED_BY [free-music-archive] (7)
[4119/5572] 'Potty Mouth' -> USED_BY [free-music-archive] (34)
[4120/5572] 'Shoxx' -> USED_BY [free-music-archive] (7)
[4121/5572] 'NanowaR of Steel' -> USED_BY [free-music-archive] (173)
[4122/5572] 'Stereoboy' -> USED_BY [free-music-archive] (7)
[4123/5572] 'Shisd' -> USED_BY [free-music-archive] (7)
[4124/5572] 'Lá Eles' -> USED_BY [free-music-archive] (7)
[4125/5572] 'tomonari nozaki' -> USED_BY [free-music-archive] (7)
[4126/5572] 'Gel Set' -> USED_BY [free-music-archive] (8)
[4127/5572] 'The Dick Burrills' -> USED_BY [free-music-archive] (7)
[4128/5572] 'Hallock Hill' -> USED_BY [free-music-archive] (7)
[4129/5572] 'High Castle' -> USED_BY [free-music-archive] (7)
[4130/5572] 'Crossworlds' -> USED_BY [free-music-archive] (7)
[4131/5572] 'Tentacles' -> USED_BY [free-music-archive] (7)
[4132/5572] 'Connections' -> USED_BY [free-music-archive] (95)
[4133/5572] 'Mad Masks' -> USED_BY [free-music-archive] (7)
[4134/5572] 'Tempers' -> USED_BY [free-music-archive] (76)
[4135/5572] 'All Dogs' -> USED_BY [free-music-archive] (22)
[4136/5572] 'Tyler Twombly' -> USED_BY [free-music-archive] (7)
[4137/5572] 'Phish Funk' -> USED_BY [free-music-archive] (7)
[4138/5572] 'GMC, Sebastian Sampieri' -> USED_BY [free-music-archive] (7)
[4139/5572] 'Shy and the Fight' -> USED_BY [free-music-archive] (7)
[4140/5572] 'Ken Vandermark' -> USED_BY [free-music-archive] (25)
[4141/5572] 'Terry & Louie' -> USED_BY [free-music-archive] (7)
[4142/5572] 'Punktieren' -> USED_BY [free-music-archive] (7)
[4143/5572] 'Andrea Carri' -> USED_BY [free-music-archive] (8)
[4144/5572] 'Systemic Failure' -> USED_BY [free-music-archive] (7)
[4145/5572] 'Good Throb' -> USED_BY [free-music-archive] (7)
[4146/5572] 'Dinosaur Jugnot' -> USED_BY [free-music-archive] (7)
[4147/5572] 'Crazy Pills' -> USED_BY [free-music-archive] (7)
[4148/5572] 'Psyche Corporation' -> USED_BY [free-music-archive] (18)
[4149/5572] 'Sküge' -> USED_BY [free-music-archive] (7)
[4150/5572] 'ventilator' -> USED_BY [free-music-archive] (7)
[4151/5572] 'The Jeanies' -> USED_BY [free-music-archive] (7)
[4152/5572] 'Outrun' -> USED_BY [free-music-archive] (7)
[4153/5572] 'Downbeat' -> USED_BY [free-music-archive] (7)
[4154/5572] 'Hank Wood and the Hammerheads' -> USED_BY [free-music-archive] (14)
[4155/5572] 'Long Beard' -> USED_BY [free-music-archive] (28)
[4156/5572] 'Death by Unga Bunga' -> USED_BY [free-music-archive] (41)
[4157/5572] 'ELYA' -> USED_BY [free-music-archive] (7)
[4158/5572] 'Fragile Tom' -> USED_BY [free-music-archive] (7)
[4159/5572] 'Periodo Particular' -> USED_BY [free-music-archive] (7)
[4160/5572] 'Finn Anderson' -> USED_BY [free-music-archive] (12)
[4161/5572] 'Mazing Vids' -> USED_BY [free-music-archive] (7)
[4162/5572] 'Bebe Fang' -> USED_BY [free-music-archive] (7)
[4163/5572] 'Hellmood B. Ware' -> USED_BY [free-music-archive] (7)
[4164/5572] 'The Vainglories' -> USED_BY [free-music-archive] (7)
[4165/5572] 'Sasha Mishkin' -> USED_BY [free-music-archive] (7)
[4166/5572] 'Andrew Seistrup' -> USED_BY [free-music-archive] (7)
[4167/5572] 'E T I L E' -> USED_BY [free-music-archive] (7)
[4168/5572] 'Ubuntu Sound Antisystem' -> USED_BY [free-music-archive] (23)
[4169/5572] 'Will Wood and the Tapeworms' -> USED_BY [free-music-archive] (66)
[4170/5572] 'The Nutries' -> USED_BY [free-music-archive] (7)
[4171/5572] 'Andre Jetson' -> USED_BY [free-music-archive] (7)
[4172/5572] 'Regal Degal' -> USED_BY [free-music-archive] (7)
[4173/5572] 'Top Surprise' -> USED_BY [free-music-archive] (7)
[4174/5572] 'The Aaron Boudreaux Special' -> USED_BY [free-music-archive] (7)
[4175/5572] 'Lou Barlow' -> USED_BY [free-music-archive] (150)
[4176/5572] 'Los Amparito' -> USED_BY [free-music-archive] (7)
[4177/5572] 'Biggbutt' -> USED_BY [free-music-archive] (7)
[4178/5572] 'glomag' -> USED_BY [free-music-archive] (7)
[4179/5572] 'The Lovely Moon' -> USED_BY [free-music-archive] (7)
[4180/5572] '100% BLACK' -> USED_BY [free-music-archive] (7)
[4181/5572] 'M\u200b.\u200bNomized And Midnight Moodswings' -> USED_BY [free-music-archive] (7)
[4182/5572] 'Novi Split' -> USED_BY [free-music-archive] (21)
[4183/5572] 'Astrometrics' -> USED_BY [free-music-archive] (6)
[4184/5572] 'David Last' -> USED_BY [free-music-archive] (7)
[4185/5572] 'De Cylinders' -> USED_BY [free-music-archive] (6)
[4186/5572] 'Daedelus' -> USED_BY [free-music-archive] (78)
[4187/5572] 'Starscream' -> USED_BY [free-music-archive] (74)
[4188/5572] 'The Council Flats of Kingsbury' -> USED_BY [free-music-archive] (6)
[4189/5572] 'Portastatic' -> USED_BY [free-music-archive] (27)
[4190/5572] 'The Black Swans' -> USED_BY [free-music-archive] (26)
[4191/5572] 'Karash Nikol' -> USED_BY [free-music-archive] (6)
[4192/5572] 'Cave' -> USED_BY [free-music-archive] (6)
[4193/5572] 'Fursaxa' -> USED_BY [free-music-archive] (6)
[4194/5572] 'Lozenge' -> USED_BY [free-music-archive] (6)
[4195/5572] 'Chandeliers' -> USED_BY [free-music-archive] (6)
[4196/5572] 'The Fallen Leaves' -> USED_BY [free-music-archive] (6)
[4197/5572] 'Fallen Leaves' -> USED_BY [free-music-archive] (6)
[4198/5572] "Little Howlin' Wolf" -> USED_BY [free-music-archive] (6)
[4199/5572] 'Skybombers' -> USED_BY [free-music-archive] (6)
[4200/5572] 'The Moaners' -> USED_BY [free-music-archive] (6)
[4201/5572] 'High Places' -> USED_BY [free-music-archive] (27)
[4202/5572] 'Harvey Milk' -> USED_BY [free-music-archive] (26)
[4203/5572] 'National Promenade Band' -> USED_BY [free-music-archive] (6)
[4204/5572] 'Uninhabitable Mansions' -> USED_BY [free-music-archive] (6)
[4205/5572] 'Ducktails' -> USED_BY [free-music-archive] (40)
[4206/5572] 'Dale' -> USED_BY [free-music-archive] (9)
[4207/5572] 'The Jowe Head Band' -> USED_BY [free-music-archive] (6)
[4208/5572] 'Jerusalem & The Starbaskets' -> USED_BY [free-music-archive] (6)
[4209/5572] 'Hat City Intuitive' -> USED_BY [free-music-archive] (6)
[4210/5572] 'Bonedust' -> USED_BY [free-music-archive] (6)
[4211/5572] 'P.E.D.' -> USED_BY [free-music-archive] (6)
[4212/5572] 'The Paybacks' -> USED_BY [free-music-archive] (8)
[4213/5572] 'The Franks' -> USED_BY [free-music-archive] (6)
[4214/5572] 'Mayyors' -> USED_BY [free-music-archive] (6)
[4215/5572] 'Purple Duck' -> USED_BY [free-music-archive] (6)
[4216/5572] 'Pink Skull' -> USED_BY [free-music-archive] (8)
[4217/5572] 'Brendan Kinsella' -> USED_BY [free-music-archive] (6)
[4218/5572] 'The Shivers' -> USED_BY [free-music-archive] (33)
[4219/5572] 'Brad Sucks' -> USED_BY [free-music-archive] (71)
[4220/5572] 'Greg Ashley' -> USED_BY [free-music-archive] (6)
[4221/5572] 'Alec K Redfearn' -> USED_BY [free-music-archive] (8)
[4222/5572] 'the Seizures' -> USED_BY [free-music-archive] (6)
[4223/5572] 'Koonda Holaa' -> USED_BY [free-music-archive] (7)
[4224/5572] 'Latché Swing' -> USED_BY [free-music-archive] (6)
[4225/5572] 'Nest' -> USED_BY [free-music-archive] (6)
[4226/5572] 'Oxbow' -> USED_BY [free-music-archive] (44)
[4227/5572] 'Menhirs of Er Grah' -> USED_BY [free-music-archive] (6)
[4228/5572] 'The Pine Valley Cosmonauts' -> USED_BY [free-music-archive] (13)
[4229/5572] 'APB' -> USED_BY [free-music-archive] (6)
[4230/5572] 'Andy Wagner' -> USED_BY [free-music-archive] (6)
[4231/5572] 'Magik Markers' -> USED_BY [free-music-archive] (14)
[4232/5572] 'Alejandro Escovedo' -> USED_BY [free-music-archive] (31)
[4233/5572] 'Rex Hobart and The Misery Boys' -> USED_BY [free-music-archive] (6)
[4234/5572] 'Kelly Hogan' -> USED_BY [free-music-archive] (21)
[4235/5572] 'Necronomikon Quartett' -> USED_BY [free-music-archive] (6)
[4236/5572] 'Maria Grigoryeva' -> USED_BY [free-music-archive] (10)
[4237/5572] 'Rusty Toolkit' -> USED_BY [free-music-archive] (6)
[4238/5572] 'Marko and Myky' -> USED_BY [free-music-archive] (6)
[4239/5572] 'Superbus' -> USED_BY [free-music-archive] (6)
[4240/5572] 'Victrola' -> USED_BY [free-music-archive] (6)
[4241/5572] 'Player Two' -> USED_BY [free-music-archive] (15)
[4242/5572] 'No Nature' -> USED_BY [free-music-archive] (6)
[4243/5572] '3Puen' -> USED_BY [free-music-archive] (6)
[4244/5572] 'Personal And The Pizzas' -> USED_BY [free-music-archive] (17)
[4245/5572] 'Weirdomusic' -> USED_BY [free-music-archive] (6)
[4246/5572] 'Oto' -> USED_BY [free-music-archive] (6)
[4247/5572] 'Arthur Fields' -> USED_BY [free-music-archive] (16)
[4248/5572] 'Impediments' -> USED_BY [free-music-archive] (6)
[4249/5572] 'zero consequences' -> USED_BY [free-music-archive] (6)
[4250/5572] 'Josh Mease' -> USED_BY [free-music-archive] (6)
[4251/5572] 'Movie Star Junkies' -> USED_BY [free-music-archive] (6)
[4252/5572] 'El Jugador' -> USED_BY [free-music-archive] (6)
[4253/5572] 'Now' -> USED_BY [free-music-archive] (6)
[4254/5572] 'Heosphoros' -> USED_BY [free-music-archive] (6)
[4255/5572] 'Bert Williams' -> USED_BY [free-music-archive] (49)
[4256/5572] 'Actual Birds' -> USED_BY [free-music-archive] (6)
[4257/5572] 'Seth Paynter and Kevin Patton' -> USED_BY [free-music-archive] (6)
[4258/5572] "Hans Grüsel's Krankenkabinet" -> USED_BY [free-music-archive] (7)
[4259/5572] 'Ilyas Ahmed' -> USED_BY [free-music-archive] (6)
[4260/5572] 'Rainbow Arabia' -> USED_BY [free-music-archive] (14)
[4261/5572] 'From Bacteria To Boys' -> USED_BY [free-music-archive] (6)
[4262/5572] 'Oorutaichi' -> USED_BY [free-music-archive] (13)
[4263/5572] 'Mellsch' -> USED_BY [free-music-archive] (6)
[4264/5572] 'Jeremy Wallace' -> USED_BY [free-music-archive] (6)
[4265/5572] 'Aaron Moore' -> USED_BY [free-music-archive] (11)
[4266/5572] 'NiCad' -> USED_BY [free-music-archive] (6)
[4267/5572] 'Sophie Tucker' -> USED_BY [free-music-archive] (18)
[4268/5572] 'Lesbian Afternoon' -> USED_BY [free-music-archive] (6)
[4269/5572] 'Ilya Monosov' -> USED_BY [free-music-archive] (9)
[4270/5572] 'Caldera Lakes' -> USED_BY [free-music-archive] (6)
[4271/5572] 'Immortal Lee County Killers' -> USED_BY [free-music-archive] (6)
[4272/5572] 'Interkosmos' -> USED_BY [free-music-archive] (6)
[4273/5572] 'The Riptones' -> USED_BY [free-music-archive] (6)
[4274/5572] 'Bonnie Baxter' -> USED_BY [free-music-archive] (16)
[4275/5572] 'Terminal Lovers' -> USED_BY [free-music-archive] (6)
[4276/5572] 'Moonshine Willy' -> USED_BY [free-music-archive] (6)
[4277/5572] 'Stark Effect' -> USED_BY [free-music-archive] (6)
[4278/5572] 'Ton Rückert' -> USED_BY [free-music-archive] (6)
[4279/5572] 'Datapanik' -> USED_BY [free-music-archive] (6)
[4280/5572] 'Arthur Collins' -> USED_BY [free-music-archive] (21)
[4281/5572] 'Nikolay Kolev' -> USED_BY [free-music-archive] (6)
[4282/5572] 'Fabrizio Paterlini' -> USED_BY [free-music-archive] (167)
[4283/5572] 'Grouper' -> USED_BY [free-music-archive] (140)
[4284/5572] 'Wizardry' -> USED_BY [free-music-archive] (6)
[4285/5572] 'Joe Frawley Ensemble' -> USED_BY [free-music-archive] (6)
[4286/5572] 'Guidance Counselor' -> USED_BY [free-music-archive] (6)
[4287/5572] 'Sinistre!' -> USED_BY [free-music-archive] (6)
[4288/5572] 'Burnkit2600' -> USED_BY [free-music-archive] (6)
[4289/5572] 'La Guerre des Mitaines' -> USED_BY [free-music-archive] (6)
[4290/5572] 'EPMD' -> USED_BY [free-music-archive] (225)
[4291/5572] 'Morella' -> USED_BY [free-music-archive] (6)
[4292/5572] 'The Butcherings' -> USED_BY [free-music-archive] (6)
[4293/5572] 'The Harvey Girls' -> USED_BY [free-music-archive] (6)
[4294/5572] 'Captain Ahab' -> USED_BY [free-music-archive] (24)
[4295/5572] 'Ezekiel Honig' -> USED_BY [free-music-archive] (6)
[4296/5572] 'Silver Pines' -> USED_BY [free-music-archive] (6)
[4297/5572] 'Claremont Trio' -> USED_BY [free-music-archive] (6)
[4298/5572] 'Covox' -> USED_BY [free-music-archive] (26)
[4299/5572] 'F/i' -> USED_BY [free-music-archive] (11)
[4300/5572] 'Gardner Chamber Orchestra' -> USED_BY [free-music-archive] (6)
[4301/5572] 'The String Machine' -> USED_BY [free-music-archive] (6)
[4302/5572] 'Mabafu' -> USED_BY [free-music-archive] (7)
[4303/5572] 'Dan Alfresco' -> USED_BY [free-music-archive] (6)
[4304/5572] 'Olivia Chaney' -> USED_BY [free-music-archive] (29)
[4305/5572] 'Thollem McDonas' -> USED_BY [free-music-archive] (6)
[4306/5572] 'Das Haus des Hundes' -> USED_BY [free-music-archive] (6)
[4307/5572] 'p.WRECKS' -> USED_BY [free-music-archive] (6)
[4308/5572] 'Ottis' -> USED_BY [free-music-archive] (6)
[4309/5572] '\u010co\u010dek Nation' ERROR: 'charmap' codec can't encode character '\u010c' in position 13: character maps to <undefined>
[4310/5572] 'r.y.f.' -> USED_BY [free-music-archive] (6)
[4311/5572] 'Ljova and the Kontraband' -> USED_BY [free-music-archive] (6)
[4312/5572] 'Frank Wilke' -> USED_BY [free-music-archive] (6)
[4313/5572] 'Andrè D.' -> USED_BY [free-music-archive] (16)
[4314/5572] 'auris+gino' -> USED_BY [free-music-archive] (6)
[4315/5572] 'Dizzonanz Domestic' -> USED_BY [free-music-archive] (6)
[4316/5572] 'Gawain Thomas Trio' -> USED_BY [free-music-archive] (6)
[4317/5572] 'Pontic Firebird' -> USED_BY [free-music-archive] (6)
[4318/5572] 'Trio Kavkasia' -> USED_BY [free-music-archive] (6)
[4319/5572] 'eden' -> USED_BY [free-music-archive] (6)
[4320/5572] 'Nancy' -> USED_BY [free-music-archive] (6)
[4321/5572] 'Overlake' -> USED_BY [free-music-archive] (8)
[4322/5572] 'Jowe Head and the Celestial Choir' -> USED_BY [free-music-archive] (6)
[4323/5572] 'Trans-Idio' -> USED_BY [free-music-archive] (6)
[4324/5572] 'Tómur Trio' -> USED_BY [free-music-archive] (6)
[4325/5572] 'Simon Simon' -> USED_BY [free-music-archive] (6)
[4326/5572] 'The Golden Pelicans' -> USED_BY [free-music-archive] (6)
[4327/5572] 'Helmut' -> USED_BY [free-music-archive] (6)
[4328/5572] 'Black Pines' -> USED_BY [free-music-archive] (6)
[4329/5572] 'Sam Moss' -> USED_BY [free-music-archive] (6)
[4330/5572] 'Herve Perez' -> USED_BY [free-music-archive] (7)
[4331/5572] 'Gotesman Razin Mikryukov' -> USED_BY [free-music-archive] (6)
[4332/5572] 'Elysian Fields' -> USED_BY [free-music-archive] (159)
[4333/5572] 'NNY' -> USED_BY [free-music-archive] (6)
[4334/5572] 'Elvin Brandhi' -> USED_BY [free-music-archive] (6)
[4335/5572] 'jimmy penguin & reich joyce' -> USED_BY [free-music-archive] (6)
[4336/5572] 'Abbey Nex' -> USED_BY [free-music-archive] (6)
[4337/5572] 'Kosta T feat. Ghofra Z' -> USED_BY [free-music-archive] (6)
[4338/5572] 'Miracles of Modern Science' -> USED_BY [free-music-archive] (61)
[4339/5572] 'All the Empires of the World' -> USED_BY [free-music-archive] (6)
[4340/5572] 'Awkward Girls' -> USED_BY [free-music-archive] (6)
[4341/5572] 'Vic Ruggiero' -> USED_BY [free-music-archive] (17)
[4342/5572] 'Amouth' -> USED_BY [free-music-archive] (6)
[4343/5572] 'Stephen Bartolomei' -> USED_BY [free-music-archive] (6)
[4344/5572] 'Zapaska' -> USED_BY [free-music-archive] (28)
[4345/5572] 'Papascandy' -> USED_BY [free-music-archive] (6)
[4346/5572] 'Humble Tripe' -> USED_BY [free-music-archive] (6)
[4347/5572] 'Antethic' -> USED_BY [free-music-archive] (6)
[4348/5572] 'Balkh' -> USED_BY [free-music-archive] (6)
[4349/5572] 'Ought' -> USED_BY [free-music-archive] (63)
[4350/5572] 'The Cats' -> USED_BY [free-music-archive] (6)
[4351/5572] 'Hazy Montagne Mystique' -> USED_BY [free-music-archive] (6)
[4352/5572] 'La Tabù' -> USED_BY [free-music-archive] (6)
[4353/5572] 'Thomas Kyhn Rovsing Hjørnet' -> USED_BY [free-music-archive] (6)
[4354/5572] 'The Mostly Bad Virus' -> USED_BY [free-music-archive] (6)
[4355/5572] 'Marco Mestichella' -> USED_BY [free-music-archive] (6)
[4356/5572] 'B2B' -> USED_BY [free-music-archive] (6)
[4357/5572] 'eduardo rosario' -> USED_BY [free-music-archive] (6)
[4358/5572] 'jmhs students' -> USED_BY [free-music-archive] (6)
[4359/5572] 'Caroline Park' -> USED_BY [free-music-archive] (6)
[4360/5572] 'Björn Ganzer' -> USED_BY [free-music-archive] (6)
[4361/5572] 'Julia K. Mars' -> USED_BY [free-music-archive] (6)
[4362/5572] 'Turbo Fruits' -> USED_BY [free-music-archive] (22)
[4363/5572] 'Union Furnace' -> USED_BY [free-music-archive] (6)
[4364/5572] 'The Golden Dawn' -> USED_BY [free-music-archive] (6)
[4365/5572] 'Pepper Coat' -> USED_BY [free-music-archive] (6)
[4366/5572] 'Igor Khabarov' -> USED_BY [free-music-archive] (10)
[4367/5572] 'Stefano Vita' -> USED_BY [free-music-archive] (6)
[4368/5572] 'King Capisce' -> USED_BY [free-music-archive] (6)
[4369/5572] 'S.Bobrytskyy & M.Paramzin' -> USED_BY [free-music-archive] (6)
[4370/5572] 'Tate Peterson' -> USED_BY [free-music-archive] (6)
[4371/5572] 'Kurt Baker' -> USED_BY [free-music-archive] (20)
[4372/5572] 'The Britemores' -> USED_BY [free-music-archive] (9)
[4373/5572] 'Gorilla Chief' -> USED_BY [free-music-archive] (6)
[4374/5572] 'Anima' -> USED_BY [free-music-archive] (25)
[4375/5572] 'Joanna Sternberg' -> USED_BY [free-music-archive] (50)
[4376/5572] 'Ace & the Gulls' -> USED_BY [free-music-archive] (6)
[4377/5572] 'Dropout Patrol' -> USED_BY [free-music-archive] (6)
[4378/5572] 'Red Trees' -> USED_BY [free-music-archive] (6)
[4379/5572] 'Finished' -> USED_BY [free-music-archive] (6)
[4380/5572] 'Rachel Mason' -> USED_BY [free-music-archive] (6)
[4381/5572] 'Dead Tenants' -> USED_BY [free-music-archive] (6)
[4382/5572] "Kandia Crazy Horse & Spirit of '76" -> USED_BY [free-music-archive] (6)
[4383/5572] 'Titmachine' -> USED_BY [free-music-archive] (6)
[4384/5572] 'Bombay Rickey' -> USED_BY [free-music-archive] (6)
[4385/5572] 'Furtherset' -> USED_BY [free-music-archive] (7)
[4386/5572] 'Mountain Cult' -> USED_BY [free-music-archive] (6)
[4387/5572] 'Plurabelle' -> USED_BY [free-music-archive] (6)
[4388/5572] 'Zoe.LeelA' -> USED_BY [free-music-archive] (10)
[4389/5572] 'Güacho' -> USED_BY [free-music-archive] (6)
[4390/5572] 'Starred' -> USED_BY [free-music-archive] (6)
[4391/5572] 'Megan Jean and the Klay Family Band' -> USED_BY [free-music-archive] (6)
[4392/5572] 'St. Claire' -> USED_BY [free-music-archive] (8)
[4393/5572] 'Russian Tsarlag' -> USED_BY [free-music-archive] (6)
[4394/5572] 'Radikal Satan' -> USED_BY [free-music-archive] (7)
[4395/5572] 'Farthest South' -> USED_BY [free-music-archive] (6)
[4396/5572] 'Jeff Gburek' -> USED_BY [free-music-archive] (6)
[4397/5572] 'Alexei Biryukoff' -> USED_BY [free-music-archive] (6)
[4398/5572] 'Blessed State' -> USED_BY [free-music-archive] (6)
[4399/5572] 'Lauki' -> USED_BY [free-music-archive] (6)
[4400/5572] 'agnès pe' -> USED_BY [free-music-archive] (6)
[4401/5572] 'Allah-Las' -> USED_BY [free-music-archive] (136)
[4402/5572] 'Haemon' -> USED_BY [free-music-archive] (6)
[4403/5572] 'Youth Avoiders' -> USED_BY [free-music-archive] (6)
[4404/5572] 'Ed Trickett' -> USED_BY [free-music-archive] (21)
[4405/5572] 'dUAS sEMIcOLCHEIAS iNVERTIDAS' -> USED_BY [free-music-archive] (6)
[4406/5572] 'Sava Marinkovic' -> USED_BY [free-music-archive] (6)
[4407/5572] 'Gun Outfit' -> USED_BY [free-music-archive] (19)
[4408/5572] 'Mudhoney' -> USED_BY [free-music-archive] (218)
[4409/5572] 'BLK TAG' -> USED_BY [free-music-archive] (6)
[4410/5572] 'Possimiste' -> USED_BY [free-music-archive] (6)
[4411/5572] 'No Joy' -> USED_BY [free-music-archive] (111)
[4412/5572] 'Wax Idols' -> USED_BY [free-music-archive] (31)
[4413/5572] 'Koalips' -> USED_BY [free-music-archive] (6)
[4414/5572] 'The Orange Peels' -> USED_BY [free-music-archive] (14)
[4415/5572] 'Seaven Teares' -> USED_BY [free-music-archive] (17)
[4416/5572] 'The Phreezound Orchestra' -> USED_BY [free-music-archive] (6)
[4417/5572] 'METEK & Josef Nadek' -> USED_BY [free-music-archive] (6)
[4418/5572] 'Captcha' -> USED_BY [free-music-archive] (6)
[4419/5572] 'Eric Boros & Fritz Welch' -> USED_BY [free-music-archive] (6)
[4420/5572] 'Wreck and Reference' -> USED_BY [free-music-archive] (26)
[4421/5572] 'Somewhere off Jazz Street' -> USED_BY [free-music-archive] (73)
[4422/5572] 'The Gotobeds' -> USED_BY [free-music-archive] (17)
[4423/5572] 'The Monochrome Set' -> USED_BY [free-music-archive] (33)
[4424/5572] 'Rachel Ries' -> USED_BY [free-music-archive] (25)
[4425/5572] 'Richard Youngs' -> USED_BY [free-music-archive] (22)
[4426/5572] 'Cal Folger Day' -> USED_BY [free-music-archive] (6)
[4427/5572] 'Free Pizza' -> USED_BY [free-music-archive] (6)
[4428/5572] 'Bored With Four' -> USED_BY [free-music-archive] (6)
[4429/5572] 'Ghost Chief' -> USED_BY [free-music-archive] (6)
[4430/5572] 'Bluesraiders' -> USED_BY [free-music-archive] (6)
[4431/5572] 'There.' -> USED_BY [free-music-archive] (6)
[4432/5572] 'Vysehrad' -> USED_BY [free-music-archive] (6)
[4433/5572] 'Higgins Waterproof Black Magic Band' -> USED_BY [free-music-archive] (6)
[4434/5572] 'Andrea Tomasi' -> USED_BY [free-music-archive] (6)
[4435/5572] 'Camden Joy' -> USED_BY [free-music-archive] (6)
[4436/5572] 'Salarymen' -> USED_BY [free-music-archive] (22)
[4437/5572] 'adamned.age' -> USED_BY [free-music-archive] (6)
[4438/5572] 'Jesus & the Christians' -> USED_BY [free-music-archive] (7)
[4439/5572] 'Butterbox' -> USED_BY [free-music-archive] (6)
[4440/5572] 'Minson' -> USED_BY [free-music-archive] (6)
[4441/5572] 'Madek' -> USED_BY [free-music-archive] (6)
[4442/5572] 'Jari Pitkanen' -> USED_BY [free-music-archive] (25)
[4445/5572] 'Randall Colbourne' -> USED_BY [free-music-archive] (6)
[4446/5572] 'Decapitated heD' -> USED_BY [free-music-archive] (6)
[4447/5572] 'Dawn Of Humans' -> USED_BY [free-music-archive] (7)
[4448/5572] 'Liquor Store' -> USED_BY [free-music-archive] (6)
[4449/5572] 'Nikola Vranjkovi\u0107' ERROR: 'charmap' codec can't encode character '\u0107' in position 29: character maps to <undefined>
[4450/5572] 'Unicorn Hard-On' -> USED_BY [free-music-archive] (6)
[4451/5572] 'Eros and the Eschaton' -> USED_BY [free-music-archive] (11)
[4452/5572] 'Vomit Fist' -> USED_BY [free-music-archive] (6)
[4453/5572] 'Vio/Mire' -> USED_BY [free-music-archive] (6)
[4454/5572] 'Reuben Radding' -> USED_BY [free-music-archive] (7)
[4455/5572] 'Andrew Drury' -> USED_BY [free-music-archive] (6)
[4456/5572] 'Ultra Konnard' -> USED_BY [free-music-archive] (6)
[4457/5572] 'Joséphine Muller' -> NONE
[4458/5572] "Pitman's Gramophone Course of" -> USED_BY [free-music-archive] (6)
[4459/5572] 'Overnight Lows' -> USED_BY [free-music-archive] (6)
[4460/5572] 'Shiny Brites' -> USED_BY [free-music-archive] (6)
[4461/5572] 'Vincent Barras' -> USED_BY [free-music-archive] (6)
[4462/5572] 'Jacques Demierre' -> USED_BY [free-music-archive] (6)
[4463/5572] 'The Barracudas' -> USED_BY [free-music-archive] (147)
[4464/5572] 'MKRNI' -> USED_BY [free-music-archive] (42)
[4465/5572] 'Radboud Mens' -> USED_BY [free-music-archive] (6)
[4466/5572] 'Laura Stevenson' -> USED_BY [free-music-archive] (165)
[4467/5572] 'Rhythm & Blues Motherfuckers' -> USED_BY [free-music-archive] (6)
[4468/5572] 'Last July' -> USED_BY [free-music-archive] (6)
[4469/5572] 'Black Math' -> USED_BY [free-music-archive] (6)
[4470/5572] 'Juan Cirero y Martin del Prado Jr' -> USED_BY [free-music-archive] (6)
[4471/5572] 'Urge Overkill' -> USED_BY [free-music-archive] (134)
[4472/5572] 'Doyeq' -> USED_BY [free-music-archive] (7)
[4473/5572] 'Los Steaks' -> USED_BY [free-music-archive] (6)
[4474/5572] 'Capsula' -> USED_BY [free-music-archive] (19)
[4475/5572] 'Kalli' -> USED_BY [free-music-archive] (6)
[4476/5572] 'Limiñanas' -> USED_BY [free-music-archive] (6)
[4477/5572] 'Mentira Mentira' -> USED_BY [free-music-archive] (6)
[4478/5572] 'June & Jean Millington' -> USED_BY [free-music-archive] (6)
[4479/5572] 'Ayato' -> USED_BY [free-music-archive] (7)
[4480/5572] 'Otto von Rhinau' -> USED_BY [free-music-archive] (7)
[4481/5572] 'Arie' -> USED_BY [free-music-archive] (6)
[4482/5572] 'Culprate' -> USED_BY [free-music-archive] (43)
[4483/5572] 'Mary Lorson' -> USED_BY [free-music-archive] (45)
[4484/5572] 'BrandyAlexanderProject + Laps' -> USED_BY [free-music-archive] (6)
[4485/5572] 'The New York Underground Orchestra (Conducted By Assif Tsahar)' -> USED_BY [free-music-archive] (6)
[4486/5572] 'Starseed' -> USED_BY [free-music-archive] (6)
[4487/5572] 'Bird of Youth' -> USED_BY [free-music-archive] (6)
[4488/5572] 'Sorrows' -> USED_BY [free-music-archive] (6)
[4489/5572] 'Chapter 24' -> USED_BY [free-music-archive] (6)
[4490/5572] 'Soarwhole' -> USED_BY [free-music-archive] (6)
[4491/5572] 'Cristi Cons' -> USED_BY [free-music-archive] (6)
[4492/5572] 'Peaking Lights' -> USED_BY [free-music-archive] (38)
[4493/5572] 'Ben Holmes' -> USED_BY [free-music-archive] (6)
[4494/5572] 'Patrick Farrell' -> USED_BY [free-music-archive] (6)
[4495/5572] 'Jiony' -> USED_BY [free-music-archive] (10)
[4496/5572] 'The Fadeaways' -> USED_BY [free-music-archive] (6)
[4497/5572] 'Stickfigure' -> USED_BY [free-music-archive] (6)
[4498/5572] 'Wake' -> USED_BY [free-music-archive] (8)
[4499/5572] 'Missing Monuments' -> USED_BY [free-music-archive] (6)
[4500/5572] 'Peter Case' -> USED_BY [free-music-archive] (13)
[4501/5572] 'Michael Valentine West' -> USED_BY [free-music-archive] (6)
[4502/5572] 'Benjamin Jackson' -> USED_BY [free-music-archive] (6)
[4503/5572] 'Ventanas' -> USED_BY [free-music-archive] (6)
[4504/5572] 'Tenores de Aterúe' -> USED_BY [free-music-archive] (6)
[4505/5572] 'Brown Bird' -> USED_BY [free-music-archive] (153)
[4506/5572] 'Clutter' -> USED_BY [free-music-archive] (6)
[4507/5572] 'Photophob' -> USED_BY [free-music-archive] (6)
[4508/5572] '3eese' -> USED_BY [free-music-archive] (6)
[4509/5572] 'Supreme Dicks' -> USED_BY [free-music-archive] (19)
[4510/5572] 'Great Black Waters' -> USED_BY [free-music-archive] (6)
[4511/5572] 'Wretched Worst' -> USED_BY [free-music-archive] (6)
[4512/5572] 'Wry Box Feast' -> USED_BY [free-music-archive] (6)
[4513/5572] 'Spoek Mathambo' -> USED_BY [free-music-archive] (167)
[4514/5572] 'Mixers By The River' -> USED_BY [free-music-archive] (6)
[4515/5572] 'Raw Nerve' -> USED_BY [free-music-archive] (6)
[4516/5572] 'Miró Belle' -> USED_BY [free-music-archive] (6)
[4517/5572] 'Carl Clements' -> USED_BY [free-music-archive] (6)
[4518/5572] 'Labasheeda' -> USED_BY [free-music-archive] (6)
[4519/5572] 'florconvenas' -> USED_BY [free-music-archive] (6)
[4520/5572] 'The Magick Travelling Backpack Band' -> USED_BY [free-music-archive] (6)
[4521/5572] 'Susan Alcorn' -> USED_BY [free-music-archive] (6)
[4522/5572] 'Paniks- live- Romania' -> USED_BY [free-music-archive] (6)
[4523/5572] 'Beggars in a New Land' -> USED_BY [free-music-archive] (6)
[4524/5572] 'Tift Merritt' -> USED_BY [free-music-archive] (145)
[4525/5572] 'QTM' -> USED_BY [free-music-archive] (6)
[4526/5572] 'Ghosts' -> USED_BY [free-music-archive] (6)
[4527/5572] 'Ollie North' -> USED_BY [free-music-archive] (6)
[4528/5572] 'Origamibiro' -> USED_BY [free-music-archive] (6)
[4529/5572] 'CHLLNGR' -> USED_BY [free-music-archive] (6)
[4530/5572] 'Scott Sherk' -> USED_BY [free-music-archive] (6)
[4531/5572] 'Fran Ilich' -> USED_BY [free-music-archive] (6)
[4532/5572] 'Mikael Jorgensen and Travis Thatcher' -> USED_BY [free-music-archive] (6)
[4533/5572] 'Acid Problem' -> USED_BY [free-music-archive] (6)
[4534/5572] 'Dolores Catherino' -> USED_BY [free-music-archive] (6)
[4535/5572] 'Clay Rendering' -> USED_BY [free-music-archive] (6)
[4536/5572] 'Arwen Lewis' -> USED_BY [free-music-archive] (7)
[4537/5572] 'Sumeritae' -> USED_BY [free-music-archive] (6)
[4538/5572] 'Hafrsfjord' -> USED_BY [free-music-archive] (6)
[4539/5572] 'Have The Moskovik' -> USED_BY [free-music-archive] (6)
[4540/5572] 'Satori Ensemble' -> USED_BY [free-music-archive] (6)
[4541/5572] 'Cor Blanc' -> USED_BY [free-music-archive] (6)
[4542/5572] 'rocheleau - bussière - couture' -> USED_BY [free-music-archive] (6)
[4543/5572] 'Dissolved / Nonima' -> USED_BY [free-music-archive] (6)
[4544/5572] 'A New Silent Corporation' -> USED_BY [free-music-archive] (12)
[4545/5572] 'Expert Alterations' -> USED_BY [free-music-archive] (6)
[4546/5572] 'Radio Jarocho' -> USED_BY [free-music-archive] (23)
[4547/5572] 'TransFX' -> USED_BY [free-music-archive] (6)
[4548/5572] 'Charlie Megira' -> USED_BY [free-music-archive] (106)
[4549/5572] "The Bet She'an Valley Hillbillies" -> USED_BY [free-music-archive] (6)
[4550/5572] 'Jimmy & The Threats' -> USED_BY [free-music-archive] (6)
[4551/5572] 'Ennio the Little Brother' -> USED_BY [free-music-archive] (6)
[4552/5572] 'causings' -> USED_BY [free-music-archive] (6)
[4553/5572] 'The Marian Circle Drum Brigade' -> USED_BY [free-music-archive] (6)
[4554/5572] 'The Deafening Colors' -> USED_BY [free-music-archive] (6)
[4555/5572] 'Remo De Vico' -> USED_BY [free-music-archive] (12)
[4556/5572] 'Girls On Grass' -> USED_BY [free-music-archive] (16)
[4557/5572] 'owczarek caicedo ponsa trio' -> USED_BY [free-music-archive] (6)
[4558/5572] 'Honey Larochelle' -> USED_BY [free-music-archive] (10)
[4559/5572] 'Purling Hiss (Solo)' -> USED_BY [free-music-archive] (6)
[4560/5572] 'Jackson Grimm' -> USED_BY [free-music-archive] (6)
[4561/5572] 'Janneh' -> USED_BY [free-music-archive] (6)
[4562/5572] 'Méryll Ampe' -> USED_BY [free-music-archive] (6)
[4563/5572] 'Resonancedj' -> USED_BY [free-music-archive] (6)
[4564/5572] 'S-B-J' -> USED_BY [free-music-archive] (6)
[4565/5572] 'Dinos Boys' -> USED_BY [free-music-archive] (6)
[4566/5572] 'Charles premier & Zreen Toyz' -> USED_BY [free-music-archive] (6)
[4567/5572] 'quietest' -> USED_BY [free-music-archive] (6)
[4568/5572] 'Pau Riba' -> USED_BY [free-music-archive] (13)
[4569/5572] 'Shana Falana' -> USED_BY [free-music-archive] (9)
[4570/5572] 'Heron Oblivion' -> USED_BY [free-music-archive] (9)
[4571/5572] 'Dave Nelson' -> USED_BY [free-music-archive] (6)
[4572/5572] 'Sym (5) & Ars Sonor' -> USED_BY [free-music-archive] (6)
[4573/5572] 'Otaké' -> USED_BY [free-music-archive] (6)
[4574/5572] 'Interiors, c.1964' -> USED_BY [free-music-archive] (6)
[4575/5572] 'Illusory Scapes' -> USED_BY [free-music-archive] (6)
[4576/5572] 'Liz Toonkel (Beat by Christian Cummings)' -> USED_BY [free-music-archive] (6)
[4577/5572] 'Casetofoane' -> USED_BY [free-music-archive] (6)
[4578/5572] 'Howie Mitchell & Charlotte Williams' -> USED_BY [free-music-archive] (6)
[4579/5572] 'Clapton Girls Technology College' -> USED_BY [free-music-archive] (6)
[4580/5572] 'Pete Lund' -> USED_BY [free-music-archive] (6)
[4581/5572] 'Corty' -> USED_BY [free-music-archive] (6)
[4582/5572] 'Fred and Toody' -> USED_BY [free-music-archive] (7)
[4583/5572] 'sabrina siegel' -> USED_BY [free-music-archive] (7)
[4584/5572] 'bryan day' ERROR: 'id'
[4585/5572] 'tom djll' -> USED_BY [free-music-archive] (6)
[4586/5572] 'bob marsh' ERROR: 'id'
[4587/5572] 'Dj Shinezz' -> USED_BY [free-music-archive] (6)
[4588/5572] 'Akpatok' -> USED_BY [free-music-archive] (6)
[4589/5572] 'Drag Sounds' -> USED_BY [free-music-archive] (6)
[4590/5572] 'Nobodisoundz' -> USED_BY [free-music-archive] (6)
[4591/5572] 'Nineteen Eight Eight' -> USED_BY [free-music-archive] (6)
[4592/5572] 'Stuart Chalmers' -> USED_BY [free-music-archive] (6)
[4593/5572] 'Void Vision' -> USED_BY [free-music-archive] (29)
[4594/5572] 'Regional Curse' -> USED_BY [free-music-archive] (6)
[4595/5572] 'How I Quit Crack' -> USED_BY [free-music-archive] (6)
[4596/5572] 'Nicolas Falcon' -> USED_BY [free-music-archive] (6)
[4597/5572] 'American Watercolor Movement' -> USED_BY [free-music-archive] (6)
[4598/5572] 'Alpha Brutal' -> USED_BY [free-music-archive] (6)
[4599/5572] 'Martin Rach and his imaginary band' -> USED_BY [free-music-archive] (8)
[4600/5572] 'Anthony Osborne' -> USED_BY [free-music-archive] (6)
[4601/5572] 'Antonio de Braga' -> USED_BY [free-music-archive] (6)
[4602/5572] 'Isaac Chambers' -> USED_BY [free-music-archive] (81)
[4603/5572] 'Rien Virgule' -> USED_BY [free-music-archive] (6)
[4604/5572] 'Gary Wilson and Tredici Bacci' -> USED_BY [free-music-archive] (6)
[4605/5572] 'Hyson' -> USED_BY [free-music-archive] (6)
[4606/5572] 'Night Haze' -> USED_BY [free-music-archive] (6)
[4607/5572] 'Samuel Bone' -> USED_BY [free-music-archive] (6)
[4608/5572] 'Ihtimanska' -> USED_BY [free-music-archive] (6)
[4609/5572] 'Kyle Preston' -> USED_BY [free-music-archive] (156)
[4610/5572] 'Le Projet Ardéchois' -> USED_BY [free-music-archive] (6)
[4611/5572] 'Kuniya' -> USED_BY [free-music-archive] (6)
[4612/5572] 'Kai Nobuko' -> USED_BY [free-music-archive] (6)
[4613/5572] 'Inner Struggle' -> USED_BY [free-music-archive] (6)
[4614/5572] 'Eternal Black' -> USED_BY [free-music-archive] (25)
[4615/5572] 'Itsensäsyöjät' -> USED_BY [free-music-archive] (6)
[4616/5572] 'Theredhead76' -> USED_BY [free-music-archive] (6)
[4617/5572] 'Spowder' -> USED_BY [free-music-archive] (6)
[4618/5572] 'BCBG' -> USED_BY [free-music-archive] (6)
[4619/5572] 'J1*' -> USED_BY [free-music-archive] (6)
[4620/5572] 'Unune' -> USED_BY [free-music-archive] (6)
[4621/5572] 'Free Soul School Switzerland' -> USED_BY [free-music-archive] (6)
[4622/5572] 'Mike Meanstreetz' -> USED_BY [free-music-archive] (6)
[4623/5572] 'Gestalt OrchestrA' -> USED_BY [free-music-archive] (6)
[4624/5572] 'Symbol of Subversion' -> USED_BY [free-music-archive] (6)
[4625/5572] 'Madame B' -> USED_BY [free-music-archive] (6)
[4626/5572] 'MÖ$Q' -> USED_BY [free-music-archive] (6)
[4627/5572] 'Peninsula Fernandes' -> USED_BY [free-music-archive] (6)
[4628/5572] 'Eklektik Ensemble' -> USED_BY [free-music-archive] (6)
[4629/5572] 'Ocathail / Hastío' -> USED_BY [free-music-archive] (6)
[4630/5572] 'North Cape Lights' -> USED_BY [free-music-archive] (6)
[4631/5572] 'amanda irarrazabal' -> USED_BY [free-music-archive] (6)
[4632/5572] 'cecilia lópez' -> USED_BY [free-music-archive] (5)
[4633/5572] 'cecilia quinteros' -> USED_BY [free-music-archive] (6)
[4634/5572] 'Norwegian Blue Records' -> USED_BY [free-music-archive] (6)
[4635/5572] "Musick's Recreation. Milena Cord-to-Krax" -> USED_BY [free-music-archive] (6)
[4636/5572] 'Krisa' -> USED_BY [free-music-archive] (6)
[4637/5572] 'The Dutchess and the Duke' -> USED_BY [free-music-archive] (17)
[4638/5572] 'Druzina' -> USED_BY [free-music-archive] (6)
[4639/5572] 'Rinus Van Alebeek' -> USED_BY [free-music-archive] (6)
[4640/5572] 'cHelek' -> USED_BY [free-music-archive] (6)
[4641/5572] 'Nothing People' -> USED_BY [free-music-archive] (6)
[4642/5572] '1st Dude' -> USED_BY [free-music-archive] (6)
[4643/5572] 'Chan Wai Fat' -> USED_BY [free-music-archive] (6)
[4644/5572] 'Nueve de dos' -> USED_BY [free-music-archive] (6)
[4645/5572] 'Boom Dispenser' -> USED_BY [free-music-archive] (6)
[4646/5572] 'Bnegão & Os Seletores de Freqüência' -> USED_BY [free-music-archive] (30)
[4647/5572] 'Decapitado' -> USED_BY [free-music-archive] (6)
[4648/5572] 'The New Heaven & The New Earth' -> USED_BY [free-music-archive] (8)
[4649/5572] 'Nathan Moomaw' -> USED_BY [free-music-archive] (6)
[4650/5572] 'Claudio Nuñez & Sergio Paolucci' -> USED_BY [free-music-archive] (6)
[4651/5572] 'John Roundcity & Dooley Wilson' -> USED_BY [free-music-archive] (6)
[4652/5572] 'Unas Rakraganh' -> USED_BY [free-music-archive] (7)
[4653/5572] 'Blok One' -> USED_BY [free-music-archive] (6)
[4654/5572] 'Chico Trujillo' -> USED_BY [free-music-archive] (98)
[4655/5572] 'The Jim Jones Revue' -> USED_BY [free-music-archive] (11)
[4656/5572] 'Bogdan' -> USED_BY [free-music-archive] (6)
[4657/5572] 'Dawn of MIDI' -> USED_BY [free-music-archive] (6)
[4658/5572] 'Tinitus' -> USED_BY [free-music-archive] (6)
[4659/5572] 'Sound of Ground' -> USED_BY [free-music-archive] (6)
[4660/5572] 'Chris Kucinski and Owen Osborn' -> USED_BY [free-music-archive] (6)
[4661/5572] '(none given)' -> USED_BY [free-music-archive] (6)
[4662/5572] 'Eola' -> USED_BY [free-music-archive] (18)
[4663/5572] 'Raül Refree' -> USED_BY [free-music-archive] (201)
[4664/5572] 'Pedro Vian' -> USED_BY [free-music-archive] (13)
[4665/5572] 'Kink Slap Simian' -> USED_BY [free-music-archive] (6)
[4666/5572] 'Decomentarium' -> USED_BY [free-music-archive] (6)
[4667/5572] 'The Communion' -> USED_BY [free-music-archive] (6)
[4668/5572] 'Children for Breakfast' -> USED_BY [free-music-archive] (6)
[4669/5572] 'Montañas' -> USED_BY [free-music-archive] (6)
[4670/5572] 'Peter Cora' -> USED_BY [free-music-archive] (6)
[4671/5572] 'Easy Action' -> USED_BY [free-music-archive] (6)
[4672/5572] 'The Model' -> USED_BY [free-music-archive] (6)
[4673/5572] 'Chocolate Chips' -> USED_BY [free-music-archive] (6)
[4674/5572] 'Gel' -> USED_BY [free-music-archive] (6)
[4675/5572] 'Rosebruit / Franck Smith' -> USED_BY [free-music-archive] (6)
[4676/5572] 'Joe McPhee' -> USED_BY [free-music-archive] (25)
[4677/5572] 'V.L.A.D.' -> USED_BY [free-music-archive] (6)
[4678/5572] "Ga'an" -> USED_BY [free-music-archive] (6)
[4679/5572] 'Cobra (avec logo panthère)' -> USED_BY [free-music-archive] (6)
[4680/5572] 'Univeria Zekt' -> USED_BY [free-music-archive] (7)
[4681/5572] 'Evening Fires' -> USED_BY [free-music-archive] (6)
[4682/5572] 'Mind over MIDI' -> USED_BY [free-music-archive] (7)
[4683/5572] 'Redtheplaneeet!!!' -> USED_BY [free-music-archive] (6)
[4684/5572] 'NEW YORK' -> USED_BY [free-music-archive] (9)
[4685/5572] 'The New Albert Beger Quartet' -> USED_BY [free-music-archive] (6)
[4686/5572] 'Stems' -> USED_BY [free-music-archive] (6)
[4687/5572] 'Hunton Quintet' -> USED_BY [free-music-archive] (6)
[4688/5572] 'I Drug Moy Gruzovik...' -> USED_BY [free-music-archive] (6)
[4689/5572] 'Rmeaajlimk' -> USED_BY [free-music-archive] (6)
[4690/5572] 'WoolenMen' -> USED_BY [free-music-archive] (35)
[4691/5572] 'Ludo Mich' -> USED_BY [free-music-archive] (6)
[4692/5572] 'Capullo' -> USED_BY [free-music-archive] (6)
[4693/5572] 'Dj Somatix' -> USED_BY [free-music-archive] (7)
[4694/5572] 'Fantastic Swimmers' -> USED_BY [free-music-archive] (6)
[4695/5572] 'Phil Lucking' -> USED_BY [free-music-archive] (6)
[4696/5572] 'Secrets Of The 45' -> USED_BY [free-music-archive] (6)
[4697/5572] 'Pollen Trio' -> USED_BY [free-music-archive] (6)
[4698/5572] 'Pulsipher' -> USED_BY [free-music-archive] (6)
[4699/5572] 'Kayaka' -> USED_BY [free-music-archive] (6)
[4700/5572] 'Dental Dames' -> USED_BY [free-music-archive] (6)
[4701/5572] 'Summertales' -> USED_BY [free-music-archive] (6)
[4702/5572] 'Zydepunks' -> USED_BY [free-music-archive] (21)
[4703/5572] 'Boyscout Discovery' -> USED_BY [free-music-archive] (6)
[4704/5572] 'Astrometria' -> USED_BY [free-music-archive] (6)
[4705/5572] 'Sea of Åland' -> USED_BY [free-music-archive] (6)
[4706/5572] 'Pogohm' -> USED_BY [free-music-archive] (6)
[4707/5572] '6128F' -> USED_BY [free-music-archive] (6)
[4708/5572] 'el zombi flash' -> USED_BY [free-music-archive] (6)
[4709/5572] 'Fulmarine Petrels' -> USED_BY [free-music-archive] (6)
[4710/5572] 'One Minute Wanda' -> USED_BY [free-music-archive] (6)
[4711/5572] '8bit bEtty' -> USED_BY [free-music-archive] (6)
[4712/5572] 'Nathan Meunier' -> USED_BY [free-music-archive] (6)
[4713/5572] 'Gorod' -> USED_BY [free-music-archive] (104)
[4714/5572] 'Soft Tags' -> USED_BY [free-music-archive] (6)
[4715/5572] 'Polka Dot Dot Dot' -> USED_BY [free-music-archive] (6)
[4716/5572] 'Emperor X' -> USED_BY [free-music-archive] (32)
[4717/5572] 'Elephant Micah' -> USED_BY [free-music-archive] (41)
[4718/5572] 'SECRETARIAT' -> USED_BY [free-music-archive] (6)
[4719/5572] 'My Teenage Stride' -> USED_BY [free-music-archive] (8)
[4720/5572] 'Demiran \u0106erimovi\u0107 and His Orkestar' ERROR: 'charmap' codec can't encode character '\u0106' in position 21: character maps to <undefined>
[4721/5572] 'O.O.O.' -> USED_BY [free-music-archive] (6)
[4722/5572] 'Tzara' -> USED_BY [free-music-archive] (7)
[4723/5572] 'Luís Antero' -> USED_BY [free-music-archive] (6)
[4724/5572] 'The Side Effect' -> USED_BY [free-music-archive] (6)
[4725/5572] 'ANT' -> USED_BY [free-music-archive] (6)
[4726/5572] 'Purling Hiss' -> USED_BY [free-music-archive] (6)
[4727/5572] 'Huun\u2010Huur\u2010Tu' ERROR: 'charmap' codec can't encode character '\u2010' in position 17: character maps to <undefined>
[4728/5572] 'Dronæment' -> USED_BY [free-music-archive] (15)
[4729/5572] 'BL\u25b2CK † CEILING' ERROR: 'charmap' codec can't encode character '\u25b2' in position 15: character maps to <undefined>
[4730/5572] 'Various Artists [Chinstrap Music]' -> USED_BY [free-music-archive] (6)
[4731/5572] 'La Big Vic' -> USED_BY [free-music-archive] (6)
[4732/5572] 'Milk Music' -> USED_BY [free-music-archive] (22)
[4733/5572] 'Nadja' -> USED_BY [free-music-archive] (44)
[4734/5572] 'Noisewaves' -> USED_BY [free-music-archive] (6)
[4735/5572] 'Curumin' -> USED_BY [free-music-archive] (99)
[4736/5572] 'Roman Stolyar & Ilia Belorukov' -> USED_BY [free-music-archive] (6)
[4737/5572] 'Flowerheads' -> USED_BY [free-music-archive] (6)
[4738/5572] 'Frau' -> USED_BY [free-music-archive] (17)
[4739/5572] 'Heezen' -> USED_BY [free-music-archive] (6)
[4740/5572] 'Evan Rapport & Chuck Bettis' -> USED_BY [free-music-archive] (6)
[4741/5572] 'Baiyu' -> USED_BY [free-music-archive] (26)
[4742/5572] 'Houdini Roadshow' -> USED_BY [free-music-archive] (6)
[4743/5572] 'Judith Cohen' -> USED_BY [free-music-archive] (6)
[4744/5572] 'Tag Cloud' -> USED_BY [free-music-archive] (6)
[4745/5572] 'Bbigpigg' -> USED_BY [free-music-archive] (7)
[4746/5572] 'Sir Isaac Pitman & Sons' -> USED_BY [free-music-archive] (6)
[4747/5572] 'V.A. Vol 1 (Shaman Herrera, Maximiliano Prietto, Werner Schneider)' -> USED_BY [free-music-archive] (6)
[4748/5572] 'Literature' -> USED_BY [free-music-archive] (10)
[4749/5572] 'Morsa' -> USED_BY [free-music-archive] (6)
[4750/5572] 'e:4c' -> USED_BY [free-music-archive] (6)
[4751/5572] 'Karl Hendricks Trio' -> USED_BY [free-music-archive] (7)
[4752/5572] 'Art Electronix' -> USED_BY [free-music-archive] (12)
[4753/5572] 'uBIK' -> USED_BY [free-music-archive] (6)
[4754/5572] 'Sanawon' -> USED_BY [free-music-archive] (6)
[4755/5572] 'Ash On Dust' -> USED_BY [free-music-archive] (6)
[4756/5572] '1in10/Varia' -> USED_BY [free-music-archive] (6)
[4757/5572] 'Brock Tyler' -> USED_BY [free-music-archive] (6)
[4758/5572] 'Farewell My Concubine' -> USED_BY [free-music-archive] (6)
[4759/5572] 'Gamardah Fungus' -> USED_BY [free-music-archive] (6)
[4760/5572] 'Ebsa' -> USED_BY [free-music-archive] (6)
[4761/5572] 'Alessandra Celletti' -> USED_BY [free-music-archive] (6)
[4762/5572] 'Bitmoth' -> USED_BY [free-music-archive] (6)
[4763/5572] 'REKchampa' -> USED_BY [free-music-archive] (6)
[4764/5572] 'Ga22' -> USED_BY [free-music-archive] (6)
[4765/5572] 'Eleventh Dream Day' -> USED_BY [free-music-archive] (27)
[4766/5572] 'Remote Desire' -> USED_BY [free-music-archive] (6)
[4767/5572] 'Sunshine and the Rain' -> USED_BY [free-music-archive] (8)
[4768/5572] 'The Ex' -> USED_BY [free-music-archive] (6)
[4769/5572] 'Salavano & Tsongo' -> USED_BY [free-music-archive] (6)
[4770/5572] 'Trevor Flowers' -> USED_BY [free-music-archive] (6)
[4771/5572] 'Iheka-Chama' -> USED_BY [free-music-archive] (6)
[4772/5572] 'Tanz' -> USED_BY [free-music-archive] (6)
[4773/5572] 'Richard Lloyd' -> USED_BY [free-music-archive] (13)
[4774/5572] 'Cud Eastbound' -> USED_BY [free-music-archive] (6)
[4775/5572] 'Jacques Le Coque' -> USED_BY [free-music-archive] (6)
[4776/5572] 'román ramón' -> USED_BY [free-music-archive] (6)
[4777/5572] '[ur:neon:ono]' -> USED_BY [free-music-archive] (6)
[4778/5572] 'maD & Alg0rh1tm' -> USED_BY [free-music-archive] (6)
[4779/5572] 'Punky Donch' -> USED_BY [free-music-archive] (6)
[4780/5572] 'Ghost Recon' -> USED_BY [free-music-archive] (6)
[4781/5572] 'GLITZ' -> USED_BY [free-music-archive] (6)
[4782/5572] 'Nick Corbo' -> USED_BY [free-music-archive] (6)
[4783/5572] 'Keep Them Alive' -> USED_BY [free-music-archive] (6)
[4784/5572] 'YlangYlang' -> USED_BY [free-music-archive] (7)
[4785/5572] 'Morse' -> USED_BY [free-music-archive] (6)
[4786/5572] 'Freddy & the Indifferents' -> USED_BY [free-music-archive] (6)
[4787/5572] 'Trabajo' -> USED_BY [free-music-archive] (6)
[4788/5572] 'Magnapinna' -> USED_BY [free-music-archive] (6)
[4789/5572] 'Butano Bazaar' -> USED_BY [free-music-archive] (6)
[4790/5572] 'Marlaja Virta & ono' -> USED_BY [free-music-archive] (6)
[4791/5572] 'J.L.A' -> USED_BY [free-music-archive] (6)
[4792/5572] 'Re-Arbeiten' -> USED_BY [free-music-archive] (7)
[4793/5572] 'LoveyDove' -> USED_BY [free-music-archive] (7)
[4794/5572] "Glenn Morrow's Cry for Help" -> USED_BY [free-music-archive] (10)
[4795/5572] 'Discepoli-Barbiero' -> USED_BY [free-music-archive] (6)
[4796/5572] 'Ffiper' -> USED_BY [free-music-archive] (6)
[4797/5572] 'SRVTR' -> USED_BY [free-music-archive] (6)
[4798/5572] 'Berthelot & Saccomani' -> USED_BY [free-music-archive] (6)
[4799/5572] 'Htoo Trio' -> USED_BY [free-music-archive] (6)
[4800/5572] 'Carlos Ramirez' -> USED_BY [free-music-archive] (6)
[4801/5572] 'Colonel XS' -> USED_BY [free-music-archive] (6)
[4802/5572] 'Moolen' -> USED_BY [free-music-archive] (6)
[4803/5572] 'D.Y.K.G.' -> USED_BY [free-music-archive] (6)
[4804/5572] 'Alejandro Remeseiro' -> USED_BY [free-music-archive] (6)
[4805/5572] 'Rosendo J. Rocha' -> USED_BY [free-music-archive] (9)
[4806/5572] 'piotr-heslin' -> USED_BY [free-music-archive] (7)
[4807/5572] 'Shadows On The Snow' -> USED_BY [free-music-archive] (12)
[4808/5572] 'Cutside' -> USED_BY [free-music-archive] (6)
[4809/5572] 'Artoh' -> USED_BY [free-music-archive] (6)
[4810/5572] 'Name Your Fear' -> USED_BY [free-music-archive] (6)
[4811/5572] 'AWOTT' -> USED_BY [free-music-archive] (6)
[4812/5572] 'Hazarda Bruo Sonsistemo' -> USED_BY [free-music-archive] (6)
[4813/5572] 'Derek Joe Brockett' -> USED_BY [free-music-archive] (6)
[4814/5572] 'Laura Warholic' -> USED_BY [free-music-archive] (6)
[4815/5572] 'Tres Tristes Tangos' -> USED_BY [free-music-archive] (6)
[4816/5572] 'Machine Death' -> USED_BY [free-music-archive] (6)
[4817/5572] 'Au Fond Du Car' -> USED_BY [free-music-archive] (6)
[4818/5572] 'Gregoire Fiaux' -> USED_BY [free-music-archive] (6)
[4819/5572] 'dsbrdr' -> USED_BY [free-music-archive] (6)
[4820/5572] 'Ion (Romania)' -> USED_BY [free-music-archive] (6)
[4821/5572] 'Metatron' -> USED_BY [free-music-archive] (6)
[4822/5572] 'Trio Metrik' -> USED_BY [free-music-archive] (6)
[4823/5572] 'Adapt' -> USED_BY [free-music-archive] (6)
[4824/5572] 'Mighty Mega' -> USED_BY [free-music-archive] (6)
[4825/5572] 'Sally Crewe And the Sudden Moves' -> USED_BY [free-music-archive] (20)
[4826/5572] 'Zulal' -> USED_BY [free-music-archive] (6)
[4827/5572] 'Beech Creeps' -> USED_BY [free-music-archive] (6)
[4828/5572] 'Big Mean Sound Machine' -> USED_BY [free-music-archive] (6)
[4829/5572] 'Jake McKelvie & the Countertops' -> USED_BY [free-music-archive] (22)
[4830/5572] 'moody alien' -> USED_BY [free-music-archive] (6)
[4831/5572] 'Jacopo Tore' -> USED_BY [free-music-archive] (6)
[4832/5572] 'Eddi Front' -> USED_BY [free-music-archive] (10)
[4833/5572] 'Bison' -> USED_BY [free-music-archive] (6)
[4834/5572] 'Uncle Lew' -> USED_BY [free-music-archive] (6)
[4835/5572] 'Allysen Callery' -> USED_BY [free-music-archive] (6)
[4836/5572] 'Ghofra Z' -> USED_BY [free-music-archive] (6)
[4837/5572] '3K3' -> USED_BY [free-music-archive] (6)
[4838/5572] 'John Butcher' -> USED_BY [free-music-archive] (6)
[4839/5572] 'Mutual Hallucinations' -> USED_BY [free-music-archive] (5)
[4840/5572] 'Manikin' -> USED_BY [free-music-archive] (5)
[4841/5572] 'Wrexsoul' -> USED_BY [free-music-archive] (5)
[4842/5572] 'Universildo' -> USED_BY [free-music-archive] (5)
[4843/5572] 'Chris Corsano' -> USED_BY [free-music-archive] (12)
[4844/5572] 'BornPilot' -> USED_BY [free-music-archive] (6)
[4845/5572] 'Alec K. Redfearn and the Eyesores' -> USED_BY [free-music-archive] (17)
[4846/5572] 'Kevin Shields' -> USED_BY [free-music-archive] (5)
[4847/5572] 'Lungs Of A Giant' -> USED_BY [free-music-archive] (5)
[4848/5572] 'The Moonlighters' -> USED_BY [free-music-archive] (5)
[4849/5572] 'Necropolis' -> USED_BY [free-music-archive] (5)
[4850/5572] 'Tommy Jay' -> USED_BY [free-music-archive] (5)
[4851/5572] 'Vincebus Eruptum' -> USED_BY [free-music-archive] (5)
[4852/5572] 'Au' -> USED_BY [free-music-archive] (9)
[4853/5572] 'Baskervilles' -> USED_BY [free-music-archive] (9)
[4854/5572] 'Byron Coley' -> USED_BY [free-music-archive] (5)
[4855/5572] 'Chris Moore' -> USED_BY [free-music-archive] (5)
[4856/5572] 'Golden Dogs' -> USED_BY [free-music-archive] (5)
[4857/5572] 'Great Plains' -> USED_BY [free-music-archive] (5)
[4858/5572] 'Leather Uppers' -> USED_BY [free-music-archive] (5)
[4859/5572] 'Matt Baldwin' -> USED_BY [free-music-archive] (5)
[4860/5572] 'MetroFolk' -> USED_BY [free-music-archive] (5)
[4861/5572] 'Nalle' -> USED_BY [free-music-archive] (5)
[4862/5572] 'Gentleman Jesse and His Men' -> USED_BY [free-music-archive] (5)
[4863/5572] 'Flaming Fire' -> USED_BY [free-music-archive] (5)
[4864/5572] 'Bleep' -> USED_BY [free-music-archive] (5)
[4865/5572] 'Sir Richard Bishop' -> USED_BY [free-music-archive] (6)
[4866/5572] 'Alvaro' -> USED_BY [free-music-archive] (5)
[4867/5572] 'G Orwell' -> USED_BY [free-music-archive] (5)
[4868/5572] 'MV + EE' -> USED_BY [free-music-archive] (12)
[4869/5572] 'Naked on the Vague' -> USED_BY [free-music-archive] (5)
[4870/5572] 'QQQ' -> USED_BY [free-music-archive] (5)
[4871/5572] 'Puffy Areolas' -> USED_BY [free-music-archive] (5)
[4872/5572] 'Patrick Porter' -> USED_BY [free-music-archive] (5)
[4873/5572] 'M Shanghai String Band' -> USED_BY [free-music-archive] (5)
[4874/5572] 'Skryxl' -> USED_BY [free-music-archive] (5)
[4875/5572] 'Yosef-Joseph Dadoune & Guest Star Reef Cohen' -> USED_BY [free-music-archive] (5)
[4876/5572] 'Anonymous Choir' -> USED_BY [free-music-archive] (5)
[4877/5572] 'Akron/Family' -> USED_BY [free-music-archive] (131)
[4878/5572] 'Wizzard Sleeve' -> USED_BY [free-music-archive] (5)
[4879/5572] 'Grey Gersten & G. Lucas Crane' -> USED_BY [free-music-archive] (5)
[4880/5572] 'Night Gallery' -> USED_BY [free-music-archive] (5)
[4881/5572] 'Die elektrischen' -> USED_BY [free-music-archive] (29)
[4882/5572] 'Rosemary Krust' -> USED_BY [free-music-archive] (5)
[4883/5572] 'Jeffrey Lewis' -> USED_BY [free-music-archive] (5)
[4884/5572] 'Victoire' -> USED_BY [free-music-archive] (5)
[4885/5572] 'Ceremony' -> USED_BY [free-music-archive] (22)
[4886/5572] 'Screen Vinyl Image' -> USED_BY [free-music-archive] (5)
[4887/5572] 'Jared Mees & the Grown Children' -> USED_BY [free-music-archive] (86)
[4888/5572] 'Monta' -> USED_BY [free-music-archive] (5)
[4889/5572] 'Dapayk Solo' -> USED_BY [free-music-archive] (6)
[4890/5572] 'Pierre De Gaillande' -> USED_BY [free-music-archive] (17)
[4891/5572] "Neal and Nancy O'Doan" -> USED_BY [free-music-archive] (5)
[4892/5572] 'Dagos' -> USED_BY [free-music-archive] (5)
[4893/5572] 'Throcke' -> USED_BY [free-music-archive] (5)
[4894/5572] 'Salam' -> USED_BY [free-music-archive] (5)
[4895/5572] 'The New Mellow Edwards' -> USED_BY [free-music-archive] (5)
[4896/5572] 'The Shining Path' -> USED_BY [free-music-archive] (5)
[4897/5572] 'Noiz Complaint' -> USED_BY [free-music-archive] (5)
[4898/5572] 'Jonathan Biss' -> USED_BY [free-music-archive] (12)
[4899/5572] 'The Friendly Dimension' -> USED_BY [free-music-archive] (5)
[4900/5572] 'Stendek' -> USED_BY [free-music-archive] (6)
[4901/5572] 'The Frightingales' -> USED_BY [free-music-archive] (5)
[4902/5572] 'Nikki Giovanni' -> USED_BY [free-music-archive] (24)
[4903/5572] 'Rebe' -> USED_BY [free-music-archive] (5)
[4904/5572] 'Paul "Wine" Jones' -> USED_BY [free-music-archive] (5)
[4905/5572] 'Wildbirds & Peacedrums' -> USED_BY [free-music-archive] (29)
[4906/5572] 'Clay Ross and Matuto' -> USED_BY [free-music-archive] (5)
[4907/5572] 'Rushus' -> USED_BY [free-music-archive] (5)
[4908/5572] 'Alina Simone' -> USED_BY [free-music-archive] (19)
[4909/5572] 'Kate Power' -> USED_BY [free-music-archive] (5)
[4910/5572] 'Steve Einhorn' -> USED_BY [free-music-archive] (5)
[4911/5572] 'Jacob Smigel' -> USED_BY [free-music-archive] (9)
[4912/5572] 'Lushlife' -> USED_BY [free-music-archive] (118)
[4913/5572] 'Guinea Worms' -> USED_BY [free-music-archive] (5)
[4914/5572] "Here's How" -> USED_BY [free-music-archive] (5)
[4915/5572] 'Phallic Suns' -> USED_BY [free-music-archive] (5)
[4916/5572] 'Pierced Arrows' -> USED_BY [free-music-archive] (5)
[4917/5572] 'The Nightingales' -> USED_BY [free-music-archive] (5)
[4918/5572] 'Tullycraft' -> USED_BY [free-music-archive] (133)
[4919/5572] 'Narwhalz (of sound)' -> USED_BY [free-music-archive] (5)
[4920/5572] 'Ultrathin' -> USED_BY [free-music-archive] (5)
[4921/5572] 'Solomonoff and Von Hoffmannstahl' -> USED_BY [free-music-archive] (5)
[4922/5572] 'Dielectric Drone All-Stars' -> USED_BY [free-music-archive] (5)
[4923/5572] 'Sonic Suicide Squad' -> USED_BY [free-music-archive] (5)
[4924/5572] 'Arborea' -> USED_BY [free-music-archive] (6)
[4925/5572] 'Steven R. Smith' -> USED_BY [free-music-archive] (7)
[4926/5572] 'Flavia and the Motonets' -> USED_BY [free-music-archive] (6)
[4927/5572] 'The Eskalators' -> USED_BY [free-music-archive] (5)
[4928/5572] 'Messer Chups' -> USED_BY [free-music-archive] (157)
[4929/5572] 'Daniel Johnston' -> USED_BY [free-music-archive] (205)
[4930/5572] 'Taylor Ho Bynum/Tomas Fujiwara Duo' -> USED_BY [free-music-archive] (5)
[4931/5572] 'Meg Baird' -> USED_BY [free-music-archive] (74)
[4932/5572] 'Mira Cook' -> USED_BY [free-music-archive] (6)
[4933/5572] 'Weasel Walter' -> USED_BY [free-music-archive] (5)
[4934/5572] 'Shorthand Phonetics' -> USED_BY [free-music-archive] (5)
[4935/5572] 'Harlequinade/Texture' -> USED_BY [free-music-archive] (5)
[4936/5572] 'Unmen' -> USED_BY [free-music-archive] (5)
[4937/5572] 'Duran Duran Duran' -> USED_BY [free-music-archive] (5)
[4938/5572] 'John Wicks and Paul Collins' -> USED_BY [free-music-archive] (5)
[4939/5572] 'Smoked Meat Fax Machine' -> USED_BY [free-music-archive] (5)
[4940/5572] 'Flexible Music' -> USED_BY [free-music-archive] (5)
[4941/5572] 'Thieves Like Us' -> USED_BY [free-music-archive] (92)
[4942/5572] 'Courtis' -> USED_BY [free-music-archive] (10)
[4943/5572] 'Moore' -> USED_BY [free-music-archive] (11)
[4944/5572] 'Sleaze' -> USED_BY [free-music-archive] (79)
[4945/5572] 'Light Under Water' -> USED_BY [free-music-archive] (5)
[4946/5572] 'Wizardry' -> USED_BY [free-music-archive] (5)
[4947/5572] 'Marianne Nowottny' -> USED_BY [free-music-archive] (5)
[4948/5572] 'Brown Recluse Sings' -> USED_BY [free-music-archive] (8)
[4949/5572] "Pharaoh's Daughter" -> USED_BY [free-music-archive] (6)
[4950/5572] '_jjj_' -> USED_BY [free-music-archive] (5)
[4951/5572] 'The Night Owl' -> USED_BY [free-music-archive] (155)
[4952/5572] 'Cantonement Jazz Band' -> USED_BY [free-music-archive] (5)
[4953/5572] 'Ian Nagoski' -> USED_BY [free-music-archive] (5)
[4954/5572] 'Dragging an Ox Through Water' -> USED_BY [free-music-archive] (5)
[4955/5572] 'Fuzz Unlimited' -> USED_BY [free-music-archive] (5)
[4956/5572] 'Yan Yalego' -> USED_BY [free-music-archive] (5)
[4957/5572] 'Sodadosa' -> USED_BY [free-music-archive] (5)
[4958/5572] 'Marianne Dissard' -> USED_BY [free-music-archive] (5)
[4959/5572] 'Pyramid Scheme Trio' -> USED_BY [free-music-archive] (5)
[4960/5572] 'Mimi Sun' -> USED_BY [free-music-archive] (5)
[4961/5572] 'Lyn Goeringer' -> USED_BY [free-music-archive] (5)
[4962/5572] 'Anla Courtis' -> USED_BY [free-music-archive] (10)
[4963/5572] 'Dustin Wong' -> USED_BY [free-music-archive] (7)
[4964/5572] 'Kenneth Kirschner' -> USED_BY [free-music-archive] (6)
[4965/5572] "Curtis Hasselbring's Decoupage" -> USED_BY [free-music-archive] (5)
[4966/5572] 'Zengineers' -> USED_BY [free-music-archive] (5)
[4967/5572] 'Zaïmph' -> USED_BY [free-music-archive] (5)
[4968/5572] 'Peerless Quartet' -> USED_BY [free-music-archive] (14)
[4969/5572] 'Jeffrey Letterly' -> USED_BY [free-music-archive] (5)
[4970/5572] 'Lebensjunge' -> USED_BY [free-music-archive] (5)
[4971/5572] 'Satori' -> USED_BY [free-music-archive] (5)
[4972/5572] 'The Axemen' -> USED_BY [free-music-archive] (5)
[4973/5572] 'Glass Candy' -> USED_BY [free-music-archive] (5)
[4974/5572] 'The Yes Sirs' -> USED_BY [free-music-archive] (5)
[4975/5572] 'F master F' -> USED_BY [free-music-archive] (5)
[4976/5572] 'mr_melvis' -> USED_BY [free-music-archive] (6)
[4977/5572] 'Kalashnikov' -> USED_BY [free-music-archive] (5)
[4978/5572] 'Holly Golightly' -> USED_BY [free-music-archive] (176)
[4979/5572] 'Borre Zon' -> USED_BY [free-music-archive] (5)
[4980/5572] 'Hexlove' -> USED_BY [free-music-archive] (25)
[4981/5572] 'Jason Forrest' -> USED_BY [free-music-archive] (6)
[4982/5572] 'The Waco Brothers' -> USED_BY [free-music-archive] (50)
[4983/5572] 'Silas Leachman' -> USED_BY [free-music-archive] (5)
[4984/5572] 'Javelin' -> USED_BY [free-music-archive] (5)
[4985/5572] '25 \u041a\u0423\u0421\u0422\u041e\u0412' ERROR: 'charmap' codec can't encode characters in position 16-21: character maps to <undefined>
[4986/5572] 'DMN Productions' -> USED_BY [free-music-archive] (5)
[4987/5572] 'Easy Rider' -> USED_BY [free-music-archive] (5)
[4988/5572] 'mangulicaFM' -> USED_BY [free-music-archive] (6)
[4989/5572] 'Ezylohm_tek' -> USED_BY [free-music-archive] (5)
[4990/5572] 'Organic Anagram' -> USED_BY [free-music-archive] (5)
[4991/5572] 'Aires' -> USED_BY [free-music-archive] (5)
[4992/5572] 'Italian Village Music and Dance' -> USED_BY [free-music-archive] (5)
[4993/5572] 'Wind of Anatolia' -> USED_BY [free-music-archive] (5)
[4994/5572] 'Mudlark' -> USED_BY [free-music-archive] (5)
[4995/5572] 'Akoustik Timbre Frekuency' -> USED_BY [free-music-archive] (5)
[4996/5572] 'Johannes Bergmark' -> USED_BY [free-music-archive] (5)
[4997/5572] 'Rob Rob Rob' -> USED_BY [free-music-archive] (5)
[4998/5572] 'Dark Urrru' -> USED_BY [free-music-archive] (5)
[4999/5572] 'Extrapool' -> USED_BY [free-music-archive] (5)
[5000/5572] 'So Brown' -> USED_BY [free-music-archive] (5)
[5001/5572] 'La Sabrosa Sabrosura' -> USED_BY [free-music-archive] (5)
[5002/5572] 'The Spits' -> USED_BY [free-music-archive] (105)
[5003/5572] 'Broken Hours' -> USED_BY [free-music-archive] (5)
[5004/5572] 'gift' -> USED_BY [free-music-archive] (5)
[5005/5572] 'Nandas' -> USED_BY [free-music-archive] (5)
[5006/5572] 'Boogarins' -> USED_BY [free-music-archive] (159)
[5007/5572] 'Carsick Cars' -> USED_BY [free-music-archive] (15)
[5008/5572] '11è étage' -> USED_BY [free-music-archive] (5)
[5009/5572] 'The Safes' -> USED_BY [free-music-archive] (5)
[5010/5572] 'Bassling' -> USED_BY [free-music-archive] (5)
[5011/5572] 'Edoardo Romani Capelo' -> USED_BY [free-music-archive] (5)
[5012/5572] 'Elbee' -> USED_BY [free-music-archive] (5)
[5013/5572] 'fp' -> USED_BY [free-music-archive] (6)
[5014/5572] 'Courtney Barnett' -> USED_BY [free-music-archive] (171)
[5015/5572] 'Peter Kerlin Octet' -> USED_BY [free-music-archive] (5)
[5016/5572] 'Michaela Anne' -> USED_BY [free-music-archive] (92)
[5017/5572] 'Zach Fleury' -> USED_BY [free-music-archive] (5)
[5018/5572] 'cultureculture' -> USED_BY [free-music-archive] (5)
[5019/5572] 'Kepi Ghoulie' -> USED_BY [free-music-archive] (6)
[5020/5572] 'VANIISH' -> USED_BY [free-music-archive] (6)
[5021/5572] 'Razen' -> USED_BY [free-music-archive] (8)
[5022/5572] 'Orchester Ivana Tomovi\u010da' ERROR: 'charmap' codec can't encode character '\u010d' in position 35: character maps to <undefined>
[5023/5572] 'Newton Balloon' -> USED_BY [free-music-archive] (5)
[5024/5572] 'Hinterlandt' -> USED_BY [free-music-archive] (5)
[5025/5572] 'Andy Rantzen' -> USED_BY [free-music-archive] (5)
[5026/5572] 'chientaroli espinal rave vitale' -> USED_BY [free-music-archive] (5)
[5027/5572] 'These Guy' -> USED_BY [free-music-archive] (5)
[5028/5572] 'Il Sogno del Marinaio' -> USED_BY [free-music-archive] (8)
[5029/5572] 'Second Hand Rose' -> USED_BY [free-music-archive] (5)
[5030/5572] 'Arthur Henry Fork' -> USED_BY [free-music-archive] (5)
[5031/5572] 'Soonar' -> USED_BY [free-music-archive] (5)
[5032/5572] 'Sileni' -> USED_BY [free-music-archive] (5)
[5033/5572] 'Jubal' -> USED_BY [free-music-archive] (5)
[5034/5572] 'André Coelho' -> USED_BY [free-music-archive] (38)
[5035/5572] 'The Coconut Monkeyrocket' -> USED_BY [free-music-archive] (5)
[5036/5572] 'Mr. Airplane Man' -> USED_BY [free-music-archive] (6)
[5037/5572] 'Moons' -> USED_BY [free-music-archive] (5)
[5038/5572] '75 Dollar Bill' -> USED_BY [free-music-archive] (5)
[5039/5572] 'Brett Saxon' -> USED_BY [free-music-archive] (5)
[5040/5572] 'Madoka' -> USED_BY [free-music-archive] (5)
[5041/5572] 'Majestic Jam' -> USED_BY [free-music-archive] (5)
[5042/5572] 'Lord SC' -> USED_BY [free-music-archive] (5)
[5043/5572] 'Litvakus' -> USED_BY [free-music-archive] (5)
[5044/5572] 'Balkan Mind Meld' -> USED_BY [free-music-archive] (5)
[5045/5572] 'U.M.M.' -> USED_BY [free-music-archive] (5)
[5046/5572] 'FMA Overlords' -> USED_BY [free-music-archive] (5)
[5047/5572] 'Big Debbie' -> USED_BY [free-music-archive] (9)
[5048/5572] 'My Monthly Date' -> USED_BY [free-music-archive] (5)
[5049/5572] 'La Inédita' -> USED_BY [free-music-archive] (34)
[5050/5572] 'Ton Haring' -> USED_BY [free-music-archive] (5)
[5051/5572] 'compost haven' -> USED_BY [free-music-archive] (5)
[5052/5572] 'Tyranny is Tyranny' -> USED_BY [free-music-archive] (5)
[5053/5572] 'HOUTITOUTAH' -> USED_BY [free-music-archive] (5)
[5054/5572] 'Bagat' -> USED_BY [free-music-archive] (5)
[5055/5572] 'manuelgordiani.it - fabrizioab' -> USED_BY [free-music-archive] (5)
[5056/5572] 'J Mano' -> USED_BY [free-music-archive] (5)
[5057/5572] 'Iku × konofumin' -> USED_BY [free-music-archive] (5)
[5058/5572] 'Dead End Canada' -> USED_BY [free-music-archive] (5)
[5059/5572] 'Vholtz' -> USED_BY [free-music-archive] (5)
[5060/5572] 'Eszter Balint' -> USED_BY [free-music-archive] (6)
[5061/5572] 'Tandem Hat' -> USED_BY [free-music-archive] (5)
[5062/5572] 'The Dread' -> USED_BY [free-music-archive] (5)
[5063/5572] 'Hawkin' -> USED_BY [free-music-archive] (5)
[5064/5572] 'Zebra' -> USED_BY [free-music-archive] (5)
[5065/5572] 'The Fast Set' -> USED_BY [free-music-archive] (5)
[5066/5572] 'Clean' -> USED_BY [free-music-archive] (5)
[5067/5572] 'Pow Wows' -> USED_BY [free-music-archive] (5)
[5068/5572] 'k9d' -> USED_BY [free-music-archive] (5)
[5069/5572] 'TG Gondard' -> USED_BY [free-music-archive] (5)
[5070/5572] 'Prémio Mistério' -> USED_BY [free-music-archive] (5)
[5071/5572] 'peachonfuse' -> USED_BY [free-music-archive] (5)
[5072/5572] 'Quest Poetics' -> USED_BY [free-music-archive] (5)
[5073/5572] 'Leggysalad' -> USED_BY [free-music-archive] (6)
[5074/5572] 'Squarehead' -> USED_BY [free-music-archive] (8)
[5075/5572] 'The Universal Thump' -> USED_BY [free-music-archive] (5)
[5076/5572] 'h+' -> USED_BY [free-music-archive] (5)
[5077/5572] 'Morus Alba' -> USED_BY [free-music-archive] (5)
[5078/5572] 'Horsebladder' -> USED_BY [free-music-archive] (5)
[5079/5572] 'Ex Cops' -> USED_BY [free-music-archive] (18)
[5080/5572] 'Moore & Sons' -> USED_BY [free-music-archive] (5)
[5081/5572] 'Augustus Bro' -> USED_BY [free-music-archive] (5)
[5082/5572] 'Human Terminal' -> USED_BY [free-music-archive] (5)
[5083/5572] "Mizuki's Last Chance" -> USED_BY [free-music-archive] (5)
[5084/5572] 'Arcade Island' -> USED_BY [free-music-archive] (5)
[5085/5572] 'Tiny Hazard' -> USED_BY [free-music-archive] (6)
[5086/5572] 'A Magnifique Bande dos Homes sen Medo' -> USED_BY [free-music-archive] (5)
[5087/5572] 'Tamaryn' -> USED_BY [free-music-archive] (69)
[5088/5572] 'NTHnth STHsth' -> USED_BY [free-music-archive] (5)
[5089/5572] 'Misay Day' -> USED_BY [free-music-archive] (5)
[5090/5572] 'Agonidaeline' -> USED_BY [free-music-archive] (5)
[5091/5572] 'trollhead' -> USED_BY [free-music-archive] (5)
[5092/5572] 'Raklorom' -> USED_BY [free-music-archive] (5)
[5093/5572] 'Zlatni Makedoncinja' -> USED_BY [free-music-archive] (5)
[5094/5572] 'Noise Boletus' -> USED_BY [free-music-archive] (5)
[5095/5572] 'William Davison' -> USED_BY [free-music-archive] (5)
[5096/5572] 'The Green Kingdom' -> USED_BY [free-music-archive] (211)
[5097/5572] 'Roach Davies And The Fleas' -> USED_BY [free-music-archive] (5)
[5098/5572] 'Las Ardillas' -> USED_BY [free-music-archive] (6)
[5099/5572] '16 Squares G' -> USED_BY [free-music-archive] (5)
[5100/5572] 'Copy Your Idols' -> USED_BY [free-music-archive] (5)
[5101/5572] '\u0416.' ERROR: 'charmap' codec can't encode character '\u0416' in position 13: character maps to <undefined>
[5102/5572] 'Hapbt' -> USED_BY [free-music-archive] (5)
[5103/5572] 'Wild Leaves' -> USED_BY [free-music-archive] (5)
[5104/5572] 'Deke Naptar' -> USED_BY [free-music-archive] (5)
[5105/5572] 'Titfield Thunderbolt' -> USED_BY [free-music-archive] (5)
[5106/5572] 'First Rebirth' -> USED_BY [free-music-archive] (5)
[5107/5572] 'Radio 421' -> USED_BY [free-music-archive] (5)
[5108/5572] 'Telesthesia' -> USED_BY [free-music-archive] (5)
[5109/5572] 'Pigeons' -> USED_BY [free-music-archive] (5)
[5110/5572] 'Rafael González' -> USED_BY [free-music-archive] (5)
[5111/5572] 'Broken Water' -> USED_BY [free-music-archive] (14)
[5112/5572] 'The Laurels' -> USED_BY [free-music-archive] (8)
[5113/5572] 'Buskerdroid vs Microman' -> USED_BY [free-music-archive] (5)
[5114/5572] 'Bing Satellites' -> USED_BY [free-music-archive] (6)
[5115/5572] 'The Bomb Busters' -> USED_BY [free-music-archive] (5)
[5116/5572] 'babysitter' -> USED_BY [free-music-archive] (5)
[5117/5572] 'Shopping' -> USED_BY [free-music-archive] (5)
[5118/5572] 'Hunter-Gatherer' -> USED_BY [free-music-archive] (5)
[5119/5572] 'Broadcloth' -> USED_BY [free-music-archive] (5)
[5120/5572] 'Phirnis' -> USED_BY [free-music-archive] (5)
[5121/5572] 'Coma Stereo' -> USED_BY [free-music-archive] (5)
[5122/5572] 'William Tyler' -> USED_BY [free-music-archive] (102)
[5123/5572] 'Gottfried Ist Tot' -> USED_BY [free-music-archive] (5)
[5124/5572] 'Chuck Bettis & Joe Merolla' -> USED_BY [free-music-archive] (5)
[5125/5572] 'CCR Headcleaner' -> USED_BY [free-music-archive] (5)
[5126/5572] 'American Ice Age' -> USED_BY [free-music-archive] (5)
[5127/5572] 'A3ek' -> USED_BY [free-music-archive] (5)
[5128/5572] 'Ben Seretan and Alex Lewis' -> USED_BY [free-music-archive] (5)
[5129/5572] 'Globular' -> USED_BY [free-music-archive] (101)
[5130/5572] 'Daenjellson' -> USED_BY [free-music-archive] (5)
[5131/5572] 'Peter Thoegersen' -> USED_BY [free-music-archive] (5)
[5132/5572] 'River Phoenix' -> USED_BY [free-music-archive] (5)
[5133/5572] 'Rat Faced Boy' -> USED_BY [free-music-archive] (5)
[5134/5572] 'Chris Moss Acid' -> USED_BY [free-music-archive] (5)
[5135/5572] 'Sex Tide' -> USED_BY [free-music-archive] (5)
[5136/5572] 'Insane Ride' -> USED_BY [free-music-archive] (5)
[5137/5572] 'Hag Face' -> USED_BY [free-music-archive] (5)
[5138/5572] 'Jonathan Mann' -> USED_BY [free-music-archive] (87)
[5139/5572] 'TORRES' -> USED_BY [free-music-archive] (183)
[5140/5572] 'Kristus Kut' -> USED_BY [free-music-archive] (5)
[5141/5572] 'Wade Matthews' ERROR: 'id'
[5142/5572] 'Palloc' -> USED_BY [free-music-archive] (5)
[5143/5572] 'La Barca de Sua' -> USED_BY [free-music-archive] (6)
[5144/5572] 'Castevet' -> USED_BY [free-music-archive] (5)
[5145/5572] 'Dominic Lash' -> USED_BY [free-music-archive] (9)
[5146/5572] 'Mujeres' -> USED_BY [free-music-archive] (28)
[5147/5572] 'Birds of Avalon' -> USED_BY [free-music-archive] (5)
[5148/5572] 'Pika' -> USED_BY [free-music-archive] (5)
[5149/5572] 'Nunun' -> USED_BY [free-music-archive] (5)
[5150/5572] 'Balún' -> USED_BY [free-music-archive] (5)
[5151/5572] 'EugeneKha' -> USED_BY [free-music-archive] (5)
[5152/5572] 'Khidja' -> USED_BY [free-music-archive] (72)
[5153/5572] 'Nmperign' -> USED_BY [free-music-archive] (5)
[5154/5572] 'Matt Bauer' -> USED_BY [free-music-archive] (5)
[5155/5572] 'Pacific 231' -> USED_BY [free-music-archive] (5)
[5156/5572] 'The Chris Kelsey 4' -> USED_BY [free-music-archive] (5)
[5157/5572] 'Mittimus & Nix Pickler' -> USED_BY [free-music-archive] (5)
[5158/5572] 'Jooklo Duo' -> USED_BY [free-music-archive] (5)
[5159/5572] 'The Soubrettes' -> USED_BY [free-music-archive] (5)
[5160/5572] 'Whitman' -> USED_BY [free-music-archive] (5)
[5161/5572] 'Francesco Paolo Addati & Efisio Nicolò Sabiucciu' -> USED_BY [free-music-archive] (5)
[5162/5572] 'Blasterhead' -> USED_BY [free-music-archive] (6)
[5163/5572] 'Kodak to Graph' -> USED_BY [free-music-archive] (27)
[5164/5572] 'Call of the Wild' -> USED_BY [free-music-archive] (21)
[5165/5572] 'Cocolixe' -> USED_BY [free-music-archive] (5)
[5166/5572] 'Blue Ducks' -> USED_BY [free-music-archive] (5)
[5167/5572] 'Cian Nugent' -> USED_BY [free-music-archive] (14)
[5168/5572] 'PEÜR' -> USED_BY [free-music-archive] (5)
[5169/5572] 'Trailblazer' -> USED_BY [free-music-archive] (5)
[5170/5572] 'Man Bites Dog' -> USED_BY [free-music-archive] (5)
[5171/5572] 'Period' -> USED_BY [free-music-archive] (5)
[5172/5572] 'Goth Von Core' -> USED_BY [free-music-archive] (5)
[5173/5572] 'Xodie' -> USED_BY [free-music-archive] (5)
[5174/5572] 'floppy knobs' -> USED_BY [free-music-archive] (5)
[5175/5572] 'Félicia Atkinson' -> USED_BY [free-music-archive] (13)
[5176/5572] 'Graham Dunning' -> USED_BY [free-music-archive] (5)
[5177/5572] 'Maybe Watson' -> USED_BY [free-music-archive] (22)
[5178/5572] 'EUS' -> USED_BY [free-music-archive] (5)
[5179/5572] 'sumgii' -> USED_BY [free-music-archive] (51)
[5180/5572] 'BITCHES' -> USED_BY [free-music-archive] (7)
[5181/5572] 'Twill' -> USED_BY [free-music-archive] (5)
[5182/5572] 'Derk Zeds' -> USED_BY [free-music-archive] (5)
[5183/5572] 'Keith Chambers' -> USED_BY [free-music-archive] (5)
[5184/5572] 'Thomas William' -> USED_BY [free-music-archive] (5)
[5185/5572] 'mmpsuf' -> USED_BY [free-music-archive] (5)
[5186/5572] 'Nude Beach' -> USED_BY [free-music-archive] (5)
[5187/5572] 'MURCIELAGO' -> USED_BY [free-music-archive] (5)
[5188/5572] 'Chain & The Gang' -> USED_BY [free-music-archive] (26)
[5189/5572] 'marina poleukhina' -> USED_BY [free-music-archive] (5)
[5190/5572] 'Night Beats' -> USED_BY [free-music-archive] (154)
[5191/5572] 'Luke Roberts' -> USED_BY [free-music-archive] (15)
[5192/5572] 'Young Love' -> USED_BY [free-music-archive] (5)
[5193/5572] 'FAVORS' -> USED_BY [free-music-archive] (5)
[5194/5572] 'Wild Child' -> USED_BY [free-music-archive] (5)
[5195/5572] 'The Luddites' -> USED_BY [free-music-archive] (5)
[5196/5572] 'Silver Palace Songsmiths' -> USED_BY [free-music-archive] (5)
[5197/5572] 'The Loom' -> USED_BY [free-music-archive] (9)
[5198/5572] 'Pariah Carey' -> USED_BY [free-music-archive] (5)
[5199/5572] 'Zulus' -> USED_BY [free-music-archive] (5)
[5200/5572] 'Unknown Artist' -> USED_BY [free-music-archive] (63)
[5201/5572] 'The G.O.V.E.R.N.M.E.N.T.' -> USED_BY [free-music-archive] (5)
[5202/5572] 'No Class' -> USED_BY [free-music-archive] (5)
[5203/5572] 'Feeding Goats' -> USED_BY [free-music-archive] (5)
[5204/5572] 'Leif Elggren' -> USED_BY [free-music-archive] (5)
[5205/5572] 'Dead Doves' -> USED_BY [free-music-archive] (5)
[5206/5572] 'John Paul Keith' -> USED_BY [free-music-archive] (7)
[5207/5572] 'The White Wires' -> USED_BY [free-music-archive] (18)
[5208/5572] 'Bee and Flower' -> USED_BY [free-music-archive] (5)
[5209/5572] 'Aina Haina' -> USED_BY [free-music-archive] (5)
[5210/5572] 'Macamoto' -> USED_BY [free-music-archive] (5)
[5211/5572] 'Kathryn Calder' -> USED_BY [free-music-archive] (9)
[5212/5572] 'Inutili' -> USED_BY [free-music-archive] (5)
[5213/5572] 'Cara Leigh, Produced by Cornelius Julius' -> USED_BY [free-music-archive] (5)
[5214/5572] 'Blind Drunk John' -> USED_BY [free-music-archive] (5)
[5215/5572] '100%chevalier' -> USED_BY [free-music-archive] (5)
[5216/5572] 'Desatavientos' -> USED_BY [free-music-archive] (5)
[5217/5572] 'Rya' -> USED_BY [free-music-archive] (5)
[5218/5572] 'Stærosaurus' -> USED_BY [free-music-archive] (5)
[5219/5572] 'The Ex with Ken Vandermark' -> USED_BY [free-music-archive] (5)
[5220/5572] 'Andreas Woiger' -> USED_BY [free-music-archive] (5)
[5221/5572] 'Stephen Chopek' -> USED_BY [free-music-archive] (5)
[5222/5572] 'Those Darlins' -> USED_BY [free-music-archive] (25)
[5223/5572] 'Fake Species' -> USED_BY [free-music-archive] (5)
[5224/5572] 'Monsta-Pasta' -> USED_BY [free-music-archive] (5)
[5225/5572] 'Zenen Zeferino Huervo' -> USED_BY [free-music-archive] (6)
[5226/5572] 'Pictures of the Floating World' -> USED_BY [free-music-archive] (5)
[5227/5572] 'Anna von Hausswolff' -> USED_BY [free-music-archive] (101)
[5228/5572] 'Indiosingracia' -> USED_BY [free-music-archive] (5)
[5229/5572] 'Wume' -> USED_BY [free-music-archive] (5)
[5230/5572] 'Arbee' -> USED_BY [free-music-archive] (17)
[5231/5572] 'Cheap Talk' -> USED_BY [free-music-archive] (5)
[5232/5572] 'Zephaniah' -> USED_BY [free-music-archive] (25)
[5233/5572] 'The 18 Wheelers' -> USED_BY [free-music-archive] (5)
[5234/5572] 'Alessandra Novaga' -> USED_BY [free-music-archive] (5)
[5235/5572] 'DR' -> USED_BY [free-music-archive] (5)
[5236/5572] 'N.W.M.A.' -> USED_BY [free-music-archive] (5)
[5237/5572] 'Mercury and the Architects' -> USED_BY [free-music-archive] (18)
[5238/5572] 'Lonely Heart Blues Band' -> USED_BY [free-music-archive] (5)
[5239/5572] 'Silicone butt disaster' -> USED_BY [free-music-archive] (5)
[5240/5572] 'Maltsev Anton' -> USED_BY [free-music-archive] (5)
[5241/5572] 'Kurteek' -> USED_BY [free-music-archive] (5)
[5242/5572] 'SAA' -> USED_BY [free-music-archive] (5)
[5243/5572] 'Weird Kong' -> USED_BY [free-music-archive] (5)
[5244/5572] 'Bad Poet' -> USED_BY [free-music-archive] (6)
[5245/5572] 'Castles in the Sky' -> USED_BY [free-music-archive] (5)
[5246/5572] 'LeRouge' -> USED_BY [free-music-archive] (5)
[5247/5572] 'Tojamura 7' -> USED_BY [free-music-archive] (5)
[5248/5572] 'Christian Fiesel' -> USED_BY [free-music-archive] (5)
[5249/5572] 'Giant Gutter From Outer Space' -> USED_BY [free-music-archive] (13)
[5250/5572] 'Joni Void' -> USED_BY [free-music-archive] (5)
[5251/5572] 'Trent Noir' -> USED_BY [free-music-archive] (5)
[5252/5572] 'Cate Le Bon' -> USED_BY [free-music-archive] (142)
[5253/5572] 'Wimps' -> USED_BY [free-music-archive] (5)
[5254/5572] 'Harmonic Defiance' -> USED_BY [free-music-archive] (6)
[5255/5572] 'Bloque del Sur' -> USED_BY [free-music-archive] (5)
[5256/5572] 'Deltamorphon' -> USED_BY [free-music-archive] (5)
[5257/5572] 'Real Vocal String Quartet' -> USED_BY [free-music-archive] (5)
[5258/5572] 'Grey Park' -> USED_BY [free-music-archive] (5)
[5259/5572] 'letterfounder   slow bodega' -> USED_BY [free-music-archive] (5)
[5260/5572] 'Vaz' -> USED_BY [free-music-archive] (5)
[5261/5572] 'Pure Horsehair' -> USED_BY [free-music-archive] (5)
[5262/5572] 'Hertz - Metek' -> USED_BY [free-music-archive] (5)
[5263/5572] 'EON' -> USED_BY [free-music-archive] (5)
[5264/5572] 'EPV:BEYOND' -> USED_BY [free-music-archive] (5)
[5265/5572] 'Locust' -> USED_BY [free-music-archive] (5)
[5266/5572] 'Mars Payne' -> USED_BY [free-music-archive] (5)
[5267/5572] 'NOIR' -> USED_BY [free-music-archive] (8)
[5268/5572] 'Lauki' -> USED_BY [free-music-archive] (5)
[5269/5572] 'DNVN' -> USED_BY [free-music-archive] (5)
[5270/5572] 'Vanity' -> USED_BY [free-music-archive] (5)
[5271/5572] 'Chris Silver T' -> USED_BY [free-music-archive] (6)
[5272/5572] '\u041d\u0430 100 \u041f\u0440\u043e\u0446\u0435\u043d\u0442\u043e\u0432 \u041e\u0442\u043c\u0443\u0434\u043e\u0445\u0430\u043d\u043d\u0430\u044f \u0411\u0430\u0431\u0443\u043b\u044f' ERROR: 'charmap' codec can't encode characters in position 13-14: character maps to <undefined>
[5273/5572] 'BoyHoodBuchi' -> USED_BY [free-music-archive] (5)
[5274/5572] 'A Minor Place' -> USED_BY [free-music-archive] (5)
[5275/5572] 'Jaune Dark' -> USED_BY [free-music-archive] (5)
[5276/5572] 'Steve Adamyk BAND' -> USED_BY [free-music-archive] (72)
[5277/5572] 'Talugung / _blank' -> USED_BY [free-music-archive] (5)
[5278/5572] 'Cousin Silas' -> USED_BY [free-music-archive] (26)
[5279/5572] 'Assimilation' -> USED_BY [free-music-archive] (5)
[5280/5572] 'Skoz' -> USED_BY [free-music-archive] (5)
[5281/5572] 'Glas' -> USED_BY [free-music-archive] (5)
[5282/5572] 'Philipp Weigl' -> USED_BY [free-music-archive] (5)
[5283/5572] 'DRVN' -> USED_BY [free-music-archive] (5)
[5284/5572] 'Dure-mère' -> USED_BY [free-music-archive] (5)
[5285/5572] 'Zumaia' -> USED_BY [free-music-archive] (5)
[5286/5572] 'Emperor of the Dust Mites' -> USED_BY [free-music-archive] (5)
[5287/5572] 'Demoiselle Döner' -> USED_BY [free-music-archive] (5)
[5288/5572] 'Alex Mason' -> USED_BY [free-music-archive] (5)
[5289/5572] 'Sgntronics' -> USED_BY [free-music-archive] (5)
[5290/5572] 'Albufera' -> USED_BY [free-music-archive] (5)
[5291/5572] 'Miët' -> USED_BY [free-music-archive] (13)
[5292/5572] 'Jacket Thor' -> USED_BY [free-music-archive] (5)
[5293/5572] 'Rony Friedman' -> USED_BY [free-music-archive] (5)
[5294/5572] 'Leapling' -> USED_BY [free-music-archive] (19)
[5295/5572] 'The Nude Party' -> USED_BY [free-music-archive] (72)
[5296/5572] '.zigo' -> USED_BY [free-music-archive] (5)
[5297/5572] 'Cyrus' -> USED_BY [free-music-archive] (6)
[5298/5572] 'Taner Tumkaya' -> USED_BY [free-music-archive] (5)
[5299/5572] 'NO FUTURE' -> USED_BY [free-music-archive] (5)
[5300/5572] 'Trillion Catz' -> USED_BY [free-music-archive] (5)
[5301/5572] 'Mat U Stone' -> USED_BY [free-music-archive] (5)
[5302/5572] 'Behavior' -> USED_BY [free-music-archive] (5)
[5303/5572] 'SUSIJAT' -> USED_BY [free-music-archive] (5)
[5304/5572] "Say 'Kiss Me'" -> USED_BY [free-music-archive] (5)
[5305/5572] 'Sahara Sky' -> USED_BY [free-music-archive] (5)
[5306/5572] 'Ainst Char' -> USED_BY [free-music-archive] (5)
[5307/5572] 'Thee Oregon Artificial Limb Co.' -> USED_BY [free-music-archive] (5)
[5308/5572] 'Sylvie Simmons' -> USED_BY [free-music-archive] (5)
[5309/5572] 'Lota' -> USED_BY [free-music-archive] (5)
[5310/5572] 'Black Masala' -> USED_BY [free-music-archive] (5)
[5311/5572] 'Sublamp' -> USED_BY [free-music-archive] (5)
[5312/5572] 'The Hunters' -> USED_BY [free-music-archive] (5)
[5313/5572] 'Mela Zeta' -> USED_BY [free-music-archive] (5)
[5314/5572] 'Balún' -> USED_BY [free-music-archive] (52)
[5315/5572] 'Dennis Diken with Bell Sound' -> USED_BY [free-music-archive] (6)
[5316/5572] 'a Foggy Realm' -> USED_BY [free-music-archive] (5)
[5317/5572] 'Martha Moopette, Heather McCal' -> USED_BY [free-music-archive] (5)
[5318/5572] 'I, Cactus' -> USED_BY [free-music-archive] (5)
[5319/5572] 'Rhoda' -> USED_BY [free-music-archive] (5)
[5320/5572] 'CTV.' -> USED_BY [free-music-archive] (5)
[5321/5572] 'Aunt Jamamas Big Band Vigilantes' -> USED_BY [free-music-archive] (5)
[5322/5572] 'The Grand Astoria' -> USED_BY [free-music-archive] (5)
[5323/5572] "Hugo 'Droopy' Contini" -> USED_BY [free-music-archive] (5)
[5324/5572] 'AQM' -> USED_BY [free-music-archive] (5)
[5325/5572] 'Same Actor' -> USED_BY [free-music-archive] (5)
[5326/5572] 'Iron Man' -> USED_BY [free-music-archive] (64)
[5327/5572] 'Sinus Buds and kuz.b' -> USED_BY [free-music-archive] (5)
[5328/5572] 'Scott Joplin' -> USED_BY [free-music-archive] (266)
[5329/5572] 'Trash80' -> USED_BY [free-music-archive] (42)
[5330/5572] 'The Truth About Frank' -> USED_BY [free-music-archive] (5)
[5331/5572] 'Amy Sayer' -> USED_BY [free-music-archive] (5)
[5332/5572] 'USK' -> USED_BY [free-music-archive] (5)
[5333/5572] 'Chriss Sutherland' -> USED_BY [free-music-archive] (5)
[5334/5572] 'Louis' -> USED_BY [free-music-archive] (7)
[5335/5572] 'Eric Lindley' -> USED_BY [free-music-archive] (5)
[5336/5572] 'Rifhes' -> USED_BY [free-music-archive] (5)
[5337/5572] 'Remote' -> USED_BY [free-music-archive] (5)
[5338/5572] 'Lazer Crystal' -> USED_BY [free-music-archive] (5)
[5339/5572] 'HeavyFeet' -> USED_BY [free-music-archive] (5)
[5340/5572] 'Cecilia Lopez' -> USED_BY [free-music-archive] (5)
[5341/5572] 'bill bissett' -> USED_BY [free-music-archive] (13)
[5342/5572] 'Th Mandan Massacre' -> USED_BY [free-music-archive] (5)
[5343/5572] 'White Suns' -> USED_BY [free-music-archive] (17)
[5344/5572] 'Alozeau & Jean Montag' -> USED_BY [free-music-archive] (5)
[5345/5572] 'Lou Barlow' -> USED_BY [free-music-archive] (5)
[5346/5572] 'Papa M' -> USED_BY [free-music-archive] (27)
[5347/5572] "THE! & Ruben D'Hers" -> USED_BY [free-music-archive] (5)
[5348/5572] 'Zombie Raiders' -> USED_BY [free-music-archive] (5)
[5349/5572] 'Chico Mann' -> USED_BY [free-music-archive] (14)
[5350/5572] 'Illinois Brass Band' -> USED_BY [free-music-archive] (5)
[5351/5572] 'Dr. Frankenstein' -> USED_BY [free-music-archive] (38)
[5352/5572] 'Invacuo' -> USED_BY [free-music-archive] (5)
[5353/5572] 'Wisdom Tooth' -> USED_BY [free-music-archive] (5)
[5354/5572] 'DJ Skull Vomit' -> USED_BY [free-music-archive] (8)
[5355/5572] 'zBlug' -> USED_BY [free-music-archive] (5)
[5356/5572] 'Tony Castles' -> USED_BY [free-music-archive] (9)
[5357/5572] 'Kido' -> USED_BY [free-music-archive] (5)
[5358/5572] 'Back to the Future the Ride' -> USED_BY [free-music-archive] (5)
[5359/5572] 'Adam & Alma' -> USED_BY [free-music-archive] (5)
[5360/5572] 'The Spektakuler' -> USED_BY [free-music-archive] (5)
[5361/5572] 'Taju-Ukko' -> USED_BY [free-music-archive] (5)
[5362/5572] 'Dio Daga' -> USED_BY [free-music-archive] (5)
[5363/5572] 'Julian Lynch' -> USED_BY [free-music-archive] (5)
[5364/5572] 'Eok' -> USED_BY [free-music-archive] (5)
[5365/5572] 'Jamie Kimmel' -> USED_BY [free-music-archive] (5)
[5366/5572] 'Myo' -> USED_BY [free-music-archive] (5)
[5367/5572] 'The Duo' -> USED_BY [free-music-archive] (5)
[5368/5572] 'The Goner' -> USED_BY [free-music-archive] (5)
[5369/5572] 'Cone' -> USED_BY [free-music-archive] (5)
[5370/5572] 'Jeselsohn & Nuñez' -> USED_BY [free-music-archive] (5)
[5371/5572] 'Bomba Estéreo' -> USED_BY [free-music-archive] (192)
[5372/5572] 'The Legendary Pink Dots' -> USED_BY [free-music-archive] (29)
[5373/5572] 'Bobbie Peru' -> USED_BY [free-music-archive] (5)
[5374/5572] 'Sex Worker' -> USED_BY [free-music-archive] (5)
[5375/5572] 'weltAusstellung' -> USED_BY [free-music-archive] (5)
[5376/5572] 'MZ-N710' -> USED_BY [free-music-archive] (5)
[5377/5572] 'Damien Olsen' -> USED_BY [free-music-archive] (5)
[5378/5572] 'Willy Stamati' -> USED_BY [free-music-archive] (12)
[5379/5572] 'Horiso' -> USED_BY [free-music-archive] (5)
[5380/5572] 'Mesu Kasumai' -> USED_BY [free-music-archive] (5)
[5381/5572] 'Will Heikoop' -> USED_BY [free-music-archive] (5)
[5382/5572] 'Furniker' -> USED_BY [free-music-archive] (5)
[5383/5572] 'hhhnihhh' -> USED_BY [free-music-archive] (5)
[5384/5572] 'Ad Serpentae' -> USED_BY [free-music-archive] (5)
[5385/5572] '1400 POINTS DE SUTURE' -> USED_BY [free-music-archive] (9)
[5386/5572] 'Six Heads' -> USED_BY [free-music-archive] (5)
[5387/5572] 'Feu Machin' -> USED_BY [free-music-archive] (5)
[5388/5572] 'Christian Björklund' -> USED_BY [free-music-archive] (7)
[5389/5572] 'Boris & Olivier' -> USED_BY [free-music-archive] (5)
[5390/5572] 'Fol Chen' -> USED_BY [free-music-archive] (35)
[5391/5572] 'Without God' -> USED_BY [free-music-archive] (5)
[5392/5572] 'Cotton Candy' -> USED_BY [free-music-archive] (5)
[5393/5572] 'Madeline' -> USED_BY [free-music-archive] (42)
[5394/5572] 'Simptom Pogremushki' -> USED_BY [free-music-archive] (5)
[5395/5572] 'Gepe' -> USED_BY [free-music-archive] (205)
[5396/5572] 'Wizwars' -> USED_BY [free-music-archive] (5)
[5397/5572] 'Adviruz' -> USED_BY [free-music-archive] (5)
[5398/5572] 'Sadnes' -> USED_BY [free-music-archive] (5)
[5399/5572] 'Kaputt Kurzwellen' -> USED_BY [free-music-archive] (5)
[5400/5572] 'Kokomo' -> USED_BY [free-music-archive] (5)
[5401/5572] 'Fergus & Geronimo' -> USED_BY [free-music-archive] (25)
[5402/5572] '[Esc.] Laboratory' -> USED_BY [free-music-archive] (5)
[5403/5572] 'Cheapshot' -> USED_BY [free-music-archive] (6)
[5404/5572] 'MUTATE' -> USED_BY [free-music-archive] (7)
[5405/5572] 'Richard Lainhart' -> USED_BY [free-music-archive] (5)
[5406/5572] 'Antoine Beuger' -> USED_BY [free-music-archive] (5)
[5407/5572] 'Ellen Fullman' -> USED_BY [free-music-archive] (9)
[5408/5572] 'Copal' -> USED_BY [free-music-archive] (5)
[5409/5572] 'John Hyatt' -> USED_BY [free-music-archive] (5)
[5410/5572] 'exileFaker' -> USED_BY [free-music-archive] (5)
[5411/5572] 'Eliza Rickman' -> USED_BY [free-music-archive] (52)
[5412/5572] 'Long Long Long' -> USED_BY [free-music-archive] (6)
[5413/5572] 'Nagra' -> USED_BY [free-music-archive] (5)
[5414/5572] 'Noctambulo' -> USED_BY [free-music-archive] (5)
[5415/5572] 'Hypnomango' -> USED_BY [free-music-archive] (5)
[5416/5572] 'Himene Chorus' -> USED_BY [free-music-archive] (5)
[5417/5572] 'The Limiñanas' -> USED_BY [free-music-archive] (177)
[5418/5572] 'The Octagon' -> USED_BY [free-music-archive] (6)
[5419/5572] 'Afroskull' -> USED_BY [free-music-archive] (5)
[5420/5572] 'Ardei Iute (Moldavian string band)' -> USED_BY [free-music-archive] (5)
[5421/5572] 'El Niño del Parking' -> USED_BY [free-music-archive] (5)
[5422/5572] 'Ritualistic School of Errors' -> USED_BY [free-music-archive] (5)
[5423/5572] 'Nicolas Bernier' -> USED_BY [free-music-archive] (5)
[5424/5572] 'Simon Trottier' -> USED_BY [free-music-archive] (5)
[5425/5572] 'Akhet' -> USED_BY [free-music-archive] (5)
[5426/5572] 'Karpov Not Kasparov' -> USED_BY [free-music-archive] (5)
[5427/5572] 'Ela Orleans' -> USED_BY [free-music-archive] (5)
[5428/5572] '23ID' -> USED_BY [free-music-archive] (5)
[5429/5572] 'Liquor Store' -> USED_BY [free-music-archive] (6)
[5430/5572] 'Ofir K & Den Haag all stars' -> USED_BY [free-music-archive] (5)
[5431/5572] 'Machine, Dear' -> USED_BY [free-music-archive] (5)
[5432/5572] 'Herwig Holzmann' -> USED_BY [free-music-archive] (5)
[5433/5572] "MeDo's Little Trap" -> USED_BY [free-music-archive] (6)
[5434/5572] 'Sharon Van Etten' -> USED_BY [free-music-archive] (245)
[5435/5572] 'Serious Fun' -> USED_BY [free-music-archive] (5)
[5436/5572] 'The Dreebs' -> USED_BY [free-music-archive] (5)
[5437/5572] 'Mr Worry' -> USED_BY [free-music-archive] (5)
[5438/5572] 'Cleaners From Venus' -> USED_BY [free-music-archive] (174)
[5439/5572] 'Gentleman Jesse' -> USED_BY [free-music-archive] (5)
[5440/5572] 'Thomas Allan' -> USED_BY [free-music-archive] (5)
[5441/5572] 'Emperors of Blefuscu' -> USED_BY [free-music-archive] (5)
[5442/5572] 'Arrizabalaga, Bravo, Laginestra, Martinez' -> USED_BY [free-music-archive] (5)
[5443/5572] 'Setec' -> USED_BY [free-music-archive] (27)
[5444/5572] 'Amplified Cactus Salon' -> USED_BY [free-music-archive] (5)
[5445/5572] 'Sonny & The Sunsets' -> USED_BY [free-music-archive] (122)
[5446/5572] 'Birds Are Indie' -> USED_BY [free-music-archive] (9)
[5447/5572] 'Vespre' -> USED_BY [free-music-archive] (5)
[5448/5572] 'Martinibomb' -> USED_BY [free-music-archive] (5)
[5449/5572] 'BLOODHUFF' -> USED_BY [free-music-archive] (5)
[5450/5572] 'Julien Mier' -> USED_BY [free-music-archive] (11)
[5451/5572] 'OU_pi Golgotha.undead' -> USED_BY [free-music-archive] (5)
[5452/5572] 'Laura Sheeran' -> USED_BY [free-music-archive] (5)
[5453/5572] 'Anchortell' -> USED_BY [free-music-archive] (5)
[5454/5572] 'Perfection' -> USED_BY [free-music-archive] (5)
[5455/5572] 'iris garrelfs' -> USED_BY [free-music-archive] (5)
[5456/5572] 'Mou' -> USED_BY [free-music-archive] (5)
[5457/5572] 'Keith Burton' -> USED_BY [free-music-archive] (5)
[5458/5572] 'Fengir' -> USED_BY [free-music-archive] (5)
[5459/5572] 'Catharsy' -> USED_BY [free-music-archive] (5)
[5460/5572] 'Arco Enarmonico' -> USED_BY [free-music-archive] (5)
[5461/5572] 'Vinnie Paternostro and Michel Kristof' -> USED_BY [free-music-archive] (5)
[5462/5572] 'BreakBeat Chemists' -> USED_BY [free-music-archive] (5)
[5463/5572] 'Ryan Cross' -> USED_BY [free-music-archive] (6)
[5464/5572] 'Anima' -> USED_BY [free-music-archive] (5)
[5465/5572] 'Zachary Zena Giberson' -> USED_BY [free-music-archive] (5)
[5466/5572] 'Barrence Whitfield & the Savages' -> USED_BY [free-music-archive] (9)
[5467/5572] 'OBN IIIs' -> USED_BY [free-music-archive] (20)
[5468/5572] 'Bright Falls' -> USED_BY [free-music-archive] (5)
[5469/5572] 'konofumin' -> USED_BY [free-music-archive] (5)
[5470/5572] 'Connie Acher & Jelly' -> USED_BY [free-music-archive] (5)
[5471/5572] 'Dungen' -> USED_BY [free-music-archive] (44)
[5472/5572] 'Kayve' -> USED_BY [free-music-archive] (7)
[5473/5572] '\u041a\u0438\u0440\u0438\u043b\u043b \u041c\u0430\u043a\u0443\u0448\u0438\u043d' ERROR: 'charmap' codec can't encode characters in position 13-18: character maps to <undefined>
[5474/5572] 'Hexigen' -> USED_BY [free-music-archive] (5)
[5475/5572] 'Julia Kent' -> USED_BY [free-music-archive] (110)
[5476/5572] 'Anton Rothschild' -> USED_BY [free-music-archive] (5)
[5477/5572] 'Fire Island Pines' -> USED_BY [free-music-archive] (5)
[5478/5572] 'Julia Rose' -> USED_BY [free-music-archive] (5)
[5479/5572] 'Edessa' -> USED_BY [free-music-archive] (5)
[5480/5572] 'Miranda Taylor and Mike Hunchback' -> USED_BY [free-music-archive] (5)
[5481/5572] 'Tenniscoats' -> USED_BY [free-music-archive] (8)
[5482/5572] 'Robyn Hitchcock' -> USED_BY [free-music-archive] (243)
[5483/5572] 'Jon Collin' -> USED_BY [free-music-archive] (5)
[5484/5572] 'maD' -> USED_BY [free-music-archive] (7)
[5485/5572] 'Teatro Grotesco' -> USED_BY [free-music-archive] (5)
[5486/5572] 'Glockabelle' -> USED_BY [free-music-archive] (5)
[5487/5572] 'Oorsprong Curator Series' -> USED_BY [free-music-archive] (5)
[5488/5572] 'Pee In My Face With Surgery' -> USED_BY [free-music-archive] (5)
[5489/5572] 'Peter Gresser' -> USED_BY [free-music-archive] (5)
[5490/5572] 'Barbez' -> USED_BY [free-music-archive] (5)
[5491/5572] 'Mystery Pills' -> USED_BY [free-music-archive] (5)
[5492/5572] 'Cosmonauts' -> USED_BY [free-music-archive] (25)
[5493/5572] 'FOXHOLE' -> USED_BY [free-music-archive] (5)
[5494/5572] 'Trojan Horse Rotovator' -> USED_BY [free-music-archive] (5)
[5495/5572] 'The Chronic Sleepers' -> USED_BY [free-music-archive] (5)
[5496/5572] '.357 Lover' -> USED_BY [free-music-archive] (5)
[5497/5572] 'Gilo' -> USED_BY [free-music-archive] (5)
[5498/5572] 'Gospel Of Mars' -> USED_BY [free-music-archive] (5)
[5499/5572] 'Phundamental' -> USED_BY [free-music-archive] (5)
[5500/5572] 'Margina' -> USED_BY [free-music-archive] (5)
[5501/5572] 'Jim Keller' -> USED_BY [free-music-archive] (5)
[5502/5572] 'Vägskäl' -> USED_BY [free-music-archive] (5)
[5503/5572] 'The Harrow' -> USED_BY [free-music-archive] (5)
[5504/5572] 'Kristallo' -> USED_BY [free-music-archive] (6)
[5505/5572] 'Mindseye' -> USED_BY [free-music-archive] (5)
[5506/5572] 'Dr. Rinkel' -> USED_BY [free-music-archive] (5)
[5507/5572] 'Bueno' -> USED_BY [free-music-archive] (6)
[5508/5572] 'Deiezione HC' -> USED_BY [free-music-archive] (5)
[5509/5572] 'Coco Morier' -> USED_BY [free-music-archive] (5)
[5510/5572] 'Sro' -> USED_BY [free-music-archive] (5)
[5511/5572] 'Eggs Over Easy' -> USED_BY [free-music-archive] (17)
[5512/5572] 'Balkan Peppers' -> USED_BY [free-music-archive] (5)
[5513/5572] 'E-Shine' -> USED_BY [free-music-archive] (6)
[5514/5572] 'Bio Dread' -> USED_BY [free-music-archive] (5)
[5515/5572] 'ardleg' -> USED_BY [free-music-archive] (17)
[5516/5572] 'alpha jaguar' -> USED_BY [free-music-archive] (5)
[5517/5572] 'Mark Wingfield' -> USED_BY [free-music-archive] (5)
[5518/5572] 'Doobie' -> USED_BY [free-music-archive] (5)
[5519/5572] 'Marquice Turner' -> USED_BY [free-music-archive] (5)
[5520/5572] 'Keith Doom & The Wrecking Crew' -> USED_BY [free-music-archive] (5)
[5521/5572] 'Matúš Novanský' -> USED_BY [free-music-archive] (5)
[5522/5572] 'State Champion' -> USED_BY [free-music-archive] (24)
[5523/5572] 'Resonancedj & Giulio Maddaloni' -> USED_BY [free-music-archive] (5)
[5524/5572] 'LG17' -> USED_BY [free-music-archive] (5)
[5525/5572] 'DJ Kleva Kaslam' -> USED_BY [free-music-archive] (5)
[5526/5572] 'Barbarix' -> USED_BY [free-music-archive] (6)
[5527/5572] 'Brigid Mae Power' -> USED_BY [free-music-archive] (23)
[5528/5572] 'The Ghost Between the Strings' -> USED_BY [free-music-archive] (5)
[5529/5572] 'Timeheater' -> USED_BY [free-music-archive] (5)
[5530/5572] 'Vor Onus' -> USED_BY [free-music-archive] (5)
[5531/5572] 'Thomas Fernier' -> USED_BY [free-music-archive] (5)
[5532/5572] 'Apple From Earth' -> USED_BY [free-music-archive] (5)
[5533/5572] 'Friendly Foliage' -> USED_BY [free-music-archive] (5)
[5534/5572] 'Oudeis' -> USED_BY [free-music-archive] (5)
[5535/5572] 'Kate Carr' -> USED_BY [free-music-archive] (5)
[5536/5572] 'ONO' -> USED_BY [free-music-archive] (5)
[5537/5572] 'The Bribe and the Mockery' -> USED_BY [free-music-archive] (5)
[5538/5572] 'Gas Anorex' -> USED_BY [free-music-archive] (5)
[5539/5572] 'Tzii' -> USED_BY [free-music-archive] (5)
[5540/5572] 'Daniel Powell' -> USED_BY [free-music-archive] (5)
[5541/5572] 'Arno Bruil' -> USED_BY [free-music-archive] (5)
[5542/5572] 'Teleg.' -> USED_BY [free-music-archive] (5)
[5543/5572] 'k.a.n.t.n.a.g.a.n.o' -> USED_BY [free-music-archive] (5)
[5544/5572] 'The Wounded Violets' -> USED_BY [free-music-archive] (5)
[5545/5572] 'milch of source' -> USED_BY [free-music-archive] (19)
[5546/5572] 'Anthony Donovan and John Hyatt' -> USED_BY [free-music-archive] (5)
[5547/5572] 'Pat Murano and Tom Carter' -> USED_BY [free-music-archive] (5)
[5548/5572] 'the Woodpiles' -> USED_BY [free-music-archive] (5)
[5549/5572] 'Invisible Sports' -> USED_BY [free-music-archive] (5)
[5550/5572] 'Codex Machine' -> USED_BY [free-music-archive] (5)
[5551/5572] 'Hom' -> USED_BY [free-music-archive] (5)
[5552/5572] 'Upsidedown Face' -> USED_BY [free-music-archive] (5)
[5553/5572] 'The Crevulators' -> USED_BY [free-music-archive] (5)
[5554/5572] 'Jóvenes y Sexys' -> USED_BY [free-music-archive] (5)
[5555/5572] 'Harald Grosskopf with Axel Heilhecker' -> USED_BY [free-music-archive] (5)
[5556/5572] 'Miriam Kaukosalo' -> USED_BY [free-music-archive] (5)
[5557/5572] 'Diecidicembre' -> USED_BY [free-music-archive] (5)
[5558/5572] 'Mondo Cool' -> USED_BY [free-music-archive] (5)
[5559/5572] 'The Monsieurs' -> USED_BY [free-music-archive] (5)
[5560/5572] 'Cell1110' -> USED_BY [free-music-archive] (5)
[5561/5572] 'Yoshida Com' -> USED_BY [free-music-archive] (5)
[5562/5572] 'Kevin Cahill / Ryan Waldron' -> USED_BY [free-music-archive] (5)
[5563/5572] 'Sheeba  Exp' -> USED_BY [free-music-archive] (5)
[5564/5572] 'Choban Elektrik' -> USED_BY [free-music-archive] (5)
[5565/5572] 'Chris Gheran' -> USED_BY [free-music-archive] (5)
[5566/5572] 'Obnox' -> USED_BY [free-music-archive] (5)
[5567/5572] 'Felipe Sanzana' -> USED_BY [free-music-archive] (5)
[5568/5572] 'Robot Comes to Me' -> USED_BY [free-music-archive] (5)
[5569/5572] 'Old Splendifolia' -> USED_BY [free-music-archive] (5)
[5570/5572] 'White Wards' -> USED_BY [free-music-archive] (5)
[5571/5572] "You're Terribly Late" -> USED_BY [free-music-archive] (5)
[5572/5572] 'Craig Mileski' -> USED_BY [free-music-archive] (5)

Done [music]. USED_BY-flagged this run: 4846.
