name,mbid,fma_track_count
Podington Bear,2c15f704-d0f3-4175-80c4-97f395ad7d9a,586
Kosta T,15891,551
Ergo Phizmiz,8a0194ad-6b24-448b-a069-5e7baf2eb1dd,519
Blue Dot Sessions,57d8f0d0-146c-442b-91db-bed873223d1a,410
Lee Rosevere,fff239d3-b78a-4c2c-9e05-d8b08857149b,368
Jahzzar,0536f3c2-5484-47c4-b05c-bd30692f4e48,329
James Kibbie,437c5876-f406-45be-a3cc-e76d244ee497,319
Mr. & Mrs. Smith,6647a26b-bd94-4bc7-8769-7b1e7207a824,317
Ars Sonor,87fdd785-3c3e-439f-973f-8c6d4d5f5421,294
Zreen Toyz,ec0abf48-cfc5-46ce-8365-295444ce7c5b,281
Jared C. Balogh,4257066d-6f3e-4226-9143-5b8a9ae17b84,262
Steve Combs,ee04b05d-7190-4723-ba3d-368038478306,257
Derek Clegg,9243d9f4-c18e-4422-bd3f-98ca6295f9b9,256
Lezet,435440ed-3592-46ed-b31f-ec9939890462,249
Josh Woodward,b09c8a50-7bfa-434f-a2cf-f9bf9f6f91a5,244
OsO El roTo,4352,226
The Agrarians,44d34e0d-3679-40c8-b141-2f39321eb2e2,223
The Fucked Up Beat,241a05f8-8576-41fd-ac0a-442ddec2c20b,219
The Impossebulls,b034e706-419a-42a5-87fc-fa843ac31be2,205
Tha Silent Partner,d047a1fe-3f8b-45ff-92f5-855ff37c9658,190
The Polish Ambassador,e9787dd2-5857-4b51-8e59-a190a54820fc,185
Monplaisir,22472,184
Ketsa,6443,180
Salakapakka Sound System,becb76ae-627c-40a4-8cda-d339d21ad6d8,171
Glass Boy,0afadbf0-507e-43fe-8bfc-4c0afaec35cb,170
Anitek,a1630b32-a887-46fb-9c4c-6aae56d492a4,170
Cheese N Pot-C,6bf7f09a-829e-439c-9505-3a5bcd48c61f,167
jonas the plugexpert,5965,164
Lobo Loco,37dd2973-d750-48aa-9557-64652fcf7d32,161
David Szesztay,21616,158
Nonima,ac20cd1c-6c0f-4b7f-993c-11d0de3aa4aa,156
Jaan Patterson,802b2906-81b7-4940-8f7e-e99164d12634,155
Big Blood,63c5e98c-0b24-4939-ad8c-f6ed235b7980,153
Phemale,960ebb62-9209-462e-a763-d70c2cb7e073,153
U Can Unlearn Guitar,e1e670dd-9589-4699-a721-469cee925c14,149
Kevin MacLeod,8292bf44-2dd1-4bad-8019-276ec38f28e7,148
simon_mathewson,e4c8f501-3c76-4c81-a5c0-e50686d7c298,147
Kai Engel,aa55b20b-36d8-4093-84f3-c5c7942ff2c8,140
Mittimus,1640,138
Cullah,369b127b-ca39-4618-88f6-132f1bc8a27f,135
Richard Jonas,5ef5b8ec-98df-496f-b8d1-f91491a32513,132
Squire Tuck,19472,132
Scott Holmes,43ad772e-7a01-4b7f-83c7-64a3dfcc3084,131
Keshco,92228b8c-b851-4a15-b324-cced2f0fb482,126
johnny_ripper,cc6137ce-4ed9-4711-b775-b97c2e53db41,124
The Conet Project,433c0996-077c-4a28-9261-57858eb31832,122
Schemawound,04c0cd87-8f91-436e-99b4-5520a53bfe5e,122
Trans Atlantic Rage,6568f169-e0d9-42ff-bb52-cb2c7dfc0bf9,120
Elvis Herod,4c60914a-628f-4483-90fb-a1945863a73f,116
Oblivian Substanshall,a94ea428-91a3-40c8-a38e-e05b338937d6,115
Bauchamp,ee23f53c-45cb-4528-80fd-34d1b61b52eb,115
RÉGIS VICTOR,8aafd7b5-76df-42cf-bfcf-7e55ee4cf315,113
Circus Marcus,97d54a87-7c0f-4306-9cb0-f3b5fb86b7d7,110
THF Drenching,5118,108
Disco Missile,08c34398-d79e-40b8-928f-66f8a518762e,108
Monk Turner,817ec3ad-7ba2-451f-928b-cb15131cf5b0,105
Telegraphy,7a85c083-820b-4545-bf3a-5d42a08fc68a,104
Learning Music,ff901e96-122d-4623-90f8-926cf8bae13c,103
CM aka Creative,6fcdc0f1-ddd6-4adc-95be-adcd55a4166f,102
Section 27 Netlabel,8563,99
ODOR BABY,64c2e7b7-9447-4c80-9ac5-871e625d4ada,99
Benjamin Bret,7290,99
Welcome Wizard,2226,97
junior85,3dc6e2c0-2d8b-45b8-a7be-5b8f2ec4ed59,97
K. Sparks,ac7b11e9-b6c9-446a-8147-bf0c2c451810,97
Fortyone,975e9cd1-247d-4e21-b5b6-94b6551c601d,96
The Scallions,fc9df9c2-fb04-4804-b4e3-2efd01d6723a,96
Chris Zabriskie,cd661c5c-c9ce-42ff-83f8-7b1dd1515d64,96
Cosmic Analog Ensemble,e05a9d5c-1fb1-4652-8b54-d0c97add6b94,95
Alaclair Ensemble,885ed00a-34ba-4139-bcfc-5065f6270726,94
Bryan Lewis Saunders,6c789bd8-cc7d-4445-b068-11e1930c8875,94
Nicky Cook,bf670de5-ad6a-4ac0-9068-184dedf351ef,93
Obits,b6c82c04-f1b4-41a6-ae15-a64a96d1e6c4,93
Thiaz Itch,7a6baf0c-04c3-4693-867a-bd3a6481e26d,91
R. Stevie Moore,6ac67c73-2833-4af3-b2e7-3bec5a7e3f85,89
Krackatoa,438f04dc-41ea-4de9-9d56-fc845b52d0c1,89
Ketsa,fa62a309-ae21-48ea-b1df-ff7e4893a986,89
Future Sauce,19799,88
+HIRS+,d98ae071-e23d-4058-b2ed-e136d2c1b593,88
mr&mrsBrian,17bc61cf-62cd-43a2-b8a3-a988aa6e34c3,87
POVALISHIN DIVISION,000b33e6-1479-4b95-8202-d4d838519164,87
Clinical Archives Mix,10117,87
C-Doc,a3370c9f-3fdf-4d9a-bb74-e8ec7d4f1957,87
Asian Women on the Telephone,a5eb9bd0-c49f-4d6f-8045-402dcc836471,86
Roger McGuinn,6ec7336b-a56a-4b5d-bcec-575d2b8ed4e1,85
Kevin Bryce,88926e80-80bc-49fe-853e-4fd74be68c70,85
Tusk Lord,225ac73d-1060-4d37-a7ca-4a39725cc41d,84
The New Mystikal Troubadours,7ca79c47-0c3c-46bb-aa8e-0bc32ce29114,84
Kellee Maize,0a67d138-8cd0-49f9-94f6-e65826f1a8ab,83
Lucky Dragons,0654393d-253f-4a4d-a7e0-fbc799152930,82
Castello di Trokai,19030,82
The Hathaway Family Plot,7e8c21e1-f7a1-463b-ab09-11f5acc35b74,81
Pk Jazz Collective,8f8db5c9-8887-4922-af35-4b6bbe0ccfc4,80
ROZKOL,42ec9891-45d4-4658-ba8b-ca072e4b5b25,80
Tab & Anitek,a408f71b-fd12-45a5-b37f-f352d8d9c883,79
theAudiologist,502768c0-d13c-4855-b40a-33e98e59c69b,78
Pablo Ribot,86c3eac5-61c5-45c1-a146-bb10198ab2a0,77
Lee Maddeford,97dc2417-9b19-4488-8286-4fcc26fa2fd9,76
Samuel Corwin,21877,76
Jad Fair,be4a8e65-a7ba-474c-989b-ed16e51c1a39,75
Just Plain Ant,c2efd199-1f21-4bce-aa0f-7b9abe92bb1e,75
Altered:Carbon,1ef3022e-3de8-4419-b852-ce0cbe85cba6,75
Glove Compartment,149,74
Gorowski,9ed4d6b2-67c1-44c4-9a4d-e4e2e76d2659,74
Krowne,136d4c42-9e55-4129-a1e8-650e2db9c9bd,74
Stealing Orchestra,138aa72f-17ce-4a4e-8a52-a5fa323c449b,74
SPCZ,d65f4d0a-fcad-4716-8c24-e887ccf7c715,74
Project 5am,2f78086c-aa1c-4fe6-acf8-bf08a9ef764f,73
Mitoma,1480cd4b-5f76-402e-ae2a-6b890b09def0,73
Bruce Miller,11687,73
Asthmatic Astronaut,67ac6b5b-0d9e-4272-af33-05dafb632ff1,73
The Kyoto Connection,05c2dbb0-2704-4d33-a39b-d21cec4ac678,73
-ono-,13625,72
Vulvinia & Jambonstar,dd91c186-6b9f-4040-a74c-4823351e0d9f,71
Blah Blah Blah,84,71
Bacalao,5674,71
The Honorable Sleaze,e6b6c5cf-5bcc-4a5b-bcd8-47eb61173c39,71
MIT Concert Choir,300a73a7-d36d-4bc9-8d52-95f84d62e28e,71
Ryan Little,757a9514-33f1-4f66-8afb-816ca2761c77,71
Benji Cossa,9e2ca9b0-261f-4190-ab4f-0c17a167357f,70
Ventolyn & Becotyde,df357457-833b-4741-89ee-78b04da8d223,70
Bomis Prendin,ae8b6ba4-479f-4e53-aaa4-535401808511,70
Krestovsky,f5039d43-1abd-4652-9868-96634076c33b,69
David Rovics,4d56eb9f-13b3-4f05-9db7-50195378d49f,69
Long Hair,10990,69
Vate,519a4f81-c149-4f6c-85a0-3628bbe94d75,68
Chenard Walcker,5ef9d128-f837-4fde-9c65-767daab13522,68
Jon Rose,1975,68
Kathleen Martin,5bccdc1b-5afe-4a12-8d7b-655d4dc93186,67
Vernon LeNoir,77d7005e-edc9-4a34-8040-8d9491088f4b,67
VYVCH,18314,67
Broke For Free,069a1c1f-14eb-4d36-b0a0-77dffbd67713,67
The Superfools,0e375c6b-8af7-4f0d-a6b9-734b6e53006d,67
Dave Depper,63ece28c-0724-4db0-909b-3921ac45b10a,67
ODORBABY,5ee8a142-207d-45b6-a276-6b03358d9c78,67
Cagey House,9128dad9-f549-46a5-9088-1305f2007ec4,66
Waylon Thornton and the Heavy Hands,94b10064-b21a-42af-9ec7-636eb157301a,66
The Tudor Consort,384b2de8-22d1-4868-abce-2cf7c7ab6133,66
Figurative Theatre,cda56d54-a65e-4ec2-bcd9-786199d80b43,65
Wooden Ambulance,878aa338-5d84-4434-b851-3db86c0646ba,65
Waylon Thornton,10027,65
Music Factory,18686,64
Berthelot,3b9e456c-1839-4142-9351-1d050a0a9162,64
Cory Gray,62babf73-8652-4ac1-96ed-85a1026e97a1,64
half cocked,21946,64
TALES,22160,64
Garmisch,91cb3bac-059a-45f4-923c-d78c4980b48c,63
Wayne Kinos,22014,63
S.J. Mellia,f5b68a67-b69e-456f-9004-503444e462a3,63
Apache Tomcat,70184826-f8f0-4c4d-bfa2-bb1f6fd6e549,62
Free Matter for the Blind,2,62
Sam Gas Can,dc8737fb-07bf-45d7-982c-3769f945e51f,62
Mild Maynyrd,7770b3de-f1fa-4134-b2b1-1f193de58bc8,62
Jason Shaw,d31f3f70-374c-489d-af7d-1cbb10f40533,62
Volcano the Bear,0dbb85b2-d0c6-47bf-b7c6-6011df868896,61
Fields Ohio,99daf93f-86d3-4060-877a-c808a370f279,61
Westy Reflector,bc01661b-53f9-496d-88b6-055284b8a92d,61
P C III,9d623e3f-60b2-4f2b-a2f4-71b97e0651d9,61
Deadly Combo,17695,60
D3Zs,6b368066-6ddf-4032-a7e6-a050270ed648,60
Andrew Howes,ab16d31b-3f5b-4547-b67f-1f7b3ffd6505,60
OWL BRAIN ATLAS,10567,60
BADLUCK,11216,60
Vir Nocturna,21533,60
Celesteville,fbe12051-cf4a-40a9-9f13-2203b243bca5,59
Hazardous Guadalupe,3651,59
minusbaby,74e7eb10-8e19-4f42-b190-d2e57f89f51d,59
Candlegravity,a55ad956-3427-4e3a-b4ef-69cac8dc2ceb,59
Dyman,90c6625b-3649-41c1-817b-b5c2f45458b0,59
Noise Problems Selections,13528,59
Toussaint Morrison,f2d57e9d-9a2d-4898-b773-f291ff473638,59
HighWay17,b159a5c5-7870-4f37-97a8-e9193b377e1a,59
The Hate Noise,d48d3769-4904-415c-a7b0-ee3f3dabb06a,59
King Ghidorah!,13050,59
The Rories,10811,58
Ian Alex Mac,19283,58
Electric Mirrors,16270,58
Eaters,8664,58
Dexter Britain,c2a2f396-5d62-4d8a-8395-b4ab9962f1b6,58
Sick to the Back Teeth,0a0b0cc1-283d-4b7a-b179-e22089d57b60,58
Felipe Sarro,40a22c36-3142-4d73-9c58-b8808612172a,58
Los Llamarada,3d1270a4-26e7-436b-9d33-bdf513e33c0e,57
happiness in aeroplanes,11939,57
Alpha Hydrae,19816,57
Little Glass Men,19453,57
Carnivorous Birds,8490,57
AlexandreDavidGabriel,7f66192f-5968-454e-880b-d56395640a1b,57
Mike Morton,15460,56
Eigenheimer,4efb2af3-6cc0-4f78-9db4-a6e3b79d49de,56
AG Davis,d60b2f9c-e9ac-4996-951f-0a5a08a16b9f,55
Komiku,fca800c1-6fc3-4bfb-a5de-8c2398c27bc0,55
Jimmy Penguin,f24a7d21-56ce-48e4-978a-a073b3efec10,55
Bouwakanja,ae5a3060-83c0-4877-b71c-95941d6bbdcc,55
Winjer3,20c19b9c-a8ed-40ea-a007-4f1dcb8465cb,55
Mors Ontologica,9f13d8fe-d71d-4d28-8192-41bbd004fe0c,54
So Cow,6b8acfaf-9b72-40cb-972b-17e6bc21d3af,54
The Shamblers,1212,54
Volvox,2268,54
Syndrôm,8126,54
Jarby Mc Coy,19064,54
Radioactive Sparrow,3171,54
mathgrant,ba3fbcf4-9b93-4b4c-91e5-a0a0e640144b,54
TRG Banks,c0d0512c-8612-4f0c-a920-5dab9b1ec886,54
Phil Reavis,5b077ba3-c9e9-4a25-b41e-563c7c39cddb,53
Happy Elf,7ca45252-027d-44a9-9dd8-b65773f44ad6,53
Acreil,cb018fe3-6e59-479d-abde-ed30cb2170bd,53
James Beaudreau,41b28afe-e7e4-4e15-ab9f-efa5e1ce9d9f,53
Visager,981220b7-6ba1-4814-a5c4-a4e2220025d1,53
Pot-C,e4da335b-1939-42e5-b1e9-8a5e96e786e7,53
Silver Process,11099,52
Pandacetamol,a8d213f0-870f-4005-a6a7-5d5409880e70,52
Vladimír Hirsch,4a53644e-9122-446e-822d-61ebcdcfdb32,52
51%,8482,52
Misiaczek,e9bf5c9c-c8c6-4a0d-a0e7-be543682b19b,52
Johnny Haway,95ffeaf7-7b27-4239-a8f6-da145dc726f0,52
Cooper-Moore,99d8b191-7d69-4262-81fb-e24da9fd6640,51
"Tab (Hip Hop / Trip Hop / Reggae Artist from Roselle, USA)",027bfdea-6e7c-4dbb-b877-55cc781732ef,51
Art of Flying,59f27fc3-f2d6-4e62-a861-505f24e825f9,51
Sci Fi Industries,2d2f0046-6112-4193-b791-382285fc29c5,51
Ant the Symbol,98a5fcde-e095-4945-b917-be79ca899eed,51
Lately Kind of Yeah,b4f56bd5-a565-4c8b-9b68-6f8eafe11e82,51
The Gateless Gate,c184f504-127e-45c7-9a65-815034142c2c,51
Konstantin Trokay,3d914ab4-d7eb-44b6-bf49-1b19fe332331,51
Gwilly Edmondez,a6a9be78-e035-4211-b06f-4ed1815f12a2,50
Mystified,0c631402-23c8-4ca0-bfd9-de04ad25a50a,50
Pianochocolate,2e9db542-5995-448d-8b96-b6bd8d2d1ea0,50
SLP,21313,50
Unheard Music Concepts,22407,50
Flugeldar,8488,50
reed blue,2844009a-4df7-4d1c-9b7f-389272d388d1,50
Audio K,08118824-c83f-4747-97ab-fedd10ce18e1,50
The Underscore Orkestra,9ae39cac-3bea-4a54-9f69-a95a69718bed,49
Simon Panrucker,62d8043c-b7a1-4afe-8e2d-69f40c0f7912,49
Decktonic,22e26960-06f5-42da-aa1b-ddc4464a2c22,49
Fork in the Blender,f851b281-c860-4f6c-9658-70c95e3fc52a,49
deef,14552,49
etc.,13518,49
Plushgoolash,7949,49
Pilesar,ea297641-761a-4c7f-b3fd-91ae4d1a1225,49
Attic Ted,5baf0d42-6c3f-4ac4-8eba-df82ffd37206,49
Custodian of Records,706106d5-02fa-4e57-b324-1a2daac2e7e2,48
Fierbinteanu,0853336b-ca98-4d82-b81e-f01b82ce9549,48
Automating,9e14408f-db0a-444f-a53e-314453d49705,48
Digi G'Alessio,5935238b-3b2b-47ce-b272-42a9fe92d22f,48
D SMILEZ,22007,48
Martin Rach,8f04212e-afcc-45f2-b5f2-aea7f629ab6c,48
Delphine Dora,bbe1cb66-a285-4d86-ab15-4d5c2a8d14ce,47
Chuck Bettis,cf315e43-b07f-4ceb-a722-d2e9a7565cf9,47
Brunk,99695950-b5a1-464e-bc13-748630171627,47
People Skills,9de0102f-7820-4e99-9170-c322acefadef,47
SULCUS,19815,47
Alexandre Navarro,a11e0acf-3116-48ca-9f44-598a7ebbf36c,47
GaBLé,1e72fe9d-20d4-4718-8435-c17fcde53118,47
Elemental Noise,33544388-a6da-4f24-9f6c-adc1d8f996ff,47
LOWdown,13450,47
Doctor Turtle,f24d6d2b-fa75-4ffa-8986-ca3dac6ad68f,47
The Crypts!,c3c2f774-ef97-4ccd-a70d-12c2ef0b8e48,47
keith helt,e2de1b25-5648-4e84-b1d5-170acec3acc2,47
Ayla Nereo,c95b3474-8788-4bd3-ada6-33849810af0d,46
Ed Askew,91a11b60-2452-4e4d-b2e9-ce9eba034c01,46
Dadalú,cb644e68-9c1e-4f9d-aee7-8c8d3cb9b36b,46
Rolemusic,41bc38ad-beb4-420c-b3f7-bd4241596d44,46
McCloud Zicmuse,fc90363a-e39e-4ff3-803e-0ec989bfeead,46
Amitron_7,e90118d8-0a2b-48f7-a544-44246c6dba61,46
No Monster Club,4886cf1b-3824-4ed5-a535-1907cf7a9044,46
Vialka,1f6240e4-6df2-4f29-a1df-88baab0bdc3d,46
Cryosyncopy,3a3e71d4-2f61-42ba-97dc-32b3ab7b77a8,46
Jesse Spillane,7ef8a5bc-b977-49dd-a2cf-c0f939790db1,46
Gumbel,31eeef66-819c-41f4-be45-8fbfe954e571,46
Cave Bears,a388303e-5457-4174-86af-e2267c6b8e06,46
Mikroben Krieg,b61e1974-79ba-4075-8e46-baff9f4801ce,45
Wildlight,03744cdd-54df-428c-944e-e91e843a53b2,45
Prana-Bindu,11624,45
Sergey Cheremisinov,203f59b0-d89f-4fff-8f7e-2b0fbba570e4,45
Arcane Waves,f0208795-f1d6-4146-82dc-115686e8e9b3,45
Expwy,13385,45
Natural Snow Buildings,8f48ecc4-0813-4edf-ba67-818f47e7e752,45
Italian Dub Community,7267,45
Ophir Ilzetzki,2293,44
Filipe Guimarães,346be7d4-bc13-44de-8c11-a71a211ef578,44
Yale Women's Slavic Chorus,6345,44
RoccoW,ccbd6b48-ff81-41f1-a0aa-1a669c2c1633,44
Jonas,15984,44
Colin Langenus,c753a01d-02c0-4b83-b5de-591e273fe8a8,44
Psychadelik Pedestrian,bc92271d-fc14-4afe-9d14-c382e02071a7,44
The Peach Tree,fd6e9cb5-47ca-4e69-8456-ce697142bb6c,44
Seclorance,ff0016ce-07fa-4a3a-9c2e-9bc34d317297,44
6majik9,16e6e894-1442-4555-ae49-882aede5ca7b,44
Nautical Almanac,94a43456-17d1-4812-91bb-b554951736e0,43
Kraus,4925,43
Diogenes In Hell,18543,43
Allister Thompson,4f904bbb-8c47-46bd-b5b0-bdc39e8d8d75,43
Pipe Choir,0a393c1e-abc3-4c93-a805-4709a131a1e7,43
The Basic Income Earth Network,9135,43
Nihilore,ce2e3136-be6f-4a5a-8df3-2cb212983709,43
Fleslit,23208,43
EAT!,2123,42
Chamomile,2120,42
element orchestra,13547,42
Brian Dewan,ed524c39-c9ca-4028-9212-b4095d0c77b0,42
Rumbus Merrylegs,dff4133d-dd23-4e5a-a029-025d778be2c5,42
Lame Drivers,7383b8ae-a7c6-4901-9b2a-5513deb2c7de,41
Nicky Andrews,224,41
Goto80,0f26281f-3add-4e54-b7da-4d335c0ca19c,41
Miquel Parera,53feee64-79ed-4504-abbb-047fe32e1f17,41
The Rope River Blues Band,8407,41
Bureaucrat & The Conspirators,11219,41
NIGHT VIKING,ca6766ea-9c3f-422c-9677-26db0d8fc2e4,41
suRRism,83cf8f43-ff79-4126-921f-f75b9392e0c3,41
Qkcofse,91625462-0c61-4aed-8236-2dee11a2ffaf,41
Bad Ronald,20584,41
Silence is Sexy,f2578f3c-5994-4e93-8d75-db9dcc5b29f0,41
The Custodian of Records,9224,41
Manuel J Grotesk,8728,41
Floating Spirits,0d2bfe0c-20d4-4cfa-b60e-1f5e049922d5,41
Oelek,21061,41
Laszlo Harsanyi,21526,41
Josh Armistead,4d998be0-5b27-43c0-8826-cb82241683e9,41
Vernon Lenoir,77d7005e-edc9-4a34-8040-8d9491088f4b,40
MUTWAWA,7729,40
Folk Festival Massacre,12912,40
Mons Jacet,15782,40
4mat,f5af8ea3-1c87-41d5-9934-2a744de6c41a,40
Mastermind XS,1f6e3695-ea3a-4d89-9f7a-a74cab95b6ed,40
e.p,13519,40
смерть в летнюю полночь,af86b061-03ec-4e16-b06e-8e90ce161a20,40
transient,3717,40
Undress Beton,ebfe92d8-32be-42a4-8d1e-a0ff5da4c0cb,40
Baker & Able,8478,40
LE CHEVALIER DE RINCHY,efc13270-6468-4398-baa7-4218c831173e,40
Olneyville Sound System,d94d34d3-f01b-4fa3-8722-b555ad0adce0,39
Kitty Kadoogal,2214,39
Blue Sabbath Black Fiji,5625d97f-6c20-48e0-857f-2af472b907c7,39
Malaventura,5673,39
DJ Def Chad,18156,39
Pk jazz Collective,8f8db5c9-8887-4922-af35-4b6bbe0ccfc4,39
Uncle Milk,18587,39
Jukka-Pekka Kervinen,e247d036-a8d2-4e84-8b35-245d4a59b917,39
Josh Spacek,20108,39
Eaters,51770183-c976-4ac7-b267-f87455950f00,39
alright lover,8376,39
Manueljgrotesque,7272,39
State Shirt,6e7959d5-cc38-4bfe-bb92-0801e1e9192a,39
Talkshow Boy,e8d94cf5-fafa-48fc-a6fa-aa50cf54d7f3,39
We Is Shore Dedicated,137e5f26-cce7-42da-af6f-0d580b20e810,39
Regenerated Headpiece,b1f573e3-cc5a-4fcb-b6b7-a63fe7750e21,39
Les Baudouins Morts,d047f4ba-e541-45de-8d10-1b8661774bfb,39
Dan Deacon,8dd73d1a-0424-4581-af8c-ade3edb44c5a,38
Matt Sekel,c700f508-662b-4844-8a7f-4b6dfc25fbea,38
transient,4cb5b170-07f9-4428-bdfa-7b74a2122553,38
Ant The Symbol,98a5fcde-e095-4945-b917-be79ca899eed,38
Janne Nummela,598c1380-7840-453b-b588-9bc25f42a92a,38
De Dubbelrieters,19029,38
Pee-Bug,37b60505-e453-4f27-a589-bdbc3f683c71,38
Remus,6240,38
Edward Shallow,fcb1ef3a-381e-4316-8f71-7445b0270acb,38
Lloyd Rodgers,83f357c0-2e1f-4f1d-a674-d3246f364f77,38
lost-radio,e34fd2e6-b453-488a-8a8f-e27eb30ffcd2,38
Analog - Brain,23486,38
KenLo Craqnuques,5a962bd1-d271-40b2-91a3-8eb4314845d5,38
Jimmy Cousins,91591c53-568f-46d7-a870-e304c71168ea,38
Hammer of Hathor,9c52f26f-aee8-4309-a171-3b4fc2e991d4,38
Jan Grünfeld,97c2d57f-0279-46f9-a42f-2e9809327d37,37
The Tleilaxu Music Machine,b39bca37-799f-4c50-b242-fd94e9b2e1e9,37
"Roy ""Chicky"" Arad",e0c0ec28-6be0-49d1-93e9-8a3294cdc6f4,37
The Kazoo Funk Orchestra,9872d888-c344-4b05-b75e-2ab25807e8c3,37
uiutna,fe9fb693-a70a-427e-83a5-18f0b7072227,37
Wurlitztraction,ecf98a36-89e0-4e3d-b75b-fa4186511da0,37
Nils Feske,ef858200-8361-4b51-98c2-75023e5732ea,37
Delta Is,169e2f85-6916-4a77-8435-a12467051ebf,37
dadala,bb3dcb4c-0b1c-47e3-9fcf-d0b4f859673a,37
Saito Koji,6d08d2e3-a43d-4472-aa83-e8fbb11c63b9,37
Spuntic,866533ba-3cf2-463e-b5af-3747d1666a62,37
lo-fi is sci-fi,a2b4f0dd-a748-47a6-94d4-4195d560a83a,37
Jonas the Plugexpert,1b53f964-9638-486d-8f6f-5a632d27e40f,37
Better Psychics,c1f9ec2b-9e06-4c63-9f06-9365c7596c73,37
Dyslexic Fudgicle,222e1e6c-e809-454e-a131-d017e4f2c304,37
D'r Sjaak,bbdddb61-4f98-47b6-8ae8-0bd3d197a015,36
Just Plain Ant,98a5fcde-e095-4945-b917-be79ca899eed,36
Bird Names,0bef8511-5471-4121-aa69-ca9573b03b65,36
Toxic Lipstick,828e7479-0322-4254-8404-92ba0070f6bb,36
Nic Bommarito,4072fec7-330e-48a2-8769-88fb567b9669,36
Sandro Marinoni,b9a4a227-58fb-4448-8c97-39259d9e77fa,36
Volfoniq,c023bb34-48b0-4160-ae14-fc578bcde5b2,36
Arrington de Dionyso,5b06874a-7b24-4298-b63f-cabf1b9f476d,36
Velibor Nikolić,1d519ee3-ef89-42ed-8aae-e21d2736df6c,36
Tardiss,15861,36
Kelly Latimore,b1c100b7-3950-4cc1-b15b-27d5e445a19c,36
Uton,9264,36
Unthunk,16993,36
Cassette Tape Bandits,20156,36
Pinklogik,f4130379-1d7b-4c9e-b514-68074634ce04,36
Sexton Ming,5e449151-a3bb-46a5-aa25-81675ca0c036,36
Dlay,21743,36
M.Nomized,a02b7f6e-2a14-42e2-875d-ed960fd9b349,36
Miquel Parera & Computer,22381,36
Yshwa,22568,35
Shearer,1efdbcbd-1964-4d6f-bdc9-1ec03da23919,35
Technology of Silence,689cdf11-56a2-48da-92be-10d4e72d0ce0,35
Ljudske Potrebe,11423,35
Marrach,de31807e-a303-4e6a-8871-7ae98ab1699c,35
Breakmaster Cylinder,c5e68ebc-5e50-473a-a982-d56642d20141,35
Christoph Schindling,42239038-39e2-4994-8ca3-b16a4ab69899,35
Rho,7125,35
We Are All Alone,16077,35
Monroeville Music Center,b0c056d1-1a3b-4932-b580-08464e820239,35
Viraeson,10991,35
The Easton Ellises,9d28cb91-4ed4-4dca-b310-4a195657bca6,35
et_,664433e0-794d-4d17-99fd-aadc92c4b45e,35
Tortue Super Sonic,7538,35
Daniel James Dolby,22319,35
Spencer Owen,8a140774-dbfa-439f-a72e-3f58f62cf4e6,35
AlienAqtor,d74d9f82-f5de-4345-b19c-bea467ba6414,35
Disorder of Rage (DxOxRx),,35
Flanicx,636c8a70-546c-48f5-a259-b94751071dee,35
Rod Brandao,,35
File Under Toner,9279,35
Uton,d10af145-7811-4bd1-a5ee-908db3f19444,35
Running Point,c9035471-b6cc-4402-9d5a-66d1fa9d9ef0,35
Mar-Tie,43bcd6e7-8446-4eeb-ab5a-61f79fbf3bd3,35
Manuel J Grotesque,68c07259-1f8f-4ca6-9888-050935fdeafc,35
Reigning Sound,fd15c842-515a-4157-8c37-2b54c86390bc,34
6th Sense,3089,34
Downliners Sekt,2187aec5-7ec7-4744-b153-3e2ea3b1b5bd,34
Revolution Void,8acc0285-4f6b-4877-8fc9-8e0cfab5397a,34
BitBasic,c39b2cb4-6d41-4084-8712-e3024fba5474,34
Eric & Magill,626af8aa-e792-4d0c-b467-4d201838f9b0,34
Third Mind Movement,d4d26856-8ec6-4aca-bf7d-7af80ba20fc4,34
Turku,f96197f7-f9f0-45e6-b620-c2e44c994575,34
Coin Locker Kid,23678030-ffc5-4490-b636-2cb59da9ad83,34
Breatherholes,8d641e3d-9a61-437b-ac3f-9e2092672d95,34
Dazie Mae,ef667836-bdd8-463d-9e34-c2fc4e49909e,34
Jonah Rapino,ea284133-9864-4923-9d49-c22ef97ec8e1,34
Debmaster,b44b0f4a-c027-4b3a-b605-a3fa6e6dcd78,34
Silent Strangers,452758bc-a8fe-4cfd-b63c-42132b51d860,34
Tom Woxom,2c146a07-8594-4c49-b810-07a6180e6c25,34
Chtin Mara,79da86ab-151c-4946-a4f3-c7f652707248,34
Amil Byleckie,7546,34
NaDa BaBa,10154,34
Dustdevil & Crow,6627,34
los pilotos,21489,34
Homemade-LoFi-Psych,8459,34
JIHEL,1c074fb3-8eb5-4e50-9292-64cb91d5984c,34
Daniel Veesey,2355,33
The Family Simpson,5176,33
Mincemeat or Tenspeed,b5d9fe6f-72d3-427b-908c-22f291dc9551,33
Invaders From Sears,93970396-e0a0-4613-80fe-0156b2ee2a3f,33
Jaap Blonk,43764e83-2f26-43b2-8a20-d491907e56af,33
Jan Strach,19468,33
Full Load of King,dbce036d-02d0-45d5-be43-98943c0d684c,33
Lata,9937,33
Liam Stewart,9288,33
Napred u prošlost,15278,33
Massimo Ruberti,4905cd83-a18f-4033-9394-6a3bd65e0cc9,33
Chromix,d05a1a8a-d8e1-4a50-8a1f-516b44a61577,33
Friends or Whatever,9cfcaa29-261a-4e06-97ec-1e30036a3dca,33
Entertainment for the Braindead,636ec2f4-0054-41f6-b1fe-e003ce6bdec1,32
Sic Alps,c6f39f9e-b0fc-4614-94a9-ecf648bd8f33,32
Daniel Barbiero,9b42da20-b06c-4e97-a736-4cad0a1cbf8b,32
Cherly KaCherly,f694c7e9-0f0b-4d08-b06b-0ec362ee436d,32
Marco Raaphorst,7255d74f-bc4f-4512-9066-55b7344180a3,32
PC-ONE,19535,32
Violeta Päivänkakkara,51b30ea0-f719-466f-ab41-9f5e79324fbb,32
Brice Catherin,10398,32
The Above,800a2f79-9d71-4165-a097-806f125d81f2,32
1donotuse,20311,32
J-K,14543,32
nisei23,76802f73-fcc4-4476-a17d-b0cc240c07d3,32
YELLOW CHAIR,15717,32
Sound Spread,e3526770-ae41-4b4e-8301-e33685c6edb3,32
Keijo,b2a2a2db-2d5c-449b-b3b7-85d73585f0ee,32
Bashed Nursling,197f1b1a-fcc8-4bf3-8864-26880a603cba,32
Dissolved,8116,32
Fiesta Animal,8653,32
Mike Doughty,f3bcf7b3-be33-493b-8557-b201b3567828,32
Beme Seed,f0b7c98d-5245-48bb-a47e-1fcd68b25526,32
Leisure-B,db436594-ad73-4702-ab69-b9dc510c0cfa,32
Jon Watts,21446,32
SK,19803,32
Razabri & Lezet,24314,32
Trap of the Trap,8632,32
Koen Park,e2bf2d02-4bd6-4e07-85f2-86728bf58216,32
Break The Bans,16f721c9-acd8-40b9-8bee-e263a76a72d7,31
Retrigger,305c45a7-7f52-4042-bef2-2c554a8f7e81,31
Vivian Girls,d0676301-7ffc-4ff6-8b38-f8aeb8553115,31
Drums Like Machine Guns,6ecd7597-2fbb-4eaf-966a-448e9280d88a,31
Garm,2493,31
It's Notherground Music!!,3093,31
Nambavan,9ecf960b-16cc-48e4-919d-bbf296958910,31
Radio Shock,f1d4c9ca-5b4b-4254-b003-4371a2596cb7,31
Black Sea Hotel,48ba29ee-236d-4df8-b0f7-d1293ff0f9cf,31
Wehwalt,9e2dbc5c-05bd-4aed-9652-84012fc63708,31
CKZ,179cc9b7-fd89-4bbe-a0da-52fa38a14c5c,31
Coldnoise,9d053066-8fcf-49dd-bb1c-7c9b90953dd5,31
Los Margaritos,18727791-1705-4b61-8b54-0bce7939b5fc,31
Fake Cats Project,bad3b6ba-47d0-4429-8561-2260df8ce151,31
Advent Chamber Orchestra,640b515f-93f7-4b64-9289-41e1d55e6b13,31
Orbique,1f7054fd-5ab4-44d2-9d83-9a0d58cb9013,31
Best Friends!,2e6ec065-a9ef-478c-b0ca-f6e38773f3ef,31
Ending Satellites,2ba474ea-3bf6-4cbe-be65-847315d828dc,31
The Spectacular Fantastic,ae715b82-9e05-44f5-8aa9-0d28596f89a7,31
Voyageurs,05d27e20-2405-4952-9069-165d4cbb060e,31
Dublin Duck Dispensary,784dc158-9572-494d-a110-493e4cd14191,31
Ben von Wildenhaus,5e7f0435-963c-4cd5-bb40-ff2952779d6e,31
Pompey,13757,31
Greg Atkinson,692b61ee-7044-4678-9de3-d55bfaa80208,31
Fatal Injection,027a0421-b544-47df-a7af-1335a34dde4a,31
Sláinte,680e6095-68b0-43c0-99fc-5baa29debf4a,31
The HATE Noise and Anonymous,9954,31
Ylmoy 8,10461,31
Kirk Pearson and BIT,34397a79-d9eb-4600-b2c7-01b19ce14253,31
epsilon not,dba9566e-cca4-47f1-95f9-8754d394383d,31
Richard There,6a3bda71-799c-4e25-afc9-8495889e1aef,30
Tracky Birthday,e104bd8f-0152-4f5e-b696-1b646794f577,30
Farmer's Boulevard,53c809d4-5ada-4463-95ae-e3cb95488e94,30
Brian Joseph Davis,8af7565d-f3cb-4ac0-8309-2e54b70e5d8c,30
Fat Worm of Error,ee34fa85-6fba-4c87-bb7d-222dea43e464,30
Hayvanlar Alemi,93d16c36-727d-46ef-954b-5c32664e69ed,30
Meanwhileproject.ltd,7cd13942-03fb-42f1-aa1d-838e36296b19,30
6th Sense & Mick Boogie,3094,30
Animals & Men,cc3470a9-fe57-4238-8385-c61cdc10d7df,30
Frame,11574,30
REW<<,85421b29-cafc-41c7-963e-fe224f357e82,30
Uncle Neptune,7398,30
Stormhat,e5bda2d0-49d2-4e61-a723-d0286f4e042b,30
Cloudjumper,19056,30
4donotuse,15821,30
M-Pex,aade0940-c50f-438f-8e66-6359e4879194,30
Vitamin Pets,f90d03af-fce8-416b-bf66-8a91b7e9d93e,30
Russ Huddleston,c88dd041-0da5-41a5-b997-91d76f7a99ba,30
Night Birds,c7a4d766-6bc7-4766-b86e-35e8d8e3fa43,30
iot,11138,30
Paneye,f5e4485a-9ddb-401a-a64c-19c08f50230e,30
Kimiko Ishizaka,13715,30
PC Noise & Pedicure Records,20873,30
Mystery Mammal,98d525e0-06ef-4336-b199-f2ff94d79620,30
BVBEL,23824,30
The Zombie Dandies,32698bf3-4eab-4897-b369-102652358eee,30
Black Ant,84ce1fb0-c521-4929-96e6-747ed5302e74,30
Bacalao,b5ee58b5-17e8-4c58-94fc-221875399590,30
Zoo,f92fa0b8-1f9a-4a55-8fbf-3fca7590a41f,29
Gogofski,51a9c0ec-dea8-450d-8f71-72de8d1b3e37,29
Чокнутый Пропеллер,d259803d-3236-4859-87b1-d887476fcc6c,29
Trokai,16607,29
Daily Khaos delivery,19901,29
Ak'chamel,64919cea-0c60-44aa-9f43-4b686723ce78,29
Gurdonark,d10616a5-ac88-4f2d-af05-cfa8209d0087,29
Adam Selzer,e5fcf98d-b75c-4cfb-8827-0a52778725e1,29
DJ Harrison,411b5c5b-5432-4789-8160-6921c7cf6bcb,29
SANMI,13540,29
Blanche Blanche Blanche,b9bf2eda-4088-49ec-bf00-f3164ded9f1e,29
BoxCat Games,21dd4e7f-a5c6-4528-b64b-fb11c707fef4,29
Kingstux,6c04b91d-e0c6-47da-be99-7c4043824b60,29
Spectral Mystics,9436,29
William Hellfire,13228,29
Jeff Eliassen,13574,29
ps,13576,29
Das Kabinett,21231,29
Mise,22645,29
Humanfobia,97773419-3ede-47aa-860e-4b243f2b9205,29
¡para!helion,7578,29
Spinnaface,9292,29
Bullroarer,f76e7629-d0ae-4655-b347-971225af59f6,29
Undress Béton,ebfe92d8-32be-42a4-8d1e-a0ff5da4c0cb,29
Trance And The Arcade,42e05ca9-130a-4391-b729-0a6bb94b6036,29
Launay,3b0a8bdd-06be-4b98-9f9f-16b69d182db2,29
Spitfire Parade,a23bfb28-0e39-4a9f-9652-b6ac9408b1b5,29
Argumentix,b3b74797-1c66-4e47-a3d8-eed2256e1fa2,28
Brother JT,5f2fc238-7227-4676-9f48-f45e887a51ae,28
Gen Ken Montgomery,9fe4a38e-8f13-406f-8e60-8c077c27134f,28
Sagan,c98426ce-5f63-4240-8dcd-3a5b169979d8,28
Rotor Perdition,04f8d748-8b54-4d0c-bbf4-9fd682de2c00,28
dj smallcock,4268e05d-0c5f-478c-a70e-a86be8a934c4,28
Bermuda Triangles,3f1f3c8e-cf62-4305-bf29-c7a1e4ec47a4,28
Crab Smasher,7c644914-83f0-4079-a2a3-4ab5f57a7b71,28
-,13538,28
The Freak Fandango Orchestra,2a606804-510a-4728-899c-a9419adb82b9,28
reid karris,a137441d-e5d2-442e-9fb1-97aa5ff1e914,28
Jack Hertz,fa5f7e9e-5667-4771-8a05-f1e8c31386e7,28
Audiobinger,2e17d5d4-bd28-45a5-b601-3fce92ba12d8,28
Slackwaves,13197,28
Senyawa,ba54a312-7e90-4751-8284-4f32ea54a4fe,28
Small Colin,66fb7e8b-3a42-4882-a0db-10dde972eaa6,28
Paul and the Stretch,17805,28
Nheap,cf0a39af-59d6-4be5-82a1-dffd962ca7fe,28
Rubber O Cement And James Twig Harper,12904,28
springtide,4b03534a-6b88-47c5-88f8-34ce2055e85e,28
Maxim Kornyshev,451595e7-fe6c-4138-be31-8fe552f613b9,28
Gardenella,12953,28
Noidboy,6944,28
T3r4t0m4,22486,28
Neuroleptic Trio,8670,28
Min-Y-Llan,761da00d-0e52-4375-ab14-ba3205dcfdc2,28
Pierlo,f0308bae-f66f-4bfb-b044-4eb69bc486ea,28
Mr. Bitterness And The Guilty Pleasures,4388cb78-6e56-4c0b-8aa5-983259cc2554,28
Quint Baker,b5ae1814-580c-4dda-a229-97d549c6db45,28
Billy Murray,6116bd4a-1e7a-4e76-9b59-0b23a2887b01,27
Hank IV,ac67cf84-c526-4884-b776-7ed184dab57a,27
Bob Ostertag,9a4285b7-b793-42cd-a9b8-ff4aa16c5682,27
Arrington de Dionyso,2265,27
The Rabbits,21e63f91-960b-4cf4-8fae-20bac839c579,27
Angels in America,8b0010bd-fddf-488c-bc19-ae9996751d3e,27
Big City Orchestra,44db62b4-8572-43cf-8ea2-6492c91b4db9,27
Crash Normal,529b0abb-32a7-4252-88cd-1dc005b30333,27
Ultrabunny,679b62a8-a6a2-462f-b2b4-b11611db9c37,27
INFECTICIDE,16768f54-ed97-4117-958a-8cf92f8000e5,27
Roulet,f4eebb84-e067-4bf9-840b-4760266e6dc8,27
Lucas Perný & Miloslav Kollar,18181,27
Anton Mobin,d8c800e0-e1ca-41e0-b1f9-d56a359fc91d,27
David Mumford,20475,27
Clorofila Azul,3ad203da-08f3-424d-9514-6b13a1ba2ac6,27
Azevedo Silva,6cdb63dd-d261-40e5-96bb-67d9d4695d9c,27
Robo,64a8444d-dd5b-4ae3-a42e-73bd90e6793e,27
EARTH-ENEMY,15404,27
Chuzausen,9a5eba85-6beb-4f40-9612-722c085be4a2,27
Uniform Motion,f373cce0-519c-4c90-98dc-91da895a82bb,27
Stephan Siebert,c6f188c2-bceb-425f-8bf3-e8eaea1c0923,27
The Joy Drops,20819,27
Gabriel Pereira Spurr,9dedbaff-e0f8-4a50-a6ff-8bc0c13437e4,27
Jeremy Gluck,3b6040e1-efa6-4086-bb0a-2b637c60ada5,27
Achievements,21315,27
Simon Waldram,20350,27
Rock Monsieur,7317,27
Axial,8b5c138d-af9c-4bda-9370-85daae461777,27
Pornophonik,e97cc665-e5c7-4f70-96b6-3d897129a4f9,27
Jani Hirvonen,ef84a960-bd56-44fe-b285-3753488691d2,27
Titus 12,9960c5df-10c1-4b22-8243-0c1de6db6a51,26
Tonstartssbandht,3f6e6624-5389-4cac-bda4-87f5d7aaa4d6,26
Bronhard/Going/Public,92,26
Ethan Persoff,ce9d9837-6d7f-4294-bc69-c8f02f763ba1,26
Mink Lungs,268ff35a-569f-4974-835c-fdefa7d9b229,26
Steve Wynn,5eb64fa9-5231-4a9b-8742-e72c2d185519,26
Mondo Topless,1bd6e89e-8989-4b18-82b3-426f6334ffd0,26
Volvox,a491224e-6db8-441d-8e18-7058407f6188,26
Nick Jaina,329173b0-a27e-4ce1-8ada-0ff863a7c445,26
Marlo Eggplant,9cbcb796-1071-4466-b467-a46048348572,26
Stefano Roncarolo,8a2ad6c6-3526-4982-94ca-c02bc98f21bb,26
Uncle Woody Sullender,f437c953-cd90-484c-96d0-487383283f3f,26
Sawako,28dcd46c-0bd1-4787-8487-a43e7e13b233,26
Andy G. Cohen,5fb3b2c0-c245-4181-ac00-a6a101168568,26
Čopor,5c28b79d-ff53-45ff-ba1a-92db4ca6f526,26
Mark Castle,1bd36b09-9894-41a7-a2d0-375d652288dd,26
Lyndon Scarfe,8a86482c-043d-4b7b-9a72-6ef5ff207165,26
Hi-Rez,ffd5250b-9cdc-4baf-9714-800dbf7ab6ff,26
Megatone,17128,26
Lazer Boy,3daf5111-e830-4c95-92e0-46f494188140,26
Pixyblink,770fd220-dbac-4ea9-a883-2d3e95170851,26
How How,431be8c4-f8c5-4e0d-8aa1-47e06e563500,26
Trans Atlantic Rage/Balogh,14425,26
A Ninja Slob Drew Me,9de1badf-41d2-4875-80b1-5d85adceac28,26
Miquel Parera Jaques,13913,26
Mršavi Pas,11442,26
Colin L. Orchestra,10192,26
Jan Morgenstern,6938a39c-c984-4ae4-ae39-ad372519e809,26
Inside the Mind,2a281c08-1611-4945-950c-026e1f42f930,26
(morse),16860,26
Jeremy Macachor,5daf8096-08d6-4b83-94fe-65da2febd765,26
The Valleys,aeb57240-ceed-482c-af10-2a2b02337164,26
Let Me Crazy,a8033dbb-8f69-44b5-9c41-54e857012d3b,26
Mike Viola,3b857281-9d2d-4739-8bfe-305386ce8b7a,26
Carly Ptak,a77bb6c6-1841-4118-8b3d-57fd80a3355b,26
pat moonchy,8563b751-0180-4a72-b7d0-53900602466f,26
Nafta,10121,26
Punk Rock Opera,22128,26
Ryan Cullinane,23539,26
J Hacha de Zola,22652,26
Dora'li,6073,26
Tiny Creatures,6774,26
Chapelle 59,67512f0d-893f-472a-bb81-781e8b9f31d9,26
Three Chain Links,c5f7556e-c3d9-4c4e-9160-11c79116cab1,26
Good Old Neon,e6d369f2-9dd9-42e9-8217-6dca1e698f95,25
Joey Ripps,a9749e6b-bc5f-4528-be87-ca6afc6d7b82,25
Justice Yeldham,2240,25
New Waver,1f705d85-fe76-4f75-bcae-45aad4fe4c38,25
Spheriot,8bb9ba57-224c-4590-abb4-bfd8bc68b07a,25
Sminky,fee304b1-718a-46eb-baec-2d13b2234ca0,25
The Decapitated Hed,3640,25
Kania Tieffer,e0da7745-7caa-4be4-bb60-e1a7daca5347,25
dustmotes,e9a3af8d-426e-4557-b6b1-a2f85250e6f1,25
Egg Nebula,bd35e2b2-7966-4616-947f-9eef96dd783f,25
Astma,9622,25
Strong Suit,16815,25
Cletus Got Shot,f07a68b3-e4a7-4463-8235-bbd58a6d0be9,25
Nightech,e1bcb11f-d9f9-45f1-990f-16d4ce2cc069,25
My Own Cubic Stone,3d75ff2b-c571-41db-8641-294d3668f4b5,25
Shamil Elvenheim,13531,25
Juan Antonio Nieto,f8e938f0-28d0-40ba-adcb-6c9cfd7a304c,25
Visciera,481e8f4e-fb74-4ba5-9e5f-a105dcd2d2a0,25
Church of When the Shit Hits the Fan,ebe120c4-cb4b-40c3-b8be-06d60a29f064,25
The Hussy,56cd2ce3-fdff-4d88-ba6b-ac2ca18971fc,25
Assif Tsahar,ea17dbfc-f53d-4c3e-b96f-455b901b55c5,25
Golden Hits,9ea9cc93-e3c4-4d8c-8767-f95ff806d411,25
The Mugris,5d2eecfa-0d56-43cc-bd83-eca0d0bd90b4,25
Mister Drey,21310,25
Rest You Sleeping Giant,2f977421-74e5-400d-9d02-ed7fb036b3ea,25
Kοκκαλα,21488,25
Vicnet,94286482-b1da-401c-9a6e-39ebddd24974,25
KieLoBot,22616,25
Mported Flows,f57a4abf-a85c-4ed7-b764-7f51ac0b530b,25
Régis Turner,3cb797a1-00af-461e-bf0c-b5eca00dd586,25
Olelé Brut,df2639fb-1d32-4981-a7a6-acffe3de2dc7,25
Mombojó,969e51a2-4982-4c95-b365-eab8100f8b7a,25
Lorenzo's Music,7f1bd6ed-702d-4774-a22f-9cc4d7035ff2,24
Newagehillbilly,223,24
Suhov,9f1acea7-6245-494e-b639-75f8bcbb9bc6,24
Greg Houwer,2cad02b8-2b52-49c8-a4b5-3102e7f83e8d,24
Die Elektrischen,b7de8155-eac4-4be7-ad96-6152ff1121a4,24
Pink Panzer,91aca6fd-8052-4142-a3b3-ad04afcdf052,24
Jim Rooster,20332,24
SKGB,71054c8e-846b-4c6c-92e7-eba13f71dce5,24
Ed Schrader's Music Beat,85159f04-2a3b-4dec-b61f-a9ea561ed6d1,24
UncleBibby,bd849bb9-472f-4bbb-bca9-f9518b049cde,24
4di,7134,24
Azureflux,41ba4376-2ec5-46cd-a962-69b979a915d0,24
Janina Frank,19834,24
Dark Chocolate Chips,9431,24
John Lewis Grant,19911,24
Philip Corner,624f0a57-43a6-4c1d-9471-d7acc0651b7f,24
Bottlesmoker,ab607f96-68c6-4f02-b18f-0a9f6fe97e28,24
Dungeon Broads,b2028ab5-9121-4dc7-8782-d919d6ce40d5,24
DubRaJah,fe9f592f-7ed1-40b4-a978-695676495c37,24
Music from the Film,16980,24
Gosprom,c620c85f-c264-402a-bd78-2319dcf040a8,24
Jakub Nox Ambroziak,da320c41-6b32-41db-9b36-78c48b649d83,24
Fit and the Conniptions,b3a8ffcc-e70e-4b1c-b3e6-7177e695df60,24
Bonifrate,cd379180-e984-47a5-8c20-80f7f2883a41,24
A. P. Vague,ecd389d3-87ae-4ae7-9d88-88ba7bb7f6b9,24
Dana Boulé,f43389ea-01d1-40da-91fc-e0f4f4763c3c,24
Synapsis,21128,24
The Carbon Manual,21281,24
K.I.R.K,22006,24
Studio Noir,17850,24
Sobria Ebrietas,e257d502-b07b-45a3-97c5-efd79b113fb8,24
Pocketmaster,113f6a38-ba7d-4a88-bd7a-afb57d91ad06,24
Virginia Pipe,6185,24
mo-seph,5f28565f-d2f8-485a-9ea0-81601f84ae54,24
Tellemake,9728,24
Victor Herbert Orchestra,9756,24
Colin Shaddick & Roger Nicholls,9957,24
Eric Boros,6aa00180-009d-4555-8185-648492439595,24
Ofir Klemperer,df83bd1d-0267-49c9-9241-75986b9162ff,23
Lanark,9f16dc97-3b6f-4883-afe3-87f3f6efc607,23
Blanketship,0a9f5b08-670a-4f24-a075-0766c9a81459,23
Plastic Crimewave Sound,e8f093e0-0479-4c96-a367-3fb75b429f40,23
Six Star General,b40e34a0-54d3-44cc-af75-ff2c8920bfa7,23
Junior85,3dc6e2c0-2d8b-45b8-a7be-5b8f2ec4ed59,23
Comfort Fit,e6e2b787-0b4c-4267-8161-310399b101a5,23
Measles Mumps Rubella,1102210c-501d-48aa-acc4-0e3bb19909a3,23
Tinyfolk,eaf51954-9cdd-4547-981b-08357aa7b296,23
Jeva,3189,23
Snawklor,2145e2c2-6e4d-4ef9-9a3a-18c013c82424,23
The Cynics,d0e03c52-9f6b-406a-a465-61ee93831c0a,23
Mia Doi Todd,22212d7d-0816-4564-a7fd-1ec849a03380,23
Smersh,3f2b46c5-ca97-4046-b42f-1c6f7bd1bab7,23
Mudang Rouge,5144,23
Yair Yona,cefe3833-6788-462d-888e-9f4ef3a2ce40,23
Floating Spirits,8560,23
XZICD,fbcb5fa5-4457-441d-ab52-fd17075d803f,23
Pregnant,2311,23
The OO-Ray,10cd3517-c1fe-422a-a1fd-695c0d4012aa,23
Catholic Witches,16799,23
Organoid,15428,23
{AN} Eel,d73a1e99-8e70-4f09-8d3a-6496b06f0c4e,23
Marwood Williams,ba3d22fc-2382-4a8c-a30b-07e0311e435e,23
Puyo Puyo,68665411-8d0b-43c6-9af8-1338a8ea17ed,23
Peter Rudenko,13736,23
Jota_a_ene,14502,23
The Blind Shake,f42c9766-00c4-4f70-9d94-872d7fae228d,23
Maya Solovéy,12529,23
pawspaws,e4e1f708-a30a-4aa6-bd3d-6513e645ecd6,23
Vi-Fi,15772,23
+,13525,23
MAT64,395081a5-3aac-45b9-82c9-7ea5f4797806,23
John Roach,11145,23
Kendall WA,5a8a4239-dc3e-4baf-9c93-ac1266400801,23
Paniks live,13626,23
The Vivisectors,36d64916-109d-4617-a001-37cbaaf65a47,23
Monsieur Tympan,12746,23
Loretta Kelley,5fdbbe8b-c7b5-4986-9816-cb5b9f2139ad,23
Julie Maxwell,e37bbe38-6c0e-40ec-977d-487a9d0c7186,23
Eat Rabbit,e3dc3f6c-0e49-41a5-badf-b3fb4da38868,23
Deal The Villain,797db8da-8a91-4dc4-a2d2-4af32e39ca0b,23
Ensemble Pamplemousse,7817,23
Str8 Sounds,8403,23
Mannlicher Carcano,8500,23
Ming & Shaddick,8629,23
Frump! Strumpet! Strife!,10072,23
Morgan Craft,e3916c9a-42df-422f-8d75-53beff741999,23
Павкашавет бантут,1b543b77-df2c-4924-bd77-833afc1fd37a,23
Falco Subbuteo,2194,22
Foot Village,98c1abc9-be1f-49ca-a074-189abe1a70cb,22
James Amoeba,6835e8c2-4b89-4a15-bb39-095652892390,22
The Shrubs,2306,22
Ergo Phizmiz & Margita Zalite,2729,22
René Vis,59beb95e-6cb2-4dcf-95f2-9f627a24294c,22
Advantage Music Group,4978,22
Jed Hershon,4801,22
OCS (use also for Thee Oh Sees and Oh Sees),194272cc-dcc8-4640-a4a6-66da7d250d5c,22
Zlatne Uste Balkan Brass Band,46b3e52d-9e11-470c-b526-e4d3e9cb74ab,22
Brown Wing Overdrive,f6825cb5-5a1e-457d-af4a-10bc3149ca19,22
Prince Rama,6ca24ff0-c0dd-4c37-8029-f052dafb1e4a,22
Juanitos,7300dc24-7d56-4ffa-a907-c171aff0a8d3,22
The Means,9f83636e-bfce-45a4-be7c-54f3977cf3f6,22
brunk,99695950-b5a1-464e-bc13-748630171627,22
MUTE,3cddf2fc-704c-4551-a96c-99a61a13ef0a,22
Claudio Nuñez,4651,22
Supruli,12858,22
The Silence Industry,9e1e87bf-28b6-4b6d-94f0-7d74b41649d3,22
Blanket Music,0fa9d139-18f2-47c6-9d64-c547d3fc740b,22
Brown Piss,17138,22
Orthotonics,89eb1127-5a49-47e8-b71b-3f905fe2b278,22
Firnwald,170f3e8a-d076-4385-9a48-aef75009d44b,22
"Talk Less, Say More",6b6e3331-251b-42ab-9507-83ff4ad2a0a9,22
TV Girl,38f0c7ac-46eb-49ca-b3ab-c785ccd05a60,22
Anthony Donovan,15896,22
2Kutup,00d336e4-1494-456c-93c6-5661f7731fae,22
Sacha Rush,de7b8366-4bf7-4145-a85c-f329cde23a05,22
Dead Peoples Records,19259,22
Fearless Super Pictures,19452,22
Jorge Mario Zuleta,19425,22
Pataphysics,19544,22
Friction!,19831,22
Nutmeg,17003,22
Doctor Bux,14567,22
Trinity the Band of Pan,14770,22
Hudson,30bc8aa2-481c-4975-97ac-4354800cc7a0,22
Stray,15601,22
Фиорд,38bf1761-7af6-4c96-8bf8-937e774fcb83,22
Asthmaboy,69da085b-1db0-4fd9-a363-27494a6338f4,22
Austin Leonard Jones,503039d9-7054-42ef-9822-b5f81ffed73a,22
White Mystery,a67286b0-a122-4c0d-ac81-9d7e26c029fb,22
Discount Fireworks,846de7f1-cad1-4548-8907-7c9f688ceb6b,22
La Mugre Roja,11171,22
Radioactive Sparrow & Brown Torpedo,12487,22
Marcel Pequel,efbdc292-a517-44e9-86de-1f148dd6f6c4,22
Yusuke Tsutsumi,5edf8761-ba53-43a2-8aaa-d1d943eeeb54,22
SHOMOMOSE,965bdf50-68c7-4dae-abe2-1cbd8b9ae47b,22
Dr Sparkles,4d720486-51ed-43cf-8d1f-209ea792d878,22
Weldroid,295b631d-b36b-4751-b22f-140271247de4,22
Andrew Walton,1a545b84-fe08-4664-9fc6-0717489e751c,22
Michett,01d6f2e5-1dfd-4a64-9b06-72d1a2280861,22
spinningmerkaba,7010,22
Ervalizer,c5668a4e-68a3-448c-9acc-d26bd4e545c5,22
The Cheese Mites,21659,22
Corwin Trails,9655a38b-ea1e-4d4c-856e-c925da1089af,22
Caleb Lemond,21957,22
Colectivo Etéreo,658d50dc-65b4-4591-b2dd-fa13a868fd0f,22
Kenji Siratori,7ce094f8-a3a8-4a10-b196-8f6a9b81b36d,22
The Chills,90b5813d-fbd7-4539-89d5-034094f64a2e,22
Concealed Sequence,617e7b7d-399a-4ce1-a848-7f83cc508133,22
Overhill Ln,24095,22
Maxwell Powers,2fb457c8-4e8a-41a4-9e7e-b393ca9587c5,22
Delphine Dora & The Unexpected,6018,22
Ten and Tracer,c7966c72-d25b-4dc9-bb67-ac669d6a90dd,22
Tep,0e48055f-c722-4c75-8cad-ecacccd0c0b2,22
HCI,6904,22
Falcao & Monashee,550cf989-bd09-4aae-978a-988307ea9f52,22
(none given),8613,22
Poporc,3224cf38-caf1-49ed-b3e3-1c4500e6456d,22
The Beat (USA power pop aka The Beat),83d32236-de45-4351-a664-6f22754eab9a,22
Tiruset,f1e37121-b446-441b-9e91-180cda74bb95,22
Alex Gross,18c2742d-8db7-4d37-8d69-1c1c2b3b4362,22
Fonkdongo,0a05ea91-1356-4155-84c4-16dc56a4dee1,22
Space Monkey Death Sequence,13acf9c5-dd89-44f0-87e0-3d80a9ca2340,22
Neurotic Wreck,c5c09daf-cfd1-4039-b860-c93004a5bc5a,22
Baron Knoxburry,5d7f1d29-16a4-42b8-9a43-5e3a9438288a,22
Luno,21547,21
Black Pus,41d502d6-9c7b-4e1b-a828-37a9dde3b632,21
To Live and Shave in L.A.,083941cf-8183-4cba-b49f-16681f04eb63,21
Cheap Time,fbfd7b0b-a32e-4a76-b40a-325e3da02cde,21
Michael Chapman,89c3ee86-abd3-4fc8-872d-39d260ea8b1c,21
Gary War,b48b8a5b-bb37-412e-9258-bfb6173667af,21
P.E.D.,1950,21
50 Foot Wave,b2d1207f-bc0e-4228-9d29-874973960f04,21
Selva de Mar,fc7f3850-cb75-4475-9e65-5cd04b3a69c8,21
Norja,35928ced-b778-4a58-9d0c-57d25ee2774b,21
Throwing Muses,b1b9d5cc-7975-43e5-960e-670583da7bc8,21
Vlad Makarov,138b8064-ee52-4b83-abd4-ce2e8d9440a4,21
Curha,79386906-1f62-42c5-907d-3d7d1a1902be,21
Yoko Absorbing,e4e64865-a8ef-4bfc-b118-530e3f62b4a8,21
Milkshake Daddy,5013,21
Waste Disposal Machine,b0f90638-f27e-47c7-8774-dc1a94007cda,21
Matt LeGroulx,16242,21
King Imagine,33c6bade-7a43-42c3-b9f0-cbc602e3340d,21
The Electric Mess,1ffa9969-8a0e-4864-89cb-1eca9821c02a,21
Thee Knaves,8404,21
Dondero High School A Capella Choir,8dc84d13-e874-4307-b71d-29607da3fa7f,21
BenJamin Banger,6e4cbacb-605d-43d5-a11a-1faa6b4a54c6,21
The Monitors,15289,21
Post-Materialists,6881351c-6ed7-49d3-8ff2-083290603e09,21
Nick R 61,62670d89-cd30-427e-8040-d4bf13f2caf3,21
W.H.W.Y,c3464eff-ade1-4129-86bc-09b8d2f0ab8c,21
Murmurists,ffe6f2d7-da55-4575-a1b9-ebc872ea1e14,21
Reier,d5bc67a3-2578-4e1b-97bf-8de5ed01e627,21
Siesto Krapooloso,10611,21
The United States Army Old Guard Fife and Drum Corps,a70c57cc-8c2f-4ae0-b4ee-09057ab4f6b4,21
Björn & Gorden,a2adf044-5101-432d-af79-99895fd1d4ba,21
Salon Bruit (Various Artists),10982,21
Fanas,2b7f7f17-d0f8-4edf-9a49-b129f068e555,21
Laura Mura,9a08ba73-25bf-4c41-9b84-ae3f3998c0b0,21
MUTE,3350,21
Single Copy,12083,21
Julian Winter,f3909085-1052-4297-808d-9d731cabd123,21
Gillicuddy,06fff528-4119-4708-b338-b8b9a89fc61d,21
SAM EGAN,14090,21
Eridat Makwiri & percussionist,21133,21
Berger Rond,cddd92fd-7d06-476a-a68b-40963d0ce727,21
Return to Normal,21242,21
Dollar Boyz,21421,21
Mt Borracho,5b59fcd1-7f52-4b73-b6e3-d1d8cb287a2e,21
Jack Anderton,23916,21
Greater Than Or Equal To,8c653400-3665-4a33-ace6-fca758ac3f9d,21
Kevin Hartnell,22551,21
Kapotte Muziek,5bb3a0d5-1e59-4716-89b7-65b972bac0c8,21
Dino Felipe,4fcfb36b-3ec5-4e74-a2dd-173df8d36412,21
H.D.M.,4a9202cc-ff61-42ba-b409-c1b98d2e304d,21
Really Happening,8622,21
Placenta Popeye,8213d61c-120d-4a0c-9879-ae605b981c89,21
Эксперимент,c7c60bd4-4026-46c7-aa43-52c38f2ddb08,21
Anti-Pop Consortium,5452,20
Henry Homesweet,ff4308de-5b17-4869-ad77-ea41d8bf3b18,20
Barnacled,90920cac-a346-455f-a896-8e4636d67a36,20
Glass Candy,ca94595e-955a-495c-8ba1-25eebd9609a9,20
The Sounds of Taraab,1259,20
Thomas Dimuzio,c2ff438a-2409-4c07-ba54-2365d07f41e6,20
Larkin Grimm,1b9ddfca-2a5c-438b-9457-720cc51f93a3,20
Wolf Choir,1714,20
The German Measles,f3ba40f2-d5e6-46ca-9708-803eba5290fc,20
Supercute Bye Byes,2570,20
Wildabeast,97a34841-3860-439a-909a-c4c03ac2da7c,20
Daghoti.,3c0b5dd2-536c-439e-ba84-1c92c08a92df,20
This One,f4391eee-06bb-469e-aa32-ec4048e4ba89,20
h.,5933,20
Shadow Priest,c4129613-88a0-413c-90ce-5afd180885cc,20
Roman Slavka,f7060d9b-4a3b-4042-975d-de615464485c,20
J. Surak,14561,20
Tarpigh,18231,20
máquina solar,18243,20
Leedian,08903ead-457b-412d-92d5-670a8ea8c5f1,20
North Hive,ee105508-ff77-4879-ac47-8514e1a9d313,20
Serhio Efremis,6268fdaf-30aa-4265-a7b0-7bb7026a79c0,20
mildtape,204c1baf-326e-4012-8e3c-3fb2e0b733bd,20
Vienna Ditto,3f1ce766-9d02-48e7-882c-a66388a0eb4a,20
Plusplus,2bbc7361-e857-4c72-a76c-0b7d40fe6275,20
Ховбай Хвекмеев,be7b2169-7f46-492a-ad87-bbf243202723,20
COW,16536,20
Viva Belgrado,8dd09378-76ba-40d2-abc2-ec52a0f34c32,20
Hermit,11234,20
The Cow Goes Moo,06cbb586-e2f7-4862-b890-4d9beaa8bdf4,20
The Mind Orchestra,7d2c206a-6b03-4f66-a142-726fe4fca5ed,20
Howie Mitchell,14026,20
Möbius,5969d54d-40ea-470f-b7da-3514f2cf4c8d,20
My Brother Daniel,a87de233-5dee-48d4-9a63-3fe648986327,20
U.M.M.,cc78c019-1264-475b-8fcd-f902fe4d23e2,20
Distant 294,17129,20
Apache Dropout,f9b98dbf-5ee7-4716-a739-353eb2a01aee,20
Daizy,ba4529d6-dd36-4875-ad0d-145be2e18102,20
Kurobear,c4853f68-a740-4dac-9b27-d4f3bd27712a,20
Zero V,14734,20
Sergi Boal,20a98f83-2574-4e0b-be37-f13b852b1aa8,20
Lofiuser,cb348bae-d7ea-44bf-b6d2-6ce4f60d9c78,20
Tearpalm,1c65d9f4-7728-4a3b-a068-1ef3f2a7317e,20
Los Cuatrocientos Golpes,3c42773b-ad7e-4fab-971e-6b45d4d0146e,20
Peter DiPhillips,851d1d03-1191-4f6b-bbf7-b563c8297ad0,20
E. R. Goodman,15906,20
Illocanblo,065abb02-f035-4f09-940b-6dafc312502e,20
Brigand,c5e96ae2-59bb-426d-a8cd-e501d2a1e585,20
El bien,17347,20
Ras Amerlock,81da5dfe-2bd2-41e6-963a-2931c257d9f3,20
Las Ruinas,690e22e1-1d7b-4a8a-817c-0c004dab2937,20
The Vévé Seashore,10334,20
Emerald Park,70723102-0e1d-4a1a-bdd7-0bf8199cae44,20
Ryan Hardy,cf5580ce-7c1e-45fc-87e1-aaf0decb3eeb,20
Jealousy,12031,20
Charles Curse,bc8426a5-ce34-47a9-87cb-770c799a4900,20
Sans Blanc,10197,20
Souvenir Driver,5c313bdd-a66c-4252-819b-e6e024f39079,20
Tab,3139,20
Alcove,7503,20
Basement Skylights,1b704cc8-becd-41e2-a4bd-6bfe206b4beb,20
Adrianna Krikl,20854,20
Quimorucru,09850ceb-3f8c-4506-960d-5365329da086,20
Resonancedj,21345,20
Massaccesi,19513317-1a68-456e-bbc1-3ea6a831eb96,20
beat.dowsing,575ef351-e5fd-4749-806e-d0a76eed999e,20
Mathieu Lamontagne,ab53d6c8-c8bd-4d3e-8c93-262619cde141,20
Emmanuel Toledo,65aaa8ce-c67c-4945-aef0-b52152bf11e2,20
Di Kang,19896,20
Laisse Sheila Tranquille,23918,20
Panda Dub,08557f73-6b1c-4281-ad93-ffa660f5b266,20
Human Resources,10200,20
The Ananas,001939ac-c4ec-454e-9798-dcc58505f004,20
Indias Indios,01504d33-309c-4132-8bcd-36f87c32b28f,20
Efaï Héfaille,9315c0e0-2aac-45dc-9d99-f28efbc5d63a,20
Uke Stanza,2226fde7-117d-45fd-ae89-8a2852433a33,20
Stalaktos,7ff2d829-47be-49e1-9ab2-343ef5050d7e,20
Mary Halvorson,5b79b380-0167-4f6e-b707-28c065053353,19
Cloud Mouth,b0479cb5-7159-49ff-83a5-9fc6da052ebc,19
Wooden Shjips,3754dc74-381e-4237-bd44-65f5600a4d88,19
Means,10260,19
Dälek,4f2c4842-f90f-476e-95d3-8e868ae4d745,19
caUSE co-MOTION!,2fd53cad-49fe-49c0-a2f8-f8c1aa9567a9,19
Box Elders,01a53974-b56f-4320-be1c-fd2507e386b8,19
Irene Moon,6cf8f5cc-38d0-4b90-98e2-709e409778f4,19
Bunnybrains,530,19
Avec Noir,15690,19
Blevin Blectum,a484cc3c-5629-49e1-8eff-21408abfe22d,19
Scrambled Mache,5b1d66d0-4ac4-41fc-9b68-233727a8b617,19
Silver Apples,802d971d-5fb1-4ca1-8e56-69c64122d957,19
The Taxpayers,e039dd53-7fa2-48eb-a79e-ee2c359d3831,19
Special Moments,0929e646-c318-4ca0-95b5-b7ad14ae8916,19
The Spunk Lads,34976b3e-b588-4f31-98e9-96a0088cdf50,19
Speedy Ortiz,4fbf1a3d-a649-4f8e-9ddf-347f6ba2d307,19
Wilted Woman,e932680d-d349-4f62-9393-d4c3552eb1f0,19
Jari Pitkänen,b367481e-886d-49da-aba4-ce15ca38dc54,19
Seazo,ac029211-5939-45e2-983d-63fee1456ccb,19
Paul Mimlitsch,c17e2094-da79-4f17-b419-362db5c9a6af,19
Митрий Гранков,e2556014-8bc7-4baa-97e7-634fed8b035c,19
Matt Oakley,19037,19
Negritage,96543bdf-087b-410d-ab22-2a04222c9b24,19
Damon Boucher,20483,19
DarkSunn,190b5952-1647-42ab-9f83-df3af3841105,19
Wyldlife,f0659918-93a4-41c1-bcd6-0222980f4617,19
The Everymen,444474ee-7a90-43c4-a168-f227556cae12,19
Frank Bango,e4e9680d-138b-4e43-b87f-35f6bb1c52c7,19
Dark Asylum Music,14646,19
Greg Gibbs,92938ed4-305f-49c7-b83e-3864df241300,19
Wings of an Angel,407fe493-a0f5-4dcd-bd86-bde9d7dc14e5,19
SOB Pariassound,89fcfcb3-8740-4522-aedf-db372262f7ed,19
Textile Audio,85d47f03-6b39-4d99-888f-99dae1922b76,19
Carsie Blanton,be2a77db-adf9-48f6-b084-88d52cda6482,19
Bad Night Moon Shadow,15705,19
.crk,14023,19
Open Work Stocking,f50421ed-5afb-4701-9a01-a4780550651c,19
TRema,16303,19
Questionmark Embargo,16830,19
un,1936,19
Kris Anderson - Studio 11,17587,19
Children of the Drone,997637cd-3d41-486d-9545-37b86eab6b90,19
4mat,11121,19
Nameless Dancers,7797,19
Krebs,a62a19f1-88bf-4659-9672-537202942da7,19
Kuupuu,80ee2784-abad-4c7a-9eed-9b7870aaee21,19
John Bellows,8810,19
Hypermagic,22b529cf-4522-4d4c-89e7-9f2c9424faa6,19
Blackbird Blackbird,46e32991-1e7b-4575-9206-8e6519c97c14,19
Kenney Floreat,21024,19
Mom Jeans,0051cede-6df4-4d88-93c4-df4e9beab6ca,19
Son of Robot,7a48d81a-77f3-484a-992f-05e7bb6aa2cb,19
Leon Lishner and Friends,22321,19
The Rosen Sisters,6344,19
Inflammator,efdfb97a-566f-4878-962b-cde4689d38a8,19
Chase Alan Willis,22795,19
Monster Jinx,087e0695-8a25-484f-a9f3-ec21dfd38540,19
So Far as I Know,1827b69a-14a7-450a-a842-b90d7f8f3a2a,19
Pixelord,ca3cd8c4-ef65-4d42-b505-9ce09620f67e,19
BETON,7356,19
Rein,20bf0e88-c49d-4bcd-b3d9-61cff97f29d8,19
Katrah-Quey,e549424e-8a71-4257-acf7-18e798127cae,19
AmortE,b1b7bf01-8c3a-463f-b2ca-5a9f64ad3aa9,19
Changing Holes,9066,19
Profeetta Elämän Äänikoulu,9422,19
Mopno,9613,19
Sunslide,f90b1e72-9c57-4d53-87ab-ce7c944e1bb9,19
Low - Fye,10381,19
Boyz 2 Moche,10396,19
Charles Premier,543afb59-8e38-4aa8-84c5-0ba087d00b09,19
Pimpstrut Local #13,d0e83908-7776-4434-bd3c-409f1c8f7a1d,19
MOSSENEK,7bb9d97b-a8b8-4885-8b40-0e23a3a8d6e0,19
dUASsEMIcOLCHEIASiNVERTIDAS,f22532ce-9559-4b23-9f8a-dd55cab95772,19
Konsumprodukt,23352562-c28d-4386-8e07-16ca7c18f0f4,19
Preti Pedofili,f72a0e7f-66d8-4ad4-87b0-7f87b47e7168,19
Chat Logs,13052,19
Trills,1601b1ce-e994-451a-afd2-c133e9cae965,19
Sejayno,261,18
Santosh,5643,18
Dave Merson Hess,8645a2ba-190c-4764-8752-7f71f488ab02,18
The Twin Atlas,8e7ad5f1-5e98-4eb2-8806-f5ceb522b028,18
Lightning Bolt,978a36f7-85c6-44ca-a02e-7564e8fa8284,18
Loch Lomond,f89784af-5484-4937-80a1-fa1d9ff001df,18
Negative Approach,286e4fb9-4d6a-40de-ac50-01eff6a3c13e,18
Modey Lemon,308e57ae-3436-44b3-b757-fe7446055c57,18
The Cute Lepers,b6c845d8-10af-47be-942f-6d3e2275637f,18
Coachwhips,e4d37504-ac7b-4925-9f09-55b594b0b940,18
Century of Aeroplanes,30eb594c-fda6-46ed-aefc-46f12ec98b03,18
Peter Biedermann,1625,18
H Stewart,5d5c4a72-760e-423d-a2e2-2e31556ae404,18
Kraus,bcb1a32e-4577-4789-88c5-68519aba7cae,18
All Scars,749cffc2-b310-4556-91b9-9298258361d0,18
White Hills,524718e3-ff02-489a-a131-753dc2f9cb9d,18
Mike Yarrish,2300,18
Object Collection,fae012f6-a405-4392-88a8-7b4e01fd618d,18
Dan Melchior und Das Menace,61210d80-57a6-42a5-ae9a-20b43fadb756,18
Cellar Dweller,5854,18
Peter Sharp,0c6bc97b-e666-472a-97a4-9c4e0a9c7228,18
Raya Brass Band,e4a2f401-0472-47d3-91ae-20f73e7aa426,18
mGee,3720d9ca-7407-467e-9190-fa5bf2e75d86,18
Morusque,485c2b27-92e4-46f1-b2ea-50412c9e70aa,18
another cultural landslide,7fd45028-301e-41ee-b088-fa1afb59e211,18
Kristeen Young,a38b429c-b80b-49b8-8926-ea1a4efd5698,18
Alex Marantz,251f4747-d733-4d28-970d-9bcffb072eff,18
The Icarus Descent,9952a3ac-50b6-4597-af23-cde00ea6d572,18
keji al feju,18579,18
Hezzel,37afc6fd-43c6-4435-bafc-87504a5b2e28,18
CRTVTR,e84dc6e6-e7b7-4930-922a-98e5eca4fdfd,18
The Pink Tiles,05c52a5c-77a8-4ec5-be5f-b2dbba061da0,18
Charlene Darling,842aee9e-4911-407f-9abb-5f0da5f9b58d,18
Crno dete,69805b6e-b80e-4637-8b70-564ca5bc2f01,18
Tigerberry,3c1688d3-8df2-4baf-bbbf-44ad9d0778e1,18
Martin R.,19679,18
Ben McElroy,19564,18
aktivehate,a06bdf84-1cf1-4cde-bdb7-840c2e60c5fc,18
Various Artists,10145,18
Los Primos,15088,18
Emcee Lynx,6dc810f9-2267-4aa9-ac85-9c12a5de5e0f,18
Nicolas Tic Tac,15391,18
Thegntlmn,7295892b-4df9-4690-be4b-89ddfc7f8318,18
Texture,1ee835d4-784c-4b82-a925-220678469626,18
Base Cleft,11461,18
dOISsEMIcIRCUITOSiNVERTIDOS,16484,18
Buskerdroid,5c9e1208-ef7a-4f59-97c0-8fc3fa00be3d,18
deef,4e1edbee-5bd0-4063-9ef8-6457acd3b41d,18
Deft Aphid,b4ddad11-7894-4120-a032-5a862737584c,18
Stray Dogg,57172a45-356f-45f7-8dfc-aa405f1c00d4,18
Silence Is Sexy,f2578f3c-5994-4e93-8d75-db9dcc5b29f0,18
France Sauvage,e303823a-d369-4f11-ba0f-b92e49fefdd4,18
Aan,f2d0e106-ee92-479e-a78d-db30ddeaf726,18
Imagho,2913e40b-fae2-495d-ac2e-a5b27278c373,18
Tony Higgins,51762a47-17af-499b-a238-c9a41923c617,18
LIL,13263,18
Paniks,d0e1ca76-5d67-46f2-bd99-7929a31f71a3,18
Scott Gratton,20874,18
Bennett / Bravo / Mehrl / Olivera / Taveira / Italiano,20926,18
Rowan Box,21528,18
Wolf Asylum,0873512c-4152-4700-9fe3-6e38ab1b53f6,18
Forget the Whale,3a6fe519-f4bc-49ab-b323-1d33f544c5b6,18
The Loving Knives,21704,18
Flying Species,8ca0e4bb-1cb4-4d38-a665-dc8048f54a2b,18
Michael Brückner,22533,18
Pollux,707ceb09-2556-4c7b-a599-7d0b065e4b39,18
Evan Schaeffer,f6040a1c-2a49-4186-9e11-e4c39b5f2464,18
Greg Cartwright,da24dba3-511c-4da5-a0ea-7201d5b6f7a4,18
Japanese Communities,18830,18
MMFFF,23104,18
We're Late For Class,6922d0f6-b3f7-4ad9-9749-3c09d7b0a2a1,18
Karl Blau,688d2d9d-8f49-4187-b558-2c961c699ab1,18
Isuzu Kochiwa,6807,18
Listen With Sarah,d83b9023-e13f-4b19-9f06-ba9c0783ade6,18
Ctephin,5ede73a9-1b5c-4b6b-96ea-f85bb9d907e8,18
Agoostus,8ea63eda-569d-4ed3-adf0-043d851c9222,18
Apocalyptic Frequency Experience,22c4befa-2621-4f8c-8a0c-276724748872,18
Nic Waterman,8627,18
The LibraryAnns,8292,18
Duke Hugh,93a2a499-19cd-44ed-9fc2-caa79245cf6c,18
The Meta-Matics,2f7b8d28-cf20-4cc5-8197-53c61bfd4a7e,18
InSpectr,b062bfe1-7313-48a3-a6ea-6d7c000121ee,18
Charlie Salas-Humara,c0cd0c0a-f8f1-48d3-9209-3c965d1a8d6a,18
Sound Inhaler,d64be896-b48e-41dc-8ae1-f275056a3c07,18
Plebs & Fuckboys,91e1b5c0-5a5e-495f-b023-34ac052df64e,18
glasscarpenter,a1d2503e-67e2-4c97-bfce-d807a870cb9c,18
Martin Fahy,c2e4a4dd-d6bf-4b15-814f-cef5909b59a4,18
Zebrat,17845,18
Vim!,ae153c28-90c6-40bd-a5a5-a295c577cb41,17
The J. Arthur Keenes Band,5a2a4e28-0111-485a-91fb-64ba00c2c986,17
Jessica Pavone,a06152fc-97a5-4342-afcc-d47822d19665,17
Iso Brown,f1d4e380-008d-4316-956e-183f03b10265,17
Atomic Butter Babes,5850,17
Mount Eerie,e5306b29-16c0-4520-bb05-6b21f041b2f0,17
The Rebel,7d363b16-41a0-466f-aaa6-261083769c25,17
The Boardlords,1480,17
Father Sleep,6a196566-4e97-42b3-85e0-04699e8c280c,17
Das Black Milk,3676,17
The Years,3158,17
Agents del Futuro,e84832b1-beb6-4669-a851-deeb0b6f96f7,17
Zloty Dawai,c5813ef3-374e-4f0a-8680-80ece39715e5,17
The Sediment Club,9da090d1-de0a-4afc-be8f-b2d519e527a2,17
The Snails,5221,17
BOPD,2631,17
My Mind,3011,17
The Bran Flakes,b4868b93-41a9-481e-9915-c588c7b5fc5f,17
The Sights,e80279e5-3881-4002-9aae-40f97d513035,17
The Prefab Messiahs,00b78ba4-c0bc-4781-abf0-a834b2e3cbe3,17
last king of poland,12287,17
NY Spelmanslag,13253,17
Niva,13021,17
Brazda,12839,17
Today's Man,17996,17
Herr Doktor,cc2e9e51-3d0e-4c7f-b5d1-8efbca030216,17
Dr. Mindflip,16554,17
Sonic Avenues,69f732b4-8e8b-438b-8ef7-2c1b010811e4,17
Marissa Nadler,06ae569e-0b5b-4cd7-aded-98c3ad743ca3,17
11ème étage,17075,17
M-PeX,aade0940-c50f-438f-8e66-6359e4879194,17
Flux Without Pause,19559,17
Jelsonic,19692,17
Alex Mason,820cbcc5-6874-4350-9abf-63cb18ce2d8e,17
Vagina Jones,97a46a2d-91a6-4d22-a636-86c31189afe5,17
Joel Knight Chevalier and Unexpected Social Images,4f68a47c-376f-4aed-b351-34d54f3c992c,17
sawsquarenoise,19696,17
YANSR & CCC,20308,17
Léo Doubich & Benjamin Bret,20393,17
Known Ocean,14158,17
Denitsa Mineva & Kosta T,19895,17
Kreng,683c9751-76a6-411b-bdb3-92a99377222a,17
DJMC Haram,14957,17
Büromaschinen,791915b4-7129-4464-8843-7992fc8bc39a,17
Pouffe,f89eab88-79c1-4467-98ac-fd4e749abe24,17
YTNi,32793b4f-1859-441f-ae62-57e5ffa7afd5,17
bio.nico,8549a949-bd0f-45d1-bd7f-3dcd732d6e8f,17
Pollux,15230,17
C. Scott,15233,17
The Implicit Order,550b9f6c-9bb6-42b8-9392-c7c2959a9ee3,17
In[Perfektion],5dc3b89a-c00d-43e8-8061-ba4326e40988,17
Lomz,5454c0e4-8744-4a77-ade2-c617dc08c4a8,17
Twenty-One: Twenty-Four,16968,17
Moon Veil,b9e485c2-cec6-4625-a851-a03ffcf964ed,17
Carrageenan,4005cd67-5926-4301-ba50-7890f30e3474,17
Structura,14440,17
Waffle,10974,17
John Badger & The Moustache Riders of Doom,9336,17
Maps and Diagrams,7441bccd-67f4-4294-90d9-f9fd1bb4a37e,17
M F W,12285,17
Deaf Wish,2d503b96-3053-4215-a41f-d51a969f02e7,17
Act,b342f361-98c5-4fd2-baca-9432689f3eb1,17
Blast and the Detergents,13470,17
Inquiet,e8acec6c-f9da-4ce8-ac38-4253896c5d1a,17
BASIC,104490f5-1f17-499e-9b08-8b2177cca32f,17
Matt Burnett,e5fa8736-ca09-4568-8c80-318cb0df864f,17
Robin Allender,621f8cd3-2d23-484f-b447-9222eeb2e9b5,17
Anga,21940,17
Chairs,15411,17
No Way Out,22089,17
The Sun Through A Telescope,02363cd3-a164-4ee5-a56e-1e23f87b2fcd,17
BG du 72,adc327cb-6899-4e42-b115-5393099d0cd1,17
Monkeeastronaut,21319,17
Evgeny Teilor,22389,17
Blear Moon,596e93df-7ef4-4164-b4fa-be833fdf4214,17
Gerbil Church,13139,17
Dirty Fences,c9c1a928-bacc-4d78-aa56-9b1c8129f787,17
Skyzo Maniak,a52e075a-edc9-416e-97ac-3d1bfaab3755,17
Brian Routh,b4e64ad3-1936-4f45-9b8e-e0b371ed9ebd,17
The Black Square (■),22676,17
Posset,d2f6c3dc-0ec4-424e-99bd-1aab61d25508,17
Jozef van Wissem,496a2897-bed0-4be0-896f-cee82abb23c6,17
1-Speed Bike,254d5679-727c-4515-a81e-3648d54da2c5,17
XYX,9256e9d9-1898-4936-9919-988536ff6be6,17
Frank Dorittke,1d6b2298-84bd-4752-b25c-c38141bf6156,17
Factory Sounds,7777,17
Menion,4bb57558-46b8-48c7-9dea-f1cfca523378,17
Phonotrash,6c9b4ef3-0697-4a7c-8c2b-5a6f04dea648,17
Colonel Trip & Captain Future,8642,17
Schizoïd Bass,9578,17
mGee,9814,17
Cranston,9966,17
A.U.R.C.,eb6480e8-739a-4344-b60f-8ee1199a52b0,17
Riasni Drova Consort,ed36dd30-7f26-41ab-84aa-78e80a425ad6,17
Guitar Wizards of the Future,1b67a27e-022f-4370-8dfd-c02ddc8140a2,17
Mars-96,9b250925-ad6b-4f42-a6e5-d1532ab2ca2e,17
Ashbrg,a90828d7-d9cd-420e-a69b-5b6572b150b5,17
Dumbo Gets Mad,73162ac3-c74c-4bf5-8cff-c8cd48700e01,17
Chenillon,7288,17
Post-Materialists,68ae6a9d-22fb-4dde-9f0d-f2fa2c1dd2a3,17
Roglok,7c3f43b0-ff76-4a0a-a504-95eeb5bf3645,16
Binärpilot,9c6bddde-6228-4d9f-ad0d-03f6fcb19e13,16
Andrew Christopher Smith,5665,16
Mikuś,6ae4bcbc-2fdc-43f9-9210-6086c48d26d8,16
Half-handed Cloud,606f25d1-0b01-4d1f-b7c6-e72d80c22b6b,16
Herv,7d75c070-d47c-4b34-b999-0a1ca7d80f42,16
Borful Tang,5c950c78-c49b-4df1-9bc9-0ee3bacbd045,16
Charles Manson,db3d7002-d9e8-4803-82c4-d85dad3f29bb,16
Illusion of Safety,aec1d290-092e-438a-94b8-ebf7e8e277da,16
Kowloon Walled City,88f521b9-f56a-4059-9474-ff1aafdc37b6,16
Von Hayes,319,16
Smokey Hormel,10ec4ad3-a1a8-482c-8924-4472f9f44346,16
Ada Jones,ac320247-1dd3-4cb1-901d-d660c1c050f5,16
TR,2117,16
Al Duvall,61640499-8b52-453e-b506-f4c0cec65b9b,16
Silk Flowers,98b18203-52da-4038-aa5e-754803e2776b,16
The Doughboys,18140141-2b86-48a9-bd0c-3b62d4f0b80c,16
Opio,838e4698-4c62-48d5-bf0d-661704bb17a7,16
Kukkiva Kunnas,e63fc019-5d9d-4e64-93ea-94bd7e2ce51a,16
Light Echoes,3a20f296-d93c-4b70-b1ca-1348727ee1f0,16
Theo Angell,dd90ab3a-57e8-4ea6-bea6-82c7fc3b50c6,16
Jessie Evans,aa9e86af-b7c8-46b4-b8eb-6621ad713619,16
Eddie the Rat,08b518a4-aa2c-4081-95d9-56c7b6367f54,16
GDFX,48819639-eefa-419a-8924-94d9db277f41,16
Copydex,5804,16
Sun Araw,521c4601-9145-41d4-8275-6644eca4fab2,16
C. Reider,c0cc6f09-259b-4c1d-b0fc-817655e0fddf,16
Asian Mae,18182,16
Spiedkiks,b5441802-d113-40ec-957e-b6800b410103,16
Dissolved,872ff144-fd9e-47ec-96d9-6ed0ededf7d6,16
Martin Lowack,11367,16
Titan,18661,16
Rod Hamilton,dd5b4d17-ae6b-4cfe-9366-08f5bc78c70f,16
Camden,b1dffc4b-0b99-4037-a726-0a111e0ca812,16
Aviscerall,1d3f3c0f-2b2a-4443-92e5-b239a7182b93,16
Fyodorovitch.,3c81fea8-1fec-459f-8969-bca4ca833ee9,16
kollagemontage,873b382e-0a62-4506-b601-c99c0e4bc961,16
Quiet Music for Tiny Robots,20212,16
Salmo,8691d44e-7143-4edb-a72c-1cbc7d1a0867,16
Vesme Dreamchatcher Kiong,14430,16
Dengaz,57a115f5-0dee-4101-9355-5d09800dee31,16
N-qia,50397282-2df3-4d54-914a-c82d2002c1aa,16
MrJuan,14787,16
Kid Caustic,73190d36-cf12-4426-8b83-d10b8e5425f9,16
Jake Allison,a14e586d-3e8b-4db6-b93f-bdd8a058c5b9,16
BJ Block,9ebf5797-2c8e-4db1-b5aa-7913c7209fb2,16
Dawn Pemberton,59bea280-8c18-4b16-ba7d-e18e2892630d,16
The Woolen Men,f5e1d780-701c-4f4b-8658-d7e65dc4eca5,16
Øystein Jørgensen,b4231b83-362b-4e1f-a9b9-0337120ff7d6,16
Анатолий Никулин,c372a79b-32c1-483c-8cd9-209af5482f4a,16
Carlos Ramirez,10002,16
Planetaldol,3058d4e8-408c-46d3-9cf8-54efd01c0330,16
Inicolabug,6954089f-eb02-4918-8cca-4ae4b6a1c937,16
Stewart & Scarfe,6baf0b20-6e20-4b65-b739-70cbe57b84e2,16
Cezary Gapik,5a37431c-d48f-48e5-9e67-50f31495f62e,16
Son Altesse curieuse,17074,16
Zachary Cale,907a454c-8e4f-40d0-a8bb-0183b267008c,16
Spray Paint,757ee7e3-42b2-4e46-9a28-e45ac240bc55,16
Makunouchi Bento,d9bc4251-3bcb-41c7-93a6-1e3e199297b3,16
The Men,5c9dd735-7ac6-4621-99ec-e56faff5df40,16
The Ettes,cbcfd7d2-9fcd-40dd-b8ab-93130dc1bac6,16
Morphamish,ae1ebaf5-b8de-4675-aade-64603cd51f55,16
Onyx Ashanti,dcef6eff-e698-4167-974d-46b959a8913a,16
The G.O.V.E.R.N.M.E.N.T/5hit Hop Ninja Terminatorz,13201,16
N.N.A,13718,16
Peter Rudenko,ce006736-7436-4157-8413-8918091a66c3,16
?alos,0716e73c-930d-454f-8967-5c9e8da86a83,16
Salomé Lego Playset,e27c3b2a-2142-4a9c-bf4d-137e278b0547,16
Alasdair Cooper,ad5ca5d2-6319-4592-b8b6-8910d40bcd96,16
Rue de Prague,8366b5ce-f501-4f46-aef7-a2e23ba9bb7f,16
Pınar,18345,16
Dave Fuglewicz,21372c82-6662-45d5-abed-4a1d83858982,16
Droopies,886f560a-180d-4b37-b8c5-c0d783b0504e,16
Music For Rabbits,2b395d1a-0331-4980-9e9b-51fb71d62d38,16
Ghost By Nature,3c342126-aac0-4a7a-a3c6-1547761b7bb4,16
V~Nessy,21549,16
Severin,22038,16
L'étrange Couleur De l'Orichalque,718126d8-a2d3-4f08-a544-56f3fff6e8bf,16
Sean Derrick Cooper Marquardt,99e340b1-a09b-45d2-accf-adbac0ab5f30,16
aboombong,330e26ab-c33f-42fd-8711-ddbfae4cb106,16
Billy Torello,21477,16
Cuicuitte,e3a9ed91-f903-4b1c-ae93-376a7a9aa2a7,16
Le Manque,93246a8e-a9a7-4151-96bf-bccba2bd7810,16
Aglow Hollow,00250b8b-c8f2-4dae-b548-447582cd0a09,16
The Long Ryders,c26ba79c-dedc-4eae-b42f-1a68ddc3c104,16
Ukrainian Village Voices,efc7eeb5-e546-4028-9ed4-76df6170b450,16
Artofescapism,22324,16
The Fleshtones,8d0c6147-90f0-4045-810f-97f5789f9bd3,16
Trotski Nautique,2275815d-4678-4340-928d-64add150bf0d,16
Nangdo,c357893d-49c4-4f5b-9610-fea57b935744,16
Tonality Star,20320,16
Starover Blue,c6006ed9-5978-4b37-a049-e84b59f7d2ce,16
morten rasz,19527,16
Computer Truck,59f236c6-5079-443c-b17c-a06792c7a10d,16
The Riffingtons,6333,16
Rob Steady,26eabafa-a5a4-4cd6-9015-ebf02d6598cd,16
Zavoloka,493f4b0f-cf83-4c47-83f4-728b31ecc9ba,16
Norrin Radd,3e573b6b-808f-42ce-b4fd-a1eee3264d0e,16
Atros BoXon,7336,16
Xray Eyeballs,4a7f0443-58fe-4fa8-aced-d05fd121b8d2,16
Christophe Frémiot,8605,16
Stan,8619,16
James Franc-Parler,fa9c86d9-4eb6-4056-909e-3ed25f822931,16
Lume,8969,16
Otra Carpeta,42473432-3211-477a-881b-c7d9bde40bc2,16
sirqueue,40454306-a132-4ff0-9b12-497532ec7e2f,16
Violins is not the answer,97aca09b-3902-4ad0-a260-e70a09bf208c,16
Herre Jorna,b20845a2-9d24-413e-942a-03b9caf73ccd,16
Riasni Drova,10448,16
Candlestickmaker,3f4f9138-5945-4308-a84e-2cd7e913c867,15
Lawrence Power,5682,15
Nate Wooley,2c98472e-79ab-4931-9bc1-44aedf26fa8a,15
Lazy Magnet,dcbaddda-a540-436b-97f1-6bf89fd63855,15
Pleasurehorse,04ba8013-ca2e-4965-9288-02656eda62b1,15
The Minor Thirds,e2402050-684f-4590-b77e-bd13561a8dfc,15
Lexie Mountain Boys,67dc8464-3f5b-4ae0-bd2b-824411cc7664,15
Screaming Females,b0f12d25-6175-4652-baca-b99a106cf2b5,15
Zeigenbock Kopf,5215997b-666a-49c5-b881-5706ac1c4de1,15
Skidmore College Orchestra,2357,15
Bobb Trimble,67cb1f1b-8501-4474-a565-012a4563d4d1,15
Noteherder & McCloud,156810df-c14f-4ee4-b5c7-007b0b016fd0,15
pandoras.box,6fff408b-6637-4227-8d80-d61000a8c3c7,15
Shake That Little Foot,bda1ee80-cc4f-4124-ab03-418fdb228b64,15
Luck & Ripps,ce6945d3-eb3f-4c3e-a5a7-489a25d0754b,15
Wm. Berger,d32daa16-0811-47e9-8208-02a260f194a8,15
dmyra,b0678531-d442-47d1-9d8a-9800ad821fc5,15
Norton,9c23b9a6-be71-484c-a37c-0582aaf3ad47,15
Reason Enough,07fbe662-8c25-46a2-a2b8-d511b369cbc8,15
Jody Pou,27089569-ce0d-4eda-856e-2ae86a5cb556,15
Smegma,1246,15
The Polyps,8f13d395-5dae-4208-b999-06956aba7037,15
Moan,beabd083-ff59-4e05-8031-ec19253a49a0,15
saQi,1826f9e9-3ff2-4062-9c52-413c798c27f9,15
Gentlemen,18026,15
Hopek Quirin,62c501f2-1675-431f-a882-d5d3235c1b83,15
Subversive Intentions,f437a5ad-5c28-4146-b3a6-9c728a79c9d7,15
Adriano Orrù,842cd28e-2d87-4cb9-84c4-4006b3c38e9c,15
No Loli-Gagging,4f1cbb9c-d29a-4abc-a4b0-9a95276b053f,15
Citizen Blast Kane,e667ac09-79e6-4cc2-b4d6-de6e2b67600c,15
Ian Sutherland,16481,15
Alex Fitch,20133,15
Teddy and Marge,20321,15
Percival Pembroke,b102d2bc-932b-4302-a5ad-3229c481440c,15
Sans Nom,243b49be-31ad-42de-b270-c5a19b2a0182,15
Don Trust,02cc3585-517a-4455-862f-ebaada0614b6,15
smallRADIO,a0f7f439-ee83-47de-881b-041017efeb66,15
Music for Your Plants,a3606601-b6a5-4c80-85df-f11dc8014931,15
Foster Care,a9f74137-0855-4ac2-8d4e-cd7549f750d7,15
lukeing forward,5bc83119-e165-4e1b-8e7a-4a678d7d2c09,15
Stinky Treats,15294,15
Dr. Wylie,dcab985b-d3fb-436f-8540-7b6397aefdb6,15
Fascinoma,099bf736-ca38-49ba-a627-111d24fef44b,15
Dmitriy Krotevich,15614,15
"Lee Maddeford, Roland Vouilloz",15905,15
Jorg,16034,15
Nasienie,3d2217ee-eba7-4f3a-92a5-8282cc6bb0b9,15
Underling,d2e9d9a7-968d-44ff-bf28-55106ef6e241,15
Control Alt Deus,cf6cc79f-1271-47b6-838d-b4ec957e7bb3,15
TRema,16300,15
Robert Smith Jr,a91eae45-9cf8-439c-b600-62e96a2c14ff,15
"Robert Smith, Jr.",a91eae45-9cf8-439c-b600-62e96a2c14ff,15
Th.e n.d,11373,15
tozo,a5cf08c4-937a-44c0-8314-326bd50c3238,15
Sol Rezza,9766981e-2e54-4c72-a644-910ad93184a3,15
Carroll,27f9c21d-e142-4778-99dd-a67fcb9c3d07,15
Marc de Blanchard,7c64feb7-c4ac-49d8-a637-657b2fa0b3c8,15
Jupiter Makes Me Scream,74684175-a841-4a6d-8851-fb54820aae31,15
Lemur,d43a9e25-bfdc-46c5-99d4-03ceafb693e5,15
Bugs and Rats,7a6dd807-3938-48aa-8c31-a1cb13582a91,15
SWERTE AND MADROTTER,10816,15
Shape2,10861,15
My Bubba & Mi,9dbbbf79-1032-4f8b-aec0-cdb072bdcbef,15
Inkubus Sukkubus,381178df-339f-447a-a68b-e4ef306b3da1,15
Act,9379,15
Twin Guns,12802,15
ZuKrewe,8455,15
30[eks],408eb826-6302-44f6-9171-b92dd68faedb,15
Bob Purse,13384,15
OBN III's,31879f68-9283-40c4-8a4f-02ef958ed0ea,15
Drama for Yamaha,13985,15
The Pandoras,35498d38-e23b-4643-9068-e0b77b8d4e05,15
Whodiniz,21273,15
Tzelalot,da199bd7-8d38-414f-ac9b-25d5146b6972,15
G8,21510,15
The Blend,8308e1ed-3ac7-49a8-94c9-69fabc90fce2,15
Velella Velella,1d22782a-9ac6-4941-90a6-a3ff186671ac,15
Release The Long Ships,f4ef9b62-9e57-4b9f-a116-8ce5fc1d01f0,15
Melange,b7201b50-d850-43d2-bd2d-a9379f5ef167,15
ZAIRE,19675,15
Talons',5a83425a-78ee-475c-8106-e18a4590db3d,15
Jon Luc Hefferman,20973,15
Paint Fumes,34ccfcd0-9c90-403f-8197-b1f6b40c9e4f,15
CURD,cff80d45-7de3-406a-842a-f031bff51af1,15
Axletree,23109,15
Soulbringer,ddd9ecd4-7186-4add-9e1f-47f814fe1afa,15
Abishai,23858,15
Eyes Behind,2e40e7d7-511a-48fb-84a8-6c55c00acb68,15
Cancelled,5977,15
Sputnik Booster,5eb50fd9-2e7e-4baf-bd4f-552383f9d574,15
New Carrollton,e220b4e8-a139-43c4-86c2-4511f0c56dd1,15
Fast Lady,b19f0b77-4f7b-4d2c-b5e0-35d51fdbdd4c,15
The Pop Winds,60c8df0e-50e7-443d-a23a-68e9664c1d46,15
The Laureates,a8803224-beb7-4f98-9c63-786bd20e9b0b,15
Logan Whitehurst & the Junior Science Club,47d4a697-676c-4711-855e-483256c3668c,15
Vasily K.,ba9ce7a9-277a-4df4-88f8-3f1aa5ec6f52,15
Charles Ray Experience,8486,15
MaCu,7603,15
Ion,8170,15
The Girls At Dawn,8191272d-d07c-4b56-9a06-692daca02688,15
The Threshold People,c402f8c8-0611-454c-9ef3-5101570493ff,15
Scabeater,99ce0e98-1ee7-4757-b5af-b814569904cd,15
G.G. Allin's Dick,81e46da1-fdfb-458e-86a9-d92456b32971,15
The KrestArians,8332,15
Mt. Gigantic,3b87a8b4-51a0-42f2-bba3-aec57eb409dd,15
Coolzey,ecf72b9c-57c4-419a-9f49-3d1e63d0711c,15
Les Petits Chanteurs de Montigny,9883,15
Alligator Crystal Moth,db31c649-e9ae-4dca-b841-465d50dd3347,15
Mockinpott,2b877817-739e-4f78-84f8-2c4965c46c5c,15
Krasius,32874233-c7b9-42fe-9011-4fd3a12f6875,15
Cycle~ 440,340ca3fb-19d4-46a1-83dc-565f7fd9e30f,15
C. Strøm,fe0650c9-ecb6-41c8-a41a-cc63854e868e,15
Luciano Foglia,959e390a-deae-4646-8e3e-b16562a4f288,15
Tone Poets,50c30c1a-5759-4952-b1f3-f596aae185bf,15
Acid Police Noise Ensemble,52a5b65f-a892-4ebb-b42e-bb8c906bebde,15
Buildings and Mountains,c37dc0a3-b51c-4564-a090-49975418567c,15
Krayb David,beca00ff-459e-4e4f-9c01-e61c1b66cb98,15
Behold! The Living Corpse,2c5be953-307c-4258-82b8-15d0ff1028ca,15
Milisi Kecoa,21b3b7fc-0a58-41b9-83d9-206c718cf8ed,15
TIGERBERRY,3c1688d3-8df2-4baf-bbbf-44ad9d0778e1,15
Pranavibes,19685,15
Ari de Niro,23404,15
Electrician,3ce47efa-5043-49fc-9dec-4731f49e9063,14
Michael Holt,851,14
Doug Gillard,e1cfd005-e293-4196-af38-3a0ac0ab1dbe,14
TSIGOTI,c16b8dd4-3e96-4f9d-99a8-7293397a23df,14
Area C,8aa1b2e6-60db-4ec2-ab34-2859595fbc7a,14
Mudboy,219,14
The Wire Orchestra,290,14
SUX,352,14
Dan Friel,77947772-db1a-43dd-82a6-aa1902886f23,14
Bob Wiseman,d886c49d-15fe-47fb-b0bf-0ef8555d5f85,14
Bruce Lenkei,729c5d7a-3cfa-40ab-a76c-97bd3d5a1fec,14
Colin Clary,05c2cb6c-bedb-4a4e-8344-44ecfe19467d,14
Kristin Hersh,0b461f11-c7af-4ddb-a30e-5cb0aabb3e7f,14
Kevin Blechdom,018e4c4d-fe3e-4ad6-8ad2-6d42a6d752d5,14
Kai,2871,14
Robedoor,783619f0-c6d2-42e8-8f36-447e93112e79,14
Deano Waco,3395,14
Gepel,03134f58-ae01-4472-bb99-791eb2d346ea,14
Aelters,968dec81-e3c6-42c4-9024-9b1ba529bdf7,14
Nouvellas,d57d5a6c-fa48-490f-ac34-2a9038b39434,14
Hank,2541,14
Bradbury,ca57924c-3d48-4bb5-90b5-a0717e665175,14
Dan Melchior,45dca9ed-78cb-41f9-bb4a-4e92cb293299,14
Hunted Creatures,7398fdec-c6ba-4491-97c8-1bfd6a429a93,14
DJet,174961e4-2ccb-4c66-aa2d-d86ab244cfc5,14
TV Ghost,2d808397-2f72-48c7-a476-4dacf970dec8,14
Volatil,ca42c99e-c5de-4a6a-a3e1-90bab8884152,14
The Kid Daytona,aa42b651-aa87-4bf4-be99-7f51e1650e40,14
Siren Cult,72dc544b-bf13-4d66-b0b9-ebdd9661326b,14
Gary Wilson,90089f6c-419c-486d-a293-7463dc877f68,14
King Kong Ding Dong,180,14
El Jesus De Magico,31e3bbe7-44e3-49f3-a913-5308269ac309,14
Arastoo,fdf9ea3d-67cf-4b2d-8406-3f7118898f03,14
Edmondez/D'Silva,3170,14
Dildo,79efaf56-c249-40ab-8a61-ea5ded70cbe0,14
Nick Otheen,12d11dd8-e96e-4354-b213-ce454f9c8467,14
ABSRDST,70cf8d5e-2d03-40cb-86eb-96adf714afc6,14
[interrupt:Jumper],4c80418c-b565-47a7-8197-dd0df84d01a0,14
Ample Mammal,fcc56b88-7e59-4c4a-b40a-24491ec6321d,14
Jeremy Allingham,18272,14
Dolphin Omega,fdd1fa0a-d9bb-47ef-a074-a9d1d0d35f7d,14
Daniel Heikalo,25f560a7-94d7-43b3-8fea-13d38293a181,14
Crocodile Tears,4d1d54ea-15be-4d18-bad5-0cd22b7593a0,14
Aussitôt Mort,7ca295b6-b20d-4644-8870-f92522c26b0e,14
WHITE COYOTE,230faa57-df54-4b16-9a3d-58238cc5c91e,14
Tony Gage,307,14
Art of Empathy,9cdf0034-3e37-46ee-9cb3-e93b831d114c,14
D.A. Dad,18822,14
Jazzafari,f86629db-ef7a-40e9-a389-d0aa9038921a,14
Metastaz,dd635be3-35c2-42a5-b251-00d0303bd8e5,14
P.P. Roy,fce7352d-b833-4183-ac84-393fe902ae44,14
Doom,87a9283d-ae6a-42b0-97e5-a0e439a37c85,14
1-800-Band,d94a15ad-fb49-4732-85a2-63e19ca2c0d4,14
Le Matin,cf57738c-ec72-45dc-8c4c-6af770a3de5b,14
Milk Dick,1380d8b5-9e89-45c3-a5d4-73f7ce9bc9d0,14
Crank Sturgeon,f1166e1f-a709-4a40-b0c1-fb11e924cdb1,14
Ben Presto,460ad9a9-6bd2-4c50-8c69-4eb197bfde3f,14
MIT Symphony Orchestra,bfe7c830-72c6-4574-ace4-c4e1d4ff1b46,14
Ascetic,5cd1e1df-e450-45e5-9ed8-c80b01cca85f,14
Gianluca Sgalambro,20286,14
Ray Rude,f4e36d10-b5f4-411c-ab20-c4742f965f55,14
Spider Bags,c60d61c1-9ba2-42d5-a9c3-80d4af4ec3e5,14
Plastic Flowers,57405ccc-69d6-4602-ba36-90847ca370bf,14
Zena,20635,14
Boss Bass,8f97892c-f663-48c0-9df0-f7ab3a4d3a00,14
Aldaraia,f920dbb0-96bd-4763-9f7c-a0193be77cc4,14
Los Close,20698,14
TRONSLARD & PANTREL,12737,14
Apes on Tapes,e9c291e2-181e-4cf1-a821-4254e49bbe68,14
Indian Wells,f8f4a99e-ee81-4878-86cf-225707850269,14
Dylan Nyoukis,a44a8247-9fa2-40e1-8f58-2f210b78987b,14
Ben Seretan,5c791b25-499f-408d-8de1-e60243699911,14
Koliadnyky of Kryvorivnia,15393,14
UGLY CHILD,15729,14
Global Goon,d11ea373-77ed-46eb-96a8-b70ea633081e,14
enclosure,15999,14
Container,29e7cc8d-afca-4c61-9ab9-84293cf75499,14
Plates Of Cake,752cb291-3655-4ce1-99c5-626fcf3925c4,14
Crazy Al,16074,14
macabro,53fca96e-aad4-4452-be2a-c76c67b0ae3c,14
BICIKL,d07ca894-91a2-41c5-85d9-9036443f724a,14
Harmony Molina,00f05948-c992-4af7-96fc-e832e414b15b,14
Jermaine Riley,f7d13004-ab8f-4c1e-a2b5-8d6075f72584,14
The Planes,68b52912-1650-4cc4-a530-ffd77dc931c3,14
Wimps,73543c71-5a51-4cac-8b2e-97ed90124053,14
Klopenn,f0ddd482-2f15-4ff0-91e5-c7c8bff66bc9,14
Simon Mathewson,e4c8f501-3c76-4c81-a5c0-e50686d7c298,14
Valley Lodge,c5140890-8d98-4e41-8f13-cf80235c402c,14
Samm Bennett,1db2c854-468e-44e5-9f0b-812215b2e420,14
Zilmrah,76ee5688-2314-49de-91ad-eef25cf7a773,14
Der Christer Schytts,9324,14
The Dreams,a5be0c4b-7a73-4d62-9c55-d5d8b7d2482e,14
Anamanaguchi,e4d7cfe5-0bed-46cf-acad-ab9a4dcb7aa6,14
Unwoman,d9d04200-fc85-4c5f-8e0d-4b3ea4939d8f,14
Hiroshima,350f02cc-add7-4187-9fd4-6052b265aa1a,14
The Courier,c1956c6c-16a2-48a1-a9cd-f04fb97ce719,14
Sol Okarina,0e9b2548-f4c2-4181-8abe-f2c5abdd20c3,14
NNY,12625,14
Lessazo,133b89dc-e3e9-466f-99a3-e6c0b28d8d3d,14
Leslie Keffer,cc1e2ad7-790c-4bed-b6f1-6c582f95ae0c,14
Spookey Ruben,048f5fd9-456c-4b9a-9aed-bc579af44692,14
Glass Boy + Courtenay Moon (Vortex),13195,14
Psalters,e74ec7f9-c23e-4951-93c6-501cf0ed7d83,14
Me afeite la barba en los ochenta,13231,14
Irene Moon $ Noisettes,13149,14
Vpopolam,c5d4f356-46b9-47ec-b771-0f45f89595f9,14
Wellington Boot,13479,14
The Long Gones,13609,14
Laso Halo,13620,14
The Murdering Monsters,1e3c1f4d-80f3-4059-b19b-2d5afa4a8d26,14
Radioactive Pussy,14106,14
The HATE Noise,d48d3769-4904-415c-a7b0-ee3f3dabb06a,14
Anonymous,d6f1f34f-09b5-4e7b-8296-8d76217ca711,14
B-Film,20813,14
paulo chagas,0ce5035c-86dd-4c12-8118-1a4ea2470ecb,14
joão pedro viegas,ac6f96ce-cd5f-4d6c-8099-5dd562688e6b,14
Robin Mitchell,eece0a10-70cc-4fb4-bf2b-a7c52aeefbf9,14
Myndra,f1383211-005a-49d3-8f6a-a269722b4d54,14
Muddy Wires,21119,14
Lonely Kid Quentin Ensemble,21291,14
Steve Gunn,a0d05bb8-3ef4-4b70-8992-5da4322afc21,14
Big Sandy and His Fly-Rite Boys,d82c3082-a1aa-4751-b10f-019859d4669e,14
KZ9,21465,14
The Real Kids,76f18c18-58df-47f9-9274-d3368d25129a,14
AsolanMac,21811,14
Hicham Chahidi,182719a0-45d1-4c9f-b6cf-39a7286d9264,14
Gavin Gamboa,650199e0-f6d2-417a-9107-1aa2f83b0c02,14
Lamprey,7d04052d-7c5d-4848-ae2d-2696dd1f5ee6,14
Mirth Naarc,21977,14
Chafouin,68658189-46e0-47f9-955b-a5b6987c1a36,14
Gnawledge,806fe0f8-749c-478e-befa-16f37c4c30b1,14
Bisamråtta,d61ba18f-77b0-44ef-86c2-a80f30629b8f,14
Baffy,2b4c4e80-d88d-49a5-808f-f1ab31c887bf,14
Red Star Martyrs,505e8b6b-925b-4dcc-a31b-b3e9b203a074,14
Langax,ece1db3d-9663-4403-a3f9-191f9d8eda9f,14
Death Vacation,660e38e2-db77-425d-86e0-5cb5f8b63b7b,14
The Industrialism,09158f51-0fc6-4fc6-a3a6-ea46fcd056c6,14
"Laurent Avizou, GOM",23891,14
Карлик Йоханссон,23892,14
Toxic Chicken,78b1cf00-de8f-479d-b6cd-ae42ec45800b,14
Svitanya,18022,14
N3rgul4百20,24266,14
HOT POCKET DINGLEBERRY DISEASE,22357,14
Parrhesia Sound System,8b2b1deb-eacb-4a73-9206-110272ee2cd0,14
MegaHast3r,af2f49e9-5d42-4aa2-af62-dc2d8c244202,14
Andrew Sacco,23209,14
candlestickmaker,3f4f9138-5945-4308-a84e-2cd7e913c867,14
Bit Shifter,09c26e52-0e3c-451a-8a7d-34e8ce7c1062,14
Bombay Laughing Club,96d44f4c-4685-4d86-b052-00d0dbf6d3bd,14
Deloise,321a4cd3-9250-41ed-abc2-2e3c06e4bf74,14
Monokle,e90a52dd-030b-4c13-bef6-d214df7ba102,14
Muck and the Mires,c1bf5ace-3a8e-4446-9016-b6fbf461cb07,14
Greg Davis,8268,14
Another Day On Earth,8458,14
Brown Torpedo,18ce047f-4ce9-4916-8aad-13c12c732065,14
JKP,9815,14
Dr. Fuzz,10094,14
Sarah Weis,98c2d25d-ea6f-4b88-a215-86b7f99b3446,14
Los Negretes,0c6a36cf-da9f-46d3-baa5-58d6a044756f,14
HENOG le musicien,10434,14
Opéra Mort,8332ea91-692a-4865-8d62-d53ab83be36c,14
CACHETTE A BRANLETTE,a7af8c3e-318b-4d85-af8e-b7f179a6cb07,14
Harpoon Forever,731e19e6-3246-43d8-aed1-ee37fe227301,14
Dog Star Man,82775bfa-c4e2-4ab7-b935-2db616123409,14
Proctophobic,76e2ed51-e7e9-49d0-a6fa-dda12bf6997c,14
Les Cartes Postales Sonores,8922f266-8313-4380-9e13-9f0f7cf4d8f9,14
Bendle,30ffcaad-48c4-4060-b055-3d4b622407b4,14
DUDU GEVA,355004b8-0129-4958-8c4d-7592312e0cc3,14
No Peddlers,15392,14
Samoln,14160,14
Cells,22554,14
Klopka za pionira,2760f3da-b9f3-4144-b8be-c84fbb6509d3,14
SJ Mellia,f5b68a67-b69e-456f-9004-503444e462a3,14
Satanicpornocultshop,33b14bb3-6eba-48f9-a6cd-de9292755917,13
Post Human Era,0cbf95ed-0b5c-4cab-80ed-09d8e6e9cf12,13
BLOB,3522,13
Chandeliers,9a7dec95-ff4f-459f-b6e8-ea8e89b587d8,13
Double Dagger,6b35f310-3ba2-4fef-afa2-33f5cc706652,13
Fanatic,136,13
Jailberg,173,13
Lovely Little Girls,430e1792-0fde-43e9-b6e4-16a6c02633ee,13
Shawn Greenlee,262,13
Skraelings,266,13
Wankatorium,325,13
Los Fancy Free,5c4f512b-022a-4db3-9b04-da347b129e90,13
Polka Madre,1d7b0b7f-cd50-4d9b-8eb8-fedca184350a,13
The Feeling of Love,b05cdf50-53f3-41d3-bbb1-92f86697b0e7,13
The Bowmans,691c9f79-2242-4f60-83d6-59393e60c0b2,13
Tough Darts!,1915,13
Boss Hog,57648c1f-335d-4216-ba82-508b23b3bcf4,13
Uke of Spaces Corners,48533762-bcfb-4c8c-92a9-da0d95c8f025,13
Nine Inch Nails,b7ffd2af-418f-4be2-bdd1-22f8b48613da,13
Mafeisan,2875,13
Roberto Billi,2641c27d-8b2a-4735-a826-a2c2a0f408b5,13
Quiet Orchestra,3157,13
Kostas Vomvolos,3459,13
Giraffe,12aed76c-0a18-4d42-b452-9c312191af2a,13
Hank,f541bd8a-706c-4f94-9714-07e188eb6f71,13
Knyaz Mishkin,2efc2a91-bb7a-4252-8436-673932273f8b,13
Kakitsubata (Sylvie Walder + _),4588,13
Formula,920d58f7-a17c-4fc5-a26d-4d1531304408,13
Curlew,6e06d6e2-16f0-416d-b1cd-c7bbdae4d999,13
The Ether,4924,13
Amen Dunes,c926bc4a-97c9-4412-b56e-7e5844f09579,13
Mucca Pazza,ac1f0959-c578-4042-a947-0483df296e9e,13
Diablo Swing Orchestra,af723a8a-d3db-46c2-82a3-201dde8fa27f,13
Sikhara,e878f2f1-ea94-4a14-93f9-0dc036ecf35e,13
Dave Public,1889,13
Professor Kliq,d571e5b2-8dcd-4e72-a886-2ed3b254fe86,13
Nat Roe,2079,13
Claudio Nuñez,b5b5afdc-a758-400b-8f0b-6952d710fcda,13
ZONA MC,5443,13
Bakers At Dawn,791fd758-2d0c-4f9b-8c24-c3e10013319c,13
Aaron Ximm,beb55053-dc55-45e4-8ae0-94b755059fb0,13
Violet,4122,13
Andrij Orel,d40ec5d6-6534-4f8a-a67e-fc186b0d1922,13
Ain't No Love,058af75f-cead-4eb3-9afc-8a27075662c3,13
Steve Anderson,17849,13
soundZcapa,1648a3f0-071a-446c-987b-c9187cb7d4c6,13
Hi-Rez,15196,13
saQi,18017,13
Infetu,5eb0f38f-2aca-4c81-b09e-b417e7c9c1c8,13
Bobby Bunny,14546,13
ILI,10dd7e1a-df42-4605-b601-bb5caf6ddfbc,13
Macon Tights,3ab568c0-6ba9-470b-89ad-704be77f0be9,13
Krebs,12277,13
Town Hall,fca5baa0-c727-4b89-b338-32c37acb49c1,13
Snake Oil Salesmen,18824,13
Alien Whale,5eb0cdb6-5594-49a1-a1bc-761ad45666d0,13
Ultimate Painting,633a4da5-b0c8-4822-88c6-7dd0017830a8,13
ps,54764485-5f69-4235-b67a-368bbb1eaff6,13
Control-Z,b13b4162-ad52-44e5-83e1-b42bf89d4fd6,13
Suppression,12503,13
Sarin,2ea859ef-2683-49cc-8b4c-7478dec0c8bf,13
Guillaume Tucker,734da984-1468-47d2-8b27-3064cb00341c,13
Naran,11297,13
Romashka,b18f3fc5-fd2e-4b7c-b1c5-1942f3eeec34,13
Montana Skies,1e30a002-ff43-4b44-8114-6b8f0877d304,13
Pheasant,19835,13
Shodé Non,20028,13
Peripheral Living,20099,13
The Wades,4bd9c435-3b54-446a-8a33-dd0c40a8e2b4,13
Noise Research,9b063d4c-92ff-470d-a1d0-97ba405e3cd6,13
"Utopia, Ohio",20329,13
The Carnys,20544,13
Decade in Exile,12420,13
?Alos,0716e73c-930d-454f-8967-5c9e8da86a83,13
Best Friends!,14579,13
yan_g,18ecc104-498b-4510-9b8b-cf53605958a0,13
Ventre de Biche,559642a5-6af5-47c3-9eb7-6b80a4909f97,13
The Jon Spencer Blues Explosion,d1ab8ca8-fb9f-4e78-a422-3cd5406dc0b1,13
un automne à Lob-Nor,14f7b86a-8e56-4fd2-98e4-4a695ca2f43b,13
Gallery Six,2b7f38a2-9f50-4e74-84bb-5386a26cca73,13
Artist Name,023293d7-4763-4cad-9644-4c4632f916e5,13
Did You Just Hex Me?,15212,13
Obsidian Shell,58839188-1c88-42ee-9274-87677d0e6fcc,13
Surak,6ec2c1ca-1d3e-47c5-a286-10e14b17da69,13
Y:E:T,13928,13
Werner Fern,15461,13
Hell Hoarse,9755,13
Origami Repetika,b5b8e4ff-d8c0-4461-bc42-f034bd332092,13
Flex Vector,c4b1b4d1-1e99-4a53-96c9-51d1a67f2491,13
Unknown Artist,13409,13
André Pissoir,7588,13
Duncan Avoid,a9097292-246d-4165-8713-7f56c28efce5,13
Vlasta Popić,86c36c58-b4ba-4c94-84f9-2b3c19e6eb71,13
Ostin,15841,13
Pete Galub,7ed63cd6-e8d3-4204-a103-eec76c149cd7,13
Bliss Blood,983b93fe-d700-4843-b221-bbd58992efa7,13
Al Street,3e1bd546-d2a7-49cb-b38d-d70904a1d719,13
Nick Rivera,f7ed2c57-d39d-4929-bea0-922a84136eae,13
XPURM,a6f9d57b-15a8-4eaa-861a-6e48d9547958,13
The Moto-Gators,16714,13
Alterior,a6c4472d-9a6e-433f-9365-eba9db86c45a,13
The Mantles,b1cdb77f-e1e0-4d09-ae16-485045a32717,13
Dirty Beaches,ff9fe073-0ccc-481e-bcd5-bc26ce15897c,13
melodysheep,01b2e661-0964-44b0-81c9-fa4293df599d,13
Pleiades M,17401,13
Semyon,97e9448d-2d67-4429-b62a-3a7941621035,13
Honnda,a0b86ec1-e28b-49e6-9df4-04765466b90d,13
Miss Emma,a9450b42-5f97-46ad-9907-986c69309b54,13
Inefficient Screws,eca5916a-34e2-4ccf-9f1f-254f4a2eb459,13
Ian Linter,35ab247b-7823-4cf8-bdcc-b39ca62b1fb9,13
Dimenticarmi Non!,bc01f0a9-d171-40bc-a821-3f27f7bba5ed,13
Sycamore Drive,f632b4a2-51d9-46be-8b3a-49852b35aeec,13
Ten Thousand Free Men & Their Families,8e4fea9c-a7b6-4a23-9d33-ca79bf0219a3,13
Milch of Source,74b56f3e-7a49-4de1-b8f0-33c20dea313d,13
Mobster,ca631d9a-c459-49be-b7e7-4db51ea054e7,13
Poland,92386450-3b31-4e75-b52b-f88edad9edc8,13
Windom Earle,11618,13
Pujol,6280e233-5128-41a8-a133-3422fb72a0bb,13
EeL,11969,13
Kris Keogh,1955f342-c32e-47e3-8555-910636951bfe,13
Batfinks,9148,13
Collection of the Late Howell Bend,13131,13
Plaistow,158d1e42-da0b-4d30-93bc-aec984fae209,13
Meltdown,13314,13
Jigglers,13473,13
Antony Raijekov,094c9fe1-cba6-43d1-9eef-13126abcb652,13
coda,13611,13
Society Problem,13911,13
Jack Kotz,20807,13
Portron Portron Lopez,db6ad4e5-a191-44db-a296-33fc734f0fe4,13
The Bell,29e013d4-41c2-4db4-8907-6f672acda0c7,13
Jurica Jelić,11784397-2d60-4781-aa6d-92a445d8ca3b,13
Papa B Blu,21074,13
Dappu Ji Mirasi,21137,13
Pistol Jazz,21564,13
Zli jezici,21656,13
Gonzalo Varela,5219f7f6-28bb-4667-b5a9-32f8a1d5f454,13
Jacob Haller,c6597081-7fe9-492b-8b9e-890cd72eab3b,13
Optional,22052,13
Painful Silence,21338,13
Aerologic,17235,13
Rye Coalition,7e6b3645-2a39-403f-b82e-31cd73d691e3,13
Donnie Ozone,decc0d35-d9cf-4170-8cf7-c55ee878f01d,13
Jason Leonard,22528,13
godmanwho,a2018f88-e37f-4370-9e8e-230d5cecda5b,13
East of Borneo,10071,13
CrumbSnatchers,38636ed1-8d32-4721-bbf3-b23805754ab3,13
Titus Andronicus,d38c47f6-d9bb-4a77-aaea-df53a6616a68,13
Waco Brothers,b4322fe8-a43e-40a0-9728-52d6ee873bc8,13
Quasi,3df29542-402a-49a5-ae1f-82f936184b3b,13
Coven Project,682506c2-cc65-4288-9956-6b0d92a9dc73,13
Valentina Novales,24003,13
Consolidated Plastics,24076,13
Master Toad!,a9f73643-d253-4215-ac29-68615ace82d0,13
FRAIL,24092,13
Barefoot McCoy,d3ed0066-7a19-4c3b-9dba-680930e3bd3a,13
Art Gray Noizz Quintet,b9c0887e-3ed2-4bb4-abc7-a65c640bf6ba,13
Son Little,4bbcd67e-c6f5-43f3-ac66-9ffa8552d9f2,13
red kite,24350,13
dioxadol borges,22593,13
The Dirty Moogs,22789,13
Total E.T.,ccd97809-0728-4cc1-99df-3300eb0155ca,13
This Mess Is Mine,ed52bc32-468d-4127-ab1e-f768b9753d8a,13
Zerodent,1aae31a3-0ae2-4ddc-8408-3389cddabb5a,13
The Dingees,09664c7f-4eb4-4464-b7f1-3b6a9cd6b756,13
Olga Scotland,e61dec55-7642-4a13-8c56-0531a935fbf8,13
Rot Shit,6110,13
Xerak,9a066120-5f14-4c75-833d-1e11e5b76081,13
Steadman,cde5228d-8d6d-48a6-8d60-2c9968fa90ff,13
Sakee Sed,b4785d1a-199b-40c5-b388-7b67b6429881,13
comment on y va,7282,13
Cheapmachines,4a41a782-a5bc-4ff6-a081-c81059005584,13
.RR,7414,13
Galun,fc8bb8f7-1d84-4ffb-82e6-ab3b5519e10d,13
Fidel Cutstro,acde4f12-1ed2-43b1-b14a-5021b5600bd6,13
Lady Data,8b4bd421-aabc-4231-b6ef-b396b3b9a0b2,13
Panda Paranoico,b30de0fd-f39a-434b-bea6-220fe7d5e4a4,13
Bernd Burnson,8fb21ac9-a5d5-4d34-bd45-d5673df9772e,13
Not From This World,8467,13
Dan Plaza,8499,13
Procedure Club,3639a279-8867-4c49-b957-63039753ac19,13
Miguel Uza,8723,13
La Fanfare de la Fatalité,8f7225e9-9aca-42ae-b620-a80712648c80,13
Henry Hynes,9006,13
Batfinks,61e44725-4387-4fb1-acc0-b96ab570e154,13
Dr. Phibes & The Ten Plagues of Egypt,cf567a89-d9fd-41fb-a0f2-121eea0b2ec8,13
Liam Stewart,dc6149c2-7b75-45ba-8c74-5ee954b20da7,13
Sibirskaya Vechora,9293,13
Kingface,e4610c7d-7f6b-4571-a458-0089f429b6eb,13
Mac 68K,9539,13
La Ligne Claire,9813,13
Jason Kaneshiro,10010,13
Goines Ma Non Troppo,7564,13
Riasne 2000,7851,13
JTPE,e09f1030-de66-4f02-ad74-b56083785b99,13
Christian Cummings,26e6211b-c78d-49b8-b78b-0f3eaf51097c,13
Colombey,77a046e2-ecbb-457c-b753-5249c0336dc7,13
Tartine de Clous,65d263f9-ec6a-4688-a194-0fc86f02b44a,13
Kiko C. Esseiva,7b7c886f-8732-4cc7-9a0e-9d1635cf6aae,13
When We Live,6f13fca5-935c-40a4-92cb-5a467e5ad021,13
Mark E. Kaylor,18d8602c-39aa-4125-87f0-2edc6d3e6b0c,13
Josef Nadek,ee535114-2ee9-4a26-a5de-5c1538d5ea35,13
Zacarias Malden,c8270360-1326-4d2b-8836-a11de86610b3,13
Brian Wilson Shock Treatment,d61172cb-f41a-47a5-8e57-50fc90ba09a4,13
Party People in a Can,9204,13
Thee Irma & Louise,523256a1-7c60-423d-866b-d30e95c0d8e8,13
Vegaenduro,759660b3-e8fa-4c8c-9d09-53a361741a0e,13
Erick Gallun,26015c1a-02d5-4522-b04c-2356407cfc21,13
TALUGUNG,4da35241-7eb4-4748-9f3a-b8e8067b86f2,13
Cockmasta Flex,21462,13
Richie Dagger's Crime,8cb15ed8-be7e-4cbd-a76d-7ecfd8a85c13,13
Mark Neil,64531039-3076-4289-b1d9-07aa087f4c6b,13
Byron G. Harlan,52bee53c-a2cd-4ea0-b806-262dd8dc2f92,12
Katapulto,4cea7c1f-c1f5-4fd8-9a06-f3bab48e323e,12
AWOL,1,12
Minmae,15b7bd6f-c4af-48e8-92ce-05b7ce26cdcd,12
Mudboy,87b2fe32-cfc1-438e-9963-f1fe715b6b9e,12
Weather (from Chicago),327,12
Bolmongani,5e5fee4a-1e0f-40d6-8b08-301f6572dd3e,12
Dead Moon,4866af3e-7586-403e-bea4-f27bcbcadbb6,12
Mod Fun,32be1a65-62da-463c-9a28-cdb320f47bae,12
We Are the Arm,1385,12
New Bomb Turks,013d71e5-ecb2-486a-bd82-6e7d9129acfc,12
Rose For Bohdan,8484832f-4c74-4bde-9109-52ddf59cc011,12
BrokeMC,1953,12
Dinowalrus,e548c89b-8d85-40ca-97d3-fd432e8847cf,12
Future Islands,74963434-dcb6-4b14-98cc-99873b06db66,12
Superhumanoids,092dbc47-6d55-4270-85c1-7ab2c4f2661d,12
Proviant Audio,1a50ac0a-f8ef-467b-b10e-f2be4dd84c88,12
Justice Yeldham,b976deb4-8794-4af0-a311-4ab310ce420c,12
The Magic Carpathians,ac582f58-cf2a-4a7a-8d94-f539518c56a6,12
Tha Connection,918db63c-700b-46a1-a3bf-56b1b23b57d1,12
Sea Monster,8aaff637-6245-44f9-af4c-8b7dd30cc3ee,12
Smegma,2150e0eb-46f6-4108-918a-f3f32bf5b07f,12
Hanns Ahring,46515511-149e-419c-adeb-7fa0d9c5d99f,12
Jean Quist,0dce4ecb-93ff-471f-a3f0-008c3bb40783,12
Maren Schram,bec341cd-52b4-4ac3-8e21-3e1fe8e93d84,12
1.6 Band,e3b548df-c063-4603-bac1-1b01fcf84ef2,12
Pigeons & The Insane Porridgemakers,a295ace5-e479-4d82-8ac9-ff006a6fee2d,12
Al Jolson,5611a8e8-1521-4919-a531-2689bbb57ce4,12
The Mint Chicks,2bb34099-cf61-4f22-987f-60449df033c6,12
Orquestra Popular De Paio Pires,5202,12
Pistolera,29369090-ee31-404d-ac28-eef713630328,12
staRpauSe,23269e6a-57c5-44be-bd74-438bd4790072,12
Matt Bauer,8dbca54a-8dc6-41cd-a525-20360d7b947e,12
Talk Normal,7339b6e3-de82-4b9d-980f-0c93a43c2167,12
Evgeny Grinko,ccab448f-b78c-435c-8943-69c90716bedc,12
Sore & Steal,bccb7bfe-fd79-4db0-ae6d-212bdafd4aac,12
krackatoa,13830,12
Jarrod Fowler,1245030b-6a15-4f97-84f7-e4a5ec8a245d,12
[unknown],125ec42a-7229-4250-afc5-e057484327fe,12
Love Story In Blood Red,1516,12
Aortha,8e4bc32c-19f2-4b3f-a827-2369659b0091,12
Inox Kapell,29dc0fb8-8b8a-482e-8a65-c78ab6ef265b,12
New Air,88ef68a7-85c6-4618-8c75-4494fd04c661,12
Big Ups,e011e4dc-2f42-4493-bd08-986376043db4,12
Atlantic Thrills,2787b46f-6645-45f2-bc96-2916e6cfa985,12
Lucas Perný,17147,12
MUTATE,10531,12
Illl,92c277b5-0004-4b67-a6af-6e2e5031faef,12
Adolina,18753,12
Styptic,5ee69aa7-efed-4176-b13c-83fedec7a602,12
The Fat,5fc8abf8-3924-4cd0-aa3a-e89495b27eb9,12
Penetración Cósmica,7202,12
ombrelli sciolti,19066,12
Mirbeau,19092,12
Pankifared,572a6d9b-4503-4082-9d21-29acfe3603ae,12
[Yahuy-Che-Kabah],18941,12
Neighborhood Cults,19136,12
Csum and Tobetozero,19173,12
Fog Lake,927cd7e5-ccec-418d-997f-c5e7edbdb51c,12
Supercontinents,19405,12
BABY59,19615,12
Deftechnixks,19703,12
The Willing,e1dda0b8-a244-44ff-90e0-a489bb44c82d,12
King Vulture,19836,12
Luciana Bass,349d9dc5-8fc4-4db3-91c0-c44cb52815d2,12
Tim Cosner,20079,12
Jess Lemont,20098,12
Beef Humper,d21e9a0f-b744-435c-8198-788e454e2c3b,12
kamila kostur,6028,12
Heftone Banjo Orchestra,20279,12
Cuarto,20285,12
Alialujah Choir,bdf2afe4-6034-4d3f-9b92-2ad87a2e4282,12
Guili Guili Goulag,0d0226a0-7c8d-4f88-9f09-e9222a1e0f70,12
Son Altesse Furieuse,20629,12
The Use,aabf7a9d-9ca2-415f-9345-c078572c6bfe,12
Graham Bole,20714,12
Alexandre Bateiras,14495,12
Life In A Blender,bce2b813-eb04-45e0-866e-150685eeb2e0,12
Monopole,30d8b100-91c4-4f20-801d-d33d64bb0101,12
LE CLUB DES CHATS,de781135-4246-4f31-b6f2-3bd3d1c612fe,12
Howie Mitchell & Ruth Meyer,14740,12
Nummer Da Luminous,14074,12
Charles Rice Goff III,be6abf58-bb9b-404b-a93b-e78a5743461a,12
Bleak House,15507,12
Paulo Chagas,0ce5035c-86dd-4c12-8118-1a4ea2470ecb,12
Ongaku2,15728,12
Balkan Fields,15767,12
Fritz Welch,afab1bf4-a0fc-48af-a39a-a88ce7f57cb9,12
Litmus,16049,12
Pure Country Gold,7183ed38-036e-473b-aab5-65a801e5f1be,12
Xalm Retribution,8609d628-e7d3-4dc7-9a62-5bb3e1d5f0df,12
Muhr,8267,12
Secret Boyfriend,a5b45f44-d85a-4712-8957-aac4cf57c1f6,12
Beam Camp,61bfb229-07f5-4af3-8f75-6bf3b9b70d6c,12
Human Resources,9abbaf08-226f-4418-b61c-aad2546cf297,12
Jeff Kolar,75fa5e60-b1a9-4eee-8240-670820071a67,12
Ronny Wærnes,c7d92791-66a9-4cba-aadf-dd05ebc9f59e,12
Mariana Päraway,707f9004-b11c-4be6-9326-716d52cde400,12
Loopez,7f928eef-031e-4e26-83ed-6cf8394d599b,12
Selma Oxor,b750b4d4-1bd2-442b-a106-d05094a29a3d,12
Archétypo 120,26d1b8a8-e277-43da-8f3f-83a62804168f,12
Jeremy Bible,7057a64e-ff06-4828-a113-9b47540ec486,12
Voodoo Puppets,261b0cbd-d423-4455-95ce-12f4b1a713a4,12
Kesson Shoujo,3fa6f184-4555-4d4c-9586-b19e2d37a7c3,12
Fleshtone Aura,b2dd7f86-7271-4708-8732-6df197e044cd,12
arciv ev noise,17579,12
DMZ,17590,12
Duo (Kirk Pearson and Julia Egan),17637,12
piano,,12
Blank Realm,44d36433-5648-4e9c-8d00-336fd67f7002,12
Blue Sausage Infant,82e50a90-d604-4bb6-80d1-040907ed257a,12
((( vlubä ))),9816,12
Les Loustics,ce38a65b-b8a9-4277-a317-23a64cca63bd,12
Piccola Orchestra Gagarin,d971fe93-4d18-495a-b631-fac107adc772,12
Madame Rrose Sélavy,d400784c-77ff-4a76-9275-3d6531dab822,12
Superpoze,ff241867-35fc-4053-9fda-7aa57ef4e229,12
1/2 byZERO & Nik RUbanov,11614,12
Cracked Latin,11630,12
Chiquita y Chatarra,77aaeaaf-0a4a-40d6-b076-150f17e5c1b0,12
Ivan Julian,8dd6b2de-a33d-434b-99f8-b752a13b637e,12
THKAD,8717afbd-a48a-4622-a469-d3351fd4e80d,12
John Harrison with the Wichita State University Chamber Players,12213,12
Smooch,5bc52c70-25fe-464b-8f7e-66bc6ed4671a,12
Short Hand,12386,12
Cruddy,5e0896eb-97dd-4710-8119-6cf22fea32fd,12
IKOS David Clifton with the choirs of Peterborough Cathedral,12564,12
The Carrier Wave,a418db60-07b9-47f4-89a3-7621f154b5ae,12
The Maltese Falcons,0ea582cd-6800-41d1-ba94-df0484d1b121,12
Axial,5446,12
Los Vigilantes,7c403c3d-c68e-4288-9fd1-8f041c62513a,12
Bad Noids,710e5e86-82ba-475a-a8bb-c12cdf3734e2,12
Action Davis,13533,12
Isle of Pine,13840,12
Anthony & Substanshall,13989,12
Ant Neely,c61290c3-a47d-4976-8877-19e101bb90f3,12
Jazz at Mladost Club,14078,12
Fhernando,8be28dd6-faa2-4063-9ec4-425a7db4487c,12
Howie & Ann Mitchell,14166,12
Dikes Of Holland,9464656e-fa90-4779-ae04-7535ed3028fc,12
Musik Studio,14286,12
Sci-Fi Industries,2d2f0046-6112-4193-b791-382285fc29c5,12
Lisa Germano,b4cadc83-7307-4196-9f2f-29ebf1650045,12
Guillaume Maupin,96fafa52-03bc-4ac0-b0e3-7f7d5bb75fc8,12
Tri-Tachyon,c9825c65-1ff4-42d0-8bab-889ca36517d8,12
Will Bangs,21226,12
W.H.Y.,21320,12
Early Sonic Belligeranza,21541,12
MADS,21592,12
The Narrow Musketeer,82b6bc2d-8095-47ce-8723-c48f6dc1a5db,12
rui,21748,12
The New Valleys,21800,12
Marcos H. Bolanos,0fd45d9c-115f-4b94-8b6f-3cedbc5a8915,12
Windmill,21863,12
Polvere in Cantina,22126,12
Taulard,0c90d8af-92d0-4cc5-bb25-543c65000fc2,12
Frédéric Gerchambeau,4bffe389-78c4-435a-8ff3-bf2a3bb201a0,12
Mike B. Fort,21394,12
William McColl,d7d679cf-bbf5-46ca-990b-cf6a9f4bb419,12
Protomartyr,9efaf639-6332-44b8-94ae-c25896320ca7,12
Cosmo,e0145f8b-6b96-4aaf-849b-093273e5ddf7,12
Portrayal,612863ea-9ded-4ec0-a450-d014ead82507,12
Eva Schlegel,254f87e0-db11-4893-b397-0c3ef01f1732,12
Harmoos,6f465c01-49cd-4525-884d-642201eec77a,12
Deuxvolt,d03e2d5e-f2e5-4af1-8804-ff1e09f26601,12
Cityzens Were Here,23596,12
2-L8,0c4814eb-7116-45ab-93c0-a262b700cccc,12
ASOTWL,23653,12
Los Cuanticos,23715,12
Nursery,fd13c4bd-330e-48ed-910f-e5e198b4d3d5,12
Siddhartha,24088,12
Mega Gem,50802e1a-bdf7-454e-9936-f04183bea427,12
Androvirus,e1572402-80a1-4d24-bfbb-ff54f0ba0da4,12
BCBG,17017,12
Echo Chamber Rope Trick,22596,12
Sioum,b5c96132-23a0-4dfb-a85d-9c53df2ab2b7,12
Salome Lego Playset - Susanna Laterza - Kenji Siratori,22772,12
The Freeharmonic Orchestra,585c6930-b73a-490a-b183-7503a4ed365f,12
Twin Realities Dreamers,d135c8be-5ed6-433f-8b04-f2896028dd8c,12
Milky-Chu,67a7003f-a80f-40cc-b0cf-f3bccfb54500,12
Seiei Jack,9805552d-71c1-4a29-9253-510917a1a6d8,12
Les Juanitos,7300dc24-7d56-4ffa-a907-c171aff0a8d3,12
We're Late for Class,6922d0f6-b3f7-4ad9-9749-3c09d7b0a2a1,12
Ergo Phizmiz & Friends,6030,12
Black Math,aa64bc72-a812-4982-b3bf-d4dcbe380a96,12
Kupa,20f431e6-f926-4a41-9394-6ae0a7edcbee,12
Sterling Basement,1276,12
Hue Blanc's Joyless Ones,fd9d1d51-b8a2-4b1e-981c-416b2620d5e1,12
Jacques MalChance,e8acd272-47d1-4321-be23-e1635fa9a995,12
ABQ,7024,12
Bare Wires,11a42846-b84f-4b59-9a36-b3f9e9b071ff,12
Ergo Phizmiz And His Orchestra,8a0194ad-6b24-448b-a069-5e7baf2eb1dd,12
Michael Wells,4270f84d-d8e2-47c8-b388-1fc00c8a982e,12
Exteenager,56196d6a-5780-4363-b165-9ca04c9275a0,12
worriedaboutsatan,24360017-e8eb-4087-9577-40b871dcd04c,12
Coolrunnings,45a9e80c-e2ad-44a8-be8e-73e95cc2cad4,12
Zeptosound,8611,12
Sibyll Kalff,8721,12
Delgarma,6a9a02fe-f054-4776-8fb4-b3ebc44acebf,12
Bardo Pond,2ad8bce1-8e55-48db-82ed-d98b52a3a13f,12
Slipper,85e5fff9-8f03-46e4-81d1-bf64e1c87911,12
Pierlooqup,1151650b-c7f5-4458-b161-9be955eb8cb3,12
Maifersoni,d835cee5-36f5-4e94-a484-a376bb802731,12
Non Dolet,c056dc5d-b11a-4936-86a0-a969201fb141,12
Gino Pertot,00eef314-2c54-4f4d-b5a2-35f38e88f2c4,12
Yves Rakotomalala,2c623d9f-9b96-447f-a290-1d1a2dbdfec5,12
Art Boys Collection,a0d43620-9181-46f7-97c1-f46e4e2c2264,12
stockfinster,7e26f777-0f70-45fc-a907-a2699d48d17c,12
Sleepy Town Manufacture,671715c6-46fe-46b8-8334-167b59b2bee3,12
Rozsa has become... Madárka,10188,12
Mutamassik,e4e78aad-ea4c-4808-a7ba-a595ed52fb2a,12
The A-Bones,3b1d9c1d-8107-4e75-aa1f-2e27d05e5647,12
Braille,80b5572d-a2b4-4cdc-b8e1-ea0000947728,12
As Seen On TV,9820,12
Buk Buk Bigups,10198,12
SousLePont,7453d73a-658d-44ba-b754-339a7fa0db4c,12
The Needy Visions,ae52ec59-9128-4c2a-b6fa-dbc3064ae1a3,12
Criadero en Seres,5558fca8-3a74-4292-964e-4b3c9d5e2020,12
Sypha Nadon,05d62409-5a5d-471b-be22-6d5e687791eb,12
Kalistongue,edb1e8e6-7f04-4d61-990d-ae8aa4b60bb8,12
Caught Ship,4b9794af-7c3d-468b-989c-9eeda1338d5a,12
Doppelskangers,d222f4ee-5d65-435f-ab7e-5eeec5236dba,12
Dave Keifer,9f0d44e7-cefe-4192-99ba-d9672de6eb3a,12
Ardleg,85c630bf-f8e5-484c-8900-c21527258479,12
Daan Hendriks,accd207e-82d2-4018-b607-f8a2da78c484,12
1 Riche Kannibal,eb99a759-d7ad-4f22-b678-710e29cffb00,12
MC PATATE,56a7090f-645a-45ff-841e-3c7ce9884040,12
The Tom & Marty Band,519720dd-22a4-4657-aa52-99fc7ac489e8,12
Two Prong,84ffd5b6-5be4-4b57-bed9-6d5919fd19aa,12
GriefBirds,7950,12
bidibop,66cf22dd-5481-4f89-9c81-910fc284c172,12
The Black Hollies,61f8b5ab-4dac-44d9-b047-9363516d519b,12
Tricky Diesel,15323,12
Hollow Press,062799c1-a341-420d-bcfc-fd599c4d8c90,12
Octagrape,ead45e07-65ed-45be-886d-b5d7edb3b825,12
María Pien,ad907713-a968-4306-9013-1d69a086437d,12
Yoshiwaku,f0cc6cf8-b4d5-4b73-8427-838da7e67d84,12
David Amber,d773905c-f1db-4888-8a84-49fae1b34d94,11
Appetite,19cfa954-4aa0-4f8f-a928-0baa43b730d5,11
Ric Royer & G Lucas Crane,5496,11
Arrogalla,fdf82862-4165-45d4-a865-5ad478a6fff3,11
Sephirot,5797,11
I Feel Tractor,a75e686a-1b46-4ab1-80a5-40760c96d39c,11
C. Spencer Yeh,84b5ea03-de9a-4aec-9581-306ac8bbabb2,11
Deano Merino,2292,11
Blah Blah Blah,9b8ccd41-c1bd-4e27-a57b-3c683dad3236,11
Cinwaves,105,11
Kevin Shields,7222d43e-a3b7-4bc8-904b-2fa162dc9721,11
Rainbro,249,11
Ric Royer,252,11
Romak and the Space Pirates,0d8aa0f0-88d0-41f9-882f-a2e0a5557549,11
Teeth Mountain,3ca5e608-2636-4e00-9bb0-f64a69eb5a54,11
Big Digits,fe9827c5-0624-4663-b078-b7217d42cb28,11
Citay,602d267b-56ef-47f0-9852-1a3eef7c1fe7,11
Kelley Stoltz,c4c8675e-f8dc-4313-b430-8fbc83d8aafc,11
Miss Derringer,783d0478-b29c-409c-8ac3-0db911dd9a72,11
Silver Jews,1bc2d696-c0e2-480d-87ed-17b2a82d7983,11
Twi the Humble Feather,e352845e-470d-48d1-a188-90f737416696,11
Half Japanese,18dc6bd7-9caa-4c2d-a2fc-e9546ebda6a4,11
Schocholautte,c87df42e-8fd7-42c6-8ab7-1e21d97e3111,11
The Brian Jonestown Massacre,381e8434-109a-439c-8acc-5d328359f2e0,11
Ugh God,1794,11
Suicidal Rap Orgy,d38c1e5c-34f4-4780-802f-7b6b947f4e77,11
Elliott Sharp,bfa8a730-cabc-443b-b79b-012b63bb1c41,11
Thee Contortionists vs. Jeff McLeod,39227a47-349a-4a04-8d20-09d95bc241d6,11
Aidan Baker,eea85c38-427d-438a-8c59-6036e1c05d0e,11
Cyclone 60,4470d5bb-a060-4387-adf5-7a4f9f1af3da,11
Klaz*,d6d48b83-fee9-499c-8365-2bafa4716177,11
guitarrorisms,4193,11
Jeremy Jay,34f8701a-24ef-48d6-a130-61149d04530d,11
Pineresin,da45f442-5543-41e9-8120-e5a68b7527e7,11
Chico Correa & Electronic Band,b109bf81-1ee3-4cdb-bab0-5f6c93502b43,11
Zack Kouns,1d54a5e9-60be-44c9-9e8f-c86558f07a4b,11
Alash Ensemble,4799,11
The Pink Noise,4782,11
Computer Jesus Refrigerator,3d8724ef-5526-43c4-b4d8-88d1d1d165f1,11
Devolver,5060,11
Amy Annelle,a8039efc-dbf3-4bc9-9231-e595c0f699d0,11
Receptors,ec4344ea-caf4-431a-a177-a4e5e8c2b0b4,11
Deerhunter,4f416ed7-dda2-45de-a6f1-b986e861cf4b,11
NOW,5274,11
Heroin UK,158,11
Psychedelic Horseshit,ff3c5095-fcfe-4596-b777-eafaa9713b52,11
Razor Bois,e729d22d-1f31-43d1-b6da-c9ef8cc601e8,11
Rice屎Corpse,cf090aa3-5f44-4acd-8c30-fecd3397844e,11
Thee Moths,640ecfe7-9a50-4e18-a245-8e4343c4dbdd,11
Sebastien Duclos,4d4bd319-0b2e-4c65-bb2a-ff92482dc4ce,11
Peeled Hearts Paste,6101c3c5-814f-4481-8cc5-b5f9489a9f91,11
Abunai!,84fae2cf-49d8-4c2b-b00b-9accba69425e,11
After Party,4483,11
Dan Melchior's Broke Revue,618dd5cc-4260-4f47-a1d5-db1d78d31de8,11
ETHX,4bd30930-4018-4d1e-8165-dc4cd3aa9b8e,11
Ménage Quad,076e637f-6a7e-4ed2-bf40-7f3da7c20c11,11
Spirit Duplicator,6d3423ea-1c1b-452e-a933-35e6124d441e,11
Marco Kalnenek,16ad29eb-a938-4dd5-b098-f0fc21430a63,11
Het Gloren,28498b51-4a98-40dd-83a5-0d497d82d15d,11
Karen Stackpole,2db4dfc2-e19f-4760-b798-84f6312b5dc5,11
YACHT,f6a0a03f-3b2f-4d3a-b4b4-34ca4ce7f3cb,11
Sick To The Back Teeth,0a0b0cc1-283d-4b7a-b179-e22089d57b60,11
adcBicycle,89901aba-ab99-4237-a4a5-6201e2c59968,11
MMO,17908,11
ROW,17966,11
Kings of the City,885ff2a5-4ca9-46ae-815a-00fd571e6804,11
Flagland,2b9272c7-cc73-4785-9a83-25a41d9dcd10,11
Kakurenbo,16743,11
Cachexy,17249,11
Ramsden,18279,11
2ndMOUSE,643e184e-7f4f-44f4-a70f-818e57e2fc8f,11
Deltason,33c599f2-037b-4978-b140-3468ef8d485c,11
Gilo,63967fab-1b54-46c8-a875-c53418988ffd,11
Chris Lynn,a6036f69-1992-4bb8-b849-bce373b50626,11
Jamison Williams,186f66f8-0494-4f0a-98fd-e73a401e6af8,11
Metastaz,18981,11
Debby Schwartz,931ec71e-6d8e-4812-8e60-590a03b98de2,11
Scroach,19161,11
Gal Pals,45f6a3ab-b037-46bd-af9b-78b4fa092fe6,11
M.J S.K M.M J.D,19278,11
dave gabriel,19348,11
Tarred Brigade,8413,11
Johnny Weltraum,f4c10b4c-f9ad-4215-ae5a-640d8e7cfa2e,11
Bit Laden,19382,11
Track Jackit,19480,11
Jimmie Oder,19517,11
10ksqft Werehaus,19755,11
Cityscape,19837,11
Smurd,0a4d3b76-5b1f-4e2b-a330-6a3df2bdf84a,11
Bureaucratique,20081,11
Lady Bombon,bdfde565-aa86-48d8-9661-419fa021a054,11
Gigaboy,8643f96d-4770-463a-aa69-1f7a0b5d7e03,11
Dr RemiX,39495a76-2cc4-4cbf-a6e0-adf94d9e832f,11
Gazprom,20355,11
G.,c90d8739-6b68-4502-a3da-3cad8b301485,11
Mesmerists,f526f4f9-34cd-4563-99dc-ee1d92fc06b7,11
Go-qualia,1186105b-723e-4ce3-8442-5d79696c4e4e,11
owlface,9713,11
Black Bones,4589740b-cb4e-4725-95c5-1190ed292d43,11
Oferta Especial,c53e6ce8-40ce-4cdf-ace3-0384de279693,11
Piętnastka,936c69ed-a1cf-4bca-b0ba-f075268ceab6,11
Warm Soda,b364e69d-12af-485e-b609-696810f6f625,11
htrspltn,feca0419-1d48-465f-9401-7bdd4e1862be,11
Paco Alvarez,74562806-67b5-41c4-b7e5-cbddc2f10403,11
Molecul,2a080786-2614-4c02-bf8f-70d74fb85b8d,11
Nick Kuepfer,11832,11
Lance Mannion Orchestra,15266,11
Jett Brando,55f50f97-2474-4902-ab3b-938b65f0a756,11
Chad Crouch,a78cea1f-203e-46d2-ab60-73babcea4100,11
shitbird,64356513-29d6-4bc6-bb06-4c44f5cfb166,11
BLEO,049e5343-17d5-4c71-879f-61f70a76a091,11
Ill Papa Giraffe,ecbc129f-b629-4090-a425-0ba402c2b759,11
The U.S. Army Blues,675b8542-1c32-49ee-846f-04ddfa121a7e,11
Damage it,15770,11
Bruce Hart,015cf225-d561-461c-b89c-3c0ca4cb87cb,11
C.H.E.R.N.O.B.Y.L.,16056,11
Rodd Keith,c9f32c78-85eb-405d-9fd7-f59801497737,11
Le Perche Oreille,a9520457-7672-435e-82d4-94257ac60bdc,11
Laura Stevenson and The Cans,10c95300-8405-4754-920f-03a177119c52,11
FIGURATIVE THEATRE,cda56d54-a65e-4ec2-bcd9-786199d80b43,11
Personal,16575,11
Everywhere Kingdom,16577,11
Muhmood,aa8aedea-0818-4e27-971e-e74a6100ad56,11
Willbe,03f60609-cc79-4e23-8393-0716e2644773,11
Corporate Control,16829,11
Chevo Légé,5acb7d05-60dd-4b48-a551-60d2ef09fbc6,11
The Conquering Light Of Flora And Fauna,16983,11
Fields of Ohio,99daf93f-86d3-4060-877a-c808a370f279,11
Aislinn,17040,11
Gablé,10480,11
DJ Spooky,c8dbbadb-f5f1-449c-8827-43d00a73fe89,11
Modersohn-Becker,17251,11
Pony Time,5348a6fd-b778-4d2c-b822-107b717c2ca3,11
Metalleg,9f2ef752-4e81-400b-9a1f-25986ac44f10,11
Pupil,2212158e-670d-40cd-89ef-dd90277127fe,11
Steinzeit,c6000e08-518a-470c-88a0-a2770d035d5b,11
Bitwise Operator,17543,11
c4,9565,11
Jacuzzi Boys,022a372c-a83b-4ce3-8717-990caade5753,11
Ventre de biche,559642a5-6af5-47c3-9eb7-6b80a4909f97,11
Rocketship Park,3419c8b3-d4ec-4fb0-94a5-beb0acb762c1,11
RushJet1,2ef28315-3d96-4d12-b194-7436d559e9d9,11
6 or 7,8506,11
The Meaner,11135,11
Mr Ascofi,11589,11
Manudub,6cd44cab-8fd3-4765-87c5-b8edb907ef7e,11
Jaap Blonk & Splinks,11642,11
The Wrong Words,11744,11
Crete Boom,c32dc046-79b4-4fea-9f8c-9f63227eca1a,11
Notekillers,918f10ff-7cdf-4c9c-935b-634dbac51497,11
Corty,d34fb8c9-5f83-4fe7-ac26-1af45e29fb9a,11
Gringo Star,a6731246-1cc5-43fd-a474-a0a9130aafb7,11
Archipelago,90428fc7-a55c-4c3f-9bb9-d71860f5b3cc,11
Slaveya Women's Vocal Ensemble,12844,11
IYAXIA,12908,11
Eastern Watershed Klezmer Quartet,10174,11
Ed Saad,13158,11
Armageddon Gospel Revival,13198,11
Dynomite Cat,13268,11
Pitchman,714cbb12-0a13-4e80-a1b4-d874fca8af4a,11
SunWalker,b7f7f276-faa4-4f51-9226-975d8606f8d6,11
I Was A Teenage Strangler Soundtrack,13346,11
Hi-FI & failles,13389,11
Jaws vs Paws,13419,11
Kevin Kastning,8106e862-e02b-49fd-bbe8-9022343f20d6,11
Rations,bec19180-eb65-4323-8f79-5794f9610b15,11
Ears,13735,11
LASERS,40ade5e1-2e2d-4046-8dc8-254b6b756244,11
No One and the Somebodies,9faa4c0a-8d0d-42a5-a72c-4b87b34daa36,11
Guizado,b7b194c0-de5d-4475-9d6a-8822fc183678,11
Squinancywort,14086,11
The NSJ Crew,14261,11
Please Exist,b72033fe-258a-43ce-bc83-34726b279d49,11
Pleasant Grove,5c0226d3-529e-401d-9133-a0ae1b42e8c7,11
Marylin Rambo,337447df-c945-4ccc-b7a9-c952a52e51bd,11
Jail Born Jane,aa8cbd27-3a7f-4356-95f6-2e260443497c,11
Sleep Out,831d3f04-5f4f-4cd2-bfed-a2f0e6c03ab2,11
Fishartcollection,21037,11
Jazznoize,5be66fe3-5aa9-4e6c-a679-9a508fb37425,11
Mellow Harsher,c9e07caf-94a7-4579-b431-abf2eee0344a,11
Tod auf Kredit,21282,11
Low Doses,d093f13e-e0da-490c-ada9-e7d1af4883ca,11
Alex Battles & the Engelberts,a04e3ddc-1a54-4b81-aefb-dc9fad473baa,11
Со мною вот что,b96acc4e-7b74-4afe-ab07-7e08010158ff,11
The Ugly Beats,0b81d0e9-8b11-4f19-a99b-7bd85157e1ed,11
Albin Andersson,21539,11
QWE,2cda1a27-fdad-411f-af6e-ae3864ecf466,11
Microscopes,b09b3df5-2771-4c6e-8c65-4de215ea9ac1,11
Ulises Lima,2053278a-df0d-4737-b009-d84fb94ac444,11
G.Las,21692,11
Sudden Infant,1d0f3d33-c4a6-43a3-8a04-4e5cf0a575a3,11
Michael Howard,21760,11
Ehl-i Keyif,21947,11
Vexed to Nightmare,22035,11
Wayne Kinos,22015,11
Ben Carey,22088,11
In Vitro,22078,11
To Eris,22145,11
Tim Held,3cfcb7b1-3e80-415b-8d36-528fe6d65753,11
Weinberger,887e4929-71a2-4f47-8e25-a1b7e10dad0b,11
Patrik Glassel & Brandstifter,22485,11
Deep Purcell,14776,11
Marco Benevento,2de4e97f-550b-4083-8fc4-83f7fd0385be,11
[meta:Human],a2099807-25a2-46d7-bb5b-34ec5ba9bf81,11
Raúl Díaz Palomar,afceb998-8b0a-4053-b1b2-9bc9750641ef,11
Mount Carmel,6a00c42b-32dd-4256-8b7d-7bc18f59c285,11
Distemper,a0d726ea-d8af-4e04-8eb6-10f7bed37140,11
PEG & The Rejected,d731dd45-bee4-4998-b82c-340eb04e8eca,11
Manuel Duval,3b885c77-ef5c-44cd-bffe-70df9d3b888e,11
Swin Deorin,e62b3b11-4e09-4038-893b-42aad4ff8337,11
Alessandro Dinetti,23998,11
Deadly Oak,770706b9-3089-4db7-ad2c-0b9b3430f450,11
Robert Farmer,24223,11
The Whips,24224,11
Rocco Granata,000fabd0-277f-41ab-90a1-26ace71a82b2,11
Exomène,61633faa-049d-4fc9-8d12-08c887e03b2e,11
Remain,22429,11
Ethnomite Pux,b486eec1-0296-4112-b5fc-c6cfaee56d61,11
Julie Maxwell's Piano Music,22786,11
[guÿôm],76663ad7-639c-44f6-8814-8ff0a54da23c,11
mini roc,44012c53-d485-4001-947b-e7d7030f3d19,11
Higgins,8b51f812-9924-4e7d-950c-bf8c306ec367,11
DRONE,43ea648a-4d92-4290-80bb-bc7586d8bfd7,11
Won James Won,778280b5-e211-43a4-b91a-fdf19d4a3259,11
Buguinha Dub,22d0a15c-62be-49ce-b893-ed7b0e245e3b,11
Vespero,2fe8d7bc-5c4e-44a4-840c-a9603739870a,11
Mr. Kindhoover,fe503533-b2f5-46b4-bb59-34cdc9704da3,11
Jim Morisson mon cul,7276,11
ZUHN,0f90deba-70be-49e7-921e-49562b2405e2,11
Jean Poultre,4603589d-b64a-4345-a0ab-4539bee32ce6,11
Brownstone Megaphone,7500,11
Dudu Geva,355004b8-0129-4958-8c4d-7592312e0cc3,11
Campfire Fight,4927f052-8f34-4bcd-91e7-bc6e151da8f4,11
Buben vs Rabbit Girls,7945,11
Hox Vox,2a3bf04f-04b1-4bba-887a-ac43d209874c,11
The Pleasure Kills,8391,11
Poo Poo Cushion,8628,11
Ice Lords,8640,11
Staline Mattin,8727,11
The Procedure Club,7956,11
Ballpen,93419edd-1fbb-41ce-b502-b83e93cee909,11
Emile Miroir Jr,d3c3c246-bc0c-462d-8a20-1bda8aa4c40c,11
Teleidofusion,ec62eb22-afd1-465e-a37b-3355abe51576,11
Duo Inmortales,9207,11
Muuttuvat Kasvot,9223,11
Jay Tholen,f3622a50-46bb-468a-94c6-a6042a5a8637,11
The Insider,49153d61-6b94-468c-9d15-16acc17b2d57,11
Jfrank,9404,11
Matthew Sforcina,9419,11
Persephone's Bees,b3ba2385-032b-4c83-8a27-dff744a6b584,11
Pariah Qarey,8be1df49-04e0-4157-b424-2f3432c4991a,11
System Hardware Abnormal,16821766-1dee-428d-8997-46d9f0a0e427,11
Frozen Geese,36af6d0f-0160-4c2b-a137-38a84a5b412c,11
Parting Gifts,9617,11
Caïman Nain,9871,11
Roy Nathanson & Tim Kiah,9963,11
Anti/Uton,f20ff60e-0347-444b-b099-ef042089680b,11
Bob D. Has No Dick,9821,11
Black Elf Speaks,4c440b70-1d08-43f8-9e59-64c4789d8da7,11
sarah rasines,26d90bc9-0be6-4227-9075-4a8faa142019,11
Taker 51,cc8c2ede-3e84-4038-afa9-971b21902543,11
Dwoogie,5b41015c-f4e0-41ad-9ff6-94d8e4c73024,11
abc100,22bb86db-ab68-495b-85c9-d758b5a850b9,11
midnightradio11,944a26d5-1e2f-4ca8-bfbe-890ceacb8b8b,11
Lonely Faction,bef9fae2-6b65-4289-9c03-f244d1c69076,11
Say No! To Architecture,60823af4-65a5-47df-b72c-f0da2c53115a,11
Reed Refucher,d29249d0-7d63-4798-b49f-92bc4e3a28be,11
BOK Darklord,1beb8627-c613-4fcf-ad02-5b05e869d2c4,11
Uno Datwangi,1d3ea11d-f9c2-4223-bef2-5c3a5721972b,11
KASCHADE,49cbce17-fe15-4de0-ad99-54ea353341c9,11
In De Nadfin,3f0eb875-7e49-460b-b850-a92840f39a86,11
Cex Fucx,135081f5-160d-48fe-a3ae-c680501800cb,11
NOISE64,d56a0d2a-ac02-4320-951e-ee1783a0d6d2,11
Snorkel Quintet,cad0ed8f-2f12-4af7-8e01-22baf4cdc1b6,11
Kuuleminen Asiat,daaf051f-591f-43b1-a626-826ef253f079,11
Thierry Massard,0cda89be-462e-45f8-813c-8644e68bfb67,11
Vermillion Sands,69b0d90a-7557-42d6-bb60-6df3f38c340e,11
Guy Harries,a2a1d8f4-4864-4670-afb3-d963b74c1322,11
Karen Cooper Complex,92d1f9b9-4ee9-4694-8cef-43ec5fd23bf3,11
The Kandis Project,8529,11
Rational Animals,d1d7f700-c4e7-4fef-a258-79cd83aa6ef5,11
The Matt Kurz One,f2fa2f0c-b6d7-4d09-be35-910c110bb342,11
Dot Wiggin Band,1a3ac78b-9eb5-4c1b-8205-6d16021cc8f1,11
Nots,87a3879a-5013-4ba3-9b44-bf88db8ed56b,11
Ulrike Mod,19888,11
"Ak'chamel, The Giver of Illness",64919cea-0c60-44aa-9f43-4b686723ce78,11
Weinland,85e695a3-b541-42bd-83c4-dcf0944a47db,11
Satellite Ensemble,20315,11
AVOIDANT,15548,11
Spinefish,6f3621ab-8ced-473b-b47c-9b79d59f7c43,11
The Oswalds,a7d3f1e0-59a9-4648-bd46-a0100e989ede,11
L.D.I.,23407,11
Urs Graf Consort,ae236944-84e8-4222-838c-2e0be61be4d4,11
Incentive,0138f306-e09e-4341-819d-755cda740748,11
Wesqk Coast,23521,11
Lechones Sangrientos,ad81f329-8078-49a9-b327-7e1e7d78ab71,11
Gamelan Nyai Saraswati,83a541a2-7261-457b-9d50-efd233309a1b,11
id m thfft able,d47418fc-6beb-49ce-a603-27c936e0083d,11
Kirk Pearson,a264260f-4432-443d-a5cd-8e043b8f0ea6,10
Bad Dad,23805,10
Grass Widow,e2c41213-6d3c-490a-be57-6388622896e2,10
The Demands,638,10
Audace,a02b7cb1-ca81-4e6b-8c25-8c5ebc71fbb7,10
Danielson,6872de97-e58b-4eb1-81de-a2ddf0a05f04,10
Manbeard,202,10
Ric Royer & G. Lucas Crane,253,10
Saudade,260,10
Stress Ape,280,10
Cryptacize,a5fd336b-cd43-43f1-9bae-61042d73132e,10
Dengue Fever,e6791155-ec80-4a7a-b108-54481ff73ead,10
The Snow,3aeb8e89-5b65-445d-9472-e4be910e3cd7,10
Voice or No Voice,1372,10
Le Volume Courbe,0c39ea47-7788-4254-a10c-2c8d8f538d5b,10
Low,42faad37-8aaa-42e4-a300-5a7dae79ed24,10
The Apartment,6d57737e-b324-407f-8255-afb4b23721e6,10
Scott Wilson & Efendi,1836,10
Edith Frost,289faaeb-96bf-41ff-a15f-5166b6298e01,10
Monotonix,618b4848-9402-4b38-9b34-c251938def8e,10
Number One Sun,2215,10
Aviv Mark,2362,10
The Watery Graves of Portland,b4aa2b3b-8dd2-46c0-b12c-febbedeaf5ab,10
Wildahead Portibeast,3128,10
Vitus von Degen,131ff733-c749-4129-bc9a-8845de58deda,10
Fadt Fanfare,55cfb3e6-4720-43fe-b726-40280d049a27,10
silencide,e0b666c2-708a-4411-be2c-4b569cc68a97,10
D84,73774591-24c3-449d-8382-13076fe4b6f3,10
Bud Melvin,7fc7b5bd-443c-4b6a-b8cd-a5203edb73ed,10
Dev/Null,986e47f2-7525-486d-9a50-a28eb1ed7b2e,10
Mental Abuse,e2ee2d01-e61f-4ccc-b5c6-f1f22b514026,10
Pussyfinger,6d822ee5-7166-405c-8dd9-20fcb59ca4b2,10
The Meat Purveyors,79ef45e0-6b8c-46be-a617-af73fa8ece0a,10
Seven,4220,10
Elmaes,49eab221-d8a7-43c9-804a-a2fb8518a01d,10
Doron Deutsch,c2ebef4b-de11-4a01-a4d8-3bb6f91839b8,10
Ignatz,8ac530c6-298f-4038-b52e-4dbd71980c0c,10
Bacco Baccanels,706278ae-6bdc-4519-83b9-0e8e90c013ae,10
Delayed Desire,4d58c43c-3f1f-42b1-bb01-a14965ea3bf8,10
Bad Party,b892348f-0f21-4ccd-88b1-b4daddc0d955,10
Food Will Win the War,5405,10
Raleigh Moncrief,324bbd79-d75d-44eb-b72a-545ca13a9cfe,10
Invertebrata,6473736c-6c66-4179-83a0-52443c471a56,10
Fuck Buddies,eef82e73-eeb1-47c0-8b29-d0cb1fd3f27d,10
Assaf K. Talmudi,2301,10
Thavius Beck,da1a9033-e4d5-4fb3-ae04-6d2ad170f5eb,10
Manuele Atzeni,43f19753-930b-484b-ad21-ceaff4b84115,10
Soft Circle,b1e1774a-b9b0-4b8b-acbf-0897fc24d38c,10
Blek Ink,492,10
No Babies,1c0dc29e-b23d-47d7-87c7-ba45555f2c40,10
Primix for Kids,9276139e-fa86-4097-a713-647b9a8ebecb,10
Zikrayat,1837,10
Liechtenstein,e01ee4a4-381a-49ef-bf45-245ff03066af,10
Antanas Jasenka,4741e6db-04d7-466d-997b-033866d2b44a,10
Amoeba Men,bb27084f-178d-4d02-a300-898b695d73a9,10
Digital Primitives,b9f1ce37-05b4-4d40-a2e5-7b0006eb87f6,10
Gary Lucas,1517,10
Swear and Shake,30c2c554-41c4-47a8-bfce-4512a0e95b7f,10
Isra-Alien Band,12853,10
Kecap Tuyul,7ff2cef1-ffc9-45b4-884e-731d40b8a944,10
[creeper:Robusto],18178,10
Ubasute,529a5f43-05f1-4e8b-a652-ebf2df6923b5,10
Gunenfolta,18237,10
Big Bug,f0c77e7d-0642-42b0-b94d-247ea06d2771,10
The Marty Kings,18401,10
Rngmnn,54853e5a-4be3-4af5-acbb-9d22032d3d35,10
Apydiagirls,8a3e8869-d50d-48de-92b5-53fa0bbf6acb,10
HASH,17154,10
Water Sark,18487,10
Beta Dog,18653,10
Fabian Measures,18673,10
Nicky Apple,140ff9d4-97da-403a-bd8a-a58f21ce0d72,10
Émilie Simon,01252145-c9e8-4de5-a480-9b2bed05450a,10
Aniqatia,a3276d90-6429-409c-81e3-805e771a35bc,10
[amt_23],18807,10
Wood Spider,3220223d-ffd2-4ebc-8fcc-859036419618,10
Carter Behnke,1b02215c-1820-451c-bfe2-88e7d41ef391,10
Jasmine Golan,1e1875b8-c8e0-461e-a609-b18b0b1d2533,10
V.A.G.U.E.,14882,10
Rene Kita,9b98c718-6f3f-4f1b-bb81-a5f6838efa3d,10
Steinregen Dubsystem,62cd29c8-ba7c-4611-a921-3e9d9d15de32,10
CM & Tha Silent Partner,19024,10
The Dick Burrill's,14521,10
Salakapakka Sound System vs. The Day Of The Antler,14171,10
Yrrow,2d973362-b610-4755-8913-1f19b8ec43f3,10
Csum,4b20ef01-9e6d-42c6-829c-646dd2210913,10
Audraulic,9c4c2d71-aaca-47fe-a2db-8637fc35af30,10
On Tour,19220,10
Umreti Fit,fcb26938-fe85-4a29-b3f7-1754a8d805a0,10
Cloudkicker,88203975-e950-49bd-9b6f-497f1edba2c1,10
Avaren,0f82fa8b-37e4-40b8-94d8-a0ce893a5b79,10
Little Band of Sailors,330c3253-5cd1-4191-b022-0cd6227cdfd8,10
Moki Mcfly,13c22211-8270-45a5-9b75-728e6d68a856,10
the skratchlords,19286,10
AIRGLOW,a8841f23-03c2-4221-a4b3-3aa969bf354a,10
Prójimo Bil,19433,10
EX LUNA,19471,10
Patrick Lee,34ef5404-7768-4b3d-b515-2b1edcb68740,10
Dunk Tank,19695,10
The Love Me Nots,0cf6cf9b-57ca-4d69-b3bc-7d7b6c856b22,10
Deadlines,a23ca2d6-cf38-49a4-962a-784ea43ac592,10
Night Owl Committee,05f52510-ab46-4b34-97c2-8bb155056d3b,10
Mouthguard88,699f28cf-5797-42da-ac72-0ee75b0e84cc,10
Roofer's Nest,20100,10
Signal-to-Noise,ea329097-e637-49d4-a2bb-f7cf71b66281,10
Clemens Eduard Haipl,3eaad18c-a4e3-416b-8c9f-7d2236699a14,10
manuel gordiani,14571,10
Aaron Mist,20273,10
Jason Staczek,f71f864b-4d6b-4f40-af66-aaae787edf6a,10
The Fischermen,20570,10
Filip Roter,20571,10
Lesser Beings,154e0d20-ae65-4ea4-ab9b-a1fd205a55f1,10
The Barreracudas,4947a438-2f14-4b91-8255-67d1c130225b,10
Furchick,6de535ea-3b24-4baf-bafd-615f93d75c53,10
Swirl,13856,10
Vampire Lezbos,0e668c2b-b195-4b11-ad3e-a46bca6e64cc,10
Old Bear,9f727134-e343-4a6d-b332-e7278d8e84f1,10
Barmus Dramfell,14783,10
Ghost Hunter,76f3b08d-af49-45fb-868a-a871b2ffdf59,10
Cambriana,2d0b11e5-a2b6-4e93-a170-c6d5dc650c17,10
Aching Beauty,3a2da723-3060-4d1e-8987-afd09d306947,10
ID:Vision,c3d2df1e-853b-426c-b13b-123453a2ba5a,10
M-PeX & Makrox,15288,10
cloud becomes your hand,6c13fb7f-9bb8-48c3-993d-c383298cf22a,10
Blue Stork,edcf6c67-f9e8-4435-a1f8-bbd0d7395d90,10
Edgeist,b00f3f45-a54b-4437-862a-d329cb87a509,10
Erick Diego,13486207-cbda-465a-98dd-c468e40775fe,10
L'Homme Manete,1bebb6ed-7fe7-47c9-8502-3904f5bbdac2,10
Akcja Zorganizowanej Przeciętności,16576,10
Angstbreaker,619578ea-b028-47fd-b305-1192831f14a6,10
Stellardrone,8208d8f9-61b6-47f2-90c0-2680dadd56a8,10
Niño Símbolo,16654,10
Hector 3,16688,10
Still Pluto,f6b37cb4-5b2b-45c3-b9cf-c5a268a59ccc,10
Infinite Plastic Internal,9a27db50-9f65-4cf8-b9c8-b07acfda18b2,10
Lantriperc,15989,10
Xenia Rubinos,362df059-5fa3-4317-8349-db7e2328decf,10
Kapnobatai,12703,10
Ashrae Fax,3f353c28-3a6c-4a57-9bd6-99b24be71c29,10
Dr Nol,13864,10
Alex Fry,2FIjUtNz4S6XQhJDNq4dLa,10
Evil Sword,371762a7-c758-47a7-9f94-921a272d0978,10
The Endtables,b4540fb4-05e6-4a79-8a6e-bb4036a4fb9b,10
Females,7791c75e-864f-4985-ba24-9e5f96b4318d,10
Peterloo Massacre,62593997-a998-4e7e-87d8-d7cffb80c893,10
Eric Skiff,e0148549-4cc0-4b7d-8b70-b510a34c7704,10
Pete Um,5dac7a50-fce8-4f70-9571-37904da23481,10
Shannon and the Clams,edda8263-7286-4227-9dc4-9ed8e6177f84,10
Cooloola Monster,10806,10
Isaac Graham,9ac2ef73-0232-4d60-a322-1d7fd2f5f8e1,10
A Very Clever Robot,11104,10
Dog Leather,11296,10
Allfits,21ba129d-356a-4dc2-be26-ee0b232cc1cc,10
Zastranienie,a0bf962c-b61d-4058-ac43-ac2082404422,10
Comptroller,06bcee91-e973-4ad9-94fd-5c6eb11cd77f,10
Times New Viking,b1c76fbc-2ce7-4437-bc7b-2f03b9a73157,10
Raspberry Bulbs,10d9bfef-7210-4bc2-bce5-1cb53e8016bb,10
Mittimus & Nix Pickler,11623,10
Grooms,ac5fee3d-9fd4-4611-8dae-2db45b5cacfd,10
Jaap Blonk & BRAAXTAAL,11643,10
Alligator Indian,6a188147-2125-4bac-b92f-d746d426280e,10
Ami Dang,49a96ec3-e316-43db-8a83-6993dfb591db,10
Darkstorm & Diabolik,11817,10
The Unsacred Hearts,11676,10
Iva Nova,9167,10
Frenic,979d5884-a2de-4be8-9468-bb32f76a23c8,10
The Bon,12243,10
CSC Funk Band,d4216d19-2de9-487c-8317-a9337ffa8a5b,10
Unjust,69f63710-c64f-4506-a954-17f278f36dff,10
Forenzics,c2ff9b8f-3a68-4a58-af0b-f71ecfe4665f,10
Noise to Silence,12774,10
The Immaculates,12818,10
Imperial Tiger Orchestra,6389d894-5338-4a8a-b9e4-01247b95fc9a,10
Goodbye Kumiko,202eec2f-8982-404d-bcba-cbd938a21e8e,10
Sophia Knapp,6966e0b3-5074-4af4-ac6e-8a5c76c7ab5f,10
Tommy Tornado,8f9bc1f5-ba8c-4b26-87c1-c18531f4a957,10
Sunhiilow,9ffe5d30-d829-497c-ab78-06378b708967,10
Bill Baird,72431454-2d90-4466-bedb-efe76cf344c2,10
Lee Bains III And The Glory Fires,c95f867b-2191-4b8b-a0de-546606c1e476,10
Terry Malts,3f202a5e-f720-4e94-a70b-3dfb30480dad,10
Underground River,13500,10
Deniz Tek,8411b99d-4247-4f71-8a0b-f1f74981853b,10
Talkshow Boy,13756,10
Kiko Dinucci,8b060f17-69f6-48ae-add3-29df62e5eb0d,10
Juçara Marçal,ced96166-52c4-44e4-9699-ffd963f80f10,10
Earth Trumpet,9226a552-ea91-4336-9c1b-76c8da5087eb,10
Christopher Elam,14077,10
Marc Burt,14209,10
Immaculate Emotion Engines,427bc068-7639-4a01-a460-15a72c76c636,10
Evils That Never Came,a735ab14-133c-432e-8053-e5464662c126,10
ROGER ROBERT,7678,10
Chris Cook,e824521b-48c8-47ff-bbb4-13585256e85c,10
Estrogen Highs,a8d143c6-4362-400d-a2b5-c27be98be52c,10
the tunnel,3e23ed92-e8c1-4093-884b-17c22e084742,10
Worriers,daf82953-a932-42e8-ab60-3dd852fac6d1,10
Crossworlds,19114,10
Palmyra Delran,f912470e-937a-40f9-9317-deadb8c7c7a7,10
Minden,470b6b60-463d-48a3-936e-afc60813d06c,10
Jonathan Burks,20975,10
Joao Picoito,20971,10
Shy Kids,81c0d6c2-1779-4eb2-933d-41820522742b,10
Nate Maingard,8a1b40d8-e6d5-4504-b1b9-01bd0707f3d3,10
The Red Thread,9f0b9972-95f1-44b6-be15-80f6a6dcd7ba,10
Karyn Ellis,be8e6b6a-eba8-415a-ab54-15acb2d9d061,10
Cousin Silas / Black Hill,21060,10
Wintermitts,d07273fe-bff3-4404-90e1-569a50dac78f,10
"Oh Yeah, the Future",21081,10
chicago_word_brigade & brass-lines,21092,10
Mal Occhio,21093,10
Trigg & Gusset,b2176eae-16da-46e7-a29c-31efea86505e,10
Jimmy Penguin Vs Symatic,21117,10
Marzipan Marzipan,02f9ffac-8d70-43ae-9b9d-b8be1360dc9b,10
va,6058,10
Robert Tilly,1wmgKC5oM8pQE1u3jc6uuj,10
Cervo,21314,10
Your Marginally Talented Photographer Girlfriend,21464,10
OpVious,21484,10
Goddess,21491,10
David Nadeau,23fbb837-ffad-4bb8-a9d2-a7e933ac9f4c,10
The Fish Who Saved the Planet,7e5c73a6-0eb2-435b-9d71-bb9d079bda2d,10
Shayna Lewis,21682,10
Karissa Hobbs,21874,10
Le Cose Bianche,21337,10
Monkey Mind,22156,10
XXIXI,97b7ae5b-3d51-430c-a604-f5c60c9d6902,10
Black Flamingo,09fae34d-595d-460c-a90c-70936a5f935f,10
Not From Georgia,22285,10
Scott Nice,0da3b68f-758f-4d83-bfef-6e6ba5cf4312,10
The Middletown Creative Orchestra,22412,10
Mueran Humanos,2b58ed3c-b0ef-44df-b32d-104c8d2ae358,10
Jeffrey Philip Nelson,3dba3aa3-9ca5-476f-95da-faebc58b73d8,10
Violet And The Mutants,f6145765-0961-4ce3-b849-18e80d95e7f8,10
Fotos del Otoño,22287,10
Noveller,7d57e5b3-34a7-4862-973e-7cec0892f576,10
Vlooper,21b3950d-e6cb-42f5-9a85-13676ce42966,10
Modlee,63501c74-bda8-4526-b470-d53ab351a3c6,10
DJ Paternoster,23642,10
Sensorama 19-81,4bb6b4ca-1927-4d18-ae3d-f76f7e02e03d,10
Dee Zee,0e2e6204-15a6-4d7f-8dea-39a3c050b368,10
The Carmines,a06c6049-0c73-4fb4-b90f-b82e70714fec,10
csum,4b20ef01-9e6d-42c6-829c-646dd2210913,10
The Modern Airline,24093,10
Vivid Tribe of Psychics,7327ca04-5831-4c76-8d3d-b98f165ffd8d,10
Regular Gonzales,24286,10
Malaïse,c2c73c6a-d6ad-47a6-a943-c2e68526afae,10
GOYMAMBA,22684,10
Jeff Sampson,2729ba51-bdb1-4690-b2b5-f1d15a7c6771,10
Pulso,22809,10
Polyrhythmics,551946bc-e6db-4d69-b50a-4f3cfb29963f,10
Ardleg,ca932f1b-c0b9-448b-b406-2d0cd066305e,10
Pink Hex,18845,10
Monkey Warhol,a865e5c5-6359-48fd-892a-edca68a4c41d,10
почему коммутатор молчит,5f2a4e67-87b9-4995-b3d5-552a20f57c8c,10
Feminine,23419,10
San Cristóbal Orquesta,5498,10
NASA,6055,10
Geir Tjelta,24b0f934-9c92-4cfb-b262-c660e096ae85,10
Sidabitball,447aebae-dcaa-4de9-ad9c-1a79c13febce,10
ignatzthemouse,6078,10
Gipsyork,6564,10
V∅,30685b9c-419c-4567-86a8-49c720f7888f,10
The Yummy Fur,a7bdaa59-18fb-4ad4-9fca-bb710544b365,10
Disen Gage,f8f5c19e-aab1-4206-8f13-1976bcf9ca0c,10
Cindy Sizer,7e503700-b2d9-48ce-8466-802bc5391300,10
Dragan Espenschied,a50e3b5b-5ce4-4126-a0d2-76f496dc91db,10
Chris Andrews,7039,10
Baobinga,3421f4bf-2f45-4cef-ae14-519cb3058c4e,10
I.D.,d8643eb6-9588-4e2d-89f2-e7e278d1eaf4,10
TerbujurKaku,ebe9264f-94f4-42b4-a412-535ef47979d1,10
IntraHealth International,7255,10
Mangeclous,7318,10
Matheatre,8eab28e9-b613-4cfc-ba98-5715bd64a3a5,10
St. LaRok,829713e4-c356-4435-b2cc-e10501d1a5d3,10
The Ribeye Brothers,77a997ff-a49c-479a-9f95-f21ffe94bf4d,10
El Remolón,5de31412-4646-4436-bafd-3fdd986b608e,10
ZARAZ WAM ZAGRAM,7826,10
Charles Atlas,da3a71e0-2f6c-4d50-8571-b1ae750bfdc5,10
Goat Bell,2759dd20-5ffc-433b-be20-26b327b5d3d9,10
Geotic,780640e6-cfcb-431f-b5a6-865200dd35a7,10
Calexico,5e372a49-5672-4fb8-ba14-18c90780c4f9,10
Party Boys,e8418b52-4874-404b-831d-efb2247b31da,10
Mo Rooneh,8489,10
Doc Deem,381edfe0-59ba-4cfb-ae1f-8ed20037e647,10
Dunaewsky69,8316,10
The Jay Vons,ed86b0f2-6adf-4736-96ab-e010154c04a5,10
Boodle Boy,9228,10
Tobias Herzz Hallbauer,79772216-9105-4a35-9ac8-7f9389c7af9d,10
Quiet Hooves,40861cf6-789e-497e-80ba-cccf045c4372,10
Viva L'American Death Ray Music,26e258b3-4409-4f76-aa88-1f3a388f86a2,10
Sk'p,baca58e6-b7dd-4f1e-b529-b7d2574475da,10
Echo lali,f25bf41b-a0c5-47cc-bb00-4939485c59ce,10
Sendelica,59499c50-1671-4fa3-8814-e923b96ad723,10
Brian,6124,10
Innig,10098,10
Kreamy 'Lectric Santa,9c81e488-47d5-4b7e-b14d-9a95b184fab6,10
Kevin Purvis,10244,10
Pionir 10,18ac423d-2259-4d0d-afb6-3a63a4bdaa40,10
Myra Lee,1b1c5801-ba5a-4702-b0a5-83768ec527e9,10
I.T.B.A.,08abeaa7-3320-46df-9d5f-b6726ecbcba3,10
Tre Orsi,394b9bce-8937-4e0c-8922-a9d58227682b,10
The Sun (US indie rock/pop band),1a28f7a2-d980-44c3-80fa-2b0056c615d9,10
Crush!!!,6dd5c37f-35cb-4dfd-b1f2-e090b1e27066,10
Pete Prodoehl,40419504-928c-4af7-99f6-691326fd2e96,10
Zap-Pascal,1db42113-343f-47b3-b3ab-0eb5ee148e8f,10
Backyard Music,ce0254d8-b0a0-41e4-9a23-db1f282112e0,10
Aden Ôhm,f1d48f79-e0aa-4aec-ab4c-883ad562c3ea,10
Go Genre Everything,04fdcf09-84d0-459e-8780-7456ed7e527e,10
Futurología,7ac83dec-e393-4344-aa89-dc77ad56bfae,10
Porion,5c03c458-4df3-43a7-97a0-fb62ff37dd11,10
Mascara Sue,55cb2c82-8113-4c26-b784-e59adfe24787,10
Mammal of Paradise,e8fa5d54-7740-44e7-8add-1410254f20e0,10
Mister Beep,21f91960-bfbe-4c3a-b38e-213233b4676a,10
Lambs Gamble,e064dd1d-1ec9-4a61-8e11-d908983f53f1,10
Dead Gum,a9ab4f22-cb57-4271-a280-49c0f4199187,10
Junichi Usui,0fc72e34-8674-41e6-b97a-70a49f009944,10
Ava Zandieh,06e3aa83-69f1-41b3-95a2-71548670111e,10
john collins mccormick,1f3c6cad-a2c9-411d-8f4b-72128572ada1,10
Cuban Cowboys,0ef2c26e-ed53-44d7-b0b2-f4efff554b59,10
37 Pink,2bea650c-272c-4a35-9395-9228b5526a67,10
-1348-,91ae83cd-171d-471a-8a01-5ace526d2624,10
Breuss Arrizabalaga Quintet,27426580-1469-41a3-a13d-d6e96e8154e5,10
Diamondsnake,090e2857-ee9e-4276-9867-1cd3e89b834f,10
Steveless,a9474e86-afeb-4010-9186-82f9213ad8c4,10
Syd Howells,f577aa6f-a37b-4ecb-8d87-19d092c13741,10
exteenager,56196d6a-5780-4363-b165-9ca04c9275a0,10
Starring,300df8b8-e2d3-4e60-87e6-fb8822b74c55,10
Limited Liability Sounds,8d92d923-70af-494e-9046-0d3696ef85b3,10
Ada Rave Cuarteto,12079,10
Mighty Fine,bf110c43-188d-4a77-85aa-4f19ad5a419a,10
The Siberians,12816,10
The Baseball Project,fbc4d88b-ee30-4cb8-b102-37826d88206b,10
Redmann,14211,10
Altered Boys,20d9a60a-c108-4ff5-9626-c0d72496b407,10
Copor & Ivan Ckonjevic,19127,10
Itasca,85b20f30-c1f1-4527-806f-0d40eedf7fc6,10
Sloom,20294,10
AG Davis & The Boy + Girl,20309,10
Zach Dorn,20761,10
Jens-Ulrik Kleemeyer,20994,10
UP Paolo Pavan Pasqualino Ubaldini,21802,10
Nodus1,a97040f2-d1d2-46c2-a1fb-e2eddc1eb4ce,10
Kromatic,4edf46cd-43a2-4b1b-8d4f-3f3e93fa3112,10
Momolot,16578,10
al karpenter,f7b5c5c4-bc7b-4045-bbe6-1846cd0260ed,10
Julie Byrne,4266bddb-2a59-445c-9b90-29f84dfffff6,10
4T Thieves,51bbfdab-c166-4087-9991-fd8a29dda2e1,10
sanmi,27b553e4-fbb2-48ce-9eec-b20ad1755716,10
Marc Broude,eeaf581d-fd30-4f82-8fb6-4b478e608525,10
Tasseomancy,854f0772-bb38-40de-bc81-28776937707d,10
Raul Diaz Palomar,afceb998-8b0a-4053-b1b2-9bc9750641ef,10
Mescalibur,354fc1f1-77d8-4d4b-abbe-e66da88e16b0,10
Bradley The Buyer,cd189384-76ee-4344-818d-6e940a4e021c,10
Gay Witch Abortion,f49ab1b8-a798-4cee-a161-a4719a928e31,10
People,20636,10
The Choke,84a71065-9f85-4bc9-839f-f9895aa0042e,9
Pit Malone,0800fac9-ddd6-499f-afa4-471508ded878,9
Volumina,91e82c5c-8b93-4d3a-a8c3-9014a753401b,9
The 'Mericans,f84c9e3c-3257-4a93-af53-f458564b3734,9
Macio Moretti,cf1f0697-6b8b-45e2-8ece-caf7ccf18e29,9
Piotr Zabrodski,aada233a-4342-46b2-8bbd-f3752f0b4fe3,9
Propaganda Anonymous,8416,9
Ariel Pink's Haunted Graffiti,4ac6c2fd-daad-4c31-b266-017c79d2e9a9,9
Vertonen,95d47e50-994f-46a3-ac90-bbefa46190e6,9
Apache,f223784d-b958-4528-b1ae-d59d6579edbd,9
Bonne Aparte,bc6dca80-57d5-4f92-8402-9a218222dfd7,9
Country Teasers,b8740fa2-0c06-4a5f-8e29-6561308ea8f3,9
Fern Knight,29f997d3-c5dc-4730-a64d-87240ca12f2c,9
The Leather Uppers,cca68125-c5cd-4d9d-b826-b0228be3008b,9
Steve Wynn & the Miracle 3,b96e4bdf-a978-4df0-8e78-8ea7e5532033,9
The Moi Non Plus,933b9e70-a1e4-477c-9672-584123634ecc,9
The Tokeleys,1332,9
U.S. Girls,036912f5-c717-498d-8958-6058de17bb70,9
Kavala Brass Band,1834,9
Height With Friends,2860320a-8942-426e-b93b-c05117b58eb3,9
Jowe Head,3863fd93-5820-4574-9585-f30d71cfbaa5,9
Alan Vega,dd720ac8-1c68-4484-abb7-0546413a55e3,9
Lettuce Prey,99ce59b4-4184-409d-b1f8-bbbe8f9242cf,9
The Diskettes,2d10a776-1fb0-48a1-b058-bd4cc74f77e3,9
Skin O. Daayba,2280,9
dnymr,2328,9
Chris Andrews,6606ea78-d757-4070-95d5-feac46c561b4,9
Red Dawn II,91d5c1db-9442-40dc-9e46-67eea92adce2,9
Golden Triangle,bd81b4ef-4541-4cab-9543-3d82c43b7cd8,9
Kate Ferencz,87386935-c823-4653-b2d5-788c941931cf,9
Niwouinwouin,cf30ca4b-ce0e-4804-a598-d801bf46bb25,9
No Regrets For Our Youth,3166,9
Chrome Cranks,58f32206-e7dc-4a06-baff-e98e6ce4138b,9
Dorothy's Magic Bag,129b3493-f913-432b-a3c0-a2547bb26c41,9
BIG TreaL,ca9075f9-edbe-4cde-8a31-dbecba65e3bd,9
Ism,9aa662a9-38db-4d84-ae05-1ecc64d9e721,9
Regia,4003,9
Sigmund Droid,34164bdd-e705-41db-b417-353e9fc1b890,9
Rah Bras,2e9e772c-c110-4173-b9e7-9591cd14d01a,9
Goodnight Loving,c795d787-3207-422a-b7aa-adaac024c53d,9
Carson Day,71b5bfb3-da59-4318-92e9-327fa63e1d4c,9
Jonny Chan and the New Dynasty 6,53e2e840-3a21-4f16-8f41-b314214bf779,9
Multifaros,76d4f5e1-51fa-4fe4-bde9-73a228572363,9
Kinetic Jane,1d9988d7-f448-4489-8db7-cf11edbaace4,9
The Subhuman,a790fec6-f80c-4a9b-9c55-24bc7bf496e0,9
Nullsleep,cc1ff172-ac70-42b8-bbb8-6ff9b4b15614,9
Outrageous Cherry,85712bc6-be20-4e52-9b5b-1119521796b8,9
Gustav Thomas,3169,9
Position Normal,065fec1a-714b-4505-804e-469704017b34,9
Atlas Sound,1a02453e-5f86-4220-abd6-1d889d2fa517,9
Ilia Belorukov,5218,9
The Fresh & Onlys,d984eb09-1fd6-435b-a3b9-5754c59b099b,9
Jawbone,880197fa-ffe2-4efc-a8ee-07850b6b3dcc,9
Edmondez-NesCo.-Drenching,5415,9
Mob Action,5444,9
I Am the Liquor,f097e2ea-0083-4b28-bc75-93e84b1b0af4,9
I Have Clones,61d9b4a5-6fa8-4be4-8377-fa80db646a3a,9
Økapi,3946f8e8-899c-4c17-934b-2f5205c845db,9
The Lothars,201debf5-dda7-47cd-bf44-9fce64416264,9
Meanest Man Contest,00dff964-e591-4c12-bc59-44bcb725c80d,9
Z'EV,498b8068-86bd-4b56-86fe-fc95427a16b0,9
Harlan,00cd31f0-4b21-44c9-aa6a-b88d5400b3a4,9
Beth Sorrentino,fcd63029-37b0-4941-8ff8-023044bce17c,9
Hot Buns and Tea,2213,9
Nora Keyes,cfdc1656-3af8-43e6-8d18-a9340255e077,9
Concord Ballet Orchestra Players,e55dc89f-2fa5-42ca-ab33-9e54d378047b,9
Matt Keating,53d4cbb8-fb16-45db-9794-3f08ea119eec,9
Dr Dub,5282,9
LJ Kruzer,ec3730ba-1745-4751-a5c6-91fd5477bfe3,9
Paul Flaherty,4ac84e6d-1d07-42d2-bf1f-cb9535acc1ff,9
Ty Segall,07a17571-81fc-4cf8-a634-98f0d926d313,9
Jeremiah Cymerman,5bd71919-f90b-4b92-8e1c-944368ddce35,9
A Kombi,836d6a77-30d8-446f-a8a5-a0b7d361e554,9
Misty Roses,fc025afe-ac45-4ab2-b48c-cd6b1ddc293d,9
Arrington de Dionyso with Graeme W. Smith,17866,9
Harris Brothers Balkan Band,17937,9
Unforeseen Heights,0fe58ab8-2d94-4a20-8c7e-8832def72de3,9
Zingeray!,18030,9
Pang,13134,9
Ortho-tonics,89eb1127-5a49-47e8-b71b-3f905fe2b278,9
Sleepy John Corbeck,18413,9
The Split Squad,72a1821a-d232-4d94-9895-e6c5ebf2a04e,9
Bipolaroid,a4c78c7b-86ed-4d3c-aad4-cda91944d0a9,9
MUTANTLAB,50b63801-6c88-4f15-a675-8ab33dd7cdf5,9
La Misma,0f0c55f1-1661-4634-a0e1-6a54ad6eb102,9
miami slice,5c698ffb-6f79-4381-ba6c-b0f255bde6be,9
Walt Thisney,77c2b00c-0b6c-4b2c-8a32-d9d809e65388,9
Don Goliath,f803ba5a-5f4a-4fbe-ba03-119a8dccb6a7,9
Blackstone Rangers,18745,9
The United Sons of Toil,caaacae2-fbf8-4059-bd35-fd34bdb8e5f6,9
Гладилин-Булгаков-Самохин,18809,9
Mamá Patxanga,18810,9
Winston,18812,9
Wann,011d798d-2d1d-4227-9728-c5e0db402aa3,9
Celebration,a2e89940-5dfc-4672-bb52-01b2b99b153f,9
André Darius,53ce4fe4-eae1-45b3-a2ec-9fc5f39afb19,9
Martin Pozdrowicz,ecd9cb80-e488-476e-981b-194ba4b71d03,9
Sun Sunych,18877,9
Arc Waves,45700015-da2c-46be-826d-8619bf8258e9,9
Valery & the Greedies,0cd7fcbc-0c8e-4ae2-adc0-36deefe62d04,9
Projekt Klangform,7cb962da-357a-48da-b1e2-15db35f6d1c1,9
The Money Shot,19069,9
Presque Maudit,29be38f4-a776-42de-9603-a75080ec95ef,9
Auto Bonfire,19121,9
Be Forest,b3efa184-487a-4518-a0d0-0b14179601df,9
On Tour,01927ccc-4673-479a-b40a-9b2312f77418,9
Igor Amokian,cf647139-7688-44a8-9f40-37f874b87dfd,9
Randy Randall,19257,9
Linnus,2bee83a2-3c00-445f-9cda-eee0a4f42e6c,9
Chicano Batman,46efbaa6-1bf3-44b5-8838-67f77d77aa96,9
Mr Frisby's Beat Pocket,19392,9
Fat Spirit,0c788fbf-1ff9-4759-a937-95474c3bc147,9
Quaro,19496,9
Fire Retarded,65db03bb-10f2-4f0f-b20f-0cae3006ebb4,9
Flor Braier,19714,9
The Special Pillow,71daa384-4c4d-4085-9987-a96c3fb56922,9
Critical Dad,19845,9
HaiiYuuko,e9559c83-e070-47ed-916d-2fc71b3b3aa7,9
Russell E. L. Butler,e1b510b2-d313-4387-a38e-e8d12ff3ff8c,9
A Souvenir,96f39ad3-663f-46b2-a957-5ea498d43930,9
Change!,fbab6f54-6af1-4604-aa5b-1ab0fa11e445,9
Nicholas Smith,7689743a-fad2-460c-8f71-4b27c8203819,9
Charlie and Todd,454736b6-1c3f-488e-afa0-004a43eaae85,9
Der Zirkus brennt,20277,9
Diogo Cadaval,20280,9
The Shouts From The Sea,20290,9
Sewers,305d7b13-f8ca-462d-aac5-e867c27c8cab,9
Big Quiet,20566,9
Bummers Eve,c5ffa5ed-fc7b-4441-9a1d-cb35edea6d1d,9
Mr. Lif,5315c1a1-3667-488c-bbe4-f231e336b69a,9
YEYEY,b39ddf24-780d-4909-9e88-f2b9c27954ec,9
Natural Causes,20782,9
Southman,fa90b716-7945-416b-b452-96be00171d26,9
Jason Karaban,92a61f0e-ab66-47de-84f6-7e1ba1bcaadc,9
Oprachina,5ec3a93f-2b90-4c59-aa89-d44ead6beb6f,9
Mr Morse,b8eb523d-949e-4b10-bf0f-a88fee344d53,9
Small Radio,a0f7f439-ee83-47de-881b-041017efeb66,9
Nuclear Santa Claust,14563,9
The Brought Low,0b76549a-cbdf-4e96-a138-8fd93af014b4,9
The Astroboy,b5577432-5e32-493d-8570-b328e022da12,9
Naked Hassellhoff,db1bef38-0d7c-46a4-913d-dd6459e09bdd,9
Subterrestrial,70d2bd2a-35fb-4233-8413-062798fcec4a,9
Jose Konda,14637,9
Post Mortem Photographs,210e92bb-a842-4f13-938a-b4c6b87c39d5,9
Phopha,14665,9
Doug Seidel,04a092bb-2a40-416a-a6dd-a53ca8b47cdb,9
Todd Tuttle,972dc6ac-487f-4705-8621-43cbb3cc6032,9
Resistencia Chaco,4c0165c5-4e6d-476a-87d6-826cf8c32fa0,9
The Black Twig Pickers,f25b0fe2-1fc8-4350-b91a-8885979869b6,9
Thee Nodes,81e9133c-6d5c-42e3-93c4-e85e4e0c30bc,9
Subsonics,6656f436-2b64-43f0-9529-0b4a89e539be,9
Grâce et Volupté Van Van,a331fed7-16a8-49af-ad1b-52bab5391413,9
Filthy La Bottom,15293,9
Limbo Deluxe,15303,9
The Piggies,0ac4d5fa-26fc-463f-89c9-ab4f4c113672,9
The Guts,15468,9
Southern Nights,4e440158-d0fc-4575-83f6-00c28775758e,9
Parquet Courts,e01755e3-58ab-4a5b-a9e9-a0a3bd3dff4c,9
Burstbot,15644,9
Organs,eba265fe-e23a-495e-9a8f-7551c2814ef6,9
Games,15694,9
Nuclear Spring,74316ab6-a8b7-479b-8ab0-d658e4fe3f5a,9
Globoscuro,99f26b2b-b0ca-461b-b88b-4572f8ccd428,9
Band Of Mad Women,9c92786d-1dae-412c-85da-da76ee647155,9
Mandy Mozart Feat. Jiin Ko,15819,9
Radiomaniac,9391a36c-75b2-4a9a-918f-f9109dd2b104,9
Viscera[e],ac193ba3-2e68-41df-bfbf-570f4084d9f3,9
Jacco Gardner,5743f042-62a3-43c7-9643-776cb9c2308f,9
Varia,9cb04970-90a2-48ba-9cb1-469a890fb685,9
Glam,7e04c3e4-977f-4a97-aab0-2e1a3407e456,9
RRayen,0ee2beae-0fd5-46ad-a212-c0db20584a9b,9
Arvo Zylo,e80b6abe-0806-468d-877e-d7d6f1549b8b,9
Lucas Gonze,9323,9
Drill Folly,a1ebabef-8deb-4123-8bc1-ecbff4091022,9
Career Suicide,038919d5-da1b-4a53-a5e9-b552baeda8d9,9
Juan Angel Italiano,3ae9e54c-296a-4d77-a8c3-66e5a2ea0d46,9
Low Fat Getting High,16528,9
Nhumbhrukh,16579,9
Javier Piñango,2b6a30b1-74fe-4c10-824d-9a39ea86e1ba,9
Born Loose,0394930c-7c2e-41ba-a1ec-37c84f5e01b2,9
Zachary Wilson,5b8eae96-0eb3-4396-80d4-ba42a4334454,9
TVLASUNOR,7615,9
The Good Lawdz,16999,9
David Evans,13565,9
URB,7c485fe1-6976-4a43-bb17-aafbf2257732,9
Seetyca,d5e62b3c-3181-495d-afcd-0fdf657cb178,9
Bleeding Rainbow,73fe1c5a-d6da-4606-8b76-a5e95408c547,9
Robert Lee,,9
Weerthof,3617a431-692f-4947-a396-72fdf602091d,9
Three Jolly Rogues,17120,9
Out Of Orion,5a8257fd-fbdd-46b1-a80e-fffc2f5f9402,9
The Lost Patrol,f99aede1-9dca-4f20-ae81-7c197a7b4e1a,9
Nick Percev,17342,9
Creeping Dose,f08f46fc-dfc0-4166-a950-a8ab3762725b,9
Meanwhile Project Ltd,75febcee-56be-4376-8239-9b2fd2229a9e,9
ICE FLEX,17399,9
Railkid Station,17413,9
Shannon And The Clams,edda8263-7286-4227-9dc4-9ed8e6177f84,9
Sandro Kait,17806,9
Dan Gleason,10634,9
The Paparazzi,27ce6e60-4d3a-432a-a671-224c8bc43a56,9
Kevin Bewersdorf,10888,9
Ambient Fabric,c97f84bb-1326-4d88-bab2-f5801f540c70,9
The Whines,ad76b0cf-7302-4b49-a8b0-f6cc153b6815,9
Enablers,0106f021-1145-48be-8e06-6079bc539f0a,9
Etermortifera,0d9ff2fb-2c88-46e7-821f-e960bbd39597,9
north-without-end,10992,9
Kulkija,c590ba29-b382-414b-a416-6a2b87ef778b,9
Unsacred Hearts,2c04a5c8-0aee-476f-9809-5f91bee02241,9
Sore Eros,82db6eba-838c-490a-b7ac-901e6ee20f76,9
Abstract Artimus,007e7b08-e65a-43c1-adbf-0de584502f6a,9
Тиаз Ич,12024,9
Mozaure,68aaa917-8acc-4c0b-b680-8fb50a8657b1,9
Jacques Cochise,95b396f0-26c1-407a-b5b0-477d99ed5833,9
Das Gritli Moser,db5ce347-694b-4998-bb75-7388eb117dea,9
The Soft Moon,93eba14e-f85c-4d39-8412-5e4018c89d75,9
Vulnavia Vanity & Ergo Phizmiz,12162,9
James Pants,4e40b975-270b-4f97-b295-8db157f06a77,9
Ralp,ba81542d-dbe9-4daf-badf-c1c50cc1425d,9
Happy Refugees,69f12a01-bf8c-4c9d-8f72-ad388610d7e7,9
Nat M. Wills,f89e8ee2-4caf-4f12-8846-c1aaa1dbf0ca,9
Sister Fucker,e7fa0a91-fd37-4aa5-adf5-a3c6771b0e77,9
Claro de Luna,39f2bc75-af8b-4f62-a413-bc1a0af9319b,9
The Plastic Jazz Orchestra,f50a8dc5-8129-4523-95ae-997ff654cc54,9
Maps & Transit,4cd9ba67-bd2f-405c-9638-284b76d4419d,9
Strange Forces,8a01a471-95ba-4f9d-8ccc-c8c316507797,9
Tchakare Kanyembe,9165,9
Death of Samantha,727e08c2-557c-49de-b5e2-95f47e7a5733,9
Tyrannosaurus Dracula,13325,9
The Wedding Present,707622da-475f-48e1-905d-248718df6521,9
MeatballMachine,13333,9
Fuji Kureta,b5359f9c-d29e-4ef3-91f0-0d3cab809508,9
Heavy Links,13476,9
The Enthusiasts,54f8e7c7-9480-45a6-a72a-84cffe64634e,9
Dan Warren,471d4a5d-3e14-49d4-861d-31ea4637edb3,9
Dan Warren,13905,9
plusplus,2bbc7361-e857-4c72-a76c-0b7d40fe6275,9
Thiago França,,9
Casanovas In Heat,ad224be2-c08a-4049-a9e0-4de79c83cc26,9
M.A.G. Trio,b43c77a0-7bca-414a-8fe8-9e18256c200b,9
Inperfektion,57ad4668-13c5-4e79-ad32-ec037ff31375,9
Halloween,14172,9
Royal Headache,edc2d08b-6232-4d93-a127-3dacdc293738,9
Dark Ages,14221,9
Pinche Tirano,14295,9
Godblesscomputers,ae129aa6-3a38-4e5b-aa2c-e53a8ad28967,9
Monolog,20789,9
Spewing Cum,20825,9
alexander chernyshkov and marina poleukhina,20839,9
DINNER,20903,9
Hypp Fractal,09ee8084-8144-4c15-bfd2-8ea1d63a02a8,9
CuzOH,588f39f3-0a1d-499c-93f0-fc054bd06762,9
Boom Boom Beckett,2131b646-a756-446e-a062-1c02173238ef,9
The John Barry Conception,21001,9
Nate Scheible,02a51f69-e65c-4388-8c3e-8d3efe4ed571,9
Skyjelly,00661e65-6a5c-4d59-a675-80a692bc7c5a,9
Doctors In Mexico,21036,9
Michael Dent,2F5QmUgApalRbzIXzXsY9h,9
Telepathic Teddy Bear,063fb28d-8ba0-4264-9c63-6439a2c5a480,9
Hissing Fauna,40e746b6-8c53-41f4-9ceb-0db5e5aeb14c,9
bbatv,21262,9
Shonen Bat,21292,9
The Defibulators,498f6a5d-7f70-4e35-bf63-f20f554bac96,9
Captive Portal,c372215f-725a-48f7-818d-17844b4b0dda,9
Dancer,21416,9
Reanimadores,21451,9
Aseptic Void,aca671cf-3fb8-4c5b-a7db-7f22b70dae09,9
The Blend,21507,9
Martha Rose,7b53d937-ed0e-4532-b109-8f9b141816d3,9
Ropewalk,21553,9
Benjimanji,21586,9
Ryan Sheeler,21804,9
Fanny Kaplan,21806,9
EZTV,5a03f0e3-b001-4ffd-9d30-b775a4371de2,9
Acid Feen & Jimmy Penguin,21893,9
Kisbalishin Kerület,21897,9
Zapa,21978,9
Raw Pony,c04dc19d-c35d-4735-b1e3-19092c4477a1,9
Thlaaflaa,b75b4ec8-0b78-4234-b31b-8d957ce09f53,9
Lincoln Woods,22123,9
Usher & Zreen Toyz,22132,9
Natus,22209,9
BP,22224,9
The Electric Amygdala,ea0b11f5-11c3-4fea-8108-5f349c7960c8,9
Simone D'Annunzio,21755,9
The Blessed Cassettes,22409,9
Zelmershead,c65d3e92-17e4-4a40-a845-09118e6a1da8,9
deeB,01d880e1-81a6-4c66-8c2d-a115387925b0,9
palimpsest trio,21280,9
Total Unicorn,72cbddd4-722e-433c-ab52-5bab6fc8f1d2,9
angelo contini,5d1e316f-88cb-4d37-8b47-db47333494d1,9
23 and Beyond the Infinite,2700e02e-72ed-47a8-8081-921f434a4cc0,9
Queridas,054ef763-4b38-4f18-a575-ee575796ddee,9
Stolen Children Surf Gang,23640,9
Sam Coomes,36a1dddb-41b3-4ab7-bc1e-973540a9e2eb,9
Ultimate Fantastic,ef8b3687-bf84-48c2-9d98-1f57a5831d12,9
masato abe,95755862-16ba-4cb3-b57c-260db993c40f,9
Ninja16,23853,9
Sherita,5920fd07-3bf4-444e-a5b9-062dee044a93,9
Paris Solemn,23876,9
Les Baigneurs,23909,9
Phillip Gross,24084,9
The Battery Electric,f6d1f17e-9b7f-40de-bc87-45c6d7aa4cfe,9
The Whizzies,24287,9
SEC,24308,9
JBlanked,23008,9
A Giant Dog,bb0d5332-15c0-4206-9fd8-0ec5eb3b7076,9
Reflex Condition,5d14087e-d3f2-4766-9c81-42396c114935,9
KHAOMAN,a4900ed3-d2e0-4411-afe1-89f02d7245d6,9
Nick Vivid,eaf3f006-a388-4cc3-b264-feedeead597c,9
Tony Infuriato,22781,9
John Fanning (Massaccesi),22799,9
DR,21799,9
Jared Leibowich,0c5003c4-0160-4786-a9b3-a19326947827,9
SUMMER,22999,9
Fodiator,2f829708-e809-4654-aafe-d1ad45a3db57,9
MindsEye,22184,9
She-Wolf.,b9a83910-0130-4dc9-939c-874ae69f2deb,9
Marceau,23251,9
The Homeless Kids,23341,9
Jonas78,23376,9
Hermelin,8c8ed475-88ac-469f-b9a4-85b705bc4ff9,9
December Nightskies & Nobodisoundz,22397,9
Laszlo Kovacs,22555,9
C Joynes,b2b76366-97c8-49c0-b4ad-1792782c4d43,9
Absolutus,93eb0aae-0b3a-4286-b685-c494ecb838dc,9
The Discoghosts,a978c385-ed08-4db3-8584-b858ecc423d4,9
Stefano Ferrian,57e4b312-60b7-4e56-ac62-c1158c415850,9
Je deviens dj en 3 jours,db5d67ed-3a39-4a68-9708-dc4ed5a04db5,9
Hard TON,6504,9
Società Anonima Decostruzionismi Organici,3df51c9d-d7e4-42b3-b6de-468a352f430b,9
Innocent Bandits,9e96063d-60f2-4432-875e-8663d9cfadf3,9
Graphiqs Groove,3cd9f016-3262-488b-8964-87b41e96c18c,9
Big Troubles,462e811d-bef6-421c-8687-cd8c14ff87d2,9
Mr. Busalot,5a05fa06-4753-45c2-bae6-8d204ab79ee1,9
Overthruster,9358751c-ecc9-42d0-bba6-407f449b1a4d,9
The Bloody Muffs,da6eeade-63f9-458b-b765-0794a71f743e,9
F.A.F.O.O.T.,ea754cad-16fd-459f-a279-dce7a397dd83,9
Wheels On Fire,0b014689-6b64-4bd9-ad64-e89213f0aede,9
Hargreaves / Noyes / Duplant,5d02ed53-1755-49eb-bfd1-c36287893e2a,9
Jungle is neutral,f4951ace-f47d-43cd-9bab-9976fce4317b,9
Feldmaus,06295a75-c2c4-4d5b-a338-e2963115311f,9
Wukir Suryadi,59c90328-170f-4624-a69d-163d1edd9be5,9
Yusuke Akai,a592fc4c-401e-431e-80ac-1c608508053b,9
2 Foot Flame,4d78853d-e888-4ca9-93ea-e5c183015050,9
Emily Lacy,5e4aa201-112e-4c0f-b4c3-f23378b539f2,9
Bedlam Mind,8977,9
Fucked,9fff9e5c-a533-41c2-ac92-4271ed8eb6c5,9
La Rainbow Toy Orchestra,ca6fe3b2-6be6-4ded-a4d6-5d82e2efce8f,9
Someone Else [UK],9184,9
Colin Johnco,017ee10b-bfbc-4587-ac4b-a5645aa03c7d,9
Zoogoo,7f58d717-f601-4dab-ad57-637c8a428dc0,9
RPM Orchestra,7699ec60-601f-48ad-8a90-687f39d55e19,9
Randy Wormhole,6244,9
KPLECRAFT,5b4acf31-2f37-4754-b967-633ea160b9b1,9
Delmore fx,d0ec15b0-ee81-4cee-8a90-d6d550ead698,9
Fiendish Fib,9724,9
FUN,9808,9
Projekt Karpaty Magiczne,ac582f58-cf2a-4a7a-8d94-f539518c56a6,9
RÉGIS ET NICOLAS,7827,9
Motorama,c7bee23e-f9bb-4dee-b1e3-5d49f81cde11,9
Spidey Agutter,db4e7a66-d2a4-4744-a2fa-fff976910a3f,9
Tab & A.U.R.C.,e001eceb-8d53-46d6-8c9f-a264ab37a9fe,9
Canned Fit,df7340b6-4c94-453c-9eec-71d5820c2849,9
Seventh Gear,cdb53bb9-da28-47ba-802c-4998685c1041,9
Ugly Parts,fc4abeee-f19e-4f2e-8e16-569e0b99e181,9
Stanislav Bobrytskyy,86b08b56-9788-430b-a62f-c2ac0aff92c8,9
Przewalski's Horses,c6fa16c5-7b4f-4cef-a717-a1208b03a889,9
Lougow,2ef0945b-0331-48ec-9435-a0bbb66a6246,9
Blank & Kytt,3853c580-e98c-4620-910d-805707e5f924,9
Kirill Makushin,57c7fc4c-9dcb-460e-9256-823d152597b4,9
Difondo,c2440ea0-8b9d-4f25-8104-5cf2b611f3b2,9
dronæment,9048eb60-a4ef-4e2b-9dac-b12ed208ad66,9
MANUEL J GROTESQUE,68c07259-1f8f-4ca6-9888-050935fdeafc,9
Neeva,74a659d4-afbc-41f3-9776-b4584f5fe1cd,9
The Starry Tides,9873,9
The Keith Walsh Experience,9394,9
Silver Abuse,44357268-7576-4d53-831a-dde57c688e42,9
La Chinoise,c56575b0-b8fb-4a86-87e7-2bda42f08501,9
The Books,7268,9
Black Fortress of Opium,01071bbd-f71d-419a-ac05-f5d64977a96c,9
Seeds In Helmet,13048,9
Soft Serve,13153,9
Mutilation Rites,cea740bc-c432-42de-807c-2aa263b184ac,9
Snail Bob,1a5638e0-6ace-4e91-be24-f9abcd6f3daf,9
Les Robots Musique,19b82571-ae8f-4250-9544-cc08c20d0832,9
UV Protection,14676,9
The Letter Yellow,15092,9
Plumerai,fd1c4ed3-e147-4e20-9b4a-ad3c6ba25a36,9
Papá cocodrilo,19715,9
Iron Metal,4713076a-dea7-48c7-8c6f-2cd0ec0f1468,9
Georgia & August Greenberg,a5230827-668c-4bd9-93d1-49851d252c7c,9
Rockit Maxx,17da0b09-99fe-437e-a51c-b9b3dc1e56a5,9
GMC,4b1aad5e-941a-4cd3-8257-763df00ace5b,9
Baby Shakes,97ea5761-9dce-4cab-91e5-3fffc3fc19f1,9
The IMG,21287,9
Shoeg,4de08ee2-6910-4d69-aab1-a792e5d3156e,9
Fabio Crivellaro,af39064a-e81a-46a9-bf2f-b8b41cba4ef4,9
Burnt Ones,fa2a05f6-0633-47f0-bf07-f2a0d3308bbe,9
Michael RJ Saalman,17371,9
Las Kellies,f17de82d-c14c-4bdc-b320-e475b16d87cd,9
Yasna New York Bulgarian Women's Voices Choir,18023,9
Azar Swan,e8e4e0f4-99cd-4bb3-966a-ea28d226d584,9
Death Valley Girls,987c6ccf-d4c5-4f23-938a-c0a21782803d,9
pavlove.,23346,9
Marilyn Roxie,1c6d46af-a490-4084-859b-4e87d594ceb5,9
Uppercut,1fbfc268-45c4-4095-8745-62cab92aa6a9,9
Abdu Ali,bbc5cd94-bb68-4eb2-9408-0fbff8cac97b,9
Christian Flanders,22217,9
notforme!,a41d3cdc-2121-4568-bbee-e124d4e39131,9
Haiku Ambulance:  Self Titled,22651,9
Dj Chile & Jimmy Penguin,21706,9
Limbs Bin,e7aa7750-73e6-4cd1-b8a4-5d5be8d53b35,9
Shark?,30febba3-d201-45c6-ab3c-108aceb0d20f,9
Riding Alone for Thousands of Miles,e5d6c9d4-d3b7-4c32-a4a4-bb2f7f20fac3,9
Trigg,11019,9
Needle Gun,5493,8
Harrius,833,8
Arthur F. Collins,856ba0a6-e2e3-4449-a60c-0e639e7329b3,8
PLATTENBOSS UNDERTAKERS,5506,8
A Smile for Timbuctu,0e2f5510-d9a5-44be-8748-c95f7c07cd9b,8
Sky Barstow,40815f42-cc75-43c0-9416-d4e652e1634a,8
Anders Lindsjö,968fbb84-afb1-4a65-8817-404fbcf91b36,8
Dorian Concept,cb07b399-6917-4b60-8254-085a6eb39b4f,8
Jeff McLeod,845602e3-b327-4e72-8edf-da88cb088673,8
Mahjongg,8b35d711-4731-4e7b-ac82-ce61c063c8dc,8
Mr. Gutter,218,8
Solemn Man,272,8
Vorpal,8ab7c8f5-d909-41bf-a28c-240c3cc58ead,8
Antiguo Automata Mexicano,ab5288e9-e1c7-4159-9e1e-391d017fb0ef,8
Chatham County Line,23f20841-f311-4b92-9ff9-65d1b25340dd,8
Emma Peel,1438,8
Killdozer,6a2f72b1-d660-409e-b190-6470157d3a38,8
Loto Ball Show,c9d48c89-88de-4c25-b51b-b544b88b93c4,8
The Hall Monitors,3344500e-8fc8-40ae-b8c6-f06080b6d06f,8
Love Craft,a72a92d7-5512-46ec-9216-588fda20bd69,8
DMBQ,6473c9d8-15f2-4a41-97d2-7b04ca52bb81,8
Haale,c3a30599-a8b1-449b-948a-1bcf2be6aa8e,8
Thomas Function,2ae53a66-4e03-4fa5-a9e0-11fc1c66816c,8
The Death Set,7ec4f94d-bd26-408d-a81b-4df4cae674f2,8
The Dirtbombs,49d68d0c-cfe4-4adb-abe5-64cb50671070,8
Triclops!,44930372-8b75-4ba9-9783-e83ac8527613,8
Julia Holter,45610c1f-41a4-44f1-9da6-227510073ffc,8
The Spazmodics,2290,8
The Native,2360,8
Singing Sadie,2266,8
The Cannanes,971c8784-4a10-404d-b716-a444b3fc475a,8
Aaron Dunn,eafe8cf6-15d6-4f5c-8f3f-1c3a0a736bbc,8
Takka Takka,45804fac-5b55-4a40-bb73-b09f11b14ad0,8
Virus,3352,8
Absu,3403,8
Slough Feg,457fd7a8-eac0-41ac-b088-b44840288f4d,8
Yen Pox,b4f61828-b472-4609-8941-a6ec78d82e84,8
Rockoutfit,053f8648-28d7-4e4d-8dd3-70935023f7bf,8
Pretty Flags,4008,8
Trailer Bride,1104a5a3-558d-4d26-9ece-aa143f86694f,8
Alex Mauer,a3ce8273-e6cf-4856-9aec-1759c2ca6ec7,8
Billy Bao,3c8589e0-6ac3-455f-831b-9a0d94037610,8
M.B.,57bd7b0e-a1be-4a9d-a0e3-e7980f156728,8
Bruce Russell,717eecc9-1d0b-4ff8-9e87-1704e6574db2,8
Toss,4473,8
Cobson,f0a5bf69-7060-4cf5-88a4-36fcef843356,8
Rod,13f9c024-1d4e-480c-a11b-bbd45fad9420,8
Terry Douglas,0df1964f-e71f-4cf4-9ef6-5a9b7e9dffc1,8
.tape.,d5deedb1-3ef8-4780-9fc8-5d439194244e,8
Personal and the Pizzas,dd021aab-74b9-4621-839b-9d5680717ddb,8
Latent Chaos,3ce551fc-35a8-480a-85ba-2e531db183fe,8
YACHT,2616,8
Menasor-Drenching Axis,5410,8
Roberto Padovan,02e55cce-51e3-41fc-b221-9327019680f5,8
Meth Teeth,0ac89c1f-99fa-426a-a6cd-3cbc427c0b45,8
The Back C.C.'s,5017,8
2pol,6be85be4-2a09-46c7-9ff1-f5f9f49b9d7e,8
Unrest,f444dc7d-59c1-4ed6-beb7-f90b6d85366c,8
Crystal Stilts,000fecd9-ae03-49bc-9a08-636dde5d405d,8
Roxy Pain,362,8
Cath and Phil Tyler,5a50967c-913e-4aae-bf94-edac8b529264,8
Kreace Peeps,3659,8
Gowns,4232,8
AK Slaughter,2fca0080-57fb-470e-a01d-690b535ee446,8
Dokaka,146ada07-7286-48ac-be4c-a2589cbffbac,8
Jalikebba Kuyateh and the Toubabs,4804,8
Dallas Kincaid,f76a2ed3-69bb-4ac8-8fcc-f33ebdff3bd5,8
Cal Stewart,5470796f-4387-4f70-b520-d56dbce45465,8
Psilodump,cb85543c-e95b-463b-a111-d04d290b4a2a,8
Syem,177b2008-2ec4-4565-8260-4a07ddffc076,8
Zombie Prom Queen,f8353e4c-6ba1-4695-9b76-f5ee1475cd98,8
Rok/Paper/Disco,256,8
Michael Chapman,559,8
Matteah Baim,5a15a71f-b680-47ed-bb0b-4c30e47b6902,8
Freakwater,50e68a47-b6e4-4178-84d5-8955206a0b7f,8
Cool Devices,4065,8
Jenny Mayhem,a11205d7-098e-45c2-8a6c-dad3086827e0,8
Robin Grey,b1dd203a-b075-4f40-a9b3-2aad0d93fa73,8
Little Debbie,afe6eb79-5c95-4bdd-9151-9bf639172101,8
Sonvol,ab692ff5-fdd9-4e60-83e2-3de7ae608647,8
Generation Skweee,d8a1dea1-ba85-4c20-9026-98d10a3b76c0,8
Aenedra,17982,8
Turmoil,18019,8
Dáša Fon Fľaša,2ad8df7d-7206-470a-abca-8cbf7064b63f,8
Normal Love,538b471d-d953-4ea3-917f-aeaddb1cc96e,8
Slowdance,dd42dd40-ed78-4bb2-b27c-c90868a59137,8
Factories & Alleyways,ac2bee80-3c56-4369-bb51-6fd6b81fe557,8
Speed The Plough,6b36e5a6-35f7-4d4a-ae4c-37ae282bde45,8
Idio-Savant,7978,8
Timperley Rhapsodians,c85ed8b2-72e2-4c0d-9e80-0a1855a71420,8
Wall Matthews,780f463f-f535-4ece-aa69-33ac49d9923d,8
Mark Fosson,e5e325a3-fe3c-4bd7-86c8-800eb3bc9408,8
LiveFastDie,66630ed1-de92-43d1-a12d-1aa21862dab4,8
Split Single,6f7f16b9-0df4-4a9c-8638-f142485a1669,8
Priests,e708ace7-5c5e-48dd-be9b-c5c3aed6273b,8
Rafael Dionísio,10f5404f-7aee-4c1e-8e0a-19adcac61864,8
Константин Зед,18656,8
Meaner Pencil,18704,8
Nox Boys,ee057b0f-36d8-40f0-967d-3bf50445123a,8
m__,97ee70bf-f9ac-4538-9d5e-237c05f786d6,8
The Clientele,6b66dd3a-d88b-4732-bc13-359d8964b7f2,8
Interlude,d4de9073-f84b-475c-930c-a996c8ff8ab7,8
Seamus Cater,97daaad9-847d-417c-a4e4-da2049aabf7e,8
Marc Stapleford,fcc4c2a4-0e85-4fd4-aaf0-127c4a4e8dff,8
Vows,18597,8
Eidetic Seeing,0cd0ae47-aafc-4b47-8239-ad4da02b0cd5,8
LaBon,19103,8
Autodrone,496ef9c4-b99a-4ccb-840e-333e3dcac5fa,8
Even Twice,2f9fc7ed-8720-425a-958d-34bb20de089f,8
Serakhe0n,8b3710b6-8aef-4171-8c1f-9ee3ced11ab9,8
Action Will Be Taken,19279,8
Tickle,9f55f6a7-1ebe-4b8b-b5e8-9a0583b66b2f,8
Spin Day,19347,8
Caballo,19383,8
Fatti Frances,607ceeb2-3679-405c-9cbf-c1b5e72a73df,8
Quitty & The Don'ts,19449,8
LAZY SALON,19125,8
Коста Т,16984,8
poj.wlkp,19481,8
Les Sans Culottes,2f2b80a5-4d18-49c2-8baa-4485972c0b14,8
"Turku, Nomads of the Silk Road",19607,8
Church Bats,19684,8
Skinfaxe,2d49f089-e3ce-4614-8d12-aed7a9af8058,8
Troy Holder,19589,8
NoLogic,19847,8
theL3the,19992,8
Missing Organs,aa257886-2e29-4a06-940d-175cdeea2e37,8
Onda bidón,bc9d31c5-23ff-43a1-ade4-91980e161dd2,8
Kris Roche,c547d0cb-a274-4da5-b372-66ed499e4952,8
Flesh Lights,0083c0d1-08cf-4b24-b8d7-20fe17b2cd99,8
Grove of Whispers,03017c71-00d0-4449-91e0-e20e21a2acd1,8
Junk Boys,20288,8
Guerra de Cerdos,002b0d94-12f5-4383-9f04-cc600eda378d,8
Cahill Locksmith,20293,8
Dan Lizard,20274,8
Frozen Houses,91703684-dcf9-4ceb-b44c-10679692a859,8
Argument Clinic,20354,8
Alas de Mosca,c295d8f8-bfaf-477d-af7b-8c0c49f75e45,8
VIC BANG,155db885-d7ed-49fa-812f-a2eb5fedfbbf,8
Germanager,7d685819-22cf-4dd7-8d00-dbda30406c3d,8
Alan Singley,edfd4d9d-4170-463b-8520-c07b64543bd6,8
Anamorphic Orchestra,22763,8
Real Numbers,2b812fff-dc80-4838-98a5-9e005bc2e9b7,8
Life Like Thunderstorms,20568,8
A Minha Embala (Aline Frazão e César Herranz),20654,8
All Shall Be Well (And All Shall Be Well and All Manner of Things Shall Be Well),37585a19-f729-408e-9c80-e0cfd9cb1c83,8
Patrizia Mattioli,28a0e8ae-8b10-4cc1-9a78-a81428652059,8
Radius System,22d20d75-eaa9-45f9-b9d6-cc1b6b835a95,8
Nomad,14368,8
Nhoin,cab5030c-8d57-4ec5-8ede-979b85926555,8
Trepanning,14459,8
Melinda Ligeti,14712,8
Steven Arntson,3846e46e-1f18-4fae-8356-4ba80b5303c5,8
The Thud Experiment,7613,8
Justin Wiggan,87c5443b-c550-4211-9a23-98fd7ca6fe90,8
Stompin' Riff Raffs,35bda351-d4a3-4d47-a6ed-4e538b2c3748,8
I Am Not Lefthanded,20aa60d6-edb3-423d-bad8-d4bd1056b024,8
Algesis,322cfb88-e6dd-46f0-b195-508f5b8546f4,8
Holy Pain,a5df0b43-097d-4e9b-828f-96cdf9b51076,8
Geese,15256,8
Gluid,e43b05c4-560d-41ef-bb4a-c56f6b6feca1,8
Emily Danger,5bb8d235-d80b-4b60-bf8b-020813993c91,8
Trigger (Wind Trio),16513,8
The Tunnel,3e23ed92-e8c1-4093-884b-17c22e084742,8
Jenifer Avila,5587e76f-4f6c-4e15-818e-e5d35a503870,8
the hermit,15489,8
Gutterhulk,15493,8
The Dream Team,15554,8
The Party Lights,15589,8
The Recordettes,15593,8
Abstract Nostalgic Fractal Systems,7bfc7f45-ca2b-455c-86c4-e52ff2036c2b,8
Plastic Surgery Icon,15abe928-10b7-4f5e-9463-3a70bb815bb2,8
Droict,15795,8
The Undynamic Pop Experiment,15809,8
Creem,4259f7dc-7384-40da-9567-05ce2903d61e,8
"Tote Stadt, Mourmansk150 and Hinyouki",15893,8
Soni Ventorum Wind Quintet,5e282395-e6fa-4521-bf08-6796db037a70,8
The Travelling Mongoose,6075,8
Jenny O.,885da72e-721b-4985-a2ef-747fc6656305,8
Lonnie Holley,483ccc8e-d789-46db-a88a-3a0ad4b6fae3,8
Eleni Mandell,e888b7d9-bc39-4927-9244-a235b64b1347,8
Genox,16269,8
mairack and player2,16356,8
Sweet Talk,4d5b96cc-f099-4c92-8a63-638c966d6897,8
Ikimashoo Aoi,d9dae48c-869e-4d95-bfbe-a1c6a5d10123,8
GeeNerve,16573,8
Ajda the Turkish Queen,20ec710d-5e76-457c-84c2-dcdd24a11e63,8
Lorelle Meets the Obsolete,0e826d93-0b1c-46c9-b1ce-d3b5a8e567ca,8
Poor Alexei,16727,8
Jorge Nunes,16840,8
Not The 1s,8c2a547c-561c-4c4b-a0db-1b352d9adb02,8
Geometrie Variabili,16958,8
Noaidi,16989,8
Suspicious Beasts,17016,8
Cuntz,f7df7043-1a2c-4db5-b36a-50d7f28757eb,8
Technicolor Teeth,e8d27d07-1eb3-4127-a6b2-83e3ce36b1ec,8
The Party Faithful,e0a7d23d-581d-46db-8422-206d5d8f09cd,8
Chastity Belt,944267d5-c0f0-4f4e-b3f2-7987d25d0441,8
Nicolas Chientaroli Trio,17300,8
Daniele Pasini,cdbe0654-2f25-41cf-94ed-98abc64326f6,8
Raffaele Pilia,840f12b5-aca0-4b43-a544-eafadc6cd4fe,8
BpOlar,17393,8
Fire to the Stars,95249c3a-a23c-417d-9849-ba2db12fb71d,8
Sektor 304,658f03af-c4ac-44ea-ba87-1c2edd6f180d,8
mynameisjOhn,17491,8
Antoine Chessex,9ba699f1-51ba-4250-af18-d202c4adf3b3,8
Snow Monster,10581,8
Batillus,671f1dce-c81b-4564-80f8-0f9de94d367c,8
Ca$h4otterz,ea903a55-06f2-41d2-996a-4276814585b1,8
Tyler Jon Tyler,10889,8
Peter Swimm,ab695ed6-7ae4-4947-8142-dbfd168c3b74,8
Ultrasyd,20a2a4f8-a4c4-4409-8b22-1593e3cd4642,8
White Fence,68548de4-c045-426a-9745-b52a8a22d2d2,8
Radical Dads,3583f221-0890-4d2e-bc2a-0737e48b8b5f,8
Bush Tetras,0fa623ce-9d1a-4b14-b6a3-19c79317a22f,8
Burning Bright,e1d1c7fd-2383-47df-ac69-554952aeeef4,8
White Life,01756243-1a7c-4f43-9e96-57ff399ce215,8
Nic Blu and the Travoltings,11406,8
The Atomic Gardens,11150,8
No Color,47f7b58e-1c62-40b5-99e6-ed7694fc9ee8,8
Sunsearcher,5d6f9133-4459-4188-b100-e1902d8d3468,8
Kitchen's Floor,6f05e9a8-ebaa-4981-b66f-594da88b706f,8
DC9V,11982,8
FLT RSK,1419c464-b47a-49b7-8eb7-fc92fc62178a,8
DuBoLoGy,321ce897-2e66-4516-b146-e1bc881ac824,8
Friglob,b8723bd2-2390-40b1-9306-6df87447d008,8
FESTI 40 music festival,11895,8
L' Amicale du Tigrou,12095,8
Dylan Palme,12099,8
Jaap Blonk's Iles Flottantes,12159,8
Heaven's Gate,62f4d829-a7c2-49d3-a518-13a912acacfe,8
Sky Thing,12220,8
Hot Garbage,12240,8
KVZE,2e3d238e-923d-4067-99ae-8e397b8096f9,8
S&ndC&stl&,f458f181-8838-4b6e-9166-2879864912b2,8
Live Ones,c3d9edee-1808-4df7-9735-d249e4e3e865,8
No Zu,cd589a6e-7da3-4096-9f11-a0d91d6e79d6,8
Fusiller,86b93ab6-5c10-4cb4-b051-9774b796e469,8
Hess,fd3235ae-5b3d-4827-9dcf-15c972d3cf19,8
Exhaust,0bcd41dd-f81f-44f1-89f6-8ab2e9db41be,8
the Dorkestra,10388,8
Rakiya,12974,8
On On On,13192,8
Electric Jellyfish,a7b6543c-5787-4491-b68c-10fec5675b7c,8
Lee Bains III & the Glory Fires,c95f867b-2191-4b8b-a0de-546606c1e476,8
The Happy Valley Band,13445,8
Emily Wells,b339ac43-56d1-4077-a380-cf01ad2a778b,8
Cuddle Magic,412b4e75-0042-4b6f-8e9b-05a76719aac6,8
Jose Ph. Kony,13529,8
Parallel Dream,13532,8
Mark Humble & Dave Foster,13580,8
Some Ember,70438d4d-5c48-4db8-8628-2df8b14b2364,8
Jaakko,13760,8
Ava Luna,3be4432d-5dcd-489d-80ee-a6c2ed13ba76,8
King Tuff,4e442c83-b547-4d6e-9270-cdd35e3c3195,8
Alexandredavidegabriel,14072,8
Miodrag Marjanov Quintet,14082,8
Chris Forsyth,efcbbbd3-1701-4021-a413-dcb5d5baf038,8
Tomlija,14137,8
Erothug,14189,8
Infinite Livez,3df95f25-8cfe-4afc-ae24-5ea89bce33cb,8
gHOST project,20835,8
Derek Baron,9f4fbb86-3122-41b7-becc-e9c7693927cb,8
Máscaras,4834bd1d-111c-4b55-ba23-1b7dbec9d34b,8
Boone Graham,e9a2a1cd-b4a5-4416-a57b-9d5215e01897,8
Kacéo,e4ffbc03-5ef2-472a-92d6-da2ac4eb6432,8
La Parade,67344d67-ae7e-4f3e-8da3-7801e3e4bebb,8
Eyelids,e5194f1c-c3db-41c9-87ed-b190351c779a,8
"Shocron, Politzer, Crozzoli",21118,8
Gingerlys,9575556d-ace4-45a4-ad2c-6f6e8afddf9d,8
The Strangelet Disasters,21163,8
The Soft Pink Truth,fabe6510-9bb1-4a83-af11-3af75adc1389,8
Samurau,7c21279a-cd2a-4828-9839-dfe5778c50fe,8
Song Machine,21391,8
Legally Blind,21502,8
La Cantine Boga,21538,8
Jordan Sinclair,21567,8
SAVAK,798aac2b-e30f-457a-a082-2826d8a5c533,8
Yoghurt For Breakfast,6c80928e-b578-4743-91aa-b90f3b69feb6,8
I Not Dance,3551738b-f0f6-4f95-8327-c84e147a85e4,8
Paolo Pavan,825c10da-ff1b-4e8e-aef4-2a2c1d13b018,8
J.G. Hackett,c8dde8a0-9b5c-4895-aed5-8c253bf1db61,8
Anihma,7pT5O5lxmosEgW4NoTeDDY,8
Doc.AtmosfearCrush,0SbCSEKYg423TCUVfZ5cFb,8
Bryan Divisions,dc0f27a1-7acb-40ff-a41f-6d392624ac72,8
chēēZ π,21861,8
Homesick Suni,ba0b20c7-4e3e-4cf6-89c9-1c65374f5606,8
Anob,bb373a52-337d-4a09-aa2c-b5da951c7d34,8
Arbee,21577,8
Titanik,21988,8
Klaten,304fa0ff-3913-4f11-9656-6e7bd85526fc,8
Monarques,22040,8
The Great Cold,f05dc6f0-f837-45dc-bd63-2d914e1fbd6e,8
Jardín de la Croix,d7eafdc8-0abe-439b-804c-2f2dd6a6e042,8
Every Now and Every Then,22222,8
Metek & Zreen Toyz,22231,8
Room Of Wires,ef7aa6b0-8cc4-46d2-9406-eae417fd0e27,8
Diego Acco,22341,8
Montserrat Alavedra,99410107-c263-4114-8309-eca40a961f1b,8
Joseph Levine,dcd24f88-1753-4cca-a0f3-0554e271d512,8
Night Club,9b4f5b14-6a84-4340-b290-194212716380,8
Blue Dot Session,22349,8
Logan Takahashi,e7c32be4-2fd1-418c-aeb4-d6c37de78cf7,8
Pavlosiuk & the Dudes,22398,8
chloe orin,18419,8
arcano.zero,045c9b91-67ec-4ceb-b84a-5e350f74176a,8
Flamin' Groovies,c826bda4-4f4f-4746-81ba-5f66ac9c95e5,8
Mental Escape Pod,8c76d9b8-4a43-4652-851e-30cf332c93a5,8
Terracid,12112,8
Perverts in White Shirts,0054ea32-ad69-4f1c-bda2-29da2fb23782,8
Hideout,23518,8
Arthur Zdrinc,bad24946-cbcb-4815-8a82-31f69eeb728f,8
Red Crickets,9d2f087c-3d25-4dc1-b310-871895113043,8
Bessemerr,23645,8
Daniel Barbiero - Cristiano Bocci,23659,8
The RocknRoll Hi-Fives,27ba8d96-9860-4b1c-983e-3e24cf61a620,8
( Early ) Salomè Lego Playset,23690,8
Proyecto 504,23745,8
Breanna Barbara,4e2d192e-3d63-4f6e-b684-9e3d9165bdb4,8
New York Spelmanslag,23808,8
Saylavees,23857,8
Massicot,534ce388-c702-436d-a12c-cc5515858ec9,8
ULTRADEMON,d156aa53-5540-455b-ac07-ca80e3ba7d53,8
01110010,23882,8
Painburn,5be03be4-275d-4d1c-97da-6738adca9c53,8
Anes & Bateaux,24206,8
Reno's Men,e19fe5f3-cb9d-4a3d-99ee-16d28dd07912,8
Downer Canada,d7004db2-6bc6-455d-8e9b-fbf25c615813,8
Beat Doctor,14215,8
Milton Arias,3dd437fc-3fca-4524-88e0-06c0a56e6d6b,8
SOWNDHAUZ,24318,8
Audiobooks,22566,8
Rauppwar,eaf79dc4-dfc4-4bed-a381-4c03533fa421,8
Edgardo Moreno,22667,8
Youth Pictures of Florence Henderson,343b9f07-0c19-4f14-91aa-a7c753a18c09,8
The Invasion,1cfbe10d-fcf7-4a35-a12c-76f447305b0e,8
pretochines,22808,8
Scrapple,b5672f03-192d-455f-bde4-36501ecbad86,8
La 6ème République,3a3ffa07-b0ff-4b46-a520-be5f3fabbd27,8
Wild Worm Web,203cb2ab-fffe-4004-8d8f-b2c38d8ff554,8
Turnip King,1bfaed43-353a-4836-9a16-4d699ebbde14,8
ИЗ-ПОД ЗЕМЛИ,23340,8
Little Ozzy & J. E. Frey,23111,8
Virgin of the Birds,bd86280b-4f21-4b65-be54-6363b2b3a566,8
Mentz,b5fb4294-3aef-4b3d-8098-31b332495ed0,8
B-film Ltd,6241,8
GB pka Gâteaux Blasters,6127,8
Zinger,04b22af1-ce4e-4a41-aedf-41343378761f,8
Damn Dirty Apes,4c1d90dc-034f-4ed9-9b27-243e2e7c55cb,8
pH - Thomas Helton with Kevin Patton,6709,8
Hands,6704,8
Martins Rokis & Kaspars Groshevs,6845,8
DIY-note,72cba4f0-8e50-4a3a-9d49-bf8b2c0a9c78,8
Amokdrang,dd926c44-68c2-4300-be32-347539d5bef3,8
ZAUS / .E.,7204,8
5unday5essions,7243,8
Squelette de Georges,7279,8
Zuhn,0f90deba-70be-49e7-921e-49562b2405e2,8
The Advanced Antennas,7549,8
Debo Band,a109ea9d-674e-43f3-8af2-6d8a5cd21389,8
M.W.D.,86121e5e-2900-4010-b182-187568f347e1,8
PC Worship,f56aacb6-18b1-4b0a-873d-28e9da192719,8
Ergo Phizmiz and His Orchestra,8a0194ad-6b24-448b-a069-5e7baf2eb1dd,8
Bronze Horse,82fa1778-798a-4fc8-893f-3fa76566d761,8
Hogan Grip,51042d30-ae47-45c7-be7f-3f48b2653a95,8
Oval,2fa478b1-dee0-428c-8e18-8b0b6608b2dd,8
Meczûp,0a69bfd2-ea32-4013-9073-89f1424a3ed4,8
Pure Hell,6c8fc160-5d6d-4f81-99db-60f35316b695,8
Sinewaves,8999,8
My Family,8990,8
Inlets,38dcecd5-2b5d-467d-a48d-cf594ca6a925,8
les Poivrons Rouges sur le Visage,9331,8
Josie Davis,991daaae-2cb0-4a65-b30f-2424d94c46ab,8
Matthew Sforcina & Lezet,9570,8
Lilian Hak,cc0a0465-c893-47db-96dc-97f8114b88fe,8
Usine à Fleurs,9590,8
Atman,3910cb55-37b1-4575-aa66-4cec82f23aaa,8
Alma Yoray,174f01c4-2413-4eff-840c-1bcebc4483c9,8
Mikhail Lezin,9878,8
Derek Spaldo,9968,8
Dragon,df78ce0f-3c9a-4c3d-bf45-967919e66e94,8
Andy & Zeus,10015,8
The Munitionettes,05d6dc60-d5e7-427d-8cbb-b6a920cfa7eb,8
MWE,10183,8
Jam Messengers,f83767ef-0c8d-438d-a5c8-e87089b709a0,8
Lucy Foley,0cee1054-c2ec-42fc-a46f-88bbb3dba921,8
Workdogs,89b39938-43e5-49ff-a5a9-eb014dcc9d3f,8
Occult Detective Club,19b3b8e1-2a3f-441f-ae3a-fefaa4d3c236,8
Transmitters,c8a5c8b4-be76-402c-9dc5-f82934fd31d2,8
Vibration Terrorists,1684f372-210f-4189-8da5-0b2dc63d1ee5,8
Seth Guy,a2fdaf12-b043-42cd-ba30-efbe5f4596e0,8
The Judy Blooms,b79854ad-313a-4513-9630-e17ec91c8abd,8
I Killed,c88a190e-3d2b-494c-b887-9d914d132f78,8
Traveling in Stereo,434f09f8-4af9-4b3b-85e8-1cf3b5f316c2,8
recompas,82c57e37-f5d9-4138-bc75-58b7a7bece95,8
Emily Grantham,88587469-888e-48bd-aed9-e36d12c09a71,8
mitsuru shimizu,677f0237-b549-496e-9fa6-0f25f3c2144e,8
Vinnie Paternostro,a5fb0fa6-dd92-4676-8047-f1f9fcec7c14,8
Umanzuki,148acecb-dd1d-4d9d-8147-55cb158d24a0,8
C.Strøm,ce54e837-2d0d-4551-b25c-c5884d9295ea,8
Philippe Beer Gabel,167a97b8-6e1d-4944-999e-34e13e493cf5,8
Julien A. Lacroix,6948f055-7d60-47b1-a0d8-62261e2c9509,8
Bill Bissett,c61c58d6-7848-4460-850e-41764b2e7986,8
Junkie Brewster,6bebecec-26b9-40d9-a7ad-169c4fc123ea,8
Least Carpet,b0541ebe-8387-4216-aedf-6d47c2923b07,8
The Trolleyvox,b5a05b52-953d-46e4-a2a5-c7a6b55601de,8
Donkey,8974,8
Jen Shyu,61fe885a-aae3-485b-9825-e5bc76b5a0bb,8
Igor Krutogolov,ee9c46ea-9499-48c3-a08f-fae1eedb7c37,8
Slug Guts,78a06291-88b7-4a54-8622-e1bfce4caf39,8
Elks,10865,8
Un Automne à Lob-nor,14f7b86a-8e56-4fd2-98e4-4a695ca2f43b,8
Aldo Becca,11467,8
Tony Dubshot,0c523454-fc3b-4bab-9898-cf16daeb2d20,8
Valentina Vuksic,11970,8
El Klan de los Dedeté,fa0f8076-83b2-4bda-b84e-1b2be28a4143,8
Burdeos,34bb25cf-d05e-4042-acfa-a8ba238ec9c3,8
Audrey Chen,21f18600-ed07-45ea-8df0-6325fa45add1,8
The Dark Brothers,41f558c8-3819-4c76-866d-2f4a6a2b400f,8
V.Majestic,febdba5d-a82a-4294-b9fb-7d42e76e58d4,8
Le Chômage,c7153158-d73d-4950-9618-ad5025222d66,8
Sexteto Tabalá de Palenque,12201,8
Ivana XL,8343,8
The Suzan,870fe344-6270-44bf-8d6d-ecbe7e4825ef,8
Wanda Group,975a2be8-1756-475f-a167-0a5018b4d486,8
ProleteR,1f7ea922-f391-4089-bced-9b1e035e4642,8
Los Sundayers,32ffdf66-5547-4de3-b82b-6a383c56ffe5,8
Driftback,14640,8
Ylajali,14950,8
Broke n phono,15154,8
Chotto Ghetto,b76d4373-eb03-4dd8-849d-715c4871e90f,8
Srch Party,15697,8
Peacock Ball,18982,8
Los Mirnuls,19989,8
Fiver's Stereo,ff17195a-dabc-4e96-a3a6-27344820e93a,8
David Harrow meets Dr Dub,20500,8
Taseh,20706,8
Ø+yn,4538e4ea-fe82-4f5e-8f20-5ebdf68c3153,8
Mi Nave,fe5b90bf-0400-4fb2-abc0-dfa9ff3d4e01,8
XL Kings,21261,8
Franco Luzzi,21449,8
Lulacruza,dc4a18b3-2ace-4268-a21a-7d5ce2de48a1,8
vicbang,21583,8
Pk jazz collective & Pavkashavet Bantut,16521,8
Kris Keyser,b07c68b2-2cfa-421e-9062-a376d1784f08,8
Shaun Robert,4bf0ec90-cb91-46d7-90d4-3e200d7e9122,8
Streets Beggars,17122,8
The Craters,0f8b6bd5-1f91-4446-91c9-8c11526dc1f1,8
Edu Comelles,b85a3fb0-2109-480a-bd6d-04aeeba8d084,8
HYMnEYE,18004,8
Pampers,18027,8
aquarelle,3ad81d05-a551-42ef-999f-36a339243123,8
The Mystery Artist,18947,8
The Owl,14a56b0c-993b-4318-a9e3-4a5f8c8acc0d,8
Réelle,23852,8
Gabales,627528dd-4cc1-41b4-bd13-4960e0090ea7,8
N3rgul,24267,8
Il Culto dell'Annientamento,21318,8
Giant Gutter from Outer Space,72b0b618-5c00-45bf-8e3b-0d493d26a098,8
The Lopez,900b6939-fdc4-401f-b904-8222a9cd9d65,8
Scott Jacobs,22279,8
Subset,69464601-fb83-4b1a-bb48-210e137d8d1c,8
Free Your Drumbs,22557,8
Tomydeepestago,22672,8
F.R.O.D,22992,8
Andrew Odd,6cf7feb2-3e0c-45e7-bd3f-f32a1ce0d9a6,8
Bipolar Metronome,a8d6d9d1-734c-4704-b5b5-7824e54aaf3d,8
Odaibe,5f983dd4-518e-4494-a306-c7eea8055a6f,8
Oh No Nuno!,05516518-9fb8-4423-8056-c7d4267b291f,8
Second Couteau,466bd20c-916d-42e0-8310-a5b3073619c4,8
Raez,22958,8
Punks on Mars,1961073c-725b-453c-a472-db713a3e23bc,8
Caymans,13719,8
The New Lines,aa467134-4420-4d66-99b9-84f1e08c1932,8
Mercury Girls,d7d8f275-c440-4806-8247-bb417a81e930,8
The Choke,572,7
Wild Carnation,8b828588-e063-4420-bc47-e435d601e001,7
Cleft,16c2ea03-db24-44bb-9d94-6103737f038a,7
Telecult Powers,545d163f-85c1-4f0d-9b01-9599c51970a7,7
Delta Dreambox,113,7
Metal Rouge,790c89eb-f027-4335-836c-bb9e5aa76018,7
Bear is Driving,2269,7
The Styrenes,9a08f176-7f41-4ada-88df-1ddba77b06ce,7
Single Bullet Theory,7496,7
Kurt Vile,e07a111e-4e8a-4651-a849-01ac60551ab2,7
Gang Wizard,01631c10-e030-4a71-b4d9-e148b849f65b,7
Little Howlin' Wolf,60436181-cdc4-4835-b423-85d193bc3c97,7
Pocahaunted,5d7fd997-3f4f-4682-ab8f-3b90993fbea9,7
Samara Lubelski,a02e82ed-a0a8-4a90-b464-a68dc6cb6b0e,7
Snacks,267,7
Spires That in the Sunset Rise,ef64a406-ca8a-4b2a-9b07-2b59aba03053,7
Apache,1597,7
Indian Jewelry,86f58edc-1c46-421a-b450-941a8c136988,7
Kinski,3ddfd733-80a1-4c2b-a49c-32acb19f507c,7
Laws of Gravity,939,7
The Bristles,1627,7
The Embrooks,ed4d7b2a-810e-426b-94ee-d66ba5fd02e9,7
Tom Carter,548,7
Urinals,60672b21-6ee9-4b37-9039-97ac5df5b4ce,7
Parts and Labor,1115,7
Frigg A Go Go (F.A.G.G.),763,7
Blues Control,568d2845-9238-496a-a795-6b07737667ef,7
David Kilgour,06234932-e851-4965-a5cf-efc5dc3749e9,7
Sunbyrn,1758,7
The Borromeo String Quartet,a07f0b2c-a225-4bc7-8e38-1b6b04b1950c,7
The Aperion Project,8c3590cd-349e-4f38-bed8-823a3551d523,7
Tournament,3012,7
Mishoo the Drumkit,0f60ce8a-6839-45de-8665-b9330af3e8f3,7
3Sacchetti,5d3eee88-c688-4b1e-a514-92120f52498e,7
Micoland & Holly Bretton,3793,7
DJ Donna Summer,5c01ba41-ab67-47c4-ba4c-4f40b2724afd,7
Donna Summer,5c01ba41-ab67-47c4-ba4c-4f40b2724afd,7
Asa Ransom,2e09e775-aa39-42b4-a5b0-ea6294743c26,7
gwEm,555843d2-a6e8-4ca7-9083-c10a01e882cf,7
Counter Reset,a6a9ba7b-8c52-46a0-a51c-fd529853da7e,7
Uncle Woody Sullender and Kevin Davis,4338,7
Pierre de Gaillande,be39e650-76c2-466f-97b8-f7ceb23728f7,7
Rivulets,d1f78c68-bcca-48fd-88dd-a2f70f4b02a6,7
Antique Phonograph Music Program [Various Artists],4498,7
John Ellis,4558,7
Owltree,4633,7
Loren MazzaCane Connors,1f5e54bb-08f2-47ce-8ba5-343ab54f8185,7
Total Abuse,23f59b11-3f6b-4c74-a8ec-ab2b179cc95f,7
Cro Magnon,4068dd31-b53c-4d1b-b5a4-3b5642020422,7
Curtis Hasselbring,7d369288-6594-4585-88f1-db7e6c2a23e1,7
Twin Stumps,5cad9037-a2d3-4e12-ad46-b5674e1abca2,7
Factor6,37afa84f-8c6b-4941-b759-8e88963e2ef0,7
Dark Meat,c39f511e-ff09-4a31-8ebd-cb1e8bbd0536,7
Gato Loco de Bajo,5001,7
Anavan,8dc6b4b3-8462-46bc-8bb3-082bfd6a0d8a,7
Saskrotch,ade87d86-1ec2-42bf-b704-7315c56d5473,7
Zan-zan-zawa-veia,2fec36c6-9241-4b9c-8189-19a2e40f7c8f,7
Fresh Body Shop,7e24c4c5-d5ba-48d7-a724-4fa2753fd947,7
The Hardliner,f97cf95f-beca-4d60-bc65-e06169b3449a,7
Alexander Turnquist,c8985919-bcac-479d-ad68-fc96ae14518c,7
Iad,34bfc869-d203-4bec-b38b-bf150311953a,7
Lover!,e7501811-8146-44e9-a894-7861d90bb710,7
Glass Candy and the Shattered Theatre,ca94595e-955a-495c-8ba1-25eebd9609a9,7
Magic Christian,55797778-facb-45c3-b6e6-81aec763724b,7
Songs of Norway,0d8e44df-a76e-4102-a743-88ddef5d553e,7
MC Firedrill,3df22884-370c-4a94-a45d-45324f8f8b44,7
The Lost Demension,53fbd83f-0ae7-4aa6-8bde-6ebfb3351536,7
The Unholy Two,0eefb6dc-c458-4176-80a1-b88ade5c48f0,7
Carla Bozulich's Evangelista,1654,7
Tombs,8b2cccef-ad8b-4029-911e-14157e4cd5ae,7
Michael Jordan,1884,7
The Homosexuals,091babe9-0e5a-4b85-8f7b-bb5f41165ee3,7
Henry Burr,a8ef4cba-9429-406b-9559-9a846d9b778d,7
Billy Childish,23ef9155-df05-4e3a-8109-acb603f3146d,7
The Priscillas,54bbb50f-2b29-45b4-a890-dfd9ff2e9689,7
Mr. Spastic,52589208-7ed9-4ef2-85fd-82e5927dff3f,7
Nite Jewel,0d58f45e-1a53-4dc3-bea6-16836f03aa1d,7
Pulse Emitter,0c708cbd-a8d6-4a4b-8fc4-04dc9ebd23b8,7
Sid Peacock,1226612c-419d-463d-9ace-e66d6c3e8372,7
Rominger,c3362a79-75d3-4e23-a7ab-97d8662d3cf1,7
Tinyfolk,5352,7
Anagramm,5860,7
Qulfus,1f4c10cd-fe94-4bd7-ac71-645d6682bc59,7
Peelander-Z,6ced2b8e-7024-4ccf-b49d-555fe905bd78,7
Clockcleaner,730288f5-74ea-44de-a8a0-334049a5d7aa,7
The Rebel,1178,7
P.G. Six,877323a5-026d-41e6-ae1c-8777d2cbaed8,7
Amolvacy,631a4173-91a2-4c5e-8ef8-3a73c3e97cfa,7
Suishou no Fune,5071,7
Lanark,1916,7
Lullabelle,8a4f5603-8579-48d3-92c3-526a17a25685,7
The Golden Hours,7f049203-b431-46b6-bfe4-04ae277ee73b,7
Cordero,dd121881-6de9-4820-bec6-5fd85963efc5,7
A Hawk and a Hacksaw,b7cef615-5d43-463f-9032-5d3bc0d96b7f,7
Harlequinade,34b98a73-03f3-4273-adbc-1517a1dbaac5,7
Tickle,12207,7
TAKANAKUY,17877,7
_Algol_,b731acb5-6f83-420b-9a3c-d6f8d4123940,7
Roberto Maldoror Manfredini,f89d1967-5c5c-4bdd-8cea-b09963099217,7
VISITORS,17949,7
Dustmotes,e9a3af8d-426e-4557-b6b1-a2f85250e6f1,7
Moonove,805d0113-c6c2-4bf8-9573-e8672ebb912e,7
Rooster Tail,18007,7
Royce Icon,4caa135d-b6cb-4244-9ea5-8b1d08b064ec,7
shapes and monsters,18242,7
lithis,b316a5f3-deef-4b41-882e-b4a8c566d2be,7
Lackthrow,60ff5c2d-903e-43a6-921e-b47ecacaa98c,7
dagshenma,1f2fc331-2bea-47d9-8f00-21fc6f541347,7
lucie vítková,6d50a7ba-1583-43cc-a797-3066cd85735f,7
Matt Sowell,dd531e98-3544-4c32-a2c7-e47c7428ce65,7
jim lace / alex nova,18595,7
Dead Leaf Echo,01567632-12c1-496c-8499-7151b1552892,7
andrés elstein,94799080-a215-4982-be27-85b18e69f40f,7
Krabatof Philharmonic Orchestra,814ba799-e046-46e0-96bb-9ea7d563e999,7
Elli Q,49308cc6-93de-45fc-8fc5-5523b0ec545e,7
pHoaming Edison,bc923f20-6a61-4ec2-a716-8ae30bd9a7d0,7
When Particles Collide,ab414e9f-208c-44da-8724-54de9bddddf4,7
Yeah You,18726,7
Mess.,18730,7
Valerie Gentile,27986a96-bb98-46f8-9523-35eb9d222c21,7
Vanya Zhuk,18747,7
CROCODILE TEARS,16340,7
Alec's Band,18768,7
Lovira,18773,7
Hector's Pets,18789,7
Jamod Allah,18803,7
Désir Decir,18946,7
Winkie,19009,7
intouchwithrobots,99e77e4b-e455-4c86-aa5b-27c1d4dd95da,7
Nearfield,18997,7
Ballroom,19032,7
Radiana,878fd3c8-3cfd-4345-a778-56e8d3912e1a,7
eduardo f. rosario,15370,7
The Number Ones,09e9f9e4-9ef0-41f9-9d09-edd8ba15d498,7
Sondra Sun-Odeon,160cd335-5b50-4f7a-9567-5988dcde9888,7
Sloan,5a63c831-5bdb-444d-a9db-974501e3317d,7
Ex Hex,2f64e1fd-44b3-44f1-a586-b9916966b39f,7
ToTaL CrAnE,19202,7
Anamoli,19e1423a-a02d-4528-be11-b4a8b8d50f0e,7
statusq,19273,7
Carrie Newcomer,efc2524f-20a3-4942-8fe2-869fa09e3ea1,7
KL Sealegs,19304,7
The Cats,2f89e896-c013-4899-994d-d0c6a9aa24e5,7
I Re della Spiaggia,19345,7
ant dickinson,19353,7
Mamá Burger,7201,7
DM & MM,19508,7
Acid Eye,19556,7
Blato Zlato,1102c77d-c670-4e3d-8d0f-c683f8e41b6c,7
Zoliborz,2765f51d-3586-4ed6-8818-3987cc6e6d6f,7
Arthur Grossman,d78e2161-2e69-430e-94bb-499d68b2f347,7
M4T,e8553fed-1f26-448a-bd01-09f9356079bd,7
El̵TȄRRO͢R,19839,7
Beggar's Velvet,19852,7
Entia,19872,7
The Achtungs,7e999c27-62b6-4ec9-8109-8b03e1048408,7
Luciernaga,20058,7
Toxic Water,e93e8d10-bedc-495f-acda-f1d6b5899a9c,7
Mrs. Grossman (& Monty),20128,7
Potrzebowski and McMillan and Company,a633f37d-0903-4e50-b708-66528736ae84,7
gordiani,20131,7
Super Mountain Bike Brothers,dbcf1ef4-8d26-4f59-a377-68d47ac47093,7
Cold Beat,10969dc2-c517-4d0d-adc4-45a8a73623a9,7
James Joshua Otto,986ceb03-7091-4cb5-9b7b-14ded071683a,7
Mikal Cronin,c1a217e0-4b3e-46d7-9613-6a14c9e70895,7
Birdstriking,0ba9ae24-d296-40a4-a878-d33eb93e8e51,7
Monk Parker,cccdadbc-8411-41a6-a110-33ff9a6af8b4,7
The Black Penguins,20523,7
Stereoshape,7b62997f-1380-4c8b-86f6-71a4e064071c,7
Unstoppable Death Machines,d4977d0a-dc7d-4241-883a-77634ab4752d,7
The Mess Around,14367,7
Golden Boys,801,7
Pink Reason,b0c739c4-b64f-473c-824e-d6c2764a22a3,7
Gap Dream,d7742427-dfb9-4eaf-8671-ba89e65979c7,7
Phoniandflore,cec8f3b6-8330-4c5a-8799-e625c9e367a5,7
Hounds of Hate,2a01d1e1-0a01-46b0-8a2c-2c839a6499c0,7
Marco Trovatello,15106,7
Radio Royal,15228,7
Aboombong,330e26ab-c33f-42fd-8711-ddbfae4cb106,7
Onyx System,15304,7
Square People,15310,7
Summons of Shining Ruins,39d4c61d-99ae-4331-92f8-e798320e1e41,7
raw zombiez,15418,7
ilkobra,15421,7
Triple Hex,15454,7
Ex-Cult,b897c806-0cc8-462a-83d7-94a09d7cd700,7
The Relatives,f7833aee-71be-4279-a352-0f0e02a484f3,7
Fried Moura,15803,7
DJ Dog Dick,323b2380-7566-4739-8cd9-aed5eeb55a0d,7
The Antti Jädertpolm Quartet,d339c6ac-775b-4cce-8b8b-459feecd4fdf,7
Linden Killam,15db0681-eb76-4805-be87-1bbc27e14367,7
Nebulo,58ac8cea-3daa-481e-a2fa-69f6d600e31a,7
Riverhorse,16054,7
Mice Parade,7bdf4633-c336-4f19-bd23-3208865baacd,7
Omyiga,7a6070eb-697e-46d6-b244-16110790252d,7
SPIEDKIKS,b5441802-d113-40ec-957e-b6800b410103,7
David Fenech,a77228e5-c304-4f66-9e24-6edebeb711c0,7
Anonymous,9557,7
Damián Taveira,5fa743ed-9eed-4af1-8c36-f18d11365fce,7
No Guru,12105,7
Sugar Overdose,16616,7
Eletrólise,96a36de8-c616-4f6a-abc3-11c52788b7b6,7
Galleon,16660,7
Mouthbreathers,16777,7
Ricky Brugal,4aab96be-e1af-4d7d-95e7-3582b2eae2ea,7
Nymph,12288,7
Syndrôm & Kendall WA,16971,7
Strom An/Ein/Aus Fall,16992,7
Mary Shelley & The Implicit Order,17011,7
I vs. Nature,fbc3863a-0245-4d72-bcc4-76bc79388eb1,7
Magnets,17018,7
Cherubim,17142,7
Trash Ride,17335,7
ps,6U0APZjFWZUhDlBDGfndFN,7
Anthony Donovan,c74cfed0-3187-47e9-9cbc-726ab9f5e559,7
Sonervol,b71e9813-c165-4fb9-aac6-e16076798531,7
Oscar Myer,17490,7
Mário Gajarský,17534,7
Audacity,eb54464f-83e2-48b8-8d17-683dfa433412,7
Boiar,d70b6664-0d3e-4fb0-8663-778324cad77a,7
Carlos Valverde,17656,7
Noir Boy George,a2b1df41-12c7-42ba-b5af-909b38eb46dc,7
The Wingdale Community Singers,17819,7
violin,,7
Overnight Lows,10853,7
Ten Thousand Hours,10326,7
Le Mal,11016,7
Os Trasnos de Moscoso,3d6ea7cc-67f9-4442-b7c7-f5cb0b73c784,7
In Isolation,fc1be08e-a3a0-4d62-b788-4e5a96581814,7
Montgomery Clunk,fba519d4-f1d8-4548-b5ec-4e405897e379,7
Fasenuova,c7a60691-ad03-4e29-9b6f-b3c5e577a497,7
Lady Piss,11665,7
Matthew Mullane,07af851a-57bb-467f-b9d5-c35a4bef9aa6,7
Mal(A.Ventura)2,6912,7
Full Blush,59736b1c-0827-494e-b8de-22147effec12,7
Peter Kowald,de14c47c-471b-4afd-87c2-5d10a9fee670,7
Zounds,cfa8d24d-efca-44c0-87af-09421183005c,7
masonik,11981,7
Alan Watts,12208,7
Di Bos,4a5164cb-44ee-4e80-84e8-d3a967dd251f,7
The Might Could,4c836d23-2d99-4591-8458-030ee90e27a2,7
The Atlas Room,1992c2da-45d7-4530-bdcf-ef5174f0328a,7
Scissor Lock,c0d3e754-7217-441b-96c9-9a49a3f75c58,7
coverclub.nl,12567,7
Minus,8153,7
Wizards Of Oi,12724,7
Muscles of Joy,12913,7
ÂTE,12948,7
Yerri,12244,7
Pedra Branca,f1a155c4-4ca6-4056-8f3e-8789595912ad,7
Arponera,13054,7
EUS,b8b9c3e9-33ca-4370-b095-981a8396f67c,7
Flux Bikes,13230,7
Missqulater,390a7782-59df-4476-b348-e128b64dd97e,7
Daniel Bachman,5a3643f5-8572-4549-95cc-5b137981d09e,7
Jerome Faria,bd7eede8-2cbe-4249-90b3-49c149e23ac6,7
Marisa Anderson,88ad4c96-34e9-4fab-9e36-62739ad42048,7
Disappears,816a3ade-da4d-4cb1-bc27-33acd12878a3,7
Freakapuss,f68ffabd-65e1-4fb1-88e5-dae453e35eb5,7
Andrea,13462,7
Quantum Jazz,2685896f-a293-49ed-9b79-f6f220f752b2,7
Emma Acs,55939b4e-7ec9-4d4e-ad31-9baf89acc7e3,7
Roomrunner,5cdfc9fb-adeb-447e-8870-368ec0c32ff0,7
Luminous in Nummer,13382,7
Mark Sultan,2ba15f3d-21f2-4979-aa57-63a44538dede,7
Pregnant,75ac83ca-c7ab-4060-ab7c-3c7b7197b4a6,7
Punkasila,17e93cae-122f-472b-b075-879ed614750c,7
Musicians from Marlboro,4829,7
The Indecent,27c9ef80-146c-4f45-91dc-340f731366d3,7
coda+e.p,13544,7
Tobetozero,13918,7
Elisa Luu,97367de2-977e-4055-8c75-0cca18717d18,7
Afrika Pseudobruitismus,2d4f4f49-02b7-4c6b-96dc-fc82c2909358,7
Kharkov,fb3de294-04a0-4bae-baf8-e3f870829924,7
Shaved Women,7775c84a-2725-4fe8-a449-d3d45ccbb6e8,7
Tyrannic Toy,14022,7
Alien Pornography,13236,7
Piacente & De Angelis,9ca7157c-486f-4352-a1b4-079752b8eec6,7
Sonny & the Sunsets,c0598d2a-803b-4950-9336-a8155d418561,7
Diamond Terrifier,91ff387d-95db-4af0-99c4-e9df1906d476,7
Six Umbrellas,210fa1c2-74de-47c1-86b8-7d770b75d5ee,7
James William Hindle,f561182a-70ef-4d75-8c19-a211ad0909da,7
Neutral Fixation,20865,7
Janneh,4d616324-008d-4935-9daa-5dd9bee6cf48,7
Texture,8690,7
Connie Acher,1491628d-9702-4a59-8b6c-93455ec0bf79,7
Couch Slut,f1e5ed91-9f6d-49a3-a8b7-52187adf62e3,7
Bridget St John,21300,7
whyouarei,bc438eed-05fb-4439-84ea-e9f44cb1cb99,7
The Ar-Kaics,8b30e95b-e510-463e-bc91-38739db5e585,7
PMS and the Mood Swings,21457,7
Ozum Itez,564a6a9e-607c-44c4-9458-d8f6ef159fbe,7
Flexion B,5907fb0b-d7f5-4df3-8943-a3ca2fece479,7
Six Organs of Admittance,a270b68f-6bb5-41ba-ae7f-7b501e4797a5,7
Lazlo Supreme,20e1bd70-88d1-4ced-87e0-d2e56863e0a3,7
Luke Pigott,bdb802b1-72cf-4707-a341-f685c41c9406,7
Zé Trigueiros,21628,7
Martin Auer,219e661e-7961-4c0c-9173-53144e98ba2f,7
DYR FASER,37494fc1-1afb-454b-851c-18407b3471cc,7
Red This Ever,25b50887-237a-41a0-9dfa-3e4738daf177,7
-ono-,c5fcabb2-778a-4ae4-9c4e-7552c8bddb2d,7
Thorn1,2c218551-cc18-4242-90df-544d4b795d08,7
daniel barbiero,9b42da20-b06c-4e97-a736-4cad0a1cbf8b,7
ken moore,9f0d236f-152a-4dab-8b4c-9c8e968d2272,7
Scott Lawlor,440fd8aa-2a36-460c-8615-8af2cc06d62e,7
Philippa Dowding,1e6dc8f1-6045-428f-9496-3958cc3a78e2,7
staraya derevnya,fdddc894-02ec-4a92-937e-b970ac435db6,7
Sinapsi,22017,7
ykymr,22071,7
URODI POD VODOI,22113,7
Ido Bukelman,73a91308-431e-43f8-a085-cc738f9a7e62,7
Beat.Dowsing,575ef351-e5fd-4749-806e-d0a76eed999e,7
Fabio Keiner,07d8fe4a-7642-4b64-b003-5b245750bf92,7
The Audacity,17552,7
Tony Conrad,39b56aa8-5d36-49ab-ae5e-c3aa836b6620,7
Big White,22240,7
William Spivey,7ed7baeb-915c-4a08-be5d-5260edd71d05,7
NITWIT,21321,7
Leon Lishner,c9a59a72-faab-4207-a41e-d1ced79411fb,7
Peach Kelli Pop,f897c92a-62db-4f51-a6a4-301ccc14ab69,7
The Unspeakable Practices,d48b89f2-5574-4ded-ae26-63c7df794c42,7
Marsel Minga,22504,7
La Venganza de Cheetara,b876a7a9-3a23-4f1b-99ad-39d08c68383a,7
Nature,14716,7
Liz Toonkel,14742,7
Mélissa Laveaux,748336d9-5327-42d0-a502-d0945c4c0b71,7
ANGKA,1f7c3a17-8b03-439e-839a-fc3efb9b382a,7
Melaena Cadiz,a9b1adda-6593-46ef-8262-b326cb7f8953,7
Sparagmos,cf80e7da-cfd7-4243-806b-c2b53e496013,7
Ken Fury,89373b3e-facf-4bd0-85c6-47b0be71c4ef,7
Bueno,6a201230-dc7a-4ae3-a01e-8d36100dd1cb,7
Bounar,23542,7
NoHuman,aa03ec8e-0024-4277-9d3a-4127946b8a88,7
Strawberry Blonde,23608,7
Kuso,23643,7
The Wilful Boys,a9f73158-407b-4440-ac23-23f346010126,7
Aitua,70cc7fed-5b78-4e74-8037-1c4f76f42542,7
Dunai,23713,7
TA2MI,796f72cc-a210-4018-bf84-481fdde55368,7
S-21,4b32f11e-f89d-4722-82e0-0c9edee47d05,7
Oz Alchemist,23863,7
jii music,96555d43-6604-47de-9dfa-c890157eaa13,7
Enrico Falbo,240135d1-207d-4d2d-8c14-944a5b353df7,7
K1r Loco,23900,7
Peter Lyster,24081,7
Convivial Cannibal,d7ce7f83-a644-45de-9208-8411b3ab1449,7
Zaz Zetoun Mind,a546d02a-f6cf-4cee-a165-52c069f10e36,7
Syntactic,4fa10ac6-895e-4cad-8915-85d0c4194008,7
Tim Evans,e3cddfb8-6471-4bb6-a372-8dd9ad53de7d,7
Gino and the Goons,eaa20564-aa58-4a1c-bf1e-639c68ace20a,7
The Coathangers,60698f82-b047-48a4-8612-8e9bde5b5fd4,7
ROW,4c23f261-594b-470e-ad9a-da72bdf98581,7
Terratombats,f0b477cd-b879-4783-a4ff-4fea767b2a98,7
Kaz Mirblouk,a2bfabe9-3e45-4b0d-abd9-d75ccfc225bd,7
Lauren Sarah Hayes,0e891f37-0f4f-4ca0-adda-ed547bf9520e,7
Hurry Up,ff2b5962-06d2-4642-a52c-b22a638e0de3,7
The Citadel,18488,7
Luce Lutu,23019,7
Thee Virginal Brides,016ddaf4-cfed-41c0-bd85-7f309813d712,7
Fiorella 16,d51af5bb-0bcb-492a-be6c-7f3012dd752e,7
Golden Grey,c4ff12c3-240d-435f-ab1d-3067cf65884b,7
Eter Dub,03a699bf-70a7-4936-b9e8-b715b2faa4df,7
A-Grav Lab,23260,7
Scattered Order,a9618571-d449-41af-a603-35bef60ea69c,7
Yellow Salamand'r,22698,7
Controlled Bleeding,978f5385-aeba-4a9d-b369-4e7f54942d23,7
Bram Nelson,6642,7
Spectre Folk,6a4b47e8-260f-472a-ae60-78edffc74744,7
Le Club Des Chat,de781135-4246-4f31-b6f2-3bd3d1c612fe,7
Barcelona Afrobeat International Orchestra,6891,7
Antennas Erupt!,48d19289-3ade-4059-97b7-8be291e8e2e1,7
Loucy Louder,6970,7
Fenderchet,7030,7
Astrowind,f77a11b2-ecf6-4794-ac38-510f58a06d7d,7
Reminiscence,7335,7
Bam Bam,20f22ad6-5f97-49c1-9205-3143f48df013,7
Lagos Disco Machine,10a024dc-639b-49c3-a60c-b9a95acb11d0,7
Mortals,7735,7
CLDSCP,7917,7
Kabyzdoh Obtruhamchi,7935,7
The Ocean Floor,e4a18aad-8a49-4982-b7e4-f07f42d5298d,7
Mild Winter,158062d6-4afc-449f-a089-b4895e9b87de,7
Coliseum,7f43923c-31d0-4c8f-9708-1779adf4b3a9,7
molr drammaz,8596,7
Snake Eats Electric Blanket,8658,7
Comma,2ae2d1c1-3e53-4319-881e-a0b8a215d383,7
Daddy_Scrabble,85205679-eaa3-41fb-b3b2-f5b107aaf534,7
bueno.sair.es,07533180-c42b-49f3-b0d1-b3a5819d714e,7
Nobody's Bizness,60ae73ab-8095-4013-a0b5-4c13a95b66a0,7
Amanda,4a08bbf9-284e-4845-8674-ccc4da5491e6,7
Richard Garet,5ca94738-8c3b-4f06-8091-00290d844082,7
Heavy Medical,9389,7
Jonah Dempcy,5288697b-735d-47c2-b5d3-df08d6fc866e,7
The Re-Stoned,a2733c67-495c-4ebb-a901-f156f0f6927d,7
Albert Glasser,00a126ee-bff4-4ca7-a156-a2c7dc82f661,7
Radiesman,9569,7
Francesco Lettera,1693edb5-4d16-4ad3-8dda-f3505c26009e,7
Legless Cripple,9823,7
Docks,89252113-b1b8-44c9-b5d2-7a07ac8b08dd,7
The Toothaches,d53b4722-6bea-4545-a4d4-f2d852189878,7
Catholic Spray,cb4deeaf-fb42-47fd-8396-982e8a25a602,7
Holy Coast,10031,7
Scarm,10102,7
Love Cult,1d80f63a-c449-48e2-ba4e-6d7b3395978c,7
Electronic Phantom Orchestra,10201,7
Die Rötzz,dec81f47-6afc-41fa-b58c-44e8ec7b7fff,7
The Duo,10235,7
Songo 21,bd6abe50-95d9-466a-a391-0bbd8ccf1482,7
2NRO8OT,41484e3a-06cf-4af9-86fb-57a6f6a2b874,7
WatFatMan,3070,7
Zornjak,3927,7
Garotas Suecas,2e4639b7-b151-4487-a2cb-7f45a52bb970,7
Chris Mann,7847,7
Cobol Pongide,afda0926-7c22-48d9-85b8-1d678432c5f1,7
Destroyevsky,933885a6-5ccb-4a8a-a0b4-349882fdd971,7
Seicho suru kigi,b7230544-c6bb-41d0-8e03-efd640a4e42f,7
Granpa Abela,e026d1e0-a1e2-4195-b2a6-58aa0966ea8e,7
Vermisst Susi,12892c5d-de6a-4508-a16e-3ddebcec7e2e,7
Sealadder,6d10f5fb-0d9d-4b23-9d9f-9035d2c1fe22,7
A.M/Uton,1826f6c2-2ea1-434b-b76f-293525e21632,7
Music Komite,debb7585-96ad-4139-b123-2390d06ccdef,7
TL0741,3f433cbc-37f6-40d0-a6ce-be65c2c6a36b,7
Where the Moon Came From,072ff544-a254-4c36-b360-8de717f47b46,7
Blake Freele,2a7cfbc3-9e76-4dd8-bb95-baab77e11030,7
Alex Kubotha,22bf0d54-24e2-4930-baac-557b45904144,7
Zoambo Zoet Workestrao,2772b811-2b38-45c1-9a30-8afe4c2604d7,7
Synflict,fc86efec-8b4f-4846-bf6c-1b94f6bf72c6,7
T.R.I.v.M.,44e6ab97-1bdb-457e-8294-899e4da6c078,7
Dream Drunk,50c73dc3-e841-4153-af3f-f0535c32b2c6,7
10Konekt,3709be1b-2613-4964-87d9-1ff0b294eff6,7
Astroboiler,7f90ed33-c3e7-431b-a1a5-584742f1370a,7
Koobaatoo Asparagus,ecd88d54-bccb-4e4b-bf77-660465416085,7
Therabaqud Leic,71128852-a642-4edb-9d0d-d63ceb051020,7
Ahad & Despera,7442,7
Paavoharju,4859ffaf-ea83-41b5-83a7-8d72ea26ffe4,7
Rabato,a7858ec9-9ebe-4b13-b52a-3211e2e6c195,7
Nat Baldwin,f8faf27e-0747-4dd2-80d6-d092ed8c0b68,7
Terrero De Jesus,8567,7
Mystic Morrison Visions,51a96932-bf72-4a28-82e2-cdf2c77b8818,7
Mathew Timmons,8631,7
Simon Ravens,b1e62ea2-efab-4326-9176-707fd6e81b0a,7
Mattisson,c6017e18-e6a4-41e2-92c3-d2dac0b74ba3,7
Eusebio,8968,7
Katherine Young,6563a5e8-1f5d-433d-aa88-3cf492392bae,7
Mario Garcia,9989,7
James Ilgenfritz,316deb9c-db43-479e-8096-28004feb025c,7
Milgrom,11241,7
Ice Age,11298,7
Metaharmoniks,9bd5fc86-a3a9-4844-9a70-ad253e0db4b4,7
Damscray,ba310fd5-dec5-48d5-bf41-46942ff6fb3a,7
This Co.,c803f653-e0cc-4f1d-964c-4fce2542dcfe,7
Aoiroooasamusi,6358,7
Canzoniere Grecanico Salentino,883d4631-bc4e-48da-b81a-de0c427e28a7,7
Smooch,12291,7
Liquor Store,e5a25355-f8fe-4854-9b89-897867a64109,7
Secret Jane,12754,7
Elizabeth Veldon,32719e46-34a7-4b99-9ffc-8e09db0b45cd,7
Scientifically Speaking with Irene Moon,13284,7
Don Bikoff,ca0f958d-5f3c-432b-82cb-c3fd2a74cd94,7
Matthias Boss,9c2728e6-c076-45a1-be63-0358a777db86,7
Chemical Peel,eea656be-aff7-4d3c-9b7b-54f1ba8d6d58,7
Potty Mouth,43cb987e-0b92-4f1b-b068-dead06d78522,7
Shoxx,9e793ce3-f853-4eee-bfbb-1776aaee90af,7
NanowaR of Steel,b879af63-9ff6-49b3-a556-1af86e753119,7
Stereoboy,f965f108-9a08-4245-b459-f2286ca11f79,7
Shisd,ac5c7e22-6e48-44f7-845f-2e54f8e0e599,7
Lá Eles,14332,7
tomonari nozaki,46eda088-a044-492b-bc56-f2a3926e799c,7
Gel Set,1e0939e4-937f-4a6e-9f11-449d9c34d45c,7
The Dick Burrills,14322,7
Hallock Hill,d6f9771a-f190-4b12-be31-2e7c680dafc4,7
High Castle,11936,7
Crossworlds,f9011cc7-b181-47dd-a568-b7f01f277e52,7
Tentacles,19475,7
Connections,6657578b-2f06-4674-bb48-639f58d3f7e2,7
Mad Masks,2087332b-4f6f-4326-a3ef-ed38ea99b3a3,7
Tempers,70e0a6cc-887b-473b-b563-32883fda61a3,7
All Dogs,d4836d78-3d06-4b61-bef8-33c4e2790cde,7
Tyler Twombly,20862,7
Phish Funk,14212,7
"GMC, Sebastian Sampieri",20958,7
Shy and the Fight,c1a86aa2-cc3a-4f70-8dba-320ed7fac975,7
Ken Vandermark,e5a4107f-5bb3-4f24-b9b7-927bb23840b5,7
Terry & Louie,f0164ef9-a0c0-4a68-a8a7-565995d8babc,7
Punktieren,30d39afa-cd3d-451b-bde6-71fa32bab46a,7
Andrea Carri,8a7c6e8e-e16a-4c96-9059-98b05a1a48e5,7
Systemic Failure,8f0d0963-8625-4870-ac85-906972fe5772,7
Good Throb,3e1dfe34-681e-43fb-bedd-b94ce95e3234,7
Dinosaur Jugnot,18665,7
Crazy Pills,18674,7
Psyche Corporation,c396911e-69eb-44aa-a812-b86ec2550ad5,7
Sküge,3b0fdd3a-31ea-4eb0-9cf7-b21b051e13ff,7
ventilator,18764,7
The Jeanies,23203,7
Outrun,23734,7
Downbeat,24192,7
Hank Wood and the Hammerheads,532d589c-2ca9-48ec-ab5f-ec66744a84a7,7
Long Beard,6a4044aa-4705-4ecb-9bc0-6a7d892813a5,7
Death by Unga Bunga,905d9f82-22d2-43d1-82ab-a4d7e380bb5a,7
ELYA,22298,7
Fragile Tom,bf76f55f-a7ef-4c25-8c1e-7742b578de59,7
Periodo Particular,66de45d9-3d7d-47b3-a417-f0882089b07b,7
Finn Anderson,633e682f-edea-41cc-acd3-1ea2a58aff6a,7
Mazing Vids,4a13bc34-5f92-426b-ab33-df6f3ec88bfe,7
Bebe Fang,b88c68b2-bc38-4bfb-9a25-43c6acd14a3b,7
Hellmood B. Ware,6b066104-e542-4f71-ab5b-42f0a2af7d45,7
The Vainglories,86a96a86-6408-4062-bc5c-6f6bcffad7b6,7
Sasha Mishkin,3add3fcc-1fdf-4afb-a16c-4e585d65258d,7
Andrew Seistrup,20655,7
E T I L E,22405,7
Ubuntu Sound Antisystem,7327ca04-5831-4c76-8d3d-b98f165ffd8d,7
Will Wood and the Tapeworms,2f035e83-050f-4bce-acb0-ca0db9515577,7
The Nutries,68523bd1-f012-4382-ac41-4c2719ae5367,7
Andre Jetson,24075,7
Regal Degal,245a2869-ae16-4592-af36-907544039ef0,7
Top Surprise,d215409f-5458-49f2-af47-70a5d7bbde9b,7
The Aaron Boudreaux Special,15031,7
Lou Barlow,6523f86d-11d3-489e-81f6-6cbe08c367de,7
Los Amparito,03d7198d-9a15-45ce-b23e-c683cc2eca65,7
Biggbutt,20218,7
glomag,3fa19fac-bcbd-4dea-902a-bc4f92caca8d,7
The Lovely Moon,f34ae170-055d-46bc-9208-a750a646481b,7
100% BLACK,18976,7
M​.​Nomized And Midnight Moodswings,24345,7
Novi Split,7178f02c-e95d-43cf-9c98-8a3d6e5cb7d1,6
Astrometrics,822175da-2e07-4564-a598-eef79a4017bb,6
David Last,23336f13-a641-475d-983c-16dcd7ec7308,6
De Cylinders,fc376993-ed77-4603-b668-8b7260fd5a5f,6
Daedelus,c787a7a5-e143-4ba6-86df-fab2354dcd44,6
Starscream,2913667b-9629-4c66-9f09-1ab9b9740ca8,6
The Council Flats of Kingsbury,5de9bc92-aafb-4665-b4e8-8aa39491dab0,6
Portastatic,dd234262-f690-46ec-8dfa-c6933797a0f0,6
The Black Swans,b59025db-40e6-42a2-b988-49a3f3cc5c88,6
Karash Nikol,5972,6
Cave,61eb3dde-3a23-4a6f-9332-d931980e6067,6
Fursaxa,bdfe3ad6-3688-4fc9-93ec-ff73c09b627f,6
Lozenge,197,6
Chandeliers,100,6
The Fallen Leaves,5d6921c2-48d1-4cc3-bb9a-0c9a0ca4d647,6
Fallen Leaves,728,6
Little Howlin' Wolf,192,6
Skybombers,d26df016-e7b6-4fc4-b98d-01f98f2c56f1,6
The Moaners,641d073c-b3ff-43f0-beb9-f284786353ed,6
High Places,ffaff287-8849-465a-81f4-501a49eafd42,6
Harvey Milk,d8b01cf8-a7ff-41fd-95cb-47b56c9c895f,6
National Promenade Band,7983e84a-0166-477e-82e9-aa76194080b0,6
Uninhabitable Mansions,a2bea1c0-c093-478a-b6d3-4c60288d6664,6
Ducktails,06b0aa09-5b86-4d41-88a2-e86bd8df1555,6
Dale,1880,6
The Jowe Head Band,896,6
Jerusalem & The Starbaskets,fbb9e6f5-3f7f-470b-a99d-c928437e5f69,6
Hat City Intuitive,835,6
Bonedust,a18c27b5-fe03-4e40-9e8f-ac9bc76f3134,6
P.E.D.,9fd5d121-03ee-4e0f-91f1-4d6ef6940f2f,6
The Paybacks,bed73669-31f0-4053-accd-9393cf1edc80,6
The Franks,23ddcb47-4116-452e-a7e0-f50827a2f70e,6
Mayyors,8e886a72-8fb7-402d-b757-c17c9a5dd5e5,6
Purple Duck,9a55b126-5ecc-4e29-a448-7c52c49528fd,6
Pink Skull,36e4e777-81b9-4d7a-bdfd-bab0c320fab2,6
Brendan Kinsella,a8f719f6-e719-45f9-8e91-e8509faf1671,6
The Shivers,96410554-6e68-46a1-af99-307706ed95c8,6
Brad Sucks,9c070e4f-28c1-4b98-b371-d8514c31ba55,6
Greg Ashley,bedd009c-e091-4c6e-a496-da573b2d1b70,6
Alec K Redfearn,abd2efab-a0e7-47e9-8b57-805867df0220,6
the Seizures,d736e856-25fc-4aeb-a4e0-b700ef8328fb,6
Koonda Holaa,5c21b8ff-da4f-40dc-9dd8-432225e24ff4,6
Latché Swing,0f3f2ec9-98a5-49f9-925a-566361f68397,6
Nest,4d828ba0-4a82-48ea-aa60-f09aa28d0ff9,6
Oxbow,77ce400e-ec88-49d6-b5df-14356ec708dc,6
Menhirs of Er Grah,34b8ba37-5d8d-468e-9bc8-6d378d4249ec,6
The Pine Valley Cosmonauts,dac6635a-d36f-4809-a4ad-2a4e2990c2e9,6
APB,cfacc61d-b722-496c-92a3-43264a766a7e,6
Andy Wagner,1aaf9345-37c0-4b76-aeca-baead339634e,6
Magik Markers,08f3d5b5-6b03-4c87-9148-87f94531465c,6
Alejandro Escovedo,bf103bec-70e3-45a5-9d1b-97715db04a96,6
Rex Hobart and The Misery Boys,1e09403e-9e08-4c1e-a7d5-6f2197e5c44a,6
Kelly Hogan,501f3068-9791-4b67-b36c-a37899905b5a,6
Necronomikon Quartett,000f7dc6-a19f-4a9a-b26a-d71a34dcea27,6
Maria Grigoryeva,c75e5bfe-503a-43ec-8c04-68d39e8a87e6,6
Rusty Toolkit,2c792609-549a-4f22-ace7-c873f6cfb708,6
Marko and Myky,4376,6
Superbus,4611,6
Victrola,8f5834a6-cf21-4fa5-ae7f-6177441e5bb3,6
Player Two,01813369-88e1-4603-936f-6303c3cd0e75,6
No Nature,4634,6
3Puen,4711,6
Personal And The Pizzas,dd021aab-74b9-4621-839b-9d5680717ddb,6
Weirdomusic,6e261c8c-861d-4d26-b9bf-3c774113eda1,6
Oto,4811,6
Arthur Fields,2ecfa8f1-0354-4eb6-af83-6c29c73017b7,6
Impediments,4f774321-0f63-49a5-820d-661c382cc332,6
zero consequences,5016,6
Josh Mease,db159b33-3329-41b7-bcca-c9bc781ce03e,6
Movie Star Junkies,f1f05575-bdf0-48d5-b167-00eef1fa0a52,6
El Jugador,11307e90-a303-4935-b343-5adab32b0e5c,6
Now,51332d98-df1b-4652-a861-f42e9105018c,6
Heosphoros,bc077f6c-7207-4cf5-988f-d35fc9beb479,6
Bert Williams,0e578f5c-bdfc-43fa-bd9a-9d5b67ef353b,6
Actual Birds,f32fc9aa-7192-4d2f-9e68-2842d41719fc,6
Seth Paynter and Kevin Patton,5420,6
Hans Grüsel's Krankenkabinet,8808b1fd-b66a-4c25-9b8c-e0367f923b5c,6
Ilyas Ahmed,c07020e2-9721-41b4-b3a6-3938e40ac84b,6
Rainbow Arabia,f2f7cc07-3f98-46cb-a9f8-1c37567441cd,6
From Bacteria To Boys,2662,6
Oorutaichi,8e3ef466-e702-44ae-a057-d8e9a1b95798,6
Mellsch,70fcceee-c4ed-4cf7-8b27-82e0e1c3b51b,6
Jeremy Wallace,1375,6
Aaron Moore,f6b9e9dc-3c6e-4d09-b924-991ce0a5dace,6
NiCad,8ba414a7-2184-45c2-b240-2943ac6b8e6b,6
Sophie Tucker,1404fcf2-5c92-434b-8d37-7f9b0c8f986f,6
Lesbian Afternoon,f94dfafc-af5e-4b5a-9352-36580e3c645c,6
Ilya Monosov,84093877-264b-483f-ae6e-0e21c9a81656,6
Caldera Lakes,80ce088a-c45e-49a1-815e-77a67e722fc8,6
Immortal Lee County Killers,874,6
Interkosmos,8c210771-8cf2-4f17-8aef-b06d355e3615,6
The Riptones,23f52621-86cf-413a-b039-4637a32f7340,6
Bonnie Baxter,60cfa115-e5e2-4100-88be-7f10d50dec29,6
Terminal Lovers,f3a6d5ce-80f7-4cda-a918-d00992654129,6
Moonshine Willy,9bb54517-4b4e-475d-aded-c09cfc8d61fd,6
Stark Effect,b9b19a2b-584b-4fab-ae1b-0496dc1bde86,6
Ton Rückert,0f4c342f-7f1d-4f76-b23e-816e6bc38fd9,6
Datapanik,27f46504-020b-48e6-9523-8bb3c09ad509,6
Arthur Collins,856ba0a6-e2e3-4449-a60c-0e639e7329b3,6
Nikolay Kolev,2968,6
Fabrizio Paterlini,066160ce-d1fe-4e93-a446-2f72f15a580b,6
Grouper,7e571e09-887e-4544-b993-eb75e7837ec1,6
Wizardry,5260,6
Joe Frawley Ensemble,5468,6
Guidance Counselor,c9d2e257-268a-4802-ae81-ddac1d9d228d,6
Sinistre!,cb85d94f-4fa5-4aac-83ca-ea4f2859691c,6
Burnkit2600,5f4ec54b-7e36-465a-b034-fb73b4ed3754,6
La Guerre des Mitaines,e75cef26-7d35-47e3-863b-110d57220dbf,6
EPMD,4fa39dc8-c695-4e0e-ba04-92c63d99c9f9,6
Morella,041105ca-90db-420c-bf61-6815358fac28,6
The Butcherings,293,6
The Harvey Girls,187bffaa-bf5f-495c-9180-6624182c9d66,6
Captain Ahab,77a7fda7-d18f-4c7e-84e2-53a010c07c01,6
Ezekiel Honig,f703c9f5-764a-49c4-ab9d-c551f444c11a,6
Silver Pines,ac697625-9c1a-449c-a6d0-71fbaac1b249,6
Claremont Trio,f8cccb7e-463f-4655-b0d9-45c9d79b806b,6
Covox,9b89b846-f52e-4f8a-be99-c5bd98dcc1a5,6
F/i,a18ddefe-c2cd-4533-ae9b-5b31e2207b5f,6
Gardner Chamber Orchestra,d549bb76-f895-43c1-a3a6-b0cdb32aa77f,6
The String Machine,3616,6
Mabafu,81a80d3a-4be4-4e1c-a12e-3e267bd18953,6
Dan Alfresco,d2236859-63bf-4d66-a1eb-cf57bb75ed91,6
Olivia Chaney,49cb68dc-f515-498a-b38b-c5e5d8c31085,6
Thollem McDonas,8203910a-fc3e-4593-9f05-dd6f4118fc79,6
Das Haus des Hundes,17882,6
p.WRECKS,68a52ba1-7c6d-4245-a7c4-2b8737afc272,6
Ottis,631c7e2b-ca26-4dd2-973f-d14266cd0d6b,6
Čoček Nation,17898,6
r.y.f.,17906,6
Ljova and the Kontraband,967cc5bd-affb-47bb-91ec-d144938eff78,6
Frank Wilke,9de202df-7091-4e37-97ca-05809174cc7e,6
Andrè D.,53ce4fe4-eae1-45b3-a2ec-9fc5f39afb19,6
auris+gino,17964,6
Dizzonanz Domestic,00ac8ad2-db98-4353-9f78-de23568cf732,6
Gawain Thomas Trio,18009,6
Pontic Firebird,18011,6
Trio Kavkasia,b2f2e214-bb55-4d05-9fa3-18884f0ecbed,6
eden,18063,6
Nancy,18238,6
Overlake,5e768f4e-7d95-4033-91a5-9030e8391b1c,6
Jowe Head and the Celestial Choir,18395,6
Trans-Idio,18399,6
Tómur Trio,18436,6
Simon Simon,123fa69f-260c-42d1-b40b-c2ccdfca47a0,6
The Golden Pelicans,18483,6
Helmut,18526,6
Black Pines,ceec4a7d-2f20-4154-a8f0-1faa92a18d48,6
Sam Moss,18573,6
Herve Perez,0546dc1f-cfc2-4c1b-8658-b2498d943a8d,6
Gotesman Razin Mikryukov,18639,6
Elysian Fields,1350f186-0fbf-4ea7-896a-340d52a29f40,6
NNY,b8bf7f78-de9d-46a6-b7f8-471c61998dfb,6
Elvin Brandhi,3402cb86-28b0-4776-914c-c531decd94e8,6
jimmy penguin & reich joyce,18729,6
Abbey Nex,6c44d07e-dc3e-489c-9848-7ef2208c4a94,6
Kosta T feat. Ghofra Z,18769,6
Miracles of Modern Science,20e906b2-ab07-4b90-bda7-d17898eac034,6
All the Empires of the World,4775b027-8c17-4ffc-aef0-9b164c5103d9,6
Awkward Girls,18943,6
Vic Ruggiero,09e7d123-88ec-412c-8a0c-abfea7fd5a89,6
Amouth,1b938b65-d66d-41f9-9e18-c604e43b6d26,6
Stephen Bartolomei,19010,6
Zapaska,471b7b32-344f-450c-9b43-2d91cde3f73b,6
Papascandy,19071,6
Humble Tripe,19109,6
Antethic,86edf16c-967d-4cd6-82a1-c8862cec61d4,6
Balkh,ef151cc3-272d-4224-906a-b5f0419c4ad4,6
Ought,a039f1f1-e664-4aee-a917-426514734aa0,6
The Cats,19344,6
Hazy Montagne Mystique,202807fa-9ed5-4e85-a640-a46a9cd22f69,6
La Tabù,19427,6
Thomas Kyhn Rovsing Hjørnet,5be852b5-8bcd-459e-9a99-61e10aca63b5,6
The Mostly Bad Virus,15344,6
Marco Mestichella,19484,6
B2B,15342,6
eduardo rosario,18492,6
jmhs students,19614,6
Caroline Park,292879bf-94ee-41c9-a82d-b12160b35d8e,6
Björn Ganzer,19838,6
Julia K. Mars,19890,6
Turbo Fruits,eb8357db-6845-4335-a3ba-7f504d85c0a9,6
Union Furnace,4f5f4d83-9bc7-4f97-a6eb-47074ba61dc3,6
The Golden Dawn,7fcf5e6c-e12b-4353-8ec8-2ef613b99b9e,6
Pepper Coat,20107,6
Igor Khabarov,b951eee1-3a91-45d2-9443-c04b42b10510,6
Stefano Vita,20119,6
King Capisce,52840240-f555-4277-881f-7fc0762f1e76,6
S.Bobrytskyy & M.Paramzin,20306,6
Tate Peterson,20319,6
Kurt Baker,ea8cb11b-e8af-4768-a309-f1eb497dda4f,6
The Britemores,5658d9a4-15cd-4630-be9a-ecd60cbab46b,6
Gorilla Chief,20481,6
Anima,6e30db0d-7699-4394-b385-4924354af828,6
Joanna Sternberg,8f9f14be-6364-40da-9d82-984acdd66f27,6
Ace & the Gulls,20586,6
Dropout Patrol,97538ba9-d4df-4c5d-98de-a92ef5f73916,6
Red Trees,53c4bff1-bae1-45b3-b352-c7765d4f5b02,6
Finished,8c718e9c-a35f-4b60-be55-732a0e629b7e,6
Rachel Mason,20702,6
Dead Tenants,6aedcf5b-0eb0-4414-a719-bfa73157174a,6
Kandia Crazy Horse & Spirit of '76,20738,6
Titmachine,14353,6
Bombay Rickey,3bd8c7f9-4a50-4f36-a2d4-ad4f979ba570,6
Furtherset,47b735f6-becc-456d-9ef3-d3473390cfb6,6
Mountain Cult,14738,6
Plurabelle,44239113-87f7-41dc-84b1-ea72dd5eee35,6
Zoe.LeelA,8d66b09d-ee46-469f-a8ff-bb554cc124af,6
Güacho,c971bbf2-fdb8-4992-8ff5-df1a37c315d3,6
Starred,006988a6-8314-4cb8-a841-12400d488f36,6
Megan Jean and the Klay Family Band,15226,6
St. Claire,c561e2de-e975-45b9-84a2-2808caee6708,6
Russian Tsarlag,f88cbce9-d52c-4d36-8d7b-8bab822c5fcd,6
Radikal Satan,2cb59149-d259-4e2b-bc9c-d3b587c50a8d,6
Farthest South,7fdb0c58-150b-40e1-b849-2918166e50a1,6
Jeff Gburek,43fbafcb-004d-4414-889f-986942abcad6,6
Alexei Biryukoff,15761,6
Blessed State,15830,6
Lauki,a82da655-c2ae-45cb-b958-614ccb2e44d1,6
agnès pe,1f119537-d51e-4e97-880d-e9d418bbf859,6
Allah-Las,cfd1fdcc-3c1d-4854-a500-31d96a6d5184,6
Haemon,7989,6
Youth Avoiders,bb832f7b-fea1-4c5c-9edc-c1b885100558,6
Ed Trickett,3a80863c-6358-4a40-a517-5641f7df4b5b,6
dUAS sEMIcOLCHEIAS iNVERTIDAS,14422,6
Sava Marinkovic,8e38fd2f-0354-4ddb-91e9-793a261414b0,6
Gun Outfit,34d2585f-497e-4d37-a755-3e6489112e96,6
Mudhoney,e675295a-1efe-4247-aa3b-53b78d0cdffc,6
BLK TAG,97f2de0d-7ca6-409a-9c86-a09b4b6bdb9f,6
Possimiste,5ce21f7b-0159-4d91-92ca-caa54e6f781b,6
No Joy,1667e92c-84a4-455b-89c8-70bf5709c22d,6
Wax Idols,f1d384a5-c25a-4ba9-b589-44de9becab96,6
Koalips,850c40bd-5988-4827-88f0-6d77cfca4000,6
The Orange Peels,c0366a67-0320-4cfc-971f-d4ead8dfd63e,6
Seaven Teares,e52c4506-1660-4a02-8291-401af971bd2d,6
The Phreezound Orchestra,16646,6
METEK & Josef Nadek,16754,6
Captcha,16845,6
Eric Boros & Fritz Welch,11502,6
Wreck and Reference,213d8b80-7f69-4da9-9b7e-19ce187fc339,6
Somewhere off Jazz Street,471aa817-12bc-434a-98c9-f0edbee63113,6
The Gotobeds,e7b5de13-8dd7-4354-a385-3bb3d23bfd7a,6
The Monochrome Set,9a6880e7-5795-4ed3-8c58-7fef968aaa61,6
Rachel Ries,f5e4edb6-e011-4885-80de-6fcf63d2965f,6
Richard Youngs,39bf16ef-8487-41c1-876c-88d32e5bb289,6
Cal Folger Day,17e704dc-1ebb-4e64-91dd-5e849f920954,6
Free Pizza,40658cda-8ea8-43e1-9444-f197c59b566d,6
Bored With Four,99e692f2-a9ee-4df0-a4d9-824567260fb3,6
Ghost Chief,17077,6
Bluesraiders,17153,6
There.,75cc4d7b-583c-41ab-b627-3a976f524878,6
Vysehrad,14454,6
Higgins Waterproof Black Magic Band,660082be-942c-4418-b04d-8da83f80cbc9,6
Andrea Tomasi,1d13adeb-20fc-498e-bd4a-8d7c6d595d93,6
Camden Joy,1497,6
Salarymen,43e6e057-3d5f-4efd-b822-b828f00fe0d8,6
adamned.age,4cf55806-f641-4ba6-8b0e-11fd36ee280f,6
Jesus & the Christians,cda836eb-5837-4259-aac2-0af4ea9183ae,6
Butterbox,b01dd2cc-5010-4519-a66b-6e2c268dd6e6,6
Minson,70f3d5ff-1d45-42dd-8faa-3091e1e567e0,6
Madek,17494,6
Jari Pitkanen,b367481e-886d-49da-aba4-ce15ca38dc54,6
Prana-Bindu,,6
Mittimus,,6
Randall Colbourne,b49606ef-b9a4-4758-9443-cc3c35535d61,6
Decapitated heD,8735,6
Dawn Of Humans,1c22b723-bfa3-4f20-8e28-3d563a983357,6
Liquor Store,12727,6
Nikola Vranjković,7a6a355a-775d-40d5-baa8-be255826bc85,6
Unicorn Hard-On,d3a94102-47d8-4027-88af-1a222320169b,6
Eros and the Eschaton,37001091-15ab-4b78-846b-c48ea166eabc,6
Vomit Fist,523daaf0-a5d2-4d89-a87b-5dff1c54fc56,6
Vio/Mire,ead51c1f-0a02-4d29-b0f6-05325ea42c30,6
Reuben Radding,02c68c85-a9cd-498c-9fdd-0f08705096cc,6
Andrew Drury,aeb99f88-421f-4673-b8ea-eb3e0a5cc048,6
Ultra Konnard,9563,6
Joséphine Muller,,6
Pitman's Gramophone Course of,10840,6
Overnight Lows,c01f3eb6-fd9f-46ae-8013-3e85947f52c6,6
Shiny Brites,10891,6
Vincent Barras,380dc100-a32c-48eb-94f5-03fc7bb07961,6
Jacques Demierre,4fc63652-0f29-4b90-8805-192c64b40421,6
The Barracudas,89d06e04-263a-4e12-9caf-7e8816e4e61a,6
MKRNI,ee9817e7-1354-4dc0-b107-7f892abaaf57,6
Radboud Mens,386d4341-e308-42bc-8f8c-846802bc2921,6
Laura Stevenson,70b166d1-b511-49f1-ad15-8b94603515d5,6
Rhythm & Blues Motherfuckers,3914,6
Last July,81f496e2-162f-4fa6-9fe1-015d4fd06645,6
Black Math,82,6
Juan Cirero y Martin del Prado Jr,11514,6
Urge Overkill,120e728a-4078-47b7-a31c-d581ade28bde,6
Doyeq,e480511b-bb4d-41a5-9106-e8bfe973a42b,6
Los Steaks,49519d24-d1d6-4b10-bd5c-9c692433f608,6
Capsula,2209c9f8-7063-4f34-8227-c8c76a9b2e12,6
Kalli,11668,6
Limiñanas,11680,6
Mentira Mentira,85f4fd6a-bfb1-41a6-a098-e5b1aecacbc5,6
June & Jean Millington,11746,6
Ayato,e27ec416-b5db-49ac-bd5a-ab48248248b8,6
Otto von Rhinau,fb3d82f0-748f-4c2e-805b-f78e911ba25b,6
Arie,11824,6
Culprate,2b55feff-a0d6-411a-a2e9-39c57f9d2fe2,6
Mary Lorson,f8b74dc5-008f-4f1a-b8ff-12c67eb0ea98,6
BrandyAlexanderProject + Laps,11932,6
The New York Underground Orchestra (Conducted By Assif Tsahar),11971,6
Starseed,308bfea7-472f-4eaf-b430-37f8b4d6585a,6
Bird of Youth,9b02e49c-416d-4af1-81e6-0ea269641cc3,6
Sorrows,0b35a257-30af-45cd-899e-3e0b8bcc6961,6
Chapter 24,12078,6
Soarwhole,ee563ec9-41a6-4733-99de-8c612d83434f,6
Cristi Cons,ebbab794-16a8-466e-8f94-06669dbc58c4,6
Peaking Lights,e5479b91-5a7a-4c65-bd09-df6a308f8bc0,6
Ben Holmes,6be7e7d1-900e-443d-82d5-fd05adb1e1a1,6
Patrick Farrell,bb818c9a-4aa0-45c5-9700-e207a5aa7be0,6
Jiony,5df66d90-8f7a-41f2-921c-47ebe95a2045,6
The Fadeaways,b249889c-cd5d-4453-92be-8b512221c1cb,6
Stickfigure,12355,6
Wake,12388,6
Missing Monuments,3e80b83c-80b6-4473-8de5-f796d264ec1e,6
Peter Case,a92e8183-60d5-45d7-9eaf-8dc5d0aa8ca1,6
Michael Valentine West,f0a9ee9e-6934-497c-b87f-d3368410ee1d,6
Benjamin Jackson,12780,6
Ventanas,12855,6
Tenores de Aterúe,12860,6
Brown Bird,64843aed-673d-4745-a705-a8b93bb698d1,6
Clutter,7595,6
Photophob,88d4097e-fa88-41fa-98f3-6e0752f2881b,6
3eese,13267,6
Supreme Dicks,1846e6c2-3045-4363-9af6-0891f03381be,6
Great Black Waters,9626,6
Wretched Worst,13335,6
Wry Box Feast,13340,6
Spoek Mathambo,2fd8b4f2-af00-4235-9a8e-1fa3205fb643,6
Mixers By The River,13399,6
Raw Nerve,13443,6
Miró Belle,13460,6
Carl Clements,204d800b-8ca9-4205-89bf-f9a507fc890a,6
Labasheeda,97516484-38c7-4613-ba7f-1560b66ecaab,6
florconvenas,178f664e-ae63-49e1-aa01-f68443905cf1,6
The Magick Travelling Backpack Band,b5d53e5f-76ab-457f-8c09-f10370c69d1e,6
Susan Alcorn,13606,6
Paniks- live- Romania,13619,6
Beggars in a New Land,a41a1f28-5489-42de-9723-d740a11557b0,6
Tift Merritt,e6dd42c7-9ed4-41c8-bf50-3387ece6573b,6
QTM,13803,6
Ghosts,13889,6
Ollie North,13894,6
Origamibiro,38b15089-2d12-4872-ad5a-08c80652fe23,6
CHLLNGR,967968b3-32af-40e6-a7ca-8debefbe22f9,6
Scott Sherk,acb2788b-e114-4921-8ecc-1463c4814536,6
Fran Ilich,14292,6
Mikael Jorgensen and Travis Thatcher,14294,6
Acid Problem,14341,6
Dolores Catherino,20955,6
Clay Rendering,b7d1ed10-f4ab-4dac-ad2b-0cdea620fd42,6
Arwen Lewis,e111f4ea-7ea5-4ec7-8e2f-c6a4e8115a7a,6
Sumeritae,20991,6
Hafrsfjord,879d6e5a-27d9-4fea-a3b9-b7048d828f4c,6
Have The Moskovik,78c1dcf1-65b7-432b-8ce5-613967874ab5,6
Satori Ensemble,21071,6
Cor Blanc,21143,6
rocheleau - bussière - couture,21247,6
Dissolved / Nonima,14503,6
A New Silent Corporation,0b39d3b2-0406-4324-a4a1-a50daed98a65,6
Expert Alterations,de93a4dd-bbaa-4dce-ba35-00704dae31ad,6
Radio Jarocho,128a820a-a7d7-42b1-88d5-ba2d391945aa,6
TransFX,21497,6
Charlie Megira,dcaa3a76-4aed-4e59-9eab-4504f8aadb50,6
The Bet She'an Valley Hillbillies,250a2cb6-3930-4fc0-a0df-8046cc031ff6,6
Jimmy & The Threats,58607752-d5be-4d4d-813c-9495920450c6,6
Ennio the Little Brother,a5e7ed6b-7087-4983-b9e7-95bf86893dbc,6
causings,21617,6
The Marian Circle Drum Brigade,21734,6
The Deafening Colors,21747,6
Remo De Vico,2ad634e9-ffe7-4586-80b3-c1cab254e382,6
Girls On Grass,c2eaae77-cd10-4f39-bd2a-a971ee27d17f,6
owczarek caicedo ponsa trio,21869,6
Honey Larochelle,e2483441-08f3-4e19-9a4d-b2a33d89f7e7,6
Purling Hiss (Solo),21895,6
Jackson Grimm,c1dfead8-6e27-4c65-9e9e-7b8b3b70c654,6
Janneh,20987,6
Méryll Ampe,88407185-65c8-4dd7-be79-9f77012ec9c6,6
Resonancedj,22104,6
S-B-J,48b15b95-66c9-4268-8f07-b52bcdf28d97,6
Dinos Boys,c0214994-5e04-4f48-ab86-d696c6321a44,6
Charles premier & Zreen Toyz,22244,6
quietest,22264,6
Pau Riba,b1c41495-8a2b-4eab-a73d-516f916205e4,6
Shana Falana,882cec90-0cdd-47aa-a071-00876c132017,6
Heron Oblivion,f8114ab7-5b07-4c1c-8fee-4747fbb0b5b7,6
Dave Nelson,22370,6
Sym (5) & Ars Sonor,22242,6
Otaké,46d885ce-bfcd-47c6-a14d-b036cdd835ed,6
"Interiors, c.1964",19592,6
Illusory Scapes,22431,6
Liz Toonkel (Beat by Christian Cummings),14743,6
Casetofoane,14744,6
Howie Mitchell & Charlotte Williams,14834,6
Clapton Girls Technology College,15849,6
Pete Lund,1257e653-5c3e-4ce0-953e-73c4e67ce1d9,6
Corty,12294,6
Fred and Toody,d1164429-3873-48c4-afdf-63e1d37974df,6
sabrina siegel,53a580a5-999b-4839-a7a0-d52fda8206c4,6
bryan day,,6
tom djll,e8ca4177-5ddd-4d27-84d7-cb4af7299aa2,6
bob marsh,,6
Dj Shinezz,09460d4e-a9ec-408c-afac-20f1ec4fb7fe,6
Akpatok,21941,6
Drag Sounds,39328a6a-1760-47c5-9a1d-22a7bacac1d6,6
Nobodisoundz,14e9cf28-a15e-4613-970f-2789b8b65288,6
Nineteen Eight Eight,11896,6
Stuart Chalmers,44adfc10-0be1-429c-a343-983b1c558c15,6
Void Vision,4dd7962e-e136-4d8f-8186-b119b0c9dfe8,6
Regional Curse,f025e9b3-c815-4c1f-8ca5-e9944e21fa38,6
How I Quit Crack,06ac2749-5dc3-466d-8490-cd7788316520,6
Nicolas Falcon,476523b6-fb5e-4c89-930c-0fd4706f088c,6
American Watercolor Movement,1b108d5c-194b-482b-8274-82a6f394e134,6
Alpha Brutal,23594,6
Martin Rach and his imaginary band,a34d0305-72c9-4066-bdc9-33358a06fc77,6
Anthony Osborne,295027e0-a761-4940-94e9-fe98fcf15c4f,6
Antonio de Braga,a2640c30-56ff-4424-8b9d-7842d306477b,6
Isaac Chambers,1977885c-8a46-45ec-8f8f-525163799c1e,6
Rien Virgule,d348098d-992c-436f-8f98-fac364e3f180,6
Gary Wilson and Tredici Bacci,23765,6
Hyson,f224f24c-239d-4101-abbd-d54802ad8f96,6
Night Haze,23821,6
Samuel Bone,23823,6
Ihtimanska,23860,6
Kyle Preston,f8d541b5-730b-4f54-8358-026ea7d21aac,6
Le Projet Ardéchois,23902,6
Kuniya,24080,6
Kai Nobuko,1b37a6cf-0995-4ffe-a96d-8b222f1ea729,6
Inner Struggle,24188,6
Eternal Black,6c42b0aa-d20d-4587-84d8-42e23b532631,6
Itsensäsyöjät,24309,6
Theredhead76,24342,6
Spowder,24357,6
BCBG,780a701f-73a3-4fd1-a0c3-d3bd0f8ee98c,6
J1*,22688,6
Unune,22706,6
Free Soul School Switzerland,22686,6
Mike Meanstreetz,3c16f6aa-91d4-4ad4-b18b-063a0a512c3b,6
Gestalt OrchestrA,5f8faf3b-932e-4747-a518-abcbff6f7d82,6
Symbol of Subversion,f9eb4c2f-32f2-47b7-8bd5-c6cd31b45ed3,6
Madame B,47ff9a5a-da26-4bab-8c32-1e407c735242,6
MÖ$Q,65b35d42-7cd7-48d7-8a66-027ddc7f49b0,6
Peninsula Fernandes,a23af21f-6db7-43bd-a47a-fb9370e9862c,6
Eklektik Ensemble,40a64c24-9fc6-435f-8779-460e076d12c2,6
Ocathail / Hastío,23166,6
North Cape Lights,9855fc1d-3140-40e3-aa99-d1a9a6412c5d,6
amanda irarrazabal,fe2a8833-21f0-4aab-98fd-907cfe5e9d23,6
cecilia lópez,,6
cecilia quinteros,0a9333e4-5b09-478d-96d7-c1c682583128,6
Norwegian Blue Records,23325,6
Musick's Recreation. Milena Cord-to-Krax,23408,6
Krisa,01121f72-d8ad-4bbb-8c87-397a92fb7385,6
The Dutchess and the Duke,0b9ce391-ea64-4317-b879-776d297735ab,6
Druzina,7ca4ebbd-b089-4b64-9bcc-c992ec1ae593,6
Rinus Van Alebeek,fdfc687b-a2f5-4e53-a06d-8d4e32427b21,6
cHelek,6766,6
Nothing People,9849e875-708c-48c0-859b-cf7fa2aeeb85,6
1st Dude,6973,6
Chan Wai Fat,96ed7755-0d83-43c3-a57a-f03542406987,6
Nueve de dos,7334,6
Boom Dispenser,7582,6
Bnegão & Os Seletores de Freqüência,c5ba169b-2236-44a2-a19b-ee39dcf6610c,6
Decapitado,7738,6
The New Heaven & The New Earth,332017b4-aa22-46ef-8264-20d208572f1c,6
Nathan Moomaw,8e2f1f81-4b77-4ac1-a1b3-62cf5315c95e,6
Claudio Nuñez & Sergio Paolucci,7977,6
John Roundcity & Dooley Wilson,7996,6
Unas Rakraganh,e23350d5-becd-4f00-9ecf-e8d47508b684,6
Blok One,9a21fcb1-bf79-410c-bfdf-37347a908a5f,6
Chico Trujillo,101d3c29-b414-42d4-aabc-02fd2fbf935d,6
The Jim Jones Revue,0c7daca5-9955-477b-882a-362a49d05450,6
Bogdan,8152,6
Dawn of MIDI,273dee46-43b8-4385-bdd2-d98bbad3c13e,6
Tinitus,8349,6
Sound of Ground,2e54feba-5938-4a62-b2fe-be2812a555bf,6
Chris Kucinski and Owen Osborn,8417,6
(none given),8614,6
Eola,a034dc1b-65a5-4ee6-967d-936f33b441f6,6
Raül Refree,0a797765-7506-43ac-8f75-b9e4132b31d6,6
Pedro Vian,03649f1b-7b95-444d-bd7b-8d6cdeb9ab04,6
Kink Slap Simian,fde7d1c0-b8d3-4adc-b31f-eb89a1de9e47,6
Decomentarium,8763,6
The Communion,5c4d6f05-a6bd-4138-baad-bcc821b7bb12,6
Children for Breakfast,9180,6
Montañas,fc9e5bc4-8095-41bf-a3bf-9110df3c699b,6
Peter Cora,9216,6
Easy Action,9391,6
The Model,8174,6
Chocolate Chips,7440,6
Gel,9461,6
Rosebruit / Franck Smith,9479,6
Joe McPhee,e8a6ad5b-bfe0-49cf-9de0-71dc78300300,6
V.L.A.D.,9f01400c-aa78-437d-9af4-a1a66705e59c,6
Ga'an,c6ebe8ee-01de-45ea-b22b-87dd6f983f7e,6
Cobra (avec logo panthère),9852,6
Univeria Zekt,66cc2afc-4c49-4d57-825c-f6adaff23f9c,6
Evening Fires,379c458f-4aa7-4f5d-aa94-73162b7cb80e,6
Mind over MIDI,d94b35f2-3911-456e-96b8-6ed0357dbff1,6
Redtheplaneeet!!!,1598de26-7d4b-40d5-bfbc-fe210790c9c0,6
NEW YORK,10082,6
The New Albert Beger Quartet,3dd5b442-d07e-41a6-9b2f-deeaf49735f2,6
Stems,10239,6
Hunton Quintet,da6552de-8344-4488-befa-afba02c3250b,6
I Drug Moy Gruzovik...,10393,6
Rmeaajlimk,10433,6
WoolenMen,f5e1d780-701c-4f4b-8658-d7e65dc4eca5,6
Ludo Mich,7eb1e981-165c-4e07-947d-087afc359ef2,6
Capullo,c5e120c1-ea55-400e-95c6-50a9fa6ff6fd,6
Dj Somatix,708b969d-9843-4fa4-b3a4-875c6860ab8f,6
Fantastic Swimmers,13d211a1-cbf4-4cba-aedf-20b81104153a,6
Phil Lucking,1ed18e1f-bff4-4df0-8450-e9ba1318a57a,6
Secrets Of The 45,494629a8-6f66-4f1e-8bcd-9359ba0f4899,6
Pollen Trio,4ffd5895-0bb0-4144-adc0-ad0acf099c76,6
Pulsipher,2b8f868c-0713-4354-9271-6ba4397c6b7b,6
Kayaka,f00a9c5b-5691-4cee-9770-139a5eb6b465,6
Dental Dames,28743350-7b17-438a-b65b-ea950f6b3e7d,6
Summertales,46fba786-5b06-4dfc-83cd-040c28a2d463,6
Zydepunks,3357cc0c-478b-4e43-8783-5c5894cb0119,6
Boyscout Discovery,a894e3a2-f8a5-4d8b-8ed1-92f4e088fd86,6
Astrometria,78b26035-d8c3-4190-a325-a5be251c6e0b,6
Sea of Åland,01ef812e-64df-47b9-9660-d77ebb1184d3,6
Pogohm,75e4569e-85c9-4124-9d93-e910db4211a6,6
6128F,421e99c4-327b-401b-ac92-23a490dad2a5,6
el zombi flash,09e1619b-4e98-4622-8c04-1ba9854b1285,6
Fulmarine Petrels,5568df92-eb15-4821-9027-9e9804a272c8,6
One Minute Wanda,f6fb69f7-5a8b-4d3a-bc35-600f0f31b840,6
8bit bEtty,d0b39efa-1c4c-4098-ae13-03fcd8ed4141,6
Nathan Meunier,7b0ac80a-a99e-49ed-afd5-a8db55881049,6
Gorod,ac3fbaec-67bf-4454-b4a5-b3b987ef5847,6
Soft Tags,d26faaf1-adf8-4c22-88d6-5523904d262b,6
Polka Dot Dot Dot,a34f3fb7-f380-491e-9852-26fb03a32031,6
Emperor X,e79dde40-8b35-4105-89f8-a5b0afbfd43c,6
Elephant Micah,caef4cac-9538-4f80-acab-9bee42f55ed8,6
SECRETARIAT,8615,6
My Teenage Stride,88e223e2-3322-4c66-b7a1-d7772e287443,6
Demiran Ćerimović and His Orkestar,8688,6
O.O.O.,8734,6
Tzara,289d3d2f-2dd2-4f2c-811f-aac309bf2ec8,6
Luís Antero,aee4f69d-8d48-4a63-b0f4-89c2a529221b,6
The Side Effect,7411,6
ANT,9698,6
Purling Hiss,0bfc42b8-2fdf-44c3-bdd1-e40bbe202e38,6
Huun‐Huur‐Tu,6e3d75a2-b371-4156-a1c1-7b56e1c965a3,6
Dronæment,9048eb60-a4ef-4e2b-9dac-b12ed208ad66,6
BL▲CK † CEILING,10641,6
Various Artists [Chinstrap Music],6317,6
La Big Vic,079034ab-1454-45cb-924d-9e2745cb0462,6
Milk Music,fdb47c0f-26f1-4ff1-9eeb-7987ff991319,6
Nadja,a0c83cf0-7571-4538-a430-fb04c408d4d2,6
Noisewaves,64b14660-ad27-4131-8ae6-0b94f899975f,6
Curumin,762f8713-15d0-45d7-b0d3-f989bfe1d233,6
Roman Stolyar & Ilia Belorukov,6718,6
Flowerheads,68cce513-0cbe-4c8c-bba6-44c86cb8a072,6
Frau,b723e02d-dc1e-4e13-a9a2-57df51383d27,6
Heezen,ce862b1e-1c77-4d65-aa44-a59d707aa6da,6
Evan Rapport & Chuck Bettis,12545,6
Baiyu,f2e365cb-0145-459c-85f9-86df17d89c98,6
Houdini Roadshow,582346f7-4d10-4218-b965-ca04d7d60149,6
Judith Cohen,12856,6
Tag Cloud,b9caec32-10a2-41d4-b413-ea0c68929d15,6
Bbigpigg,7ef76a32-c601-478f-87e8-080dacec5047,6
Sir Isaac Pitman & Sons,13350,6
"V.A. Vol 1 (Shaman Herrera, Maximiliano Prietto, Werner Schneider)",13381,6
Literature,fd07a3de-bbf6-4420-8fb2-f109d2677ab6,6
Morsa,78eb709f-e1ef-4775-b203-6b4c820b2b85,6
e:4c,2f109a97-4bd8-4b16-b774-0823fe9cbb2f,6
Karl Hendricks Trio,3a1390e2-2b11-4714-91dc-db73af90b26a,6
Art Electronix,95ad3b3d-bc24-4996-89fc-3ece87e291b9,6
uBIK,3ed5f1e6-5b69-46c1-8b88-635dbc681dcf,6
Sanawon,50bd52f2-7b3f-4182-ac24-88f98b9ba74b,6
Ash On Dust,15562,6
1in10/Varia,15743,6
Brock Tyler,b04776c6-3b82-4c8a-a4d6-9f79b81d1c02,6
Farewell My Concubine,14666,6
Gamardah Fungus,cf430bf2-7b2c-48b0-93ef-16a7978167f7,6
Ebsa,19201,6
Alessandra Celletti,13fd7ed5-15f3-4828-a06e-b25a09bcfd66,6
Bitmoth,f6587a16-667e-440e-a6b3-8d8a99906a78,6
REKchampa,3f2fa8fb-b4f4-4420-a2b1-bbe497e8aaad,6
Ga22,20331,6
Eleventh Dream Day,751b1385-9595-46ee-b634-8f90f892682a,6
Remote Desire,20787,6
Sunshine and the Rain,8a0c5790-ff59-44cd-8fee-35010a52e56f,6
The Ex,5JjsLpZlE0oSu9opRGQYWm,6
Salavano & Tsongo,21135,6
Trevor Flowers,7Iky61lEy4v2RikTCW3uZr,6
Iheka-Chama,18d8f10b-904f-41da-8525-3f21299ed69c,6
Tanz,eac164bf-1fd4-4d49-a4fd-726f753e21a7,6
Richard Lloyd,cf093402-ed70-46f4-87a2-cdb1cb0e629d,6
Cud Eastbound,75399f18-3b6a-4a65-bf8d-a69b0f8c9200,6
Jacques Le Coque,4f980d89-c1e5-4a80-b720-f041b11e09cd,6
román ramón,15998,6
[ur:neon:ono],16179,6
maD & Alg0rh1tm,16325,6
Punky Donch,8f74ce7f-7b2a-4b86-8879-c679a45856cf,6
Ghost Recon,16765,6
GLITZ,16877,6
Nick Corbo,4586950a-605a-4051-a3e8-a622dff0d89f,6
Keep Them Alive,14560,6
YlangYlang,30e044a6-a4d5-40f9-a3c5-d0ddad3761b5,6
Morse,17396,6
Freddy & the Indifferents,17435,6
Trabajo,3560d15b-9979-46f6-9583-11d52448822d,6
Magnapinna,18779,6
Butano Bazaar,18818,6
Marlaja Virta & ono,18838,6
J.L.A,18922,6
Re-Arbeiten,5e8dfcdc-8e0a-4d41-89ec-e18f7b94efd0,6
LoveyDove,89c8a06d-455a-4dd1-840d-46bfc9f64b93,6
Glenn Morrow's Cry for Help,7fb5dabb-cbe0-4279-9250-cd3b6d40f178,6
Discepoli-Barbiero,23639,6
Ffiper,814aa817-b009-42e0-a74b-805866cce270,6
SRVTR,c9896fa1-d661-47c1-ad9d-d4919a0cce1d,6
Berthelot & Saccomani,22281,6
Htoo Trio,22553,6
Carlos Ramirez,71d5c96c-482a-4546-afce-f372ee60f623,6
Colonel XS,fae0ba34-86a8-4158-beb2-a74e19a0b539,6
Moolen,a2d4ea77-1876-4d88-a317-accef709ff7b,6
D.Y.K.G.,838461a5-48b2-4a54-9ed9-5152ec282437,6
Alejandro Remeseiro,39eec92f-f1e3-43f5-822b-5a1ee87de92a,6
Rosendo J. Rocha,45820dc8-f883-4a9c-8c86-d45f7747f409,6
piotr-heslin,eb493c84-4fc7-4e31-845a-71f2a4d6b2ca,6
Shadows On The Snow,f3aaa396-c3a6-46e4-868a-3834a3c61511,6
Cutside,6bdf4c10-2515-419f-b0dd-3e41781173db,6
Artoh,84cda336-95bf-4370-b229-021da5148076,6
Name Your Fear,23865,6
AWOTT,7820,6
Hazarda Bruo Sonsistemo,91372b57-df61-4102-b928-85f3b38f71ad,6
Derek Joe Brockett,2a1546ae-647b-4a48-8210-beff66fd54a6,6
Laura Warholic,6507,6
Tres Tristes Tangos,13104,6
Machine Death,9ca8d7d2-d579-439a-ab55-dd38bcc3a905,6
Au Fond Du Car,119ef561-60a2-4808-a7ef-e8adf28662e1,6
Gregoire Fiaux,15853,6
dsbrdr,7878,6
Ion (Romania),8616,6
Metatron,36758cf6-e755-42ff-aa66-e806f951594a,6
Trio Metrik,5b7870b3-a32a-41e6-a2ee-778d601a7f87,6
Adapt,9778,6
Mighty Mega,9cdae468-157c-4802-b47b-b5727f873031,6
Sally Crewe And the Sudden Moves,c57358f2-86f0-4505-969b-a4f3a8e19e39,6
Zulal,f84d9da4-7953-48a0-9430-29144d4379d8,6
Beech Creeps,8af1d72c-9a73-42cf-9c98-8c979f003035,6
Big Mean Sound Machine,f88763c8-5ae9-4045-89cb-b05d49aedf97,6
Jake McKelvie & the Countertops,8eef051b-650a-42fe-ab48-d1dfc174e010,6
moody alien,21255,6
Jacopo Tore,21498,6
Eddi Front,e4357eda-be77-435f-a952-9f5430e4a261,6
Bison,17343,6
Uncle Lew,7502,6
Allysen Callery,74375729-0cef-4a72-a426-ac6a3619ac0a,6
Ghofra Z,18771,6
3K3,21588,6
John Butcher,0437939d-c9fb-411d-bed1-769810df8567,5
Mutual Hallucinations,5532,5
Manikin,5758,5
Wrexsoul,93759721-7c60-4aeb-91e5-37125fbbac8c,5
Universildo,349d33fb-faed-495d-bd0f-477a7fb108f7,5
Chris Corsano,b3cd1260-ab5d-4f24-ba9c-d58d54edbb4d,5
BornPilot,6016,5
Alec K. Redfearn and the Eyesores,38234a92-73dd-4296-b0dd-5ddce17dec38,5
Kevin Shields,177,5
Lungs Of A Giant,198,5
The Moonlighters,2fe25082-2dd4-426b-8758-cb7f65bb01e2,5
Necropolis,221,5
Tommy Jay,a89e91a0-80e6-4cb0-8f6e-72c64b576b03,5
Vincebus Eruptum,317,5
Au,01515686-f67b-49a3-9b68-7b53914fc0a8,5
Baskervilles,041907cf-881a-42e1-83ac-0cb10e43ad2e,5
Byron Coley,ee2b5188-f62d-47c1-b025-71c0df838fae,5
Chris Moore,1049,5
Golden Dogs,802,5
Great Plains,337c6e9f-4d6a-49ae-907e-78af6a52a6ee,5
Leather Uppers,941,5
Matt Baldwin,c9df0598-6b17-42ce-a429-6e9e1da0e98e,5
MetroFolk,291b6132-98fd-4007-8aed-c796eab5962e,5
Nalle,99de0440-9936-46a6-9324-ede040f1e09e,5
Gentleman Jesse and His Men,92627d43-b0ba-4ccb-a93c-246ac5b21ee2,5
Flaming Fire,fcf3b93e-e119-41a0-b602-abecab593423,5
Bleep,2ef446d7-5901-421e-a947-d60bf1439de0,5
Sir Richard Bishop,a444f8ff-2f8b-438b-a680-32c1f393244b,5
Alvaro,402,5
G Orwell,9,5
MV + EE,de9aefa9-f7df-4638-ac35-7ac1bfd98828,5
Naked on the Vague,22058149-fe2b-469f-8309-bfaeafeef67d,5
QQQ,ffb9f302-7972-424f-880e-68f86db99a5e,5
Puffy Areolas,154322fc-60ae-46c3-8da5-450aef16049f,5
Patrick Porter,10e8c683-6c78-4633-b792-5b3eb8cec473,5
M Shanghai String Band,f11201f9-6197-430c-b139-37453107f7cd,5
Skryxl,940666de-6974-4557-bbad-dc7c950e92df,5
Yosef-Joseph Dadoune & Guest Star Reef Cohen,2898,5
Anonymous Choir,f512969d-7d58-4697-8e61-1225d27a996a,5
Akron/Family,0f11d99e-88ba-48d2-b652-4ebe04c52d11,5
Wizzard Sleeve,d64c70b0-9b43-49d5-9bbc-281c4669e794,5
Grey Gersten & G. Lucas Crane,3301,5
Night Gallery,3354,5
Die elektrischen,b7de8155-eac4-4be7-ad96-6152ff1121a4,5
Rosemary Krust,314d92de-0620-4892-b6db-1a0ed14d8309,5
Jeffrey Lewis,3775,5
Victoire,57b322e7-028c-4def-b26a-0da21e86ab16,5
Ceremony,c1540d84-55c8-40ba-b3f2-06f44a7265c2,5
Screen Vinyl Image,e0dd33f9-09c7-4dab-868b-30b3490f5599,5
Jared Mees & the Grown Children,15d9100f-cc8e-4948-a412-03dcc2ba09f1,5
Monta,bed3b6c2-4491-4cd1-ab65-68ba1b3398d9,5
Dapayk Solo,52fedf11-dbbb-439c-a997-c0935a1fe60b,5
Pierre De Gaillande,be39e650-76c2-466f-97b8-f7ceb23728f7,5
Neal and Nancy O'Doan,4059,5
Dagos,0b9794bf-6c9c-4b79-bae1-d3e5b1e1c2bd,5
Throcke,4610,5
Salam,842f6627-2341-4e16-af20-528cb7cd6f1a,5
The New Mellow Edwards,503f0961-3415-4227-a42f-f59530570f29,5
The Shining Path,4783,5
Noiz Complaint,4792,5
Jonathan Biss,630741b0-35bb-4c09-991e-64f98851d18a,5
The Friendly Dimension,4998,5
Stendek,c761a4e1-de8a-4db1-acfc-fe787697c200,5
The Frightingales,5021,5
Nikki Giovanni,7e820444-47d7-4e81-8018-60353e1b8458,5
Rebe,5084,5
"Paul ""Wine"" Jones",bbeb04d3-e58f-469d-a1d6-75446a0d62d9,5
Wildbirds & Peacedrums,2281c0fa-ee97-43e8-9da7-9c652295d6a0,5
Clay Ross and Matuto,5231,5
Rushus,fa10ff9f-803c-44e8-8764-690a8025c4a2,5
Alina Simone,c88f9c78-56a1-434a-8bff-4a97b029fb80,5
Kate Power,481e4dc7-b14f-454f-bbf9-56360a5e5e95,5
Steve Einhorn,071e280f-6ac7-41de-a42f-58ab6672da04,5
Jacob Smigel,aae8274f-79c4-42a3-aa78-181f9e9324e1,5
Lushlife,57e97271-100a-4c70-a228-d0ce0d5bc813,5
Guinea Worms,b4e82cd4-8a7f-43c0-8e1a-2ea9a9a44c68,5
Here's How,157,5
Phallic Suns,238,5
Pierced Arrows,86304eef-ce10-49bb-bc5f-b128b540113b,5
The Nightingales,bb6bb252-0b79-4a0b-8185-340bc7f2bffc,5
Tullycraft,1d25e697-096d-43b1-94bd-74e0619c5567,5
Narwhalz (of sound),6694,5
Ultrathin,8274d4f6-d39b-499f-9fa0-65dea8d9b52a,5
Solomonoff and Von Hoffmannstahl,27f86ff9-5e64-4bcc-a634-7569f679598e,5
Dielectric Drone All-Stars,2c377b39-8aaf-4376-bb42-6101fa387135,5
Sonic Suicide Squad,7f463c79-44f5-4f68-a44a-c35749f57bae,5
Arborea,b9fc8100-9653-4a7c-82e3-67fc69bd1ef5,5
Steven R. Smith,962c12a8-15ef-48b9-9f2b-e2774a440bff,5
Flavia and the Motonets,6cfbebfe-2835-4850-831e-d30acdee0e41,5
The Eskalators,d6de98d1-05ac-4590-81de-c2c43329bc42,5
Messer Chups,050c59c3-12d7-4d7e-b890-9ebcf0caa85d,5
Daniel Johnston,8a7ca8b0-d23c-4eff-8fe9-6220ba5c9c76,5
Taylor Ho Bynum/Tomas Fujiwara Duo,2119,5
Meg Baird,bb927dc9-51a1-4e98-be97-e5d22695a1e3,5
Mira Cook,a30492a6-53ad-40f3-9a54-e5f898bf9b2c,5
Weasel Walter,fb81800c-4270-45e8-ba4f-75747f5de736,5
Shorthand Phonetics,d31ec357-5a2b-43b8-9efd-ece95634df1c,5
Harlequinade/Texture,8682,5
Unmen,500ea8b8-c758-4e2f-823f-b2e97860b46f,5
Duran Duran Duran,cc4dac19-a654-4893-bcaf-39c55ce8d681,5
John Wicks and Paul Collins,4201,5
Smoked Meat Fax Machine,60bf6883-c754-40b9-8f1b-33cb96491109,5
Flexible Music,4997,5
Thieves Like Us,73c46e29-a6f1-4900-bee8-f9e2662535cb,5
Courtis,3f96500e-a2ed-42fe-a87c-dd9f9763a9a7,5
Moore,f6b9e9dc-3c6e-4d09-b924-991ce0a5dace,5
Sleaze,e6b6c5cf-5bcc-4a5b-bcd8-47eb61173c39,5
Light Under Water,9b87fae7-fabf-4084-9afd-3bfa21aefcce,5
Wizardry,e09853e8-7ad7-4446-a6db-45b99211b384,5
Marianne Nowottny,26eb6dbf-0280-4e7c-b4ba-352957bd9a92,5
Brown Recluse Sings,96e3ba66-0540-4819-b1fa-0f4740d6f0c1,5
Pharaoh's Daughter,431a0ee0-ce6e-4127-b922-22128eb63520,5
_jjj_,5946,5
The Night Owl,999839a0-066c-407c-afe9-887e391cfcd0,5
Cantonement Jazz Band,97,5
Ian Nagoski,c42e0a00-57a2-4221-b12c-b214c949d404,5
Dragging an Ox Through Water,b9778bfb-4e8d-46d4-9005-f6f8a5c33974,5
Fuzz Unlimited,144,5
Yan Yalego,9541e85d-5491-490f-a8e1-b5c99b7c0928,5
Sodadosa,7324e58d-7e4c-4223-913e-aeb37ca976ac,5
Marianne Dissard,f5e15371-87a3-4856-8abb-07ab5242e1f1,5
Pyramid Scheme Trio,1160,5
Mimi Sun,1902,5
Lyn Goeringer,22221822-da96-4011-a86c-df4344daea4c,5
Anla Courtis,3f96500e-a2ed-42fe-a87c-dd9f9763a9a7,5
Dustin Wong,1b9a6e96-2304-4adf-807f-bac10be8cd28,5
Kenneth Kirschner,d4c02492-72c9-4a31-b966-f36dba28caa6,5
Curtis Hasselbring's Decoupage,633,5
Zengineers,42e1e3e3-0e10-461b-807a-d51adaaf041f,5
Zaïmph,39f608d2-1968-4947-9e51-00395627adcf,5
Peerless Quartet,42869cf7-ee87-4447-9049-dab9d3b1f4df,5
Jeffrey Letterly,1aa38868-bd1a-4c7c-bfe7-bfbb6badfb10,5
Lebensjunge,5219,5
Satori,5586,5
The Axemen,5577,5
Glass Candy,147,5
The Yes Sirs,3195,5
F master F,0867c02f-bfe7-45fb-a149-0629ede7cfe9,5
mr_melvis,abd1f771-ef5a-43be-a73c-aea9e3f95d91,5
Kalashnikov,3966,5
Holly Golightly,c0d96e6b-ee48-422d-8c28-f169ada973a8,5
Borre Zon,5216,5
Hexlove,10379e5a-b7a8-4261-bc60-59e6be0f90d1,5
Jason Forrest,b2a25158-0e8a-4ce2-92e8-9ab13e28d53a,5
The Waco Brothers,b4322fe8-a43e-40a0-9728-52d6ee873bc8,5
Silas Leachman,b2b4b78b-0711-4ab9-9aac-778c36e4b420,5
Javelin,5566,5
25 КУСТОВ,17822,5
DMN Productions,17875,5
Easy Rider,17885,5
mangulicaFM,05ffaa7e-a7b1-45b4-a5d7-7ede3850d145,5
Ezylohm_tek,17907,5
Organic Anagram,4f27e684-04bc-4b64-a90b-4a2b7bcab0d4,5
Aires,18000,5
Italian Village Music and Dance,18020,5
Wind of Anatolia,18021,5
Mudlark,18044,5
Akoustik Timbre Frekuency,59912be7-286a-4c3e-8088-78de51d5a476,5
Johannes Bergmark,401e0571-256f-43d2-a04a-25002bd1191f,5
Rob Rob Rob,18138,5
Dark Urrru,18220,5
Extrapool,18232,5
So Brown,0841d3ea-bdfc-4df2-9c9e-01259e8c8faf,5
La Sabrosa Sabrosura,ac0d06bc-50ef-4e1d-a93b-47e4b7e65be1,5
The Spits,f1ee5588-3b80-45a7-b33b-3337af8cdf6e,5
Broken Hours,a2b3ab70-143a-4ebb-a2ea-7b6c4643d726,5
gift,17983,5
Nandas,18386,5
Boogarins,46713d05-4143-4704-a9c3-71b482a13944,5
Carsick Cars,38c38eec-c6d9-4da0-b2da-2fba8458a3cb,5
11è étage,18412,5
The Safes,18481,5
Bassling,89e667da-08c2-4bc6-bc7c-d9757e1af45f,5
Edoardo Romani Capelo,ebfa5c85-a182-4fa1-b053-5fa44f8d1de2,5
Elbee,18678,5
fp,a2aa4162-f16b-406b-8392-b307b49b3961,5
Courtney Barnett,55111838-f001-494a-a1b5-9d818db85810,5
Peter Kerlin Octet,18705,5
Michaela Anne,f8331bc5-6983-4778-a4d9-576532e59215,5
Zach Fleury,87356151-136b-47b1-b0f2-3ae6b91a5106,5
cultureculture,18870,5
Kepi Ghoulie,88fbdb47-b67a-49af-b7c4-e337ee304f05,5
VANIISH,fed1a01c-fd3c-4398-8b87-4cfad12cd840,5
Razen,33169a86-5bfd-42de-92de-5fa96c28ade1,5
Orchester Ivana Tomoviča,18992,5
Newton Balloon,8725e5e9-96bc-4cdb-b14f-7cdeca80249b,5
Hinterlandt,8b9d36d1-89bd-4bbb-b374-20a402e1849e,5
Andy Rantzen,a94e1e12-8fbe-4042-aac3-9b3a44708124,5
chientaroli espinal rave vitale,19053,5
These Guy,9c52ff11-0108-40d7-820f-6fe6198e7db9,5
Il Sogno del Marinaio,cd4b80e1-8faa-433b-88bd-b0ee38017036,5
Second Hand Rose,19097,5
Arthur Henry Fork,7e3f1714-8b61-4804-9455-c9771a86bff3,5
Soonar,19262,5
Sileni,4659,5
Jubal,19276,5
André Coelho,c6024cb8-a80d-45f9-abba-2a815cd63721,5
The Coconut Monkeyrocket,f1b6ecc2-ef99-4100-9feb-bbb8b4d3304f,5
Mr. Airplane Man,1d7da097-91e9-4bf2-bb54-c6e4bd43b95d,5
Moons,19391,5
75 Dollar Bill,2abe8e8b-4f70-4379-9348-ec559faab8e3,5
Brett Saxon,19451,5
Madoka,19495,5
Majestic Jam,19516,5
Lord SC,19523,5
Litvakus,b94d9eff-215a-407b-9d67-ae3cf183d9fd,5
Balkan Mind Meld,19722,5
U.M.M.,17072,5
FMA Overlords,19419,5
Big Debbie,608ce794-31b3-426f-bb07-4223aec1e957,5
My Monthly Date,e8eab741-621a-4f3d-8443-d672cc81538a,5
La Inédita,f4148004-630c-46c0-b365-c7dfa4d1b632,5
Ton Haring,8f6bc6e9-483a-4629-8bf8-2d96ef66c805,5
compost haven,19996,5
Tyranny is Tyranny,806f3e62-99b9-47de-bef5-28f45d594a42,5
HOUTITOUTAH,20047,5
Bagat,eebc3a49-7aa4-44c9-8eda-861cc71abe99,5
manuelgordiani.it - fabrizioab,20130,5
J Mano,20153,5
Iku × konofumin,20154,5
Dead End Canada,20310,5
Vholtz,20533,5
Eszter Balint,1f82f329-3d15-4fd7-938d-0822afb8950d,5
Tandem Hat,20632,5
The Dread,20648,5
Hawkin,20678,5
Zebra,c601649d-2384-45b3-b51d-da56a2f36a87,5
The Fast Set,259df9f5-33e9-4563-9a4b-e4043e96ad3f,5
Clean,20739,5
Pow Wows,c66dae98-bbd6-457b-b34d-dbc7b38cf130,5
k9d,16e83b28-cff7-4bce-8119-cf2c20ea90dd,5
TG Gondard,f648d1a9-86ee-44ec-8ccd-7832e91fb50e,5
Prémio Mistério,34b3e9c4-f30f-4fbd-94fc-2d597eae1d94,5
peachonfuse,14645,5
Quest Poetics,14668,5
Leggysalad,319375d4-653c-4146-a800-a44a82458d5b,5
Squarehead,de9b501a-1b4b-489e-b857-066695cccc23,5
The Universal Thump,5d4af9a0-dcf3-4d52-b24d-c47be7431cd9,5
h+,14699,5
Morus Alba,13622,5
Horsebladder,875051f0-300b-4b9d-9e7a-069f00d4409c,5
Ex Cops,cca3e690-bb57-4f38-8c32-e943799c8321,5
Moore & Sons,14951,5
Augustus Bro,03574818-4ed6-472f-b09e-d4ae1e352e11,5
Human Terminal,c0ed4190-e018-492c-8e05-7ddbb70eaed5,5
Mizuki's Last Chance,a791a39b-ca90-4d65-862f-0ae5ff25295d,5
Arcade Island,dc3b9888-4624-4566-8b93-aee2d94bc6eb,5
Tiny Hazard,0b8dac1f-f302-4265-a534-760704237529,5
A Magnifique Bande dos Homes sen Medo,bd1525f1-4b81-402e-9c7e-679954fe1d38,5
Tamaryn,ec0b5da9-c023-45b7-b5ac-f53657a42938,5
NTHnth STHsth,14ea18a3-554b-4262-9208-87256722ad54,5
Misay Day,15433,5
Agonidaeline,15524,5
trollhead,8f950dee-7f2a-43de-b29c-c43203064f7d,5
Raklorom,15806,5
Zlatni Makedoncinja,15839,5
Noise Boletus,15904,5
William Davison,eb5ab592-2631-45ff-b00b-eefd2f6e1c00,5
The Green Kingdom,cbb80330-0a12-4728-b91a-cb71be725ad3,5
Roach Davies And The Fleas,16000,5
Las Ardillas,15fe52fc-bc5c-4209-b26d-af2e0fa3ed44,5
16 Squares G,16244,5
Copy Your Idols,ec5c6b94-a469-4b33-bc6e-2ed2c912c5dc,5
Ж.,16331,5
Hapbt,1ae6f1ae-8f17-472e-9299-ed0a4ec61081,5
Wild Leaves,8f448bc6-83d0-4b07-b526-ed3b98ecef58,5
Deke Naptar,16489,5
Titfield Thunderbolt,7479,5
First Rebirth,21f1cac7-df37-4d35-bb3e-d753d0a9f6a5,5
Radio 421,16512,5
Telesthesia,f7c4f496-a641-49bb-adaa-5205e8f101c2,5
Pigeons,13315,5
Rafael González,16530,5
Broken Water,85def39a-27b3-4003-83b9-41afb25b40f3,5
The Laurels,4c7e9be4-0328-4a2f-9a60-16bc85f90122,5
Buskerdroid vs Microman,16608,5
Bing Satellites,808dc300-e4ab-43b3-a046-37e221ee7518,5
The Bomb Busters,16768,5
babysitter,57c85216-6e6b-4b89-a7ac-fd9b0c886d13,5
Shopping,16847,5
Hunter-Gatherer,16849,5
Broadcloth,16879,5
Phirnis,7090113b-71f5-467c-a3fb-6a8a9ad67cf7,5
Coma Stereo,380ae2bc-3ff1-4c0d-a92c-70e200bf284f,5
William Tyler,37e374de-ed4a-4bab-97ac-b6520971b0ed,5
Gottfried Ist Tot,17008,5
Chuck Bettis & Joe Merolla,14281,5
CCR Headcleaner,caa27f82-3eed-4839-8b29-d2ecf1d8bcf4,5
American Ice Age,17253,5
A3ek,61ce1bb9-0c06-441f-8747-f9261319a667,5
Ben Seretan and Alex Lewis,17415,5
Globular,ccdce929-84c9-4013-a8c9-12ae3f531447,5
Daenjellson,9d27ccc1-f1c0-4c3c-9158-7afa230b926f,5
Peter Thoegersen,5de02449-e24b-4b79-a7c3-3a148e608f9f,5
River Phoenix,17489,5
Rat Faced Boy,3f093f21-2386-47b1-bbf0-d54f0d20f865,5
Chris Moss Acid,83fd6531-643d-4fbb-8067-3e931697b304,5
Sex Tide,c4ada626-a8f0-4083-916e-a987ca026f17,5
Insane Ride,17630,5
Hag Face,5842843d-1608-4430-af24-94dddfa3c4a4,5
Jonathan Mann,9f320a6b-c9c2-4421-a05c-e2e075bccd37,5
TORRES,9b422c81-017c-4f8f-a7a9-ba6229c29343,5
Kristus Kut,d093d2e1-3aaa-4c34-a680-2b287402b8b3,5
Wade Matthews,,5
Palloc,890db70a-86c3-4a29-90b8-8647cd365c98,5
La Barca de Sua,22ec7765-f989-43ef-ab8a-dc6ec337a968,5
Castevet,1850182f-9283-4cf0-b084-e4fafe5a6b57,5
Dominic Lash,102ff4a5-263c-4022-98bf-49007daaf7b1,5
Mujeres,305047d9-cb62-4309-b1cf-ea45d3f41e43,5
Birds of Avalon,921127d2-54b6-420c-a7a5-42772ab756aa,5
Pika,11302,5
Nunun,11369,5
Balún,6339,5
EugeneKha,259b8c4c-af8c-4831-8984-c1fd19f28822,5
Khidja,3057499a-67f8-4578-8301-ec733c6ac371,5
Nmperign,7b1313c2-c976-4d68-9b53-b1ab29057f60,5
Matt Bauer,458,5
Pacific 231,7416,5
The Chris Kelsey 4,ef29730c-7199-4959-872e-30233b7efab6,5
Mittimus & Nix Pickler,11627,5
Jooklo Duo,a6cc1e50-402e-44e1-9162-8a62dfa9e4c7,5
The Soubrettes,1c63ec59-3692-4684-af2f-5487d63f5776,5
Whitman,d847b786-24d0-4a14-8267-38c73508ffa3,5
Francesco Paolo Addati & Efisio Nicolò Sabiucciu,12003,5
Blasterhead,9942facf-02b6-4b3a-b54b-0887564deefb,5
Kodak to Graph,3ea0b7ef-b842-4bda-bc7a-806ff02b85eb,5
Call of the Wild,7af3fa04-05e4-4f22-bf85-2d7ca0aa85bc,5
Cocolixe,7d51eb41-4089-4c40-8d43-2e6e0e83257b,5
Blue Ducks,fc83a7b2-9cc6-4566-a3e3-305e78149748,5
Cian Nugent,fd445218-3a24-48f9-83c1-1521a46f69a1,5
PEÜR,9025,5
Trailblazer,12551,5
Man Bites Dog,c9340d97-fb89-4d16-ab30-23d7ca849743,5
Period,5149,5
Goth Von Core,f5abab91-5c40-42c7-a1dd-992a1a63f61b,5
Xodie,1fb1741e-6f45-4364-a859-7c7773369b1b,5
floppy knobs,13053,5
Félicia Atkinson,1d1232a7-403b-4448-a34c-36c2dfd53ab4,5
Graham Dunning,01248356-5f9c-425a-985b-2c2a0cd31cab,5
Maybe Watson,91df2145-5b12-472e-8f43-8390c84b806b,5
EUS,13156,5
sumgii,3f150b2f-d9ed-4c2a-8355-1fa739d664e5,5
BITCHES,36042724-e722-48d9-8d26-f739fd542969,5
Twill,13239,5
Derk Zeds,13254,5
Keith Chambers,f2b5d1c2-fc4d-4108-9ac5-383d10bdbe23,5
Thomas William,107f2ec4-0764-4c1b-9d4d-1f944436c42f,5
mmpsuf,753ff30d-55f9-4268-b1a1-c500dfb4e530,5
Nude Beach,fb9964dd-9796-4f95-b222-791fe81babcd,5
MURCIELAGO,13398,5
Chain & The Gang,c748666d-f105-47f6-a5e6-04eb80ab4845,5
marina poleukhina,13406,5
Night Beats,98c8a53a-c837-4651-8153-88933ae6598b,5
Luke Roberts,8e6656e9-750c-4986-a38f-0a15f018c3f9,5
Young Love,b508a3a9-2804-4cb8-9baf-b8b73749a8a9,5
FAVORS,13979,5
Wild Child,13980,5
The Luddites,13621,5
Silver Palace Songsmiths,13324,5
The Loom,739226f3-08aa-4f4e-83c2-4624925639eb,5
Pariah Carey,8b31a3c7-b669-4d87-a334-928242d55193,5
Zulus,18816e28-352d-40dc-85b0-de7922f25e4e,5
Unknown Artist,2222,5
The G.O.V.E.R.N.M.E.N.T.,14089,5
No Class,14222,5
Feeding Goats,14246,5
Leif Elggren,4ed40a35-a8e6-4f74-b88b-c61b6b5c26f5,5
Dead Doves,14278,5
John Paul Keith,f1b8291d-8338-4f79-8fe2-db45cc464a85,5
The White Wires,ba14e280-205d-4ed3-b312-5b00316748e9,5
Bee and Flower,f357f7d6-7c88-435e-97f0-8910b2c9c566,5
Aina Haina,220e01fd-a951-4a80-b9ed-af071a376341,5
Macamoto,20831,5
Kathryn Calder,aeb6221d-f90d-4f45-a36a-eccd09b749fd,5
Inutili,1876504b-ffe2-4e81-b182-cc5695668663,5
"Cara Leigh, Produced by Cornelius Julius",20997,5
Blind Drunk John,abfd904c-7e5c-4e48-9b58-9051db2fa035,5
100%chevalier,5cd91860-b556-4749-bc0a-21d21d7b9640,5
Desatavientos,02071755-3d87-4de3-9f21-089c08255415,5
Rya,21064,5
Stærosaurus,814bc8b6-4963-49ac-bd3e-15b4ecb1a4ef,5
The Ex with Ken Vandermark,21112,5
Andreas Woiger,21114,5
Stephen Chopek,52ed0b35-6bbd-400b-880e-06ea28482f13,5
Those Darlins,787064e7-167a-4694-91ed-2a8759af59b0,5
Fake Species,21293,5
Monsta-Pasta,eb776497-266c-436a-998d-59b2eb9be663,5
Zenen Zeferino Huervo,b111c269-5a21-46cc-be3d-661352180964,5
Pictures of the Floating World,21490,5
Anna von Hausswolff,6bd920ac-3b7c-47e0-8f0f-c390f63f5112,5
Indiosingracia,21552,5
Wume,ac563f21-ab24-4d5a-8fe0-c3838c0d38a2,5
Arbee,959c543b-f61b-4f85-8997-97365dcff171,5
Cheap Talk,21578,5
Zephaniah,f1f3c396-90de-44dd-99a6-8405332b40e1,5
The 18 Wheelers,96d0ec91-0e8b-4bfa-9a75-5f3de7315d4d,5
Alessandra Novaga,d457b159-5a4a-40a2-9a0c-ba6a6c463b69,5
DR,827d1797-97c1-481f-8113-4f76416e5ed9,5
N.W.M.A.,07c4be48-5550-4503-b5fc-357bdc4ea212,5
Mercury and the Architects,00fe101b-74f9-43f3-98aa-acf099902982,5
Lonely Heart Blues Band,21854,5
Silicone butt disaster,21859,5
Maltsev Anton,d96a4ecb-e95e-4ee4-9992-77640ecdaa69,5
Kurteek,acd50de5-8f28-4f52-a771-354cc32c12fa,5
SAA,21892,5
Weird Kong,21939,5
Bad Poet,0NGJQFNkPbL7ykMPDay8gU,5
Castles in the Sky,f3f4d790-9ae2-4fd6-9486-15485664b125,5
LeRouge,987df1d9-dcfb-4f09-a4f0-83a35bb2c800,5
Tojamura 7,22091,5
Christian Fiesel,3b743ef0-2938-4bd0-ae18-b4c4d6672f73,5
Giant Gutter From Outer Space,72b0b618-5c00-45bf-8e3b-0d493d26a098,5
Joni Void,30fe1a8f-7ab3-404c-b458-4a9a2d503edd,5
Trent Noir,22195,5
Cate Le Bon,f2393e49-b791-46da-a6d7-1e9e60743405,5
Wimps,16853,5
Harmonic Defiance,f7f726a0-9ef3-4bdf-8bc4-ec549485495a,5
Bloque del Sur,3db8246a-b2cc-47ed-93ff-33d8b2c8b175,5
Deltamorphon,6a384557-c86f-46dc-8859-24d98c49b622,5
Real Vocal String Quartet,64ea0d58-1bcd-411d-94eb-690f42f994fa,5
Grey Park,bd3f592c-afd9-426b-8b7b-bd32504294fb,5
letterfounder   slow bodega,16396,5
Vaz,3edc106c-fb86-4c12-a616-5ebda994e399,5
Pure Horsehair,3bdb566a-f5c5-467d-89e0-ac55acb6f3a9,5
Hertz - Metek,22265,5
EON,22117,5
EPV:BEYOND,13516,5
Locust,13515,5
Mars Payne,17820,5
NOIR,468cb39f-afe3-4ffd-80ac-fada7c7c4a98,5
Lauki,15399,5
DNVN,20316,5
Vanity,f5b69ae9-c98f-4283-9ef0-34f12acc9502,5
Chris Silver T,17453,5
На 100 Процентов Отмудоханная Бабуля,c1d4b40e-8b87-4500-bf03-6a67a5d1e563,5
BoyHoodBuchi,23527,5
A Minor Place,23593,5
Jaune Dark,d8f924cf-4020-409c-8b07-7328f2e2242c,5
Steve Adamyk BAND,bb74e78c-4fb5-4f10-b855-e8cc538d61cc,5
Talugung / _blank,23669,5
Cousin Silas,0cf1c1ce-9881-4a6b-896a-b1e632398f97,5
Assimilation,23767,5
Skoz,23873,5
Glas,23817,5
Philipp Weigl,1eaa3be8-db02-43cc-bf98-0f61ac63088a,5
DRVN,24202,5
Dure-mère,921e6ab2-e686-44e5-b4f7-62b452a79ae3,5
Zumaia,e15c6a71-c006-4edb-a34d-b53a525c872f,5
Emperor of the Dust Mites,80a017b4-f8ec-4f38-8de3-763bb4313dc5,5
Demoiselle Döner,437d71b5-15b1-4c4b-a938-93684b33ecf9,5
Alex Mason,18876,5
Sgntronics,22591,5
Albufera,22666,5
Miët,6f0c26a7-c2bc-443e-a9fb-16702365aeb6,5
Jacket Thor,22678,5
Rony Friedman,22682,5
Leapling,028b9e2e-4265-44cd-be01-56e1d2b5648e,5
The Nude Party,3d36bd1f-a551-4b16-9cb5-3e4c68bc5f2a,5
.zigo,22787,5
Cyrus,22796,5
Taner Tumkaya,c2e353ee-73af-49af-b498-90d1aeeca31e,5
NO FUTURE,22806,5
Trillion Catz,3a8bac07-6baf-4d94-a068-c07a9189189f,5
Mat U Stone,ebc0f3bf-ca72-4c5d-886a-2e20a6e6a99c,5
Behavior,52a1f95a-469f-4046-90e7-94c197fa97e2,5
SUSIJAT,23332,5
Say 'Kiss Me',0bcea4a1-fda4-45c3-b763-45d53088ac89,5
Sahara Sky,23108,5
Ainst Char,20628,5
Thee Oregon Artificial Limb Co.,22541,5
Sylvie Simmons,fc4dbaef-5e1e-4907-a8f8-b184dfb31787,5
Lota,23493,5
Black Masala,4aba24a5-1eec-45e3-ba1f-d685b862f43d,5
Sublamp,9f05c111-0fc6-4658-835b-7e202a9290e4,5
The Hunters,f0090f69-0cab-4140-811b-c6dd21d9ec61,5
Mela Zeta,6131,5
Balún,0c42e563-4785-4607-8535-b35f0f3c5b86,5
Dennis Diken with Bell Sound,fe0da2ff-3c09-4b03-a592-29d006b7a1d9,5
a Foggy Realm,829e246f-c6d3-4a75-a231-ca10122dd64c,5
"Martha Moopette, Heather McCal",6509,5
"I, Cactus",ffca87aa-19df-4c34-b02b-a16127e44427,5
Rhoda,6640,5
CTV.,682771b5-45dc-4126-b95d-6ac5e2a4af43,5
Aunt Jamamas Big Band Vigilantes,36605547-15c7-42c5-bb25-a178749e747a,5
The Grand Astoria,9988415f-3c5a-422b-8e6c-1091b22ec97f,5
Hugo 'Droopy' Contini,4ad5664a-88f1-40ac-b015-16da46195968,5
AQM,7426,5
Same Actor,19d5c81c-9158-4155-aec5-222100cb3f49,5
Iron Man,ec74050c-f96b-490a-af4d-3b541434d69d,5
Sinus Buds and kuz.b,7484,5
Scott Joplin,aec8a328-d2e8-4780-b2ea-318c7f8d6f75,5
Trash80,15ba6421-9c5c-428f-ae7d-c2d40010734b,5
The Truth About Frank,67335787-e994-4141-90f1-7015aead642e,5
Amy Sayer,7458,5
USK,e1050260-e94d-4b86-910f-d52300f724af,5
Chriss Sutherland,f4461f01-cd95-4c57-9eba-b8945c9703ab,5
Louis,17a8fa28-a64c-4efe-bf5d-36d4095496ab,5
Eric Lindley,8094,5
Rifhes,70df0fc3-d5d6-4b21-8ca6-e3f3a95a4195,5
Remote,8421,5
Lazer Crystal,1bb10486-ecb8-45d0-9b2e-e7323c317aa5,5
HeavyFeet,9c7fcf58-c3b8-4459-bf0e-e6274dfe0065,5
Cecilia Lopez,8471,5
bill bissett,c61c58d6-7848-4460-850e-41764b2e7986,5
Th Mandan Massacre,0a95d317-32e7-4099-967e-94f38180f3ce,5
White Suns,d41a6d66-fba6-4945-b370-cfbc3038bedc,5
Alozeau & Jean Montag,8584,5
Lou Barlow,6196,5
Papa M,6edbe0fb-734e-4b1d-9c64-73ebb04853e1,5
THE! & Ruben D'Hers,8754,5
Zombie Raiders,905de5fe-4715-4610-8cec-7473b8a56f49,5
Chico Mann,db6e2aec-00e0-476a-99a3-babf1e16b2b0,5
Illinois Brass Band,9080,5
Dr. Frankenstein,53a8a8a9-ca66-4927-ba58-aa7aed2081b0,5
Invacuo,6736421c-0329-4339-9987-f7e20365bc9a,5
Wisdom Tooth,19d16e5a-39c2-4647-aca8-4977f005f3be,5
DJ Skull Vomit,d2d64b4b-1fdb-488b-bf2d-6b8bb9bbab4c,5
zBlug,9311,5
Tony Castles,7d7c36ea-341c-4efb-8cf1-5fe3b2744b98,5
Kido,9449,5
Back to the Future the Ride,fb9dfa74-0202-45b2-91c7-8c1f99d86d7d,5
Adam & Alma,1a584317-c33d-4522-8471-ee7ef73f166f,5
The Spektakuler,9616,5
Taju-Ukko,9981,5
Dio Daga,9984,5
Julian Lynch,3d494165-5456-4c9d-8fa2-180511946152,5
Eok,5e69cd48-4e9f-4ea8-a980-77a516ab174e,5
Jamie Kimmel,10222,5
Myo,10234,5
The Duo,6950a18e-bc59-4cb9-8905-c304f670fb2e,5
The Goner,c0e8e4db-5da6-42eb-b323-7a01d9f665e4,5
Cone,10371,5
Jeselsohn & Nuñez,10483,5
Bomba Estéreo,aea8576d-7ad5-4430-bf2e-63725d80f05c,5
The Legendary Pink Dots,38f0dd4f-bcbb-4e7a-afae-a41a2bbf9d74,5
Bobbie Peru,211162a8-e2f7-4308-aa59-b21ed421ee0b,5
Sex Worker,1ec42399-ddb8-47eb-9efe-5e615aa4d056,5
weltAusstellung,bfb8e08c-a600-4e42-b027-711b58b433a4,5
MZ-N710,6bdb2878-1e13-4bc1-b6a0-47ff0ec80621,5
Damien Olsen,ebf311a5-f4f6-4476-b965-131b7eba1b7d,5
Willy Stamati,e16470a8-39f0-4b7b-8c11-5a545b02c235,5
Horiso,1fab2f25-3df7-4f36-b101-4f132c84553c,5
Mesu Kasumai,f77e11c4-f64c-47fb-bb93-02c81c501ea9,5
Will Heikoop,3e94ee93-79dd-4754-8f52-a03b64d44b44,5
Furniker,36a24672-075e-4a94-b24f-634c3a106007,5
hhhnihhh,38de6fb9-f8bd-41b1-8bfc-d19d1c40bec1,5
Ad Serpentae,590f2d63-ecb4-461e-a90a-da348ae12d39,5
1400 POINTS DE SUTURE,3c01d672-b823-412c-a744-cf060bd73eeb,5
Six Heads,fbed3c6a-7132-4cfe-ab88-6e1271891350,5
Feu Machin,63eb6793-acdc-466a-8675-5e5f63b1d3b3,5
Christian Björklund,c2679964-baa8-4479-a3a9-de66849e9f0a,5
Boris & Olivier,7794,5
Fol Chen,45e0766f-0a92-4592-a71e-c7c80b1ce008,5
Without God,3391256c-a1c7-40be-872c-885360644ba2,5
Cotton Candy,7992,5
Madeline,d30d7412-80c4-4c3a-8704-a276f04e5b11,5
Simptom Pogremushki,8373,5
Gepe,c9e12a06-e0c5-4705-bb66-98231c5c9e71,5
Wizwars,195d86d3-ca7d-4f8f-9c84-0fc0884c366a,5
Adviruz,ba8b43ea-33a0-4762-9166-82ba1e499dfb,5
Sadnes,1d15ead2-c807-482b-8ce7-fbf3f0b0f205,5
Kaputt Kurzwellen,9822,5
Kokomo,9979,5
Fergus & Geronimo,03bb064a-ac18-4b4d-9c5c-4e4048c12773,5
[Esc.] Laboratory,283070a1-a3e3-447d-9b84-e88a80fd0ed5,5
Cheapshot,40647726-b0bc-4b56-9f61-838f51982373,5
MUTATE,4d86968b-270a-4fb6-9fe9-6d50b0ef521e,5
Richard Lainhart,2ea2b426-92d6-4d7a-9337-8883a608418b,5
Antoine Beuger,4cdf451e-1436-4cd5-b0bb-ce9f7dc94c0e,5
Ellen Fullman,877c485d-3b95-4278-9fc6-cdedc16e80be,5
Copal,10914,5
John Hyatt,7582d300-8c6b-446f-a469-6420ea1cbe29,5
exileFaker,202aa635-9c33-4ae2-965f-85efd1aa23fc,5
Eliza Rickman,65d4f206-9f54-4b90-b207-f9e2b626655e,5
Long Long Long,3259d4e8-60c1-49da-96dc-457c016a4d51,5
Nagra,2782c15f-2a1f-4b69-b82e-fb16f2d13c87,5
Noctambulo,710138c4-a241-429d-b6c0-0245f73688d9,5
Hypnomango,57f0b528-a54c-49bc-aeb5-6c3dca7681ee,5
Himene Chorus,11644,5
The Limiñanas,5942ebdf-6573-4a68-b686-e0e37307344b,5
The Octagon,d432220d-e5bd-4dc5-bc29-9fc45949eb42,5
Afroskull,7e3be57a-c3e0-4d6b-999e-fc884d185d8a,5
Ardei Iute (Moldavian string band),6343,5
El Niño del Parking,6969,5
Ritualistic School of Errors,7177,5
Nicolas Bernier,191a1539-7ce0-473e-a94a-26fae71bae3a,5
Simon Trottier,e07a38b4-3e92-4b95-8bba-ecb9cceb6c3b,5
Akhet,10335,5
Karpov Not Kasparov,1e387fa5-cf37-4402-941c-4d61d2999eb1,5
Ela Orleans,926d46e4-89f8-41c9-8a3f-4e549bc0e859,5
23ID,12723,5
Liquor Store,14eadcd5-69a0-4c93-8db0-e3ea4636054b,5
Ofir K & Den Haag all stars,12961,5
"Machine, Dear",13116,5
Herwig Holzmann,baa4c804-7250-4d6e-bf86-cc7314aedb66,5
MeDo's Little Trap,d30ed095-daec-4d82-875b-1aac5584e58a,5
Sharon Van Etten,5a2e9cd3-010a-4aae-9f83-629253284202,5
Serious Fun,13495,5
The Dreebs,461ccacf-e3a9-4f0f-a0e3-d24045c5d5c0,5
Mr Worry,13821,5
Cleaners From Venus,1cf5f079-706d-4b1f-9de9-0bf8e298cc97,5
Gentleman Jesse,13917,5
Thomas Allan,d4a74a84-58ad-4892-b430-2b23d59f801f,5
Emperors of Blefuscu,13986,5
"Arrizabalaga, Bravo, Laginestra, Martinez",14015,5
Setec,30606afc-3a79-4be6-9809-2d307a5548c1,5
Amplified Cactus Salon,14087,5
Sonny & The Sunsets,c0598d2a-803b-4950-9336-a8155d418561,5
Birds Are Indie,1efdd1c5-9ff9-439b-a66a-8786fc9fdd69,5
Vespre,14960,5
Martinibomb,4c877fed-624d-40e3-9baf-6b9c650bbadc,5
BLOODHUFF,15406,5
Julien Mier,a7b0c43f-ad7e-4186-a712-84198b793418,5
OU_pi Golgotha.undead,12326,5
Laura Sheeran,8788,5
Anchortell,15892,5
Perfection,652ef921-bc32-4afa-a413-ae552525bdb3,5
iris garrelfs,56a7a8b5-8d4a-4258-9fdf-3c1efb9eb218,5
Mou,7213,5
Keith Burton,19586,5
Fengir,f76f05c4-70fe-48f3-951c-e9793f7fcc84,5
Catharsy,19881,5
Arco Enarmonico,eca2c41d-a022-4b72-bc23-97a8767903f1,5
Vinnie Paternostro and Michel Kristof,20086,5
BreakBeat Chemists,20155,5
Ryan Cross,a5e18109-91c3-48f8-9b64-14ae08f8ba03,5
Anima,19102,5
Zachary Zena Giberson,692047b3-f904-4aec-b973-0fb03872b01a,5
Barrence Whitfield & the Savages,7fc8b7bb-8690-4d6b-9c4c-d8131818d925,5
OBN IIIs,31879f68-9283-40c4-8a4f-02ef958ed0ea,5
Bright Falls,60ce4a29-2cad-467d-aa61-05d5508d3f86,5
konofumin,21026,5
Connie Acher & Jelly,21033,5
Dungen,25c76eb2-a92d-4624-9e30-093fc16ed5eb,5
Kayve,116b9495-0591-4c47-a0c7-821fa3f854da,5
Кирилл Макушин,21240,5
Hexigen,21369,5
Julia Kent,63733317-8113-413a-8b8b-7ef89cd1f50d,5
Anton Rothschild,c56f21f0-5a32-4913-baa5-b36f0cb7abb2,5
Fire Island Pines,f465fc2c-26a6-4fe0-a8d7-c0ac9641ac67,5
Julia Rose,21585,5
Edessa,21619,5
Miranda Taylor and Mike Hunchback,21715,5
Tenniscoats,6eec62de-e783-47e4-89f9-e02fb61ed2cb,5
Robyn Hitchcock,0584e561-1442-46c9-9593-923c34571eb7,5
Jon Collin,e7b0d8e8-5ade-49ac-bd46-410a9a2ade69,5
maD,438aa2fe-0c1c-4e16-a9f5-6c826b953690,5
Teatro Grotesco,db1609b0-aee0-491f-9d0a-1ba9c331a847,5
Glockabelle,fcb68790-5c5b-4b79-8dfc-6382abcdd779,5
Oorsprong Curator Series,16734,5
Pee In My Face With Surgery,16835,5
Peter Gresser,807893c8-9766-431e-9729-22d6f942093d,5
Barbez,998b8b30-52fb-4e58-b621-d0516c94d824,5
Mystery Pills,64983060-f971-4307-866a-6d89ad275612,5
Cosmonauts,8af3d491-20a5-4e70-b81f-fa336d9b09cc,5
FOXHOLE,17327,5
Trojan Horse Rotovator,4abf07c1-3d05-487e-bbb5-11a8f5bf963a,5
The Chronic Sleepers,bc86f4f4-c8c8-4d96-b921-bbac13a31aef,5
.357 Lover,a0c0842d-9705-4369-b117-bf182730baca,5
Gilo,17892,5
Gospel Of Mars,17894,5
Phundamental,12d9baad-6507-4fd6-8e73-66053c23dac5,5
Margina,18153,5
Jim Keller,02212f96-0d16-4919-bed2-342d043a1b19,5
Vägskäl,c29a79ef-3008-446a-bcca-72646f438209,5
The Harrow,07262042-670b-4c81-ac9f-438c0a0a67b8,5
Kristallo,b9faf7fb-c305-4313-86f2-89f44857b972,5
Mindseye,41b35ccd-6f17-4ab6-ab5b-af0f930892f3,5
Dr. Rinkel,0703c869-fc24-45c1-bf3b-8b847deec6bb,5
Bueno,23540,5
Deiezione HC,23635,5
Coco Morier,b10954d4-0b15-48a6-9333-5a4c7169da51,5
Sro,23707,5
Eggs Over Easy,9504e185-af68-4ebc-8cc5-02bf234b88c5,5
Balkan Peppers,23814,5
E-Shine,69e093fb-cb55-49c8-98cb-2d5b2f51dc4e,5
Bio Dread,a811d8cd-18aa-4e59-af4f-0bd32dea614f,5
ardleg,85c630bf-f8e5-484c-8900-c21527258479,5
alpha jaguar,20545,5
Mark Wingfield,4f11cf02-421f-44f9-809a-bec0a1f161a0,5
Doobie,21983,5
Marquice Turner,4b560bb4-05ff-430e-80aa-634a4890b081,5
Keith Doom & The Wrecking Crew,95fffaca-12db-455c-9488-1d5fb3f2bb79,5
Matúš Novanský,22202,5
State Champion,95dccd9c-5e92-4df6-8d64-1921905f6a35,5
Resonancedj & Giulio Maddaloni,22400,5
LG17,22481,5
DJ Kleva Kaslam,92c7ac49-e712-4e24-a875-737374490233,5
Barbarix,6ae9b7d8-602a-4b90-8445-cd894083feb5,5
Brigid Mae Power,8a9b0397-5850-439b-83c4-d77c3baa6aeb,5
The Ghost Between the Strings,fbd2a415-3400-4eb5-ba91-1049e61f8933,5
Timeheater,09718904-0667-46bd-8e58-b456bb40f51e,5
Vor Onus,e5b3412f-b3c2-4477-bc40-46829c3d5dba,5
Thomas Fernier,b8449d3c-e4e2-47f0-8196-b2c94ebed0de,5
Apple From Earth,63046152-cbda-43b0-b2f0-e8bc550e1e9f,5
Friendly Foliage,b5f5b1ff-578e-4e25-988d-6d80b8af87b2,5
Oudeis,63bd7eb4-f836-45a1-be9f-81c867c88130,5
Kate Carr,9a261d0d-69b2-4338-9c92-152d7a35dc1b,5
ONO,14121,5
The Bribe and the Mockery,22679,5
Gas Anorex,5d709454-4089-43a3-9ace-a197bfdd63bd,5
Tzii,4c18f3cc-c401-4f02-bfbb-610282c7a45f,5
Daniel Powell,23644,5
Arno Bruil,e20369fe-c5af-48b2-aa20-26a3a399a185,5
Teleg.,e7397656-bd5f-434f-98a3-3955e7d0fbcd,5
k.a.n.t.n.a.g.a.n.o,d0b7523a-7fce-4652-b565-4fe143acb31e,5
The Wounded Violets,6791a0e7-30a6-4a01-93f4-f0da061ac921,5
milch of source,74b56f3e-7a49-4de1-b8f0-33c20dea313d,5
Anthony Donovan and John Hyatt,12313,5
Pat Murano and Tom Carter,13408,5
the Woodpiles,af9f9447-72d7-4387-af96-2c4a7fba87d6,5
Invisible Sports,737008c5-bc1a-407d-ae8f-337514b81f65,5
Codex Machine,2c0db23e-d3a0-4c68-b06f-5aeb02fd3e92,5
Hom,d72b0730-6cc6-4ed9-a60f-21b904cfe5f6,5
Upsidedown Face,8623,5
The Crevulators,9206,5
Jóvenes y Sexys,3f56041b-0f06-4c91-b011-252869c3dedd,5
Harald Grosskopf with Axel Heilhecker,10699,5
Miriam Kaukosalo,11134,5
Diecidicembre,11366,5
Mondo Cool,19739,5
The Monsieurs,53e2f208-cbbe-4d70-a893-6bab25d3a999,5
Cell1110,1b413694-05a5-4959-ac80-70f929f7b7a4,5
Yoshida Com,20511,5
Kevin Cahill / Ryan Waldron,21122,5
Sheeba  Exp,21463,5
Choban Elektrik,21620,5
Chris Gheran,30192dd6-0d78-4ef5-8104-cd337bb7b130,5
Obnox,b1d8c11f-dab1-484f-8d29-0c791a540375,5
Felipe Sanzana,19022,5
Robot Comes to Me,794826ca-ee5d-4a35-a030-1e6c28cfe55a,5
Old Splendifolia,c83cd26d-50c9-40d4-80ce-3f4b5f67fd37,5
White Wards,5adcbfe0-27a9-4212-8cb4-e02df1f354a0,5
You're Terribly Late,64d03b87-2f76-4671-85ed-372cb39a2b67,5
Craig Mileski,6fce87f6-3773-4d8e-9889-8383702ef986,5
Hopewell,ba6a0dec-9433-4678-a7f6-6c320fed1e0b,4
Yukon,a416e9c3-6d67-4f09-b3cd-f6ba87ce0ee0,4
Dub Terminator,c025addc-42c6-4f95-b65d-39d02b6afcd2,4
Jon Gibson,791,4
Franklin Bruno,e215dcc5-4193-493c-ac7a-436625bcf4e9,4
Dafna Naphtali,9d386729-85d6-4628-97b7-b10e878f6d7e,4
Single Bullet Theory,7b807a5a-39f8-4939-b973-d81d8470d590,4
DJ's of Mass Destruction,111,4
Dora Bleu,13474f6d-d46e-415d-82ee-11cdae611e2b,4
Clyde Rourke,107,4
J. Anderson/S. Brooxx,171,4
Mike Rep And The Quotas,08bace72-2497-4953-9c1a-fcad2a70c670,4
Monoshock,945ff56e-733c-4909-99b9-6a6fe429f51a,4
Ninja,225,4
Negativland,78c1866f-92d8-4180-98ea-fe88121aa195,4
Strapping Fieldhands,935f346b-edf8-4144-90c1-b5c77f48baa1,4
The Lindsay*,289,4
The Yolks,3c65d61b-9db7-40cd-9a4d-4470aac66a14,4
Voodoo Suite,9e357d8b-9c6b-4010-a674-e27b130d6e01,4
Yuma Nora,9c024378-e935-4698-8257-2094e0f32394,4
Adept,54b9c704-f9a8-4c77-9014-189a33ff4e12,4
Ai Aso,390,4
Great Plains,811,4
Killdozer,915,4
Miss Chain and the Broken Heels,ca924ff8-65af-463d-a3e5-2ea015c1e61f,4
Mouthus,e8de7f7f-d8a5-458f-beb7-658f7486b6c7,4
That Thing Over There,1317,4
The Pets,1124,4
The Pets,2ad5c687-41e2-4dbe-b209-82b928082798,4
The Cynics,616,4
Evangelista,bc89973c-306e-4051-ac67-17334745a762,4
Zola Jesus,c35bd778-efb5-424b-ba7b-dae56d01a206,4
Mary Halvorson Trio,e0151fc8-17b2-440a-bdf1-a7d92a557a15,4
Cold Cave,f7f32d93-0801-45cb-9f5a-e68f640649f4,4
Idmonster,a241ff5d-858a-48ef-821d-6e421486882f,4
Cheetah Chrome,4b4dc503-0a30-4f83-8bc8-aa82187639d6,4
Sakura Madams,1844,4
Lior,815d6a24-ab6e-49dc-83a1-27c8075f21a9,4
Excepter,5101d975-a63c-4431-b630-1b195e226fe7,4
G Lucas,15,4
This Fun Fun Life,19,4
JFrank,5,4
The Blood Lemons,2118,4
Paybacks,1117,4
Double Helix,c8cca973-cf5f-448d-b092-67eaa28d38af,4
Sightings,1225,4
B.A.A.D.D.D,2774,4
The Observers,c12af304-c8b6-456f-bc3e-a16a9fda5427,4
Tradition,62ec814a-c93e-47db-8785-ed00a37e7b82,4
Jasmine Love Bomb,70c53a5b-066a-4c88-a48b-dd644582926f,4
Lowe Opta,c0f6edf9-646e-49e7-a5ea-0d703657ba49,4
Abdoulaye Alhassane Touré,0d1a91bb-540d-4d65-bc41-7f7e21ac9fdf,4
Red Unit,b6cc2681-0cad-4d74-8038-93cc389db2d7,4
Storm the Unpredictable,9e3f5196-905c-413f-8a0a-56b052a0e350,4
Clan Destined,aaa54946-6c08-4983-9c02-3edec13b149e,4
Brahim Fribgane,57c2efcb-a0fa-444e-a4bd-b55856d7c472,4
Upsilon Acrux,01d8d4be-4c8c-4366-ab8e-8ac88c34d661,4
Telluric Currents Series Preview,4222,4
Köhn,24183edc-7e90-4b15-9c9a-11203f162adf,4
Bubbles,4434,4
De Portables,d8d6f8cb-cda3-4043-a009-abde8d3b5214,4
Monty Cantsin,1b433270-9506-43ab-85c0-1f039ed83caa,4
Arthur Francis Collins,856ba0a6-e2e3-4449-a60c-0e639e7329b3,4
Twizzle,5502f23a-ae29-4339-b433-017d72cd5533,4
8GB,e3979cad-4296-4ad0-b6e8-f285a0b391bf,4
City Center,1c7e2c5f-e0c5-4408-8fd1-37ec216ca18d,4
The Pharaos,25a2654e-c63a-4860-8dd3-d06baae261ca,4
Crush Limbo,94e51685-a2af-4044-aab7-cf7ba41d4677,4
Atomic Butterfly,a0af14c4-7f26-420f-8d0d-50299431d777,4
little-scale,dbf807ad-653f-4335-8a76-f148b2d9d96c,4
Michael Stasis,c5f7e5ac-1d0c-4d0a-a13f-c7295ee754b4,4
His Orchestra,31ae5948-b3c1-44a5-b4d9-e90c952159c3,4
Jeremy Wallace,98d891e1-428b-432b-970e-091226e89f74,4
Funky Terrorist,489882d0-6d8a-4c29-a92e-314933b74c26,4
National Grid,2002,4
T-Model Ford,1601246d-9f0b-4e77-abfe-b4e631288eaa,4
Seek Six Sick,5111,4
Caribou Vibration Ensemble,16e2db7a-c995-4ef1-a4f4-6435eb563c95,4
Marshall Allen,354203a0-fa53-4296-9094-12a232da0503,4
Columbia Orchestra,5243,4
Static Static,5008102e-8de3-4988-8d66-4d81c0da6c8a,4
Cul de Sac,2d45574f-6e9f-404b-b87b-51ee318bbc27,4
Steffen Basho-Junghans,bce4eaa0-f93b-4e61-b29c-c69fa99d8abe,4
Dirty Mittens,a9f30a3d-7432-48d2-a9a2-b9d32d201e4f,4
Kyle Gann,31ded2b0-676c-4580-b026-3152a111ea9a,4
Liturgy,a3dfd599-c84c-4588-b3a2-ebd98c8aeaa0,4
Ashtray Navigations,1fe458b5-42e1-4ce7-a766-dcbf135d4843,4
Picastro,8d0ede5d-da02-4857-a4fe-5fc9f1efdae6,4
Alex Waterman,77910ad8-d9ba-43a3-bcc3-cba9bdd7beef,4
Iyez,5428,4
Chris Cooper,4749,4
matthewdavid,a9549228-8e49-41d2-9a04-0b5ea2056800,4
Paul Metzger,0316dc1e-9d3a-4ca7-b5dd-8a09f265ac50,4
Peter Evans,,4
Ryan Jewell,258,4
Leprechaun Catering,d29cb10f-220a-49ba-87af-5952f9a0b453,4
Softboiled Eggies,11b86d26-6e62-422d-82cd-8186db98bd48,4
Karine Gilanyan,19a36474-f72e-4adf-a3f4-c3a1ff7492a2,4
Here Comes A Big Black Cloud!!,6c1a1592-5be1-4b8e-b813-03f5d01b18a7,4
Benjamin Wetherill,b4473735-1159-468b-b4b2-16e7f781b912,4
Quintron,814ce4bc-bd78-4885-991f-b3cc90eee817,4
Miss Chain & The Broken Heels,ca924ff8-65af-463d-a3e5-2ea015c1e61f,4
Wildildlife,4b66cd13-6616-43f6-8d62-c74a56bfcda3,4
Dan Friel,1605,4
Mamak Khadem,c46babdb-cf6a-4964-992b-727fc9f3af3e,4
Gentleman Jesse,733e8aee-d879-4bd6-9363-630892cbcb05,4
The Space Lady,104b08d4-df25-4424-a6bc-51feb329ab1f,4
Sheqer,1832,4
MV & EE,de9aefa9-f7df-4638-ac35-7ac1bfd98828,4
Hecuba,785b0793-a64e-416a-b991-1e3d75b5f918,4
Mattin,d98d95e8-563d-4591-aeac-0fa0a6a53002,4
Merzbow,2841d983-f8c3-432a-af02-7407a84580a8,4
Daniel Blanch,05471dc2-e576-456d-bf53-841273964db7,4
Knyfe Hyts,46eb2623-9664-4e45-9400-0df3280773ce,4
Free Tim,3078,4
Kamran Sadeghi,ffc24d78-77cc-492c-a422-fa7f0f29eafc,4
8m² Stereo,1bfa102f-52af-41df-8bcb-db26140b1a64,4
The Rumrunners,3899,4
Thaione Davis,bd0ae781-f613-4c1d-819a-2e8c4e8c6967,4
Eddie Meeks,722ca875-7db0-4558-a82e-0949afb0ccef,4
Epoxia,37e3ba96-72d2-42c9-8f06-71aa371edc3a,4
Marcoerre,d68fa7e7-bfb7-4f00-9161-014d3044e774,4
Glows in the Dark,bb7922b9-07e4-474c-aa81-62d8488a1264,4
Gargle,cd7688c2-6681-4794-ad1d-e6a08dbe19d6,4
Gitarrenarmee,d006b9b7-5866-4f02-9d26-8f1042c8f335,4
Le Ton Mite,b141820c-4ad4-4e8a-9f3c-0f4e51213421,4
Vess L. Ossman,1b223dcc-04ca-4c74-948b-813f92468cc3,4
Steve MacKay and the Blue Prostitutes,978,4
The Pink Noise,1820cded-1719-40bf-8455-c792081ef1fa,4
Betelgeuse,4813,4
Paavali Jumppanen,28f27173-65d5-4dc6-b2f8-78be96e07771,4
Graveyards,4926,4
Paul Klee and the Bounceboys,5015,4
Volcano The Bear,0dbb85b2-d0c6-47bf-b7c6-6011df868896,4
Aaron Moore,4810,4
Dead Wife,d36b5104-408f-450b-a9a1-ea1e3e960be3,4
Urthquake,5103,4
Mattress,5108,4
Holy Cobras,e9c7b08c-fbec-4a8f-998c-d3d581206cc9,4
Eatliz,fa7dfb26-ce53-44ef-817e-e5aa511fddf6,4
Eet,5537,4
Roland P. Young,38080f74-1a02-4f2e-82f8-1588d363fe61,4
B1t Crunch3r,759c7ba9-28b1-49f0-a4c7-6f2b46b27f2b,4
Killeralien,04074474-2071-476a-bc74-819f5e88423d,4
Phonetic System,c0d0c794-680c-4da5-af46-ee69cf62da8c,4
Husere Grav,e43f819d-ebbf-4e6a-8ebe-7e4475cc70f2,4
Anita,6008,4
Amoebic Ensemble,c86633be-b823-4582-b667-8626b2ccbbbe,4
Death Sentence: PANDA!,d57f09e1-7547-4f77-81f4-f9b9875ef665,4
Xiu Xiu,331,4
MEGA*CHURCH,4427,4
ZOE.LEELA,8d66b09d-ee46-469f-a8ff-bb554cc124af,4
Mayor Daley,984a1dd1-987e-43c8-ae1f-7e84ef8845ca,4
Angst Hase Pfeffer Nase,6eade7cb-ab6b-403f-bcf6-af34169ba9ec,4
Philip Lynch,7509,4
ST37,1271,4
Br'er,714a248a-21fb-4a09-ae20-b69e66ea4ec3,4
Mtn. High,57ef1322-80e9-4392-b8e6-14bfb2b90689,4
Sweden,2325,4
DJ BrownBum,657,4
Normaa,a0f7b0ca-8693-45c1-a9ea-fa825c01c6ce,4
Disrupt,5fffffdf-90d2-4e77-a12d-ea1ab24bd2b9,4
Prince Rama of Ayodhya,6ca24ff0-c0dd-4c37-8029-f052dafb1e4a,4
Wozzeck,3c455261-d20c-4f44-91ef-dd9968a54138,4
Bobb Bruno,245deec9-bf59-4713-b123-d4f2125228c5,4
él-g,4048,4
Zs,6c79b1e6-cea4-4413-b87a-c539133dce86,4
Superbus,cc530e1c-1d94-4a55-8dad-685bf167766b,4
Alash,d04b3d25-137f-4ad1-b045-dc3023945970,4
Monosov/Swirnoff,4794,4
Dragon or Emperor,492db019-93ba-4388-9729-5df446e4aff5,4
Grasshopper,5165,4
Shlohmo,21a0e450-ae4d-473a-add4-744542ab9bf5,4
Blaster Al Ackerman,2da1a52b-878b-4c8a-bdfd-b4762b90437a,4
Hall Of Fame,153,4
Marion Harris,5ea8d4f3-612d-4b65-b008-bcd72c655183,4
GUNHEAD,0fbfb35c-2f7c-4090-9c13-4c3076c38f0c,4
Hall of Fame,84c3cdf1-7872-4360-81fa-e3511eafe1c8,4
Jason Willett,450b34f3-dd2f-4abf-be7b-a96f87b8a23d,4
Raunchy Young Lepers,250,4
Speechless Brothers,277,4
Tatsuya Nakatani,85adbb5f-d4af-4f43-9cea-16ffcf8b0c7a,4
Greenbeam & Leon,a5ff0bb1-11fe-45bb-a27c-c92b3d7e3563,4
Renminbi,2f9b1a99-d5f0-4c92-b57b-5b26369977d3,4
Pimmon,96623662-2960-41eb-9dca-4406fd7fe6af,4
Andrew Pekler,ff0311ad-5acc-4346-9952-ff55112568ca,4
staRpauSe,4421,4
Jeremy Denk,71987909-1c14-4761-ae93-502df99eec41,4
CAVE,95,4
Jeffrey Lewis & The Jrams,a9f27199-1ae9-49b6-9580-78666fa246dc,4
Fear Konstruktor,d771656a-c5fd-4d61-af1a-24cbbcb40919,4
Tipsy Oxcart,d11b8541-636a-4e09-92aa-65c6dbd904ad,4
Ornamatik,17938,4
Floating Spirits & 2Kutup,17969,4
The Obscure Dignitaries,17976,4
Pangea,18013,4
Bulb,6135,4
Gordan Morgan,18294,4
David J,41225e9f-3b4c-4287-a778-165c65f04be9,4
Johnny Jitters,2d044a11-d53e-4ca5-9bb4-61f8eca9c6b3,4
Nina Kardec,0152bbe6-c5c2-4391-8b4a-9ec490057f3d,4
Morphine Bandit,17442,4
Travis Johnson,10513,4
jim baker & sarah j. ritch,18562,4
Jukka-Pekka Flander,76140cfd-a5e8-4e44-b482-56a2a2a9acd1,4
Combo,0342c9aa-fc62-4b5a-a09a-ea2588d6bff6,4
Leif Vollebek,18589,4
Dario Fariello,5e19a0ac-5cf8-4a5c-bccb-ff8df838d7ec,4
Night Rally,7943b05a-8fc5-4c18-8c1c-d5ff7318e665,4
Remote Hearing,18684,4
Tunnel Of Love,15532,4
The Young,8b3b4985-4ad1-4e17-96d0-fd99e878bb20,4
Plagasul,3cc1e324-ebda-478a-a3f2-89e15b61a270,4
Health&Beauty,18826,4
Marlaja Virta,17126,4
Room of Wires,ef7aa6b0-8cc4-46d2-9406-eae417fd0e27,4
Jackson Moore,18851,4
Bunfly,12315,4
Vicky And The Vengents,5586bd71-f32d-45f9-9297-cd8aaf58b220,4
Skip,e03cb18a-4926-45f9-bd05-2e01d5973539,4
tramuc and darius,19061,4
Chris Silver T and Mauro Sambo,19104,4
Vizion,27df63db-d7e9-4647-bf4f-9d1c41c2ee96,4
Sinusjog,f3981cdf-4ae8-445d-a477-acb91edf6eee,4
Hank Hobson,5f0d301b-ebc2-4e19-9c9c-39a6cfcb48b9,4
Pyrn,6fbb8a09-90e7-475f-beb2-0098bab1cc9e,4
Iku,751b7388-f271-495a-93d0-f9513d53f960,4
Spinning Clocks,19352,4
Samuel Vas Y,19389,4
Dream Youth,0b98e687-3e66-4fca-9e8e-a741503e09bb,4
getoffloops,19431,4
Fallen to Flux,79723231-cc17-4689-a2f4-91d7ab80a6bc,4
Bryan Mathys,19482,4
Ellennerv,19455,4
Blackberry,19487,4
Null String,19511,4
"Daniel ""BozoDel"" Piovezan",19522,4
Sergiu Popa and Balkan Camp Orkestra,19611,4
Fredericks,19617,4
Ultratech,8c58f0ec-7af9-4d21-b2ad-037bfb51dfe6,4
Nic Falcon,b3f3871a-0b32-4ab2-85be-850ef613add8,4
Helicalin,b00bd721-723a-4493-962e-130d50d87d8e,4
BIG DEBBIE,608ce794-31b3-426f-bb07-4223aec1e957,4
fast idio,190002c1-915c-4ed4-8d10-0de49df157a3,4
chloe orin x ono,20129,4
Daddy and Daughter,5d962957-89b3-4a23-ad3c-37712bbee20e,4
Hope for Agoldensummer,c9c9563a-9eba-4452-b786-b4a9ebf1aec0,4
Pierce Murphy,20348,4
METEK and Sean Derrick Cooper Marquardt,20368,4
CXLVIII,20452,4
Monamie,22e8100b-de7e-496d-85af-02237a11de2f,4
Artem Bemba,6ff2cb8f-6767-4dfe-bcb6-007769903660,4
Mekons,66d2169c-dea5-46d3-b4cb-52ed87b24ab0,4
The Pipeliners,20781,4
sound collision alliance,14428,4
Hellcore,abfe064f-e18a-449d-8051-983ec88999e7,4
De Morte,14578,4
Rawpass,14146,4
The Strangers,14954,4
the Uwe Schenk Band,4153b94e-b4b4-418b-8385-305e31d4e005,4
Balboa,15009,4
Monad,1e157d3c-1a39-47c8-b251-5a4ce43b1b52,4
Source Of Yellow,15091,4
Matanza,15103,4
Screaming Mirror,15144,4
Leonardo Rosado,521d1246-6947-4f20-afb0-9e244b663a5a,4
Electric Children,03b32b0e-c3e3-4e14-9bbd-b17158aa8f99,4
Heather S. Roe & Daniel Padgett,15385,4
Mark Lord,24cb3251-4bde-4949-ac57-21e9666f0973,4
Inom,15525,4
Loren Connors and Bill Orcutt,15594,4
Aka_bondage,13650,4
Daniel Spicer,d2d8bd44-643a-4a76-a276-d530b50b315c,4
Obsibilo,79a6f564-ff4e-43bc-953b-a4c68987915b,4
Emanuele Costantini,b3babcbb-e83d-490e-a987-dde06276aa10,4
Lyuti Chushki,15808,4
Tactus,1e5cc724-5c0b-4e33-97c3-98e3405d0cf1,4
(a is to b),4a176b2e-5191-4804-91b4-1a42aa0f31eb,4
Thee Open Sex,8b96277d-876c-491c-a0ec-e0304d4dd29e,4
Herbata,16045,4
Keaton Henson,f58e17e6-3c99-4a17-969e-fcbb9ee2720e,4
AUCHRE,fe315460-657e-409c-b0a0-62c015f92332,4
Moglass,9008,4
BLEO,15307,4
Total Reboot,51d2c339-201d-4f0c-8fad-6b7fb88c42cb,4
ZhangJW,3d0bc9ce-17b3-4573-a5ce-c3513f8f0d40,4
Mr. Bitterness and The Guilty Pleasures,4388cb78-6e56-4c0b-8aa5-983259cc2554,4
Stress Waves,3453f8d8-951f-49f1-b171-c1e57dbba616,4
Orange Peels,16470,4
Natalia Skvortsova,16522,4
Big Eyes,6ffce89d-69ca-490c-b7b0-42e4156afdd9,4
Sally Seltmann,2955649c-993a-463e-b6bb-310ef75e518b,4
Linda Draper,0c06de5f-d108-4399-b671-4ed5d3e719f3,4
Glenn Jones,d321f5ea-b3f9-4478-a9cd-7317d673d3f4,4
Herb Diamante,af64fd9d-dc68-4a83-ab8f-491ef698bd60,4
John Wort Hannam,3541b2b7-a664-42cf-accb-149992b14ed5,4
Opale,16878,4
ENDRUDARK,bbe54f4f-deea-48da-8cc0-a5b5da72c3f4,4
Luca La Morgia,16866,4
Conveyor,33290b9f-3184-4bf1-9752-adf1719b9970,4
He-Lux,e6b61022-51f6-4b2f-bd72-2973402c1c14,4
Black Juggernaut,17170,4
Designer,0ef8155d-73a7-4d0a-8055-532ece6da290,4
Philip Corner and Restu Kusumaningrum,17243,4
Guerilla Toss,a615b8f7-a9f6-4d7a-90c7-6fdf26b13411,4
The Chapin Sisters,b08834d2-b5aa-4561-aed1-5da8ad39b74f,4
Obnox,17362,4
Velvet Narcosis,bbca2116-a0ac-410f-ab75-986899eb4cda,4
Die Minimalistin,17542,4
Noura Mint Seymali,5fe8cdd0-e642-43f7-9138-fe5c707ddc38,4
Sound: The Encounter,17597,4
Hugo,17687,4
Pauline Oliveros,62c31c9d-d2d9-4b2a-9549-4be129e9559a,4
Diego García,8fa29916-c062-42c5-86b3-a1575d6998b5,4
Performers not given.,10872,4
Copal,783719e1-524d-495a-a1de-e37ce1cdd66b,4
Sky Event,10805,4
Terre Thaemlitz,e7b2cd64-3f56-4035-9254-3f60dea72fd3,4
David Borden,0671e605-9d4a-4141-ab5b-f2e6dfde9028,4
Bass Assassin,11089,4
Redhooker,b343ebe2-d63e-4248-a48d-478336c032c9,4
Winter's Womb,6383,4
Sounds of the Early 21st Century,10399,4
Radian,7074037a-762f-4ff3-89a5-39d9bb4df628,4
Milk Collection,11416,4
Raw Thrills,6b829ab3-b664-4097-b270-2670fab3930f,4
Tomas Fujiwara & The Hook-Up Trio,11494,4
Alpha Couple,11501,4
Sonidero Travesura,11515,4
Ol,11517,4
AEED,4e2ddfeb-d705-44fd-bb97-299150c41f26,4
The Paperhead,8689a5ce-c001-4c88-8a01-caebe6f0a9d7,4
Paul Bailey Ensemble,11600,4
Kalli,9a0fff2f-1e92-4689-962e-d9be9ba2262d,4
memotone,de86cb9f-f648-4985-82ce-106711f98e91,4
Naoki Ishida,1425ef01-7409-4dce-8946-4602dddef841,4
Hooves,375d7a5c-b103-420a-b885-339b8ea42892,4
Hans Chew,9fa7101f-ecc6-4851-9435-aa1742d3fe64,4
Alfredo Costa Monteiro & Tim Olive,11974,4
Cellular Chaos,688e819c-f446-43fc-a9b2-e408a4e0fe7e,4
Ivy,610404f9-26bd-4be2-8697-f916495f14a4,4
320320320320,12150,4
Guardian Alien,80f59a2b-5125-48c2-bf44-3aadbaa007a8,4
The Stepkids,6ce23118-84b7-42d4-85c8-513d3289c210,4
Erik Gage,12257,4
The Worthless Recluses,12334,4
John King,12348,4
Ryan Sawyer,6fc9e671-d26b-45c9-90ac-b6c6a62f4f24,4
EULA,12536,4
Flat Forme,12722,4
Suppression,e55d86c8-e075-4f9e-be94-42e4dc68ed2c,4
Hawaii en Marte,12751,4
Mysterybear,0f8e907c-c2b5-4860-9a21-6c6f23822087,4
The Beets,90020cdb-4611-4680-8238-f0138ba24de1,4
Fujiya & Miyagi,41a94033-8b12-4c60-a22c-38c78801e363,4
Sul Rebel,13109,4
Wols,4f423fea-372e-49de-b3eb-53405f7f4353,4
"Dave Shuford, Margot Bianca and Pigeons",13297,4
Aaron Moore & Carter Thornton,13351,4
Los Vigilantes,13447,4
Retral,3c8d4e51-1cda-4182-af2e-eb837b476806,4
Jed Rabid,84c2ae79-e884-4781-91e3-93395ec0919d,4
Occultation,50b108cb-4244-4a01-a378-26e96499d41b,4
Paniks live 2,13618,4
Coffin Boffin,9269,4
Wilhelm Matthies,57bedc04-18c7-41fe-a854-8c9e2f4e8999,4
Adubter,13720,4
You Me Tree,da491cc6-25e4-40eb-b01c-b67e1c9beb47,4
Oh! Belgium,13755,4
Massimo Croce,e0425d8f-7bec-4fff-a99b-1429a44a0e93,4
Niamh De Barra,404fbf80-9472-40af-9790-49110fa35042,4
Yellow Dogs,13831,4
arizono kazuhiro,13546,4
Karina Buhr,7674e87d-1c56-4c73-a08e-24fc3902f152,4
Hisko Detria,eb3cd335-17c2-4993-ba4c-0c225da8571a,4
Michael Evans and David Nuss,14041,4
John Berndt,b3011ee1-644d-4cb0-bae8-d1ce6289a8a3,4
Jack Moulton,14094,4
Koutaro Fukui,451024da-8241-4358-aa35-62a228d772fb,4
Mean Moon,14152,4
Benton-C Bainbridge,14161,4
Carter Thornton,f511cbbd-96ca-413a-bee3-5747e201d31d,4
No Class,936a8d3f-d932-4e9f-9ba9-197d2ebb4f8b,4
Herzog Rising,14325,4
White Wires,14343,4
Dana Kunze,14347,4
Remus,d4380a45-cda7-4039-96f8-0271e20b0860,4
Anna Jordan,20856,4
Snakecharm,5c45eb07-e112-4587-bc24-3944a791ac40,4
Fogheart,ec60c360-8037-4979-80a9-70bf4d393814,4
Spray Paint,17227,4
Inf,3c3e0e71-5645-4d05-85d8-3fb95b804e6d,4
Geoff Leigh,2a850ab7-fdba-4b2c-b69d-b89d3f09f65a,4
Boris Morozoff,21271,4
AG Davis & The Boy+Girl,21272,4
Consumer Electronics,a9a43258-870a-48b1-a43b-2e06b8a8037d,4
Elysian Bailey,21395,4
Guitar Lightnin Lee and His Thunder Band,10199,4
Gabriel Vigliensoni,1fa5bb43-82b9-4421-b2cd-c946ccffadd0,4
Hanetration,9cbab716-2c1b-4af6-8456-b2d61f4fc014,4
Ben McElroy,6debadca-26d9-480e-8c57-80f0fd90f0e0,4
DBPIT - Kenji Siratori,21676,4
The Golden Path,21677,4
Movie Theater,21772,4
gunctrl,21843,4
Nimisha Shankar,92e1fb3a-a559-4d29-87bc-71b34efe2e5f,4
Jovian Year,21990,4
VAVABOND,86b39725-2ac2-48bb-904f-9b5d40a9913d,4
Tacocat,b0635f14-7d93-4276-8943-6bc251aea033,4
Collapsible Shoulder,22021,4
Nattbussen,22158,4
Faust,0568e321-d42b-4da4-a025-2643c9fc13dd,4
Beverly,b87077e5-93a6-47b4-8015-2c4943b924b2,4
Vetronova,22201,4
OhBree,a7a15840-e46b-4650-b082-c911492416b3,4
Ars Sonor & B.Lone Engines,22232,4
Usher & Wehwalt,22249,4
David Nance and Friends,0a5f6c11-3395-4038-b53d-7b30e598a703,4
Dlina Volny,cf224202-6295-4aec-a7df-6594a355cbd4,4
Unsub,5cd796f7-8d34-4174-a565-63063ad0280a,4
noah,22394,4
TippWerk,3ebf22d6-255a-4626-a8b9-db4c3a464884,4
Katabazija,de63b001-acff-4fe0-9ba9-f59343e91f04,4
Corazones service,22535,4
Dsk-2000,14512,4
16-PARAL-LEL,028a4e70-ebde-4a76-aaff-a3e682e2f1a9,4
Jenny Dalton remixed by Lee Rosevere,15848,4
Guignol Band,15838,4
Far-Out Fangtooth,36884813-9b47-4cf5-a8d7-9fd1e07133a8,4
Hypersleep,17708,4
j moss,21277,4
Mondo Corretto,9a54491b-4ae7-41e1-a754-38671a51893a,4
Blue Dressed Man,22263,4
Auxillu,13511,4
Host,8c66584e-e4a5-4675-a62e-b81404e283b1,4
ana maría romano g.,b75cdf11-04e7-4250-8ebc-100aa01b1d37,4
Queen Elephantine,80581d86-cea6-4f3c-b19b-c0bbd94b1794,4
Hayden Arp,921d098e-08e7-4eef-a5df-798294cd454d,4
"look, orion!",579bf3c6-3d47-4f0e-8650-198554c08378,4
Sea Offs,23604,4
Serpentarivm,23706,4
Controlled Insanity,210dd391-ef48-4fd8-a668-4e1ee44e4252,4
Honus Honus,26b03f09-829b-473b-b647-4eab18f1efd4,4
Quasi,7183,4
The Birth and Death of Silence,23769,4
Matsu:Gravas,305c29c2-b3e3-4682-b601-6fe23912e18b,4
KimCosmik,23440,4
Miseryslims,f4e2a36d-95a5-41eb-adaa-2a0ecbebe264,4
Zurli Drustvo,23887,4
Galaxy Cruzer,23905,4
Pachyderm,24204,4
CorteX,f46e2c3c-3634-43e8-9794-b4e398671c02,4
SeppuKuma,b7a4a872-30a5-4fdf-98a9-c0607ef2564d,4
Arcaïde,a2c72c3f-6056-479d-b7a7-889658eb621c,4
Iva Bittova,597399a4-57a5-4c51-8eb2-b2cf7b13a871,4
Pavlina Roscakova and Denis Bango,24313,4
hopalong horus heisenberg,24348,4
Alex Mason,2wdDhEJ6MM8Pa8unvpw5kM,4
Okey Szoke,14190,4
tuonela,17208,4
Mrs. Magician,26f77379-968b-4435-b486-fc9acb4590d3,4
The Muffs,72186b6a-fe30-4e2a-9c31-852e23ff93af,4
Twin Heads,22784,4
Adrian Carter,d376386f-82f9-40af-92f8-9521838c2f15,4
Les Modules Étranges,03a2fe7d-7114-4513-a9ad-3ff2554c8a13,4
Giuda,9fc9f89f-a15c-4e32-b27e-9142e61fd210,4
Roger Plexico,22001e1b-bd58-40d4-9bc9-e7fef629db4d,4
Ghost Wavvves,0d107eb8-081a-4c71-86e3-2ce8a86bca8e,4
Orestes,4ecc06b4-2012-4196-84a0-eb8b8b0e65d1,4
Khaoman,a4900ed3-d2e0-4411-afe1-89f02d7245d6,4
Philadelphia String Quartet,0f44c5af-3315-4bf0-9007-4130a6260a82,4
TxSxBx,23115,4
Lonely Punk,23152,4
Ars Sonor & Liselotte Frejdig,23168,4
Letmeknowyouanatole,060544e1-73ce-4a87-bad3-c9f5265f94de,4
Ars Sonor & Malga Kubiak,23246,4
Mary Lattimore,5e2c9a0d-d21d-4b56-8bdb-43e01169c91b,4
As Above So Below,5a8fd1e7-9353-4b4a-95b2-99356c1209a8,4
Body 13,29984853-234f-4a36-83ee-5664207ca144,4
Adam Scheflan,23410,4
Die Puppe,2662ec9d-923c-4e43-ba06-f108520d39e9,4
Jean Claude (JC) Jones,23220,4
Simple CUT,435ffbf9-a72c-40d1-a0d8-6e7bd840d187,4
St-Petersbourg,23856,4
Filastine,3d5775c3-c460-4f7e-98c8-0cff716acc10,4
Ben et Béné,abcee362-8f8c-4c6b-83dd-74be5b09f7dc,4
Darren Hanlon,df21a641-b4bd-4a3c-904e-e07dfb29983b,4
Prepare To Meet Thy Broom!,6253,4
Alfred Cortot,c063351f-8877-415f-b4bd-c65f60cedb66,4
Vitamin-D,6489,4
Ciccilleju,3ff1188f-4529-4603-a574-e9f114b2bb55,4
Decay,20c8f223-20fc-42fb-b56a-d74b28454e50,4
10,2999,4
"nina K ,oso el roto",7287,4
Saucy Jacks,7355,4
BNegão,338ade4c-f2d5-4e6d-af33-2661d2863939,4
Twin Sister,04b3a7ac-865b-41be-88bb-a49cb8bb568b,4
Annie Anxiety Bandez,71c3c786-8f8b-4fbb-8714-f487dc0466d3,4
Ben Fleury-Steiner,3e46293b-765a-49c8-b6c5-4b2e54b7e3b6,4
Secret Cities,f29ef44f-c44f-42ff-afc0-8d67f34e667c,4
Syndrôm,01453a2b-3775-4371-a61a-d27925836608,4
Lo-Bat.,1b1e1207-d127-4d50-a2d1-fb5d55b26066,4
Matthu Stull,8144,4
"If, Bwana",7284795d-869b-47cd-b1ed-115d152fc90b,4
Jef and the Holograms,8028,4
Psi Corps,8477,4
Už Jsme Doma,1357,4
The Solitarians,8761,4
Battle Lava,55d1f739-99c7-42b1-a1dd-d195e5910ced,4
The Lotus Group,9178,4
Singaya,d5033b89-4672-4dd8-8212-cba5a41f5a23,4
Talulah Lotus,9291,4
Alexander Kibanov & Norihito Kodama,8759,4
Arjopa,13dd1684-b1c4-474d-acb0-8d24ca66bc0e,4
Indie Art Wedding,82c94695-1b45-4502-865a-898079caed60,4
Emil Klotzsch,13d4db7f-1471-4fac-92da-f76019cff585,4
Reid Voltus,9509,4
Boy Scouts of Annihilation,b52eba98-97d8-491d-bf53-c7467a3581f7,4
Ten Digit Army,5a6eb815-ea40-4b2d-ac42-5a244d0bc0a7,4
Panta Rei,2498a13b-d255-4bf4-864a-61a5e2e6c6fa,4
Crawl Max,10024,4
Ba Babes,10028,4
Fishtank Ensemble,c38ec2e6-1377-4d53-8a84-b2b431e4c35f,4
Ansambl Mastika,411,4
D. Charles Speer,6bb6da5f-f856-4c52-98b1-e754ee874872,4
Reve Steich,10035,4
Sinus Buds,84a8916f-f01a-4e7f-a31b-e467786c2c9c,4
Black Bear Combo,41047e11-c023-4f17-ba5e-a4a593ad849f,4
Magdalena Solis,d6e7442b-1d2b-4fb9-ae72-353f139d49fa,4
Chichi y los putos del orto,b32d8578-a3f9-4128-a35a-b70bbde163a8,4
Davila 666,25785e18-50f4-4a59-a14e-d62bd40dc7db,4
A Way,9172,4
EG111111,c604865b-66fd-4e3c-b2ba-f659f89b27d8,4
Phlox.s,db7ded11-0e00-4781-b3fb-6967a6e5d1f1,4
My brother Daniel,a87de233-5dee-48d4-9a63-3fe648986327,4
szubrawy kot,820cf290-9c31-418a-be38-986530c122d5,4
Klaus legal,bd0813a9-fdf6-4879-8470-1b3841097297,4
t0rphy,a3d935ff-a7f7-4d34-bac7-00cb18b44763,4
Damien Schultz,db7261e2-b826-43ab-b64b-245696dca842,4
darker florida,fe6f9da4-137c-46e1-9d63-fc1e70dd698d,4
Molestia Auricularum,50b705a8-3dac-4bb8-9237-6058c3936d14,4
the Space Vampires,edbf7b34-50c3-4c88-a47e-fcfbbd85e897,4
A Paranoid Android,fda13742-4a30-45ed-a9bb-a74858a33e6c,4
Kamikaze Deadboy,4b132305-c1cd-4367-99e1-7a22da045c74,4
Life Of An Owl In Alaska,08dbf7b7-b60a-410f-9479-cd519646127f,4
Jonas Ruchenhever,a7be827e-65aa-49ea-8ed5-bfa63f4e043f,4
Donald Suck,9ea623ac-4a53-4b35-992b-8c02a1d49987,4
RUiNU,1b9f9c46-05f1-4b86-9ad6-51d2873c997c,4
Everybody Was in the French Resistance… Now!,004ee35c-dda3-4616-9718-e1a628cd617c,4
ddaA (Antonis Anissegos / Oliver Steidle),7966,4
Sian Alice Group,a79f4585-a6af-427a-bbab-af12cdfcd27a,4
Shatterfreak,bcdafe6c-176a-45a2-b71b-4c12d852ac9f,4
John Wesley Coleman III,00917430-a60b-423a-aa31-d6265c204b78,4
John Wesley Coleman,8978,4
Bogdan Marcu,9173,4
Sta. Apolónia,5933c08c-3376-4e0a-9380-526173f4e7ee,4
Velcro Lewis Group,9433,4
Sewn Leather,acaf91bd-adf5-40c1-9ed1-12115ada5ca9,4
Stonewall Jackson,2c89b70f-6ccc-4f9d-8229-d8c404a042f0,4
Clytem Scanning,965f6584-bccd-45a7-882a-d21201aa73f4,4
Honey Trappists,9560,4
i AM esper,4a49ab70-7ae6-42a6-93f0-8b2043cb9995,4
MHV,9586,4
Gouffre d un pôle à l autre,9636,4
Tabla y Cuchillo,10004,4
Suburban Howl,10184,4
Caballo & the Mothafu Kings,10196,4
Akathasquid,10230,4
Toy Sugar,10268,4
Collectif Sin,9271,4
Aalfang mit Pferdekopf,8e781c33-c2da-4007-8e4d-86059b54976b,4
Dragon,9987,4
Eric Boros & Kiko C. Esseiva,10468,4
F.S.Blumm/Lucrecia Dalt,10949,4
27B,43554a8a-d0d7-42df-b984-5ac9ecf40678,4
Bolide,11056,4
Yokai,11300,4
New Mortal Gods,11422,4
DMAH & BALOGH,11441,4
The Distortion Mirrors,10507,4
Flamingo,11597,4
Parmesano,11673,4
Jochen Arbeit,5982653b-c55d-4c6c-93ae-18d740e02501,4
Rebecca Foon,a6b15ec0-9b86-4f80-9cb1-ac202b52586b,4
Louis Minus Seize,d779eebf-a018-471a-b5cd-6f934405ff77,4
Sunny Murray,3870c548-7743-4a14-b9c5-4327e964e729,4
Volahn,9251a7de-f353-4cef-8a99-5d6654feafb3,4
Bonde Do Role,719490ec-2962-41b9-a54e-a4cc7b65c86c,4
Orkestra Keyif,1839,4
Pink,8d53ba6e-968c-4f72-9571-4a4f3ed4b3f0,4
Mem1,9a57d060-520f-471b-a78a-27132fec4580,4
Adelit@s,221c279a-a2a1-4099-8258-eae0d2e92452,4
Kerim Safa,6221,4
Piss Piss Piss Moan Moan Moan,6271,4
Still Time,71e92d23-19ae-40eb-9f04-7aa61d9baefb,4
Duchess of Saigon,a65d5213-8d14-44a0-8ad8-657daa33d9d4,4
Ryo Miyashita,e6a040b0-f428-4830-80ab-08dc0a5fc326,4
Makers Of The Dead Travel Fast,f50b6c97-01ae-4d60-8cc0-8e090506ba3f,4
Power und Beauty,7001,4
MYTY KONKEROR,c8c96ba0-72c1-4ffd-8951-c3a90618c4fb,4
Occasional Detroit,6bc6658e-f04e-472c-86c3-aa80c73f4ed6,4
Buffalo Stance,59f553e9-6151-4b63-b8fa-6bf87b4b8f8f,4
Wild Flag,4473e47b-81bb-47af-8cb0-1cad6f68d8bc,4
Lab Coast,4c57ceba-2457-4bad-834a-085125c24a7b,4
Asura,7933,4
Barreracudas,12476,4
Prescription Pills,12590,4
florida = death,12869,4
Joy Askew,d68ea536-ab61-4a2b-964a-07367a4835fb,4
Supercity,c9476642-2f4b-4a0e-8486-7d1baf50fa52,4
Yuliyan Yordanov and Nedialko Ketev,13041,4
Bras de Pute,13390,4
Frank Guerrero y Su Grupo Aché,13489,4
Poland,11615,4
YAKAREE,13750,4
Rimar,8d2df556-711a-476c-8cb7-177d8fc0dafa,4
Daniel Sex Jr.,09de47ba-c994-44b2-b725-c6e83ef68bf9,4
sun-inside,4ea05ec7-7a26-45ba-83a6-80c62483e85a,4
Jamie Evans,13550,4
Black Dice,d8f9a4bd-ec27-4e29-8b3e-b8bdb62f950e,4
Politesse,49c904e8-2286-4f5d-b40f-249209fa4c04,4
Sister Slacks,13968,4
Nate Henricks,f885ca00-739a-46a1-a287-68cc7195876e,4
Manrico Montero,9123664c-b73b-4486-9633-72f00fc6a26d,4
Noisumon,14287,4
Tim Brady,17de6240-3a0b-48cf-8f17-73bff0d35424,4
THF Drenching & Karl D'Silva,14349,4
ioflow,9f9a0579-85fe-409c-9c64-fa0ad7524bb6,4
fm,14427,4
NanowaR,3231,4
K Wilson,978c34f0-81c7-4f13-a162-3a64ce0d3fbc,4
Serpent's Circle,15083,4
The HIRS Collective,d98ae071-e23d-4058-b2ed-e136d2c1b593,4
Weird Cop vs KZP,15281,4
The Reverend Peyton's Big Damn Band,36f0e233-0d56-47d7-bd59-1f3203d40304,4
Echo Beach,14953,4
Happy Prescriptions,18dd89a1-70e7-4acb-a747-2a9cd12248c1,4
Coppertone,15402,4
Thomas Buckner,38c7d8e8-52ed-4b70-a65a-5ba20058fd60,4
David Kappy,5c9c1e92-005b-401e-8c5b-3e46ca3bae51,4
Felix Skowronek,342e0d10-df4a-4e56-9045-0fb5b2c262be,4
Leila Storch,81350faf-7856-49c3-9e93-33eafbab8705,4
Scott Wilson,22478641-6953-478a-9bcf-b6e50503abae,4
Cyber Ra,15859,4
zVeep,15884,4
Mavrothi Kontanis - Mild Mannered Rebel,15937,4
julia a. miller,7079ae97-ae43-4d5c-8db1-c5971366a93d,4
Audiotoolz,cb83f384-a4cf-4af7-a724-899613f59977,4
Free Variety Theatre with Vasco Morais,19094,4
die FLASCHE,19095,4
Minicomponente,918a2622-9d4c-4321-b280-541ff0ec0880,4
ks,588648e1-3c8b-47c7-9b45-25baf27144f5,4
long_loaf,19260,4
Horse Lords,6efe2782-6926-41f6-b246-bdd60f997b8b,4
101 Kaba Gaidi New York,19560,4
Myriam Gendron,2fb53a53-ca3d-4ec4-a956-28fb89cb8a0c,4
Dan Ake,da6c9a10-2e97-4828-af6a-4979aeaf3b48,4
Karen,2fc72864-d4a7-4466-accc-162c0833629b,4
Darius Greene,110d76ad-fc30-4664-af4e-0ae8c56042a7,4
Rabbitry,4c8e64bd-803d-4ac8-a28a-da3c04e6dfd3,4
The First Class,20663,4
E a Terra Nunca Me Pareceu Tão Distante,edf834e1-9c03-49d7-a802-c75ffffec80a,4
Chronox,20852,4
No Lala,20968,4
Argon,34b04757-446e-4820-b2f1-952726b62592,4
Shwa Losben,62e703c9-3e06-47d3-8d6b-624bc68d195e,4
phenotypo,21091,4
Byron Westbrook,0908e17d-84d3-46db-b886-a57647f1a62d,4
Child Abuse,2fad35e5-3108-475b-8f9e-a913180021c9,4
Zenji,100972ae-51e2-4370-8423-1402ef653fc8,4
The Sun Through a Telescope,02363cd3-a164-4ee5-a56e-1e23f87b2fcd,4
alice hui-sheng chang / jason kahn,21530,4
River Cult,f4d5293d-4cc9-48cb-a451-0093f059714b,4
Kalipluche,1a2b30b3-28ff-43a6-a6e2-04e8956eba1f,4
Dogs on Acid,0c957773-8fbb-4b67-bbb0-af2c50e2d143,4
NEVADA BASE,140f12d4-69e3-43f7-9cd0-5cb03c09c564,4
Old Shapes (Jerry Lim + Evan Rapport),16467,4
Bonjay,70e16d8f-098e-4cb0-82ec-31f98882b82e,4
Adam Cadell,c99c663b-0467-49b6-b0ec-6f5aeccb7221,4
The Vanhalia Project,16740,4
La Desunion,17019,4
Infinite Third,30c877db-de46-4caf-889a-3c29dd436473,4
VexXxeR,7ab6a173-f1a4-4778-9afd-94693df710ba,4
Malt.Tabulated Sounds,4de0ef40-378b-4839-9ef7-849b6b059313,4
And.,17410,4
Malasorti,cae857d1-a537-4b58-b385-0baacd0d8fa9,4
Tytia Mina Teremina,17547,4
Souls of Nephilims,047e9ebd-b961-4cbe-9484-6f804ac6fd5e,4
Symbol,17686,4
Profligate,17815,4
DJ Razzberry Cronut,17738,4
Bluedark,17756,4
PsychotekTrauma,c2c3e210-5bf7-44ab-a1a5-ee2f1fcebd64,4
Matthias Boss and Chris Silver T,17468,4
Dolunay,17977,4
Domestic Turmoil,18059,4
{AN} EeL,d73a1e99-8e70-4f09-8d3a-6496b06f0c4e,4
Nancy,019daa6c-819a-49cb-9310-f433f5bc3c8c,4
Motion,18566,4
Phelios,ebae432c-8eda-4be7-bf55-011f288fafda,4
Audeka,22e955e7-1221-4f97-a055-c947985f61f2,4
Steve Jr.,18791,4
Crisopa,a0877c64-4f70-4b96-90c9-f52166137867,4
Helado Negro,aa0a54b3-d37e-4c1d-a53f-b3b94a3dfcad,4
The One They Fear,23198,4
Arfus,23864,4
Croak,edb015d4-6401-4df0-9239-f008e7a5fab4,4
Enjoyable Music,ddf6ba5f-2d05-48a3-ae0b-62e882096b72,4
Arnaud Le Gouëfflec meets Jorge Bernstein & the pioupioufuckers at the Bernstein Corporation,24214,4
Chromatic,96953408-1663-4cbd-9d17-adc662d785c4,4
Maruda,62bb02e5-3374-4ab7-9b2c-44554fcafeb9,4
~UNUNE~,f9b74d11-b924-4984-81fd-81f9dfad57cd,4
Yellow Salamand'r 4,2cf16930-5b39-4276-a489-1c0a2ea790ab,4
6 String Opera,24296,4
F-Zero,8be17190-731f-405c-809f-dd09b4e85646,4
Mott Flyf,22183,4
Dr. Zreen Toyz & Prof. Hal McGee,22247,4
Youth Code,96f1c08a-ee79-4d66-85bb-93df5d1d4a11,4
Alg0rh1tm,ce1545d6-48cf-4987-9080-4ce6297ad6fe,4
Third I,19d31fd8-6b12-468f-a5c2-743c4dbc1dcf,4
ilia belorukov and lauri hyvarinen,22665,4
BlunderBox,22687,4
Pill,22779,4
Latki,5e2a4fe7-f3e4-497b-91be-79249ae162d1,4
Soliton,3efe83a2-0338-4deb-b51d-5dc1a52a30ef,4
Syringes' Feast,15943,4
lauren redhead,44cf977d-ea21-443b-b132-671bf9b56cbf,4
Adeptus Mechanicus,7feba237-105b-4fb4-a122-1fc5d1e46699,4
fascinating earthbound objects,3846ac18-a706-42b8-9275-b94cc1e85534,4
Huun Huur Tu,6e3d75a2-b371-4156-a1c1-7b56e1c965a3,4
Alison Knowles,bf361b99-a842-4cf7-a873-dad8c185125e,4
GX Jupitter-Larsen,59d7c61d-2f3f-4aa1-89d2-90b64d37a63c,4
Greg Reinfeld,6279ed7c-c9b2-45d7-a169-5b99710c9a99,4
Earth Incubator,47bd1f4d-d63c-4abc-bd00-d73f8e1a46bc,4
Chris Forsyth and the Solar Motel Band,2bd95428-a46e-4086-aabf-199dcd76581c,4
Thanato Twist with Oleg's Sound System,7e31f615-0f3b-4529-a046-d083a30977a3,4
Alcrete,e1eab9d9-0c64-4070-aba0-c6d88e9ca81f,4
Glenn Morrow's Cry For Help,7fb5dabb-cbe0-4279-9250-cd3b6d40f178,4
exm,21943,4
Nonima,,4
First Catatonic Ensemble,22191,4
Salami Junior,22537,4
MaCu,f8219771-ca7e-4099-91b8-40ca14c659a5,4
OSEB,1c811668-4e82-4f54-a3b1-6af2f23f035e,4
Susan Matthews,36225a3b-826d-467f-b4bd-5ae56794a41b,4
Metek,16798,4
Bjarkan,a16d31fc-19ab-46dd-95d3-d368da80e991,4
Dust Mill,29a9937c-b127-4a50-a2d5-3450a03d5cb8,4
Multiple Personality 3,138738db-7c56-458b-9869-1c56446336b8,4
Sighell,9fe83adb-129d-4f7b-9d8d-373d491d2991,4
JBlanked,e782f3e2-7700-45aa-b167-d083e3ee29c4,4
Drift of Signifieds,0f8229d7-761b-42b9-8363-2ea13b0e0d2f,4
Rhys Lloyd Morgan,4230bcde-bc4e-4d85-a3f9-dc6efc85ef54,4
Dubh Thrian,5caae978-8e9d-43b1-8097-1f48fcf3abad,4
Shataan,b4d9da09-e69a-447c-a087-b6416825aa0d,4
Zellrasen,12250,4
Jackie & The Cedrics,5a0b8e88-c992-4dbe-b00d-80e3809bb2e8,4
Crawl,693935e4-2348-4a43-aa52-8286b95b5c10,4
The Nighttime Adventure Society,e664a621-d919-4319-b713-388a9b661afa,4
"Zachary Cale, Mighty Moon & Ethan Schmid",13717,4
Fast Freddie Fourier and the Transforms,13753,4
Richard Wolff,14029,4
Caroline Gorman,14093,4
Bachsung,14100,4
04_Elements,14229,4
The Wyrding Module,ac4bf68e-180d-4440-aaab-6f61a18aee87,4
Jazzy J,15360,4
Bob Meanza,5c8b4fdf-99c3-495c-90f1-61095d0ce121,4
Silk Statue,15887,4
Christopher DeLaurenti,5d0e1767-ef19-435c-b226-95ac5165d1c4,4
Vultures Quartet,1e1383e8-18f0-4e7d-80be-ff5139a1b386,4
Wheels on Fire,0b014689-6b64-4bd9-ad64-e89213f0aede,4
Arabian Horses,8448,4
Stick 430,3ded9078-2e62-4ccb-8a26-c10226c3e692,4
Jesse Futerman,b7c08a43-d561-464d-892d-7649bae1ed5b,4
Apna,35b7aa0b-0edf-4858-a6f0-5efae38bb5e2,4
Haute Culture,10902,4
Regis Turner,3cb797a1-00af-461e-bf0c-b5eca00dd586,4
The Wyld Olde Souls,11154,4
The Very Most,b1b54f33-e751-4cce-a87f-df5364f1b463,4
Susie Ibarra,16d3cbda-9d93-4605-b3ea-791e53a9f17c,4
Monday Night Fever,12028,4
One S.P.,a7395bfd-3da5-4f3f-bf51-9764e15ff42e,4
Rakta,117639bf-33d0-4d14-8250-41a92eccc04e,4
Chris Herb,336078eb-ed60-4063-8e69-758fab383e0d,4
Ana Bogner,a93b0f56-ef58-4b3b-9dda-8636da26fc63,4
Christopher Rave,07a61ae7-8797-42f7-9a71-7ad198ba7fb0,4
sexy dubs,19510,4
D-Scape,f41a01c2-ff7e-4058-8eeb-915b6a54c9b0,4
Hearse Pileup,e849c94f-d188-4b9a-baed-22b520252834,4
Anthony Donovan,0tmvdCl1hG3q3Q7U70Gbk5,4
Manta Espectra,21245,4
Shadow of Television,21244,4
volcano radar,16482,4
1400 Points de Suture,3c01d672-b823-412c-a744-cf060bd73eeb,4
Runar Magnusson,42d4d769-4837-4aec-bfff-46fd60ba14f2,4
Rod Rogers,16171,4
Star Rover,16526,4
Zoid,17592,4
Gombloh,54956565-8f26-4a11-929b-64e0c03f6731,4
David Velez,e63a1f6c-16ab-409f-aec4-0808579dbcb6,4
Hyaena Fierling,18071,4
Meso,18247,4
All Urban Outfield,6921fe7c-ee32-4b18-af03-63b71cd3a188,4
baker / ritch,18760,4
Fósforo,140,4
Aaron Siegel,293c8e58-8a0c-40c3-839e-bb0c7528b4cc,4
Letna,54163359-ee6c-4dfd-8cd0-eb40b902539c,4
Sandy & Caroline Paton,16824,4
Red Dawn,17873,4
Lloyd Cole,09cbb94a-c594-4674-8255-87112032a751,4
Pueblo People,21082,4
TSIDMZ,811f73ca-410b-49c3-9b1b-75793fd2f9f1,4
Half Evidence,73fa1d82-5252-47f1-a725-8d0686e6078a,4
Dávila 666,25785e18-50f4-4a59-a14e-d62bd40dc7db,4
Ja Prawn,9011206d-24fc-4390-b41c-a2de52bbde87,4
Neil / Noah,7080,4
Davey Von Stone,c6ae288a-fdf5-46b9-9b9a-22db965841c2,4
The Wispy Hummers,f7d47cae-d323-41ca-91ef-e8519ef85ff1,4
Coits,d73b809f-28c6-461e-a215-fe6f29d9e8f3,4
Enrico Caruso,e4d389bb-fe8f-472d-8ffd-c2cb02a7b2b7,3
Edith Wilson,32228393-b858-4886-80f1-1703a1044e1e,3
Guido Gialdini,b0156fdc-6275-42b9-876c-d03d33e45d2d,3
Sim Cain,88161698-06f0-4aaa-b1b6-c7dd752dc38a,3
Een Pianist?,f6d722c7-f61e-4d43-9af2-c9e8c6b7d479,3
Tarran the Tailor,5756,3
Fabi Reyna,81b9d302-7295-4488-8c4e-00e032457b1b,3
Nick Caceres,6e36df4f-9745-4109-bbbc-bfc989ae3d4f,3
gassyoh,c6a73b19-dc0b-4930-ba04-3c7009f5bc1b,3
Brown Recluse,96e3ba66-0540-4819-b1fa-0f4740d6f0c1,3
Matt Valentine & Erika Elder,5867,3
DJ /rupture,1e80c4d4-5492-4417-bf99-21a08aba97df,3
Spider,5926,3
Golden Retriever,5939,3
Jack and the Pulpits,7381ef0d-1047-444c-82f3-40de61772350,3
Addiquit,4a4d1677-362e-4c2c-821d-484a24e8a6ca,3
Airway,53,3
Black Elk,e9ff4359-f236-4d86-840b-3fe6ffcc4bfb,3
Boogie Witch,35d5004f-32bf-4256-bdec-c740324b71d0,3
Arc and Sender,60,3
Grouper,150,3
The Flying Luttenbachers,b73ee0e7-44c2-4688-aaae-d14fa912de84,3
Landed,568545be-7682-497a-b86e-0d05d051f53d,3
Lozenge,7f21d55a-6a84-4974-8f12-ae2a12ee6168,3
Oaxacan,227,3
The Functional Blackouts,c4f2887c-63da-45cd-a7e4-e99e99511a22,3
Adept,385,3
Gary Wilson,1403,3
The Snow,1249,3
Fuck Buttons,f4640b20-b76b-40d3-9ffc-a38b6718b273,3
Animosity,fc7d6790-9dfc-4e0d-a67b-40bae5ac19b4,3
Drumcorps,95338939-471f-417a-aaa4-6add62782c3e,3
Matt Darriau's Paradox Trio,1840,3
Tower Recordings,1913,3
Hawnay Troof,a982de6b-5a6b-4150-b695-81b68d01f6ab,3
Principle Fetterman,f84e7e9a-0f18-40c5-9132-8d2fa003d447,3
K + M,2066,3
Curtis Eller,bdbded36-6caa-4e4e-abdd-335181228b0d,3
Fred Thomas,5b0a4172-9e7b-42e0-95cc-27d93bffea53,3
Dntel,2133,3
Ben Coonley,27,3
Tristan Perich,6d631604-4217-4bd0-b15d-bd75c812c78f,3
Alternahunk,484d6cff-fdd9-4c75-9f96-cc46636c5df9,3
8 Bit Weapon,b8951162-89d7-45b1-bb70-e554bb06a878,3
The Professional Savage,f1f39d0b-5c7f-414b-9dcc-141570aa2133,3
Panicphobia,a3d25983-5853-403b-8c4b-e40115ca19c6,3
Eric Carlson,2439,3
DJ Smallcock,4268e05d-0c5f-478c-a70e-a86be8a934c4,3
The Shivers,2605,3
Vivid Sekt,bc4faa11-ec45-4ed7-aebd-d2ce76cec642,3
Pink and Brown,5b82c8f2-6c69-402b-ae57-e9d68beb1a79,3
Pink & Brown,5b82c8f2-6c69-402b-ae57-e9d68beb1a79,3
Lumberob,e665e765-3066-44d9-a2be-398312b9d8cd,3
David H. Porter,3086,3
Death Sentence: Panda!,d57f09e1-7547-4f77-81f4-f9b9875ef665,3
Kevin Patton,3355,3
Petit Mal,3453,3
JC Brooks & The Uptown Sound,434121de-396e-4530-add2-03dd0e361734,3
Daniel Maze,593d417f-0532-43ee-8246-f374c98275ca,3
Louis Lingg and the Bombs,65feec89-20e8-4e3a-bca5-00420ef69827,3
Majik Most,43a63945-08b3-4e81-9e88-7469db070fa0,3
Gerritt,16921d6b-9586-4852-99a0-f505d83ba479,3
Cadence,b46cd331-3ad1-4b69-86a1-fbb9a41b78b6,3
Tone,0b5e4964-3b3d-4928-a9e5-d90519750f05,3
Jonathan Coulton,d8df7087-06d5-4545-9024-831bb8558ad1,3
Zeke Healy,21ecbe7d-1fc4-4bbe-a91b-90eaf9034bd1,3
Recife,22ab2b06-ff91-4fbb-af11-55073c40a5a4,3
KiloWatts,957122f7-79d3-440d-9bde-eddc1972ba43,3
Grievous Angels,aa618ad8-860f-4495-b2f0-fefb4f314658,3
The Records,70372543-ccc7-4997-a6ed-6ca099c1b4cb,3
Gowns,1f8a6c48-721b-4a52-bcd1-14ec122baa0d,3
Pre,4646,3
Yerzmyey,02c4b059-5354-49f0-bdd9-72613ab1a997,3
Eroica Trio,1259153a-aea9-4659-9aa8-f83beaa81b0b,3
Zez Confrey,29fa57fe-26de-4249-9e85-5d41f760b252,3
AIDS Wolf,03bf0d5a-0790-493e-b69f-57ec4b5977cf,3
Poingly,788bd02d-4db2-4ee1-b6cd-9103055e7ec3,3
Superbud,5166,3
Outpost,5106,3
ES [Eric Salazar],5297,3
Monroe Silver,521fa381-1e59-4e2d-a0b4-496790eecaef,3
Irving Kaufman,f5dea4c1-0dab-426f-aec0-8fa7ed50f5f9,3
Human Host,161,3
Sote,09a4b34d-23a8-45c8-ae1e-149803be3294,3
Trockeneis,24bdc54e-6bb3-46d4-bcb0-4fe733c76753,3
In The Doorway,fca29e18-cc24-4751-bbc1-66e141134497,3
We Have Heaven,c71ff498-f2b6-4918-9055-17de6b22c4be,3
La Troba Kung-Fu,c52e82c6-e3fa-4643-b553-efa44cd68af1,3
Nightingales,1082,3
Peter Walker,1374,3
The Golden Road,9b568db2-6ecb-47fb-a01a-5fdabc4e67d6,3
Mi Ami,0e7ef08c-e735-48f9-a07c-cff6b546c978,3
Eskalators,1881,3
Valerie Webber,1389,3
Double Leopards,3de02fa3-b248-438f-a17e-dcb87b5426db,3
Homosexuals,853,3
Ravens & Chimes,b34f4bdc-63e5-4917-917b-ee478ec798a0,3
Curtis Eller's American Circus,d75a93bc-169d-44ee-9da8-9fa79ec84380,3
JayDee,42,3
Fred Thomas,2128,3
Mitchell Brown,13843c52-fbca-42a1-bdda-8dd99fbac301,3
Harry E. Humphrey,54564b37-7066-4cbb-9d5b-9f08f49a701c,3
Field Recorder,41,3
Toecutter,90f8540c-d4f0-4beb-9be8-c6ba9ab14be2,3
Michael Hawley,212590ba-8aa9-496f-8f4f-9c1a6708b46e,3
The Ladybirds,2891,3
Keith Rowe and Seymour Wright,3358,3
Pipo Pegoraro,e9da2343-bb07-43e4-a05c-146a97f9c7b8,3
Damo Suzuki,a932aed9-c542-447a-a105-6b66e3a10b36,3
Laws,3771,3
Ism,3777,3
_,3828,3
Infinito 2017,415ddb0d-adae-4be9-b431-adaf45fdecd8,3
Grand Trine,4124,3
Fred Lonberg-Holm,d0e35f78-ab96-4e33-9556-5cc64d7b024c,3
Maurizio Bianchi,57bd7b0e-a1be-4a9d-a0e3-e7980f156728,3
Talibam!,d20b4dd5-be32-4d60-94b9-cc27e199a508,3
Jesus du Dos,4377,3
daghoti.,3c0b5dd2-536c-439e-ba84-1c92c08a92df,3
Fred van Eps,66f90e07-1a32-4886-aa8b-27d60a7d16ea,3
City Center,4654,3
Keith Morris and the Crooked Numbers,b47c86a6-f341-44a9-b86a-d307dd3de64e,3
Viviane Hagner,ad589ddc-6a15-4b78-aa05-3286a6df0031,3
Irene Franklin,770eef01-aef0-46b0-89f8-922e1b878515,3
Good Omens,4715,3
Buzzer,5036,3
Mattress,9a4b6273-e460-40c3-a16d-be3936da12a5,3
Samita Sinha,f6ad4f3f-3688-4f86-bb1e-4862e84e448c,3
Chris Brokaw,a05544f2-9341-4c9d-8ba0-7621a23012c6,3
Vesta Victoria,29b48605-b18f-48ff-a01a-21e07d459129,3
Amit Erez,9493f0e7-d9af-401d-a1db-9c03b7e73fee,3
Yukon,5562,3
Axemen,29843e41-91e0-46f6-bbee-de2b91cf633b,3
Valerie Graham,5762,3
S.E.M. Ensemble,9676b59a-0270-4818-b570-57d19daeaa32,3
Paint and Copter,4681c689-a0f6-4c13-9bf4-f1062084807e,3
Mark Reinhardt,5852,3
Michael Winkle,6019,3
Yva Las Vegass,f3cf30fa-0e1f-42ea-93f3-4f315c6b9ac0,3
Here Comes a Big Black Cloud!!,6c1a1592-5be1-4b8e-b813-03f5d01b18a7,3
Ian Nagoski & Tom Carter,549,3
Infinite Body,3c4a626e-a267-44e8-b745-aeffac7c1bc2,3
Michael J. Schumacher,fc13ce43-d240-4b6a-944c-6acd2b280030,3
Parsley Flakes,233,3
Sparrow Steeple,c21917c5-5f3d-4fe9-a133-89932d39ff46,3
Vulcanus 68,322,3
Tuk,065c78a9-1326-4ca8-8637-b175fe2673cc,3
Prizehog,1ce6a6b8-9d38-4636-9411-593801e864f8,3
Nathan Eckel,fdd30adc-84d2-452d-b785-98e8834b255d,3
The Blankket,7e1d31c6-2a65-4d9c-b6fb-70170ff8d224,3
Kinski,921,3
Wildbirds and Peacedrums,2281c0fa-ee97-43e8-9da7-9c652295d6a0,3
Keir Neuringer,ae629995-61a2-4b46-b297-c53563953333,3
Neowax,3c2af148-6aac-45fc-98a8-9e99c66c98d3,3
Drew Danburry,3948fb12-96dc-490f-a16d-fc664c387fa9,3
DavidBowman,17c9f354-e1c9-446f-89f9-6e6b907c16f5,3
jeva,a15b0f6d-f833-494f-9b9f-a03db5a494ad,3
Dub One!,359b59e1-dff0-4fcd-8207-18b538f16cec,3
Acid Birds,7c418b3e-9bb0-40ee-8cfc-c1694940269a,3
Bo Marley,a7302485-24ca-4862-9e2d-c80bb35c4979,3
Dave Phillips,0b16e48b-421f-4ae1-b9b6-f35ee165b177,3
Randy Lee Sutherland,3711,3
Ghostown,7c6cbcaf-4d94-498a-8c6c-ca1465569661,3
9th Scientist,b1b6ca43-436b-4347-9139-a5527588c801,3
The Upsidedown,f2571dd3-8ebf-4d93-a6b8-a9306b12041f,3
Metalux,bb3b3530-c2cb-4d42-a517-1a7c0c4acf5f,3
Nadja,1064,3
Ilya E. Monosov,84093877-264b-483f-ae6e-0e21c9a81656,3
Dolly Connolly,4960,3
John J. Kimmel,e4e8eefd-ef56-42d2-a609-33583ccd3052,3
Fred Frith,4801bad4-1b42-4c9e-84b1-bf61067ab67c,3
Flower-Corsano Duo,0faab4bc-b358-43b5-9300-9aeac851ab5f,3
Collins and Harlan,153c6cbd-1313-4ef6-8dea-39556b92b1cc,3
Candy Claws,da5eaa3b-397e-4af8-9a12-5c4ec93e8b48,3
Bent Spoon Duo,5827,3
Nettle,f54b19e5-4925-460f-ba92-3825351899bc,3
Olivia Block,31d2cb78-56a0-483e-b2dc-22ea55971135,3
Functional Blackouts,c4f2887c-63da-45cd-a7e4-e99e99511a22,3
Sunshine Militant Children's Hour,282,3
Strobotone,874695f1-db89-416f-8bd6-0f92fc6a1233,3
Joshua Burkett,3625d305-ce1f-4935-b9f0-20aa43f5dc93,3
Kayo Dot,3979eee5-c72a-4b0a-9191-a0243881250a,3
La Troba Kung-Fú,c52e82c6-e3fa-4643-b553-efa44cd68af1,3
Low,973,3
The Firesign Theater,294,3
White Rainbow,e8902b8a-76e9-42a8-8ccd-4799d3451d32,3
Patrick Porter,2547,3
Otis Fodder,208c9807-8940-4f2b-838f-c85c82dbaf64,3
OUO,43b41f47-f45f-41ab-8bab-6e4f224f6ba1,3
The Chemistry Set,050fe5f6-6063-42e7-9210-53db200d7dd6,3
Flossie and The Unicorns,b79ad248-05c9-432c-a789-3a23c14c6fbb,3
MEDIANTI,5317,3
Ty Segall,5831,3
Kyle Bruckmann,61dc3d3f-d7c2-4acc-bce5-7074fa14646a,3
The Cheese Band,7d756a20-1e33-45d3-a97c-94cf6f84ba9d,3
James Blackshaw,bff75706-d1c4-4615-8595-8e22a61c9b2c,3
Jonathan Kane,f52ad882-05a5-4179-8968-4fe4e7235766,3
Mach FoX,08da2fde-a2a8-4291-ab21-21cf64e6476a,3
Allison Crowe,989a13f6-b58c-4559-b09e-76ae0adb94ed,3
APB,414,3
failotron,7a22db44-f67b-47e0-bebd-80151138b6b9,3
Tom Rainey,,3
Darren McClure,43912667-6573-420e-a8f6-50d84706721d,3
EU,304e79a6-9217-4fd3-8c37-426b66ddc445,3
2Totems,259a5aed-0c84-4157-b04a-3dd3096c0d59,3
Vilezlo,17843,3
03_Elements,16912,3
Aunt Benny,8508,3
Marco Oppedisano,1c70f678-eade-4a87-8587-8f26e1c075e9,3
Ade Hodges & Cousin Silas,18133,3
Alexei Borisov and Anton Mobin,18244,3
Plavo,3aaf2932-46f1-4a4f-9baa-f6745f45ad46,3
Lille,18276,3
K.M.Krebs,18393,3
Beatoven,18daf8a2-84c6-48d1-b6f1-a26dd0b768d1,3
Mark Tamea,2693f7aa-ff10-44d1-b1c7-0678745a590e,3
Through Thorn and Brier,18638,3
Vasilieva Natalia,32f81984-fcd2-457b-b289-0c86eb83800f,3
Schematics for Gravity,16d05b42-ea80-4348-b461-2a832a69f72e,3
Antonio Muñoz von Furstenberg,16914,3
Sleaford Mods,09d8290b-6ada-422f-8ce3-19349fb1c15d,3
Is,bd65d9fc-1da6-4e01-b2d9-f599b6ffc33a,3
Wild Shores,1cefe2bf-47be-4892-97f1-fbe110b83ae5,3
Fixtures,169fa710-3d72-43b8-9728-5dfe36fdd667,3
Mavrothi Kontanis,19562,3
jacket jacket,19583,3
Trans Alp,073174c2-2b49-4c09-a196-faa249185e68,3
James and the Ultrasounds,c4b61fc7-89d1-4258-8bbb-d361c6acf10c,3
Dom La Nena,f8701e93-f208-42af-9642-a95056bf7a47,3
Viirgiile,9ef7ea4b-bc3f-4a06-a9f1-7a8ea8ae5154,3
Dorit Chrysler,0fde9d7a-0321-488a-a3ff-1ca765b748b3,3
David,09f0336e-d8d2-4ff3-82bd-194053c3329f,3
Yann Novak,18db80f0-faad-4c8f-9b39-0eb3458a9bbf,3
Hope For Agoldensummer,c9c9563a-9eba-4452-b786-b4a9ebf1aec0,3
Kotúče DM,20157,3
Found Sound,20357,3
Brandstifter,39a3d4f7-7fe4-41d7-8ab6-a7d12f39771d,3
Haydn Quartet,c4d620d6-e4e1-477c-a810-98c321732aa4,3
STYPTIC,5ee69aa7-efed-4176-b13c-83fedec7a602,3
Armie And The Strutters,20666,3
Bloodgod,73059de7-ab87-4341-aa4f-4c9ed95445c1,3
Stacian,605d35c4-7d4f-4282-ab5e-2f0c0ff66a25,3
Apache Dropout,10382,3
Zen Albatross,344faafd-98c2-4d6e-89f9-80c98ce7a36e,3
Everlone,77dcd5e9-3b01-464e-88aa-7d5baa208399,3
Dream Metaphor,8ba40212-c662-4ac5-a63d-541b127235a6,3
Sane Masayuki,f9f46575-097b-4f63-8278-6c0ac01d0bff,3
D. Charles Speer & the Helix,90ef492f-5c12-4576-b931-0398c95b81ff,3
Laura Jorgensen,15028,3
Pink Veins,15143,3
The Danimals,15246,3
Beat von Stein,15222,3
Machines In Heaven,a0d39503-8e8c-46e4-a60f-24b3f7a465a3,3
Twins of El Dorado,21198f05-9070-43c6-b127-60a2a40412fc,3
Burning Bright,8694,3
Morgan Sadler,11900,3
02_Elements,13647,3
Felipe Barbosa,d8aac2cd-6525-40a5-bee0-7d191a967cff,3
WHITE,9372f917-b91d-45de-a0bd-b578f66dfb0b,3
Deadbeat Synesthete,212febc6-8f89-4017-b353-bf879274eca8,3
IDES,15744,3
Tashi Dorji,b4a635d1-f5b3-49fb-9b46-224295ce0b55,3
V.L.A.D.,9723,3
Mayhem Perception,8522,3
Ashley Paul,16030,3
the.clinamen,11443,3
Chris George and Felix Arndt,16188,3
Brutal Whiskers,d6b39412-3e3b-4260-8f8a-f78dc3e6fbef,3
Bohorquez-Balogh Project,16286,3
Insect Ark,d0965ae7-8420-45f9-8c45-077711dbad68,3
Ayato and Naoki Ishida,11764,3
Ryoma Maeda,14039,3
herr penschuck,0aede7be-8e02-42cf-9979-e72dbf61db62,3
Chuck Johnson,834502cf-855b-4ee5-bd25-0b8d0091a501,3
Bernard L. Stephens,16474,3
Thomas Havlik,97930440-46f7-4511-8617-17a60b039b62,3
Fever Dream,16606,3
Haggard Beat,16632,3
kokori,7aebd46f-724c-4d03-87df-c92b3a943aa3,3
Bibi Tanga,4e13d5bb-44bd-4823-ad7e-e8190aa77dbc,3
the Selenites,ede3efe7-47dd-4734-a168-a531d6c0e2a8,3
"Howie Mitchell, Ed Trickett",16823,3
Seneca,16885,3
Red Mass,8b35ae97-d1c9-495f-9a24-028443c82e1d,3
Federico Aubele,2db43da6-401e-4dd7-898d-8f6da60c58da,3
Ready for Men,17350,3
marta sainz,0c91ea11-368c-42b9-b2e3-749c8cee3013,3
Judith Juillerat,e4875ab6-72bc-497e-bf1c-f82aead3ee41,3
Xaf,9683,3
Ben DeVries,10cf0abe-5110-471d-8523-8a13a065038b,3
Corey Cerovsek,9a240e2d-d114-4170-8795-ba56fb496202,3
Watery Love,d57660e8-8ada-4a0f-9ff9-4efc6a1b3687,3
Bare Wires,7073,3
Performer not given.,10874,3
Jim Tetlow,236410ef-8fec-4710-9f6e-c00c23a253a3,3
The People's Temple,11195,3
Bohumir Kryl,156c72f3-58ae-4892-bc6d-d2bee798af18,3
EeL,42222f93-d352-4000-81d1-f179d8f816f7,3
Las Robertas,7252934b-74b2-4db9-aff5-e01141217972,3
Octavia,11810,3
Rhys Chatham,02395880-8737-45cc-8ae0-2cea253721e7,3
Assif Tsahar's Brass Reeds Ensemble,724a4ce0-dca0-4c4b-975b-4f98cf864a86,3
"Tsahar, Assif",11978,3
Mat Maneri,91256980-7b7b-4777-9658-e1e155fd2a50,3
Jim Black,,3
Rashied Ali,6f1b3d92-a84b-40df-a111-6c0b189ca478,3
Assif Tsahar And The Zoanthropic Orchestra,11960,3
Solo Dja Kabako,11990,3
Cheater Slicks,82fe23e1-dade-457f-af26-47e3e1556234,3
The Womb,92cf24ac-36ea-4645-817c-486d92369466,3
Fat History Month,6a795ac0-5ce6-4c08-8593-8bf82ac88b49,3
Olivia Tremor Control,d62842be-03d8-414b-a8d6-36f4b3b563ed,3
Sad Horse,1743f8a1-1268-46ba-9ae3-74974f02eb81,3
Chamber Music Society of Lincoln Center,abba7d40-866d-4504-92f4-e856f036c6cf,3
Crank sturgeon & Oso El roTo,12342,3
MNSL,bb4ee74d-5c36-4336-b2f0-cdc1536b940d,3
Jalen Warshawsky,12397,3
Starlicker,6fa7ba11-fdc1-4450-916b-3a3e4cf2bb0f,3
ACT & Vodoo Muzak,12514,3
Melaena Cadiz,12495,3
Olima Anditi,1ff610fd-a19d-4dbe-9d28-fe91bf5012a5,3
Tantrums,12572,3
Sida,12768,3
Dead Gaze,3abc1a69-11fa-4d5f-aa0d-a509dc9b4b0b,3
Plattsburgh Junk Shop Memorial,12878,3
Vlada Tomova's Balkan Tales,12911,3
Blood Stereo,191e7cbd-fdd1-4dd7-8731-1899b4062cfe,3
The G.O.V.E.R.N.M.E.N.T.,918144a2-da8a-449e-826a-68ec53a0953e,3
Union Jacques,13206,3
ARMS,cb20b414-c187-42c5-98b9-136479b630fd,3
Mojo Monkeys,02e0e50e-964e-4b26-b17b-77b46a837054,3
The Swing Ninjas,b6f55df6-47e5-402a-a716-1a6ef4ac10ed,3
Mindthings,a125e4c7-a6c0-4614-abb4-175915e05869,3
Thee Stag Knights,bd23c644-4c12-4a37-9efa-cebcc5688b52,3
elementperspective,13614,3
Foniqz,4dc4017a-39b9-4801-b41d-be32e4edd598,3
Hal McGee,73e9560f-96c8-414d-992b-16f6249a8df9,3
Andrew Cedermark,0aeb30ac-86c1-46aa-b1da-afc61a95506a,3
The Cyclist,d00e9643-3cc2-4224-9158-3691e56334d3,3
Tom Kitty Oliver,13829,3
Super Flower,13984,3
The Jacobins,14024,3
Astral Social Club,c7655830-ba22-4ba2-9e0b-8aeac236dfba,3
Bonnie Jones,fac0db18-accb-48b9-abcd-4543167c9f94,3
Clare and The Reasons,7a10d39c-ac06-4308-a1b8-4ed19a0fcc58,3
Corsica S,14126,3
Fax,eff0570f-5030-43a1-bcfd-e6051bcfe956,3
Offthesky,55488cd9-be09-4969-8480-7c7a505777e2,3
John Paul Keith and The One Four Fives,14324,3
stella veloce,20836,3
Facialmess,a22a91fe-bcaf-4714-a6b2-61a9f43fe720,3
Blastculture,20868,3
Pınar Akbay,85aa7c12-67a0-4bec-8adb-af3ad4e9f994,3
Junya Nishimura,20944,3
Air Waves,7a7eea4f-1893-4ec3-a564-46b22f0e327b,3
Jeremy Gluck and Michael Dent,21038,3
Brazzmatazz,b41ab7ce-6891-4071-8f9d-441f64a19d5d,3
Katy Kirby,dab7e7de-ae6b-4f1c-a4a0-49293df7ce22,3
Robert Tilly & Wooden Ambulance,21139,3
Black Howler,7e54ba19-128a-4763-b99f-67024923328e,3
Enot,d03561eb-4206-4f22-8866-6be81d49db22,3
Jake Starr and the Delicious Fullness,21486,3
Taiwan Housing Project,6b6dfb25-664d-4a8d-b3e7-4fccc059701a,3
John Bovey,21762,3
Mauro Sambo,08de0653-f535-4b91-a2de-07bee1067b14,3
The Sharp Things,3a1361d0-fd84-44e0-ab18-5f6ea12c8b30,3
Aitänna77,bc9a2bd7-d6f6-45cb-bbd2-76fd0fc43fc5,3
DADDY LONG LEGS,6d1a033a-ce1d-4c32-9fba-2d6efb5e219c,3
Ben Warga,22002,3
Pnievma,cf052f8d-2f0a-4687-a7fa-1f22f13ab881,3
Francisco López,22163,3
Pierce,22216,3
Big White,6b519bd1-0154-4b3d-8157-3f40a66d2052,3
Anthony Pasquarosa,b9b136b1-b5a3-414b-a189-e77ae721d30d,3
Arce,dc4d5a7d-dfd8-4f0e-97bb-311f7e3a7edc,3
Correspondence Quartet,22342,3
Auld,22505,3
Michael Brückner,478b1a7b-c726-4b20-8805-7de47bd6a73e,3
Various Artists [elementperspective],13537,3
Senna,14754,3
Violet and the Mutants,f6145765-0961-4ce3-b849-18e80d95e7f8,3
Seido Salifoski Band,21728,3
R.Tists for Christmas,12570,3
Makoto Masui,c35e87dd-d44a-494d-9cdb-ab888fa0a550,3
E-Prosounds,17853,3
rosalind hall / alice hui-sheng chang,19042,3
Creo,754e2a05-7f44-4898-bcfd-64a837a6b05f,3
Vanity,23488,3
ALN,22335,3
mutanT.R.I.,80e1f132-bd79-454c-b091-b20fc884d31c,3
Triad,23726,3
Barrence Whitfield and The Savages,12473,3
Mean Flow,5697fd47-20f4-4093-9894-de4b28ec040a,3
Hrenopushichka,23801,3
Jack Bibly,23802,3
Once Were Ghosts,e6330853-7680-4634-8b4b-e9e2b1f9d095,3
Bullshit Market x Pollux,23894,3
Alien Operator,23904,3
e'fessioux,23907,3
Sanfeel,24074,3
Thee Uncondemning Monk,ef299eb3-da9e-40be-b848-383314c3bdf0,3
St NOIZ,f6ade10c-90e5-44e6-a234-8cc76ff145a3,3
Noizpozor,69f9c10e-946f-421f-b801-6a56e76cff3e,3
U-Man,24306,3
The Cherry Blossoms,6d365d65-e1bf-443d-a037-51a7b2141850,3
Androvirus & Yoshiwaku,22726,3
CorteX,22734,3
La Flör del Otrö,ef2a36b9-e5cf-4f6d-80d6-5c832768052b,3
dgtldrmr,22803,3
Mechanicoid,e31c7858-c604-4afc-aec1-f0ef6bbe13ed,3
Audio4rt aka Djet,174961e4-2ccb-4c66-aa2d-d86ab244cfc5,3
Adam LWO,455351b8-35ec-4df3-b476-ddacc0e776a9,3
Bene Gesserit,98941ae8-53c4-42cd-a41f-eb1d3d274326,3
Clutter,a3153ea6-e32e-415b-977f-419aa2057a12,3
:such:,c72dacda-7995-45ba-9ffd-07196917c7a3,3
B.K. Ferris,06ca707e-de7f-402b-94f2-477190118e90,3
St-Noiz,6ab27241-f8a1-43ce-97c9-6efe47106fbe,3
Ummagma,19a612f5-96bc-47de-b994-a7da91538523,3
East Of The Valley Blues,d6668ae3-8ff4-4947-ba4c-6d42e1b93227,3
Clown,23281,3
Jules,22552,3
will austin,14722,3
Malkuth,6102,3
stateyourname,09dd04f2-2262-4b86-9b42-6f36c73e475c,3
Joe Morris/Nate Wooley,6254,3
Kadife,6348,3
Valzi,76654a6d-e767-4ad9-ac36-b46a5e5f3e8e,3
Nicola Benedetti,d3f36494-31aa-4567-b226-f01394d9d5a4,3
BOOM!,6730,3
Tep,6842,3
Charles Albright,aa57b6a0-3e87-4a2f-b2fc-c33fc2c5597f,3
Dan Brasco,7027,3
"Tony Conrad, Edley ODowd, & Genesis Breyer P. Orridge",7188,3
rompé,7278,3
Wm. Burke's Hideous Truth,7518,3
X-Breed,7477,3
the1983,7560,3
EHEIM 1000.220,7597,3
Napkin,7734,3
Jungle Is Neutral,f4951ace-f47d-43cd-9bab-9976fce4317b,3
Neotnas,4725b5d0-1c37-4934-8ba0-7cee9249c4fc,3
Fernn,0cbff748-a885-4897-a5c1-c3ddcd2fe6a9,3
charles irvin,8634,3
La Trombe,9037,3
Bonaparte,9164,3
Violet,6971d2a4-21c7-4896-9cdd-c21b2890d1f5,3
The Velcro Lewis Group,dbe690c9-156b-4ae4-996c-55dcf12332fb,3
Molloy And His Bike,863b5029-f1f4-4cce-b5f6-053c64f4e449,3
Kanji Kinetic,77405b55-d52a-4c46-96a3-8e2449af7aa4,3
Fancy Mike,9d02663c-3857-41b2-a3c5-8cd1204debbb,3
MOR,9759,3
VİYA,10068,3
Gyanism,10074,3
Chicken Jones,10229,3
Venice,10325,3
Carsten Vollmer,10366,3
Pure Sound,10368,3
Boyz To Moche,6988fb9e-31ee-41fb-b88f-d6632db7f929,3
Kiila,970d9942-244b-4edf-9604-049b188ce443,3
Wau y los Arrghs!!!,5105,3
moroza_knozova,3de020e7-e8de-4163-b94c-d0975130ab76,3
Placenta Popeye + Fabstre,9819,3
¡FLIST!,83e02d84-b39f-40e9-958c-a331c67fa0a4,3
The Black Iris Militia,bc7eb543-3a7e-4332-a754-b705a9b60cd4,3
F Ampism,8c9859fd-9695-44fe-9976-9a2bcde4aeed,3
DUB DEPT,dbc2c164-5583-4115-a650-144f9641bd94,3
Ethan Hein,7bbe7dae-f607-4320-b6be-9b6fadfae52a,3
Prince's Orchestra,44b199a4-fe6e-42cf-bb6c-572974fc2d98,3
Andris Balins,e746e8d9-a21c-4933-83a5-d6ddcf547365,3
makoto masui,c35e87dd-d44a-494d-9cdb-ab888fa0a550,3
Silence is full of birds,b0422a23-6caf-4386-98f3-3bc4058bf019,3
tomas gris,a734ce6b-e52c-40ff-988b-e7fdde41a2ff,3
Cloud Shepherd,0eccaf43-334e-41e3-85d3-6e586228ceaf,3
Eleven Twenty-Nine,83a7eeda-58da-4b44-a0a1-51d8cc1e1b1d,3
DT.BG.,20104cd1-c8ec-4abc-bcbf-da5ae9711d31,3
Ichkeria Airlines,b0c8b4f5-a276-4183-9cb7-751f1c524e06,3
Ross Oldenburg,875718a5-e4ab-4040-9b9d-4d7d40394368,3
Nascitari,338e4dfd-135c-4c7f-a4ae-4433ddbbdd37,3
auk theater,4b7876a5-8de4-426c-a5ca-ffcc7dd6aea4,3
Lazenbee Industries,87d0af05-0dfa-49a7-b9a0-85f437284fc8,3
Steve Adamyk Band,bb74e78c-4fb5-4f10-b855-e8cc538d61cc,3
1000 Bouches,86e9a5d7-0016-47a7-94b7-10f75d8d2e7a,3
Kez Le Zek,7215d34a-532a-441a-a4a1-7f05bd4df7af,3
The Seventh Necronation,28010207-2a32-4c60-861d-8b6ae4e35163,3
Bubble Shield,039bf653-a180-4f20-b1f3-e77ed026393c,3
Marcus Obst,9ec1582f-183d-4148-8bb9-1993ecf8eee2,3
John McCormack,22c3d1de-793c-4094-b60a-26775617c14b,3
Eddie Morton,7719,3
RE:NDZ,8cdad0e0-9ee1-43fe-b8bb-152c47ddf0c2,3
Jim Jones Revue,8150,3
deuce,8594,3
Motoko Ishii,e7431960-75c4-48fc-a2ff-1b0818b54c81,3
Marika Papagika,9301,3
Human Eye,811fb2f3-dcdf-46dd-b167-98347c11421f,3
Camouflage Danse,6395,3
Human Elephant,9486,3
c4,43d4425a-a47d-414b-af8b-bcad63b2ec37,3
Lido Pimienta,9fb537ca-9145-4855-8a18-17b20339f1fc,3
Lockerbie,d908eafd-292e-43dc-b84e-d78c5ad63141,3
Adapt,ab9bc6b7-3e82-4f2b-a0ef-8a28e5c35d00,3
Bank of Christ,10181,3
The National Grid,5a720edf-0931-4a86-a58c-87c89a471880,3
Eva-Maria Houben,83680e23-b7c3-400f-ba6f-f459cd429dfb,3
Amazing Bahia e i Fanciulli Protosportivi,10772,3
Brothers Of The Occult Sisterhood,c9329163-7bf4-490e-ae9c-0dc9e6427658,3
The Rat Bastard Experience,10867,3
Clever Elsa,10900,3
Extra Life,d52356ed-1452-4e29-8ecb-d74f68d0f2aa,3
Moon Unit,e8f9114e-fca2-46c2-ade7-2a5980b42d01,3
The Brians,11380,3
Spenza,e1673905-2caa-4757-82dc-b5c01d8a84e9,3
Boca Chica,afdc03b1-e794-4a8b-9500-099ffb3860fa,3
The Men,11384,3
Phizmiz & KIllerwhale,11833,3
Derek Piotr,0e0acfe0-4bf5-4f7f-a534-765b56c03aae,3
DEREK PIOTR,0e0acfe0-4bf5-4f7f-a534-765b56c03aae,3
Bandana Splits,11951,3
Agusti Fernandez,7a0a737c-32cf-492e-abe8-783a952d2eb5,3
The Olivia Tremor Control,d62842be-03d8-414b-a8d6-36f4b3b563ed,3
Zombectro,56a2c9fa-ab5b-4d6b-b743-93aca99c409a,3
Scott Kettner's Brazilian Brass Band,2965,3
Walser,6126,3
Dustdevils,4a9d8c32-a22c-4712-8fa2-286d78f9458f,3
IAN BRENO,6c53ab09-2b75-42c0-8ce9-d08fbb62bede,3
Squelette de georges/ oso el roto/ maud coader BBBBB,7280,3
Heaven's Gate,12210,3
Mr. Jenkins,3e833dde-ad97-4d4f-a94d-c5df366e215e,3
Orca Team,cb41cd6e-22e6-41c6-bb67-676d3c1fe0ef,3
Qkcfose,12328,3
Julian Sartorius,8f505a13-7b9e-489d-895e-7532cb0749dd,3
Skeletons,10406,3
Rue Royale,1cd2f3e2-ba9d-4155-b3a8-e67c1aca9076,3
Chuck Bettis & Friends,12587,3
Colours,02ff35ce-2544-4e1c-a148-868082be83ea,3
Guignol,22011dac-b126-4073-9419-48840f7de483,3
Twig Harper,12810,3
Fine Steps,18ec6087-ccd0-4add-b20a-ef86e89b1f9a,3
Room For A Ghost,13115,3
Singleton,13143,3
Peking Opera,38a11ec8-30bb-4c0d-8fa0-494fd2c8170f,3
Black Twig Pickers and Steve Gunn,13296,3
Lushlife,5334,3
Night Beats,7041,3
Secret Birds,694abb64-ceb1-416c-bcca-717302055b55,3
H.A.A.R.P.,e7efb606-3785-4727-a200-05272391f1a6,3
Daniel Thompson and Matt Chilton,12316,3
The Yellow Dogs,2061db23-92a9-4483-9819-b517d9bacc93,3
California X,4d89b968-cda2-471b-87c5-873436a100ae,3
Jonah Parzen‐Johnson,94e1d482-6a57-425b-b449-7604d713a4f7,3
nanonum,9b33ddf4-b8fc-451b-b048-14908961094c,3
Spray Lodge,14363,3
Merankorii,1487f082-162f-4a8a-b60a-cc856c3ce68e,3
mi‐gu,c5d82862-3763-453b-b8d0-7be35f76f977,3
Eli Keszler,9b150267-5b24-4e57-bae6-59612bf5a4d7,3
Black Twig Pickers,6935,3
She Said Destroy!,234a1b98-7ae7-411a-a346-94460e67f557,3
Krishve,14869,3
Blablarism,ac4678de-c641-4216-9abf-0958f113f41e,3
Res Band,d725de51-c895-4bde-ab05-aeb50c62ab3a,3
Ifang,15785,3
sansuiP,56b30c9d-6941-49b5-8a85-3df54d773b44,3
Mother Sky,f482a17e-07ce-4d71-a331-6c6fec042cf3,3
zmi,1baebd0c-4d49-4adc-8400-28a39c311137,3
Il Sogno Del Marinaio,cd4b80e1-8faa-433b-88bd-b0ee38017036,3
PAS Musique,159ee0d6-6719-4fad-86bc-a2b4d77938a4,3
Spit It Out,702e6cd0-db1f-47e9-9d55-aa30de1c20f3,3
Capatti/Kater Duo,19599,3
Rhyton,73e553c2-a2f6-475c-8b15-3cc69ca94e64,3
Topography of the Spleen,19724,3
Joan Shelley,0a200500-a8dc-4efe-ac86-69c3d04df515,3
DJMC /// World Peace,19135,3
Connections,19909,3
Tapeworm Collective,aeaebc48-41d4-4d4c-bf12-a4c281cf755d,3
Mar‐Tie,43bcd6e7-8446-4eeb-ab5a-61f79fbf3bd3,3
Rosendo J Rocha,45820dc8-f883-4a9c-8c86-d45f7747f409,3
Eartheater,7f5a2d26-8625-4788-bafd-0034936895ae,3
John M. Bennett,884ece4a-074c-41b0-9bb2-ab9a20c96af2,3
Divine Electronics,a778b81f-570e-4b0d-9ff4-6ab02dd87967,3
"much,",20712,3
Prism,17236,3
Dylan Hekimian,21079,3
Povalishin Division,000b33e6-1479-4b95-8202-d4d838519164,3
IV-IN,dbab6024-3fc8-49d7-b454-bf1ce1ca79d2,3
Cabrini Green,72adde7a-8158-4744-ba35-885fa6678bbb,3
John Jasnoch,e471197b-ff16-456e-9502-fda315b4a51e,3
Mark Browne,b8ef6f46-f1eb-42bc-b8a4-6545850c946e,3
hervé perez & andré darius,21279,3
The Brokeoffs,a15ca1dc-ddfb-4c4b-a6f3-04846766ea0f,3
Zozulka,21633,3
YGDTopDogg,19343,3
ur:neon:ono,00b47138-59a9-4c41-9b52-54918b420a88,3
Davorin Pavlović / Kristina Pavlović,16334,3
Face The Music,f1e24b00-61f5-4d2f-a2e9-aef85321e1d3,3
I Saw a Bulldozer,7525,3
Pak,15403,3
One Master,d890d0a7-5f96-4197-915a-b0a05140837f,3
Kokori,7aebd46f-724c-4d03-87df-c92b3a943aa3,3
Nisi Period,3d594c29-19f1-442e-a3f3-aebcf9a10fad,3
Cinchel,79a05c6e-1fa5-4ece-88d7-eda1b721c867,3
Opale,14c18e68-1987-4ba4-b860-e63cd1e3debb,3
Malportado Kids,6ead6566-722a-4c41-b33c-24328c56c01b,3
The Juggs,17334,3
Levi Weaver,46a66664-0d91-498e-902b-0276d79476c1,3
Jorge Marredo,93cecb45-bf15-40df-9e6f-5d2f785fcd5a,3
Blowfly,47e10a96-cd1a-4fd9-947e-87b1a201284e,3
Kamil Kowalczyk,4933727f-3ad0-451b-984d-8a8855ae2ff5,3
Joke Lanz,4b7a5593-d2a3-4a48-bb88-18fb39efcb12,3
The Cosmic Setter,faa67959-2b1c-4e7a-a2e0-8bdf0f1e391d,3
Ravi Padmanabha,1358807c-ac85-4fb3-bba8-0b1cc0b2ffe9,3
Art Brut,1c89bbcc-a253-452a-9181-546eb536e06f,3
Das Sombreros & André D.,18001,3
LIL,1104ffc6-398d-407b-932d-723937b68b9e,3
Wire Assembly,18129,3
Slowdance,18170,3
Jet Jaguar,fec4c5b8-9e1f-4bb0-950d-30697552232d,3
Sobrio,3658bb63-72fe-4fb5-922f-287d735bc3fa,3
Lesvicon Soul,64a15ffe-1303-42fb-b96e-e45fc3f24548,3
steve hilmy & daniel barbiero,18578,3
Frequent,c1b7ee2c-ba93-445a-ae8c-10957aa62d7f,3
btb,f4cd8eff-905d-4f4b-b721-abb93043343d,3
Steve Marciano,18954,3
The Trash Gentlemen,03cec3ff-34b4-4a87-95f0-0fca814bdf1d,3
Black Pudding Poetry,23250,3
Judas Donneger,1beab2c4-b2cd-4e66-a90f-83718aaa4b87,3
Urbanoise,5536a678-c701-4fd4-addb-e38a1f74f6f1,3
HS,23338,3
ILLUS,f1200bad-b23c-486e-b42a-e7ef83ff23d4,3
Yoshiwaku,22703,3
Jan Mörgenson,6909d507-317c-46eb-9a4a-d00079a1a47e,3
Nadav Masel,23673,3
STUFA,21331,3
Nosens,23917,3
Verocity Exquisition,16ba5281-6753-4caa-afd0-c661b9d05f1c,3
Agitation Phi,1e6e9868-5819-4622-893e-a7f4ed586ba6,3
It's Not Night: It's Space,ddbca788-960c-4b02-b938-a94791f4ffeb,3
Notch,24239,3
The Golden Grass,24254,3
Maayan Tsadka,2d5577c7-5ddd-48c6-953b-9a1688395cd9,3
Dr Shalako,5a5e6f7f-74e5-4a1b-874d-a8ebead1fc9f,3
Jens East,1ae8ec6c-9edd-43f7-a266-63385713db86,3
Holmes,4368,3
Usher San - Osiris Module - Wehwalt,22069,3
Unique Comme Tout le Monde,22211,3
Massage,f9ac3f7a-fb36-46db-9ae1-f2a65e984f58,3
eriza,22469,3
Savoy Motel,56af6c0d-8f3f-4194-9c0e-9ba3d8e0117a,3
Dave Migman,77324874-54f9-4608-8565-059f3c436a73,3
Maruda,22735,3
Chromatic,70a70bc7-e7f1-4d9f-a4d6-59c9a4b14eba,3
Safir Nou,22764,3
Jenn Birkenow,4186a8bc-db6a-4b18-8473-a9bb57d51802,3
Turmoil,48714cec-5f1a-4afd-b037-3f7677cc787f,3
The Painful Leg Injuries,d3a65cba-85f9-40ad-a99e-a699d370a479,3
V.I.N.C.I,22835,3
Klimperei,7d1c54f7-04ab-4136-b135-30a533a908a8,3
Joli-Joli,06840f30-e056-4a30-9e32-ca477eaff95c,3
A.n.K.h // (- Dead Mind -),9bd4a874-ac9c-4ec4-900d-f47282352074,3
Do You Believe in The Curse of The Golden Vampire?,0b52ab17-3d0e-4bc4-8a53-d79502d0956f,3
RR,8aa011d1-70c6-4b7b-aeda-3ab5f50f77c0,3
Let's Eat Grandma,4dc4935e-1d04-41f0-99aa-ec449b8c5fc7,3
Ayla  Nereo,c95b3474-8788-4bd3-ada6-33849810af0d,3
Catherine Foster Brass Band,18008,3
"Uri Katzenstein, Daniel Meir & Ophir Ilzetzki",21929,3
Wahyas,22239,3
Playing In Tongues,22181,3
Radiant Opaque,57cc5bb5-0043-4b29-937d-1a66ba6e8418,3
Pink Elefant,0485fdbd-8c32-4c5a-b254-8d41b7130edf,3
Clowns on Gas,b61ff908-d0f9-41d6-b081-f8fa62c0c74f,3
Nerfbau,37e796f8-fa71-4845-be6f-13d5e48c87ae,3
Depriver,f96ae27a-d8ca-4034-bc0d-c650770d6abb,3
Nuslux,a0cdbf53-0800-45f1-b9a0-791b5c32613d,3
Hyqo,e760ad32-e316-47ec-b550-b147f58a1567,3
Free Keys,94bf9e63-6083-4ceb-b38d-4045ed1d695d,3
Jeanette Luchese,7f835d1e-1f50-47bd-a2d9-9b23287437e6,3
anotherAntidote,48e005cc-93d6-4341-81bd-6f89df5b3fa3,3
Jey Row,eaf80728-b005-4ac2-9f54-d788f159b6c6,3
Ranjit Bhatnagar,5d6a19db-a4ea-4bec-bc8f-07f6d75ea444,3
Miroir Fumant,81222ac2-50c2-4ed9-b60c-37a6f65a3829,3
Lord Havoc,cf19f211-5f44-4437-ab77-9adbf95277fa,3
Bludded Head,05058ec7-df5a-4ea4-88ae-2d385f3ef31d,3
Evil Bear Boris,8e3dbf0d-3464-40d1-9849-ea8360869946,3
Eloine,d56382a0-8d7f-4c65-b2a8-8691d8a926f8,3
Kanellos,52f6f367-ba6b-4cfa-a427-7edb5d67d384,3
Laurent Dolcino,1df002f0-fdf8-41a7-bc0c-ab54a1e3269a,3
Kaoshipnótico,9fda2792-2855-4724-b21e-39038e8c778f,3
Priatelia Padajuceho Listia,97f67471-59b8-454d-b4fe-0b76e7f563bd,3
The New Geometry,620b3d53-5d5e-4a44-9e55-a7d0b025907c,3
Church Of When The Shit Hits The Fan,ebe120c4-cb4b-40c3-b8be-06d60a29f064,3
Oorlab,6b302785-09e2-4bbf-9a79-262d17c06bad,3
AZ‐Rotator,4a3f6c56-480f-4edf-8b43-edbc76f8fccb,3
Dish Pit,22480,3
Present,22728,3
Anderko/Balogh,22782,3
Plus,22997,3
Lunar Abyss Deus Organum,831c9d85-de65-4f44-88f5-bd9ffdf6575b,3
Ech(o),a7911515-a462-4927-be16-68dc84973cb3,3
Behavior,23173,3
Kosta T ft. A-a,23217,3
Bounar & the bounettes,23541,3
Harpo,23855,3
Randomatik Blast,7e10a170-4b1e-4fc5-bc6e-3df151a0b199,3
Helyptronics,fe433c22-9089-4a3f-b89e-c0956afe1a78,3
Invisible Prism,9c065718-01fc-4576-ac72-d6a282185b3c,3
Райт,b63ae4b5-106d-4019-82d1-3b8daa38a661,3
Tacomaniacx,f275a0ca-8ae7-43bb-9334-84dcd386928e,3
H-LR,aa414de4-9b76-4f38-a539-c1779b267762,3
Hectic Head,f3baba1b-c07d-40e7-8aa3-8e83be41476d,3
Colour Bük,8e977c3c-660f-4dc2-b01f-467891247818,3
J. Soliday,632b7f3b-405b-4c9b-9b0d-5a7816eb2ede,3
Последние Каникулы,32304533-115e-4725-b0e6-8343113ed4f5,3
VeDaKR,c89fc969-8d0d-4ea3-9f3c-963016e056cb,3
The Sundog Project,431aeceb-0cce-4ec1-a97c-63e388fc5aba,3
Mad Nanna,8664aaf5-bf06-41a9-a9e1-0b4e80cb499f,3
Scarletins,12268,3
Musicians from the Ravinia Festival Stean's Institute,10669,3
Ambrose Chapel,12358,3
EULA,dedf6a95-f635-4acf-a6c6-6aa90cce3545,3
Rites Wild,2a505275-9e75-440f-acd9-8495736cbda9,3
Twin Guns,b721982c-bb73-4afc-b169-9409d4c2ee5f,3
Gino Robair,1d9aec49-9168-47a6-abe9-59ace4024424,3
Higgins,6192,3
Cave Dwellers,b9cc4dfb-fc15-413b-85ee-ec186b2d929c,3
Lakes,13754,3
Monster Rally,ba934f3d-4e53-482a-a632-6848935de50c,3
Thumbscrew,979e7617-bb40-4384-ac7b-ec0692783bd6,3
ザ・スーザン,870fe344-6270-44bf-8d6d-ecbe7e4825ef,3
Wild Child,27ecc5cd-ef6c-46d7-b254-a56a08ab9239,3
ProleteR,14027,3
Heliotropes,16395879-7149-48be-8e1c-5b890645429b,3
ghostandthesong,e1f0db10-f68f-48bb-a1a8-4f245f37aeb1,3
Supercute,13910,3
DU3normal,0037ac76-3e1d-4e40-b1ab-1edd261ead1c,3
Jim Coleman,15089,3
Dolchnakov Brigade,15229,3
Jacques Malchance,e8acd272-47d1-4321-be23-e1635fa9a995,3
The Saucy Jacks,ad720b7b-c36e-418b-80d6-7251a6d0335a,3
Big Naptar,7476,3
Joëlle Léandre,18b85c1e-5a33-486e-8041-95d3a049dde5,3
krill.minima,6b1b84c1-528a-4642-8f7d-761766d44dfa,3
The Taints,f5353e25-43d8-44e8-8f20-9c4612a3eef7,3
Kiila,4416,3
Chie Mukai,9537,3
Martin Luther King,1c860870-cd22-4eed-8b00-16077380e157,3
Benfay,71dd10ed-6b70-4b36-8e83-b51cfbd5916b,3
Hokkei Quartet,10153,3
Fuck Ton,10274,3
Hiiragi Fukuda,6bcfa053-fd4c-4131-9a82-c2c5276f6ae8,3
SCUO,10939,3
Silver Ash,11210,3
Metalmorphosis,5e01da01-b6fa-434a-b34d-b6c8fa4dddbe,3
SLZR,11743,3
Adriano Orru,842cd28e-2d87-4cb9-84c4-4006b3c38e9c,3
Opul,6e968b31-c25a-4683-83f1-eb010b73950d,3
The Bandana Splits,fe79edaf-d77f-46e6-aca1-c3c4eb15a69c,3
High Times,b6170254-067b-4810-9841-18304ef36854,3
Bastard Noise,804f2085-4d0f-4124-aa74-62b6e2456208,3
A Crooked Pulse,19406,3
Window shop Debauchery,19581,3
Mire Berch,19585,3
Manett,6b736ca0-c6ca-45b1-b923-8f845ab3312e,3
Guu,20330,3
Soni Sfardati,18177,3
Bob Bannister,20779,3
Babe Parade,20941,3
King & Crozier,f05fd00e-d4ac-48fc-8958-04ff1a1ee5a6,3
Colin Ska Johnson,21090,3
wilhelm matthies,57bedc04-18c7-41fe-a854-8c9e2f4e8999,3
À La Mode,d0adbe28-e4c0-4a62-b4e4-80a3ebc0ab8f,3
Jerry Harris,c76d6f90-85b6-48d1-bb15-60af0089aec1,3
Worse,274227e8-fdab-4954-85e7-fd4c08452cb0,3
Akoko Nante Ensemble,21658,3
Anton Webern,7be0b588-030c-4904-836f-71ff43a2dfec,3
Wau y los Arrrghs!!!,510b4c53-486b-4b93-8778-2339e5a58d81,3
Shroud Eater,54b0faa1-7f72-44a7-ad97-289e9380d981,3
Harps of Fuschia Kalmia / Delphine Dora,6497,3
His Electro Blue Voice,bc8bc7bf-1a97-4aa8-8b5e-b2fffc75e126,3
Telecult Powers featuring Lala Ryan,6934,3
Pissed Jeans,21762977-5d60-4fdb-a197-9347df3e6b17,3
Rotem of Qiryat Gat,7062,3
The S.K.,28ee5394-5384-432c-82d7-6e00a6f07455,3
Ricardo Webbens,f87d59d8-4395-46a5-871b-013f4b4dc650,3
OPPONENTS,bd110923-bdfa-4065-ac9d-6052e2c4e215,3
Philippe Petit,33689234-81c9-4f33-a9ee-9a3484b2b1b8,3
Survival,16471,3
Houston Person,88dce64c-3e5e-4c2a-b82c-4fb391ea8afe,3
Rabbit Rabbit,9010f35f-c9a5-4c64-8c8d-3510320a13c0,3
daje,16851,3
WORM RADIOPLAYS,13837,3
Vinod Prasanna × Okey Szoke × Pompey,17271,3
Jeffrey Lewis and the Rain,17872,3
Petar Alargić,a93767db-a919-45af-9ac4-49be5690a666,3
Sea Oleena,6c501f02-7bb4-4116-af3a-c702177e19bf,3
Gatherer,18574,3
Jukka-Pekka Kervinen and Anthony Donovan,18905,3
Sparkles,0ea478f1-da30-4917-af62-c535b6692d53,3
The Asound,c27660af-8315-43c1-9d08-57ea109d8445,3
Louise Ebrel,5f883751-6947-4416-b169-3d8bde50c4f0,3
Ifig Flatres,e181d6be-ba4e-4294-8c93-231f3012cfaa,3
Missingmen,9d94e43c-69ef-4dd9-8a04-b39a89e63593,3
E.Lebleu,eb737e82-efb0-4602-8025-10c206c2e351,3
Hiiragi Fukuda,8671,3
Yolke,80924f3b-18eb-40f8-8e33-94be254e695b,3
Substance B,7038636e-c38c-499a-872e-ec102f2e914a,3
Jaras Ramunas,16435,3
kdes vs ps,16831,3
João Guimarães,805c5346-8f23-46f2-b3ab-1794a9d29f3c,3
BRIGAND,17048,3
Etcetera Music,b62e2d64-3dfd-4d4c-8ac7-4b8d7fe6f08a,3
Anne-F Jacques,6da10a5e-a92e-4c8e-b55e-eac94b2f6c62,3
flaub,56c780b4-a9b0-48cd-9826-22c3ee120f7f,3
PAS,10542,3
DZA,1a3c3e95-e761-46de-9bad-74b75bdbd60f,3
WWIII,dd1e074c-fdcb-4b78-95a0-430e6faef76d,3
Frank Crumit,5f2b77ec-419c-410d-944f-d1139a46b91a,3
Echidna,13023,3
Bergitta Victor,13451,3
Unknown Artist,cdf44efa-5eb1-445c-806e-fd531b2c8b5a,3
Max Grin,f70a1f44-bfa1-4759-aa64-e854446d34cf,3
Olga Nosova,f4bdd237-c421-4a89-a90d-396ca07e83b5,3
Vladimir Lenhart,15199,3
Megan Jean and the KFB,e8ea3ca8-4379-4eeb-953a-e8e5993a8638,3
Vic Ruggiero & Jesse Wagner,19339,3
Hellenica,b783460d-d806-4824-b073-01e70fd574ad,3
Stephen Motz,19587,3
Eartheater,20358,3
Austin Smith,21324,3
Conduit,23145,3
SISU,c5f11764-93e5-492f-b930-63e0fb4734bb,3
Maya Dunietz,23688,3
Marisol Celestia,23875,3
Novales Valentina,24004,3
Cvees,66c5b2b5-02ec-47fe-90b6-0655183a3129,3
Adrian Beentjes,20ac72a0-e1f7-4808-91ad-103223868375,3
The Unnameable,df532105-9369-48e0-84a0-a8f11a5d0149,3
December Nightskies,7defd6f3-74d1-4558-a23e-c624ff6e5677,3
Bela Emerson,efe7b90d-0fcf-428d-a72d-6a4818a29d9f,3
Jim Coleman,ecbe9ba7-5b62-4fa3-bba5-34237d40be97,3
The Copycuts,19438,3
Amadou Moustapha,22192,3
Haunted Me,24186,3
Raziel Jamaerah,8212b996-3c1b-487d-b816-24621a47db81,2
Azoora,7f676488-bebb-4b38-98eb-49d008665444,2
Graciellita,32095e66-8007-4df3-b221-afa891b2cb1c,2
El Perro del Mar,5e88b386-cf20-4aee-86b3-5a22cb8c2fda,2
Midwifery,5456,2
Hally,5580,2
abbruciati faella,5587,2
Una niña malvada,ed52b3ef-de49-4410-9148-cbb53509b7e2,2
Peter Fuhry,c8b9bcab-ef7b-406f-b85d-9358cc2fecd7,2
The Gruff,c6f3f5fa-e30b-4a02-b463-4af77cc46b80,2
Bill Crosson,e1959d0e-70c8-4098-9b08-9688d75d3354,2
Ilana Cameron and Kurt Goltz,5755,2
U-1 a.k.a DJ Sounguage,1160276f-f0cd-4857-a031-b5586644db09,2
"MO""R""TALITY",3abd7039-1cfa-4d3a-94ab-7ba24f33f907,2
Slumber Party,5873,2
The Gasoline Brothers,500ea161-4b4f-4ca2-897e-2fd0e9b47845,2
Spider,170bbaed-1a85-4035-88dd-4f54d1c43e98,2
Bad News Bats,68,2
CoCoComa,ff02ed1b-b228-4f58-a499-cc218065abf2,2
EKG,126,2
Food For Animals,38e091b3-a795-4e2a-aaeb-499a7e39ea58,2
Food for Animals,38e091b3-a795-4e2a-aaeb-499a7e39ea58,2
Kyle Bruckmann's Wrack,184,2
LO MOdA,57c0416b-6844-4bcf-82c9-20701e945065,2
Noise Divorce,226,2
Ponytail,99a54f19-d8bb-4724-8242-23bc91454388,2
Rick Weaver / The Ruined Frame,254,2
The Higher State,aeb4c12d-d4e7-48b1-8efe-f0827521320b,2
caUSE co-MOTION,334,2
Electric Kulintang,1a7c5688-25a3-44f4-a523-79d6d980ca56,2
Vibracathedral Orchestra,4df586be-75ed-4c2a-898d-11c669f0f4ce,2
Wildildife,1633,2
Charles Daab,790a8c5a-981b-423a-b558-724a0ed9da61,2
The Intelligence,11ab49a5-fd58-4905-997d-57e70064e893,2
Howard Fishman,47101ba7-276b-4d49-bc12-4a3df40513f3,2
Japanische Kampfhörspiele,d2b56b32-0ff9-4025-bf80-d0418982b842,2
Kim & Buran,9cff5845-ba83-4346-a467-a0b4d9575af3,2
Math and Physics Club,838d9c94-4d91-41e0-a28b-60518e62efe9,2
The Fairsley Difference,74401aeb-0f62-49c9-9344-cfaf2a402b43,2
Clover,3,2
Murcielagos,21,2
The Department of Homeland Absurdity,31,2
Joe Frank,16,2
Gunslingers,2203,2
Rock Paper Scissors,18,2
E. Talley,49,2
Steward,d8d60071-e5e3-4de6-9199-337463da8646,2
March Rosetta,ee0fca6f-c652-44c0-857f-0674debc5d62,2
Black Era,fda091fe-24e3-4bd9-bfb4-6afdd9baaee4,2
The Black Hakawati,3c08df0f-f062-4256-a7e5-7ed7fe823165,2
OCDJ,e44d081a-126a-423e-baf6-a41c38fb891a,2
Cex,1bc6e6a6-00aa-4f83-b809-0c7fcbbae9ff,2
Gorilla Angreb,f41275f0-796b-43c5-8f25-2bf6234d0acb,2
Yikes,0e7da224-02f1-4b18-92fb-53b9c34ab420,2
vosotros,428de129-34cd-4886-aeb5-df900243a1a8,2
Mikrosopht,f14054c4-8a70-4caf-9d69-0b1018aa5167,2
The Chrome Cranks,58f32206-e7dc-4a06-baff-e98e6ce4138b,2
Igor Ballereau,facd7951-81af-4e56-a88d-4c27b8b89195,2
Mombus,eeef8a13-88a9-44dd-9b04-83c046d7adb3,2
Chapi Chapo & Les petites musiques de pluie,4326aa20-2b56-4fa4-bdc6-4e4d66b08885,2
Tim & Puma Mimi,a215d206-f0f1-4223-b8d1-e608e4fb9a15,2
Aleksi Virta,b2d5b4a5-8778-4ae8-ab88-76d9e6b987c5,2
Shorty Raw,2a0bc702-0027-46a2-89a5-6a7a922998f4,2
Joe Frawley,b6190abe-7d2f-4703-a16c-bd584916de20,2
Terminal 11,f4857d07-98b6-4728-b9c1-1ac4896ed5ab,2
Nate Wooley/Crackleknob,3912,2
Divine Styler,09374630-23d6-4852-b2be-e2e711afbbfd,2
Jared Mees,15d9100f-cc8e-4948-a412-03dcc2ba09f1,2
The Grown Children,3DlOBrlUbnNQ8K3hfhAqQC,2
Jay Bennett,89e00fb9-0553-48bb-b665-69ed0fc0a38d,2
The Koolaid Electric Company,27a85cc3-bc5e-46e9-92f8-12735810798b,2
Violett,c978ccdc-f201-4c97-ba3c-c3173de5e276,2
Gurtz,a41d40ad-96b3-4b0e-95d1-f73065bee938,2
Jim and Jennie and The Pinetops,fb3bd6f0-76e2-48bd-9ebf-52a948911af0,2
Confusion Is Next,0fb208bc-ee71-4400-9571-eb2fa43a3f78,2
Jay Slim,29b1bf31-4e4a-40fe-9ffe-7b4f01e801e9,2
Zs,4370,2
Edison Military Band,93112f00-917e-46d8-b7d3-80432e298791,2
Angels of Light,310e4c19-d810-42f1-947f-76889e8bfcf2,2
The Good People,3768,2
Keith Morris & The Crooked Numbers,b47c86a6-f341-44a9-b86a-d307dd3de64e,2
The Tabernacle Hillside Singers,4fe2822f-930a-4a7f-9595-2adf26811dc0,2
The Suadetones,bd69d3a4-7726-449f-b288-0215945d4eaa,2
MCRB,57edeec0-1404-4767-b053-10a4857685ce,2
Sonic Clams,38ff0d84-efe5-4a50-b662-34ad494ad47a,2
Monosov/Swirnoff w/ Little Howlin' Wolf and Peter Barry,1046,2
WAND,53aa3df7-2631-48a5-87fb-1d4096566aca,2
Wooden Wand,53aa3df7-2631-48a5-87fb-1d4096566aca,2
X-Agon,535480ad-83b3-4c25-98c5-01684d2de175,2
Phys Edison,a90684bd-e116-4c72-b0eb-47e27c0d1d42,2
Metis Yeti,4966,2
Jim Bryson,8984444e-fab5-4176-81dc-a020aa1778ea,2
Club Royal Orchestra,32acd74a-5ce0-459b-b771-8d78b41faf3f,2
Anton Belov,b71523a0-8347-420e-aec5-51edb5160dc8,2
Steve MacKay and the Radon Ensemble,979,2
Kenny Brown,5136,2
Bell X1,3660a894-2cf6-4f6b-b995-c967da3c78c9,2
Command V,01aa68f4-3d2d-428e-a96e-5d91aa71a53a,2
FNU Ronnies,b61c566a-b85d-4d9a-9a0d-95161f3becee,2
Paper Navy,f36d9959-ef7a-4d48-a825-dcdf0a760dd5,2
Gene Rodemich's Orchestra,4c575be7-8026-49f2-ab72-50e26bd32538,2
Edward Avis and Howard R Garis,5251,2
Original Dixieland Jazz Band,6e3d6e70-2f11-4732-a789-4a9d608ef24a,2
Paik,6cdedc47-8f13-4f2e-bf7c-165eca0e3af0,2
T. H. F. Drenching,bcfee5f2-71a3-4a65-bc5c-4db4b05bb8dc,2
Id of Mobius,5299,2
Jack Pleasants,4163f6cb-1e16-40e8-bef1-d73ba0043c33,2
Florrie Ford,5340,2
Sam Stern,5348,2
Ned Rothenberg,f138b9c0-b6b4-48a1-89c5-3b98002c0e49,2
Holzkopf,159,2
Tom Blancarte,2c9c47f8-0552-49ee-a388-857b41428d97,2
Brandon Seabrook,d5828d9c-f8b1-4838-8a30-3d88732af474,2
Carlos Giffoni,63b4b249-0faf-4b7d-ab5c-14382257b03e,2
Mr. Moods,5b8b526e-02c5-4c31-bc7f-d46df9fa0e35,2
Jason Forrest,1954,2
Nero's Day at Disneyland,41b7da82-f627-4fa5-8557-6430b2389531,2
Sote,3450,2
Eric de Jesus Is Spoken Word,d5921816-0a0e-47b1-b100-92bf50a9e45a,2
Albino Ghost Monkey,e8db16d7-374f-4ea5-a19c-cffc5de7d6eb,2
Eric Leonardson,dd92d819-7fc5-401a-8de1-ecddde8ef30f,2
Li Zenghui,9cc41629-8b71-47ce-9a07-05e206eaffd0,2
No Neck Blues Band,9c58f3b6-2ae1-4f1c-b2d0-9e7cd9007928,2
The Golden Dogs,00dd15c9-a16b-4c6a-b9ec-941be6b51f4e,2
Jazzfinger,441bbc9b-f910-4558-bb3c-98e75c8f1e86,2
Kemialliset Ystavat,2c865d35-e91b-4653-9de4-1f102137fdb2,2
The Urinals,60672b21-6ee9-4b37-9039-97ac5df5b4ce,2
1/2 Japanese,18dc6bd7-9caa-4c2d-a2fc-e9546ebda6a4,2
Gentleman Jesse,1806,2
Ducktails,1712,2
Watcha Clan,a7298a8a-b896-4c1a-8c9d-d12f7440a3ae,2
MV/EE,de9aefa9-f7df-4638-ac35-7ac1bfd98828,2
Brian Jonestown Massacre,518,2
So Percussion,60212905-02a1-4b05-a09b-c12dc85c50e7,2
Z'EV,1433,2
Very Proper Dragonflies,32fbf76a-7c99-4a36-acde-68bb9bf277d8,2
Unrecognizable Now,d1c8b4ef-26fe-4db8-8e8d-15294c23f43d,2
Juaneco y su Combo,9106e92a-aad0-4996-ac95-37b21fd70737,2
Albert Campbell,af3a073e-c74d-494d-85d8-27c363ff1f00,2
Gina V. D'Orio,babff96e-f9fa-4bc9-9f7b-2aa6e8066ff2,2
Menstruation Sisters,7f3b2721-e53b-445c-98ed-93e016cdfc39,2
Throbbing Gristle,e135d690-9c53-4333-8f11-98aec8c9f434,2
No Hope For the Kids,6c6fc663-57a4-4fde-a880-57fc588cbb05,2
The Upstairs,03dc1696-af2d-4fb5-aa43-3874aac66e1c,2
JR Claiborn,8c7e623c-9ef0-451a-b21c-96cfee695d3b,2
Fellatio del Toro,3192,2
The Flat Can Co.,3193,2
The Slants,96965d9a-5c49-4f58-8075-80ca6da97416,2
Trondheim,330872f6-e187-43d5-b049-a2c6c21a2492,2
Petit Mal,f56e5f9a-32dc-4bde-b425-d6210f0682d5,2
PRIMATE ARENA,3484,2
microtonner,f5cd5212-88f8-4a28-8b88-27ccc987b6e1,2
Les Oreilles,3669,2
Sun Zoo,0ec03493-6866-48bc-b979-1ed10ee0ab75,2
Toby Paddock,3857,2
Aemae,28db2089-55a1-4339-a0d9-8d7cc80d6ad5,2
Yung Nittlz,3897,2
Zee Avi,abb85a9c-c740-451a-8ea0-a236e1916c67,2
IT,0b098652-44d1-4ee8-883c-4ee6c57f4a51,2
Mr Skurge Khingass,3972,2
Psychic TV,14c5a3a3-f5ed-4978-99af-486010e3a007,2
Videovalvontaa,25151b80-3552-4a44-a36b-a2263e1b8b0e,2
Sparkyboy,49980dcd-25e6-4cc8-ba85-c6c884addafa,2
Miskate,e8fc2c73-b666-4fa9-83a4-2eab28c8d333,2
Dilo,4ed2d668-1623-4666-b534-228e7513c532,2
Seph,415f3859-e8c9-4512-827d-a64daf1a061c,2
The Blacks,fe281bf2-53fd-4b5f-a5db-809593c9929f,2
Th' Legendary Shack*Shakers,7802f51b-2fbe-4287-ad93-4c3d596b50b6,2
Cursillistas,b0083dc3-955b-4dbd-856d-caeba3520624,2
Bing and Ruth,619e1ba4-3e23-4a6c-8c18-4b49b398e22c,2
Bad Statistics,a94271e1-9106-4fd3-8a9b-5a279485624e,2
Popeye Experience,25ee4429-7469-4b2f-b234-841e5b17c0f9,2
Ferruccio Busoni,cab67e98-340d-424e-baf1-b127902c200b,2
Peerless Orchestra,8baeebf2-1579-4806-a019-c18260491e06,2
American Quartet,4538,2
GJO,9b03fb6d-ad34-4b6e-928f-209dedaa3972,2
Bubblyfish,b15ba991-ae03-47e3-bf4e-1b610ee24d84,2
Mose Tapiero,4958,2
Len G. Spencer,4e41dee2-f22a-41a1-89da-4aee63b84393,2
Joe Pernice,082c5f46-c59d-44b6-a247-6b6a5dd893be,2
"Ethan, Master of the Hawaiian Ukelele",713,2
Fanny Brice,b500874c-8c7d-4353-b928-e1affdd4155b,2
Aesthetics Crew,4972,2
Josh Mease,1010,2
60 Tigres,e7f5f9fe-5926-4eaf-a133-323fcf85fccb,2
MNDR,251a4779-72cd-4482-b9ca-cbd89bc1e165,2
Clay Ross,5ef1ecb4-856b-4f40-b9f7-f0c0a28c3f31,2
Matuto,51wKedxUsJDkqn1oGSj52Y,2
Harris Newman,0e63d259-4655-44d3-b3fe-fc6da0ab282c,2
Wally Shoup,ce1d7560-b483-4390-988c-c51068a44aa3,2
SubArachnoid Space,11c72c38-dcae-4f33-b28d-1e60214010ab,2
abby lee tee,52a48f66-0c18-4ddb-a8d6-17cdfdbc8514,2
FAAST TYKOON,9d1d9780-207f-49aa-98ef-7cb08c3f8da6,2
Musica da cucina,cc97bf8c-539a-498b-8436-f4f28ac8874f,2
Bakers at Dawn,791fd758-2d0c-4f9b-8c24-c3e10013319c,2
Polichinelle,34e4067c-40c8-47d3-84b3-a6dc59402a3d,2
Santosh,0802ab5d-ee47-490a-a745-c09c303341ba,2
Mochipet,19d2cd59-c470-4525-86f1-0e187475072b,2
Michael Mloszeski,66f8c99b-96c1-4c29-8df1-cccf1e97cd32,2
Alice Rose,d2da717c-7248-4437-ac93-b066ede6b7b6,2
everyone,5763,2
Manikin,664bfc9c-925f-4196-b9a7-994ea251e584,2
Paleo,5761,2
Quarta330,6f4b6dcd-5c71-4caa-9105-5a04e66e7d16,2
Quasar Wut-Wut,6bb4ccea-4717-449d-bbf8-075b2d2c19ba,2
Sir Lord Von Raven,5f9153bc-5c79-4e0a-a2b8-9ceb5cda9eeb,2
T.I.T.S.,285,2
The Yolks,304,2
"Bear Bones, Lay Low",aa9568ac-55f3-4145-9603-b8756831f3c0,2
Dr Freebs,16640,2
Slasher Risk,7bfefc18-0dec-4659-bd9b-69fee751b5eb,2
Amanyth,fae72c54-7d34-4d42-a121-c81135dfe101,2
Panopticon Eyelids,8618cbbb-6504-4e37-8ab9-f6ba8b39e9ec,2
Djarara,f0ff54d7-fb09-4fff-9be9-87faeac241b9,2
The Bad Trips,04ace1ee-b47c-4d3a-99bc-ca64ea56a6e5,2
Arthur's Landing,f2a15a99-5ff3-403d-91b1-ddca6c4bd408,2
Jef Brown,21c3f695-fd34-4149-aca5-e478ab7aff04,2
Sleepwalkers RIP,f2b0ad39-c8ae-4242-8cb9-168b70af64ff,2
The Baskervilles,33d05e50-54e2-43dd-83f9-4168ecaad899,2
Chris Moore,1b671a7f-cda6-4caf-bc1a-c861c005d8ee,2
Japanische Kampfhorspiele,d2b56b32-0ff9-4025-bf80-d0418982b842,2
Reynold Philipsek,1126,2
The Deathset,7ec4f94d-bd26-408d-a81b-4df4cae674f2,2
Ravens and Chimes,b34f4bdc-63e5-4917-917b-ee478ec798a0,2
Anthony Saunders,2050,2
The Ridiculous Trio,96907411-7ec2-4dc5-8093-a2750a967563,2
"1,2,3,4",1b42fa42-c2be-49db-b5b8-dcffddd587f1,2
Thank You,1316,2
Santa Dads,3006,2
The Vicious,cd27d66d-4401-499c-920c-0a4a05a8a679,2
The Kirbi,f3bb8e56-2968-4a74-a354-ef7dad4863f9,2
You Are My Everything,186b9ed9-3399-480a-b549-d59d3f36d8d2,2
Night Gallery,944bc476-266d-40ae-8804-64a54ffe0edf,2
Twistycat,3356,2
Elm,f07a0115-f14a-4fcf-a138-f9b0a7bd65c9,2
JC Brooks + The Uptown Sound,434121de-396e-4530-add2-03dd0e361734,2
Victoire,3867,2
Leticia Castaneda,a5dd70fb-e424-4e36-8619-530061cffb28,2
Sonic Death Monkies,3879,2
Omar Salgado,49ca3b99-e7ba-497d-9084-899ca1700859,2
Markojux,79f971ed-6749-416f-8f92-ffca6bf67385,2
Stuart McKeown,24a1931a-4663-4bf3-b320-8a2c63cded6c,2
Ivanovich,4331,2
Kiss the Anus of a Black Cat,bfcb1b75-c736-4477-a5f8-24560824751f,2
Jack Kaufman,4504,2
Edison Concert Band,82cabc8e-312e-42ea-8b9a-5fb03f28e635,2
Superbus feat. Loop Loops Clan,4613,2
Arie B.,4a9fed30-480d-4ca7-b326-873e65504194,2
Sileni,416618ea-fd28-48fd-b40f-39aa4ddc59c6,2
Alash Ensemble,d04b3d25-137f-4ad1-b045-dc3023945970,2
Warsaw Was Raw,74e04a0e-8871-4337-a979-c10bc80a2054,2
Whitman,5152,2
Phil Minton,8fb5b702-e404-4330-ab40-b0c8ffd3d294,2
Louisiana Five,e46b1786-a5da-4de4-b27f-735dc757408e,2
Liturgy,4198,2
The Vocokesh,2461402d-950d-4992-a5ae-8ae9efd938c1,2
All-Star Trio,fa115a59-f5ed-4d82-9d90-f105a9ad74e7,2
dublab,60546a37-c85b-44b5-a474-14547e4f18ad,2
Lasswell,5553,2
Mack,5584,2
Home Blitz,5f3afa35-d5e9-4e9f-a162-f25825780440,2
Michel Banabila,62a4af3b-c3ae-433e-89ed-2db25fe96bf1,2
Orangebox,441ffe4a-95cb-4e2a-95e7-968ba77adc91,2
Slumber Party,4a56b131-1c1a-4121-b6b0-9288d5d0929f,2
Phill Niblock,12e4406c-33db-4414-92bb-f63b4602a7f4,2
Maga Bo,a2c5372f-9ef9-401b-b46c-88e025b510a3,2
Luminocolor,b7a991f2-8ae8-4987-9d61-23e01f0eead9,2
KemoSwaby,5970,2
Morton Subotnick,c5e98895-2ef3-4850-972e-03f6dbe9ff1c,2
Pinkle,56951202-458d-4288-a5a2-705f2bf597bf,2
Stromble Fix,fcaeced0-1e58-4e14-a073-b151222ef712,2
Mike Schpitz,c147c3e0-3580-4d18-8f67-57b14e97926d,2
Abominog,8c00fecb-af97-486b-9c18-65848e50f1ae,2
Andy Hayleck,58,2
Explode Into Colors,3c823097-16b7-4bc4-bcf0-19773f3094b5,2
What Cheer? Brigade,82136c25-e045-44a9-a544-7433e73d6a00,2
DJ Dougernaut,12624,2
Avarus,433,2
Gary Higgins,425ef2bc-0c6b-4027-9c85-6731989fa6b8,2
ST 37,6026cb19-dadc-418d-9a81-77b13b9ddcbb,2
Paul Pitman,5f59abf5-88c3-4f51-9d87-8056e93b1454,2
Odd Nosdam,af256aa5-4bc7-4aca-9b89-55ca26fe5468,2
Salted City,9723a3e4-c204-4018-94e8-23dc40c753dc,2
The Torrent,2983,2
Bitches,36042724-e722-48d9-8d26-f739fd542969,2
Nils Hoffmann,6b359560-c448-44c0-84d0-d540f474d32e,2
Soulfool,5d240ead-c22f-4a4f-aadb-bd28c248cfee,2
Kaffeinik,6714528c-f61c-4113-a896-c1847a0473e4,2
Maniax Memori,7a3e84b7-1830-4360-a10b-fee9a4e7e856,2
[dK],9e0b5fe2-1c90-4323-9eb5-a0f8743b9efc,2
Alone in 1982,f20ddca8-f85f-48b4-bf8c-81a351081c73,2
Fuck Buddies & Savage,f6890995-e01c-401c-bcd5-41414344019e,2
The Goodnight Loving,4315,2
Bruno Walter,afa18c9c-85f7-4ecf-a262-c7ce17556212,2
Matt Carlson,4649,2
Navel,fce72dc5-9507-4913-9b6f-e8d4d39fa320,2
Frances White,4939,2
Buzzer,d07de6f6-77a3-4dda-b98d-a3cd5313a816,2
Tom Carter,65519220-45c4-495f-89ae-046c771cdd53,2
Amy Butler,703309da-43d1-406d-8c18-a95c87bf4925,2
Billy Merson,7b5d707c-2079-4a41-b469-c8f50e568c49,2
Frank Curtis,5341,2
pit malone feat. beekeeper c,5505,2
Lord Tang,40ffb9d9-d728-4a0e-806c-1a03e806b106,2
Monopole,6032,2
Christophe Marc,9ba7b3a9-621c-41ff-8a33-8b34f10ae4e1,2
World's Greatest Ghosts,96042f11-af20-4316-9f3c-ec11b061193c,2
Animal Writes,59,2
Sword Heaven,eb781da1-7b18-47eb-a959-815ea563e401,2
Soup Purse,b9ef1a10-98d9-4601-8401-ad3b15d4fafc,2
The Set of Red Things,a83895ac-9dd3-4751-8019-2a289d0852dc,2
Marvelry Skimmer,8371,2
Frosty,2207,2
Kixly,f60e17ee-4b99-4623-97b0-c05bf92c34ad,2
Languis,e1fbdc15-59df-48ec-b9f0-4d1fd1f333ff,2
audiotechnica,2274,2
Sweden,a25e5762-38cc-4719-aab9-d10ef3a968e8,2
Imperial Leather,c1f5ae94-a774-4cfe-a9c1-78744f3162d5,2
Carlos Gardels,2949,2
Narcotic Syntax,c058cd04-ff57-4107-9765-12577b631b26,2
slaughtering slobbersville,3467,2
Eta Carinae,ecd07ce9-0a9d-4564-a226-ce290ec39152,2
Crepusculum,c4799ebb-bbcd-47d4-81db-7871ec70d5d4,2
Rico Bell,bd2ab017-e428-4aa3-86f3-b7c9f198ef9b,2
Greyskull,4058,2
Derris-Kharlan,0e5c8900-fd09-46e8-91da-24c17762f64b,2
Sleep Talker,c2200fd3-cd16-465f-a20f-fe767c19a54d,2
Wio,ae371535-6e63-468b-8813-3fcb286a63b9,2
Michael Gira,8d936df1-9da6-4b11-87c3-7bb8fd8a62c4,2
E.O.R.,25494fca-14f4-490f-895b-ef6b0b33582a,2
To Live And Shave In L.A.,083941cf-8183-4cba-b49f-16681f04eb63,2
Magical Unicellular Music,48d94967-60de-4562-85c6-bbf6cb10e689,2
Paul Biese and his Novelty Orchestra,4962,2
United Scum Soundclash,16274,2
Edward M. Favor,fc2a9913-f9a9-4338-95a8-94c0d1821712,2
Gene Greene,a03c806b-dfcb-481f-8861-23068ef4f3b6,2
Hiccup,5448,2
Infinity Shred,2913667b-9629-4c66-9f09-1ab9b9740ca8,2
LASVEGAS,5a171513-399a-42ab-b10a-5d1036dc4e54,2
V3xation,bb059443-d2c1-48a1-8817-d68f644f6ad3,2
Vincent Black Shadow,dea4c03a-5851-4722-968f-f10d781cca41,2
Justice yeldham and the dynamic ribbon device,b976deb4-8794-4af0-a311-4ab310ce420c,2
Fields of Ohio,2a59f77b-80d5-40ed-9244-4c2c5481772d,2
Arrington de Dionyso with Turonggo Joyo Mulyo,17867,2
Noir,17856,2
Kellies,f17de82d-c14c-4bdc-b320-e475b16d87cd,2
Canecutter,8757a6a3-cd4b-4ac4-9028-02522f6f4b31,2
Infinite Gaaah,14861,2
Jorn Zone,18107,2
Baffin Island,8fe45e17-315c-4b6a-ab97-9d2ec779b954,2
YOSHITAKA HIKAWA,18282,2
Othotonics,18402,2
the Gentleman Thieves,78286514-01d3-4949-acb7-013cdfba2a32,2
Reebok Occult,18470,2
Austin Cassell,15ddbdfc-4c48-49f1-b07c-1ac38c7e448c,2
Catnip and Claws,78fb82a9-7465-47fc-80a1-ea3414b561e0,2
Cedric von Flugel,ae6102e0-0466-444d-abaa-e284577e1b01,2
KChristie,c47648e7-99fd-49cd-9ac3-08b014bd0395,2
Medooza,d6012dac-366a-448d-83aa-a8d92e96933b,2
Nu-San,8a2104d6-e9d0-4b33-b979-6fb767ec80d4,2
Veronica Green,4b6e7a1f-f4c7-4737-a821-e9f818c8c96b,2
Meson,38b5c1eb-c55d-4bad-8ba8-f7054025ef41,2
Gilo,27JUyU6qKLCOpHvRVaYjz3,2
AG Davis and Anthony Donovan,18065,2
Hubert Heathertoes,bd98ee12-5466-42d5-84e0-155b1c47a0f2,2
The Michael Atonal VVVick Trip,18085,2
Janko Džambas,258036cd-c847-4d60-bc5c-79c57c5b0c70,2
Kubark,18817,2
Sun Sunych ft. Alex East Block,18878,2
Sun Sunych ft. DanBrown,18879,2
Telephone,72709ad1-d5e7-45a6-95a8-0162a259ce63,2
RoomDark,50a65226-163e-47a6-a36b-838d9fc8da51,2
Jesse Hirsh,19280,2
Improvisi,19281,2
Public Domain,17511,2
Bnegão & Os Seletores de Frequência,c5ba169b-2236-44a2-a19b-ee39dcf6610c,2
Sarin,9856,2
Anthony Seeha,948c5fb7-4057-47e1-b387-d938c41f0ee7,2
Hyena Sparerib,19506,2
baz-gibbons,19519,2
the bobby fuller five,19612,2
The Jazz Kissingers,19575,2
DKSTR,5dce0826-c07c-49d0-98e7-c9c508707b80,2
Terry Ewell,d52b7b77-1f86-4cfa-baf2-47c7e991f7ec,2
The Mothership Collective,20055,2
Jon Langford,df3f656e-5083-40a1-8e51-d111b3d65992,2
FortyOne,975e9cd1-247d-4e21-b5b6-94b6551c601d,2
feverdreams,3f4c425c-8d19-4bba-ae0f-c5f98edfb326,2
Magnus Sandberg,280b62b2-3e54-45be-a768-48bb98bd3e98,2
Tanya,13cdcdc6-84c0-4eed-98a3-abc9a307fde7,2
Sascha Müller,eb8d2217-03fd-4ab4-bb28-31a66f8af135,2
Inzah,64bd0508-f735-4644-aad9-21f751c37031,2
Archbishop Jason Polland,5056903e-11ea-488d-80e0-caa5dd4aa8b4,2
Origami Boe,5874a2bb-be13-4937-a28d-dd84e967fa27,2
Suzana's Bauten,bc5bf444-dd56-4670-86f2-37bd64b87d84,2
Moro Kaju,20341,2
Trash Queen,f8e1b701-2b9c-48cf-81dc-69a12e641439,2
Lÿ & Sersoul,20692,2
Marco Cher-Gibard,14485,2
Grillo,9231,2
gök,f306cc2c-932f-451e-9146-0b01c5eda65a,2
American Green,1dfad0a7-77eb-4c63-819f-10f0c8df511a,2
Rose Bolton,d7db7053-78d6-4057-87a0-8f648e80f34f,2
Kospel Zeithorn,af4d2c0a-0133-4abb-bc4a-a65d5b1c1923,2
Omar Tamez - Ramón López,14948,2
The Black Atlantic,af432cb6-d89c-437c-8780-b6ca8d115bad,2
Dott,15021,2
Lea Bertucci,4bb8f754-76a3-4375-8341-f660f67c7a6e,2
Crimson Sun,15253,2
Tearpalm/Gianni / Druid,15276,2
Cape Canaveral,14609,2
O Divino,15539,2
Cloud Becomes Your Hand,6c13fb7f-9bb8-48c3-993d-c383298cf22a,2
Sam A La Bamalot,8fa67ed7-a4ac-4f49-a71c-cbc3c57a653d,2
A Friendly Grey,15630,2
Chris Whitehead,afb8334c-379a-44e4-9a41-4de2cf9b24b7,2
The Ishihara Test,15685,2
FACIALMESS/ MUTWAWA,15506,2
Howie & David Mitchell,15734,2
AER20-200,a697e90b-0553-41c1-8a3a-c7ab06d89a60,2
Chuck Bettis/Tim DeWit/Mike Sebastian,15792,2
Victor Valentine,15824,2
Elsje Bollen,15890,2
Yoshihiro Kikuchi,7e4ef3e3-9942-44be-a386-62aae29ba8c1,2
Jurica Jelic,11784397-2d60-4781-aa6d-92a445d8ca3b,2
Expert In Mental,5793f189-ff0f-4f39-b949-fd3c98c3986d,2
Hugh Levick / Diotima Quartet,16006,2
Itsuqi Doi,7548cc03-b6d4-4d72-a727-05b69b2a2388,2
Oskar Schuster,d9104dea-6205-4b3a-8b45-9f3268cef7bb,2
Raven,366e557a-5365-4fef-b95b-b34981bff970,2
Mother Beth Vs Blondie,875f54ce-7b8a-4f72-b5c8-6bce73d4fa98,2
alg0rh1tm,ce1545d6-48cf-4987-9080-4ce6297ad6fe,2
Una Lee,e711b705-c75e-40ad-a14d-29c95564d722,2
The Royal Republican Orchestra,d67e0eef-55c7-4afc-8ba1-12e1a9978dc0,2
David Grubbs,f72e65e9-3ee7-4dce-9c53-5dc6221f6cd3,2
Brian Chase,a1439b8d-672a-446f-a7ff-6f09d68254b3,2
Виктор Iванiв,9704eacb-5dd2-4810-9b71-97faae8d2907,2
Виктор Iванiв & Muhmood,16614,2
No Habla Catalan,16641,2
Hattemachin*,16665,2
Bridget Hayden,7ac0d1b6-8622-46d4-b660-1c8789816451,2
Barry Weisblat,a2659e79-2d42-4928-8bbc-5477ce8230ba,2
SHRIMPS,ba58f836-8304-45c0-849d-a334012385c1,2
Old Million Eye,217b0aa8-763c-417c-84f2-3e7cfd5cd942,2
Feels,16336,2
Will Austin Remains,15005,2
Pythagora,1153e4b5-db53-46b6-8cab-c57a277a30c1,2
Gertrude Atherton,16793,2
Matthias Boss and Paulo Chagas,13087,2
Sébastien Branche,bf2c48c1-8272-404f-988c-6e5f965f35a8,2
The Attraction,17028,2
Hourvari,d1f4d4af-99a9-4b56-bc61-683c78e29381,2
Empty Flat Resonance,17058,2
Or.12r3,17084,2
Big Daddy's In The Dog House,17107,2
Kilbot Factory,17083,2
Momenta,b09463e4-37ac-43d9-bcca-9eb444cb7b02,2
Čaj na Ex,17136,2
Snowplows,17174,2
Symmetry,13885,2
Jim McAuley & Scott Fraser,17194,2
Mann Beast,17242,2
Anne LeBaron,70fe8c43-86f6-49d5-ba7c-c620c075d571,2
Kicking Spit,17c1ded1-8f7f-45f3-9ed2-48f3b7191fb8,2
Cryptic Mao,17439,2
Transparent Body,17440,2
05_Elements,bb9f5a0c-044e-4f8b-ac27-b1b1c1176e0e,2
15-PARAL-LEL,28654b48-fcd6-4a04-8bbf-229defe62e4f,2
Frédéric D. Oberland,e52da247-5bb8-44f2-981e-f040b0287755,2
Gaspar Claus,865398ce-9c6c-45ce-a3bf-1ea35f1c0909,2
JOHN 3:16,660c3dee-88be-4495-bd38-426bcea254bb,2
Jelena Glazova,8a9336b0-d76c-4391-bacf-412b6658e70f,2
Aye Aye Rabbit,364f3274-4b96-42b3-82a1-3578f254bfb5,2
DJ Black Negro,9f3b2ae3-7485-4365-b8e9-6ca599d1b1e3,2
Nox Factio,17631,2
"Dude Cruise (Grace Wazowicz, Amelia Bushell, Thea Sass-Ainsworth)",17681,2
Caitlin Montclare and Nick Pillot,17683,2
KUČKA,46f69295-4afa-45a7-a6a0-54082f1c0d23,2
Headwar,d9e0b1bd-c3c8-4a16-bf11-619e271d0a99,2
The Rusty Bells,14122f08-3c42-47b4-9036-48580bf55a33,2
The Dalai Lama Rama Fa Fa Fa,352907d2-e318-49ad-ae3c-9ca9e8a357b8,2
Stephen Vitiello,dd6a95fb-28e8-4863-a94c-4232459cef99,2
DJ North by Northwest,10691,2
Scott Fields,6e8ecad7-f58d-44b5-ade9-c9b342401724,2
Berlinist,fdfb2dad-fb50-45f1-981c-1f9e45a921c2,2
Larry Polansky,faaa0af6-6374-4ad9-8230-f2aed0589ab3,2
John Moran + Saori,11081,2
COOLRUNNINGS,8213,2
Night Control,1f5d75d4-72e5-4f09-8df4-4686b388dcea,2
Sometimes Always,a9dc44d2-a80a-422a-b409-dc6cb955ad9b,2
Moa Pillar,cd56adbe-797a-4781-ad30-294e7d71c99e,2
Miracle Libido,f6becc10-f63b-4864-aaa5-1e428c97a293,2
Demokracy,e9620fbc-e548-4646-b300-3424e81c9c38,2
Garrincha & The Stolen Elk,11616,2
Hidekazu Wakabayashi,0ec3cb57-fa64-4f77-b7d1-39e06158f064,2
Cloud Cloud,11770,2
Supersoft (14-18),11791,2
Fruit Flesh,2c807ea1-f979-4909-a123-cb53fe232b34,2
Deniz Tek And The Golden Breed,a1d5a1f2-f080-48c1-8d0a-695f59dfa6b2,2
The Parish of Little Clifton,08c3df8a-1f6c-4f89-af5d-65ea1bdb7bb6,2
Terrakota,0749f01e-3e2c-4662-94ee-121108d6615f,2
Mere Women,8d835b68-3049-41a5-a589-9c10620af277,2
Okkyung Lee,3134d205-ad9d-4594-90cb-d21b1bc5ad91,2
Liberty Ellman,14fead9e-f72d-4633-80d1-f3755b8c8df5,2
Skuli Sverrisson,52f26a62-680c-49cf-bfbb-3e4e38f9f591,2
Malaikat Dan Singa,11975,2
San Pedro el Cortez,64259d09-53e2-451a-a8c6-548998ecbfe9,2
Anthony Braxton,4e5f99db-d181-4317-9124-602b776f5306,2
The Frankenstone,df4d61fd-7ed0-4965-bb45-ac3fef4258ed,2
Sloan,1244,2
Starscream,5688,2
The North Sea,2bddb5f1-1908-4f19-841b-9d1c4fbb28a6,2
Wild Flag,10684,2
Rachel Benbow Murdy,5518b4aa-1779-40e2-bee3-74cf608e19af,2
Avner Arad,90c6c8af-b524-44c6-b4f5-5f8c273c058e,2
Trace Figures,12307,2
Anthony Donovan and Clive Graham,12311,2
Niño Koi,444b690e-3432-4996-8699-fdac9ed8ae0f,2
Monte,d7379a7e-5846-48c6-8112-2dee49dd779e,2
The Great Wilderness,cb9182d6-eba2-4100-8371-16ca31d9b646,2
Sahy Uhns,b124124a-5ea0-40dd-bb4b-b15a9d653403,2
Anenon,3d316fef-9526-4951-83ed-a01a5dfcb0f1,2
Charles Gayle Trio,1459eac6-f402-4468-ad39-ea94d8bdb5f7,2
Aim Low,50a5760b-3a61-4c56-9032-298367df539c,2
Rollin Hunt,27318714-c61d-4ea5-bea5-f9ca430ae3fc,2
Afxjim,138a131c-91ac-47e8-a749-e13e7e08f428,2
Ghost_,12583,2
Naoyuki Sasanami,b25be2bc-5ab6-4498-bb81-2862446677e5,2
DIIV,b5ff61dd-0154-4e80-b46b-c733f87db602,2
Night Manager,58a5e910-292f-4d86-8f77-41a0d616f0bf,2
Phonetag,12880,2
Yoeri,12886,2
Ronin,12954,2
La Minor,a8bd4078-eaa7-47f7-8aff-de2fd7483e50,2
OCP,12995,2
Pesnopojka,13039,2
FluiD,10310,2
Jack Twang,13079,2
Musetta,709298e1-6685-4f54-bb5e-164f8fdbab01,2
"Dave Nuss, Rahdunes and Aswara",13295,2
L3s_HØmM∑s_D∑_lÁ_m∑R,13321,2
Koona,0becc71e-a639-447a-ac6e-a1c06b034a6e,2
La Jecca,13353,2
Chain and the Gang,c748666d-f105-47f6-a5e6-04eb80ab4845,2
Thee Pink Stainless Tail,13598,2
The Sand Pebbles,dc316d39-2028-4d26-9b05-a9f5e09d9cd0,2
The Great Apes,00a1f138-9c02-4621-bd93-7ae58da6b90b,2
The Sun Blindness,9d0d7559-578b-4cfe-bb67-235f141797f8,2
The Kleber Claux Memorial Singers,04986387-50e7-4965-b19e-306110fa7ab1,2
AKB N0,dc157c24-a180-4417-95dd-394ab32fa658,2
Ears,fff5f0e2-bf14-43e4-9bc4-9bac4dfe3e4d,2
BBQ,2ba15f3d-21f2-4979-aa57-63a44538dede,2
ADJ,13861,2
Colin Carr,bbccdd43-641b-417a-a38e-6c2e24578930,2
Rebel Baroque Orchestra,4bf34630-7238-4000-9f29-0af65c2ba703,2
Derek Lee Ragin,25b1661f-16c0-4f77-9425-f25461fd7cb1,2
countertenor,,2
"Paavali Jumppanen, piano",13901,2
Sina.,13973,2
Sun Glitters,2a258278-db47-47aa-91b3-1cdbf5e93d54,2
So What?,14083,2
California X,14091,2
Clare and the Reasons,7a10d39c-ac06-4308-a1b8-4ed19a0fcc58,2
Benboncan,f1a4edfb-a7ec-4165-a644-b7c3e202855e,2
Whipsta,14191,2
Risey,14208,2
07_Elements,14230,2
Alan McLean,14232,2
exercise,14289,2
The Nugs,11924,2
Oddish,14328,2
Z.O.T.E.,0791a3ae-54e6-42c2-b05c-06164d856a65,2
Tomás Tello,03cbf3a5-ea3b-48a8-858c-519b958ec706,2
Teddy Brown,21089,2
St. Stephen's Joint Church Brigade,21136,2
Ungetreu,307c8d82-3660-43c2-9bc9-7cf07e18cc59,2
Désir Decir,18945,2
The Holy Innocents,7d5e8d18-befb-4cad-bea4-3a90f263277c,2
Alvin Singleton,5e771830-88ac-4634-9677-c0cd7c98b372,2
Richard Sanderson,19152,2
Tim Kays,c749b8b0-78ad-4528-b849-cabcc83d8ea9,2
sonicbright,22144,2
Yannis Saxonis - Canned Fit - Korhan Erel,22151,2
Ars Sonor & Material Action,22180,2
On3iric4,4e92c41c-6a9c-4381-b9b8-cb79ff4e323c,2
Balkar Wachholz,39836e34-1714-4872-b93d-8a06df601ec8,2
Adaya Godlevsky,22372,2
Jayus Jazz,fc5fb42b-5be8-4407-96a0-8900345d1189,2
Neptune,6476845b-1fb0-4ac1-bd1d-22f45a2d6bef,2
Joe Merolla,12511,2
IKOS,5ce82022-b755-4b76-87f3-a7f3c39bddd4,2
Elemint,6da974ca-e532-4e23-a711-03630937a07d,2
Secret Fun Club,737bf492-1c4e-4414-8e26-d70b6aa25e6f,2
The Pizza Underground,28db14d7-0600-490b-baa5-5b5d13d63f79,2
Doom,19012,2
The #1s,09e9f9e4-9ef0-41f9-9d09-edd8ba15d498,2
. Dislotec,81e6ad40-3dc1-49e5-b8a9-d475156f4f99,2
Mark DeAngelis,19656,2
Fifteen Candles,19665,2
Jeremy Gluck and Anthony Donovan,19639,2
hntrskr,20307,2
Wasaru,e1ad5313-988c-49a0-83ec-bbddb7ab2fde,2
Slawth,9adec6b9-cf87-475c-bbeb-e61b478a51c1,2
Fecalove,8c8b4330-0306-4c73-b99a-d5535d020a70,2
beth mcdonald,ae275e2c-55b6-48d2-8f6f-41b3be8adec9,2
Jérôme Pergolesi,f071a540-221b-4a23-8962-afabf6abf770,2
José Ángel García,633accb0-1399-454f-aad9-e0bd00a28509,2
E A Terra Nunca Me Pareceu Tão Distante,edf834e1-9c03-49d7-a802-c75ffffec80a,2
John Daly,18617,2
Guy Dubious,23649,2
The Steve Adamyk Band,bb74e78c-4fb5-4f10-b855-e8cc538d61cc,2
Autumn Interlude,23674,2
Die Morgendammerung Des Valhalla,23709,2
Guilhem'All,23749,2
Tredici Bacci,02b98a9a-1b58-4067-acc7-45d080cceb2d,2
White Visor,23878,2
Alyiann,23880,2
Bash Nova,d516b4f0-5ce6-4aa4-beca-335adf6d0f5a,2
2nnt,decc57ad-979c-4fb1-baff-a8a53f76bc19,2
Amarah,24090,2
RG Rough,93edbd58-3504-4175-9e97-e8c245536b13,2
Why the eye,23358,2
Khaoman - Ardleg - Yoshiwaku,22756,2
An Tsiombail 23,24169,2
Howie Mitchell,3ak1Ppt9MUKFOl24z0T7ru,2
Ruth Meyer,0SyWCyC5L6rvBGxocCC2BE,2
fri.events Orchestra,10596,2
1up Collectif,24260,2
The Minor Emotion,5YdAsUIXCTyKpPwYKS09n9,2
De ImperfAction,22567,2
French Vanilla,8b647c17-ca0c-4ff6-b2a7-ba63f9e4a88d,2
Nickolas Mohanna,bc966018-0237-4ab0-ba6b-f2eafabc3219,2
Chicago Words Brigade,22702,2
Two Clowns,22712,2
Ed End,7327ca04-5831-4c76-8d3d-b98f165ffd8d,2
Dreyt Nien,e907de32-c0f6-4453-b97c-ded20de760e3,2
Pill,36dbc5d7-7056-4a20-95ef-d2e668be0199,2
Daniel Sarid,16dc0c64-058d-4e02-bdc6-6a09ae780fe6,2
Micusnule,208650f2-49f9-4427-8dd4-aaedc704c244,2
Fear and Aghast,7aac483d-645a-449a-9a04-0ff688de7473,2
Fmuk Tinnitus,c02bcd14-17c7-4c4d-ba81-18b490aba0bb,2
Intervention Zone,9f8bc381-e7e2-4913-a5b7-d0b772839a47,2
James Edmonds,2b88a6bb-ed8f-4d5a-9b01-06fd84862c10,2
The Montreal Nintendo Orkestar,77dfa1d3-2f79-454b-b5ab-bce84798fc73,2
Project 418,8a77fa07-04d2-4fac-b5f9-5e8cdb4fddd7,2
Radio Scotvoid,521035c9-be4d-40fe-b6df-bb89729b2715,2
Somnambulists,e239fbac-5585-4662-bdf8-42335546e81e,2
Telepathine,5810135d-1d62-4f3e-9d29-6535d7267882,2
ZMG,906f2978-429f-40fb-9e20-0d9561329dc7,2
P.o.q,92d3abe2-7897-47df-9c60-a65905b1f5f3,2
Spark,5736,2
Sinusal,4957fc2a-aeeb-4561-9ce6-29c027793415,2
Po-8,a2692637-79fc-45f1-b8af-13471f0141c2,2
Polymagoo Commando,b3870644-9fcd-4550-9c79-0a53784a5539,2
No Dreams,23148,2
Pan Analogique,23293,2
luong hue trinh,b4f7f630-1032-4b7c-80be-112b49f1b729,2
Twin Realities Dreamers,7327ca04-5831-4c76-8d3d-b98f165ffd8d,2
The A.M. Experiment,23384,2
Daniel Davidovsky & Ophir Ilzetzki,23400,2
Archivarius,18939e39-7b9e-4995-be3e-d6e16eb77a4b,2
Monotic,8128c7d9-5f40-42d1-90d2-f90166ef6e51,2
Cut-Up,0f1a2592-b5de-4cb2-b4ae-aa154ddc570b,2
Yiffchrist,b425e442-7cb2-4715-8fbd-cfba7a54dc28,2
pierluigi colantoni,5589,2
Andy Moor,d8c1c853-98bb-47c0-8223-cf05d4fba705,2
Halogen,6955d9fd-ff8f-47fe-841c-78fec16fce51,2
Chervona,0385da3d-1b83-4b15-b5d6-b7d4b76fb0af,2
Explosive Improvised Device,6247,2
Peg Simone,2733cec5-7ea7-48dd-a713-411b2e926ceb,2
The Dutchess And The Duke,0b9ce391-ea64-4317-b879-776d297735ab,2
Vonn Krapp Family,6329,2
Paul Cantrell,6369,2
Bora Yoon,30a3cf71-8e0d-40bd-befc-29f847276ef8,2
Maguett,d6417f9f-08c9-4a4a-be02-b3eb962668e5,2
All in the Golden Afternoon,2dfbc363-d928-4e94-b99c-8be08cfba44a,2
Call Me Loretta,e4247886-4f03-4a35-b463-70a97906dfe3,2
Moloko Velocet,cd3d9665-e47f-4275-96ff-f4574a04a027,2
Nagz,793cf880-c77e-4a23-bfd1-ce36cd7e7783,2
Dafear,f5c93d2e-ffce-4fe4-8b19-6b563252837d,2
Ras Amerlock meets Mc Zulu,6548,2
Aleksei Borisov,00677665-9fb8-4601-b0ce-5bfb21c98a22,2
Azzurro,6582,2
Michael Gendreau,86be78b5-723c-417d-bfd6-cf1e51631828,2
Julien Quentin,72e8d149-cf74-4b6a-b5ee-cdcfc669a8df,2
Predrag Delibasich,654c039a-5d96-486c-a7e4-f95a8733d322,2
Jack Phoenix & Ergo Phizmiz,6840,2
Baby 63,017009eb-0146-41df-bea2-302e312ebf02,2
No/Id.Boy,822b7c7e-6d83-4954-8d94-895933c31604,2
Bum Creek,26b86230-cf51-4df8-954b-ae6703367d0f,2
Doc,c59d7918-1295-41f6-bdf2-52e3601b4e39,2
Arnaud Roy,ebd6c0d9-2124-49c8-af1f-64bb0be17b8c,2
Triplanetary,904973bb-b896-48bc-b74a-86d1ea4a85af,2
Los Rats,7208,2
The A-ha Experience,7209,2
Biblical Violence,7224,2
Closely Watched Trains,7191,2
Dither,7387,2
Anne van Schothorst,7389,2
Dave Girtsman,7396,2
Mister Jan,7409,2
Ffranconstein,7435,2
Environmental Sound Collapse,8abb6817-9ee8-4182-9c66-a00cda2a2b5c,2
arottenbit,94eec095-65c7-43d5-9db0-58962e99c1c7,2
Pisu,b9dc6027-4d0b-4a92-bd6a-7fa441f30dad,2
KILT,7941,2
Memoryhouse,86e511e5-74b7-49bc-b282-5947358541cb,2
Krista Muir,525ca9a4-28a9-4c79-ae8a-43f27e6719ec,2
Mater Suspiria Vision,3ab886eb-55b4-4311-b8e3-49f5560f8cc6,2
Dolphins Nazis,c503c7fd-7bcd-475d-8097-3e3b1de865e5,2
Funk Police,0a16de0f-26fb-4940-a25e-871db603767f,2
Black Liquid,ecf623cb-e4f0-47d3-9dd3-a20907c32908,2
Construktor,f26a8468-7f55-4e52-9929-930d416aac89,2
Bare Girls,8158,2
S.k.i. M.a.s.k.,5126de3a-dc6b-4b6c-bb71-b2fa9016fd61,2
Slutet,b9fcea0d-055f-4cf4-b989-786c45e9e342,2
Ran Slavin,4693af0e-149e-4eae-92ce-6b90fa6210f0,2
Angela Aux,cc24dd7d-a188-4f50-bcb8-89f5fa35e64c,2
AGF/Delay,81e8fa26-2824-4d15-b6b6-cbbe3b9a6c0a,2
Sabi,d6b9bc68-dcf7-4ec1-8416-a7f046e9354c,2
Brokenchord,7aaab6ff-da74-4380-84f0-c8e10d77ab17,2
Alterboys,8425,2
Naked City,8426,2
James Ferraro & Zac Davis,8495,2
Okkyung Lee,,2
Aramburu,e18e5c65-9cdb-4d8d-8d98-c396334dcb90,2
Zero-D,8637,2
Apse,32c102f8-666e-4340-810f-20079df13a31,2
Crooked One,be2feeab-9e62-46de-97c4-37f181e72d87,2
The Surf Messengers,8703,2
Christian Vestergaard,8d2ab77c-1a3a-49e4-a369-8e3692247ff2,2
Garbanzo,8757,2
Milkrun,fcb9a926-553b-48c8-bb24-d98d28164d7b,2
Surrain,760c4d00-538a-42a0-b4ce-cf8bd128d16d,2
Animal Machine,8836,2
Shirley and Spinoza,d8534ed8-759c-44cb-8fb5-df58459aa22f,2
D'incise,742fe9ab-de47-4603-8d82-3916bd95590e,2
Útidúr,b3b3bb75-bf34-420a-aa92-215c003de223,2
Pujol,9108,2
UT,81fae220-3175-48ae-9be4-ef36d603b96f,2
Most People Have Been Trained to Be Bored,71e4d76a-02f0-43e3-bcc1-a0b435adfb5b,2
S.Maharba,99839283-d829-4989-801b-e943bfd84bbf,2
Chuck Prophet,61568439-b790-4e96-9b4f-64503ce0ab12,2
Chuck Prophet and Mission Express,9393,2
UltraCat,87402cb5-3b21-4e80-9d41-c991b59b0766,2
Flameless Luminaries,9399,2
Isocore,3af948bd-580e-48da-a8ce-c4effee5c00b,2
Salsif Bromen,9459,2
Moabi,032ffba7-27ba-4b33-bd44-30de532ae97e,2
Felix Building,9497,2
A.L.I.C.E,038e21f1-5592-4d7b-8d8d-c591da6ffd4e,2
Hujan Rekords,9514,2
123SYF,9521,2
Trinity Choir,d791df2e-04cb-4d52-a0ab-2a69501699f5,2
E.lebleu,9580,2
Raw Stiles,3e4d7164-037d-4de2-9f62-24498506ec06,2
New Delhi FM,8f44f9f5-3eb2-4b7d-bdbd-e185a6f8f8ca,2
Ori,9757,2
Seralf,017a888b-930a-4195-8293-dc358875de57,2
Knob Alchemist,60fd1017-30d3-4ec8-a00f-575aac8a8149,2
Duncan Cameron,9809,2
(none given),9851,2
Nervous breakdown,75459aec-6f41-4d4f-8464-88e8f2be1cac,2
Lussuria,a4458942-0944-4e55-851e-0c76808a2555,2
Off the Sky,55488cd9-be09-4969-8480-7c7a505777e2,2
Un Escargot Vide?,8752d00f-b970-40a5-aaea-4333ab2f18f9,2
Ono Osamu,a143b26e-19bd-4b4e-814b-b54360d5c096,2
Aethyr,10143,2
Croxford/Andrews,10144,2
Hally,ad4bb7ee-6019-494c-82a1-269b41794d30,2
Bacter,463e978b-513d-4967-a92c-48431d191a30,2
Guitar Lightnin' Lee,12af1c11-ce43-4559-8512-1725f0e057c3,2
The Duo Feat. Lokust,10236,2
Caroline Ono,10306,2
Mirko Uhlig,b57c0891-d13c-45ca-99cd-f3d4de660536,2
Luther Blissett,10454,2
Pacific 231,f6a60d01-b5e7-4817-924b-09aa3a620f28,2
To-Bo,655c3cd8-61d7-4eef-a021-c03bbe8dc6a3,2
Fósforo,f87f4e87-e1e0-4f47-84bc-461b3de3b5c7,2
Seneca Indians,2995,2
Cordero,2795,2
Vadim Lankov,89f7489a-6e08-476d-900f-c368ee38525d,2
Baerfrens,5a459a42-dc4a-40d8-8946-b4b5638e6da3,2
Jon E Alpha,82a59b0c-35cd-4878-a0f0-afb8b50a634a,2
Winter Umbrellas,ddd52cf7-e64a-4503-9934-21030010f7aa,2
Etiket Zerø,db7a9b51-c2ec-4b86-8786-0d7560b1d8e9,2
The Sevens Collective,e8ed8d2d-70bd-4a15-81bb-92a065368cc6,2
Darkslider,65a89847-3ee9-4c2f-a217-32f1bd52dfaa,2
Ian D Marks,833d0b93-e4b4-43aa-848a-b36fac43632a,2
C.P. McDill,5b620c2d-a2e2-47ac-b339-1b1db66b5759,2
/'angstalt/,eccd80fa-021f-4a8f-b7c0-b8cb39edb2a1,2
Lauren Rodz,5b9238b1-c43e-4368-94d2-c7816ff6683a,2
Deviant & Naive Ted,dd744816-92f8-464b-bd86-5f4d418ed54f,2
Aaron DeVries,fb927a64-5a08-41f7-a712-6467e3c6c40c,2
e[c]lect[r]ic,9f45af59-2dee-49be-bfdb-cfc8d4f42791,2
throuRoof,00bb39bc-da39-4eaa-9893-90e168cbd5ab,2
Sly Hats,8a426735-af98-4810-a158-dc8c13c86396,2
Kill! Kill! Death! Death!,34cf0cad-bece-4899-a273-453fa36e2466,2
Mental Powers,ed30d03b-6bfc-4148-ba39-97d57bb3bba1,2
Streiber,7d7074d4-efe7-426c-a97c-db16dbd88f08,2
Osiris Module,40ab8fd8-af78-4cd0-8591-9c13bf03f711,2
Jimmy Watt,affddeb1-f634-4985-92be-1be4a681cde4,2
Martin Rach And His Imaginary Band,a34d0305-72c9-4066-bdc9-33358a06fc77,2
[BOX],bfb42cd7-0e19-4111-97f5-3b6e454daaff,2
Sex Drugs & Rebetiko,c72e47e0-9ee2-433d-b317-ac909552e38e,2
Minimal Bougé,c5ea426e-77f4-401d-ac15-69fe14767e47,2
Graffiti Mechanism,4786ad55-153b-4d46-8afa-d32e4553735c,2
Iamdeadsmiles58,0a03a2e8-7738-41c6-af85-71f731610b0e,2
1 800 Band,d94a15ad-fb49-4732-85a2-63e19ca2c0d4,2
experiMENTALien,3f94ec62-1eef-4b1d-b930-a016a553d942,2
Vivid Tribe Of Psychics,7327ca04-5831-4c76-8d3d-b98f165ffd8d,2
Xaotik Muzak,d7baad46-712f-43a6-8d6e-608758483d31,2
Undecisive God,91248230-5f8c-42c5-b632-e196ea26f4f7,2
Osso Bucco,0a4c9d80-9442-4112-a6aa-a29a406c2732,2
Hoor-paar-Kraat,6578cef3-d97d-493d-8a25-613d522d1df2,2
Myoclonic Jerks,ded8619a-57ad-4ba6-acc3-ba8f936302ce,2
Crash Duo,83e25707-af0d-4c44-abb4-2956c7037204,2
Instinct Control,9f1722fd-f206-4ec3-b114-e0a158a5ef00,2
Zun Zun Egui,e1054647-ecfc-4a83-8dd0-98f283b49ef6,2
The Crayon Industry,7507,2
loadbang,09975ee8-a04b-4afa-9225-b09bd54899cd,2
Dinty Slop,7570,2
chevo légé,5acb7d05-60dd-4b48-a551-60d2ef09fbc6,2
Horse MacGyver,bbc10d24-8b04-4616-abb4-7de902593d1c,2
Kazoo Funk Orchestra,7399,2
Gangi,7934,2
Antony Milton,8908d550-16c2-4680-8855-811132c14b0d,2
A.M,7962,2
Two Years on Welfare,7994,2
Mil Mascaras,0ee3fa4e-3aea-4e86-8fd7-26a9c9c5e688,2
Jim Hanas & James Beaudreau,8013,2
The Captain Kirk on LSD Experience,386ae869-2029-4446-9bde-978c9aa233ba,2
Robot Koch,7afac455-1d9e-4439-a971-674653231e1f,2
Giuseppe,6974,2
Teamforest,ee66af32-a4ef-4e88-828a-6506aa96e6f2,2
"Beast, Please Be Still",8e5bc316-90e3-4f1f-abe1-b8967360155d,2
Emay,8218,2
Disasterpeace,8a562589-9650-45f6-ab82-332625c0bf2d,2
NGC 1365,9bd2a667-5651-49b5-8200-5a76f2493398,2
Grand Mal,8414,2
Randomform,08208854-832e-491f-a55c-dadb4f5c9820,2
Steve Mackay,062607e1-1a49-4c25-8da6-21f98f7967a6,2
Mike Watt,568203ae-c27b-4990-8997-09c0d5c0de77,2
ESTEL,daf555b4-2c8d-4331-9ac0-546936d9e5cd,2
The Girls at Dawn,8191272d-d07c-4b56-9a06-692daca02688,2
Diploide,8756,2
Aesis,02a950c7-1521-42da-a2ef-3817c1a728c5,2
Aritus,5576599a-323d-4c30-86e7-4d951fa77e26,2
Comascape,cc50f2d0-fe1f-4ff3-be3b-cd0056f617e1,2
Darrell Waters,8773,2
The Light Beyond,c116a303-1a11-4c36-aa30-53919fcfac88,2
Soma,8827,2
Brainquake,03f789bd-0c00-424b-8fb7-04a4461bf2f3,2
Dirk Geiger,6ff1ba02-6c92-4c24-babe-48892c7f1a11,2
Vitalis Popoff,b53e6053-f57d-4316-8684-b255bcd7edb6,2
Zuby Nehty,76b94537-906b-4afc-bddd-fad5d129e964,2
Moglass,acfe3f47-7cd4-4d5a-8c48-daf0a62a883c,2
Noah Coward,5c07fc9b-d471-4fd4-98a6-08a67a12a637,2
The Itchy Creeps,9056,2
Thrones,9029,2
Legendary Pink Dots,9181,2
Slipper,9193,2
Unza Unza Orkstar,9162,2
Vapaa,9a5c3eff-9f42-4cdf-8938-1b833122294a,2
Winter Drones,5ebde041-5b57-463c-9a51-8aa3323d7ab6,2
Enfant Bastard,9483,2
Ernest Hare,8d029801-643f-4d5e-a060-6c2f41c270e4,2
Kupa,6811,2
madmaid,c73aa979-d159-4f52-837f-3e0eb6a1be40,2
Rumo Josuttis & Zatina Kessl,9052,2
Curly Bob,9674,2
People Like Us,b4c98e60-d070-40b6-a2de-d8c809539a01,2
Etza Meisyara,9858,2
Kyle Clyde,10148,2
Zabutom,ef823199-3dda-465a-869e-0d9d79b88c23,2
Reggie Regan,10379,2
Original Innocence,10463,2
Kalendar,8b07cc11-ab25-4921-99d1-adad81c78876,2
Mulinex,2e41476d-a7b6-448d-95e5-ae4002f28c9d,2
Cotton Club,cb4d34ae-3a96-4a1a-9ff5-6e6af77c622e,2
BinauralDiaries,10595,2
Valerio Tricoli,273b6c18-bd1e-4bcd-9dc1-639082bffa3c,2
Randall Scarlata,7c8c8343-84ee-43c3-83fe-3d6d8398e4c5,2
baritone,,2
soprano,,2
Laura Ward,aeb9a0ac-9b63-4ee8-934c-e07d382d51a9,2
Mike Cooper,598,2
Slumgum,10869,2
Diego Garcia,10870,2
Dadub,f00a3c7e-2e28-4c3a-bba6-08d223f6c750,2
Call Me On The Allophone,10804,2
John 3.16,11060,2
Volatil,5281,2
akaUNO,11101,2
Ras Tilo,c490a564-3876-4d20-9dd0-84c7d659067c,2
Grieves,c0bfa680-6c3f-4b79-8034-dacc23b929a7,2
Green Like July,3cf2e3c0-24db-43ef-8ce7-e709ba76b26a,2
Silent Strike,e1842f5d-9db2-4cc7-80f9-96d8fdce30c4,2
DJ Assault,acb4865d-0c4c-4dd5-b958-c399b5d75b8e,2
Peak,11712,2
Philippe Petit,10539,2
Sébastien Druot,734d7d46-f2f0-4866-b60a-f46a2a1e64b3,2
voyageurs,05d27e20-2405-4952-9069-165d4cbb060e,2
Diabolik,11821,2
Annette Krebs/Taku Unami,11883,2
Steven Smirney,8294ea1a-9c33-427c-a0a7-a94e45e032bc,2
Opul,11943,2
The Disco Zombies,18bb26db-258f-4e4a-9c2a-1d3047ba06c8,2
Arturo,6122,2
SILent REQuiem,522af546-8360-4860-b8ab-818651231413,2
Adachi Tomomi/Alessandro Bossetti,6384,2
Laura Ortman,af323722-9bae-4820-bc8e-9e582a58dee4,2
What's Up vs. Sighborg,6639,2
Thick Business,4197,2
Anonymeye,6f8c5085-edb3-416c-9ed3-5ba8fb5efd7d,2
isocore,3af948bd-580e-48da-a8ce-c4effee5c00b,2
Oakley Hall,182e4e40-8e7b-4bfa-ace0-1ee62646e24d,2
Roads to Space Travel,ea7e8111-0bc0-428c-8442-28fb5150c771,2
Black Bug,1663576b-d57c-4f9a-974d-be985b9c993f,2
Lawrence English,eadd64ca-a4f8-4c0c-8405-fa46a7be2380,2
Los Implantes,7212,2
Jooklo Duo meets John Blum,7215,2
Nuit Noire,a8e645eb-da25-435c-b2d2-64d14a8a0343,2
Moogle Charm,c7d2acc7-bad5-4aa2-a4ef-e27d19ff5d46,2
Key of Shame,12242,2
Starving Weirdos,20ef22a6-64ff-4d05-a9da-54b90a12c311,2
One True Dog,11064,2
Polär,12372,2
Los Problemas,71e04239-906c-4489-b7c4-c00a4aecdcb1,2
Continental,12378,2
1000 Names,12389,2
Secret Circuit,9e149893-bb90-4669-a8ce-e35dd42eea57,2
Galapagoose,b4897c58-0c52-4a38-b954-b132a97b132f,2
Chrome Dome,11915,2
Underlapper,9dffc38c-28f8-44da-9fcd-c17f8b981fda,2
LaFam & Orono,12483,2
Jono Bacon,693700b1-1114-4b17-9e6a-9529a2d9fd95,2
Cian,13f4887f-4a2e-42e9-ae57-cc71ec21f145,2
20000 Punks,2e08cdc4-fa0e-4bfb-b737-b9a914db1448,2
Vom Grill,98ddde22-3ac4-4db9-ae1e-0f2eccd319b9,2
Hand Grenades,04afddda-456c-4389-a26c-02a0d85d33e1,2
custom...,12947,2
Manthrewny,13086,2
Smash Hermetic and Moon Gratte,13093,2
Stevie's Amp Shack,13106,2
Social Studies,844da30c-5090-4a3d-b6ea-7098ee82b90a,2
Yoni Kretzmer 2Bass Quartet,13306,2
Raw Nerve,2561358c-1db8-460e-ab29-46d046b3fcde,2
The Green Circles,66e3634f-18da-4643-a52e-c1063ad280c7,2
Ninetynine,13590,2
Chatham Rise,f05341fd-aaa8-453a-9dc2-835411f8c71b,2
Sky Parade,682c53af-6687-4562-b237-7a41fd9b5c95,2
Dead Horse One,f44bb441-c7cd-4eac-9d96-b8f62b432ef8,2
Kites Sail High,9192db7d-f3be-4441-af73-46569df43f17,2
Galaxian,13865,2
Borromeo String Quartet,2756,2
FAVRTSM,5af0b85a-7865-467c-8eb4-4baa3c88d610,2
Ohsaurus,21d6c96c-b718-41c0-a97a-89427616c57e,2
Patrick Higgins,14012,2
Hyaena Fierling Reich,dea14316-6b5e-4249-9535-e23dbff98557,2
L.G.T.A.I.D.L.E. Antenne Drôme,14285,2
Vysehrad,59d42d27-25ca-4056-a4f1-fdef7f9973ed,2
Maica Mia,14586,2
Mike Shiflet,b4b75142-ce97-4a7b-b4d4-b3294a51b95b,2
The Classic Cluster,9864,2
Korhan Erel,e5e70ce3-ee67-4e5b-ad9c-f45553b13521,2
Platform 1,14945,2
SHOMOMOSE × mitsuru shimizu,15133,2
Wings Of An Angel,407fe493-a0f5-4dcd-bd86-bde9d7dc14e5,2
Dust Breeding,15247,2
Ali Sternburg,15358,2
Lawrence Garfield,15395,2
the 2000,15420,2
Avoidant,de2f14ad-92f8-4057-be15-6aa44481dcbd,2
David Watson and David First,15571,2
Near Earth Object,81761fad-0afc-4a71-9751-f28918f11ade,2
Satisfacción Lab,14897,2
Anna Homler,ca51cdad-728b-44a1-bcea-553fc5405c12,2
awaycaboose,de4b411f-e03d-4fd1-a9b5-3a139b2645a7,2
Sindre Bjerga,f676464c-de31-47ee-ab84-335467453d7f,2
Lee Bains III & The Glory Fires,c95f867b-2191-4b8b-a0de-546606c1e476,2
The Ugly Club,e03dadf0-2cc2-4c8c-9d53-132168949b5b,2
Minks,630a2a69-e727-47ca-84f5-dc219c5ebb1c,2
Beaks Plinth,2730,2
Last Rites of the Piano,afcf17a3-d599-4832-8879-0fb43bdbede9,2
Mammal,00ce7626-639b-4554-b575-74bcb013b42e,2
SoKo,02e3d15f-4f86-41b7-b4c2-9ba2ec98af83,2
Room 34,19447,2
James Last,0b7ee619-16ed-4e60-b871-6a2111c12b76,2
boooooooty,19597,2
audionautix.com,19628,2
RPG-H8R,9fa9a86e-36e1-45b5-9c17-906095065d55,2
Sam Shalabi,9b667433-ae0b-4cf6-9b05-3bd108e4e6a7,2
A.H. Fork,62b8b417-ecdd-40b0-83c2-f854f432bfe6,2
F J Blues,20082,2
Mental Anguish,685dd9e4-a1e4-4deb-9880-e54776e2e2e9,2
Justin,0804be26-3cb9-4d94-b3d4-a3f13c154995,2
Howard Amb,a65f52fb-66c5-42a7-81c8-95569d6ff299,2
Songs to Drink and Drive By,7a3460df-4fae-4e81-af75-c4420d8f285c,2
LIL,521b0178-1aaf-4ed5-960d-3688fbda3d63,2
Travis Johnson,24fa6a3d-a1a7-48a9-993b-a39f903c4db4,2
Sun Brah,20356,2
SonurBer,12888,2
Electroblurgen,20418,2
Gardanel,45b2858b-fdcf-4f44-b4b8-5535af172760,2
Language.Sex.Violence,2a5da8fe-4c12-439d-b9e6-62145ad5e210,2
GhoulCut,fe158b50-69cc-4553-a539-85b21b8c2e72,2
Alessandro Coronas,ef35500e-00f4-48b3-8e34-e7c5c540e9d4,2
William H. Reitz,9465c171-eabd-4da5-8d00-3cc9ef34c6f1,2
Forlon,c45c9d90-59c2-4e10-97b8-3a51824b856f,2
King Oliver's Creole Jazz Band,cd05eca7-ad38-456c-94c7-f17c9b15c5d0,2
The Mekons,66d2169c-dea5-46d3-b4cb-52ed87b24ab0,2
Indikings,20811,2
Leisure-B & the Hidden Master,20815,2
L ö W,148953f7-a3e2-4475-bca5-c0aa42887e67,2
Warrior Squares,506c0542-22c3-4d5f-82ca-c769f7fb0a07,2
Gabriel Introvini,21325,2
Stirner,2114d02a-f7ee-474f-8fbd-1ea5da68d2eb,2
Sean Kiely,735edb8d-dd37-43f5-9d44-edf04f8fec37,2
K.T. Reeder,21782,2
José Guillén,7cfc7569-ca90-4512-831c-f5768fe6b4ec,2
Grav,21886,2
PierrotheMoon,e4d8a7e0-faf4-45e8-9c8a-0493c1d48073,2
Fedaden,13aa172c-7c42-4bfd-a366-910f0ee0b706,2
Ashley Paul,92f28caa-1e6b-43ba-8621-e88bed2896a1,2
Chris George vs. Felix Arndt,16189,2
Mujika Easel,3a67f0a5-fdf5-45aa-a632-69699b4a8675,2
unmo,4f2ca74c-15f2-4a8a-bb3f-dfb47dc82132,2
Brandon Ross,16210,2
Early to Bed,4323bc56-f774-44f8-be1a-1b1b48d98786,2
Nebo Je Crveno,283f1a01-044f-40f6-80d9-7e6181405330,2
VELIBOR NIKOLIĆ,1d519ee3-ef89-42ed-8aae-e21d2736df6c,2
dreDDup,1dadddb7-f1a9-49b2-a647-f0f7d7927ce1,2
Heifervescent,1a5d1d9e-5c3c-49b8-928b-db776bf5bfb0,2
Sylvia Hallett,7f7f9848-4481-4d27-9423-0cfd76bbdb45,2
Shane Morris,16445,2
Caudal,16555,2
The Laurels,16593,2
Antony Maubert,16599,2
A Small Glass Ghost,16603,2
Ryoma Maeda & Romantic Suiciders,19429,2
Taigerbery,6bdf5ca2-3203-489c-b816-78759aa31d44,2
BOPD,61bfb229-07f5-4af3-8f75-6bf3b9b70d6c,2
Jake Allison x Strong Suit,16814,2
cátodo dúo,16868,2
Brother JT3,8d3a2a6b-ee6f-4aab-86b3-3d7ee80617d0,2
Amphibolous,b9965f98-7f7a-4890-89bb-b0b4ab9652e3,2
Believer/Law,17025,2
Swaying Smoke,17059,2
Plastic Pianos,17095,2
Graeme Mark,17134,2
William Boldenweck,16795,2
The Wilderness,17223,2
JMD,17237,2
"Philip Corner, Jalu Pratidina and Phoebe Neville",17245,2
Massacre Divino,17294,2
V.A.G.U.E.,10578456-5d1f-4289-84c7-3e3e609ee93d,2
unbeknown,c5cf4e04-5d84-4412-91c1-6f1d313d8394,2
The Flamin' Groovies,c826bda4-4f4f-4746-81ba-5f66ac9c95e5,2
Blowfly,17594,2
Thermidor,63fe57a9-9855-4ad9-9518-a5700ccc200b,2
ARKM Foam,357c6688-a6be-4429-87f5-469f30f27ef2,2
Gamelan Gandrun Lombok,c8d13560-ded1-4b03-a749-f55b791407af,2
Cazma,567d4fe3-1e6a-43fd-919c-ef12d97d6d2f,2
The Glittering Hand,17957,2
Royko Passage,17933,2
Alphabet's Heaven,95360102-9e9a-492c-af21-4ada5a9a8fdd,2
Akaman,18066,2
Jaras Ramunas Alias ENDICHE VIS. SAT,18073,2
Richard Ramirez,820ca7b5-cae7-4b11-8cde-a441b0dfb8a9,2
Ulrich Janczyk,18157,2
Alen Ilijić,a1ccfba6-5902-4fa5-9901-bd0e69c7cebe,2
Lucas Perny & Peter Turay & Jojo blue,18179,2
K.M. Krebs,18392,2
Barbara Ellison,359e2d3f-27e4-4da7-b1a1-cac4b3ad2dbc,2
Ichtyor Tides,1fb046e5-3aae-42e6-a7b6-8a60c9040dd4,2
Mutellat,e913d5cc-030f-4bed-85ec-5af87dd0bdae,2
Z‐Arc,cf52ae04-46b6-47a9-aaea-3bca9712d628,2
unmo,16202,2
Zombie Zombie,b37e1d6f-5c7c-451f-a94a-a4e10da6986a,2
Noty Klein,82835f5c-048f-4bc2-99fb-b3b95cf28814,2
Nicholas Starke,adff5c89-03d6-4171-8b41-b2aa327b7d63,2
Clipping,18571,2
Joel Gion,af8371a5-59bc-447c-b7b9-5484f2f697a6,2
Anton Mobin & Denis McCarty,7590,2
Julian Korzeniowsky,2796c6a1-43cb-4110-b920-ac9a360c2a19,2
Glaer,18901,2
Daniel James Dolby,2dd568e4-ccf0-4f94-bfe9-e4b7e5edd487,2
OresteS,22745,2
Davorin Pavlovic & Kristina Pavlovic,23302,2
Ayato & Naoki Ishida,16915,2
St-Noiz,23079,2
Audio Fiasco,23316,2
Privé & Anton Mobin,23367,2
Mos Emvy,23395,2
~peace,23414,2
Dane Patterson,23415,2
ADJ,0c1487b8-7cde-4dab-afc6-21a0574823b8,2
Alessio Bargiacchi,f8161efa-3fcc-4c38-9e20-35cd0e33ce81,2
Bunai Carus,2f2821e5-78da-45f8-8a56-aec43ae21d73,2
Jukka Pekka Kervinen,e247d036-a8d2-4e84-8b35-245d4a59b917,2
Z-Arc,cf52ae04-46b6-47a9-aaea-3bca9712d628,2
Will Austin & Jason Jay Gillingham,23483,2
Lego/Your Dog,21326,2
Unit-29A,23670,2
StruKtur,23830,2
Der Domestizierte Mensch,a546d757-55e6-4855-8a82-cc299d974376,2
John 3:16,660c3dee-88be-4495-bd38-426bcea254bb,2
Bedawang,8db21512-d692-43ff-8ec9-921a98d339ba,2
Maciej Żołnowski,24140,2
Diqua Grinson and Jared C. Balogh,24085,2
Merdarahta,3f896bb7-9353-4192-9cf6-26502c0d91fb,2
Kalam,7ee3c127-1414-421d-8076-bd9519386832,2
Wellington Sea Shanty Society,f043b836-03be-4272-b535-d6463fa4819a,2
Skaen,84058513-d1a5-4f54-b8a5-3d186b569f36,2
Campo de inducciones,16422,2
Michael Clemow,610cf485-2f2a-4329-a985-241d744dc396,2
Ars Sonor & Digital By Birth,22179,2
Sunshine and The Rain,8a0c5790-ff59-44cd-8fee-35010a52e56f,2
Cassexxe Vibrato,22351,2
Bitipatibi,cf2287a5-d1ee-4679-af4c-ff5670e9f8db,2
Black Marine,46740d71-ad3f-4c3a-beb8-536120e4a927,2
Harry and the Potters,e467bdd6-d977-473c-b721-7cc2785933bc,2
Auld,110b15ba-44fb-4a52-a645-e6906359c24c,2
The Furlong Bray,77a9330b-01b0-4bd1-93b8-8f8af38eb343,2
Filet Mignon,22572,2
Nocturnal Mayhem,22584,2
Father Murphy,b5ab3303-c092-4295-ad2a-7a7a94b93b8c,2
LIM & Yoshiwaku,22707,2
Les Modules Etranges,03a2fe7d-7114-4513-a9ad-3ff2554c8a13,2
Mold Omen,b38c20e1-e3b8-471b-bd1d-9f3a74b5dbf7,2
Le Syndicat,b975e01a-7021-4bcb-b7c0-d7ce3e55e29a,2
Dead.Circuit,256436b9-25e8-48ba-be1c-ec5876382608,2
Millefeuille,c325795c-a22c-42fd-b3b5-5b6de3116da5,2
Drepdem,8086db30-1ea0-41c1-94d6-a1567c74c87b,2
Mud Dogs,22829,2
Agent Orange,e223d157-6dc7-42b5-a94f-9aa858f9f161,2
Virtraven Dream,d1a42b81-106a-4883-bf96-351419870ca2,2
Chat Ours,8ea2e632-ab70-407b-abc1-faa414cf9329,2
Andrew Lawrence Jackson,066ec4ca-3fb5-4f27-ae53-bd5bf060852c,2
Whip Angels,8b282a79-1b9e-469f-867e-e1567de04890,2
1katharsix,88fbe7d3-b680-4b93-acdd-21b7a235c897,2
Vania Rovisco,7mdRUzRSLN3xRrCtL5gsTf,2
Rita Braga,16127,2
EQuBE,ec1d9184-6915-40fa-8a02-af4fbbb5360c,2
Metek & Frans Kedes,22275,2
A.n.K.h // vs Milho-Sculpture,23375,2
Die Wahrheit,dcf4ff16-0533-4978-9f40-e590bfe9a0ff,2
Hari Maia,43cc284a-820c-4002-a300-7c67b2d359ec,2
Eric Boivin,a6420ce0-353d-4184-8932-5a4f9edfd35a,2
Paintings Of Windows,7065b193-92cb-448b-afe9-ef4d84666f72,2
GroupGris,e1302946-2f19-4e2b-a071-fbe605b12600,2
µB,7e906a76-5ba9-4a8a-97e5-be4a164fa9db,2
Logoplasm,d552f652-453a-4cf0-941d-fd040a3d7d78,2
YMMV,49874b3e-02b3-4d80-b1a8-6eba829c6255,2
Dada Action Group,d3ab3fe4-68f9-44f4-9210-fb1f8399e4ce,2
Stitched Vision,eab6da77-1e10-4945-9bb3-5a9c207e5c3f,2
Thomas Zunk,a32f499a-97d9-4af7-b538-4798de534f32,2
geir tjelta,24b0f934-9c92-4cfb-b262-c660e096ae85,2
Spiritual Recess,18dbf2f3-4ee0-49b1-b03d-c23e161a6482,2
Shredderghost,38a4b333-e69f-4bcc-97c7-e72803ec72cb,2
cyber.akb,c5c09356-024b-46c6-a85a-77566490447f,2
Paperclip Galaxy,1ba5a11f-b24f-4853-bf44-8cc4868bcc20,2
Fibreman,395c2708-9370-4616-9f88-249706a147f9,2
Lynlee,f7d4ac36-afa5-4453-bfdc-cdf1ec66b7a1,2
Many Mansions,87b876fd-72ac-475e-bdae-be980f113e3f,2
iOsael Purple Project,c5fcba87-0b73-427f-886c-e45826e48462,2
MeInTheBath,3809014e-21bd-4658-bb53-e9fecdc74289,2
Incertitudes Prolongées,f161136f-5d72-47e2-859e-a8000f15febd,2
Grisha Shakhnes,31d2a089-394a-44dc-ab81-e8dd7c754a27,2
Larsp,9961fc2b-11b5-42a4-a1af-b1a900f245b5,2
Ras Mix,c99a09b2-ab22-4f6b-806a-1e3b3b4b38e3,2
DivineBrick,eedbc96e-500e-4d94-83a3-b39414729ecf,2
XtetX Ensemble,12ab7c1e-73ad-41de-9444-62e0866e0bcf,2
Onde Poussière,a1791b36-9fc2-42c4-b916-5293c9e9aec5,2
Hissing Pallas,21864,2
Klaus Legal / Nguyen Hong Giang,21925,2
Francesco Fusaro,06c6a269-1c5a-4621-b896-86944afedeae,2
Francesco Baiocchi,22074,2
Xxena,5987b35f-e8e3-497e-aeef-69a57f4b96b1,2
Metek,aae8aad1-da38-4603-b4f1-2c5271d8e999,2
Yoni Silver,22199,2
Layne Garrett,5d8bdf8e-e067-4639-8249-1d43ad3e71af,2
Death By Unga Bunga,905d9f82-22d2-43d1-82ab-a4d7e380bb5a,2
Ryvulet,22669,2
A.n.K.h //,9bd4a874-ac9c-4ec4-900d-f47282352074,2
Philippe Rivrain Diaenoxe Band,22758,2
Tone Poem,e7b68df2-3eb4-471a-aab1-c1ce7c8c4136,2
Vardoger Derelict,a604d467-d0d7-4cdb-88d0-b242907fd9e6,2
NuxNazi,35d46303-0dc9-4440-aa5b-cd9294b50467,2
IP,89092c54-6d4d-46d4-b79c-e9fa8614d77f,2
Subkoks,5d7d96c2-09bd-4831-9787-6861c23aa85f,2
Barbara Toothpick,75fcc11b-aca9-4ace-94c3-aebd2ae343c8,2
Mutate,4d86968b-270a-4fb6-9fe9-6d50b0ef521e,2
L.I.M,1c7a0d94-2c56-4f07-b416-b05aa721aec8,2
Transilmania,71e4d56a-f174-45b3-ba35-d21146a73cb3,2
Ofir Bachmutsky,23119,2
Trip.Logic,23200,2
Alvaro Ortiz & FM3,23262,2
Die Wahrheit,23021,2
Gnurr,23352,2
Qebo,c77a4332-ec11-43e5-b59e-c1ae74e975cf,2
AJC and The Envelope Pushers,23465,2
River of No,21483,2
Infecticide,16768f54-ed97-4117-958a-8cf92f8000e5,2
Danilo y Nicotina,23579,2
Sampieri,bd3cf35e-7737-473a-8865-3d261dfa8b31,2
Lia nadja,0c04d23c-add3-4d41-857e-361b53754052,2
Calostro,7124573a-8809-4261-8dff-f8b4dfd731d3,2
Poder Fantasma,0735f827-480d-4e5d-8d80-ec15fd6d5851,2
[t]ghost,23712,2
Draache,fee548c0-b612-48b5-89c1-fc1d8140bc59,2
Hu Creix,9fc27e5b-1fa0-4740-977d-4516f7d3606d,2
Ibuki Fkuda,24000,2
Elechronica,ca7e8219-c53f-4885-bc9c-be2f1dba7d4d,2
Kilyo,24180,2
SUW Remix Project,20449,2
Marco Castelli,24220,2
De Dreyt Nien,24103,2
Vlimmer,df7afa52-611b-4eb0-a713-3ad92e326b9a,2
Fiorella16,d3b53263-a491-4112-9d72-9cc9caf67648,2
douzirec,64e37572-d31f-472f-95e3-2320f6a5f91b,2
La Flore intestinale,09793d30-0911-4368-96fd-14f370fe81dd,2
Marcello Magliocchi,6261a26b-e952-43fe-8204-ad6537e59be4,2
Somatic Waves,38d76826-f404-4d7d-9e59-2842d74818de,2
Joseph Szymkowiak,45daf317-4208-4a4a-bd17-cfec47860cdb,2
Gnomula Larvae,f26e6af9-a770-4bea-b522-a6efe3c2dfe3,2
Roger Mpr,5adabac2-6303-4815-b1ea-717fb7577e8f,2
NCRPTD.DSCRPTN,19a9f3b2-015e-45db-82e5-820f28a8bf4a,2
David Cooper Orton,af1d6e14-4e1d-4ba3-95d6-2e0d1db184ed,2
Ubuntu Sound Antisystem,925eff00-7ca8-493a-88e5-a33f780dc588,2
Pousse Mousse,9d8a9840-c99d-457c-96aa-ab53f667632c,2
Zolan Quobble,9478abb1-3b53-4c19-980e-5e4259835e01,2
Ʌ,cfa10acd-7615-45a9-9cc5-6700145fe395,2
The Deadly Nightshades,6a2ae352-6a0a-4c60-9986-5b401c92ac03,2
Trjaeu,a9af538c-e1c0-4d8f-a5ef-fee68d188264,2
Hex Breaker Quintet,c39a4660-16e6-4702-9805-83c83cb4aac5,2
Unsexy Nerd Ponies,94f1e3e3-6d16-4dc3-b04a-251316a4ed6c,2
Caligine,a7935cf8-a889-4840-9a90-c600df35c339,2
Sam Pleater,7e3ac11e-9111-468f-a310-6aa927cb9c29,2
Jordan Gladstone,0e152cfc-2709-4cbb-bf74-26ab82ede52e,2
The Zombiecops,ec4df989-d9d7-4c8a-b41f-4ee175a2852e,2
TristEndo,8b95604c-4298-4db9-b332-1538b0878a5f,2
Lantern,11823,2
Ffehro,6878,2
Dr. Von Pnok,5eff2c54-3662-4eff-aa73-4bf71a2684a4,2
Dot.AY,f86dc00d-b1de-46f0-a95a-af3ca804f9ae,2
Les elfes digitaux perdus dans le Haut Var,12259,2
"Wendy Warner, cello; Eileen Buck, piano",10671,2
Jupiter String Quartet,3b9c2526-ece1-4246-917a-bf00c32a04b2,2
Bonnie MacAllister,a65bc0f3-8c8b-4d30-8cc1-6c119d230eeb,2
The Tower,12373,2
Jonny Telafone,45cb30f7-34bd-48c3-a55e-0e7b11c8f4f4,2
The Conscious Youths,12499,2
Poop Group,12541,2
TANTRUMS,b7cc9974-638d-40d2-9c4c-c8141f6ec68b,2
Mouth's Cradle,0f545479-d33a-4729-9e6f-fbcedbab54f4,2
Benjamin Dauer,ddd0c814-e9b1-4cc1-8d0f-53959f791d51,2
Mark Rushton,a5a27f99-d403-4dea-89a3-cced49ae38b2,2
Terror Bird,61c2700b-6aa2-4707-a913-6383364d6e7b,2
SIDA,f77ff6bf-1e59-47db-9fa5-4717d4b21ca7,2
Radio Scotvoid,12783,2
Edwin Montgomery,f515735b-90b1-49ae-80e6-c21d89ca971d,2
Kirin J Callinan,a3614a52-01f3-4f9d-999d-4bc650e2f2b1,2
Chelsea Wolfe,60e8e938-365e-4429-a141-4c79eb49588d,2
Expensive Looks,89b29436-8c8b-444f-968f-65c6c975bdcd,2
Knarsetand,2376235d-0b31-414f-ba29-dd5aad026eff,2
Douglas Mulvey AKA D-REX,12899,2
Electric Goat Trio,13024,2
Iku Sakan,ab8f821b-da88-4b21-a231-b112c5721f0c,2
LIL and Sin Senal,13084,2
Javomarin,13108,2
Arne Bang Huseby,13112,2
Auk Theater,4b7876a5-8de4-426c-a5ca-ffcc7dd6aea4,2
Collection Of The Late Howell Bend,ade7b13e-6f5e-4e06-8fb1-5c933e0118ec,2
Albert Beger,ea739aa7-b04c-42a7-bf11-60f495a51c67,2
mijo feo,13362,2
Stromlinie,4b5b7104-901d-4809-a659-432288fa4324,2
Units,a08d716e-a51e-4a02-8092-93c3b0fb1322,2
pele,13543,2
3D TV,bab1c4e3-7b75-4b95-8134-c852f20d231b,2
F.E.A.P,13632,2
Kimiko Ishizaka,24039c0a-2382-47b0-b234-5712fe3a7515,2
Masochistic Values,8547,2
Valance Drakes,86bdd339-541d-4f6c-9671-082f5b5954bb,2
Fulminate Trio,13934,2
andybrannan,14123,2
Dikes of Holland,9464656e-fa90-4779-ae04-7535ed3028fc,2
Uwe Bastiansen,b0279afe-5d18-46ac-96e2-52c72f407b77,2
Sergey Schepkin,4192cc75-4712-40ed-ac8c-1301d6bffb9d,2
About,14737,2
Yusuke Nishiyama,14751,2
yu kadowaki,14745,2
09_Elements,14841,2
Sky Wikluh,41fc1b42-ee67-4230-9159-813e94d34b90,2
Mistakemistake,5e624ead-4129-4d36-b177-bb7b453c723a,2
A-1 Mr. Son,15004,2
Eduardo Melendez,1a736378-0911-4dfe-b70b-72f0cc8eb17d,2
Flora,14721,2
Bob Barta,15156,2
Bryyn,94c3bb67-e070-41a2-9b7e-e7d101a73cb9,2
Aaron Rosenblum,80830624-a264-47ae-852e-ecb05b7b2e9a,2
Snowboarder,15584,2
Federsel,15063265-18e3-4ce9-9918-28a14cebddb2,2
Blutwurst,14849,2
Farang,15654,2
Ross Ackerman,14264,2
Sound Inhaler and Ericka Ryder,15689,2
Jerusalem In My Heart,56297df0-7291-438e-b4ea-b8c9e203c87a,2
Checkpoint 303,4a9eec8b-711d-48d8-b84a-9e0d6fc5b22c,2
Wukir,59c90328-170f-4624-a69d-163d1edd9be5,2
Radarsat-1,7504,2
Everybody Was In The French Resistance...Now!,7681,2
E. Ryan Goodman,72665a45-417e-4348-8f1f-566b22f3ec80,2
Modern Witch,fd9459cb-36c6-469d-aaf7-211e4ebaa004,2
Asagaz,da9837fe-4dd0-4ee9-8073-ec1f21301908,2
Poor Relatives,8180,2
Lazzich,178faffa-60a4-4fbc-ae3e-3f8eb08cbd66,2
Daniel Blomqvist,b00d424c-6e52-4f30-bf16-e8065bf81cbc,2
Gigi y los Putos,8374,2
Grand Mal,fd6ea6c0-6b32-45df-aa6f-fae2c72a6aa1,2
Jef Barbara,9f1ccba2-7b3b-4cb6-a6e2-a28df83743d0,2
Club Foot Orchestra,db20b0ac-2928-4e80-8ca2-01dac9773690,2
Bay of Pigs,8427,2
Talvihorros,ebd30055-affa-491f-98f7-4b9bfcddffdd,2
Meta Program,32965519-2a59-4275-82b8-efd682d38c5a,2
Floppy Ghost Arm,8625,2
Zero-D with Jefferey Vallance,8638,2
Blackmass Plastics,5c09e2a2-0fe5-4589-8de8-6d2059cae95b,2
Miguel Frasconi,058b70b9-a5ac-48fd-90a0-f0b240e5dfab,2
Lifeshows,b73c1ec6-1292-49cc-a01e-551f4183780b,2
Noctiflora,cccaa851-43f1-4fb1-89ac-f9afd5d4062a,2
Schattenwald,da1f641e-7a0a-44ae-aaf1-8c17f9025d95,2
Click Click Click,c744472b-ad0f-4eb5-a170-88ce471dbf3e,2
Supernaturelle,8502,2
Deadman,9482,2
The New Drum,9484,2
Tidy Kid,9aad1e77-a9bf-4c6b-943c-89e67a5d3168,2
Yeyo Moroder,9499,2
Kaboom Karavan,953cb58c-2b33-481b-b978-f3d368713cbc,2
Megamaut,9515,2
Seth Partridge,9605,2
Arklight,10083,2
Deep Singh and Ikhlaq Hussain Khan,10085,2
Kiran Ahluwalia,d0034685-6aa9-498f-b3df-8f8498f741bc,2
Albert Beger's 5,d0d2e331-61ac-4633-a66e-f01f0b7754f2,2
Shield Your Eyes Pray For Death,9274,2
Gerald Fiebig,a8f8010b-89e6-452d-a635-c5a0f8adee97,2
Chris Forsyth + The Paranoid Cat Band,10471,2
Anthony Pateras,b52b8c64-ad42-4d84-9d19-9052afa6a1d1,2
Ben Johnston,10706,2
Michael Byron,3209df0a-3e32-4314-8103-ccb56ea07d22,2
Awt,7bc3d127-db24-40db-b4d3-4a298b011e8c,2
Les Fabiens Porées Et Annes Laplantines,10952,2
The Barracudas,11199,2
One SP,a7395bfd-3da5-4f3f-bf51-9764e15ff42e,2
Tolouse Low Trax,c85a6456-6546-4384-803b-47d81c37322b,2
Sometimes Always,11500,2
Maniqui Lazer,9fca1e34-dd31-4836-998c-ec320c0370e8,2
Derek Rogers,11594,2
Marylise Frecheville,e200c460-3c92-4762-aa29-813d075f2f5c,2
Brett Marren,4866509a-52ac-423a-ab94-3c54b251b9f9,2
mixtape @ semlabel,11801,2
AlexandredavidgabrielMehdi,11093,2
Sorrows,12038,2
Giraffes,20e102e9-401a-44b2-91ed-f9dba04aa2eb,2
DSM666,9ce864fe-aa24-4524-9052-4df953b7861e,2
Hari Hardman,8b2d8c00-3d93-4245-bd60-63ae3c225d15,2
renée baker's awakening,19354,2
Organoid,781c37f7-7e3a-4853-b41f-001c756e6fe5,2
Nick Didkovsky,0aedeffc-b033-4ff2-93bc-1d000def50bd,2
¶RADIO HUMMINGBIRD,19530,2
S.E.T.,18913,2
The Good China,2da964d0-478f-4697-b03b-058667bf81a1,2
Novelty Citizen,19882,2
datewithdeath,c3641ad8-27c8-4bab-bf52-ae6f53d3eef6,2
Ruela,62191f6c-de95-4450-b711-8c6bb1e04396,2
Paralanguage,7b84784b-de13-4b5c-82e1-337269f6a676,2
Noiseonport,20052,2
Tidings of Comfort,20209,2
The BoyplusGirl,71aa279a-67bf-4a04-98b7-d00dc382323e,2
Steve Combs & Delta Is,20135,2
DGOD,20328,2
J. Karl Bogartte,2fAs46mSf8buHkqYxJ9UHa,2
Marconiero,1730acee-f935-4153-b6ae-2ce2f1ccc4bf,2
Kleimor,410a7fd4-9db4-401c-a483-82e500ec3bc2,2
NYKDLN,6c3eaacd-d67f-4841-99c2-32dd33fdbf10,2
Kyle Eyre Clyd,d3c2d45e-dded-44b3-9cda-e18eca396d5d,2
Gritt,20810,2
. Firnwald,170f3e8a-d076-4385-9a48-aef75009d44b,2
Chtin Mara with Bad Poet,20978,2
Hyaena Fierling & MUTATE,21100,2
Matthies,57bedc04-18c7-41fe-a854-8c9e2f4e8999,2
The Degs,21046,2
One Watt Of Love,21266,2
Child Abuse,21288,2
Lhip Wasa,21384,2
Cousin Silas & Kevin Lyons,21405,2
Flamin Groovies,c826bda4-4f4f-4746-81ba-5f66ac9c95e5,2
Dave Phillips,3494,2
Linear Chain 4,21784,2
"Bonnie ""Prince"" Billy",7b0a63b2-b8e8-490e-b724-1d30cb5edfe3,2
Scappare di Casa,6132,2
Extra Sexes,6342,2
Allergie gegen die langweilige,6375,2
(costa),1346ed9b-1d0a-420d-99d5-06d4718cfbd9,2
Sasha Cooke,c4b1afb9-8bcb-40e2-822b-9b78cb9842f7,2
mezzo-soprano,,2
Pei-Yao Wang,c67f9aa1-fbe9-4ae4-89e0-06ee1d4dffff,2
Wyndel Hunt,c2e21573-caaf-4788-abc2-e2afa0db1f82,2
None Music,6910,2
The Cigarettes,3e04939a-1b46-43d0-b4ba-239845720494,2
Intelligence,fb1533a9-113a-4d7b-804f-9e0036f29e7c,2
The Necks,51f8d454-f4a8-41e6-8bd7-a35921eeedd0,2
The Oranges Band,30509c58-3d0a-45f1-a647-575f83561554,2
Fluorescent Vibes,7057,2
Sultan,baf6ef5b-b0cb-408c-858e-2b8b78b581f7,2
1000names,240a4d3c-aa6b-4a3a-9cb9-fbc49986bed0,2
Bam Bam,7200,2
CatGutStrings,7223,2
Myty Konkeror,c8c96ba0-72c1-4ffd-8951-c3a90618c4fb,2
Annoying Ringtone,26c850a2-bd02-4460-9269-0eea7682bcdd,2
Blanche Blanche Blanche & The Birds of Paradise,b9bf2eda-4088-49ec-bf00-f3164ded9f1e,2
Pleq,f1302682-c1a3-41fd-941c-a9896911a151,2
Sense,8ef90260-532b-4976-b5ff-681c40841b4d,2
Dead Poets,1d1e7e6d-3c43-41f0-96ab-77da21eb0dff,2
Marty Ehrlich's Dark Woods Ensemble,ebf16d0c-f356-41ee-a90a-3f92e664cd55,2
Steve Mackay,5025,2
Michael Vick,16439,2
Survival,e786af8b-e6a9-42e2-a0b4-47c3db3ca598,2
Mayak B.A.,7528,2
Pigeons,6d255cd6-4de9-477c-a277-18e5b6c36727,2
Windhand,17bdc2bd-dcec-4267-aa4c-87238f763066,2
Alex Ward,019a0352-9eae-4f64-a230-dd2773e18535,2
Pat Thomas,6dd5fc2d-980f-4f5c-8988-e3f83b1a5f27,2
Locust,046a16c2-2c9a-43d2-8fab-6513635a7efd,2
The Solar Motel Band,15GMbflrZa4PVpGbOeuYHD,2
Herb Diamanté,af64fd9d-dc68-4a83-ab8f-491ef698bd60,2
David Nemeth,0dbe7089-5a0e-4bf8-acbc-1fd9d8696b12,2
OU-pi Golgotha.undead,16931,2
Aatxe,17062,2
Matt Rogalsky,6a17971d-5a9b-40af-b7f4-15237269f889,2
katarrhaktes,8916f459-a20e-4f8f-8c61-ff74a940402a,2
"Philip Corner with Yasudah S., Susana Miranti Kroeber and Phoebe Neville",17244,2
Darvillers Ghost,17438,2
Brecht Ameel,3d6d5b7d-c476-4ce4-8cd9-2aceaffc55a6,2
Frank Szardenings,3d9317ab-308f-49c4-a1dc-f533677f5d9f,2
B.C.,17519,2
Kidney Brothers (The Numbers Band),17596,2
E[c]lect[r]ic,9f45af59-2dee-49be-bfdb-cfc8d4f42791,2
Soldier Kane,17699,2
Downtown Boys,4bab4841-5584-4c04-a933-3f537fbe3aad,2
MSNTHRPX,15576,2
Guido Henneboehl,,2
Kris Limbach,5ca91259-9d46-45e5-9fb2-99e433f17cf0,2
Carb On Carb,d41d7683-509c-4cb2-a656-ec711f0dda4b,2
Epal Gedanke,b6807acc-d51e-4d22-af07-f60faef45b49,2
The Safes,6cad1117-cede-4282-bcff-a38d1cadf2be,2
Botinki Ra,9f748d58-247a-4917-a36a-9191bcc0da81,2
Marco Malasomma,ea332af2-760c-495c-bee2-2f6855379afe,2
Strong Suit & Jake Allison,19005,2
Modern Day Sky,9828,2
BLOOD!,7194,2
Zenial,bf4335c9-cdc0-4ff5-9c1c-ae2131125b31,2
Masaoka,bb284106-a18d-4f8c-9847-1dce9b8874df,2
Chen,21f18600-ed07-45ea-8df0-6325fa45add1,2
Grüsel,02d43d3d-c21b-477a-8e8c-2b5bd3369aa0,2
Nagai,af7395cc-4d79-4f42-80b3-4a079142e826,2
Jellica,3190e5ba-4851-4161-8203-c0eb881a3668,2
Jason Ajemian,c9fd3164-ef5e-4a91-b1da-ef7ee96ddba2,2
The HighLife,ff614a32-c2f4-4dfa-8da0-6c2b988b65fd,2
Madeline,7993,2
Magic Hammer,9a91964d-d95b-46f5-9177-915e3b2c6f46,2
D-Fender,8091,2
Maps And Diagrams,7441bccd-67f4-4294-90d9-f9fd1bb4a37e,2
USSv2,4987,2
Alessandro Bosetti,8645,2
Kommissar Hjuler,ed80d24e-33d5-4c57-a1ee-676af5d5f9e2,2
Mutherpluckin' B,055027c1-174f-4224-82f2-a913c2627c56,2
Shadegrown,e723fa10-ec75-430e-9ba2-1f36aada71e3,2
Hubble,5313c6a3-8698-45c5-a6ff-d36491e17742,2
Promute,78a39395-7cb6-4605-9561-0b300812c145,2
Fabio Iaci,caf47492-8443-499c-a02d-da1fea9f9742,2
Watching Trees Grow,9491,2
Belkastrelka,e4430d2a-3bf0-4e5b-a91a-13e5a7eaabf9,2
Azalia Snail,cb42d87d-93b6-470f-8ccb-e222cf1317b7,2
Segue,2b40ad41-30aa-472d-b726-10fbd04a7e35,2
Love 666,ede09c53-0d1b-498f-9c56-b1a038a11f04,2
Avarus,1380b3ee-6c09-4e1b-a4a8-1e48762abdee,2
Javier Frisco,10762,2
Aki Onda,1100,2
Doron Sadja,82b9b7c2-1a02-41d2-8918-f60862482cda,2
Shady Action,10905,2
Zeelab,11079,2
Wet Ink Ensemble,b355eb67-192f-4ff8-ab8e-76828a66557f,2
Abe Sada,11433,2
Nocow,7c278bc0-a40f-483c-8a35-e8158cf72fbd,2
Appleyard,2a079d4e-8dc8-4d65-bc40-e38e5f48f2ca,2
DRONE,6276,2
Binary Slim,51ZT4t8pSaFupzv0U3l4nA,2
John Juan,16722663-2360-4cca-a165-b25696bcc790,2
BLÆRG,04008291-0575-4626-8e10-21d65f2f94f5,2
Daniel Menche,3e839ac6-4716-44b7-b2dc-401d10c9aaec,2
Fluid Underground feat. Vladimir Popović,16360,2
Tearpalm vs. Crocodile Tears,16361,2
v4w.enko,4d085606-2726-49a9-bb95-e15d4701dfa5,2
Marilyn Keller,677039c8-0f85-418a-a745-24f21ed8394e,2
covolux,ce79152c-6e07-4cc2-8fce-83f5e3463508,2
Decimus,108ac530-96cd-44c5-a572-0d292c5b8c5b,2
NØIR,468cb39f-afe3-4ffd-80ac-fada7c7c4a98,2
Nashaz,18010,2
2 Totems,259a5aed-0c84-4157-b04a-3dd3096c0d59,2
Razen,7661,2
Twilight Tipi,56de25b1-647d-4973-87ad-f405fe7c3dc5,2
Afrikence,8701423c-dccc-4adb-b196-26d718cb8416,2
Stormfield,19a20af0-a016-461f-96b4-faec74570071,2
Agnieszka Cie Nienawidzi,18600,2
My Imaginary Loves,7c40f9df-028d-4fe5-9fd3-3eb73e0817c8,2
karris price duo,18759,2
Oso et les Léopards du vin rouge,18813,2
Wayne Mason,14884,2
Flashbob,144a991c-3c83-424f-9f75-f14126ad20f0,2
Archers,12149,2
Stan Hubbs,ab625f87-7502-4a00-a170-25bea6035b7b,2
The Charts,86b1e55d-0889-4017-a9de-2b6ec29f9d65,2
Lawrence Grey,5901e97f-c16b-433a-ba0f-9ac70887e86b,2
Axxonn,f14f9b5c-f2c0-41f1-9a63-6fb9eb10474d,2
Danger Beach,5846ffe5-7239-4a5e-b3c6-ee44716ec20f,2
Raven,6757,2
Mr. Dorgon,2cbe499a-1711-4a88-bab1-1cd921f3e70b,2
Sarah J. Ritch,13241,2
Camera,13327,2
Unwar,fc8c37a5-8333-4d1b-a601-ed421fd49179,2
Titus Twelve,408c8512-807a-486b-b401-f15a887bb8aa,2
Amaya Laucirica,82cb290d-f68a-4ebf-a9a9-d697dac4820c,2
Vibragun,8c626632-d2cf-4560-bd3a-a0c3e11930d4,2
Kid Flicks,f5b09d96-acce-4c51-bbcd-e5d36d2d3f1f,2
Precious,14223,2
Allison,14288,2
The Golden Boys,d6228dbd-16a4-4b3e-bb53-f480306628c4,2
Gaybomb,14649,2
A Xperisougs,14842,2
Alexei Borisov,,2
SUBSONICS,6656f436-2b64-43f0-9529-0b4a89e539be,2
Tony Castillo,671fcd2b-71e4-4958-a78e-2d4acb5ed02b,2
Bad Bats,14069,2
Folifola,15345,2
Allen Riley and Fran Agnone,15372,2
Mark Humble,15374,2
Arne Huseby,15565,2
Richard Pinhas,0d755f76-9152-4ca9-85fc-26d4ea9e6cbf,2
Kacey Explosion,03f7dfda-e703-4a81-9162-6cd2db74399c,2
Speculativism,35560753-843c-4d74-a68e-03fa64e56bf1,2
Evil Brain,4d744aff-928f-4adc-a0b3-8ec715226e03,2
Haunt,4caa2774-fdcc-4dbd-acf5-f8ead076bccf,2
Bleak,19420,2
Pezhed,19467,2
szabi,19513,2
Frostroyk,19633,2
Babel/Harms/Ballantyne,19736,2
ufxloops,19765,2
Mr E,2072a631-48f9-4ed5-925e-cd8fcfc600ee,2
Bonding Tapes,20062,2
Scotch & Soda,61efe873-8ebe-4377-b941-f101ff89fd61,2
Koen Daigaku,fd049744-48a0-4f91-a8a7-01b313049bd3,2
Dr Remix & DVAnt,20336,2
MaCu,33c8272b-e249-46ed-a82b-dfe3768033b4,2
Chris Corsano/Mette Rasmussen,20478,2
Jelly,4b6dd63e-c252-4009-a79f-9dd06e1d65e1,2
Alexei Borisov,00677665-9fb8-4601-b0ce-5bfb21c98a22,2
Noel Walsh,c0c433db-99ad-4ba6-9d9c-ecbf48543a07,2
John Daly,bae204fc-5de8-453d-aab7-619fb779870d,2
Hobotek,f4bde766-2db2-4b56-8ab5-1b9db3cda6b6,2
Trevor Flowers and Iheka-Chama,21299,2
Derek Dick Decio,21317,2
Holly Golightly and The Brokeoffs,3f6c19a8-7ea8-4e6e-adb4-34dc97db8742,2
Kottbusserdamm Terror Corpse,21641,2
SK ft. Shayla,21681,2
Chris Bywater,21777,2
Dub Riots,a845c81d-225e-41c2-92a4-8fdbe38d5819,2
audiotopsy,5d5ec7c6-e02c-43d6-852a-f6c7c3919e56,2
Harold Rubin & Ophir Ilzetzki,22148,2
Tristan Horton,174e09b4-14c1-4c30-9e47-973d6e5c6b41,2
SUBSET,22387,2
Dvx Bellorvm,bcff198a-b7b4-41c1-ae4f-b41045c28e38,2
Sylvain Duigou,07b8edeb-87d7-4366-9d95-f0646a1ce44b,2
Ardleg VersuS OresteS,22929,2
Angel Garcia,22990,2
asha tamirisa,22998,2
Kdoshey Zaglambia,23005,2
Montreal Nintendo Orkestar,77dfa1d3-2f79-454b-b5ab-bce84798fc73,2
Zabloudila,23081,2
Sisu,23196,2
Emrys,23273,2
Valerio Orlandini,5b06fcb1-9c34-4e0a-99db-b2ba4310d730,2
Alvaro peña,23578,2
Crank Sturgeon & Olivier Di Placido,23751,2
djozr,bd9b0f65-f452-409f-9907-543c2de8b51d,2
MushroomWavved Collar,f78c81dd-fc0f-4a51-ad0e-4d69d58c68ec,2
Avs_Silvester,6be2d5ad-d34b-4101-beb1-5a23f68fa082,2
AGENDA 23,24187,2
Anti Symbol,1e460cdf-c53d-48cd-965a-5ffe4a8157a1,2
Sound_00,742bcfd7-2cd4-4683-a6e4-85e266c913eb,2
Neal Beard and his Machines,27afb1af-c845-49e8-a534-e45406e20684,2
The ElectroLoser,443d6e47-735f-4d51-9698-c391d00bdeff,2
The Golden Grass,7f09d260-84c0-4f43-902c-27b4aee884f5,2
Color Kings,b710092b-a225-4513-afcb-5f45bfaed44b,2
Harmonia,831,2
Smersh,6275,2
Black Taj,0e01b620-8cd8-4637-9480-1ebbae6a82ef,2
Mountainhood,468765e3-5b22-458a-bb79-63a2f508de33,2
Nick Fraelich,05ac64da-22e2-461b-8302-f61fcc250b70,2
Sandy Ewen,a7773dbf-f72e-413f-bfd8-ac99952b3637,2
Bagpipe  Whiskey,4828d12c-95b2-4aec-9f52-3cfd4237b6e8,2
Earsmack,c32737a0-4880-4dd3-8fbf-608c290870cc,2
Jonah Parzen-Johnson,94e1d482-6a57-425b-b449-7604d713a4f7,2
The Heliotropic Lodge,ac07932c-5e59-4086-8a49-80a9cb65c37e,2
The New Heaven and The New Earth,332017b4-aa22-46ef-8264-20d208572f1c,2
Kami Di Avila,3d9400d7-cb19-43b6-bd44-dbf3543791af,2
Zeru ta Lur,4dd0e78a-e325-46c1-822d-133d1c28873d,2
Bord Brut,ae0cb334-7602-4f44-914e-bf2e337caa14,2
Metabolismus,79c0be33-634e-4088-af2e-59579bb9a519,2
Kenobit,18281854-66b2-47d1-a355-3d04aba7e7ee,2
Blue Skies Bring Tears,af1ba7b7-2f00-480d-b0d6-ceaa26f54a0a,2
Anders Ilar,d1c6dcaa-751f-41e7-8dc5-7db2b30a1867,2
Spartak,3f4fc2de-6bc4-4ad4-a599-6d0726bcde07,2
DJ Code,1507410e-6c97-41fb-8500-0c968b6c83ed,2
Buildings,10403,2
Mutant Beatniks,5969e7c6-8269-4b40-af5a-35957146d3a6,2
Jeans Wilder,71cb55e7-810b-4070-9716-bc446a92645a,2
Jackie and the Cedrics,5a0b8e88-c992-4dbe-b00d-80e3809bb2e8,2
Zópilot!,ce853e0b-9d20-4d5f-8905-2bb48853e560,2
Benedek,82b6042b-7943-454a-ba91-715dfbe62f0b,2
Eok,10191,2
Music For Your Plants,a3606601-b6a5-4c80-85df-f11dc8014931,2
Mules,14551,2
HarleyLikesMusic,a8dbaa87-1542-45e6-a1b4-387e99a8c8a6,2
Leafcutter John,5983952f-deb5-4bbc-8dec-ad0319e1ffec,2
Fiona Soe Paing,06323f2c-2df5-4871-8caf-eb4d8fdb4202,2
Tsembla,109a9dad-48cd-4c0a-9f6b-2e944e2ed407,2
Knotted Sheets,15583,2
Moshi Honen,15666,2
Scott Allison,b8325755-90b7-4275-9616-59086773d58c,2
Jeff Surak,85349b62-c7ec-4f25-a58b-f1dac8f0acfe,2
Towering Heroic Dudes,5b387c0d-c327-4374-84eb-ac063951128c,2
(-),18887,2
Bruce Grainger,f46dc906-0b63-47d5-9b53-c9a7c8bca6ae,2
Goodarzi Family Band,20056,2
Jack Fetterman and the In Hi-Fi Music Direction,542fbe3d-1bbf-4f17-b4fc-7bba54368e4b,2
Dana Countryman,d1d77de7-f76a-4128-82aa-98b79016bc55,2
Do-Bros,20345,2
Evan Pope,20353,2
Mr E,19924,2
Bridget St. John,db53fe45-d4a4-4b55-b74e-1ce069572704,2
Floating Mind,2b54035c-7f3c-4609-bc2f-2d87f3efdac1,2
TALES,a3336e7f-710f-4647-9622-6a7152389b04,2
Cyborgs on Crack,6abc20f2-ef6d-4981-9617-3afcfb293383,2
Sbrauh! prod.,23271,2
Naoki Ishida & Ayato,21348,2
JFrank,09a14471-b17f-4a80-a7a3-79dab91080b4,2
sro,d72b22cf-9693-4a2e-825f-6fbcdf86afbb,2
Max's New Hat,24194,2
Kimitake Morita,0e04d237-1eaa-430e-8475-e43422f93001,2
Markiza,53caed16-795b-4a62-8675-400fa7d45ab0,2
Agnosept,537ec0fc-732d-4b46-a7bc-ed403ea55c38,2
#CCmixtape,16717,2
Beans and Bullets,814f6ad0-297c-453e-96dd-29ec2ddbf8de,2
Chris Silver T,0ca96498-1a03-488d-860c-cf18b0efba25,2
Line Noise,4ee41b45-3d87-44eb-aebf-0089f97ce028,2
Mount Elephant,e43db872-18f9-472d-912c-cf887cb1e482,2
aaron yabrov,186ae224-c116-4489-aacc-5f13fe94a282,2
The Color and Sound,06407944-0e0a-42dd-ba9d-0250213e82a0,1
KINGS OF THE CITY,885ff2a5-4ca9-46ae-815a-00fd571e6804,1
Earl Fullers Rector Novelty Orchestra,62cac6f3-adf4-401c-8bfe-21105192c71d,1
Manhattan Ladies Quartette,5486,1
Kelly Slusher,44463fe3-7268-4164-a795-5bd16c344181,1
TheJoe,5556,1
Loveshadow,5555,1
Antithetical,0882fd20-8b9b-453d-b232-cbf108496eaa,1
Missing Man Foundation,51f15ffc-98c0-4205-be95-34470fa3198d,1
Prof. Neutrino,40ce051a-d06d-4c41-b59b-33ab6a4f5aab,1
M3000,c46a7eaf-cff7-43cd-b49d-9a2ccdc76d10,1
Antonio Contador,4e6ff3b0-9671-4927-8909-d4607aea4247,1
El Cubist,d2fce4c1-9b83-4f9a-bf22-e52fea94ddc4,1
Flowtation Addvice,dfd98f26-c9ee-468d-bdd9-2bef0c0126e4,1
Montag,c3913672-9150-4645-8c79-4457c4c474c9,1
Wisp,4159ac30-ecce-43a6-b200-b48801968e30,1
Set in Sand,39c4ea5f-a8fa-4e80-905f-8d5cdfe2b421,1
Populous,e1ce2605-8406-4933-b7d8-89e106e3b6ed,1
Penny,d011a5c5-7414-44d8-8055-76afc866eb4a,1
Coppe,0dc84514-3da0-4668-b252-c413ab4317db,1
Cal Murphy,c07009ee-6fac-41e0-b9bb-fcfd29416e0f,1
Mongoose,5667,1
Ocean,5670,1
Losid,5676,1
Captain Keenan,3856ad4f-2f6b-4760-9891-711ba2df1060,1
Jennifer Plummer,16180ea8-1dd7-4c41-bda6-182110c493e0,1
Vicki Larnach,887918ee-c81f-405a-b991-c247ebb53b9f,1
Jeff Andrew,92190e67-5516-438c-b0b0-bb0c8e8ad663,1
The Breakmen,cff54dc2-c6d1-4f03-afd0-8d3be1885d86,1
Bogsnarth,31e5c2a9-02ab-4d3c-af9d-55db168c9736,1
Nedavine,18c08d26-bb4a-4f9b-b4d5-dd0fe53309fe,1
The Square Root of Evil,863e6d10-7320-4868-88db-597a7419ac29,1
Cube,f254ecef-39a8-4776-bdad-4e9242231e69,1
Peekay Tayloh,92abf60c-3536-4794-854e-6e67459ba0fc,1
Antenne,fba71f86-2a37-4de7-ad17-77d93aa3840f,1
Lee Hutzulak,eed48532-2c4f-4039-a996-eb5a966c9606,1
Sade Sade and Chuck Bettis,5781,1
Gnaw,5812,1
The Afternoon Saints,5839,1
Four Stones,55edbdd6-a4f7-4659-8316-0ea35294099a,1
DeadBeat,5858,1
Franklin,ed31f73a-2061-4dea-82bf-050a8b1bdb11,1
Absent Me,22205054-89a6-4575-8cea-0243edbea729,1
Tribal Genes,59ab4b52-c14e-423a-9a11-785ecbb369bc,1
Dark Humor,ebe18dae-08d3-40db-8705-2c323d3fd36a,1
Delusions of Grandeur,1b2c333d-7c33-44e9-b5a7-881720043746,1
The Moglass,acfe3f47-7cd4-4d5a-8c48-daf0a62a883c,1
Alphonse de Montfroyd,538b1cf1-41ee-48cb-8f71-6b399d0953f4,1
V. Medintsev,84b12e66-7fce-40ba-bdaa-df9fa8f604f2,1
Sustentaclua,5937,1
cmd/ ctrl,480ef916-a204-4909-86fe-398de8ad57b3,1
Raegens Raygun,5953,1
taotekid,5931,1
Connect_icut,fc2c748f-c769-4343-95df-587f34a28a03,1
22tape,01cf8c9d-f39d-41f5-bd8b-930cd8de9ee3,1
Radon Ensemble,6039,1
Major Major,41fee225-da26-40db-9bdb-1bd0713e9664,1
Profi Bros,b63dd990-6838-4808-94a9-c5d305e0f27c,1
The Oriëntalist,bced39d8-291c-469a-a43a-075a60f4c11d,1
Alec K. Redfearn,abd2efab-a0e7-47e9-8b57-805867df0220,1
the Eyesores,4b086c19-bd11-4942-a82a-c2f755dc9856,1
Knit Witch,53f43371-06af-4476-bd45-81b6b100361c,1
Lop,194,1
Snake Apartment,268,1
Sounds of Taraab,491dd54e-b10e-420f-b8a7-4689eb046ea6,1
T.I.T.S.,eb391a3b-46d3-416a-8e9f-065ff05be944,1
Teenage Waistband,287,1
White Mice,330,1
Xela,1422,1
Parts & Labor,7e9f48eb-9cd2-4167-b844-0f4b25cc3199,1
B. Murray & Cho,6116bd4a-1e7a-4e76-9b59-0b23a2887b01,1
Weyert A. Moor,1686,1
Thomas Chalmers and Elizabeth Spencer,1689,1
400 Blows,1250475f-1785-4ace-b938-ab3920aa1acf,1
The New Bomb Turks,013d71e5-ecb2-486a-bd82-6e7d9129acfc,1
Susanna,feb8655f-ef35-478e-8e52-679221f96508,1
Dale,af8fc419-220f-45eb-b5ec-0466ecde6cad,1
Cath & Phil Tyler,5a50967c-913e-4aae-bf94-edac8b529264,1
The Old Codger,539cc27c-bd50-4bc3-8de7-2c74ce05374a,1
Batius Hipphopitus,23,1
TTESCO,286,1
Crook Roc w- Donnigan Park,110,1
Taal,50,1
Oneida,33c5f321-37b5-4c8e-8eff-a8a6a5ac2e44,1
Akiko Hashim,2131,1
Arti,2137,1
Edj,2143,1
Kristof Krisztian,2157,1
Marco Paul,4cc74f9b-5a27-4c6e-be90-435bffbc261b,1
Occubus Jive,2165,1
Omid,2167,1
Phunkie Panda,2171,1
Ryan Thomas,2175,1
Suzanne Kraft,e78131fe-90d3-47a0-a127-9d55b666d120,1
Teebs,5b6b10fb-514a-4802-8bd8-11dc00e23580,1
The Human,1436d04e-0447-47b3-b0d4-2f2f950a4e1b,1
the Woods,2199,1
Tom Brosseau,f36f2a6d-91fa-40cd-a282-9156c895ffed,1
Gravy Train!!!!,001ce2d7-c045-4343-b703-a4fc7dcee0a6,1
Barry Chabala,8dffcb6b-b352-4fa2-96ee-b20ae9d0263e,1
Double Helix (Morphamish & Texture),1752,1
New York Military Band,2374,1
Eugene Emmett,2381,1
Homer Rodeheaver,ff2c82cb-e9b4-4afa-9b1c-eeb5d9d392e3,1
Emory B. Randolph,2384,1
C. Rockefeller & D. Kay,2441,1
Unihabitable Mansions,1631,1
Chahadé Saadé,2502,1
Bad Tables,2515,1
The Jerker,38da0f00-5587-457d-ac54-49767ca32369,1
Wild Billy Childish,23ef9155-df05-4e3a-8109-acb603f3146d,1
Jacob Henry & Bill Jolliff,2e74f7b5-fc0c-46c3-b0a2-f9ad2db47004,1
Tragedy,efa0c09f-b0a1-4f21-abd6-a1f2c3d97ab1,1
Fucked Up,19202b40-eb93-48a0-b6fc-fce9568182aa,1
Surrender,891762bf-0ae8-4983-8fa2-e42e70af707a,1
Surrender,2843,1
Sawtooth Mountain Boys,3da8218f-29e5-45af-899c-f9fe786dddd9,1
DJ Dolores,45cc86b1-d09f-42ea-aab3-a30cfd0683b3,1
Matmos,46e8a8ee-d2cd-4165-9725-02f72d0027a9,1
The Rapture,3697647f-1839-479e-98a1-9ad39004d923,1
Beastie Boys,9beb62b2-88db-4cea-801e-162cd344ee53,1
Chuck D,2920,1
Tradtition,309,1
Tradition,3001,1
Evolutionary Jass Band,a6e48136-d9b2-43de-9f3d-41ee9e1a0f6b,1
Amalfi,a1b9ca78-b0be-4299-9379-9e40e4e54eb6,1
The Home Phonema,5e36d8fb-eb88-4f02-896b-56be9b2e434e,1
Stouffi The Stouves,5f16b278-2042-4a08-a6a3-583bc5da4f87,1
The Quadraphonnes,3167,1
Cezary Ostrowski,0c78f0e9-4e62-49ca-bfc7-a2d5ddfbdb94,1
The Columbines,08e95c8f-6a37-4583-9f63-7d110326009f,1
Paid In Puke,28e976a8-724f-46a5-9cee-2c9e3edf9255,1
Power Sherlock,3286,1
The Protagonist,8bf439b3-63c4-4ea6-b800-7c9ff894bd1b,1
Marcel,40127d3a-af71-4a7f-9893-80b8a54f1a99,1
nuonu,c21f8938-04c7-4135-9f42-672358c4b9d5,1
April,a3f03856-a326-4fac-ad7b-be9f77a69324,1
William Fields,da232e68-5238-405d-b5b2-b8be65348b04,1
Hans Appelqvist,3306a2fd-bb43-41f5-a5ea-4d7da299248f,1
Hydropods,ce9d6ff2-f6f8-4284-9ae8-0acd627c89f9,1
Bufi,4a8014bf-5333-4a25-8b99-213c7b92bdc1,1
Niwa,935b2833-8b33-457d-a5f2-551c10aaa548,1
The Search,6d86f9f0-cb97-4793-97fc-e10fa7626834,1
Morgan Fisher,f924de82-17ef-4f03-8fc8-17b755d2428f,1
Model of the Invisible,1ed4a0ad-c1c4-4675-b4da-3acdcaf115d4,1
Morviscous,aeeb1fac-e063-4c4f-b002-3e3bb7f5f378,1
The Stoner,7f9f7017-811b-4964-b439-e5f5576d1cb5,1
Arkana Music,e6a985fe-91c3-4e6c-a6e9-40d3495eaa56,1
Blob,20d4c766-15d8-4270-b264-baf31a3eeaf0,1
Tony Renner,562f2f95-1d1b-485b-a7ed-9cd5ee6e5677,1
Brainville Desperados,67ab5f35-bd5a-43f8-84de-664869d61737,1
Per Gärdin,2be2c14b-7921-4218-9840-d093960f1944,1
The Rick Jensen Trio,b4563c11-0f3a-4e69-abfc-1a70153da905,1
Chicky and Chenard,0568ae45-3f4a-4175-8c4b-e07e5f5d4ad4,1
Surbahar,256338e9-01fa-4757-a9ee-eeaa5d308ecb,1
The Unfinished Sympathy,b74369c5-56fb-4309-b70f-1a66fcbfb5d5,1
Dudley,2e70bb61-958b-423c-a23b-dbf95463efe7,1
Baroquedub,b56e6919-da1a-482f-9b33-26346d6b080c,1
Arrial,af6a5bf8-b342-4298-a8ae-2bde93d2cc98,1
Universal Materials,949871f8-de3c-4beb-bdc0-7fe43831c2b8,1
Kolokon,c73007a8-03a5-4326-a269-3abf12540373,1
Crick Zachary,3ac737bf-b954-4453-b7d7-8d0e302333b0,1
Narwhal,3675,1
Adrien Barbobott,8a0b013c-b25b-4a40-af8a-8d708b9d170b,1
Katherine Plummer,91e34a26-4ed1-42b4-9ae7-c74b22843bce,1
Stone Pillow,993b6665-575b-48f9-8abf-cc47b900145f,1
Mother Orchid,f221bd6f-8dbe-469f-abc8-cf742bbd3df9,1
Scout,d921e9be-bf94-4144-905c-b4bb9cee83d8,1
The Vivian Girls Experience,fdffbf3f-1fc4-43d6-92cb-944e243a4113,1
Sun Shine Sanitorium,25119c21-00aa-4066-a898-e3172f9bfa7b,1
Blue Shift,23953e78-37d9-4432-a0b8-df3ea548cae0,1
Baiki,eee4a558-e27c-4188-b642-5a5490b8900d,1
Thierry Blanchard,0840c4fb-f80e-4256-ac7c-7761250e12c7,1
Calypso,60328d1f-a2e5-4db8-9776-014668e37517,1
Mazca,e24445a5-1b6d-4ca7-bcfe-13d644618867,1
Raflesia,c41a2be9-ccb7-4a8b-8d82-3060b4f92d28,1
Desert Gears,47a65360-c20c-452b-b9bb-529616307feb,1
Ofer Golany,31294afa-2abb-47ce-9b9a-7d45ada8e809,1
Christmas In March,c9350b1c-972b-4bd8-979f-bb1ae4eb6c03,1
Ron Wibbley And The Night Soil Men,5d1b1510-3119-42ec-8d1f-6fc301fd6dbb,1
Low LiFi,3762,1
Jeffrey,6a46ba2a-507d-455e-8588-fb39b3d04685,1
Jack Lewis,bc583457-a63b-4bc3-b38b-6cbb267a5289,1
Celph Titled,53d11d2d-4c2b-4bf9-91ed-82714f525c95,1
David O'Connor,7448456a-ae3c-422d-a60b-4d3b2393e905,1
Diatribes,2da639a5-d979-439f-adc0-aa7369cdc55e,1
Patricia Bosshard,35106c71-64f6-407f-b9e8-f137e4fcc1e9,1
Stefano Scippa,cb05a418-bed4-4713-92fd-63306c07f9cf,1
Dicofone,97ce30b7-9016-44fc-bece-6107e20d1af6,1
The Mallets,0c675e84-565f-43ec-88ad-7ca47da557c5,1
Gilad Atzmon,5ac3b93a-2336-4072-8e46-28cfcbdb9eb7,1
Puerto Muerto,8a886275-fe90-4a39-ad5f-021b7bd756f0,1
Janet Bean,018d1984-279f-4514-a0e6-c6fb358685a4,1
Volebeats,eb567c55-368d-4b85-b969-ca9e3252f9cb,1
Tim Carroll,dc157334-a6d0-4892-94d5-014eb0759f54,1
Dielectric Minimalist All-Stars,3875,1
Ben Weaver,33921333-35bd-4807-b742-d3f8c3a3b7f9,1
Desper,cc10280f-f763-47e0-98f5-3db0d6bcb530,1
UBE,3930,1
Kids on Fire,3954,1
O.U.O,43b41f47-f45f-41ab-8bab-6e4f224f6ba1,1
Zimbabwe Legit,1c6ae3b3-0115-4305-9917-d042e830abfb,1
Raw Produce,29abf81b-0e50-47e2-9c9c-3cdf3c654c80,1
The Scheme Team,2e8d1894-d8b7-456e-b8f2-164d5ed2a815,1
Brian Joseph Davis/NYME,4040,1
Embrace Fire,0edb9824-44b4-4b56-91fd-4664a13e1eda,1
él-g and duncan,4050,1
"él-g, sus and Jakob Olausson",4051,1
Mikrochip No32,aad12505-2347-41e1-9d2f-e17700e8b091,1
Sybi0t,8d31bde3-0970-441d-b9ca-b1b6c7654f0e,1
Highway,29752670-9b0d-44db-882d-876ddf0632f3,1
Vate,3913,1
Jimmy Joe Roche,d61a638a-0b6a-46ed-8d7d-1cb2ef1de250,1
Fidget,c575aeb8-ef9c-4577-b6b2-41fe076b4532,1
Starkey,bae46981-8da8-422e-8574-9dbac11f2c7e,1
Monta at Odds,68887d8c-f9a6-432b-be36-97f93f08741f,1
Seven,968d8a42-ae67-40bf-b100-502baead36ae,1
Bruce Russell,4271,1
John Randall Pelosi,4326,1
The Comas,de68274c-d21a-40d9-b17c-4b833b20126f,1
Flow Trio,c3646361-55d3-47b2-8119-337adb908ac1,1
The Levitts,1a1ee2fc-c2fe-48d4-b88e-42fe79fed7b8,1
Yuganaut,88a3f8d7-7f92-4450-bffa-887bf5f0ab0c,1
JJM,fa968f7f-5731-46c0-9fd8-a686348f1300,1
Greg Malcolm,391321d8-6317-4914-984c-274d3ab8504f,1
Rockformation Diskokugel,8fd1702a-e275-4fc1-9d04-3a3aafef5c4d,1
Kiesgroup,62b0c852-be63-4347-94b9-b7ff30af7b22,1
Michal Hambourg,332c7800-1b79-4614-9dfd-56edfdee0dd4,1
Four Comical Cards,4529,1
August Molinari,d098a2e1-dd7e-4e76-a990-9b2207deceb3,1
Premier Quartet and Company,4550,1
Reverend Gary Davis,f66eefea-ff87-46b5-947d-b595a4bac5c9,1
Al Benard,4537,1
Paul Gerber,629915e6-cda0-4c1f-9007-a88ff26d3194,1
Edward Hamilton,4547,1
That Girl Quarter,4556,1
Chico Correa and Electronic Band,b109bf81-1ee3-4cdb-bab0-5f6c93502b43,1
The Ronnie Wibbley Orchestra,0e4cc2ce-5eff-4f76-92cd-0a5f46e98083,1
Bad Duck L,4572,1
Derkopf,ed47ed6f-8c7e-4200-bef5-eb5439a859bb,1
Vladimir de Pachmann,3df93115-609c-4305-abf3-8a9c91c7704a,1
Samuil Feinberg,4671,1
Bang on a Jam,4677,1
Kismet,02b0a83d-5ea6-48e6-b1d9-2071c1ca20fb,1
Disposable Air Sickness Band,640c5919-451b-4a8f-bf48-63913951b244,1
Formula,4750,1
LoveJones,b4c760fb-ac7b-494b-98fe-563a4cf9fc9b,1
Lying in States,549331f7-fd29-40b7-b3ee-5ab87f191b2c,1
Hayden Quartert,4947,1
Adele Rowland,4954,1
Columbia Saxophone Sextette,4955,1
Nicholas Orlando's Orchestra,4961,1
Lary 7,4969,1
Andrew Vincent and The Pirates,aba6929b-c565-4ef5-a463-027e29d31ef5,1
Pietro,4936,1
Seymour Lipkin,c6f5c249-979b-4557-9b8f-c0c4f8927e89,1
Vosotros,428de129-34cd-4886-aeb5-df900243a1a8,1
Eclectek,53bc4ec6-f33d-43c0-bc95-2930f4540848,1
Muha,376f883e-8bb7-4aff-a207-a094ca5a9361,1
JW Meyers,5237,1
Victor Opera Trio,5256,1
Ben Reynolds,88261037-3284-47b6-be2a-f4967141642a,1
Bright,04f43a78-0e12-46c6-befb-afd691e66176,1
Nick Castro and the Young Elders,d98a8617-156c-43d8-a49f-c09ec62eefb4,1
Thuja,5306,1
Tsurubami,79c38b6b-92bc-46e5-ae6f-b93a81198c35,1
Micachu & the Shapes,b0468f3b-458a-4abd-b097-f627dc342c2f,1
Picastro,1130,1
Florrie Ford,632d1516-3874-40ec-86c4-0150c9997955,1
Athenian Mandolin Quarter,5365,1
Columbia Quarter,5366,1
Sir Harry Lauder,b51f17ae-1405-46e0-95cb-b31252bb4355,1
Family of the Year,1a4931bc-5c9a-4ddc-88d9-948566c5e370,1
Emilyn Brodsky,ddfe8783-4729-4e99-b27e-1a8b3f407ec3,1
Alice Lloyd,5337,1
Miss Venie Temple,5345,1
Nellie Melba,5fa44ade-11f6-4c97-b6ff-e4881412a3f2,1
Golden and Heins,5392,1
Ikue Mori,1f2b38d6-667a-4a1d-a3c5-fbca5b84561d,1
MIDIval PunditZ,ef1bf752-c7bb-45ca-8f9e-e7e8e18fe26e,1
Eric Leonardson and Anna Friz,1700,1
Hutzl Ukrainian Ensemble,8c12bd5e-d2c3-45c5-a10d-164d9faa4ea8,1
Mountain High,217,1
Muraghu,220,1
Thee Headcoats,a67d2694-1ffa-46b3-82ce-7401b528fb18,1
The Billy Childish,23ef9155-df05-4e3a-8109-acb603f3146d,1
Nanowar,b879af63-9ff6-49b3-a556-1af86e753119,1
ANAVAN,8dc6b4b3-8462-46bc-8bb3-082bfd6a0d8a,1
Mr. Pardeiro,3285,1
Anton Oosterwijk,b8a7c3a6-4ae9-4227-8f5e-e75095dfc30f,1
Fatback,9094677c-381d-4102-97df-dc566c6feeca,1
Silvester Anfang,9bd479c8-df9a-4b66-b4ec-7e47c4003ad0,1
Charles D'Almaine,aed789f6-49ce-411f-b49b-7f6611958399,1
Glen Ellison,823d0b61-1244-4568-8134-63acec95bece,1
Rob Ot,e001edcb-ad93-42f9-ba06-2f0c9337b2b7,1
Nerveskade,1de56205-b751-472a-b9ed-7d4c2e787121,1
Vytautas V. Jurgutis,2bd7e47a-7879-4740-a7b6-82ea2eecf721,1
Charles Dalmaine,aed789f6-49ce-411f-b49b-7f6611958399,1
Zyzzybalubah,456a0294-a698-4a34-b1ed-d09b68b3df18,1
Sharitah Manush,9346,1
Äss,357,1
Watersports,b98d734d-4bf2-491e-ab40-e99dad710784,1
Bonde do Rolê,719490ec-2962-41b9-a54e-a4cc7b65c86c,1
Peter Walker,2cef79d5-9b1f-4ad6-ad44-3a50ce44a722,1
Reed Miller,c190155e-a96b-426d-921c-ef41d6f9c78c,1
The Bristles,6398a785-79e0-4cb9-8c3c-9a4914568244,1
mary,b335c83c-79d1-4a2d-ba16-c2b310592d2a,1
Willie,4cf00bc8-d4ed-47d1-ae5b-d3d15ea6fbbe,1
Field Recording,17,1
Walter,39,1
Costes,e2c9c7fd-a067-4bb2-a8b0-3e2990ef1dda,1
Adventure Time,2130,1
Campbell,2140,1
Computer Jay,ca288c4f-f855-45a4-8460-0928b7d46238,1
Fineart,1d543908-cbb5-40b3-8d58-c508c0ad7aff,1
Hisham Baroocha,2150,1
KeepBullFighting,2154,1
Lengua,a452f36a-14b6-4770-9313-80926a6a9ec6,1
Cheap Little Tart,51,1
Growing,815,1
Otonomiyaki,2168,1
Paul Diddy,0079542b-92b6-48a9-9160-22220f85ffda,1
David Thomas Broughton,05926c60-7f4a-45d5-a2a0-25d575a746f0,1
Gunslingers,d1056f2a-4293-427a-9cfb-efc103aa10ba,1
Weave,2230,1
SFV Acid,497e8f9b-5e28-4369-9483-a381340b6153,1
Peter Jacsobson & Miguel Atwood-Ferguson,4806,1
Lymbyc Systym,593282da-814f-4733-9004-003598e8338c,1
Lion of Panjshir,9dc6424a-38b0-479a-83a8-48940ba621a6,1
Grassroots Records Family,2235,1
Dr. David Suendermann,2272,1
Northsea feat Kristin Hersh,2275,1
Garry Bradbury,ca57924c-3d48-4bb5-90b5-a0717e665175,1
QQQ,2258,1
Gétatchèw Mèkurya,d4938195-6548-479f-9f11-a4e22d915770,1
The Ex,ea19687e-8d08-4abe-901e-3135269e4f74,1
Arthur Doyle Trio,1303f406-149a-4184-a8d2-76dc7c038554,1
Jaudas' Society Orchestra,3bafe6d8-7375-4a68-81df-0f363efea2f7,1
Male Quartet,0e4bac1a-c1a2-43e8-951f-933c4b85e07a,1
Harvey Hindermyer,b32fe2fe-93a3-4dc0-b221-78c5b1abd6f2,1
Helen Clark,a9f2748a-6926-4098-a525-c598c10966cd,1
Manuel Romain,cfa6a147-10fd-4343-b9d9-9950e10712f4,1
Bea McG,26,1
Robert & Irene Moon,2438,1
Sascha Wiseman,33,1
Ashanti Alston,45,1
R. Reege & B. Stark,2443,1
Mrs. Panacea Pussycat,48,1
Crash Worship,113e40e9-cad2-4ed3-9c68-6736203a5d49,1
Christian Jonassen,2513,1
Damien Gooley,2e6205d1-5832-482e-9560-c5b6d964f80f,1
Mu Mesons,2591,1
mudboy- extreme animals,2613,1
Mohamed Effendi El-Achek,2635,1
Ergo Phizmiz & Margita Zalite,5720,1
Surrender,94e2c501-df18-4d01-811e-2abdad1996cc,1
Dead Section,2864,1
Mafeisan,50decb88-0591-449d-b39a-6bb015585963,1
Karaoke Mouse,9ec3bc28-e044-4a79-acc4-ea15d20bd0c0,1
Dan the Automator,33945eeb-e2d2-4257-a199-661cbadcf8af,1
Le Tigre,2d67239c-aa40-4ad5-a807-9052b66857a6,1
My Morning Jacket,ea5883b7-68ce-48b3-b115-61746ea53b8c,1
Akasha Blade,3021,1
Memes,3008,1
Reading Rainbow,1ec19e59-d438-4d0f-9663-15ac1550900c,1
Barking Spiders,3015,1
Jennifer Castellano,3076,1
Soumitra Lahiri and Shailendra Mishra,3145,1
MaiLiT,0164ca0d-d498-4bf6-856c-d68181a236fa,1
The Dots,5ca43724-5ba7-45ba-85b3-17fcaabe5759,1
Degiheugi,74991b06-ca74-4458-85ea-2d1d070fd37f,1
Bilk,38635957-adf1-4476-b251-572a8ec0667b,1
Seiurte,1688a911-3176-4ed5-9761-3297c8658496,1
After The Ice,7779b6b1-28a2-4ac7-b71a-01428420ff6b,1
The Wind Whistles,a39aaa77-eaa3-46d5-8934-99c34a5465d3,1
Eddie Brnabic,18abf0a2-8ff2-473a-9835-819a190907c5,1
Sunken Landscapes,7fa55a58-7903-4144-816b-f30e5356ab24,1
Virtu-Oso,33709a00-2e52-488b-a266-aa3b1f001e55,1
Empathik,36ae5079-1853-48f2-83bd-36dba0883e3f,1
Jamie Dull,eed99e2c-43a8-4da7-b953-ae8a884c8c3c,1
Haine Brigade,c300f690-def5-4c68-8696-9110f5e97be8,1
The Savages,c93da0cd-f8e3-4c19-88c2-ba0ad2d9a1ca,1
"Koonda Holaa w/ Otto Von Shirack, DJ Urine and Man-Eater Orchestra",3309,1
Boris Balkan,e76eb1a9-e656-4c36-98ac-c9bd66ba4390,1
Elias Damian,3f58905d-103c-422e-9bc7-f552f8a3715e,1
Screenatorium,e2b55566-05df-4985-82dd-ad3631308c6f,1
S-Master & Esco,0ae90bcc-b4bf-490c-9605-80ea716800e4,1
David Marie-Garland,3413,1
Gene Clark,2b6f3780-6fb6-42c2-95bb-5e080772e38c,1
Evgeny Makarov,d2633af8-789c-4e20-94f2-651477da3ca7,1
Infinitus Ensemble,cf735704-2207-4a85-b192-4c15a324b7d7,1
Broken Quartet,7f942ad3-803e-4a74-aade-9ea16f6be5b3,1
BF,c83bebd2-8f89-4d87-9e42-60d256e76a60,1
AG3io Strong and Wrong,8b1b8035-13ad-4c63-98c1-440a913121a4,1
Seesaw Ensemble,10786fb7-0ded-4afb-bcb2-0dc337b539fc,1
Trio Lio,e03e6ea7-7a6d-47ff-9f25-37ef4cbde4e9,1
Kaido Yutaka,70356fbb-69dc-44e0-839c-f905b474314c,1
Adam Pultz Melbye,cf674af9-9fa5-4cc1-ae68-cf3efe172023,1
Dots & Lines,079c4756-f2a2-46d8-a603-63838ed93c34,1
John Hughes,dfb786ef-29d1-4c4d-b94d-4d83e85c7d33,1
Lars Scherzberg,0bdbb233-aabc-4fe9-90f5-07542115663b,1
Nicolas Wiese,8ad1d5c9-d6c0-47f9-8eeb-9ce8755c0288,1
Readings from the Lesbian Herstory T-Shirt Archive,3581,1
xxxmacarena,3583,1
Malty Media,1c348cd9-7cd2-488c-9f51-60533d9a5828,1
Joiejoiejoie,fc72b6b9-056a-4c62-b609-fd80d8263481,1
Bangguru,56b32abd-d2d2-4cc5-aa0f-1b3c104772b4,1
Qui,cae30367-e091-4249-bab4-4bf1f7ad8588,1
Clownage,8e0ba922-ced0-4340-b492-e2daef9f3b69,1
Peter Fox Simon,ea672e7c-bcb0-4bdd-a04a-c96d17d26a09,1
Brain Mucus,3671,1
Mike Link,1e99978b-af9e-4993-aa2c-e88952cea775,1
Harvey Taylor,90177b6d-97fc-4a7c-825c-e94ce7f4892c,1
Misery,77649d82-5ce6-43d8-8d5d-935c8da9fa61,1
Phour Trakk,eb08e038-e487-47da-a4ad-9b066b988bcf,1
I'm Dr Buoyant,b4fab81a-1bbc-4f56-aa34-661885c5dc01,1
The Sursiks,afa61568-f17c-4870-b64d-df71b92202d0,1
Sabrina Siegel,53a580a5-999b-4839-a7a0-d52fda8206c4,1
Sculpture,eba0c03d-3f71-4c80-ae9b-8b6ffc4f6a31,1
Marc Sarrazy,840c2a8c-d361-439e-a37d-621d4a712b21,1
Cria Cuervos,3852,1
Nora O'Connor,57e196a0-fc37-422e-9f3b-d3a5783cc91f,1
Neal Pollack,2234bf9c-ab97-4ade-b5da-8d4b2aae84c1,1
Otto von Schirach,1f3b044c-8671-4958-ac9f-96e61d5341b2,1
Deus ex Machina,e00ef762-997c-4daa-bebe-234975965061,1
Dan Crary,f23a6a02-0ae8-408a-8ecf-61a90f8d49a0,1
Ambienteer,6310de72-0aee-4cd2-9769-ef1f8a315728,1
Psychic TV / PTV3,14c5a3a3-f5ed-4978-99af-486010e3a007,1
MM,af289d3c-5e5d-4fea-b6c1-be5f70e49d71,1
The Stevenson Ranch Davidians,66971595-26d0-43ea-8d36-7961b1f26992,1
Lower Heaven,e1a9e2ae-5b64-4891-bb4d-1283f30519f4,1
The Left Outsides,df9a3662-973a-48e5-b89e-360fa913dc3a,1
Nigel Richards,faacf9b0-dcdc-4305-90ab-a9315a363711,1
Someone Else,1c221361-a145-4b27-9d55-9c0346969d5f,1
Lance Harrison,5c415e28-fb98-4897-b078-c21779174cfd,1
Eric Leonardson and Yasuhiro Otano,4244,1
Ian Epps,b06a5f65-14d6-46b3-a49b-90a5073591bf,1
Rosenberg Skronktet,4256,1
Silica Gel,4328,1
Bennoune,4330,1
The Holy Modal Rounders,9caa5639-5037-4e45-bace-ebb992331a0c,1
Totem>,4305,1
Bob James Trio,9536a0bc-15f1-4bf7-8005-19102bdd4b67,1
Christopher Joel,3518405a-96e7-4c3f-844c-69dfaa8c5063,1
Helge Hiller,e03ec044-10b9-4091-a4f3-e308fd9c7eb7,1
Les Eves Nouvelles,a876fc53-7c6c-4f23-b49a-5579406b540d,1
Byron G Hall,4520,1
Invincible Quartet,4530,1
Samuel Segal,4533,1
Lo Ka Ping,b0ad486a-a608-4163-8cf9-2fd980b3cc61,1
Feodor Chaliapin,4525,1
The Virginians,21794767-b152-49df-b469-750b7150db04,1
Total System Failure,4436,1
Escha,c5df7308-8419-4321-938b-5e10a8bd4bbe,1
Leo Sirota,d94fa163-90b0-450d-9abc-de462b63a081,1
Liminal Spaces,4653,1
The Har You Percussion Group,708b8dd2-d9b7-4a7e-a2eb-453a86e9267f,1
Madeleine de Valmalète,a6ffdf02-e80c-44b2-bacc-edd661e3ffc1,1
DJ Daan Jansen,a88bae93-8fdf-41ea-ab2d-3bf607937385,1
The Sewing Circle,f692c610-733f-4936-a575-c15d40a59456,1
Det,85c7e797-de52-4f11-9ee6-be4621f4ca5d,1
Jan Marcel and the Dutch Birds,99af73ec-3b1f-4296-91d5-712edd44c534,1
Sally Hamlin,4953,1
Mrs. Hardin Burley,4959,1
Paul Whiteman and His Orchestra,03ade0b4-4d20-40d5-a2ac-71c832ec5c39,1
Diabetela,4967,1
Gaida Hinnawi,4968,1
HILOTRONS,08fadbbd-6c45-4d4b-8f34-4f402467daf1,1
Andrew Vincent,eecc0393-24ea-4e54-9ace-1ca4491fcf0a,1
Lasses White Minstrel Company with Al Bernard,4944,1
Handy's Orchestra,c5adceaa-24da-4c9e-abcf-34605958bbe6,1
Ebony Emperors,4938,1
Gato Loca de Bajo,5006,1
Les Enfants Sauvages,a49bdb3e-b492-479f-b632-5af0dd5f4060,1
Alaskas,6f951603-cbd7-4552-a0c1-e2a00de0299c,1
Billy Van,5233,1
Handys Orchestra,c5adceaa-24da-4c9e-abcf-34605958bbe6,1
Alma Gluck,c52f7dab-6e10-4b32-9afe-d694e860c95f,1
Neapolitan Trio,5254,1
Paul Whiteman And His Ambassador Orchestra,5255,1
Nels Cline,afa7b889-c499-4194-9367-7b80c9f88325,1
The Lowdown,f463aa9a-1904-4674-ac8e-bfb2a5f2e696,1
Niagara Falls,65359067-d8c1-4024-9887-162eb9541ffe,1
Sydney Wayser,8debdc15-f03b-464a-8ce2-0519198cefe7,1
Hope Anchor,5332,1
Florie Ford,5339,1
Jay Laurier,d600ffe0-e1fd-49c5-b737-55df31ce46d7,1
Robert Nash,5346,1
Joe Hayman,5394,1
Six Brown Brothers,70d3a093-0293-4a42-9763-ec3e0e9057c8,1
Venetian Trio,5481,1
Arthur Pryor's Band,dda7060e-7d42-4284-9afc-b9f24a00c1ae,1
Bob Bellerue,24efabe6-06b0-4302-b73b-891322928629,1
Orquestra Internationale,5546,1
atoa,5569,1
Pat Chilla The Beat Gorilla,d50c7d72-ba9e-4889-84cf-0f0ad5eca637,1
Omni Vista,5573,1
MC Ina,1ae4ba3b-ecc5-4e76-8c21-fa34ea059043,1
"Kobayashii, Breda and Woo",ac2fa572-14de-4a95-89ca-69abfbccc1a2,1
Green.Means.Love,e61a986a-14bd-4588-8d1d-89541b62d9c3,1
Säwe,18003d34-0166-44e3-aed4-e334b3b8631b,1
Gangpol & Mit,2bd1f85a-a4c5-4161-85be-db11421323a3,1
Airships,c42d2b7c-c376-41db-8666-4cc14d254d29,1
Oxygenfad,caa51b5c-7a9f-43ca-a6b3-9ee1955a479f,1
Poor Jiffy,d7933746-44c4-4518-ba81-8056b42d7c11,1
Psy-Sci,17a916ed-d2d5-41c5-a44d-d2a09ff39c43,1
Ceschi,08ebf7c2-f65c-4d85-b746-1a926c36393d,1
12 bit murder,5672,1
Nimrod,5678,1
Fluxus Interpretations,5692,1
Broken Deer,bcebb231-9abb-4b30-8120-6b234c3be64f,1
Mika Vanhanen and the Pataluoto Children's Choir,5697,1
Ken Hamm,6e39d8c7-8397-4721-824c-93da0ccc9442,1
Brian Brigden,e6e43480-4fd2-4aaf-bca3-0af61b6d0002,1
Crimson Curtain,5724,1
Crypt Sisters,5726,1
Ruairi Lazers,3b212500-0b7a-40f3-aa78-32be60a56e43,1
dgoHn,6936056e-07d4-4505-a558-c9901da38d9d,1
Zephyr Nova,e9b6b41e-bb52-40d3-abaf-bd2362269444,1
Greg Kelley,f6df6e22-e00d-4618-9022-81e7584c6515,1
ONOMATOPEEE,b0f9600c-16a9-4e6b-9148-8e8ce791fdca,1
Hellvete,fac3d5ed-4cd4-453b-8a6e-b5319fcadb2a,1
Andulus,5857,1
Nest,3661,1
Métal Rouge,790c89eb-f027-4335-836c-bb9e5aa76018,1
Haggis Rising,63f5d643-9ddd-4027-859e-f963075312df,1
uncuT,7967d456-2ea3-498e-8905-fe326999896d,1
Novel 23,ca2c4306-f7d6-4616-ab7d-78860276eb63,1
Elpa,01d098de-94b0-445f-877e-e22249e8e6fb,1
h.h.t.p.,56676748-cb8d-458b-beef-ad5b701ba3e7,1
Brompton's Cocktail,4384d61d-dc3a-4b87-881e-86a62f9400fe,1
forge.one,d87ad710-b7bc-4275-818d-934dd65a8f71,1
KaeoFLUX,209086dc-694f-4cb7-b432-a549f6f13911,1
Dr. Arctic,5958,1
Sean Fournier,5b743cb3-e436-41a9-b0b9-1492ce5bea3e,1
Edmondez/D'Silva (2),2370,1
Contradiction,57,1
M. Nguyen Van Minh‐con,7f5d07b9-a690-44d0-b155-b4fa00c7f71c,1
Magic Lantern,0d8e83e6-8039-4a72-9a32-a8d7ebeef5f7,1
luc,348,1
Cherilenairin,e3f3966c-1121-4172-8e2d-23351ab952a8,1
John Graham,3432705c-f1ee-454b-9df9-380c91e50b9c,1
xplanet and bethx,7d25ac3f-661d-4c29-b992-5693ec5d04e8,1
Nynack,8626c322-73a8-495a-aad9-141fadb68468,1
Scratch My Nose,8e1ee0ea-92e9-401c-9c55-8ed91c33be38,1
huang ruo,02b31d52-231f-4d94-a4f2-540430808f42,1
Hot Guts,51707cfd-b0e4-4ee7-98be-f2a0450ff226,1
Ukrainska Orchestra Pawla Humeniuka,00dbd48d-b847-4f30-8c15-d6cb50d8c455,1
Eugen d'Albert,8ffe6384-503b-42c3-bd1e-88aba0918fe2,1
The Notes & Scratches,7e4ee9bc-20d3-40bd-b5bd-99936a077926,1
George Stehl,7817fcee-fcf1-4cad-a38c-d3042e286e9b,1
Crescent Trio,34844a54-12d1-48a5-8f1a-4ff2d6af12ab,1
Un Ciego,b3d73db8-7ba1-4528-984c-526316a4f406,1
Ionic26,c6cd5662-d793-43ec-a05a-41dfc41b37c2,1
Nals Goring,8dac41cf-778c-40d6-b46e-24f1db15e905,1
Hans Kronold,1bc6e924-44a2-4ccd-8ed4-5e635951651b,1
Afternoon Penis,00b99e40-7105-437c-9051-b657c7533a55,1
Joseph A. Phillips,0da20075-27f3-49f6-ba48-c5784d1cf255,1
Michael Sandler,86642dcb-745b-4750-9b15-e9153cdbae83,1
Antanas Kucinskas,720a734b-d82f-4c9d-82f8-b89e007e0fb3,1
Jojo Lasalle,16a81b19-a32a-4108-94c9-87f561482a04,1
Zuerichten,7e479463-9502-407f-b57d-93fba0754273,1
Kiraly Erno,a6a95b4c-ef78-43e1-8a1f-d0bada6f903b,1
Jabladav,78367452-108f-42d3-a306-ea9c4782d18d,1
Broadway Quartette,0be62ee5-b96a-4ce0-bb9d-6985570d1207,1
Faast Tykoon,9d1d9780-207f-49aa-98ef-7cb08c3f8da6,1
Ariel Pink,5882e375-503f-4bd2-89b1-967e0bfcb199,1
Zaika,046d80be-e656-49c8-8c3b-6304ba9702b1,1
Micah Blue Smaldone,1e7c0f40-fc43-413e-8e48-1a71a79dbb80,1
F. J. Bacon,1663,1
Polk Miller's Old South Quartette,06275639-7cd6-40dc-b374-0cba100b330c,1
Selma Kurz,1734404e-3403-45fa-8529-2d68c7bbd081,1
Rev. Madison Clinton Peters and the Edison Mixed Quartet,1682,1
Helen Clark and Billy Murray,1683,1
J. Philips,b33e98b3-7fb8-4685-9de9-0dc62639ef77,1
Helen Clarke,e5adc8c5-91e3-4bf5-ac01-3785413c7f82,1
Max Tundra,5041fa92-55f8-4bcc-8021-3d0c876ab795,1
Coach Whips,52b51b53-2c40-4091-b5db-022d3803c7b8,1
Don Augusto,81c0f4b4-35d0-422f-9341-a8b6865bde66,1
ABC Radio National,1830,1
Nick Hennies,b08b6601-a9bb-49bb-a8ea-83a3c2614188,1
MV + EE and Willie Lane,16207,1
Clover w/ Mahi Mahi Tones,7,1
Wallmart,1a1f8bb2-5958-4ae9-b357-12acd8edc355,1
MC Casey,36,1
Dyad Yellow Swans,29211ed2-d9be-4098-8185-0982ee0d5478,1
Andreas Bick,83b5445d-5b74-4fcc-82d3-a890a696e042,1
Annie Goh,2136,1
Chrissy Murderbot,3d01fe19-43a5-4ab7-b2c5-4d78038b9a0e,1
Eriksolo MMC,2145,1
i11even,2152,1
Markus Hofko,2161,1
Paul Rosales,2170,1
Rick Potts,70d9dbbf-a712-4e09-a99a-99f82faa9027,1
Nudge,2211,1
Number,d28b6c89-5908-443d-8fb8-16f6a0e5d3f3,1
"Quinn Walker, Rio en Medio & Avocet",4805,1
mono/poly,2233,1
Graphic Recliner,2277,1
Briz,2279,1
Erlend Oye,2241,1
smgsap,2239,1
Charles Crawford Gorst,2375,1
Walter Van Brunt,41ece458-7532-4b42-876f-d388545551d2,1
Knickerbocker Quartet,ed5cf56e-53c7-40d9-93d3-255c2ddf1e36,1
Aviv Mark,aa713b3a-a34b-4895-bfd5-359699438d81,1
Israel Philharmonic Orchestra,c8a88cc7-c93e-42b5-ba29-68859b5716e3,1
BondiNedHansel,2421,1
Coffin Cadilac,2422,1
Eugene C. Rose and George Rubel,2481,1
Marc Israel,24,1
Eric Lyon,a9964cd1-e3fe-47ea-b93b-077271b5f884,1
Question Mark,2516,1
Melt‐Banana,6d3f44c3-132d-42a6-a45b-16560b30a1fc,1
Sports bra,2583,1
Flash Mustache,2584,1
Faxed Head,8ae8bf8e-155f-407d-aa93-5eb376ecb0ae,1
mudboy- Dark Dark Dark,2614,1
Rupert Falsch,bb3a83d2-19f7-40cd-927a-799cb598acde,1
Audible Intelligence,83c14226-6be8-4f59-88c2-d793f5048282,1
-mUsiC kOMite-,debb7585-96ad-4139-b123-2390d06ccdef,1
David Byrne,d4659efb-b8eb-4f03-95e9-f69ce35967a9,1
Gilberto Gil,cf6b70f6-2616-481c-912c-0263cabfc974,1
Adolph Gluck,2929,1
The Blacks And The Blues,3023,1
Satanized,3013,1
Fun Dogs,3016,1
The Vicious,3059,1
AS-Potiront,f7289996-8e9b-457a-b0f4-4f7d1222bdc8,1
B.R.A.M.,3153,1
weyou,3152,1
lydsod,3187,1
Heather Perkins,228e6325-68e6-4985-b9ff-e53ccbc5d2a0,1
Fur Fur,3266,1
Geiger Retort,3268,1
Holy Slouch,3271,1
Kid Infinity,789930e6-83e5-494e-b0e9-82d010973478,1
Kyle H. Mabson,3278,1
Lee Noble,6441565d-79b0-451e-9fe0-b7b15bb53fa8,1
Robert Inhuman,ff4bf62a-c2d9-493b-b17f-4a420265c0ef,1
tik///tik,9de1c32d-426a-42c3-89b4-87122aa28f9a,1
Tussle,3292,1
Vankmen,4e981646-d91d-42c1-a02a-61c3b2bc1117,1
Two 2 Tango,3293,1
Blink,d4d204d1-1ba8-444c-9b04-45b9c0872af8,1
Goo Goo Cluster,52edf4b0-c408-43cf-971b-d1686314bf18,1
Georgia,5d79ccb8-f8f7-4a28-ad2d-612f8db0125b,1
Men in Route,f684fd0e-65e7-45f7-99e6-570ba96e077d,1
D-84,3477,1
Doug Haning Quartet,3406,1
Roger McGuinn & Barry McGuire,3441,1
Benzolnye Mertvecy,350600d5-2eae-42f9-bd4b-f93384a53814,1
Populaere Mechanik,d5deb833-8505-4f04-86dc-864b737356ea,1
Outward Bound,0072d5ac-8035-4319-8d80-97db6e260457,1
Jungfrauenjoch,f52e3b9b-0a5f-4337-a746-b2e6e72a7f50,1
konstruKt,f99a712a-4cf9-4402-9740-5652255e174c,1
Big Jip,48cff895-5ba2-41c7-ab18-32139e7449fc,1
No School,e2922f28-629e-417d-9d34-7e0b09cb906d,1
Christophe De Bezenac,f9f581c2-0fab-4a89-84d9-53a5693a02e3,1
Professor Dwaram Venkataswami Naidu,3551,1
Charles Péguri,f012b2a2-e4e7-4670-ab99-75bf982b64ab,1
Schaua,5e92a55e-d130-4614-b48f-d333943a29b2,1
Slob82,3626,1
Irreversíveis,93734e34-33b9-4999-be8f-474ace541e29,1
Morad Stars,b3d19c97-5511-4b9d-99f6-a1543d4b9ba9,1
HYPE,1094561f-9e42-4785-a9ce-12bf58a5770d,1
Baster,aa917368-6c89-4dfb-8330-886da767c506,1
mindthings,a125e4c7-a6c0-4614-abb4-175915e05869,1
Final Fantasy,6d394418-a565-4c16-9dec-f5a89e213cde,1
Marissa Magic,5b0eca14-92c7-4cbc-8a64-fec5c45f6566,1
Beeping Sleuty,9b5d2d3f-9b28-49bb-813d-7a217a5e3c02,1
BCO Women's Auxiliary,3693,1
Lucas CK,5822a9d1-0bc8-444d-9dc7-c40beae07e2c,1
Dirge,f65dd333-661f-46cd-815a-574910e1823d,1
Bersarin Quartett,f8a71980-e810-4702-9de7-be9e8f347ce8,1
L'Onomatopeur,768b5ae3-3752-474e-b9e9-cdf8c05a0a17,1
Levi,78323789-5b52-4917-a552-63cff0e84180,1
Youthmansteppa,22ac7915-9667-4aaa-b1a2-edc0ace4658b,1
Patchwork on the Blues,896ee897-2623-4b0c-bec5-94186d3f3782,1
Pablie,9fb9e4a5-b231-4722-a247-86e57c9cd852,1
Dick El Demasiado,bcae5c21-1976-4350-8bf9-567975e2d5b4,1
Oxbow,1107,1
Breez Evahflowin,d1169fa7-77ec-4b68-82cc-603234249478,1
Swave Sevah,2eb4fdfc-e660-4c0c-bd13-a2d85d062e91,1
Mimesys,9da0cd01-83aa-4038-98d0-8b859076a364,1
Joao Filipe,1663031b-4087-408a-9931-0bf9c04c9519,1
Pleasure-Drenching Improvers,6a4170e7-e556-4750-9dd6-fceee7fc34a3,1
Henry Krutzen,627dbf87-1ecd-4740-807a-096b73c157ca,1
Giustino Di Gregorio,f20a0023-1cc9-46a0-8abb-125665eebfbc,1
Tranko,9b8679c3-fe14-43b2-b9bd-fcb1db8ccbeb,1
Foghorn Stringband,876b8492-0875-4b76-a375-12ec2b47d50a,1
Milton Cross,3851,1
Rudy Trubitt,f3b845bc-9c15-4a22-8c48-50f6ec9be6a9,1
J.S. Bach,6b732628-78a1-4245-874a-5b60986b4309,1
Peter Lograsso,bf2870ba-f9ad-436f-b4e0-db50674a43e6,1
The Handsome Family,195ddaa1-f1e4-4960-a107-58d26cb058a2,1
The Rock*A*Teens,73bd4796-52c3-4f08-b9d0-f9c6a4511288,1
The Cornell Hurd Band,cc5341fc-1e43-42a0-830f-21a23d0a5ea3,1
Andre Williams,e56a7641-f03e-43b9-b91b-052e2321653b,1
2 Star Tabernacle,8b456736-fe99-4d33-ac69-cd267ee97b97,1
Jay Farrar,2d50057a-5541-4b1a-990d-92d3698e7ba5,1
Keinzweiter,020a53d6-f044-46e9-b85e-d54386918a89,1
I.T. [Infinito / Thaione Davis],3945,1
Dead Air Fresheners,9f946769-d6e2-4bb6-8348-fdd2247f4715,1
Riprap,82df3494-4d4a-445e-99dd-ecd045e3619d,1
Martynas Bialobzeskis,fc542026-16e4-4379-aa85-d2d683a7e964,1
Jonas Jurkunas,6a9b9f7d-03fa-4908-b33e-3f2b2f4165f3,1
Brian Joseph Davis and Steve Kado,4038,1
set table live @ zimmer,4044,1
We vs. Death,e61afe5f-cc42-4a17-b88e-41683225c360,1
team9,db717be2-08ab-4b78-b08e-2eafbd917aaf,1
Curt Smith,98c0eed5-5a33-4cc8-b785-9fa26db868ab,1
Jitney,b3c53405-494e-4344-9a29-7186d5b54213,1
Must Have Been Tokyo,2342b231-7bf7-4aa0-84dd-220dfad02d3d,1
Sie,dcced738-fa49-45cc-ba48-55d7a98f3d24,1
Digital Cait Sith,513639a5-4d64-42bf-b4b0-a58b5f93b6a8,1
Nintenboys,628fdfcd-c63a-4843-b5d5-0f56fa066ecb,1
Constipation Man,ac6fe30f-7488-43ce-9ed4-bd4e606dd019,1
Pandotrix!,952d8ef3-14db-46c0-b0a5-89a82c44a70b,1
Amiga Agia,b91e5f17-5898-41b6-9850-a7fe54512d0c,1
Vietnam Cowboy,cc1d3ace-3041-4ac9-82cf-21b6f9e6244d,1
king britt presents scuba,4134,1
Craig McWhinney,2f1e26b1-ab7f-4e36-a52c-df19255421b7,1
Squadra Omega,f9b21735-01ef-4a90-b63e-678dffb1f218,1
John King & Stephan Moore,4189,1
Climax Golden Twins,a8ea36e9-8aa6-4563-8bec-335663198c50,1
James Fei,969580f2-6be3-44c2-a83e-ace5dc8f0958,1
Ernst Karel,1048af8c-e578-404e-8e42-a236e3289b41,1
Brent Gutzeit,a67edb19-5669-4c41-b8b8-d88df641f1d7,1
Jason Soliday,632b7f3b-405b-4c9b-9b0d-5a7816eb2ede,1
TV Pow,9026f1eb-7d98-4435-96d7-05d5845c41b3,1
Veena Kinhal,4288,1
Jim Lee,4334,1
Lindha Kallerdahl,49c16ffe-00bc-4840-8d71-afd9add71590,1
Yximalloo,e8dfd963-cac2-48ec-af8f-d2ea80134185,1
Vladimir Sofronitsky,4391,1
Driven Like the Snow,4396,1
Kinley Caliper,cefae718-7c80-47fb-af6f-a9fad8776f84,1
TROY,45b1b0f4-025e-4b07-b1d9-fc87ad95b647,1
Stefan van den Hout,92a23537-4017-4bd5-9272-1fb823f3ebe9,1
Charles Tournemire,339496dc-9054-4984-8f8d-673647c8afe3,1
Es,5dbb0ed8-e78f-4b5b-aaee-3c654596757e,1
Leola B. Wilson,f7ba4c94-1307-4dd1-9ae7-70fc6de6e113,1
Blind Blake,437af2e8-28cf-438a-b6dd-7809071b8694,1
Ovil Bianca,58bb2d5e-e2f4-4dd0-a323-3c38f67972b7,1
Daina Dieva,a40e2281-c737-4efa-8545-6dfc0d7fe5dd,1
Svart1,dfa691a0-48a3-4850-aa73-4211b66179fc,1
Jaudas Society Orchestra,3bafe6d8-7375-4a68-81df-0f363efea2f7,1
Eddie Cantor,0e04e04c-bdfe-4a0e-a311-a2190bd6d72c,1
Nora Bayes,a80c921e-32e1-4387-b427-d9bbb4bf7915,1
Jan Van Den Dobbelsteen,46b079a6-e34c-4d6c-9810-068a29a84def,1
Donny Hue and the Colors,8fe5b232-4ae9-4425-9038-f00547f24441,1
Lanark,a1b4929b-263d-4d81-b10b-b8c5dec54ba8,1
Residuum,7d4c2e78-e2f0-4eac-8706-6299afff80ae,1
Family Perez-Hita,81f95156-07e6-4285-a6f5-c83e952342bb,1
Alan Licht,3a012693-32a3-48a6-ad1e-dac7f71f60a9,1
Cromagnon,885339b2-3213-41c0-ad0d-c0e7348ffe42,1
Mieczyslaw Horszowski,4668,1
Brother Truck,4682,1
Blue Dew,e82d0d36-dd69-4bd1-b8f8-7572c24aa89f,1
JJ,4755,1
DJ Ilya Monosov & the 21st Century Punks,4786,1
Arnold Rosé,9335864a-78fa-4029-8bdb-24b176b7d508,1
Luke Dubois and Mivos Quartet,4593,1
Gasman,3a0716ac-9425-4f33-9f7f-96acfb9d4932,1
JW Meyers,36f9414b-fa0b-4475-909b-7645f94a1d38,1
Selvin's Novelty Orchestra,10acea0d-7058-4748-9610-4886457f9c18,1
Tim Brymn and His Black Devils Orchestra,4950,1
sportsman's paradise,4996,1
"If, Bwana and Michael Peters",1469,1
Irving and Jack Kaufman,4503,1
My Moon Boots,2778806d-9cb8-4840-bf21-1335e4f806d1,1
Navel Gazer,5158,1
The Press Fire!,5154,1
What Have The Unborn Done For Us?,5153,1
Zombience,5151,1
Mark Denardo,9eedc080-e595-4134-b6b0-974f4b8d1b65,1
Auto-Pilot,0590128b-5864-4c7f-93ef-3714594ab9f7,1
Nobara Hayakawa,0437967f-93b7-4042-97a0-c777b3171008,1
Bernardo Di Pace and Nino Di Pace,5232,1
Dr Clarence Penny,5244,1
Autumn Shade,8557fce7-2e3f-436b-8be0-f2811171618a,1
Landing,c679a80a-8f33-46cb-8393-37217b73aa17,1
Marco Cappelli,11b2415f-ee02-4481-9a2d-e01d4e5b1a00,1
Vocokesh,2461402d-950d-4992-a5ae-8ae9efd938c1,1
Jawbone,5325,1
Harry Fay,50b26504-4ed5-48d0-bead-c3890efe9be8,1
Henry Fay,5358,1
Zona Vevey,5364,1
Miss Patricola,2196c9da-796c-4f0d-a0cb-b61bffb98283,1
Gallagher and Shean,5373,1
Atlantic City Orchestra,5375,1
G.H. Elliot,5350,1
George Formby,7411387d-f6a2-48fb-9ada-75fd524e5b6a,1
Harry Lauder,b51f17ae-1405-46e0-95cb-b31252bb4355,1
Victor Orchestra,5385,1
M.J. OConnell,5400,1
The Columbia Orchestra,5399,1
Blistrap,5320,1
Brownout,c7c1b94b-92d6-4ffb-bc53-949e24d8b858,1
Bert Harvey,5473,1
Frank Wilson,5478,1
Shannon Four,950e99d6-98ad-478f-a1ac-4f5709753552,1
Hackel-Berge Orchestra,4dc55aaa-eccd-4af6-b805-79b3696ec51c,1
Shmuel!,fb9d93ac-8b55-4dd8-878c-0852374be4cb,1
Atomic Orchestra,46a910fa-e512-4ed4-8d90-ef831d8baae5,1
Gustav Ruppke,b4f76788-7e6f-41b7-ac7b-dfb67f66282e,1
Beneva vs. Clark Nova,1d9e06b0-3c38-4955-8444-cf2cb52c33c5,1
Ricky (Rabbit),64760cd7-a20f-4d12-a362-02556d202d47,1
Bebe del Banco,e5fd3e80-e339-4ba3-9717-0041d59926e2,1
Ghost Bees,7e636b7d-59c8-49bf-a481-54617220c6e3,1
Noventa,ed92e465-2d0e-4944-8122-6a378a4125ae,1
Bad Uncle,cc5e87d2-4f11-42e9-8b73-0d9ceb80d6b4,1
Rafter,ad4889d5-3979-4fe4-a8fe-ee0971ed5327,1
The Real Tuesday Weld,df33b7ec-1293-473b-b582-29d2c2514cc6,1
Dooderonomy,a6bb4d24-ab70-41f7-b1a7-32a2bf1196cb,1
The Wedding Song,5713,1
Natalie Germann,9fb04b82-487a-49e2-8e3b-e3097bff31d8,1
The Watchers,87f34456-b8d9-44cf-ad78-ea928535dbc8,1
M. Patuluci,5727,1
Såwe,9fd11d7f-1c65-4f42-9bf3-52a11fd39c4a,1
Secret Mommy,bf2d56af-0e4c-4281-b6e9-a913a26d00e8,1
Venetian Snares,56abaa47-0101-463b-b37e-e961136fec39,1
The Flashbulb,24786816-025f-49f4-9787-4945a3311f96,1
Pearl Taylor's Grandbaby,810e1c76-9911-4796-b21a-b52df04d7162,1
K.I.D.L.I.B,5856,1
M-Halo,2dcd471b-5fd4-40a3-a1f4-ac7dd9ece044,1
James Apollo,bba63da7-ff2f-4664-be8f-bd21545d7d71,1
KLUtCh,e816d41f-7f5f-4753-83f2-b1f71df09a3a,1
Ambidextrous,84488abe-7397-411c-be2d-69a0818bbdae,1
Oloolo,618ea19e-d68a-47b2-aa44-a3675e0048b0,1
Dylan Going,5941,1
Maxi J,c5aea6b9-9f09-4a72-b869-1bda8719bb76,1
003Labs,5957,1
iwerks,5960,1
Sudio,1a5799d4-0309-4bcd-bdd2-ea1822c6961c,1
The Grammar Club,78666295-acff-45b1-9f10-f3e5482eda3d,1
Emmy Curl,b620b791-da8f-484a-bf92-6ecfef3f1607,1
Kevin Shields & Brian Miller,179,1
Lexie Mountain,67c7c869-4754-40b5-8602-adc37a5b6a8c,1
Patrick J. Touhey,182e9bcf-53a6-42d3-b97e-9bb190851569,1
Necropolis,4487846d-f6ab-469a-b5cf-e040a82084ec,1
Strapping Field Hands,935f346b-edf8-4144-90c1-b5c77f48baa1,1
Traveling Bell,310,1
Vulcanus 68 w/D.Smith,323,1
White Mice,5da7f2f6-9d0d-405e-bf02-248460c94d04,1
Weirdo Begeirdo,21e0bef0-2eec-430d-ad3d-0f50ba169b4d,1
Poli Styrene Jass Band,9a08f176-7f41-4ada-88df-1ddba77b06ce,1
Eric Eckhart plus Salonband,16625,1
Rom-Com,01f6ba89-8ec6-461b-bffa-ea58d31ad6b5,1
Ai Aso,98777614-2abd-4518-8631-a2bdac185442,1
Au,66,1
FM3,f9f1f312-4d11-45e8-82c0-bf303d398bcc,1
The Bristles,fd167d53-3237-4e5b-8d09-92410942e770,1
Adam Strang,4fd4bc19-5acc-439c-84ac-a6334c009b9a,1
Matt Darriau Paradox Trio,e9985fe1-2309-4e27-bb06-c1252c8bdb2f,1
Theodosii Spassov,928c6a6d-28c3-4b08-b43e-d9c65cc27524,1
Robert Lippok and Beatrice Martini,1886,1
In the Doorway,fca29e18-cc24-4751-bbc1-66e141134497,1
Retard Riot,13,1
Dirty White Boy,120,1
Michael,206,1
Peace Fancy Fancy,40,1
The Ingoglia,47,1
The Heavy Eights,374e904d-21c9-466e-9188-cdc4aada1e89,1
Andres Renteria,0258881f-0d8c-4da8-887a-3dfd26b588b2,1
Bracken,2138,1
Britt Benjamin,2139,1
Fulgeance,c716d526-66ce-4556-a22b-a883f0cbdec8,1
Hrishikesh Hirway,59aaf5d2-60b9-4986-b3ba-0b8a77017c25,1
Kir Royal,062e87bd-9868-4666-b6fc-5df3d3d9c83d,1
Mike Richardson Esq.,2163,1
Ricky Dollars,2174,1
Count Bass D,18c9e1ac-840d-4d30-86a0-16b2f608b20f,1
Au (with the Paranthetical Girls),2229,1
Mountain Party,2220,1
Xiu Xiu w/ Kristin Hersh,2271,1
Keith Kawaii,148b1205-c189-4034-ad4f-5d594693eea4,1
Skin O. Daayba,2282,1
Old Time Relijun,91768977-a6ba-4ccf-a82c-7601dee71ee8,1
zach layton,2315,1
Darius Jones,,1
Maurice Burkhart,1b1073a5-8e42-4d16-b3b8-6feee9c4a1c6,1
Dubyouth Soundsystem,2419,1
Hengky Strawberry,2420,1
Sickboy,5e1c5429-e483-4e0d-9f46-ff14477f628c,1
Mr. California,22,1
Robin Amer,25,1
Prong Horned Fawn,30,1
Thomas Dimuzio & Michael T. Jackson,2475,1
Eric Kuhlmann,2511,1
Funky Terrorists,7728b4ef-95ed-405a-9e84-6f2257c8cee6,1
The Poo Touchers,2581,1
St Crustacean,2589,1
Stapleton Brothers,2602,1
OORUTAICHI,8e3ef466-e702-44ae-a057-d8e9a1b95798,1
Sam Hill,60c1df08-9f4e-499b-8161-546f528a02ac,1
Julio J. Martínez Oyanguren,2863,1
Black Band Coal Company,e28307b9-be06-456a-9abd-030942705943,1
Spoon,84eac621-1c5a-49a1-9500-555099c6e184,1
Thievery Corporation,a505bb48-ad65-4af4-ae47-29149715bff9,1
Philadelphia,3025,1
Ecstatic Sunshine,d193d0cb-58ae-4487-be22-6a19f07cb010,1
Women,3017,1
Talk Me Off,71eb46b5-cd8b-4b94-91a9-2423db8efa4f,1
Never Healed,9a8bb4f4-99f8-4ba3-8d53-250df61c1404,1
Talib Kweli,bb3cbea2-5ad4-4917-bc84-8a1975d40315,1
Dream Kids,3151,1
Obi Best,96edc7ac-733e-45f2-9460-5ec8fdb41abe,1
Coehn und Foehrb,a52ba7ad-a30a-4564-ad20-78311dda9d71,1
Bio Bitch,3260,1
Brian Lewis Saunders,3262,1
Laco$te,e3455d49-6010-4434-9972-9ab8478cfced,1
Lemon,aab4c5e5-bc31-4d82-b2b3-b9f97af32981,1
Staiff featuring Klub,3390,1
MC Jack in the Box,1ff8bbc8-ad2e-4fdc-b999-0a87923dd09c,1
V-Trap,4a0c8c9f-b981-4c73-9203-5728e0c1741a,1
S.R Woodward,e1ab965e-5f2d-499f-9969-a503487f7d7c,1
Brigitte Bijoux,4b10f705-a6ff-4e84-9d6d-683f571660b3,1
Eternal Tapestry,d7043199-bfd1-4866-9a58-cb1537a8a01a,1
Imra,245ffc74-7f92-48d5-a0aa-322c7816ac36,1
Strings of Consciousness,d5ddd03c-d606-47b3-af5f-4ee6d07a3260,1
Cédric Piromalli,7fe80c24-3ca9-4f01-a624-afbc7ec52d31,1
TMK,2b4a9082-9093-47f5-82e8-9a8a44d99e7c,1
Goat,726e07fc-c55a-4adc-8dc4-c7a7d3cb2a3c,1
Nagami Yukitaka,01d51c9d-a3ab-4a4b-84b1-8bb0252adaeb,1
Oli Mayne,83ea8731-e4e2-4c2d-95be-50d5b2e7c8bc,1
Noel Taylor,8459eff8-f427-4be1-b2cd-1eaaac143d18,1
James O'Sullivan,57a62d70-7507-4827-92b2-6949803e1f99,1
Yuri Yaremchuk,23fec618-9d78-496a-aa3e-574bd9024152,1
Kostas Gus Gadinis,3563,1
Giovanni Vicari,3568,1
Protestant Work Ethic,9d0d5e5d-7041-4716-a7a5-8e0108c9a127,1
Jammin*Inc,368df096-12f6-43b5-a08b-cafcedae6a3b,1
First,aa11a907-46a3-4240-8b19-1f4ea512cc97,1
pornophonique,e4fbadb7-77ea-4bf3-96eb-8d1455298397,1
My First Trumpet,7775be29-5800-447c-9898-72c95d852013,1
Sebastián Kramer,63f1bb7f-0691-4c82-a2dc-51fe91d58534,1
Earl Grey and The Legomen,38574b3f-18a1-42f4-a15c-6feba57a8480,1
Jan von Grafenstein,9b59d507-f6da-4a2a-a1b8-7e99c9e205a4,1
Troupe,c565b380-7d99-437d-ba06-aaaf659f98f8,1
Il maniscalco maldestro,c05258b1-b054-4d95-b86a-51750ca8f8cd,1
Associated Press,a087ed22-2b4f-4b49-a958-343d50ddaad7,1
Blakk Sweat,85,1
Paid in Puke,28e976a8-724f-46a5-9cee-2c9e3edf9255,1
Leah Peah,05423be6-1d46-4dcc-a004-f2cf878d8320,1
Froghat and Sofaqueen,293f27b0-dbeb-4a96-8b7a-8187afe28c81,1
Hot Lava,e5cbf652-9ac1-4208-bc71-ce64ac44d598,1
Bonnie Mercer,2c8bd486-4e26-4b7e-8c2d-a794b88ea53e,1
Roaring Aurora,f8d9be7d-93c2-4d43-b8b8-be7663fea67c,1
Rob Hunter,b62513d0-a9c2-4915-ac3c-5b4712fa0ffa,1
STEEP,007e3b64-4fb6-451b-a077-af2245020e67,1
Lucrecia,245f7a1a-b799-40f1-a11a-6b379dbe0fa1,1
BSK,d9bcf2fd-2b4e-47d9-8b34-f66d76bdb369,1
Camp,c022f0f7-5cc4-43e2-bcfe-ba01d75fb31c,1
Aerotrio,a6362b13-a7b7-4393-9088-b2049cf2c8df,1
Projekt Karpaty Magiczne / Magic Carpathians,1148,1
Super Sonic Future,3ad5aea0-9add-4958-a88b-05f5743a5fb7,1
Christopher Hoffman,37773c33-3f46-4bc5-96ba-67195c6cbe74,1
Ilton JN,7260e7ac-e8a3-4b74-a67e-fdf422c0ac12,1
John Ferguson,be4912c0-fb6b-43ac-8b55-50190934b1f3,1
Wormhole,4d0a452c-9851-4f1e-b17c-01c84d6a3211,1
Brian Schorn,2d4bec77-9c40-46d7-a2d5-94ff5809fda1,1
Alissid Jazz,5873baaa-0e35-4cfb-b30f-9795fe874e5b,1
Old Town School Of Folk Music (Various),3846,1
Jen Boyd,3592007e-bc0d-44f4-a102-8ef918d8c857,1
99 Tales,9047b748-f3da-431d-9224-c7dc21bf3c1a,1
Next Life,44ee8e4f-70e5-49cb-852c-4eedf1d063fc,1
Destreza,3922,1
The Cranberry Conspiracy,4ab9c084-568a-4e33-9193-6253e5679fca,1
Fussible,f556ba37-ed78-49a1-b441-b57ef01e2283,1
Pitch Boys,09600507-b0f3-48c3-9fdb-78151af36a16,1
Carlos Giffoni with Okkyung Lee,4027,1
Swampyboy,485ae1bf-43f9-4130-8025-babe222c54b2,1
ChipHydra,59c9d384-678e-48f8-a397-82af592cdf08,1
The December Sound,84ffcb13-9c9b-4921-b1e4-c771f9f86cdf,1
Deacon,44e60eaa-9f0d-483c-b562-177aa941a154,1
Tleilaxu,19c558a3-4651-4591-b6e0-472abc7f24ec,1
Accidentally,b9a65eb4-192e-4a68-aec4-a9dc148e894e,1
Jim Reid,59e8742f-8011-4aa5-84ce-65db3ca1fef1,1
OrErAr,4252,1
Veena Raja Rao and Veena Gopala Rao,4286,1
Gloatdragon,4324,1
The Naked Future,b345468f-2962-4b88-82fa-c721e7cd0ca1,1
Oskar Fried,a0689b23-c541-4108-87e8-3dec96b8387b,1
Shifts,81cf0b62-dabc-4362-bf54-f0a7ad4b5ac9,1
DeathBoy,41491f31-4548-454e-a58d-d2d09547f23d,1
Saskia von Klitzing,929f2215-7fbc-4c29-ac25-621e40941ac9,1
Felix Weingartner,4475,1
Jockers Brothers,4505,1
Edison Vaudeville Company,245690df-70cc-42af-8e59-fdd5ac95beb0,1
Blind Lemon Jefferson,9481010a-db23-469d-87df-b04118850efb,1
J.W. Meyers,4531,1
Jerry King Musser,a4b6d991-ac99-43cc-bef5-32d5ccb6997f,1
Xavi Marx,5b47186e-bac9-46f3-9594-44b46c9f5a93,1
André Marchal,4584,1
Modern Exteriors,7df62008-132c-47cb-a804-37c752b94c77,1
Soul Celtics,45bbe4da-1a44-48d4-92f6-da90a053d2fc,1
DJ Tôh,665020f5-dd63-4788-8646-ff73b806ccd4,1
Toos Ligtenberg,a1096fbc-6cc1-4dbf-aea8-d65c85f232e2,1
DJ Harsman,7563094c-4da6-481f-97de-19e17dccb250,1
Gleb Ivanov,4880,1
IAYD,f6c71a34-4258-415a-9367-9da5eb7714f4,1
Van & Schenck,9dd35133-6f40-48d1-808b-f7c411b2da1f,1
Victor Arden,0291dfbe-d2bf-40b7-a62d-2c95c4701107,1
Phil Ohman,0a1b2caf-6a2e-4690-83e6-37049016f050,1
Mamie Smith,918aef2a-cce5-4747-a0f0-c33a8ec299cb,1
Benson Orchestra of Chicago,17797c2d-bd4c-4fae-9a4d-ead822646991,1
Harry Champion,dea238d0-dbb9-4990-b652-790c0fb40516,1
Guy Maiere and Lee Pattison,4945,1
Gabe Noel,cca04e29-1e00-4903-96a3-48a6a26ebff8,1
Male Nudity,5159,1
Angela Jaeger,49dfd8c0-05a1-441b-9a51-f6d44131805f,1
Burt Shepard,41580d1e-89ad-4096-959e-d002d5edefeb,1
Tom McNaughton,327254ee-59db-4c1c-bb37-9439982c5d16,1
Nonloc,97e42185-bf93-45b0-8b26-0318e7e7fb06,1
Josie Sandler,5360,1
De Wolf Hopper,60c3f017-c8d8-4568-93ad-79e26da298a7,1
Weber and Fields,5374,1
Amilita Galli-Curci,5387,1
Black Face Eddie Ross,3335ec19-456e-4512-b880-380774b82308,1
James I. Lent,aaa7101f-d244-4f91-ba14-27555c21ff43,1
Mamie Smith and Her Jazz Hounds,a33419ce-40d2-4431-9e5e-0ae0918df0dd,1
Catwalk,5421,1
Adeline Francis,5483,1
Robbie Lee,5455,1
Byron Harlan,5542,1
"Hairy Bey ""Oody""",5545,1
Edmund Sullen,5554,1
Ma La Pert,5563,1
KCentric,41d29c60-c7e0-4e65-969d-cfe27661044b,1
Alex077,5574,1
Utabi/Hally,5581,1
Demian clav,d5413a8b-cc15-47ca-b2c6-12fb7e91ea50,1
Èmilie Payeur,288e7406-70bc-4354-b2c8-0c8caea28489,1
Virt,1a054dd8-c5fa-40b6-9397-61c26b0185d4,1
Ernest Gonzales,25f7f810-3dc0-400e-a8e3-796819450264,1
Sills the Bad Man,5671,1
Drug Smug,5675,1
Baba Brinkman,bdaaae24-9991-43f6-8dc7-ef709c957d7e,1
The Cracker Cats,aa5a77fc-ab7d-443b-a94f-5971706061b6,1
LazzaGunn SoundSystems (MC I-Ras & DJ Roots),5702,1
Mike Ford,5da0eab2-9e31-4525-b4ff-e9757c180b61,1
Brianne Hudson,bee0c74b-375c-4c9e-9fbf-a4587cc1900e,1
Robbie Sinclair,a005b2a0-2412-410c-b6ce-aa2ab4564366,1
KKFS,f874940f-3564-4050-b37c-584670516648,1
Svenedikt,0260c026-0f11-4538-bbc4-738ca5ffa2af,1
The Tailor,0fc881bb-ff60-42af-8ba5-d1c9bf1ac59f,1
Spark,e5d25af5-95e3-42a5-8fe0-6d6f80ef0f06,1
Aligning Minds,b602678b-6fc4-4c17-b7fb-882ec553f0ca,1
Atomly,0aa550a3-f776-42d8-8b67-ed62e061b864,1
Doom Squad,5765,1
Gates,02084f38-dd8e-4c09-812c-d55f155a5210,1
Barker,5855,1
Eat at Joe's,4bd64b2e-2a27-41c7-93be-7563053c179f,1
Twice,d594ff3d-d3ca-4d2e-bb6a-a7dada9af0c5,1
BSO Industries,8d0a1a8e-3f3a-4e75-acf4-9b1dad8af96e,1
Life Production Studios,a6f0ec3d-47bd-408d-82a1-c21524dc6706,1
deadeyedstare,7a047d53-5a3b-4ec9-986f-50e38b401fdb,1
Boys Suck,e868daa6-de2b-4965-95d0-f49246fec87b,1
Peel Off the Bass,10155ebb-013d-4cff-9e29-2af687b436f4,1
Uni,9ef92a30-7121-42ee-806e-63b18c6d04ea,1
Andrey Kiritchenko,7c75432e-3005-467f-b107-ddf612a125ae,1
Kotra,13f6823f-2051-42db-9000-6d0be7444853,1
Stefan Glowacki,5949,1
DJ Brace,d0e8fc00-d399-43ff-8a89-19aaaddf6de9,1
C.O.G.,5967,1
Nimalan Yoganathan,5969,1
Kepler,5971,1
Phillip Stearns (AKA Pixel Form),6022,1
The Lights Galaxia,6037,1
My Parasol,e897c16d-c290-486b-b042-3c4ac4960eca,1
Banana Clipz,f8649811-fe5f-4f0e-8491-7727012f83b0,1
Chief Boima,084e2391-d8e6-4db9-b88a-e6842cb38922,1
I.O.S.,aec1d290-092e-438a-94b8-ebf7e8e277da,1
Flying Luttenbachers,137,1
Padna,c0bb822c-0335-4225-9415-4903c4d07586,1
Spires That In The Sunset Rise,ef64a406-ca8a-4b2a-9b07-2b59aba03053,1
Sabrina (Italian singer),3a4fc9e1-81af-4f1e-8ccf-e8e9ab77b3c1,1
deutscheunschuld,2d793e9c-427c-45a2-8079-51990da8603e,1
James McCool,d56f3a11-a56b-4db1-80a9-4529d2f8a446,1
Loud Objects,8f33a047-18c7-44ef-9461-6f7005b91ea3,1
Kitty Berger,a44a5c13-3b65-4872-b673-b4a0ec9237fd,1
Utabi,605635d6-78a3-4ae4-8503-42fb1eb1d9ac,1
Onomatopeee,b0f9600c-16a9-4e6b-9148-8e8ce791fdca,1
Grave Babies,e473e77b-9519-4136-9e43-7e5520412dd6,1
Derrick Hart,2c845e8b-5f34-4e5e-bb1e-a5879b99d861,1
Solid Eye,8e0e1249-250f-45b0-8001-f2ad4632280e,1
Neil Halstead,184699cd-f489-463a-95c3-f2f72d6fd92a,1
Polk Miller and His Old South Quartette,06275639-7cd6-40dc-b374-0cba100b330c,1
Ada Jones and Billy Murray,1667,1
Frank Miller,91972b63-8fbd-47ee-96af-25a140cfc1a1,1
Aristodemo Giorgini,1674,1
Will F. Denny,1676,1
Whit Cunliffe,daf3add4-109a-44f7-8bc2-b577c3cdc3f0,1
Cute Lepers,b6c845d8-10af-47be-942f-6d3e2275637f,1
Frigg A-Go-Go,14906705-bc10-4303-aa4a-0ca530f11f52,1
MV / EE,de9aefa9-f7df-4638-ac35-7ac1bfd98828,1
Ici La Bas,091babe9-0e5a-4b85-8f7b-bb5f41165ee3,1
Alvaro,942ac880-095f-4428-8380-0f8062158553,1
Bunny Brains,954cc9c4-c126-4b6b-8030-aed5ca82582f,1
Drainage,11,1
Beehive,76,1
Ms Money Money,20,1
Eric Vallely,2144,1
Flying Lotus,fc7376fe-1a6f-4414-b4a7-83f50ed59c92,1
Fonksquish,209e2a5c-7d2a-44b4-9002-b79bb4dfdd10,1
Malox,2113,1
Oy Division,a244919f-e411-45ff-810f-b52b5d096c68,1
Steve Wynn and the Dragon Bridge Orchestra,4e163ff2-11d2-4e6e-b230-e6363836fc27,1
Quiroga,2172,1
Ras G,2173,1
Tropic of Cancer,2179,1
Yuk,2182,1
2 Tall,2183,1
Major Stars,6115a3bd-b616-4329-8571-53bf84dbda45,1
Jason and the Argue-nots,2198,1
theTartans,2287,1
knXwl3dG3,2219,1
"Stuart and Caan, the Mayfly Dance",2227,1
Alessi,3849799a-bcba-48a4-b74a-22967a4f2871,1
Mattin,2308,1
HaMalben,2121,1
Peter Walker with Jack Rose,2236,1
Icy Demons,be176ceb-fd8a-4fe1-a2b9-174383472ec1,1
Deep Purple,79491354-3d83-40e3-9d8e-7592d58d790a,1
Corinne West,f4945b53-a966-4553-8e59-42585e7b43b4,1
Stars Like Fleas (and friends),2319,1
Daniel Johnston,894,1
Sissy Spacek,e321ee5c-c712-4533-abb0-f83b50679106,1
Toecutter,2427,1
Fred Duprez,e163e535-ea7f-4183-8c06-51717a4d7e34,1
R. Bradbury,37,1
Thomas Dimuzio/Scott Arford/Chris Fitzpatrick,118,1
Andres Ammer and FM Einheit,8,1
Jenny Asarnow,32,1
Rank Sinatra,ca6ed94d-64f8-4ab8-b679-187d99ae9e06,1
Runzelstirn and Gurglestock,2573,1
Ostomy,2588,1
Datashock,9fdd6a84-a26f-4978-85f3-3a579ea10388,1
Shivers,88123484-dd5c-4f32-9c85-7132cd6d4ece,1
Tragedy,2784,1
The Sleeping Tree,7f821945-757c-428c-846a-08debfc8157c,1
Cornelius,df765d93-621c-437f-99fe-fda9e135f89a,1
DJ Danger Mouse,2909,1
Paul Westerberg,d558f844-4db0-4bc3-ba22-49ad2ca2722e,1
Embarker,3019,1
Serpents Of Wisdom,e17516e3-5719-4b92-8177-c070c5d6055e,1
Rawar,fc4983bc-c290-466f-aed8-306c2e30b6e6,1
Birds Of Maya,b3820c0c-17ec-4974-b36f-c8348c93a3b6,1
Fly Fly Fly Fly Fly,3058,1
Isolated Atoms,bf7dbdd7-787c-45ae-8f39-acdd1f2c46bb,1
Mooey Moobau,23058514-2857-44f8-a173-72cb14a6f5dc,1
Unfactory,df50bc90-10d9-401d-a1ae-2f675cdf05a5,1
The Transisters,d3fb8d1e-d537-4586-8f34-61e9414ae758,1
CHRISTINE,16f3e9eb-d9bc-4ee9-bb03-b72600667989,1
Paper Tiger,9af5208a-6d3d-45f8-aeba-5550cb7e2244,1
Cap'n Fresh and the Stay Fresh Seals,3263,1
Gian Carlo,3270,1
Herons,3267,1
Ice Sea Dead People,9e734567-219c-4c7b-8ca7-54c550c754ee,1
I.E.,3269,1
Weird Habit,3294,1
Window$,3255,1
Wolfblitzer,0a374885-e6de-4647-b92b-bd2ab74c6676,1
Dyabolical,8e20b850-bf2d-47b8-879e-fbdfa5752b53,1
Gionni,2f545f11-d139-4aa8-a241-4f34ccc2d957,1
Eraritjaritjaka,c3848545-6b3e-47e7-aca3-220562e2f5ff,1
Mendez & Muna,678dcdab-86d9-4cd0-afd4-233cabaa5477,1
Poxfil,ee315b01-df5e-451e-8cd6-90a9f1faaf51,1
SmoKing AFter,d0912296-5894-4d73-a93e-5e133c5c2b87,1
PeerGynt Lobogris,a693d7c8-0b84-4f9e-9fe4-2ad9abe8b38a,1
Silver Ninjas,3396,1
Sightings,a5d77a7e-b050-4443-8c7c-c6d0d5b81895,1
koonda holaa,5c21b8ff-da4f-40dc-9dd8-432225e24ff4,1
The Grooming,2a87c6b6-f0a0-4e2b-b814-8115ace27aed,1
Weigl & Hoffmann,a29b71cb-fade-4d79-8f7c-295eeb603eea,1
Etsuko Chida,92b20e98-7841-42d6-a508-c731a00bb073,1
Jeff Tweedy,63287966-6021-474a-ba76-edc37a5f1b7c,1
Professor Psygrooves + Friends,2a95a28e-ef91-4626-9578-12a658181cd2,1
Joan Silver Pin,bf87eb3f-1aba-4a1c-be85-30147e067086,1
Bloom K Trio,f61a95db-dd6b-4edc-aacd-7c767c1e50ef,1
LeRatDuBois,6554fcf5-c3c4-402d-9858-3242869ff179,1
PHAT,8790a224-e0dc-4ea2-82cc-6e6f6d7e91f4,1
Pulsanti,33bfe1a4-bb52-475f-8158-a7b5bb373ab4,1
Crash Trio,08c41c19-e3dc-44f3-9538-e45a6df1e81d,1
Hernani Faustino,a2b58881-081f-4948-a4fd-876de3583803,1
Stringtrek,380dae78-4b68-4c08-aa46-5c65f2219a1d,1
Blaise Siwula,3e9f5783-e1f9-4b80-af5d-c9f3e4dad92d,1
Sten Hostfalt,379903b2-5047-4acc-94ed-dc6ef9aa438b,1
Txistularis Hermanos Landaluce y Sr. Elola,3560,1
Emily in Love,3dcc9329-6008-4f4c-99eb-dca8d613f0d1,1
Pia and Ricardo,9007bb67-032f-40b8-a1d2-29c9e89caea3,1
Slogan,95f9774d-b767-40cb-9c1d-38a57c3159cc,1
The Incognito Traveller,c732dcc2-b9e2-4c85-8630-0d5f19113f31,1
Red Lion,1e4b56bd-0d24-4629-b323-beaca4918060,1
Flu,7d57f5c7-c8b9-45b8-8f84-33155eaab62a,1
The Damned,3638,1
Jurek Raben,2ef25717-f048-4b48-b7ac-78891c60256b,1
Umma Project,e7112de2-d1f5-47fc-b368-9f8dc664b6af,1
Calendar Girl,ab3873d5-7265-455c-96f7-b4c815527b57,1
ARAI,29fcf0b7-37e1-42ef-ab9d-73cacf4f3c49,1
B-Shake,b62a84f5-fe40-47d1-b548-1b7d484b063c,1
Frivolous,dd8385e4-fdd6-485c-8e75-b69043e68950,1
DJG,84eec3de-e57d-4e34-aeca-0479cfe695d1,1
Melissa Welch,fd7483bc-6340-497c-82b9-a174d9884a32,1
Hathaway Family Plot,7656d02b-a822-44a4-9d73-937ebcfb7577,1
nouvellas,d57d5a6c-fa48-490f-ac34-2a9038b39434,1
Stefano Giust,05146368-6636-4e58-8406-9aa81cdd5699,1
Vittorino Curci,f00a1964-d100-4e63-9a34-94cc5491a4c3,1
Vortex,083ad293-4c25-487a-b674-1b2622e8eab1,1
Dean Schlabowske,1c5c8540-42f6-4a83-aafb-38c7a27dfc26,1
Invisible China,2841,1
Colby Maddox,0572552f-763c-4dd9-8cda-ea672bf2c4fb,1
Robbie Fulks,217f526c-f353-4d8b-8ba7-67fe0407f489,1
Lonesome Bob,941966e1-3f2e-4887-b832-bf9edfbedb1c,1
Cary Hudson,b8be39a1-85a1-48ec-961d-188bfcd73097,1
The Assdroids,d8e34731-57da-498b-9c66-0085af036d3a,1
Kiddo,7402eb5f-5afe-48ed-9ddc-fad301d16b9d,1
T/M/K,2b4a9082-9093-47f5-82e8-9a8a44d99e7c,1
Bilal Bashir,36ddbbdf-8956-4ffe-8624-04fc09458ae6,1
Cadence,3955,1
Paulie Think,21f85ce4-9ddf-4103-bf9a-16bb456b9d45,1
Coleco Music,627d6633-6939-4ea9-8942-c4049a51fbcd,1
Animal Style,570b419b-e35c-46dc-a2e2-e293090488e9,1
Raptorface,a7ff4679-11e7-49d5-9ebe-e2c7cb81992f,1
Useless Keys,681ac5bb-0c5a-491c-bedd-e47023c03e3f,1
Andrew Gleason,0a499560-0158-4176-8a03-8d8db951face,1
Paul Dillon,dfa84855-beb4-4ae7-a3f3-2395b15679bd,1
City Rain,3bf58638-2108-4c79-9d43-f5b638e59eb7,1
White Light,471,1
Barem + Dilo,b7233419-7b1c-4dea-bbc2-dc23898199a2,1
Paul Agius,16e54f02-207f-4b26-81ea-8aaed73aaae0,1
MORA,4243,1
Michael Yonkers,97104c5a-afe8-4db0-a6a0-3ce08d19e8bd,1
Repetophile,4333,1
Glockenspiel,4335,1
Henry Grimes Trio,3bdcb9fe-cda9-4d3a-a826-86cfdd0c0725,1
Kokusai Bunka Shinkokai,4387,1
Flexor,62acbb26-7e1b-4f82-aa48-702beaf10155,1
Romme Bilger,c9875c10-c161-460d-b9e1-c08959ca69e4,1
JJ. Jones,4407e9bc-4450-4ced-9c09-a7129ab69e84,1
Andrea Donau,4b1a09df-6a0c-489e-903b-a613b9630709,1
Kuenstler Treu,46c18fa7-4929-4a09-b1c4-18b74957c31c,1
Ton Rueckert,a624237e-ec7d-4a90-be43-82847c5b0551,1
Paul Whiteman,b8d920dd-fbd5-477f-9456-1a470b223ff7,1
Dorothy Kingsley,4522,1
Edison Symphony Orchestra,96209f5a-0ece-424c-b044-79a668b381f4,1
Billie Jo Spears,615d51ca-3d06-43dc-b956-4d76099f4b5e,1
Ashok Pathak,6f350149-ff32-4bd1-9510-21eb7ff5c52f,1
Peliatan Gamelan,4488,1
Paul Jacobs,4511,1
Paul Groening,4546,1
Master William Pickels,4553,1
Vess L Ossman,1b223dcc-04ca-4c74-948b-813f92468cc3,1
Chico Correa,9f6df145-3b59-4350-bdf8-ed727c2b64e5,1
Bedstead Tremolo,0a50f944-440d-4bda-869c-d2989100c015,1
Mule Driver,067517fa-ea8d-43fb-9231-638fe3368bed,1
101 Player Feat. Sillypoo,4624,1
3 Bears Quartet,c5eb3a24-2880-47cc-ae94-0fce98067c05,1
Luka,0fa638d4-7dba-423a-9b2f-5955193fff5e,1
Yamil Burguener,84eabc2e-4fe1-4003-b128-cd30b3838755,1
Monodei,b2279179-8fec-4944-a95b-9c42fa496322,1
The Har‐You Percussion Group,708b8dd2-d9b7-4a7e-a2eb-453a86e9267f,1
Irén Marik,41181506-03a9-4e34-b0e3-85d745616027,1
Band-O-Fun,865bc59a-c975-49c6-8701-dde0a5a42643,1
Dennis Hermanson & Richard Skidmore,8930c5a7-6f2f-4d9d-8c80-c0a8ad53e0c0,1
DJ Ilya Monosov and the Hedonic Islands,4817,1
Julius Hemphill Sextet,4874,1
Russell Sherman,d12fb7f9-5b11-4c4a-81e5-79f9a21f41b7,1
Orion String Quartet,a3638420-4715-427a-b6fa-4885288199d4,1
Robert Levin & Ya-Fei Chuang,4889,1
The Peerless Quartet,4964,1
Flecton Big Sky,59a29487-800c-4487-8c96-ca586871604f,1
Eats Tapes,2c03e384-0abc-46cb-bdd3-dd541784e2b9,1
Warsaw Was Raw,4809,1
Black Feelings,63223bdd-c9bc-4212-992f-4734ab0b8a09,1
George Gaskin,4940,1
The Silver Apples,802d971d-5fb1-4ca1-8e56-69c64122d957,1
Curlew,4710,1
Sophie Tucker and Al Jolson,5050,1
Bondage Fairies,bc43c90f-e3a8-4824-8ed3-61c7d22d54e7,1
Our Song,a275c268-951f-4310-be37-3ab2adb309d1,1
ump-off Pause Tape,b07da23e-7430-4db8-9fce-fa2169c86e0b,1
Ed Morton,5235,1
Thomas Mills,c9920b3d-8311-4d53-84ef-f9e89031998a,1
Billy Murray And Chorus,5241,1
Maude Powell,5253,1
Charlie Schmidt,5261,1
Nick Castro,a08ad1f4-da6b-40aa-9926-42deddccc3cc,1
Plants,05642763-b2f4-4b63-8c70-00d256bc8d9d,1
Primordial Undermind,013c6a85-8664-4a37-b2e8-23bcf80f2108,1
Kate Wiley,5361,1
Irving Kaufmann,5369,1
Albert Henry,5378,1
All Star Trio,fa115a59-f5ed-4d82-9d90-f105a9ad74e7,1
Postcommodity,ffff6e0d-484b-4e8b-9a47-b4f4053a1974,1
Johnny Nobles Hawaiians,5335,1
Ukulele Bailey,0e279cda-493f-4209-8de7-1b313f17376a,1
G.H. Elliott,0339bdb0-9d45-4816-9e07-f24b55a2cd7e,1
Rose Hayes,5347,1
Clyde Doerr,da3389f3-8faa-4e07-a9bd-4714fa8acb27,1
Abby Lee Tee,52a48f66-0c18-4ddb-a8d6-17cdfdbc8514,1
Datapanik,4650,1
"George Stehl, Marshall Lufsky and Paul Surth",5479,1
Charles Kellogg,c4c36aa2-de15-4ef2-8c31-787aec52efdb,1
Century Of Aeroplanes,30eb594c-fda6-46ed-aefc-46f12ec98b03,1
William Wrights,5482,1
Nevermore Eleanor,5513,1
E.V. Stoneman,5543,1
That Girl Quartet,5548,1
Will Oakland,492d9bf9-edaf-4eb9-bc25-5e70a4af4e5f,1
Oscar Zehngut,a401f1a9-0444-4d3a-afbc-4e27444dd5a9,1
Tiroler Ganger Die Gludstinder,5549,1
mykleanthony,32a0f9a0-6d4c-4211-8abb-f680e9096290,1
Hi-Speeeed Hysteria,5a771003-61eb-4e19-80d8-72a4e6872506,1
Utabi Hirokawa,605635d6-78a3-4ae4-8503-42fb1eb1d9ac,1
Ingrid Laubrock,3f437693-4f12-4500-9859-55b1deebbf8b,1
Headphoner,52cff3f5-97de-4a91-b533-37d1dac9b28a,1
RocketNumberNine,21e7381a-34a2-4611-8fbd-2789162145f9,1
Cactus on Fire,dbc475be-ee98-4a8d-83a6-e4d60732695f,1
Nimble,597a1963-3958-4bad-895a-04ed1e67cd98,1
liger,f26ea31d-899d-49bd-9127-709c10c69b2b,1
The Winks,5ef256b6-5bfb-41d4-9988-1d3bb6d2f528,1
These United States,e7e5c5a9-d669-4668-be25-4278dda7d347,1
Blaerg,04008291-0575-4626-8e10-21d65f2f94f5,1
Maxwithmax,a6300717-ffa5-449e-b8ab-90cccc3aaea0,1
Medusa Palace Casino,e45d963d-178c-4419-bfee-c7fff1acba00,1
The Van Allen Belt,b5a7d10e-a0a3-4fe6-9295-c0958a2d5272,1
Nathan Michel,baabed19-ce37-4c8d-a794-474a37991dc4,1
Ghost Moth,b53e9c2c-613e-48cf-b4f4-77131416ddf3,1
Frantz Loriot & Ben Miller,5684,1
Either/Or Ensemble,5689,1
Vandaveer,096ba581-51f2-4e09-bd98-24b6bcad665b,1
The Be Good Tanyas,bf52f343-a752-4633-8521-9e99eaad8f9f,1
. Jolie Holland,66932740-f510-4bc6-b4d0-160bb1f4c723,1
Domotic,f1c15947-df08-4de9-b266-5f554ba05527,1
Sunny D. Levine,5e96de5c-d144-4a12-8043-00267caed231,1
Ilana/Kurt/Tarran,5766,1
Connie Beckley,3703bdf7-083b-4581-a7ab-b7a3290d841b,1
eQo,0513e1e9-ed5c-4341-a7d1-9660c90c161e,1
M.I. Loki,5859,1
Kriss,46f24543-9828-4b7f-8d3d-1289b169727e,1
The Shut-Ins,73ba7f05-5710-4379-b604-feadcf79b98c,1
Matt Angus,c74f8085-5845-4b77-a62e-b931bd9aa49e,1
The Bassturd,50682b10-8289-403d-aca7-82b71d421394,1
Infra Red Army,6df7a85c-0bd4-4b0d-a044-11fbc122d1ea,1
Tenzor,536b660a-25e5-4d89-8e08-37460ff6d55d,1
Invisible Conga People,00c897d0-6f8e-4882-b5a1-6f8131b1645e,1
Ron Barker,5951,1
Dj Kamikaze,5962,1
d-ruin,5955,1
Spodnik,5966,1
Patrick Parker,5973,1
Hans Grusel's Krankenkabinet,8808b1fd-b66a-4c25-9b8c-e0367f923b5c,1
Eric Leonardson and Steve Barsotti,131,1
Ric Royer and Alice Kemp,237,1
Voodoo,526b2fc7-ed5e-465e-a212-4ff34525eacb,1
oh my god,dce3b175-d711-4564-b81c-90d560ce3055,1
LXDU,16626,1
CuzOH! Black Feat. Wordsmith,17781,1
The Bloody Hells,0f8ced77-4869-4a4d-9447-fd293c72c94f,1
"""Blue"" Gene Tyranny",1c59e4c1-c841-4e39-8b2e-93fa2367dc09,1
Jean-Paul Jenkins,2ebe4d6f-5271-4c7b-b497-ef47b2f35aaa,1
Liquorball,f242a95b-3776-4205-9a30-90649fd3d364,1
Bass Herd,3cd14b1e-d3fd-4b5a-9258-f91c772a3422,1
Micro-East Collective,c285d105-b7e2-4ae7-96c7-f4fda497f227,1
George Cartwright's Gloryland PonyCat,036d4be3-d04c-4d0b-bd22-b5bb12feea5d,1
Princes Orchestra,44b199a4-fe6e-42cf-bb6c-572974fc2d98,1
Peeesseye,ce3b0b83-7278-4d05-a634-7f18156ee55b,1
DJ TôH,665020f5-dd63-4788-8646-ff73b806ccd4,1
Setamur - Dragan Gojic,17824,1
Setamur - M.I.T.E.,17833,1
Setamur - Cousin Silas,17834,1
Setamur - Kristijan Simic,17835,1
Setamur - Sergi Boal,17840,1
Benoit Villemont,2601fc08-bc33-4ce1-9f9c-edcd266610c2,1
Halo Svevo,35d77cbc-8569-4239-b3e5-6b173e765342,1
Pavel Kopecký,111bf2d1-0272-4a0e-b8ca-585bf4fd651f,1
Phacts,17942,1
Quibus,1ca97634-b2c6-4b33-9bca-e4a6bd7e09c7,1
Strapatsen,17948,1
C.R. Kasprzyk,17952,1
Zina Bozzay,17981,1
Metome,fa1e6b1a-472a-4ce6-9e70-18bbce0b5807,1
Bruce Gremo,dfe14742-f83f-4363-af2e-c0b3ccc3422e,1
Pampers,c65b86e2-1742-451a-8ede-87c04b63dda8,1
Defocus,4384af40-896f-4ce3-a408-4bae1fc7bade,1
Kuwait Paragraphic,00cc5bcf-72f7-41e3-9300-00a10085abbc,1
Ilúzia,2d3b5d4d-1277-4a08-8f04-99836ee44701,1
Absent Trio with Jme Guggino,18088,1
Agnieszka Cie Nienawidz,18089,1
Blk Mas,18091,1
Lejk,18112,1
PAS-Musique,159ee0d6-6719-4fad-86bc-a2b4d77938a4,1
Nicky Jadaszewski,18077,1
Stephen Grew,34de2219-fc8a-4d22-81a6-6c4368e5121e,1
ii2,18142,1
Dark Component,e87532ef-9442-4e78-bb24-fc58ef8620fd,1
✭NANCY✭,20b3d64c-d9c7-481a-8dc2-9ff5d1b29424,1
The Sixth Catharsis,f87f3153-cb6f-40fb-889d-577ca02fa9c7,1
Alexander Crow,915378af-3449-4354-a200-cbe23f7b75f2,1
Claymore,410a7fd4-9db4-401c-a483-82e500ec3bc2,1
DBAU,5f505cdc-3de6-4e18-bab1-1190eb9f0256,1
Jellybean!,a9a72cc6-d5ba-472d-9700-85de03dbe5f7,1
Kookooo Kitchen,20815226-aed5-43de-8f70-9d132a9e6717,1
Sovde,18300,1
sink \ sink,35da1865-b36d-4d12-9982-67d7e0ec17d7,1
Cuddle Formation,df92830b-6bfa-448a-affc-dc16d2df1ddd,1
Tomjuno,ae4eac22-d630-41f6-a243-1a0e6ac5120e,1
Klātu,70d19163-80ea-4141-a575-925e821401dd,1
Dimitris Bakas,584fc172-ba85-4d9f-8623-a480c43c1140,1
Francisco López,d0649f4d-e1df-466d-ae5c-8f8c06b6163d,1
Piotr Kurek,576d97bb-53d4-445b-8a15-2efcf87d416d,1
Soil Creep,c8f2a9a4-e97e-4e5d-b3de-0085d9898725,1
Holly Waxwing,ba5770d7-b102-4225-b26c-79f804c136f4,1
Stephen Farris,77c300d6-b4a9-40a6-807a-5ddda443205d,1
Anticipation,0483872e-07db-4dee-bdc8-803d6645835e,1
Foodman,4b7703c6-e08e-404d-970f-9b28842923ef,1
Cream Dream,18450,1
Vanilla Hammer,d6c4e147-3d3b-4243-a061-6df2033c31bb,1
Herbcraft,613d35e2-5c20-41f3-85f6-d2f3a5c6c3de,1
Rainbow Lorikeet,dd986263-6c14-4be2-8827-c9f23bd79c99,1
Saintes,18466,1
Anokie,64ae423d-d896-4c36-87ee-2fdc87605e2b,1
Enay,132e5e52-c79f-4fe6-a185-fe486a18f026,1
Tapiador,a4004cec-ee6b-467c-b807-f84f64849736,1
Jonathan Jindra,43525af4-d472-4d9d-9582-f2f1059e3f59,1
Mutki,ab333e31-f921-4568-9afc-cc0a8c5e073d,1
Shammen Delly,b1161e1e-ab9a-460c-a180-21f3ddfc0cbe,1
Sunfalls,6ec9afb5-81aa-4300-ac6b-4c07e4569819,1
IOM,18495,1
noish,e91678ba-ad05-43fb-bdcc-3f892650f290,1
Brian S Ellis,18500,1
Whitehaus Family Record Family Record,18501,1
Ambitious Tugboat (Pancho The Kid),18504,1
Gracious Calamity,18505,1
The Meadowlarks,18509,1
Morgan Shaker,18515,1
Lindsay Clark,18523,1
M.O.B. Stars,18538,1
As Metralhadoras,1NFlhWaIaYljXHdA1nCnkP,1
Una Burbuja,dc8bdb40-09a3-426c-9091-688162b18e96,1
7 i i,18599,1
Blu Simon Wasem,18606,1
Cathy Heyden and Rogier Smal,18607,1
Launay Gael,18620,1
Matthies and Perez,18623,1
Sasa,18629,1
Seicho suru kigi with Unsample and BroodingSideOfMadness,18632,1
SSZCPAPTT,18633,1
Elysian Fields,4c98e915-542b-4377-a0f5-68c950fb122f,1
The Heartsnatchers,7f944313-0f4f-4ab8-9c5f-6a5d1780bc0e,1
Sound Sweet Sounds,18667,1
The Great Artiste,9cef5024-47ed-4471-90ac-6e06d74c6e77,1
Joe Auger,ab88488d-a41f-435f-b986-cf2ca7df0c12,1
Winston's Diary,18712,1
Acherontia,7747b24f-0da4-42b9-b471-c568de50e9bc,1
Lucky Criminal,b4c13afd-2de4-4038-a2bf-423a4297a7e6,1
J.O.,11f1430a-079e-48d3-b8cc-bb7a7e2cbd5e,1
Andy Ortmann,3e6773a7-d9db-4f09-bb56-f009aae783c3,1
Celebration,16025,1
the brother egg,ef80e3f6-4a82-46cc-9fc3-5cb0f359c817,1
RllrBll,73e957c2-879d-4125-ab1d-324c01c03e00,1
weltAusstellung and Stephen Oldfield,18917,1
WHM,18919,1
a k u a,18923,1
julsy,f1615bd6-d4a2-4268-82ac-bf4452faabdf,1
son lux,afcd292c-3c1e-4708-af4a-991aadf957e4,1
alphabets,18928,1
Hash,108a8a85-375b-4fe4-99bf-695d727101e0,1
DJ Wook,18990,1
Wet SLK,0328967d-25f3-4bcf-9846-1eb47f7ff5ba,1
Programmable Sheiks,2bd7b7b1-68f6-48a7-866f-cf570ae14df2,1
Evil Beat,b278809b-b130-4124-9dcd-33a0154f2f30,1
Rats,63841c35-5f15-4cc2-96bb-12858cde984d,1
"Eigenheimer, Chris Silver T and Skelbot",19143,1
Richard Sanderson and Anthony Donovan,19153,1
Blue Lightning,82888178-a983-4b9c-9c36-9140fea9257f,1
Sonornote,329ba617-d714-4b06-9f54-d78126a9a679,1
MOAN,17984,1
Multipoint Injector,f85ddde4-72da-47c9-a157-9aa19d19d469,1
athylia,19215,1
Daniel J. Wojcik,be12ed3f-d9d8-4a7a-8588-3d68e20e139f,1
Alinta Krauth,4e2a28ec-9b87-48bc-9aba-a678a0dd6bc7,1
Christopher T Wood,23c6468d-55ce-4bc7-b3a9-ffed5966a943,1
Sonosfera,df422cfd-06a1-446b-b343-e54b0976994c,1
Massimo Davi,897d7be9-4051-4715-ac04-dd0bd263307e,1
Victor Jouk,987e6d95-9c5d-4292-9cbc-bc0f8360e4e0,1
Buben,f918d324-344b-4344-9193-99b92e6d89a0,1
Simon Whetham,44f542d3-95e4-4f91-9957-f9d790455b51,1
Ryan ⊥ Dunn,19293,1
CLOVES with Stolenmeltdown,19320,1
BLUE STATES,cfd70533-c11a-4e0e-995d-f4ffe6f3119f,1
Cartas a Felice,5b9c7f92-3b37-499a-bd7e-61c76a341947,1
Tvrdý / Havelka,b939ca47-83ba-44b5-90ce-91ea09a61e25,1
TaaPet,71364ff5-f13d-4573-9e8f-5d04d3740217,1
Chuck,19423,1
Nicole Lizée / Bozzini Quartet,19422,1
Hermit,0bb5a0d8-7df7-4cde-8f08-189d82de6187,1
Neblung Price,19474,1
The Nightingale Trio,c5a3ecea-035c-4b96-b4c0-a0ab7eef1a44,1
Rew STaRR,19479,1
The Max Johnson Rubber Mustache Quartet,19492,1
Terry Stats,19503,1
Botielus,19539,1
The Jerkon Five,19548,1
Juan Michel Maurice,19554,1
"Zachary Preston, Audio from Huygens",19570,1
Jean Honeymoon,07817f10-e018-45d0-b1cd-383ed8c02b61,1
GUTBOY,19635,1
Non-Passerines,19643,1
Shaun Blezard,bc636c37-adc4-483d-a83b-29abf815383f,1
Jeannine Lyons,19690,1
xotox,62b756a8-e6c4-4152-890d-b1a9c1b2afef,1
Broto Verbo vs Sci Fi Industries,19728,1
Black Host,cdaca937-4695-4e18-98f3-d6fea0467366,1
The USA Is A Monster,19754,1
Lazer Falcon,19788,1
Levon Zoltar,fcbd0dfb-f516-4f3c-9bf0-d00f95998628,1
Rivener,19795,1
HRRR,19820,1
Mons J,19823,1
Rebekkah Palov,19858,1
Jimmy Martin,ee850327-b528-4922-93e8-0c59a21ef50e,1
Protomartyr,17704,1
Osvaldo Cibils,eb5a412e-4c8a-4a28-ae56-6ec810a1178c,1
Arsenic Strychnine,ff8e77b2-5185-443e-99e5-f791119b4c26,1
Dongle Doc,0be3deea-8a7f-4aa7-b308-bcb7fd14445f,1
J. A. P.,5824f32a-22ec-4af5-ab15-d6d895a88184,1
Djackulate & Jimmy Penguin,19959,1
Mtch,19969,1
Mutter,19970,1
Shule,19981,1
SiJ,153128a0-22bc-4c92-bdf0-087b8287c7f0,1
Theresa Silver,19987,1
David James,20017,1
Daniel Fabricant,50421e2e-92a0-4756-809f-736d2d7ebe7a,1
Joe Edelman,20022,1
Jesse Olsen Bay,20041,1
Jonathan Zorn,30f51e9e-722b-4ca8-811f-919905c1584a,1
Lex Looper,02ce3d91-e8a0-4377-9fc7-649ae3ad8801,1
Dolphin Brain,20073,1
Thiefinger,e7071ef5-2cb0-42d2-8fb8-4cf327f239a3,1
Haatbaard,20094,1
IDTAL,5bb8c06a-9deb-48fe-8da4-3ca884683c44,1
Container,9792,1
Throb,20148,1
Philip Jackson,7187972a-b20f-48f9-acb0-3c22cf6cdd7f,1
Skip Heller's Hot Seven,9487fa58-2c8a-4787-89df-59a20183d1d0,1
Sem Sinatra,4dd83cb0-6f18-4426-8109-22ea406f3e24,1
Wild Acoustic Chamber Orchestra (WACO),1854,1
Seksu Roba,249ac78c-e774-4524-ad9e-0082a7a767cf,1
B.C. Sterrett with Janae Olson,1865,1
Atton Paul,e8f100a6-fbda-40de-bd64-56ab59d6a410,1
The Pan-Galactic All Stars,fd74631e-52c5-4904-9900-4e105ec26ce1,1
Marcus Alessi Bittencourt,62d4ef5c-3b04-4ab0-a3a4-b3a362829efa,1
Shaun Wilson,7d444c44-137f-4072-9b64-d386f6c03d14,1
Scotch And Soda (Featuring Pastor McPurvis),20185,1
Edgelands,ad8c216a-1572-41f7-96af-af5c39183732,1
fp5,62a31581-753d-468b-9cf9-57ad9cca7483,1
Michelle Yom,c15d3d36-81d1-4a32-a5c8-90da83199fe7,1
Vanja,444070c3-4588-4778-bb0b-e728e5231601,1
Martin-Davison,d85946f5-61f6-4ec8-a6f9-79ba238183af,1
Origami Replika,5eef76cc-064e-4092-bd0b-2b65db95e2e6,1
Osvald Ccibils,fb086954-5246-4f93-9deb-e86742f66bbb,1
Pierre Fablet,c0e55f29-f6db-4b0c-bad4-517c84d46845,1
Mathieu Gaborit,6ea89192-a5a6-4dc7-9498-3a3f374418c7,1
Vincent Berger Rond,b707e741-570c-435b-827f-3d128c02c196,1
Gegorly,20339,1
BC,20340,1
James Bailey,20384,1
LEE OTHER,20388,1
Monom3,875a5534-7ed3-468a-8238-6cf2bba5a51a,1
Otto Von Rhinau,fb3d82f0-748f-4c2e-805b-f78e911ba25b,1
Patrizio Pica,5rLstQLNKv7gtLipW4z9EG,1
DJ ALF,7c6cc5b4-bb46-4ee6-96c8-656934688d70,1
Deca U Prahu,8dc91fbb-98ca-4823-85e1-47d87a97a5a3,1
Summerfugl,20488,1
Daniele Pasini/Raffaele Pilia,20505,1
Ford Hanford,20509,1
Mark Dwinell,20516,1
Helen Louise & Frank Ferera,20535,1
Fisk University Jubilee Quartet,bf59eaab-cccc-4952-9326-9194096f4a66,1
The Four Harmony Kings,20539,1
Columbia Quartette,4514,1
Aktivehate,a06bdf84-1cf1-4cde-bdb7-840c2e60c5fc,1
James Reese Europe's Society Orchestra,3a31061a-0ffc-4504-be6a-e8348d3bd8e3,1
Big Ed Barnham,20587,1
b o d y l i n e,9fc091d9-4100-48b5-891b-fcfe47a852f8,1
Hong Kong Express,2be0ee89-43ef-451c-88ac-dfe46fc520c2,1
luxury elite,3af0709d-eb0b-4863-8315-a4acb3f09844,1
VECTOR GRAPHICS,6c6eeeb2-d455-4c9e-b29e-2acca8a8275d,1
YUMEKOBO,3aa25ea0-16e3-45e2-a395-a3f298518018,1
Virtual Information Desk,120c5f9f-64ab-484d-a6c2-a1e15600222a,1
Georgie Price,89d6693b-d2f9-47ed-9a46-438f20f68598,1
Billy Watkins,577ff41b-9ca4-4b76-90df-14a2cfab0320,1
Dragão Inkomodo,99002521-85d2-4d5a-a6ee-ac151e0c0ea4,1
Joseph C. Smith's Orchstra,20671,1
Charlie Mosbrook,20722,1
Peterson Ruiz a.k.a. ZIURMUZIK,20752,1
THF Drenching and Anthony Donovan,20755,1
Vocal Quartet,20768,1
Avon Comedy Four,3168bfc9-20bd-466e-a32b-2e36f99f6200,1
Davin Givhan,9f3d74da-8426-4505-a652-a0f21c93ed8e,1
Structura,6ac26889-0be1-43c7-838b-545cb3cdecfb,1
Triarca,ce8c44fb-376e-4b15-aa8e-b3ca1c9a97cd,1
Kid Romance,0618b62f-9170-4eb9-900d-980b79b1735b,1
Ming Ming,da64f307-6f53-4c57-b57f-f6609aec11e4,1
Deef,0Rp54ePrO111dZOOlDHoPI,1
. j.s. bach,6b732628-78a1-4245-874a-5b60986b4309,1
Body Holographic,14525,1
Desanimaux,14541,1
evgthug1,fa3d4689-f577-4982-ba29-d2e6ff772e91,1
ui,15504,1
The Ginger Ale Revolution,14584,1
Black Tia,ed3fb045-37d7-4405-86c9-8e9fe1790412,1
Johnny Ill,0adeea76-b788-4397-a189-ba5daaefafaf,1
Merkel & Fritzemeier,14602,1
The Mythics,14605,1
bryface,ae84a08e-abba-4a7d-bbb4-3558b4d29f9e,1
jean nine,5a251e6b-a959-43dd-a95e-aa557394107f,1
bassrael,81257e31-2a73-4c2e-a676-36f2b3efa540,1
ac akut,ab9f22a1-9081-4a03-8365-0424dd4b14aa,1
babysitta,4fa9e2f0-aad5-452d-b4f3-905074351a52,1
Seychelles,a5df5aa0-e3e9-4163-8fa5-ece1bbc978a3,1
White Shoes & The Couples Company,534a836e-a17a-4f56-8c7a-7ffdf2ab5ad3,1
Carl Zeiss Jena,14711,1
AAAHHHRCHESTRA,9fb41f84-660c-405a-8e91-46c936b02566,1
Free Babyronia,527b409c-8113-4020-a170-a1561a23d5cf,1
Darkstorm,14804,1
The Mother Folkers,14808,1
Nate Young,b59534bd-7b2e-4167-8b3b-8db3f527180b,1
Donovan Romani Tamura,14856,1
Kyynelpää,f340fa0d-9064-4c00-87c7-521d8fc526e8,1
Läjä Äijälä,c44a8047-a36b-47e0-aed1-44e77c3f3bba,1
Maan Aura,c9b1add1-5370-430a-861d-3b96a27bf300,1
Olli Aarni,b29d5d8b-2ee7-4074-9db6-6a01285ea11c,1
Tulasi,95a03295-bde8-40df-b459-8f52bad1c3aa,1
Cam Deas,0b1cefc4-532a-47e1-8940-fe64322a366d,1
Dot,b4719dab-e382-4a0f-ac7a-5bcb86398839,1
Mezonom,8d85c066-26ff-47a5-9c1c-4fd6787ddbae,1
Herrmutt Lobby,0461bdc5-702c-449f-acee-1b2bb2483a64,1
The Global Optimistic,e3a2b613-dc74-46b9-ad9c-13d481b69e85,1
Bärlin,436d2e3e-b45d-4080-b5d0-dd8af81a210c,1
Echtra,cd0fdf53-cc54-4036-9073-82c6b9376f1b,1
nne,f1757c29-d09e-47a1-9c75-19868c604ab1,1
Dr Deimos,05729c22-2d4d-4a3d-b75f-8165464c1134,1
Clive,15127,1
Whale + Cheng,15161,1
Gold Model,15163,1
Nadir,15166,1
The Sydney Radio Orchestra,15167,1
Will Stratton,18c84a19-adf1-4143-8431-42d564c47f28,1
Caston Deluca,15203,1
Gerbil Bliss,15251,1
sorin urzica,15265,1
Mr. Juno,c636e295-f526-4e62-8846-ec90435ba2be,1
Colektro,48f5858a-c2a8-4cb4-8a5a-d1564fc30ea4,1
Spadez,b5280feb-4634-4efb-9809-04d5dbcd44c1,1
Sophie Frame,27243f13-b18c-436d-bdb4-b54961e48914,1
Rosanna Cantavella,15287,1
lightning,15320,1
Dynamic Lethargy,15326,1
Milol Shapiro,15328,1
Garip mansurogluroglu,15331,1
Filip Hnízdo,15350,1
Gwen & Elyse Kapusinski,15353,1
Joe Milutis,15357,1
"Chaffeur, Johnson, Azekawa",15363,1
Daiske,da1ffcd0-df23-4a08-989c-9b635a26357f,1
Jessie Aughey,15375,1
Susan and Amy,15368,1
Rylie Adams,15388,1
Happy Perscriptions,e1b4cfbb-f505-4fb6-9f58-dbe0326be844,1
Whersmydope,051d3130-e606-46c5-b736-bbb9c6921df6,1
The Mellowtones,cd4284cd-59af-45a6-b565-27f1ee914c41,1
CockRobin,2ed8e330-b428-473e-8a2d-21b3e9796601,1
Mantrakid,e87bd903-3aaa-4e2c-b3e4-d16a4110cb14,1
ocp,f4f98dad-88d9-4a7d-927e-54169f633bda,1
Com.Gen.,cc60c51d-847d-4260-be71-3e4c1f99ab24,1
Asterisms,6136299e-5b82-471f-a15d-7f0a7d2dd8df,1
Alias Lou,15581,1
Praxis,15617,1
Cunliffe Donovan Quirin,15648,1
John Love,15663,1
Rosendo Rocha,,1
Prometheus (Unbound) vs WT Richards;,15673,1
Pulcinella,8034,1
SuperDios,15682,1
The Horse Trio,15684,1
Personal & the Pizzas,dd021aab-74b9-4621-839b-9d5680717ddb,1
Tranzistors,15563,1
Drn Drn,e50c02f7-bd12-4974-95f2-4ccf76d40af4,1
Quendus,d9460f17-dba7-4c05-b08e-e10109777a18,1
-soundso-,8959f9ef-e016-41a8-8639-d590acd9352c,1
Melvyn Poore,328b528b-247d-43b4-a299-aadcef9dee94,1
Nicholas Waeghe,15867,1
Chordata,2455683c-7fb9-433c-8e69-fb61dfcad66e,1
Mothboy,15919,1
Pushy!,06db5ee2-9707-4eca-8236-9dd7967efd3b,1
Sink,15923,1
PostVerbal,15968,1
3tronik,00d91314-a8c4-42f2-8c08-15b2f0102978,1
sOuL_sCientiSt,6f02134e-ca8d-4516-876b-8c2a74fcbff0,1
Etiket Zerø feat. MC B.Wayne,15995,1
Zhada,be3120bc-c81a-472d-a8d8-08a6376b4e52,1
Stephane TV,d9e3771f-93ee-4a27-b04d-7ca0b2e8d161,1
"+CNCTD, Yellow Crystal Star",16094,1
Dinner and the Main Course,16103,1
Abusive/Consumer,16107,1
Activity Universal Associates,16112,1
Krausbauer/Jenkins,16115,1
Somniative Presents the Distant Future,16118,1
Mosaik,fd30ef74-7737-44f0-804a-5d4974d7046f,1
Naked Rabbit,16161,1
Workeshoppe Radio Phonik,a04e0e23-fbda-4314-9ab8-e7a298e17bd7,1
EMP-T,fc8d9b3b-8401-4574-8d02-04dce8a3fcd0,1
The Doom Patrol,00386d85-e1eb-4f8a-882a-2b8cacc83fca,1
Entropical Utopia,1ea01da0-c7ce-45a8-bdab-9ca8b0ceef9f,1
"Randy ""The Wrench"" Bench",16186,1
Las ardillas,15fe52fc-bc5c-4209-b26d-af2e0fa3ed44,1
Rodd Keith and the Raindrops,16174,1
Baptizer,16218,1
Plack Blague,bdf42ae8-8223-4663-b256-d792afb3155e,1
Bekah Jarvis-Girtler,16245,1
Max Ebert,16246,1
Stephanie Foo,16247,1
Johnny Favourite,8067d4fd-8bb9-49ec-8386-d3c4453e5059,1
the Exs,865d4dc2-c773-4514-bf1d-45026929932c,1
Dizzie Bird,303f64d2-22f4-49c0-aa0d-4303378b881f,1
Laura Stevenson and the Cans,10c95300-8405-4754-920f-03a177119c52,1
Fantodrom,c87c2767-ca74-4e5c-84e2-b7ccbb28eb8c,1
Plavo Tkivo,ef7f951b-8864-4341-9c56-1c9a0b826971,1
Make It Last,172eaa65-8728-40c6-aa55-541111a07c11,1
Magic Man,911ef398-768e-47cd-aece-e28d44784bd8,1
DJ Pure,2e9c9a7d-1f54-441c-90ed-c05a1ab8f184,1
The Rice Cakes,16337,1
Mr. Wilfred,7a78cf19-e35d-40d9-a37e-6631014f2fe1,1
Who Ha,0d2a8271-22d2-4796-941e-ae132b03bc2b,1
Sandy Ewen & Joe Merolla,16406,1
Cathy Heyden and Maxime Manac'h,16424,1
Steve Hilmy,16468,1
SIFIR,a874be32-84b3-4a15-89ea-f1245818492a,1
Gregory Chatonsky,d7550b0c-0edb-460b-8d83-e21d76734b5e,1
Survival,a7987ab5-b19a-45b5-ae00-daa6fb15f130,1
Anonymous Masturbaudioum,8d721ee9-90b6-460e-8a9a-b93208e9ef9b,1
N.Y. Dux,16495,1
The Woolies,87f6492c-90eb-43ff-bb97-e2c1a1af9204,1
Big Jack Johns,16545,1
Thara Memory,2b34dc99-03b0-4f54-b8f5-a911cd04c954,1
The Drones,675,1
Digger and the Pussycats,648,1
The Double Agents,16566,1
The Naked Eye,16567,1
Nigul,5b716f78-05b9-4398-9918-39e161d224be,1
echosonic,16583,1
Heatsick,396d19ad-4922-48c3-8a09-b6ee6cbf7c8b,1
Nicolas Varchausky,16604,1
Klabauter,16644,1
epilog,a7945baf-4f4d-4f88-adcd-e0f4fc69cc5f,1
Filipe Felizardo,452e2b32-8397-4ee9-9c7a-621e40e47a3e,1
Rag Lore,840e5c31-bc35-4d2e-a7dd-867c6d7c89db,1
Clinton Green,378adadf-4635-44f2-944b-b0189f575c10,1
Vigilante,16672,1
Alastair Galbraith,68043bbb-0a77-44df-a7a1-7412fe6ff0fc,1
Mordant Music,6818afc1-6b5f-49a8-b7c5-82522aea7491,1
Lazurite,16729,1
Emerge,16758,1
Glenn Jones and Laura Baird,16762,1
Alberich,16778,1
Power Masters,16779,1
Dead Air,16788,1
Asa Djinnia (Tarek Atoui & Uriel Barthélmi),16844,1
Naval Cassidy,16842,1
Omegas,9089e892-798b-417a-952a-f3548356f4b2,1
Homo-Ambiens,f9ba8596-0531-4635-a6d2-4892555213b8,1
andrea pensado and walter wright,16891,1
andrea pensado and andrea de los santos,16890,1
Morlocks,b4af3439-6194-41fb-becb-332496164fcd,1
Florence Foster Fan Club,c7284134-9021-46f1-bd18-11b848999273,1
f.O.F.,a67195d7-3014-463c-b381-1ec4826edda1,1
Ehrfurcht Observatory,16920,1
Fågelpingis,16921,1
O.O.O,16930,1
Paulo Chagas - Rosendo J. Rocha,16932,1
Thomas Zunk's Inspired Machine,16936,1
Fisternni,78a5f34a-c2fc-469d-8787-9e743813b8c1,1
Vlisa,7eca2260-f550-47e5-9355-2f8b6611c6b0,1
Aylers Angels,17117,1
Rejections,16979,1
The Darkening Machine,17063,1
Rampant Decay,7d8499eb-79f1-43f1-9ed1-5de31423d7bd,1
Tapestries,00af1878-2f6f-4a1d-8be2-98dc3a166715,1
Matthew Austin,832371af-e80c-4701-9fcf-0d3c3ba529d3,1
No I'm Spartacus,17207,1
The Wilderness,2ff9fef2-d8d5-4a5d-a719-3311a5fad40c,1
Fioko,1dedbc4c-e7f2-4346-8fc3-5516103c58c9,1
Oliver Barrett,e7901ff4-6073-46b1-b536-4cf7c0087c0d,1
Joshua Wentz,17261,1
the bell mechanical,17262,1
Mike J Dayton,17266,1
PORION,5c03c458-4df3-43a7-97a0-fb62ff37dd11,1
Cosmic Sound,10496d4b-44b5-4a4c-8dbc-5ad44223aafe,1
Halasan Bazar,c17465d4-14ce-4814-9dcc-955a734fe4af,1
Orca Life,66b1c3d5-f99b-4070-9159-4c2300382625,1
Joseph Nanner & Vandal Hearts,17385,1
Verglas,73ee5549-ff12-45d0-88d7-14ee50f9a21f,1
Eye Ocean,17308,1
Palo Alto,b7f35687-ad5d-4bf7-afe5-a6e81708ca83,1
Carlos Suárez,17444,1
Jayne Amara Ross,51789bbc-486c-4ba1-be5a-32299778fed0,1
Jørgensen and Martinsen,d3957680-5df1-4a5b-870b-8e954250373c,1
Matt Chilton,b0bbf6bf-dd6f-4483-b2b0-e5ebc52996f4,1
Rasplyn,68505593-2e25-4c53-84b7-ea0d02fa0e57,1
Dino,17523,1
Adrian Chevalier & Evgenia Pavlova,17555,1
The Lord Of The Old Scool,17557,1
T.N.T,17561,1
The Kollaborator,17563,1
Dawn of Humans,1c22b723-bfa3-4f20-8e28-3d563a983357,1
Traumático Desmame,060cb46f-28ce-424e-8371-78d69d31cff5,1
Henry Adam Svec (Feat. Huey Lewis on Harmonica),17659,1
Debra Mann,404489aa-2285-4f49-bbab-e3b2d640947a,1
Christine Berger (feat. Ben DeVries),17669,1
Live Action Fezz,17673,1
Snow Drop,17676,1
Wild Indigenous Fred Haygare,17678,1
The Class,17680,1
Noise Burger (Tom McCaffrey and Dave Matthews),17682,1
Fred & Toody,d1164429-3873-48c4-afdf-63e1d37974df,1
Opéra Mort + Smegma,17690,1
BR1GHT-PR1MATE,99fd7545-40b4-4679-a95b-fba4f2ae8f46,1
Brett Moots,63505c2a-1969-4285-9fbc-0565425ecd32,1
EvilWezil,2bc97557-49f9-4b20-9eab-183d7a5cb58c,1
Petroglyph Music,17812,1
Barbara Browning,9242275e-344d-42cf-a2e3-a8ade0335938,1
Mother Tongue,17764,1
Spinach,17765,1
Brad Harkin,17787,1
H O S T,8c66584e-e4a5-4675-a62e-b81404e283b1,1
Tralala Blip,0f0b4dcc-df28-475b-bf7c-eb72deb3d6af,1
St. Paul,cf730257-1ea9-4d36-9bdc-f08012c4b2b0,1
Ama,10544,1
The Noisettes,2ed9352f-02f1-4b34-ab64-bfc077ed55bd,1
Patrizia Oliva,0d634886-9b2b-4139-9f43-453b75424e00,1
DOM 65,5e831194-0206-439b-b18f-29910eeacc0d,1
Poorpot,10593,1
King SlaFF,e0e8d9f1-d3b0-43ed-83d9-ab1353a50e55,1
A Far Cry,2d65c68d-8b0a-4ceb-85f0-c4c0dbbb46ed,1
"Dora Seres, flute and Emese Mali, piano",10675,1
Trio Mediaeval,10673,1
Moon & Sun,160704d8-6f37-4568-b0e3-1cc229929bab,1
Matthias Schubert,2d4dfbe2-32e3-473e-ac3b-ff284de30dfd,1
La Barca De Sua,22ec7765-f989-43ef-ab8a-dc6ec337a968,1
Natalie Weiss,10795,1
Darius Jones,10797,1
Stephe Cooper,cecd0925-2437-4191-a31f-1c745a2bb46b,1
Hokkei Trio,10799,1
Albert Benzler and Fred Van Eps,10802,1
Motoko Honda,0b80dad9-140c-4183-8fc7-6a156dc274c6,1
Sharon Cheslow (,9341d2a4-f8ac-4d5e-b007-71183018a0e0,1
. Julia Holter),45610c1f-41a4-44f1-9da6-227510073ffc,1
Base & the Superstructure,10843,1
Geoffrey Burleson,10941,1
Tim Berne,5451228f-9291-413f-981b-dbb3082777d1,1
Far Go Traders,10965,1
Sean Hayes,edcadc09-a913-4e09-87db-cd432d488b9b,1
Sonoi,a5d8b9fd-c621-4afa-9556-99a93c2ea24b,1
Midori Hirano,bb5b461a-f9d3-4937-9012-0fd331bf720c,1
Top Critters,11010,1
Cyané,11032,1
El Sagrado,11040,1
Smash Hermetic & Moon Gratte,11068,1
Thollem McDonas,11073,1
pygmy jerboa,11074,1
TILT Brass,11077,1
AlexandredavidgabrielInès,11092,1
Lee Hyla,fd70ba23-8b8d-42ff-89d7-b4b174417f0a,1
Cross Country Collective,702378a1-0a66-4d8c-aea4-50e01c0e7f2d,1
Morton Feldman,af7c27c0-d1ef-4113-bbd6-63e97963f434,1
Thelmo Castelló y Los Soundalikes,11317,1
Mundtot,d8b9d81f-6a4c-4aba-9143-916f8c70aa70,1
Dirk Becker,87049ddd-f03d-45bf-a5d6-5a90bc055afd,1
Fuzzy Tunes,98515e4c-21bf-40bb-a168-e94f1e2a3b4f,1
Neo Bechstein,848c4a96-bd43-4057-9f6d-c0e3687d5c35,1
St Sanders,11413,1
OS OVNI,c99acdd5-c7a4-4dc3-8fb0-c29eba7a80c8,1
Skitter,11456,1
Blax Box,11463,1
Doctrine,5f542565-1123-42fd-94a0-f8cf77d6b677,1
Tom Curitore,11495,1
Auditory Aphasia,2361d346-599a-4dd4-9191-85dad0981834,1
Phollox,0224c898-a4a9-45ae-85f9-bb8067266352,1
I.D.,11542,1
Martin Schulte,11548,1
Clapan,0cffcd6a-f0a6-4349-a547-ceb468e227d1,1
Gaston Arevalo,5cac2f9c-9e05-4879-8d64-40aa9a52c72f,1
Deaf Clay,11551,1
Lokiboi,35c8590c-5003-4b42-a790-e68c31d4882a,1
Derek Rogers,a49b062d-cb79-4aaf-a377-1bfffc5a9b53,1
Elaine Barkin,ec92707a-a358-47ed-943b-d1d567950595,1
George Cacioppo,c5d65301-299a-49a0-a7cf-4756db48a5de,1
Dorota Czerner,11690,1
King Cyst,2accf9b7-325f-4ea8-97b3-ed4acb58490a,1
Black Eagle Child,18b73d70-cf68-4676-8bd6-80dbc604225b,1
Nicolas Bernier,11713,1
Witxes,137d56ff-0cd2-4a94-9b52-d4e85285c3fc,1
Kim,11726,1
Ambi:Non,11739,1
Haunted House,c2da5eba-d83c-4e8b-bcef-bf69a9e5a67c,1
"Bob Ostertag, Otomo Yoshihide and Justin Bond",11765,1
La Main Traumatique,11778,1
MitGas,11784,1
Syrinx,11792,1
Set and Setting,fd7040ac-b063-46d6-acca-a2c171b9af39,1
Sundrips,99b3fcba-1fe5-423d-9cea-84cf2bf5424b,1
Sex Church,4c317e98-db7a-4ba2-aa7e-caa0e18ab67d,1
WOMAN,11934,1
Keith Fullerton Whitman,63ff523d-10c3-4e77-ae3e-fb410d2809e9,1
San Pedro El Cortez,64259d09-53e2-451a-a8c6-548998ecbfe9,1
Cholita de ChimbaChica,12009,1
Los Tucos de Cajamarca,12015,1
Andrew Cyrille,880e5e0d-d39d-44bb-b34b-9d12437a64b6,1
Richard Teitelbaum,8a67d10e-7f39-40cb-8ae4-020bdd56e9ae,1
M.A.L.A.,12037,1
Chapter 24,fb4bfdcf-a287-44bd-9a8f-447bb3c6c8d5,1
Hrönir,12107,1
Cadavre Esquis,12108,1
Lamppukello,6da2cd83-b69a-4207-a8a5-9b33fac4a403,1
Mac Temple,12111,1
Wolf Skull,12115,1
Medroxy Progesterone Acetate,12120,1
C.G.O.D.,12124,1
Eye Baba,12129,1
Chip Champion,3d8487a6-0f89-4736-8d35-bb47069d362a,1
Anti-Cheat,cad95674-6a98-443c-8d4a-c1f1086ddeb6,1
Silent Requiem,522af546-8360-4860-b8ab-818651231413,1
Jdub,12182,1
Little Super Human,12185,1
nanogrrrl,12186,1
Big Chip,cfb48e8e-6df2-4ab2-9098-4278ac63a833,1
Jason Hodges + MP Lockwood,12194,1
K-Holes,8b62404e-b108-4741-8f8c-818d925753fd,1
Maxi Prietto,12309,1
Richard Knight and Noise Research,12329,1
X-NAVI.ET,12333,1
Chop Shop,12346,1
Spheres,12361,1
Dead Boomers,196e7d71-6dd3-4ae0-b03b-aba0e77ef203,1
Heil Spirits,12366,1
GB,6222,1
DJ Lengua,61210ddc-71c1-4efa-825c-4b84ec9da0cb,1
Busdriver,ccd5bf1f-f83d-4e81-86aa-2aff85d5d6c5,1
Londres,ce17c6d3-995e-4b47-860f-908e28147675,1
Wadada Leo Smith,11ce83c2-1ae1-4958-a28a-b58e61a6fb60,1
Gail Priest,86c2864f-8ccd-4e65-83e9-1461414f0219,1
Wigwam,12447,1
Isle Adore,12452,1
Anna Chase,12456,1
Donna Hewitt,12465,1
Edison Quartet,3a77423d-0db4-4465-8306-926b7f063fa4,1
Secret Dick,12504,1
LaFam ft. Alphabet & Soul Afriq,12509,1
Dreamweapon,12544,1
Vanatei ft. Semi,12612,1
Spartak,9350,1
Actual Russian Brides,ff593914-a8c9-4d1c-8a38-2548e18af179,1
Lian Ray,f7ea28e8-1977-4d20-827d-452d2b904a71,1
Marcus Fischer,c5271ed7-bbda-4f16-bf55-cb248a532463,1
Warren Craghead,80292085-fb51-486f-8bee-c0cc89da0183,1
Steiner,b66c4fdf-4c01-44b7-a804-3cf2d7c4a8e7,1
Tom Vourtsis,e335a346-4f05-453b-af9f-f25889227edd,1
Linda Aubry Bullock,b7280993-625a-445d-be82-f3f7f7f6838a,1
Seekers Who Are Lovers,50424ede-7d7d-4fc8-b935-fa894017a72a,1
Vegan Cannibal,6e9ba04d-dabb-4702-ab96-06da55b05c1c,1
Lorelle Meets The Obsolete,0e826d93-0b1c-46c9-b1ce-d3b5a8e567ca,1
Par Ásito,b93a9b20-6e74-4f34-ba31-5fcbc1139e28,1
Ender Belongs to Me,03fdfce2-ea4d-4a7e-8062-d80042694834,1
The KVB,cec651c7-19f4-4965-9566-3a05024130be,1
Phillip Seymour Hoffman,12689,1
Danaga,711c6d1f-cbe3-4077-b951-c8d3fc3ea355,1
Autsaid3r,12702,1
Butchy Fuego & Heather McIntosh,12729,1
Milka,dec1ec29-69cd-4423-a847-a1e3ff54d92b,1
Donovan Quinn,b87f4caa-f22f-4a9e-9fb7-e00368fe0a46,1
Hacks,12805,1
Light Asylum,a077a16e-edb1-43b2-99a4-460cab3b6a6e,1
Grimm Limbo,499455a4-96e3-4ac4-ac19-3e5fcf548175,1
Vlada Tomova,2e818e14-2991-46e1-b0c9-c6d14fc09be2,1
Bonnie Jones & Andy Hayleck,12916,1
Brian Chippendale,2de5109e-2713-46dd-8de5-f64ee000da49,1
Camilla Ha,d8eb312e-07f8-496a-8e25-7f32406dfcf4,1
Leif & James Ritchy,12923,1
Max Eisenberg,12925,1
Michael Barker,12926,1
Pat Ptak,12928,1
Leona Williams,5157b8f4-15f3-4457-b845-d315e70b8098,1
Johnny Dunns Original Jazz Hounds,e88621db-2418-4776-b6cd-8262aa06468f,1
Circo Inverso & The Mystery Train Project,62f70a34-d7f8-4632-9b53-20ab4f2237fa,1
Citizen Crane,f5c68b5e-48a1-4d05-aec6-8e70f2a4917c,1
Grillo,00fd9d0f-9e97-4247-94b0-3d153e944c43,1
Mokhov,ebf6efb1-8d28-4990-8e21-c36fcca09574,1
Centz,bf4b51a5-f840-4925-8496-566b00c30a59,1
Pedro Tudela,86778ba3-a702-46e4-9948-8d338626642d,1
Johnny Days,12984,1
Marielle V. Jakobsons,c6ca5a48-b989-46f7-ad85-8eaab8540415,1
Highwolf,13006,1
Vortex Rex,652ef55a-c9f4-4010-b659-218c3456817d,1
Mexican Holiday,13016,1
Maja Jantar,b10ee403-8602-40ab-a947-eff5c51b909a,1
T Bird,33a6083d-7b54-49bc-a388-74a8f9b2bc93,1
Duellen,ab307ef7-cb24-4e7f-bd4c-7cf44c0e87a7,1
Anyonmous,13176,1
Isleer's Orchestra,13180,1
The String Orchestra of Brooklyn,13203,1
Dr Sakis,13214,1
"Daouda ""le sentimental""",0f4eac38-225d-4118-9de1-361302bb236b,1
"LETIS DIVA,",13221,1
Divans,13222,1
Petit Yodé et l'enfant siro,13224,1
"Emilie Mouchous, Simon Brown, James Shidlowsky, Alexandre St-Onge",13304,1
"Ehran Elisha, Harold Rubin and Haim Elisha",13317,1
speedy ortiz,4fbf1a3d-a649-4f8e-9ddf-347f6ba2d307,1
Cardinal Family Singers,13360,1
Surefire Broadcast,2fdc604b-aa8a-43e0-8597-5dead9b8451b,1
Cinemascope,13369,1
Prison Or The Moon,13378,1
Chain & the Gang,c748666d-f105-47f6-a5e6-04eb80ab4845,1
Literature,13415,1
Mikuś Meets 66North,13430,1
Kindread,13433,1
Dada & Faust,13434,1
Shan-A-Shan,98fca20e-98a4-4222-9d5c-e861904abfcd,1
Injham,bd117c8b-a25e-4156-b767-66e917803ad9,1
Puh,13484,1
Bad Bones,13553,1
Jacob Silver,fec7778c-587d-425e-9f7f-fcb2945abbfe,1
Document Swell,13558,1
Even,13581,1
The Love Letters,13596,1
Yoko Ono,b0b33754-a664-43b7-ba00-be0dc4ec2396,1
Plastic Ono Band,84f81b32-8b3a-4914-9cff-017a52f9d16b,1
Astma feat. Anton Nikkila,13662,1
Jealousy Party,79854601-e3de-463a-b741-abb091cb6dbf,1
Lode,13683,1
The Bell Maker,13709,1
Vurt,aeca73b0-e722-4b79-b61c-379e2c795193,1
The Blue Onesies,d533db6b-c5d4-472f-a897-d0d2fceb7020,1
Seth Frightening,b09b5d80-6991-48e8-a1fe-1f19f4451327,1
Chill Carrier,f9d70052-247a-4f50-a7f6-35b160fc2ccd,1
Mallory Sanger,13737,1
Malefique,2fe20b22-c03a-4d1f-8f29-192374b0e0cd,1
Taiga,3be8a778-3f21-4a2b-a191-eeb25a3fced2,1
Antropsy,b50f6149-7ed9-4679-9104-7bc70098543c,1
Pwyll Phoenix,13762,1
Piatcions,e83c45a7-1597-4a97-9f8f-cc04c20ab58a,1
Altaïr,aaae3552-3c47-40bd-ba51-6f7cdf251fd8,1
Maria Ghanima,49959bc0-f279-4071-9410-b648cc2d597e,1
Two Bicycles,5a901f6c-e1a9-43fa-acfd-fdc46e1506d9,1
Archos,13849,1
Lenistwo,a45f7d13-5f9d-4c70-b234-120a76e1ddb0,1
Noumen,687f0226-f44b-435a-8a6e-d64e5a045090,1
r.roo,31978b67-f540-4fef-83b0-d9de0723994f,1
Phylum Sinter,6888723e-ddba-4702-ad73-6c857662e967,1
Diemo Schwarz / Hans Leeuw Duo,13915,1
Jeva,13921,1
Viva Tosco,65153c7a-f208-4175-85cd-48832c0023f1,1
MarginalS,f751366a-2517-4af2-ba6f-73ce35fbdee7,1
Mecha Orga,5b91840f-60d0-49bb-96bb-b4f1e4e6f835,1
Roel Meelkop,1781f13f-dda4-4d7b-a77c-867d4e44ae88,1
AyGee Tee,13960,1
Fennel & Willow,13962,1
Quarter Pipe,13965,1
Module Module,467ee32f-718b-4afe-b081-c26c1e2d0ffa,1
Andersens,7871e667-71b5-4e52-b1a9-7cd6e3c126aa,1
Aranos,7005c6ec-8577-40b5-bfe7-76607b58638a,1
D Charles Speer,6bb6da5f-f856-4c52-98b1-e754ee874872,1
Dan Breen,,1
Stewart Mostofsky,,1
Salamander,14109,1
Chris Cobilis,c241eb31-038b-4634-8fbc-9b77356ca06d,1
Solar Barge,14116,1
Fonogram,90dc2369-9a49-446d-8dbc-a5bcbdc406c3,1
Walltaper,14144,1
The Starlets,14149,1
Kenei,dc79de00-c350-43f2-a49f-2a33515d1907,1
Didier Logan,14177,1
Dave Kent,14210,1
Space Invaders v Psychadelik Pedestrian,14214,1
Blu Simon Wasern,14235,1
Chris and Dave,14239,1
Christophe Guiraud and Ensemble La Grive,14241,1
Evan Parker and konstruKt,14245,1
Klang Zvuk Som,14251,1
Steven Pottle and SIFIR,14269,1
V.A.G.U.E,14275,1
Xo,14276,1
Alphabethead,4230560d-501e-4b3e-af2f-33cb4bb4dd82,1
Chronox,14317,1
Robert Beatty and Irene Moon,20792,1
Irene Moon & Jiri Hulcr,20796,1
Alex,20723,1
Gripz,ad5c54ee-903a-4abf-8ea5-44a41a4bb677,1
lickety,18866,1
The Columbians,20846,1
Barrence Whitfield and the Savages,7fc8b7bb-8690-4d6b-9c4c-d8131818d925,1
Marc Burt & Beat Doctor,20866,1
NNY vs Structura,20910,1
Alice In Wonderland Syndrome,4965319a-2191-42f6-8555-ffefb21a4c22,1
Katabatic,aebb58e8-68f7-4da5-89a6-fd9e03a9af11,1
Terra Oca,5f7d81b0-e87e-4a42-b05c-3773785ea9bc,1
Hyaena Reich,dea14316-6b5e-4249-9535-e23dbff98557,1
VortexSoundTech,7a674557-0de8-466e-b455-f7f84fbb19ac,1
BIT,da9ee8e2-7169-4e8c-89c6-896c1cced49c,1
Juan José Calarco,edb06e1e-db94-4b2a-9409-43e9d56129d4,1
Bad Poet,,1
Zoran & Borut,6cc66502-ed3f-41b0-b46c-9a0aa12e55f8,1
GAGU,25295ba5-c6c0-4080-b6ed-bfac2cbc2528,1
Metek & Pythagora,21041,1
Music for Rabbits,2b395d1a-0331-4980-9e9b-51fb71d62d38,1
Synapsis,f2162063-5132-4495-a86a-006a7b50a38b,1
Jovem Palerosi,688a5f80-10cc-4593-808d-fa9d7c437487,1
Valley Hush,f1170e89-c6ee-4ac6-bb8f-9f1ac979e40d,1
Broken Ideas,a0f6e7a3-413e-434d-a9c9-8b89ccec4a20,1
X-Ray Zebras,e65e92a2-cb70-47ff-aed3-a624a1561291,1
Bengale,66460d90-0c2c-4d45-bc54-da514fac764c,1
Rookin,b6952ab4-cddb-4d92-ad5b-035e9d8ca911,1
Fuzziebär,c00c9840-ed52-4e69-b231-2899caa05b94,1
Airless Project,414080ff-2446-43e8-a1b2-8b27db8dcf8a,1
iiney,80f27f63-b569-415b-bf4d-77fd6c19208d,1
Ivan Black,21172,1
17-PARAL-LEL,0aeebaae-7ad4-4121-bf9b-48d081bfbf19,1
I Transform,d80e237e-e8fc-49ac-a492-92dafa543145,1
Pulcinella,7e2c5b2e-cb65-4b09-b84f-bcbb44c25858,1
Douglas Ewart & Inventions,21197,1
rosalind hall,21250,1
Jerry Harris,21297,1
SLP + Mister Drey,21328,1
Pulse Demon,a14d275f-2047-49cd-bc2f-90e464cc0d8b,1
MassaKiss,21351,1
Just Men,21354,1
Darren Hodder,21382,1
Batala NYC,21400,1
Crystal Dreams,45d7500e-b30e-4fd1-b117-c0743d2d5374,1
Zenén Zeferino,b111c269-5a21-46cc-be3d-661352180964,1
"SUSANNA LATERZA, ALBERTO MOTOLESE",21468,1
Lauderdale,a004bd8b-71d9-4ade-9ec2-d9e128069f76,1
SLP + Derek Dick Decio,21475,1
Richard Lloyd,21492,1
Falter,21496,1
Jake Meginsky,67ef9920-9978-41a7-9f01-900a71d9d53c,1
Guy Barash,22a78550-fb90-43be-92ec-e9b7e5a58212,1
mekoisu,21557,1
The Pardos,daf9586e-dee4-40f1-9703-e8654721a315,1
Tanz,21478,1
John McNally,21609,1
Marina Carbone,1cc19295-c078-4c45-ab32-c50f5df39368,1
Ilan Volkov,7af3ddf7-a524-453e-babe-c99910b44411,1
Completely Fucked-Up Society,21689,1
Gábor Tóth,d6de31de-6d5a-496c-a3bd-361aaa230247,1
Alvin Singleton (feat. Sara Vargas-Barritt),21757,1
c. reider,c0cc6f09-259b-4c1d-b0fc-817655e0fddf,1
jeph jerman,ac5efbb9-cd84-4d23-bbb3-70e988b7aee4,1
Chicago Word Brigade and Brass-Lines,21776,1
Ten Machine,21793,1
Ziurmuzik and Nick Endee Ocitned,21798,1
E‐Coli,d0dccc73-b6ed-4b0d-8496-161cdc10008d,1
Phillips,4a270f03-7db8-41c8-85fb-df86b3d48e31,1
Hitchcock,0584e561-1442-46c9-9593-923c34571eb7,1
Injektah,0d283c31-c576-41d2-834d-fd6382c4e4e6,1
SKG's Dub Alliance,9fc9abd5-815d-4033-8a16-fa5162c258b1,1
DJ Rastacore,d1a5b2d0-10d2-4fec-aa49-dd88a4458e0a,1
Daddy Long Legs,22022,1
Dj Patrizio,22034,1
Static Means,845ead2d-523b-477f-baf3-41ae58b5bab4,1
James Linck,c41f3bcb-eb56-4cee-b6a5-42a6451c9d2d,1
Tercera Colina,6b684d99-9b47-43f5-8e7a-0fdef329762a,1
Fennec,f5fb7e5e-e8fd-43c3-b0fe-facc8fd38940,1
Dälek,618,1
Eric Braün,ddf531c0-51c7-4530-bc6f-1928f46c29c3,1
Noisedelik,46b9ca37-30ed-48a9-9940-23491af1af3f,1
The Serpentaire,22099,1
Südpol,4e71031a-f01d-44e6-96e6-bc55fb71dd25,1
HANDMADE,22102,1
Jeremy Hegge,983b6035-a3e9-4efe-baa0-e0e900ac2a3c,1
Peter Terner,da49e7fb-8a14-44e3-939d-f628b8d82537,1
Daniel Lea,405c766a-8ee6-4121-804d-82f5e0af9852,1
Massage,22220,1
Fire To The Stars,95249c3a-a23c-417d-9849-ba2db12fb71d,1
Palispast,22256,1
Zreen Toyz - Wehwalt - Weinberger,22266,1
Elder Flower,22286,1
Crazy and the Brains,a8749352-7a74-48ee-bae9-260b72897969,1
Dok 7,04cf276e-dee8-4773-a355-9c21ff46bdc4,1
Archy,47eba1ad-2ed4-475e-8cc3-f63f0450ce8f,1
Lenhart Tapes Orchestra,07f474cc-68de-4c67-b7b7-eae0ff47f77b,1
Modem Priest,d8611e6c-516b-421e-a94c-6cce7dd022e0,1
Nemanja Velimirović,be419b81-73a6-44eb-9610-e422ea6ffa01,1
ATC,408b2a33-d229-46a5-a361-0667bc616e34,1
kirill shirokov,22470,1
Lovesick,22495,1
Carmen Burguess & Evelyne Neg-Fi,22509,1
((Bohrer)),22531,1
K.I.D.S.,14517,1
Alexandre Navarro,13804,1
Virgo,,1
Stephane Leonard,a5fab9c0-bd55-4ca7-9cf0-3689faed9f44,1
doogie,14761,1
Dead Sons,0cf9cff4-4604-4c73-ba89-1e22c8b51140,1
Cobra Fist,14794,1
Ham Pocket,14810,1
D. Charles Speer and the Helix,90ef492f-5c12-4576-b931-0398c95b81ff,1
Philippe Petit and Friends,14873,1
06_Elements,14838,1
Bob Ostertag and Anthony Donovan,14851,1
Christian Munthe and Christian Jormi,14899,1
Ester Poland,b36b8b81-2723-474e-ab1e-b154069a6338,1
Tim Maloney,4cdc3084-509a-4f04-9c87-caae96f3755e,1
Ampersand and Anthony Donovan,16414,1
Bruno Guastalla,fe06dcb7-49c2-45de-bf0e-4e6ffb5d6d3a,1
VAZ,3032,1
The Violet Burning,2c0ec007-5669-4816-8a90-3b0ccd8c6c54,1
Goyo Naranja & Damaa,df29350a-f28f-4ed2-bab7-049228f748d9,1
Pellectronica,c6492555-3a37-4939-ba9d-f305dc4f15f0,1
Jeff Gburek & Filippo Panichi,21923,1
Mercury & the Architects,00fe101b-74f9-43f3-98aa-acf099902982,1
Zreen Toyz - Richard Sanderson,22267,1
Hillary Capps' Toilet Rock,12542,1
Bears in a Temple for Midgets,12537,1
These Animals,5b5db839-ada1-45f9-bba5-1a56452cc070,1
Sarah Fimm,e0f1a7e3-e22e-4cb7-9070-ef5c5d507d0c,1
Brock Berrigan,c10c7e25-78db-494d-91b8-3e66fb0fa021,1
Sick of Sarah,972828f4-af0a-4d1f-b27b-fb7d2aea7694,1
Speculator,12733,1
O Sonso,92c6128d-e4b6-4eb6-a862-234425124f6b,1
Malibu Locals Only,14052,1
Setamur - Pint Stevenson,17841,1
Rhythmics & Cat Like Thief,4ebe8ef7-f6ca-4269-bb40-909289f8dcf0,1
"Kirk Pearson, BIT",34397a79-d9eb-4600-b2c7-01b19ce14253,1
Myra Briggs,19622,1
Bwritten,472a9a34-1850-4a27-93e4-8426449702b6,1
211Joe,f1e0929e-4a53-44a6-a73d-9973ab31cb61,1
Cory Bugz,879444e8-c7a5-4e9a-a321-885fb3b264ce,1
bansheebeat,2619919b-279e-4ca0-be0b-3b4f155e2b88,1
Reole,23475,1
Sarana,23501,1
Kurgan Hors,23517,1
Bernard Massi,23549,1
RUSSELL BENNETTS RADIO BUKKAKKE ODORBABY,23554,1
Carton Sonore,ab7eeb6f-fb28-4577-85a1-3077c21061d1,1
Wankers United,b4afcfea-d281-4bab-a551-2a7740886baa,1
Fourmi,b2e851cf-c503-441e-aef1-abcd1c9af02d,1
Gorgul,23572,1
Terrificolor & C_C,23567,1
Syndrome WPW,4f0c6ea7-87f6-47d9-a6e7-0e95758ba43b,1
Paul Morris,23616,1
Stephanie Heaghney,55405d8a-26f6-4891-b403-91847c11c430,1
Chris Pitsiokos Quartet,23665,1
Yii,23774,1
Joseph Damman,23788,1
Zovi,20901,1
Lezet & His Nephew Vanja,23843,1
Penny Pennassi,23931,1
Animus Invidious,2306f039-e186-42c4-b0d2-c5703e287bae,1
hiyohiyoipseniyo,8d6a5ef0-7203-4f21-b704-7ec93b2f21cf,1
Sven Meyer,23966,1
3music,5e5cee1e-0b4f-452c-9242-81c155f670d1,1
d0x10,772c4da2-130c-4fc7-8bdc-eac1f5eb4c8e,1
My Anus Burns,23995,1
Iranon,2c4a94f1-c4ec-4c17-80d7-39618bcb5571,1
Skrubz,52d8f7de-f7c8-43b5-9cad-c68fc1e67786,1
Mass Hypnotized,55b804f5-e067-45b0-a8af-fc4de41a94df,1
Asmik,a738ebe5-6b18-4f49-a049-4a9710dfc0ae,1
First Dream,5bc9fc70-c712-4cf6-bfa5-a4d3e089de39,1
The Corporations Killers,b44a5fad-b001-450c-b820-401ec0740343,1
TheSonnyBono,fadb20be-12c6-4886-a4f4-20a83f64d514,1
Vi_King,30d4e44b-8949-4061-aae3-59f8bf543179,1
L'Ardéchois,6407a318-53a0-4441-a8de-fbbf0801580c,1
Sodomize Me,62bad115-9211-4b9c-a352-34d8aac835b2,1
Antoine Young,5230fb92-7917-4eb0-bae8-36626f48d3f7,1
Jamma Dim,d0c362c5-ec67-4ce9-b3d0-3f71526d0e26,1
Sid Yiddish,a71ae812-0b85-423e-8b8b-b111b00e2823,1
Moonsugar,4639c303-e646-4676-b310-99c777c5c814,1
Expert Toneless,4d67ca4f-e7cb-4c71-8650-55dd54de2163,1
Matthew Aidekman,e4052bf9-4f22-4f48-8638-b6b0ba265752,1
JimiMod,5d60e827-02af-4323-a62e-49cb7f70c29f,1
Pangaean Permafaction,55acd389-f668-4c6a-b18e-79a66c68163e,1
Ian Haygreen,f43f1dfc-902f-4ec2-9f88-c604cf2feec7,1
Programmed Cell Death,ea7cef7d-5176-4049-a50b-5def5268b755,1
Jean Luc Grodard,3dcf156b-a979-46c8-a907-ffe59826f8a7,1
CRASH DUO,83e25707-af0d-4c44-abb4-2956c7037204,1
Leth,848cfbc1-a08e-4fab-b2d4-2f4174ea51ed,1
S. LaRue,24120,1
Lien Vøid,9b12b86f-b1a2-4a83-9108-bb1f6d1b24ce,1
Stephen Shiell,75a41a29-6e6a-48fd-8624-022e9606afce,1
Doedelzak,2ead45f8-78f5-4ef2-b9b5-a25ded2fcd0f,1
METEK,aae8aad1-da38-4603-b4f1-2c5271d8e999,1
Missing O,81f013be-63de-4c3e-8463-27eb10168ffe,1
Jules Valentin,32f19b5e-718e-4ad9-b793-ce09db2380d7,1
Keith Hill,db9dce3f-0ee5-422b-bd4e-1b1cdccd5eac,1
Cut & Blast feat. Psychadelik Pedestrian,24240,1
Notch & Aerologic,24241,1
Cezar & MaCu,24243,1
Gromki Dot,24245,1
Luminous,24247,1
The Sovereigns,7795fb74-2f61-4ea2-bc69-25624ebb79a1,1
Gefilte Fist,fa07675b-a64f-4ff9-b9ad-7d6556b54883,1
Labyrinths Crescent Moon,24271,1
Saint De L'Abime,2911120d-ec26-4e1e-94b3-0a3063eef194,1
Vomit Fruit,24275,1
Isle of Deceit,24282,1
Gagu,25295ba5-c6c0-4080-b6ed-bfac2cbc2528,1
Clocolan w. The Nebyudelic Sound System,24322,1
Colours of Melancholia w. Nihilore,24330,1
Massimolotov w. Violeta Päivänkakkara,24326,1
BlackSunAeon Music,157yJzu2Q27PN05RBR1oTI,1
Knarf Rellöm & The Shi Sha Shellom,22612,1
Degenerate Art Ensemble,89d467e5-3d58-4d1b-96a9-9df98b5c1485,1
DJ Dude,22613,1
Urmal Vesnat,22662,1
Dr. NoiseM,7039ec3a-b609-4ae1-af17-5c718dc10854,1
The Muffs,22767,1
Violet.,22792,1
Angel Self Destruct,b6afd3ac-34ff-4b7a-afc0-a96c18a8f210,1
HIV+,128b2744-c6e9-4295-b175-cf24986f8600,1
HellAcimoy,8f97024d-1321-4a59-8125-9c3cb6d43a9f,1
Mr Fuckhead,22881,1
Rada & Ternovnik,22888,1
Lark Blames,5b7e1b53-5680-4ada-925a-e8f76bf04605,1
Obozdur,a3ce7a54-f892-4cdd-861f-ea9f0616b6ec,1
Penn Kemp,9c1d9631-51d0-44c2-b223-f0a6959b60ae,1
Chris Meloche,bed1ecbb-8dcc-435d-a879-9c33c70ef297,1
Thomas Wiracki,a4011bf3-ec87-4dc8-a23c-68642b2fc7d4,1
Astrogenic Hallucinauting,92e66a93-11cb-462a-86b5-be165d91dc9d,1
Finaldoll,ad62a51c-6fed-4f30-83b5-42a0d31756df,1
Hardleg,ca932f1b-c0b9-448b-b406-2d0cd066305e,1
Ratbag,10b80375-5141-4368-a0a5-271e77252f29,1
Young Egypt,ec1b2454-098d-48f5-8460-ecc5aab4d41b,1
Dr. Strangelove,f6734ec6-d331-492b-88ac-23d14ecbc838,1
Rivers of Ashes,d729a8d8-abf3-452a-871d-e71fa32a3233,1
Ayato versus Ghosts,22939,1
Bombyx,ccf75832-df40-440f-8fe8-3c3b87001746,1
Oscar Lopez Beat,0ff999f0-f739-442a-bf7c-bfdb1ba91aa2,1
6del,47b16496-bcc6-4add-8878-e481f16125d2,1
Matias Bagato,b46af037-6572-4bea-91ad-208b1ad2384b,1
Alejandro Cuestas,2ce8e4b3-75fd-40eb-9f20-74520979ac64,1
Blackula,b7ec1e81-00c0-47f6-b805-c192584b2bf5,1
Fagus,8a2594fd-f4e0-4591-acf5-b75745f20213,1
Ron Paul,54f796aa-ae05-4f80-b506-56935a7056a7,1
Bill O'Reilly,844b6082-4346-4437-a762-ab6adcbf0332,1
Rick Horton,7195b60b-0a90-483c-afae-5205ad53fa77,1
Johan Ess,c99303f0-1de6-48e8-8b46-163772c48228,1
K/W/A/Y,e3582bbb-ecac-4fb9-9e06-194103861f72,1
MeInTheBath,56b2537a-cbab-40e6-a257-482666d1f7fa,1
Daevid Allen,77e112da-5529-44b9-b957-bec3c3105440,1
Kwisp,cbeb0591-2303-4c87-bf6b-470e233f2b14,1
C/UN/T,2769f0e4-de49-4d64-8c6d-bafcb57a7bd8,1
MaQLu,e2d99ee6-9334-4224-88bc-e2cb50acd7cd,1
Nive vs Zeru ta Lur,23101,1
Vukovar,23151,1
ouri,8238c68c-32dd-414d-9321-16f80932328c,1
zohara,23163,1
DRGBL5,39ce74e6-2725-4011-bdcd-e52a6a0eeb22,1
Maja Delak & Luka Prinčič,23180,1
The Hermit's Palace,23184,1
Sisu,058eb813-28b5-4817-9ba2-0368fcc5d5d2,1
The Myrrors,ae5373b0-7fee-4a80-a875-33502aceb8c5,1
Levitation Room,2cac95ca-5b4d-4864-89a4-fba2e673a843,1
Boat Burning,71a174db-a8b6-424d-9b7a-246c80ccf4e5,1
Ethnomite Pux - Parrhesia Sound System,23270,1
The Finer Points Of Sadism,ec41526e-0f5c-4c65-9f93-3ff3a3ffb2dc,1
Wehwalt - Ardleg - Yoshiwaku,23279,1
Charles premier - Yoshiwaku,23286,1
Sounds of Sputnik,cdfea35b-dd1a-45af-99ea-f5a19cf023d5,1
Maina,23297,1
Psyloq,23300,1
Robsongs,2026cfb2-5fe0-4c19-975a-3e2b85361916,1
La Katla,23306,1
Crimson Muddle,5928116e-ad32-4e00-8ef4-5ba1722cc348,1
Nameless,23308,1
Aghiatrias,eed8b8dc-9424-49b3-87e6-32f190d24a22,1
Julianna Barwick,ba49bbe3-188b-44d7-95f3-92ff9939af28,1
Peals,23174,1
DivineBrick Research Productions,23354,1
Sun Om Sun (Moon of Baphomet),23359,1
Morogh,4e539b19-14de-4e67-b664-5a3970603c4e,1
Hippies Wearing Muzzles,2d9e405f-798c-47b8-acd9-e4c57ed9c334,1
Csillagkod,226251b5-d28a-47e8-a7b0-59e0e73214fd,1
Deemed Unsuitable,23406,1
Awp,25285a53-3b67-4c60-adc8-ead59fddd809,1
Aagic Mlex,b5d89487-0591-4e87-8de9-4363308da942,1
Achim Bloch,5225a87e-d3b6-4f0d-8c55-0f110381836c,1
AtOm_AnT,fd8b8ee0-bc44-46d7-bd3c-93771fa8bf71,1
Dr NoiseM,7039ec3a-b609-4ae1-af17-5c718dc10854,1
Eigenheimer and Ynoji,4efb2af3-6cc0-4f78-9db4-a6e3b79d49de,1
Ynoji,14187599-e262-45fb-b0e5-f28a1b179de7,1
Kri Tik,3a051b18-e941-475a-9991-6dffeea80096,1
Monster X,8cbe02b5-a1f8-4aeb-9652-2d337b8c644a,1
MTCH,9db6047c-d9f7-4ab8-a88d-ec48a6df179d,1
Solipsism,4718a2ee-be31-411f-9732-e14964d7115b,1
Sun-Inside,4ea05ec7-7a26-45ba-83a6-80c62483e85a,1
Vukovar,f0a3f979-f3f3-44b7-8aa9-cb59d5876741,1
Rose McDowall,aad85c3e-48d8-43e9-876e-49bafba607b2,1
Punkt,da5b7f9f-322b-47b6-aa58-8e531d7024db,1
Heaters,d2f7d67c-6c4b-4b37-8a07-18c70b5d6b50,1
DarkbyDesign,9783505c-a7ea-43ed-a3d8-73d23e97ba3c,1
Dr Willis,0099d1f5-978c-4936-9156-1a062972ee12,1
Atelier Clandestin de Transmutation,23372,1
Yan Terrien,22520,1
C Joynes and the Restless Dead,b2b76366-97c8-49c0-b4ad-1792782c4d43,1
DÉSIR DE MORT,aeb8ae63-0d37-4cd5-a679-f0dcc26fd329,1
DJ /rupture,661,1
El Hijo de la Cumbia,e122bd0c-ec26-491f-ad0b-dbc53a04e9c1,1
D'Aizl,a905aebf-a362-4b31-9fcb-1fa833dc85eb,1
Zenith Pitts,6308,1
Vess Osman,6318,1
New Mexicoe,6338,1
Iambic²,53031a69-b1c5-4c90-84a8-ca2c74429c2e,1
Quartet San Francisco,b265ac4f-6c61-467e-ad23-c0ecbed8cd1b,1
Robintone,6377,1
Ben Frost,74ce8ef4-7ad6-41ec-92a6-d6c50ecd1637,1
Hosomi,12a9398d-f33b-4483-bf7a-2aae890266a9,1
Strategy,176d2217-11a2-40ed-bd72-6d16769fe044,1
Tomasz Bednarczyk,3f97a0d0-8b43-432c-bdc5-ebe722379848,1
Benny B. Blonco,38db5c6a-f17f-4348-be64-3b29079e20a6,1
Himuro,6e5ed31b-daa6-4c3e-a019-31d42ed351ea,1
Ghosts and Strings,6440,1
Edison Promenade Band,6466,1
H. Benne Hendon,6470,1
P. Frosini,6472,1
Arachno,2d81bdb6-73d8-430f-abcc-0cd266383b34,1
143,e5df9f33-4c0f-4851-bb68-f638b2a804e7,1
The Warm Feelings,6553,1
Alexander Kibanov,81516689-63dd-4b8a-9296-b578a0e0061a,1
Алексей Бортничук,9524777a-ff36-434f-b26d-ca8ace587621,1
Cisfinitum,b81fca62-31bd-4b78-8d48-9e5d38dcdc08,1
Hutopia,c3c8e59e-503e-412b-a579-7a36b4081328,1
Critikal,af601cb0-252d-4b48-853e-7c4a7896b95e,1
Our Last Hope Lost Hope,5667e48e-eb58-42e6-bc9c-f3632a0a1cb4,1
Bleeptor,6672,1
Machinedrum,d1785218-d8f4-4a83-a33d-8cf737eef918,1
Caural,e09983cb-182d-4e45-b085-664800953cf1,1
Shinkei,cfe8aa03-ea15-4408-8ee6-79d3e4439c5b,1
Brutal Hate Mosh,06cc3fb5-0ad1-4926-ae09-9b716b5bbd57,1
Sally,6823,1
Devotion,6832,1
Alex White,6888,1
Kusum,6911,1
toyzRme,0401c16a-54bf-428f-aa17-3ab98b7f6219,1
Eustachian,207458fd-d645-4ae2-9974-c6fa92a3865c,1
Jacques + Elel,13b2e6a5-9303-48df-920d-2ce1fc7abf29,1
Inara George,42d2d6bd-e942-4e75-a8ca-b54c61be90ba,1
Scomber,37907f34-08ec-4448-ae8f-4d54ccacd39a,1
Seijiro Murayama,9bf9d302-9251-43b8-a0d2-d4f8a838f0d6,1
Alps,7090,1
Coasting,7104,1
Island's Eyelids,da6e8657-f99a-4b50-b24c-92df930e20e8,1
Fly Lazarus Fly,516a4718-076d-4937-bf75-4aeb3a141c08,1
Lena Selyanina,d3de9f1a-bd89-4839-acc7-2c5a8723a851,1
DoKashiteru,e5e7750d-0bf3-44d8-8a44-3cd74db5c787,1
Dharma,7197,1
Frank Bretschneider,7156,1
Heribert Friedl & Sascha Neudeck,7159,1
Taladro Supremo,7210,1
Mo'town Junkie,9917280f-9609-4e3d-9917-7ae4b877892f,1
manuel de la pileta,7304,1
collectivo no,7312,1
los pastores de gelatina,7315,1
CCOYLLORCITA DE SALCAHUASI -,7324,1
san gabriel los originarios de macha,7327,1
Dither,0dad0818-3800-46ce-95ba-eb310894c0a2,1
Benji Hughes,3a4dbe08-8189-4207-a92e-93c6a054f71f,1
Ana Radar,6256,1
Bleeptor V. Telescope,6257,1
Dani Shivers,97f36d8d-41de-495c-b8cf-edf692151b03,1
Desolate,6260,1
Quiero Ser Bonita,6265,1
The I Forgot,6266,1
E150,7511,1
Percy Wenrich,5e04beb6-cfba-4fa1-b8e8-ae1b58a995d6,1
Angela Valid,7552,1
Reverend Kriss Hades,3689f5ac-068d-44e6-bf54-44613a57aeed,1
Traqueurs De Combes,4a277dd1-9724-4ed0-a072-b25852ecaee7,1
Vladislav Nogin,7576,1
Familiars,7598,1
TB,ae7f39a2-baee-4f64-9da7-7f38e376f6f6,1
Cornbeast,20bcdf40-b23f-47f0-9da9-4a944199c9bf,1
Dadub remixes Arrogalla,7648,1
Hyqo remixes Arrogalla,7647,1
Volatil remixes Arrogalla,7642,1
Marguerite Farrell,cf55555e-dbc3-4cca-98e1-2b6a43fd7dde,1
Jim McAuley,15516ba6-8433-4ad4-bf48-1db64a172a70,1
Andrew Pask,5132114a-5830-4955-aa5c-1e350a8ec844,1
CAFFARD CARRÉ,7830,1
Baghdadi N,7777dd5f-6db9-4647-a56d-56f743f9a402,1
Modul,06e3ae04-031a-4fb4-a46e-ff163cbe3266,1
CD-R,bef0bcd2-fac4-4661-84b1-34198fe9aa41,1
Derek Monypeny,c3b23292-644d-4d40-9890-8a67efeda726,1
Dead Western,6e6886df-b38e-4ade-9b1f-b2acb9463e58,1
Ciervo,7866,1
Pacotiempo,7865,1
Three Is a Green Crown,7930,1
Toro y Moi,3a6d6481-142d-423f-91d4-55bbfff318ed,1
Mendhoan,c9955b03-6096-4c93-92bf-85a51901c88c,1
Bitluzherbip,d3b06c7e-cd67-40fd-9448-cbb06be726d6,1
The Present,7980,1
Adam Kroll,7983,1
Dubbwune,7984,1
Rigorous Intuition,7985,1
Mantra,7988,1
Liliom,8a198ff5-b2f9-464b-abcc-8f15b8e59390,1
Cloth,8038,1
Kirbi a.k.a. Denis Fomenko,8040,1
Chantal Goret,0afe89cb-27f1-4798-a788-203c8ac2c784,1
Donny Karson,8087,1
Salabalek,23708ace-a08d-4be5-a687-aea232f53f49,1
IJO,28d34e5c-fff8-427a-b3fa-020abf1f692b,1
Harry Poppins,dc37a347-3a6e-47a2-a92b-d941ae5d3ec0,1
CJ Lavoire,fe4cc0f8-f3f1-413a-b530-9161027e887a,1
Lo-Bat,1b1e1207-d127-4d50-a2d1-fb5d55b26066,1
Boy Without God,cee4441f-27a2-4c8c-9026-d9a2a6536d1b,1
Inner,8169,1
Vlad Caia,bcd83ccc-b294-4e64-89a5-044812cbf056,1
Strayfolk,acfeb974-9d15-4ae1-b16f-e77acfcf0c4a,1
Jason Hunter,a1f6857c-6750-4385-ad9e-4f843d9d4ad1,1
The Great Red Shark,23895858-b976-4fba-89e8-65ca054c595a,1
Desmond & the Tutus,13ae3bb0-be04-4c16-9777-680b56df7403,1
CONCHACCOTA PROGRESO GRAU,8257,1
Jan Jelinek,ac9b829e-9a7c-4331-8abe-ab1eb49d1771,1
Yakuza Heart Attack,dbb036af-9149-4a2f-8f3c-99accb3e86be,1
Rico Zerone,def88929-c322-4beb-8996-5d8bff043391,1
Randoman,aa050329-717b-4616-b6dc-d842b831b555,1
Michael Fakesch,9bd9cf2b-7613-416b-97ef-814f0300e5ee,1
Leon Somov feat. Jazzu,e575af4d-045f-4554-bd59-58edc115028f,1
Zulusas,f89cb059-ccbd-411f-9bf1-855ca4c6b521,1
Esem,151615c8-9095-4041-bfc6-2ff44badb813,1
Alexander Daf,9dd6b4fa-f9b5-4355-875e-f2fd87a6c91c,1
ENV(itre),c035c1f5-da85-4ac2-9192-c56f95d01062,1
Judenfrei,8406,1
Beentjes Donovan Johnco,8511,1
Sun Inside,4ea05ec7-7a26-45ba-83a6-80c62483e85a,1
Pornophonik PK,8530,1
The Icarus Wings,38f9d5b7-05ae-4944-be4f-d9db1aa0edc8,1
YsiK,7b574e1c-714e-47c2-879a-8c66550b37dd,1
Mystahr,ba710c13-771f-4f5e-99fe-23197cb73571,1
Chaos*Majik,e5a2409c-0e56-4bb6-80be-d532c6172c56,1
Captain Banana Hammock,8633,1
Giraffe,3735,1
Petar Alargic,a93767db-a919-45af-9ac4-49be5690a666,1
Gamml,0d3fa00c-5592-4f10-8ce6-eec82ce8c003,1
CriadCrias,8772,1
Moloch,8821,1
Anti-Matt3r,8823,1
God Pussy feat. Kalvarybass 666,8830,1
A Lifetime Of Trials,8834,1
Post-Musicalisck,8837,1
Lenkei,1218b4ec-8280-4964-9855-95330e2634df,1
[Not] Daniel Johnston,e6af3a64-96dc-465e-9b71-2b8596fd0abf,1
Miss Massive Snowflake,c854d8e5-e115-41ca-acbb-f8485d0d54f4,1
The Wades,1810,1
Arbus,616664dd-6331-41a0-bc37-b0db75f91b8b,1
Tara Vanflower,43ceaef8-0d3d-4cb2-9ff8-48ab01ed7fbe,1
The Elysium Facade,b28d8edd-c446-4f30-9097-f36dc68bb51c,1
Port City Music,493cf770-7482-4a5f-bbfb-229ea13fcc07,1
Nigel Simmons,93c48a0d-7ca0-4a93-92bb-1990b04db14c,1
Amorphedrine,5f5d14ec-b908-47f7-8b6c-0ba5f79dc720,1
äNACRUSä,b0040597-e725-4d64-aab0-90b9757d5634,1
ca$h4otters,2723c537-e007-46d1-ad69-55753816dc21,1
GNG,a0bc4c4b-8eca-4d46-8bd4-d312387e13f6,1
MIRG,155a97c4-f4f7-45c1-a958-0b68b9772e81,1
Monsieur Zebre,176c8284-4c65-4793-b61e-942e67c3ffd0,1
Das Rote Telefon,d74044a8-644f-4ed4-905a-ca6fed14d77f,1
Anat Spiegel,9048,1
Silence Is Full of Birds,b0422a23-6caf-4386-98f3-3bc4058bf019,1
Petra & Nobody's Bizness,60ae73ab-8095-4013-a0b5-4c13a95b66a0,1
Bildmeister,ea64f054-220e-4f4a-9354-9610b13a4bab,1
Lunice,6fb9bcd1-7ac8-40cc-9c4a-cba4c91e9c23,1
Invisible Inc,c0d19cea-fc04-48e5-bd01-036747753692,1
Cohoba,d622e858-744c-4014-8695-a91dd20bd673,1
XLII,47ef4e69-685a-432f-a9f6-d794522bf0fe,1
Alex B,9247,1
Flick Brown,9256,1
Ghost,ed81302a-c095-4f0d-a243-ec362956fee7,1
Chevo Légé & TVLASUNOR,9268,1
Pythagora & Pilectro,9273,1
La Niña de los Peines,00010eb3-ebfe-4965-81ef-0ac64cd49fde,1
Bluntspeakers,9306,1
Verlustprinzip,a321122b-e9eb-4e3b-b0f5-915cba63aab6,1
Sontag Shogun,6160beca-4623-4b31-999e-431a229883e8,1
Altf4,9340,1
Dubosmium,675ef2c0-32cb-4398-85ea-7e8e6cdf9983,1
The Fuzz,f44f335d-b1d6-49de-a6ac-8ae8b61794fe,1
Easy Action,482cd3f4-3b4a-4de9-ae13-feb0a8d69f9e,1
Mark Cetilia,47a88b6b-9377-4eb9-b9a0-ab81d33b1fa1,1
Barn Owl,9445,1
Vulnavia Vanity / Ergo Phizmiz,9464,1
CIVIL CIVIC,6db65f03-207a-4974-86d8-6abbd471a649,1
Werken,1f39e653-d36b-4da7-a443-ea3aa3361d40,1
Aless,9475,1
Hi-D,9494,1
Drugs Made Me Smarter,537b2a26-7c43-426d-8b08-4b90a118d317,1
Francis J. Lapitino,89557479-c735-4f2d-a54c-bb37dd4a9dfe,1
Harry Macdonough,f750587b-b737-4c78-9024-bd9c078f656f,1
Venetian Trio,1dac8cb1-22ca-436b-8eff-602451bbf4be,1
Southern Shores,559223fd-d257-460e-a99d-ea81729e647a,1
Marc Hoogstad,9597,1
The Corin Tucker Band,055550f9-b432-490e-9226-4c6932545b6b,1
Taschenrechnermusikant,21fec3ec-4281-4027-b8a4-1e227a344e4c,1
Unique Matter,ab86d937-ba35-45e9-b754-b7c054a2a9d1,1
Anakord,ac9bb853-e414-4212-85d2-a97ed95bff0d,1
Makkadessia,ca41d9d1-8a32-4fc9-8ea9-ff646763dff9,1
Lovis,9676,1
Wan,9678,1
Marcus Fjellström,fa908917-2f10-4305-8737-9531984ae7fa,1
Ektachrom,9692,1
Zia Hassan,9764,1
Bob Dylan,72c536dc-7137-4477-a521-567eeb840fa8,1
Tom Ackleberg,b5e627dc-25ef-454d-b115-1727853b214f,1
John Ming,02f95fd2-ed43-475d-bf39-0648b92c36a6,1
Fabryka,f92386de-aaf1-4742-9e7d-333bb562d800,1
Juanita y los Feos,247276f4-3b6a-458d-ba9d-8f003377945c,1
Jessy Bulbo,832e597a-2e4f-4e86-88d8-3b3b2444df2a,1
Album,9899,1
Kohlensaure,9936,1
Architect 25,fbba7ffb-9b83-4026-a35a-f9c92529f4ab,1
Bersekutu Dengan Disco,9867,1
Karbala Bukan Fatamorgana,d02dbb8f-8d8c-45c2-a551-9458aecb8b11,1
Michael Lambright,83373aff-f558-4cde-837b-37f08a15f707,1
Pop Winds,60c8df0e-50e7-443d-a23a-68e9664c1d46,1
Teddy Paçoca Preto Loco e Renato Fabbri,10069,1
Shigeto,9006da5a-73cc-4b98-9395-78570b827fb1,1
Brendan Paxton,77f79375-20a8-4214-bdc1-3fa88b7671f7,1
Fjordne,1f7b38af-2147-4b73-8a7f-1a626262a209,1
GoGooo,e2e32179-edc6-43fb-8d81-a2db4c3bf9fb,1
Ø +yn,4538e4ea-fe82-4f5e-8f20-5ebdf68c3153,1
virt,1a054dd8-c5fa-40b6-9397-61c26b0185d4,1
Seiko Kobuchi,58808612-552c-495b-958a-a603d9dda454,1
hizmi,92e79f89-f59c-49f6-b7e9-47054dee62f1,1
Dong,d12e55b2-bc14-42b7-80a0-65bde5c0074d,1
Hex125,72718c56-a958-4341-aab7-72f10c1bec5c,1
Zedika,10238,1
Incendiary,b902565b-e05a-4ffa-8570-b73fa5e8ac68,1
KiTzU,643f62d6-b9cc-4f71-bf60-3ab7345d8518,1
Giovanni Cipolla,10347,1
Joanna Sandsmark,10348,1
Michael House,10350,1
Federsen,50b83b8c-1499-474f-a534-770c6f669d8d,1
Joltask,da9671d2-ee3a-4bdf-824b-0666175f78ed,1
Miretz,753f5d76-fa97-464b-bea1-60b357e0e874,1
Nisiru,70f4a4a6-5852-4dbc-9ade-30e12b0d8063,1
Michael Kelso,10420,1
Bobb Trimble's Flying Spiders,2e7a8101-9e28-450c-847e-e4ef8b3874b7,1
Where Everything Falls Out,10494,1
Lauris,91ea4421-5418-4aba-a1c5-c076b0be1532,1
Kommissar Hjuler & Frau,a666155d-62b7-4769-b185-aaa999506f3b,1
AQM,6eb8b464-db3e-4cdb-b196-5aa260e81b66,1
Big Brother on Acid,2ee438f5-cfe4-4ec4-80ca-52f4b072464a,1
.RR,8aa011d1-70c6-4b7b-aeda-3ab5f50f77c0,1
Cheika Djerba,1993,1
Quiroga,a6fd3d64-43d6-414f-a8a2-0b45553b1c84,1
Simone Pelliconi,49556a33-a5ae-4ce8-8027-6f0f06b185bc,1
Lucamoka,0b74351c-803d-423c-accf-7bddff3fd2a1,1
Eniac,9b3d348d-b9b2-4041-b169-53a4d021902b,1
Phooka,65e2efa0-ab54-4ec5-b78a-d2fc58f5c26b,1
Hirnlego,2a7b7f60-5192-42b7-8d55-17a4f1b86185,1
Maria Alice,2520,1
"Tefanake, Reia, and Moratai",2553,1
Kunai-sho Gakubu,2559,1
Raoul Journo,4a598c55-0e0e-459d-860b-1d1c21e5fa83,1
Septeto Machín,2578,1
Pandit Omkarnath Prakur,2632,1
Steva Nikolič,2636,1
Jararaca e Ratinho,2858,1
Ustad Abdul Karim Khan - Bhairavi thumri (adha tal),2860,1
Parush Parushev,1563e379-c220-4456-874b-f6c6451eedb8,1
Brüder Baldauf,2867,1
Zainab Palvanova,3552,1
Lili Labassi,96620d69-1abf-40ac-b087-2dd0c39e7e31,1
Céu,7739f53a-f809-48a3-942a-fbea493f0a17,1
Dyad,7806,1
Yeepee,94862d89-4aa1-4d65-b3dd-52b70267b2f5,1
Andre Stitt Vs. Brothers Peeesseye,7850,1
Pump Kinn,a1a0e536-5ab9-4ffd-9a41-803b33120cb7,1
Sugimoto Taku,804b1081-b5cd-4f13-baa3-b0ff46a86292,1
Reiky,1ebb2cd8-dc4d-4fce-8381-cd4f5ca7942c,1
Deto & Gleam,6b609675-b9bf-4b9b-baef-21a90f2efbcc,1
Papa Onta Cult,9842,1
Tiger Flowers,bed7ecf5-a20e-4e24-bd25-90b800e52e21,1
Black Anvil,434feab0-1e1e-417d-9822-7fc3a45019f0,1
Moth Eater,2389f9f6-c848-4ee7-ad0c-5ceb22c4dafb,1
Empyreon,ac55772d-d9fe-431e-9a8a-75c86ef9592a,1
Abacinate,81e3f1d4-09a9-4df5-9acc-609133f84bdc,1
IKILLYA,c5b5ab02-839e-4712-be5d-bf45f98e6938,1
Atakke,4b423444-ec05-40fc-90e6-ea2073b2924f,1
Scootie,a7970976-0cc0-4434-aa13-68115e8bf3aa,1
Moufteef,c92b9cba-4dba-4631-8eaf-74731e58e9e2,1
Carpet Brick,6e0e70db-ea95-420b-8008-983dee586b37,1
Mono Scarves,504f61bd-c352-4b17-b538-c90dd11e0800,1
NOS Project,e89fa88a-61ac-4e44-ba6a-d06b9dd0ce37,1
The Points North,9a4164e9-7717-47b0-bd0a-763f4ffa56d3,1
Doll is Mine,18163220-778b-4a54-857f-df8424727c26,1
Palsekam,5c477fe1-d544-4f01-b2b5-684c5792c4ad,1
Nootropix,d568a755-0a23-483b-8ec6-89d914578113,1
Erica Fink,8dacf86e-81e4-4296-b8b3-10187c5e5d74,1
Abinadi Meza,41825566-53ae-4fdc-88c3-42cd8c0912f7,1
骨架的,420d78b9-5d50-4cdf-b2a9-dd8102d341ff,1
Mitch Esparza,14d52515-bd09-469a-8f70-a81dfa9e756b,1
Grafvolluth,f837c5b3-76e8-4bf7-89be-14d4f3a607ce,1
kloudygirl,aa33dadb-55b3-47bb-b7a3-e3fd6cc30d16,1
Alvari Lume,6d3664a9-69ff-4ef8-b26b-8f81542a0db4,1
The Lounge King,f2f43a98-b54e-43c9-bbb7-3d581e916bdc,1
Brk'n'Wicked.,65017b22-32f2-4938-8384-de0986488ff1,1
Avery Trufelman,6c57f4a9-3a80-4033-9910-e53d847adfe7,1
The Mystaken,c2a75f22-6d88-42eb-84e5-9280b2a26ec0,1
The Lords of Gravity,419af78e-6b94-451c-9b2a-3ff20294db29,1
The Kamikaze Trio,68b47b6b-7da6-410f-83e4-00e4626d4d4b,1
Drowning The Colossus,b3bbb5ae-e703-4eed-9503-7d08e8499546,1
Harold Schellinx,7991162e-0f92-4e67-b8a0-188bd4719d7a,1
Jean-Sébastien Truchy,9153cc49-ea5e-4c99-9493-e313cef026f3,1
Abandone,2e82c40b-48b1-44bc-bda1-d81da308c764,1
Justin Clifford Rhody,0eb1d794-af05-4f5e-bd85-c8128415e868,1
Nova Scotian Arms,986fb32a-f632-47b4-8488-8b2f8418cf75,1
A-Rec,472cd6e7-8c33-4507-8799-3f12c40aa590,1
Wood Made Sounds,98bd51ba-0f76-4d0d-8d87-770323b92553,1
Captain Comedown,b37d283e-ef48-4d34-93b2-0193f474bb08,1
chibibo,32292942-da3b-4b7e-b5fe-26bd0ff39ec0,1
Onkyovizion,e033b9cc-5089-40d2-945b-3277e7e3fdca,1
Morning Stalker,0ad3bf0f-2942-43e1-8008-8370e56dcab3,1
In be tween noise,655e5798-aa6f-4823-87b2-14fbb6cc7524,1
"The Wolf, Death and the Acorn",6bacee58-da90-4adb-bbce-1af79c5edbf9,1
The Evolutionists,88aafdc5-2b71-4957-8dd0-a890696f1047,1
School Knights,7d4aa2ef-4526-44d5-85d0-3a2e45ffb242,1
Katherine Chi,3272862d-3196-4457-b3be-f44726e52210,1
Sam Gillies,aebadcc8-b537-4188-a4e2-d9f065e031a1,1
Brainbeau,65b5b859-4232-4f0f-8259-26585153c2a3,1
flady,16effbcf-c02c-41c1-b284-9d1cbaf8a296,1
Margaret Noble,3084577f-380a-43a9-a092-16b2cd2661b1,1
P7R7L5,a5a4cb0b-dda2-45f5-ae51-05bd4872bd6a,1
Breaking The Will,34225e8e-039a-4e7f-a792-460ffb3c754d,1
Power Monster,63c1440a-d0c8-476d-a12a-d95ef10ff699,1
IV Noise,a9f61a7a-ff89-4b85-98e0-0eaaa4b6282e,1
OsO4,3c31871d-9afc-4075-883d-67f0bc3dfbb3,1
NVR-NDR,9407a74e-388d-4813-a643-8e400e0a542e,1
R. Lobster,f474bca3-4e79-48c5-b33f-f89bcf7cd657,1
iampervert,eb30e90f-df8c-4448-bfdb-a7a0df0d8d9b,1
Ninja McTits,c0bd0de1-3236-4e60-8155-228dac45671b,1
Kamulja,d148cfdc-af83-4a5a-a414-3047c79f8f82,1
Mariann Käfer,5d2dea35-cc8e-4359-8a11-3cc9610370f9,1
Polymagoo+Commando,b3870644-9fcd-4550-9c79-0a53784a5539,1
Castings,67945e15-82fe-44bc-8dcb-e5b57b50534c,1
Martha Moopette,a2666b62-f6a5-40ae-9fb6-186ee69f9814,1
Burro Music,0cc0bca8-7670-4bbf-a39b-ee16fa437d13,1
Ramon Strapado Handshake,502cfbe8-e368-4361-bd41-ed057f3680cb,1
Knut Åsdam,5910d0a8-a7d5-4cb7-a2ff-a12dfae3b424,1
Rebby Sharp,0cbefdca-022d-4c73-bcdb-997596196829,1
Glory Fckn Sun,f1adf8b2-6483-410f-80fe-c50639b047bf,1
Dialekte,f7acffed-c5c7-4bd7-9e75-2d55d6cde468,1
las Salcabambinitas,1834a9e0-ad5c-4cf1-a5bc-538189d37b9d,1
Longshoremen,a6e6d0d9-0145-4952-a798-70bd0bb65608,1
Dolphin Explosion,4bde89c9-51ea-4a5f-aa0f-90285efa4e9d,1
PICRARD,ed3d10c4-b2aa-4af3-a1a3-f14a6f122504,1
Posthuman Tantra,1399ed50-ebc2-46b2-8bca-a6965d2938d2,1
Paunch,6f404dfd-4197-4dec-9215-afc33b36f0af,1
Rufus Mandelbrock,9b8c6564-e3c8-4300-9875-b0620c8ec74d,1
Serigala Jahanam,2e728d01-96f8-435a-ae13-b5336e366100,1
Kastrasis,efdc7182-40de-4e4e-b05a-774790090a60,1
Twelve Insomnia,a44e7ce9-5ee1-4f93-9533-86b30c9cd53a,1
Burning Boy,65047a41-ce11-4e3d-99e6-ef20ad1ca8f3,1
Ultra-red,20c1d84f-27dc-4e00-9315-afc28ee1d4a0,1
Dishpig,7430,1
Gentleforce,bcdba983-e323-4624-ab6c-91afeec94222,1
Silver Bulletin,7518860c-cafe-4038-8393-308080618a20,1
Jesse Morris,8283975a-2e26-49f4-81e5-6b0748e30834,1
Baby Gherkin & The Phantoms,7523,1
Idio Savant,7527,1
Joe Rosey,b48da0b0-400e-4fd6-b4d0-c3079459dc9f,1
Sam Ashley,74868957-bdd8-4a75-8335-34ad197b55ed,1
Ensemble Economique,57a5d4d1-1fd6-46f5-963f-dedf2ce031e4,1
Monos,7563,1
Winterberg,7569,1
Autotistic and Unhinged,7592,1
Arrogalla remixes Roots Ista Posse,7641,1
Vinilette remixes Arrogalla,7649,1
Arrogalla remixes dr dub,7650,1
Arrogalla remixes King Kietu,7652,1
Arrogalla remixes Ganga,7653,1
LE BANJO LA BATTERIE,7679,1
Walter Biederman and Hans Von Wegern,7713,1
George Alexander,7720,1
Sabotage,9f2c381d-aee1-4c64-ab3f-48e330d1b8d5,1
B. Negão,338ade4c-f2d5-4e6d-af33-2661d2863939,1
Seletores de Frequência,9dca0a47-b9f1-4fc3-92c1-7857cd68747e,1
Stud,2dc613b6-a8d7-4bd4-b8a7-5288824bf60f,1
FANCYPUSS MCLITTER,7833,1
Spirit Night,577cc2e2-bb13-4bb8-9158-393ea2860d6b,1
The Big Head Troubled Boy,71f535a3-03a7-4136-937a-8b9db618501f,1
Hexlove/Faulouah,7ac55a9a-6968-4846-b6e2-586fa9c7b031,1
Dúo Cobra,665c6307-7e1c-467d-9531-b08d8054dd9e,1
Projecto Mourente,e212c068-035c-4e74-b65f-bd52132599b0,1
Orxata Sound System,ddd4b8f5-5d12-4d98-a7ef-b57b982276cd,1
Kayo Malayo,0df5d989-122e-4f45-ad1b-bbf3f67fa275,1
Chip for Breakfast,e4634368-f87b-466e-a5a5-432a16151b1d,1
You Kill My Brother,d9f3682c-de5f-4f6c-9b39-4d0a71bf2356,1
Apache,4a09f5d5-d843-4c16-9851-23efb0583c2a,1
Rare,1910cdf1-2fdc-44e6-94a7-0b147f0cbb8c,1
Cheese,889725d9-8618-4549-9c0c-695e31a3c5af,1
Lemon Dots,8027,1
DJ Jo Quaid 5,12124ca2-214b-4315-9af6-9f7b8dbb161a,1
Willow,8098,1
Kinan,d57c8446-8c12-4b51-9360-4341f654d701,1
Brk'n'Wicked,65017b22-32f2-4938-8384-de0986488ff1,1
Nukua,454e88e9-169c-49a2-ae50-c01883805133,1
ZeBrokenEgg,9da4af92-d7ce-4269-a0ae-c98c29615357,1
Mr Bad Monkey,76a5b637-f62c-4aa2-8469-69028b911e8e,1
Barzin,572b8285-8f31-43a1-b597-60daad31abc4,1
Backbreakerneckbrace,8145,1
Alphabets Heaven,95360102-9e9a-492c-af21-4ada5a9a8fdd,1
Good Weather for an Airstrike,acf72b19-ce1b-4175-ab1d-e8de111aaa99,1
Maryos,adadc684-13b6-4f82-ba51-8f8e1a6ae9b1,1
Alexandrina,8178,1
Minus & Ion,8179,1
errnois,ceb85c28-fa74-4ffb-8465-2de626975351,1
NQ,0af247e7-7c05-4efd-a46c-23975b013c38,1
end's not near,55f50ae4-e560-44de-a742-0b0d4a42906d,1
The Lucky Dip Escapade,a8ba36f9-db72-4f59-9e45-aab329ae4325,1
Damien Schultz & Laurent Gérard,415a81f4-cfe5-4356-8569-f6ea6758d9a9,1
MariaRamirez,8244,1
huanca,8248,1
CARNVAL_VALLUNO,8250,1
BANDA TIPICA LOS AUTENTICOS DE MARKA MARKA,8253,1
Philip White,8261,1
Joshua Morse,fcd6860c-9c9a-47f1-b621-139be9841056,1
Env(itre),c035c1f5-da85-4ac2-9192-c56f95d01062,1
Cyan341,b354d61b-d235-4027-991c-caf04384a468,1
Posthuman,a520c6bd-c996-4c6d-b80b-ddc9af212fd0,1
John Callaghan,42946dd2-35d8-4d08-98b1-2368bf8954da,1
Line,654be750-cdc1-446e-9e6c-40d55d116020,1
Octavcat,14e1c69e-1a1b-47d5-a802-cba42c9a953b,1
Duane Pitre,fd7df448-a2b1-4f57-ab11-8d5b20352cc2,1
sonic update,8497,1
Count Duckula,8527,1
Komplex Artefact,8562,1
Royal Hideouts,065ca96d-7294-48f0-84d3-3ada4f5215b0,1
Apotheist,470e4b7e-8156-44c7-8619-b905e6fd73ac,1
End.,8602,1
Solar Skeletons,ed5f51e3-048b-4bcd-8748-c154c6390cfd,1
MV Carbon,f1e0c8de-b148-406a-a9cc-671f9f633da6,1
Albert Beger Electroacoustic Band,0cb55e16-8e46-49bd-86e6-492977794f5d,1
Grav,defb37e5-ca9f-4a10-a1cf-b660cec0ea34,1
Papa M,8698,1
Noviello Pippo,2672e999-8198-4425-9483-6656fcd94186,1
moonove,805d0113-c6c2-4bf8-9573-e8672ebb912e,1
the chef cooks me,e2f03c36-9ffd-43b0-a149-6bf2b552a742,1
Nick Moon,7f6fc897-5231-4414-9c53-f07d4682706b,1
All India Radio,53d2a4d1-556e-4701-a8ac-5fcb74a8e393,1
Cría D Crías,704c36c2-a3e7-4db8-a513-2efe5f250e23,1
Derian Finire,8819,1
Sfero,8826,1
Seven Lines,8838,1
Pset,8839,1
Pharmacom,de14dfea-2993-4a88-bfc9-f26c404e64b7,1
Sorry Welcome,6bd00f0e-98c5-4692-b2ca-194a9542abde,1
The Zanzibar Snails,61bfebd2-f84f-4cb5-a8f4-7b3745f39294,1
David Christoffel,86c03940-40c8-4495-8bca-e8a58f4c3124,1
Der Berg Groovt,d1c21ec9-d8e6-487c-b6da-05f6cca4595c,1
Fade Out,d6f385a9-80c9-42d2-9205-5d788e35364d,1
Fakemaster SZMK,3c00b8d3-b6ec-447b-a71e-35dbf4ebfcc7,1
Jopy,b93b0d3c-5877-4dc6-8843-d9f2946886e1,1
Kawaii,2a62118b-22c3-4cbb-be72-a785a2ae238b,1
NXP,bd6875a1-dd36-4c15-8d03-ae9d914a742e,1
Pinasv,8b9d6561-58b3-470f-8ef1-397eb1a471d4,1
Tilman Schmidt,954430aa-fdee-499f-a6e8-e0365f664363,1
triPhaze,8f732777-2e15-43cb-811e-89592bc8bea8,1
Zz Brr,bcfefdd4-8fd2-43d0-b7a5-e177df9820d5,1
Lume,69d55952-9f08-4229-85b1-7287998f2bda,1
Limonadiac,398c882c-d26a-40a9-94a1-7b5da7b933c1,1
Baby Scream,602da3be-b823-4211-a1bf-5e145242ceb9,1
Aurélien Potier,9010,1
Heath Watts,c1597e7b-4dfc-48a4-9736-7f8d1ef2f01d,1
Dan Pell,5PG8DkUhpl7sfBLc4LiMhw,1
Seem Art Ensemble,9072,1
"Arivedergrüt, Wwölfli !",9003,1
Mono-Drone,26982da6-db06-447b-8d6b-3407b3c3f19d,1
Lezet & HOM,9050,1
Michele Del Zotto,9051,1
Seed,f5d0d5a2-bd51-456e-a487-447a049f243e,1
Molnbär av John,867af3e0-18eb-419a-9627-ddc3b6692ecd,1
Broken Haze,47c5ac57-2936-4b83-ba78-4ea71b5f228b,1
T.Hemingway,9235,1
Decepticon Bootleg Machine,9238,1
Mr Beatnick,3093f8f4-c6a2-4e22-b63b-58336be41fd7,1
Suzi Analogue,1bb7ad56-5114-41f7-a715-ac36ec2186e2,1
Stalley,d8659e31-6511-4ce2-ac26-56332386b81c,1
Kidkanevil,3fb6c372-bd47-4e14-9424-271bda1923b4,1
Piff Herrera,9258,1
Debilorithmicos,23063649-ecdf-47a0-8011-2bbd60f4b9d3,1
8bitch,d3912234-0539-4339-8b3f-52e3904ac20c,1
Sljk,9332,1
The Human Eyes,ff909e34-d1b5-4691-9c7e-6cc31483f823,1
SUSHISOOSHAMP,9338,1
Angil,b99acff4-d7eb-481d-8ac0-4ab84b84a39d,1
Shoeb Ahmad,bc8bcd08-176d-4987-9c30-5b8c9d53b1d6,1
Assassins 88,60db6cad-7f07-4db0-86e7-65b006416e22,1
SSPS (Jon Nicholson),9414,1
Kplecraft,5b4acf31-2f37-4754-b967-633ea160b9b1,1
Vulnavia Vanity / Oblivian Sub,9465,1
Sustainer,470c7cc5-096e-4745-a8fe-1564188ef55d,1
Trasvorder,e48f58be-2a3c-4a8a-a377-b16907e2208a,1
Calm Little Hip,9495,1
Dalessio,9498,1
Diabolikanal Vs. Serigala Jahanam,9517,1
Victor Mixed Chorus,e872170c-8e62-4e85-a8ed-f72375a2b6e1,1
Trinity Quartet,c8764202-74f4-4311-9469-0aa28d7842fe,1
E.lebleu vs. Plug,9532,1
Snowy O. McSnowerson and the Oh So Snowly Snowers,9603,1
Garage Firm,2a2280d7-d194-48a6-8d3b-b38af340f0a1,1
Melmono,9297ff7e-ba13-4ce6-857a-177f2cbd8ef6,1
Stratoliner,95164b7a-41bc-4a15-aa66-57ddb9cdb5a7,1
Coen Oscar Polack,28c00abe-41f6-43ef-842a-a8c595380af3,1
Robert Witt,9688,1
Dtekt,9697,1
C Made,9699,1
Bertuf,a57d23ea-147b-4f1f-a82f-ad13373b5bcb,1
B.alone,e7e17490-afc5-4c5a-87cf-58b06173151c,1
PUJOL,6280e233-5128-41a8-a133-3422fb72a0bb,1
Grain:Gnome,bec6e198-45f9-4cb5-ac1f-16b7b14cba63,1
Raden Anom Prakoso,9843,1
Voy a Explotar,9886,1
Afrodita,a1a82ae3-0281-407f-aee7-7ea9ec3f6b31,1
Nubes En Mi Casa,2cad449a-5022-4010-bf46-dce51777e367,1
Turbopótamos,bd895a86-c968-4177-9efa-e5c07c171275,1
Manos de Topo,cd7071c3-a347-49b6-a8af-3367712864a6,1
BrandyAlexanderProject,9908,1
Hot Fire,9934,1
Lowknee,9938,1
Money Pallet,9940,1
Triple D,9945,1
Turbo Blip,584cda1b-4fe5-455a-9e74-734c62095e11,1
Angsa & Serigala,ebab4577-6c2f-4d5f-9c92-ea73761094ef,1
Pewee In The Garage,31fb5f01-1aeb-43a5-ac7d-e66297c3fd0d,1
From This Accident,9863,1
Rest In Pain,9866,1
univeria zekt,66cc2afc-4c49-4d57-825c-f6adaff23f9c,1
Trance And The Arcade w/ Commie 64,9997,1
Redtheplaneeet,10026,1
brometer,a3e39a39-05f2-4f16-b04e-80c6f95ededf,1
Keishi Yonao,af48cadc-7f5e-4d90-91f6-a5e604494ce5,1
Robot comes to me + k. schools + bng,10224,1
chunter,20f991c1-1ab4-44d4-9501-05c32a71b300,1
ISSUE Project Room,10262,1
Demetri Tashie,10263,1
Meek Is Murder,be49eda2-da94-41cb-a7f2-461dd5aa47c3,1
Binary Code,a47707d1-c1ef-4d36-8326-af204c6f4de8,1
The Ghost in Black and White,881d71d6-2d53-428f-95d5-3353bb8074ea,1
Igor's Roomy Lab Coat:,10314,1
Charlie Burgess,10352,1
Flo and Eline,10353,1
8-Bit Ninjas,c54d3e32-e749-471a-8920-8ff54b384184,1
Arsonist,5ea9b436-c8a7-4cf2-9ed0-09f6641d07b6,1
The Echelon Effect,40c3203c-ae94-4106-bc4b-ccb41c981292,1
helix nebula,5bd9c608-d075-4ded-9734-98193ba4672f,1
Computer Magic,8892aaf7-f88a-4687-a82b-f7192d5b68f6,1
Foolk,2c924fd6-24d7-4b6f-8ee4-236ced90f70d,1
Influenza,10424,1
Big Gold Belt,10402,1
Hume,10404,1
Macaw,10405,1
Jonathan Moritz,8f57e20d-7739-41e0-8c74-ddd01a39f215,1
Chris Welcome,0a7f51c5-cbf0-46d1-bcdb-fdedf5bfa925,1
The Nothing Machine,10495,1
Isak Anderssen,9498fe66-6161-4686-b38d-7ba22934511b,1
James Irwin,10487,1
NoizeDemon,89b1c56f-3459-4277-9293-5d263875133d,1
Treillarmee,3efa9b91-faf6-43fe-80ef-be19ca405131,1
Twisted Sounds of Chaos,10566,1
Erik Holz aus Plastik & Kommissar Hjuler,10568,1
Ostrich Tuning,0765acfb-0ffa-4da2-846d-d722647a4c04,1
Pete International Airport,eead897d-e0f1-43f7-a58b-bf610cf40d89,1
Jennifer Aylmer,,1
Long Distance Poison,60053866-17cd-440f-8227-91fac75527c6,1
Phenoplastic,75a3c27a-5487-4cb0-913c-df64f1834045,1
Renzu,40ed6d16-8432-4459-b495-dee06eebf2a3,1
"Richard Stoltzman, clarinet; Peter John Stoltzman, piano",10692,1
13aDLucK,5e44cf68-d8af-449f-9171-acdf8b5f616a,1
uhoh,0fd4c1e1-1853-4274-8929-b1f19c4d622b,1
The Carnage Visors,10756,1
Guerre,45f61f47-7b41-4054-b1bf-5ecfa0adcbdb,1
Orbits,10768,1
Justin Frye,72277457-c400-49cb-b6f2-9b9b7dd0d4f3,1
Jim Altieri,e47e599b-fc19-426a-8be6-d81194620b41,1
Sam Pluta,7c4abfc8-689e-4b96-ac01-575149af827f,1
Charlie Looker,65916c90-b4e8-41f3-9f1b-bc2b3875625c,1
Blondes (Sam Haar & Zach Steinman),10796,1
Mason Lindahl,eb7088d0-d706-495a-8055-7635e88d8e0a,1
Jason Golday,10845,1
The Trumpeteers,76a9a97d-3f66-4752-b094-f1a6b2cf9fd7,1
The Masters of Harmony of Detroit,10856,1
Universal Jubileers,c2638cd9-c863-4d34-a813-e3a721b0534c,1
Zeena Parkins & Jon Rose,10864,1
Müller,e2525580-4ef6-4190-9c8b-94975e288a2d,1
Moore,d28c858a-3c5a-429f-bf9a-015e3b210bee,1
Family Underground,729,1
Monique Buzzarté,30846116-71b9-4af5-81a2-99f7ae216767,1
David Gamper,9fa052c9-dfae-488f-a893-0deb86764f86,1
Barbara Benary,d2f905aa-7429-4397-996c-558443d6a95e,1
Sam Desborough,10956,1
Rubbish,10958,1
Calcium Collective,10967,1
Hulzsum Raizens,10951,1
Music Manumit Podcast,10969,1
Men of Kent,10996,1
Danny Cohen,2a27f542-a409-465f-833c-05eff563e7c8,1
A Faulty Chromosome,e5449b6a-233a-4969-861b-502cd0d1f2b5,1
David Copenhafer,11004,1
Bjerga/Iversen,ee2184a6-ac6c-4ae6-841a-e9a618d4957b,1
Lost Boy,11034,1
Ayato & Extrasystole,11053,1
Larry Austin,3cdcfc46-21de-46ec-9114-15f8660f3737,1
mildtape & Ebsa,11078,1
Illocanblo (Bass Assassin remix),11090,1
André Pissoir & undRess Béton,11094,1
Bluebrain,1d745551-14cb-429e-a0e5-3f71a175a010,1
NNNNNNNNNN,0c05c924-fcf3-4150-bd9a-62acc54135fc,1
Malandrómeda,4089db6b-5701-495c-99fd-8bca1e58f015,1
'The President's Own' United States Marine Band,a2474772-f4bc-4e6a-b85c-5569e1437788,1
Ensamble Esquizoide (Demián Galindo),11321,1
El Safari Matemático,11325,1
One Dice,072b7ffb-e69e-4215-9cba-91f0c794a979,1
The Nuri,2272fbdf-563c-470e-9ca2-2efa03c5c7c0,1
the.princess.and.the.pearl,4cfc2228-4b51-4e16-80fb-653003d76ec6,1
Fuchs und Elster,0cfb3965-9492-4d02-aed7-c983644e7c17,1
Daoud & Kristobal,2ebcf24b-eb2f-4fee-9965-d93629ed709c,1
The Pum'S,f207716f-9d2c-4bf1-b449-e1a60980bc30,1
Ey Lou Flynn,b3ed340c-13ed-404b-86a8-c42e1b1b3e6c,1
Rapoon,d90aa39d-3a02-41d8-bc5f-f6600d94d087,1
Moppi Ja Aivokurkiaiset,2e23ed83-3a00-4081-874f-582d577c2fe4,1
Casa del mirto,315aae32-29a8-46c8-b9a5-b448512f6cb1,1
Min Ronnersjö,0352d988-8ade-438d-87eb-906ac55e4ed7,1
Work Drugs,8aac35ef-e54d-4bcd-9682-e0cced4a6ea2,1
Radioseven,2e426c6d-c17d-41e0-a377-b0edc27116ac,1
Karl Mohr,275a7e6c-8346-479f-8444-4c6d47232c9e,1
Quarteto Gordon per Piccolissimi,18d7bb4b-d853-4124-b6c5-91e279aba654,1
Raffertie,7d480b98-4119-48a2-8ed1-b4dd92694f6e,1
Contorsionist,86712509-7837-4bc3-95ca-b15275cd4ba1,1
D-Program,11541,1
Modul,7807,1
Infinite Potentials,b9783649-cd53-416e-a8f4-1483a4974731,1
Lockasaurus,11566,1
Flamingo,c97810f1-a582-430e-9262-aa72a661825a,1
Sacred Harp,7aa67e9c-5644-4784-a8b4-ae720dae2d46,1
various @ semlabel,10110,1
George Lewis,11741,1
Kevin Parks and Joe Foster,11755,1
Anton Mobin Deadzoo Murmurists,11763,1
John Hyatt and Tom Hyatt,11776,1
Mamabaer-Kommissar Hjuler,11795,1
Noise Research vs Fonik,11785,1
Jason Kahn,1e28dfb8-ff2b-430e-9cde-43e72d6a7706,1
Gabriel Paiuk,4c9dfdc6-240e-4c94-9265-2ca1b4f3ed00,1
Lantern,f8f4d207-11d1-4ebc-abd4-9206ef4c002f,1
Lantern,4838a799-3afa-428a-878d-6683775a97af,1
Element Kuuda,c4bedf96-66e7-43c1-884e-cd9f81ae1a59,1
Oliver Tank,c01973fc-a044-4631-9b8b-b3c94de6e326,1
MAKO,32085e3e-22f0-4f9d-8983-789c357b5634,1
guitarillas de oruro,12010,1
varios artistas,7300,1
COTABAMBAS,12017,1
Le Chevalier,89902637-e70e-4c17-a650-8c03c2e730da,1
Steve Noble & Frode Gjerstad,12026,1
Tapiresque,4e73df17-dfaf-4ad1-99f1-abb3e5daca95,1
Plastic People,dec4ee2c-dc9a-4c3d-842c-d00cee6ee89e,1
Audiophil,75c304f8-53b8-4296-b837-c6b1bd5088f9,1
Kuxan Suum,d196189b-4d66-432d-9b94-edac8751658d,1
DJ Hollow Life,66ee6067-4a2f-4c69-984a-ca7dfe6b6b0d,1
Epichunt,e9e6e86a-ea47-4084-a829-2b343b89a5b4,1
Qubit,39190d74-e655-49a2-8614-8749be92384e,1
JDDJ3J,db5d67ed-3a39-4a68-9708-dc4ed5a04db5,1
Ether,832ca847-3fcd-4635-accf-37f0c53d0104,1
Plastik Joy,f0d13e11-37da-43f4-bca1-ef87f00faaff,1
Mass Prod.,a312df48-4bad-421d-9b04-50fc6e63b0a3,1
John Smorto,762d55fe-1948-4a5b-b72a-e5a81d43f3ca,1
Wang Inc.,ee4c7431-b0a1-4b5a-9f54-8b813949b6ef,1
Kwaku Addae and his Band,2506,1
A. Kevorkian,4c4e3af4-be48-4733-923a-a80cfd9fc4b7,1
M. Takakjian Orchestra,67ca0c6e-9baf-4b77-b0e5-c280141e610e,1
Athanasia Atraidou,2555,1
Peara Saheb,2556,1
Foune Mousso Kouyate,2566,1
Ma Ei Moe,2571,1
Gendér Wajang of Kuta,2585,1
Njembe Gwet Paulemond,2850,1
Signe Flatin,2988,1
Islam Yusufov,2989,1
Emin Efendi,3559,1
Sheikh Sayed El-Safti,3564,1
Bomba Estereo,aea8576d-7ad5-4430-bf2e-63725d80f05c,1
Matt Shadetek,b311db94-b8c9-43c4-bee0-3f9442bca84a,1
Choc,6087,1
Silicio Band,6136,1
Bradbury,94dd6f12-ac34-4353-aef2-0be1274e406e,1
Joerg Piringer,6301,1
Ambrosia Rasputin,6303,1
Language Removal Services,6304,1
Unit_Bath & Keiji Ito,6305,1
Esther Walker,6319,1
James Lent,21bb07b2-be5b-4e92-99ce-b0403ccc0d72,1
Leona Williams and Her Dixie Band,5e15a065-0b75-4d8e-8092-22d088f5e373,1
Premier Quartet,b122bc15-258b-4a7e-bb47-ac6db4d10072,1
MIVOS Quartet,878893b1-34b9-4f05-bc8b-de9f6e83e840,1
Granlab,048da940-c4b0-4178-b7ed-9772c8d626a1,1
Mark Templeton,62049128-f0bb-4c37-ac33-e49c16f011d3,1
Zimoun,2c3ccfd5-b8a7-4804-ab04-8026ae9c11dd,1
Dennis Diken,fe0da2ff-3c09-4b03-a592-29d006b7a1d9,1
Bell Sound,39f9e7eb-9b4b-4de7-b56a-dc3ff5da55c9,1
Lambent,55e98fea-168f-4c61-9177-dfdabbd38183,1
The Great Mundane,497f06aa-6dd6-4e5e-b5f9-88b672c6358a,1
Tom Caruana,5b4bc94e-4103-4e9c-817d-21262395a534,1
Coatsie,dbeecaf3-4b31-4c7d-b582-e229462cc337,1
Frank Kernell,6468,1
Mabel McKinley,6471,1
Princes Band,d2bd0ab7-c2c7-48d8-a5fe-30051ee1c68c,1
Harps of Fuschia Kalmia / Delphine Dora,6498,1
seablue,5012e386-4d47-4772-8e19-3de838d1ea30,1
VKM,43d41e66-a72c-4bda-aba1-bf03701eac9e,1
Ras Amerlock meets Disrupt,6547,1
Rainbowdragoneyes,d2974ed2-5624-42bd-a92d-488dd90b581a,1
"Karen Gomyo, violin",6571,1
Dead+Hurt,3cd58977-54a1-4407-a180-dcb18e3b6c26,1
D+,06f17e5d-a912-4833-bb3c-6fb6e132ff33,1
Ike Yard,fffbde49-3818-4ca5-8fca-4980d4328f4a,1
Landau Orchestra,6699,1
Carla Morrison,50ee3204-13fb-4ae3-b152-82e3fc845110,1
David Daniell,4d994324-b8ec-4753-b126-5c2c029f601b,1
Former Selv,263cd839-fedf-4c7b-9418-d40e8f53f89d,1
Jamie Drouin,17cdcf46-6441-444f-bfc0-e9af97c719e1,1
Celer,6ef3e8f1-675d-46e0-8604-2983b42bc7dc,1
raven,71e0c2f7-3bf4-4a7f-860e-d96cad63489e,1
Sam Price,ee99601a-8424-4afa-8857-b6c4b022e051,1
Amnesie,dd580eae-2694-4fde-af56-f7b84e7bb333,1
Gus,6828,1
Fimo,6830,1
Clag,a8f79be1-f398-429b-9c89-6e6d76f71d0c,1
Signal Electrique,94221cbf-92ed-4dcd-bbc9-1a6a7294978c,1
bjorkstrand,6881,1
"Vassily Primakov, piano",6629,1
Mr Badman,04067612-796e-4983-bc79-98cf636a4d46,1
Drex Rekker,3b3ebd27-be86-4c03-bf54-1c35d280f6ee,1
Mickey Eats Plastic,ea87b3c6-89f8-4dc7-92e6-ad89245d9882,1
Bird Show,823d8d2c-1ed1-41bf-96e7-73eb21617528,1
Son of Earth,b3fd10d7-62e6-4ae7-b489-e83b37dfa2c1,1
Dan Brown,35ededc7-c9b1-448e-ae3c-75fda78e7d33,1
Hochman & Hopkins,7052,1
K Mason,7094,1
10,0af04c0a-df06-4d82-b795-4852441371e8,1
Falsetto Boy,43b27374-2fca-4aef-b5b1-ffea20608a8a,1
Riverdale,cad4dbdb-cf51-41fc-a338-fb6c2d34149c,1
airtone,60b6490b-1948-47e5-9624-51fcd6b7e486,1
Diablo,7175,1
Marina Rosenfeld,44cabe11-1063-42c9-bf99-9f5b93dfa7ce,1
Malice Fink,0ac1c78a-d9f2-41d1-b2b2-b1cface008b9,1
Speakerine,eac44359-2711-404c-a64b-85bd2fa670df,1
Rappeur Qualité Prix,93f6a124-29e0-493d-be22-d428c485a1cf,1
Lovetongueattack,b67ad110-45cb-49fd-97a1-e15e7ae1d458,1
Freiband,4d6f280d-c067-43a3-aca9-a83ae1b68d73,1
Ava Mendoza,69404491-79c2-40ae-b4dc-714b259d928c,1
Ralph White,7e147804-3153-486a-8b40-7cfa7cd84b38,1
The Horaflora Sound System,c745879b-cf31-4389-ba20-8126d98c52cb,1
Vialka & Xiao He,7216,1
The Darkest Love,7220,1
tomates rocky,7306,1
DeLaSelvaTropicalValluna,7319,1
los alegres de turpo,7322,1
SUPER SENSACION DEL PERU,7323,1
2 cholitas,7325,1
Qoriwayllas de Chuschi,7328,1
una madre por su hijo,7332,1
ÑUCA LLACTA,7333,1
Stephanie Beatriz,6dca439d-0612-4c83-bf00-52747922fe62,1
Young Jean Lee,34332f94-ab18-4095-9387-44754cc03ce8,1
Erica Livingston,1d0e0feb-1f58-4b20-89a2-9edd4db2f260,1
Futurians With S.T.U.D.,12113,1
Autumn Galaxy,12114,1
The Golden Oaks,79afed5e-c3bf-4b02-b64e-c3940e5ee55d,1
"""V""",12144,1
Squareway,0c92f6af-e14c-42a9-aa02-4aef0f5452a8,1
Nordloef,1d8fd9c5-7351-488c-af4d-099ec40b119b,1
Matt Nida,a1daa65a-bf79-4afd-8fc5-c30515720a9c,1
Annea Lockwood,a4715848-6a74-404f-ab1d-f4515e72e855,1
/f,84e68571-ce11-4825-82f5-9fbc6258f8b1,1
"Bear Bones, Lay Low",4381,1
Sound Confirmer,12310,1
Jo Pearson and John Hyatt,12320,1
Kawol and Lezet,12322,1
Letoh,12323,1
Beat Culture,a14f9dc1-4184-4219-9dde-544a831408df,1
No Anchor,2f5a4c49-3477-4fa7-8834-a99b9cc2094c,1
Maxime Robin,da47436d-1dfd-485b-ab0b-673e6d571da8,1
Psychic Powers,8a249a2a-f6a9-4f8e-9c64-4f4d4835b2cb,1
Grimm Reality,12398,1
Co.Fee,5bfed319-e3ee-4f72-b53d-fcc323a417f2,1
Thomas Lehn,2074ab96-523b-4dbf-a909-3ac60ccfb55e,1
J. Newman & R. Squires,12448,1
Kučka,46f69295-4afa-45a7-a6a0-54082f1c0d23,1
Mimic Mass,12462,1
Lyn Jay,12478,1
Elektra-Symphonie-Orchester,ae9e552a-4c46-4a30-b9f0-c67feb97113f,1
Albert Whelan,2a9d7b42-41bf-476c-b559-098bea44ce27,1
Okkyung Lee,12489,1
Peter Logono,12510,1
Big Eats and Munch Crew,3414,1
UFO,12512,1
The Sliders,12615,1
Prosthetik Intelligentz,4b33cb0e-68ea-4b87-8d2b-073d2b9a1db2,1
Collarbones,c0b2d3b9-4ec0-4452-a27c-57635f546f2e,1
TenPenny Joke,8e8edf46-fc5b-4349-bf02-8e6f5bd4099d,1
Ronny Nibletts,ad60d885-adea-4221-8eb9-f88e5c097f97,1
Happy New Year,12681,1
Black Vatican,662a547e-60f5-41ed-be05-98fd77385273,1
Krusht,fe6a1584-65f0-4583-aa43-3d5bb8a93329,1
Badsector,7f7e4b6d-8757-4a42-b051-84d5470f67dd,1
Andu Simion,c7dd3882-1730-48ab-b64d-b51f031ce716,1
Black Marble,fd7d4ed7-1a14-4b5b-b8f2-074888187ebc,1
Colours,c19d6139-8ee3-42d6-8a33-06a8dee25de3,1
PEACHBLACK,78e4fbee-3bf3-4250-bbe5-ee890f0891e5,1
Full Frontal,04f222c4-2f0e-4f54-bf31-50e51885d2b8,1
Reines d'Angleterre,81b0167e-4eb9-4562-9952-7777148a805b,1
Appetite,5470,1
ESP,711,1
White Magic,12732,1
Cat 500,12735,1
laura mura & the Seven Dwarves,12795,1
R WE WHO R WE,12801,1
Al Bernard,aa74f356-03e8-4ffb-b0ae-238f153dd691,1
Bob Roberts,12822,1
Heidelburg Quartet,12824,1
Lucille Hegamin And The Dixie Daisies,12825,1
Pryor's Orchestra,12826,1
Judith R. Cohen,e45e7b97-6c1f-4ece-bbc5-0dfab60f616e,1
Eduardo Paniagua,18c4cc93-5c8a-40ca-bd52-1fd54c3690b1,1
Chiara Giovando,57f29974-b097-4d06-a077-6f9687382086,1
Haley O'Connor,12921,1
Hanna Fushihara,12922,1
Ethel Ridley,c0a601b1-3427-4564-9d66-2917c1890815,1
Eddie Elkin's Orchestra,12943,1
Thulebasen,77962e32-d494-4ad1-a39e-eee17e5680b0,1
Kozak94,38ba5f4b-7ab6-4203-91ee-5fa166152c08,1
Robin Rimbaud,c578c1d7-07fb-4d6f-a4ed-34340f37fdeb,1
João Ricardo,12997,1
Elvis Veiguinha,12996,1
Suicidal Birds,13022,1
String Surprise,13025,1
Moon Climb The Wall,13030,1
Qwill,13033,1
Forrest James,5a381c63-068f-4a7a-9d11-0ffeb25de840,1
Maltese Falcons,0ea582cd-6800-41d1-ba94-df0484d1b121,1
Global Distance,11812,1
Wilhem Matthies,13152,1
End,703,1
Phoephus,13113,1
Vtgnike,13125,1
Hangin Freud,7c95a0f2-8ddc-4d66-b618-402ff3c34f64,1
Lower Third,13137,1
The Path,13171,1
Wallace Islanders,13179,1
Patience Dabany,2836910a-958c-49c3-8d57-ac51bbb383a4,1
Armée,13220,1
Tonton Ebogo,13225,1
Arielle T,fb86c1b8-da02-4317-8d15-c73be1a5a255,1
Piyama Party,0130ddaf-106f-4a0d-9032-4a8f9450a445,1
The Nib Heck Peck Reps,13367,1
Bullpen Catcher,13371,1
The John-Ikes,13372,1
Greasy Beardo,13374,1
Så Småningom,13377,1
The Age of Imagination Quartet,17eb2558-8805-4c84-8506-79c220f55ef9,1
Tekkerz,c2fbdeef-6593-439c-8893-87b874658382,1
Phyllis Chen,90d79aba-1948-45cb-87c5-18183b4189f5,1
Theme of Laura,13502,1
Kristian M Roberts,13552,1
Simon Gardam,13554,1
AViDD,f314014b-773a-4b65-ba1b-eac3cada9456,1
Penguins,13564,1
King Felix,13599,1
+DOG+,13605,1
Anthony and Substanshall,13656,1
Astrometria and Emma Gosnell,13663,1
"Bob Blaize, Jeph Jerman and Travis Johnson",13664,1
Friture Trio,13675,1
Marteau Mu,13684,1
Maresuke Okamoto,6b1a766d-a80d-48cb-aa59-23da206c0b97,1
Relentless,13703,1
Shane Morris feat. Pixyblink,13706,1
@TheLastHatGirl and Dwoogie,13660,1
Bill Borman,7f376250-f065-4ad5-959b-5ecff0ab9c9b,1
Kristin Macdonald Vs. Room 13,13727,1
Yellow Blue Bus,a29bda72-7636-4854-98d1-9cf6cbaeaf1a,1
Htrspltn,feca0419-1d48-465f-9401-7bdd4e1862be,1
Mr. Macki$h,8bbff234-eb55-47ca-8f09-1a8aa94e9650,1
"Double ""D""",31b8365c-c620-4649-9f52-d110e7cd03d4,1
Burial at Sea,07b7df2f-5b19-4961-93a8-cd9be7275d5a,1
Bong Rodent,42013eeb-2109-4b6a-84fa-80aa34e523da,1
Moon Bounce,3aa45fa7-cb3e-4cb3-aa92-cb929629f704,1
Noah Wall,e475e4ae-4540-49a0-aa46-1c84afc9780a,1
Thumbscrew,13841,1
YoMyEx,13858,1
Sturqen,ce3d0713-d032-4164-9014-43a669e0e953,1
Chansuke,821e6929-fc89-4924-b40f-102f04b86259,1
huron,13886,1
The League of Automatic Music Composers,6b51fe1d-11c7-455c-88a5-19e5ea78b1be,1
Magnétophonique,8046f153-032c-416e-b7ad-c146149441a9,1
Clear Winner,13950,1
Cassida Pax,13955,1
Steam Orkestre,13958,1
Design A Wave,5cc3fbf1-f336-4dd8-b169-2a460a6c7be6,1
Thomas Jansson,14004,1
Taigen Kawabe,f6bcb2fb-4518-4530-bc74-0dee53207745,1
Alexandre Joly,8bf65364-e02d-4638-845a-21317d2382ef,1
Dress Up As Natives,14010,1
Gil Duarte e Sistema Asimov de Som,14070,1
Free Piece Of Tape,e5acbe0d-2cf8-4083-8a98-f4eac5a18de3,1
Isle,14105,1
Craig McElhinney,14115,1
Eleventeen Eston,ea811b3d-1169-4564-99bf-6febaac2b361,1
elektroproleter,14130,1
Smokestack,14150,1
The Squelchers,14151,1
Horten v3,854b57de-b159-4390-9848-1e589400e119,1
Niak,14178,1
Moana,14180,1
Online Funkstream,14213,1
Gburek Ossowska,14248,1
Kommisar Hjuler and Cody Brant,14252,1
Miquel Parera Jaques and Computadora,14257,1
Nissim Schaul,cff63904-2b13-4dfa-b346-d4e272848d96,1
Pablo Orza,14260,1
The Jazzfakers,99c28bd0-3030-4890-9e2c-5bd6672868e5,1
The Knot,cbcb189c-530b-49a5-89ac-ead4824a17e0,1
08_Elements,14231,1
The Gooch Palms,cadd61c5-4fbf-4dc7-b932-7a4fa0478966,1
Oranj Punjabi,14314,1
Asohgi,03abfead-70b2-4522-ba57-e205a1c77c4d,1
ONO,b8423b93-9585-4166-b01d-ac62bfdcd62d,1
Default Jamerson,14364,1
The Williams Sisters,d6bbbd80-122e-4c75-8c22-7ea02a1254f3,1
Keiko Agena,a2044f0c-f334-4486-b81f-6245b8f0ef21,1
Larissa Fedoryka,b08c5ff4-da58-451d-8604-3556237242c3,1
Casey Cole,ff5e58d9-d8b1-4c18-bd2a-b41a6788c5f5,1
Quincy Surasmith,3c38b458-d71b-4691-a820-58a3fb188fbd,1
Jenny Yang,29287d65-472a-45b8-989f-3ef25ce102a2,1
The Branding Iron,1d37b69e-93a8-47cf-a112-d5aa49a1d810,1
Wise Wolf,f96f3b01-f1c7-4896-bb78-8ef045d5fc9b,1
2izz,67c1a48c-1501-47e0-bfba-b042210923b4,1
Freewill Luminous,e034f61c-1e0e-4ac0-b0ff-8f81a21dc036,1
DJ Phatrick,18a3da01-5d63-4a9e-82a9-91064a45870d,1
Ebony Faye,6b4aae14-388f-49d7-8994-862dae0bb790,1
Nomad,d7429de0-bb5e-4b0c-900a-7c3aba269326,1
Arcano Zero,979b1727-6b73-425b-8cec-8e58a4908fcd,1
Sangre Cavallum,7fa62669-1dd7-4ac3-9b21-054a17d9687c,1
Morgor,b96287b8-3e7d-442d-bf7c-3d880611b1d0,1
Haze-Maze,0262d164-f7f4-44b9-9bbc-9e4f133b25ac,1
Barcos,eeda7cec-46dd-4fd8-91a4-99cf193a3118,1
PILE,6afac4cd-5ac3-461b-be39-855602eb1c6b,1
Exusamwa,14411,1
Doomstar,14412,1
Stephen Balderston,4383fac4-a44a-44cd-8f60-969c30b5ef0d,1
Dave Ballou,330d466d-bcc4-4a03-bea5-6d2681533787,1
Oliver Lake with the Creative Arts Orchestra,14494,1
Machinefabriek,73d27773-4600-4a46-b933-4d1c84922434,1
Skimask,58823470-2c15-4974-b270-ae3107fdcd15,1
Skinny Wrists,7de89805-0fed-4a70-a816-250782869ba0,1
vargero,24c1b038-292e-4be4-bd0b-eba16970c1c5,1
Subway Sonicbeat,f5d8b4cc-661c-4953-a787-c4260283829d,1
Audra Kubat,7ae22c97-26d3-47c1-9c7c-541b1f971611,1
AudioArtist,14616,1
Radixxs,14624,1
alexusual,14632,1
Uncle Bibby,30cfce37-dfe7-4e51-bece-558ae4cf391a,1
auxdub feat. simba amlak,14651,1
bassrack wobama,592685f2-6fb5-45d5-9501-3eef1bdc027a,1
Severed Fifth,011e9ecd-4c50-4d7b-854e-0931968d2804,1
Magic Daddy,b4260b2e-c904-4eec-af89-5592fda8cc9a,1
Rabu,14707,1
Summer Of Nebula,14777,1
Cellar Dweller & Terry Dragatis,14799,1
Floating Death Picnic,561733b9-81e4-4df7-81e9-e9a2a43d73ce,1
Noise Research vs Joincey,14872,1
Tunel and Anton Mobin,14880,1
likeicare,14862,1
4-PARAL-LEL,14836,1
André Damião,14894,1
Haare,79c32882-307d-4634-8d3f-b7598ec7d34a,1
Kutomo,3b897b8c-be4f-4dec-b374-a5a3ee6ee6a5,1
Matomeri,046e0b68-ba27-4bb1-abe1-1c1c40cc3065,1
Olimpia Splendid,b92b04c7-668d-4054-86aa-4327cc3d480f,1
Krank Pappa,14868,1
Two Who,826ba835-275e-4cb7-8f9f-22730990091b,1
Ville Moskiitto,c2485a8e-f631-454c-a5a3-47001eebb46b,1
Group OTO,14943,1
Hounds Of Hate,14958,1
Melodiesinfonie,37b8e9c9-1a25-4065-b38e-630b7076f418,1
StrangeZero,1913323b-21ef-4671-b292-8ebd5aa74319,1
[soundtrack],,1
TM Hunter,37264cc8-f935-4cbf-9946-0d136a64e088,1
Psycoded,2d1a61e0-a82f-4085-8d56-0f3ff42cf069,1
Komatsu,c848f000-d61e-4b23-a029-30dde7466381,1
Curtis Brand,15066,1
Hat+Hoodie,15105,1
Dr. Deimos,05729c22-2d4d-4a3d-b75f-8165464c1134,1
Fantasmage,fb1c5220-4fd5-4d67-8d5c-c881c81d3c04,1
Abortifacient,821b0beb-4566-4df1-b87d-b13d43a57ffb,1
Alexander Kläser,15169,1
Montes Rook,c0e72c9c-99a6-4e0b-8575-c3eedd9f4f27,1
Terrace,15178,1
Sweetheart,173cf27e-fd83-4a29-ab98-6e4c40cf5034,1
Tommy Illfigga,9a43cb66-f52a-46e0-a2fb-4cc5d6112bd8,1
xene,15201,1
Michael Riepen,15209,1
20lb Sounds,b710fc7b-818d-4e8d-b130-924904c08637,1
Aron Blue,15238,1
De Zwervende Keien,bd7a30f0-5976-4c6c-b485-02720a188c2e,1
Black Lake,15296,1
Tad Trier,15313,1
Blue Monkey Music,15318,1
Jeremy Harley,15356,1
Tomcat Murr,15364,1
Cody Goss,15373,1
Abby and Chris,15349,1
Jeffrey Moore,15387,1
Babi Audi,15435,1
Hiromi Sunaga,15444,1
cokiyu,9490ae25-a08b-41ce-88bb-605f48b8ff63,1
黒電話666,19f0685c-a41d-49f2-a80f-73787011a293,1
Peter Diphillips,851d1d03-1191-4f6b-bbf7-b563c8297ad0,1
YuTaNi,32793b4f-1859-441f-ae62-57e5ffa7afd5,1
Sex Cult,fe401b7e-f677-4b97-b87d-6efd7672e7b1,1
GameFace,fa75bccb-9ad2-4afa-a5f6-ce5516fd9675,1
Sunburn In Cyprus,862c43af-4cec-4723-8481-2475f097df8e,1
Grundik Kasyansky,15659,1
Terry Bozzio,c4056664-378d-4c22-8402-b6a5c644f0e6,1
Steve Beresford,afe935e9-c52a-476c-965f-ebf98a2e35ab,1
Richard Sanderson,5a1621c0-14a2-44da-824f-e3cb24035b50,1
Pete Swanson,acb9b731-c065-44b2-97ea-8e61365d9f59,1
Personal & The Pizzas,dd021aab-74b9-4621-839b-9d5680717ddb,1
Coil,c16fbb7e-57b1-462c-97c5-bd0e11248765,1
fydhws,896bb996-3ada-41f7-8d59-6d23cebacbab,1
Nova Express,15773,1
mabafu,81a80d3a-4be4-4e1c-a12e-3e267bd18953,1
Melvyn Poore / Jonathan Harvey,15787,1
Kathleen Supové,b39bec6a-5050-4dfe-97df-c55e498634b2,1
((( O ))),3a274249-ed49-4d47-8589-98fc840f1674,1
Büromaschinen,14900,1
Ergo Phizmiz & Henry Norman,15797,1
Najmal,c1c0e97e-316a-4369-8b48-669b7c299ada,1
Randombeatz & d25,15925,1
Pitch Alchemist,15926,1
Mark Swift,a1f55ad7-ba97-4d3e-821e-95c9abf2d2f1,1
"Nebulazz, Double B, Kenrazy, Jah Mess",12506,1
Dive,40ab4453-40de-42a1-bf85-9609fa512bde,1
So So Glos,12882,1
Badencourtrecords,12885,1
Huerco S,a47d8907-bd32-4c5a-a45a-08328c72c303,1
18 Carat Affair,13798b1d-009e-4122-9925-408e75512065,1
DZZ,14047,1
Eric Villa,14513,1
Yon Visell & Irene Moon,14526,1
Erik Griswold,7698e8a8-3e24-412b-9605-b7d671a58003,1
[.que],be037fb2-87e9-4645-8aea-4e4d6f54c2d9,1
Ego Response Technician,14766,1
Death To Extremists,14796,1
Bishops Love Sci-Fi,14805,1
Captives on the Carousel,ff1de02f-e904-4ecb-89ef-7f48156c7f42,1
Prometheus (Unbound) vs W.T. Richards,14874,1
Boss Magliocchi MaCu,14852,1
Pier de Beyr,a6c79ff9-99a3-4771-ad21-b95b4f41bd22,1
T H E M A Y S,7816,1
Vincent Bergeron,9186,1
Eagle Nebula,beb1ccca-d32b-4fb8-b9a5-97ad6271c85a,1
Lomovolokno,233de549-b48f-4774-b597-d24083734657,1
Nazzareno Zacconi,48785b71-d932-425e-8230-a7f858e7f848,1
Simone Cicconi,e8e45b70-8e9b-453f-acdc-7fd18f3c65de,1
ENEG,4ad0cd2b-32c1-41e8-abbe-68c31a96a46e,1
Djet,174961e4-2ccb-4c66-aa2d-d86ab244cfc5,1
Digital Drug,cd68eba7-8608-4e65-948d-c4b0611e34bf,1
Chapcha Terror,9827,1
Kelelawar Malam,f3555591-59c6-4e52-9525-584f64cc9820,1
Planetaldol & Ayato,10320,1
Electra,9d73840c-6b18-4752-a489-926cfaab80c8,1
Hung,ea5cb8fa-fa10-4d48-8e9e-a5177663b488,1
Superstar,48bc551d-a560-4de5-a93b-d2bb38acda26,1
Nonhorse,99dd6f07-33e7-4b49-8843-cd5228fdfbc2,1
Informant,7df86d8c-3b39-4861-a745-cd342403e423,1
Nate Wey,6fd84748-ec52-4442-b9d9-509e6d52de1d,1
Mr. Black & 5000 Cadillacs,70d5f7a2-680c-4dc0-919b-7e1275b44178,1
Aardvark vs Some Some Unicorn,19138,1
Qkcofse with Tim Iserman,19150,1
Sound As Music,19155,1
Nik Snake F,cc54e644-d142-4abb-89dc-86b716701f64,1
Viktar Siamashka,3e2ed6a8-c7ec-4546-adf8-ff5527a70cfc,1
Gabrielleschi,166d0338-d5b8-4d78-8b32-f5c89c707dad,1
Horsethief,a328a7b0-d41a-428e-a58d-2ec439f2a23a,1
THE COCONUT MONKEYROCKET with The Cow Goes Moo,19322,1
VOETBAL with Ionn Connor,19331,1
NÉSTOR +3 with Tottorinos,19333,1
Honey,19340,1
Nero One,fba671d9-c58e-45c8-90a5-7eb614cc5c8e,1
Qina,420b56aa-e40b-4551-9e74-98b3a10746bc,1
Athuzela Brown,9c84c12c-aabb-437e-8010-2768cae118b7,1
Мутафория Лили,945ba2d7-a144-4c53-ae72-0ca037cddf38,1
SandSpace,ac5fe636-a0ce-4977-882c-1cf7a9fdad3b,1
The Nowhere Wood,19445,1
Rodger Stella & Kyle Clyd,19462,1
Julie Depienne,19469,1
hms reliant,19483,1
Arbo Sako,19501,1
Hyena Spareib Chamber Ensemble,19505,1
zepezauer,19536,1
Birgitt & The Magic Crumpets,19553,1
Piano & Elektron,19478,1
A.K Perkins,19578,1
Gary Wood,19689,1
Dj Dabadabakoski,19710,1
Avram Pengas,22c4e046-e579-44fc-863f-7f22ce6aa2ed,1
Babel,19735,1
Loren Connors,1f5e54bb-08f2-47ce-8ba5-343ab54f8185,1
Suzanne Langille,118d13e3-9604-4fda-a194-42e0ec88d082,1
Johann Sebastian Bach,24f1766e-9635-4d58-a4d4-9413f9f98a4c,1
Verslo Rizikos Rezervas,9667b094-3936-420d-9e4e-a1a5896e4fec,1
Friction! (feat. Ryan Corbett),19832,1
Stefan Christoff,9e058cdc-7a8a-461b-8ae6-ebadabf3b3f7,1
Bernard Dumaine,1803d152-e44a-4ac3-bcbf-05826290b58d,1
Marisa Wildwood,bbd75ab5-597b-4c58-aa11-42d997361b19,1
Gabe Moon,d04c0659-6c3f-4a90-a4b7-a401728ac893,1
Uwe Moellhusen,4f29ccca-047f-43d2-a0e4-5241963ab686,1
Breathing Space,a058c588-e39b-4ab3-a1fa-e26ab99c4370,1
Dixie Treichel,c8687621-14da-4bd3-a0c9-d388f02b5674,1
Koen Boyden,e1f9e8a2-bc5e-485d-b8d1-58e83d821a2e,1
C Mantle,940b0b53-b0ff-43fb-8147-786e7ab20727,1
Carbo Flex,77bd5ee3-07b9-407f-8eec-acced50cdded,1
Hatch,18331,1
Nobody,b8d5c07b-6a7c-4ab7-83b8-8bcc4cb866b6,1
[ònyma'kymæ],19975,1
Veronica Green & ADJ,19988,1
Ben Townsend,20004,1
Sylvain Carton,35ce4df1-5772-4069-b3e8-a29c58c000da,1
Irene Sazer,c71a2857-6e76-46d7-91e7-216c1f6e6c47,1
Ron Shalom,444c6b63-730a-4ca7-8d4d-95c016412c02,1
Mouzhan Yousefi Carton,20043,1
The Koreatown Oddity,601362ff-fc77-4600-b4da-6ccb927bccb7,1
We Savage,20066,1
Sonic D,5a0d1fec-f60a-4806-8065-1133f201c207,1
Vimana Aircraft,c1439644-0873-490b-9864-88a7b3392f8b,1
Radio 92,84a33aa4-a024-4173-a51d-bde6e845dde7,1
oasyum,20074,1
SR388,20076,1
Grudakris,20088,1
United Slaves,20096,1
Clicks'n'Bugs,20139,1
Junglemire,20143,1
Mindplay,10061427-d89f-4cd6-8544-89cd76b0505b,1
François,20150,1
Künstler Treu,46c18fa7-4929-4a09-b1c4-18b74957c31c,1
Hybe,f8658e6b-f450-4039-9dda-f57caf759e79,1
Nomuzic,498fe805-4998-4d18-86c9-d80e3be6a64a,1
Mr. Fab,28ebf95a-b2c5-4c78-8fbd-23f98397df67,1
LowLiFi,5128e1a6-e341-4d97-82cb-d412c7086d8e,1
Big Celestrial Orchestre,d144a50d-5ea5-4b36-8adb-f6b1fab63378,1
Sciflyer,00670ed5-4367-4e0b-b088-1ce0b1251fa2,1
The Nourishment,b372e00c-d60e-402b-8920-ef638cd9a1fb,1
Chris Stecker,1e504768-d7a8-47ff-950b-2512f4f92fc2,1
Flavia & the Motonets,6cfbebfe-2835-4850-831e-d30acdee0e41,1
Brion Kinne,f94c2206-d11e-4b25-b9f5-c8021f9170de,1
Joshua Herrala,b28d7529-8070-4a49-931c-762181cc4712,1
The Holiday Squad,c63749be-c23c-4ad2-b958-5a1d3878838a,1
Bros II,85abdd2c-c161-43f8-8ee9-580ebeb479ad,1
Lovebyte,be7e0432-316b-4830-b60a-92da12b43cd8,1
Nick Davies,20208,1
ASTMA,06b6db23-9e88-495c-b20f-69c37e62f103,1
Sandra Lester,6d735f97-7b11-4bbf-92cb-a7523aa9df9b,1
BlkMas,a77a938d-44de-4172-a03b-f3056799db02,1
Greenlief Parkins Robair,8c19ca9a-9d82-46b8-9539-8a265b27abc5,1
ION,565ca9a2-0bc4-4a2b-ba40-1f82c9c8940b,1
Plasticon,1513fe8e-102f-4dd5-bf38-ce373362ffed,1
Russell CJ Duffy,560bfa34-6c0a-4e95-93be-697b2cf4c0c7,1
S.E.T.,8a1e34fe-5649-4f77-ac5c-822a824c41b6,1
Sean Derrick Cooper Maquardt and Rosendo J. Rocha,20255,1
Discoverer,20299,1
Loud Sun,f12b72f5-5ac4-4795-8fca-7d238365587e,1
Steve Nolan,56d615c2-6476-4033-98e1-96d36130370a,1
Korperschwache,b9504f02-a3e0-40ab-bff4-ed125ae15015,1
The Heller Wade Experience,20378,1
Hieronymous Steamcake,f513de7e-64d5-4882-b970-1c18e5b50896,1
Clubfratsen,20395,1
Cloack,20398,1
Hanami,20400,1
Los Antiguos Jovenes,20420,1
Ion,4mPENSbYglZGdpOFaBXdGc,1
The Implicit Order & Jaan Pattterson,20429,1
DSPX,a791fcf6-f057-4ee2-a5d3-20926548b537,1
Electric Grimoire,326a06e1-7983-4dc5-892f-7404b0357e51,1
BOMBSHELTER EXPERIMENT,20459,1
Srce Male Rode III,a99ffa8d-b59e-4c11-b3c3-e86fc4a66864,1
Tevarbulebra,07fb403f-c2ce-4619-98e6-4c37c4beba70,1
Dharma,b0d4f01d-e78a-4838-9de8-2a452cecd9b1,1
Mowri,21259048-69e8-45ef-a56d-dbc372089796,1
Carver Audain,20486,1
Frank Wilke/Andrè Darius,20504,1
Ted Weems And His Orchestra,446d9957-3fbd-4f3b-8549-2b729973e1b3,1
Harry C. Browne,b3f508e8-0e6f-47e4-8d3f-2a6c1b14f732,1
Eva Taylor,90da9868-fadf-4d50-984d-f0026b32cdf5,1
Handy's Orchestra of Memphis,c780f56d-d008-4755-aca0-f376798df4d8,1
Noble Sissle,090c459b-3ae3-4c85-833d-bfbd8e1aaf5e,1
Williams and Walker,35ece216-e613-42c7-b232-f8ba4b7f6652,1
The Unique Quartette,d58ff9fb-6f12-4d94-b460-469a2b7f1e87,1
Geo. W. Johnson,4ff572ad-0fe8-4eaa-929f-e8a6a1622d43,1
Bessie Smith,ffa28768-ecda-42c6-ac49-6ce5c7d33043,1
Jack Johnson,20558,1
Morphamish & Fault Lines (thanks to Tactus),20582,1
✌ICUH8N✌,9c3802e1-aab7-47d0-bd62-840a23adaa8c,1
g h o s t i n g,67c90492-c3b3-403f-bec7-534773762c38,1
t e l e p a t h テレパシー能力者,ab838393-92c6-403e-8987-a936b3e934c2,1
Video 2000,a11c3789-a63b-460e-a2d9-a55694639e04,1
ニューシティ,97176977-9eb9-497c-95bb-8a36a692260f,1
Company AUTO,90a9e9d4-69f1-416a-bfc4-09552d1b5c6c,1
Eugene Buckley and Peerless Quartette,20638,1
The Friar's Society Orchestra,15c361c7-fd05-42fb-bcaa-ceb8bdf0dd38,1
Hawaiian Trio,1daaec3d-4c69-4996-a0ed-083d847525e7,1
Rachel Mason,a3d36904-f7cd-412a-8b77-dc01652beca7,1
Electronchis,20745,1
Luciernaga/Pas Musique,20747,1
Michael aTonal Vick,20748,1
"Paulo Chagas, Paulo Duarte and Vasco Patrício",20751,1
Rosie Osbourne,20753,1
Yumi Hara and Guy Harries,20759,1
PO.TEN.CEE & Art of Flying,20764,1
Columbia Demonstration Record,20766,1
Hadyn Quartet,20771,1
Fox Millions Duo,c336fab4-3e9e-4d06-8295-1755d886a66e,1
Microwave Windows,359539ca-3ccc-47ee-b296-140bbfa49005,1
Alexander Chereshnev,64193b90-ad4b-4de7-ba9e-3fa18eb35bb5,1
Vernon Dalhart,bcbbc073-dc37-43c1-8eb8-9ee2c40a0620,1
The Pandoras,20902,1
Dalila,,1
Ambiansu,d84af1b6-1a2e-496d-9a4c-cb1d5f574d93,1
Canau,fb731019-9f26-47af-983c-2f27e56d9320,1
Eye8Soccer,5699cd16-49c9-442a-bbee-dd9dda1c8b0d,1
ps vs a naked lunch,20938,1
Bosque,46b71b4e-956d-4fff-9a45-be8c6b1d05dc,1
Juan Manuel Castrillo,7caf103f-b8ce-45b2-b273-b83fc41b5060,1
Broodingsideofmadness,40f6a125-c49e-4b7c-b122-a37a6cb6f1a5,1
Daitse,ed467e87-31bc-4623-8431-429b613ec0c9,1
Eye of Elephant,80b10374-5cc7-485f-9168-38abef3d26dd,1
The Ex,6yKcQ595aYiKuPUXQ9rcsz,1
Crayon Mortel,6775fe73-4e3c-4616-b2f2-8bd6ce8a9265,1
Stereo Modus,26403c0e-7a71-490a-ba6b-20f97adcee87,1
LR-GW vs ZIURMUZIK,21186,1
TraumaSutra,85d180bd-fa4d-4581-b86b-a51b7c30fa0d,1
Mark Wagner,49bdbcc4-2ab0-4045-a4f1-974a6e00da1e,1
Jonny Martin,3c44c73e-c3f4-4884-bc1f-8f3f7ce80928,1
ada rave,0e42260c-1d03-4a06-ac47-99ad7e2e07c6,1
Salomè Lego Playset,e27c3b2a-2142-4a9c-bf4d-137e278b0547,1
Susanna Laterza,,1
†MARIA†,21341,1
Fzero,21343,1
Matteo Ballarin ( Undermindlimb ),21353,1
Salomè Lego Playset + Susanna Laterza + Derek Dick Decio,21363,1
JBit8 & Resonancedj,21359,1
Some Serious Folk and the Pernicious Pennywhistle,21387,1
Sephira,21410,1
Akusmatic,3d989357-2a9f-4971-9f07-e78d588a5fd5,1
END 519,21412,1
Tha Chief,a150ee63-2eb2-4a4b-8a9a-c336a19b96be,1
POORS,21561,1
OODR BABY,21581,1
Pencil,21602,1
Jockers Dance Orchestra,21625,1
Yoghurt For Breakfast ft. Aurelio Adasme,21631,1
Timezone Lafontaine,f2fb6cc4-ebf9-4285-a213-f15286459fb7,1
Andrei Dergatchev,21687,1
Urbanoxfailure,21699,1
Shmil Frankel,21768,1
Formated Shop Trio,21779,1
Hujuch,21781,1
MOST,21786,1
"Roger Stevens, Chris Silver T and Fibreman",21791,1
Siegfried Kärcher and John Bisset,21792,1
The Cypress Experiment,21794,1
The Third Chain,21795,1
Adam Matta,cb8f6609-9a2f-4b53-a682-25cba1ec336e,1
Uri Frost,21891,1
Alcrani,9977d824-6739-4ef9-b996-c767fd3c9c6f,1
Tea Moon,15988,1
Jonas Kopp,bbac5fbd-383a-4aad-882e-d6d8974c02ef,1
Karsten Pflum,1d61d38e-d97a-4743-9181-9df06e1a9d0e,1
Tapage,c8a1fa48-e479-4527-9dec-3c628d29ce1c,1
Devaine,2895c38f-7ab0-40dd-b0b8-605ffa23454e,1
kschzt,e4fba007-ba5b-45a3-8d03-43290b10229e,1
Sinespree,dbb1e532-02d5-4d46-9fba-86f0bf8385f8,1
Hexlove/Everybody,16091,1
Moth/Abusive Consumer,16092,1
Chang/Shimizu/Niekrasz/Theriault,16093,1
StepMother,6b7bd800-bc80-4758-982a-b5e246660b05,1
Deeds,078bfe71-80e8-4297-be40-2e4e5be6af19,1
Chrome Wings,f102ef7d-16e8-406e-ae31-017e37b5fc1c,1
Scott Stobbe,16109,1
Trawler Bycatch,dd658d25-21f3-4abd-9193-4e9c6d65a292,1
Joel Pickard,65913639-80c2-474d-ac34-ce53cea2b6d7,1
Pharmakon,16068,1
CrazyAl,16075,1
Reverend Dan Buhler,16076,1
bagatelle,16125,1
Chips and Salsa,16128,1
Ala Social Net 2012,16131,1
Turntable Trainwreck,9c051080-bc7c-4c3c-b643-8cccf3147069,1
Phineas Narco,f0a68d8a-9680-4718-93dd-8fabba2fa369,1
Ronald Redball,d7a6506a-ef87-4bae-8a95-cddeaebc0761,1
The Button,5e77ddf5-8c74-4acc-ae4a-c7a3f8259c31,1
Reggae Death Squad (tm),2d60cd79-eb07-4ff2-bf9f-417b2591b744,1
Chris Ball,7663942d-b945-485f-aa9a-27b6fa9accf1,1
Dad's New Slacks,0125edf2-89a7-4a80-a2cf-f771062fffac,1
Seditious Halibut Media,ca990f55-1dbd-4dfe-942d-c7245fb7dc7b,1
Aperture Science Psychoacoustics Laboratory,2b948e66-5269-4311-a89d-3f1126960f9b,1
Dromez,920ca703-4a35-445d-99eb-c4aa49be1cab,1
Stress Orphan,f1ac2b03-9167-4bbf-bb39-6eb4c1538179,1
Tigre Merde,cac6a1ca-c351-4f4c-9224-33fa9410d690,1
En handvändning,ad3415b4-0cd6-4917-a91e-d3c9e9c35a2b,1
Xiqhhyiecryn,dcc239d8-d3ba-4636-8812-07d61e187dce,1
Coco Schwab,507eba6f-afde-45eb-b0ae-53085602ff51,1
Nikola Nežit,346fe6e9-6666-442b-9acb-86d28d1745c6,1
Fucking Invincible,11f2aeaa-9189-4d33-a43c-571ee4508580,1
Dropdead,db38d04d-d13f-49b5-995f-566541cc6b9a,1
Math the Band,5aa9c40e-8561-4f91-a8f4-0bb513be27da,1
Konstantin Elfimov,542255d0-f4aa-47b5-9525-08163494ab5f,1
Maan,bb7e9a78-bfde-4f7e-ac9b-58777332cfb1,1
11_Elements,16409,1
12-PARAL-LEL,16411,1
Brzytwa Marraffa Guerri Guazzaloca,16421,1
Cathy Heyden and Erik Minkkinen,16423,1
Pedro Duarte and Wilhelm Matthies,16440,1
Imaginary Forces,16461,1
Beex,85d05a5d-7fba-4014-8b4d-14b27a873211,1
Deke Naptar & the N.Y. Dux,16491,1
Beatnik Worship,16496,1
Eric Carbonara,4e7eddb7-92c5-4f0b-9f7c-6a588ca15c80,1
"Josué, O Salvador",16506,1
Juan Wauters,c4c06cf5-9046-4b4c-8287-51d60d22a110,1
Sweet Talk,16525,1
White Noise,af83bef7-046e-4d25-b222-aeea775fee2f,1
Dan Gaynor,16548,1
Flynn Lywton,16552,1
The Stabs,16562,1
Daniel Rig,16581,1
Origami Mekka,16584,1
Luis Ortega,ca0042ce-4b45-49c6-8ee6-1881b5eae655,1
Pão,16648,1
Rasal.Asad vs. Sci Fi Industries,16667,1
Ethel,53b2714a-9285-4f9f-88a4-b8846ca4bfbf,1
Ethel,16728,1
Twin Lizard V4,16775,1
Cool World,68eaca19-0789-4264-a5ba-6986a5a2e146,1
Humanbeast,565f5fcf-0dbc-43e3-bd78-23ffab6d230b,1
Neon Bitches,1067cd00-a3c9-44e7-89fe-cc0353b8354c,1
Daughters,c9368a03-bf26-40b6-bdfa-9af8d10b568b,1
Chuck Bettis & Twig Harper,16828,1
Intens,7ce8afe1-794c-4ef6-8028-bd2f5e33ce72,1
Sorcerer Witch,d4998351-13df-4d39-8dd7-0fbe46fbb2ae,1
Vapen,ca3e2b6e-c945-4c0d-8b62-0dc619eb155d,1
M4SK 22 and Hannah Woolham,16927,1
Nick Storring,365963ac-4cc6-4ef0-89cf-bf68350fe38f,1
Tomas Halling,16937,1
Tore Honore Boe,16938,1
Test Tube MCs,17112,1
Programmble Sheik,17109,1
Fake Hand,17113,1
Psychic Limb,16970,1
Mean Mr Mustard,f3100e25-997f-4c02-90f5-f399e65e6ee7,1
Michael Woody,b02fd5ed-54ad-42c7-9870-8b5e2e461fa1,1
Projects Etc,17091,1
Beast Lore,17105,1
Nameless Dancers & K-Drock,17143,1
Ricardo Alrucini,133c6a12-7085-4e9c-8947-3b21a2205184,1
Anastasia Vronski,fbebba94-449b-4523-adfa-f217ae8567ff,1
Sgr A*,17204,1
herewithyou,17255,1
Marble Tea,17259,1
rawore,17268,1
Söft Dov,3c64c54d-0d00-4f99-8ece-2aa71d4171d2,1
Public Spreads the News,cec8c508-dba3-4cef-b990-b60ca2918bab,1
Raajmahal,f7472bfb-2e4d-40f5-9902-2e903f82ce5b,1
bare pale,a78d00c5-810e-41d0-9ac6-ede2af5994dc,1
The Garment District,ed743a88-e4dc-4143-ab58-55472d350707,1
Urbantramper,8e890d2d-ce79-44be-a90f-8c703d2f203f,1
Jimmy Pé,817c9a40-bdb2-4030-b3de-989eba12899c,1
That Awful Rhythm,3d210a96-7960-433e-b8d6-9d086cd72ea1,1
Ancient Lasers,2a9c5ac7-2e99-4c0a-a722-5e416f4eec4e,1
Auditive Escape,1669038b-1387-4029-9420-2e1fac52ec09,1
Humpasaur Jones,02699dba-fed3-44c3-906c-4be7f46cb0d4,1
The Droogs,17304,1
Flash Gordon's Ape,17309,1
JFn'K,17312,1
Mal Thursday,84c4d6f5-0e68-4fba-997c-c1db68ead911,1
The Cheetahs,f835103d-9dc7-47bf-8749-3b8137403ddf,1
Yuriy Yaremchuk,23fec618-9d78-496a-aa3e-574bd9024152,1
ALiENPiG,bd209a24-8238-41cd-8052-885d8eac61d2,1
Arthur Bull,72dda50f-6e6b-4f0e-be2d-a069da57060b,1
Zunk,40524010-573c-4e91-b206-918ea3326468,1
Skupnost Za Zavest Krisne,4e3de90a-afd7-450a-b458-7746e1d9fe09,1
Yeah Yeah Industrial,3c741457-a05e-40db-842d-d3b98485b2fa,1
Poison Cabinet,17508,1
Iambe,17514,1
Christian Marclay / Reinier van Houdt plus MAZE,17527,1
Pee Wee Ass Vs Dee Dee Puss,17565,1
Rough Trade,2517,1
Adrian Juarez,60a3d77b-0fbb-4ff6-b98f-05c9111df354,1
Kris Kelvin,ebb53dc9-f8fe-4f20-93f1-e94ad4cd3a35,1
Wieman,17652,1
Harry the Cap,17672,1
Vivi Rojas,17684,1
J. Arthur Keenes,5a2a4e28-0111-485a-91fb-64ba00c2c986,1
Lüra,740cdd95-a441-4a7c-879b-4e111d11aa29,1
Paul Roland,65aae1d0-6f96-44a5-9146-97d699685394,1
Acrid Fluff,17740,1
Alice Bag,ddd2d0bf-4fa7-4fa1-995b-46ed4d689c0b,1
Black Cohosh,17744,1
Flippin' Hot,17746,1
Las Tocayas,17748,1
Tangerine,17751,1
Cannibal Ramblers,758fd3a0-83fc-41a3-bd67-f98662eca96e,1
Ratstab,aa8279c9-55eb-4803-9aba-3583f012d915,1
Littlefoot,17770,1
Leithal,68ab9e7f-7f3c-4a18-9069-c7075c102b88,1
Adam Link,17951,1
Dan Tapper,17953,1
Blare For A,906b9899-8458-4cf0-ac9d-027150ee032e,1
Young Bulgarian Voices New York,18029,1
L-X-EN,18050,1
Defocus X Moufteef,18056,1
7b-PARAL-LEL,18064,1
Chris Russell,a2724906-04c7-4189-9e2c-0361373ce176,1
DongleDoc,18098,1
Sin Senal,9d76f8c0-8c7a-42ba-81eb-d4c32ff831bf,1
Stale Liavik Solberg and John Russell,18083,1
Trevor Watts Drum Orchestra,18125,1
Trevor Watts Quartet,18126,1
Jahn Mini,18144,1
Dark Component/NIE Appo,18146,1
Tony Deus,18151,1
Ponoćni Vodeničar,a8bbed60-5abb-4d51-a379-780028cd3f56,1
Tamara Ristić,15e58e6a-6f35-47bd-9f33-f2c195ffb502,1
Owl Oxidant,2996a4ae-5af7-4df5-894a-6ac606db5330,1
Gravity of Light,5403e307-de99-4f5a-90ad-04655592708d,1
Zoranaism,a92db19d-8dbf-4eba-955f-4c998509b002,1
Шерет Блејзер Micro Driver,2b6a2106-c346-413a-95d1-af5004edd5bf,1
Sun Sister,5b0b6db2-b072-4ed1-88b5-83e791e214f2,1
Felix Green,5a222338-ba6f-4347-b21e-d1487e665a40,1
Heidi Harris,43ea1bec-57a5-4cd4-b1c7-f19e6a8f11a3,1
SMAUG,18372,1
Holobody,67d08264-40ec-41bb-8187-2656bb59889d,1
Christopher Fleeger,76e36f98-0bc9-4583-8aa1-9d462792ef92,1
Baal Astarté,18442,1
Al Lover,71ebee16-5d83-40eb-a699-ff063a01d961,1
Ernest Gibson,56e241a3-fb0a-42c0-bb0e-269d6f6f4093,1
_whtspce,7a17cbd5-a2da-4f54-b97e-e56a6ac6dc02,1
Dementa,21571da3-b775-406a-aade-8b3c3f8671f7,1
Doss-house,3cc710b5-1f0d-4568-8a91-c8fa36dff498,1
Dunaewsky 69,713c3c18-0ce8-4651-b947-90b06c1bb7ba,1
Info_Cifon,d544922c-2786-4382-8713-663fe6da8c9a,1
K-not,849c7adb-e2c5-4dc9-bb2d-3f7592e69958,1
Seesound,68ca49a3-4c13-4803-8190-9db3b96e0735,1
Questasian,a379c8bf-f38f-45b4-be46-2a0b660f85c0,1
Rene (GOBBY),18503,1
Shire E.,18513,1
Truman Peyote,8336,1
The Great Valley,ac05460d-2c4f-4f05-989b-d4e67d3ac718,1
Shai Erlichman,8362,1
Debbie Featuring Don Of Man,18524,1
Kourisha,a384514d-7f7e-45b9-b292-198f1629a767,1
Scission,18539,1
LIKIDO,5s8aV1udXTOQ0avx6BmVft,1
Motion,c2d5a30b-6d40-493c-9bd5-5310ccf4a3a9,1
Chris Phinney,b8269ad6-221d-4d76-9e7a-5eab9b44ac5f,1
Astma feat. Els Vandeweyer,18602,1
Ayato and Natalia Kamia,18603,1
"Crotalus Horridus, Guy Byrd and {AN} EeL",18608,1
Drift of Signifieds vs oMMM,18611,1
Fanny Ampism,18612,1
Naoki Ishida and Ayato,18624,1
Sasa Atanasov,18630,1
Xenakis of Chimera,18637,1
Gargamel Etchevery,fc72b674-2d1d-4f42-a20f-353ded13cebd,1
My Jacket is Yours,0688ef1a-fd02-42d2-b98d-1c8102296e9a,1
The Deserteurs,13792,1
Song Of Altair,487431ed-ba66-4230-baea-9becc9848031,1
The Temporary Thing,07b7df2f-5b19-4961-93a8-cd9be7275d5a,1
Heart of Wolves,71a06769-e4f1-4b10-b921-8338668d2f64,1
Joe McCarthy's Ghost,18719,1
Le fruit vert,48fb86c2-4507-4803-bf08-66d9ccab547f,1
MESS.,866d5eb2-22bc-4057-8351-562af7120246,1
maoϴ,18749,1
Syndrom,01453a2b-3775-4371-a61a-d27925836608,1
Gregor Weichbrodt and Vicki Bennett,18787,1
Landskap,534ffa2e-7993-47c0-8a2e-6f4792068313,1
Giò Fattoruso,70e33c02-b4a2-408b-b74d-f9cd31cf6c18,1
Alexandre Guiraud,21549acc-493b-42bc-8235-18c3679751d1,1
Q_Snc,b0511a9b-2106-4c7b-bce5-be179892316c,1
The Ligerians,c3d5ef3c-fff0-43ce-b6ba-d16b3ed1ce7c,1
Winston McAnuff,46685feb-c574-4777-b5ff-3a60c232b955,1
Nadia McAnuff,b6e533a2-5e6f-49a5-bfb7-25e9d186e93f,1
Kush McAnuff,5b0cd122-ba3a-451e-8965-864e1612073f,1
BTB,f4cd8eff-905d-4f4b-b721-abb93043343d,1
The Prodigy,4a4ee089-93b1-4470-af9a-6ff575d32704,1
Edward Schneider,18855,1
Civilized,e3e16ed9-c57f-4f0d-8f77-497371db86ef,1
Cocaine Jesus Ape Sex Five,18894,1
Coleopteron,18895,1
fVerb,18900,1
Hydra Transmitter,b9811ecf-4308-4d79-8249-2378dcea8df8,1
Marco Benevento,14820,1
Timo Kahlen,18999,1
Yair López,19000,1
duncan avoid,a9097292-246d-4165-8713-7f56c28efce5,1
McMaNGOS,c8ab0f00-1d54-4626-b683-c14c927493ad,1
John Auker,23136,1
Heavyconfetti,3953c7e8-2a2c-4ebc-bca9-04f336d46075,1
year of glad,23158,1
rêves sonores,37139a07-17c1-4ade-b435-531fb82878f4,1
shakai mondai,d3b310e9-75ec-41ab-b81a-7b5e2a77bd69,1
The Cult of Dom Keller,31eacacc-d2b5-439f-8018-840bbce9c3c1,1
Droogs,34974220-7a7b-486a-b948-ecdb4f3f1239,1
Laughing Soup Dish,7b9a92e1-c770-4514-8b07-f496940c7c39,1
Frankie and The Witch Fingers,cc846715-ccc7-4391-868b-0876d135daa0,1
Magic Shoppe,34d5fd4f-7ead-4eba-ae06-dd41d2060149,1
Erich Schall,693785be-683a-4161-98fe-7be1840663a4,1
Pavel Madurov,23256,1
The Wiesengrund Project,23272,1
K/W/A/Y,23076,1
Ulrich-Krieger,6326496b-c4a5-46fe-bfcf-86fe8c78f45a,1
Thorsten Marc Soltau - Gestalt OrchestrA,23280,1
Montreal Nintendo Orkestar - CorteX,23285,1
Yoshiwaku & Najhastan,23289,1
Mahiat Der Dumste,23294,1
Usher + O.Module + Wehwalt,23296,1
A Throbbing Member,23301,1
Acidre,ee1ec37d-ff17-4bb7-8184-77c8d1a78b02,1
Xensboy & Radiant Opaque,23317,1
CBM,8ba6a2f2-b986-4d0a-bcf3-3545e2ae8bab,1
Dominus Rectum,23357,1
Architeuthis Dux & Fiorella 16,23362,1
Alveola Ämting,23364,1
Camcussion,73314430-218d-4cb9-9614-91795e9bb64c,1
Errorbeauty,83a6eac6-9844-49a9-b075-c1cd83370a60,1
Gerda Orden,f7aa113b-d046-466d-ae06-cae6bd1bd9ad,1
Hypercube,aad74a11-0ec8-491b-989f-1b2b5cdfff61,1
Redun,ab746db0-9733-415d-994c-1a7c4bc3f5d7,1
Shutterspeed,a9091f3b-b54e-4354-acfe-6adefd0f0f1e,1
Symplex,3eb5e011-9374-42aa-85bd-8543f52a859e,1
Topher,9272d6df-81ab-4755-8cef-69e72b3dd06e,1
Color Out,6a7b035f-59eb-4029-9699-6fc79f60f1be,1
Modern Pitch,23474,1
Niki J. Crawford,c870b11d-5099-48eb-b351-d4a9061ccf21,1
a_Mood project,23502,1
DJ Crivellator,23514,1
23 And Beyond The Infinite,2700e02e-72ed-47a8-8081-921f434a4cc0,1
Carl.Y,23550,1
T3r4t0m4,23583,1
Union Furnace Meets Robodub,23621,1
VA and LIL,23622,1
Tina Quallo,cbed34e6-ca60-4503-80b4-5414c5ab2261,1
Yann Saboya,23753,1
Lafa Taylor,d85fcdb3-7578-4dab-af9e-b496c8bdaf8f,1
Saint de L' Abime,23794,1
Zoran,23798,1
"NY Bulgarian Women's Choir ""Yasna Voices""",23810,1
DJ Scratchin',3ac50412-97e3-4fde-96ed-127b511ff94d,1
Skyzo Maniak VS Skoz,23867,1
Nosens,4608d3ab-6ee0-4b9f-8e23-aea64e67f416,1
Lost Technology,f7e66d65-d43c-4cd0-abb1-83d411794af2,1
Rhythum,208b3bf0-caf7-41ac-8c21-3697bff3abb9,1
Isoleren Lawaai,23956,1
Bassookah,7ccb254d-c50d-4bbe-a7d1-f08213b6086a,1
Noisesurfer,b0fbadba-8109-42a7-bdbb-6fda08d232cd,1
Shooting Birds Out The Sky,23947,1
roMeow,23968,1
10Konekt Vs MIXoLIVe,23951,1
Dark Matter,23978,1
mhz_,64050865-c73c-49f7-9ed9-623433575759,1
Pave Everything,23989,1
ReAL.alTEr.Ego,23994,1
Cyril M.,f7f0302e-5d6f-4f7b-ae1f-06334696e6ee,1
Material Action,4641e69f-c4d2-481c-bdb9-56e7b65eef41,1
Kn'K,ef7be758-729c-45a8-8982-05b04559ae76,1
Meklabor,b195515e-66f2-4b90-a513-605f5de326ef,1
3Music,5e5cee1e-0b4f-452c-9242-81c155f670d1,1
KaraKara,953550f2-811a-418b-bd57-fd66a250307d,1
Hiyohiyoipseniyo,8d6a5ef0-7203-4f21-b704-7ec93b2f21cf,1
FluiD,d1176f57-42e8-4d3e-a677-63308a466d82,1
HoodooEngine,fb15aa88-a14f-48b1-8f20-497671d89342,1
Zero Nowhere,1e8e9129-55d9-4905-887a-994f7112f587,1
Marc OFX,ba3cbcfc-ed95-4613-9845-a409e9db5386,1
Doctor Noodle,92926afc-371e-46a8-b4fd-30ea9da4a07a,1
Hugo,3f4570a7-331e-4970-a31c-2ceb3f802393,1
Terra Selvaggia,7bfb3910-4cf0-417c-8945-692702078a83,1
Covolux,ce79152c-6e07-4cc2-8fce-83f5e3463508,1
Brigitte Hart,f9a200f6-4d47-49cb-85b1-d80f5dc08e87,1
Ram Gabay,24217,1
Stillborn Ghosts,d2ec0031-3afa-49c3-8e37-689e025c0b98,1
St. Atom Heart,b9ab8a8e-cbfe-420d-af3d-f9fe3a9d4b42,1
AZAR,d335ace1-532a-4a03-ba48-57e39bb3458e,1
Eon,178eff04-e5b9-44bc-9136-6e71875ef88f,1
eg0cide S.A.,59093cad-67f4-43d2-b584-6aaecd4b9818,1
Lefterna,86d745f9-777b-4cac-8a47-39176a144246,1
Venderstrooik,fd199bd9-be62-4321-8706-38ca4b7c7858,1
Subversives Intentions,21e43f7c-3d3a-4a29-bb2d-3a3f959a582a,1
Omelette Sanglante,d851c617-145f-4ef8-9120-2b6785cb20a7,1
Stillborn Blues,ce3ecd0e-11d8-4bf7-a52d-05ebca5221f4,1
HIPERCARGA,c59bda48-4519-417b-b37e-e7aebe3c6a25,1
Damarylis,24132,1
Xtematic,26da76ed-f577-4926-93d4-50dcc9597066,1
XOVER,71b3416f-0689-4b7e-9d3a-454de1002006,1
Irene La Sen & Jazznoize,24246,1
Rhetoric,24284,1
Painful Defecation,76950e38-3bdb-42d5-a840-9e544ca88e4c,1
Gamaliel,24280,1
Hank Wood and The Hammerheads,532d589c-2ca9-48ec-ab5f-ec66744a84a7,1
MORN,21906,1
†LOΛΣΓS†,12961890-3b2c-410a-a648-82bd2abc183f,1
RetroChuco,21909,1
ce françois couture & aubert couture,21915,1
Mystified with Slo-Blo,21921,1
Simon Dreams in Violet,adcb2675-0ec2-4a6a-912c-c525869f2b19,1
Professor Skank,b1cdb646-97c3-470f-9a3b-03a3585ab7e5,1
Zentash Gigawatt,04579a06-8a38-40cf-9508-ff0df322cb8a,1
Silentport,22f10971-f4fa-496e-ae64-9fb449a2f4f1,1
Sonologyst,0102e395-e4bd-476e-9a57-80e8335ba64a,1
Shaun Sandor,6d2da7da-7842-4f7b-97a3-216ac63214a7,1
Perfect Blind,47154d0f-f31f-41e7-8734-30fe075f7957,1
Sead Redzic,e8f874dd-f4fe-4efe-9052-e4ce42061007,1
Shhjjjjjjj,22114,1
SWAN KID SUE,22124,1
L. Gonze,9325,1
elbio barilari and andy cohn,22182,1
Warmheads,7086,1
Kayve,21138,1
David Ramos,22257,1
Camiroaga Conspiracy,bf3be22f-29d7-4057-ad09-28db541ef8ab,1
Devenus,22291,1
Stellar Collective,22292,1
MegaHast3r bcn,22297,1
6.9 Hz,22323,1
Sans Blanc/Avec Blah,22340,1
Heat Signature,995d7666-3a7a-45e3-a0f0-a6713d00cb4c,1
FloatingMind,22373,1
Meter Bridge,d0921dad-821c-4303-97d0-19199e5240e1,1
arrhythmia,3096cc70-31bc-4818-bc07-a92bf9c6e911,1
Matija Malatestinic,f30309f5-d424-44e2-80a8-a9f0f15f910d,1
Ksea,291de8f8-4e73-40ff-af99-60a761f5444d,1
Rom-Comm,22477,1
Flinstones,22497,1
The Quahogs,3e183728-0171-49cb-a151-a6977985763d,1
Laurie Amat,e8d155aa-f413-409f-a958-cfaca596652b,1
Christianne,22506,1
Felix_Helix,6165a739-4bed-4652-a755-9945aeaa984c,1
Matías Cena,a685a6c7-0772-415f-aa45-6678fca3867c,1
Diego Alorda,5a3354fd-673f-4f30-b9ab-68f18c52caad,1
Psychic Baos,9314f39e-adbb-4295-9565-95ea0e7cce42,1
Fraktion,22655,1
Neal Beard,22700,1
Ardleg & Yoshiwaku,22716,1
z_deleted,22111,1
Me In The Bath,56b2537a-cbab-40e6-a257-482666d1f7fa,1
Ales,d76a1464-7ce4-4e77-9eca-f9a5c22463f0,1
Audioviruses,44b09976-545c-48f2-b79d-f57b8e066edb,1
Michel Titin-Schnaider,22884,1
Lloyd James,7bda4bc5-74eb-4548-bc69-7f2b871c9c95,1
A.n.K.h,9bd4a874-ac9c-4ec4-900d-f47282352074,1
E Men,4716f032-9473-4f2e-96d7-081b2a40780a,1
Flying Spider,c50d31eb-88aa-4c17-9832-59458605c0b5,1
Night at Noon,adeb99d9-ee07-4d2b-bac3-07a1759ecb98,1
Noise Club,5dd1f49e-0ac7-4806-a211-c8f434add01a,1
Masters of the Multiverse,28a06b24-1d6c-4e86-8b2b-1cf4ac3e5870,1
Sigmund Stella Artois,3354ba17-b34d-4b81-b2a4-13b74ef97cf5,1
Amnum,263d97a1-1f3e-487e-b340-4dc258dedf59,1
Evariste Champion,f54c91a2-dcb5-4a0b-98ee-57a98d00efce,1
Tenshi No Tamago,68d67d6d-a243-481b-a0da-caa59f15eb40,1
Ataraxia Rebel Forces,c9e3f06e-bd42-4f58-8d70-97d89c2e68a4,1
Daemon X,22969,1
Harmonic Dissidence,22971,1
Maser,22974,1
Tëal,22978,1
Vred,23204,1
Ishii Fuwa,f8886e0e-07c9-411e-8c96-d63aa40f351b,1
Gärtner,23017,1
7eventh 4loor,5b7d8e6b-0d51-4c75-9dde-dd66cc58d12b,1
Matu Stone,38a4369d-2829-493f-b565-68b6ec31904d,1
K/(w)/a/y,e3582bbb-ecac-4fb9-9e06-194103861f72,1
Jake's Snake Pit,f9376f2b-9f6d-4086-b976-8d79f7623035,1
durwolden,19605,1
Dan Darbandi,19625,1
will soderberg...,d3ff953d-cc83-4d0e-81d0-d7700fd4ee2e,1
Timetoprеtend,322b13f2-9dae-4e44-a56c-270602132ab7,1
Kiko & Marylise,21694,1
undRess Béton & Hal McGee,15954,1
Clutter & undRess Béton,15960,1
Vziel & undRess Béton,15961,1
Otto Von Rhinau & undRess Béton,15971,1
Herr Penschuck,0aede7be-8e02-42cf-9979-e72dbf61db62,1
Beauxregard,16175,1
bensnburner,07935fdb-ec17-480d-b68d-922ac69c71e3,1
Setamur - ExP B4,17825,1
Setamur - Cristiano Bocci & Filippo Panichi,17829,1
Setamur - Sava Marinkovic,17837,1
Lauren Redhead,44cf977d-ea21-443b-b132-671bf9b56cbf,1
Mister Drey,22251,1
Sukora,0616569d-2685-4288-bd88-fb4ea34a28d4,1
Noggin,23114,1
Punkt,23125,1
Rabbitsquirrel,a5056be4-029e-472c-8856-c2e8b538c254,1
Somatose + Ardleg,23370,1
Nevroz,83fd31dd-ceea-488e-9751-223e44c598b5,1
Network / R.M. Keller,3ac9a103-0fd2-42e8-92d6-4be63b0e5d18,1
DR(DR)ONE,3e62c9a2-b88e-4f0a-b7be-e96a215cce36,1
Epileptinomicon,e0d1f5c2-9dc8-4a27-9613-76f1d22fb0ba,1
:dehumanizer:,037db2c7-15cd-4ccc-9496-5af0b0fc9386,1
Emilie Lund,2ebe162e-6b78-46e1-8087-611f756bf40c,1
Tim Winsky,4382a82c-767a-4a34-8b74-490847fe1f6c,1
Caramelitus,92825931-2b87-4fa8-ab8a-31e7a6396514,1
le N?KO,156ea681-e416-4335-a635-4e33b5c02422,1
Ballerinas Killer,9a411fe7-a738-4ee0-9976-6c3a86daefa4,1
USAISAMONSTER,e9e26c53-cce5-40d4-b9e5-c69e634bd2d5,1
Varropas,a801f21a-637b-4a5e-89ca-de5c34be5906,1
Sam Hillmer,78fdcb32-a4f3-4cd3-9f71-d38d766459a4,1
Biggiesmartypants,915070c4-42d6-4c14-a88d-110385a9c4cb,1
Tim Albro,7112d911-d57e-419e-aae0-86d3f98e884b,1
Jesse Kudler,029e896e-f72d-485c-bcf2-f2a7db3540d6,1
Howard Stelzer,1ea6c396-c496-4c9a-8751-b0b6240059ea,1
Igor's Roomy Lab Coat,bbc34123-635e-4ce8-ab3d-abe453024f46,1
Pachač a Juskanič Slovenská Orkestra,4e3e12fd-7040-41a9-b680-03fb4af3c262,1
The Invisible Empire,86c979d1-2ae6-472a-a24e-b5cdb00850bc,1
Loachfillet,f87f6b66-9b84-4195-8078-32397572e02f,1
Catrider,bbf5d88b-fbdf-4ec7-947b-d1997da703ab,1
lpower,77fba3a9-1d3a-44a4-b331-ad4de9f0ebca,1
BBBlood,6d36925d-79ac-4d55-933c-602ee1098514,1
Red Plum & Snow,fca3b60b-c9cb-42fd-9ebb-d3d8737b9020,1
The Ghost Of 29 Megacycles,9a430a10-9820-4557-9804-57b0aec066aa,1
Sutcliffe Troupe,c4c86af8-3acf-4e85-bc7e-ac246f9c4070,1
Josef Blo,1ed5f8e0-b110-44b7-9274-8361b16e2ee0,1
The Magic Carpathians Project,ac582f58-cf2a-4a7a-8d94-f539518c56a6,1
Mark E. Miller,0e46d6f8-8cdc-451b-a81f-52a9c2750bc3,1
Exotic Snake,4fc7e0a6-cf3e-4604-8add-fba60fe6c8b9,1
Ian D. Marks,833d0b93-e4b4-43aa-848a-b36fac43632a,1
Chrissie Hell,251d37fa-79b2-4f0d-a959-cd8e5396b934,1
NOEL-KIT,a0d42bb4-a8c7-41d2-b47c-d56cb3d8a6d5,1
Rene Wilson,3a6c3dd1-0b97-49db-a5ee-642db564c63c,1
James Lam,1e99c98c-faab-4bbe-aaea-a95eed6bcb86,1
Fernando Simões,77b02336-d96d-4085-9249-e11f8c4884cb,1
Loretta Lucas,694bb3b7-cebf-4091-98af-abc66be47f9d,1
My Fun,6e3174f1-6ea4-43a7-883f-734beccb2cc1,1
Pira666,8f24bbaf-97b5-4440-b583-af49de878534,1
The Puddle Parade,39d8dc10-d2f9-43aa-98ec-1cecd88f670d,1
Dada Ket,0b5699a5-c007-420c-80d6-3e52d9499afd,1
Nestor +3,a8fa4b24-fb54-463a-b07d-64098a2c0af0,1
Gary Krishna,f6e47d14-1735-4052-8b28-fceedcfae657,1
Mr Moogyagi,30ccb5a7-3b88-4b3f-8abf-c38d1823ec7f,1
see through buildings,2284ea52-f8bf-49d9-976a-cfd731eb1400,1
ZA POKOLJ DUŠE,0e988f98-3645-47b7-beda-f2c1e0581f62,1
Arthur Pryors Band,dda7060e-7d42-4284-9afc-b9f24a00c1ae,1
Boonesboro,90c5014f-25a3-48d6-be2b-c1c2b52c8357,1
Ecoute La Merde,f530459d-8f46-4add-b5b4-823191f875c3,1
Branic Howard,d7bb381f-b08d-4ffd-acf5-dae1c3ed26c2,1
Stop Children,2269a6ce-58e7-4aef-ace8-795ade87ae64,1
Gentleman Ringworm,4ed9b4d4-ca94-42ad-9b57-8ec3f7655fbb,1
Max Scordamaglia,b2981c08-3c0b-4c07-9488-896b6bbc0fc7,1
Kaukana,bebe6eca-c549-4bbc-812a-252a3bb1b3dc,1
Ilki,8c8cb201-c0db-41ba-8929-e21d1c137d44,1
Kikiriki,b09ddc5b-16de-4e74-bdee-a76c4581a51f,1
3dtorus,039d3cc8-180a-452a-84c1-b3715404268c,1
Hypnodrones,25ba0ba1-64a4-4561-bb8c-35767cbbe597,1
Anna Friz,c13f6cfb-bf50-4630-820a-7bc4e168befa,1
Steve Burnett,f0706ddb-e02a-43c3-9571-18ddbfd9b57b,1
Petra pied de biche,9e2d0f15-e258-4220-8f79-5300eecd0967,1
Terratrax,7c00b41d-51a7-4958-93ed-471794f86ae8,1
La Flore Intestinale,09793d30-0911-4368-96fd-14f370fe81dd,1
Jii-Music,96555d43-6604-47de-9dfa-c890157eaa13,1
Infrabaffes,9eded35c-00fa-4fed-81f4-b872b1ab2229,1
TeeJot,23421a7d-346f-4632-82d6-aa0f143c615c,1
Symplocarpush,0558c8ca-a649-41af-9473-3ec0e0a804cb,1
Dentist John,d2e72e41-497d-4dfc-9965-a21b92611608,1
Charles Eric Charrier,03c35d25-b2fd-4faf-9aad-74ab8b83206f,1
XR Tabs,0cb96b7f-5ed1-4125-a1b5-9168001552ff,1
The Shining Men,710a83f9-0537-4641-bfca-cbb2e4d82ff1,1
Lain Into Wired,b6567b09-6967-444a-a418-71e084863765,1
Damaryliss,7b1c2ccf-f082-47ba-a5d6-b7afa02cc265,1
Hecrom,8e3ba0e1-a981-4a93-a317-e62e810eacdf,1
Alex Drool,21846,1
BOHORQUEZ / BALOGH,21882,1
RADIO ROCHA,21905,1
Trium Circulorum,2965f9e8-6d29-42d3-a6d6-d63635fbc052,1
Manb,486aa8a5-0307-4bf4-9752-fecc960304d6,1
Mexican Stepper,e6e8723a-a09c-42fa-9560-ce88ad060233,1
Djiman,51081d08-b035-4a27-9ed2-30036bd8511c,1
Spinning Ratio,22013,1
Jelani Sei,832418c6-cdd0-4e5d-aa72-a5606e231242,1
Eran Sachs,31f100d3-7090-41b9-b094-8176ff62731a,1
Kjersti Andvig,e5e2517d-2a0a-48e8-88a5-5900af73dd1e,1
Ulf Holbrook,f94f5d69-0912-4ba5-973a-3d5597f7c156,1
Berthelot & Launay,22149,1
Ion Bodi & Kathleen Martin,22187,1
Khadime Gueye,22186,1
Belly Belt,5edae4b3-be5a-4ac9-8456-21038e7dbab8,1
David Nance,0a5f6c11-3395-4038-b53d-7b30e598a703,1
"Alavedra, McColl, Levine",22308,1
Burke Jam,c2afefff-6d6c-478a-8260-49f77ab82a5e,1
Haggai Fershtman,a87a14da-afcb-4d44-aecf-ce2785d58935,1
Optimus Prime,609fe1c6-c5ea-4bf8-bcd7-f77b7c5ad473,1
Irvas,6235e8e3-d476-4b10-8470-3d3929171db1,1
XJJ,b5f9c91a-52d7-4516-840d-ed47125ab096,1
Vanredne Okolnosti,07d24149-645a-444f-bc77-7361fbf0d303,1
Ivan Pejović,3ad56f4e-96a7-47cf-8c85-3b758f447f8f,1
M'Other,21263,1
Ensamble Isamitt,22522,1
Running,22603,1
Radikal satan,2cb59149-d259-4e2b-bc9c-d3b587c50a8d,1
Øndebarnet,22614,1
Noise Arcade,24100b3f-fcd6-41c7-98c1-aa2d5a8cd799,1
Parallax Beach,22720,1
So There & The Hare and the Moon,22733,1
Sole & Surreal,22740,1
radiantOpaque,22744,1
EON & Yoshiwaku,22748,1
The Dielectric,fbdc9309-0aaa-45b8-852d-4795a777fe33,1
Zmg,906f2978-429f-40fb-9e20-0d9561329dc7,1
Saynal,1c1a24e5-7d9c-4501-aee4-d88fcd577f78,1
Intraktive,fc651327-af4e-40b2-a53f-7a77693871a3,1
Die Puppe Nikolaï Ada's Remix,22887,1
Raviv Paiuk,22896,1
ShivaTriBu,0322456f-5ce7-4388-8ee1-53136e09caed,1
Botulism Prick,6a9b3767-afd1-4122-9528-996af94f76ef,1
The Great Onanist Swindle,0abff9a1-8f7a-4a16-87c5-9c31a7465999,1
Mister Fuckhead,71970beb-1246-4f36-b4b5-9953d2a779cc,1
Vanishing Cream,5ec4cbe8-c7d0-4f79-8388-7dbd8c121227,1
Criad Crias,704c36c2-a3e7-4db8-a513-2efe5f250e23,1
Stray Dog City,22903,1
Black Dreams,8627da7e-ebd6-4f98-a9ee-3d0a2011ff49,1
Hector Nickel,68356a2e-f9b6-4cff-a9e6-25857c40bee1,1
Elypixa,fa79153e-846e-43ef-86f5-2cf4ad642227,1
CEZAR,5a37431c-d48f-48e5-9e67-50f31495f62e,1
Chroma,5375dc23-6f80-4f09-b3ac-3287194ad417,1
Rmnski,23205,1
linguaggio macchina,23011,1
Jordan Johari Rais,806ae0ed-a5b8-4b8c-b4f1-3715933e4cab,1
DMC,d1c019f8-ef85-4039-a3fc-cdffd9efd854,1
Berger Rond,b707e741-570c-435b-827f-3d128c02c196,1
Andrew L. Jackson,066ec4ca-3fb5-4f27-ae53-bd5bf060852c,1
Raven,543e2928-fa10-4ac1-8492-cf1fd96aa5e0,1
Prince Pute,57b221f8-5991-4ae7-a2ea-233db410f95f,1
Serge-Antoinette Egocide,134b2dcb-70ef-49d6-95f4-0ae63d9ae2e6,1
The Knobster,98013fed-579d-442e-836c-8c8a5573514e,1
Damaged Testicles,93ecb265-1c3e-4561-8d0d-289d8ff5e69d,1
Usher San & HIV+,23097,1
Zeru Ta Lur,4dd0e78a-e325-46c1-822d-133d1c28873d,1
Fastus,e04a35fe-677a-4040-8fb7-64dbca60cd2c,1
Mike Fazio,7488ad7d-ad20-4c5f-909b-68efa426456a,1
Tim Nelson,23142,1
kyoka,23155,1
sun pack,23157,1
strangerfamiliar,77f31c03-7ecb-4f20-9f44-79584984a704,1
Piettro,4b1f0714-9644-46da-b223-c7b5830cdebc,1
Dganit Elyakim,23193,1
Drose,23201,1
The Oscillation,24c79bdc-da07-4626-b449-0e0aa3ce395f,1
Holy Wave,715b9af4-36c8-4ae7-bc7a-b1ff147fc110,1
Paul Kayhart,23244,1
Stasis Device,7a2ba830-0cb7-4cea-8f7c-a7c0f85f48cf,1
Officina Gadget Rumoristici,23267,1
Rigzin,c5f0614c-a38b-424e-ad1e-5609991bc496,1
L'anorkhestra,23282,1
Cut versus Electronic Press Kit,23313,1
WeAreAllSlaves,aa4d2ff4-3039-410a-8bfc-abdeee888891,1
Une Fille Pour Le Diable,23377,1
Ref-Co,23380,1
MNI8000,23351,1
Phyloxera vs Boozoo,23355,1
Cut featuring Gibet Remix by Orestes,23366,1
Privé & Planetaldol,23368,1
Ayato & Evarist Champion,23371,1
So Far As I Know,1827b69a-14a7-450a-a842-b90d7f8f3a2a,1
Ayelet Lerman,23420,1
Alwin van der Linde,4ba7e8af-2928-48b2-b0b2-781d30671f91,1
Badrich,99d50f4a-5896-458d-9bfb-0677af7dbd31,1
epitomeZero,be3c215d-f7f6-49fe-916e-322cb14e303d,1
Foresense,1777d3ae-ea93-4b31-9fc3-83fe198a078c,1
KimCosmik,4f084e2a-f9b4-4902-bcaf-89b132ede95d,1
Metalogue,b0f29f28-e152-449e-8a84-d413527b75ab,1
My Gloomy Machine,8661f73b-cf73-41d4-8337-61f9408eae3c,1
Nearfield,998bddfb-a080-46fc-b390-205053303eed,1
Organism,2c312046-bd29-46c7-a949-d76f859f9c80,1
Rory Leitner,2a2a695c-ef94-4d54-b1fd-441539e8a4c1,1
Scholda,cf7fbef7-15c8-4f9d-ba84-9b83d901f75a,1
Sigma_Algebra,60d9e4da-2959-4f8d-9353-ba0bad103e6b,1
Sixty Drops,ff9952c7-c89d-4b08-a0e9-c223c7e027d9,1
Trichrome,a13abd63-9fa6-4ea1-98f5-5ee25ff982eb,1
Eran Hadas,23487,1
Chalk Dinosaur,6524194f-5362-4f69-a265-2aff95174b35,1
Now Endeavor,076f8779-7c6f-4cd8-9c33-7ee8a119a1fe,1
JekK,1a6e139f-c5ce-4086-8e41-e706046eeecb,1
Beach Talks,23523,1
Gals Sòt,23524,1
Aymeric de Tapol,23548,1
Blenno Die Wurstbrücke Cover Mamiedaragon,23574,1
Ordonnances Des Rois De La Troisième Race,23577,1
Divag,8057,1
C_C,23569,1
Indenadfin (feat dadalu),23581,1
2L8,23606,1
Roger Stevens,23618,1
Erik Ryan/WMD,23663,1
IznelavKcin,23693,1
Kevin Orliange & Valentin Portron,23763,1
Ivan Čkonjević,23800,1
Moncho Fuego,23799,1
schᵗʰ00l,23833,1
Mr. Groin,725e7cd8-7419-4fde-8244-3ee26d8570eb,1
cecilnick,06502c73-6c95-49b5-a5fc-c535c045baa0,1
Laurent Avizou,21328c46-b63f-491c-9ebc-d7ec292f1e92,1
GOM,be52fde6-a51a-4565-a44b-d730158379f8,1
Doombox,23922,1
Theonugraha,23927,1
Deformister,23928,1
African Cave Recordings From the Lunar Surface,a09e59db-0cdb-4ae8-ac7f-d050ea26849a,1
Dawktah,23950,1
Hlo & Pollux,23952,1
Junkielover,23977,1
lame o. nil,23981,1
Xrin Arms,6d3b206f-9857-4085-a411-2db9b6604fdf,1
Cale Muffley and Jared C. Balogh,24077,1
Golgotha Communications Ltd.,b32bea71-2b8e-48b1-8923-7172869b932c,1
ReeceA,c056eae6-5bad-41e7-a375-bf69ceb43d5c,1
Død Beverte,e1a7544f-a8e4-4129-9037-80fc8f588728,1
KargO,580afc3f-a849-420c-99bf-edd28ad97cfd,1
ADD,31b582ee-9ddd-4519-a37c-ecc7d329b79a,1
Natsunogogo,d0a13670-e78f-4f18-878a-6a984d028fc8,1
Iampervert,eb30e90f-df8c-4448-bfdb-a7a0df0d8d9b,1
Ahtictap,035705a5-643a-4608-b3e6-9e2702975a4c,1
KTNISH,733a9e5c-5f3d-41c4-a123-dd891a0be3d8,1
Consistency Nature,e9147b48-a1ba-422d-8081-b481c9c990f2,1
Hollywood Video Game Kill Bot,0b6621eb-5a6d-48d7-a1b3-95e668865661,1
Sven Meyer,c97fba62-560b-4249-a208-68c4ad326b48,1
Kalciy a.k.a. Ca,24059,1
Playing With Nuns,45852d51-d419-4f38-9290-94cc17654a45,1
The Musk-Rat Cult,b1d36738-3633-4eb0-9555-b0446253e74d,1
Gisburg,3469d0e4-8f75-4a54-a272-edf25b9a8e40,1
Eastern Blokhedz,24091,1
Alexandra Spence,3dd2899c-6134-48e0-9248-01dec39d4df4,1
Yvonne Freckmann,a5139841-413d-45ec-af17-d3a8dc56cbc8,1
Denis Frajerman,50f4f9da-172b-4152-9cc8-aeced79e3dcc,1
David M Paganin,01aef8f3-fbbc-48ff-b448-b98ac3a0876b,1
Present,74517c33-40b8-439f-85a9-c86ae8350f12,1
Bloody Blue,d0faef8e-cc12-4223-b9c6-05eb2603f25a,1
Theothersideofwho?,fcc9de40-c955-4d7f-8ea3-72c52b19bb93,1
Orzchis Occlusia,24248,1
Kosta T feat. Julia Stratulat,24258,1
WHEREAS,9f219997-88ef-4c7b-8016-e6f5cdf6d6b1,1
Orgy of Swines,24283,1
Peter Johnston,1fcf97d3-d62c-4ebf-b9f8-40bc32d69dfa,1
"Loveshadow, Narva9",24290,1
Brent Hugh,ebefdfc4-9e8e-406c-8731-7042a32e4d04,1
Les Gauchers Orchestra,7fa2a167-0547-4164-8dbd-7773b6f48f19,1
Rasalasad,800bf987-03bb-47b6-bbe5-5a95202278c2,1
Bloodington,0a4f7e32-0125-40eb-8beb-085abfe890be,1
Hatred Alive,24281,1
Bignonioides w. Nic Bommarito,24321,1
Dr. Almeja w. Massimolotov,24332,1
"DJ Control Habilis feat. Jotaose Lagos, Kanitrou",22290,1
Slugabed,f32e8860-3a92-43f6-999e-c684dca76c03,1
Tamburacı Osman Pehlivan,77c0f422-d5b4-4f42-a94a-ec8c1a181463,1
Winkhaus,84134d38-775f-4fe6-a359-862ffaed2c2e,1
Future Death Toll,9d9522ab-e61d-4dca-bf32-21989a91c337,1
Susanne Hafenscher,311a54c8-0278-4873-b2ea-e16a4bf4a601,1
White Ceiling,e7be61b6-36ef-4f53-859b-3a375f1f4258,1
Jean-Luc Grodard,3dcf156b-a979-46c8-a907-ffe59826f8a7,1
Ionn Connor,c194d555-a3f1-4812-b918-d0359276012e,1
Mr Melvis,abd1f771-ef5a-43be-a73c-aea9e3f95d91,1
Yuuko Haii,127a6ec3-6f8d-4299-bd1a-b4c04624dbbd,1
Violent Gay Stripper,961768df-2bf6-42d5-a94e-aa6d83d0a037,1
Ilir Lluka,04f1bccc-fb83-4235-95ad-af0f134e99bd,1
Nevre,afee2074-0e8f-4f89-9de8-abf8d6b5f36b,1
Kelly Churko,201812d3-4d9b-45f4-9e1c-f4a4e41e4cd1,1
maitadaisuke,fd220ad5-50ba-4de0-b4b2-67e9669a07c0,1
Embers Below Zero,833dc485-6e68-447e-8063-0ebafe749ac5,1
Tea Man With Tea Gum,23b095e6-05ac-4190-a1f6-ffb3f76783a0,1
Usher San,2332853a-a6e2-4857-a8c5-ed13a4c78413,1
Robert G. Rough,dc4fb009-b7fc-4dc3-a855-0061610e61a6,1
Drehton,9dae4a85-6886-41ec-a228-8bfbbaa9aceb,1
Mobyl,b735effe-9eee-4b28-adfd-b7bbd5f96476,1
Schizoidal,fadc7a21-e5af-4825-99a3-2c02d1899910,1
tide jewel,3eae0252-2f77-4521-bd3a-95b24a0216b9,1
Arbor Vitae,978afae9-ad32-4e15-b9de-aa9849dd813b,1
Jeritan,a176706e-3bfe-48a6-a246-5aee5c5354ed,1
Cocoboy,45efe7b6-de03-455e-b161-08e8c415f965,1
laughingstock101,57b97890-9c53-4de7-add0-01751a40b645,1
Problem Anderer Leute,45df8ff6-b2fe-418c-943f-b9ec1ba26396,1
morsmores,021b9003-e77e-4083-a5f1-6ea46c5bbf7a,1
In Flagrante Delicto,b90453e3-ddd2-428c-ae4a-8b2bf30ed548,1
Delhi Swim Club,028e5f67-ccc7-4b7e-8ce1-66c7a2d434ba,1
Frederic Lardon,cb693316-0c18-4901-8dc9-de28c4936686,1
Andrew Lampert,0e835a0a-d3c5-448d-bb2c-566d701cc38a,1
Communicon,6c9da163-9233-4d4f-be95-dc57eb39b602,1
Rust Worship,3e680410-66d8-45ea-ae19-5c5695418d4c,1
Michael Barthel,bae38767-51fb-499d-8b7a-782b45463791,1
Figit,6560b63d-2516-4dcc-a394-7e33fdc36c76,1
Steven Flato,575b853a-7541-4b78-9b70-c80558c865a9,1
Oriente Lux,92e35c52-b2ba-4a42-bcda-cea8e993ee50,1
The Mighty Acts Of God,114cd341-ebc2-44ae-b843-bcca74f92061,1
Machines Of Indeterminate Origin,8455ad19-834c-45b4-b698-5d49fc0c283f,1
Die On Planes,d2d9a084-a3a2-4277-86bf-10c4928c683c,1
A Quiet Monday,a497f181-e652-4427-89f4-4bde5f3f49cf,1
Sonia Paço-Rocchia,b71cbf5f-78b6-41eb-813e-6a1aaea77eb0,1
Paul Cogle,c285313c-0737-4506-b4e0-ceec55932328,1
Infinite Decimals,d3c68179-deb9-4975-8a4a-f84df7bd91ca,1
The Masonic Whores,eceea688-f52d-4396-92ad-2b8e7ad4f822,1
Kay Grant,67104a44-36f7-48b3-b4c0-2443d97fac6b,1
Lol Coxhill,8e927f76-c911-4a13-833e-f8e72e53b81d,1
Olie Brice,0fb4d8c0-cc55-46f3-91f3-c4e401070884,1
Tar...Feathers,d6c23609-c14e-4fa6-8898-fd2ff8c7f98f,1
Struct Seven,9c9ebc77-3375-4250-859d-12b674e22369,1
Squimaoto,8dce20d3-fe65-41b7-82a0-2402e441b2c2,1
Super Creep,938158e9-cc30-4751-9a96-6b24f8f6c4af,1
Fluorescent Grey,38e467a1-b9d8-49fc-8f8b-0b7b2a02b06f,1
Thorsten Soltau,62bffe85-2287-4805-9614-e619afbc5206,1
Marina Stewart,20120381-fbe3-46e8-b3c8-15c7e7d67554,1
Wank Engine,3bde9b00-24ab-4574-a9da-c7f93e88d006,1
The Sump,e431ddd7-975a-499f-b957-1ca69a850993,1
San Jose Cow Muzak,470df4ff-b5c3-460e-a6e5-fbf654d1d55a,1
Alexei Borisov & Anton Nikkilä,314bf637-f571-456d-9f9c-bc88cca3f7b0,1
le Chomage,c7153158-d73d-4950-9618-ad5025222d66,1
Cowcube,d0a93d20-7e01-4b1a-8b1b-a0ddc61b6b61,1
We Suck At Parties,f8d591f5-bb86-4b24-9dc9-57e684593d33,1
Hochgobernitz,1f0dba40-6cf9-4c95-bf71-02b6a7ccece8,1
Tozz Rox,605b348f-2209-46bf-ae7a-e23cafac3e67,1
Italic Indian,7aa9dc40-9a91-482d-8c99-06af6a22a8a1,1
RNDM5,bdeea421-4948-46df-a87f-7168fdddafad,1
tyynyliina,e6c53e31-8617-474b-b5b3-d85031213997,1
Chaotic Sound,52e4a476-8335-41b4-b2c3-1177c8373f4b,1
J. Irwin,03f7f0dd-2b88-4758-ad0c-a113e3256ff3,1
Imago Meccano,b2b89162-6ac9-4f37-ad23-b520a55d0a85,1
Th W rbl r,6158aa6c-4453-4861-851f-8c83bbccb83c,1
Catalyst Fantasy,b541961d-e66f-480c-8277-cb6a74c25fb7,1
K-Conjog,96152d2c-3792-45c2-896a-fa477877d7e1,1
Syscrusher,133a8701-47ae-45f8-94dc-56be6e86d973,1
daiteng,49ec8862-c8ad-46d0-9945-47b7f67b2d07,1
K Salvatore,81a273f2-f330-43b9-8eb3-a3ed490c172b,1
Rachel and Jon Galloway,49d907c6-328c-4e1f-b33c-8c1d2a699a47,1
Tune x De-Tune,621e5eda-b8a7-4852-9481-44922fe7839c,1
Eugenics Council,e0517f70-1235-4f71-bde0-a6dc3081e83f,1
Pusdrainer,93ef379c-d54b-460f-b333-403abaa82012,1
Sex Bruises,67da9fc2-9249-4dd5-89af-5d5e019d7637,1
The Gruntled,17642aeb-a135-41e9-952e-26c8cb754a83,1
Paral-lel,77fb5a03-04bc-4484-8c7f-93901656b97b,1
Thread Pulls,84c5f0f2-edf9-4ab1-ab02-69e3b0f967e8,1
The Ultimate Architects,eb2ca96b-2f24-4ec7-857b-21598c92fc2c,1
Christian Doil,40f53c07-d48b-4f0d-b77e-1f3503827f9a,1
¬[d],be9cb722-b631-4cef-97af-c65147bff392,1
Irreverend James & The Critical Mass Choir,e85e840f-4fc0-4db4-9a92-1caf47b6c82e,1
prOphecy sun,06ad8af3-4a55-44df-84e0-d27ab6b5c9e6,1
Starmelt,b28527e2-9be9-4e53-a765-9ab6d31086fa,1
B00daW,ef8c2c80-9b88-4990-a226-67e7d579da7b,1
Arizmenda,b24f8971-2252-49f8-84e0-eecb41a0bb9e,1
Joanne Kyger,6a8bd879-0958-44fc-ba4f-d7ed8d3c9796,1
Majic Eyes,2256,1
Mansion,12127,1
[blank],badb6574-8703-42f1-8cb5-d4ca753268b6,1
CJA,f023cd91-12aa-4787-97e9-8158d1c37697,1
Iced Bird Spiral,12137,1
Ralph Samuelson and Yoko Hiraoka,12167,1
Rawmin,12192,1
Mister Matthews,12231,1
Jackie Gleason,c6d1f982-ed7a-40a8-bfa2-5a1342376636,1
Jeff Gburek with Chester Szmiada,12319,1
Stickfigure,2d882dd5-8200-4cba-aad9-6a23da57f24b,1
Jack Ruby,2b1c2561-e0d1-4e17-8dcc-9c3e94ccf0ea,1
comounjardin,12402,1
Burning Palms,74a0e51a-cf6d-42f9-98b5-21cb5457c5ec,1
Eastern Grey,12451,1
Dream Damage,12454,1
Philip Sulidae,f90ef79d-65e7-4d70-a6c9-420eed355018,1
Paul Heslin,12458,1
Amanda Stewart,05409a38-45e8-4702-adf4-745446c3728a,1
Major Napier,6786e89c-e15d-46f8-b380-ba187e23de69,1
Juarez,12471,1
The Anchoras,12479,1
Eli Sketch,3ca626b9-964e-4562-b558-e41bf261bade,1
The Phantom Payn,392189e7-573f-4c2e-98c1-f9c7ab5816fe,1
The Phantom Payn,12492,1
Phantom Payn Days,392189e7-573f-4c2e-98c1-f9c7ab5816fe,1
Nebe-Quartett Mit Harmonium Und Kirchenglocken,e63e9ead-cafb-4804-89b1-b11335c73dc5,1
Nebe-Quartett,e63e9ead-cafb-4804-89b1-b11335c73dc5,1
Paul Slocum,484adae9-e5b8-406b-ab04-72e09a61ca54,1
The President's Own United States Marine Band,a2474772-f4bc-4e6a-b85c-5569e1437788,1
Jerry Paper,b5d177c8-a3bf-47ab-8e66-aae394b380cc,1
Hi-Asobi,12589,1
Harvard,f927b10f-7014-42f2-8e2c-28dab0f79a07,1
Aucan,c39d82bb-c487-4baf-8318-131a32890c13,1
The Bear Season,5b774ed2-bd08-412d-bf72-fdeae7cf7253,1
Immortal Beats,12632,1
Dead Wood,9e0f1418-d162-42e3-aea5-de2ae7d9ad6d,1
Oootini,feecce25-3492-4859-b1f9-1db56ff53f29,1
Richard Ginns,3d301e3f-5a4c-4525-8fc8-b8449a4ffd39,1
Coyoli,8746338b-090a-4475-b6de-8c9171460b25,1
Tony Danza,039e43c2-819f-4a29-8e47-61a4bc36dee9,1
Jason Kao Hwang,af08f7c3-1897-4fc1-93be-45699535a25c,1
Angel Eyes,35cd6534-8f24-4de6-9bce-5543e21b92ec,1
Froe Char,f0d108e5-13a7-4a45-85ff-f678c0ea572e,1
Xiu,12720,1
Puro Instinct,295f6f18-d316-4927-92df-2913291c7b99,1
Mountains,12741,1
Borland,12784,1
Sunrad,12789,1
Little A,12807,1
Athenian Mandolin Quartet 08,12821,1
Franz Lichurtichentaler,12823,1
Glyptothéque,12879,1
Boy Friend,abe64e4c-be05-496e-8776-7c994b890805,1
Rubber o Cement,d1a40d63-47aa-4690-aaed-d464ed816640,1
Truck Van Rental,9bc11803-b010-414e-b0bd-9bd6c090a6b1,1
Catherine Pancake,12919,1
Robert Fransisco,12929,1
Wolf,12930,1
Jenova 7,9226410d-2893-4957-9465-a9a69397ee21,1
Laguna,1aee3924-4871-4694-9f86-bec943fe6b0d,1
EQual Beats,48ac9f35-4172-4bcc-9dad-737ac34e9a07,1
Strad,e9dc94e8-c69a-4aee-84e0-70c2b9796dba,1
The Julie Mittens,70da38e4-3478-4ac1-a158-a1522f6a9fbc,1
Steve Roden,ac86189a-0614-48df-827d-6992be11252b,1
Scanner,12986,1
Y?Arcka,a2468e36-fc38-44da-b5b2-00207c0897c6,1
Gamila,45ab1ec2-0c9a-4737-8f20-e006f06023e3,1
Main Fader,13032,1
Ayato,5EKunicuqvdrl09LMT3HIJ,1
Naoki Ishida,3VG8vOHAwji6fUEcAwwZTD,1
John Hyatt and M4SK 22,13082,1
Kipple,13083,1
Sonic Surgeon,f2ebfa80-5d82-4870-b4eb-0673e92a6398,1
Yasuo Akai,13100,1
Machine Gun Fellatio,98c749f4-2488-48f8-9ce8-7ea4b97fe8ea,1
Klic,13126,1
Darker Florida,fe6f9da4-137c-46e1-9d63-fc1e70dd698d,1
Bun-Ching Lam,13151,1
Guy Watson -,13218,1
Barbara Kanam --,59d7ab72-5d9a-4959-b47f-534b15709b73,1
Ziro,13229,1
Aurelien Pederzoli,13244,1
Dag Juhlin,dc0f3027-b50b-47bb-a2a7-bfa952f095f0,1
Gerry Hemingway,33d22f49-b089-4692-b9f7-69ca60941312,1
EFT,bb479fb6-4ea9-4d14-b481-a0349daba463,1
Presley,13373,1
Gods And Queens,050da8a7-7f7a-4cb8-b323-f9219a62115e,1
The Home of Easy Credit,d3ea450e-1ed4-4f1a-a7e8-46e07c9ed069,1
Digits,dcd646e1-360d-4114-b5ac-8a7b5dc025c0,1
FRANCE,13417,1
Homme Studio,1f3f6151-3910-4990-8d36-ff7a54622c11,1
Like Black Horses,5805,1
Gravity vs B1t Crunch3r,13436,1
Crosus,13435,1
Daniel Barbiero & Steve Hilmy,13453,1
Jideh High,5edd5f5e-ee31-489f-b88b-6ac6988ebbe9,1
FLUX Quartet,b7bd37c1-63b4-4cf3-b3ca-a3b37edae2e7,1
Bobby Few,e264b101-b07e-4e45-9fbb-77a25c075821,1
Miles Mauser Holt,13487,1
Kingslave,13506,1
Basic Printer,906a1c34-9d2a-4c7a-9a44-098b805c39b9,1
yuki matsumura,13539,1
Matthew Brown,13557,1
Jonathon Nokes,13560,1
Stag,11401,1
Jusgo Mosh,13566,1
Floris Vanhoof,cd820252-527a-484d-9181-62af5a4372be,1
The Paul Kidney Experience,13585,1
The Love Letters,187ce05a-8bb4-4c43-96e8-73efbff6a801,1
Tarantula,4b06c75f-cbae-4f2b-b0bc-d72201f786c8,1
words of sign,13612,1
unico,13628,1
Sad Soul Circus,13637,1
"Andre Caputo, Noura Sanatian and Noel Taylor",13652,1
. Pixyblink,770fd220-dbac-4ea9-a883-2d3e95170851,1
Kecap Tuyul and Ayato,13681,1
Lil and Moonroom,13682,1
Penates,13699,1
Roberto Lazzarino,13704,1
@Pani_Bufetowa and Dwoogie,13657,1
¡recuerde!,d972e73a-c54c-4ea7-9cf8-3eddfdcf7c3d,1
Dick Whyte and his Golden Guitar,13690,1
Image Vs. VED,13725,1
Rackets Vs. VED,13728,1
Au7um,0ae59773-ce62-4306-b0b6-1642ecd1f1b7,1
NITRO,f9780260-d5ec-4f1c-a325-7235ea5df8ab,1
Redeem,0aab59b9-ea4b-4de6-ab9a-7ea0944b8eef,1
Stoger,13763,1
The RocKandys,bf0e5a37-9986-4216-a176-43295600b285,1
Die! Die! my Darling!,e9f44608-5c9d-4e98-a241-df7267452773,1
Seventeen at This Time,79187a3e-68a4-438a-b2a6-de28a9d8f290,1
The Black Angels,49814f71-8fef-41ec-9af8-b6995c0bd601,1
Poland,9211e45f-858a-478a-b2c9-5e0c46720964,1
Shuriken,1b6c303a-2047-418f-9a23-8332870434b6,1
Phil and the Osophers,9e7aca27-16ea-4596-9961-c915d0664d84,1
Kumon Plaza,a7d33ba8-e672-403b-a9ca-bdcfaf7e32df,1
Antn Hrkwk,d8cb2b74-ef21-4422-bbdb-cabeca05460b,1
Hot & Cold,ebebe398-bbc8-439a-9e0e-d64ebadf92c0,1
kim fowley and the worm all-stars,13843,1
Deltason & Konuvvi,13852,1
Tencor,13869,1
Binary Zero,13870,1
"Jeanine De Bique, soprano; Warren Jones, piano",13909,1
Supercute,9760688e-f879-43ba-ad38-b840ec88eca5,1
Jack Skuller,317368df-9a64-490d-a10d-86575873a610,1
F.S. Blumm,20741f23-0e12-49d6-b606-5945ed3e8de0,1
Thiago França,13931,1
Les Halles,efb77515-effd-4a5a-9379-e7c1da265522,1
Dayfade,65f0b168-4f8f-483e-a3bf-6b6b2b7f9420,1
Lasership Stereo,e91f2ff2-647e-4961-a118-b70fe9c82d31,1
Kelle,13975,1
Deft,13976,1
Patterns In Plastic,13969,1
Who's Panda,94ebe264-ca2f-4701-97fa-4fb98507a795,1
agata spring,14003,1
Cabinet de logique,14008,1
Daniel Padden,f1cb78d6-12ba-4edf-9e62-e6b72f8bf4a1,1
Mike Cooper,ba4a8208-cb9e-48e3-a662-ec447fb65cad,1
Viv Corringham,bf5d083f-971b-4cd9-bbd0-619bcad085d2,1
Uh,14053,1
Bagda Vermouth,14060,1
Woollen Kits,157692da-80c9-4261-a7e7-135f3ef8b3c3,1
Family (Sydney),14064,1
Suck Susan,14073,1
Jane Harris,fa2455d2-c596-4a79-ba0d-3410382d5b62,1
gelo-papas,14132,1
Pop/Soda,ca0ab706-e4c6-4315-86a0-77a5566f6d73,1
Zulus,14164,1
Mallock,14179,1
Salsheevers,14181,1
Motenai + My Name is nobody,14183,1
Madcat,14192,1
Jacki Zebraz,14194,1
JMD v Kube,14216,1
Bryan  Lewis Saunders,6c789bd8-cc7d-4445-b068-11e1930c8875,1
Chilton Taylor Thompson,14238,1
Espron,14243,1
LIL Moonroom Sin Senal,14254,1
Nick Hennies and Sean O'Neill,14258,1
Saïtam and Chevo Légé,14265,1
Sean O'Neill,14266,1
Stadtfischflex and Murmurists,14267,1
Xyramat,4c7f1323-fe2f-4107-876c-978329647fe8,1
Lenin Lennon,9764ff1c-48d5-49e9-8c78-30bb79165c30,1
Amateur Childbirth,3215b8bd-9f95-4498-9f2c-f40eae9cb594,1
Circular Keys,14303,1
Von Einem,14304,1
High Wolf,bff7b2c0-55d7-4db0-8f5c-0ee9a9ed0209,1
Teen Ax,14311,1
Emijota,14330,1
White Lies,5bdb38bd-5c5b-4d0f-8901-8bbe1d7062d8,1
David Behrman,bf733347-06ed-4f17-a91b-c8ff392c2478,1
The Canoes,14361,1
Justin Fuller,7ddb765e-1fd0-4e03-9606-4c60c43a93ad,1
Fascinoma and the Emergency Songs Band,6d07cbea-40b4-4e2f-a14a-aedfc41f6fd1,1
Adrien Marbek,e851a26d-e8c3-4bfe-af53-3119571607aa,1
Jenny San Angel,bb5d3965-7bd7-43aa-8c0a-9c7e83fcd8b8,1
Scott Okamoto,98c7d27b-ed65-49af-bbaf-9e40a83f0bc6,1
Prolepse,41fe11c3-2b0f-4851-9e3b-3955fd078ca7,1
Dedxound,8d3b73cb-8ff9-4c96-ad0a-8285c0ffd04f,1
VelgeNaturlig,669a10be-c516-4404-b33d-08d2b08177aa,1
Saralee,14409,1
Kal Marks,9aff1bfc-0af5-416b-b848-05883d264774,1
Edino Biaggi,a498ed2c-9830-4d67-9f59-8061fc7f03b0,1
fm,0948b311-94d0-4048-bd50-d4f88359c7cd,1
Kevin Norton,,1
Angelica Sanchez,e67651ba-303a-4d38-8ddd-7371fe5a9195,1
Esther Noh,4a45d498-6da9-49d7-83c4-5eae5f30a71f,1
J.D. Parran,72e7abec-66f8-45e5-9827-8bfcea7f8dd4,1
Theresa Wong,b603bda0-25cb-48a9-80b4-b537431f094b,1
esQuire,14527,1
UXO,14539,1
Railster,0dd3e278-4061-4815-a9cb-ee50f54a80c7,1
Mstk,14542,1
MattyBoJangles,d289c871-0140-4c8d-95d1-1a55ed031c7f,1
egr,15500,1
Din Sky,15498,1
The Blackman,715384b0-9ba8-48a3-a467-b2f1884fcf13,1
The Wildbunch,b0589c96-921e-4b8d-808b-0a9c086fb7b4,1
Sros Lords,14528,1
Gardens,14593,1
Aran Ruth,f83cf613-c5d8-4b4e-8aaa-6dbb09ae9e35,1
Tamara,14596,1
Joe Mazzola,14604,1
CardiacTrance,3d8132f7-66ee-475e-aaae-a1244dc1c176,1
itchidan,14618,1
robowist,14625,1
Tommy Creep,296a3d4e-8488-4a3f-a7b2-a21dbad7422c,1
Sinqlogue,1e42c56e-0204-41f4-b3d4-393aad236cf1,1
DS-10 Dominator,76ebb7e0-2f61-43cb-af3a-4f5cb02e14ec,1
roots'n'fruits,1825111a-e0d5-4870-abc6-2fa28b224027,1
the lonely schizo,f255b991-a9f1-4d29-b956-f870de1ee18b,1
schmove,1e2344f0-ce0c-40b7-b5cd-9c1ad85df779,1
cheapshot,40647726-b0bc-4b56-9f61-838f51982373,1
KROWNE,136d4c42-9e55-4129-a1e8-650e2db9c9bd,1
HARLEQUINADE,34b98a73-03f3-4273-adbc-1517a1dbaac5,1
Circo Vivant,14681,1
NSISTA,afa291cc-0cdc-43ba-b128-87c9312a2131,1
DJ Incidental,a9698916-1edb-413d-af4e-644f8c77667b,1
Macaco Bong,b1f69390-1347-4876-8146-45f547d96708,1
Juggernaut,14709,1
Michel Doneda,9881e6e3-d89c-45e5-a523-a8f4a6739367,1
Taavi Kerikmäe,e428e21b-031b-4d2c-8152-a295b5bda296,1
Pocka,14757,1
john kannenberg,22bbd2c0-3209-486a-afa7-a610fe910a0e,1
MrBiggs,14767,1
Justin Buckley,14780,1
Hey Sholay,047d95c6-c983-4974-bd20-6bd665bf4068,1
Blood Sport,59dc11d2-7420-4eef-8db5-275f759e9b09,1
Poly Darton,14798,1
Skullduggery,14800,1
Camas,14803,1
Kib Lib,14813,1
Thomas Zunk and the Berlin Improvisers Orchestra BERIO,14879,1
Wilhelm Matthies and Pedro Duarte,14886,1
:zoviet*france:,491244a7-ed6c-4fe5-a19a-0170a014f7ea,1
Man Tease,14902,1
Asio otus,e3cef57b-ad2e-4049-8c41-1c4e9bbcc30a,1
Banana Pill,31a094ac-7529-49c1-a61d-5c0875d7e6d2,1
HurHur,9117043c-2357-4457-9af4-b76b61168e52,1
Lichen Gumbo,21222a18-00a4-4870-9085-155a53a9a7ae,1
5-PARAL-LEL,14837,1
Anbis,14847,1
Jaroslaw Misiewicz and LIL,14863,1
Rambling Boys,9f748a3b-a3b5-4c1a-9026-3fcf6ed426c6,1
Re-Clip,e396ea57-2107-43a5-a9c5-c43946990f6d,1
Tanec Hrac,00b378d5-055a-4470-a62c-a7c6204aee73,1
Tiitus,cce87275-3015-419d-a2ef-67d28a3193b6,1
Tripolar,1d457a06-8926-4b1a-bf8b-440981dc7fdd,1
The Moore Brothers,02a6393b-0216-4b43-a05b-23506b863c1d,1
Creative Commons,14986,1
Dad Rocks!,f54d533a-bb70-47ec-a3bc-548540c67489,1
Usta,c27cc447-4c75-4c4f-809f-9e8f7d7c1976,1
Sascha Ende,367898b5-8002-41ac-af34-9e123aa46480,1
Burguez,ba1a2e0d-4afd-4fa8-8b6b-a4db305d4142,1
Rich Eilbert,15067,1
Marshall Rendina,15086,1
Estados Alterados,4da4e394-f7c3-43ef-a34b-cef6f5a25781,1
Daniel Klauser,be36461c-9453-4b67-a813-4df532ea78ec,1
Pitch Feather,15116,1
Julianne Marx and Craig Olson,15117,1
Sunday Parlours,5ce84cdc-804a-4fd0-9614-8045adce1c45,1
The HoHoHos!,15120,1
Audiotransparent,48eaed0c-1000-4457-baec-fb351c46aad2,1
Thicker Than Water,15129,1
Everybody Left,08225817-dcb0-436c-94cc-256650808f54,1
Splitter,15177,1
No Way Josie!,15183,1
Dunson,102d1a44-8e32-44a1-bcce-37d0f6f61f2d,1
Rogue Valley,a6d624e5-b004-473d-9305-f3fcef7864fc,1
Senor Kaos,15190,1
Manther,15194,1
Moona Luna,b8c053be-fa9f-43df-957a-65606bc1ef98,1
Loz Kaye,15206,1
Dead Times,15207,1
Kali,847e286c-41b1-4d89-a9ce-7d7772d257ec,1
Romie Stott,15263,1
Thybbuk,abc4fcf1-3cac-4ad6-9ffc-743ad01b2b94,1
Pearls of Joy,4df2e836-d1de-489e-ae1f-b5835fd000e0,1
Eldad Tsabary,89b8360b-8967-4835-a79c-7ad541415d13,1
Lubna Lux,26c7f148-2b59-4f76-8924-67a72bbf6d1a,1
William Masopust,15284,1
Phillip Allan,15315,1
gladioli ravioli,15325,1
James Cobb,15329,1
Porageater,15334,1
Kiai,0d63d612-3db9-425a-a957-c7733bdf3872,1
Pützer,15339,1
arif usmani,15341,1
Chris Trapper,8df332ec-98f4-40c4-aade-1cfcc56ff1e9,1
Rodger Raino,15369,1
Go Koyashiki,b0425696-9f7d-4f80-ba07-8dc626c3f685,1
Licaxxx,7f2b3ba1-d6da-40bf-8f73-bca0a9516891,1
Johnny Salvage,15481,1
Spz Chaote,5c5e5a06-5b10-450b-bdcd-49bea2bfc470,1
Human Being,c6456818-9c3f-4a05-9c25-1f1d0805f889,1
String Noise (Conrad Harris & Pauline Kim Harris),15553,1
Unannounced Guest and The Planty Herbs,15578,1
SineWave77,15580,1
Raymon Brugman,15582,1
Martha Cargo & Andrew C. Smith,15556,1
Avelino Saavedra,a8c4e1ea-aa02-4d92-b68f-c6f392a74c28,1
Eggblood,15651,1
Ghetto Raga,15657,1
Heldon,15660,1
Rogelio Sosa,e8a710c3-f1db-4344-94d3-76885cef1703,1
Trash Talk,3039780c-6db4-499a-8b22-ddd0bb7da0af,1
Punch,3136917a-3dfa-409c-81f7-9fb225aed3eb,1
Shit and Shine,eed2aea2-a7ae-4fcb-81da-2792227fb502,1
Foucault V,088fafdc-2224-401e-a354-09a8c40d3fac,1
Lurholm,f08e07bf-ecaf-4fa8-8198-9367af8094ac,1
Jfrank,09a14471-b17f-4a80-a7a3-79dab91080b4,1
Prrose Sélavy & Zaro Ostrich Lunch,15856,1
Anton Nikkilä,a9a7e0d4-5f5d-4b62-bbfd-9d0cf1bc67e7,1
Jennifer Rarick,7351,1
Holy Balm,c890c943-56f6-4601-b48a-68b481dae814,1
Brody,7405,1
The Tryg Identity,7408,1
Willoughby,368d7f34-2a37-4802-a1d4-f851d9dc2e5d,1
Gutter Parties,6503477d-7c11-4e80-bb34-d82d5ca3de01,1
Error.Error,76fab416-6c9e-47c9-8a3d-1368997b70f3,1
Frozen Horizons,7478,1
Little Lacy & His Trembling Lips,7492,1
The Vampire Cows,7482,1
James Scott,7530,1
Gilbert and Friedland,7533,1
7sexes à l église,7555,1
The Mueslimen,7568,1
Otohime,7606,1
Autocide,a5b47978-6421-43c0-ac56-d80727f0901f,1
Mombojo,969e51a2-4982-4c95-b365-eab8100f8b7a,1
Signorafranca remixes Arrogalla,7639,1
Arrogalla remixes Dadub,7654,1
Fuse,7699,1
Nora Bayes,4555,1
Margaret Hellar,deea0ada-b22d-415f-879e-731618da7987,1
Bieling and Dudley with Hayden Quartet,7718,1
William Basinski,7755,1
Mr LABRADOR,7849,1
DMPH,f45dbdbd-5a77-43da-8606-218dd2cba5b7,1
Yellow Swans,29211ed2-d9be-4098-8185-0982ee0d5478,1
Frunk29,75373745-e091-47c1-922b-01d9bb8e1f59,1
Iky Que,7804,1
Annie Anxiety,b2d9ac31-0d1f-41d7-97d1-bc2b2cbae119,1
Sophie Cooper,7aced120-8d23-443a-8765-f2ce30450a5c,1
Moomaw,930004cd-8013-4657-9752-203ff98fa33a,1
The Stumps,7963,1
Majemuk,9c7b7c29-88a4-41d5-8630-6e64b8bf5eba,1
Cotton Candy,7168496e-cddb-409a-b126-c8f6037588f3,1
Sascha Müller,1862,1
Uiutna,fe9fb693-a70a-427e-83a5-18f0b7072227,1
Volume(I) - Burgon/Chavez/Moore/Thorpe,8033,1
Bazaar,8035,1
Peter Quistgard,9716952a-f506-4294-ab6c-a99c311229b7,1
Unas,e23350d5-becd-4f00-9ecf-e8d47508b684,1
Osica,addabe88-b67a-4230-abff-95231729bdde,1
Henna Dress,4a9456be-ea36-43ca-8dfb-7df3c2a02f46,1
NOTE,90aba849-f41b-4887-9dcb-4d5a1f1bd28e,1
Wunderblock,e179de67-0d5c-4f1f-bb10-c2986d37b14e,1
Skip,4d21ae39-9006-4955-8eeb-a9ffc270556b,1
Synthamesk,22bb474b-c157-40c5-ae43-dce2c7201ed8,1
OnkgusD,8c413edd-8697-430f-8a24-e55f373f3a3a,1
Growsound,5cb4fd7e-9dc6-406f-8f4a-733aeb01628a,1
Jon Coyle,eda79453-c773-4129-8a15-eb4a8f1bbe5c,1
El Haijn,9f27d74c-816a-44b6-bbb1-90f71cbd31df,1
. Selfmademusic,5f7de59d-d64f-48ca-8a25-471f03547a29,1
Gareth Dickson,5d07fca6-6387-49dd-b765-19414ea3f353,1
Max Echo,8187,1
Ben Stepner,4c9c06b2-35d1-400e-9920-af2446fb03fc,1
Kira Kira,49f04b56-8815-440a-bf99-3f3725a220b9,1
MULAN SERRICO,8b4bbf20-206c-41eb-aa94-39438aa96ac9,1
SELECTA MUCHA HERMANOS,8243,1
runa simi language singer,8247,1
Greg Davis,3dfc4a98-6c2f-4b27-bd57-09dba26ab614,1
Spiny Norman,9896b01e-8782-480f-9714-59ae1d1de8cd,1
Dino Püschel,a8b5b237-221d-4cd8-b92b-3d68d170fb4c,1
New Found Land,7c2cdf18-e2d2-4a83-95e8-824727e1494e,1
Girių Dvasios,7dec7881-d8eb-4795-a524-18244241cd30,1
d_rradio,61e99da1-3722-432d-b5df-0e5935fb7dba,1
K.D. Expression,6cfcdcda-d037-452b-9e3b-b17e98d04100,1
Ukkonen,f42eb31b-1d88-42a1-a8bd-7c9cf489b8c8,1
MjolniirDXP,8450,1
Richard M. Sherman,c47026a1-3300-4cf7-80df-8b9462a884e4,1
Robert B. Sherman,d378dedb-444f-48f5-a6e6-3e8e31ef6c14,1
Conner Donovan Packer,8514,1
Pythagora and Pilecto,8517,1
Classwar Karaoke,b02a43b5-5824-4a4a-9434-71c6c8bf00fe,1
The Suffering,8534,1
Meoss,e0ce4c65-7d70-4bbb-8319-9848050600d6,1
J.CNNR,eb812947-8a32-4544-80f6-c59782db566d,1
Synthetic Violence,f912b96a-7024-4608-aa52-32e507c870f8,1
Liar,0f639e8d-93c5-48d9-a53a-35e22174c7ee,1
Jake Blanton,d4ec3315-ddff-422a-9efd-73eb29f1bbbb,1
Leonard Mynx,f1bfbf9c-abbb-4e5d-b67e-6f3869847345,1
Sunken Skulls,8649,1
Kommissar Hjuler und Frau,a666155d-62b7-4769-b185-aaa999506f3b,1
Romeo Knight,047ce05d-cc25-4d3f-a930-be382352fc12,1
Rune-Bertil's,ec2bc8e5-9606-4ee5-baf6-e8e7d97a2ca4,1
Hubble,8806,1
Laughing Gear,298d2a16-0188-481d-bd2f-3c7881b49de9,1
MV Carbon & Philip White,8809,1
The Gristleizerer,8825,1
Mancadô,8828,1
Splogman,51de4816-2335-44d0-ae26-d5ee3096dd5c,1
The Waiters,8ea13bee-53ed-45d4-bbd8-b11e564aa8b3,1
Brian and Harlan,07c26f16-bd6c-497a-8519-ffc2e23b20e7,1
Bureaucratica,b0b75a24-568e-4bf6-8eae-0f93d6767df9,1
Roymond,2956271f-4951-4fb3-b3c0-f860db1309ed,1
Peter Aldrich,6acbe69a-b0f2-442a-a2d2-83f613430334,1
Bryce Eiman,98ebe0e7-776c-4b41-a127-ac97c0ff68c6,1
Glissade,95268b99-ab52-4a6d-a94f-90cb7023ef47,1
Rachel Goldstar,3db3fd29-b46e-444d-9681-f09457671aa7,1
Attrition,4ab82b62-184c-4d2e-bb7b-390a0e89dde7,1
Remora,b536c27e-c2bf-43fb-92dc-a66746cdcb25,1
Gorgons,cd147e79-61af-43ca-a8c2-334c489e6d5c,1
Drats!!!,37230f42-3115-49ef-b080-9f793f9aa2a1,1
Mars Field,48aba043-3264-4287-b4bf-9f7f77712153,1
thisquietarmy,089614aa-48f9-4b37-8634-bde0ee91cd02,1
Electric Bird Noise,e72180ae-dec7-4465-998a-3b92be7d727c,1
Ellipse Elkshow,05d720c5-57b4-4788-ad26-8a5b9f87f250,1
Grandpamini,d1a71634-b228-48d7-b373-6b73cb77feff,1
Marker,7c0d1b60-cf2d-4ad6-8f15-ce77a59a7312,1
Massimo Polveraccio,9cbef024-e7b9-4723-ad7f-c3e40697d902,1
Metastasis,bb714260-c7a5-4d1f-a50c-d2e615625915,1
Sit in Music,e9a73a3a-4942-416d-bc15-b439373eb8c9,1
Spookboy,75abba2f-0639-4a17-929f-b6f0e42e14f4,1
Teimer,e50cecc5-5142-4936-bb83-86235468bc28,1
Terje Paulsen,e053a9d6-854c-4704-8dd9-57fb7e3ba2f2,1
Wolf Eyes,51ff6576-95ff-4e02-a0cf-fad3b39c0b8d,1
Tim Catlin,49e28a20-fb23-4e35-b626-4e5a62c7973b,1
fasterbaby,9091,1
Candy Covered Clown,9071,1
Slippertails,0699212b-f65a-4b23-b6c2-9f02e9d48129,1
Audio Artists,9070,1
walha!,9062,1
TSEG,9083,1
Marco Lucchi,0ddf9f83-c62b-42bc-bae1-99a2920a5c14,1
Impromeetin',9152,1
Marvelry Skimmer / Kiila,9166,1
Old Jerusalem,76abb19a-22e9-4ce6-a67b-e432918aaf4f,1
Munchen,9199,1
East Winston Lake,9244,1
Greymatter,1d352278-797b-4c28-acb1-dfbe435de5c6,1
J.G. Cabargas,5ccddfc4-98aa-432f-8e0b-bce06d70df95,1
Los Inmortales,9574b501-e5eb-4a58-9569-128d2e5bae13,1
Jeremy Cohen,74d56a33-ef35-48b6-b61e-0984a829e1a3,1
Matt Munisteri,3dbf9130-f3a3-43ed-a0ef-62751d280bb1,1
Handmade By The Band,9283,1
Blue Swerver,ca4caec4-a3a7-4960-9a1c-0925e8f4c1fd,1
Sampology,c23b8c9f-6c39-41b5-9005-477518176f9e,1
Kriget,d26396aa-ff18-476e-9258-2712af4e2195,1
Daramone,9342,1
Readymen,eec4630e-f1d6-48c7-bef5-92cbf23c9f45,1
Northbound,f8b88e70-4a3a-4f1e-8a1f-95c3f6ec2b9e,1
De Nieuwe Vrolijkheid,092ba150-06cd-4938-87ee-f4c276f1e61f,1
Metal Mountains,a2066baa-2d0a-47be-a3b5-e2fc8b9ea1ce,1
Vulnavia Vanity,9463,1
Solid-M,7085ab51-f467-43c6-9056-fb200ee660c4,1
Sutekh,57db7ca2-9ba8-474a-98d9-d58c62fb7e70,1
mon0,ba2c62ff-932c-49b5-9940-f55c551a6bb4,1
Hardman Bros,9490,1
Tank Battalion Attack,9496,1
Headphone L,9503,1
Temporal de Torbellinos,9505,1
Alejandro Morse,e753c47c-e7fe-4f55-81b4-8aaf00b8e8dd,1
Diabolikanal vs Serigala Jahanam,9516,1
Krumble,b7b9c4f2-39ed-450e-8388-9f9e805442f9,1
Travis Taylor (feat. Emily Vella),9595,1
Manwomanchild,fedd15a4-fb66-4e80-862b-51655b9c5c26,1
Bankil,1e192b18-e636-44e1-869f-ce197941d847,1
Brogan Bentley,69f67407-5b2f-42ee-9a18-768007b3b7d1,1
Izmar,bd96f07c-9c8b-47ae-ba75-ce98e047d3c6,1
Himan,88e49a6f-26b5-4208-8762-130278371f62,1
Dion,9679,1
oXane,9687,1
MiaMia,bae80400-d3d3-48a1-8a4e-23898bff3e84,1
Core cole,9701,1
Teamtendo,d78fa3a3-3ba4-412c-a4e1-c8177c3afce1,1
Larva108,9749,1
Terbujur Kaku,ebe9264f-94f4-42b4-a412-535ef47979d1,1
Franz Rosati,b5b39455-49e2-4abd-bac1-1960209056b3,1
A Sistem Rijek?!,9840,1
Wrekkerz,9470ab5f-f735-445f-95a8-15314939782b,1
Prin'La Lá,da6846f0-e5ca-4cf5-8d73-7f751156a2c0,1
Javiera Mena,904d15da-bd29-40d2-b69e-24612f18803e,1
Caballo and the Mothafu Kings,9916,1
Mik le Désaxé & YuAir,f01c5b19-8cad-4383-a3ea-de1cc7faa622,1
Atman & Alma Yoray,9853,1
Social Black Yelling,9865,1
Panta Rei,9986,1
Mathon,fe09b6f7-df85-46bc-8995-98458e8e623e,1
Sgis,256ee4d8-9dbd-4e68-bebd-420ffeb1eb06,1
Fax,10141,1
Donato Epiro,06ccc145-43a7-4e0d-9d7c-e7bccb776d71,1
Auraboris,10152,1
Bomb Boy,20d58dd2-79a2-435e-9cad-1ca2e5e39bb3,1
Utabi Hirokawa,14eea638-2b97-4a8e-8e7d-7979abfee835,1
Simon Stålenhag,90a33eeb-87d6-4b85-9899-de0207faa243,1
this one ft. DDJ,10237,1
fluidvolt,6c766065-5bc1-4b94-bf63-aa4e745444f7,1
Juca Pimentel and Anton Mobin,10316,1
Noise Research and Richard Knight,10318,1
Itamar Ziegler,10331,1
September 29th,10343,1
Made Out of Babies,275563da-6962-4dc9-bf50-7675b834b6b3,1
Mutant Supremacy,df9c5e78-79b6-46c7-883c-17c01cc97f6f,1
Hull,131e47f0-d2f2-4e46-aa8b-e45dc11be513,1
The Austerity Program,46b18233-bfcf-482c-9195-94c5e5d9212c,1
Jordi Fresco,10298,1
Overdude,10302,1
"Miller, Schletty, Thomas, and Gómez",10354,1
freund der familie,ea063688-bcbf-4715-8a1f-55669f6f7f4c,1
Zoltan Solomon,0cd8f7bb-b375-4649-8bae-fb5e3a6a33a2,1
Future Sound Of Petržalka,4b5aa77d-4700-460d-9111-993435b85e57,1
Wizard Amps,10387,1
Mr. Marvin,e2ef48bd-c680-4318-947f-6f6677d31818,1
Ben Mason,10464,1
Violence and the Sacred,cf833087-d9ee-488c-9000-2a518e2e0474,1
Ralf Rabendorn,2315ab9f-7593-44a1-abad-26d631163f5e,1
Rafal Iwanski,10492,1
RADIO KLEBNIKOV,10501,1
Raymond Dijkstra,67ed8dd1-10ec-4fcf-b9ed-0bf4f70bef27,1
Jose Carlos Alonso Vazquez,10510,1
GoatKuntCult,8b420b41-3af7-40b0-84d6-733525775fc1,1
LARA a Cappella,4abb1348-b9d3-4052-b92e-efb7ea492f37,1
Nutrients,465a9fa6-851a-4203-808a-47282dd51cdd,1
Pas,22a41427-5082-4b57-99af-5a1f32af3cea,1
The Hare and the Moon,f682b802-9004-4357-9bf4-68f3dc9c077f,1
Ki Jarot,10574,1
George,d9f81b51-eb10-4244-85b4-2e8ea69136f6,1
Chemistry Set,050fe5f6-6063-42e7-9210-53db200d7dd6,1
The Dead Mantra,8c495b9f-52fa-42c1-8379-1d962f33d623,1
Jacuzzi Boys,8401,1
Andrea Belfi,444c97b5-7dc9-4191-89f5-580d2eebfa5b,1
Slow,a618d067-60bb-45c3-b5e0-4a5cb6fb44cd,1
J. Gillett,1419e97b-ca9e-4e9e-bdfc-6056ff674cbb,1
Mootiv,ef90a9f6-d7a3-48ae-bace-5707eb2c2b19,1
Michael Pisaro,10693,1
Juerg Frey,10697,1
Danish Daycare,6cbf4ae8-faea-4925-b89d-58458f8ad025,1
AXMusique,96a29a3f-3003-431c-9863-1c0c8709b8dd,1
Baths,84a5c934-8318-4080-8606-32b80e1b054a,1
Camryn Rothenbury,10755,1
Brenda Hutchinson,0bcc7aa4-d301-43e5-bfe2-1ff6b06b253d,1
Mark Barrage,3b2b5ef0-a12d-4410-9103-b97bca0d5357,1
Mundaring Weird,10767,1
Ólöf Arnalds,d942d19d-7f97-46e4-90d9-1bf6e9c54786,1
Up Died Sound,b1f092f5-2d96-4007-8aa7-9f402a819292,1
Elks,791875d3-cf39-4a86-9823-d4eef97eafdc,1
Pillars and Tongues,4e764e3a-5792-442b-956b-bda73f168299,1
Gorje Hewek,c33e22d6-4383-487f-8d3f-7547b3088964,1
Bound of Reflection,d6bcd7a4-d92a-4517-9894-260dbc4963d1,1
Sean Meehan,23f24131-53d2-4a0b-bed0-c1530a238ca4,1
Onda Bidon,bc9d31c5-23ff-43a1-ade4-91980e161dd2,1
Gazing Of The Owl-God,10960,1
Lucidikah,db68e9d4-d391-4f3b-8763-d41562c184ee,1
Kill Me Tomorrow,5743630f-cd35-4249-9d3d-4c5244bd1482,1
Sonny Smith,f9018549-4b77-4f51-adab-27c359b852a4,1
Spy Over There,11008,1
Tzohto y la mente paisajista,11044,1
Hey Chica!,97bb8a7a-3cc6-423a-9a99-290bcb5f3f63,1
Carlos Groenland Thanato Twist Anton Mobin & Jean Bender,11057,1
James Coburn,3b59fb01-8128-4631-9502-c88a54c54fa1,1
Sound Inhaler & Ericka Ryder,11069,1
Tvlasunor and Fish in the Box,11071,1
John Moran,11080,1
Ergo Phizmiz feat. MC Bumbledonk,11242,1
George J. Gaskin,07ba8ac1-a1a4-4828-8ea9-7da0664b5490,1
Molloy & His Bike,863b5029-f1f4-4cce-b5f6-053c64f4e449,1
Estructuras de la tarde,11324,1
Square Flare,e017a76d-f498-4f1f-8a13-de02ce585571,1
Flint Hayerr,fe1e6152-ca76-4685-9c00-10ba4218ae7b,1
Mind Map That,3440f56d-2c87-494f-a8dd-4914fd56d438,1
Szarruk,d4796b71-22fb-4882-ac07-258b1e9302fd,1
Umbra Summi Nobis,85ba2c02-4fd8-4f50-82b2-4f1f87bdcc2c,1
Ty Dolla $ign,7bd66c18-cb33-49aa-9279-140acedbdb49,1
Scott H. Biram,5ccfbbf2-62da-4e38-b1ba-b4f798ada177,1
Moppi ja Aivokurkiaiset,2e23ed83-3a00-4081-874f-582d577c2fe4,1
Gremlinz,cfa839c7-eaca-4f20-a5fa-090cb017d47f,1
Skeleton Hands,cf1ce53c-fd0e-406f-b7ce-215a1a1a9640,1
Teeel,697d4123-820a-46f8-9a4e-f303de02213c,1
Azure Blue,ca6e042e-0edd-4137-a8cb-d3418f752e9d,1
Mother of Pearl,d2fac986-2e3c-4469-b0af-bbac725cc40a,1
xxxtentacion,61af87f4-16ee-4431-8504-cc06187079fb,1
Vebak,4dc6c1f1-b171-4df0-b6e5-457118451e0a,1
Strangeloop,b547b8dd-3dfa-4e8d-b55c-7324b644677a,1
Brownbear,11540,1
Frunk29,7803,1
Octex,bb9b0963-ec77-44a9-80ce-5b0ef85cf0ce,1
Arktor,88a48f95-4565-4acb-b64c-05a7682d7925,1
YoggyOne,4a8c479a-c696-4d71-9513-6bb8d30ea7b5,1
Hypercube,11557,1
Jenifer Ávila,5587e76f-4f6c-4e15-818e-e5d35a503870,1
Causa Sui,b72a8045-be73-4cf8-a89d-f2a5cc55ee11,1
Benjamin Boretz,709e42ec-8fcf-4f7f-bf3e-5abe9ce8982c,1
Robert Lippok,07f4111a-7be3-4e81-8a03-2c4d7e0d6016,1
Tilman Ehrhorn,1281afb1-366d-4fff-b5fe-d3dcbae5b22a,1
Alvaro Ruiz,79e67249-dade-4691-a450-c26d3d5b90f9,1
Ampersand and Zolan Quobble,11762,1
Donovan.Montag.Pearson,11772,1
Robert L. Pepper and Brett Zweiman,11787,1
UseOtherDoor,11794,1
Non Group,11780,1
Bernardino Femminielli,dec627be-b413-468c-8021-5fc74c66e845,1
Zachary Fairbrother,11822,1
Dreamcatcher,11834,1
Sally Crewe & The Sudden Moves,c57358f2-86f0-4505-969b-a4f3a8e19e39,1
Black Forest Orchestra,11897,1
Scraps,9febdd77-9388-4f3f-8c07-8ddf59aaac37,1
Bare Grillz,5b9d87d2-f29d-4820-adbd-4e046e43d964,1
Eleven Twenty Nine,83a7eeda-58da-4b44-a0a1-51d8cc1e1b1d,1
Profisee,c66753ca-1dc2-454c-a21c-1c0faf3efc40,1
The Embarrassment,487904ff-d3ef-477e-813a-c27548bc0570,1
agrupación musical nativaquechua netamente rural de la poblacion de Ñuqui,12013,1
chemiefaswerwerk,19049,1
Lloyd,09cbb94a-c594-4674-8255-87112032a751,1
Will Cole,fd74a7ec-04af-462d-91d9-c6b914e60b77,1
Lloyd Cole and the Commotions,7451c6e2-02f0-4158-904c-7f477683ce5e,1
$50 Trumpet,19137,1
Dee.F,19141,1
Feedback Aerophonium,19144,1
Gintas K,76cb3ae6-785e-4ca9-86c7-48fe3cc392a1,1
Hunted Down,19185,1
1N.C1.D3.N7,6a8d5227-a153-4d51-a00a-1d4468635b29,1
G A L P A L S,45f6a3ab-b037-46bd-af9b-78b4fa092fe6,1
saxsyndrum,e3885f5a-1bea-4748-b794-1bf4352edee7,1
Bug Powder,c8af1f54-7125-426b-b8bb-007996c1425e,1
I Am A Freak,79fe1fdc-1a9b-4d89-9610-0f8314f2dc85,1
Karaoke Vomit,86f28851-258f-48a4-b8fd-d14f4503429f,1
Sound Awakener,ed3fa414-982a-4fc2-8611-e01a89394b5a,1
Jubal,208e2ec3-7c63-4301-815e-bac0f85bbcda,1
Junior Reid,065324d1-12c2-485f-955d-9eef408f92a6,1
Dj Socrates,19301,1
OS CARAMBOLEIROS with Néstor +3,19323,1
IONN CONNOR with Cloves,19328,1
STOLENMELTDOWN with Blue States,19332,1
Mary Caroline,8835ef26-4509-4ad3-b7f1-413875fdfd01,1
Dead Combo,092ae9e2-60bf-4b66-aa33-9e31754d1924,1
Triolocria,d6b06700-e492-4157-be08-ff65125b62f6,1
Mc Norman,40dbb300-d8d2-40a3-8de5-82811fac1bcb,1
YEIZON,f8995540-c533-4d86-bc4c-9d6dbc5ab032,1
Ortalio,6843e55a-5f82-46c0-82e8-a5ad35cd7850,1
iNCH.,b08c4319-f61a-4c3a-9b69-50b5bcd24722,1
Tamara Laurel,f158a6aa-db54-41ef-b555-f5bb47a4084c,1
Reefus Moons,17b75cf0-0eb9-4ae9-b8d7-2022c352f487,1
Sexyalien,99a3e612-2ed7-4804-9730-3ba53f61e886,1
Eva Sсhlegel,a37bd090-cd67-423e-9a88-775309fba1c5,1
D-lity,12cb21bb-25cf-4cd0-ac8a-1aa46db32edb,1
Amaranth,2adb8897-324f-4753-b4bf-dea8d9b830c5,1
Big Fresh,099c7fda-65b7-4043-9c48-3f5257013c68,1
Jawwbone,19446,1
Biamby,19473,1
Meshinda,19540,1
Prad Bitt,19550,1
Mill Burray,42f65409-18e7-460e-8fc4-c06447f2601e,1
John-Ahmed Schoenbergenbeke,19552,1
Joshua Zubot & Luke Loseth,19558,1
tunnelsurf,19596,1
Michael Winograd and the Honorable Mentshnt,19608,1
Eric Brehm's iMouthlist,19663,1
Mr. Irish Bastard,8c6575e7-c98c-4d54-b797-f21ecbe9e3a5,1
Bruxism,19631,1
GRAPH,19634,1
Heatertoes,19636,1
The Migraine Collective,19649,1
Kersey Williams,19688,1
Dr. Almeja,19707,1
West Philadelphia Orchestra,d2ac5ac3-13ad-40da-810f-01cf7bdd4bd2,1
Himalayha,d90d457f-4a7e-474b-a0c3-d26c0bac9e01,1
Human Being,15542,1
Ted Harms/Neil Ballantyne,19733,1
A.J.,19777,1
Citofono,5b2f7193-4fb9-4b2d-a318-265553a9b26e,1
Synaptic,19782,1
Daniela Salvia,19784,1
KOΔƎK,19787,1
Sikh Knowledge,98fc9d88-7ef7-4e04-9c54-71dd1e208280,1
MonkSeven,19794,1
Dislotec,81e6ad40-3dc1-49e5-b8a9-d475156f4f99,1
Peter Galub,19859,1
The Basic Income Earth Network and Ruben D'Hers,19908,1
Pat Murano and Carla Baker,19910,1
Anal Sadist,bdfb4771-0829-42a3-a683-b6d0fa2c03ec,1
Chris Silver T,50acbdc3-fa2d-40d4-b76b-0e8e6ee60bda,1
Lee Kwo,8b898c87-0117-45b2-bd91-67dd5bdfc305,1
Colundi Disciple,396aa968-0e09-44cd-83c3-9837c71fe468,1
Human Stain,19964,1
Scandra,19978,1
Sema4,19980,1
Weldroid,18363,1
Dexter Dine,20034,1
Eric Klein,20020,1
Jascha Hoffman,2b2a0057-08eb-4ba4-9c2c-2828d14641d4,1
Jesse Krakow,1c297a36-8f57-4c18-9f8c-fbfa6a15800c,1
Karina Denike,a8bbf733-e146-4ee2-b98d-1d47cb0e3447,1
Pat Moran,20015,1
Dan Cantrell,0cc03a91-e199-450f-974b-dce019c769fc,1
Isaac Silk and Tennessee Mowrey,20038,1
Josh Tillinghast,20007,1
EMRLDS,20075,1
Bone Magic,20090,1
Kenny Millions,200f6ef5-b8b9-4324-a5cc-d0245ff5ecda,1
Jon Langford & Skull Orchard,cb330f0e-a4fc-4a1e-9160-e2918c3704d5,1
"Potzrebowski, McMillan and Co.",20125,1
Horror House,317e7b2d-30b6-4080-b6f9-0441ea93d979,1
Invitados Especiales,20147,1
Virlyn,30ac0bd4-ebb1-4a59-b7ef-1fbdd08a2976,1
Weird Lovemakers,faf68fb0-7abf-4853-9b73-7a2c575bb4e1,1
djfreshmoney,437d0605-ef29-4785-ad49-644ba734da9a,1
Impro,79e6300d-e236-4910-912e-c3de2ffd3e46,1
Black Sash,07847c2c-eb5c-4b2e-84b2-9ffa6b2f29fa,1
April,505e16be-6cb7-4444-98b6-78dc5fbb3fcf,1
Wisteriax vs. Fred Yarm,1867,1
Komafuzz,42fed9af-3102-450e-b893-1a10a9314c96,1
Jan Turkenburg,0d5fc239-ee42-49eb-82b6-7887dd65f0b4,1
Tamera Albaitis,2043,1
Ffej,1347da63-952c-4dc6-b846-818f56e9db1e,1
Syphilis Sauna,8807ce11-092d-4692-b4d0-ae83263a943e,1
Jason Freeman,0352a634-742e-4aff-836b-13f37e66ee96,1
Carl Juarez,7819fdb2-ff65-45bc-9529-1e689a161669,1
Gimp Nipples,4a7b16da-c190-429c-b86b-8363647135b8,1
Jack Jaques,20193,1
The Mountebanks,901d9728-4c71-4e0d-822f-c24672c4fd5c,1
Cellar Twins,343896e9-e5fd-49fe-ab79-684ae15baa5e,1
Christos Sakellaridis,ff0b5dd5-3b6b-4233-a45b-57f7ab32a232,1
Sean Reynard,5ca49942-bee2-4680-92d5-6c47f1445696,1
Viagra Mouth,b622396e-df62-4d51-88d9-4fd9da1f9de9,1
Zap Pascal,1db42113-343f-47b3-b3ab-0eb5ee148e8f,1
Bary Center,cbd58427-6893-48b6-8761-4ebe359aa84c,1
Choral Reefr (prod. Slyy),20298,1
PERSONA LA AVE,c7ae55a4-8cc4-444e-8f1d-1cf2bd299cee,1
Teddy Wilson,2e89725a-ac85-414c-b3b2-70f0a82fae9a,1
555,555,1
Zatan,17bf18ca-12dd-4a18-ac1a-b89bf76eb3aa,1
PetCatMan,20372,1
Ivan Salgado,20381,1
NoraMulderRogierSmal duo,20382,1
Beauty School,20387,1
Christopher Petkus,9e0b53db-0baf-4c61-bcec-3de4379651ac,1
Rude Gullit,20397,1
BPR Sessions 1,64187e8e-2537-4c1b-85bc-d26dfb6ff1da,1
MMM,48e7f113-923c-48a8-9748-f265f8b44f4f,1
Pop,68b722db-f2e5-4a37-9bbe-a04b0e8bc919,1
Cruel Professor,74622937-afc8-4ca5-b97a-52adcaeec029,1
InTheRoom,fc34c2de-3fc2-4e01-9325-2c9c6a482b76,1
Mañaners,21541a3b-c1e6-49ca-8015-97470608c2c9,1
Oicho dubclash feat David Asher,20496,1
Bob Nelson,20508,1
Joesph C Smith's Orchestra,20510,1
Lieut. Jim Europe's 369th U.S. Infantry Hell Fighters Band,20530,1
Place Mandolin Quartette,20534,1
Lieut. Jim Europe's 369th Infantry 'Hell Fighters' Band,f00350a8-4d5e-406b-8e83-cac9b5f8c74a,1
Harry Watson,20550,1
Wilbur C. Sweatman's Original Jazz Band,87ecd7e7-59a5-46e4-8164-d3c3dbdd9b17,1
George H. O'Connor,20562,1
Billy Williams,20563,1
The Gulf Coast Seven,d4fdcbc0-8897-4d41-b7c6-894ceb2a5e65,1
K3N,20589,1
BBRAINZ,4f00159e-391e-4d38-9315-faa11b38af96,1
cyberlust,da5cda9a-6d59-4990-a791-dfc32642904f,1
death's dynamic shroud.wmv,e294d11b-fc47-41a9-b38b-3205c34d17ba,1
Nmesh,c9f61590-7151-4705-8ee8-c4a19dfc2f54,1
Fortune 500,5a984d7f-3566-4909-9a2e-2f356864a960,1
Topaz Gang,aadab0d4-2305-4be4-848f-71b809a89558,1
The Great White Way Orchestra,638ec99d-1347-41c6-9cf0-a46dd058d5ac,1
Gus Van,5490d994-e771-4ac6-bedc-6e38cab9ff3d,1
Yerkes American Marimbaphone Band,20645,1
ogui,bd1e122e-8eab-4ef4-a97c-b0c9bd808343,1
Dr. Clarence Penny,20669,1
Isabelle Patricola,20670,1
Ly,3CupyZ3jpJINmV9xpJeJm2,1
Sersoul,13cd6722-8e01-4618-b4a0-0f0d9c08a060,1
Andrew Kirejev and ASTMA,20743,1
Neil Carver and John Jasnoch,20750,1
Tripod Sardine and F Ampism,20757,1
Billy Murray and Ada Jones,20528,1
Eddie Elkins' Orchestra,20774,1
Bob Roberts,d96ca538-7be9-4a84-a8fc-7bf088b11be6,1
Radio Aktiv,20784,1
Robert B. Lisek,a4163b0d-03ae-4820-bc3a-41f99e1e138f,1
Irene Moon & David Armitage,20801,1
texasradiofish,d1a511c1-b22d-4b0d-bc48-a561317363f5,1
Calling Sister Midnight,20727,1
Geinoh vs. Leisure-B,20814,1
Leisure-B & Chilled Bazooka,20817,1
Knickerbocker Quartet,2379,1
ps vs Xastre,20906,1
Case Sensitive vs McGEA Project,20909,1
João Farelo,c6fe53fc-b86a-4643-bfa3-ac2b62a2eceb,1
Höllenfahrt,ec0a66f3-2f2c-4625-90c4-4ab01f814687,1
"P.I.F.(3,14...)",20923,1
Xenoton,b5dcdd9b-00f2-4259-b64c-eec816982a88,1
Wolfskin,a9f5e7ca-fe78-47b2-9694-261f9123fd11,1
Pablo Reche,2302c4e6-cb00-4321-9ec1-d28355ad848d,1
ps),54764485-5f69-4235-b67a-368bbb1eaff6,1
Ophed,5ad4318f-a086-4431-84bf-6c5e6d02681f,1
Mu,72f74571-3ad3-4973-84e3-3b116cd32931,1
Autumna,0963cbcb-1ad1-4ccb-854e-3045b562b96b,1
.Triage,f685599e-d5e3-430d-b934-57a4168c8e91,1
Connie Acher & Blind Drunk John,21035,1
Hyaena Fierling & Horus Chamber,21099,1
Summer of Haze,b7957695-9ce8-49e6-9ef1-c328f1e28b86,1
Mitchmatic,60b90a7f-6143-4b59-abbb-2d1eb89d3dc1,1
Molodoys,cb4b565a-c2e4-4eec-b167-fd6e33e39d9a,1
CellarDoor,e8cd5028-2d62-412a-b423-d39525effafe,1
Solar Estates,9c2bdcd2-26cc-4244-9e9b-bd8c2fb272bb,1
Terrible Terrible,dbff90eb-aeaa-464b-ae77-645efbfa589a,1
Fraktal Invasion,21168,1
"876 Trio plus _ Magliocchi, Van Schouwburg and Boss plus Del Piano",21174,1
Robodub,14319,1
Fairy Moshpit Applesauce,21200,1
Astral & Shit,a1633a05-06e8-4cbb-a5b3-92ca51fe8a1b,1
Rec008,3323d545-81b4-410d-b676-275881ea97bc,1
Delaytape,ab3f9bb2-48fc-4a70-b00d-9bdd1e07ce36,1
Kaos Steve,21286,1
Company Fuck,cebc996a-a3ec-423f-bcf3-51ee49be6333,1
Salomè Lego Playset + Susanna Laterza,21327,1
Dental Work,a32de72b-0bf2-40b5-9a95-bca02037e439,1
Oxycodone ( オキシコドン ),21336,1
G Raposeiras,21358,1
Raine DeVries,21385,1
Les Vilians Chicots,21399,1
DeepDark,020d39a2-5352-4c2e-8c0f-9f8b0cd9e397,1
hxw hxw,21407,1
Torque,21413,1
Rob Ray,21427,1
Luke Munn,21428,1
miNipoNy,21466,1
Arathro,21473,1
Casio Technics,21474,1
Lori Freedman,aa7bc9f0-5e20-45d8-ba0a-f20673616b81,1
Les Animaux,21559,1
Kolishin,de2e5d84-b2b9-406d-818a-fbb5c613acb6,1
Humble,7e193a6e-9d16-40ed-b24d-44316fc5987c,1
Wonderflu,6f7fe17e-d840-4897-ba6c-def713efab35,1
Amnon Wolman,c39e10d1-1d3b-4231-814d-8c30208cf5f2,1
Sofie Salonika,21667,1
Hado Navarro,21672,1
Lord Kenney and King Ky,21723,1
Balog and Matthies,21774,1
Cabrini Green and Phil Lucking,21775,1
Linear Chain 1,21783,1
Søren Nordström,ce2552f4-81f3-42d8-98c1-20183d7a77ab,1
Oreinoi,2b4f8614-2465-494d-9b22-452f111c6eba,1
Telematik Guru,60015152-8362-4f9a-89c3-c992ecf7497e,1
Retina.it,262d68a3-5601-4492-93ee-f40c0d3b80dd,1
Minidischi,8270cbef-74d1-4207-87e0-6bfdad7620d7,1
Alexander Stone,541fb152-de2c-4626-80d0-42af794c8e5d,1
Unknown French Guinean group,2574,1
Miguel Sagastume y Toribia Narbaiza,2507,1
Sanusi dengan Orkes Kerontjong Sinar Djakarta,2523,1
Chikha Aicha El Hertitia,2524,1
Bohemios da Cidade,2548,1
Khoc Huang Thien,2557,1
Pilar Calvo y Luis Maravilla,2567,1
Master Laloo,2577,1
Ukrainska Orchestra Michala Thomasa,2601,1
Temiuv Damirov,dad7155a-51ee-4efc-8052-a849772381aa,1
Conjunto Medrano,2638,1
Sam Castendet et son orchestre Antillais,fe695a8e-e3b4-4023-8f92-4cacff713fd6,1
Zap Mama,50c0ec9a-a2a3-4888-a8b0-a0cf565e5ac7,1
Scratch,1ffc3428-e539-406c-b86a-5a51d8def2f6,1
Shimizu Itoko,3550,1
Luna y Delgado,3553,1
Salifu Titah's Band,3566,1
Snapline,6084f926-d798-4468-9e2c-ba64a4b7bfbc,1
Burdeos,4802,1
Erdbeerschnitzel,3b1c013a-77e2-46c2-8803-3e79c04979c2,1
zro,e80b28e5-31fc-4828-be93-f246b4aac186,1
Zach Layton & MV Carbon Duo,6273,1
Tomomi Adachi,6309,1
Penn  Kemp & Anne Anglin,6312,1
Erik Belgum,68feb3e0-f61a-4021-847e-7ed8eba24067,1
George O'Connor,f136a589-6b76-4bb0-955d-5143cc691512,1
Sam Ash and Mixed Quintette,6324,1
Nicola Ratti,9858f235-f397-4275-a8ec-99041c0fba6d,1
Ieva,6410,1
B-Ju,bd81ceda-9ac6-4f1a-acab-24f1b97518d2,1
Kirby Ditko,8a7274c0-c82d-435a-ba51-54c12910349a,1
The Menu,dacd78c1-1a88-4e4f-ac68-e3a05d9cd710,1
Frank Haffort,6474,1
Hard TON,e85cab46-ac77-4b48-a11b-94b46f984ed7,1
BZL,82295b7a-4e93-4019-bd86-e4feda217d62,1
Nim,77f73a40-0e6a-4394-8514-a4de380f3359,1
Little Elk,4f9b2c32-6d4f-4df5-ab90-4e633aa83e02,1
Blot,db6ce740-ecdb-46c8-8acc-9f02d1b4f70f,1
Blot,6527,1
Roots Ista Posse,0cdcd034-539d-4408-89e6-dced6327dc64,1
Bertrand Denzler,ad7842ec-dfd2-4ac7-be07-72209fa127c8,1
The Musique Concrete Ensemble,cadad606-c9db-45af-b41b-14813fff3d08,1
Alexander Ghindin,d01dba3b-0519-4a0c-baed-a81f8a58b249,1
Shannon Fields,a6f01979-04cd-4468-8ba0-b00770e7c866,1
Familia Wanderstaff,6685,1
Benoît Pioulard,80ae2479-8c40-4a56-8bf3-b7a99cead1e4,1
Lusine,24ee4021-50ac-4285-b76e-860082d0d731,1
Milanese,11329eb9-a724-42fa-b8f3-01d6f5dd49e3,1
Praveen,6623,1
María y José,076a2a88-0de0-470b-8cd0-1a79454f40fd,1
Fleur Earth,34463fab-856c-46fc-83c8-db1f614211a0,1
Gringo Starr,0f9ee2bf-fd79-41be-9132-c4765eec5f30,1
Telafonica,9a3c317f-9330-4db3-8a91-fa43129138c8,1
William Gardiner,b73e8686-8007-41ec-aeb2-46ae40e12f13,1
Mieli,0dd614bc-8c73-4140-bddd-bb03d1af23a2,1
Panoptique Electrical,6ffbcb91-40bd-4b84-bf22-fa0ff50a8b3a,1
Minimum Chips,4823aa54-aeeb-4191-b98f-38a724e57aad,1
Crunkle,6834,1
Rob Walker,6882,1
Benny Golbin,d714d73b-92c8-47c3-82b3-6bc01f81f329,1
Paul B. Davis,dac19f65-10fb-47fc-ae4c-2224aad65fff,1
Zapac,7007,1
Mana Junkie,7012,1
onlymeith,1d7677bc-df5a-4717-8f0d-f4fdfa850d81,1
SackJo22,3d849f55-697d-4b84-8080-741e35945630,1
Knitted Abyss,6956,1
Girilal Baars,175cf721-0912-4d3e-a852-e3c9bee072c3,1
48/4,7092,1
Cloud Nothings,29c91854-8c45-469b-b36d-a11fb650638b,1
Possum,bb985095-de46-4003-9184-93d05a5f4620,1
Sleep In Sundays,6f3e8146-4b39-437b-ab15-2d208b3da24f,1
Sleep ∞ Over,3d1a4a26-5b65-4a9e-81e4-f4386c6a7ec9,1
Tropical Australian Stinger Research Unit,2d6563bd-1504-4f36-b7ca-617904a08bb6,1
Rho,b5a812b0-b313-4d5c-8f7f-c1f18ab94f07,1
MetanoiaX,97de577e-a750-429a-9718-80472d9a8422,1
_ghost,79756c31-83ab-494f-a082-f93aa16d6c14,1
Wheelchair Discotheque,92733cfb-ecb3-488d-b3db-a99f006f0126,1
Longamagam,902138c1-5875-48b7-a392-70383ce6d9b1,1
Knut Aufermann,8ae626f8-6e8d-43ab-b05d-445baf5fdda0,1
Kurt Liedwart,a5d696b2-c858-4ac9-9d7d-b16e5f2cc5e4,1
Hellcake,e60d6125-8e04-46fd-843a-71a089ac1c12,1
Dan Bryk,48472264-8038-4a5e-a455-4bcc977a0a5e,1
gaucho surrealista,7301,1
LosDiamantesDeSucre,7321,1
danzante de tijeras,7326,1
Katita vilaroel,7329,1
InKa,7330,1
Kezak & Aden Ôhm,15915,1
Jenny O.,15936,1
The Implicit Order & undRess Béton,15946,1
The Crying Cowboy,,1
Bad Matter,6f160a49-7aa3-4e57-8e55-c576be180908,1
Ergo Phizmiz & Alan Ó Raghallaigh,15997,1
Maps & Diagrams,7441bccd-67f4-4294-90d9-f9fd1bb4a37e,1
Hajimeinoue,92f14d7b-8935-4c15-8288-6a5f2084ff18,1
Sifa Dias,f0ebfa25-4894-4d74-9035-755d8f766695,1
Poborsk,f6613986-6417-4e8c-96ac-2d25ddf9c839,1
Divenere,2a59efe0-3924-4086-b6b1-fcac8e902f3c,1
"Elliot Sharp, Toni Dove Hai-ting Chinn",16061,1
Khonnor,5e738ade-7a4b-4221-987b-6588f0244952,1
Spettro Rec,21364,1
The Hand That Bleeds,4c421e15-5bb1-48d9-a394-d3a6aae5df93,1
Danbert Nobacon,14aac18a-9884-4bac-a20f-4f8c3be8967e,1
The Mood Dies,16119,1
Xhale,153f0fa2-ab4c-4fae-8d29-2b517ef7400c,1
OBE,b5fec220-a4bc-4ee6-bb40-c00b336d8867,1
the Cranial Fishers,a5af85f7-c4c0-431b-ba1a-be19058ae21c,1
(c)(P)ee,4d9e7a6e-d2e1-4311-ac1e-624d1cfa9cba,1
SSTdeSST,16190,1
yoko komatsu,cf8af7f6-3558-4623-9a42-8a55f09d9b63,1
Pk jazz Collective feat. John Mason Cars,16216,1
Rod Rivers and the Big Action Sound,16170,1
Gym Mat Nap,93273a48-dff7-49b8-b68c-3936653db7c2,1
Justin Marc Lloyd,7a36272d-75a6-4451-b704-c086d0f3c331,1
The Rita,b78c58d1-6410-4808-ab80-a8aef5c7c8f8,1
Sydney Beveridge,16248,1
Jacob Borshard,e5b77743-d376-4bab-97b6-9c8e5fd65680,1
Helena Sundin,e816d107-ce08-4cfc-a703-0b7c79fc9da9,1
Saturnalia,1654b615-1ac4-4507-8b1e-d8bdbb7a37c8,1
Broken Motion,cf22b4fb-2cc0-4812-a6ff-3c885a55cbc6,1
Paydo Komma,5372f19a-cbe6-4a50-bc8f-5d9f6b21d239,1
Zartzinfect,cf3535b3-bec2-4e5c-afd6-079d5a557dd2,1
Atom/Output,785d59d2-ed75-4a53-95ee-63d5212519db,1
Monofonik,0ff54f44-44bf-45b7-acc0-d827e0a186bb,1
Vladimir Popović feat. Janko Džambas,16351,1
maD,16352,1
Huge Face,16364,1
The Kolour Kult,33e295ea-bdcc-435f-b61d-24b7ba4e1fd4,1
VET,157c490a-9750-468e-8938-4e2922959e95,1
Jennifer Allum,16405,1
Guy Barash & Daniel Davidovsky,16419,1
Damien Bowskill and Paul Hession,16426,1
Harmiklot,16431,1
Hopek Quirin and Ayato,16432,1
As Seen on TV + JWSLRDaisuke,16477,1
BB=KK,16480,1
Network/R.M. Keller,3ac9a103-0fd2-42e8-92d6-4be63b0e5d18,1
Baby Gherkin,16488,1
Larry Powers & the N.Y. Dux,16494,1
ADVAETA,b10fb65b-2878-4410-b7c4-9aa01ddc8192,1
Say Uncle,16544,1
Wolf Nilson Trio,16639,1
David Blair,2b2f1007-f16e-4a98-962d-da670c69a6a3,1
Heartswin,c2656ea6-ae93-4ef5-a8ea-622af09d21e2,1
Singvøgel,d82efce6-4f47-4c9d-b46f-b8e0a86f8d82,1
Golden Bats,92f80e2e-024b-43bd-a1c7-d5e82d23483f,1
Ras-Al-Ghul,16668,1
Cygnus X1,a99cafb6-e11e-4ec3-a165-ab58207d823d,1
Migraine Inducers,2b8dfa2f-dcbf-4c40-8b66-1997558b9203,1
Chris Forsyth & The Solar Motel Band,2bd95428-a46e-4086-aabf-199dcd76581c,1
White Tri∆ngles,5b170807-6c02-43c2-bfce-a35a7260af85,1
Aerosol Constellations,16797,1
The Silks,a6a96feb-e988-48e1-8770-50cb1dbaf32f,1
weak teeth,16785,1
Torn Shorts,16781,1
trip dicks,16783,1
Wayne McCann & Erick Mitsak,16836,1
2 Wick To You,16841,1
Public Enemy,16874,1
andrea pensado,c9479bb9-36bc-4b70-95d8-fd60c76e7f21,1
Le Chocolat Noir,718cd5e5-2b00-4148-8403-d9335fd0dbd0,1
Agan,16913,1
Chris H Lynn and Una Lee,16916,1
Ronny Wærnes and Anthony Donovan,16934,1
Xavier Charles,d51426a2-fbf3-4644-b297-d8a9608b9a5b,1
Noosign,16949,1
Programmable Sheik,17115,1
Ear Brain Systems,17114,1
Aylers Angels And The Rev Concepts Orchestra,17118,1
Autumn Poppy,16997,1
David Evans,a486e6fd-ea76-410f-ad6b-6e92241c67e6,1
Lienullnoyz,17061,1
LOW BIT REVOLTE & TOM WOXOM,17070,1
Gregaldur,af52accd-75f1-4fa7-933d-321ab2bb4096,1
Nightmom,17175,1
Matt Everett,17181,1
The Suicide Magnets,17185,1
Orion Rigel Dommisse,17c550d0-3dd0-4390-b01a-ba43a02095c2,1
analoc,17196,1
Garde Noisemaker,17199,1
Mr. Sunshine,7b59f59f-ea09-4096-9d9e-3741b80de931,1
Tate Carson,17254,1
admiral bellybutton,17256,1
Uncle Dracula,17267,1
Finally Punk,17288,1
Dva Zagorodnyh Doma,91f778b8-5d02-45da-809e-e201bee56c43,1
Abraka Dub,17351,1
Aria Rostami,b2c40f51-0349-4d72-a3f1-226b3ad065f4,1
MAX Synergy,17386,1
Blue Hummingbird on the Left,fb611445-4394-475f-b430-3215e74000fe,1
Starved And Delirious,59a1d66b-2475-4549-ad8d-25abea410af8,1
Jaw Horse,72fc14c3-5eb3-4ebd-b7aa-22ae4768c353,1
The National Cynical Network,adafe4f7-2ddd-4f37-8c20-80de41747372,1
Campo de Interferencias,17441,1
Tomorrows Man,195ce357-5265-495d-af04-9a20037982e4,1
Starr Party,17445,1
Magnetikal,17446,1
14-PARAL-LEL,7fa89fbe-a006-465e-abdd-7f1b77da9873,1
Boss,9c2728e6-c076-45a1-be63-0358a777db86,1
Chagas,0ce5035c-86dd-4c12-8118-1a4ea2470ecb,1
Luperci,17018f55-6bb0-4c12-8c39-a7f7a28db791,1
Michael Hafftka,ce2d3fcd-28df-409d-924d-ae80be9c871e,1
Johnny Reinhard,550e8024-9047-4cff-b9dc-8b4fb535f90a,1
Yonat Hafftka,64f50183-6884-404b-b8b8-7d6828b397cf,1
Pas Musique,159ee0d6-6719-4fad-86bc-a2b4d77938a4,1
Cathy Heyden,9656ef1d-d490-466f-bce3-123bda204182,1
Wayne Mason,8d88965f-5d45-471e-8757-e8fdfad117c2,1
White Noise Generator,1b85c44c-e55c-4fae-bc86-a3bc0ed3eb58,1
Zahra Jewanjee & Simon Coates,17501,1
Sonae,c4d7b28e-8685-4610-b35c-16dceded890a,1
Justice Yeldham and The Dynamic Ribbon Device,b976deb4-8794-4af0-a311-4ab310ce420c,1
Elephant Dragon,17564,1
Slash Norton,17566,1
The Meta-matics,2f7b8d28-cf20-4cc5-8197-53c61bfd4a7e,1
Bedhelm,17643,1
Jeroen Diepenmaat,4285beea-4e9e-4db9-a591-1d0113b5c2c1,1
The Nancies,17665,1
Maya DeVries,17674,1
The Klojo's,17677,1
Fluidvolt,6c766065-5bc1-4b94-bf63-aa4e745444f7,1
Piotr-Heslin,eb493c84-4fc7-4e31-845a-71f2a4d6b2ca,1
TRVE,e59e6c36-d15e-475f-bd2d-508a7c93bd2d,1
Gerry Miroux,17809,1
Triangle Forest,7b3de585-a31d-46d9-82b2-265b799f2cec,1
In Heat,17772,1
Bad Swimmers,17775,1
14 Foot 1,fc632cc2-8115-40d1-a486-2f80cab10c3b,1
Embers Lucent,17788,1
Skipism,17793,1
Paul Carrack,fe4658a6-bb37-473d-b6f0-f075dda8d31c,1
Setamur - Nhile,17826,1
Setamur - Massimo ''Nheap'' Discepoli,17830,1
Setamur - Ana Brateljevic,17832,1
Setamur - Melinda Ligeti,17842,1
Arrington de Dionyso with Jaran Kepang Timbul Aji Jubah,17868,1
Mittimus & Nix Pickler,15003,1
Snowfeeder,4308e15e-00d7-49c5-8142-26b126703b45,1
Nevhar Anhar,318c8d1a-4371-4d9d-8d3e-77f42b3276b6,1
Dotlights,c41eb7a0-b1b3-4f16-af49-6a0bb4b99578,1
Marsman,17944,1
Broken Lip,17947,1
ℛiⅴℯr ℛuⅰnℯⅾ,17959,1
Body Smasher,16fee757-0ed6-4348-86aa-a9e5577912b0,1
2Kutup & Floating Spirits,17967,1
Balcony Players,df677a16-41f0-40e3-8edd-6dd6368b8382,1
Joanna,b285a5e6-812b-4060-986a-f6111ff422ac,1
Aleph,7ab2733a-588e-454c-8326-cd5f984a6186,1
A Thousand Years,eedf18cc-4f4d-4780-85e2-4083e3ba7593,1
Phutureprimitive,0c445197-bab3-442a-b1d2-32963f1b39a0,1
Defocus,18047,1
EDEN,2cfe3c4c-5432-46a6-b3c0-1545dfe1d403,1
Heize,8cea34d9-e1a5-4a92-87da-de947f741fe6,1
Br'laaB,7fed7ea8-5abf-4979-b29a-d10fc48e11d7,1
Cigule Migule and Samwill Chainsaw,18095,1
Freaks With People Behind Them,18102,1
John M. Bennett and Catherine Mehrl Bennett,18104,1
K K Null and {AN} Eel,18109,1
Magliocchi,,1
Okamoto,5464861e-8b8d-4b0d-9d3c-43406e64ad38,1
Chagas,18b8587a-aa15-420a-a0ec-bcebc9d1dbe8,1
Boss,,1
Paul Mimlitsch and Anthony Donovan,18117,1
Seiei Jack and Ayato,18082,1
Szaman Amon,18084,1
Carb on Carb,d41d7683-509c-4cb2-a656-ec711f0dda4b,1
Spiral Coil,18149,1
Iveza and Elements,dc17f471-10db-4d4e-ac8e-ef529b0675bb,1
Njuškači Jabuka,279954ab-d040-4c77-b1e3-5f6a466b1b06,1
Anne Marie,b30a8585-cec1-49c6-afe3-32adc81fd342,1
Insect Guide,45202ea1-bd7c-4cd9-8069-e7f4ca450338,1
Marthas & Arthurs,02ffe55e-01f1-4f20-9af3-58c0e16b41e2,1
Tiny Fireflies,2accd9e5-3d5e-45ba-b4f8-319b0c6b4418,1
Richard Holmsen,d4df5e02-3f0e-4ab0-ada4-b4dcc1760e62,1
joachim de lux,ce63a720-7c7d-49e0-a431-e5264d1ef9cb,1
ARP,18317,1
Blithe Field,54adec63-1ef8-4211-bb82-3d4662b24cba,1
Crickets Make Math,4b104567-1ee9-4770-8061-e69588f63c2f,1
Julsy,f1615bd6-d4a2-4268-82ac-bf4452faabdf,1
Sing Leaf,842d4244-c977-4bb2-945e-4b1687162187,1
Harvest Soon,5127d90a-0698-45ca-9d56-145d2c8101bf,1
nankotsuteacher,5f2b2b86-7f19-440f-a407-5817cda588e4,1
D. Burke Mahoney,2517da95-a394-4f69-bcd8-707e8a605758,1
Cobra,18397,1
Robert Schwarz,55b33778-f07a-4c78-a735-5c5086123ac7,1
Ria Ekin,cad70b75-36ce-41b6-b8ae-4f5dcffcf924,1
Luxury Elite,3af0709d-eb0b-4863-8315-a4acb3f09844,1
BK Beats,e5955349-01e5-45d0-8eb8-ec6290319a46,1
Black Noi$e,5227e102-ced3-4ae1-affc-bbb745332bb2,1
Téléphone Maison,65817d4b-09d5-4555-86a0-ef8de3f7ea2f,1
Brett Naucke,ab933426-888f-4efa-83d0-b6518b50d4fb,1
Blackhoods,18467,1
Pork Secret,18472,1
Abereiddy Astronomical Society,0a5b5819-1c2d-4d8f-a9b8-09148144c4dc,1
AL355I0,226ce11f-1118-442a-8e3e-f073a7feb722,1
Dekode,8d4dd4fd-cb17-42ce-876e-0d50cbec0924,1
Hybrid,9f2524e1-cda1-4304-941e-ebb448d32a16,1
David Michael,a2cf46d4-6e4e-4540-ae4a-d38da50740e2,1
Polyidus,0c1dbbea-6666-459e-8471-98046d040dbd,1
Somatic Responses,76a0a9da-dcc1-4dd5-9947-2ac01501917e,1
The Wee DJs,0db9a7ce-56ef-4b86-8d7f-b2a48aeb7531,1
Greg Mullen,18519,1
Clayton Alpha,df43be49-32fe-44b9-ae42-dc33e10f00db,1
chicago modern orchestra project,3e981c68-4f65-4c11-bfce-26184586976c,1
Chicago Modern Orchestra Project,3e981c68-4f65-4c11-bfce-26184586976c,1
Sam Moss,a868fd94-0d52-4a63-89f2-fa0b60317a5a,1
Kay Grant and John Russell,18619,1
Mat Gabo and Beurklaid,18622,1
Sasa Raven,18631,1
Tnesba,18634,1
Toe Tapas,18635,1
Travis Johnson and Anthony Donovan,18636,1
Eric M. Armour,18707,1
Flower Gang,18710,1
Meatballs/Fluxus,18713,1
Small Factory,7f38cca3-f2fb-4de1-8812-6a853cacf4a9,1
Don Goliath meet Iyah Ranx,18739,1
myk.,0d9c9d02-c5bf-4ad3-b57b-d849b6570ea1,1
Controlled Collapse,1ef4afa9-1bda-4007-9b50-e3c062478c32,1
Project 5am (Feat. DJ Whodini),18808,1
"Boss, Chagas, Nobara, Sakellaridis, Sambo and Silver T",18891,1
Crank Sturgeon and Ludo Mich,18896,1
MusicaMundana.tv,18910,1
Pas Musique and Manthrewny,18911,1
Sean Derrick Cooper Marquardt and Anthony Donovan,18914,1
SoftWorld,18915,1
ohara,18924,1
children of kids,18931,1
phasme,84546b0a-cdcc-4d09-91cc-ca550912e6bb,1
Sete Star Sept and Infinite Distortion,18935,1
Kepi,88fbdb47-b67a-49af-b7c4-e337ee304f05,1
Earthly Beasts,18984,1
Sara Pinheiro,3b3db756-ead6-47b5-83df-517940150e52,1
Arrogalla remixes Ratapignata,7636,1
GX Jupitter-Larsen with Cheapmachines,7684,1
Aileen Stanley,c1ec5e28-bf52-44ef-83b4-1aa325f1c01e,1
Joseph Samuels' Music Makers,7717,1
Paul Biese Trio,b1ad1c21-c5da-4ee4-8fac-29b91fc3c642,1
John‐Allison Weiss,8c3853f6-c354-40c1-aa40-5ee8189f0303,1
Now You See Them,65847ef4-6d08-47a8-92be-9f501bb7e726,1
Salman Aditya,8ad699fa-3e15-4ff2-8280-2011f21b98d0,1
Pembls,f2d6c960-8227-4616-9e36-b85c57a80afe,1
Coffin Cadillac,9839,1
Janne Hanhisuanto,4d616324-008d-4935-9daa-5dd9bee6cf48,1
Victor Dance Orchestra,2a74cecc-fcaf-4733-9158-9c820dee6ebc,1
Shiraishi/Osborne/Shurdut,7174,1
These Hills of Gold,7179,1
Puce Moment,9e11fc1e-1374-48d5-a9f7-cec845d2d149,1
Alva Noto,48ec4bb6-47a6-4e2c-8287-7617464eb193,1
Wouter van Veldhoven,2599d007-4972-4d21-8213-77947c8e5a81,1
Liz Allbee,352c4eb1-d699-4e56-9408-c6974f167693,1
Super Mario Bros. Super Show,7298,1
Un Festín Sagital,fa2eff2e-e737-438f-aa29-f610d9dc21fb,1
musicos del metro,7308,1
caballo loco,dd99df57-ad7f-496b-9401-6ceea1cef059,1
pibes de merlo,7314,1
radio chilena,7316,1
Michelle Dizon,7344,1
Ashley Hunt,7345,1
Rural Racism Project,7352,1
Sara Wintz,7388,1
Casio Headbutt,7431,1
Naing Naing,b75fbbe6-3845-48ce-ba17-1dd7757fc92b,1
Pappy,7437,1
Reunion Sacred Ibis,87c92490-781a-471a-9dd5-ba2496bdaafa,1
Alpen,f5cf7c6c-57d9-4f33-ac2f-b35b5961800d,1
Tö,6267,1
The VME,7506,1
Rodney Maynard & the Hundred Dollar Band,7480,1
John H. Glover-Kind,6418ae2c-a369-49f4-be90-dbabfe3ced08,1
Six Or Seven,7612,1
Won Hot Huntress,0ff65957-b95e-491d-9579-ddd406086894,1
Neotericz,ba4d1eb9-dc44-40df-981a-633f80f3ed03,1
King Kietu remixes Arrogalla,7635,1
Arrogalla remixes Peak (feat. Claudia Aru Carreras),7638,1
Arrogalla remixes Signorafranca,7643,1
tdBt and the Garys remix Arrogalla,7645,1
G Lucas Crane,7656,1
Drunk Elk,e338c021-72ee-4f5c-af47-93eeddf643c1,1
Andrew Paine,392a346c-908e-4cc7-be03-0b4d3184f102,1
Columbia Saxaphone Sextette,7707,1
Marrion Harris,7711,1
Roy Atwell,e46de3ac-c4a4-4256-a096-4e22fea6331b,1
Edoheart,202a1533-b923-4173-89bc-b5bf74b03ec3,1
Tired Hippo,288a1cf8-e44a-4fb4-b783-6854840ac0d8,1
Off Garde,d9645df5-2c26-4583-a522-2045defd3ecc,1
Sam Goldberg,2c191a65-f1bf-40ef-96e9-1bdca58e9b92,1
Sundayers,286ed585-1717-4d6e-ac61-1bdf444e7b66,1
The Slits,1243,1
Vytear,50a6cb26-dc7e-4fd1-a5ba-e852cec41528,1
TG,06c7a5d3-5469-4413-9d8e-d9c34f4a67a0,1
Charles Atlas,7921,1
Crazy Games,07757206-5fd3-403c-83ae-ca124a808bf4,1
Go Gadget,c2737797-0c72-437b-8a8d-6a62d7a60dbd,1
Brainpain,aaf520ca-76e8-4ff1-9672-7db65f0d3fa0,1
Rogue State,7986,1
Henrik José,2478953b-2359-4a0e-ab12-98de9b9b5fcc,1
D'Incise,742fe9ab-de47-4603-8d82-3916bd95590e,1
Hiromushi,896a767c-8b5c-4b9c-b8eb-09ce33c40e23,1
Bokusatsu Shoujo Koubou,f8cc83ee-ed40-416e-bc7d-165705af3bea,1
Yatagarasu,21bc9f26-0ae8-4a7e-852d-e42a4bf0b02e,1
Divag,15654be4-7cc3-4370-8885-a8e75f2d9062,1
Iserobin,31f75dba-4f5e-4bee-82ef-e7d2def24604,1
Motif R,b85d7a91-7a90-4785-813c-06936b0618ff,1
Socket Science,8083,1
Fabrizio Cacciamali,8086,1
Los Pibes Chorros,b6f2a81c-fe34-4ab8-bc6d-7b9a199d1bda,1
LRA,8117,1
Andy & Muzz,9230a148-6375-4f15-b07a-6119542431e8,1
Metal on Metal,8104e48e-2ed8-4618-acea-4c359feb7b99,1
Taiga Blues,3e7de9d7-65a3-41b2-a160-e30957bcdd10,1
Yawn,cb667058-16fc-4539-9150-4c6d8c55dc3e,1
TRG,8175,1
Alien Pimp,5fb4f41c-5ca0-446f-9235-f3de359d23fe,1
Michi,8177,1
Discoballs,aae59dd5-c517-48fd-8257-6386aca886d7,1
Paralyze Humanity Sequence,90abd4f3-6d78-4bbc-a60d-a16f08cc2e0f,1
Hi Tiger,6b48162d-ce66-4bd7-8eba-e0497c705e9a,1
sangre brava de chumbivilcas,8246,1
San grabiel,8251,1
S U E G R I T A Y,8252,1
pocoatenos,8254,1
Frederik Teige,f0515331-7229-4858-a041-510bbbd1dd4b,1
.at/on,00496bc8-93bf-4284-a3ea-cfd97eb99b2f,1
Blamstrain,5ec4be83-e99a-4c54-8753-05ec461deb4e,1
Marow,8287,1
Bill Orcutt,24f4bc88-cc47-4cce-875e-abb1950d0ef2,1
Jimmy Edgar,fa263cb3-205f-4a7f-91e1-94e3df52abe8,1
Amorph,58714e80-2ec8-4c0a-b2a1-456ce50d5b6c,1
Praveen,f7fbbdaa-4dc9-4530-8754-a1f3e52e5f16,1
OOO,48468074-29e8-46bf-8c63-c71c8ac28dd0,1
Melomake,eace63dd-1e57-4b3d-b280-41e077093b87,1
Down Review,192318ad-5081-47b8-80cc-9da593b8202c,1
Langer,a8dbbbc1-723a-4c20-98f1-72c87fab5f1a,1
Symfoniorkestern,f85c2a34-3e24-4447-9c34-22827586dffc,1
Ampersand,8507,1
EHEIM 1000.220 with PAS,8516,1
Kid Atari,c77e945a-624c-4780-84fa-863842b12b58,1
Vektordrum,e073337e-2f6a-4f4a-b9e8-07cc2238b20f,1
exportion,eaba6db1-bc6d-4c56-b818-b70a25b901c3,1
The Oxy_Gens,36b36c9f-8727-402a-b891-59524b38de1c,1
Gabriel Peraza,e617af4c-d975-4e09-9d89-ba34235ffdc4,1
Mike Andrews,8603,1
Northampton Wools,8660,1
laszlo band,8595,1
mo-seph and Ariel,8685,1
Seb Normal,4e26aa49-582e-4402-ac6b-6ba4a30fef48,1
Damian Valles,55605f9b-f94f-4309-a912-f840ef874837,1
Bitbasic,c39b2cb4-6d41-4084-8712-e3024fba5474,1
N-Joy,a07598fb-d10b-44ea-838e-443d06c6cec2,1
Andrea Baroni,e2cc40c3-954e-4188-9e0b-824764df16cf,1
Mahoney,833f996c-8703-424e-9307-284d95864783,1
The Drink,d162ac45-36a6-4810-9635-d0736f5a4586,1
Dranois 7,8816,1
Tachycardia,8818,1
Dybbuks,8820,1
Ego God,fd10ed36-9ac2-4d6a-bc77-a3b19ef07422,1
Skullthrone,8824,1
Caühaüs,396f94dc-5702-457f-8401-6184fcb5f63b,1
X-tokyo-river-god,c750e725-e563-405a-a894-c56c3f521aa1,1
Grant,431de20a-d0ba-40ef-881a-af0b24227084,1
Planet Cock,ab4f4fb9-001c-4f51-bc56-f594759d55e7,1
Cam Butler,18dc8760-a10b-41d1-a5ac-4236b94ab946,1
Small Life Form,1f8358a7-b37f-4d1d-9601-6d0335edb6cf,1
Alto Clark,c083adfb-33af-4016-ae02-13f6ef57a201,1
BHL,b92e3775-6952-475d-a840-bf1885ea3d71,1
Cominform,982dbba3-4a6a-47f4-8f77-019341aac2ce,1
dr zOïd medicine,d7daa54f-0ca3-4366-bac5-acdffdb3bf1c,1
V.,3e685571-0cfc-48c6-8f9d-199204cab629,1
François Dumeaux,ad989162-dfa3-4e95-83c5-87dc1196823c,1
Inaudible Frequency,0e027008-8865-495a-b129-a68b04e124d6,1
Julian Bonequi,785f42f7-caae-409f-929e-902c0f2ce139,1
Lair,fccaeb26-7b6a-46ef-92fb-e4ec86794d99,1
Léo Plastaga,f63a7b16-8f94-4d27-8cc3-2407b761cfb1,1
Monos,135cf17f-12cd-4199-8919-53da0b3115ea,1
Tyler G,128e5cff-25a7-4ebf-b4e0-cf1a10204714,1
Vanessa Rossetto,cb5b0711-b628-4114-b4e7-d25b6b86ee40,1
Worrg,fe93028a-6ff9-4803-b67b-6ba490d3582a,1
Zeleni Sestry,39d8396f-5bd7-436c-8e8e-a604103a269e,1
Už jsme doma,d98e3d40-ccc3-4c3b-a840-bff8d761f5df,1
Neztic,de675288-af2a-4489-86bc-1e7c0753634b,1
Thrones,31c7eaf1-1315-4b53-aed2-ac7dc00c3942,1
Boris Jakobek - Meriadeg Orgebin - Nicolas Joubaud - Pierre Gordeeff,9035,1
Lau Nau,a7a48193-76a8-4a7c-806a-cdc419d0a52e,1
Antti Tolvi,fa81759a-9597-429f-9720-7d360c46d0c0,1
Ian Hawgood,d457c38f-aff6-4e0d-98a1-3f302274a0b5,1
Igorrr,aec46991-e896-4c1f-80cc-aed97b0cdc73,1
Tozzrox,9087,1
Rose Blanket,06126efc-ac37-430d-b34a-2a174b2605b1,1
Bypass,9202,1
Paper Tiger,3183,1
Elroy 4.0,9318dcc8-b202-476c-a4bc-9888e19dabe4,1
Audra Dawn Fleming,9267,1
Zoologic,7618,1
Yksi,54f26c0d-3522-47de-bcc4-35658036344e,1
Ustad Abdul Karim Khan,2859,1
OnRye,9322,1
George P. Watson,21ed0814-e18e-4087-8000-0f75612154f5,1
Meme,4069,1
2methylBulbe1ol,837ac48f-ffa2-481b-80b6-b26bb248c61d,1
Throw Panda Bat,5925dc96-6aba-4c85-9762-5ba52821d901,1
From the South,069d1102-4254-4228-ac66-dec57ecf7ce2,1
Reuben Ingall,ce27eb42-d93b-48f1-b26a-5448b72b6488,1
Kasha,b21541d8-7caf-47b3-9ec1-46ecb211c134,1
Stanok,9e2269f9-bb8a-466a-b4e9-21dc830eb8a2,1
i'dawn,9380,1
Texture & Morphamish,12224,1
The Cheap Poet,9504,1
The New Parallelogramers,01527c5b-25bb-43c4-80fc-09898e478aa5,1
[anonymous],,1
Nevada Van der Veer,af761eeb-549f-42e2-9a56-b504ce1d08b4,1
GREGALDUR,af52accd-75f1-4fa7-933d-321ab2bb4096,1
"Siska, Andy, Sarah & Aaron DeVries",9596,1
Jordan Gladstone (feat. Bros. DeVries),9598,1
Henri Thomas,9599,1
Aaron DeVries (feat. Ben DeVries),9604,1
Leah Morrow,9606,1
Enots (feat. Davey Von Stone),9608,1
Unity Vibration,bf7ce6b3-b247-4c7b-868e-c22be599f870,1
Gouffre d'un pôle à l'autre,22c19e64-1022-4e31-b69a-0856f992d395,1
Wild Wild Ambient Boys,9673,1
Weyes Blood and the Dark Juices,469d6414-1f06-43de-80d5-17762d4a356a,1
Spek,9731,1
Gustav Landin,9746,1
Selfmademusic,5f7de59d-d64f-48ca-8a25-471f03547a29,1
Bleep,ac7ee931-f28c-4734-b7cb-1a811de6700b,1
CdP,5b2e7689-33fa-43c0-9b0a-ebdebe97bd16,1
Beatstar,d1b1a23f-fddf-403b-8eb8-7ab2aa74989f,1
Pattern Industries,02037890-77d4-4aee-9ef7-52bd597846be,1
Alexico,9891,1
Teleradio Donoso,15759299-07c3-48e0-82be-30a22dd25f0b,1
Joe Crepúsculo,807eef5b-4254-4d57-a0de-7557a8d64711,1
Nakatano,9941,1
Sugar Prince Ijahman,9943,1
The Analog Girl,1759d5fd-7155-4453-881e-a1d8ed240bad,1
Electrical Address,9859,1
Amazing in Bed,165e8d9b-948f-486b-938c-3182fa689014,1
Chamberlain,577a7652-dfb1-41cc-aba4-e94d07b8ce59,1
Arrington de Dionyso & the Old Time Relijun,91768977-a6ba-4ccf-a82c-7601dee71ee8,1
Delicate Steve,e066d235-6af3-4b78-9b1e-bcf7ed360193,1
Boy & The Echo Choir,cb5b2d7f-a4cc-4666-8bb3-acaa24236ef7,1
Dubalizer,dd39fef1-5dd3-41bc-a809-889fb1a134b7,1
Mathias Schaffhäuser,735879e6-0a61-4d7c-96ff-ffea911c3f17,1
Moinho,24d19f4e-4d25-4b27-ab11-0122e75b1bcd,1
Hiroki Sasajima,f175d8b0-d852-46cd-8b79-41205bda1b4c,1
Entia Non,499a8a4e-06c1-4a4f-b6bb-232fd4551133,1
Segue,10134,1
Christian Television,10155,1
Inca Gold,74bba558-530f-40de-a837-87bdd818f72e,1
Shogun,c4f3ce76-35d7-481b-8833-9e91ff0752af,1
Blitz Lunar,aa3bbbf9-9654-43e7-b7b8-0a0c6ac940a2,1
Madbrain,62aac2a7-3b01-40c5-9d4c-229b11994c5a,1
Kreamy 'lectric,10226,1
Katrah-Quey ft. dj Alekzander,10231,1
MUTAMASSIK,e4e78aad-ea4c-4808-a7ba-a595ed52fb2a,1
Lux P0G0,10317,1
PAS with Big Brother on Acid,10319,1
Naam,fff2bf29-be26-430f-ad20-33062c61333d,1
Wetnurse,7a0affa4-8c8e-4252-ba3a-4146074e4047,1
timide et fragile,10303,1
Donovan/Montag/Pearson,10309,1
Charlie Boraley,10346,1
The Moot,10351,1
Aleksi Eeben,b21d29ec-231a-4695-92bb-27e4830b24ab,1
DrGy,10422,1
Daniel Jeczalik,10498,1
D.M.A.H & FIORELLA16,10499,1
Kommissar Hjuler und Mama Baer,a666155d-62b7-4769-b185-aaa999506f3b,1
The Panjandrum of Quondam,c95d45c7-ce0c-43a5-b784-396e9830b6fd,1
Dpress Hill,617b1300-ee30-44de-9f76-d329ceea3f07,1
Inconnu Ictu,10543,1
God Pussy,6aaa0a67-a002-43a2-a1ed-c47f33426fe9,1
IDEOSYNCHRONIC,10559,1
Thierry Tillier,10561,1
Federale,c191f19c-1c51-4100-93c4-de5d2e101139,1
Keijo,9441,1
Erin Dingle,10592,1
Miriam Fried,e94aad58-cc67-4955-b1a0-53bd6ea6ff2f,1
Sarp Yilmaz,8b047ff4-aa30-4ec4-be60-44487d55caae,1
Nash Ensemble,28dc2e12-ee49-429a-9ca4-386e26c27c4a,1
The Concert,10646,1
M. Takara,10719,1
Shahzad Ismaily,10783,1
Andrew Sinclair,653d0921-13da-4faa-bbb8-41e588d1c804,1
Desfontane,89e398fc-23d7-4873-b32e-46e855eb2dec,1
Marco Mahler,cfd34455-7edd-4947-96f3-b9a393c037bb,1
Matana Roberts,5a735385-fad3-4b3c-913c-c79aa5853f13,1
Zeljko McMullen,155c5ff0-8fc0-49d0-b211-02fc8ae65d3d,1
John Butcher & Okkyung Lee,10824,1
Ghostly Dust Machine,28686c5c-fe69-44d5-8f4b-b665532ce6d4,1
Swahili Blonde,8bae21ee-8cc8-4c4e-9c98-3777d1f766c6,1
Diego Garcia,bbb418b5-36d8-4680-8dba-f1f4866034b7,1
Staghare,10877,1
Light Pollution,da08f108-0874-496b-9adf-6784fa830564,1
Kato Hideki,6269d7ef-6d86-412e-8060-cd3ea086d58b,1
Guillermo Gregorio,e9db9076-5242-434d-8995-47eab459e506,1
teaadora,a54d7240-9fef-4815-8c7e-a30eb7334e81,1
The Heavy Flowers,10957,1
October 1989,10953,1
David Linton Bicameral Research Sound & Projection System,10989,1
Mist and Mast,9133c53b-34d4-46a4-bdd3-9e46df3a9ae0,1
Pacta,11007,1
Ocelote Rojo,32bd82eb-7596-47a9-9aba-84df6dcc8b24,1
Bill Nace,ebdcb683-4aee-4ea7-a9ed-38692ebdf9c5,1
We Ride Phantoms,11036,1
Espíritus de Gante,11038,1
Rugar,d2d5470d-25c7-48dc-a4f8-64fe3257f1b1,1
A.M.U,e9a77128-307e-44bb-87ff-428ae6c638e4,1
Anthony Donovan & Clive Graham,11052,1
Bassin Versant,11054,1
Philippe Petit & Will Connor,11066,1
RR,11067,1
Bass Assassin (Illocanblo remix),11091,1
Sister Gwen McKay,0076a0a7-bfd2-4cfa-a28f-5b700788c814,1
John Roach,567c2494-8307-416a-a261-7b5fb76423a8,1
Amber Lions,11211,1
Juan Pablo Villa,1ef37e00-931c-4513-9cb0-1a9351909f8b,1
Julio Clavijo,11327,1
Herbie Gaylord,1e87e403-e804-4d4b-9f08-650260bce744,1
Amity in Fame,e7767b5f-cd56-458c-9fa1-9c111ce66c28,1
Botany Bay,cdd0adfe-c874-4677-b2f5-7e6c6faa73bd,1
Jeff Mangum,6a7b9d5e-a863-4a90-a056-77942e9f43de,1
Big Bill Broonzy,05bc49f8-3108-44c8-82b9-ac3254896a69,1
Suff-X,0cfe4ce4-07a9-4869-b9a9-1633539c607c,1
The Frost Heaves,11412,1
RDB,a45efc83-7752-4d35-a49e-08e4d60a8dd1,1
Holy Strays,73302d6c-3989-4254-8691-eff6458f1157,1
Party Girl,eef6bbe2-2f09-492b-8e0f-a6c04d2e11a8,1
Germany Germany,6771dc87-f3a5-4822-aa8a-33a1bce1d9c1,1
Bad Dourif,98305dd0-fe1c-4979-9825-59cc835bf78c,1
Kelton Prima,3d370c98-a349-4b34-a362-608ae69571d7,1
Eric Boros & Marylise Frecheville,11503,1
OL,869a4196-5307-4939-929e-7e251f453d1a,1
Kntxt,383c14f1-e4d5-4e5f-8625-da86c2499377,1
Myown,7c7044b4-182f-40ca-8261-938f91ab6f7c,1
Ecoform,a6f20257-d6ca-442e-8310-96618d137602,1
Powell,2fc59052-8d66-473b-9ba7-c77e2d7f628a,1
Lockbox,11555,1
Thebrookz,11559,1
Illingsworth,11561,1
Iranian Space Program,11606,1
The Men,cad4048e-be60-498d-93e9-32272a43f230,1
Windom Earle All Stars,2b2a0bb5-bb77-4556-b9b7-8a0d91a98bf8,1
The Psychic Paramount,5f9a7c33-f744-4749-beb1-4e8ed69edd37,1
Roscoe Mitchell,10119,1
String Trio of New York,ede0d8a0-0b0a-4ded-ae3c-affba301dae8,1
Apoptygma Berzerk,98ed42ad-aafa-46a8-899b-150fa237133a,1
Mary Lee Roberts,11688,1
Sweet Bulbs,05110cd3-5c55-490d-8d7d-c9e19db9e557,1
sleep in sundays,6f3e8146-4b39-437b-ab15-2d208b3da24f,1
Michel Chion,28147f3c-4c4f-43b3-aa39-061d4cfa2a0f,1
The Beautiful Schizophonic,03e6a3d8-b267-4b51-bf07-98bd79e00aad,1
Joan La Barbara,2aabf4be-f80b-4846-9689-6c0cd99614b4,1
Burkhard Beins,581d7809-1e7c-45e1-b027-d8ff446a6ff2,1
Michael Renkel,ed38d13b-c0d7-47a2-86cc-ff984245b875,1
Derek Shirley,f94e3fb7-9d0b-4d45-8ef8-e22133c2bc75,1
Salvatore,7803cd83-380f-48f7-a91e-f14a71f98dd2,1
"lali barriere, miguel a. garcía, tomas gris",11861,1
Family Curse,11873,1
Ultra Kabron,11899,1
Rat King,dcc075d6-24ae-42d2-887d-ab9c0d6e47dd,1
onion,11913,1
Coïtus Int.,a6a8874e-1441-4020-9b49-d8b2bd068801,1
Handbook,6d76d25e-9e89-493c-beb3-484f81a6119c,1
Ergo Phizmiz & Dom Strong,15798,1
Ergo Phizmiz & Robodub,22558,1
Ergo Phizmiz & Lucinda Guy,15801,1
Aaron Bathurst,15910,1
PJE,a49bbd85-4fac-4625-939d-d44d504e7a23,1
Ctrl+J,4e42b0c2-c5ea-462c-8bf5-5964972d2503,1
Stazma,15929,1
Jonas,dafc2ac7-c519-4757-bec9-a12ab04c39a1,1
ION & undRess Béton,15947,1
André Pissoir,,1
Access to Arasaka,339e444b-f0f3-472d-a62a-8f9aa602bae6,1
Cellular,40ce4200-fb06-4531-9efd-59eea4d434dc,1
Numek,c87b916a-a5be-4279-93ff-9b57e3ab9ef0,1
Nariel,15987,1
Roel Funcken,a8c6a9be-d382-4415-a778-775684a3e536,1
Tim Koch,089f526f-1ddf-4aef-85d7-fed8d234e59b,1
Joseph Auer,446f8580-0acb-4712-8fb9-6b9f699991a3,1
VNDL,2d00dba2-2d05-4d5f-bcbf-3b387e790924,1
Dr. Quandary,a06106fc-4aa0-4e1b-86fc-94b675121944,1
William G. Tomer,8d5b57d0-895e-4b0b-85f0-3142908274c4,1
Noel Bush,16041,1
Frank Luther,95c3627b-04bf-4bdb-b543-c3ee2af29127,1
The Lyn Murray Quartet,657a0e6a-a808-4495-9ba1-857d80323027,1
Stephen Foster,dd28ee68-673e-4fe9-acfc-fa3c81877469,1
Quobe,2168ef52-a4dc-4411-877b-b6c73ba2b12d,1
Fyzix feat. Netpoet,16089,1
Thicket,16102,1
Frontol Lobe Development,16111,1
Swamp Buck,16116,1
Rollerball,16121,1
Pharmakon,9f41b731-60a8-4811-a4a3-bdd61ef668af,1
Aisth,cd214a25-b282-4652-bfa7-df3652a84ed1,1
Julien Neto,9a20cd33-2391-4851-aa4b-28874447709e,1
Kumquat,17cf4134-6d39-4288-8be0-df89923fd356,1
Andy MacMillan,d0f14537-301a-44e7-9709-a5fefe8ba545,1
Quiet American,265b1e2d-3bc7-454f-8efb-ec143b04be6e,1
Emily Spray,cf5b897a-e7d2-48fb-a791-410b04113c52,1
Swampwolf,16181,1
crown the invisible,16187,1
Red Rivers,7e36f818-b199-48e6-8e81-30615fe7195f,1
Breakdancing Ronald Reagan,e7a2a169-a2ca-4edb-912f-7a1f53010949,1
Postule,16227,1
Princess Army Wedding Combat,1f8c2160-6778-49e0-abe9-f9f8c72222a3,1
Boa Constrictor,923df7a1-f499-4e02-b5e9-cb2cead37f64,1
The Honeydrips,e25ae62f-847a-4360-9378-58dc49b803dd,1
Leaving Rio,59e6f12a-fbd8-412d-b0a4-ba95bb87e37b,1
ASTMA and Els Vandeweyer,16296,1
The God,dd7e6de3-9bc0-4e3e-ad80-e9a2a2e58adc,1
Disorb,d78994fa-8997-4282-aedc-c472f8c31754,1
Nati,4cc6c10a-273f-46b7-a265-8d85e65fae99,1
CROCODILE TEARS ft. G,16330,1
Mr N0B0DY,e3f13ae2-1208-4aa1-a819-d09b0d37712b,1
NATI,16327,1
Lebdi,2be7f774-5397-45ee-840c-fefe9bdcc4f7,1
Ravi Shavi,9ab4a39e-a809-42dd-961b-aa9c37ec5ebe,1
Detroit Rebellion,16372,1
Howse,58f66bb5-396b-493a-aed0-6dd52a9b239f,1
Les Momies de Palerme,16382,1
The Humberts,a0dbba85-42ab-4e3c-8123-14c2bdd13ee9,1
Kučka,12461,1
"Клан-группа ""Твин Пикс""",9c6bb264-5700-4fac-97ac-7c35932ea562,1
Paul Abbott,16404,1
Anthony Donovan and Anton Mobin,16417,1
Crush,10067,1
Wayne Mason,16451,1
Backwards,16476,1
1/2 Kaputt Kurzwellen,16479,1
The Vanities,16483,1
Profan,16507,1
Ernie Carson,b781e0e6-2979-4686-ac5b-9930e286c0a1,1
Shutdown 66,a1777a23-ddfa-46b4-8c9a-d8c68f9fffef,1
Corey Kereliuk,16582,1
David Grubbs,816,1
François D'Eybastens,16600,1
Coseyhead,16615,1
Ingvo,16643,1
Von Korf,90f108d3-a378-43bf-83f0-abaf30230364,1
Failure,f0ed9f50-70b9-4406-9374-7d76ae21a04a,1
Rasal.Asad,800bf987-03bb-47b6-bbe5-5a95202278c2,1
Troy Schafer,a9d4e353-472e-4c9a-a739-954944ccba66,1
Call Back the Giants,ba524d6f-136d-45a5-87eb-0fc45e1ba505,1
Expo '70,4db679ee-8bb1-4d71-a586-67bcc8d0581f,1
Marcia Bassett,1a528edc-fc09-47bd-b81b-a176179d8401,1
DJMC,16719,1
Rabbit Rabbit,16731,1
S. Hamann,16801,1
The Low Anthem,9597a87d-73aa-47f9-a62c-3fc9a74ad386,1
Kid Mountain,1e71d83d-12e4-4728-b5c0-24e06a45593f,1
Omnivore,16794,1
Party Pigs,16789,1
Belle,eaa1912c-ca7c-4dfa-8c9d-51989292f010,1
Deformity,16881,1
andrea pensado and alexei borisov,16892,1
Alexziq,0e84d891-c028-43eb-8bff-b106ae553cf4,1
MRT,3d147707-b786-4190-97ff-702358c7cdec,1
Umrijeti za strojem,68272d5f-7e32-4502-8558-38824375a921,1
ECM,51940e3c-ccc3-4c58-99e6-e85e751a0839,1
Cohen Ris,16917,1
Daniel Higgs,6dd4abcc-0321-4ac0-b3bf-0a9422c450d9,1
Pintoo Khan,,1
Filippo Panichi,16922,1
João Filipe,1663031b-4087-408a-9931-0bf9c04c9519,1
Pelayo Arrizabalaga,8ad6fd0f-859f-489f-9028-e0f0200f45be,1
Eli Gras,3d5173a0-5037-44b2-a1b8-972cbdfc4f41,1
Marco Pianges,16948,1
ChromTek,17110,1
The Bordellos,73591629-4777-4b5d-b6c8-54e709a08f90,1
Billy Gomberg & Anne Guthrie,17046,1
Dr. Rythm,17098,1
Mobo Stix,5148,1
1.2.3.,17102,1
Dr. Sex,f6bbad21-d52a-42c0-b2ad-76420fbf08e0,1
Viking Suicide Orchestra,17108,1
?+1,17090,1
Himselve,17127,1
Yuppies,ab3d9d47-8d6a-46e8-92c8-3839c96f64e5,1
Deer Tick,c8c64bcc-48c6-47c9-8411-f5c4fd5a97bb,1
GYMSHORTS,f8c98984-e732-472a-8b55-63f79bf07ab4,1
The Mighty Good Boys,09766201-26de-48d2-b0fd-8d228c95c042,1
Vudu Sister,31d8305b-c353-4edf-973f-30e87553b64e,1
Patrick Higgins / Joshua Modney,17230,1
Luminous fridge,725ce2c9-3351-42aa-ac01-30db4cf54dbd,1
Second Band,17296,1
Man Eating Sloth,28776ea3-8894-4bba-a52d-ad1fcb0de7ea,1
unhappybirthday,27ab3d9f-9296-42b9-96a8-d1db3e5b2dac,1
Bilirubin,9cb5537d-880d-4efc-9035-96f188b62b19,1
The Bins,097c6c7f-c9ed-4f43-a2be-ae0520adccaf,1
Nardo,8d8231f7-3518-41f1-a974-eaa294282f74,1
The Crytearions,7fdb9e64-7cc8-4f4f-9a5a-134f2c19aa80,1
Buckwheat Catapillar,17318,1
Le Rug,7fc8d798-d34d-4f2d-b250-6bd1c667b36b,1
Levitating Churches,07d9dfc2-a828-487f-9955-2b4a06af2550,1
"Cunliffe, Donovan, Hafftka",8194e0bf-1868-4224-8fcd-07d030bf4db5,1
Eren Ileri,e88e8a8e-8b89-4369-8af5-8ad1acbbe04b,1
Michael Vick,779afe66-0248-4c50-a3f9-d70ba00d6e91,1
Soundbitten,577ed07b-a6f0-4281-8a62-6c5030427418,1
Zaadmens Taanun Taokas,3a8cec7e-24bd-45cf-9a71-e08824550c8b,1
Emilie Mouchous & Andrea-Jane Cornell,17499,1
Kinga Toth,577b7dd6-f052-4dab-8877-15e88a85f729,1
Kathy Alberici,17503,1
Marija Third I,17505,1
Jude Cowan Montague,4f768124-9c93-4169-a9dd-85db8e86d30b,1
Francisco López  / Reinier van Houdt,17528,1
Caro C,b6f9d5be-61b7-44e8-8642-eff2827a0fb7,1
Techno G,76b52b6c-d8f4-4fd8-896b-0516f320e74b,1
Dj Kannibal Freak,17559,1
GG Allal,17560,1
7U? (Channeling Wesley Willis),17582,1
Ghosts of the Holy Ghost Spermic Brotherhood,17593,1
Low Pressure System,31a6dff2-570b-4606-9334-9fbad69967c9,1
Wedding Noise,c08fac78-c4eb-48c6-b662-e0cae2e497ce,1
Slicing Grandpa,ba42554b-7b06-4634-a862-a6aa85628ad4,1
Bruno Ferro Xavier Da Silva,8e568974-a0b1-452a-99e8-4e5729a765ff,1
Jos Smolders,3e1986eb-3e3c-4a78-870f-90118f09cec6,1
Kalima,17647,1
Teleferick,c2230002-59d1-4c3f-a021-e2cba2ed8a18,1
X-Static Tics,17653,1
Lerch de Triomphe (Avec Simpks),17661,1
Nestrogen,90ca793c-603b-40b6-b4c1-9c2e401fea4d,1
Akarola,f1692ade-552a-446b-8556-29af397e1b1d,1
Hans Gruber,9bbf4146-4ccc-40a3-a4f1-11d4edb8d06c,1
Juju Planet Dub,20de86ae-044d-491f-89a1-d44d1069e298,1
Dava,d2362e8c-9642-4ce1-859e-ef1ba7bd6783,1
Bassinfected,fdd54ac8-487e-4f97-ad9b-32c908b8e5be,1
Melissa Laveaux,748336d9-5327-42d0-a502-d0945c4c0b71,1
Profligate,51e3ef17-a078-401d-829c-4e2b3ae13dd3,1
Baby Bry Bry & The Nighttime Adventure Society,17742,1
LndMKR,cbd89335-aac2-4f56-8a25-74310f04b0d2,1
Make Like a Tree,3c91fd42-f622-4243-9169-1630953b42ad,1
Roses,17771,1
Idiot Vehicle,17773,1
Deleted Arrows,7fdb6996-c41d-4455-a5a0-1db7c3b0a7cc,1
Basil's Kite,292461dc-b2e9-4570-b624-19375c5e42df,1
Howling Cloud,17791,1
Paul Fletcher,17792,1
Paul Anka,420c6768-0885-415a-bb59-d6a275121125,1
Setamur - Francesco Baiocchi [Motherboards Project],17827,1
Setamur - Smiltzo,17828,1
Setamur - Fax New Delhi,17839,1
Setamur - Alex Bowlin,17831,1
Mr. Sutak's Group,227367c1-31cd-4969-9df5-8d6849706fb5,1
Goosebumps,17896,1
Kritchev vs. Ban,3d9e9099-fbb7-475a-962b-00e0c5673cb3,1
SPIT IT OUT,702e6cd0-db1f-47e9-9d55-aa30de1c20f3,1
Orgatanatos,364c8b30-5479-4176-803d-471aab37f51a,1
ReVerse Bullets,a53bfa32-6f33-41a9-a4cd-3da9965c8122,1
Avram Pengas and the Noga Group,17940,1
"She Has A Cold, Cold Heart",87372c92-30d5-4874-9a85-86c9e6879b63,1
Sergio Luque,d05fcc46-ca16-4ebf-b8ba-8f06095751af,1
Filthy Children,ec305aaa-c1cd-4762-afe2-37f6b6a4c4f4,1
Kwze,18054,1
Igor's Roomy Labcoat And Friend,18072,1
John 3.16 and Anthony Donovan,18074,1
Soundtrax For Our Future Empire,18118,1
Szaman Cheh,18122,1
The Navigators,18123,1
Tunnel Rat and Lezet,18127,1
Uros Rutar and Janez Juh,18128,1
ZCPAPTT,18130,1
Watercoloured Well,c592aff5-b366-4ef3-a90d-cebe0c7300da,1
Juice Machine,5ef99593-1f25-4da3-81b5-7c09202954b9,1
Rhanee,18136,1
Sodomus,18143,1
MyOwnCreation,d3b8788d-543c-4f8c-b7e8-9b5747a414a4,1
Cottaging,07984917-a47e-4d3f-a96b-06a2f0648fbf,1
theSCARPS,18193,1
Ana Ćurčin,79a40863-5796-4562-a76a-526bba8100e1,1
GORIBOR,026c4200-f5da-468b-9dd6-25b186c67179,1
Dichotomy Engine,ea8b8e97-5e39-4945-9c6c-8a9bff94baa8,1
Hesperian Death Horse,1d5a98da-cb7d-4e8f-a817-2c332ec59cae,1
Plastic Sunday,7a0d11d2-09b8-40e9-996a-b4dc1b3ff14f,1
ANT,0200b67d-36d8-4329-867a-6a02d95b1066,1
Alison Eales,3a3dd9b5-eb2c-4a5e-bae8-fe6c50a986fd,1
Young Romance,9cf8e37d-c894-458c-8e58-a8c18ee9bb3d,1
The Candy Strypers,61bce5ba-02de-4fdb-ad6c-0a4fb6ec91ba,1
Elian,18299,1
Lyndsie Alguire,e63bf1e5-4345-453b-8305-b0a27b019f04,1
Saxsyndrum,e3885f5a-1bea-4748-b794-1bf4352edee7,1
Atuin,7313a4f7-fcd3-4513-b5e6-70a7f9c6c8b2,1
Kelpe,270ff0d9-7243-4411-bce5-eeafbefb1b65,1
itneverhappened,a4f9a520-5e13-4d31-887f-20270d340fab,1
Mystified and K.M. Krebs,18394,1
Jean-Baptiste Masson,cd2432a1-eac1-456d-b050-5ad5e416593d,1
Snailpoison,18454,1
Charlatan,18460,1
A C Slate no r,18468,1
Pk jazz Collective & Райт,8f8db5c9-8887-4922-af35-4b6bbe0ccfc4,1
A()d,3bd270af-cd52-49d1-a565-1e86b0ecb861,1
Borealis,4a7aca2d-f997-4e89-8955-963b879d8fba,1
Cooptrol,e8ceb94b-cacc-400c-8f73-70076b9ead26,1
Min‐Y‐Llan,761da00d-0e52-4375-ab14-ba3205dcfdc2,1
Naotko,9060037c-d787-43e0-b09b-bb22683454c2,1
The Voodoo Noise,e355aa60-21d7-4b66-81cd-adf3fc03aa7a,1
Timothy Forward,d4d5c14d-b789-4bab-8505-b7de067e167e,1
Topher,5647750d-f064-4992-8e79-2856c254da94,1
Wolandroid,f26a0961-c8dd-48e0-88a6-c3448ed539f8,1
Live Fast Die,66630ed1-de92-43d1-a12d-1aa21862dab4,1
The Woodrow Wilsons,45f59ed7-8bc8-45aa-acad-7ebea2beb6f8,1
Avi Jacob,18514,1
Debbie And The Bullets,18516,1
Casey Rocheteau,18522,1
@Peace,40eb2a81-3451-495b-8fdf-283385aca1ee,1
Katie Gately,232f238a-4f02-4a85-9a3b-6ece92d94156,1
Andiluvian,18548,1
Dyke B (feat.Leffevre),18564,1
Bernard Herman,18591,1
Bagband,18604,1
Lee Riley,e389bb14-937c-4ef3-8a2e-2c688efc4ec0,1
Paulo Chagas and Anthony Donovan,18627,1
Damon Loren Baker,18642,1
Klaus Filip / Nicolaj Kirisits / et al.,18643,1
International Hyper Rythmique,a1c72f7f-6de6-4e15-9254-547954d2171e,1
Daydream Machine,16115383-8a62-480c-8eac-5c933708b6c6,1
The L-Shaped Room,18717,1
Al Coholic,85530d60-670c-4c38-84d5-54ab66bd5855,1
Sun Sunych ft. Marina Zakharchenko,18880,1
Sun Sunych ft. Sunniq & Alex East Block,18881,1
"Bryan Lewis Saunders, Brad Ward and Lisa Moss",18892,1
Russell CJ Duffy and Anthony Donovan,18912,1
Visszajaro,18916,1
J.L.A.,b3a79787-b172-4aa5-bcc3-91ee6e184c0a,1
little cloud,18929,1
Engine7,d72caf1c-6b31-4bdc-92b6-e39a7f5a6021,1
Vaniish,fed1a01c-fd3c-4398-8b87-4cfad12cd840,1
Rick Tomlinson,179cb78a-b30d-4c1b-9e75-01bdc904a98a,1
Secret Archives of the Vatican,ea3ef25b-b078-481b-ac3a-fbd78401f876,1
303db,a7685726-4b1e-47fa-b0c0-a9b4b223076c,1
Where The Moon Came From,072ff544-a254-4c36-b360-8de717f47b46,1
David Vandervelde,a1abfe3f-8c92-4003-b2b0-e5ed817f1e99,1
HERMANOS PEDRAZAS,12006,1
LOS PURITOS SANGRES,12014,1
DJ Johnny Juice,331ffa1b-4285-4af9-af9a-0aad65abe87a,1
Jealousy,1c7d3adc-985d-4097-a58c-516728dec30d,1
Vagina Bison,12050,1
Dolorvotre,2f5e649e-c25b-4aca-808d-b6eac355ce46,1
The MM Project,ab2adaf6-3299-43cd-b2fb-1f5fe952bc37,1
Autistic Daughters,2bfbbdb7-f559-43ea-952c-af45496c5fb8,1
bloom,333,1
Dyja,12133,1
Didgebaba,12139,1
Xelaeondion,12145,1
Snowfoxx,e0970ff2-40be-472b-a270-6c61591d063a,1
Becky Yamamoto,015d4421-8c44-49db-8bf4-389e2b947c83,1
Todd Colby,de811290-925d-4c2b-9881-7757f36e2ac2,1
Remote Burial,12164,1
Nitro2k01,14b9e7cd-ba6c-46ca-a686-ef64c1c8b5cb,1
FB5K,6afebf42-6e41-407e-ae19-efda72e5ef09,1
Swampy Boy,12181,1
unas,8016,1
Bert Fisk,12189,1
t3h rave,12190,1
Wrist,12230,1
Wrist,505a05fa-d323-4c0b-bf53-61b8e5705e4f,1
High School Confidential (Mister Matthews),12232,1
Katya Apekisheva,e76adfb3-79cc-4e05-86dc-be257122315d,1
Mariko Anraku,96fc84de-1c6c-4eca-bd79-842b8e91b657,1
Paula Robison,4ec969ea-4f63-4a0b-a502-1389966686c4,1
Anthony Donovan and Ian Linter,12312,1
Seesar and Sonic Pleasure,12330,1
Xenoglossy and Transwitkacy,12332,1
Anon,12362,1
"Search, The",6d86f9f0-cb97-4793-97fc-e10fa7626834,1
kidkanevil,3fb6c372-bd47-4e14-9424-271bda1923b4,1
Eric Steuer,12400,1
Senyawa,12407,1
Ripples,3039a990-59df-4c3e-8695-b64ec6b73990,1
Kynan Tan,ab0f2e9b-e3ff-4f78-bc12-947c219df161,1
Kusum Normoyle,12457,1
ronnu panda,12469,1
Rabbit Island,07e5aa46-1dbb-4c57-935e-5f2fa0f2f39f,1
Dma-Sc,420051de-b17a-4cd0-b98b-4689b5963119,1
"""The President's Own"" United States Marine Band",a2474772-f4bc-4e6a-b85c-5569e1437788,1
Company,12540,1
8in8,3822524c-a93c-4ca2-8af5-cb9dcfbf44a6,1
Dave Clifton,18a76555-eb10-4fc7-81fd-a9ed3cdffac1,1
Ann Alee,12566,1
Nhomea,12585,1
Medelia,12629,1
Inch Chua,b08c4319-f61a-4c3a-9b69-50b5bcd24722,1
Christopher Bissonnette,59a75896-b0e9-4cfe-8735-ec0594785e93,1
Radere,f895c115-d47b-4c25-aa6c-d713d33ca62e,1
J Butler,4513c3b2-8957-41c9-9053-772909a800b6,1
Simon Scott,67e98cbd-a16c-498e-b556-0e8ca30a1352,1
Ted James,c090c3a7-911a-4e80-a615-e603bd41e775,1
Wooden Walls,49949fc8-4ef6-456b-a3e6-87fa504e1e2a,1
Christopher Olson,fdb407b4-3018-4d3d-af16-66b5b3c97719,1
Collatone,73685405-f78e-4407-a19a-8e10586011d9,1
Jani/Jussi,ebbf86d9-15e1-4a18-8bff-47d3eea59ae7,1
Huzur,2e370b68-e4c3-4f55-bf2e-188a7c35c8e1,1
Empt,12693,1
Textile Trio,4845,1
I Do Not Love,1c5ae0ff-9597-43df-9385-c6e9096e1dde,1
Koban,5d314523-7461-4673-a0fa-404f10251745,1
Colouroid,a5dd3e0f-df3d-4eb6-be02-bd172b5c2792,1
Miramichi,111a2c0e-a8bd-475b-8f09-945d8a5e9148,1
The House Arts,12890,1
Radion,12895,1
Helen Trix,a4249750-8121-4540-a364-bfa1c6d0ba94,1
Belle Baker,a47e41af-6d30-4ba9-8e05-969444a93fe9,1
Anonymous,,1
Benny Carter,25cf5731-bed9-4604-97a4-8b9655de1a30,1
Aparde,eb09dfb6-c00f-42cd-82e8-840a17ecbad6,1
The Frigatebird,12987,1
Shawn Kelly,12988,1
Ania Courtis,13069,1
Jo Pearson,13081,1
Paddy Steer,fae960ad-8d88-42bc-a03c-60d08e713e8c,1
Noi,13114,1
Ecstasy Mule,13163,1
Jason Wayne Sneed,13165,1
Joe Morris,1053,1
Killick,6a3069aa-9f43-4efc-92e0-9455f7414c80,1
Pink Mountain,a17e64c6-8e40-4d43-95db-535593504069,1
Happy Six,13177,1
Ping Pong Bitches,84c1d9f8-a951-4374-a6d9-4faed2fb0105,1
le pouvoir,13215,1
Creeping Pumpkins,13237,1
Mono Ovum,13238,1
Carmel Raz,13242,1
Sarah J Ritch,13243,1
Crawl,13265,1
Collection of the Late Howell,13148,1
Jon Mueller,69269c3d-c163-4533-8394-69e814a30c77,1
Nude Beach,13348,1
Ghost Society,7a1f92eb-ae0d-435c-8c74-b625d0946a48,1
Tiger MCs,13361,1
Liz Larson,13370,1
[no artist],,1
Apneu,58dffb56-47b0-4f41-85d8-2089d1689a68,1
Action Davies,fd5a85d4-fe5c-444b-9a6f-b45784c57c64,1
WORNG,13556,1
Wild Dog Creek,13563,1
Admn Bldg,13567,1
The Roost of Auteurs Soon Eligible For Parody,13568,1
Barnaby Oliver,2ba195e8-67e3-49ba-b265-08a79b5dafc4,1
Ninetynine,eef4dba7-36b6-40e7-9d4f-f72b95021725,1
King Felix,0d70cd40-1768-4d45-b127-5813dea813a7,1
Even,37a0d8ef-465f-4b1b-904b-975ffd03d8ba,1
Mid-State Orange,fbbce3d2-56f5-4139-aa98-d99416177552,1
Alex Charles,13651,1
Felipe Barbosa and Rosendo J. Rocha,13674,1
Joséphine Muller and Ian Linter,13714,1
Protecious and Lezet,13701,1
BlackBox Red,13671,1
Lola Montez,34faabba-0180-417e-bb3e-51efeda4d274,1
Doteyes,c6b049fb-3637-4fbe-a937-62fb87817025,1
Jetsam Isles,59e1c222-6146-4ad4-8e4b-91cb234b373b,1
Unknown Rockstar,8fb91c5c-06f9-44c8-b25b-9786b7acf13c,1
Pikachunes Vs. Issey & Daniel,13722,1
Red Lamp Auckestra Vs. Daniel,13723,1
Kid Billz Vs. Lewis & Ben,13724,1
Jimmy Penguin,f0acce6e-82fa-48c3-9880-d7308161de1d,1
DJad,8d2bb120-0e61-4bb9-afab-410aa6d40194,1
Dinner Music,10514,1
Down The Dog,13764,1
The Deserteurs,75d0ca2b-8cd4-4757-ae41-1fd9594f82e4,1
Abstract Cannon,fd516b64-7b9e-4aa2-93e1-9a12c9d2c181,1
Sumsun,0b27a03b-0a40-452e-8da6-e0c05b359a55,1
Rasel Fame,13825,1
The Gate,13839,1
Allison Chanic,3507acd7-d866-4b9f-8910-84a96e5ad9d7,1
The Electroscopes,13873,1
James Rosen,13881,1
Mothcock,13862,1
Thiago França,fc01c30b-8c37-42f9-95cf-df169bcabb72,1
A Banda de Joseph Tourton,a2f77273-5074-4772-b46b-d20cc66d15dc,1
Lucas Santtana,755dd4a3-b3d5-49b3-9d94-142e3a703940,1
The Electric Nature,91fc0faf-e2cf-42dd-b719-a0a6281124ec,1
Brandon Locher,7762fda7-4238-42d1-87f2-79b00bcfa76f,1
Manni Dee,97b61440-2e7a-4a6d-82cf-eb457a0efd24,1
Brutal Vainqueur,13990,1
Directorsound,9899878b-60b5-43d4-9c2c-e04b4c7322ed,1
Bruno Crochet,14005,1
Yannis Kyriakides,8eefee12-b3df-4ea2-bc14-175cad2875bb,1
Plankton Wat,5d600773-3a4d-4933-a924-8cefd50f66cc,1
Lavoura,37e1a1b6-f0e3-4b44-be4b-cac7ed40f70f,1
MJ Linckoln,14054,1
Dona Onete,077f12c5-a52c-40f9-b024-a01fe3330d5c,1
LAZY,14098,1
J. Zagers,14103,1
Leaving,14108,1
James Ireland & Andrew Sinclair,14112,1
Brown,14117,1
Ourobonic Plague,56253a8a-9068-4f1c-9860-4ffe4fe57658,1
Audionautics,14124,1
costaipsa,14127,1
shall555,14135,1
Pecora Pecora,b0e37421-f12d-483f-8558-19e5c320ba42,1
IOTA,14174,1
Tosaka,14184,1
Baikonour_01,14185,1
Tours,ccf6d242-0daa-43e6-ab50-90a79830a841,1
Candy Butchers,321dcb76-fc65-4a48-9387-52f4713bd8b7,1
2-PARAL-LEL,14227,1
3-PARAL-LEL,14228,1
Izumi Yamamoto,14249,1
Truckers of Husk (The Failed NASA Experiment remix),14272,1
Love Chants,184ab461-ca12-4d3c-8bf8-1d1570dbe868,1
Leather Feather,14310,1
Orinokoflo,14316,1
Livia,c7f0b3d4-b928-4b6c-b931-a8fa0b8f2777,1
Jacke Karashae,af4d335e-709d-4adc-ac54-056c9cdf6ca4,1
Ryan Hobler,5fdaebd0-b8a6-41a5-a347-c69a7b26fd9e,1
Traci Kato-Kiriyama,e54445d7-6bba-49cc-b643-40868ddbd4a3,1
Massa Última,fbeda558-e1c2-4be1-bd93-d9a13bdc56df,1
Stalker Vitki,dede7516-a4bf-4f5a-9046-1e682905fa1c,1
The Joy of Nature,da661b9e-b092-47be-8e41-ddef53b1d2f6,1
Andrew Bisset,14418,1
Divorce Money,14429,1
Hellcore,14486,1
Darkred,14519,1
Hexawe (Various Artists),14565,1
Rhinostrich,9bc7dfed-f08d-45ee-9b55-75f278e84444,1
The Joe Dirty Show,14585,1
Feelings,14588,1
Growing Pains,14599,1
The Hentchmen,be91d265-8582-4817-b3fb-c2c97f19e7ab,1
mchl nrvs,14621,1
WMRhapsodies,14622,1
SBK,14626,1
desmond denker,69a01afd-e2d9-4b7e-9653-1bab660779ba,1
Beto Villares,3fb6b739-f943-45dc-bd1e-291df06ce117,1
rbnx,14693,1
H+,ceb6e768-f190-4b13-a19e-b793276aec0d,1
Dream Society,d7f47bba-9d9a-49da-a9f8-d9e4c4cc0e07,1
The Cult,8846e4ff-0c19-4af2-872b-7a8dc7497f68,1
Fast Idio,190002c1-915c-4ed4-8d10-0de49df157a3,1
yokotsuka yuuya,50742433-f40a-4ef7-b9f5-9f70ca3094b3,1
Nigel Mphisa,14797,1
The Hope Explosion,14806,1
Zilmrah Murmurists Tamura,14888,1
Bon Jarno,f18394ec-c948-4a04-bbc5-9278feace969,1
Boris Morgana,f6a90b53-9edd-44d3-be66-d61bc167b3ae,1
Giuseppe Birardi,,1
Eggblood and Aglaia is always wrong,14857,1
Exponential Negentropic Ensemble,14858,1
Ayato,,1
Kine,79c99477-5e77-449f-9c43-0dc6ed8463ee,1
ÖÖÖÖÖ,0b57c7e1-21a6-431f-ae89-8ace60c65dcb,1
Douglas R. Ewart and Quasar,14946,1
Stompin' Riff Riffs,35bda351-d4a3-4d47-a6ed-4e538b2c3748,1
Stormy Mondays,a35d1445-6ff8-44a9-a6ec-70b18d8022a7,1
Zimbalista,50a44956-a8d7-4308-b4a0-41d8e6548ee9,1
Shoes and Socks Off,d5771dc1-62fe-4525-bf13-5073cb47b320,1
Sleeping Policemen,d104150f-162f-4022-9a7c-f134c90ac57b,1
Kyla,15019,1
Sr. Aye,210af023-708f-4885-ab8a-4f4e7c46cfbc,1
Skaar,6742f9f6-a6ad-4f51-904f-1bbf44bb82f1,1
dettus,15071,1
Sparrow In Snow,15081,1
All Blacks,15082,1
Armin Rüdiger Vieweg,15084,1
Marco Trovatella,0fbd6016-0b4c-4b93-ad91-25e39dd80b3c,1
Dave Menzo (CloudMagic),15114,1
Wiredrawn,15115,1
Mark Smeby,15122,1
Finding Fiction,ae34ca1e-d5eb-44bd-87db-70080735721f,1
zack facco,15157,1
Seaworthy,15159,1
Haunts,15160,1
Thomas William vs Scissor Lock,13270,1
Oscar Key Sung,cdf1d40d-a064-4115-bca9-c744a09a7046,1
Fraser James,372d7d59-45a3-4cc6-b151-1ee8bc864b31,1
Atupa,ba74a90c-a944-48d5-9627-bb6ec905fcfe,1
Prosthetik Intelligentz x GravityMovement,15184,1
Wordsmith,1f58f11c-6ee5-415e-813c-310a972b1401,1
Steven Drakes,6d62d593-f8f4-4a11-9a90-2921ed6bebd8,1
Phil Ade,203077bf-e174-4e14-a1ec-904f623e2bf9,1
John Graham,15193,1
Let Fall The Sparrow,15213,1
The Devil in Miss Jones,73d51ce2-1b99-4d4b-b9b2-3b0aa8958767,1
Fats Bob Trumpet,4534f01f-c4e5-4e0b-94f7-dfd514ab95a5,1
DJ Bootsie,35fe61f9-88b2-4a07-b97b-40e4f2d17406,1
Ms. Demeanor,7db53633-9c39-4ba9-9565-89d10da9684c,1
The Funky Filter,32f761fd-c82e-4c0a-9262-b65977fdb874,1
SonnyJim,1ab18c74-700f-4205-b5b5-abddf504fa3e,1
Tony Angeles,15269,1
Bobtown,ce674648-a772-411e-8670-63c5c4531eee,1
Brad Mossman,b424adf9-b55f-4f47-b98f-29395a8915d6,1
John  McMillan,15299,1
bleo,049e5343-17d5-4c71-879f-61f70a76a091,1
Iron Curtain,15322,1
Steven Senderak,15324,1
Angelika Fischer with friends,15327,1
Todd McHatton,ff53131e-b32b-4888-855b-aced52ba7a73,1
LISA MAJERSKY,15343,1
TEEN STEAM,15348,1
EJGreenberg,15352,1
Echo Beach,84b3154a-d31e-45a8-bad9-f54d1f6593f4,1
Turtle Recall,15377,1
A. Jones/OBF,15380,1
Mr Man,15381,1
The Blank Tapes,3cbf3bdb-be92-4b53-bb02-1e0bbc0dfdc7,1
Junichi Akagawa,15449,1
Sokif,e4a7b9a1-52b9-4764-8555-0c1fd50ff220,1
Craycrays,15482,1
Nikos Veliotis,15509,1
Apex Realm,722a2cc9-9826-432b-a896-ff9af66f56dd,1
Delaykliniken,432a1103-ac52-4cbd-8be7-8d0daf7bf7ca,1
8-PARAL-LEL,15627,1
Atom Earth Mother,13aaf1dc-4288-4a0c-8c3a-f3e8a6b8e77e,1
Bruce Hamilton,caca88f8-2d0c-43ca-87fd-c5b0063f9f74,1
Clive Pearman and Richard Sanderson,15646,1
Lineland,a2e5c8ac-7517-4d09-bdc0-43ba50f4fac3,1
"Felipe Barbosa, Rosendo Rocha",15655,1
Jean Montag and MCVulcano,15698,1
Tolga Tüzün,570235b6-bcbe-46eb-bf18-cc4b57fdbbbd,1
Shield Your Eyes,b9ef23e3-bd73-4dc3-bfac-b6aaaf317982,1
Vor Onus with Sinjo Thraw Mash,15687,1
Zilmrah and Vor Onus,15688,1
Akuma,15632,1
Dope Body,0508db5a-4f48-4f9b-9670-9dce28c31672,1
Prrose Sélavy,15711,1
Ditzky,9c5a39da-a0d3-4b4a-b4f2-012a538bd088,1
The Relatives,15781,1
Corpse,63383431-4141-4d71-a153-576970c674cb,1
Army of Ghosts,b24f79a3-c8c3-42f5-8bfd-a9cbc56d9bf8,1
Russia,a984c83d-5fab-4e94-9b30-b6f7e37ddf62,1
Second Hand Rose,e49f6e64-12db-4879-8e66-6bcc614f61d0,1
Sinebag,7e4ad5a8-f674-4605-95c2-b84e260399a2,1
Drift of Signifieds Meets Zali Krishna Uptown,19142,1
Jasnoch and Woolf,19146,1
Rabbitry (featuring Jon F. Allen),19151,1
Sonic Deviant,19154,1
Sylwia Gorak and LIL,19156,1
"Chris Brown, Frank Gratowsky, & William Winant",19163,1
ps vs Sektor 304,17431,1
Kronos,d7af0da4-261f-4b65-87e0-e5454cd34051,1
Stuka,a96d936b-ea83-4a49-8cf5-b4b83575c2c9,1
Oocito II,8216d1d7-744c-4d9d-8cb7-39b49546db51,1
Chapelier Fou,e95d5542-401d-4319-9918-7cbbc507b758,1
Einar Indra,af95cf8a-7a61-4e58-8944-cf9a90a2f43a,1
Lacrimae,ca14104b-e0b5-44ce-a629-931ac04d5741,1
KHΛOMΛN,a4900ed3-d2e0-4411-afe1-89f02d7245d6,1
Elder Oliveira,a64b4215-e96f-4752-8a39-660f54543013,1
Medical Cantoon,121cc7fc-58c1-43fd-b35e-64fe38af38ec,1
Ayaan Ali Khan,efd26416-1a29-4d67-ab5e-4f5704746851,1
THE BRAN FLAKES with Os Caramboleiros,19321,1
Sly Collins,5b9481bc-f796-49b0-843b-fd59a9d41efa,1
Periskop,3644c17c-4839-4005-9ee3-9d8c135cbd69,1
Inje,e06177d0-4c5f-4577-b7be-4a3fd1fdf27e,1
Rey Nocivo,e6322c27-3220-4bea-b90f-f8421c417578,1
One in a Googolplex,09a3f593-cfdb-4277-a529-26ae027b353d,1
N.I.M.,b6ca65bc-f9ab-457e-8ee5-819fe515c320,1
Jackson Schad,19477,1
Toothless Vengeance,19493,1
squinchy and the founder,19512,1
clara de asís,647af43f-4942-45f2-9b40-ea4fa3e09c73,1
Deep Soda,19547,1
Elmet Pento,19549,1
Pataphysics,e7849ed6-f9e3-4f19-ad6d-d12b253dd39e,1
Chester Hawkins,bbe4a173-9c56-45b2-b0ed-5bb0cd22f250,1
BaKer vs Casamento,19566,1
Mymanteus The Archmage,19567,1
Zachary Preston,19569,1
Eric Brehm,19584,1
Vincent Priceless,19602,1
L' isola di Semo,19604,1
Gregodactyl and Momosaurus Rex,19660,1
Norval & Alix,19670,1
audionautix,d2832fbe-b2ac-40f6-b5b7-c35019a1074b,1
Øystein Jørgensen and Anthony Donovan,19644,1
Putingkota,19645,1
Swastika Novelty Company,19648,1
Zaadmens Taanun Taokas and Berserker Doau-Taokas Lacrimosa,19650,1
Carl and Jeannine,19687,1
Elías e Ignacio,8d75fdc2-2539-49e4-a5be-7bd0cb73d514,1
Sektor 304 vs Sci Fi Industries,19730,1
Waste Disposal Machine vs Sci Fi Industries,19732,1
Arnold Dreyblatt,297bf19c-baf0-480b-af7d-7ef471e6b66d,1
Megafaun,70760805-33c4-4ed0-8637-be2ecf1b02cc,1
Jenks Miller,42973fb3-3a3b-4624-8439-b201434d04a5,1
Marc Ribot's Ceramic Dog,9fec3f8c-bf07-43bc-a5ec-978d4d0d410a,1
Bryan and the Haggards,1dab2374-ee76-42ec-893b-7bc7ed17084a,1
Eugene Chadbourne,0edbeff1-5b4f-4793-b3e3-9e9bd9c0b8d5,1
In Glove With Bach,19771,1
DJ Puffin,b4367ac9-8741-46d9-a3fe-0f574b27c62d,1
Motëm,19780,1
Coco Bryce,55ca6b99-89b0-44e4-aee5-269d087fb110,1
Peter Drew,19791,1
Skweee Perry,19793,1
Josh WoodwardJosh Woodward,17246,1
factor X,19860,1
Morphw Cybhuman,19863,1
zejuju,19864,1
Floyd Willems,19879,1
MANWOMANCHILD,fedd15a4-fb66-4e80-862b-51655b9c5c26,1
Mildtape,204c1baf-326e-4012-8e3c-3fb2e0b733bd,1
Ion,565ca9a2-0bc4-4a2b-ba40-1f82c9c8940b,1
Sound Voice,5f46ec30-7f28-40cc-b4bd-e19e0cec22e9,1
GX Jupitter‐Larsen,59d7c61d-2f3f-4aa1-89d2-90b64d37a63c,1
Asleep With Headphones,28e4db3d-9149-44d6-ab04-c63f54263cc1,1
The Grim Northern Social,06f85dbb-e784-43ee-922e-261b67195b18,1
Missingsense,5e8bfc13-7f5e-41d8-9130-cda90ccfad29,1
Nicrya,19971,1
Sea Of Scald,19979,1
Teebag the Hustla,19986,1
Dmitry Mazurov,19960,1
Josh Urist,20005,1
Doug Woof,20151,1
Toby Summerfield,b35beb01-ba95-4a02-9a13-4108ef18501e,1
H. Stewart,5d5c4a72-760e-423d-a2e2-2e31556ae404,1
DMN SLYR,20065,1
Jon Langford,2811,1
Filtré,c5502e71-8654-4db8-819e-8f2395a1a86e,1
Luke Lund,d9e4580f-f083-4a91-91d9-4fa57ea983b9,1
Reii,20145,1
Marble,71eb16c6-6d98-489b-998d-12ae5a6071eb,1
Jeff Chenault and Andrew Izold,296c1a83-0cbc-421a-a96f-5378db03e00f,1
Don Tiki,8556f561-ac8d-46b9-a5ad-643b2cbc97d5,1
Jan Fornell,1bb179b0-b09a-487b-b68f-30d93de5e82b,1
Bumpenstein,4de08414-bdcf-4d93-aeab-928e6fb825c8,1
Shannon and April with Friends,78b83354-19f3-4d57-afc5-983ca02a5f95,1
Tanya,20179,1
AP3S,2fe779e7-44d2-40dd-80d6-5d724a3cb723,1
Nova Social,6c8764ac-4b2f-4973-aa75-db6418fc9c98,1
Astrochimp,51685ee3-11f7-4ba9-ba04-43b81605f797,1
Salomon King,6d77bc14-89ac-40df-80f2-40ad95d44139,1
christ2oooTM,9a6fcfb3-15f4-4423-bce7-1c1b83004f87,1
Jeremy Winters,cfe47a16-4754-4455-b8bf-21a7d184e89f,1
Carl Lierman,aad49391-a933-4bb7-8e17-24aaa46e5204,1
Martin McCavitt,55c9c6ab-b7d1-4c38-9449-b834f59b3d19,1
Mutant Data Orchestra,b633706e-ab59-4334-915a-1183651e1e44,1
Love Dove,30121336-843c-4e5f-aa57-d62e2fa63cf4,1
Away Deities,fb68abed-d3bd-4356-8b78-d1bb5d663efd,1
The Ronnie Wibbley Disco Machine,81936c94-0afc-4c62-b14a-719df50ff1d4,1
Emerson Dameron and Jeff Disler,820ad298-482e-44bd-9538-99931fe5e6ac,1
R. Stevie Moore (,6ac67c73-2833-4af3-b2e7-3bec5a7e3f85,1
Irwin Chusid),70bb8d10-9b8a-4979-af5c-0935b7273982,1
Chris Tonelli,0b9f61cd-48c7-4d6e-9800-0bd6ec6d0432,1
Basstards,a589e738-f587-42f3-a12d-05917cf9caa1,1
devotionalhooligan,51196c74-104c-491a-97e5-912d53684161,1
Fargi,85ed0b2e-c2bf-4ca0-a389-9195829da7b7,1
Silas,0cf1c1ce-9881-4a6b-896a-b1e632398f97,1
Hodges,3d33c823-d940-460d-8125-7ee57e8d0fb2,1
Lyons,ae583881-c31b-4bbe-bca1-1973c5e20a31,1
Tender Buttons,6db7368b-6bf7-451d-9d14-ec61b4c923d4,1
unassisted fold with Giovanni Mancuso,20263,1
VMlaa,d4e68466-1b33-4271-b024-d43595343603,1
Vitamin Pets Premixes,20282,1
Hervé Perez,0546dc1f-cfc2-4c1b-8658-b2498d943a8d,1
Rawmean,5ade82dd-f452-4083-88b9-3e793a987858,1
Michael Lovatt,20313,1
Evan147,20346,1
"Hi, Donna here...",20374,1
James G. Fischetti - Matt Cantello - Jack Vorvis,20383,1
TheSlowPoisoner,20385,1
The Welvins,20396,1
HAZE,17912,1
Vziel,1DJk2L1D4pEYXmyluJ7eUt,1
Clutter,2WDBkwiJIMorj2IhWLFnNx,1
Shuvoyoshi,df2e7179-f72b-4806-b998-f48d646499c4,1
Marko Duplišak,0f94f40a-e9a3-4b78-ba93-8b13a7a0e1a1,1
GREFRAN,20462,1
Recycling,760bdb4b-7f56-4e66-918d-e43c0163a440,1
Miss Machine,992e4de2-81e4-4cee-9f9a-beef46f4c13d,1
Steinregen dubsystem feat Oliv Era,20492,1
Du3normal,0037ac76-3e1d-4e40-b1ab-1edd261ead1c,1
Babystep,3d1dcabb-0911-42f9-85e9-3c1b97ec4fa2,1
Don Goliath feat Bragga MC,20495,1
Neeva feat Carol,20503,1
May Irwin,30658d0a-3974-44c3-9a99-f9ed266a2568,1
Harry Tally,41f6d30d-1386-435e-9003-1051fdb77da2,1
Louis Armstrong,eea8a864-fcda-4602-9569-38ab446decd6,1
Mary Stafford,69b1e030-ae88-46de-8604-02e2eadbea09,1
Donovan Hikaru,1f8391c3-d994-48a0-aa08-6bf6a79af525,1
SYLLABUS,7ece7a3b-f3cc-4e45-9cea-6d4d7080c929,1
Today's Man™,c26a46d3-e2bc-4254-a448-2fbeba1be965,1
Young Muslim,acb494c9-41cf-48c1-841f-dd2d7f385330,1
死夢VANITY,35261419-cb54-4a80-b0f2-b54cd93a191f,1
Original Memphis Five,128a89db-dbf2-412f-9b55-43426ddbfc31,1
Hackerblinks,20719,1
Walt Thsiney,20758,1
International Novelty Orchestra,c13f41ec-d26a-4a37-86f1-c588bcb2fc29,1
"Louise, Ferrera, & Greenus",20777,1
Irene Moon & Andrea Lucky,20795,1
Irene Moon & Chris Watson,20797,1
Jeris,20805,1
Hans Atom,96fc4ad0-5898-4e7d-9b19-ec7973ffa370,1
Maartez,2da45412-5f23-4046-843d-dc1d3be9f1ea,1
danghead,18858,1
dramady,18859,1
J.W. Myeres,20845,1
Orkiestra Polska,20848,1
Lizzie Miles,56a25e5c-d197-411c-a97e-9b1bdf25648d,1
Strassmeir Dachaur Bauernkapelle,20851,1
Pitchcraft,20864,1
Dreamworld,20867,1
JVS,20869,1
JDVoid vs Metricks,20907,1
Hugo Paquete,1b58d862-835e-4e60-800f-cbf7002d057b,1
Cancro,21b5253d-606b-4aff-9225-6e6423ac2526,1
Dan Melchior with Tony Allman,20945,1
David Vélez,e63a1f6c-16ab-409f-aec4-0808579dbcb6,1
Mariano Rodríguez,faa54a57-dd1f-4d34-81c7-ac71f2d83f9a,1
Ø+yn + GMC,20977,1
James Dean Claitor,51b3887f-1d06-4b64-8b09-96a2956312c3,1
Jan Pozsgay,,1
Inf,21062,1
"Robert Price, Andy Loebs",21141,1
Cross My Heart Hope To Die,9c3aa553-84ba-4155-99f7-e34ad5b446f7,1
Kai Engel,16852,1
Kazuki,21165,1
Sergei Kostyrko,2aa9c1ad-fc83-437c-a443-5352efb40ad6,1
Beentjes,20ac72a0-e1f7-4808-91ad-103223868375,1
Cunliffe,453973fa-0302-4dc6-adcb-b1c35028b89b,1
Donovan,c74cfed0-3187-47e9-9cbc-726ab9f5e559,1
Daniel James Ross,4e2978cc-a3a5-4fee-b9ac-dc08e7ad0408,1
Doll Is Mine,18163220-778b-4a54-857f-df8424727c26,1
Hubert Heathertoes,ceaf434e-8293-4e46-8567-5d8846d87292,1
From There to Here,98270a67-100d-4b64-af8c-4aca6ce9e9c6,1
Partners of Unknown Knowns,1ce06901-d2a1-4fd4-9663-f6f9599e147f,1
Scanner,306789f8-f913-4def-b264-8edbc59a586f,1
SkIM,3f47eef9-82a9-46bd-aa2c-2231b79936f9,1
хаотическая система,c9c257d8-b682-474a-9046-352038f5aedb,1
Hank Hobson,f3eadf9c-02db-4a36-b7a5-dc1934971285,1
gentil,21283,1
Dezrrrroy Adam,21332,1
Dbpit & Xxena,21339,1
Nazeem ( Autobam remix ),21344,1
Cadlag,7bf22325-75e4-410f-b29a-ce327849ef5f,1
Joan's Diary,21360,1
Aaron & Ben DeVries,21380,1
Dan Squared,21381,1
The Collect Call Podcast Internet Choir,21389,1
Markus Masuhr,44bc32e8-50a8-44ea-a895-667ff6dd0641,1
Boni Clyde,21414,1
BOLOGNOISE.ORG - DJ Balli,21469,1
Sonic Belligeranza,587bac47-0934-4044-b4a5-c9030aff26c1,1
Envitonmental Encroachment,21495,1
Chalaque,21518,1
Eric Boros/Mariam Rezaei/Fritz Welch,21542,1
NAND,21558,1
hichinochi,21560,1
maryann,21565,1
Blasting Rod,fa639200-ccb5-403b-a2a1-eae5a8638cf1,1
Worse,21576,1
Frank C. Stanley,a3827c48-6cb5-4a60-aca3-124e94f1f234,1
Planet B,21600,1
Franq,21601,1
Arce,21605,1
Ix Prospectum,21607,1
Project Mycelium,21610,1
Starcardigan,87fb096f-288f-4405-b21c-f01b6a29101b,1
Zifhang,bd4f312a-5ca9-4d8f-96d3-df28f2cf171b,1
LZRVS,0182479f-3a4c-43f8-b635-d1d36afa942a,1
T.S. McBride,21713,1
Noexit,21695,1
GAKK,21780,1
Quartet 3,21788,1
Quartet 4,21789,1
Ross Lambert,16896,1
Trio 1,21796,1
Biosynthesis,19703e90-2f1f-4c2e-9f9c-e9b93b2d3da5,1
y=0t,f61338b7-b9f9-473a-ba44-7cb62dbebd81,1
Paolino Canzoneri,c9ba856a-148a-4b36-b024-ff4baee37947,1
Brother Saturn,66dc08be-c646-4d2f-907b-b8c4b3e070ee,1
Corbin Roof,46c27c08-ea77-49fe-85d9-d84d9c50c0c7,1
FUNSHINE BEAR / ODOR BABY,21851,1
dj balli and his,21867,1
Rolando Giordani's Lonely Heart Blues band,21868,1
Grav,6997df4c-1e62-4dd9-bc54-5797cce74747,1
Faye Shapiro,21901,1
Tony Krunk,4fed0ec1-2479-4ba1-b60d-542145075aa9,1
R3di the Dub Hermit,7c520f13-37a8-412e-8c39-372ef2cfe924,1
GioBluesBand,21855,1
Jack Wright,,1
Ron Stabinsky,8f60d40f-300b-423e-8568-a525e1cc9ddc,1
Hey Exit,20eb8d4e-6b67-4849-a44d-8bccea3a7e27,1
Monarques,48aac320-6f3f-4ec4-ae88-296b63a3eac4,1
Chicharrón,90a5283f-1b98-422b-b1ff-1c22d9906853,1
Nebulae Music,22103,1
Cor Blanc x ono,22125,1
Cara Stacey,33b34efa-a815-4a1b-acb8-d61396ffcab2,1
Eric Mattson,ce020d3d-3414-49a8-9c38-053acc95ab15,1
Luca Forcucci,46b7e618-6d06-41a0-bbbe-c4cf63b49005,1
The Rhombus,98a8c5c9-204f-432c-a70e-efbcc5f9b266,1
Thuoom,122b6989-dc03-4dc2-b037-fdb4a745d20e,1
Rod,4620,1
A.L. Guillén,22259,1
Unchained Zebra,112d9329-fc43-4c1b-897b-cc07af25e687,1
Hiroshima Dandys ft. Moreno,22294,1
Tales of Painting,c329b628-253b-4e4d-b96f-0a45f64761b0,1
LOQvST,211782de-550e-4a61-803c-8c72850416fa,1
"Do.D""NEDo",22299,1
Gaetano Fontanazza,e122a127-934e-4e37-b667-8b8f54d9ffb6,1
Charles White,22301,1
Elansson,d5fc0650-cd89-4169-a1cb-84f1482a2f3e,1
Sekonz,22375,1
Phil Maguire,834f77ae-cbbf-4f69-b757-8b44b2c8515d,1
Ohad Fishof,22410,1
Karamanti,fe9175bf-cb9d-4046-9688-483786d5fe3f,1
Satir,fbed9037-2591-445b-8521-a1dceb94a043,1
Sputñik,3f36819f-6929-4a26-888a-b292e0541039,1
Amanita Dodola,5c9340ec-6c4e-4ea8-a011-314ad11990d8,1
Vladimir Popović,68b722db-f2e5-4a37-9bbe-a04b0e8bc919,1
Downstroy,13b5a7a5-762b-4231-8535-81149683348e,1
Skreč Majstor Ljuban,6e55ebfa-f3ff-4d79-b226-3737b01df469,1
Mikci,f091c016-1795-4d2d-aa73-98dd0c405aa6,1
Wheady Mile,b04dbf7f-6c49-4f80-9ee3-5c8a0ca741b9,1
Azimetruum,8fb94775-1a88-4208-99e7-ecec24c6898a,1
Secret Lover,22487,1
Leiko,296a0eba-5bb9-4a43-a25d-ce91993815e3,1
Arc Iris,8834fa71-25e0-4892-a81e-aa06450d0b73,1
Taina Asili,6ba43bd7-cfc5-44f7-8064-c9e3dbd2dabf,1
La Banda Rebelde,9f980317-e177-41fb-a16c-67ddcaf6bed7,1
Michael Reyes,00274432-51ce-4647-86c6-3388fc4e5bf2,1
Churchburn,d013606e-679a-4e0b-b210-5ef264b26b8d,1
La venganza de Cheetara,b876a7a9-3a23-4f1b-99ad-39d08c68383a,1
Thee Oregon Artificial Limb Co,22542,1
The Skratch Lords,fe58bad9-47c3-4313-8b6f-076d38b0132f,1
Cotopaxi,22609,1
Cola Idol,22653,1
Liquid Concept,22656,1
Zen Pragmatic,22664,1
E-men,4716f032-9473-4f2e-96d7-081b2a40780a,1
Whereas,9f219997-88ef-4c7b-8016-e6f5cdf6d6b1,1
La Flore Intestinale & Napalmed,22737,1
St Noiz,22738,1
Sang Mort,22739,1
Ghost With A Gun,22741,1
SLP + Kenji Siratori,22773,1
Ade Bordicott,436f4245-03cd-475d-9d64-a2b790350275,1
The Tapeworm Vessel,5695cb05-8e88-4c53-b630-ae61f078f2bb,1
Corpoparassita,453807b1-2dfb-4e50-80a8-b4bbcb5f0067,1
Planetzoo,3512e2e1-843e-4377-8ab5-6f594ecb9d62,1
Krankheit der Jugend,5533f10c-efb0-4f5e-8ef4-05f73bfdbb3f,1
Justin Robert/AKA Shulaka,e395a8da-65dc-48e2-9305-573d2b3b9b19,1
Topsy.Turvy.World by Madame B,9e9ac4a5-b4f8-40aa-854d-ba6ae4368652,1
Blackskull Whiteskull,9c0c7bbe-b19d-4550-af01-77a6ff581ac1,1
Addamz,d6978061-ea47-4f92-a2a0-abacf3ae4c69,1
New Republika of Lazio,410b03a7-d925-452c-b2bc-dd8e5cac4150,1
Adone Can Twist,93832465-9ae1-45a2-8656-53ae2a05687b,1
No Human,4ae3e4da-5ff5-4c3a-a5fc-7f3c263dd142,1
Maria Jikuuuuuuuuuuu / Go Tsushima / IOIOI,23002,1
Atilio Doreste,0dce6130-28cc-4d1c-9a00-f3555a482918,1
Braghsdn/Globoscuro,23018,1
Le Syndicat MMX,23020,1
Jecklin Floats,4b1c2489-eb5b-4160-a623-b7b6d6274f76,1
DRUNkEN C,dc289468-ab9e-4e54-bdbb-2001ec457cc3,1
TTWoSS,23041,1
Franck Schweitzer Aka Zama,a0363cab-b572-4b0c-a52a-99a216b19178,1
2pingou1,f224253a-84e5-44b2-b510-c0486c687937,1
Les Neiges Noires de Laponie,c93c3cbf-6875-44a9-8d05-ac2f33467f83,1
Le Syndicat MMX,b975e01a-7021-4bcb-b7c0-d7ce3e55e29a,1
Joel Cahen,8a31f85e-1729-438e-9aa7-7f4cd0898614,1
Endorphine,879d6fea-5c75-4b15-b65a-70dc97489433,1
Mank,23137,1
Roger Harmar,58f979e6-0eda-4f6a-986d-f2599e33bd56,1
David Page Coffin,23143,1
Arandel,480ef047-d73a-466c-bac3-c55b42b7f9c7,1
Ersatz,23113,1
Jared Sagar,cea16dcb-fe1c-45d6-a69c-424a4e643ded,1
Organism,23182,1
Realm,4073f756-c10e-4540-b75d-2c92092f9b27,1
Frequency Alcyone,23192,1
Ghali,93c3f039-7efd-4b47-9507-459914ffb10c,1
Heaven's Gateway Drugs,392a463c-8499-403a-b1d8-7a5e1aab25ae,1
The Suzies,1272a7fe-b7d5-44fe-8700-2e4701ab6227,1
The Orange Drop,80ad2fe8-7e26-4cde-bf10-75dfee988d4c,1
Brandon Bauer,b1971d08-a12c-4b88-ace8-8cc21fae8f46,1
GreatOwl,d1b58072-87d9-4e5f-a97a-e33f6e91a3d9,1
Golgotha Communications Limited,23257,1
OOZING MEAT,6152d597-8918-4225-a820-30299fa8ee6a,1
Unune - Symbol Of Subversion,23263,1
Dada Nigga,23268,1
Metek - Twin Realities Dreamers,23274,1
aynomon,23284,1
PessoaZ,23295,1
Andrew L Jackson,23298,1
The Whip Angels,8b282a79-1b9e-469f-867e-e1567de04890,1
The Concept,23309,1
Celebrante,23310,1
Merasi Master Musicians of Rajasthan,23326,1
Funkrust Brass Band,d49f247c-af07-46e5-ae61-17d757a30f7d,1
Madame B,22917,1
The Elsewhere Skunks,23369,1
LIM & Incongru,23374,1
Carlos Zingaro,233e5aff-c5e9-44d1-b755-9bf6880e9fac,1
Lozo Musico,23411,1
Ap Hel,478c9b03-4b29-4150-b272-bb00fff392c3,1
Binliner,094f68ab-1d61-48c7-b347-126c718775f0,1
Contemporary Pandemonium,f0e0deca-bd43-497b-905b-2b5f1b5416dd,1
illocanblo,065abb02-f035-4f09-940b-6dafc312502e,1
Myoptik,d9cf8901-c8d9-464d-9ba2-705e414d9c33,1
P è n i n ș o l a r,0e5ad473-a087-4140-b7f4-1e9948b786d8,1
M-11,5e530097-d3ed-4927-967c-d81d155054bf,1
Pridon,2b2c11a1-d29d-48cf-9cac-9ffc71e1af97,1
Uho Za Oko,c06b26b5-2dbd-4965-a526-0bdb0c99fbb5,1
Walking Machine,bb3f9ac1-56bf-43ff-a9a8-7059216b551f,1
Yan_G,18ecc104-498b-4510-9b8b-cf53605958a0,1
Great White Buffalo,17ff1119-9457-4af6-8ee0-eb7dc32a732e,1
Jai Lynn,d0e2d572-2e0a-47c2-b237-1f7f9432f4ac,1
Allie Farris,3163c38a-f4e2-4965-80f6-789ec2120d8d,1
Progetto Sperimentale Infonebbia,23499,1
Dr.Newrant,23500,1
Archita Zabaleta,23520,1
1DEMIdeGT2,23545,1
Aachn,23546,1
Ach_so_ja,23547,1
Nicolas Carras,23551,1
Philippe Aubry & Jérôme Pergolesi,23552,1
Philippe Lamy,8e6f1620-5e80-4c0a-964c-805569d6cfc5,1
Logosamphia,0ddc08ac-4a57-4987-bc19-bae9f194bc5c,1
Art & Technique,82b89d1b-77a7-456a-89e7-04c7d1f96006,1
Gakona,24cffa56-46c7-466f-a10f-293a5f7bb55f,1
[0.11487,23609,1
Alan McLean and Goh Lee Kwang,23610,1
Planet Ralph,23652,1
Rated R,23691,1
Prune Bécheau,b42e5405-82e5-415f-b3c0-8a14eea76964,1
Razabri,23791,1
SRVTR & Analchang,23792,1
Lacrimas,23797,1
Adilei,23806,1
Eva Salina,8a91fcf7-fcf9-484b-b580-9f08374095f0,1
Peter Stan,04f05794-236a-45d0-a5d9-eeb92edfced4,1
G String Orchestra,23816,1
Formicophilia,f4108317-bac5-4cc8-a2ad-340dd7ceef4e,1
From the Willowmeadow,eafe9477-8e6a-4a5b-a4a5-07321238f543,1
about.theWindow,9af8fb63-4c89-4cf5-a52f-33e0c4dfb43c,1
6128F_CRIVELLATOR,23826,1
chik white,01f55f21-84f9-4f54-a82b-5c1150f3ca61,1
Yael Barolsky,23914,1
Dark Electronic Poets,23921,1
Rat Bastard,23935,1
Circuit Demon,7a462141-58ea-4e52-aed1-d2e31304b7e3,1
(o)thers,23960,1
Re: Gainer,23961,1
Monster Weird,23943,1
Krzysztof Młyńczak,23962,1
Filthy Fingered,23944,1
crying fish fetish,23948,1
Cyril M.,938065bd-4239-4369-9472-7a2639119a44,1
Obsessed Flesheater,23974,1
..quite simply...CUNT,23954,1
J. Notch,23975,1
deafness,23986,1
Pan,23996,1
Red Wine Riots,3bf6dded-e160-45fc-8bb8-766faddf4fb5,1
Xenodrome,1127d5cc-ed75-4bc5-bc2f-ba06a81aba99,1
GL[D],c125efe2-7081-4d79-98fb-f48e0d7fb888,1
Poulbo,b3f7697d-5faf-4c6b-8fe8-350423061bc8,1
3Bc,a845e0d3-fe0a-4eb5-8156-d4edb7a04e28,1
Flashroyal,0bce078e-dc4b-4117-b06e-ba0240ee41ce,1
Evert Jan Smink,f40c3569-c8f8-4bcd-9d13-723c476a8202,1
Fluorescent,c7533375-f069-4155-9a5a-f7cd57f3b0b0,1
Preserver,40dd823b-bec4-4071-9f96-de92f553f73a,1
Iky Iky,d0ca4400-0758-4862-9b23-8a754ba72d3e,1
The Pink Blob,7781dbff-c220-4677-99e5-dade90502927,1
Dj Kaos,24049,1
Loose Link,d4cfa2bb-aada-4b4b-9360-42de1cc15b0b,1
D0x10,772c4da2-130c-4fc7-8bdc-eac1f5eb4c8e,1
score,24072,1
swayze,,1
Angélica Castelló,296f16f3-97f5-43fe-8240-bc59db395fff,1
Ruben García,24200,1
Trampelfâd,ae7f62e4-976a-40b5-aaaf-29b8f69bc01f,1
Rasal.asad,800bf987-03bb-47b6-bbe5-5a95202278c2,1
Drosera Rotundifolia,da8817be-e25b-4dcc-a323-1f08ffab8413,1
Nive,2790c833-52f0-4fbb-a7ca-b594eca31cf2,1
Polymorphic Disorchestra,962cdd49-1cae-4388-8876-db0baa6be9a4,1
Cybird,e24ba5be-3d1d-4d07-92c0-37ec078f2e20,1
Ask Heroin Sally,26d3d5b3-0259-41e7-b007-db22bbe2054c,1
Serge Antoine Eg0cide & Princesse Pute,24155,1
Tiroir aux alouettes (de Schrödinger),0090b13f-9dd3-49a4-bd43-7921947c1ed7,1
Her Trusty Dream Tiger,60028143-6fd0-4119-82f9-71d7ca35af9d,1
LEMONADE,192cc733-dce7-4f35-8cd1-6ab26645b56c,1
Max Lampin,c72dd747-20cc-42bc-820b-82456209923d,1
Collision Sect,9a8b5c6c-076b-42f6-bd7b-51ede17e7ab9,1
Pharmakustik,436c4cbc-2035-4091-9d43-451357c97652,1
The Euphoric Hum,24251,1
Paris Solemn ft. Tyson Toot Toot,24234,1
John Stebbe,24295,1
Dr. Zilog,d26ea284-55b1-4970-9e19-d385e4dac50d,1
Comme Jospin,24301,1
Monplaisir feat Southman,24304,1
Violeta Päivänkakkara w. Vibeke Falden,24329,1
Twink w. Kairos,24327,1
Logosamphia w. Dr. Almeja,24325,1
jazznoise,24351,1
Artem Gribov,c07eb28a-fa0f-4adf-8822-388e65df66d5,1
Atlantic Dance Orchestra,aabf493c-e0c2-4adc-9707-3030dfacdfc1,1
Dozze,6b550acf-0ae8-4e1c-9d15-603e50c4b3f0,1
Josh H,13122,1
Twiggy and the K Mesons,13138,1
Chico Correa Pocket Band,14071,1
Lauhkeat Lampaat,82d9de96-1973-4d9b-be17-e0152f19f563,1
Eden SG,19681,1
Madoka Ogitani,bda983f2-fcc6-4979-b194-9959d607d851,1
Eddie Morton,3ca247c4-8135-49f2-97ea-17b8267b3a45,1
AT,21264,1
Paint Your Golden Face,c93b3072-33e2-4a62-a7d0-32f2f29f2acc,1
Anton Mobin & Zoologic,7423,1
Red Robin,81474d04-d9a9-4286-9a42-9810c44d1450,1
Simone Ginesi,7565,1
Ayato,7593,1
Lezet and Sarah,7601,1
Hanage Youchien,9179,1
Nick Klein,17858,1
Metùo,43571e38-ba2a-4070-9be7-4a490c57c348,1
5$man,7b79ea96-5e9c-4dfc-8a64-d21a360ddecc,1
Memory Shop,43ce61c0-0bbc-4405-a773-fa081420dfd4,1
Riga,38c61757-eb30-4e1c-a658-ea413810e61b,1
Qasim,2521,1
Lidya Mendoza,2558,1
Urbano A. Zafra,2562,1
Franciszek Dukla Wiejska Banda,2565,1
Pasquale Sciascia e Co.,2568,1
James Morrison,2569,1
Munira al-Mahdiyya,2582,1
Isidore Soucy,55330fdc-ca9e-4d57-b538-50dd8fc0da2b,1
Ahmet Djewdet,2596,1
"Jose Gonzalez, El Presi",a8a31589-4bf3-44d3-ae4c-a55b1e8cd0c4,1
Jianhong He,2599,1
Juan Rodríguez,2634,1
Įdainavo Karalienes Aniolu Parapijos Choras,2640,1
M16,8ad35c82-b2cb-4eb4-bc52-5ab3fbe295df,1
Seeranii,2854,1
J. O. LaMadeleine (& Jeannette),2857,1
"Skarvelis, Kavouras, Peristeris",2987,1
Raúl Gardy,2991,1
Georgian State Folk Song and Dance Ensemble,3558,1
OVe‐NaXx,77f1c3c4-c0fd-4de5-a73e-9ed827097f3b,1
NASA NASA NASA NASA NASA,18fc7f6c-0980-4499-b552-ffaae38c659e,1
NASA,ffa84389-f7fc-4277-a325-9395c9091f5c,1
Wrekmeister Harmonies,941080d7-452e-4ec4-9ee4-f241eb719541,1
Drone,43ea648a-4d92-4290-80bb-bc7586d8bfd7,1
Southern Negro Quartette,3f12ac7a-de94-441c-a555-337a4d350aa8,1
Valentine Abt,6328,1
Glenny 417,6355,1
David E. Sugar,ad57c336-45bf-4aa9-8f44-79eacc2fa281,1
Epstein,ca36aca5-9442-4bd9-ac95-3346061ff259,1
Ergo Phizmiz & The Travelling Mongoose,6437,1
Marihiko Hara,1e1acfa5-1064-4d72-9a68-5351468f82af,1
Thomas Hildebrand,c0897c43-3f7f-4c3b-91f7-80a851592dc4,1
Tim Prebble,3cac6163-f852-4f1a-81db-44be0861c172,1
D Trevlon,f0833a65-a122-4a98-929b-91de2d81683c,1
Haze Parade,73621ec4-6de0-492e-993b-a47e109fbbf5,1
Felix Arndt,9f3de31e-10bd-404e-a449-a9ee575e0741,1
S. H. Dudley,6479,1
Balkan Brass Band,a05e39a0-ea33-4350-989e-a17e7622bb45,1
Normal Music,e0cafa26-3084-4049-9aed-0dcda792c39d,1
Vultrapia,509049a9-5ba1-4b03-a409-b4c95f88768b,1
Gangpol & Mit,5634,1
Team Shadetek,f695c3f6-4f01-4090-8391-2843d986beb9,1
Funkstorung,f5e9718b-c3e4-4154-8f4a-be997f391fee,1
Epsilon Not,dba9566e-cca4-47f1-95f9-8754d394383d,1
disrupt,5fffffdf-90d2-4e77-a12d-ea1ab24bd2b9,1
Mikey Murka,ce007e48-3c98-4e5f-b9a0-5d4fb37a5dbf,1
Clinker,9ebf6816-4120-4e1d-b04d-2d8c4d4b364e,1
Pierre Gerard,d49345ff-3544-4960-917b-0b37637d4ec8,1
Karoshi,7962d02f-c051-4d3e-8405-b5f1eb02621a,1
Le Rok,974f2dac-b036-4631-9822-b1e5f231eef8,1
Trauma-Team!,2dbfde3d-7d15-4d11-89d2-07ab393e2c0f,1
Small World Experience,9ee47524-e62b-4a6d-8e4d-af4127d20485,1
Solids,6820,1
Fink Finster,6829,1
Clowns Smiling Backwards,e1d012d5-ee3b-43f5-8b60-23e5bc07fdab,1
"Dima Murrath, viola; Vincent Planes, piano",6893,1
M-Boy,66f8d6a1-1a49-4c5d-b768-d34f88fa1a77,1
Stern/Guerra,6959,1
Gradient,e6fa0339-1ee3-403f-983e-9058912c0fc2,1
Charlie Wadhams,dfd5b9fb-0834-4368-97d2-dd473a2ea96c,1
colab,7008,1
The Orchestral Movement of 1932,7009,1
V. Majestic,b273fa20-ac0a-4311-b854-678b6a9ab96f,1
Comatone,7091,1
Namatoke,7095,1
Campfires,35629919-2bbc-46ee-8fc1-0d2d33583609,1
VAD,01939f79-d7b7-4904-8096-1aeb508101de,1
Oxynucid,c526320a-f084-4486-b8c1-1a6e2a55c807,1
Matt Bauder,7a283041-906d-42f5-a2ea-3745418c82a4,1
Radio Cegeste,ea1b9eea-e5af-4d20-81c9-fe25df6e5abc,1
Body Supply,bc9df6f9-30d7-4019-8274-2cdee487d299,1
Jmmy Kpple,c6772e22-5748-4a88-bb15-b9717ddedc92,1
Kyle TM,4a785a8a-f963-4b5f-9c12-bac1e0a7f183,1
Emma Hendrix,7355c17c-11e4-44f0-a423-262324377e0e,1
Sergio Sayeg,8705a0c2-0aaa-429a-a283-3c19d15dcbab,1
Joseph Kramer,e02792b4-5a2c-4181-9942-7e7faa3b4776,1
Tinnitustimulus,f454457a-4143-474d-8e5f-9011cc2252d8,1
Jim Gable,22f5b31d-0016-43a4-a233-e5f763d3ebe2,1
Turtle Ambulance,b25ea009-e646-45b0-84bd-dd70cae0e7e1,1
Doobiesound,7f8b6695-a32e-413b-b4b2-eb32381e8f88,1
HMBKR,6e7b5031-1f5e-4977-b64c-8632e894d2d0,1
Thollem Electric,87ee8d25-ddb6-4a66-a21c-9d09043ef331,1
Jah Excretion,378b1c34-dd19-417c-a427-7b237762e45b,1
Danny Kamins,851967d4-f5f2-40e2-ad1c-e243b8b907b8,1
Robert Pearson,1bbb5684-9a09-402d-908c-490ef293e630,1
Madame O und Ihre Kopffilm Bande,97ab7e29-a245-414d-bb17-6b4012645b2a,1
Kakophilia,c27adfc0-dd8b-48dd-9e66-42cff8d50e4c,1
Misantropskia,005ac052-5fd7-4065-8238-5949fba1c78f,1
Soulnitz,6c039741-0839-4aff-aca0-7b8b08f44e20,1
Mini Roc,44012c53-d485-4001-947b-e7d7030f3d19,1
Ocuban,d4555f07-456d-4f26-b26a-06dd6aae5b2e,1
Domo_kun,17d4a851-b8a1-4b43-bda5-36d0d76f0df0,1
Toshio Kajiwara,5336a70f-cba5-4f08-afce-f4e30421e16d,1
Rotterdam Ska Jazz Foundation,6232191c-7db6-4ed0-af02-41d0ec02123a,1
Révolution Musicale,eea278df-1f51-47a0-a320-0d21ed50b036,1
The Haunting Presence,c052f265-5b19-4302-a403-8b2d21572ad7,1
Radio Skotvoid,521035c9-be4d-40fe-b6df-bb89729b2715,1
The Ray Pacino Ensemble,24efd5d0-e510-4172-ab9c-145e992dde30,1
darwinsbitch,445759e1-39e4-4464-805a-8177e00ad9bf,1
Ondoh,862ce665-c748-48a9-a23c-e78a8be6d881,1
Aditi Tahiti,0d5ac708-f6e2-4b8d-a326-8101ce6c3d6e,1
David Cunliffe,453973fa-0302-4dc6-adcb-b1c35028b89b,1
Anthony Donovan,,1
Mt. Tjhris,a569c511-417b-49a7-9d0c-103d5eacfb94,1
MI-GU,c5d82862-3763-453b-b8d0-7be35f76f977,1
Duane The Teenage Weirdo,edc36fba-2a48-4005-8258-2d36a2da4e1c,1
Jimbo Easter,012e03ba-00fa-4f75-af76-f306a1ed092e,1
松本宏平,9bab379a-67fa-4918-9b06-41e40145f6e8,1
Rohstein,49f4f4c9-c9b5-429e-b2b3-ff87a124360f,1
Lactation Sandwich,f48135e9-c70e-4358-87e4-298414e340b2,1
Infiltration Lab,dcf2281a-a079-4407-b41d-220635d60cf9,1
Faggot Front,a8b26242-66c8-4462-a78c-e6da9d7db7d7,1
Zaman Cheh,02b6f7de-cdae-48bf-9267-e26a128fdb0c,1
Abre Ojos,369528da-2a1a-480d-a795-a32bd5df17ee,1
Pink Stainless Tail,c75c6a4b-4ff4-4503-a01a-83b5aa59ba2d,1
Rega Dance Orchestra,47d9d09f-b700-46a1-b7d8-2e745e9a87ca,1
destinazione_altrove,ae3c2fc7-f672-43cf-8985-a98510d7e377,1
Shaooorin,3f79c69e-7721-4bed-9ac6-640d098efb8c,1
Psycoton,1e993373-c308-4adb-a179-75b4b7da942f,1
Sisters Brandenburg,feff09ee-e81a-4379-ac2a-70193271dcd6,1
Mondo Phase Band,cd5ab1c7-3a06-41e0-9795-5e3e4ea8bb0a,1
Preggy Peggy & The Lazy Babymakers,4c6face9-479f-4af7-9f55-3e400e76cf1c,1
Sister Gwen Mckay,0076a0a7-bfd2-4cfa-a28f-5b700788c814,1
Sebastien Lespinasse,5ed0d931-d98c-4d1e-b562-679c180c8670,1
Thou Gideon,6917f0f3-effd-4655-985c-e8b9132a2602,1
Edmund Prinz,367d38e4-48b7-4fbe-a2fd-60402ae3ea40,1
Elliot Perkins,6ae51f40-881f-432c-9868-07f954cc7be1,1
Pastor McPurvis,d4d167f8-3a8c-4040-8de1-0b9ad79657b3,1
Scribble Orchestra,4619e0cf-b263-466b-aa69-4f02e1f42e01,1
Whitney Brothers Quartet,0f94fefc-8943-4325-bda1-a0d717ece997,1
Kry-lon,0df4fc0c-1d15-4014-a0ad-c1fe7d823b65,1
Sam Fendrich,9b914404-4b25-4ddf-90ed-7930bd6b850b,1
Jalopaz,36491b17-92ed-4890-b320-2c081e6af3af,1
[theatre],a0ef7e1d-44ff-4039-9435-7d5fefdeecc9,1
Wolfgrowl,023d1de8-0bdb-40e2-adcb-3a1fb0cab95f,1
Solo Organ,06f6db19-e16a-4b5f-9638-ea7eb7d516f1,1
Nihil Limit,5e4554c8-a6c7-4784-9a04-67e1aca826fa,1
PO-8,a2692637-79fc-45f1-b8af-13471f0141c2,1
Trodza,021e367d-0a59-4331-8320-979462777fcc,1
Hellfiller,4600a4f4-f3b2-4411-a6cb-390bde436464,1
Robert Switzer,3739e1bf-857e-459c-ab26-9f992cd06bbc,1
The NIght Beats,6d49c08e-dbb4-4aa1-ab5d-5f3ba5df4a57,1
Rachitik_Data,a8c8be9a-7161-423d-8939-7e8f57a10643,1
Audio Hater,158ab325-a749-4b98-90be-00c94a9d6027,1
Janmeeba,b2aed10b-3ff6-426e-b71c-566bb5801eb7,1
jjoth,08947093-4862-41cc-bdd4-734462ff9689,1
Sist En 343,b459d224-6e83-473a-a90b-795ee9f1901b,1
The Hermit Deconstruction,48e9423d-daa1-405d-9a70-be90863533c9,1
Lieutenant Yage,7c05f86b-004b-41d3-abc0-d1dc1244ce41,1
Arek Gulbenkoglu,0eacf6ba-70fb-4688-b11d-855fac585fb6,1
Ms.Vybe,7011,1
Bird Show Band,69bc0b25-831d-4d7b-acec-9e9e4ffec45f,1
Mike Wexler,2c48d1e8-bdd1-470f-af75-3231bb90ac69,1
Dan Matz,adb87231-8557-4303-9549-e2979d7f0d89,1
Zeal,7089,1
Drive West Today,7093,1
Blarvuster,7133,1
General Fuzz,8bce4eaf-6899-4591-a845-57ece0e0272a,1
Moon Duo,7f89e20f-46f3-4571-9ae0-b29dcdb4bbe9,1
Ruidos en el Techo,7206,1
Customer,7221,1
maïa roger,7289,1
All the Hats,f678e9f0-bc54-4588-9bc6-aa3049082df6,1
los siquicos litoralenos,47190887-0cb1-42e8-b32d-184a40d5c5fe,1
O+YN,7313,1
RemigioBalboa y suArmonio,7320,1
???,7331,1
Matt Mottel,51cdefb1-99f5-474d-957a-adb4f5446df6,1
Alejandra and Aeron,d3607e19-8af9-4e7f-aa6f-c00969e894c5,1
Jack Tactic,7346,1
Isabelle Noël,e25280e2-4a4a-41f3-92e0-9bb3cab644a2,1
El zoológico,d317a199-6cae-4fcb-8dbc-e4a17901b070,1
Rufus Hofbagger,7402,1
Orso Verona,6263,1
Pepepe,eae00456-8f0f-4cb9-87c5-479bc603f893,1
AJ,7508,1
T.O.M.B.,7516,1
ccrorsonics,7537,1
Karen Cooper-Smith,7521,1
Wm. Burke's Hideous Truth & Dallas Police Band Radio,7526,1
Moore and Gardner,7534,1
Anton,7558,1
Schiziod Cosmos,7573,1
Lux Pogo,7602,1
Silverhead,a20019b9-a735-4491-b26a-d4bd25333e94,1
Gijs Gieskes,5d5b9b9e-e42e-4a1a-9c30-e3103ffcbdbb,1
nestroyer,d63556f5-15c0-471b-9625-654ef01764e9,1
Sheldon Siegel,86b338c5-50bf-471d-9c9d-aaa1abb45386,1
godzTHOUGHT,c990a01e-79bc-45ee-9416-6a94681f7c20,1
Charles Ross Taggart,7705,1
B'Negão,338ade4c-f2d5-4e6d-af33-2661d2863939,1
Butchre Sleeve,1b183ec4-aa6c-4e22-8216-336b9215cde4,1
dr dub remixes Arrogalla,7637,1
Ras Amerlock remixes Arrogalla,7640,1
Arrogalla remixes Volatil,7644,1
Jambassa remixes Arrogalla,7651,1
Bloody Muffs,7733,1
uiutna + AVFE,7743,1
Microman,c5f51cfe-7222-4f12-86b1-4f5e1a81b8bc,1
Microman,7781,1
Lawrence Wasser,0ec55a52-82cf-485e-8b7f-f8d5e3053750,1
Goat River,b6ffcc85-94f1-444d-a9b9-b7fc2c519957,1
Drawings on a Chalkboard,4282cf8c-88a6-42f0-8ae5-5d03d857c2df,1
YGBK,29ec73d6-8f48-4417-9cad-c5ccb04097f0,1
So So Many White White Tigers,40382224-d713-4907-bb91-66cd14fa12f3,1
La Olla Express,44ed571f-f800-4495-99ed-a189bc456e25,1
Fanny + Alexander,bf1140fb-20db-4f4a-aee6-7820d2849060,1
Rokhausen,0c68bfd2-5cb6-4921-b86d-d7009f01634b,1
Big! Bang! Boom!,0f430dd5-b24b-42eb-829c-46245b8702b1,1
Son of a Bit!,f67cd7cf-1ce8-4209-a1e6-be6a67e9c2c0,1
Crookram,089ae8ed-1a6d-4087-878d-f95918101b0b,1
Coliseum,8024,1
Hypanaut,b61259e6-6e19-4519-9b09-fbaac8e77fc3,1
The Toilet,0afdcca8-37be-447c-a2c3-3614372fa1cf,1
Célomalabit,4611e55b-a30e-4acd-bf2b-0951b5f8ef93,1
Beytah,039c87b8-f614-4993-a089-f16672c5dd9f,1
C. Lavender,b939dd5b-68d0-471f-8be1-a9a118edab94,1
Olympic Smoker,d3e380c1-dec1-49bd-b7bb-78c93ad9c1e1,1
Wahn,73f4a427-5392-4a53-9ca2-76419ddad5b2,1
Doc Colibri,c69f934d-f6f1-4684-a93a-5db44ddbedc1,1
UrbanKiss,d0c51f5e-d4bb-4862-ad84-d9f89b38abc3,1
Otist-Reading,8c8c8e1a-76b7-401e-a40a-8ef1f326ab86,1
Headshot,911a3b8c-354d-4d3f-bae5-3ae42dae8c20,1
Louis Aguilar,d33b122e-c4cf-402b-b419-7d30243a0552,1
Great Lake Swimmers,64deac19-021e-4dc1-8d11-658be8763589,1
The Sleeping Sea,919425bf-4187-415a-93bb-27e572873eb3,1
A Weather,e9462595-a934-4b09-8720-3cdae551e2a0,1
The Jakesperiment,5b9a7929-c96d-464c-abfa-5a2ff38c4cb3,1
Șuie Paparude,6ff9f79b-e813-4ee2-8cd5-b46e8e1dad96,1
Sillyconductor,8168,1
ezequiel ezequiel,d605f1d8-855c-43af-b951-125082193726,1
Wiñaypacha,8245,1
SUSAN DEL PERU,8249,1
LOS AUTENTICOS CARNAVALERO,8256,1
Muhr,2b8b8299-592a-4ecd-84d1-e6bd990b23b9,1
Phlogiston,99886ac8-a166-446d-bac7-a7834a6b4eea,1
Temp Sound Solutions,6b061a4b-025a-46aa-908e-8b2e72c83f31,1
Ontayso,39d9d5f5-4648-43be-bcb1-2dc550ed7c09,1
SoulSonic,d2412ee9-f480-4051-b2b8-d0cf5354cbd9,1
Blackfeel White,f1c6979b-2706-4ef5-9f15-d5d7b90777d8,1
aAirial,5a099ea8-a4a2-424e-a7b8-9eae4f58f858,1
MINT,ae779ef5-ca1d-4ee0-82ce-6cbcdd6c74d8,1
Cursor Miner,d4d8f026-b475-4990-a7b3-530813258cd1,1
Regolith,eb94b012-48f7-4f2c-994f-0339e29b7e25,1
Blitz The Ambassador,290dc7b2-a2f6-4b5b-92c7-f8cf875d057b,1
Snorlax,8479,1
Ayato & Anton Mobin,8510,1
Bryan Lewis Saunders and Audra Dawn Fleming,8512,1
Denis McCarty,8515,1
Sweetie,8518,1
Xtal,2df7b179-741d-435c-b5e8-dfa6db11f6cb,1
nuMPad,8525,1
Pay-per-frog,8537,1
Mrs Jynx,07de16cf-4979-4f34-9989-3b0af98fa886,1
Lainie Fefferman,367996a9-ac5c-44ba-8772-16e980df1d65,1
Tongan Music,8636,1
No Age,55821c25-bd47-4f67-baf8-17ccd2cf1c86,1
The Inventors of Aircraft,3f9e6358-e310-4054-b2ad-712529a47ac4,1
Bladiator,522ada22-6c52-4d1f-afc5-121c2a6f6058,1
NecroPolo,ed35086d-f7cf-4a38-8943-3176d00b2ab6,1
Linus Åkesson,df8f9694-723e-4e85-8112-0959fa2c943e,1
The Subversive Elements,9585a772-1834-4fe4-b06e-13a9491c3944,1
Cpt. Benny David,8812,1
Maxete,8813,1
Silentio Deum Cole,8814,1
Booba,8840,1
Sublinear,a00fe33c-bd7a-41ab-8765-714fb7123e54,1
Mr. Fab and His Bag o' Heads,779cc699-5b59-49e3-9776-ad639c40933a,1
Urban Inbreed,1c82ba59-698d-49e6-ade7-740afc7aeb96,1
Lycia,861416e4-dc50-4cd8-af33-76a09067e821,1
The Undermasks,d68b0215-fef4-4e4f-af94-284d3fb45bf2,1
Robin Crutchfield,852b3b92-8c28-4bc8-925d-655b0c238252,1
Paolo Messere,3db6c766-bc00-4cdf-924a-56aaee92ccd3,1
Kiddy Car,5f537492-7d9a-4ede-999b-c9a6da1be390,1
Lauri des Marais,d43c147e-2e5b-434a-8259-2257f71fa01f,1
Ocean City Defender,a473ee5f-f021-46b2-b985-c6bbbb8892be,1
Not Them,ee0ddc62-5a31-47de-8924-3f65092e265d,1
Anton,86d2adbe-d92a-483f-968c-5195d4e28f7b,1
Audiofile,292728d0-53f3-4719-ad43-3d64d6070068,1
Durik The Temptress,8e9b46ae-c808-4ed6-99f8-72c0de08c259,1
Earzumba,71fc3a0c-7a89-4b70-a5d0-5bc279612d13,1
Escalation 372,a362c469-95c4-4d40-ad6b-dbf2e7dcfa3e,1
Ihlenfeld,28cc37cd-1f08-47be-b5f0-88946b2178bd,1
iqed,d9dea787-6260-43eb-94b6-2e7c2e876425,1
Spoilsmeander,b19827b5-938a-405b-b858-797abd755959,1
The Borderland State,54a004c3-9131-45e2-b3fe-5f501f184414,1
The Rainbow Goblins,2e19e0b5-81ac-4869-bb66-1af585a4fb57,1
ThomasV,0488303a-5047-4c0b-ac79-5ab32204fdcc,1
Xesús Valle,2784dbd1-504d-4eb3-81a0-acfa03ddf0b7,1
Bedlam,f2ae21fc-fdf0-4648-85bf-5defc8f379cf,1
Eusebio feat Waar & S.Bogdan,8970,1
Eusebio feat Waar & Emil Ivanescu,8971,1
Foxes in Fiction,d14587c5-619b-4b78-ae14-2111352ddf62,1
tzara,289d3d2f-2dd2-4f2c-811f-aac309bf2ec8,1
bq-sound,9065,1
"Autosonic, Gosh!",9017,1
Kunstlusk,9019,1
The Edison Phonograph,9022,1
Mu.,9082,1
2pol & Timbou & Clewe,9085,1
Reifestromung,9084,1
_PLATTENBOSS_UNDERTAKERS_,9074,1
Ut,81fae220-3175-48ae-9be4-ef36d603b96f,1
Alla Polacca,6594af9e-4cd3-495e-ac6b-ab343c7e170f,1
Om Unit,9be5414e-b906-4659-9c59-012ba7f7a154,1
Chairman Kato,eabbbf0b-1b94-474a-ad01-bf14bb34119f,1
Vital,9234,1
00Genesis,f6bc0700-677c-4f45-8a87-532805e106df,1
Constrobuz,9251,1
ANGO,9253,1
Cazeaux O.S.L.O.,9257,1
Stevo,9261,1
Inko,9262,1
Beatcasso,e682ec9a-bd8f-4b7b-b28f-404a1ca317d2,1
BUG,9303,1
Flux,9321,1
Amelita Galli-Curci,df255da5-82a8-4a5e-b79c-a07c86bba92c,1
Dipak Chand,9304,1
Edison Talking Doll,9326,1
Gina Artworth,3e01e7f6-eb57-47cb-aaca-d0ebca66dbe7,1
Teddy Trouble,24c9d737-30f9-4faf-b0a4-08ed9f06fc9a,1
Jay Martinez,4dd5063d-be7a-4b3b-bb42-1592ef9f4f8b,1
Bomarr,c74e0a9f-2793-4f65-be63-3e3b18dd40ba,1
Vulnavia Vanity / The Superfoo,9466,1
Emanuele Errante,ac3c337b-72d3-43ee-87af-25c97a33ef9c,1
Tony Benn,9487,1
Edison Male Quartette,04b504ec-fb94-415f-8875-977162c75c16,1
Lewis James,1370de4a-3d1a-4379-bf9a-9b0f7b5f8b37,1
Steve Porter,d1eb5dc1-1055-4ebd-8ebd-df5a54c76df0,1
Nuuro,16a40ca9-19ed-4319-84ee-cae49a81b932,1
Karianne Pasma,9602,1
Travis Taylor,9607,1
Isa Christ,9612,1
Cute Gangsta Crew,9615,1
The Parting Gifts,f4a5f73c-b159-4737-90cd-2bc4eed4f2d6,1
Xiu Xiu,8b431ac6-0806-4e4a-9b6b-1734370fa890,1
Norman Creed,16ccb78c-ecfa-4939-a113-a5bdb903c140,1
Thompson & Kuhl,38046d41-5428-4b6d-a09b-663603ecac61,1
Johnny Hawaii,86a23c69-8287-4918-bf37-33b5ecd2e80e,1
So I'm Jo,7e475c80-e427-489d-942e-a31650c30af9,1
Gabriela Parra,d994c92d-e28f-4d8d-b8de-676e098db809,1
Frank Biedermann,e3d665c9-8302-4951-80fd-26ac92c2aaef,1
Zeno,40c6882c-8da0-4d2b-b1e6-c14b1610e94a,1
Maga,9677,1
Joep Vermolen,6kxR9BDhRivr5iEmpEbDEH,1
Weyes Bluhd,469d6414-1f06-43de-80d5-17762d4a356a,1
MotocrossMadness,9696,1
Weyes Blood,469d6414-1f06-43de-80d5-17762d4a356a,1
Funny Cry Happy,9744,1
Trashsound,9748,1
Emiglino Cicala,9753,1
Belajar Membunuh,9838,1
Anarchy,69cff195-5d66-4afe-aabf-c34a24926e7b,1
Container,29f834b3-0235-43b0-b213-e5cbb1f429e3,1
Pacoalvarez,9791,1
Freestep,949c7482-6148-494a-9cec-0faaed6e7ecc,1
Edoheart & Gbera,9807,1
Ulises Hadjis,416a94d2-5c66-46e3-bcaa-1b2cbe538ea3,1
Juan Son,e79aeb62-4202-41a6-8266-1996618249d3,1
Childs,e4f0d0d8-eb36-4305-adc3-d3660bccc093,1
Carlos Reyes,9885,1
Hello Seahorse!,57233aae-d23e-4f8b-8e5a-231d159afa1c,1
Electronischebasisgeluide,9933,1
Jah Henchman,9935,1
Restive,9942,1
Uffe,2bdd5c99-78c3-4d7c-8624-964625abeff9,1
Nanowar of Steel,b879af63-9ff6-49b3-a556-1af86e753119,1
Super Star Love Cross,9955,1
Stars and Rabbit,86227716-0876-4df6-a176-35c6635a71b1,1
Tycho Brahé,8b620321-ebc9-4846-b29e-325d2afd1c4a,1
Jeff Morris,9877,1
Tinyfolk,a92f9f08-690d-4ebd-9fb1-3abaae88fdfd,1
"Jack Hertz, PHOBoS, Blue Hell",10000,1
Cave Bears with Kommissar Hjuler and Mama Baer,10039,1
Chuck Bettis & Evan Rapport,10040,1
Giggs,bb7dd5d7-95e6-46a0-9692-cb99134995b6,1
Cubenx,5fb3a817-29b8-4e33-929e-44f876368f6f,1
My3yeah,10146,1
House Of Assignation,10156,1
Kulor,819b3c41-f082-4af3-9aea-b90194472034,1
Metal,c2bb026a-b6eb-46ee-84e0-db20e4143801,1
Tsuyoshi Shimokura,7112ea10-178c-47c5-8d31-edce291ecaa0,1
Louis G,2df3a1e7-b66f-4d90-87ba-4ac40db77368,1
Baker,eea85c38-427d-438a-8c59-6036e1c05d0e,1
Lipstate,0a89e493-8d35-4c61-b318-5200d344e51a,1
Sims,c6c8a98f-9cfb-4fad-a657-880245ff15d3,1
The Ghost Dance Project,10194,1
Constant Light,a7456da8-e309-43b5-854b-ad8a6a868020,1
Feryl,27c875ef-5537-4469-8f85-735af4dab87a,1
Messages,10242,1
Carlos Giffoni & Chuck Bettis (DEVASTATION DUO),10261,1
Jon Spencer,33fc0741-8594-48a1-8846-584d8502ac80,1
lobait,7818,1
East of the Wall,f287ef20-459c-4d09-837a-9def10d43238,1
Pyrrhon,d3d6a507-92da-4c5a-81e3-531f7a41f11a,1
Defeatist,0770fcc3-8c32-40e1-bf20-3bae10a631d4,1
Goes Cube,b754ba92-2a09-45de-8d8d-617ddc676ca2,1
Krallice,b4e4b359-76a3-447e-be1d-80a24887134e,1
Jack Womack,ac068c69-50a3-455b-8d0b-c74ffcf0a706,1
Bloem,10305,1
Paza,6a3ac48b-f02a-4d79-af26-663c823fd0d0,1
W!zardK!d,10358,1
The Gasman,ea68e457-a9ae-4bfd-978e-1c2d1bf04286,1
Emah,10415,1
Karaoke Tundra,89531679-833c-460f-893c-fd377f918395,1
Macaw,2d67daaf-719b-4c0e-a83b-1ceac965f53f,1
Skeletons,81fb2e0f-db87-48f8-aae7-9e1039125f3f,1
BINDA23,4GcSutQrudsSMhbi7ruAkx,1
Baby Jazz,10451,1
Rune Martinsen,39eed0f1-dbcb-4399-b382-677d83a6ce89,1
dysmal abyss,10504,1
(D)(B)(H),32596f0b-979a-4bc8-a911-ec4575272ad2,1
Bonequi,8c132e47-dd32-466e-a72d-181f5e007ede,1
The Curio Sideshow,13f96399-54e7-4e63-84ad-f2b77f3f0c9c,1
Doublette,7fc7b921-08c1-4104-9044-2f84f303d021,1
_blank,10545,1
krupnik,10548,1
Temple Music,6d74d710-9ce2-41c4-a7bc-4fd37390184d,1
K.O.B,10564,1
Zoo,2423,1
The Cobblestones,7970593e-b94d-46d3-8aa3-1f70a3dc9f1f,1
Christian Bland & The Revelators,c1dc86a6-a707-4f36-9af6-84566c01fe3d,1
Treasure Maps,2dd4c1c7-2892-498b-aeef-a33991c25708,1
Antiphon,10590,1
Mark Earnest,94e80fe5-28b0-45a7-83f2-49915dd95187,1
The Young Pros,10602,1
Man Mantis,917db55f-2cfb-4501-84db-d4b6a7f52525,1
Love Cult & Bedroom Bear,10723,1
KASHKA,c2f0214d-e057-4717-9c07-1a9183e762ff,1
Cavanaugh,6463260b-9000-4106-b849-8d366cb2663f,1
Eliane Radigue,32981181-5e3f-4160-a872-625980035593,1
Ellie Fortune,10720,1
the lost and found sound,10814,1
Ariana Delawari,726b2de5-f8d4-4540-b10e-4a63bb59c392,1
Nowcloud (feat. Learning Music),10846,1
Flying Cloud,10859,1
Vlad Makarov & Ilia Belorukov,10866,1
Peformers not given.,10873,1
Sister Crayon,f91bada0-1204-4efe-bb7f-ce9da3a7eefc,1
Vandera,1aacea8f-6926-461b-97ad-22f187baddc4,1
Drydeck,278f2cd0-63b6-4ae6-b2c7-102d0f670b88,1
R. v. Aggelen,e6edb1be-7230-4478-8d18-9416c2a30d2e,1
Lifeguards,e8e0152c-319c-4110-8e06-25fe3e456ed7,1
Fair Use Trio,10909,1
Christian Wolff,a952c1da-d7b4-44f9-97c8-27c5f5e5af59,1
David Mahler,10945,1
Margaret Lancaster,526bc676-34cf-4ad8-8834-663a65ba22be,1
Fights Monsters,10959,1
Bait And Switch,46cec422-f766-4607-91e8-4d6f76bd3e25,1
Verklighetens Folk,d50b8e29-b7ab-454c-92b3-de1d26c15073,1
Jim Long,10995,1
Bart Davenport,2e88b01f-584d-4846-90eb-da1cb35c2e97,1
Mark S. Johnson,a1dfd22d-5108-4e44-9c10-b8fefe34cce5,1
Los Savants,11037,1
Dorotheo,97725a8b-abf7-4981-b8ce-2887423c5c39,1
Bob Ostertag Fred Frith & Phil Minton,11055,1
Wet Mango,42af663c-eeed-4a2b-b20a-b9c5f457181c,1
cTrix,92614ba1-2c94-4634-9142-061168a31431,1
Various Artists,,1
Joshua Watkins,adfe79d2-4c8f-447d-be50-253db38b2c27,1
Hip Nothings,5b9b890e-ef54-4eb8-918f-4c6486e8bcaf,1
BaDLucK,b5611094-a13a-4211-a977-8dbfbb989790,1
Radian,11293,1
Acid Mothers Temple & The Melting Paraiso U.F.O.,41984dda-1f0e-436d-88d1-decb8d787122,1
Pika,8cd9bac5-35f7-4d75-9d60-90e15ade3fe0,1
p.a.p.,4135c9d8-1a8e-401e-b534-2e7cf91ac9d9,1
New York Military Band and the American Quartet,11313,1
Cautiva,d35a6bc2-14d9-4ff0-b133-3d404103e04d,1
Droegenbwoys,c411dd1f-7ca7-4267-9d77-cd8a9d20d5ba,1
lax-o-mat,5e14cdb5-63b0-4719-97b5-0891fccdc7aa,1
Das frivole Burgfräulein,c26f04ed-6943-4b88-aa5e-ef3f5be792d5,1
Blake Teres,ee96657d-bb35-4ccf-8e08-6b14a36d6f55,1
Fudge,11410,1
Offwight Radiator,11411,1
Deleted Scenes,ed530932-648a-4e28-8bba-507e02986a60,1
Chuck Bettis/Aya/Hime,11445,1
Dead Disk Drive,ce06384f-3ac7-4da8-bd58-8033d3f8abee,1
Je suis le petit chevalier,696405ba-0724-442f-8242-bb8e099fe190,1
Archers by the Sea,539cbcf3-c5d9-4f93-b3d4-835d64ea788c,1
yves son ace,864c6fe6-6898-4e31-bc3e-93666762929b,1
Wet Hair,9ab14660-76c8-42da-855c-9554e8ed8830,1
"Jaap Blonk & BRAAXTAAL (Jaap Blonk, Rob Daenen, Theo Bodewes)",11469,1
Les Filles et Les Garçons,adae4175-6b72-4483-a360-257518cea89f,1
[PHYSICS],dddcc260-cc7e-43cf-90ec-bdb7ea15cffa,1
Lisbonne,5cb3d1e4-2b5b-43b9-a807-7e29e7861f72,1
The Never Years,3ce95d75-0a8d-47a7-9696-2fde589dfb06,1
Carl Ludwig Hübsch,dbbf5d0e-0d70-4299-846e-c2390bb2d94b,1
Claus Van Bebber,a21cfef7-0b8a-4f30-8168-0bd4ea512bdc,1
Save Slaves,888e4f03-d617-46c7-88f4-85237efd9d70,1
Longwalkshortdock,3f0e856c-42aa-47f1-81b7-c52b0813a5ca,1
Acre,11532,1
Mountain,11538,1
Pacheko,11539,1
Ki.Mi.,48add66e-baa8-4bf0-b6f9-fc8f2b551c76,1
Mujuice,46ee6c22-a3fd-4b7b-9353-3c2d9311ac99,1
Polar Lights,11565,1
Slow,10620,1
Clear Blue,d7ba889d-d9d7-4c10-b46b-8dbd21e07639,1
Frame,3247851f-c870-444a-9c54-3ce9be3525f9,1
The Chris Kelsey 4,11599,1
Terrors,66394088-c3e2-4f33-98db-4fa957939fb6,1
Windom Earle,2b2a0bb5-bb77-4556-b9b7-8a0d91a98bf8,1
Maurício Ianês and Daniel Meir,11622,1
J.K. Randall,d18a2f28-b5b9-4252-8738-cdbe22996019,1
The Renderers,573ea5d8-06fe-4d75-838c-5f2e13c2f337,1
Audioguide,8fa564f5-fa8f-41a8-96ba-a8974773bd1b,1
Eric Delay,884e9336-88be-45d4-9133-8a1b6ce9cd08,1
Fernando Lagreca,1793602c-829c-4a00-b386-0820530bc3a0,1
Dennis De Santis,11731,1
Henry Threadgill,bf3f2266-33e7-42ae-a1f2-4066ded25dca,1
Christian Muela,5592bb67-b635-4c88-a69b-783a0945bd86,1
2 Ton Bug,10481,1
The Spanish Donkey,f26e129c-8379-4e6b-abd8-03f19b4ea551,1
Asher,11758,1
Cagey House and Wolfseule,11767,1
Megatory and Sound Inhaler,11782,1
Michael Giles Mad Band with Keith Tippet,11783,1
Mr & Mrs,c8c5c3dc-27ab-4eab-8b67-b029699325a4,1
AlexandredavidgabrielAntonio,11831,1
Chantal Laplante & Martine Crispo,11860,1
Castle,9fba15e9-f336-421e-9afd-c33bd921e0db,1
Assif Tsahar's Project Solitude,11908,1
Sobak Morbak,11973,1
Dr. Remix,39495a76-2cc4-4cbf-a6e0-adf94d9e832f,1
Baby Arm Sound System,7077a6b7-6310-413b-8c7c-234a875a2280,1
Ivy,6877,1
Chicas Real Conquistadoras,12004,1
cristales de san antonio bambamarca,12005,1
SUMAQ ORQOS DE QAQACHAKA,12007,1
diñaFelipaGonzales acompamiento de BenitoCervantes-en el HatunCharango,12008,1
WILDER CARDOZO RUIZ,12011,1
los achachis,12012,1
diana ureta,12016,1
Joedouken!,54656421-886d-4b37-8a42-17a6ffa205f6,1
"Poke -1,170",bc64b5b0-63b5-4994-9f5b-47685daf4196,1
Heinous Bienfäng and His Cheap Moves,12098,1
Inhibitionists,12104,1
Kageplan,12109,1
Mark Dagely,12116,1
Soulighters,12117,1
Corsican Paintbrush,4a23b72b-a145-4f23-b503-300ec2dd7457,1
Ajilvsga,e52212c5-9389-414e-b3a7-4d60efef950f,1
Easter Fox Squirrels,12125,1
Jitka,12126,1
Chuffo And The Grillers,12128,1
Mosseisly,12130,1
Demented Thrugg,12132,1
Dinmuck#F,12134,1
Helen Southall,12135,1
Horn And Talon,12136,1
Mshing,12138,1
Planadin,12141,1
Besties,12151,1
Jin Hi Kim & Gerry Hemingway,12171,1
Space Probe Taurus,417bb722-332b-4d40-943f-232405a27090,1
Ohms & Watts,12193,1
Call of the Wild,12269,1
"Catrin Finch, harp",12278,1
Otomo Yoshihide,12286,1
Nymph,b82da814-3795-4282-9114-8c4568574cc9,1
Mathieu Gaborit and Malik Nejmi,12324,1
Mic'Torn and Anton Mobin,12325,1
Torturing Nurse,c3062851-634a-4717-bf07-41ff9d3bcbdb,1
Abtreibung feat. Grief No Absolution,12357,1
Studebaker's Blacksmith Shop,21f4825e-5ba0-458a-ab80-5e833743c676,1
Fumbata,d18fab45-dde7-4b04-83aa-056296338495,1
Yuichiro Fujimoto,17e11981-3fd7-4be0-ac04-a578c4569979,1
Duns,262b5e7a-b756-43ea-896a-af644b373653,1
Vorad Fils,d7528d6f-e3ec-4a61-9f93-ea22ba8e8a51,1
Sky Needle,e82dcc95-4cb5-4de4-a166-bb47173bd1ff,1
Mosaic Mosaic,7905d4e3-5529-4f75-8a56-fcdb03cdc8e9,1
Orono,12481,1
United States Marine Band,11314,1
Jose Travieso,52c993f3-4f05-470a-b9bc-a8a1c8946f92,1
Soul Afriq,12508,1
Cleptoclectics,c82a1688-e26e-4566-b47f-bc6208f12b1d,1
Random Acts Of Elevator Music,ec6af3fe-0cd0-4295-a9e1-49c4465eea2f,1
Dual Uzis,12584,1
MASA,59af3f36-f261-494e-9703-4b8268a4c862,1
Kenton Dunson,12608,1
Captain Stu,172ae97a-a3fb-4935-8706-7477f5236680,1
Automata,c3eea109-ef5d-484b-9062-61a66e9ceb75,1
Bebop Banger Pumper,738894b4-16d3-4471-9a11-9dbb4c6e20cd,1
Kursed,4ed761fb-9f6a-4e77-966b-a2b0467511dc,1
Great Skies,c818cde9-7115-4998-ad53-9abc6c0f374b,1
Smyth,98f188d2-dfb6-4a10-8ef7-f098222e7bcd,1
Evan Cordes,fb9e2941-415a-4cdc-bfcc-e75d6ea4ee7e,1
Atlastop,8701130f-f075-4661-af92-89189d06db67,1
XYZR_KX,5d5f65c9-f4d2-4ca6-b0fe-2165e82d3c24,1
Los Mundos,b0c3879f-7e95-43ed-bc1e-f21cca58db5c,1
Sweet Lullaby Toyland,08deb142-ad50-4a76-bb4a-5e53974a36aa,1
Los Monjo,71818220-b3f3-43fe-bcd7-3583bb48d518,1
Slim Twig,4d550bdc-7c0b-4a50-bd36-18584ad5fb70,1
Michael Parallax,3b113069-7882-4bd5-8c59-9cd14353964d,1
Tan Dollar,e19d0d2a-c125-45e9-a080-ca882d92b024,1
William Cody Watson,0fd6f081-d133-4ab0-94fa-9ab8eb18ae21,1
Hipdiebattery,71f4f882-a892-4bc6-9272-db49e0a6f315,1
Coughy,eb707b03-d5c4-4d13-84c4-60c6c112cd8a,1
Delusion Men,6cbfb087-758d-498c-a56b-6c31cfc53d41,1
Reash,12700,1
Vlad Onu,12701,1
Jonathan Kane's February,904,1
A Victim of Society,13d79ad1-80bd-4030-8f7c-653a5ebfe095,1
Several Symptoms,4cd12223-7459-4c4b-93da-31c46d470472,1
Ted Hearne,a871cb4b-1812-4b85-8727-b460c429b44a,1
The Lloyd Rodgers Group,feb6377f-5e3e-40a6-8f57-d5cac926c6f0,1
Sida,8a41d287-af6d-4c55-a7fa-c6c99ff5bd20,1
Fred the Godson,f28a2b9f-bf70-4b48-8314-6c50544ed983,1
Christine Baze,12786,1
The Jellies,12790,1
Chicago Underground Duo,fc961881-c931-4884-844d-467570a58fc8,1
Simo Soo,a79104d3-ae41-497e-8366-92c2d408d414,1
The Sponsors,5e870a49-af7d-40a8-a12b-306b1b40b352,1
MILCH OF SOURCE,74b56f3e-7a49-4de1-b8f0-33c20dea313d,1
The Blimp,12835,1
Lopende Paddo,12887,1
Lexi Mountain,12924,1
Nate Hadyn,12927,1
Eubie Blake,bdbed61b-6a7e-41b2-b9ba-2c42c65128a9,1
Paula Daunt,704427f2-c793-4cb2-b4bf-f67614f4076b,1
Agnosie,10679500-e6d4-48e5-83ce-f73e65e8abd0,1
Ragga Gisla,2bd4ea96-2f10-44d0-97e7-058438ff9fd7,1
NewYX,13015,1
Global Distance feat. Larva Lou,13059,1
Adam Bohman,b1064dae-0b4f-4104-9f62-a399fc7680de,1
Adrian Northover,07f216a4-b054-4f4e-8121-3c46402c1ead,1
Annie Dee and Spidey Agutter,13070,1
Damien Olsen and Michael Durek,13072,1
Flavien Gillié and Hopek Quirin,13076,1
Violet & Marta Zapparoli,13102,1
Volta Cab,13123,1
Mad Skills Mary Halvorson,13167,1
Miss Carla Kihlstedt,13169,1
Bringers Of The Dawn,13202,1
Mist Giant,13209,1
Majoie Ayi,13216,1
Pamelo Mounk'a,7614d716-7391-448b-b937-d52f66cadd46,1
Sick Hour & Irene Moon,13276,1
Yoni Kretzmer,41eddd7f-6caa-4f06-99de-8e575a98c6ce,1
Ehran Elisha and Roy Campbell,13318,1
bbigpigg,7ef76a32-c601-478f-87e8-080dacec5047,1
The Hamiltones,13355,1
Tender Frame,13359,1
kasparhauser,13363,1
Nolan Smock & The Charming Youngsters,13366,1
And Academy,ba012399-4e5c-4c85-a229-303ca3309fb2,1
Martin Wells,13404,1
Frantz Loriot,6ca6bbe5-817b-41d1-b4b4-c6156f5e5a77,1
Girlseeker,f3cfe0fa-3cac-4d61-b93a-cfd0ad4ee8f9,1
Man Forever,c616ad23-da45-489b-9366-7bd104ac7986,1
Jelle Buma,145f321d-e00b-403c-a2d7-6c2096172eaa,1
Zea,13498,1
The Stutters,21dd5885-7705-4e58-845e-83865c05750c,1
Tarantula,13593,1
Buildings And Mountains,c37dc0a3-b51c-4564-a090-49975418567c,1
H.A.A.R.P,13627,1
Seabiscuit,13631,1
Gentle Bombardiers,13634,1
Charles K. Noyes,d8de4a57-81f5-499c-b884-16b9c7a5e4cd,1
Bryan Medwed,,1
Carlos Groënland,13713,1
Domestic Violence,082b0502-9b1f-4d21-8206-fcc582b3453a,1
Snack Family,07c11c6b-5c7d-4045-8f11-0bb6fe978587,1
Thomas Zunk and Richard Lainhart,13710,1
@TheThirdGirl and Dwoogie,13659,1
The Spiritual Switchboard,13716,1
Rackets Vs. Room 13,13726,1
Super Galactic Expansive,4eb20835-fe68-4710-864a-2255dafcede2,1
Wall of Ears,8bd505f2-d21c-4f5c-a112-1396776473a9,1
PLEE!,5c95e5c5-05c0-4c21-9065-ce94fc708457,1
Legobyte,56b37fa6-f133-4757-8c5c-c5bfe2e38880,1
Dubsalon,109c2953-ceee-43ce-8b4f-87f93104ece5,1
D/R/U/G/S,3ab5f771-3af8-4e4f-908a-58cb49f9c653,1
Jonathan Mono,f8736929-b270-4593-8770-8a8344de4517,1
Alone With Everybody,2aa2ea31-4d5d-4d68-9f16-9a609f491e1a,1
The Dove & the Wolf,12cc3b6d-935f-4381-ab86-0942729dc754,1
The Silver Chords,bac38d13-32a9-41b7-8d2e-5dfb7bb398c3,1
Hobbledeions,fec0ed97-7bd7-483b-a120-90e18b706aa2,1
Honeydrum,e40d30e1-952a-4656-8ff5-ee8709b15b22,1
Flamingods,5359dc95-f340-4108-960c-0afdc13584ab,1
Cyclea,ddadaeaf-646f-4fc1-8d86-b73a676070b9,1
Caulkhead,13848,1
Vektroid,ace273a8-a660-4bce-8d8f-569502346e4b,1
Moohn,13857,1
lap0fvw,13884,1
Synchronon,13887,1
DaXun Zhang,3ed31761-9052-4143-b231-c4241e22b8d2,1
"Charlie Albright, piano",13900,1
denley majkovski,13903,1
Audens Raign,32ad7138-57a5-4463-9202-6fe89a06c7f9,1
Marcus Eads,9b1edad7-8b2b-4b6d-860d-17155e2dc6dc,1
Lost Trail,7e67762c-c15e-4eb9-a50d-ef7660430f46,1
Le Elbow,13961,1
Fybe:one,62f9151e-a4b1-4eba-bdfe-e201afe8ba10,1
Sipp,13972,1
ニラパセリ,74f11b64-9d23-40d6-8442-bba72489f142,1
v flower,2708d1f1-d8f1-45fd-a3c6-074a410e61d8,1
Saitto Elettrico Goodsound,13997,1
Tucano,6d570f85-dcd9-436f-a8db-2c06902a5b43,1
Costa and Nero,b272e4fc-1629-4741-bf38-cd416dc4815c,1
CWK Joynes & son ensemble,b2b76366-97c8-49c0-b4ad-1792782c4d43,1
William Sathya,528bc638-7a39-461a-8d94-527c1bd4274a,1
Intelligent Delinquent,b5e97764-d617-4930-ab7d-368e14c7971c,1
Paranoid Breaks,14046,1
FM Raster,8c3235c1-ed1e-4aca-8b7e-48f6f777fe31,1
The Gulls,14118,1
tlipfert,14136,1
Toybox,14138,1
Josh Mason,1e995905-dfa5-4c82-80f0-077d012b8539,1
Starless,14148,1
Lomic,14182,1
C. Fieldechoes,14187,1
X-Cute,14193,1
Tim Christensen,f862ed4c-e865-423f-a3d9-e84128f7a34d,1
Tracy Bonham,4738a4cf-1220-4b21-ab64-ed446a816cc4,1
The Damn Crystals,414aa705-ed5b-4d5f-b3ab-f5ff0fd2c7a3,1
Alia Eleu Thera,14233,1
Christophe Guiraud and David Ryan Quartet,14240,1
Patrik et les brutes,df2274d2-fab0-4fb7-bee7-52762ffa52c0,1
MaCu_Murmurists,14255,1
Mat Gabo,14256,1
Ghastly Spats,14298,1
Straight Arrows,4d33a4e5-35b0-47b6-bc7b-31ef599f7899,1
Swami Binton,14309,1
Soft Power,14318,1
Skeletons Big Band,14225,1
Fred Beats,14329,1
Duda Nunes,14333,1
RIP Swirl,9dde2e5a-d868-46bb-88b9-888e340ddc91,1
Eko Eko Azarak,14365,1
Emily DeDakis,4d7b3538-7c98-4031-bc7e-4e447a418d34,1
The Mother Unit,d2b55f67-b8ce-48c9-92bd-137022805226,1
Starskee Suavé,c990552d-2bac-4698-9db0-c64233141b88,1
TG,749d3663-fb54-4c41-915f-c808b1c4d0d4,1
CUFFS,d51dee1b-7b04-44ad-bc60-d37786ed47d8,1
Christopher Strickland,14424,1
Roman Stolyar,940b6e26-5e5c-4e87-ab0a-af61182e02a3,1
Ed Sarath,0c8870b9-2c5c-4183-9b66-b3927821cab4,1
Pedro Buschi,14498,1
Chamfer,f65d78da-d1cd-45f6-a28b-045286e51bf5,1
J.Walker & The Crossguards,87249ee6-c745-4685-b884-e1bb3dec1ccf,1
Laura Finlay,14514,1
Quelle Fromage,15496,1
XC3N,07081df6-ea0a-44c0-90bf-d6fd9f0b4f5a,1
Pulselooper,d6cc22c6-5294-48f1-a06d-a4c31be1defd,1
Robert Harlow,14590,1
Jackson F. Smith,14595,1
Octopus,14606,1
WarpToken,14620,1
T.M.HECTOR,14628,1
Republic of Lights,19cc4c3d-6027-4d73-b579-f4b78001ec82,1
codex,58b041e1-5ee4-4a0f-84b2-8fb4c560b1bc,1
Louis Lingg and The Bombs,65feec89-20e8-4e3a-bca5-00420ef69827,1
Massa Grossa,14684,1
The Soundscapes,0db47736-c413-40ad-a87a-f2e6d19c873c,1
Mamma Cadela,14683,1
Klepto Opera,e087fb7e-c54f-466a-bacd-2bb88505a9ef,1
Conrad Schnitzler,69f20d99-1e04-4a18-aa6b-d31cd5331267,1
Either/Or,5690,1
Squire of Gothos,14802,1
Mudcats Blues Trio,e7c68814-2fec-4b6d-9a2f-55dfb69e3495,1
The Grand Old Ukes of Yorkshire,14811,1
No,b1f4f927-41cd-4e03-b13b-f7ee01e89a57,1
DUB-Russell,54c136c4-4bf7-4ac1-aafe-138cc153abf9,1
(dj) morsanek,14762,1
Prehab,9f3a6b46-f94b-44cf-b305-ab53fd87496f,1
Kalmia Traver,a4afce53-5cac-49d6-920b-18179499676c,1
7-PARAL-LEL,14840,1
Alex Drool & Nico Teen,14845,1
Brennan and Hyatt,14853,1
Colin Webster,14855,1
Illi Adato and Guy Harries,14860,1
Stirner.,2114d02a-f7ee-474f-8fbd-1ea5da68d2eb,1
ORdER,7cba2f3b-cc78-4067-b370-ef3fdfff1ffa,1
. pixyblink,770fd220-dbac-4ea9-a883-2d3e95170851,1
Dear Beloved Henry,e3bcd253-0f1a-44af-a02c-1ea2558e7044,1
Joel Kivelä,892c7133-a4af-4741-8c4a-589bd2904302,1
Lauri Hiekkala,f13d9091-5b5c-42fc-b67a-ed3aad9c640c,1
Roope Seppälä,f014a2a1-3ce6-4b57-b700-5ebfb5789114,1
Musti Laiton,5989dcde-1695-4e61-a1db-cf2cae8c76eb,1
Kacper HTA,3f42fbdf-6123-4507-8961-679e8dc23174,1
Fonos,413daab1-2c62-4d6d-8bd7-1caf9038e592,1
Gibbs,249f0a82-5655-4fce-bf49-c442469d1588,1
Bonus,9b828fcf-1643-46fb-9314-9c6c32dd925c,1
Da Robotz,d2ee285f-6015-4520-b345-5f0f74d479f6,1
Sören Grevbäck,76ca7f01-de4d-4382-adb4-fe09f352050a,1
Elastro Brothers,15074,1
The Pendulum Swings,15079,1
Doctor P,569f11cd-2d27-40da-9b01-237f7837db77,1
DasBlaueMonster,15111,1
Roslyn,15118,1
Veritas Music,15124,1
Grace et volupté Van Van,a331fed7-16a8-49af-ad1b-52bab5391413,1
Purdy,61adf52a-433c-427f-9994-8853644521b6,1
Mountain Range,3c20a881-6c2f-450c-83f6-319658749bdd,1
Celeste,15172,1
NeZoomie,58ddf1a7-6862-4b0e-8c89-2159d55d0109,1
The Paragons Of Goodness,15179,1
Farkus,7535cb1b-401f-4d75-abf9-634b59e5fb37,1
Cinema Sleep,ed1a8b02-a2b7-4eb5-8bae-ba4ca8fd368f,1
Devyn Rose,15192,1
One Half of Example: None,15200,1
Steven Mon,15208,1
Bits,15211,1
Mate,59cd45e5-55dc-4b11-b77e-849bca4730a0,1
Kognitif,d85ffa71-21c6-48ca-9c95-3d60585273ee,1
Technetium,7ea6dabf-a389-4d6b-b036-79227832a828,1
Nick Chapman,d328a99c-62d3-48b6-bede-6c889a4392fe,1
Maquina de Atender Telefone,b5ab5d77-7f74-4e9c-8d6c-42f7c74da8df,1
Reverend Peyton's Big Damn Band,15291,1
Electric Children,15309,1
Kevin Lax,940b64ac-02e2-4531-b36a-bbc7f0e78d31,1
Eric Rogers,15314,1
Daniel C. Smith,15333,1
Dana Cullican,15355,1
Matthew Florence,15359,1
Rusu Mihai,15361,1
Shoplifted Gifts,15362,1
Michael Lynch,15386,1
jonah's dadtist,15389,1
norunning,15390,1
Will Guthrie,74c47b6e-516c-44a6-9e52-c6db33277ad6,1
Paradrags,15442,1
Yui Onodera,e62344e8-08bc-47b6-a96e-694cbfd897bd,1
Katsuhiro Chiba,a1b51cc6-69a6-4179-b9b7-22f7345f807a,1
CrookedOne aka Blackmass Plastics,15518,1
BL/\CK CEILING,9210784f-f055-4ef6-bb2a-855692650a1a,1
The The,a7409219-a681-4072-adb2-5285106ce6f2,1
TLASILA,15535,1
Oxford Icebergs,653175eb-ecd8-4e19-a999-3df298f7575e,1
Shhh...,762aafd3-a6b6-441f-b352-63ed59eccb0d,1
Undara,b5c06519-d0e8-4d8b-904b-1f2f95519116,1
Andrew C. Smith,1826b3fe-4c75-4b91-b306-b2daf46a3892,1
Indexical,15555,1
Kevin Schuit,15605,1
9-PARAL-LEL,15628,1
Eugenio Sanna,67a1d193-b379-426f-beec-99acebac7d09,1
Jérôme Poirier,15662,1
Lee Kwo & Jaan Patterson,15665,1
Paulo Chagas and Rosendo J. Rocha,15669,1
Rose Bolton and Anthony Donovan,15675,1
Salford Media City vs Noise Research,15676,1
Spidy Agutter,15678,1
Steve Moyes,15680,1
Doomsday Student,b2025935-6f4e-4b03-b4c6-30f6830260d7,1
Bocanegra,74d5925b-8248-4fe6-a242-726acd1f19c4,1
Apocalipsis,5a5f5e9c-cb87-4ae6-80b0-4c06d7bb3ab4,1
Shaduz,83839d7d-a3db-4987-bd3e-53f46d39e7bd,1
Micamat + Desanimaux,61df202c-c96e-476f-8b40-e95d9a0f98ee,1
SanthiAgo,fbf7c24a-9faf-4334-a8a2-24e4f4aaa191,1
Iriarte,889a8de1-7381-45f0-b7c5-438c31647571,1
Pesoa,1223d59c-3c2c-4964-9fcd-3302eb378921,1
Pradal and Cayla,2552,1
Rizeli Sadık,2560,1
31 de Octubre,2576,1
Mm Le Guennec et Le Bouc,2600,1
Levon Hampartzoumian,2604,1
Hadija Binti Abdulla,51b34540-aed8-4971-a3e4-261098364965,1
Salima Mguzi and Party,2866,1
Set Badria Anwar,2990,1
Miss Inah,3vnRjWK9XPeYpbJl9waslN,1
The Sweet Malay Entertainers,2ZuBqO9fta4H6fdKUQIYH0,1
Unknown,2503,1
El Klan de los DeDeTe,3600,1
Conjunto Guantanamo,4965,1
Vieux Farka Touré,7682d624-9e0b-45b2-b7d0-d1b18b3ebd05,1
Deerhoof,11eabe0c-2638-4808-92f9-1dbd9c453429,1
Eat_Rabbit,e3dc3f6c-0e49-41a5-badf-b3fb4da38868,1
General B side,6133,1
Wobbly,0927267c-75ac-422c-8d0b-9fd8f4073705,1
Sue Tompkins,933f8e56-5344-4ddc-8aeb-50c8540e2ada,1
Irene Moon & Sara O'Keefe,6307,1
Langston Henry,6314,1
Representing NYC,6315,1
Sam Moore,868114f1-906b-4926-9daa-3bb046d0ea06,1
Sara Martin,63549d1d-1c71-4464-b756-8d38a0c422b4,1
Eloi Brunelle,3fd20ed6-8b7a-4039-ad6e-549887d2535c,1
Elektronova,6378,1
Steinbrüchel,d293f211-cf18-4e9f-a3cf-f6be10a9990b,1
Alexander Wendt,ecfeb95e-200e-4653-b29a-1fc8b120a81c,1
Billy Gomberg,389debc4-fdbd-4cd3-91be-c4f4a708f501,1
Chewy Benson,a8cd2a6a-e5c5-47fd-aecd-1c90561d55c7,1
Code Inconnu,ef91774a-8efd-4de4-9dbe-148a6b75475c,1
Niteffect,367b9d21-e8ef-49cc-9eda-73e4b24edd9f,1
Hoax,f7b36557-db8c-48df-8bd6-24b443809d14,1
The Lovetones,3aab9202-0373-438e-b03f-16a625bf7a98,1
Sunsplit,ab2fb27f-4394-4ad5-837d-70c258a86870,1
E Becomes I,4a44e80d-4860-46e1-8c81-b2c7fb801d3d,1
The Black Feathers,9fe4da3a-ccc4-4744-9785-bd739f63ad84,1
Spindrift,a216fad2-9c4f-4cdc-850e-0f4e27a487e9,1
Rene Dietrich and Horace Wright,6465,1
'Gene Green,6469,1
Murry K. Hill,56e08092-9b53-40ad-b247-cbd7bfd627a3,1
Vhiiula,e5617bbc-4ac1-4d7c-8329-685e746024e8,1
TechnoiZ,b673690a-365d-4ef5-a630-b7fdce1f053d,1
Ras Amerlock meets Professor Balthazar,6546,1
Liz Hurley,6592,1
Origami Subtropika,bd4c77e8-894d-452a-9d00-2dccf8f5f7c1,1
v.,d198a106-3f05-4c78-bf0d-89dc37459d34,1
Ultra Milkmaids,caa9dab6-4f98-42f5-a506-6e36320d4686,1
Jennifer Check,c4c258c0-2e0a-483d-bcc5-23305a1302f0,1
Oni Ayhun,6645,1
Kelp!,6686,1
Letherette,cd949939-d9f5-439f-b0aa-be08aa96c20f,1
Lissom,98add5b8-5616-4cbd-88fd-a2a55eddbe7a,1
Tomas Phillips,6427e940-a114-4212-aa5f-87020e06103c,1
Tom Smith,83401058-dc64-4136-b9d8-b17451930864,1
Transmissions,5e26a2ac-d897-474c-bf08-c99608abd118,1
Wondrous Fair,fbdc26f9-3ac6-4fb1-a1e6-723235d7fe23,1
The Sea Haggs,83cc8827-e44d-4c10-b0a3-8d7875757c6d,1
The Mu Mesons,6825,1
Leviathan,6827,1
Addicted White Guy,12889,1
LeVingtQuatre,8aee6627-e227-44bb-84e4-a2fcac1ae389,1
Fishheads,14516,1
Kenny Tudrick,825571b9-b829-439f-9fe8-935b48c631fa,1
Joel Holmes,d2064934-6b91-43d6-bd6d-bd6e1074285e,1
Ala Social Net,15457,1
Raumskaya,0bc8b14a-03d8-45df-96cf-f9f5fade4a73,1
5-40 am,7810,1
Complicado,49d42684-1f56-4618-8c18-a89742185b70,1
James Yates,0b4ed339-577c-42eb-b03a-7dd12b43035f,1
Sharelle,9767,1
Matthew James McAuley and Hiroshi Sunari,19086,1
Disco Krete,2925e8ae-7ca0-46cd-922d-44d806c9c796,1
Super Druz,5217f8c2-ecc7-4c3d-877f-f36180fb84be,1
Rashad Becker,339d8939-7aee-4296-92b6-64b2559666a6,1
AG Davis and Steven Bristol,19139,1
ASTMA and OLEO,19140,1
Lynnlee,19147,1
M4SK 22,19148,1
Odra,19149,1
The Eventu Als,19157,1
Volodymyr Bilyk and {AN} EeL,19158,1
Fast Forward,19162,1
Lekktro Flight Project,e9b88c97-148e-4f9f-9d24-3f6618ef4c1f,1
Bruce Lee,19182,1
The Petrus,19184,1
CH District,6a3e7fa5-1a00-474e-b8c8-8080213771d8,1
Structura,8625ee44-eb90-4d8a-9e03-939f0768fa65,1
richie woods,10a0b221-4520-4b65-b825-7a91870184c0,1
Madamme Cell,19224,1
Rauchgemeinschaft Merck 05,db746d0a-ac30-4679-b83c-2c5f7509b826,1
Ian Quiet,8ace9513-fa32-40eb-8afa-6ba659feaf82,1
Nicole Liotti,bc780cbf-656d-4201-b3fc-520efab54aa0,1
KvsB,19252,1
SUPERROR,d46e9574-ea65-45d5-a9ce-48bace3f62d3,1
Maria Papadomanolaki,db74c8e4-3633-4c88-9e19-4abde17d94b1,1
PLAYOFONE with Melöfo,19324,1
THE COW GOES MOO with Logosamphia,19325,1
LOGOSAMPHIA,0ddc08ac-4a57-4987-bc19-bae9f194bc5c,1
MELÖFO with Voetbal,19329,1
TOTTORINOS with Playofone,19330,1
Rakta,19341,1
Mendes Brothers,75799e53-f54d-419c-b269-f35301172f7e,1
CC Asia Band,19369,1
Monk,cf426e3d-b241-4726-b7b0-68fb600ec48c,1
Celestial Aeon Project,f5336894-1f29-4051-aed0-d586aed1f4e0,1
Dimitris Bakoulis,19378,1
Laraaji,249e0ab9-2690-47f3-8c9a-ef7bb62ee466,1
Lost Radiance,e86065f9-47f8-4431-8d91-6e72dcd2799f,1
Nuhg,962d55f1-d637-4dc1-adee-7d94cc2ade5a,1
Bleak,dbd9aaef-a30c-4b86-85f3-42b66bcec325,1
Hell Mary,19421,1
Carl Reef,19430,1
Vad Degtiar,19434,1
Quaro/Bruno Del Ben,19497,1
Stereo Akt,19515,1
John Brennan,19520,1
junior85/aindrias de staic,19524,1
EPP!,19525,1
Jim Price,19546,1
John Kiran Fernandes & Alec Livaditis,19568,1
sthm,19594,1
Stavaris,19601,1
WARenTERROR,19603,1
Ork Balkan Express,19610,1
The Singing French Fries,19588,1
GIMCRA©K,19658,1
Marga Sol,b33f280b-1381-4abd-868e-7e91b80c42f2,1
Thomas Carnacki with Jesse Quattro,19680,1
dj moleintheground,19621,1
Hearthrob,19623,1
E. Taeggi and D. Fariello,19632,1
Hopek Quirin and Norbert Schwontkowski,19637,1
Stefan Schmidt,19647,1
Thomas Aussenac,19652,1
M. Mucci,54f00bf3-f9dc-49a8-93bf-bde0eb8d03ae,1
Van Delay,19706,1
Síndrome Amok,19712,1
shhh... vs Sci Fi Industries,15545,1
T(h)ree,522958a6-38cf-47b6-b16b-61a034c8f8d3,1
Thurston Moore and Loren Connors,19749,1
sickclown,19763,1
The Deltorers,19769,1
Ixvo-Exvo,3fc19411-2779-4465-9c08-7830c8f5cc53,1
Joxaren,d895f462-f1d2-47c2-a917-42108ff96749,1
Mangrove,19790,1
"Grossman, Ewell, Grainger",19804,1
International Surrealist Bulletin,19817,1
Luke Larix,19825,1
Friction! (feat. Helia Claire Chardet),19833,1
Control K,19876,1
Allie Automne (prod. by Meera),19878,1
Jim Sebor,ac3e02f1-80d1-463b-a794-1b914ec76b38,1
Mann Racket,a3d58a9c-4fa8-4135-8414-80ae5c2449ab,1
Kontroljet,679da255-d9cb-475e-a8d6-b3d036a169cd,1
Beauty Product,0f81e5a0-afe9-4126-814a-9b3fafadfc23,1
Dylan Grimm,d63069f7-8834-4a60-ba74-c035702aa438,1
Medooza,18340,1
Savier,19977,1
Technicolor Yawn,19985,1
Brett Hool,20031,1
Clide Holcombe,20032,1
Dina Maccabee,8cf05f68-72fb-4288-b806-08bdfb837d73,1
Eric Kuhn,20035,1
Stephanie Trotter,20044,1
Lily Taylor,20008,1
Michael Mellender,8cd553dd-da5c-4fcf-aa2d-3557192f8cc0,1
noiseonport w/sanford jackson,20053,1
Hello Keller,20068,1
QBLA,5325b0fd-36bf-401e-9870-1df6f30bab7d,1
Zander One,bb2597d9-b311-4b38-b69d-51b9cc27af17,1
David Peck,20078,1
The Ear Wigs,20091,1
Gómez,20142,1
Brother Cleve & His Lush Orchestra,bdce1728-1a80-4972-864b-48357c62d86a,1
Eric & Ryan Kilkenny,b612d5b4-06ca-48e9-b820-fc28b9b33340,1
Tipsy,79a3dec1-b716-4240-8993-cb4dc3042205,1
Astroslut,bb95eecf-d6a0-4cb6-a191-3cf590448ff1,1
Der Plan,9b048a76-b812-431e-8540-79a62bda5727,1
Grandpa Norm,9abe06ef-9955-43d5-ac2f-299c48331c6a,1
Ascent,1848,1
The Lounge King meets Monsieur Max,6912a59a-99c4-4135-af11-8032c0a14c2e,1
Gulag Picture Radio,6f0f8065-64fb-40f9-939b-aa6fa3696c82,1
Laze,dbbaac86-b587-4cce-9177-2ed21c93c31f,1
Lungbutter,345c4ead-9243-4143-8390-6bb7b6185b90,1
Hypnobeat,365a19e9-ccb7-458f-8cd9-b089d399f690,1
Ninnie,b0a7d38b-1fe1-46a6-8efe-6efac52d9527,1
inBOIL,5481a7f6-3466-4077-a051-28b142b0f0c4,1
Lucas Kuzma,37b236f4-e7de-45ee-bf8e-0bd62bbee075,1
Roger Hayes,7e5b1604-561e-4c4c-9f9a-5f895e750b49,1
Die Dicken Puppen,78200f92-2bdb-4788-8957-85ffbf8e1b7c,1
The Slate Pipe Banjo Draggers,3ddfe38b-3db9-4c1e-9b6f-50242268e398,1
Fresh Nelly,c4c5a099-f783-45ef-8ec2-ccfd663baa76,1
Justin M,04a631e5-4642-4b69-8346-896173a305f5,1
JR,24b166b6-228c-4e7e-83f9-265e15cc75f9,1
John Louis Kluck,8112e4c4-fff5-42ae-9362-06e24db45d22,1
Ayato,452c55dd-5098-43f8-a573-c631ef9cba39,1
Matthew Burnett,bb9eaa34-1511-40cf-b798-26ced8028736,1
Some Some Unicorn,f99d7e01-b310-4012-8016-4feaa8eff907,1
Zal p0_thet Tarikat,a3c1e37a-3033-433e-ba4b-56f5389d5aaf,1
Ben Varian,f15beb9f-9716-415c-b6b6-18422f24dd5f,1
HAXXXORS,20300,1
Cold Beat,20324,1
Phatte Harry,20327,1
Dr. Strong,20344,1
Velocity Duo,20371,1
Faster,20377,1
Matt Riggen Quintet,20379,1
Dimmer Twins,20389,1
Bret Harold Hart,20390,1
Bremer,20394,1
Stefano,20401,1
Thimble,96a5229a-e87f-4f15-a365-b6a7679ff40c,1
ANNE MARIE with HPE,20469,1
Kristen Roos,bb4b1ebe-8417-430c-ae27-bd15ad162a2a,1
Eric Clapton,618b6900-0618-4f1e-b835-bccb17f84294,1
Jeff Beck,14a4bc78-1c2d-4ca7-8d1b-9b58076a2a17,1
Arrogalla meet Ratapignata,20491,1
Lemniscatorz (Sun Sunych & Andwert),20497,1
Uncle Fester on Acid,6b096a98-a49b-4568-bd03-c0a8067112e9,1
Southern Negro Quartet,20506,1
Eddy Hunter,20507,1
Medo's Little Trap,d30ed095-daec-4d82-875b-1aac5584e58a,1
Guy Maier & Lee Pattison,20525,1
U.S. Marine Band,10374,1
Prince's Band,d2bd0ab7-c2c7-48d8-a5fe-30051ee1c68c,1
Zez Confrey & His Orchestra,81f8b01d-64fa-42a8-94f1-91233c60ee08,1
Wilbur C. Sweatman,1ca0b948-b491-4914-84fa-2263b9a62be3,1
Roland Hayes,e269a73d-c867-419f-8ace-f5382677b665,1
Convenient Integrative Moods,3c0f7819-1be2-47d8-9d41-120840a25469,1
Eyeliner,225ec685-2e89-431c-b10a-de63159c6a3d,1
GOLDEN LIVING ROOM,7a1d222b-fc0c-4d0c-9b8c-8666553c204d,1
ULTRA ウルトラ,5fe8a1df-0f18-4bd6-ad71-e00a5e1e91e2,1
motorcraft,1e63e028-f493-49df-8bf3-b7cdf0f0c05a,1
Silver Richards,82bff65c-ea06-4fc4-adab-2aaa29b85ee4,1
ライフMIDI,7fb9049b-4dc8-45c2-a849-b1e19efa455e,1
Cat System Corp.,68c6d24f-1750-485b-9763-59cf7ca2a6b1,1
Chauncey Olcott,58e9b577-80a6-42f9-a86e-fcbfbca86fec,1
Irisu Syndrome,a8632e34-b7d5-4065-8d6b-947ffd9d0009,1
theUse,f11dc960-2bb9-409f-b759-6825ccd10928,1
. Trinitron,066e0f14-bb0c-416f-a9c4-221508f40d97,1
zequence,20720,1
All Dogs,20734,1
[AN] EeL,20741,1
Adrian Belew,73c3f499-60e2-44e1-81dd-7fe2191461fa,1
Tim Iserman,20756,1
SMOO,08a8ab35-a807-4a17-82e7-7e47f6c3d484,1
Lanin's Southern Serenaders,5c4b2a4a-025c-45f9-a543-d3b90143feae,1
Clarice Vance,276e71d4-fa87-4d1b-a230-7fc334fcaf21,1
Josef Pasternack,2c59db64-6dd3-43cf-aa45-f426baecaa50,1
M.J. O'Connell,20775,1
Irene Moon & John Selegue,20800,1
Rey Izain,20803,1
vivid sound lab,20729,1
IM140,20808,1
a.m. wiles,18861,1
John Steel,13189,1
Pan Tuzinsky,20847,1
Diamond Cuts,c08a95f4-6f0e-4770-bb6b-e584e34ed79f,1
Sci-fi Industries vs Cygnus X1,20911,1
Electrólise vs Oxygen,20912,1
Alex Moore,f8a93897-19af-46c7-a749-759ec9fcee5f,1
Aires Ferreira,05567503-a378-43b8-873b-c086c14c36f3,1
Necrostilet,83316f6a-4011-4acb-8d74-61c5ccc5e54b,1
Ambience,e4c71d5e-e302-44e4-87be-6b51e3587e0a,1
Profan,b1c88bf2-29ae-46c1-8adb-3313ce106422,1
El Banco Mundial,72f1ba72-dc4d-41b9-887f-6d8da4e6aab3,1
Les Chichis,d8386e11-3a10-47c9-aa2d-c98bb9d66cec,1
Lina Palera (Lyre 2.0 Project player),21004,1
TIGUE,21028,1
Lysdexic,71b262f1-99c7-4e59-ba3f-e82bf55a1b01,1
Roger Chandler & Kathleen Martin,21131,1
Curious Inversions,3f3bacad-6ce1-48d0-831a-2ad9a7040752,1
Xenofish,855a9876-55ea-4197-96bd-b91e14ff1cf8,1
MouthWind,4768f655-ccde-4d39-80be-574c06e3774c,1
The Jos,bc0844bc-cf72-4dc0-a14b-8521474c2975,1
Akousma,21295,1
Mace,21349,1
Fabio Rosho,21352,1
NRYY,3b65155a-a7e0-4056-9d4b-d6f885a7f9e3,1
Ralph Brown,56578e68-3bde-4e8e-a0ff-0a556ffb414a,1
Wondertaker,21371,1
Timothy Hill,a665a0f3-3aee-4283-bafd-cc3f3c76bc56,1
Janene Michalak,21383,1
Tabs & Josh,21388,1
The Fitzees & Bros. DeVries,21390,1
Tetarise,6d9b1219-70d7-4690-9770-a5a9fba1abbc,1
SHC,21467,1
My Man Mike,21472,1
Kern,21482,1
Goddess,e0ab7704-20e2-4ee3-b8fd-480e2b802eaf,1
Vintage Futura,1b574491-8d09-49d2-ad66-ae2cf050d3e3,1
Sag Chana,d5090703-5bb1-41a5-be30-68fbbcb8545c,1
The Fish Who Saved The Planet,7e5c73a6-0eb2-435b-9d71-bb9d079bda2d,1
Tiger Waves,1f44fa78-c6bf-4176-95fe-45e65f6a8bc8,1
David Yow,81af2517-4481-4960-a337-213e1f8b5a61,1
Cock ESP w/Art Pratten,21688,1
Anihma / Doc.AtmosfearCrush,21742,1
However,03d5e149-1383-498a-816d-0576b33727f1,1
Quartet 2,21787,1
Reineke Trabouliste Wilke,21790,1
Trio 3,0d972941-cbfb-4390-8753-f0321bd41869,1
Mikimo Sosumi,18275,1
Sova Sound Theory,21821,1
Lab023,21918,1
HiKE,898f35d0-04ce-43f2-8aec-951c3c5b06f0,1
Twoleggedzoo,21920,1
Atlas Dub meets Sub Majesty,21961,1
Med Dred,63d9cbf1-fd59-4aa8-9180-56fa3b2b9c19,1
Al Breadwinner,8b30aa71-2189-4756-9fe8-8f176b7a0348,1
Colonial FX,568bb4ee-c1e9-43e8-912c-fdfa3735915a,1
Zapa,57525ec4-3f87-436e-b942-ba21b5963e4c,1
Mahogany Marie,876ab573-09ec-44b9-b730-8d002bd8feca,1
The Allentown Ocean Good Times Band,22047,1
McKinley Dixon,ed864ccb-7212-46ad-a4f0-1cc53bbe12e9,1
Paracoelops,75d59354-9b27-4d81-b709-8b1f7159ad9a,1
Ooy,22081,1
Sqncr,bc0b1cbf-68c6-409b-a78d-4c35ceafe5bc,1
Malachi,22106,1
Urban Predator,22152,1
Brydon Bolton,83fe1b56-b9a8-4066-84b7-8b2f347e85b1,1
Lucille Calmel,a8134549-4355-4708-b481-9200b3e394d1,1
Bethan Parkes,2e1193ef-d6c9-4558-aef3-c88cd25f4713,1
Gregory Kramer,0de1bc1b-f34f-4ca9-812d-2c57ddb6ef45,1
Robert Kellough,4bb9c0dd-e753-4ab2-8970-6b47384f0a65,1
Sharon Gal,15a88db8-4eba-4c59-8512-e8322160cc14,1
Azopcorp & Maleficat,22255,1
Metek - Vmood - Soulart System,22262,1
Panchasila,e7e5140e-0cf5-43cb-9207-3bf06195c19f,1
XP-43,22302,1
Clan Stewart Pipe Band,527db9c2-8d0e-484f-b0eb-a15b237c7678,1
Carol Sams,b3ec7382-7dfe-4dec-859f-80381b2fbe12,1
INDN WAR DRUMS,22354,1
DSX,22374,1
Dany Angelelly,22377,1
Calendar Songs,1b11a8e2-b50a-4045-8566-97c8e9358028,1
Luka Dubak,7690a2e1-cbe3-48cd-a62e-c56d0e283531,1
King Ubu,db28cbc9-b734-4699-9369-52eaee9f205b,1
Infamous,78fb0c27-32aa-4a1d-9d77-e7f6f22633b2,1
Soulless Savvl,8e1e03a0-eb63-47b0-9c54-01f751ba68bd,1
He Can Jog,201fee24-2df2-487a-a8b1-8717adb68139,1
Houseboy,22489,1
Sidy Maiga,31047c4f-417e-4124-b91e-e7268b20800b,1
AS220 Youth Zu-Krewe,22494,1
HUSSY,22496,1
Passionate MC,602a3eb8-93b1-4693-9cbb-721fa9598680,1
Randy Bush,ebff6f61-90b4-48ce-929f-8bf8742c16ef,1
Prox-C,22507,1
Taiki Ozawa,90b35f73-ae59-41ae-b7b2-4a64b2b03dc1,1
"Haiku Ambulance ""Live at Foodhole""",22544,1
Kevin Robinson,3fe8db88-4c0d-4eba-a629-db5793849bb1,1
Gorevenge,8f233c39-150e-4598-8184-3bbc6908e0d0,1
Blurt,22608,1
Formika,2d0bb7f3-171f-42a8-bcbf-46cf3d676163,1
Radical Substance,22659,1
Xtremist,22663,1
Ars Sonor & Voiteri,22694,1
Twilight Transmissions,711636fa-4353-4cd4-a03f-d72eb53f98ea,1
María Bonita,12688d84-9429-46de-a0c4-78cb6567c936,1
Ayato & Planetaldol,22721,1
Sanrensei,7c4bab7e-737f-46a4-902d-37190a331bd5,1
Half Evidence feat. Missing O,22749,1
The One-eyed Tricycles,22753,1
Kaleidoscope,22766,1
Anderko/Balogh Duo,22783,1
Rosali,22791,1
Zinaida Trokai,73f56441-124b-40fa-9c59-3473c08194d4,1
HARSH NOISE MOVEMENT,47bf0ca0-cf79-4b4e-9688-bf5ccab6916f,1
Slug Bait,6d7a4642-1de3-44a6-8746-b7e54379b7c9,1
Barbara Barrett,b3b993a0-5f39-4d04-8337-a3b4da7a9577,1
Ben Presto Larsen Lombriki,460ad9a9-6bd2-4c50-8c69-4eb197bfde3f,1
Chlorophyll Fluxbunny,e966f6f7-18ac-42d1-8162-b2ee19d40596,1
The Darkening Scale,aaa4b324-7e9d-47d5-8fe1-2c54819c5c44,1
.cut,e0e80af7-8991-4696-ba4b-8113511cffd3,1
Thanato Twist with Oleg Sound System,22926,1
Ultra Speicer,11beed00-7334-4510-bd17-b365832e6276,1
Dawamesk,b61ed5fd-b938-42ab-8f68-cc233e8f9508,1
Auto/Sexual,22966,1
Bleacher,22967,1
Hallu,22970,1
Knish,07a9adcc-174b-46af-96bf-7927647fe5b1,1
Man Machine Connexion,22973,1
Neural,7c1a486e-c9bb-42dc-8c1c-39ac18d3c96b,1
Roman Panatela,22977,1
Wiracki,a4011bf3-ec87-4dc8-a23c-68642b2fc7d4,1
E-Men,4716f032-9473-4f2e-96d7-081b2a40780a,1
Maile Colbert,d7e59074-af22-47dc-bbd6-ad50c31a0868,1
Augustine Leudar,19af5f75-03a1-4496-a4c5-48d9e3d1c9b7,1
Dr.Strangelove,a000ea4b-0126-474c-aad9-10948d2261db,1
Moskar3,4b9a960f-ca72-4147-a42c-365c127c750e,1
Maria Jikuuuuuuuuuuu / Go Tsushima / IOIOI / SLP,23001,1
Eurovision Über Alles,06e9d4b0-a0d8-4d60-82bf-dae5228343f6,1
Fissure Shaft,e1341030-1764-4e55-a83f-34dfb33f4760,1
The Spectral Pride,3efb6b02-291f-4822-b85c-6ac99e9e19fe,1
Rob Shrigley,9b281847-d75e-482b-9e6e-d0471d7b6e4f,1
L.A.D.O.,831c9d85-de65-4f44-88f5-bd9ffdf6575b,1
HattifNatteR,1bdd5c13-5911-4ee7-b0cc-55652a3084a1,1
Blood Rhythms,52e194e6-1b60-45bc-a82f-c33af208a96f,1
Diaenoxe,df190d06-d549-4117-9bdf-a4aaf909c47b,1
Lunatik,23175,1
Hannah B.,23177,1
See Pereira,23178,1
Baby Woodrose,aff9bedf-319d-49a4-ad0d-caa7b2a8d81f,1
The Red Plastic Buddha,f9eb3cbd-b861-4093-bf28-3bdf35fe8b7a,1
Hobb's End,4ae44b97-5b11-4aa3-bcfc-05c8a61ce59a,1
Jesse Eric Schmidt,23242,1
Noisesculptor,34b81657-37e6-46c2-89a6-80675917abec,1
Dimitris Thorivos,23269,1
Outrospection,23276,1
Andrew L. Jackson,23061,1
Ayato & Stillborn Blues,23290,1
Low Factor,6666efd0-eb70-4f79-9736-7fc8bbf1b2cc,1
Petra pied de biche et gUrdUlU,23311,1
Endorphine,23100,1
Underground Horns,d81761f0-8bec-4bad-8689-3cd86a104d8c,1
Fiorella16 / La Función de Repulsa,23378,1
El Kura,23390,1
Mockstar,449d8bab-6102-415f-8bcd-79c6e3d969da,1
Geneberlin & Alveola,23356,1
"Xover - Danilo Casti, Travis McCoy Fuller",23360,1
The Angulars,23363,1
Carbinax,ba674203-0ebb-4db4-b955-1908b44a637a,1
Cymon,7a2dd19b-ab16-4657-a590-1bf2818bef54,1
Escaped Trees,6f175dec-6134-48f8-bdff-162cc5c6dade,1
exm,49421b7a-793e-490f-8e70-9773256b4fe0,1
HATCH.,2ce6c5e4-7ade-46b0-ba26-fdb32e56da8a,1
The Wee DJ's,0db9a7ce-56ef-4b86-8d7f-b2a48aeb7531,1
translūcēre,8612149f-db7f-46e0-9f69-2c8b9059f1b9,1
Triple_Sun,18562130-0e63-4328-afa1-3268ac1d2e6d,1
Emeterians,440ee7c4-5f7b-4499-b3fd-3c2a78cadb2a,1
Ana María Romano,b75cdf11-04e7-4250-8ebc-100aa01b1d37,1
Big Terror Season,23497,1
Noise Cluster and Impermanenza Armonica,23512,1
Ultra Bide',54520622-d3cd-4f71-953a-28f195379920,1
Junichi Usui & Adit Alias,23515,1
Go Tsushima,07f1eecc-b21a-4f61-b444-3b2b8b96744f,1
Goh Lee Kwang,44e5eafb-a076-4743-86e7-38905daff573,1
GNG,8920,1
Hubert Et Roger,23563,1
Alexei Borisov,9319,1
G.X.J.B.PPFPESS.co.(C.V.)Y.H.{A}E,23613,1
Princess Haultaine III,23617,1
Tae Ateh,23620,1
Alexander Wieser,ad2e4c16-281a-471b-9f8d-5c76ac2b857f,1
Van Halen ( NOT ),23697,1
Mitä,23701,1
Outrun,8a9bdaf5-889f-42a2-8fa0-7edd82fa71a8,1
Kiki Keren-Huss,191cf0e4-bc2d-4af3-94fc-36c30f0d4b7f,1
Dako Loop Orchestra,23790,1
adarcah [ianku],23795,1
Souren Baronian and Friends,23811,1
Michał James Szewczyński,23838,1
Sola Veneño,23840,1
Trance;Gate,23846,1
Blaming Waves,cd46e981-3564-40da-af58-ca8f2516982e,1
Skyzo Maniak VS Peny,23868,1
Golden Cloud,bf0f260b-6973-49ab-a29b-70aafbadabec,1
O.S.I.S.,23885,1
The Astronauts Sounds,23898,1
Neptunium,df665c75-6019-4996-988f-5b16abb053a3,1
Omega Dub Experience,02a96959-f901-45f3-8691-998f96b814fa,1
OttovRhino,23932,1
Exclamation Point,bbe14f4b-625a-4747-8b43-4d35ba0b997b,1
mr.Bull,23963,1
[tlr],6591a907-c12b-4934-9a75-b501eb7d300c,1
Francesco Lenzi,4be9c17a-85fe-4b1b-bcae-a17fa6ef604a,1
Razxca,bb31569a-25bd-41a2-8e59-31eab2914388,1
Spacings,b3f47e2e-1fdf-4389-b62d-e43d1b86edc1,1
Blissful Echidna,23979,1
Toth Kina Hegyfalu,23985,1
Hollywood Video Game Kill-Bot,0b6621eb-5a6d-48d7-a1b3-95e668865661,1
Fabiorosho,01921ccd-0038-4eef-9bfc-dd8b55efcd0e,1
Hlo,cde2000e-d658-40ab-b3f4-7f5a640a4429,1
Microwaved,e5c3728c-a6f3-4058-a214-65de9abc88b5,1
Your Name,aa2af53e-92a9-4ebb-a386-7c015e26b3ff,1
Topi Reta,9d920a0c-ea2e-4a91-a182-507971cd1129,1
RedSK,7f088ccf-344b-4290-9cfe-2c4eb2326c15,1
Hataken,04271b63-9e9e-432a-8378-9404e6bf7bf0,1
Syrinx,ef458066-bd8b-44a7-b916-3751adce956d,1
Ohotniki za Golovami,24027,1
XtremLawyer,ac277a78-e4e1-4194-86a9-5ebceec0fd41,1
Electro Plus,c1186adf-6582-437e-99fb-4b7af4c4d02b,1
Unknown Artist,,1
Genetic Trance,3a2256b7-0e73-4e25-b975-9cdab1470865,1
Milf Lover 2000 A.D.,4af47f78-aca9-42df-827f-58d657067204,1
Moustache Adhesive,1197d28f-424d-44ac-be44-633b86ee3951,1
C4,c03516a4-009d-4ac0-9f8f-10901da77a7e,1
Cunt Fuckula,46d13f3c-9f68-44a2-969d-815529877ab9,1
Soul_Scientist,6f02134e-ca8d-4516-876b-8c2a74fcbff0,1
Cold Metal Future,ccf85a39-3e17-428a-b222-a108b0b835f5,1
DNGL,3991b744-e6cc-4f42-b9d6-3f161c2d73b1,1
Neuronic Org.,b45910c3-ecf6-4ecc-93dc-435e4c4f90ec,1
alex elgier and cecilia quinteros,24183,1
Matt Wolf and Jared C. Balogh,24086,1
Burton Stehly and Jared C. Balogh,24087,1
GV,1c039c55-3e65-4495-af46-63cc842a22af,1
Yiftah Kadan,24225,1
The Whips,621e25dd-3d2c-4ba3-8756-eb7cd0f6f50a,1
Methods for Mourning,60ca0640-6d1c-4225-9ae8-47bf94adf502,1
ppfpess.co,2e16f3b1-f191-4704-8257-be92a73db929,1
Tugba Varol,cf9f30e0-2837-4009-b7e6-fccc1fcf235b,1
SEN,29c6d3aa-6f4d-4f6c-94b9-b7678487ade2,1
Sysma,31bacb6b-c3ad-4e25-8681-16b6cfcb7ee7,1
Banmaskim,b23a441a-0aca-4376-9a68-2b1da2d1a386,1
Tuonela,fc488a32-00ba-4a68-8363-68ce2d48d11f,1
Weasel Walter Closet,0c3d3a1a-d286-45e5-a808-0244ee12a4a4,1
psoph.OS,d1cd4730-a526-4c2a-ad35-a4466b6b25f9,1
Bengalfuel,099e3874-ff09-4c5d-9059-a411c995f1f4,1
Ryan Gregory Tallman,24250,1
Skin Drone,f24a0b07-08a4-4365-a315-355ed62e3b64,1
"Ghost, Narva9, Yvonne",24289,1
Somebuddy,24299,1
FxCK YOU PUNK!,24279,1
Gumbel w. Twink,24331,1
Nihilore w. Bignonioides,24328,1
Santoré w. Clocolan,24324,1
Nic Bommarito w. Santoré,24323,1
Earl Howard,a64d68fc-ec56-4b05-9fdd-202268da8219,1
Mexicanvader,ad69569e-fade-4ae6-b908-e4d3ab1af9fb,1
Guignol,134a889a-2a22-4d66-8289-6498d41cc51a,1
Mischief Brew,d1644dce-5c33-4dcd-8fc5-72003fdc89d5,1
Ostin,dbf1dd61-1d00-4194-923b-f3b692b4c561,1
Ergo Phizmiz & Technoillogical,15799,1
Ergo Phizmiz & The Superfools,15800,1
Zeller,15912,1
Pola Bear,15920,1
undRess Béton & Lezet,15978,1
undRess Béton and Hal McGee,15951,1
Dada AG,0T5vl3w8u916IbTnZfNkFl,1
"Adrian Beentjes, Anthony Donovan, Jaan Patterson",15965,1
undRess Béton & Stalaktos,15975,1
Macc,75f245a0-b5b6-402c-b070-bdbeb4b805d5,1
Elvis Herod / Plushgoolash,16004,1
Architect,2121424a-6317-45a8-9baa-32a7d6ff9815,1
C.H. District,6a3e7fa5-1a00-474e-b8c8-8080213771d8,1
Yvat,2b120546-066c-4208-a63d-5940c36110d2,1
Joel Tammik,054963fe-f454-478f-a05b-3d649d0a8538,1
Pavel Tukki,b32b14b7-c81b-477c-8adc-4efec63d32b1,1
Jaan Patterson & Anthony Donovan,16046,1
We Are,a2c0fa10-c800-4c7d-9c59-2cc04f655ca4,1
Moodring,16106,1
Miazma,16108,1
Party Killer,16114,1
Blanche Blanche Blanche,16001,1
Sinestetici,a4d4544d-8c02-4c8b-b783-060b9ce577cb,1
Alamout Black,4abb7c15-6508-4928-bbe2-7db37ee98712,1
Project Data Control,e6d9d4c1-5607-4e67-b0df-a95374585594,1
Brain Science,c858d799-9b88-4ea5-8e18-ccfb8dc6051c,1
Mind,8f942fd9-08b8-4a89-a5be-75fc311ded51,1
Social Security,934767e3-4a39-47e2-bee5-d02e18ebfe6d,1
Bonefish Sam and His Power Orchestra,8cdccaad-7871-4166-b9d7-f95d1037748c,1
Ben Burck,ba05baa0-4778-47b0-9b6c-f805642dd3d6,1
equatorial,20a149c0-5ce1-4357-bcfb-aea75815270f,1
Escape Mechanism,4dcf8c1e-ad22-4566-848e-7a7ec83b4724,1
Rodd Rogers,7c568075-d1b5-4e90-92fb-892e34c251fb,1
Rod Rogers and the Orchestra,16172,1
Acid Trash,16217,1
Zone Tripper,16235,1
Suspicious for the Winter,26cf4889-355b-4a59-84c0-356b55a3111e,1
Peacock Dreams,2c0f03b6-8919-4839-b56a-8d2592e9d100,1
Cunningworth's Escape,16177,1
Akris,39250531-dae5-4a7b-900a-394c547f7f26,1
Mizar,44ecccd4-fe22-4b45-b2ed-17920ee0cba5,1
I Am Kiwi Eat Me,6fe10202-d24c-4218-af6f-1e3853fe2e30,1
Koneyn,c63debdf-ff32-4e9d-ab2b-37de38b875c8,1
OSTOJA,16349,1
THIRD I,19d31fd8-6b12-468f-a5c2-743c4dbc1dcf,1
Whore Paint,cd7ca65f-f0b5-4f0a-8ff9-c26fe03ed806,1
Boo City,16370,1
NOFP,16393,1
11-PARAL-LEL,16410,1
Arthur Bull Daniel Heikalo,16418,1
Mark Hewins,95dd6f6b-452f-44ec-8bb9-a73ebc50aa11,1
Jaan Patterson & Zaro Ostrich Lunch,16434,1
Pelayo-Arrizabalaga_Eli-Gras,16441,1
SALAMAND,16443,1
Satisfacción Lab,14875,1
Survival,6e47005d-4b16-4914-b6dd-7164aa2eb9b5,1
Victor BlackCat,16478,1
Baby Gherkin & Bomis Prendin,16490,1
Jeff Stone,16492,1
The Fabulous Daturas,16493,1
Star Rover,c52f136f-3579-4433-8f30-a2a7fdf4c793,1
Rupert Blaise,16542,1
Quartet Barbette,16546,1
The Cants,16569,1
The Laurels,9e513828-ebc4-4086-90cf-7092dab3fe9e,1
Pat Thomas,16596,1
David Marsden,16633,1
Die Leere im Kern deiner Hoffnung,61e6d021-98b8-42dc-98cd-66c058029c48,1
Joseph Hammer,65db075b-3f16-475f-90e3-d0679b354525,1
Christian Moraga,a9f6db51-008e-4c69-a2a4-d44d07108618,1
Pale Earth,e3a9a3f1-c7a2-46ad-a225-d01d10b9d5ed,1
(F.E.V.E.R.),16673,1
Sustained Development,16759,1
Aparition,07b81183-4cf5-4dde-aecb-7a03add9b7ae,1
First Place Science Project,b35a2717-67e5-4b76-9a77-891b128f2e5a,1
Little Birth,16812,1
Holy Night,16791,1
Sandworm,97ddf263-c714-4323-9032-bed14b28786f,1
BRIAN 4 EVER,81ca5dfc-3a2f-4dcb-a115-8730cef5c035,1
Lolita Black,16780,1
Peema$ter,16837,1
Crank Sturgeon & Peeesseye,16843,1
Shad,15d58b2e-63f9-454b-845b-397dc443f17f,1
Skratch Bastid,133d7ebd-b41c-49b8-a92a-6ad058c366b8,1
andrea pensado and davindar singh,16889,1
Zoÿ Archa,16952,1
Mary Shelley,299eac94-3e5c-46d1-a116-e71b2935949f,1
Cian Nugent & The Cosmos,98ff59b5-6d87-47f3-be04-e2b09fe5770c,1
Guidonian Hand & Ensemble Indexical,17047,1
Hertz Volta and Antonio B.Sánchez,17064,1
BassHand,17096,1
Free Science Duo,17088,1
Balam,b0be4a60-bcb5-4ad9-8b5c-232eb98547c7,1
Way Out,b24f41ae-aea2-4688-87aa-2941d6fe62ec,1
Verse,3337159b-9147-43e9-a257-a0f03a7bf923,1
Masaya Ozaki,b33eb452-27f2-465e-b4eb-caf54e2d6638,1
Jeff Kocan,17200,1
naotko,9060037c-d787-43e0-b09b-bb22683454c2,1
sōzu project,09d0bb9a-bb2e-4e43-999d-c355c8cd42aa,1
Trans Atlantic Rage-Balogh,16939,1
Mr. Jonz,d4ec6aa6-ab81-4a46-8e0d-3716d41441b7,1
jai,17260,1
Ken Mistove,17265,1
Gag,17364,1
Pilliam,17374,1
Deekie,17382,1
treasureseason,cf42ecff-5e76-4c33-bf90-69ec206b85ad,1
Window,17384,1
Yourself in Peace,17387,1
HD Holden,62a93d9b-35e3-4958-9dd2-372d49750aeb,1
New Jack Rubys,41c32235-ef93-42ae-893c-84078cdc3782,1
Steinski,900041e6-03f9-4bc3-a4cd-68452dd1ea2d,1
Mass Media,865ec6db-f67b-4b50-aac5-f6fd9ff18381,1
Black Rabbit,8ffaf776-54b3-43f9-b0ac-3275dd543ee3,1
Dark Fog,dd36af1d-630c-4900-8a7b-5d7fd322fd8a,1
Drive-Thru Mystics,17306,1
The Karovas Milkshake,19a90161-e93e-463b-86a7-4b5ef4081e31,1
The Omecs,17325,1
The Rockin' Guys,17326,1
Adoption,b4bdcfb5-d69e-4cfe-8d68-abdd6c4e3509,1
Ahad,bb786dd2-e2c7-45c8-a5a8-d228bf9f48ef,1
Br l'âa B,56fcac8f-4e51-4a8a-9ca4-b793b2067fa5,1
"Eun-Jung Kim, John Jasnoch and Charlie Collins",17465,1
K0Ks,0364e8e0-19f2-40f0-a758-14b5046614a5,1
Soriah,59690ef7-7dd5-4644-9081-338a1863b883,1
Kálmán Balogh,b642bae2-eb1e-467a-8cf9-eb7f5fe4da63,1
Vincent Bergeron,b707e741-570c-435b-827f-3d128c02c196,1
Desh & Ekis,17500,1
Jasmine Guffond,364eab96-e0c0-4cb8-972a-26a6066d7562,1
Golden Diskó Ship,eef3a230-4ddf-4187-b9c0-7b5569d02b41,1
Sheri Malckin,17509,1
Zombi Zoba,17562,1
CoLo & Cory O'Brien,17577,1
Yop,17654,1
Renee & Marc Hoogstad,17660,1
Herbsthauch,3cacdb00-2bc7-430c-8180-ae3a575830ae,1
Jean-Paul Vosmeer,c9cf23ec-66bc-4032-b587-bce7ebdf7e36,1
N(SAtan),17810,1
Razorheads,17816,1
El Hombre Percha,17745,1
Poets of E.L.A.N.,17750,1
The New Sex and Drugs,17752,1
Violins Is Not The Answer,97aca09b-3902-4ad0-a260-e70a09bf208c,1
Sediment Club,17767,1
Virusse,17768,1
Generations,17789,1
Negation,17857,1
Ivan Kurbakov,e8ebfce7-8d38-452e-bd58-be72bda2b0df,1
J P,c604ceb5-e67e-4644-883a-01318aa53f43,1
Hemisphere,17950,1
Jefferson Kielwagen,17954,1
Lucas Bolaño,17960,1
Zlatno Selo,17973,1
Option Command,0b8b835c-2a06-4d55-a33e-fd72d876bb01,1
Samuel Antonin,2762456d-0fb9-49a4-b4b9-fe94285885c2,1
[Interrupt:Jumper],4c80418c-b565-47a7-8197-dd0df84d01a0,1
Pugz Atoms,069a2b76-6987-4ba5-914a-242b2785179a,1
Eric Reprid,b488337f-b6e0-4170-a1c9-b2f139dd61b2,1
Anthony Donovan & Jaan Patterson,18067,1
Aracagok Donovan Johnco,18068,1
GX Jupitter-Larsen and {AN} Eel,18069,1
Paul Shelton,2751de03-7433-42ac-9b83-feb2ff4dcea8,1
LIL and Anthony Donovan,18075,1
Chris Silver T,,1
PAN PAN PAN Avian Distress Call,18078,1
Trevor Watts,440d23f5-5bc8-4a02-a000-2b22d6e8ba55,1
illwitch,18145,1
MIZAR,16316,1
Žen,809c9b4b-71cc-4cb9-8114-20d36085f152,1
C L VRS,8ce2976c-9c18-4c4d-b55d-52f69d0b79df,1
MangulicaFM,05ffaa7e-a7b1-45b4-a5d7-7ede3850d145,1
Nastrom,88f1d46f-5dc5-4288-8889-ac1d8165cced,1
Lenhart Tapes,07f474cc-68de-4c67-b7b7-eae0ff47f77b,1
Čistilište,44143d5e-456b-4e32-9b40-efc9747e55ff,1
CPTOVI,dfd5e66f-a902-40ae-989a-d4aee8882e8f,1
Paperfangs,4e80d297-3702-4538-a91a-72708c3e797b,1
Jan Meyer,84e0650e-518b-456d-9ab4-939def90e8a5,1
Hannah Gilmour,500be5f6-0835-4fba-9bdf-4468dd0cd8a2,1
Herbert Baioco,b7c197c3-2673-42ae-b025-2c45542a0e2f,1
Stijn Demeulenaere,be1db049-8216-4eb0-90ea-3151b10bc7c5,1
Phonic Psychomimesis,18435,1
The Ambulance,f2fb9f5c-b687-4a54-a319-cdaa37844027,1
Unsung,18455,1
Ulysses Hellier,18456,1
Seeami,e9194dd1-0f98-4e1f-a789-3c592571a4e7,1
Seth Graham,39be82b4-160f-4e09-9178-77da3487d22b,1
Lumisokea,d96f3240-402b-474b-af68-1a8aa780d91b,1
DFM,59744309-9f1e-4d69-9864-cf21a31d3057,1
Glasshouse,b56280f2-4a98-4573-8b3c-f352f84fb46b,1
Haq,40718fce-863b-42b8-87f9-e49d26e5e832,1
Hatch,a6a23eff-cf52-4fcb-92fb-ca922dc9cfaf,1
Re‐Arbeiten,5e8dfcdc-8e0a-4d41-89ec-e18f7b94efd0,1
Sapphirine Phlant,7a232a34-6e89-41c4-9284-82ca82170458,1
The George Cloonies,04cf8d7c-1dc7-4a46-afa1-597fa9294c2d,1
The Simulation Hypothesis,fc50b90c-484f-4389-9716-05688e1aa359,1
Volitune,dba26240-200b-40ff-807b-892206ff6671,1
Bipolaroid,18479,1
The Inner Shore,18491,1
A.L.Guillén,18493,1
Metal Wind,18496,1
Manners,18507,1
The Cups,a394b00a-1d97-4ce5-930e-3d7dcef016c6,1
Anna Fox Rochinski,f685b870-9486-47da-9173-f3463dc6df3c,1
clipping.,84ca8fa4-7cca-4948-a90a-cb44db29853d,1
Gatherer,ac20b83f-b8c3-4c80-8858-0243eade48ad,1
ce françois couture,18593,1
Hieronymous SteamCake,f513de7e-64d5-4882-b970-1c18e5b50896,1
Rabbitry featuring Tunnel Rat,18628,1
Beta Dog杯,18655,1
Kingdom of the Holy Sun,774d1cb3-7354-4d5e-8e11-84f799cdc817,1
Clone Clowns,2df8e1b2-73a2-47f2-89cf-0eaa72640956,1
Helluvah,8186158e-01a4-4676-b6d0-18c1852d857a,1
Elbee,16048461-4ff1-4733-b704-f476f4d881ba,1
DJ Somatix,708b969d-9843-4fa4-b3a4-875c6860ab8f,1
Steve Dubois,18708,1
Jon Campbell,18711,1
Spindleshanks,18714,1
Space Heater,18715,1
The Whompers,18718,1
Major Hemisphere and the Blunt Unanimous,18720,1
Dj Manipulate,18734,1
Don Goliath mmet I-lodica,18737,1
Don Goliath meet Samson Benji,18738,1
Jonas The Plugexpert,1b53f964-9638-486d-8f6f-5a632d27e40f,1
grykes,18757,1
Health&Beauty,b5dbd8a4-16a5-4305-a1ec-599beee124c5,1
the jed,18865,1
13b-PARAL-LEL,18889,1
Chagas Chilton Dee Donovan,18893,1
Dread Dad,18897,1
ESO,18898,1
MBasix and Chris Silver T,18908,1
Mirror Shards,6516c03c-1aed-4d92-81f7-c7068dcb061d,1
ricky eat acid,c1dbfec7-c0ef-4f3a-95d3-066c228d2f3e,1
greetings from tuskan,84125266-878a-47f1-9cc6-bb16bb77b8b0,1
smoking fox,18932,1
Sete Star Sept,52623c35-42c5-4436-a74d-453c3b56b3a4,1
Rui P. Andrade,18983,1
Vicky and The Vengents,5586bd71-f32d-45f9-9297-cd8aaf58b220,1
Motoko Kikkawa and Kraus,19002,1
Wm. Berger / Jed Hershon,19018,1
an0va,d4a3b117-e0cb-4e58-9c4f-145cb2ebf419,1
Low-Gain,31daeb95-63c8-4fb0-ad56-c4432c63b439,1
Ovenrake,67ad6654-f3a6-4265-bbfa-2177a6a92a09,1
Стол-Стул-Стены,17720,1
Lata,237b191f-5fbd-434a-8e12-85ba522925cf,1
Setamur - Rudolf Schmitt & Milena Tomic,17836,1
Setamur - Vladimir KlonK Antonov,17838,1
James Price,19545,1
konstruKt,,1
Peter Brötzmann,9b3a1099-3a25-43ca-a5d7-2291af2ba1f3,1
Hüseyin Ertunç,f8da4e59-4140-4309-953c-41add20ed695,1
Dogan Dogusel,a5e36a9b-761f-4ee8-9c00-1651f01746bf,1
Peter Blamey,aa96cc96-cf3c-4778-a175-4a23624a2e51,1
Adam Trainer,8d4fd168-0e4e-4b76-afe8-a6b84a4c310f,1
PSBEUYS,d1353d2f-2bd4-4f4f-b610-4287c295338a,1
Cannibal Party,f460cf17-ffc6-4943-9300-4d26dfceff8c,1
Autotistic,5a29b605-b549-4253-8583-a69c711a42d3,1
Soni Jimm,0698b965-592a-43a5-9eef-8e673f70582a,1
Gustav Taxén,eb2a5764-c099-40ea-b2ea-525d0fda8c2c,1
Gorium,a58d0c06-2515-4bef-888b-9fd00c7f38b4,1
Chocolabor,eeaa04af-75c7-4b69-8e87-249ae8e84eed,1
L'egojazz,6bdc3fc4-cdad-4da9-a39a-ccfad20e23f7,1
Le Capharnaum,428c0984-3bfc-40d2-aab5-408670ce904a,1
Primix For Kids,9276139e-fa86-4097-a713-647b9a8ebecb,1
Evily Candy Machine,423caf05-781d-4a0e-825d-0345e686295d,1
Patrick Lombe,689a7ffb-7740-477d-b378-84f12618d4cf,1
Die Rotzz,dec81f47-6afc-41fa-b58c-44e8ec7b7fff,1
The Importance of Birds,5c75d72c-d70a-4f53-b799-1ed36968ef20,1
Agripon,77d2d67f-b33f-4990-a7ed-40e161db596b,1
Eddie135,ecad2aff-a4f3-4fc5-92ac-26621d29d2a0,1
Sieqsonick,bdcc622f-75e4-4f35-b90f-be50624de806,1
Adrien Perron,71b5748a-119e-49e6-8458-04166322f4fc,1
JJ Doll,8b53081f-5a21-48d1-b427-ac7c59c87373,1
MISANDR,0c4feee5-50ef-41e2-94fe-4607bc8d5672,1
Lunatic Finnshits,99341093-e30a-4113-aab1-5905229ca1a9,1
Joel nobody,3ec9693e-1f6f-4f47-b63a-d9afbbe4c6bb,1
Icolmkill,eea0c781-b9d0-4111-9bf5-d6336017ab9a,1
A Patch Of Nettles,05706580-f8d7-4f2a-8723-43a264b8367b,1
Matthew Mehlan,75742764-52ab-47cc-a618-f128b3657600,1
Chris Stroffolino,57db5bcf-c257-4276-a124-b2c8cba38212,1
Los Lichis,8ef0a69c-14db-422a-bb04-4167cb791502,1
SCSI-9,ec4e96b9-a5fc-4eea-9c69-2cc2a395f46e,1
Tommpa Runkkari,9e124db4-0381-4a5d-b238-7d87df1ba54d,1
Roy Campbell,,1
Joe Giardullo,f1fbc694-be58-4b86-978c-7166edd74690,1
Dominic Duval,6d6bb35d-aef3-435d-beec-7c7e7ae68c26,1
Mike Bisio,,1
Jay Rosen,,1
Kallathon,6293e826-c293-4a0e-b359-acbf68dd4a6f,1
The Hunter Gracchus,bd5edf49-94d8-422c-a273-16019a388391,1
Alice Hui-Sheng Chang,a4d75e24-3ce0-4e26-8aea-e983db792755,1
To The Happy Few,bba6a624-520e-4cd3-a72b-e8cddf2dc02c,1
Thanato Twist and Oleg's Sound System,7e31f615-0f3b-4529-a046-d083a30977a3,1
Les Louise Mitchels,c631712b-c54a-4dc9-bda0-9bbbca8a917b,1
Mid State Orange,fbbce3d2-56f5-4139-aa98-d99416177552,1
Radio Eris,5fdd8615-7081-4f66-882c-2011bee6cd21,1
Lazy Arrows,fed64da6-1443-414b-ba79-eff990e131ef,1
Lovebrrd,388e01dd-893a-4eb5-9500-c1065d807484,1
Half High,cd2686a8-f68f-4823-a781-1b162fd977c6,1
xNoBBQx,13572a1b-eac6-481f-955c-e6cfdf9047d9,1
Dj Hollow Life,66ee6067-4a2f-4c69-984a-ca7dfe6b6b0d,1
900piesek,5fa2b7a9-e1cc-4236-a73e-4f9347f0eae3,1
AllThatFall,1e3143e6-d0d9-4ca4-ae32-0e7f9e4c44da,1
Roddy Schrock,70c54ded-d58d-4b43-aae1-d8ce59fb54f1,1
Pakchee,073c872a-324b-41c2-8c8d-2c346f697a88,1
Giorgio Albanese,1d9a8b19-ae62-4233-8640-c97c2c585700,1
calafia puta,f1868e77-ef34-4385-941f-5522e30035f3,1
François-Emmanuel Fodéré,31101219-d3c8-4a5c-b88d-6f1d03310fda,1
Broken NVEP,703e3ac2-3543-4974-b706-adb5b76bfb97,1
Ohne Worte,e34a66fd-3bba-41e2-808a-3c9967d83d06,1
Trickform,6113f55d-69bf-4663-b8e4-c327b4cfe8eb,1
M-Sli©k Da NinjA,18a47c8c-5722-40dd-ae72-5ccc7350d2c3,1
White Load,9df6e7e6-e1a8-471e-8298-82eebd7f6d27,1
David Birchall,855b6354-f51d-475b-ba5f-b0553e8c84e2,1
Art of Failure,ea327178-131e-4211-a10a-c761250ed009,1
The Lucy Parsons Experience,d8b5cc88-f524-4b6b-bb23-6476d5c0e750,1
Hans Christian Bischof,857bfba1-64b4-4649-ada9-5a6720bf4189,1
John Seden,1aaafbc1-f090-4293-b306-ef1da8a6ae6c,1
Jørgensen & Martinsen,d3957680-5df1-4a5b-870b-8e954250373c,1
99 cents,256f18b1-61b2-4961-8b1b-39759a95fc1d,1
Gimcrack,a3533b6f-4ed1-4c50-ab3d-9f39de51a884,1
Dockta Valkus,612317ef-366d-4364-971f-46146d035bfd,1
Exploding Castro Cigars,631618a7-a544-4aad-8cbe-e2d6492686c4,1
Dan Lerch,eb07f3b4-8fc9-4266-b499-276a24ddb822,1
Mystery Wagon,ae93aaa7-6152-46ef-958e-16182bf32a71,1
nojoined,753a7301-e65d-49e5-9c80-4c309b79b1c7,1
mysterybear,0f8e907c-c2b5-4860-9a21-6c6f23822087,1
spaceaser,b5e9b0db-4a1e-4e79-ae95-3d808025360a,1
Night Viking,ca6766ea-9c3f-422c-9677-26db0d8fc2e4,1
NuanÆ,3d894fe8-93ae-41aa-ad5b-7824db46d84e,1
V N C F,2cbc7ef8-ca37-44db-8dbe-18a6ee0f7de7,1
F2RC,da0c2506-dc34-405b-a467-cdecc5ee2da2,1
Carroll Clark,77163eeb-b4a2-4103-a0eb-d7b97c2d41ff,1
ALEN ILIJIĆ,a1ccfba6-5902-4fa5-9901-bd0e69c7cebe,1
Indch Libertine,d81e30f4-bcec-40a9-b508-402d8e9e03bb,1
R.H. Burnside,8dd1df2b-717d-436e-a277-06d4beb8b7f1,1
Elektronengehirn,6327da96-9b3f-46f4-9837-b156bdb693af,1
Wehwalt Trio,04d9177e-32ec-4838-9443-3d4c2841af19,1
harmonic defiance,f7f726a0-9ef3-4bdf-8bc4-ec549485495a,1
Dr. Shalako,5a5e6f7f-74e5-4a1b-874d-a8ebead1fc9f,1
Mike Stand Productions,46a13414-09d6-45ab-b1e9-a85e934359af,1
Glaciate,fac327e1-c8ee-4a11-b3ca-67817c1f0f70,1
Mihidea,e6a7cb3c-265d-4970-a560-b1ed6c61e5e5,1
