query_name,matched_name,creator_id,total_results,count__free-music-archive,count__laion-disco-12m,count__sleeping-disco-9m,count__spotify-tracks-dataset,present_datasets,used_by_datasets,used_by_companies,flag
Podington Bear,Podington Bear,2c15f704-d0f3-4175-80c4-97f395ad7d9a,606,586,0,20,0,free-music-archive;sleeping-disco-9m,free-music-archive,Google;Stability AI,USED_BY
Kosta T,Kosta T,15891,551,551,0,0,0,free-music-archive,free-music-archive,Google;Stability AI,USED_BY
Ergo Phizmiz,Ergo Phizmiz,8a0194ad-6b24-448b-a069-5e7baf2eb1dd,567,539,18,10,0,free-music-archive;laion-disco-12m;sleeping-disco-9m,free-music-archive,Google;Stability AI,USED_BY
Blue Dot Sessions,Blue Dot Sessions,57d8f0d0-146c-442b-91db-bed873223d1a,566,410,150,6,0,free-music-archive;laion-disco-12m;sleeping-disco-9m,free-music-archive,Google;Stability AI,USED_BY
Lee Rosevere,Lee Rosevere,fff239d3-b78a-4c2c-9e05-d8b08857149b,394,368,0,26,0,free-music-archive;sleeping-disco-9m,free-music-archive,Google;Stability AI,USED_BY
Jahzzar,Jahzzar,0536f3c2-5484-47c4-b05c-bd30692f4e48,329,329,0,0,0,free-music-archive,free-music-archive,Google;Stability AI,USED_BY
James Kibbie,James Kibbie,437c5876-f406-45be-a3cc-e76d244ee497,319,319,0,0,0,free-music-archive,free-music-archive,Google;Stability AI,USED_BY
Mr. & Mrs. Smith,Mr. & Mrs. Smith,6647a26b-bd94-4bc7-8769-7b1e7207a824,317,317,0,0,0,free-music-archive,free-music-archive,Google;Stability AI,USED_BY
Ars Sonor,Ars Sonor,87fdd785-3c3e-439f-973f-8c6d4d5f5421,294,294,0,0,0,free-music-archive,free-music-archive,Google;Stability AI,USED_BY
Zreen Toyz,Zreen Toyz,ec0abf48-cfc5-46ce-8365-295444ce7c5b,281,281,0,0,0,free-music-archive,free-music-archive,Google;Stability AI,USED_BY
Jared C. Balogh,Jared C. Balogh,4257066d-6f3e-4226-9143-5b8a9ae17b84,262,262,0,0,0,free-music-archive,free-music-archive,Google;Stability AI,USED_BY
Steve Combs,Steve Combs,ee04b05d-7190-4723-ba3d-368038478306,257,257,0,0,0,free-music-archive,free-music-archive,Google;Stability AI,USED_BY
Derek Clegg,Derek Clegg,9243d9f4-c18e-4422-bd3f-98ca6295f9b9,256,256,0,0,0,free-music-archive,free-music-archive,Google;Stability AI,USED_BY
Lezet,Lezet,435440ed-3592-46ed-b31f-ec9939890462,249,249,0,0,0,free-music-archive,free-music-archive,Google;Stability AI,USED_BY
Josh Woodward,Josh Woodward,b09c8a50-7bfa-434f-a2cf-f9bf9f6f91a5,413,244,149,20,0,free-music-archive;laion-disco-12m;sleeping-disco-9m,free-music-archive,Google;Stability AI,USED_BY
OsO El roTo,OsO El roTo,4352,226,226,0,0,0,free-music-archive,free-music-archive,Google;Stability AI,USED_BY
The Agrarians,The Agrarians,44d34e0d-3679-40c8-b141-2f39321eb2e2,223,223,0,0,0,free-music-archive,free-music-archive,Google;Stability AI,USED_BY
The Fucked Up Beat,The Fucked Up Beat,241a05f8-8576-41fd-ac0a-442ddec2c20b,219,219,0,0,0,free-music-archive,free-music-archive,Google;Stability AI,USED_BY
The Impossebulls,The Impossebulls,b034e706-419a-42a5-87fc-fa843ac31be2,205,205,0,0,0,free-music-archive,free-music-archive,Google;Stability AI,USED_BY
Tha Silent Partner,Tha Silent Partner,d047a1fe-3f8b-45ff-92f5-855ff37c9658,190,190,0,0,0,free-music-archive,free-music-archive,Google;Stability AI,USED_BY
The Polish Ambassador,The Polish Ambassador,e9787dd2-5857-4b51-8e59-a190a54820fc,381,185,172,24,0,free-music-archive;laion-disco-12m;sleeping-disco-9m,free-music-archive,Google;Stability AI,USED_BY
Monplaisir,Monplaisir,22472,184,184,0,0,0,free-music-archive,free-music-archive,Google;Stability AI,USED_BY
Ketsa,Ketsa,6443,180,180,0,0,0,free-music-archive,free-music-archive,Google;Stability AI,USED_BY
Salakapakka Sound System,Salakapakka Sound System,becb76ae-627c-40a4-8cda-d339d21ad6d8,171,171,0,0,0,free-music-archive,free-music-archive,Google;Stability AI,USED_BY
Glass Boy,Glass Boy,0afadbf0-507e-43fe-8bfc-4c0afaec35cb,170,170,0,0,0,free-music-archive,free-music-archive,Google;Stability AI,USED_BY
Anitek,Anitek,a1630b32-a887-46fb-9c4c-6aae56d492a4,338,170,151,17,0,free-music-archive;laion-disco-12m;sleeping-disco-9m,free-music-archive,Google;Stability AI,USED_BY
Cheese N Pot-C,Cheese N Pot-C,6bf7f09a-829e-439c-9505-3a5bcd48c61f,167,167,0,0,0,free-music-archive,free-music-archive,Google;Stability AI,USED_BY
jonas the plugexpert,jonas the plugexpert,5965,164,164,0,0,0,free-music-archive,free-music-archive,Google;Stability AI,USED_BY
Lobo Loco,Lobo Loco,37dd2973-d750-48aa-9557-64652fcf7d32,310,161,149,0,0,free-music-archive;laion-disco-12m,free-music-archive,Google;Stability AI,USED_BY
David Szesztay,David Szesztay,21616,158,158,0,0,0,free-music-archive,free-music-archive,Google;Stability AI,USED_BY
Nonima,Nonima,ac20cd1c-6c0f-4b7f-993c-11d0de3aa4aa,160,160,0,0,0,free-music-archive,free-music-archive,Google;Stability AI,USED_BY
Jaan Patterson,Jaan Patterson,802b2906-81b7-4940-8f7e-e99164d12634,155,155,0,0,0,free-music-archive,free-music-archive,Google;Stability AI,USED_BY
Big Blood,Big Blood,63c5e98c-0b24-4939-ad8c-f6ed235b7980,163,153,1,9,0,free-music-archive;laion-disco-12m;sleeping-disco-9m,free-music-archive,Google;Stability AI,USED_BY
Phemale,Phemale,960ebb62-9209-462e-a763-d70c2cb7e073,153,153,0,0,0,free-music-archive,free-music-archive,Google;Stability AI,USED_BY
U Can Unlearn Guitar,U Can Unlearn Guitar,e1e670dd-9589-4699-a721-469cee925c14,149,149,0,0,0,free-music-archive,free-music-archive,Google;Stability AI,USED_BY
Kevin MacLeod,Kevin MacLeod,8292bf44-2dd1-4bad-8019-276ec38f28e7,307,148,150,9,0,free-music-archive;laion-disco-12m;sleeping-disco-9m,free-music-archive,Google;Stability AI,USED_BY
simon_mathewson,simon_mathewson,e4c8f501-3c76-4c81-a5c0-e50686d7c298,161,161,0,0,0,free-music-archive,free-music-archive,Google;Stability AI,USED_BY
Kai Engel,Kai Engel,aa55b20b-36d8-4093-84f3-c5c7942ff2c8,292,140,150,2,0,free-music-archive;laion-disco-12m;sleeping-disco-9m,free-music-archive,Google;Stability AI,USED_BY
Mittimus,Mittimus,1640,144,144,0,0,0,free-music-archive,free-music-archive,Google;Stability AI,USED_BY
Cullah,Cullah,369b127b-ca39-4618-88f6-132f1bc8a27f,151,135,0,16,0,free-music-archive;sleeping-disco-9m,free-music-archive,Google;Stability AI,USED_BY
Richard Jonas,Richard Jonas,5ef5b8ec-98df-496f-b8d1-f91491a32513,132,132,0,0,0,free-music-archive,free-music-archive,Google;Stability AI,USED_BY
Squire Tuck,Squire Tuck,19472,132,132,0,0,0,free-music-archive,free-music-archive,Google;Stability AI,USED_BY
Scott Holmes,Scott Holmes,43ad772e-7a01-4b7f-83c7-64a3dfcc3084,136,131,5,0,0,free-music-archive;laion-disco-12m,free-music-archive,Google;Stability AI,USED_BY
Keshco,Keshco,92228b8c-b851-4a15-b324-cced2f0fb482,126,126,0,0,0,free-music-archive,free-music-archive,Google;Stability AI,USED_BY
johnny_ripper,johnny_ripper,cc6137ce-4ed9-4711-b775-b97c2e53db41,124,124,0,0,0,free-music-archive,free-music-archive,Google;Stability AI,USED_BY
The Conet Project,The Conet Project,433c0996-077c-4a28-9261-57858eb31832,122,122,0,0,0,free-music-archive,free-music-archive,Google;Stability AI,USED_BY
Schemawound,Schemawound,04c0cd87-8f91-436e-99b4-5520a53bfe5e,122,122,0,0,0,free-music-archive,free-music-archive,Google;Stability AI,USED_BY
Trans Atlantic Rage,Trans Atlantic Rage,6568f169-e0d9-42ff-bb52-cb2c7dfc0bf9,120,120,0,0,0,free-music-archive,free-music-archive,Google;Stability AI,USED_BY
Elvis Herod,Elvis Herod,4c60914a-628f-4483-90fb-a1945863a73f,116,116,0,0,0,free-music-archive,free-music-archive,Google;Stability AI,USED_BY
Oblivian Substanshall,Oblivian Substanshall,a94ea428-91a3-40c8-a38e-e05b338937d6,115,115,0,0,0,free-music-archive,free-music-archive,Google;Stability AI,USED_BY
Bauchamp,Bauchamp,ee23f53c-45cb-4528-80fd-34d1b61b52eb,143,115,28,0,0,free-music-archive;laion-disco-12m,free-music-archive,Google;Stability AI,USED_BY
RÉGIS VICTOR,RÉGIS VICTOR,8aafd7b5-76df-42cf-bfcf-7e55ee4cf315,113,113,0,0,0,free-music-archive,free-music-archive,Google;Stability AI,USED_BY
Circus Marcus,Circus Marcus,97d54a87-7c0f-4306-9cb0-f3b5fb86b7d7,110,110,0,0,0,free-music-archive,free-music-archive,Google;Stability AI,USED_BY
THF Drenching,THF Drenching,5118,108,108,0,0,0,free-music-archive,free-music-archive,Google;Stability AI,USED_BY
Disco Missile,Disco Missile,08c34398-d79e-40b8-928f-66f8a518762e,108,108,0,0,0,free-music-archive,free-music-archive,Google;Stability AI,USED_BY
Monk Turner,Monk Turner,817ec3ad-7ba2-451f-928b-cb15131cf5b0,105,105,0,0,0,free-music-archive,free-music-archive,Google;Stability AI,USED_BY
Telegraphy,Telegraphy,7a85c083-820b-4545-bf3a-5d42a08fc68a,104,104,0,0,0,free-music-archive,free-music-archive,Google;Stability AI,USED_BY
Learning Music,Learning Music,ff901e96-122d-4623-90f8-926cf8bae13c,103,103,0,0,0,free-music-archive,free-music-archive,Google;Stability AI,USED_BY
CM aka Creative,CM aka Creative,6fcdc0f1-ddd6-4adc-95be-adcd55a4166f,102,102,0,0,0,free-music-archive,free-music-archive,Google;Stability AI,USED_BY
Section 27 Netlabel,Section 27 Netlabel,8563,99,99,0,0,0,free-music-archive,free-music-archive,Google;Stability AI,USED_BY
ODOR BABY,ODOR BABY,64c2e7b7-9447-4c80-9ac5-871e625d4ada,99,99,0,0,0,free-music-archive,free-music-archive,Google;Stability AI,USED_BY
Benjamin Bret,Benjamin Bret,7290,99,99,0,0,0,free-music-archive,free-music-archive,Google;Stability AI,USED_BY
Welcome Wizard,Welcome Wizard,2226,97,97,0,0,0,free-music-archive,free-music-archive,Google;Stability AI,USED_BY
junior85,junior85,3dc6e2c0-2d8b-45b8-a7be-5b8f2ec4ed59,120,120,0,0,0,free-music-archive,free-music-archive,Google;Stability AI,USED_BY
K. Sparks,K. Sparks,ac7b11e9-b6c9-446a-8147-bf0c2c451810,157,97,21,39,0,free-music-archive;laion-disco-12m;sleeping-disco-9m,free-music-archive,Google;Stability AI,USED_BY
Fortyone,Fortyone,975e9cd1-247d-4e21-b5b6-94b6551c601d,98,98,0,0,0,free-music-archive,free-music-archive,Google;Stability AI,USED_BY
The Scallions,The Scallions,fc9df9c2-fb04-4804-b4e3-2efd01d6723a,96,96,0,0,0,free-music-archive,free-music-archive,Google;Stability AI,USED_BY
Chris Zabriskie,Chris Zabriskie,cd661c5c-c9ce-42ff-83f8-7b1dd1515d64,100,96,0,4,0,free-music-archive;sleeping-disco-9m,free-music-archive,Google;Stability AI,USED_BY
Cosmic Analog Ensemble,Cosmic Analog Ensemble,e05a9d5c-1fb1-4652-8b54-d0c97add6b94,108,95,0,13,0,free-music-archive;sleeping-disco-9m,free-music-archive,Google;Stability AI,USED_BY
Alaclair Ensemble,Alaclair Ensemble,885ed00a-34ba-4139-bcfc-5065f6270726,200,94,59,47,0,free-music-archive;laion-disco-12m;sleeping-disco-9m,free-music-archive,Google;Stability AI,USED_BY
Bryan Lewis Saunders,Bryan Lewis Saunders,6c789bd8-cc7d-4445-b068-11e1930c8875,95,95,0,0,0,free-music-archive,free-music-archive,Google;Stability AI,USED_BY
Nicky Cook,Nicky Cook,bf670de5-ad6a-4ac0-9068-184dedf351ef,93,93,0,0,0,free-music-archive,free-music-archive,Google;Stability AI,USED_BY
Obits,Obits,b6c82c04-f1b4-41a6-ae15-a64a96d1e6c4,113,93,0,20,0,free-music-archive;sleeping-disco-9m,free-music-archive,Google;Stability AI,USED_BY
Thiaz Itch,Thiaz Itch,7a6baf0c-04c3-4693-867a-bd3a6481e26d,91,91,0,0,0,free-music-archive,free-music-archive,Google;Stability AI,USED_BY
R. Stevie Moore,R. Stevie Moore,6ac67c73-2833-4af3-b2e7-3bec5a7e3f85,232,90,2,140,0,free-music-archive;laion-disco-12m;sleeping-disco-9m,free-music-archive,Google;Stability AI,USED_BY
Krackatoa,Krackatoa,438f04dc-41ea-4de9-9d56-fc845b52d0c1,89,89,0,0,0,free-music-archive,free-music-archive,Google;Stability AI,USED_BY
Ketsa,Ketsa,fa62a309-ae21-48ea-b1df-ff7e4893a986,89,89,0,0,0,free-music-archive,free-music-archive,Google;Stability AI,USED_BY
Future Sauce,Future Sauce,19799,88,88,0,0,0,free-music-archive,free-music-archive,Google;Stability AI,USED_BY
+HIRS+,+HIRS+,d98ae071-e23d-4058-b2ed-e136d2c1b593,124,92,0,32,0,free-music-archive;sleeping-disco-9m,free-music-archive,Google;Stability AI,USED_BY
mr&mrsBrian,mr&mrsBrian,17bc61cf-62cd-43a2-b8a3-a988aa6e34c3,87,87,0,0,0,free-music-archive,free-music-archive,Google;Stability AI,USED_BY
POVALISHIN DIVISION,POVALISHIN DIVISION,000b33e6-1479-4b95-8202-d4d838519164,90,90,0,0,0,free-music-archive,free-music-archive,Google;Stability AI,USED_BY
Clinical Archives Mix,Clinical Archives Mix,10117,87,87,0,0,0,free-music-archive,free-music-archive,Google;Stability AI,USED_BY
C-Doc,C-Doc,a3370c9f-3fdf-4d9a-bb74-e8ec7d4f1957,87,87,0,0,0,free-music-archive,free-music-archive,Google;Stability AI,USED_BY
Asian Women on the Telephone,Asian Women on the Telephone,a5eb9bd0-c49f-4d6f-8045-402dcc836471,86,86,0,0,0,free-music-archive,free-music-archive,Google;Stability AI,USED_BY
Roger McGuinn,Roger McGuinn,6ec7336b-a56a-4b5d-bcec-575d2b8ed4e1,255,85,142,28,0,free-music-archive;laion-disco-12m;sleeping-disco-9m,free-music-archive,Google;Stability AI,USED_BY
Kevin Bryce,Kevin Bryce,88926e80-80bc-49fe-853e-4fd74be68c70,85,85,0,0,0,free-music-archive,free-music-archive,Google;Stability AI,USED_BY
Tusk Lord,Tusk Lord,225ac73d-1060-4d37-a7ca-4a39725cc41d,84,84,0,0,0,free-music-archive,free-music-archive,Google;Stability AI,USED_BY
The New Mystikal Troubadours,The New Mystikal Troubadours,7ca79c47-0c3c-46bb-aa8e-0bc32ce29114,84,84,0,0,0,free-music-archive,free-music-archive,Google;Stability AI,USED_BY
Kellee Maize,Kellee Maize,0a67d138-8cd0-49f9-94f6-e65826f1a8ab,109,83,0,26,0,free-music-archive;sleeping-disco-9m,free-music-archive,Google;Stability AI,USED_BY
Lucky Dragons,Lucky Dragons,0654393d-253f-4a4d-a7e0-fbc799152930,91,82,0,9,0,free-music-archive;sleeping-disco-9m,free-music-archive,Google;Stability AI,USED_BY
Castello di Trokai,Castello di Trokai,19030,82,82,0,0,0,free-music-archive,free-music-archive,Google;Stability AI,USED_BY
The Hathaway Family Plot,The Hathaway Family Plot,7e8c21e1-f7a1-463b-ab09-11f5acc35b74,81,81,0,0,0,free-music-archive,free-music-archive,Google;Stability AI,USED_BY
Pk Jazz Collective,Pk Jazz Collective,8f8db5c9-8887-4922-af35-4b6bbe0ccfc4,120,120,0,0,0,free-music-archive,free-music-archive,Google;Stability AI,USED_BY
ROZKOL,ROZKOL,42ec9891-45d4-4658-ba8b-ca072e4b5b25,80,80,0,0,0,free-music-archive,free-music-archive,Google;Stability AI,USED_BY
Tab & Anitek,Tab & Anitek,a408f71b-fd12-45a5-b37f-f352d8d9c883,79,79,0,0,0,free-music-archive,free-music-archive,Google;Stability AI,USED_BY
theAudiologist,theAudiologist,502768c0-d13c-4855-b40a-33e98e59c69b,78,78,0,0,0,free-music-archive,free-music-archive,Google;Stability AI,USED_BY
Pablo Ribot,Pablo Ribot,86c3eac5-61c5-45c1-a146-bb10198ab2a0,77,77,0,0,0,free-music-archive,free-music-archive,Google;Stability AI,USED_BY
Lee Maddeford,Lee Maddeford,97dc2417-9b19-4488-8286-4fcc26fa2fd9,114,76,38,0,0,free-music-archive;laion-disco-12m,free-music-archive,Google;Stability AI,USED_BY
Samuel Corwin,Samuel Corwin,21877,76,76,0,0,0,free-music-archive,free-music-archive,Google;Stability AI,USED_BY
Jad Fair,Jad Fair,be4a8e65-a7ba-474c-989b-ed16e51c1a39,107,75,10,22,0,free-music-archive;laion-disco-12m;sleeping-disco-9m,free-music-archive,Google;Stability AI,USED_BY
Just Plain Ant,Just Plain Ant,c2efd199-1f21-4bce-aa0f-7b9abe92bb1e,75,75,0,0,0,free-music-archive,free-music-archive,Google;Stability AI,USED_BY
Altered:Carbon,Altered:Carbon,1ef3022e-3de8-4419-b852-ce0cbe85cba6,75,75,0,0,0,free-music-archive,free-music-archive,Google;Stability AI,USED_BY
Glove Compartment,Glove Compartment,149,74,74,0,0,0,free-music-archive,free-music-archive,Google;Stability AI,USED_BY
Gorowski,Gorowski,9ed4d6b2-67c1-44c4-9a4d-e4e2e76d2659,74,74,0,0,0,free-music-archive,free-music-archive,Google;Stability AI,USED_BY
Krowne,Krowne,136d4c42-9e55-4129-a1e8-650e2db9c9bd,75,75,0,0,0,free-music-archive,free-music-archive,Google;Stability AI,USED_BY
Stealing Orchestra,Stealing Orchestra,138aa72f-17ce-4a4e-8a52-a5fa323c449b,74,74,0,0,0,free-music-archive,free-music-archive,Google;Stability AI,USED_BY
SPCZ,SPCZ,d65f4d0a-fcad-4716-8c24-e887ccf7c715,74,74,0,0,0,free-music-archive,free-music-archive,Google;Stability AI,USED_BY
Project 5am,Project 5am,2f78086c-aa1c-4fe6-acf8-bf08a9ef764f,73,73,0,0,0,free-music-archive,free-music-archive,Google;Stability AI,USED_BY
Mitoma,Mitoma,1480cd4b-5f76-402e-ae2a-6b890b09def0,73,73,0,0,0,free-music-archive,free-music-archive,Google;Stability AI,USED_BY
Bruce Miller,Bruce Miller,11687,73,73,0,0,0,free-music-archive,free-music-archive,Google;Stability AI,USED_BY
Asthmatic Astronaut,Asthmatic Astronaut,67ac6b5b-0d9e-4272-af33-05dafb632ff1,73,73,0,0,0,free-music-archive,free-music-archive,Google;Stability AI,USED_BY
The Kyoto Connection,The Kyoto Connection,05c2dbb0-2704-4d33-a39b-d21cec4ac678,73,73,0,0,0,free-music-archive,free-music-archive,Google;Stability AI,USED_BY
-ono-,-ono-,13625,72,72,0,0,0,free-music-archive,free-music-archive,Google;Stability AI,USED_BY
Vulvinia & Jambonstar,Vulvinia & Jambonstar,dd91c186-6b9f-4040-a74c-4823351e0d9f,71,71,0,0,0,free-music-archive,free-music-archive,Google;Stability AI,USED_BY
Blah Blah Blah,Blah Blah Blah,84,72,71,0,1,0,free-music-archive;sleeping-disco-9m,free-music-archive,Google;Stability AI,USED_BY
Bacalao,Bacalao,5674,71,71,0,0,0,free-music-archive,free-music-archive,Google;Stability AI,USED_BY
The Honorable Sleaze,The Honorable Sleaze,e6b6c5cf-5bcc-4a5b-bcd8-47eb61173c39,79,76,0,3,0,free-music-archive;sleeping-disco-9m,free-music-archive,Google;Stability AI,USED_BY
MIT Concert Choir,MIT Concert Choir,300a73a7-d36d-4bc9-8d52-95f84d62e28e,71,71,0,0,0,free-music-archive,free-music-archive,Google;Stability AI,USED_BY
Ryan Little,Ryan Little,757a9514-33f1-4f66-8afb-816ca2761c77,215,71,143,1,0,free-music-archive;laion-disco-12m;sleeping-disco-9m,free-music-archive,Google;Stability AI,USED_BY
Benji Cossa,Benji Cossa,9e2ca9b0-261f-4190-ab4f-0c17a167357f,70,70,0,0,0,free-music-archive,free-music-archive,Google;Stability AI,USED_BY
Ventolyn & Becotyde,Ventolyn & Becotyde,df357457-833b-4741-89ee-78b04da8d223,70,70,0,0,0,free-music-archive,free-music-archive,Google;Stability AI,USED_BY
Bomis Prendin,Bomis Prendin,ae8b6ba4-479f-4e53-aaa4-535401808511,70,70,0,0,0,free-music-archive,free-music-archive,Google;Stability AI,USED_BY
Krestovsky,Krestovsky,f5039d43-1abd-4652-9868-96634076c33b,69,69,0,0,0,free-music-archive,free-music-archive,Google;Stability AI,USED_BY
David Rovics,David Rovics,4d56eb9f-13b3-4f05-9db7-50195378d49f,243,69,145,29,0,free-music-archive;laion-disco-12m;sleeping-disco-9m,free-music-archive,Google;Stability AI,USED_BY
Long Hair,Long Hair,10990,69,69,0,0,0,free-music-archive,free-music-archive,Google;Stability AI,USED_BY
Vate,Vate,519a4f81-c149-4f6c-85a0-3628bbe94d75,68,68,0,0,0,free-music-archive,free-music-archive,Google;Stability AI,USED_BY
Chenard Walcker,Chenard Walcker,5ef9d128-f837-4fde-9c65-767daab13522,68,68,0,0,0,free-music-archive,free-music-archive,Google;Stability AI,USED_BY
Jon Rose,Jon Rose,1975,68,68,0,0,0,free-music-archive,free-music-archive,Google;Stability AI,USED_BY
Kathleen Martin,Kathleen Martin,5bccdc1b-5afe-4a12-8d7b-655d4dc93186,67,67,0,0,0,free-music-archive,free-music-archive,Google;Stability AI,USED_BY
Vernon LeNoir,Vernon LeNoir,77d7005e-edc9-4a34-8040-8d9491088f4b,107,107,0,0,0,free-music-archive,free-music-archive,Google;Stability AI,USED_BY
VYVCH,VYVCH,18314,67,67,0,0,0,free-music-archive,free-music-archive,Google;Stability AI,USED_BY
Broke For Free,Broke For Free,069a1c1f-14eb-4d36-b0a0-77dffbd67713,138,67,57,14,0,free-music-archive;laion-disco-12m;sleeping-disco-9m,free-music-archive,Google;Stability AI,USED_BY
The Superfools,The Superfools,0e375c6b-8af7-4f0d-a6b9-734b6e53006d,67,67,0,0,0,free-music-archive,free-music-archive,Google;Stability AI,USED_BY
Dave Depper,Dave Depper,63ece28c-0724-4db0-909b-3921ac45b10a,104,67,37,0,0,free-music-archive;laion-disco-12m,free-music-archive,Google;Stability AI,USED_BY
ODORBABY,ODORBABY,5ee8a142-207d-45b6-a276-6b03358d9c78,67,67,0,0,0,free-music-archive,free-music-archive,Google;Stability AI,USED_BY
Cagey House,Cagey House,9128dad9-f549-46a5-9088-1305f2007ec4,66,66,0,0,0,free-music-archive,free-music-archive,Google;Stability AI,USED_BY
Waylon Thornton and the Heavy Hands,Waylon Thornton and the Heavy Hands,94b10064-b21a-42af-9ec7-636eb157301a,66,66,0,0,0,free-music-archive,free-music-archive,Google;Stability AI,USED_BY
The Tudor Consort,The Tudor Consort,384b2de8-22d1-4868-abce-2cf7c7ab6133,66,66,0,0,0,free-music-archive,free-music-archive,Google;Stability AI,USED_BY
Figurative Theatre,Figurative Theatre,cda56d54-a65e-4ec2-bcd9-786199d80b43,76,76,0,0,0,free-music-archive,free-music-archive,Google;Stability AI,USED_BY
Wooden Ambulance,Wooden Ambulance,878aa338-5d84-4434-b851-3db86c0646ba,65,65,0,0,0,free-music-archive,free-music-archive,Google;Stability AI,USED_BY
Waylon Thornton,Waylon Thornton,10027,65,65,0,0,0,free-music-archive,free-music-archive,Google;Stability AI,USED_BY
Music Factory,Music Factory,18686,64,64,0,0,0,free-music-archive,free-music-archive,Google;Stability AI,USED_BY
Berthelot,Berthelot,3b9e456c-1839-4142-9351-1d050a0a9162,64,64,0,0,0,free-music-archive,free-music-archive,Google;Stability AI,USED_BY
Cory Gray,Cory Gray,62babf73-8652-4ac1-96ed-85a1026e97a1,64,64,0,0,0,free-music-archive,free-music-archive,Google;Stability AI,USED_BY
half cocked,half cocked,21946,64,64,0,0,0,free-music-archive,free-music-archive,Google;Stability AI,USED_BY
TALES,TALES,22160,64,64,0,0,0,free-music-archive,free-music-archive,Google;Stability AI,USED_BY
Garmisch,Garmisch,91cb3bac-059a-45f4-923c-d78c4980b48c,63,63,0,0,0,free-music-archive,free-music-archive,Google;Stability AI,USED_BY
Wayne Kinos,Wayne Kinos,22014,63,63,0,0,0,free-music-archive,free-music-archive,Google;Stability AI,USED_BY
S.J. Mellia,S.J. Mellia,f5b68a67-b69e-456f-9004-503444e462a3,77,77,0,0,0,free-music-archive,free-music-archive,Google;Stability AI,USED_BY
Apache Tomcat,Apache Tomcat,70184826-f8f0-4c4d-bfa2-bb1f6fd6e549,62,62,0,0,0,free-music-archive,free-music-archive,Google;Stability AI,USED_BY
Free Matter for the Blind,Free Matter for the Blind,2,65,62,0,3,0,free-music-archive;sleeping-disco-9m,free-music-archive,Google;Stability AI,USED_BY
Sam Gas Can,Sam Gas Can,dc8737fb-07bf-45d7-982c-3769f945e51f,62,62,0,0,0,free-music-archive,free-music-archive,Google;Stability AI,USED_BY
Mild Maynyrd,Mild Maynyrd,7770b3de-f1fa-4134-b2b1-1f193de58bc8,62,62,0,0,0,free-music-archive,free-music-archive,Google;Stability AI,USED_BY
Jason Shaw,Jason Shaw,d31f3f70-374c-489d-af7d-1cbb10f40533,62,62,0,0,0,free-music-archive,free-music-archive,Google;Stability AI,USED_BY
Volcano the Bear,Volcano the Bear,0dbb85b2-d0c6-47bf-b7c6-6011df868896,65,65,0,0,0,free-music-archive,free-music-archive,Google;Stability AI,USED_BY
Fields Ohio,Fields Ohio,99daf93f-86d3-4060-877a-c808a370f279,72,72,0,0,0,free-music-archive,free-music-archive,Google;Stability AI,USED_BY
Westy Reflector,Westy Reflector,bc01661b-53f9-496d-88b6-055284b8a92d,61,61,0,0,0,free-music-archive,free-music-archive,Google;Stability AI,USED_BY
P C III,P C III,9d623e3f-60b2-4f2b-a2f4-71b97e0651d9,65,61,0,4,0,free-music-archive;sleeping-disco-9m,free-music-archive,Google;Stability AI,USED_BY
Deadly Combo,Deadly Combo,17695,60,60,0,0,0,free-music-archive,free-music-archive,Google;Stability AI,USED_BY
D3Zs,D3Zs,6b368066-6ddf-4032-a7e6-a050270ed648,60,60,0,0,0,free-music-archive,free-music-archive,Google;Stability AI,USED_BY
Andrew Howes,Andrew Howes,ab16d31b-3f5b-4547-b67f-1f7b3ffd6505,60,60,0,0,0,free-music-archive,free-music-archive,Google;Stability AI,USED_BY
OWL BRAIN ATLAS,OWL BRAIN ATLAS,10567,60,60,0,0,0,free-music-archive,free-music-archive,Google;Stability AI,USED_BY
BADLUCK,BADLUCK,11216,60,60,0,0,0,free-music-archive,free-music-archive,Google;Stability AI,USED_BY
Vir Nocturna,Vir Nocturna,21533,60,60,0,0,0,free-music-archive,free-music-archive,Google;Stability AI,USED_BY
Celesteville,Celesteville,fbe12051-cf4a-40a9-9f13-2203b243bca5,60,59,1,0,0,free-music-archive;laion-disco-12m,free-music-archive,Google;Stability AI,USED_BY
Hazardous Guadalupe,Hazardous Guadalupe,3651,59,59,0,0,0,free-music-archive,free-music-archive,Google;Stability AI,USED_BY
minusbaby,minusbaby,74e7eb10-8e19-4f42-b190-d2e57f89f51d,59,59,0,0,0,free-music-archive,free-music-archive,Google;Stability AI,USED_BY
Candlegravity,Candlegravity,a55ad956-3427-4e3a-b4ef-69cac8dc2ceb,59,59,0,0,0,free-music-archive,free-music-archive,Google;Stability AI,USED_BY
Dyman,Dyman,90c6625b-3649-41c1-817b-b5c2f45458b0,59,59,0,0,0,free-music-archive,free-music-archive,Google;Stability AI,USED_BY
Noise Problems Selections,Noise Problems Selections,13528,59,59,0,0,0,free-music-archive,free-music-archive,Google;Stability AI,USED_BY
Toussaint Morrison,Toussaint Morrison,f2d57e9d-9a2d-4898-b773-f291ff473638,69,59,0,10,0,free-music-archive;sleeping-disco-9m,free-music-archive,Google;Stability AI,USED_BY
HighWay17,HighWay17,b159a5c5-7870-4f37-97a8-e9193b377e1a,59,59,0,0,0,free-music-archive,free-music-archive,Google;Stability AI,USED_BY
The Hate Noise,The Hate Noise,d48d3769-4904-415c-a7b0-ee3f3dabb06a,73,73,0,0,0,free-music-archive,free-music-archive,Google;Stability AI,USED_BY
King Ghidorah!,King Ghidorah!,13050,59,59,0,0,0,free-music-archive,free-music-archive,Google;Stability AI,USED_BY
The Rories,The Rories,10811,58,58,0,0,0,free-music-archive,free-music-archive,Google;Stability AI,USED_BY
Ian Alex Mac,Ian Alex Mac,19283,58,58,0,0,0,free-music-archive,free-music-archive,Google;Stability AI,USED_BY
Electric Mirrors,Electric Mirrors,16270,58,58,0,0,0,free-music-archive,free-music-archive,Google;Stability AI,USED_BY
Eaters,Eaters,8664,58,58,0,0,0,free-music-archive,free-music-archive,Google;Stability AI,USED_BY
Dexter Britain,Dexter Britain,c2a2f396-5d62-4d8a-8395-b4ab9962f1b6,227,58,150,19,0,free-music-archive;laion-disco-12m;sleeping-disco-9m,free-music-archive,Google;Stability AI,USED_BY
Sick to the Back Teeth,Sick to the Back Teeth,0a0b0cc1-283d-4b7a-b179-e22089d57b60,89,69,0,20,0,free-music-archive;sleeping-disco-9m,free-music-archive,Google;Stability AI,USED_BY
Felipe Sarro,Felipe Sarro,40a22c36-3142-4d73-9c58-b8808612172a,58,58,0,0,0,free-music-archive,free-music-archive,Google;Stability AI,USED_BY
Los Llamarada,Los Llamarada,3d1270a4-26e7-436b-9d33-bdf513e33c0e,57,57,0,0,0,free-music-archive,free-music-archive,Google;Stability AI,USED_BY
happiness in aeroplanes,happiness in aeroplanes,11939,57,57,0,0,0,free-music-archive,free-music-archive,Google;Stability AI,USED_BY
Alpha Hydrae,Alpha Hydrae,19816,57,57,0,0,0,free-music-archive,free-music-archive,Google;Stability AI,USED_BY
Little Glass Men,Little Glass Men,19453,57,57,0,0,0,free-music-archive,free-music-archive,Google;Stability AI,USED_BY
Carnivorous Birds,Carnivorous Birds,8490,57,57,0,0,0,free-music-archive,free-music-archive,Google;Stability AI,USED_BY
AlexandreDavidGabriel,AlexandreDavidGabriel,7f66192f-5968-454e-880b-d56395640a1b,57,57,0,0,0,free-music-archive,free-music-archive,Google;Stability AI,USED_BY
Mike Morton,Mike Morton,15460,56,56,0,0,0,free-music-archive,free-music-archive,Google;Stability AI,USED_BY
Eigenheimer,Eigenheimer,4efb2af3-6cc0-4f78-9db4-a6e3b79d49de,58,57,1,0,0,free-music-archive;laion-disco-12m,free-music-archive,Google;Stability AI,USED_BY
AG Davis,AG Davis,d60b2f9c-e9ac-4996-951f-0a5a08a16b9f,55,55,0,0,0,free-music-archive,free-music-archive,Google;Stability AI,USED_BY
Komiku,Komiku,fca800c1-6fc3-4bfb-a5de-8c2398c27bc0,55,55,0,0,0,free-music-archive,free-music-archive,Google;Stability AI,USED_BY
Jimmy Penguin,Jimmy Penguin,f24a7d21-56ce-48e4-978a-a073b3efec10,55,55,0,0,0,free-music-archive,free-music-archive,Google;Stability AI,USED_BY
Bouwakanja,Bouwakanja,ae5a3060-83c0-4877-b71c-95941d6bbdcc,55,55,0,0,0,free-music-archive,free-music-archive,Google;Stability AI,USED_BY
Winjer3,Winjer3,20c19b9c-a8ed-40ea-a007-4f1dcb8465cb,55,55,0,0,0,free-music-archive,free-music-archive,Google;Stability AI,USED_BY
Mors Ontologica,Mors Ontologica,9f13d8fe-d71d-4d28-8192-41bbd004fe0c,54,54,0,0,0,free-music-archive,free-music-archive,Google;Stability AI,USED_BY
So Cow,So Cow,6b8acfaf-9b72-40cb-972b-17e6bc21d3af,54,54,0,0,0,free-music-archive,free-music-archive,Google;Stability AI,USED_BY
The Shamblers,The Shamblers,1212,54,54,0,0,0,free-music-archive,free-music-archive,Google;Stability AI,USED_BY
Volvox,Volvox,2268,54,54,0,0,0,free-music-archive,free-music-archive,Google;Stability AI,USED_BY
Syndrôm,Syndrôm,8126,54,54,0,0,0,free-music-archive,free-music-archive,Google;Stability AI,USED_BY
Jarby Mc Coy,Jarby Mc Coy,19064,54,54,0,0,0,free-music-archive,free-music-archive,Google;Stability AI,USED_BY
Radioactive Sparrow,Radioactive Sparrow,3171,54,54,0,0,0,free-music-archive,free-music-archive,Google;Stability AI,USED_BY
mathgrant,mathgrant,ba3fbcf4-9b93-4b4c-91e5-a0a0e640144b,54,54,0,0,0,free-music-archive,free-music-archive,Google;Stability AI,USED_BY
TRG Banks,TRG Banks,c0d0512c-8612-4f0c-a920-5dab9b1ec886,54,54,0,0,0,free-music-archive,free-music-archive,Google;Stability AI,USED_BY
Phil Reavis,Phil Reavis,5b077ba3-c9e9-4a25-b41e-563c7c39cddb,53,53,0,0,0,free-music-archive,free-music-archive,Google;Stability AI,USED_BY
Happy Elf,Happy Elf,7ca45252-027d-44a9-9dd8-b65773f44ad6,53,53,0,0,0,free-music-archive,free-music-archive,Google;Stability AI,USED_BY
Acreil,Acreil,cb018fe3-6e59-479d-abde-ed30cb2170bd,53,53,0,0,0,free-music-archive,free-music-archive,Google;Stability AI,USED_BY
James Beaudreau,James Beaudreau,41b28afe-e7e4-4e15-ab9f-efa5e1ce9d9f,53,53,0,0,0,free-music-archive,free-music-archive,Google;Stability AI,USED_BY
Visager,Visager,981220b7-6ba1-4814-a5c4-a4e2220025d1,73,53,0,20,0,free-music-archive;sleeping-disco-9m,free-music-archive,Google;Stability AI,USED_BY
Pot-C,Pot-C,e4da335b-1939-42e5-b1e9-8a5e96e786e7,53,53,0,0,0,free-music-archive,free-music-archive,Google;Stability AI,USED_BY
Silver Process,Silver Process,11099,52,52,0,0,0,free-music-archive,free-music-archive,Google;Stability AI,USED_BY
Pandacetamol,Pandacetamol,a8d213f0-870f-4005-a6a7-5d5409880e70,52,52,0,0,0,free-music-archive,free-music-archive,Google;Stability AI,USED_BY
Vladimír Hirsch,Vladimír Hirsch,4a53644e-9122-446e-822d-61ebcdcfdb32,52,52,0,0,0,free-music-archive,free-music-archive,Google;Stability AI,USED_BY
51%,51%,8482,52,52,0,0,0,free-music-archive,free-music-archive,Google;Stability AI,USED_BY
Misiaczek,Misiaczek,e9bf5c9c-c8c6-4a0d-a0e7-be543682b19b,52,52,0,0,0,free-music-archive,free-music-archive,Google;Stability AI,USED_BY
Johnny Haway,Johnny Haway,95ffeaf7-7b27-4239-a8f6-da145dc726f0,52,52,0,0,0,free-music-archive,free-music-archive,Google;Stability AI,USED_BY
Cooper-Moore,Cooper-Moore,99d8b191-7d69-4262-81fb-e24da9fd6640,51,51,0,0,0,free-music-archive,free-music-archive,Google;Stability AI,USED_BY
"Tab (Hip Hop / Trip Hop / Reggae Artist from Roselle, USA)","Tab (Hip Hop / Trip Hop / Reggae Artist from Roselle, USA)",027bfdea-6e7c-4dbb-b877-55cc781732ef,87,51,35,1,0,free-music-archive;laion-disco-12m;sleeping-disco-9m,free-music-archive,Google;Stability AI,USED_BY
Art of Flying,Art of Flying,59f27fc3-f2d6-4e62-a861-505f24e825f9,51,51,0,0,0,free-music-archive,free-music-archive,Google;Stability AI,USED_BY
Sci Fi Industries,Sci Fi Industries,2d2f0046-6112-4193-b791-382285fc29c5,63,63,0,0,0,free-music-archive,free-music-archive,Google;Stability AI,USED_BY
Ant the Symbol,Ant the Symbol,98a5fcde-e095-4945-b917-be79ca899eed,125,125,0,0,0,free-music-archive,free-music-archive,Google;Stability AI,USED_BY
Lately Kind of Yeah,Lately Kind of Yeah,b4f56bd5-a565-4c8b-9b68-6f8eafe11e82,51,51,0,0,0,free-music-archive,free-music-archive,Google;Stability AI,USED_BY
The Gateless Gate,The Gateless Gate,c184f504-127e-45c7-9a65-815034142c2c,51,51,0,0,0,free-music-archive,free-music-archive,Google;Stability AI,USED_BY
Konstantin Trokay,Konstantin Trokay,3d914ab4-d7eb-44b6-bf49-1b19fe332331,51,51,0,0,0,free-music-archive,free-music-archive,Google;Stability AI,USED_BY
Gwilly Edmondez,Gwilly Edmondez,a6a9be78-e035-4211-b06f-4ed1815f12a2,50,50,0,0,0,free-music-archive,free-music-archive,Google;Stability AI,USED_BY
Mystified,Mystified,0c631402-23c8-4ca0-bfd9-de04ad25a50a,56,50,0,6,0,free-music-archive;sleeping-disco-9m,free-music-archive,Google;Stability AI,USED_BY
Pianochocolate,Pianochocolate,2e9db542-5995-448d-8b96-b6bd8d2d1ea0,59,50,9,0,0,free-music-archive;laion-disco-12m,free-music-archive,Google;Stability AI,USED_BY
SLP,SLP,21313,50,50,0,0,0,free-music-archive,free-music-archive,Google;Stability AI,USED_BY
Unheard Music Concepts,Unheard Music Concepts,22407,50,50,0,0,0,free-music-archive,free-music-archive,Google;Stability AI,USED_BY
Flugeldar,Flugeldar,8488,50,50,0,0,0,free-music-archive,free-music-archive,Google;Stability AI,USED_BY
reed blue,reed blue,2844009a-4df7-4d1c-9b7f-389272d388d1,50,50,0,0,0,free-music-archive,free-music-archive,Google;Stability AI,USED_BY
Audio K,Audio K,08118824-c83f-4747-97ab-fedd10ce18e1,50,50,0,0,0,free-music-archive,free-music-archive,Google;Stability AI,USED_BY
The Underscore Orkestra,The Underscore Orkestra,9ae39cac-3bea-4a54-9f69-a95a69718bed,49,49,0,0,0,free-music-archive,free-music-archive,Google;Stability AI,USED_BY
Simon Panrucker,Simon Panrucker,62d8043c-b7a1-4afe-8e2d-69f40c0f7912,64,49,0,15,0,free-music-archive;sleeping-disco-9m,free-music-archive,Google;Stability AI,USED_BY
Decktonic,Decktonic,22e26960-06f5-42da-aa1b-ddc4464a2c22,49,49,0,0,0,free-music-archive,free-music-archive,Google;Stability AI,USED_BY
Fork in the Blender,Fork in the Blender,f851b281-c860-4f6c-9658-70c95e3fc52a,49,49,0,0,0,free-music-archive,free-music-archive,Google;Stability AI,USED_BY
deef,deef,14552,49,49,0,0,0,free-music-archive,free-music-archive,Google;Stability AI,USED_BY
etc.,etc.,13518,49,49,0,0,0,free-music-archive,free-music-archive,Google;Stability AI,USED_BY
Plushgoolash,Plushgoolash,7949,49,49,0,0,0,free-music-archive,free-music-archive,Google;Stability AI,USED_BY
Pilesar,Pilesar,ea297641-761a-4c7f-b3fd-91ae4d1a1225,49,49,0,0,0,free-music-archive,free-music-archive,Google;Stability AI,USED_BY
Attic Ted,Attic Ted,5baf0d42-6c3f-4ac4-8eba-df82ffd37206,49,49,0,0,0,free-music-archive,free-music-archive,Google;Stability AI,USED_BY
Custodian of Records,Custodian of Records,706106d5-02fa-4e57-b324-1a2daac2e7e2,48,48,0,0,0,free-music-archive,free-music-archive,Google;Stability AI,USED_BY
Fierbinteanu,Fierbinteanu,0853336b-ca98-4d82-b81e-f01b82ce9549,48,48,0,0,0,free-music-archive,free-music-archive,Google;Stability AI,USED_BY
Automating,Automating,9e14408f-db0a-444f-a53e-314453d49705,48,48,0,0,0,free-music-archive,free-music-archive,Google;Stability AI,USED_BY
Digi G'Alessio,Digi G'Alessio,5935238b-3b2b-47ce-b272-42a9fe92d22f,49,48,0,1,0,free-music-archive;sleeping-disco-9m,free-music-archive,Google;Stability AI,USED_BY
D SMILEZ,D SMILEZ,22007,48,48,0,0,0,free-music-archive,free-music-archive,Google;Stability AI,USED_BY
Martin Rach,Martin Rach,8f04212e-afcc-45f2-b5f2-aea7f629ab6c,48,48,0,0,0,free-music-archive,free-music-archive,Google;Stability AI,USED_BY
Delphine Dora,Delphine Dora,bbe1cb66-a285-4d86-ab15-4d5c2a8d14ce,49,47,1,1,0,free-music-archive;laion-disco-12m;sleeping-disco-9m,free-music-archive,Google;Stability AI,USED_BY
Chuck Bettis,Chuck Bettis,cf315e43-b07f-4ceb-a722-d2e9a7565cf9,47,47,0,0,0,free-music-archive,free-music-archive,Google;Stability AI,USED_BY
Brunk,Brunk,99695950-b5a1-464e-bc13-748630171627,69,69,0,0,0,free-music-archive,free-music-archive,Google;Stability AI,USED_BY
People Skills,People Skills,9de0102f-7820-4e99-9170-c322acefadef,47,47,0,0,0,free-music-archive,free-music-archive,Google;Stability AI,USED_BY
SULCUS,SULCUS,19815,47,47,0,0,0,free-music-archive,free-music-archive,Google;Stability AI,USED_BY
Alexandre Navarro,Alexandre Navarro,a11e0acf-3116-48ca-9f44-598a7ebbf36c,47,47,0,0,0,free-music-archive,free-music-archive,Google;Stability AI,USED_BY
GaBLé,GaBLé,1e72fe9d-20d4-4718-8435-c17fcde53118,47,47,0,0,0,free-music-archive,free-music-archive,Google;Stability AI,USED_BY
Elemental Noise,Elemental Noise,33544388-a6da-4f24-9f6c-adc1d8f996ff,47,47,0,0,0,free-music-archive,free-music-archive,Google;Stability AI,USED_BY
LOWdown,LOWdown,13450,47,47,0,0,0,free-music-archive,free-music-archive,Google;Stability AI,USED_BY
Doctor Turtle,Doctor Turtle,f24d6d2b-fa75-4ffa-8986-ca3dac6ad68f,47,47,0,0,0,free-music-archive,free-music-archive,Google;Stability AI,USED_BY
The Crypts!,The Crypts!,c3c2f774-ef97-4ccd-a70d-12c2ef0b8e48,47,47,0,0,0,free-music-archive,free-music-archive,Google;Stability AI,USED_BY
keith helt,keith helt,e2de1b25-5648-4e84-b1d5-170acec3acc2,47,47,0,0,0,free-music-archive,free-music-archive,Google;Stability AI,USED_BY
Ayla Nereo,Ayla Nereo,c95b3474-8788-4bd3-ada6-33849810af0d,222,49,141,32,0,free-music-archive;laion-disco-12m;sleeping-disco-9m,free-music-archive,Google;Stability AI,USED_BY
Ed Askew,Ed Askew,91a11b60-2452-4e4d-b2e9-ce9eba034c01,52,46,1,5,0,free-music-archive;laion-disco-12m;sleeping-disco-9m,free-music-archive,Google;Stability AI,USED_BY
Dadalú,Dadalú,cb644e68-9c1e-4f9d-aee7-8c8d3cb9b36b,48,46,2,0,0,free-music-archive;laion-disco-12m,free-music-archive,Google;Stability AI,USED_BY
Rolemusic,Rolemusic,41bc38ad-beb4-420c-b3f7-bd4241596d44,46,46,0,0,0,free-music-archive,free-music-archive,Google;Stability AI,USED_BY
McCloud Zicmuse,McCloud Zicmuse,fc90363a-e39e-4ff3-803e-0ec989bfeead,46,46,0,0,0,free-music-archive,free-music-archive,Google;Stability AI,USED_BY
Amitron_7,Amitron_7,e90118d8-0a2b-48f7-a544-44246c6dba61,46,46,0,0,0,free-music-archive,free-music-archive,Google;Stability AI,USED_BY
No Monster Club,No Monster Club,4886cf1b-3824-4ed5-a535-1907cf7a9044,46,46,0,0,0,free-music-archive,free-music-archive,Google;Stability AI,USED_BY
Vialka,Vialka,1f6240e4-6df2-4f29-a1df-88baab0bdc3d,46,46,0,0,0,free-music-archive,free-music-archive,Google;Stability AI,USED_BY
Cryosyncopy,Cryosyncopy,3a3e71d4-2f61-42ba-97dc-32b3ab7b77a8,46,46,0,0,0,free-music-archive,free-music-archive,Google;Stability AI,USED_BY
Jesse Spillane,Jesse Spillane,7ef8a5bc-b977-49dd-a2cf-c0f939790db1,46,46,0,0,0,free-music-archive,free-music-archive,Google;Stability AI,USED_BY
Gumbel,Gumbel,31eeef66-819c-41f4-be45-8fbfe954e571,46,46,0,0,0,free-music-archive,free-music-archive,Google;Stability AI,USED_BY
Cave Bears,Cave Bears,a388303e-5457-4174-86af-e2267c6b8e06,46,46,0,0,0,free-music-archive,free-music-archive,Google;Stability AI,USED_BY
Mikroben Krieg,Mikroben Krieg,b61e1974-79ba-4075-8e46-baff9f4801ce,45,45,0,0,0,free-music-archive,free-music-archive,Google;Stability AI,USED_BY
Wildlight,Wildlight,03744cdd-54df-428c-944e-e91e843a53b2,112,45,67,0,0,free-music-archive;laion-disco-12m,free-music-archive,Google;Stability AI,USED_BY
Prana-Bindu,Prana-Bindu,11624,51,51,0,0,0,free-music-archive,free-music-archive,Google;Stability AI,USED_BY
Sergey Cheremisinov,Sergey Cheremisinov,203f59b0-d89f-4fff-8f7e-2b0fbba570e4,51,45,0,6,0,free-music-archive;sleeping-disco-9m,free-music-archive,Google;Stability AI,USED_BY
Arcane Waves,Arcane Waves,f0208795-f1d6-4146-82dc-115686e8e9b3,45,45,0,0,0,free-music-archive,free-music-archive,Google;Stability AI,USED_BY
Expwy,Expwy,13385,45,45,0,0,0,free-music-archive,free-music-archive,Google;Stability AI,USED_BY
Natural Snow Buildings,Natural Snow Buildings,8f48ecc4-0813-4edf-ba67-818f47e7e752,92,45,24,23,0,free-music-archive;laion-disco-12m;sleeping-disco-9m,free-music-archive,Google;Stability AI,USED_BY
Italian Dub Community,Italian Dub Community,7267,45,45,0,0,0,free-music-archive,free-music-archive,Google;Stability AI,USED_BY
Ophir Ilzetzki,Ophir Ilzetzki,2293,44,44,0,0,0,free-music-archive,free-music-archive,Google;Stability AI,USED_BY
Filipe Guimarães,Filipe Guimarães,346be7d4-bc13-44de-8c11-a71a211ef578,71,44,27,0,0,free-music-archive;laion-disco-12m,free-music-archive,Google;Stability AI,USED_BY
Yale Women's Slavic Chorus,Yale Women's Slavic Chorus,6345,44,44,0,0,0,free-music-archive,free-music-archive,Google;Stability AI,USED_BY
RoccoW,RoccoW,ccbd6b48-ff81-41f1-a0aa-1a669c2c1633,45,44,1,0,0,free-music-archive;laion-disco-12m,free-music-archive,Google;Stability AI,USED_BY
Jonas,Jonas,15984,45,44,1,0,0,free-music-archive;laion-disco-12m,free-music-archive,Google;Stability AI,USED_BY
Colin Langenus,Colin Langenus,c753a01d-02c0-4b83-b5de-591e273fe8a8,44,44,0,0,0,free-music-archive,free-music-archive,Google;Stability AI,USED_BY
Psychadelik Pedestrian,Psychadelik Pedestrian,bc92271d-fc14-4afe-9d14-c382e02071a7,44,44,0,0,0,free-music-archive,free-music-archive,Google;Stability AI,USED_BY
The Peach Tree,The Peach Tree,fd6e9cb5-47ca-4e69-8456-ce697142bb6c,44,44,0,0,0,free-music-archive,free-music-archive,Google;Stability AI,USED_BY
Seclorance,Seclorance,ff0016ce-07fa-4a3a-9c2e-9bc34d317297,44,44,0,0,0,free-music-archive,free-music-archive,Google;Stability AI,USED_BY
6majik9,6majik9,16e6e894-1442-4555-ae49-882aede5ca7b,44,44,0,0,0,free-music-archive,free-music-archive,Google;Stability AI,USED_BY
Nautical Almanac,Nautical Almanac,94a43456-17d1-4812-91bb-b554951736e0,43,43,0,0,0,free-music-archive,free-music-archive,Google;Stability AI,USED_BY
Kraus,Kraus,4925,43,43,0,0,0,free-music-archive,free-music-archive,Google;Stability AI,USED_BY
Diogenes In Hell,Diogenes In Hell,18543,43,43,0,0,0,free-music-archive,free-music-archive,Google;Stability AI,USED_BY
Allister Thompson,Allister Thompson,4f904bbb-8c47-46bd-b5b0-bdc39e8d8d75,49,43,6,0,0,free-music-archive;laion-disco-12m,free-music-archive,Google;Stability AI,USED_BY
Pipe Choir,Pipe Choir,0a393c1e-abc3-4c93-a805-4709a131a1e7,45,43,0,2,0,free-music-archive;sleeping-disco-9m,free-music-archive,Google;Stability AI,USED_BY
The Basic Income Earth Network,The Basic Income Earth Network,9135,43,43,0,0,0,free-music-archive,free-music-archive,Google;Stability AI,USED_BY
Nihilore,Nihilore,ce2e3136-be6f-4a5a-8df3-2cb212983709,43,43,0,0,0,free-music-archive,free-music-archive,Google;Stability AI,USED_BY
Fleslit,Fleslit,23208,43,43,0,0,0,free-music-archive,free-music-archive,Google;Stability AI,USED_BY
EAT!,EAT!,2123,42,42,0,0,0,free-music-archive,free-music-archive,Google;Stability AI,USED_BY
Chamomile,Chamomile,2120,42,42,0,0,0,free-music-archive,free-music-archive,Google;Stability AI,USED_BY
element orchestra,element orchestra,13547,42,42,0,0,0,free-music-archive,free-music-archive,Google;Stability AI,USED_BY
Brian Dewan,Brian Dewan,ed524c39-c9ca-4028-9212-b4095d0c77b0,60,42,0,18,0,free-music-archive;sleeping-disco-9m,free-music-archive,Google;Stability AI,USED_BY
Rumbus Merrylegs,Rumbus Merrylegs,dff4133d-dd23-4e5a-a029-025d778be2c5,42,42,0,0,0,free-music-archive,free-music-archive,Google;Stability AI,USED_BY
Lame Drivers,Lame Drivers,7383b8ae-a7c6-4901-9b2a-5513deb2c7de,41,41,0,0,0,free-music-archive,free-music-archive,Google;Stability AI,USED_BY
Nicky Andrews,Nicky Andrews,224,41,41,0,0,0,free-music-archive,free-music-archive,Google;Stability AI,USED_BY
Goto80,Goto80,0f26281f-3add-4e54-b7da-4d335c0ca19c,62,41,0,21,0,free-music-archive;sleeping-disco-9m,free-music-archive,Google;Stability AI,USED_BY
Miquel Parera,Miquel Parera,53feee64-79ed-4504-abbb-047fe32e1f17,57,41,0,16,0,free-music-archive;sleeping-disco-9m,free-music-archive,Google;Stability AI,USED_BY
The Rope River Blues Band,The Rope River Blues Band,8407,41,41,0,0,0,free-music-archive,free-music-archive,Google;Stability AI,USED_BY
Bureaucrat & The Conspirators,Bureaucrat & The Conspirators,11219,41,41,0,0,0,free-music-archive,free-music-archive,Google;Stability AI,USED_BY
NIGHT VIKING,NIGHT VIKING,ca6766ea-9c3f-422c-9677-26db0d8fc2e4,42,42,0,0,0,free-music-archive,free-music-archive,Google;Stability AI,USED_BY
suRRism,suRRism,83cf8f43-ff79-4126-921f-f75b9392e0c3,41,41,0,0,0,free-music-archive,free-music-archive,Google;Stability AI,USED_BY
Qkcofse,Qkcofse,91625462-0c61-4aed-8236-2dee11a2ffaf,41,41,0,0,0,free-music-archive,free-music-archive,Google;Stability AI,USED_BY
Bad Ronald,Bad Ronald,20584,41,41,0,0,0,free-music-archive,free-music-archive,Google;Stability AI,USED_BY
Silence is Sexy,Silence is Sexy,f2578f3c-5994-4e93-8d75-db9dcc5b29f0,68,59,0,9,0,free-music-archive;sleeping-disco-9m,free-music-archive,Google;Stability AI,USED_BY
The Custodian of Records,The Custodian of Records,9224,41,41,0,0,0,free-music-archive,free-music-archive,Google;Stability AI,USED_BY
Manuel J Grotesk,Manuel J Grotesk,8728,41,41,0,0,0,free-music-archive,free-music-archive,Google;Stability AI,USED_BY
Floating Spirits,Floating Spirits,0d2bfe0c-20d4-4cfa-b60e-1f5e049922d5,41,41,0,0,0,free-music-archive,free-music-archive,Google;Stability AI,USED_BY
Oelek,Oelek,21061,41,41,0,0,0,free-music-archive,free-music-archive,Google;Stability AI,USED_BY
Laszlo Harsanyi,Laszlo Harsanyi,21526,41,41,0,0,0,free-music-archive,free-music-archive,Google;Stability AI,USED_BY
Josh Armistead,Josh Armistead,4d998be0-5b27-43c0-8826-cb82241683e9,41,41,0,0,0,free-music-archive,free-music-archive,Google;Stability AI,USED_BY
Vernon Lenoir,Vernon Lenoir,77d7005e-edc9-4a34-8040-8d9491088f4b,107,107,0,0,0,free-music-archive,free-music-archive,Google;Stability AI,USED_BY
MUTWAWA,MUTWAWA,7729,40,40,0,0,0,free-music-archive,free-music-archive,Google;Stability AI,USED_BY
Folk Festival Massacre,Folk Festival Massacre,12912,40,40,0,0,0,free-music-archive,free-music-archive,Google;Stability AI,USED_BY
Mons Jacet,Mons Jacet,15782,40,40,0,0,0,free-music-archive,free-music-archive,Google;Stability AI,USED_BY
4mat,4mat,f5af8ea3-1c87-41d5-9934-2a744de6c41a,40,40,0,0,0,free-music-archive,free-music-archive,Google;Stability AI,USED_BY
Mastermind XS,Mastermind XS,1f6e3695-ea3a-4d89-9f7a-a74cab95b6ed,40,40,0,0,0,free-music-archive,free-music-archive,Google;Stability AI,USED_BY
e.p,e.p,13519,40,40,0,0,0,free-music-archive,free-music-archive,Google;Stability AI,USED_BY
смерть в летнюю полночь,смерть в летнюю полночь,af86b061-03ec-4e16-b06e-8e90ce161a20,40,40,0,0,0,free-music-archive,free-music-archive,Google;Stability AI,USED_BY
transient,transient,3717,40,40,0,0,0,free-music-archive,free-music-archive,Google;Stability AI,USED_BY
Undress Beton,Undress Beton,ebfe92d8-32be-42a4-8d1e-a0ff5da4c0cb,69,69,0,0,0,free-music-archive,free-music-archive,Google;Stability AI,USED_BY
Baker & Able,Baker & Able,8478,40,40,0,0,0,free-music-archive,free-music-archive,Google;Stability AI,USED_BY
LE CHEVALIER DE RINCHY,LE CHEVALIER DE RINCHY,efc13270-6468-4398-baa7-4218c831173e,40,40,0,0,0,free-music-archive,free-music-archive,Google;Stability AI,USED_BY
Olneyville Sound System,Olneyville Sound System,d94d34d3-f01b-4fa3-8722-b555ad0adce0,39,39,0,0,0,free-music-archive,free-music-archive,Google;Stability AI,USED_BY
Kitty Kadoogal,Kitty Kadoogal,2214,39,39,0,0,0,free-music-archive,free-music-archive,Google;Stability AI,USED_BY
Blue Sabbath Black Fiji,Blue Sabbath Black Fiji,5625d97f-6c20-48e0-857f-2af472b907c7,39,39,0,0,0,free-music-archive,free-music-archive,Google;Stability AI,USED_BY
Malaventura,Malaventura,5673,39,39,0,0,0,free-music-archive,free-music-archive,Google;Stability AI,USED_BY
DJ Def Chad,DJ Def Chad,18156,39,39,0,0,0,free-music-archive,free-music-archive,Google;Stability AI,USED_BY
Pk jazz Collective,Pk jazz Collective,8f8db5c9-8887-4922-af35-4b6bbe0ccfc4,120,120,0,0,0,free-music-archive,free-music-archive,Google;Stability AI,USED_BY
Uncle Milk,Uncle Milk,18587,39,39,0,0,0,free-music-archive,free-music-archive,Google;Stability AI,USED_BY
Jukka-Pekka Kervinen,Jukka-Pekka Kervinen,e247d036-a8d2-4e84-8b35-245d4a59b917,41,41,0,0,0,free-music-archive,free-music-archive,Google;Stability AI,USED_BY
Josh Spacek,Josh Spacek,20108,39,39,0,0,0,free-music-archive,free-music-archive,Google;Stability AI,USED_BY
Eaters,Eaters,51770183-c976-4ac7-b267-f87455950f00,39,39,0,0,0,free-music-archive,free-music-archive,Google;Stability AI,USED_BY
alright lover,alright lover,8376,39,39,0,0,0,free-music-archive,free-music-archive,Google;Stability AI,USED_BY
Manueljgrotesque,Manueljgrotesque,7272,39,39,0,0,0,free-music-archive,free-music-archive,Google;Stability AI,USED_BY
State Shirt,State Shirt,6e7959d5-cc38-4bfe-bb92-0801e1e9192a,59,39,0,20,0,free-music-archive;sleeping-disco-9m,free-music-archive,Google;Stability AI,USED_BY
Talkshow Boy,Talkshow Boy,e8d94cf5-fafa-48fc-a6fa-aa50cf54d7f3,68,39,0,29,0,free-music-archive;sleeping-disco-9m,free-music-archive,Google;Stability AI,USED_BY
We Is Shore Dedicated,We Is Shore Dedicated,137e5f26-cce7-42da-af6f-0d580b20e810,41,39,0,2,0,free-music-archive;sleeping-disco-9m,free-music-archive,Google;Stability AI,USED_BY
Regenerated Headpiece,Regenerated Headpiece,b1f573e3-cc5a-4fcb-b6b7-a63fe7750e21,39,39,0,0,0,free-music-archive,free-music-archive,Google;Stability AI,USED_BY
Les Baudouins Morts,Les Baudouins Morts,d047f4ba-e541-45de-8d10-1b8661774bfb,39,39,0,0,0,free-music-archive,free-music-archive,Google;Stability AI,USED_BY
Dan Deacon,Dan Deacon,8dd73d1a-0424-4581-af8c-ade3edb44c5a,228,38,148,42,0,free-music-archive;laion-disco-12m;sleeping-disco-9m,free-music-archive,Google;Stability AI,USED_BY
Matt Sekel,Matt Sekel,c700f508-662b-4844-8a7f-4b6dfc25fbea,38,38,0,0,0,free-music-archive,free-music-archive,Google;Stability AI,USED_BY
transient,transient,4cb5b170-07f9-4428-bdfa-7b74a2122553,38,38,0,0,0,free-music-archive,free-music-archive,Google;Stability AI,USED_BY
Ant The Symbol,Ant The Symbol,98a5fcde-e095-4945-b917-be79ca899eed,125,125,0,0,0,free-music-archive,free-music-archive,Google;Stability AI,USED_BY
Janne Nummela,Janne Nummela,598c1380-7840-453b-b588-9bc25f42a92a,38,38,0,0,0,free-music-archive,free-music-archive,Google;Stability AI,USED_BY
De Dubbelrieters,De Dubbelrieters,19029,38,38,0,0,0,free-music-archive,free-music-archive,Google;Stability AI,USED_BY
Pee-Bug,Pee-Bug,37b60505-e453-4f27-a589-bdbc3f683c71,38,38,0,0,0,free-music-archive,free-music-archive,Google;Stability AI,USED_BY
Remus,Remus,6240,38,38,0,0,0,free-music-archive,free-music-archive,Google;Stability AI,USED_BY
Edward Shallow,Edward Shallow,fcb1ef3a-381e-4316-8f71-7445b0270acb,38,38,0,0,0,free-music-archive,free-music-archive,Google;Stability AI,USED_BY
Lloyd Rodgers,Lloyd Rodgers,83f357c0-2e1f-4f1d-a674-d3246f364f77,38,38,0,0,0,free-music-archive,free-music-archive,Google;Stability AI,USED_BY
lost-radio,lost-radio,e34fd2e6-b453-488a-8a8f-e27eb30ffcd2,38,38,0,0,0,free-music-archive,free-music-archive,Google;Stability AI,USED_BY
Analog - Brain,Analog - Brain,23486,38,38,0,0,0,free-music-archive,free-music-archive,Google;Stability AI,USED_BY
KenLo Craqnuques,KenLo Craqnuques,5a962bd1-d271-40b2-91a3-8eb4314845d5,50,38,0,12,0,free-music-archive;sleeping-disco-9m,free-music-archive,Google;Stability AI,USED_BY
Jimmy Cousins,Jimmy Cousins,91591c53-568f-46d7-a870-e304c71168ea,38,38,0,0,0,free-music-archive,free-music-archive,Google;Stability AI,USED_BY
Hammer of Hathor,Hammer of Hathor,9c52f26f-aee8-4309-a171-3b4fc2e991d4,38,38,0,0,0,free-music-archive,free-music-archive,Google;Stability AI,USED_BY
Jan Grünfeld,Jan Grünfeld,97c2d57f-0279-46f9-a42f-2e9809327d37,37,37,0,0,0,free-music-archive,free-music-archive,Google;Stability AI,USED_BY
The Tleilaxu Music Machine,The Tleilaxu Music Machine,b39bca37-799f-4c50-b242-fd94e9b2e1e9,37,37,0,0,0,free-music-archive,free-music-archive,Google;Stability AI,USED_BY
"Roy ""Chicky"" Arad","Roy ""Chicky"" Arad",e0c0ec28-6be0-49d1-93e9-8a3294cdc6f4,37,37,0,0,0,free-music-archive,free-music-archive,Google;Stability AI,USED_BY
The Kazoo Funk Orchestra,The Kazoo Funk Orchestra,9872d888-c344-4b05-b75e-2ab25807e8c3,37,37,0,0,0,free-music-archive,free-music-archive,Google;Stability AI,USED_BY
uiutna,uiutna,fe9fb693-a70a-427e-83a5-18f0b7072227,38,38,0,0,0,free-music-archive,free-music-archive,Google;Stability AI,USED_BY
Wurlitztraction,Wurlitztraction,ecf98a36-89e0-4e3d-b75b-fa4186511da0,37,37,0,0,0,free-music-archive,free-music-archive,Google;Stability AI,USED_BY
Nils Feske,Nils Feske,ef858200-8361-4b51-98c2-75023e5732ea,37,37,0,0,0,free-music-archive,free-music-archive,Google;Stability AI,USED_BY
Delta Is,Delta Is,169e2f85-6916-4a77-8435-a12467051ebf,37,37,0,0,0,free-music-archive,free-music-archive,Google;Stability AI,USED_BY
dadala,dadala,bb3dcb4c-0b1c-47e3-9fcf-d0b4f859673a,37,37,0,0,0,free-music-archive,free-music-archive,Google;Stability AI,USED_BY
Saito Koji,Saito Koji,6d08d2e3-a43d-4472-aa83-e8fbb11c63b9,37,37,0,0,0,free-music-archive,free-music-archive,Google;Stability AI,USED_BY
Spuntic,Spuntic,866533ba-3cf2-463e-b5af-3747d1666a62,75,37,0,10,28,free-music-archive;sleeping-disco-9m;spotify-tracks-dataset,free-music-archive,Google;Stability AI,USED_BY
lo-fi is sci-fi,lo-fi is sci-fi,a2b4f0dd-a748-47a6-94d4-4195d560a83a,57,37,0,20,0,free-music-archive;sleeping-disco-9m,free-music-archive,Google;Stability AI,USED_BY
Jonas the Plugexpert,Jonas the Plugexpert,1b53f964-9638-486d-8f6f-5a632d27e40f,38,38,0,0,0,free-music-archive,free-music-archive,Google;Stability AI,USED_BY
Better Psychics,Better Psychics,c1f9ec2b-9e06-4c63-9f06-9365c7596c73,37,37,0,0,0,free-music-archive,free-music-archive,Google;Stability AI,USED_BY
Dyslexic Fudgicle,Dyslexic Fudgicle,222e1e6c-e809-454e-a131-d017e4f2c304,37,37,0,0,0,free-music-archive,free-music-archive,Google;Stability AI,USED_BY
D'r Sjaak,D'r Sjaak,bbdddb61-4f98-47b6-8ae8-0bd3d197a015,36,36,0,0,0,free-music-archive,free-music-archive,Google;Stability AI,USED_BY
Just Plain Ant,Just Plain Ant,98a5fcde-e095-4945-b917-be79ca899eed,125,125,0,0,0,free-music-archive,free-music-archive,Google;Stability AI,USED_BY
Bird Names,Bird Names,0bef8511-5471-4121-aa69-ca9573b03b65,36,36,0,0,0,free-music-archive,free-music-archive,Google;Stability AI,USED_BY
Toxic Lipstick,Toxic Lipstick,828e7479-0322-4254-8404-92ba0070f6bb,58,36,0,22,0,free-music-archive;sleeping-disco-9m,free-music-archive,Google;Stability AI,USED_BY
Nic Bommarito,Nic Bommarito,4072fec7-330e-48a2-8769-88fb567b9669,36,36,0,0,0,free-music-archive,free-music-archive,Google;Stability AI,USED_BY
Sandro Marinoni,Sandro Marinoni,b9a4a227-58fb-4448-8c97-39259d9e77fa,36,36,0,0,0,free-music-archive,free-music-archive,Google;Stability AI,USED_BY
Volfoniq,Volfoniq,c023bb34-48b0-4160-ae14-fc578bcde5b2,36,36,0,0,0,free-music-archive,free-music-archive,Google;Stability AI,USED_BY
Arrington de Dionyso,Arrington de Dionyso,5b06874a-7b24-4298-b63f-cabf1b9f476d,43,36,0,7,0,free-music-archive;sleeping-disco-9m,free-music-archive,Google;Stability AI,USED_BY
Velibor Nikolić,Velibor Nikolić,1d519ee3-ef89-42ed-8aae-e21d2736df6c,38,38,0,0,0,free-music-archive,free-music-archive,Google;Stability AI,USED_BY
Tardiss,Tardiss,15861,36,36,0,0,0,free-music-archive,free-music-archive,Google;Stability AI,USED_BY
Kelly Latimore,Kelly Latimore,b1c100b7-3950-4cc1-b15b-27d5e445a19c,36,36,0,0,0,free-music-archive,free-music-archive,Google;Stability AI,USED_BY
Uton,Uton,9264,36,36,0,0,0,free-music-archive,free-music-archive,Google;Stability AI,USED_BY
Unthunk,Unthunk,16993,36,36,0,0,0,free-music-archive,free-music-archive,Google;Stability AI,USED_BY
Cassette Tape Bandits,Cassette Tape Bandits,20156,36,36,0,0,0,free-music-archive,free-music-archive,Google;Stability AI,USED_BY
Pinklogik,Pinklogik,f4130379-1d7b-4c9e-b514-68074634ce04,36,36,0,0,0,free-music-archive,free-music-archive,Google;Stability AI,USED_BY
Sexton Ming,Sexton Ming,5e449151-a3bb-46a5-aa25-81675ca0c036,36,36,0,0,0,free-music-archive,free-music-archive,Google;Stability AI,USED_BY
Dlay,Dlay,21743,36,36,0,0,0,free-music-archive,free-music-archive,Google;Stability AI,USED_BY
M.Nomized,M.Nomized,a02b7f6e-2a14-42e2-875d-ed960fd9b349,36,36,0,0,0,free-music-archive,free-music-archive,Google;Stability AI,USED_BY
Miquel Parera & Computer,Miquel Parera & Computer,22381,36,36,0,0,0,free-music-archive,free-music-archive,Google;Stability AI,USED_BY
Yshwa,Yshwa,22568,35,35,0,0,0,free-music-archive,free-music-archive,Google;Stability AI,USED_BY
Shearer,Shearer,1efdbcbd-1964-4d6f-bdc9-1ec03da23919,35,35,0,0,0,free-music-archive,free-music-archive,Google;Stability AI,USED_BY
Technology of Silence,Technology of Silence,689cdf11-56a2-48da-92be-10d4e72d0ce0,35,35,0,0,0,free-music-archive,free-music-archive,Google;Stability AI,USED_BY
Ljudske Potrebe,Ljudske Potrebe,11423,35,35,0,0,0,free-music-archive,free-music-archive,Google;Stability AI,USED_BY
Marrach,Marrach,de31807e-a303-4e6a-8871-7ae98ab1699c,35,35,0,0,0,free-music-archive,free-music-archive,Google;Stability AI,USED_BY
Breakmaster Cylinder,Breakmaster Cylinder,c5e68ebc-5e50-473a-a982-d56642d20141,41,35,0,6,0,free-music-archive;sleeping-disco-9m,free-music-archive,Google;Stability AI,USED_BY
Christoph Schindling,Christoph Schindling,42239038-39e2-4994-8ca3-b16a4ab69899,35,35,0,0,0,free-music-archive,free-music-archive,Google;Stability AI,USED_BY
Rho,Rho,7125,35,35,0,0,0,free-music-archive,free-music-archive,Google;Stability AI,USED_BY
We Are All Alone,We Are All Alone,16077,35,35,0,0,0,free-music-archive,free-music-archive,Google;Stability AI,USED_BY
Monroeville Music Center,Monroeville Music Center,b0c056d1-1a3b-4932-b580-08464e820239,38,35,1,2,0,free-music-archive;laion-disco-12m;sleeping-disco-9m,free-music-archive,Google;Stability AI,USED_BY
Viraeson,Viraeson,10991,35,35,0,0,0,free-music-archive,free-music-archive,Google;Stability AI,USED_BY
The Easton Ellises,The Easton Ellises,9d28cb91-4ed4-4dca-b310-4a195657bca6,35,35,0,0,0,free-music-archive,free-music-archive,Google;Stability AI,USED_BY
et_,et_,664433e0-794d-4d17-99fd-aadc92c4b45e,35,35,0,0,0,free-music-archive,free-music-archive,Google;Stability AI,USED_BY
Tortue Super Sonic,Tortue Super Sonic,7538,35,35,0,0,0,free-music-archive,free-music-archive,Google;Stability AI,USED_BY
Daniel James Dolby,Daniel James Dolby,22319,35,35,0,0,0,free-music-archive,free-music-archive,Google;Stability AI,USED_BY
Spencer Owen,Spencer Owen,8a140774-dbfa-439f-a72e-3f58f62cf4e6,35,35,0,0,0,free-music-archive,free-music-archive,Google;Stability AI,USED_BY
AlienAqtor,AlienAqtor,d74d9f82-f5de-4345-b19c-bea467ba6414,35,35,0,0,0,free-music-archive,free-music-archive,Google;Stability AI,USED_BY
Flanicx,Flanicx,636c8a70-546c-48f5-a259-b94751071dee,35,35,0,0,0,free-music-archive,free-music-archive,Google;Stability AI,USED_BY
File Under Toner,File Under Toner,9279,35,35,0,0,0,free-music-archive,free-music-archive,Google;Stability AI,USED_BY
Uton,Uton,d10af145-7811-4bd1-a5ee-908db3f19444,35,35,0,0,0,free-music-archive,free-music-archive,Google;Stability AI,USED_BY
Running Point,Running Point,c9035471-b6cc-4402-9d5a-66d1fa9d9ef0,35,35,0,0,0,free-music-archive,free-music-archive,Google;Stability AI,USED_BY
Mar-Tie,Mar-Tie,43bcd6e7-8446-4eeb-ab5a-61f79fbf3bd3,38,38,0,0,0,free-music-archive,free-music-archive,Google;Stability AI,USED_BY
Manuel J Grotesque,Manuel J Grotesque,68c07259-1f8f-4ca6-9888-050935fdeafc,44,44,0,0,0,free-music-archive,free-music-archive,Google;Stability AI,USED_BY
Reigning Sound,Reigning Sound,fd15c842-515a-4157-8c37-2b54c86390bc,55,34,0,21,0,free-music-archive;sleeping-disco-9m,free-music-archive,Google;Stability AI,USED_BY
6th Sense,6th Sense,3089,34,34,0,0,0,free-music-archive,free-music-archive,Google;Stability AI,USED_BY
Downliners Sekt,Downliners Sekt,2187aec5-7ec7-4744-b153-3e2ea3b1b5bd,34,34,0,0,0,free-music-archive,free-music-archive,Google;Stability AI,USED_BY
Revolution Void,Revolution Void,8acc0285-4f6b-4877-8fc9-8e0cfab5397a,34,34,0,0,0,free-music-archive,free-music-archive,Google;Stability AI,USED_BY
BitBasic,BitBasic,c39b2cb4-6d41-4084-8712-e3024fba5474,35,35,0,0,0,free-music-archive,free-music-archive,Google;Stability AI,USED_BY
Eric & Magill,Eric & Magill,626af8aa-e792-4d0c-b467-4d201838f9b0,34,34,0,0,0,free-music-archive,free-music-archive,Google;Stability AI,USED_BY
Third Mind Movement,Third Mind Movement,d4d26856-8ec6-4aca-bf7d-7af80ba20fc4,34,34,0,0,0,free-music-archive,free-music-archive,Google;Stability AI,USED_BY
Turku,Turku,f96197f7-f9f0-45e6-b620-c2e44c994575,34,34,0,0,0,free-music-archive,free-music-archive,Google;Stability AI,USED_BY
Coin Locker Kid,Coin Locker Kid,23678030-ffc5-4490-b636-2cb59da9ad83,60,34,0,26,0,free-music-archive;sleeping-disco-9m,free-music-archive,Google;Stability AI,USED_BY
Breatherholes,Breatherholes,8d641e3d-9a61-437b-ac3f-9e2092672d95,34,34,0,0,0,free-music-archive,free-music-archive,Google;Stability AI,USED_BY
Dazie Mae,Dazie Mae,ef667836-bdd8-463d-9e34-c2fc4e49909e,34,34,0,0,0,free-music-archive,free-music-archive,Google;Stability AI,USED_BY
Jonah Rapino,Jonah Rapino,ea284133-9864-4923-9d49-c22ef97ec8e1,34,34,0,0,0,free-music-archive,free-music-archive,Google;Stability AI,USED_BY
Debmaster,Debmaster,b44b0f4a-c027-4b3a-b605-a3fa6e6dcd78,34,34,0,0,0,free-music-archive,free-music-archive,Google;Stability AI,USED_BY
Silent Strangers,Silent Strangers,452758bc-a8fe-4cfd-b63c-42132b51d860,34,34,0,0,0,free-music-archive,free-music-archive,Google;Stability AI,USED_BY
Tom Woxom,Tom Woxom,2c146a07-8594-4c49-b810-07a6180e6c25,34,34,0,0,0,free-music-archive,free-music-archive,Google;Stability AI,USED_BY
Chtin Mara,Chtin Mara,79da86ab-151c-4946-a4f3-c7f652707248,34,34,0,0,0,free-music-archive,free-music-archive,Google;Stability AI,USED_BY
Amil Byleckie,Amil Byleckie,7546,34,34,0,0,0,free-music-archive,free-music-archive,Google;Stability AI,USED_BY
NaDa BaBa,NaDa BaBa,10154,34,34,0,0,0,free-music-archive,free-music-archive,Google;Stability AI,USED_BY
Dustdevil & Crow,Dustdevil & Crow,6627,34,34,0,0,0,free-music-archive,free-music-archive,Google;Stability AI,USED_BY
los pilotos,los pilotos,21489,34,34,0,0,0,free-music-archive,free-music-archive,Google;Stability AI,USED_BY
Homemade-LoFi-Psych,Homemade-LoFi-Psych,8459,34,34,0,0,0,free-music-archive,free-music-archive,Google;Stability AI,USED_BY
JIHEL,JIHEL,1c074fb3-8eb5-4e50-9292-64cb91d5984c,34,34,0,0,0,free-music-archive,free-music-archive,Google;Stability AI,USED_BY
Daniel Veesey,Daniel Veesey,2355,33,33,0,0,0,free-music-archive,free-music-archive,Google;Stability AI,USED_BY
The Family Simpson,The Family Simpson,5176,33,33,0,0,0,free-music-archive,free-music-archive,Google;Stability AI,USED_BY
Mincemeat or Tenspeed,Mincemeat or Tenspeed,b5d9fe6f-72d3-427b-908c-22f291dc9551,33,33,0,0,0,free-music-archive,free-music-archive,Google;Stability AI,USED_BY
Invaders From Sears,Invaders From Sears,93970396-e0a0-4613-80fe-0156b2ee2a3f,33,33,0,0,0,free-music-archive,free-music-archive,Google;Stability AI,USED_BY
Jaap Blonk,Jaap Blonk,43764e83-2f26-43b2-8a20-d491907e56af,33,33,0,0,0,free-music-archive,free-music-archive,Google;Stability AI,USED_BY
Jan Strach,Jan Strach,19468,33,33,0,0,0,free-music-archive,free-music-archive,Google;Stability AI,USED_BY
Full Load of King,Full Load of King,dbce036d-02d0-45d5-be43-98943c0d684c,33,33,0,0,0,free-music-archive,free-music-archive,Google;Stability AI,USED_BY
Lata,Lata,9937,34,33,1,0,0,free-music-archive;laion-disco-12m,free-music-archive,Google;Stability AI,USED_BY
Liam Stewart,Liam Stewart,9288,33,33,0,0,0,free-music-archive,free-music-archive,Google;Stability AI,USED_BY
Napred u prošlost,Napred u prošlost,15278,33,33,0,0,0,free-music-archive,free-music-archive,Google;Stability AI,USED_BY
Massimo Ruberti,Massimo Ruberti,4905cd83-a18f-4033-9394-6a3bd65e0cc9,33,33,0,0,0,free-music-archive,free-music-archive,Google;Stability AI,USED_BY
Chromix,Chromix,d05a1a8a-d8e1-4a50-8a1f-516b44a61577,33,33,0,0,0,free-music-archive,free-music-archive,Google;Stability AI,USED_BY
Friends or Whatever,Friends or Whatever,9cfcaa29-261a-4e06-97ec-1e30036a3dca,33,33,0,0,0,free-music-archive,free-music-archive,Google;Stability AI,USED_BY
Entertainment for the Braindead,Entertainment for the Braindead,636ec2f4-0054-41f6-b1fe-e003ce6bdec1,51,32,0,19,0,free-music-archive;sleeping-disco-9m,free-music-archive,Google;Stability AI,USED_BY
Sic Alps,Sic Alps,c6f39f9e-b0fc-4614-94a9-ecf648bd8f33,52,32,0,20,0,free-music-archive;sleeping-disco-9m,free-music-archive,Google;Stability AI,USED_BY
Daniel Barbiero,Daniel Barbiero,9b42da20-b06c-4e97-a736-4cad0a1cbf8b,39,39,0,0,0,free-music-archive,free-music-archive,Google;Stability AI,USED_BY
Cherly KaCherly,Cherly KaCherly,f694c7e9-0f0b-4d08-b06b-0ec362ee436d,32,32,0,0,0,free-music-archive,free-music-archive,Google;Stability AI,USED_BY
Marco Raaphorst,Marco Raaphorst,7255d74f-bc4f-4512-9066-55b7344180a3,32,32,0,0,0,free-music-archive,free-music-archive,Google;Stability AI,USED_BY
PC-ONE,PC-ONE,19535,32,32,0,0,0,free-music-archive,free-music-archive,Google;Stability AI,USED_BY
Violeta Päivänkakkara,Violeta Päivänkakkara,51b30ea0-f719-466f-ab41-9f5e79324fbb,32,32,0,0,0,free-music-archive,free-music-archive,Google;Stability AI,USED_BY
Brice Catherin,Brice Catherin,10398,32,32,0,0,0,free-music-archive,free-music-archive,Google;Stability AI,USED_BY
The Above,The Above,800a2f79-9d71-4165-a097-806f125d81f2,32,32,0,0,0,free-music-archive,free-music-archive,Google;Stability AI,USED_BY
1donotuse,1donotuse,20311,32,32,0,0,0,free-music-archive,free-music-archive,Google;Stability AI,USED_BY
J-K,J-K,14543,32,32,0,0,0,free-music-archive,free-music-archive,Google;Stability AI,USED_BY
nisei23,nisei23,76802f73-fcc4-4476-a17d-b0cc240c07d3,32,32,0,0,0,free-music-archive,free-music-archive,Google;Stability AI,USED_BY
YELLOW CHAIR,YELLOW CHAIR,15717,32,32,0,0,0,free-music-archive,free-music-archive,Google;Stability AI,USED_BY
Sound Spread,Sound Spread,e3526770-ae41-4b4e-8301-e33685c6edb3,32,32,0,0,0,free-music-archive,free-music-archive,Google;Stability AI,USED_BY
Keijo,Keijo,b2a2a2db-2d5c-449b-b3b7-85d73585f0ee,32,32,0,0,0,free-music-archive,free-music-archive,Google;Stability AI,USED_BY
Bashed Nursling,Bashed Nursling,197f1b1a-fcc8-4bf3-8864-26880a603cba,32,32,0,0,0,free-music-archive,free-music-archive,Google;Stability AI,USED_BY
Dissolved,Dissolved,8116,32,32,0,0,0,free-music-archive,free-music-archive,Google;Stability AI,USED_BY
Fiesta Animal,Fiesta Animal,8653,32,32,0,0,0,free-music-archive,free-music-archive,Google;Stability AI,USED_BY
Mike Doughty,Mike Doughty,f3bcf7b3-be33-493b-8557-b201b3567828,196,32,135,29,0,free-music-archive;laion-disco-12m;sleeping-disco-9m,free-music-archive,Google;Stability AI,USED_BY
Beme Seed,Beme Seed,f0b7c98d-5245-48bb-a47e-1fcd68b25526,32,32,0,0,0,free-music-archive,free-music-archive,Google;Stability AI,USED_BY
Leisure-B,Leisure-B,db436594-ad73-4702-ab69-b9dc510c0cfa,32,32,0,0,0,free-music-archive,free-music-archive,Google;Stability AI,USED_BY
Jon Watts,Jon Watts,21446,32,32,0,0,0,free-music-archive,free-music-archive,Google;Stability AI,USED_BY
SK,SK,19803,32,32,0,0,0,free-music-archive,free-music-archive,Google;Stability AI,USED_BY
Razabri & Lezet,Razabri & Lezet,24314,32,32,0,0,0,free-music-archive,free-music-archive,Google;Stability AI,USED_BY
Trap of the Trap,Trap of the Trap,8632,32,32,0,0,0,free-music-archive,free-music-archive,Google;Stability AI,USED_BY
Koen Park,Koen Park,e2bf2d02-4bd6-4e07-85f2-86728bf58216,32,32,0,0,0,free-music-archive,free-music-archive,Google;Stability AI,USED_BY
Break The Bans,Break The Bans,16f721c9-acd8-40b9-8bee-e263a76a72d7,31,31,0,0,0,free-music-archive,free-music-archive,Google;Stability AI,USED_BY
Retrigger,Retrigger,305c45a7-7f52-4042-bef2-2c554a8f7e81,31,31,0,0,0,free-music-archive,free-music-archive,Google;Stability AI,USED_BY
Vivian Girls,Vivian Girls,d0676301-7ffc-4ff6-8b38-f8aeb8553115,53,31,0,22,0,free-music-archive;sleeping-disco-9m,free-music-archive,Google;Stability AI,USED_BY
Drums Like Machine Guns,Drums Like Machine Guns,6ecd7597-2fbb-4eaf-966a-448e9280d88a,31,31,0,0,0,free-music-archive,free-music-archive,Google;Stability AI,USED_BY
Garm,Garm,2493,31,31,0,0,0,free-music-archive,free-music-archive,Google;Stability AI,USED_BY
It's Notherground Music!!,It's Notherground Music!!,3093,31,31,0,0,0,free-music-archive,free-music-archive,Google;Stability AI,USED_BY
Nambavan,Nambavan,9ecf960b-16cc-48e4-919d-bbf296958910,47,31,0,16,0,free-music-archive;sleeping-disco-9m,free-music-archive,Google;Stability AI,USED_BY
Radio Shock,Radio Shock,f1d4c9ca-5b4b-4254-b003-4371a2596cb7,31,31,0,0,0,free-music-archive,free-music-archive,Google;Stability AI,USED_BY
Black Sea Hotel,Black Sea Hotel,48ba29ee-236d-4df8-b0f7-d1293ff0f9cf,31,31,0,0,0,free-music-archive,free-music-archive,Google;Stability AI,USED_BY
Wehwalt,Wehwalt,9e2dbc5c-05bd-4aed-9652-84012fc63708,31,31,0,0,0,free-music-archive,free-music-archive,Google;Stability AI,USED_BY
CKZ,CKZ,179cc9b7-fd89-4bbe-a0da-52fa38a14c5c,31,31,0,0,0,free-music-archive,free-music-archive,Google;Stability AI,USED_BY
Coldnoise,Coldnoise,9d053066-8fcf-49dd-bb1c-7c9b90953dd5,31,31,0,0,0,free-music-archive,free-music-archive,Google;Stability AI,USED_BY
Los Margaritos,Los Margaritos,18727791-1705-4b61-8b54-0bce7939b5fc,31,31,0,0,0,free-music-archive,free-music-archive,Google;Stability AI,USED_BY
Fake Cats Project,Fake Cats Project,bad3b6ba-47d0-4429-8561-2260df8ce151,31,31,0,0,0,free-music-archive,free-music-archive,Google;Stability AI,USED_BY
Advent Chamber Orchestra,Advent Chamber Orchestra,640b515f-93f7-4b64-9289-41e1d55e6b13,31,31,0,0,0,free-music-archive,free-music-archive,Google;Stability AI,USED_BY
Orbique,Orbique,1f7054fd-5ab4-44d2-9d83-9a0d58cb9013,31,31,0,0,0,free-music-archive,free-music-archive,Google;Stability AI,USED_BY
Best Friends!,Best Friends!,2e6ec065-a9ef-478c-b0ca-f6e38773f3ef,31,31,0,0,0,free-music-archive,free-music-archive,Google;Stability AI,USED_BY
Ending Satellites,Ending Satellites,2ba474ea-3bf6-4cbe-be65-847315d828dc,38,31,0,7,0,free-music-archive;sleeping-disco-9m,free-music-archive,Google;Stability AI,USED_BY
The Spectacular Fantastic,The Spectacular Fantastic,ae715b82-9e05-44f5-8aa9-0d28596f89a7,31,31,0,0,0,free-music-archive,free-music-archive,Google;Stability AI,USED_BY
Voyageurs,Voyageurs,05d27e20-2405-4952-9069-165d4cbb060e,33,33,0,0,0,free-music-archive,free-music-archive,Google;Stability AI,USED_BY
Dublin Duck Dispensary,Dublin Duck Dispensary,784dc158-9572-494d-a110-493e4cd14191,31,31,0,0,0,free-music-archive,free-music-archive,Google;Stability AI,USED_BY
Ben von Wildenhaus,Ben von Wildenhaus,5e7f0435-963c-4cd5-bb40-ff2952779d6e,42,31,1,10,0,free-music-archive;laion-disco-12m;sleeping-disco-9m,free-music-archive,Google;Stability AI,USED_BY
Pompey,Pompey,13757,31,31,0,0,0,free-music-archive,free-music-archive,Google;Stability AI,USED_BY
Greg Atkinson,Greg Atkinson,692b61ee-7044-4678-9de3-d55bfaa80208,31,31,0,0,0,free-music-archive,free-music-archive,Google;Stability AI,USED_BY
Fatal Injection,Fatal Injection,027a0421-b544-47df-a7af-1335a34dde4a,31,31,0,0,0,free-music-archive,free-music-archive,Google;Stability AI,USED_BY
Sláinte,Sláinte,680e6095-68b0-43c0-99fc-5baa29debf4a,31,31,0,0,0,free-music-archive,free-music-archive,Google;Stability AI,USED_BY
The HATE Noise and Anonymous,The HATE Noise and Anonymous,9954,31,31,0,0,0,free-music-archive,free-music-archive,Google;Stability AI,USED_BY
Ylmoy 8,Ylmoy 8,10461,31,31,0,0,0,free-music-archive,free-music-archive,Google;Stability AI,USED_BY
Kirk Pearson and BIT,Kirk Pearson and BIT,34397a79-d9eb-4600-b2c7-01b19ce14253,32,32,0,0,0,free-music-archive,free-music-archive,Google;Stability AI,USED_BY
epsilon not,epsilon not,dba9566e-cca4-47f1-95f9-8754d394383d,32,32,0,0,0,free-music-archive,free-music-archive,Google;Stability AI,USED_BY
Richard There,Richard There,6a3bda71-799c-4e25-afc9-8495889e1aef,30,30,0,0,0,free-music-archive,free-music-archive,Google;Stability AI,USED_BY
Tracky Birthday,Tracky Birthday,e104bd8f-0152-4f5e-b696-1b646794f577,34,30,0,4,0,free-music-archive;sleeping-disco-9m,free-music-archive,Google;Stability AI,USED_BY
Farmer's Boulevard,Farmer's Boulevard,53c809d4-5ada-4463-95ae-e3cb95488e94,30,30,0,0,0,free-music-archive,free-music-archive,Google;Stability AI,USED_BY
Brian Joseph Davis,Brian Joseph Davis,8af7565d-f3cb-4ac0-8309-2e54b70e5d8c,30,30,0,0,0,free-music-archive,free-music-archive,Google;Stability AI,USED_BY
Fat Worm of Error,Fat Worm of Error,ee34fa85-6fba-4c87-bb7d-222dea43e464,30,30,0,0,0,free-music-archive,free-music-archive,Google;Stability AI,USED_BY
Hayvanlar Alemi,Hayvanlar Alemi,93d16c36-727d-46ef-954b-5c32664e69ed,60,30,0,30,0,free-music-archive;sleeping-disco-9m,free-music-archive,Google;Stability AI,USED_BY
Meanwhileproject.ltd,Meanwhileproject.ltd,7cd13942-03fb-42f1-aa1d-838e36296b19,30,30,0,0,0,free-music-archive,free-music-archive,Google;Stability AI,USED_BY
6th Sense & Mick Boogie,6th Sense & Mick Boogie,3094,30,30,0,0,0,free-music-archive,free-music-archive,Google;Stability AI,USED_BY
Animals & Men,Animals & Men,cc3470a9-fe57-4238-8385-c61cdc10d7df,30,30,0,0,0,free-music-archive,free-music-archive,Google;Stability AI,USED_BY
Frame,Frame,11574,30,30,0,0,0,free-music-archive,free-music-archive,Google;Stability AI,USED_BY
REW<<,REW<<,85421b29-cafc-41c7-963e-fe224f357e82,30,30,0,0,0,free-music-archive,free-music-archive,Google;Stability AI,USED_BY
Uncle Neptune,Uncle Neptune,7398,30,30,0,0,0,free-music-archive,free-music-archive,Google;Stability AI,USED_BY
Stormhat,Stormhat,e5bda2d0-49d2-4e61-a723-d0286f4e042b,30,30,0,0,0,free-music-archive,free-music-archive,Google;Stability AI,USED_BY
Cloudjumper,Cloudjumper,19056,30,30,0,0,0,free-music-archive,free-music-archive,Google;Stability AI,USED_BY
4donotuse,4donotuse,15821,30,30,0,0,0,free-music-archive,free-music-archive,Google;Stability AI,USED_BY
M-Pex,M-Pex,aade0940-c50f-438f-8e66-6359e4879194,47,47,0,0,0,free-music-archive,free-music-archive,Google;Stability AI,USED_BY
Vitamin Pets,Vitamin Pets,f90d03af-fce8-416b-bf66-8a91b7e9d93e,31,30,0,1,0,free-music-archive;sleeping-disco-9m,free-music-archive,Google;Stability AI,USED_BY
Russ Huddleston,Russ Huddleston,c88dd041-0da5-41a5-b997-91d76f7a99ba,30,30,0,0,0,free-music-archive,free-music-archive,Google;Stability AI,USED_BY
Night Birds,Night Birds,c7a4d766-6bc7-4766-b86e-35e8d8e3fa43,51,30,0,20,1,free-music-archive;sleeping-disco-9m;spotify-tracks-dataset,free-music-archive,Google;Stability AI,USED_BY
iot,iot,11138,30,30,0,0,0,free-music-archive,free-music-archive,Google;Stability AI,USED_BY
Paneye,Paneye,f5e4485a-9ddb-401a-a64c-19c08f50230e,30,30,0,0,0,free-music-archive,free-music-archive,Google;Stability AI,USED_BY
Kimiko Ishizaka,Kimiko Ishizaka,13715,30,30,0,0,0,free-music-archive,free-music-archive,Google;Stability AI,USED_BY
PC Noise & Pedicure Records,PC Noise & Pedicure Records,20873,30,30,0,0,0,free-music-archive,free-music-archive,Google;Stability AI,USED_BY
Mystery Mammal,Mystery Mammal,98d525e0-06ef-4336-b199-f2ff94d79620,30,30,0,0,0,free-music-archive,free-music-archive,Google;Stability AI,USED_BY
BVBEL,BVBEL,23824,30,30,0,0,0,free-music-archive,free-music-archive,Google;Stability AI,USED_BY
The Zombie Dandies,The Zombie Dandies,32698bf3-4eab-4897-b369-102652358eee,30,30,0,0,0,free-music-archive,free-music-archive,Google;Stability AI,USED_BY
Black Ant,Black Ant,84ce1fb0-c521-4929-96e6-747ed5302e74,34,30,0,4,0,free-music-archive;sleeping-disco-9m,free-music-archive,Google;Stability AI,USED_BY
Bacalao,Bacalao,b5ee58b5-17e8-4c58-94fc-221875399590,30,30,0,0,0,free-music-archive,free-music-archive,Google;Stability AI,USED_BY
Zoo,Zoo,f92fa0b8-1f9a-4a55-8fbf-3fca7590a41f,29,29,0,0,0,free-music-archive,free-music-archive,Google;Stability AI,USED_BY
Gogofski,Gogofski,51a9c0ec-dea8-450d-8f71-72de8d1b3e37,29,29,0,0,0,free-music-archive,free-music-archive,Google;Stability AI,USED_BY
Чокнутый Пропеллер,Чокнутый Пропеллер,d259803d-3236-4859-87b1-d887476fcc6c,29,29,0,0,0,free-music-archive,free-music-archive,Google;Stability AI,USED_BY
Trokai,Trokai,16607,29,29,0,0,0,free-music-archive,free-music-archive,Google;Stability AI,USED_BY
Daily Khaos delivery,Daily Khaos delivery,19901,29,29,0,0,0,free-music-archive,free-music-archive,Google;Stability AI,USED_BY
Ak'chamel,Ak'chamel,64919cea-0c60-44aa-9f43-4b686723ce78,40,40,0,0,0,free-music-archive,free-music-archive,Google;Stability AI,USED_BY
Gurdonark,Gurdonark,d10616a5-ac88-4f2d-af05-cfa8209d0087,30,29,0,1,0,free-music-archive;sleeping-disco-9m,free-music-archive,Google;Stability AI,USED_BY
Adam Selzer,Adam Selzer,e5fcf98d-b75c-4cfb-8827-0a52778725e1,29,29,0,0,0,free-music-archive,free-music-archive,Google;Stability AI,USED_BY
DJ Harrison,DJ Harrison,411b5c5b-5432-4789-8160-6921c7cf6bcb,73,29,14,30,0,free-music-archive;laion-disco-12m;sleeping-disco-9m,free-music-archive,Google;Stability AI,USED_BY
SANMI,SANMI,13540,29,29,0,0,0,free-music-archive,free-music-archive,Google;Stability AI,USED_BY
Blanche Blanche Blanche,Blanche Blanche Blanche,b9bf2eda-4088-49ec-bf00-f3164ded9f1e,38,31,0,7,0,free-music-archive;sleeping-disco-9m,free-music-archive,Google;Stability AI,USED_BY
BoxCat Games,BoxCat Games,21dd4e7f-a5c6-4528-b64b-fb11c707fef4,29,29,0,0,0,free-music-archive,free-music-archive,Google;Stability AI,USED_BY
Kingstux,Kingstux,6c04b91d-e0c6-47da-be99-7c4043824b60,29,29,0,0,0,free-music-archive,free-music-archive,Google;Stability AI,USED_BY
Spectral Mystics,Spectral Mystics,9436,29,29,0,0,0,free-music-archive,free-music-archive,Google;Stability AI,USED_BY
William Hellfire,William Hellfire,13228,29,29,0,0,0,free-music-archive,free-music-archive,Google;Stability AI,USED_BY
Jeff Eliassen,Jeff Eliassen,13574,29,29,0,0,0,free-music-archive,free-music-archive,Google;Stability AI,USED_BY
ps,ps,13576,29,29,0,0,0,free-music-archive,free-music-archive,Google;Stability AI,USED_BY
Das Kabinett,Das Kabinett,21231,29,29,0,0,0,free-music-archive,free-music-archive,Google;Stability AI,USED_BY
Mise,Mise,22645,29,29,0,0,0,free-music-archive,free-music-archive,Google;Stability AI,USED_BY
Humanfobia,Humanfobia,97773419-3ede-47aa-860e-4b243f2b9205,49,29,0,20,0,free-music-archive;sleeping-disco-9m,free-music-archive,Google;Stability AI,USED_BY
¡para!helion,¡para!helion,7578,29,29,0,0,0,free-music-archive,free-music-archive,Google;Stability AI,USED_BY
Spinnaface,Spinnaface,9292,29,29,0,0,0,free-music-archive,free-music-archive,Google;Stability AI,USED_BY
Bullroarer,Bullroarer,f76e7629-d0ae-4655-b347-971225af59f6,29,29,0,0,0,free-music-archive,free-music-archive,Google;Stability AI,USED_BY
Undress Béton,Undress Béton,ebfe92d8-32be-42a4-8d1e-a0ff5da4c0cb,69,69,0,0,0,free-music-archive,free-music-archive,Google;Stability AI,USED_BY
Trance And The Arcade,Trance And The Arcade,42e05ca9-130a-4391-b729-0a6bb94b6036,29,29,0,0,0,free-music-archive,free-music-archive,Google;Stability AI,USED_BY
Launay,Launay,3b0a8bdd-06be-4b98-9f9f-16b69d182db2,29,29,0,0,0,free-music-archive,free-music-archive,Google;Stability AI,USED_BY
Spitfire Parade,Spitfire Parade,a23bfb28-0e39-4a9f-9652-b6ac9408b1b5,29,29,0,0,0,free-music-archive,free-music-archive,Google;Stability AI,USED_BY
Argumentix,Argumentix,b3b74797-1c66-4e47-a3d8-eed2256e1fa2,28,28,0,0,0,free-music-archive,free-music-archive,Google;Stability AI,USED_BY
Brother JT,Brother JT,5f2fc238-7227-4676-9f48-f45e887a51ae,28,28,0,0,0,free-music-archive,free-music-archive,Google;Stability AI,USED_BY
Gen Ken Montgomery,Gen Ken Montgomery,9fe4a38e-8f13-406f-8e60-8c077c27134f,28,28,0,0,0,free-music-archive,free-music-archive,Google;Stability AI,USED_BY
Sagan,Sagan,c98426ce-5f63-4240-8dcd-3a5b169979d8,28,28,0,0,0,free-music-archive,free-music-archive,Google;Stability AI,USED_BY
Rotor Perdition,Rotor Perdition,04f8d748-8b54-4d0c-bbf4-9fd682de2c00,28,28,0,0,0,free-music-archive,free-music-archive,Google;Stability AI,USED_BY
dj smallcock,dj smallcock,4268e05d-0c5f-478c-a70e-a86be8a934c4,31,31,0,0,0,free-music-archive,free-music-archive,Google;Stability AI,USED_BY
Bermuda Triangles,Bermuda Triangles,3f1f3c8e-cf62-4305-bf29-c7a1e4ec47a4,28,28,0,0,0,free-music-archive,free-music-archive,Google;Stability AI,USED_BY
Crab Smasher,Crab Smasher,7c644914-83f0-4079-a2a3-4ab5f57a7b71,28,28,0,0,0,free-music-archive,free-music-archive,Google;Stability AI,USED_BY
-,-,13538,28,28,0,0,0,free-music-archive,free-music-archive,Google;Stability AI,USED_BY
The Freak Fandango Orchestra,The Freak Fandango Orchestra,2a606804-510a-4728-899c-a9419adb82b9,28,28,0,0,0,free-music-archive,free-music-archive,Google;Stability AI,USED_BY
reid karris,reid karris,a137441d-e5d2-442e-9fb1-97aa5ff1e914,28,28,0,0,0,free-music-archive,free-music-archive,Google;Stability AI,USED_BY
Jack Hertz,Jack Hertz,fa5f7e9e-5667-4771-8a05-f1e8c31386e7,28,28,0,0,0,free-music-archive,free-music-archive,Google;Stability AI,USED_BY
Audiobinger,Audiobinger,2e17d5d4-bd28-45a5-b601-3fce92ba12d8,28,28,0,0,0,free-music-archive,free-music-archive,Google;Stability AI,USED_BY
Slackwaves,Slackwaves,13197,28,28,0,0,0,free-music-archive,free-music-archive,Google;Stability AI,USED_BY
Senyawa,Senyawa,ba54a312-7e90-4751-8284-4f32ea54a4fe,47,28,8,11,0,free-music-archive;laion-disco-12m;sleeping-disco-9m,free-music-archive,Google;Stability AI,USED_BY
Small Colin,Small Colin,66fb7e8b-3a42-4882-a0db-10dde972eaa6,28,28,0,0,0,free-music-archive,free-music-archive,Google;Stability AI,USED_BY
Paul and the Stretch,Paul and the Stretch,17805,28,28,0,0,0,free-music-archive,free-music-archive,Google;Stability AI,USED_BY
Nheap,Nheap,cf0a39af-59d6-4be5-82a1-dffd962ca7fe,28,28,0,0,0,free-music-archive,free-music-archive,Google;Stability AI,USED_BY
Rubber O Cement And James Twig Harper,Rubber O Cement And James Twig Harper,12904,28,28,0,0,0,free-music-archive,free-music-archive,Google;Stability AI,USED_BY
springtide,springtide,4b03534a-6b88-47c5-88f8-34ce2055e85e,28,28,0,0,0,free-music-archive,free-music-archive,Google;Stability AI,USED_BY
Maxim Kornyshev,Maxim Kornyshev,451595e7-fe6c-4138-be31-8fe552f613b9,28,28,0,0,0,free-music-archive,free-music-archive,Google;Stability AI,USED_BY
Gardenella,Gardenella,12953,28,28,0,0,0,free-music-archive,free-music-archive,Google;Stability AI,USED_BY
Noidboy,Noidboy,6944,28,28,0,0,0,free-music-archive,free-music-archive,Google;Stability AI,USED_BY
T3r4t0m4,T3r4t0m4,22486,28,28,0,0,0,free-music-archive,free-music-archive,Google;Stability AI,USED_BY
Neuroleptic Trio,Neuroleptic Trio,8670,28,28,0,0,0,free-music-archive,free-music-archive,Google;Stability AI,USED_BY
Min-Y-Llan,Min-Y-Llan,761da00d-0e52-4375-ab14-ba3205dcfdc2,29,29,0,0,0,free-music-archive,free-music-archive,Google;Stability AI,USED_BY
Pierlo,Pierlo,f0308bae-f66f-4bfb-b044-4eb69bc486ea,28,28,0,0,0,free-music-archive,free-music-archive,Google;Stability AI,USED_BY
Mr. Bitterness And The Guilty Pleasures,Mr. Bitterness And The Guilty Pleasures,4388cb78-6e56-4c0b-8aa5-983259cc2554,32,32,0,0,0,free-music-archive,free-music-archive,Google;Stability AI,USED_BY
Quint Baker,Quint Baker,b5ae1814-580c-4dda-a229-97d549c6db45,28,28,0,0,0,free-music-archive,free-music-archive,Google;Stability AI,USED_BY
Billy Murray,Billy Murray,6116bd4a-1e7a-4e76-9b59-0b23a2887b01,201,28,152,21,0,free-music-archive;laion-disco-12m;sleeping-disco-9m,free-music-archive,Google;Stability AI,USED_BY
Hank IV,Hank IV,ac67cf84-c526-4884-b776-7ed184dab57a,27,27,0,0,0,free-music-archive,free-music-archive,Google;Stability AI,USED_BY
Bob Ostertag,Bob Ostertag,9a4285b7-b793-42cd-a9b8-ff4aa16c5682,29,27,2,0,0,free-music-archive;laion-disco-12m,free-music-archive,Google;Stability AI,USED_BY
Arrington de Dionyso,Arrington de Dionyso,2265,27,27,0,0,0,free-music-archive,free-music-archive,Google;Stability AI,USED_BY
The Rabbits,The Rabbits,21e63f91-960b-4cf4-8fae-20bac839c579,27,27,0,0,0,free-music-archive,free-music-archive,Google;Stability AI,USED_BY
Angels in America,Angels in America,8b0010bd-fddf-488c-bc19-ae9996751d3e,39,27,0,12,0,free-music-archive;sleeping-disco-9m,free-music-archive,Google;Stability AI,USED_BY
Big City Orchestra,Big City Orchestra,44db62b4-8572-43cf-8ea2-6492c91b4db9,27,27,0,0,0,free-music-archive,free-music-archive,Google;Stability AI,USED_BY
Crash Normal,Crash Normal,529b0abb-32a7-4252-88cd-1dc005b30333,36,27,0,9,0,free-music-archive;sleeping-disco-9m,free-music-archive,Google;Stability AI,USED_BY
Ultrabunny,Ultrabunny,679b62a8-a6a2-462f-b2b4-b11611db9c37,27,27,0,0,0,free-music-archive,free-music-archive,Google;Stability AI,USED_BY
INFECTICIDE,INFECTICIDE,16768f54-ed97-4117-958a-8cf92f8000e5,31,29,0,2,0,free-music-archive;sleeping-disco-9m,free-music-archive,Google;Stability AI,USED_BY
Roulet,Roulet,f4eebb84-e067-4bf9-840b-4760266e6dc8,28,27,0,1,0,free-music-archive;sleeping-disco-9m,free-music-archive,Google;Stability AI,USED_BY
Lucas Perný & Miloslav Kollar,Lucas Perný & Miloslav Kollar,18181,27,27,0,0,0,free-music-archive,free-music-archive,Google;Stability AI,USED_BY
Anton Mobin,Anton Mobin,d8c800e0-e1ca-41e0-b1f9-d56a359fc91d,27,27,0,0,0,free-music-archive,free-music-archive,Google;Stability AI,USED_BY
David Mumford,David Mumford,20475,27,27,0,0,0,free-music-archive,free-music-archive,Google;Stability AI,USED_BY
Clorofila Azul,Clorofila Azul,3ad203da-08f3-424d-9514-6b13a1ba2ac6,27,27,0,0,0,free-music-archive,free-music-archive,Google;Stability AI,USED_BY
Azevedo Silva,Azevedo Silva,6cdb63dd-d261-40e5-96bb-67d9d4695d9c,27,27,0,0,0,free-music-archive,free-music-archive,Google;Stability AI,USED_BY
Robo,Robo,64a8444d-dd5b-4ae3-a42e-73bd90e6793e,27,27,0,0,0,free-music-archive,free-music-archive,Google;Stability AI,USED_BY
EARTH-ENEMY,EARTH-ENEMY,15404,27,27,0,0,0,free-music-archive,free-music-archive,Google;Stability AI,USED_BY
Chuzausen,Chuzausen,9a5eba85-6beb-4f40-9612-722c085be4a2,36,27,0,9,0,free-music-archive;sleeping-disco-9m,free-music-archive,Google;Stability AI,USED_BY
Uniform Motion,Uniform Motion,f373cce0-519c-4c90-98dc-91da895a82bb,47,27,0,20,0,free-music-archive;sleeping-disco-9m,free-music-archive,Google;Stability AI,USED_BY
Stephan Siebert,Stephan Siebert,c6f188c2-bceb-425f-8bf3-e8eaea1c0923,27,27,0,0,0,free-music-archive,free-music-archive,Google;Stability AI,USED_BY
The Joy Drops,The Joy Drops,20819,27,27,0,0,0,free-music-archive,free-music-archive,Google;Stability AI,USED_BY
Gabriel Pereira Spurr,Gabriel Pereira Spurr,9dedbaff-e0f8-4a50-a6ff-8bc0c13437e4,27,27,0,0,0,free-music-archive,free-music-archive,Google;Stability AI,USED_BY
Jeremy Gluck,Jeremy Gluck,3b6040e1-efa6-4086-bb0a-2b637c60ada5,28,27,1,0,0,free-music-archive;laion-disco-12m,free-music-archive,Google;Stability AI,USED_BY
Achievements,Achievements,21315,27,27,0,0,0,free-music-archive,free-music-archive,Google;Stability AI,USED_BY
Simon Waldram,Simon Waldram,20350,27,27,0,0,0,free-music-archive,free-music-archive,Google;Stability AI,USED_BY
Rock Monsieur,Rock Monsieur,7317,27,27,0,0,0,free-music-archive,free-music-archive,Google;Stability AI,USED_BY
Axial,Axial,8b5c138d-af9c-4bda-9370-85daae461777,27,27,0,0,0,free-music-archive,free-music-archive,Google;Stability AI,USED_BY
Pornophonik,Pornophonik,e97cc665-e5c7-4f70-96b6-3d897129a4f9,27,27,0,0,0,free-music-archive,free-music-archive,Google;Stability AI,USED_BY
Jani Hirvonen,Jani Hirvonen,ef84a960-bd56-44fe-b285-3753488691d2,27,27,0,0,0,free-music-archive,free-music-archive,Google;Stability AI,USED_BY
Titus 12,Titus 12,9960c5df-10c1-4b22-8243-0c1de6db6a51,28,26,2,0,0,free-music-archive;laion-disco-12m,free-music-archive,Google;Stability AI,USED_BY
Tonstartssbandht,Tonstartssbandht,3f6e6624-5389-4cac-bda4-87f5d7aaa4d6,53,26,0,27,0,free-music-archive;sleeping-disco-9m,free-music-archive,Google;Stability AI,USED_BY
Bronhard/Going/Public,Bronhard/Going/Public,92,27,26,0,1,0,free-music-archive;sleeping-disco-9m,free-music-archive,Google;Stability AI,USED_BY
Ethan Persoff,Ethan Persoff,ce9d9837-6d7f-4294-bc69-c8f02f763ba1,26,26,0,0,0,free-music-archive,free-music-archive,Google;Stability AI,USED_BY
Mink Lungs,Mink Lungs,268ff35a-569f-4974-835c-fdefa7d9b229,26,26,0,0,0,free-music-archive,free-music-archive,Google;Stability AI,USED_BY
Steve Wynn,Steve Wynn,5eb64fa9-5231-4a9b-8742-e72c2d185519,81,26,1,54,0,free-music-archive;laion-disco-12m;sleeping-disco-9m,free-music-archive,Google;Stability AI,USED_BY
Mondo Topless,Mondo Topless,1bd6e89e-8989-4b18-82b3-426f6334ffd0,26,26,0,0,0,free-music-archive,free-music-archive,Google;Stability AI,USED_BY
Volvox,Volvox,a491224e-6db8-441d-8e18-7058407f6188,26,26,0,0,0,free-music-archive,free-music-archive,Google;Stability AI,USED_BY
Nick Jaina,Nick Jaina,329173b0-a27e-4ce1-8ada-0ff863a7c445,31,26,0,5,0,free-music-archive;sleeping-disco-9m,free-music-archive,Google;Stability AI,USED_BY
Marlo Eggplant,Marlo Eggplant,9cbcb796-1071-4466-b467-a46048348572,26,26,0,0,0,free-music-archive,free-music-archive,Google;Stability AI,USED_BY
Stefano Roncarolo,Stefano Roncarolo,8a2ad6c6-3526-4982-94ca-c02bc98f21bb,26,26,0,0,0,free-music-archive,free-music-archive,Google;Stability AI,USED_BY
Uncle Woody Sullender,Uncle Woody Sullender,f437c953-cd90-484c-96d0-487383283f3f,26,26,0,0,0,free-music-archive,free-music-archive,Google;Stability AI,USED_BY
Sawako,Sawako,28dcd46c-0bd1-4787-8487-a43e7e13b233,26,26,0,0,0,free-music-archive,free-music-archive,Google;Stability AI,USED_BY
Andy G. Cohen,Andy G. Cohen,5fb3b2c0-c245-4181-ac00-a6a101168568,26,26,0,0,0,free-music-archive,free-music-archive,Google;Stability AI,USED_BY
Čopor,Čopor,5c28b79d-ff53-45ff-ba1a-92db4ca6f526,26,26,0,0,0,free-music-archive,free-music-archive,Google;Stability AI,USED_BY
Mark Castle,Mark Castle,1bd36b09-9894-41a7-a2d0-375d652288dd,26,26,0,0,0,free-music-archive,free-music-archive,Google;Stability AI,USED_BY
Lyndon Scarfe,Lyndon Scarfe,8a86482c-043d-4b7b-9a72-6ef5ff207165,26,26,0,0,0,free-music-archive,free-music-archive,Google;Stability AI,USED_BY
Hi-Rez,Hi-Rez,ffd5250b-9cdc-4baf-9714-800dbf7ab6ff,295,26,158,109,2,free-music-archive;laion-disco-12m;sleeping-disco-9m;spotify-tracks-dataset,free-music-archive,Google;Stability AI,USED_BY
Megatone,Megatone,17128,26,26,0,0,0,free-music-archive,free-music-archive,Google;Stability AI,USED_BY
Lazer Boy,Lazer Boy,3daf5111-e830-4c95-92e0-46f494188140,26,26,0,0,0,free-music-archive,free-music-archive,Google;Stability AI,USED_BY
Pixyblink,Pixyblink,770fd220-dbac-4ea9-a883-2d3e95170851,28,28,0,0,0,free-music-archive,free-music-archive,Google;Stability AI,USED_BY
How How,How How,431be8c4-f8c5-4e0d-8aa1-47e06e563500,26,26,0,0,0,free-music-archive,free-music-archive,Google;Stability AI,USED_BY
Trans Atlantic Rage/Balogh,Trans Atlantic Rage/Balogh,14425,26,26,0,0,0,free-music-archive,free-music-archive,Google;Stability AI,USED_BY
A Ninja Slob Drew Me,A Ninja Slob Drew Me,9de1badf-41d2-4875-80b1-5d85adceac28,26,26,0,0,0,free-music-archive,free-music-archive,Google;Stability AI,USED_BY
Miquel Parera Jaques,Miquel Parera Jaques,13913,26,26,0,0,0,free-music-archive,free-music-archive,Google;Stability AI,USED_BY
Mršavi Pas,Mršavi Pas,11442,26,26,0,0,0,free-music-archive,free-music-archive,Google;Stability AI,USED_BY
Colin L. Orchestra,Colin L. Orchestra,10192,26,26,0,0,0,free-music-archive,free-music-archive,Google;Stability AI,USED_BY
Jan Morgenstern,Jan Morgenstern,6938a39c-c984-4ae4-ae39-ad372519e809,26,26,0,0,0,free-music-archive,free-music-archive,Google;Stability AI,USED_BY
Inside the Mind,Inside the Mind,2a281c08-1611-4945-950c-026e1f42f930,48,26,22,0,0,free-music-archive;laion-disco-12m,free-music-archive,Google;Stability AI,USED_BY
(morse),(morse),16860,26,26,0,0,0,free-music-archive,free-music-archive,Google;Stability AI,USED_BY
Jeremy Macachor,Jeremy Macachor,5daf8096-08d6-4b83-94fe-65da2febd765,26,26,0,0,0,free-music-archive,free-music-archive,Google;Stability AI,USED_BY
The Valleys,The Valleys,aeb57240-ceed-482c-af10-2a2b02337164,26,26,0,0,0,free-music-archive,free-music-archive,Google;Stability AI,USED_BY
Let Me Crazy,Let Me Crazy,a8033dbb-8f69-44b5-9c41-54e857012d3b,26,26,0,0,0,free-music-archive,free-music-archive,Google;Stability AI,USED_BY
Mike Viola,Mike Viola,3b857281-9d2d-4739-8bfe-305386ce8b7a,56,26,20,10,0,free-music-archive;laion-disco-12m;sleeping-disco-9m,free-music-archive,Google;Stability AI,USED_BY
Carly Ptak,Carly Ptak,a77bb6c6-1841-4118-8b3d-57fd80a3355b,26,26,0,0,0,free-music-archive,free-music-archive,Google;Stability AI,USED_BY
pat moonchy,pat moonchy,8563b751-0180-4a72-b7d0-53900602466f,26,26,0,0,0,free-music-archive,free-music-archive,Google;Stability AI,USED_BY
Nafta,Nafta,10121,26,26,0,0,0,free-music-archive,free-music-archive,Google;Stability AI,USED_BY
Punk Rock Opera,Punk Rock Opera,22128,26,26,0,0,0,free-music-archive,free-music-archive,Google;Stability AI,USED_BY
Ryan Cullinane,Ryan Cullinane,23539,26,26,0,0,0,free-music-archive,free-music-archive,Google;Stability AI,USED_BY
J Hacha de Zola,J Hacha de Zola,22652,26,26,0,0,0,free-music-archive,free-music-archive,Google;Stability AI,USED_BY
Dora'li,Dora'li,6073,26,26,0,0,0,free-music-archive,free-music-archive,Google;Stability AI,USED_BY
Tiny Creatures,Tiny Creatures,6774,26,26,0,0,0,free-music-archive,free-music-archive,Google;Stability AI,USED_BY
Chapelle 59,Chapelle 59,67512f0d-893f-472a-bb81-781e8b9f31d9,26,26,0,0,0,free-music-archive,free-music-archive,Google;Stability AI,USED_BY
Three Chain Links,Three Chain Links,c5f7556e-c3d9-4c4e-9160-11c79116cab1,26,26,0,0,0,free-music-archive,free-music-archive,Google;Stability AI,USED_BY
Good Old Neon,Good Old Neon,e6d369f2-9dd9-42e9-8217-6dca1e698f95,25,25,0,0,0,free-music-archive,free-music-archive,Google;Stability AI,USED_BY
Joey Ripps,Joey Ripps,a9749e6b-bc5f-4528-be87-ca6afc6d7b82,25,25,0,0,0,free-music-archive,free-music-archive,Google;Stability AI,USED_BY
Justice Yeldham,Justice Yeldham,2240,25,25,0,0,0,free-music-archive,free-music-archive,Google;Stability AI,USED_BY
New Waver,New Waver,1f705d85-fe76-4f75-bcae-45aad4fe4c38,39,25,0,14,0,free-music-archive;sleeping-disco-9m,free-music-archive,Google;Stability AI,USED_BY
Spheriot,Spheriot,8bb9ba57-224c-4590-abb4-bfd8bc68b07a,25,25,0,0,0,free-music-archive,free-music-archive,Google;Stability AI,USED_BY
Sminky,Sminky,fee304b1-718a-46eb-baec-2d13b2234ca0,25,25,0,0,0,free-music-archive,free-music-archive,Google;Stability AI,USED_BY
The Decapitated Hed,The Decapitated Hed,3640,25,25,0,0,0,free-music-archive,free-music-archive,Google;Stability AI,USED_BY
Kania Tieffer,Kania Tieffer,e0da7745-7caa-4be4-bb60-e1a7daca5347,25,25,0,0,0,free-music-archive,free-music-archive,Google;Stability AI,USED_BY
dustmotes,dustmotes,e9a3af8d-426e-4557-b6b1-a2f85250e6f1,32,32,0,0,0,free-music-archive,free-music-archive,Google;Stability AI,USED_BY
Egg Nebula,Egg Nebula,bd35e2b2-7966-4616-947f-9eef96dd783f,25,25,0,0,0,free-music-archive,free-music-archive,Google;Stability AI,USED_BY
Astma,Astma,9622,25,25,0,0,0,free-music-archive,free-music-archive,Google;Stability AI,USED_BY
Strong Suit,Strong Suit,16815,25,25,0,0,0,free-music-archive,free-music-archive,Google;Stability AI,USED_BY
Cletus Got Shot,Cletus Got Shot,f07a68b3-e4a7-4463-8235-bbd58a6d0be9,25,25,0,0,0,free-music-archive,free-music-archive,Google;Stability AI,USED_BY
Nightech,Nightech,e1bcb11f-d9f9-45f1-990f-16d4ce2cc069,25,25,0,0,0,free-music-archive,free-music-archive,Google;Stability AI,USED_BY
My Own Cubic Stone,My Own Cubic Stone,3d75ff2b-c571-41db-8641-294d3668f4b5,25,25,0,0,0,free-music-archive,free-music-archive,Google;Stability AI,USED_BY
Shamil Elvenheim,Shamil Elvenheim,13531,25,25,0,0,0,free-music-archive,free-music-archive,Google;Stability AI,USED_BY
Juan Antonio Nieto,Juan Antonio Nieto,f8e938f0-28d0-40ba-adcb-6c9cfd7a304c,25,25,0,0,0,free-music-archive,free-music-archive,Google;Stability AI,USED_BY
Visciera,Visciera,481e8f4e-fb74-4ba5-9e5f-a105dcd2d2a0,25,25,0,0,0,free-music-archive,free-music-archive,Google;Stability AI,USED_BY
Church of When the Shit Hits the Fan,Church of When the Shit Hits the Fan,ebe120c4-cb4b-40c3-b8be-06d60a29f064,28,28,0,0,0,free-music-archive,free-music-archive,Google;Stability AI,USED_BY
The Hussy,The Hussy,56cd2ce3-fdff-4d88-ba6b-ac2ca18971fc,25,25,0,0,0,free-music-archive,free-music-archive,Google;Stability AI,USED_BY
Assif Tsahar,Assif Tsahar,ea17dbfc-f53d-4c3e-b96f-455b901b55c5,25,25,0,0,0,free-music-archive,free-music-archive,Google;Stability AI,USED_BY
Golden Hits,Golden Hits,9ea9cc93-e3c4-4d8c-8767-f95ff806d411,25,25,0,0,0,free-music-archive,free-music-archive,Google;Stability AI,USED_BY
The Mugris,The Mugris,5d2eecfa-0d56-43cc-bd83-eca0d0bd90b4,25,25,0,0,0,free-music-archive,free-music-archive,Google;Stability AI,USED_BY
Mister Drey,Mister Drey,21310,25,25,0,0,0,free-music-archive,free-music-archive,Google;Stability AI,USED_BY
Rest You Sleeping Giant,Rest You Sleeping Giant,2f977421-74e5-400d-9d02-ed7fb036b3ea,25,25,0,0,0,free-music-archive,free-music-archive,Google;Stability AI,USED_BY
Kοκκαλα,Kοκκαλα,21488,25,25,0,0,0,free-music-archive,free-music-archive,Google;Stability AI,USED_BY
Vicnet,Vicnet,94286482-b1da-401c-9a6e-39ebddd24974,25,25,0,0,0,free-music-archive,free-music-archive,Google;Stability AI,USED_BY
KieLoBot,KieLoBot,22616,25,25,0,0,0,free-music-archive,free-music-archive,Google;Stability AI,USED_BY
Mported Flows,Mported Flows,f57a4abf-a85c-4ed7-b764-7f51ac0b530b,25,25,0,0,0,free-music-archive,free-music-archive,Google;Stability AI,USED_BY
Régis Turner,Régis Turner,3cb797a1-00af-461e-bf0c-b5eca00dd586,29,29,0,0,0,free-music-archive,free-music-archive,Google;Stability AI,USED_BY
Olelé Brut,Olelé Brut,df2639fb-1d32-4981-a7a6-acffe3de2dc7,25,25,0,0,0,free-music-archive,free-music-archive,Google;Stability AI,USED_BY
Mombojó,Mombojó,969e51a2-4982-4c95-b365-eab8100f8b7a,55,26,0,29,0,free-music-archive;sleeping-disco-9m,free-music-archive,Google;Stability AI,USED_BY
Lorenzo's Music,Lorenzo's Music,7f1bd6ed-702d-4774-a22f-9cc4d7035ff2,44,24,0,20,0,free-music-archive;sleeping-disco-9m,free-music-archive,Google;Stability AI,USED_BY
Newagehillbilly,Newagehillbilly,223,24,24,0,0,0,free-music-archive,free-music-archive,Google;Stability AI,USED_BY
Suhov,Suhov,9f1acea7-6245-494e-b639-75f8bcbb9bc6,25,24,0,1,0,free-music-archive;sleeping-disco-9m,free-music-archive,Google;Stability AI,USED_BY
Greg Houwer,Greg Houwer,2cad02b8-2b52-49c8-a4b5-3102e7f83e8d,24,24,0,0,0,free-music-archive,free-music-archive,Google;Stability AI,USED_BY
Die Elektrischen,Die Elektrischen,b7de8155-eac4-4be7-ad96-6152ff1121a4,29,29,0,0,0,free-music-archive,free-music-archive,Google;Stability AI,USED_BY
Pink Panzer,Pink Panzer,91aca6fd-8052-4142-a3b3-ad04afcdf052,24,24,0,0,0,free-music-archive,free-music-archive,Google;Stability AI,USED_BY
Jim Rooster,Jim Rooster,20332,24,24,0,0,0,free-music-archive,free-music-archive,Google;Stability AI,USED_BY
SKGB,SKGB,71054c8e-846b-4c6c-92e7-eba13f71dce5,24,24,0,0,0,free-music-archive,free-music-archive,Google;Stability AI,USED_BY
Ed Schrader's Music Beat,Ed Schrader's Music Beat,85159f04-2a3b-4dec-b61f-a9ea561ed6d1,55,24,0,31,0,free-music-archive;sleeping-disco-9m,free-music-archive,Google;Stability AI,USED_BY
UncleBibby,UncleBibby,bd849bb9-472f-4bbb-bca9-f9518b049cde,25,24,1,0,0,free-music-archive;laion-disco-12m,free-music-archive,Google;Stability AI,USED_BY
4di,4di,7134,24,24,0,0,0,free-music-archive,free-music-archive,Google;Stability AI,USED_BY
Azureflux,Azureflux,41ba4376-2ec5-46cd-a962-69b979a915d0,64,24,40,0,0,free-music-archive;laion-disco-12m,free-music-archive,Google;Stability AI,USED_BY
Janina Frank,Janina Frank,19834,24,24,0,0,0,free-music-archive,free-music-archive,Google;Stability AI,USED_BY
Dark Chocolate Chips,Dark Chocolate Chips,9431,24,24,0,0,0,free-music-archive,free-music-archive,Google;Stability AI,USED_BY
John Lewis Grant,John Lewis Grant,19911,24,24,0,0,0,free-music-archive,free-music-archive,Google;Stability AI,USED_BY
Philip Corner,Philip Corner,624f0a57-43a6-4c1d-9471-d7acc0651b7f,27,24,3,0,0,free-music-archive;laion-disco-12m,free-music-archive,Google;Stability AI,USED_BY
Bottlesmoker,Bottlesmoker,ab607f96-68c6-4f02-b18f-0a9f6fe97e28,40,24,9,7,0,free-music-archive;laion-disco-12m;sleeping-disco-9m,free-music-archive,Google;Stability AI,USED_BY
Dungeon Broads,Dungeon Broads,b2028ab5-9121-4dc7-8782-d919d6ce40d5,24,24,0,0,0,free-music-archive,free-music-archive,Google;Stability AI,USED_BY
DubRaJah,DubRaJah,fe9f592f-7ed1-40b4-a978-695676495c37,24,24,0,0,0,free-music-archive,free-music-archive,Google;Stability AI,USED_BY
Music from the Film,Music from the Film,16980,24,24,0,0,0,free-music-archive,free-music-archive,Google;Stability AI,USED_BY
Gosprom,Gosprom,c620c85f-c264-402a-bd78-2319dcf040a8,24,24,0,0,0,free-music-archive,free-music-archive,Google;Stability AI,USED_BY
Jakub Nox Ambroziak,Jakub Nox Ambroziak,da320c41-6b32-41db-9b36-78c48b649d83,24,24,0,0,0,free-music-archive,free-music-archive,Google;Stability AI,USED_BY
Fit and the Conniptions,Fit and the Conniptions,b3a8ffcc-e70e-4b1c-b3e6-7177e695df60,24,24,0,0,0,free-music-archive,free-music-archive,Google;Stability AI,USED_BY
Bonifrate,Bonifrate,cd379180-e984-47a5-8c20-80f7f2883a41,34,24,0,10,0,free-music-archive;sleeping-disco-9m,free-music-archive,Google;Stability AI,USED_BY
A. P. Vague,A. P. Vague,ecd389d3-87ae-4ae7-9d88-88ba7bb7f6b9,24,24,0,0,0,free-music-archive,free-music-archive,Google;Stability AI,USED_BY
Dana Boulé,Dana Boulé,f43389ea-01d1-40da-91fc-e0f4f4763c3c,61,24,37,0,0,free-music-archive;laion-disco-12m,free-music-archive,Google;Stability AI,USED_BY
Synapsis,Synapsis,21128,24,24,0,0,0,free-music-archive,free-music-archive,Google;Stability AI,USED_BY
The Carbon Manual,The Carbon Manual,21281,24,24,0,0,0,free-music-archive,free-music-archive,Google;Stability AI,USED_BY
K.I.R.K,K.I.R.K,22006,24,24,0,0,0,free-music-archive,free-music-archive,Google;Stability AI,USED_BY
Studio Noir,Studio Noir,17850,24,24,0,0,0,free-music-archive,free-music-archive,Google;Stability AI,USED_BY
Sobria Ebrietas,Sobria Ebrietas,e257d502-b07b-45a3-97c5-efd79b113fb8,24,24,0,0,0,free-music-archive,free-music-archive,Google;Stability AI,USED_BY
Pocketmaster,Pocketmaster,113f6a38-ba7d-4a88-bd7a-afb57d91ad06,24,24,0,0,0,free-music-archive,free-music-archive,Google;Stability AI,USED_BY
Virginia Pipe,Virginia Pipe,6185,24,24,0,0,0,free-music-archive,free-music-archive,Google;Stability AI,USED_BY
mo-seph,mo-seph,5f28565f-d2f8-485a-9ea0-81601f84ae54,24,24,0,0,0,free-music-archive,free-music-archive,Google;Stability AI,USED_BY
Tellemake,Tellemake,9728,24,24,0,0,0,free-music-archive,free-music-archive,Google;Stability AI,USED_BY
Victor Herbert Orchestra,Victor Herbert Orchestra,9756,24,24,0,0,0,free-music-archive,free-music-archive,Google;Stability AI,USED_BY
Colin Shaddick & Roger Nicholls,Colin Shaddick & Roger Nicholls,9957,24,24,0,0,0,free-music-archive,free-music-archive,Google;Stability AI,USED_BY
Eric Boros,Eric Boros,6aa00180-009d-4555-8185-648492439595,24,24,0,0,0,free-music-archive,free-music-archive,Google;Stability AI,USED_BY
Ofir Klemperer,Ofir Klemperer,df83bd1d-0267-49c9-9241-75986b9162ff,23,23,0,0,0,free-music-archive,free-music-archive,Google;Stability AI,USED_BY
Lanark,Lanark,9f16dc97-3b6f-4883-afe3-87f3f6efc607,23,23,0,0,0,free-music-archive,free-music-archive,Google;Stability AI,USED_BY
Blanketship,Blanketship,0a9f5b08-670a-4f24-a075-0766c9a81459,23,23,0,0,0,free-music-archive,free-music-archive,Google;Stability AI,USED_BY
Plastic Crimewave Sound,Plastic Crimewave Sound,e8f093e0-0479-4c96-a367-3fb75b429f40,23,23,0,0,0,free-music-archive,free-music-archive,Google;Stability AI,USED_BY
Six Star General,Six Star General,b40e34a0-54d3-44cc-af75-ff2c8920bfa7,23,23,0,0,0,free-music-archive,free-music-archive,Google;Stability AI,USED_BY
Junior85,Junior85,3dc6e2c0-2d8b-45b8-a7be-5b8f2ec4ed59,120,120,0,0,0,free-music-archive,free-music-archive,Google;Stability AI,USED_BY
Comfort Fit,Comfort Fit,e6e2b787-0b4c-4267-8161-310399b101a5,23,23,0,0,0,free-music-archive,free-music-archive,Google;Stability AI,USED_BY
Measles Mumps Rubella,Measles Mumps Rubella,1102210c-501d-48aa-acc4-0e3bb19909a3,23,23,0,0,0,free-music-archive,free-music-archive,Google;Stability AI,USED_BY
Tinyfolk,Tinyfolk,eaf51954-9cdd-4547-981b-08357aa7b296,28,23,0,5,0,free-music-archive;sleeping-disco-9m,free-music-archive,Google;Stability AI,USED_BY
Jeva,Jeva,3189,23,23,0,0,0,free-music-archive,free-music-archive,Google;Stability AI,USED_BY
Snawklor,Snawklor,2145e2c2-6e4d-4ef9-9a3a-18c013c82424,23,23,0,0,0,free-music-archive,free-music-archive,Google;Stability AI,USED_BY
The Cynics,The Cynics,d0e03c52-9f6b-406a-a465-61ee93831c0a,23,23,0,0,0,free-music-archive,free-music-archive,Google;Stability AI,USED_BY
Mia Doi Todd,Mia Doi Todd,22212d7d-0816-4564-a7fd-1ec849a03380,231,23,143,65,0,free-music-archive;laion-disco-12m;sleeping-disco-9m,free-music-archive,Google;Stability AI,USED_BY
Smersh,Smersh,3f2b46c5-ca97-4046-b42f-1c6f7bd1bab7,23,23,0,0,0,free-music-archive,free-music-archive,Google;Stability AI,USED_BY
Mudang Rouge,Mudang Rouge,5144,23,23,0,0,0,free-music-archive,free-music-archive,Google;Stability AI,USED_BY
Yair Yona,Yair Yona,cefe3833-6788-462d-888e-9f4ef3a2ce40,23,23,0,0,0,free-music-archive,free-music-archive,Google;Stability AI,USED_BY
XZICD,XZICD,fbcb5fa5-4457-441d-ab52-fd17075d803f,23,23,0,0,0,free-music-archive,free-music-archive,Google;Stability AI,USED_BY
Pregnant,Pregnant,2311,23,23,0,0,0,free-music-archive,free-music-archive,Google;Stability AI,USED_BY
The OO-Ray,The OO-Ray,10cd3517-c1fe-422a-a1fd-695c0d4012aa,23,23,0,0,0,free-music-archive,free-music-archive,Google;Stability AI,USED_BY
Catholic Witches,Catholic Witches,16799,23,23,0,0,0,free-music-archive,free-music-archive,Google;Stability AI,USED_BY
Organoid,Organoid,15428,23,23,0,0,0,free-music-archive,free-music-archive,Google;Stability AI,USED_BY
{AN} Eel,{AN} Eel,d73a1e99-8e70-4f09-8d3a-6496b06f0c4e,27,27,0,0,0,free-music-archive,free-music-archive,Google;Stability AI,USED_BY
Marwood Williams,Marwood Williams,ba3d22fc-2382-4a8c-a30b-07e0311e435e,23,23,0,0,0,free-music-archive,free-music-archive,Google;Stability AI,USED_BY
Puyo Puyo,Puyo Puyo,68665411-8d0b-43c6-9af8-1338a8ea17ed,23,23,0,0,0,free-music-archive,free-music-archive,Google;Stability AI,USED_BY
Peter Rudenko,Peter Rudenko,13736,23,23,0,0,0,free-music-archive,free-music-archive,Google;Stability AI,USED_BY
Jota_a_ene,Jota_a_ene,14502,23,23,0,0,0,free-music-archive,free-music-archive,Google;Stability AI,USED_BY
The Blind Shake,The Blind Shake,f42c9766-00c4-4f70-9d94-872d7fae228d,23,23,0,0,0,free-music-archive,free-music-archive,Google;Stability AI,USED_BY
Maya Solovéy,Maya Solovéy,12529,23,23,0,0,0,free-music-archive,free-music-archive,Google;Stability AI,USED_BY
pawspaws,pawspaws,e4e1f708-a30a-4aa6-bd3d-6513e645ecd6,23,23,0,0,0,free-music-archive,free-music-archive,Google;Stability AI,USED_BY
Vi-Fi,Vi-Fi,15772,23,23,0,0,0,free-music-archive,free-music-archive,Google;Stability AI,USED_BY
+,+,13525,23,23,0,0,0,free-music-archive,free-music-archive,Google;Stability AI,USED_BY
MAT64,MAT64,395081a5-3aac-45b9-82c9-7ea5f4797806,23,23,0,0,0,free-music-archive,free-music-archive,Google;Stability AI,USED_BY
John Roach,John Roach,11145,23,23,0,0,0,free-music-archive,free-music-archive,Google;Stability AI,USED_BY
Kendall WA,Kendall WA,5a8a4239-dc3e-4baf-9c93-ac1266400801,23,23,0,0,0,free-music-archive,free-music-archive,Google;Stability AI,USED_BY
Paniks live,Paniks live,13626,23,23,0,0,0,free-music-archive,free-music-archive,Google;Stability AI,USED_BY
The Vivisectors,The Vivisectors,36d64916-109d-4617-a001-37cbaaf65a47,23,23,0,0,0,free-music-archive,free-music-archive,Google;Stability AI,USED_BY
Monsieur Tympan,Monsieur Tympan,12746,23,23,0,0,0,free-music-archive,free-music-archive,Google;Stability AI,USED_BY
Loretta Kelley,Loretta Kelley,5fdbbe8b-c7b5-4986-9816-cb5b9f2139ad,23,23,0,0,0,free-music-archive,free-music-archive,Google;Stability AI,USED_BY
Julie Maxwell,Julie Maxwell,e37bbe38-6c0e-40ec-977d-487a9d0c7186,23,23,0,0,0,free-music-archive,free-music-archive,Google;Stability AI,USED_BY
Eat Rabbit,Eat Rabbit,e3dc3f6c-0e49-41a5-badf-b3fb4da38868,24,24,0,0,0,free-music-archive,free-music-archive,Google;Stability AI,USED_BY
Deal The Villain,Deal The Villain,797db8da-8a91-4dc4-a2d2-4af32e39ca0b,23,23,0,0,0,free-music-archive,free-music-archive,Google;Stability AI,USED_BY
Ensemble Pamplemousse,Ensemble Pamplemousse,7817,23,23,0,0,0,free-music-archive,free-music-archive,Google;Stability AI,USED_BY
Str8 Sounds,Str8 Sounds,8403,23,23,0,0,0,free-music-archive,free-music-archive,Google;Stability AI,USED_BY
Mannlicher Carcano,Mannlicher Carcano,8500,23,23,0,0,0,free-music-archive,free-music-archive,Google;Stability AI,USED_BY
Ming & Shaddick,Ming & Shaddick,8629,23,23,0,0,0,free-music-archive,free-music-archive,Google;Stability AI,USED_BY
Frump! Strumpet! Strife!,Frump! Strumpet! Strife!,10072,23,23,0,0,0,free-music-archive,free-music-archive,Google;Stability AI,USED_BY
Morgan Craft,Morgan Craft,e3916c9a-42df-422f-8d75-53beff741999,23,23,0,0,0,free-music-archive,free-music-archive,Google;Stability AI,USED_BY
Павкашавет бантут,Павкашавет бантут,1b543b77-df2c-4924-bd77-833afc1fd37a,23,23,0,0,0,free-music-archive,free-music-archive,Google;Stability AI,USED_BY
Falco Subbuteo,Falco Subbuteo,2194,22,22,0,0,0,free-music-archive,free-music-archive,Google;Stability AI,USED_BY
Foot Village,Foot Village,98c1abc9-be1f-49ca-a074-189abe1a70cb,26,22,0,4,0,free-music-archive;sleeping-disco-9m,free-music-archive,Google;Stability AI,USED_BY
James Amoeba,James Amoeba,6835e8c2-4b89-4a15-bb39-095652892390,22,22,0,0,0,free-music-archive,free-music-archive,Google;Stability AI,USED_BY
The Shrubs,The Shrubs,2306,22,22,0,0,0,free-music-archive,free-music-archive,Google;Stability AI,USED_BY
Ergo Phizmiz & Margita Zalite,Ergo Phizmiz & Margita Zalite,2729,22,22,0,0,0,free-music-archive,free-music-archive,Google;Stability AI,USED_BY
René Vis,René Vis,59beb95e-6cb2-4dcf-95f2-9f627a24294c,22,22,0,0,0,free-music-archive,free-music-archive,Google;Stability AI,USED_BY
Advantage Music Group,Advantage Music Group,4978,22,22,0,0,0,free-music-archive,free-music-archive,Google;Stability AI,USED_BY
Jed Hershon,Jed Hershon,4801,22,22,0,0,0,free-music-archive,free-music-archive,Google;Stability AI,USED_BY
OCS (use also for Thee Oh Sees and Oh Sees),OCS (use also for Thee Oh Sees and Oh Sees),194272cc-dcc8-4640-a4a6-66da7d250d5c,340,22,221,96,1,free-music-archive;laion-disco-12m;sleeping-disco-9m;spotify-tracks-dataset,free-music-archive,Google;Stability AI,USED_BY
Zlatne Uste Balkan Brass Band,Zlatne Uste Balkan Brass Band,46b3e52d-9e11-470c-b526-e4d3e9cb74ab,22,22,0,0,0,free-music-archive,free-music-archive,Google;Stability AI,USED_BY
Brown Wing Overdrive,Brown Wing Overdrive,f6825cb5-5a1e-457d-af4a-10bc3149ca19,22,22,0,0,0,free-music-archive,free-music-archive,Google;Stability AI,USED_BY
Prince Rama,Prince Rama,6ca24ff0-c0dd-4c37-8029-f052dafb1e4a,39,26,1,12,0,free-music-archive;laion-disco-12m;sleeping-disco-9m,free-music-archive,Google;Stability AI,USED_BY
Juanitos,Juanitos,7300dc24-7d56-4ffa-a907-c171aff0a8d3,34,34,0,0,0,free-music-archive,free-music-archive,Google;Stability AI,USED_BY
The Means,The Means,9f83636e-bfce-45a4-be7c-54f3977cf3f6,22,22,0,0,0,free-music-archive,free-music-archive,Google;Stability AI,USED_BY
brunk,brunk,99695950-b5a1-464e-bc13-748630171627,69,69,0,0,0,free-music-archive,free-music-archive,Google;Stability AI,USED_BY
MUTE,MUTE,3cddf2fc-704c-4551-a96c-99a61a13ef0a,22,22,0,0,0,free-music-archive,free-music-archive,Google;Stability AI,USED_BY
Claudio Nuñez,Claudio Nuñez,4651,22,22,0,0,0,free-music-archive,free-music-archive,Google;Stability AI,USED_BY
Supruli,Supruli,12858,22,22,0,0,0,free-music-archive,free-music-archive,Google;Stability AI,USED_BY
The Silence Industry,The Silence Industry,9e1e87bf-28b6-4b6d-94f0-7d74b41649d3,22,22,0,0,0,free-music-archive,free-music-archive,Google;Stability AI,USED_BY
Blanket Music,Blanket Music,0fa9d139-18f2-47c6-9d64-c547d3fc740b,42,22,0,20,0,free-music-archive;sleeping-disco-9m,free-music-archive,Google;Stability AI,USED_BY
Brown Piss,Brown Piss,17138,22,22,0,0,0,free-music-archive,free-music-archive,Google;Stability AI,USED_BY
Orthotonics,Orthotonics,89eb1127-5a49-47e8-b71b-3f905fe2b278,31,31,0,0,0,free-music-archive,free-music-archive,Google;Stability AI,USED_BY
Firnwald,Firnwald,170f3e8a-d076-4385-9a48-aef75009d44b,24,24,0,0,0,free-music-archive,free-music-archive,Google;Stability AI,USED_BY
"Talk Less, Say More","Talk Less, Say More",6b6e3331-251b-42ab-9507-83ff4ad2a0a9,22,22,0,0,0,free-music-archive,free-music-archive,Google;Stability AI,USED_BY
TV Girl,TV Girl,38f0c7ac-46eb-49ca-b3ab-c785ccd05a60,167,22,69,73,3,free-music-archive;laion-disco-12m;sleeping-disco-9m;spotify-tracks-dataset,free-music-archive,Google;Stability AI,USED_BY
Anthony Donovan,Anthony Donovan,15896,23,23,0,0,0,free-music-archive,free-music-archive,Google;Stability AI,USED_BY
2Kutup,2Kutup,00d336e4-1494-456c-93c6-5661f7731fae,22,22,0,0,0,free-music-archive,free-music-archive,Google;Stability AI,USED_BY
Sacha Rush,Sacha Rush,de7b8366-4bf7-4145-a85c-f329cde23a05,22,22,0,0,0,free-music-archive,free-music-archive,Google;Stability AI,USED_BY
Dead Peoples Records,Dead Peoples Records,19259,22,22,0,0,0,free-music-archive,free-music-archive,Google;Stability AI,USED_BY
Fearless Super Pictures,Fearless Super Pictures,19452,22,22,0,0,0,free-music-archive,free-music-archive,Google;Stability AI,USED_BY
Jorge Mario Zuleta,Jorge Mario Zuleta,19425,22,22,0,0,0,free-music-archive,free-music-archive,Google;Stability AI,USED_BY
Pataphysics,Pataphysics,19544,22,22,0,0,0,free-music-archive,free-music-archive,Google;Stability AI,USED_BY
Friction!,Friction!,19831,22,22,0,0,0,free-music-archive,free-music-archive,Google;Stability AI,USED_BY
Nutmeg,Nutmeg,17003,22,22,0,0,0,free-music-archive,free-music-archive,Google;Stability AI,USED_BY
Doctor Bux,Doctor Bux,14567,22,22,0,0,0,free-music-archive,free-music-archive,Google;Stability AI,USED_BY
Trinity the Band of Pan,Trinity the Band of Pan,14770,22,22,0,0,0,free-music-archive,free-music-archive,Google;Stability AI,USED_BY
Hudson,Hudson,30bc8aa2-481c-4975-97ac-4354800cc7a0,24,22,1,1,0,free-music-archive;laion-disco-12m;sleeping-disco-9m,free-music-archive,Google;Stability AI,USED_BY
Stray,Stray,15601,22,22,0,0,0,free-music-archive,free-music-archive,Google;Stability AI,USED_BY
Фиорд,Фиорд,38bf1761-7af6-4c96-8bf8-937e774fcb83,22,22,0,0,0,free-music-archive,free-music-archive,Google;Stability AI,USED_BY
Asthmaboy,Asthmaboy,69da085b-1db0-4fd9-a363-27494a6338f4,40,22,0,18,0,free-music-archive;sleeping-disco-9m,free-music-archive,Google;Stability AI,USED_BY
Austin Leonard Jones,Austin Leonard Jones,503039d9-7054-42ef-9822-b5f81ffed73a,24,22,0,2,0,free-music-archive;sleeping-disco-9m,free-music-archive,Google;Stability AI,USED_BY
White Mystery,White Mystery,a67286b0-a122-4c0d-ac81-9d7e26c029fb,33,22,0,11,0,free-music-archive;sleeping-disco-9m,free-music-archive,Google;Stability AI,USED_BY
Discount Fireworks,Discount Fireworks,846de7f1-cad1-4548-8907-7c9f688ceb6b,22,22,0,0,0,free-music-archive,free-music-archive,Google;Stability AI,USED_BY
La Mugre Roja,La Mugre Roja,11171,22,22,0,0,0,free-music-archive,free-music-archive,Google;Stability AI,USED_BY
Radioactive Sparrow & Brown Torpedo,Radioactive Sparrow & Brown Torpedo,12487,22,22,0,0,0,free-music-archive,free-music-archive,Google;Stability AI,USED_BY
Marcel Pequel,Marcel Pequel,efbdc292-a517-44e9-86de-1f148dd6f6c4,22,22,0,0,0,free-music-archive,free-music-archive,Google;Stability AI,USED_BY
Yusuke Tsutsumi,Yusuke Tsutsumi,5edf8761-ba53-43a2-8aaa-d1d943eeeb54,40,22,0,18,0,free-music-archive;sleeping-disco-9m,free-music-archive,Google;Stability AI,USED_BY
SHOMOMOSE,SHOMOMOSE,965bdf50-68c7-4dae-abe2-1cbd8b9ae47b,22,22,0,0,0,free-music-archive,free-music-archive,Google;Stability AI,USED_BY
Dr Sparkles,Dr Sparkles,4d720486-51ed-43cf-8d1f-209ea792d878,22,22,0,0,0,free-music-archive,free-music-archive,Google;Stability AI,USED_BY
Weldroid,Weldroid,295b631d-b36b-4751-b22f-140271247de4,22,22,0,0,0,free-music-archive,free-music-archive,Google;Stability AI,USED_BY
Andrew Walton,Andrew Walton,1a545b84-fe08-4664-9fc6-0717489e751c,22,22,0,0,0,free-music-archive,free-music-archive,Google;Stability AI,USED_BY
Michett,Michett,01d6f2e5-1dfd-4a64-9b06-72d1a2280861,22,22,0,0,0,free-music-archive,free-music-archive,Google;Stability AI,USED_BY
spinningmerkaba,spinningmerkaba,7010,22,22,0,0,0,free-music-archive,free-music-archive,Google;Stability AI,USED_BY
Ervalizer,Ervalizer,c5668a4e-68a3-448c-9acc-d26bd4e545c5,22,22,0,0,0,free-music-archive,free-music-archive,Google;Stability AI,USED_BY
The Cheese Mites,The Cheese Mites,21659,22,22,0,0,0,free-music-archive,free-music-archive,Google;Stability AI,USED_BY
Corwin Trails,Corwin Trails,9655a38b-ea1e-4d4c-856e-c925da1089af,22,22,0,0,0,free-music-archive,free-music-archive,Google;Stability AI,USED_BY
Caleb Lemond,Caleb Lemond,21957,22,22,0,0,0,free-music-archive,free-music-archive,Google;Stability AI,USED_BY
Colectivo Etéreo,Colectivo Etéreo,658d50dc-65b4-4591-b2dd-fa13a868fd0f,22,22,0,0,0,free-music-archive,free-music-archive,Google;Stability AI,USED_BY
Kenji Siratori,Kenji Siratori,7ce094f8-a3a8-4a10-b196-8f6a9b81b36d,22,22,0,0,0,free-music-archive,free-music-archive,Google;Stability AI,USED_BY
The Chills,The Chills,90b5813d-fbd7-4539-89d5-034094f64a2e,22,22,0,0,0,free-music-archive,free-music-archive,Google;Stability AI,USED_BY
Concealed Sequence,Concealed Sequence,617e7b7d-399a-4ce1-a848-7f83cc508133,22,22,0,0,0,free-music-archive,free-music-archive,Google;Stability AI,USED_BY
Overhill Ln,Overhill Ln,24095,22,22,0,0,0,free-music-archive,free-music-archive,Google;Stability AI,USED_BY
Maxwell Powers,Maxwell Powers,2fb457c8-4e8a-41a4-9e7e-b393ca9587c5,22,22,0,0,0,free-music-archive,free-music-archive,Google;Stability AI,USED_BY
Delphine Dora & The Unexpected,Delphine Dora & The Unexpected,6018,22,22,0,0,0,free-music-archive,free-music-archive,Google;Stability AI,USED_BY
Ten and Tracer,Ten and Tracer,c7966c72-d25b-4dc9-bb67-ac669d6a90dd,23,22,0,1,0,free-music-archive;sleeping-disco-9m,free-music-archive,Google;Stability AI,USED_BY
Tep,Tep,0e48055f-c722-4c75-8cad-ecacccd0c0b2,22,22,0,0,0,free-music-archive,free-music-archive,Google;Stability AI,USED_BY
HCI,HCI,6904,22,22,0,0,0,free-music-archive,free-music-archive,Google;Stability AI,USED_BY
Falcao & Monashee,Falcao & Monashee,550cf989-bd09-4aae-978a-988307ea9f52,22,22,0,0,0,free-music-archive,free-music-archive,Google;Stability AI,USED_BY
(none given),(none given),8613,22,22,0,0,0,free-music-archive,free-music-archive,Google;Stability AI,USED_BY
Poporc,Poporc,3224cf38-caf1-49ed-b3e3-1c4500e6456d,22,22,0,0,0,free-music-archive,free-music-archive,Google;Stability AI,USED_BY
The Beat (USA power pop aka The Beat),The Beat (USA power pop aka The Beat),83d32236-de45-4351-a664-6f22754eab9a,27,22,0,5,0,free-music-archive;sleeping-disco-9m,free-music-archive,Google;Stability AI,USED_BY
Tiruset,Tiruset,f1e37121-b446-441b-9e91-180cda74bb95,22,22,0,0,0,free-music-archive,free-music-archive,Google;Stability AI,USED_BY
Alex Gross,Alex Gross,18c2742d-8db7-4d37-8d69-1c1c2b3b4362,22,22,0,0,0,free-music-archive,free-music-archive,Google;Stability AI,USED_BY
Fonkdongo,Fonkdongo,0a05ea91-1356-4155-84c4-16dc56a4dee1,22,22,0,0,0,free-music-archive,free-music-archive,Google;Stability AI,USED_BY
Space Monkey Death Sequence,Space Monkey Death Sequence,13acf9c5-dd89-44f0-87e0-3d80a9ca2340,22,22,0,0,0,free-music-archive,free-music-archive,Google;Stability AI,USED_BY
Neurotic Wreck,Neurotic Wreck,c5c09daf-cfd1-4039-b860-c93004a5bc5a,22,22,0,0,0,free-music-archive,free-music-archive,Google;Stability AI,USED_BY
Baron Knoxburry,Baron Knoxburry,5d7f1d29-16a4-42b8-9a43-5e3a9438288a,22,22,0,0,0,free-music-archive,free-music-archive,Google;Stability AI,USED_BY
Luno,Luno,21547,21,21,0,0,0,free-music-archive,free-music-archive,Google;Stability AI,USED_BY
Black Pus,Black Pus,41d502d6-9c7b-4e1b-a828-37a9dde3b632,31,21,1,9,0,free-music-archive;laion-disco-12m;sleeping-disco-9m,free-music-archive,Google;Stability AI,USED_BY
To Live and Shave in L.A.,To Live and Shave in L.A.,083941cf-8183-4cba-b49f-16681f04eb63,47,23,0,24,0,free-music-archive;sleeping-disco-9m,free-music-archive,Google;Stability AI,USED_BY
Cheap Time,Cheap Time,fbfd7b0b-a32e-4a76-b40a-325e3da02cde,93,21,53,19,0,free-music-archive;laion-disco-12m;sleeping-disco-9m,free-music-archive,Google;Stability AI,USED_BY
Michael Chapman,Michael Chapman,89c3ee86-abd3-4fc8-872d-39d260ea8b1c,178,21,135,22,0,free-music-archive;laion-disco-12m;sleeping-disco-9m,free-music-archive,Google;Stability AI,USED_BY
Gary War,Gary War,b48b8a5b-bb37-412e-9258-bfb6173667af,64,21,32,11,0,free-music-archive;laion-disco-12m;sleeping-disco-9m,free-music-archive,Google;Stability AI,USED_BY
P.E.D.,P.E.D.,1950,21,21,0,0,0,free-music-archive,free-music-archive,Google;Stability AI,USED_BY
50 Foot Wave,50 Foot Wave,b2d1207f-bc0e-4228-9d29-874973960f04,28,21,0,7,0,free-music-archive;sleeping-disco-9m,free-music-archive,Google;Stability AI,USED_BY
Selva de Mar,Selva de Mar,fc7f3850-cb75-4475-9e65-5cd04b3a69c8,21,21,0,0,0,free-music-archive,free-music-archive,Google;Stability AI,USED_BY
Norja,Norja,35928ced-b778-4a58-9d0c-57d25ee2774b,21,21,0,0,0,free-music-archive,free-music-archive,Google;Stability AI,USED_BY
Throwing Muses,Throwing Muses,b1b9d5cc-7975-43e5-960e-670583da7bc8,126,21,82,23,0,free-music-archive;laion-disco-12m;sleeping-disco-9m,free-music-archive,Google;Stability AI,USED_BY
Vlad Makarov,Vlad Makarov,138b8064-ee52-4b83-abd4-ce2e8d9440a4,21,21,0,0,0,free-music-archive,free-music-archive,Google;Stability AI,USED_BY
Curha,Curha,79386906-1f62-42c5-907d-3d7d1a1902be,21,21,0,0,0,free-music-archive,free-music-archive,Google;Stability AI,USED_BY
Yoko Absorbing,Yoko Absorbing,e4e64865-a8ef-4bfc-b118-530e3f62b4a8,21,21,0,0,0,free-music-archive,free-music-archive,Google;Stability AI,USED_BY
Milkshake Daddy,Milkshake Daddy,5013,21,21,0,0,0,free-music-archive,free-music-archive,Google;Stability AI,USED_BY
Waste Disposal Machine,Waste Disposal Machine,b0f90638-f27e-47c7-8774-dc1a94007cda,21,21,0,0,0,free-music-archive,free-music-archive,Google;Stability AI,USED_BY
Matt LeGroulx,Matt LeGroulx,16242,21,21,0,0,0,free-music-archive,free-music-archive,Google;Stability AI,USED_BY
King Imagine,King Imagine,33c6bade-7a43-42c3-b9f0-cbc602e3340d,21,21,0,0,0,free-music-archive,free-music-archive,Google;Stability AI,USED_BY
The Electric Mess,The Electric Mess,1ffa9969-8a0e-4864-89cb-1eca9821c02a,21,21,0,0,0,free-music-archive,free-music-archive,Google;Stability AI,USED_BY
Thee Knaves,Thee Knaves,8404,21,21,0,0,0,free-music-archive,free-music-archive,Google;Stability AI,USED_BY
Dondero High School A Capella Choir,Dondero High School A Capella Choir,8dc84d13-e874-4307-b71d-29607da3fa7f,21,21,0,0,0,free-music-archive,free-music-archive,Google;Stability AI,USED_BY
BenJamin Banger,BenJamin Banger,6e4cbacb-605d-43d5-a11a-1faa6b4a54c6,21,21,0,0,0,free-music-archive,free-music-archive,Google;Stability AI,USED_BY
The Monitors,The Monitors,15289,21,21,0,0,0,free-music-archive,free-music-archive,Google;Stability AI,USED_BY
Post-Materialists,Post-Materialists,6881351c-6ed7-49d3-8ff2-083290603e09,21,21,0,0,0,free-music-archive,free-music-archive,Google;Stability AI,USED_BY
Nick R 61,Nick R 61,62670d89-cd30-427e-8040-d4bf13f2caf3,21,21,0,0,0,free-music-archive,free-music-archive,Google;Stability AI,USED_BY
W.H.W.Y,W.H.W.Y,c3464eff-ade1-4129-86bc-09b8d2f0ab8c,21,21,0,0,0,free-music-archive,free-music-archive,Google;Stability AI,USED_BY
Murmurists,Murmurists,ffe6f2d7-da55-4575-a1b9-ebc872ea1e14,21,21,0,0,0,free-music-archive,free-music-archive,Google;Stability AI,USED_BY
Reier,Reier,d5bc67a3-2578-4e1b-97bf-8de5ed01e627,21,21,0,0,0,free-music-archive,free-music-archive,Google;Stability AI,USED_BY
Siesto Krapooloso,Siesto Krapooloso,10611,21,21,0,0,0,free-music-archive,free-music-archive,Google;Stability AI,USED_BY
The United States Army Old Guard Fife and Drum Corps,The United States Army Old Guard Fife and Drum Corps,a70c57cc-8c2f-4ae0-b4ee-09057ab4f6b4,21,21,0,0,0,free-music-archive,free-music-archive,Google;Stability AI,USED_BY
Björn & Gorden,Björn & Gorden,a2adf044-5101-432d-af79-99895fd1d4ba,21,21,0,0,0,free-music-archive,free-music-archive,Google;Stability AI,USED_BY
Salon Bruit (Various Artists),Salon Bruit (Various Artists),10982,21,21,0,0,0,free-music-archive,free-music-archive,Google;Stability AI,USED_BY
Fanas,Fanas,2b7f7f17-d0f8-4edf-9a49-b129f068e555,21,21,0,0,0,free-music-archive,free-music-archive,Google;Stability AI,USED_BY
Laura Mura,Laura Mura,9a08ba73-25bf-4c41-9b84-ae3f3998c0b0,21,21,0,0,0,free-music-archive,free-music-archive,Google;Stability AI,USED_BY
MUTE,MUTE,3350,21,21,0,0,0,free-music-archive,free-music-archive,Google;Stability AI,USED_BY
Single Copy,Single Copy,12083,21,21,0,0,0,free-music-archive,free-music-archive,Google;Stability AI,USED_BY
Julian Winter,Julian Winter,f3909085-1052-4297-808d-9d731cabd123,21,21,0,0,0,free-music-archive,free-music-archive,Google;Stability AI,USED_BY
Gillicuddy,Gillicuddy,06fff528-4119-4708-b338-b8b9a89fc61d,21,21,0,0,0,free-music-archive,free-music-archive,Google;Stability AI,USED_BY
SAM EGAN,SAM EGAN,14090,21,21,0,0,0,free-music-archive,free-music-archive,Google;Stability AI,USED_BY
Eridat Makwiri & percussionist,Eridat Makwiri & percussionist,21133,21,21,0,0,0,free-music-archive,free-music-archive,Google;Stability AI,USED_BY
Berger Rond,Berger Rond,cddd92fd-7d06-476a-a68b-40963d0ce727,21,21,0,0,0,free-music-archive,free-music-archive,Google;Stability AI,USED_BY
Return to Normal,Return to Normal,21242,21,21,0,0,0,free-music-archive,free-music-archive,Google;Stability AI,USED_BY
Dollar Boyz,Dollar Boyz,21421,21,21,0,0,0,free-music-archive,free-music-archive,Google;Stability AI,USED_BY
Mt Borracho,Mt Borracho,5b59fcd1-7f52-4b73-b6e3-d1d8cb287a2e,21,21,0,0,0,free-music-archive,free-music-archive,Google;Stability AI,USED_BY
Jack Anderton,Jack Anderton,23916,21,21,0,0,0,free-music-archive,free-music-archive,Google;Stability AI,USED_BY
Greater Than Or Equal To,Greater Than Or Equal To,8c653400-3665-4a33-ace6-fca758ac3f9d,21,21,0,0,0,free-music-archive,free-music-archive,Google;Stability AI,USED_BY
Kevin Hartnell,Kevin Hartnell,22551,21,21,0,0,0,free-music-archive,free-music-archive,Google;Stability AI,USED_BY
Kapotte Muziek,Kapotte Muziek,5bb3a0d5-1e59-4716-89b7-65b972bac0c8,21,21,0,0,0,free-music-archive,free-music-archive,Google;Stability AI,USED_BY
Dino Felipe,Dino Felipe,4fcfb36b-3ec5-4e74-a2dd-173df8d36412,21,21,0,0,0,free-music-archive,free-music-archive,Google;Stability AI,USED_BY
H.D.M.,H.D.M.,4a9202cc-ff61-42ba-b409-c1b98d2e304d,21,21,0,0,0,free-music-archive,free-music-archive,Google;Stability AI,USED_BY
Really Happening,Really Happening,8622,21,21,0,0,0,free-music-archive,free-music-archive,Google;Stability AI,USED_BY
Placenta Popeye,Placenta Popeye,8213d61c-120d-4a0c-9879-ae605b981c89,21,21,0,0,0,free-music-archive,free-music-archive,Google;Stability AI,USED_BY
Эксперимент,Эксперимент,c7c60bd4-4026-46c7-aa43-52c38f2ddb08,21,21,0,0,0,free-music-archive,free-music-archive,Google;Stability AI,USED_BY
Anti-Pop Consortium,Anti-Pop Consortium,5452,20,20,0,0,0,free-music-archive,free-music-archive,Google;Stability AI,USED_BY
Henry Homesweet,Henry Homesweet,ff4308de-5b17-4869-ad77-ea41d8bf3b18,40,20,1,19,0,free-music-archive;laion-disco-12m;sleeping-disco-9m,free-music-archive,Google;Stability AI,USED_BY
Barnacled,Barnacled,90920cac-a346-455f-a896-8e4636d67a36,20,20,0,0,0,free-music-archive,free-music-archive,Google;Stability AI,USED_BY
Glass Candy,Glass Candy,ca94595e-955a-495c-8ba1-25eebd9609a9,93,27,47,19,0,free-music-archive;laion-disco-12m;sleeping-disco-9m,free-music-archive,Google;Stability AI,USED_BY
The Sounds of Taraab,The Sounds of Taraab,1259,20,20,0,0,0,free-music-archive,free-music-archive,Google;Stability AI,USED_BY
Thomas Dimuzio,Thomas Dimuzio,c2ff438a-2409-4c07-ba54-2365d07f41e6,21,20,1,0,0,free-music-archive;laion-disco-12m,free-music-archive,Google;Stability AI,USED_BY
Larkin Grimm,Larkin Grimm,1b9ddfca-2a5c-438b-9457-720cc51f93a3,39,20,0,19,0,free-music-archive;sleeping-disco-9m,free-music-archive,Google;Stability AI,USED_BY
Wolf Choir,Wolf Choir,1714,20,20,0,0,0,free-music-archive,free-music-archive,Google;Stability AI,USED_BY
The German Measles,The German Measles,f3ba40f2-d5e6-46ca-9708-803eba5290fc,20,20,0,0,0,free-music-archive,free-music-archive,Google;Stability AI,USED_BY
Supercute Bye Byes,Supercute Bye Byes,2570,20,20,0,0,0,free-music-archive,free-music-archive,Google;Stability AI,USED_BY
Wildabeast,Wildabeast,97a34841-3860-439a-909a-c4c03ac2da7c,20,20,0,0,0,free-music-archive,free-music-archive,Google;Stability AI,USED_BY
Daghoti.,Daghoti.,3c0b5dd2-536c-439e-ba84-1c92c08a92df,23,23,0,0,0,free-music-archive,free-music-archive,Google;Stability AI,USED_BY
This One,This One,f4391eee-06bb-469e-aa32-ec4048e4ba89,20,20,0,0,0,free-music-archive,free-music-archive,Google;Stability AI,USED_BY
h.,h.,5933,20,20,0,0,0,free-music-archive,free-music-archive,Google;Stability AI,USED_BY
Shadow Priest,Shadow Priest,c4129613-88a0-413c-90ce-5afd180885cc,20,20,0,0,0,free-music-archive,free-music-archive,Google;Stability AI,USED_BY
Roman Slavka,Roman Slavka,f7060d9b-4a3b-4042-975d-de615464485c,20,20,0,0,0,free-music-archive,free-music-archive,Google;Stability AI,USED_BY
J. Surak,J. Surak,14561,20,20,0,0,0,free-music-archive,free-music-archive,Google;Stability AI,USED_BY
Tarpigh,Tarpigh,18231,20,20,0,0,0,free-music-archive,free-music-archive,Google;Stability AI,USED_BY
máquina solar,máquina solar,18243,20,20,0,0,0,free-music-archive,free-music-archive,Google;Stability AI,USED_BY
Leedian,Leedian,08903ead-457b-412d-92d5-670a8ea8c5f1,20,20,0,0,0,free-music-archive,free-music-archive,Google;Stability AI,USED_BY
North Hive,North Hive,ee105508-ff77-4879-ac47-8514e1a9d313,20,20,0,0,0,free-music-archive,free-music-archive,Google;Stability AI,USED_BY
Serhio Efremis,Serhio Efremis,6268fdaf-30aa-4265-a7b0-7bb7026a79c0,20,20,0,0,0,free-music-archive,free-music-archive,Google;Stability AI,USED_BY
mildtape,mildtape,204c1baf-326e-4012-8e3c-3fb2e0b733bd,21,21,0,0,0,free-music-archive,free-music-archive,Google;Stability AI,USED_BY
Vienna Ditto,Vienna Ditto,3f1ce766-9d02-48e7-882c-a66388a0eb4a,23,20,0,3,0,free-music-archive;sleeping-disco-9m,free-music-archive,Google;Stability AI,USED_BY
Plusplus,Plusplus,2bbc7361-e857-4c72-a76c-0b7d40fe6275,29,29,0,0,0,free-music-archive,free-music-archive,Google;Stability AI,USED_BY
Ховбай Хвекмеев,Ховбай Хвекмеев,be7b2169-7f46-492a-ad87-bbf243202723,20,20,0,0,0,free-music-archive,free-music-archive,Google;Stability AI,USED_BY
COW,COW,16536,20,20,0,0,0,free-music-archive,free-music-archive,Google;Stability AI,USED_BY
Viva Belgrado,Viva Belgrado,8dd09378-76ba-40d2-abc2-ec52a0f34c32,53,20,0,33,0,free-music-archive;sleeping-disco-9m,free-music-archive,Google;Stability AI,USED_BY
Hermit,Hermit,11234,20,20,0,0,0,free-music-archive,free-music-archive,Google;Stability AI,USED_BY
The Cow Goes Moo,The Cow Goes Moo,06cbb586-e2f7-4862-b890-4d9beaa8bdf4,20,20,0,0,0,free-music-archive,free-music-archive,Google;Stability AI,USED_BY
The Mind Orchestra,The Mind Orchestra,7d2c206a-6b03-4f66-a142-726fe4fca5ed,20,20,0,0,0,free-music-archive,free-music-archive,Google;Stability AI,USED_BY
Howie Mitchell,Howie Mitchell,14026,20,20,0,0,0,free-music-archive,free-music-archive,Google;Stability AI,USED_BY
Möbius,Möbius,5969d54d-40ea-470f-b7da-3514f2cf4c8d,20,20,0,0,0,free-music-archive,free-music-archive,Google;Stability AI,USED_BY
My Brother Daniel,My Brother Daniel,a87de233-5dee-48d4-9a63-3fe648986327,24,24,0,0,0,free-music-archive,free-music-archive,Google;Stability AI,USED_BY
U.M.M.,U.M.M.,cc78c019-1264-475b-8fcd-f902fe4d23e2,25,20,5,0,0,free-music-archive;laion-disco-12m,free-music-archive,Google;Stability AI,USED_BY
Distant 294,Distant 294,17129,20,20,0,0,0,free-music-archive,free-music-archive,Google;Stability AI,USED_BY
Apache Dropout,Apache Dropout,f9b98dbf-5ee7-4716-a739-353eb2a01aee,20,20,0,0,0,free-music-archive,free-music-archive,Google;Stability AI,USED_BY
Daizy,Daizy,ba4529d6-dd36-4875-ad0d-145be2e18102,20,20,0,0,0,free-music-archive,free-music-archive,Google;Stability AI,USED_BY
Kurobear,Kurobear,c4853f68-a740-4dac-9b27-d4f3bd27712a,20,20,0,0,0,free-music-archive,free-music-archive,Google;Stability AI,USED_BY
Zero V,Zero V,14734,20,20,0,0,0,free-music-archive,free-music-archive,Google;Stability AI,USED_BY
Sergi Boal,Sergi Boal,20a98f83-2574-4e0b-be37-f13b852b1aa8,20,20,0,0,0,free-music-archive,free-music-archive,Google;Stability AI,USED_BY
Lofiuser,Lofiuser,cb348bae-d7ea-44bf-b6d2-6ce4f60d9c78,20,20,0,0,0,free-music-archive,free-music-archive,Google;Stability AI,USED_BY
Tearpalm,Tearpalm,1c65d9f4-7728-4a3b-a068-1ef3f2a7317e,20,20,0,0,0,free-music-archive,free-music-archive,Google;Stability AI,USED_BY
Los Cuatrocientos Golpes,Los Cuatrocientos Golpes,3c42773b-ad7e-4fab-971e-6b45d4d0146e,32,20,0,12,0,free-music-archive;sleeping-disco-9m,free-music-archive,Google;Stability AI,USED_BY
Peter DiPhillips,Peter DiPhillips,851d1d03-1191-4f6b-bbf7-b563c8297ad0,21,21,0,0,0,free-music-archive,free-music-archive,Google;Stability AI,USED_BY
E. R. Goodman,E. R. Goodman,15906,20,20,0,0,0,free-music-archive,free-music-archive,Google;Stability AI,USED_BY
Illocanblo,Illocanblo,065abb02-f035-4f09-940b-6dafc312502e,21,21,0,0,0,free-music-archive,free-music-archive,Google;Stability AI,USED_BY
Brigand,Brigand,c5e96ae2-59bb-426d-a8cd-e501d2a1e585,20,20,0,0,0,free-music-archive,free-music-archive,Google;Stability AI,USED_BY
El bien,El bien,17347,20,20,0,0,0,free-music-archive,free-music-archive,Google;Stability AI,USED_BY
Ras Amerlock,Ras Amerlock,81da5dfe-2bd2-41e6-963a-2931c257d9f3,20,20,0,0,0,free-music-archive,free-music-archive,Google;Stability AI,USED_BY
Las Ruinas,Las Ruinas,690e22e1-1d7b-4a8a-817c-0c004dab2937,20,20,0,0,0,free-music-archive,free-music-archive,Google;Stability AI,USED_BY
The Vévé Seashore,The Vévé Seashore,10334,20,20,0,0,0,free-music-archive,free-music-archive,Google;Stability AI,USED_BY
Emerald Park,Emerald Park,70723102-0e1d-4a1a-bdd7-0bf8199cae44,46,20,0,26,0,free-music-archive;sleeping-disco-9m,free-music-archive,Google;Stability AI,USED_BY
Ryan Hardy,Ryan Hardy,cf5580ce-7c1e-45fc-87e1-aaf0decb3eeb,20,20,0,0,0,free-music-archive,free-music-archive,Google;Stability AI,USED_BY
Jealousy,Jealousy,12031,20,20,0,0,0,free-music-archive,free-music-archive,Google;Stability AI,USED_BY
Charles Curse,Charles Curse,bc8426a5-ce34-47a9-87cb-770c799a4900,20,20,0,0,0,free-music-archive,free-music-archive,Google;Stability AI,USED_BY
Sans Blanc,Sans Blanc,10197,20,20,0,0,0,free-music-archive,free-music-archive,Google;Stability AI,USED_BY
Souvenir Driver,Souvenir Driver,5c313bdd-a66c-4252-819b-e6e024f39079,20,20,0,0,0,free-music-archive,free-music-archive,Google;Stability AI,USED_BY
Tab,Tab,3139,22,20,2,0,0,free-music-archive;laion-disco-12m,free-music-archive,Google;Stability AI,USED_BY
Alcove,Alcove,7503,20,20,0,0,0,free-music-archive,free-music-archive,Google;Stability AI,USED_BY
Basement Skylights,Basement Skylights,1b704cc8-becd-41e2-a4bd-6bfe206b4beb,20,20,0,0,0,free-music-archive,free-music-archive,Google;Stability AI,USED_BY
Adrianna Krikl,Adrianna Krikl,20854,20,20,0,0,0,free-music-archive,free-music-archive,Google;Stability AI,USED_BY
Quimorucru,Quimorucru,09850ceb-3f8c-4506-960d-5365329da086,113,20,93,0,0,free-music-archive;laion-disco-12m,free-music-archive,Google;Stability AI,USED_BY
Resonancedj,Resonancedj,21345,20,20,0,0,0,free-music-archive,free-music-archive,Google;Stability AI,USED_BY
Massaccesi,Massaccesi,19513317-1a68-456e-bbc1-3ea6a831eb96,20,20,0,0,0,free-music-archive,free-music-archive,Google;Stability AI,USED_BY
beat.dowsing,beat.dowsing,575ef351-e5fd-4749-806e-d0a76eed999e,27,27,0,0,0,free-music-archive,free-music-archive,Google;Stability AI,USED_BY
Mathieu Lamontagne,Mathieu Lamontagne,ab53d6c8-c8bd-4d3e-8c93-262619cde141,20,20,0,0,0,free-music-archive,free-music-archive,Google;Stability AI,USED_BY
Emmanuel Toledo,Emmanuel Toledo,65aaa8ce-c67c-4945-aef0-b52152bf11e2,20,20,0,0,0,free-music-archive,free-music-archive,Google;Stability AI,USED_BY
Di Kang,Di Kang,19896,20,20,0,0,0,free-music-archive,free-music-archive,Google;Stability AI,USED_BY
Laisse Sheila Tranquille,Laisse Sheila Tranquille,23918,20,20,0,0,0,free-music-archive,free-music-archive,Google;Stability AI,USED_BY
Panda Dub,Panda Dub,08557f73-6b1c-4281-ad93-ffa660f5b266,91,20,67,3,1,free-music-archive;laion-disco-12m;sleeping-disco-9m;spotify-tracks-dataset,free-music-archive,Google;Stability AI,USED_BY
Human Resources,Human Resources,10200,20,20,0,0,0,free-music-archive,free-music-archive,Google;Stability AI,USED_BY
The Ananas,The Ananas,001939ac-c4ec-454e-9798-dcc58505f004,20,20,0,0,0,free-music-archive,free-music-archive,Google;Stability AI,USED_BY
Indias Indios,Indias Indios,01504d33-309c-4132-8bcd-36f87c32b28f,20,20,0,0,0,free-music-archive,free-music-archive,Google;Stability AI,USED_BY
Efaï Héfaille,Efaï Héfaille,9315c0e0-2aac-45dc-9d99-f28efbc5d63a,20,20,0,0,0,free-music-archive,free-music-archive,Google;Stability AI,USED_BY
Uke Stanza,Uke Stanza,2226fde7-117d-45fd-ae89-8a2852433a33,20,20,0,0,0,free-music-archive,free-music-archive,Google;Stability AI,USED_BY
Stalaktos,Stalaktos,7ff2d829-47be-49e1-9ab2-343ef5050d7e,20,20,0,0,0,free-music-archive,free-music-archive,Google;Stability AI,USED_BY
Mary Halvorson,Mary Halvorson,5b79b380-0167-4f6e-b707-28c065053353,31,19,0,12,0,free-music-archive;sleeping-disco-9m,free-music-archive,Google;Stability AI,USED_BY
Cloud Mouth,Cloud Mouth,b0479cb5-7159-49ff-83a5-9fc6da052ebc,19,19,0,0,0,free-music-archive,free-music-archive,Google;Stability AI,USED_BY
Wooden Shjips,Wooden Shjips,3754dc74-381e-4237-bd44-65f5600a4d88,81,19,49,13,0,free-music-archive;laion-disco-12m;sleeping-disco-9m,free-music-archive,Google;Stability AI,USED_BY
Means,Means,10260,19,19,0,0,0,free-music-archive,free-music-archive,Google;Stability AI,USED_BY
Dälek,Dälek,4f2c4842-f90f-476e-95d3-8e868ae4d745,20,19,1,0,0,free-music-archive;laion-disco-12m,free-music-archive,Google;Stability AI,USED_BY
caUSE co-MOTION!,caUSE co-MOTION!,2fd53cad-49fe-49c0-a2f8-f8c1aa9567a9,19,19,0,0,0,free-music-archive,free-music-archive,Google;Stability AI,USED_BY
Box Elders,Box Elders,01a53974-b56f-4320-be1c-fd2507e386b8,19,19,0,0,0,free-music-archive,free-music-archive,Google;Stability AI,USED_BY
Irene Moon,Irene Moon,6cf8f5cc-38d0-4b90-98e2-709e409778f4,19,19,0,0,0,free-music-archive,free-music-archive,Google;Stability AI,USED_BY
Bunnybrains,Bunnybrains,530,19,19,0,0,0,free-music-archive,free-music-archive,Google;Stability AI,USED_BY
Avec Noir,Avec Noir,15690,19,19,0,0,0,free-music-archive,free-music-archive,Google;Stability AI,USED_BY
Blevin Blectum,Blevin Blectum,a484cc3c-5629-49e1-8eff-21408abfe22d,19,19,0,0,0,free-music-archive,free-music-archive,Google;Stability AI,USED_BY
Scrambled Mache,Scrambled Mache,5b1d66d0-4ac4-41fc-9b68-233727a8b617,19,19,0,0,0,free-music-archive,free-music-archive,Google;Stability AI,USED_BY
Silver Apples,Silver Apples,802d971d-5fb1-4ca1-8e56-69c64122d957,116,20,69,27,0,free-music-archive;laion-disco-12m;sleeping-disco-9m,free-music-archive,Google;Stability AI,USED_BY
The Taxpayers,The Taxpayers,e039dd53-7fa2-48eb-a79e-ee2c359d3831,153,19,92,42,0,free-music-archive;laion-disco-12m;sleeping-disco-9m,free-music-archive,Google;Stability AI,USED_BY
Special Moments,Special Moments,0929e646-c318-4ca0-95b5-b7ad14ae8916,19,19,0,0,0,free-music-archive,free-music-archive,Google;Stability AI,USED_BY
The Spunk Lads,The Spunk Lads,34976b3e-b588-4f31-98e9-96a0088cdf50,19,19,0,0,0,free-music-archive,free-music-archive,Google;Stability AI,USED_BY
Speedy Ortiz,Speedy Ortiz,4fbf1a3d-a649-4f8e-9ddf-347f6ba2d307,136,20,85,31,0,free-music-archive;laion-disco-12m;sleeping-disco-9m,free-music-archive,Google;Stability AI,USED_BY
Wilted Woman,Wilted Woman,e932680d-d349-4f62-9393-d4c3552eb1f0,19,19,0,0,0,free-music-archive,free-music-archive,Google;Stability AI,USED_BY
Jari Pitkänen,Jari Pitkänen,b367481e-886d-49da-aba4-ce15ca38dc54,25,25,0,0,0,free-music-archive,free-music-archive,Google;Stability AI,USED_BY
Seazo,Seazo,ac029211-5939-45e2-983d-63fee1456ccb,19,19,0,0,0,free-music-archive,free-music-archive,Google;Stability AI,USED_BY
Paul Mimlitsch,Paul Mimlitsch,c17e2094-da79-4f17-b419-362db5c9a6af,19,19,0,0,0,free-music-archive,free-music-archive,Google;Stability AI,USED_BY
Митрий Гранков,Митрий Гранков,e2556014-8bc7-4baa-97e7-634fed8b035c,19,19,0,0,0,free-music-archive,free-music-archive,Google;Stability AI,USED_BY
Matt Oakley,Matt Oakley,19037,19,19,0,0,0,free-music-archive,free-music-archive,Google;Stability AI,USED_BY
Negritage,Negritage,96543bdf-087b-410d-ab22-2a04222c9b24,19,19,0,0,0,free-music-archive,free-music-archive,Google;Stability AI,USED_BY
Damon Boucher,Damon Boucher,20483,19,19,0,0,0,free-music-archive,free-music-archive,Google;Stability AI,USED_BY
DarkSunn,DarkSunn,190b5952-1647-42ab-9f83-df3af3841105,23,19,0,4,0,free-music-archive;sleeping-disco-9m,free-music-archive,Google;Stability AI,USED_BY
Wyldlife,Wyldlife,f0659918-93a4-41c1-bcd6-0222980f4617,19,19,0,0,0,free-music-archive,free-music-archive,Google;Stability AI,USED_BY
The Everymen,The Everymen,444474ee-7a90-43c4-a168-f227556cae12,19,19,0,0,0,free-music-archive,free-music-archive,Google;Stability AI,USED_BY
Frank Bango,Frank Bango,e4e9680d-138b-4e43-b87f-35f6bb1c52c7,19,19,0,0,0,free-music-archive,free-music-archive,Google;Stability AI,USED_BY
Dark Asylum Music,Dark Asylum Music,14646,19,19,0,0,0,free-music-archive,free-music-archive,Google;Stability AI,USED_BY
Greg Gibbs,Greg Gibbs,92938ed4-305f-49c7-b83e-3864df241300,23,19,4,0,0,free-music-archive;laion-disco-12m,free-music-archive,Google;Stability AI,USED_BY
Wings of an Angel,Wings of an Angel,407fe493-a0f5-4dcd-bd86-bde9d7dc14e5,41,21,0,20,0,free-music-archive;sleeping-disco-9m,free-music-archive,Google;Stability AI,USED_BY
SOB Pariassound,SOB Pariassound,89fcfcb3-8740-4522-aedf-db372262f7ed,19,19,0,0,0,free-music-archive,free-music-archive,Google;Stability AI,USED_BY
Textile Audio,Textile Audio,85d47f03-6b39-4d99-888f-99dae1922b76,19,19,0,0,0,free-music-archive,free-music-archive,Google;Stability AI,USED_BY
Carsie Blanton,Carsie Blanton,be2a77db-adf9-48f6-b084-88d52cda6482,152,19,106,27,0,free-music-archive;laion-disco-12m;sleeping-disco-9m,free-music-archive,Google;Stability AI,USED_BY
Bad Night Moon Shadow,Bad Night Moon Shadow,15705,19,19,0,0,0,free-music-archive,free-music-archive,Google;Stability AI,USED_BY
.crk,.crk,14023,19,19,0,0,0,free-music-archive,free-music-archive,Google;Stability AI,USED_BY
Open Work Stocking,Open Work Stocking,f50421ed-5afb-4701-9a01-a4780550651c,19,19,0,0,0,free-music-archive,free-music-archive,Google;Stability AI,USED_BY
TRema,TRema,16303,19,19,0,0,0,free-music-archive,free-music-archive,Google;Stability AI,USED_BY
Questionmark Embargo,Questionmark Embargo,16830,19,19,0,0,0,free-music-archive,free-music-archive,Google;Stability AI,USED_BY
un,un,1936,19,19,0,0,0,free-music-archive,free-music-archive,Google;Stability AI,USED_BY
Kris Anderson - Studio 11,Kris Anderson - Studio 11,17587,19,19,0,0,0,free-music-archive,free-music-archive,Google;Stability AI,USED_BY
Children of the Drone,Children of the Drone,997637cd-3d41-486d-9545-37b86eab6b90,19,19,0,0,0,free-music-archive,free-music-archive,Google;Stability AI,USED_BY
Nameless Dancers,Nameless Dancers,7797,19,19,0,0,0,free-music-archive,free-music-archive,Google;Stability AI,USED_BY
Krebs,Krebs,a62a19f1-88bf-4659-9672-537202942da7,19,19,0,0,0,free-music-archive,free-music-archive,Google;Stability AI,USED_BY
Kuupuu,Kuupuu,80ee2784-abad-4c7a-9eed-9b7870aaee21,19,19,0,0,0,free-music-archive,free-music-archive,Google;Stability AI,USED_BY
John Bellows,John Bellows,8810,19,19,0,0,0,free-music-archive,free-music-archive,Google;Stability AI,USED_BY
Hypermagic,Hypermagic,22b529cf-4522-4d4c-89e7-9f2c9424faa6,19,19,0,0,0,free-music-archive,free-music-archive,Google;Stability AI,USED_BY
Blackbird Blackbird,Blackbird Blackbird,46e32991-1e7b-4575-9206-8e6519c97c14,143,19,104,20,0,free-music-archive;laion-disco-12m;sleeping-disco-9m,free-music-archive,Google;Stability AI,USED_BY
Kenney Floreat,Kenney Floreat,21024,19,19,0,0,0,free-music-archive,free-music-archive,Google;Stability AI,USED_BY
Mom Jeans,Mom Jeans,0051cede-6df4-4d88-93c4-df4e9beab6ca,19,19,0,0,0,free-music-archive,free-music-archive,Google;Stability AI,USED_BY
Son of Robot,Son of Robot,7a48d81a-77f3-484a-992f-05e7bb6aa2cb,19,19,0,0,0,free-music-archive,free-music-archive,Google;Stability AI,USED_BY
Leon Lishner and Friends,Leon Lishner and Friends,22321,19,19,0,0,0,free-music-archive,free-music-archive,Google;Stability AI,USED_BY
The Rosen Sisters,The Rosen Sisters,6344,19,19,0,0,0,free-music-archive,free-music-archive,Google;Stability AI,USED_BY
Inflammator,Inflammator,efdfb97a-566f-4878-962b-cde4689d38a8,19,19,0,0,0,free-music-archive,free-music-archive,Google;Stability AI,USED_BY
Chase Alan Willis,Chase Alan Willis,22795,19,19,0,0,0,free-music-archive,free-music-archive,Google;Stability AI,USED_BY
Monster Jinx,Monster Jinx,087e0695-8a25-484f-a9f3-ec21dfd38540,21,19,0,2,0,free-music-archive;sleeping-disco-9m,free-music-archive,Google;Stability AI,USED_BY
So Far as I Know,So Far as I Know,1827b69a-14a7-450a-a842-b90d7f8f3a2a,20,20,0,0,0,free-music-archive,free-music-archive,Google;Stability AI,USED_BY
Pixelord,Pixelord,ca3cd8c4-ef65-4d42-b505-9ce09620f67e,37,19,1,17,0,free-music-archive;laion-disco-12m;sleeping-disco-9m,free-music-archive,Google;Stability AI,USED_BY
BETON,BETON,7356,19,19,0,0,0,free-music-archive,free-music-archive,Google;Stability AI,USED_BY
Rein,Rein,20bf0e88-c49d-4bcd-b3d9-61cff97f29d8,19,19,0,0,0,free-music-archive,free-music-archive,Google;Stability AI,USED_BY
Katrah-Quey,Katrah-Quey,e549424e-8a71-4257-acf7-18e798127cae,19,19,0,0,0,free-music-archive,free-music-archive,Google;Stability AI,USED_BY
AmortE,AmortE,b1b7bf01-8c3a-463f-b2ca-5a9f64ad3aa9,19,19,0,0,0,free-music-archive,free-music-archive,Google;Stability AI,USED_BY
Changing Holes,Changing Holes,9066,19,19,0,0,0,free-music-archive,free-music-archive,Google;Stability AI,USED_BY
Profeetta Elämän Äänikoulu,Profeetta Elämän Äänikoulu,9422,19,19,0,0,0,free-music-archive,free-music-archive,Google;Stability AI,USED_BY
Mopno,Mopno,9613,19,19,0,0,0,free-music-archive,free-music-archive,Google;Stability AI,USED_BY
Sunslide,Sunslide,f90b1e72-9c57-4d53-87ab-ce7c944e1bb9,19,19,0,0,0,free-music-archive,free-music-archive,Google;Stability AI,USED_BY
Low - Fye,Low - Fye,10381,19,19,0,0,0,free-music-archive,free-music-archive,Google;Stability AI,USED_BY
Boyz 2 Moche,Boyz 2 Moche,10396,19,19,0,0,0,free-music-archive,free-music-archive,Google;Stability AI,USED_BY
Charles Premier,Charles Premier,543afb59-8e38-4aa8-84c5-0ba087d00b09,19,19,0,0,0,free-music-archive,free-music-archive,Google;Stability AI,USED_BY
Pimpstrut Local #13,Pimpstrut Local #13,d0e83908-7776-4434-bd3c-409f1c8f7a1d,19,19,0,0,0,free-music-archive,free-music-archive,Google;Stability AI,USED_BY
MOSSENEK,MOSSENEK,7bb9d97b-a8b8-4885-8b40-0e23a3a8d6e0,19,19,0,0,0,free-music-archive,free-music-archive,Google;Stability AI,USED_BY
dUASsEMIcOLCHEIASiNVERTIDAS,dUASsEMIcOLCHEIASiNVERTIDAS,f22532ce-9559-4b23-9f8a-dd55cab95772,19,19,0,0,0,free-music-archive,free-music-archive,Google;Stability AI,USED_BY
Konsumprodukt,Konsumprodukt,23352562-c28d-4386-8e07-16ca7c18f0f4,19,19,0,0,0,free-music-archive,free-music-archive,Google;Stability AI,USED_BY
Preti Pedofili,Preti Pedofili,f72a0e7f-66d8-4ad4-87b0-7f87b47e7168,19,19,0,0,0,free-music-archive,free-music-archive,Google;Stability AI,USED_BY
Chat Logs,Chat Logs,13052,19,19,0,0,0,free-music-archive,free-music-archive,Google;Stability AI,USED_BY
Trills,Trills,1601b1ce-e994-451a-afd2-c133e9cae965,19,19,0,0,0,free-music-archive,free-music-archive,Google;Stability AI,USED_BY
Sejayno,Sejayno,261,18,18,0,0,0,free-music-archive,free-music-archive,Google;Stability AI,USED_BY
Santosh,Santosh,5643,21,18,3,0,0,free-music-archive;laion-disco-12m,free-music-archive,Google;Stability AI,USED_BY
Dave Merson Hess,Dave Merson Hess,8645a2ba-190c-4764-8752-7f71f488ab02,18,18,0,0,0,free-music-archive,free-music-archive,Google;Stability AI,USED_BY
The Twin Atlas,The Twin Atlas,8e7ad5f1-5e98-4eb2-8806-f5ceb522b028,18,18,0,0,0,free-music-archive,free-music-archive,Google;Stability AI,USED_BY
Lightning Bolt,Lightning Bolt,978a36f7-85c6-44ca-a02e-7564e8fa8284,145,18,76,51,0,free-music-archive;laion-disco-12m;sleeping-disco-9m,free-music-archive,Google;Stability AI,USED_BY
Loch Lomond,Loch Lomond,f89784af-5484-4937-80a1-fa1d9ff001df,118,18,81,19,0,free-music-archive;laion-disco-12m;sleeping-disco-9m,free-music-archive,Google;Stability AI,USED_BY
Negative Approach,Negative Approach,286e4fb9-4d6a-40de-ac50-01eff6a3c13e,177,18,139,20,0,free-music-archive;laion-disco-12m;sleeping-disco-9m,free-music-archive,Google;Stability AI,USED_BY
Modey Lemon,Modey Lemon,308e57ae-3436-44b3-b757-fe7446055c57,27,18,0,9,0,free-music-archive;sleeping-disco-9m,free-music-archive,Google;Stability AI,USED_BY
The Cute Lepers,The Cute Lepers,b6c845d8-10af-47be-942f-6d3e2275637f,19,19,0,0,0,free-music-archive,free-music-archive,Google;Stability AI,USED_BY
Coachwhips,Coachwhips,e4d37504-ac7b-4925-9f09-55b594b0b940,24,18,0,6,0,free-music-archive;sleeping-disco-9m,free-music-archive,Google;Stability AI,USED_BY
Century of Aeroplanes,Century of Aeroplanes,30eb594c-fda6-46ed-aefc-46f12ec98b03,19,19,0,0,0,free-music-archive,free-music-archive,Google;Stability AI,USED_BY
Peter Biedermann,Peter Biedermann,1625,18,18,0,0,0,free-music-archive,free-music-archive,Google;Stability AI,USED_BY
H Stewart,H Stewart,5d5c4a72-760e-423d-a2e2-2e31556ae404,19,19,0,0,0,free-music-archive,free-music-archive,Google;Stability AI,USED_BY
All Scars,All Scars,749cffc2-b310-4556-91b9-9298258361d0,18,18,0,0,0,free-music-archive,free-music-archive,Google;Stability AI,USED_BY
White Hills,White Hills,524718e3-ff02-489a-a131-753dc2f9cb9d,20,18,0,2,0,free-music-archive;sleeping-disco-9m,free-music-archive,Google;Stability AI,USED_BY
Mike Yarrish,Mike Yarrish,2300,18,18,0,0,0,free-music-archive,free-music-archive,Google;Stability AI,USED_BY
Object Collection,Object Collection,fae012f6-a405-4392-88a8-7b4e01fd618d,18,18,0,0,0,free-music-archive,free-music-archive,Google;Stability AI,USED_BY
Dan Melchior und Das Menace,Dan Melchior und Das Menace,61210d80-57a6-42a5-ae9a-20b43fadb756,18,18,0,0,0,free-music-archive,free-music-archive,Google;Stability AI,USED_BY
Cellar Dweller,Cellar Dweller,5854,18,18,0,0,0,free-music-archive,free-music-archive,Google;Stability AI,USED_BY
Peter Sharp,Peter Sharp,0c6bc97b-e666-472a-97a4-9c4e0a9c7228,22,18,4,0,0,free-music-archive;laion-disco-12m,free-music-archive,Google;Stability AI,USED_BY
Raya Brass Band,Raya Brass Band,e4a2f401-0472-47d3-91ae-20f73e7aa426,18,18,0,0,0,free-music-archive,free-music-archive,Google;Stability AI,USED_BY
mGee,mGee,3720d9ca-7407-467e-9190-fa5bf2e75d86,33,18,10,5,0,free-music-archive;laion-disco-12m;sleeping-disco-9m,free-music-archive,Google;Stability AI,USED_BY
Morusque,Morusque,485c2b27-92e4-46f1-b2ea-50412c9e70aa,38,18,0,20,0,free-music-archive;sleeping-disco-9m,free-music-archive,Google;Stability AI,USED_BY
another cultural landslide,another cultural landslide,7fd45028-301e-41ee-b088-fa1afb59e211,18,18,0,0,0,free-music-archive,free-music-archive,Google;Stability AI,USED_BY
Kristeen Young,Kristeen Young,a38b429c-b80b-49b8-8926-ea1a4efd5698,28,18,0,10,0,free-music-archive;sleeping-disco-9m,free-music-archive,Google;Stability AI,USED_BY
Alex Marantz,Alex Marantz,251f4747-d733-4d28-970d-9bcffb072eff,18,18,0,0,0,free-music-archive,free-music-archive,Google;Stability AI,USED_BY
The Icarus Descent,The Icarus Descent,9952a3ac-50b6-4597-af23-cde00ea6d572,18,18,0,0,0,free-music-archive,free-music-archive,Google;Stability AI,USED_BY
keji al feju,keji al feju,18579,18,18,0,0,0,free-music-archive,free-music-archive,Google;Stability AI,USED_BY
Hezzel,Hezzel,37afc6fd-43c6-4435-bafc-87504a5b2e28,18,18,0,0,0,free-music-archive,free-music-archive,Google;Stability AI,USED_BY
CRTVTR,CRTVTR,e84dc6e6-e7b7-4930-922a-98e5eca4fdfd,18,18,0,0,0,free-music-archive,free-music-archive,Google;Stability AI,USED_BY
The Pink Tiles,The Pink Tiles,05c52a5c-77a8-4ec5-be5f-b2dbba061da0,18,18,0,0,0,free-music-archive,free-music-archive,Google;Stability AI,USED_BY
Charlene Darling,Charlene Darling,842aee9e-4911-407f-9abb-5f0da5f9b58d,18,18,0,0,0,free-music-archive,free-music-archive,Google;Stability AI,USED_BY
Crno dete,Crno dete,69805b6e-b80e-4637-8b70-564ca5bc2f01,18,18,0,0,0,free-music-archive,free-music-archive,Google;Stability AI,USED_BY
Tigerberry,Tigerberry,3c1688d3-8df2-4baf-bbbf-44ad9d0778e1,48,33,0,15,0,free-music-archive;sleeping-disco-9m,free-music-archive,Google;Stability AI,USED_BY
Martin R.,Martin R.,19679,18,18,0,0,0,free-music-archive,free-music-archive,Google;Stability AI,USED_BY
Ben McElroy,Ben McElroy,19564,18,18,0,0,0,free-music-archive,free-music-archive,Google;Stability AI,USED_BY
aktivehate,aktivehate,a06bdf84-1cf1-4cde-bdb7-840c2e60c5fc,39,19,0,20,0,free-music-archive;sleeping-disco-9m,free-music-archive,Google;Stability AI,USED_BY
Various Artists,Various Artists,10145,1859,19,1084,755,1,free-music-archive;laion-disco-12m;sleeping-disco-9m;spotify-tracks-dataset,free-music-archive,Google;Stability AI,USED_BY
Los Primos,Los Primos,15088,18,18,0,0,0,free-music-archive,free-music-archive,Google;Stability AI,USED_BY
Emcee Lynx,Emcee Lynx,6dc810f9-2267-4aa9-ac85-9c12a5de5e0f,20,18,0,2,0,free-music-archive;sleeping-disco-9m,free-music-archive,Google;Stability AI,USED_BY
Nicolas Tic Tac,Nicolas Tic Tac,15391,18,18,0,0,0,free-music-archive,free-music-archive,Google;Stability AI,USED_BY
Thegntlmn,Thegntlmn,7295892b-4df9-4690-be4b-89ddfc7f8318,18,18,0,0,0,free-music-archive,free-music-archive,Google;Stability AI,USED_BY
Texture,Texture,1ee835d4-784c-4b82-a925-220678469626,18,18,0,0,0,free-music-archive,free-music-archive,Google;Stability AI,USED_BY
Base Cleft,Base Cleft,11461,18,18,0,0,0,free-music-archive,free-music-archive,Google;Stability AI,USED_BY
dOISsEMIcIRCUITOSiNVERTIDOS,dOISsEMIcIRCUITOSiNVERTIDOS,16484,18,18,0,0,0,free-music-archive,free-music-archive,Google;Stability AI,USED_BY
Buskerdroid,Buskerdroid,5c9e1208-ef7a-4f59-97c0-8fc3fa00be3d,18,18,0,0,0,free-music-archive,free-music-archive,Google;Stability AI,USED_BY
Deft Aphid,Deft Aphid,b4ddad11-7894-4120-a032-5a862737584c,18,18,0,0,0,free-music-archive,free-music-archive,Google;Stability AI,USED_BY
Stray Dogg,Stray Dogg,57172a45-356f-45f7-8dfc-aa405f1c00d4,76,18,24,34,0,free-music-archive;laion-disco-12m;sleeping-disco-9m,free-music-archive,Google;Stability AI,USED_BY
Silence Is Sexy,Silence Is Sexy,f2578f3c-5994-4e93-8d75-db9dcc5b29f0,68,59,0,9,0,free-music-archive;sleeping-disco-9m,free-music-archive,Google;Stability AI,USED_BY
France Sauvage,France Sauvage,e303823a-d369-4f11-ba0f-b92e49fefdd4,18,18,0,0,0,free-music-archive,free-music-archive,Google;Stability AI,USED_BY
Aan,Aan,f2d0e106-ee92-479e-a78d-db30ddeaf726,44,18,25,1,0,free-music-archive;laion-disco-12m;sleeping-disco-9m,free-music-archive,Google;Stability AI,USED_BY
Imagho,Imagho,2913e40b-fae2-495d-ac2e-a5b27278c373,18,18,0,0,0,free-music-archive,free-music-archive,Google;Stability AI,USED_BY
Tony Higgins,Tony Higgins,51762a47-17af-499b-a238-c9a41923c617,18,18,0,0,0,free-music-archive,free-music-archive,Google;Stability AI,USED_BY
LIL,LIL,13263,18,18,0,0,0,free-music-archive,free-music-archive,Google;Stability AI,USED_BY
Paniks,Paniks,d0e1ca76-5d67-46f2-bd99-7929a31f71a3,18,18,0,0,0,free-music-archive,free-music-archive,Google;Stability AI,USED_BY
Scott Gratton,Scott Gratton,20874,18,18,0,0,0,free-music-archive,free-music-archive,Google;Stability AI,USED_BY
Bennett / Bravo / Mehrl / Olivera / Taveira / Italiano,Bennett / Bravo / Mehrl / Olivera / Taveira / Italiano,20926,18,18,0,0,0,free-music-archive,free-music-archive,Google;Stability AI,USED_BY
Rowan Box,Rowan Box,21528,18,18,0,0,0,free-music-archive,free-music-archive,Google;Stability AI,USED_BY
Wolf Asylum,Wolf Asylum,0873512c-4152-4700-9fe3-6e38ab1b53f6,18,18,0,0,0,free-music-archive,free-music-archive,Google;Stability AI,USED_BY
Forget the Whale,Forget the Whale,3a6fe519-f4bc-49ab-b323-1d33f544c5b6,18,18,0,0,0,free-music-archive,free-music-archive,Google;Stability AI,USED_BY
The Loving Knives,The Loving Knives,21704,18,18,0,0,0,free-music-archive,free-music-archive,Google;Stability AI,USED_BY
Flying Species,Flying Species,8ca0e4bb-1cb4-4d38-a665-dc8048f54a2b,18,18,0,0,0,free-music-archive,free-music-archive,Google;Stability AI,USED_BY
Michael Brückner,Michael Brückner,22533,18,18,0,0,0,free-music-archive,free-music-archive,Google;Stability AI,USED_BY
Pollux,Pollux,707ceb09-2556-4c7b-a599-7d0b065e4b39,18,18,0,0,0,free-music-archive,free-music-archive,Google;Stability AI,USED_BY
Evan Schaeffer,Evan Schaeffer,f6040a1c-2a49-4186-9e11-e4c39b5f2464,18,18,0,0,0,free-music-archive,free-music-archive,Google;Stability AI,USED_BY
Greg Cartwright,Greg Cartwright,da24dba3-511c-4da5-a0ea-7201d5b6f7a4,19,18,0,1,0,free-music-archive;sleeping-disco-9m,free-music-archive,Google;Stability AI,USED_BY
Japanese Communities,Japanese Communities,18830,18,18,0,0,0,free-music-archive,free-music-archive,Google;Stability AI,USED_BY
MMFFF,MMFFF,23104,18,18,0,0,0,free-music-archive,free-music-archive,Google;Stability AI,USED_BY
We're Late For Class,We're Late For Class,6922d0f6-b3f7-4ad9-9749-3c09d7b0a2a1,30,30,0,0,0,free-music-archive,free-music-archive,Google;Stability AI,USED_BY
Karl Blau,Karl Blau,688d2d9d-8f49-4187-b558-2c961c699ab1,28,18,0,10,0,free-music-archive;sleeping-disco-9m,free-music-archive,Google;Stability AI,USED_BY
Isuzu Kochiwa,Isuzu Kochiwa,6807,18,18,0,0,0,free-music-archive,free-music-archive,Google;Stability AI,USED_BY
Listen With Sarah,Listen With Sarah,d83b9023-e13f-4b19-9f06-ba9c0783ade6,18,18,0,0,0,free-music-archive,free-music-archive,Google;Stability AI,USED_BY
Ctephin,Ctephin,5ede73a9-1b5c-4b6b-96ea-f85bb9d907e8,18,18,0,0,0,free-music-archive,free-music-archive,Google;Stability AI,USED_BY
Agoostus,Agoostus,8ea63eda-569d-4ed3-adf0-043d851c9222,18,18,0,0,0,free-music-archive,free-music-archive,Google;Stability AI,USED_BY
Apocalyptic Frequency Experience,Apocalyptic Frequency Experience,22c4befa-2621-4f8c-8a0c-276724748872,18,18,0,0,0,free-music-archive,free-music-archive,Google;Stability AI,USED_BY
Nic Waterman,Nic Waterman,8627,18,18,0,0,0,free-music-archive,free-music-archive,Google;Stability AI,USED_BY
The LibraryAnns,The LibraryAnns,8292,18,18,0,0,0,free-music-archive,free-music-archive,Google;Stability AI,USED_BY
Duke Hugh,Duke Hugh,93a2a499-19cd-44ed-9fc2-caa79245cf6c,38,18,0,20,0,free-music-archive;sleeping-disco-9m,free-music-archive,Google;Stability AI,USED_BY
The Meta-Matics,The Meta-Matics,2f7b8d28-cf20-4cc5-8197-53c61bfd4a7e,19,19,0,0,0,free-music-archive,free-music-archive,Google;Stability AI,USED_BY
InSpectr,InSpectr,b062bfe1-7313-48a3-a6ea-6d7c000121ee,18,18,0,0,0,free-music-archive,free-music-archive,Google;Stability AI,USED_BY
Charlie Salas-Humara,Charlie Salas-Humara,c0cd0c0a-f8f1-48d3-9209-3c965d1a8d6a,18,18,0,0,0,free-music-archive,free-music-archive,Google;Stability AI,USED_BY
Sound Inhaler,Sound Inhaler,d64be896-b48e-41dc-8ae1-f275056a3c07,18,18,0,0,0,free-music-archive,free-music-archive,Google;Stability AI,USED_BY
Plebs & Fuckboys,Plebs & Fuckboys,91e1b5c0-5a5e-495f-b023-34ac052df64e,18,18,0,0,0,free-music-archive,free-music-archive,Google;Stability AI,USED_BY
glasscarpenter,glasscarpenter,a1d2503e-67e2-4c97-bfce-d807a870cb9c,18,18,0,0,0,free-music-archive,free-music-archive,Google;Stability AI,USED_BY
Martin Fahy,Martin Fahy,c2e4a4dd-d6bf-4b15-814f-cef5909b59a4,18,18,0,0,0,free-music-archive,free-music-archive,Google;Stability AI,USED_BY
Zebrat,Zebrat,17845,18,18,0,0,0,free-music-archive,free-music-archive,Google;Stability AI,USED_BY
Vim!,Vim!,ae153c28-90c6-40bd-a5a5-a295c577cb41,17,17,0,0,0,free-music-archive,free-music-archive,Google;Stability AI,USED_BY
The J. Arthur Keenes Band,The J. Arthur Keenes Band,5a2a4e28-0111-485a-91fb-64ba00c2c986,64,18,0,46,0,free-music-archive;sleeping-disco-9m,free-music-archive,Google;Stability AI,USED_BY
Jessica Pavone,Jessica Pavone,a06152fc-97a5-4342-afcc-d47822d19665,17,17,0,0,0,free-music-archive,free-music-archive,Google;Stability AI,USED_BY
Iso Brown,Iso Brown,f1d4e380-008d-4316-956e-183f03b10265,17,17,0,0,0,free-music-archive,free-music-archive,Google;Stability AI,USED_BY
Atomic Butter Babes,Atomic Butter Babes,5850,17,17,0,0,0,free-music-archive,free-music-archive,Google;Stability AI,USED_BY
Mount Eerie,Mount Eerie,e5306b29-16c0-4520-bb05-6b21f041b2f0,222,17,146,59,0,free-music-archive;laion-disco-12m;sleeping-disco-9m,free-music-archive,Google;Stability AI,USED_BY
The Rebel,The Rebel,7d363b16-41a0-466f-aaa6-261083769c25,17,17,0,0,0,free-music-archive,free-music-archive,Google;Stability AI,USED_BY
The Boardlords,The Boardlords,1480,17,17,0,0,0,free-music-archive,free-music-archive,Google;Stability AI,USED_BY
Father Sleep,Father Sleep,6a196566-4e97-42b3-85e0-04699e8c280c,17,17,0,0,0,free-music-archive,free-music-archive,Google;Stability AI,USED_BY
Das Black Milk,Das Black Milk,3676,17,17,0,0,0,free-music-archive,free-music-archive,Google;Stability AI,USED_BY
The Years,The Years,3158,17,17,0,0,0,free-music-archive,free-music-archive,Google;Stability AI,USED_BY
Agents del Futuro,Agents del Futuro,e84832b1-beb6-4669-a851-deeb0b6f96f7,17,17,0,0,0,free-music-archive,free-music-archive,Google;Stability AI,USED_BY
Zloty Dawai,Zloty Dawai,c5813ef3-374e-4f0a-8680-80ece39715e5,17,17,0,0,0,free-music-archive,free-music-archive,Google;Stability AI,USED_BY
The Sediment Club,The Sediment Club,9da090d1-de0a-4afc-be8f-b2d519e527a2,17,17,0,0,0,free-music-archive,free-music-archive,Google;Stability AI,USED_BY
The Snails,The Snails,5221,17,17,0,0,0,free-music-archive,free-music-archive,Google;Stability AI,USED_BY
BOPD,BOPD,2631,17,17,0,0,0,free-music-archive,free-music-archive,Google;Stability AI,USED_BY
My Mind,My Mind,3011,17,17,0,0,0,free-music-archive,free-music-archive,Google;Stability AI,USED_BY
The Bran Flakes,The Bran Flakes,b4868b93-41a9-481e-9915-c588c7b5fc5f,54,17,2,35,0,free-music-archive;laion-disco-12m;sleeping-disco-9m,free-music-archive,Google;Stability AI,USED_BY
The Sights,The Sights,e80279e5-3881-4002-9aae-40f97d513035,47,17,0,30,0,free-music-archive;sleeping-disco-9m,free-music-archive,Google;Stability AI,USED_BY
The Prefab Messiahs,The Prefab Messiahs,00b78ba4-c0bc-4781-abf0-a834b2e3cbe3,17,17,0,0,0,free-music-archive,free-music-archive,Google;Stability AI,USED_BY
last king of poland,last king of poland,12287,17,17,0,0,0,free-music-archive,free-music-archive,Google;Stability AI,USED_BY
NY Spelmanslag,NY Spelmanslag,13253,17,17,0,0,0,free-music-archive,free-music-archive,Google;Stability AI,USED_BY
Niva,Niva,13021,17,17,0,0,0,free-music-archive,free-music-archive,Google;Stability AI,USED_BY
Brazda,Brazda,12839,17,17,0,0,0,free-music-archive,free-music-archive,Google;Stability AI,USED_BY
Today's Man,Today's Man,17996,17,17,0,0,0,free-music-archive,free-music-archive,Google;Stability AI,USED_BY
Herr Doktor,Herr Doktor,cc2e9e51-3d0e-4c7f-b5d1-8efbca030216,17,17,0,0,0,free-music-archive,free-music-archive,Google;Stability AI,USED_BY
Dr. Mindflip,Dr. Mindflip,16554,17,17,0,0,0,free-music-archive,free-music-archive,Google;Stability AI,USED_BY
Sonic Avenues,Sonic Avenues,69f732b4-8e8b-438b-8ef7-2c1b010811e4,17,17,0,0,0,free-music-archive,free-music-archive,Google;Stability AI,USED_BY
Marissa Nadler,Marissa Nadler,06ae569e-0b5b-4cd7-aded-98c3ad743ca3,271,17,144,110,0,free-music-archive;laion-disco-12m;sleeping-disco-9m,free-music-archive,Google;Stability AI,USED_BY
11ème étage,11ème étage,17075,17,17,0,0,0,free-music-archive,free-music-archive,Google;Stability AI,USED_BY
M-PeX,M-PeX,aade0940-c50f-438f-8e66-6359e4879194,47,47,0,0,0,free-music-archive,free-music-archive,Google;Stability AI,USED_BY
Flux Without Pause,Flux Without Pause,19559,17,17,0,0,0,free-music-archive,free-music-archive,Google;Stability AI,USED_BY
Jelsonic,Jelsonic,19692,17,17,0,0,0,free-music-archive,free-music-archive,Google;Stability AI,USED_BY
Alex Mason,Alex Mason,820cbcc5-6874-4350-9abf-63cb18ce2d8e,17,17,0,0,0,free-music-archive,free-music-archive,Google;Stability AI,USED_BY
Vagina Jones,Vagina Jones,97a46a2d-91a6-4d22-a636-86c31189afe5,17,17,0,0,0,free-music-archive,free-music-archive,Google;Stability AI,USED_BY
Joel Knight Chevalier and Unexpected Social Images,Joel Knight Chevalier and Unexpected Social Images,4f68a47c-376f-4aed-b351-34d54f3c992c,17,17,0,0,0,free-music-archive,free-music-archive,Google;Stability AI,USED_BY
sawsquarenoise,sawsquarenoise,19696,17,17,0,0,0,free-music-archive,free-music-archive,Google;Stability AI,USED_BY
YANSR & CCC,YANSR & CCC,20308,17,17,0,0,0,free-music-archive,free-music-archive,Google;Stability AI,USED_BY
Léo Doubich & Benjamin Bret,Léo Doubich & Benjamin Bret,20393,17,17,0,0,0,free-music-archive,free-music-archive,Google;Stability AI,USED_BY
Known Ocean,Known Ocean,14158,17,17,0,0,0,free-music-archive,free-music-archive,Google;Stability AI,USED_BY
Denitsa Mineva & Kosta T,Denitsa Mineva & Kosta T,19895,17,17,0,0,0,free-music-archive,free-music-archive,Google;Stability AI,USED_BY
Kreng,Kreng,683c9751-76a6-411b-bdb3-92a99377222a,50,17,0,33,0,free-music-archive;sleeping-disco-9m,free-music-archive,Google;Stability AI,USED_BY
DJMC Haram,DJMC Haram,14957,17,17,0,0,0,free-music-archive,free-music-archive,Google;Stability AI,USED_BY
Büromaschinen,Büromaschinen,791915b4-7129-4464-8843-7992fc8bc39a,17,17,0,0,0,free-music-archive,free-music-archive,Google;Stability AI,USED_BY
Pouffe,Pouffe,f89eab88-79c1-4467-98ac-fd4e749abe24,17,17,0,0,0,free-music-archive,free-music-archive,Google;Stability AI,USED_BY
YTNi,YTNi,32793b4f-1859-441f-ae62-57e5ffa7afd5,18,18,0,0,0,free-music-archive,free-music-archive,Google;Stability AI,USED_BY
bio.nico,bio.nico,8549a949-bd0f-45d1-bd7f-3dcd732d6e8f,17,17,0,0,0,free-music-archive,free-music-archive,Google;Stability AI,USED_BY
Pollux,Pollux,15230,17,17,0,0,0,free-music-archive,free-music-archive,Google;Stability AI,USED_BY
C. Scott,C. Scott,15233,17,17,0,0,0,free-music-archive,free-music-archive,Google;Stability AI,USED_BY
The Implicit Order,The Implicit Order,550b9f6c-9bb6-42b8-9392-c7c2959a9ee3,17,17,0,0,0,free-music-archive,free-music-archive,Google;Stability AI,USED_BY
In[Perfektion],In[Perfektion],5dc3b89a-c00d-43e8-8061-ba4326e40988,17,17,0,0,0,free-music-archive,free-music-archive,Google;Stability AI,USED_BY
Lomz,Lomz,5454c0e4-8744-4a77-ade2-c617dc08c4a8,17,17,0,0,0,free-music-archive,free-music-archive,Google;Stability AI,USED_BY
Twenty-One: Twenty-Four,Twenty-One: Twenty-Four,16968,17,17,0,0,0,free-music-archive,free-music-archive,Google;Stability AI,USED_BY
Moon Veil,Moon Veil,b9e485c2-cec6-4625-a851-a03ffcf964ed,17,17,0,0,0,free-music-archive,free-music-archive,Google;Stability AI,USED_BY
Carrageenan,Carrageenan,4005cd67-5926-4301-ba50-7890f30e3474,17,17,0,0,0,free-music-archive,free-music-archive,Google;Stability AI,USED_BY
Structura,Structura,14440,17,17,0,0,0,free-music-archive,free-music-archive,Google;Stability AI,USED_BY
Waffle,Waffle,10974,17,17,0,0,0,free-music-archive,free-music-archive,Google;Stability AI,USED_BY
John Badger & The Moustache Riders of Doom,John Badger & The Moustache Riders of Doom,9336,17,17,0,0,0,free-music-archive,free-music-archive,Google;Stability AI,USED_BY
Maps and Diagrams,Maps and Diagrams,7441bccd-67f4-4294-90d9-f9fd1bb4a37e,20,20,0,0,0,free-music-archive,free-music-archive,Google;Stability AI,USED_BY
M F W,M F W,12285,17,17,0,0,0,free-music-archive,free-music-archive,Google;Stability AI,USED_BY
Deaf Wish,Deaf Wish,2d503b96-3053-4215-a41f-d51a969f02e7,18,17,0,1,0,free-music-archive;sleeping-disco-9m,free-music-archive,Google;Stability AI,USED_BY
Act,Act,b342f361-98c5-4fd2-baca-9432689f3eb1,17,17,0,0,0,free-music-archive,free-music-archive,Google;Stability AI,USED_BY
Blast and the Detergents,Blast and the Detergents,13470,17,17,0,0,0,free-music-archive,free-music-archive,Google;Stability AI,USED_BY
Inquiet,Inquiet,e8acec6c-f9da-4ce8-ac38-4253896c5d1a,17,17,0,0,0,free-music-archive,free-music-archive,Google;Stability AI,USED_BY
BASIC,BASIC,104490f5-1f17-499e-9b08-8b2177cca32f,94,17,76,1,0,free-music-archive;laion-disco-12m;sleeping-disco-9m,free-music-archive,Google;Stability AI,USED_BY
Matt Burnett,Matt Burnett,e5fa8736-ca09-4568-8c80-318cb0df864f,17,17,0,0,0,free-music-archive,free-music-archive,Google;Stability AI,USED_BY
Robin Allender,Robin Allender,621f8cd3-2d23-484f-b447-9222eeb2e9b5,17,17,0,0,0,free-music-archive,free-music-archive,Google;Stability AI,USED_BY
Anga,Anga,21940,17,17,0,0,0,free-music-archive,free-music-archive,Google;Stability AI,USED_BY
Chairs,Chairs,15411,17,17,0,0,0,free-music-archive,free-music-archive,Google;Stability AI,USED_BY
No Way Out,No Way Out,22089,17,17,0,0,0,free-music-archive,free-music-archive,Google;Stability AI,USED_BY
The Sun Through A Telescope,The Sun Through A Telescope,02363cd3-a164-4ee5-a56e-1e23f87b2fcd,21,21,0,0,0,free-music-archive,free-music-archive,Google;Stability AI,USED_BY
BG du 72,BG du 72,adc327cb-6899-4e42-b115-5393099d0cd1,17,17,0,0,0,free-music-archive,free-music-archive,Google;Stability AI,USED_BY
Monkeeastronaut,Monkeeastronaut,21319,17,17,0,0,0,free-music-archive,free-music-archive,Google;Stability AI,USED_BY
Evgeny Teilor,Evgeny Teilor,22389,17,17,0,0,0,free-music-archive,free-music-archive,Google;Stability AI,USED_BY
Blear Moon,Blear Moon,596e93df-7ef4-4164-b4fa-be833fdf4214,17,17,0,0,0,free-music-archive,free-music-archive,Google;Stability AI,USED_BY
Gerbil Church,Gerbil Church,13139,17,17,0,0,0,free-music-archive,free-music-archive,Google;Stability AI,USED_BY
Dirty Fences,Dirty Fences,c9c1a928-bacc-4d78-aa56-9b1c8129f787,17,17,0,0,0,free-music-archive,free-music-archive,Google;Stability AI,USED_BY
Skyzo Maniak,Skyzo Maniak,a52e075a-edc9-416e-97ac-3d1bfaab3755,17,17,0,0,0,free-music-archive,free-music-archive,Google;Stability AI,USED_BY
Brian Routh,Brian Routh,b4e64ad3-1936-4f45-9b8e-e0b371ed9ebd,17,17,0,0,0,free-music-archive,free-music-archive,Google;Stability AI,USED_BY
The Black Square (■),The Black Square (■),22676,17,17,0,0,0,free-music-archive,free-music-archive,Google;Stability AI,USED_BY
Posset,Posset,d2f6c3dc-0ec4-424e-99bd-1aab61d25508,18,17,0,1,0,free-music-archive;sleeping-disco-9m,free-music-archive,Google;Stability AI,USED_BY
Jozef van Wissem,Jozef van Wissem,496a2897-bed0-4be0-896f-cee82abb23c6,178,17,146,15,0,free-music-archive;laion-disco-12m;sleeping-disco-9m,free-music-archive,Google;Stability AI,USED_BY
1-Speed Bike,1-Speed Bike,254d5679-727c-4515-a81e-3648d54da2c5,17,17,0,0,0,free-music-archive,free-music-archive,Google;Stability AI,USED_BY
XYX,XYX,9256e9d9-1898-4936-9919-988536ff6be6,17,17,0,0,0,free-music-archive,free-music-archive,Google;Stability AI,USED_BY
Frank Dorittke,Frank Dorittke,1d6b2298-84bd-4752-b25c-c38141bf6156,17,17,0,0,0,free-music-archive,free-music-archive,Google;Stability AI,USED_BY
Factory Sounds,Factory Sounds,7777,17,17,0,0,0,free-music-archive,free-music-archive,Google;Stability AI,USED_BY
Menion,Menion,4bb57558-46b8-48c7-9dea-f1cfca523378,17,17,0,0,0,free-music-archive,free-music-archive,Google;Stability AI,USED_BY
Phonotrash,Phonotrash,6c9b4ef3-0697-4a7c-8c2b-5a6f04dea648,17,17,0,0,0,free-music-archive,free-music-archive,Google;Stability AI,USED_BY
Colonel Trip & Captain Future,Colonel Trip & Captain Future,8642,17,17,0,0,0,free-music-archive,free-music-archive,Google;Stability AI,USED_BY
Schizoïd Bass,Schizoïd Bass,9578,17,17,0,0,0,free-music-archive,free-music-archive,Google;Stability AI,USED_BY
mGee,mGee,9814,17,17,0,0,0,free-music-archive,free-music-archive,Google;Stability AI,USED_BY
Cranston,Cranston,9966,17,17,0,0,0,free-music-archive,free-music-archive,Google;Stability AI,USED_BY
A.U.R.C.,A.U.R.C.,eb6480e8-739a-4344-b60f-8ee1199a52b0,17,17,0,0,0,free-music-archive,free-music-archive,Google;Stability AI,USED_BY
Riasni Drova Consort,Riasni Drova Consort,ed36dd30-7f26-41ab-84aa-78e80a425ad6,17,17,0,0,0,free-music-archive,free-music-archive,Google;Stability AI,USED_BY
Guitar Wizards of the Future,Guitar Wizards of the Future,1b67a27e-022f-4370-8dfd-c02ddc8140a2,17,17,0,0,0,free-music-archive,free-music-archive,Google;Stability AI,USED_BY
Mars-96,Mars-96,9b250925-ad6b-4f42-a6e5-d1532ab2ca2e,17,17,0,0,0,free-music-archive,free-music-archive,Google;Stability AI,USED_BY
Ashbrg,Ashbrg,a90828d7-d9cd-420e-a69b-5b6572b150b5,17,17,0,0,0,free-music-archive,free-music-archive,Google;Stability AI,USED_BY
Dumbo Gets Mad,Dumbo Gets Mad,73162ac3-c74c-4bf5-8cff-c8cd48700e01,49,17,15,17,0,free-music-archive;laion-disco-12m;sleeping-disco-9m,free-music-archive,Google;Stability AI,USED_BY
Chenillon,Chenillon,7288,17,17,0,0,0,free-music-archive,free-music-archive,Google;Stability AI,USED_BY
Post-Materialists,Post-Materialists,68ae6a9d-22fb-4dde-9f0d-f2fa2c1dd2a3,17,17,0,0,0,free-music-archive,free-music-archive,Google;Stability AI,USED_BY
Roglok,Roglok,7c3f43b0-ff76-4a0a-a504-95eeb5bf3645,16,16,0,0,0,free-music-archive,free-music-archive,Google;Stability AI,USED_BY
Binärpilot,Binärpilot,9c6bddde-6228-4d9f-ad0d-03f6fcb19e13,35,16,0,19,0,free-music-archive;sleeping-disco-9m,free-music-archive,Google;Stability AI,USED_BY
Andrew Christopher Smith,Andrew Christopher Smith,5665,16,16,0,0,0,free-music-archive,free-music-archive,Google;Stability AI,USED_BY
Mikuś,Mikuś,6ae4bcbc-2fdc-43f9-9210-6086c48d26d8,26,16,0,10,0,free-music-archive;sleeping-disco-9m,free-music-archive,Google;Stability AI,USED_BY
Half-handed Cloud,Half-handed Cloud,606f25d1-0b01-4d1f-b7c6-e72d80c22b6b,40,16,0,24,0,free-music-archive;sleeping-disco-9m,free-music-archive,Google;Stability AI,USED_BY
Herv,Herv,7d75c070-d47c-4b34-b999-0a1ca7d80f42,16,16,0,0,0,free-music-archive,free-music-archive,Google;Stability AI,USED_BY
Borful Tang,Borful Tang,5c950c78-c49b-4df1-9bc9-0ee3bacbd045,16,16,0,0,0,free-music-archive,free-music-archive,Google;Stability AI,USED_BY
Charles Manson,Charles Manson,db3d7002-d9e8-4803-82c4-d85dad3f29bb,135,16,116,3,0,free-music-archive;laion-disco-12m;sleeping-disco-9m,free-music-archive,Google;Stability AI,USED_BY
Illusion of Safety,Illusion of Safety,aec1d290-092e-438a-94b8-ebf7e8e277da,17,17,0,0,0,free-music-archive,free-music-archive,Google;Stability AI,USED_BY
Kowloon Walled City,Kowloon Walled City,88f521b9-f56a-4059-9474-ff1aafdc37b6,36,16,0,20,0,free-music-archive;sleeping-disco-9m,free-music-archive,Google;Stability AI,USED_BY
Von Hayes,Von Hayes,319,16,16,0,0,0,free-music-archive,free-music-archive,Google;Stability AI,USED_BY
Smokey Hormel,Smokey Hormel,10ec4ad3-a1a8-482c-8924-4472f9f44346,16,16,0,0,0,free-music-archive,free-music-archive,Google;Stability AI,USED_BY
Ada Jones,Ada Jones,ac320247-1dd3-4cb1-901d-d660c1c050f5,22,16,4,2,0,free-music-archive;laion-disco-12m;sleeping-disco-9m,free-music-archive,Google;Stability AI,USED_BY
TR,TR,2117,20,16,4,0,0,free-music-archive;laion-disco-12m,free-music-archive,Google;Stability AI,USED_BY
Al Duvall,Al Duvall,61640499-8b52-453e-b506-f4c0cec65b9b,36,16,0,20,0,free-music-archive;sleeping-disco-9m,free-music-archive,Google;Stability AI,USED_BY
Silk Flowers,Silk Flowers,98b18203-52da-4038-aa5e-754803e2776b,16,16,0,0,0,free-music-archive,free-music-archive,Google;Stability AI,USED_BY
The Doughboys,The Doughboys,18140141-2b86-48a9-bd0c-3b62d4f0b80c,16,16,0,0,0,free-music-archive,free-music-archive,Google;Stability AI,USED_BY
Opio,Opio,838e4698-4c62-48d5-bf0d-661704bb17a7,34,16,8,10,0,free-music-archive;laion-disco-12m;sleeping-disco-9m,free-music-archive,Google;Stability AI,USED_BY
Kukkiva Kunnas,Kukkiva Kunnas,e63fc019-5d9d-4e64-93ea-94bd7e2ce51a,16,16,0,0,0,free-music-archive,free-music-archive,Google;Stability AI,USED_BY
Light Echoes,Light Echoes,3a20f296-d93c-4b70-b1ca-1348727ee1f0,16,16,0,0,0,free-music-archive,free-music-archive,Google;Stability AI,USED_BY
Theo Angell,Theo Angell,dd90ab3a-57e8-4ea6-bea6-82c7fc3b50c6,16,16,0,0,0,free-music-archive,free-music-archive,Google;Stability AI,USED_BY
Jessie Evans,Jessie Evans,aa9e86af-b7c8-46b4-b8eb-6621ad713619,36,16,3,17,0,free-music-archive;laion-disco-12m;sleeping-disco-9m,free-music-archive,Google;Stability AI,USED_BY
Eddie the Rat,Eddie the Rat,08b518a4-aa2c-4081-95d9-56c7b6367f54,16,16,0,0,0,free-music-archive,free-music-archive,Google;Stability AI,USED_BY
GDFX,GDFX,48819639-eefa-419a-8924-94d9db277f41,16,16,0,0,0,free-music-archive,free-music-archive,Google;Stability AI,USED_BY
Copydex,Copydex,5804,16,16,0,0,0,free-music-archive,free-music-archive,Google;Stability AI,USED_BY
Sun Araw,Sun Araw,521c4601-9145-41d4-8275-6644eca4fab2,149,16,114,19,0,free-music-archive;laion-disco-12m;sleeping-disco-9m,free-music-archive,Google;Stability AI,USED_BY
C. Reider,C. Reider,c0cc6f09-259b-4c1d-b0fc-817655e0fddf,17,17,0,0,0,free-music-archive,free-music-archive,Google;Stability AI,USED_BY
Asian Mae,Asian Mae,18182,16,16,0,0,0,free-music-archive,free-music-archive,Google;Stability AI,USED_BY
Spiedkiks,Spiedkiks,b5441802-d113-40ec-957e-b6800b410103,23,23,0,0,0,free-music-archive,free-music-archive,Google;Stability AI,USED_BY
Martin Lowack,Martin Lowack,11367,16,16,0,0,0,free-music-archive,free-music-archive,Google;Stability AI,USED_BY
Titan,Titan,18661,16,16,0,0,0,free-music-archive,free-music-archive,Google;Stability AI,USED_BY
Rod Hamilton,Rod Hamilton,dd5b4d17-ae6b-4cfe-9366-08f5bc78c70f,16,16,0,0,0,free-music-archive,free-music-archive,Google;Stability AI,USED_BY
Camden,Camden,b1dffc4b-0b99-4037-a726-0a111e0ca812,16,16,0,0,0,free-music-archive,free-music-archive,Google;Stability AI,USED_BY
Aviscerall,Aviscerall,1d3f3c0f-2b2a-4443-92e5-b239a7182b93,19,16,1,2,0,free-music-archive;laion-disco-12m;sleeping-disco-9m,free-music-archive,Google;Stability AI,USED_BY
Fyodorovitch.,Fyodorovitch.,3c81fea8-1fec-459f-8969-bca4ca833ee9,16,16,0,0,0,free-music-archive,free-music-archive,Google;Stability AI,USED_BY
kollagemontage,kollagemontage,873b382e-0a62-4506-b601-c99c0e4bc961,16,16,0,0,0,free-music-archive,free-music-archive,Google;Stability AI,USED_BY
Quiet Music for Tiny Robots,Quiet Music for Tiny Robots,20212,16,16,0,0,0,free-music-archive,free-music-archive,Google;Stability AI,USED_BY
Salmo,Salmo,8691d44e-7143-4edb-a72c-1cbc7d1a0867,348,16,182,150,0,free-music-archive;laion-disco-12m;sleeping-disco-9m,free-music-archive,Google;Stability AI,USED_BY
Vesme Dreamchatcher Kiong,Vesme Dreamchatcher Kiong,14430,16,16,0,0,0,free-music-archive,free-music-archive,Google;Stability AI,USED_BY
Dengaz,Dengaz,57a115f5-0dee-4101-9355-5d09800dee31,116,16,53,47,0,free-music-archive;laion-disco-12m;sleeping-disco-9m,free-music-archive,Google;Stability AI,USED_BY
N-qia,N-qia,50397282-2df3-4d54-914a-c82d2002c1aa,16,16,0,0,0,free-music-archive,free-music-archive,Google;Stability AI,USED_BY
MrJuan,MrJuan,14787,16,16,0,0,0,free-music-archive,free-music-archive,Google;Stability AI,USED_BY
Kid Caustic,Kid Caustic,73190d36-cf12-4426-8b83-d10b8e5425f9,16,16,0,0,0,free-music-archive,free-music-archive,Google;Stability AI,USED_BY
Jake Allison,Jake Allison,a14e586d-3e8b-4db6-b93f-bdd8a058c5b9,16,16,0,0,0,free-music-archive,free-music-archive,Google;Stability AI,USED_BY
BJ Block,BJ Block,9ebf5797-2c8e-4db1-b5aa-7913c7209fb2,16,16,0,0,0,free-music-archive,free-music-archive,Google;Stability AI,USED_BY
Dawn Pemberton,Dawn Pemberton,59bea280-8c18-4b16-ba7d-e18e2892630d,20,16,1,3,0,free-music-archive;laion-disco-12m;sleeping-disco-9m,free-music-archive,Google;Stability AI,USED_BY
The Woolen Men,The Woolen Men,f5e1d780-701c-4f4b-8658-d7e65dc4eca5,35,22,0,13,0,free-music-archive;sleeping-disco-9m,free-music-archive,Google;Stability AI,USED_BY
Øystein Jørgensen,Øystein Jørgensen,b4231b83-362b-4e1f-a9b9-0337120ff7d6,16,16,0,0,0,free-music-archive,free-music-archive,Google;Stability AI,USED_BY
Анатолий Никулин,Анатолий Никулин,c372a79b-32c1-483c-8cd9-209af5482f4a,16,16,0,0,0,free-music-archive,free-music-archive,Google;Stability AI,USED_BY
Carlos Ramirez,Carlos Ramirez,10002,16,16,0,0,0,free-music-archive,free-music-archive,Google;Stability AI,USED_BY
Planetaldol,Planetaldol,3058d4e8-408c-46d3-9cf8-54efd01c0330,16,16,0,0,0,free-music-archive,free-music-archive,Google;Stability AI,USED_BY
Inicolabug,Inicolabug,6954089f-eb02-4918-8cca-4ae4b6a1c937,16,16,0,0,0,free-music-archive,free-music-archive,Google;Stability AI,USED_BY
Stewart & Scarfe,Stewart & Scarfe,6baf0b20-6e20-4b65-b739-70cbe57b84e2,16,16,0,0,0,free-music-archive,free-music-archive,Google;Stability AI,USED_BY
Cezary Gapik,Cezary Gapik,5a37431c-d48f-48e5-9e67-50f31495f62e,17,17,0,0,0,free-music-archive,free-music-archive,Google;Stability AI,USED_BY
Son Altesse curieuse,Son Altesse curieuse,17074,16,16,0,0,0,free-music-archive,free-music-archive,Google;Stability AI,USED_BY
Zachary Cale,Zachary Cale,907a454c-8e4f-40d0-a8bb-0183b267008c,35,16,0,19,0,free-music-archive;sleeping-disco-9m,free-music-archive,Google;Stability AI,USED_BY
Spray Paint,Spray Paint,757ee7e3-42b2-4e46-9a28-e45ac240bc55,16,16,0,0,0,free-music-archive,free-music-archive,Google;Stability AI,USED_BY
Makunouchi Bento,Makunouchi Bento,d9bc4251-3bcb-41c7-93a6-1e3e199297b3,29,16,0,13,0,free-music-archive;sleeping-disco-9m,free-music-archive,Google;Stability AI,USED_BY
The Men,The Men,5c9dd735-7ac6-4621-99ec-e56faff5df40,35,16,0,19,0,free-music-archive;sleeping-disco-9m,free-music-archive,Google;Stability AI,USED_BY
The Ettes,The Ettes,cbcfd7d2-9fcd-40dd-b8ab-93130dc1bac6,37,16,0,21,0,free-music-archive;sleeping-disco-9m,free-music-archive,Google;Stability AI,USED_BY
Morphamish,Morphamish,ae1ebaf5-b8de-4675-aade-64603cd51f55,16,16,0,0,0,free-music-archive,free-music-archive,Google;Stability AI,USED_BY
Onyx Ashanti,Onyx Ashanti,dcef6eff-e698-4167-974d-46b959a8913a,16,16,0,0,0,free-music-archive,free-music-archive,Google;Stability AI,USED_BY
The G.O.V.E.R.N.M.E.N.T/5hit Hop Ninja Terminatorz,The G.O.V.E.R.N.M.E.N.T/5hit Hop Ninja Terminatorz,13201,16,16,0,0,0,free-music-archive,free-music-archive,Google;Stability AI,USED_BY
N.N.A,N.N.A,13718,16,16,0,0,0,free-music-archive,free-music-archive,Google;Stability AI,USED_BY
Peter Rudenko,Peter Rudenko,ce006736-7436-4157-8413-8918091a66c3,16,16,0,0,0,free-music-archive,free-music-archive,Google;Stability AI,USED_BY
?alos,?alos,0716e73c-930d-454f-8967-5c9e8da86a83,29,29,0,0,0,free-music-archive,free-music-archive,Google;Stability AI,USED_BY
Salomé Lego Playset,Salomé Lego Playset,e27c3b2a-2142-4a9c-bf4d-137e278b0547,17,17,0,0,0,free-music-archive,free-music-archive,Google;Stability AI,USED_BY
Alasdair Cooper,Alasdair Cooper,ad5ca5d2-6319-4592-b8b6-8910d40bcd96,16,16,0,0,0,free-music-archive,free-music-archive,Google;Stability AI,USED_BY
Rue de Prague,Rue de Prague,8366b5ce-f501-4f46-aef7-a2e23ba9bb7f,16,16,0,0,0,free-music-archive,free-music-archive,Google;Stability AI,USED_BY
Pınar,Pınar,18345,16,16,0,0,0,free-music-archive,free-music-archive,Google;Stability AI,USED_BY
Dave Fuglewicz,Dave Fuglewicz,21372c82-6662-45d5-abed-4a1d83858982,16,16,0,0,0,free-music-archive,free-music-archive,Google;Stability AI,USED_BY
Droopies,Droopies,886f560a-180d-4b37-b8c5-c0d783b0504e,36,16,0,20,0,free-music-archive;sleeping-disco-9m,free-music-archive,Google;Stability AI,USED_BY
Music For Rabbits,Music For Rabbits,2b395d1a-0331-4980-9e9b-51fb71d62d38,17,17,0,0,0,free-music-archive,free-music-archive,Google;Stability AI,USED_BY
Ghost By Nature,Ghost By Nature,3c342126-aac0-4a7a-a3c6-1547761b7bb4,16,16,0,0,0,free-music-archive,free-music-archive,Google;Stability AI,USED_BY
V~Nessy,V~Nessy,21549,16,16,0,0,0,free-music-archive,free-music-archive,Google;Stability AI,USED_BY
Severin,Severin,22038,18,16,2,0,0,free-music-archive;laion-disco-12m,free-music-archive,Google;Stability AI,USED_BY
L'étrange Couleur De l'Orichalque,L'étrange Couleur De l'Orichalque,718126d8-a2d3-4f08-a544-56f3fff6e8bf,16,16,0,0,0,free-music-archive,free-music-archive,Google;Stability AI,USED_BY
Sean Derrick Cooper Marquardt,Sean Derrick Cooper Marquardt,99e340b1-a09b-45d2-accf-adbac0ab5f30,16,16,0,0,0,free-music-archive,free-music-archive,Google;Stability AI,USED_BY
aboombong,aboombong,330e26ab-c33f-42fd-8711-ddbfae4cb106,23,23,0,0,0,free-music-archive,free-music-archive,Google;Stability AI,USED_BY
Billy Torello,Billy Torello,21477,16,16,0,0,0,free-music-archive,free-music-archive,Google;Stability AI,USED_BY
Cuicuitte,Cuicuitte,e3a9ed91-f903-4b1c-ae93-376a7a9aa2a7,16,16,0,0,0,free-music-archive,free-music-archive,Google;Stability AI,USED_BY
Le Manque,Le Manque,93246a8e-a9a7-4151-96bf-bccba2bd7810,16,16,0,0,0,free-music-archive,free-music-archive,Google;Stability AI,USED_BY
Aglow Hollow,Aglow Hollow,00250b8b-c8f2-4dae-b548-447582cd0a09,16,16,0,0,0,free-music-archive,free-music-archive,Google;Stability AI,USED_BY
The Long Ryders,The Long Ryders,c26ba79c-dedc-4eae-b42f-1a68ddc3c104,33,16,0,17,0,free-music-archive;sleeping-disco-9m,free-music-archive,Google;Stability AI,USED_BY
Ukrainian Village Voices,Ukrainian Village Voices,efc7eeb5-e546-4028-9ed4-76df6170b450,16,16,0,0,0,free-music-archive,free-music-archive,Google;Stability AI,USED_BY
Artofescapism,Artofescapism,22324,16,16,0,0,0,free-music-archive,free-music-archive,Google;Stability AI,USED_BY
The Fleshtones,The Fleshtones,8d0c6147-90f0-4045-810f-97f5789f9bd3,39,16,0,21,2,free-music-archive;sleeping-disco-9m;spotify-tracks-dataset,free-music-archive,Google;Stability AI,USED_BY
Trotski Nautique,Trotski Nautique,2275815d-4678-4340-928d-64add150bf0d,16,16,0,0,0,free-music-archive,free-music-archive,Google;Stability AI,USED_BY
Nangdo,Nangdo,c357893d-49c4-4f5b-9610-fea57b935744,16,16,0,0,0,free-music-archive,free-music-archive,Google;Stability AI,USED_BY
Tonality Star,Tonality Star,20320,16,16,0,0,0,free-music-archive,free-music-archive,Google;Stability AI,USED_BY
Starover Blue,Starover Blue,c6006ed9-5978-4b37-a049-e84b59f7d2ce,16,16,0,0,0,free-music-archive,free-music-archive,Google;Stability AI,USED_BY
morten rasz,morten rasz,19527,16,16,0,0,0,free-music-archive,free-music-archive,Google;Stability AI,USED_BY
Computer Truck,Computer Truck,59f236c6-5079-443c-b17c-a06792c7a10d,16,16,0,0,0,free-music-archive,free-music-archive,Google;Stability AI,USED_BY
The Riffingtons,The Riffingtons,6333,16,16,0,0,0,free-music-archive,free-music-archive,Google;Stability AI,USED_BY
Rob Steady,Rob Steady,26eabafa-a5a4-4cd6-9015-ebf02d6598cd,16,16,0,0,0,free-music-archive,free-music-archive,Google;Stability AI,USED_BY
Zavoloka,Zavoloka,493f4b0f-cf83-4c47-83f4-728b31ecc9ba,166,16,150,0,0,free-music-archive;laion-disco-12m,free-music-archive,Google;Stability AI,USED_BY
Norrin Radd,Norrin Radd,3e573b6b-808f-42ce-b4fd-a1eee3264d0e,16,16,0,0,0,free-music-archive,free-music-archive,Google;Stability AI,USED_BY
Atros BoXon,Atros BoXon,7336,16,16,0,0,0,free-music-archive,free-music-archive,Google;Stability AI,USED_BY
Xray Eyeballs,Xray Eyeballs,4a7f0443-58fe-4fa8-aced-d05fd121b8d2,16,16,0,0,0,free-music-archive,free-music-archive,Google;Stability AI,USED_BY
Christophe Frémiot,Christophe Frémiot,8605,16,16,0,0,0,free-music-archive,free-music-archive,Google;Stability AI,USED_BY
Stan,Stan,8619,17,16,1,0,0,free-music-archive;laion-disco-12m,free-music-archive,Google;Stability AI,USED_BY
James Franc-Parler,James Franc-Parler,fa9c86d9-4eb6-4056-909e-3ed25f822931,16,16,0,0,0,free-music-archive,free-music-archive,Google;Stability AI,USED_BY
Lume,Lume,8969,16,16,0,0,0,free-music-archive,free-music-archive,Google;Stability AI,USED_BY
Otra Carpeta,Otra Carpeta,42473432-3211-477a-881b-c7d9bde40bc2,16,16,0,0,0,free-music-archive,free-music-archive,Google;Stability AI,USED_BY
sirqueue,sirqueue,40454306-a132-4ff0-9b12-497532ec7e2f,16,16,0,0,0,free-music-archive,free-music-archive,Google;Stability AI,USED_BY
Violins is not the answer,Violins is not the answer,97aca09b-3902-4ad0-a260-e70a09bf208c,17,17,0,0,0,free-music-archive,free-music-archive,Google;Stability AI,USED_BY
Herre Jorna,Herre Jorna,b20845a2-9d24-413e-942a-03b9caf73ccd,16,16,0,0,0,free-music-archive,free-music-archive,Google;Stability AI,USED_BY
Riasni Drova,Riasni Drova,10448,16,16,0,0,0,free-music-archive,free-music-archive,Google;Stability AI,USED_BY
Candlestickmaker,Candlestickmaker,3f4f9138-5945-4308-a84e-2cd7e913c867,29,29,0,0,0,free-music-archive,free-music-archive,Google;Stability AI,USED_BY
Lawrence Power,Lawrence Power,5682,17,15,2,0,0,free-music-archive;laion-disco-12m,free-music-archive,Google;Stability AI,USED_BY
Nate Wooley,Nate Wooley,2c98472e-79ab-4931-9bc1-44aedf26fa8a,15,15,0,0,0,free-music-archive,free-music-archive,Google;Stability AI,USED_BY
Lazy Magnet,Lazy Magnet,dcbaddda-a540-436b-97f1-6bf89fd63855,15,15,0,0,0,free-music-archive,free-music-archive,Google;Stability AI,USED_BY
Pleasurehorse,Pleasurehorse,04ba8013-ca2e-4965-9288-02656eda62b1,15,15,0,0,0,free-music-archive,free-music-archive,Google;Stability AI,USED_BY
The Minor Thirds,The Minor Thirds,e2402050-684f-4590-b77e-bd13561a8dfc,15,15,0,0,0,free-music-archive,free-music-archive,Google;Stability AI,USED_BY
Lexie Mountain Boys,Lexie Mountain Boys,67dc8464-3f5b-4ae0-bd2b-824411cc7664,15,15,0,0,0,free-music-archive,free-music-archive,Google;Stability AI,USED_BY
Screaming Females,Screaming Females,b0f12d25-6175-4652-baca-b99a106cf2b5,182,15,134,33,0,free-music-archive;laion-disco-12m;sleeping-disco-9m,free-music-archive,Google;Stability AI,USED_BY
Zeigenbock Kopf,Zeigenbock Kopf,5215997b-666a-49c5-b881-5706ac1c4de1,15,15,0,0,0,free-music-archive,free-music-archive,Google;Stability AI,USED_BY
Skidmore College Orchestra,Skidmore College Orchestra,2357,15,15,0,0,0,free-music-archive,free-music-archive,Google;Stability AI,USED_BY
Bobb Trimble,Bobb Trimble,67cb1f1b-8501-4474-a565-012a4563d4d1,29,15,0,14,0,free-music-archive;sleeping-disco-9m,free-music-archive,Google;Stability AI,USED_BY
Noteherder & McCloud,Noteherder & McCloud,156810df-c14f-4ee4-b5c7-007b0b016fd0,15,15,0,0,0,free-music-archive,free-music-archive,Google;Stability AI,USED_BY
pandoras.box,pandoras.box,6fff408b-6637-4227-8d80-d61000a8c3c7,42,15,27,0,0,free-music-archive;laion-disco-12m,free-music-archive,Google;Stability AI,USED_BY
Shake That Little Foot,Shake That Little Foot,bda1ee80-cc4f-4124-ab03-418fdb228b64,15,15,0,0,0,free-music-archive,free-music-archive,Google;Stability AI,USED_BY
Luck & Ripps,Luck & Ripps,ce6945d3-eb3f-4c3e-a5a7-489a25d0754b,15,15,0,0,0,free-music-archive,free-music-archive,Google;Stability AI,USED_BY
Wm. Berger,Wm. Berger,d32daa16-0811-47e9-8208-02a260f194a8,15,15,0,0,0,free-music-archive,free-music-archive,Google;Stability AI,USED_BY
dmyra,dmyra,b0678531-d442-47d1-9d8a-9800ad821fc5,15,15,0,0,0,free-music-archive,free-music-archive,Google;Stability AI,USED_BY
Norton,Norton,9c23b9a6-be71-484c-a37c-0582aaf3ad47,34,15,0,19,0,free-music-archive;sleeping-disco-9m,free-music-archive,Google;Stability AI,USED_BY
Reason Enough,Reason Enough,07fbe662-8c25-46a2-a2b8-d511b369cbc8,15,15,0,0,0,free-music-archive,free-music-archive,Google;Stability AI,USED_BY
Jody Pou,Jody Pou,27089569-ce0d-4eda-856e-2ae86a5cb556,15,15,0,0,0,free-music-archive,free-music-archive,Google;Stability AI,USED_BY
Smegma,Smegma,1246,15,15,0,0,0,free-music-archive,free-music-archive,Google;Stability AI,USED_BY
The Polyps,The Polyps,8f13d395-5dae-4208-b999-06956aba7037,15,15,0,0,0,free-music-archive,free-music-archive,Google;Stability AI,USED_BY
Moan,Moan,beabd083-ff59-4e05-8031-ec19253a49a0,15,15,0,0,0,free-music-archive,free-music-archive,Google;Stability AI,USED_BY
saQi,saQi,1826f9e9-3ff2-4062-9c52-413c798c27f9,99,15,81,3,0,free-music-archive;laion-disco-12m;sleeping-disco-9m,free-music-archive,Google;Stability AI,USED_BY
Gentlemen,Gentlemen,18026,15,15,0,0,0,free-music-archive,free-music-archive,Google;Stability AI,USED_BY
Hopek Quirin,Hopek Quirin,62c501f2-1675-431f-a882-d5d3235c1b83,15,15,0,0,0,free-music-archive,free-music-archive,Google;Stability AI,USED_BY
Subversive Intentions,Subversive Intentions,f437a5ad-5c28-4146-b3a6-9c728a79c9d7,15,15,0,0,0,free-music-archive,free-music-archive,Google;Stability AI,USED_BY
Adriano Orrù,Adriano Orrù,842cd28e-2d87-4cb9-84c4-4006b3c38e9c,18,18,0,0,0,free-music-archive,free-music-archive,Google;Stability AI,USED_BY
No Loli-Gagging,No Loli-Gagging,4f1cbb9c-d29a-4abc-a4b0-9a95276b053f,15,15,0,0,0,free-music-archive,free-music-archive,Google;Stability AI,USED_BY
Citizen Blast Kane,Citizen Blast Kane,e667ac09-79e6-4cc2-b4d6-de6e2b67600c,15,15,0,0,0,free-music-archive,free-music-archive,Google;Stability AI,USED_BY
Ian Sutherland,Ian Sutherland,16481,15,15,0,0,0,free-music-archive,free-music-archive,Google;Stability AI,USED_BY
Alex Fitch,Alex Fitch,20133,15,15,0,0,0,free-music-archive,free-music-archive,Google;Stability AI,USED_BY
Teddy and Marge,Teddy and Marge,20321,15,15,0,0,0,free-music-archive,free-music-archive,Google;Stability AI,USED_BY
Percival Pembroke,Percival Pembroke,b102d2bc-932b-4302-a5ad-3229c481440c,18,15,0,3,0,free-music-archive;sleeping-disco-9m,free-music-archive,Google;Stability AI,USED_BY
Sans Nom,Sans Nom,243b49be-31ad-42de-b270-c5a19b2a0182,15,15,0,0,0,free-music-archive,free-music-archive,Google;Stability AI,USED_BY
Don Trust,Don Trust,02cc3585-517a-4455-862f-ebaada0614b6,15,15,0,0,0,free-music-archive,free-music-archive,Google;Stability AI,USED_BY
smallRADIO,smallRADIO,a0f7f439-ee83-47de-881b-041017efeb66,24,24,0,0,0,free-music-archive,free-music-archive,Google;Stability AI,USED_BY
Music for Your Plants,Music for Your Plants,a3606601-b6a5-4c80-85df-f11dc8014931,17,17,0,0,0,free-music-archive,free-music-archive,Google;Stability AI,USED_BY
Foster Care,Foster Care,a9f74137-0855-4ac2-8d4e-cd7549f750d7,15,15,0,0,0,free-music-archive,free-music-archive,Google;Stability AI,USED_BY
lukeing forward,lukeing forward,5bc83119-e165-4e1b-8e7a-4a678d7d2c09,15,15,0,0,0,free-music-archive,free-music-archive,Google;Stability AI,USED_BY
Stinky Treats,Stinky Treats,15294,15,15,0,0,0,free-music-archive,free-music-archive,Google;Stability AI,USED_BY
Dr. Wylie,Dr. Wylie,dcab985b-d3fb-436f-8540-7b6397aefdb6,16,15,0,1,0,free-music-archive;sleeping-disco-9m,free-music-archive,Google;Stability AI,USED_BY
Fascinoma,Fascinoma,099bf736-ca38-49ba-a627-111d24fef44b,15,15,0,0,0,free-music-archive,free-music-archive,Google;Stability AI,USED_BY
Dmitriy Krotevich,Dmitriy Krotevich,15614,15,15,0,0,0,free-music-archive,free-music-archive,Google;Stability AI,USED_BY
"Lee Maddeford, Roland Vouilloz","Lee Maddeford, Roland Vouilloz",15905,15,15,0,0,0,free-music-archive,free-music-archive,Google;Stability AI,USED_BY
Jorg,Jorg,16034,15,15,0,0,0,free-music-archive,free-music-archive,Google;Stability AI,USED_BY
Nasienie,Nasienie,3d2217ee-eba7-4f3a-92a5-8282cc6bb0b9,15,15,0,0,0,free-music-archive,free-music-archive,Google;Stability AI,USED_BY
Underling,Underling,d2e9d9a7-968d-44ff-bf28-55106ef6e241,15,15,0,0,0,free-music-archive,free-music-archive,Google;Stability AI,USED_BY
Control Alt Deus,Control Alt Deus,cf6cc79f-1271-47b6-838d-b4ec957e7bb3,15,15,0,0,0,free-music-archive,free-music-archive,Google;Stability AI,USED_BY
TRema,TRema,16300,15,15,0,0,0,free-music-archive,free-music-archive,Google;Stability AI,USED_BY
Robert Smith Jr,Robert Smith Jr,a91eae45-9cf8-439c-b600-62e96a2c14ff,30,30,0,0,0,free-music-archive,free-music-archive,Google;Stability AI,USED_BY
"Robert Smith, Jr.","Robert Smith, Jr.",a91eae45-9cf8-439c-b600-62e96a2c14ff,30,30,0,0,0,free-music-archive,free-music-archive,Google;Stability AI,USED_BY
Th.e n.d,Th.e n.d,11373,15,15,0,0,0,free-music-archive,free-music-archive,Google;Stability AI,USED_BY
tozo,tozo,a5cf08c4-937a-44c0-8314-326bd50c3238,15,15,0,0,0,free-music-archive,free-music-archive,Google;Stability AI,USED_BY
Sol Rezza,Sol Rezza,9766981e-2e54-4c72-a644-910ad93184a3,15,15,0,0,0,free-music-archive,free-music-archive,Google;Stability AI,USED_BY
Carroll,Carroll,27f9c21d-e142-4778-99dd-a67fcb9c3d07,40,15,21,4,0,free-music-archive;laion-disco-12m;sleeping-disco-9m,free-music-archive,Google;Stability AI,USED_BY
Marc de Blanchard,Marc de Blanchard,7c64feb7-c4ac-49d8-a637-657b2fa0b3c8,15,15,0,0,0,free-music-archive,free-music-archive,Google;Stability AI,USED_BY
Jupiter Makes Me Scream,Jupiter Makes Me Scream,74684175-a841-4a6d-8851-fb54820aae31,15,15,0,0,0,free-music-archive,free-music-archive,Google;Stability AI,USED_BY
Lemur,Lemur,d43a9e25-bfdc-46c5-99d4-03ceafb693e5,42,15,0,27,0,free-music-archive;sleeping-disco-9m,free-music-archive,Google;Stability AI,USED_BY
Bugs and Rats,Bugs and Rats,7a6dd807-3938-48aa-8c31-a1cb13582a91,15,15,0,0,0,free-music-archive,free-music-archive,Google;Stability AI,USED_BY
SWERTE AND MADROTTER,SWERTE AND MADROTTER,10816,15,15,0,0,0,free-music-archive,free-music-archive,Google;Stability AI,USED_BY
Shape2,Shape2,10861,15,15,0,0,0,free-music-archive,free-music-archive,Google;Stability AI,USED_BY
My Bubba & Mi,My Bubba & Mi,9dbbbf79-1032-4f8b-aec0-cdb072bdcbef,80,15,34,31,0,free-music-archive;laion-disco-12m;sleeping-disco-9m,free-music-archive,Google;Stability AI,USED_BY
Inkubus Sukkubus,Inkubus Sukkubus,381178df-339f-447a-a68b-e4ef306b3da1,187,15,150,20,2,free-music-archive;laion-disco-12m;sleeping-disco-9m;spotify-tracks-dataset,free-music-archive,Google;Stability AI,USED_BY
Act,Act,9379,15,15,0,0,0,free-music-archive,free-music-archive,Google;Stability AI,USED_BY
Twin Guns,Twin Guns,12802,15,15,0,0,0,free-music-archive,free-music-archive,Google;Stability AI,USED_BY
ZuKrewe,ZuKrewe,8455,15,15,0,0,0,free-music-archive,free-music-archive,Google;Stability AI,USED_BY
30[eks],30[eks],408eb826-6302-44f6-9171-b92dd68faedb,15,15,0,0,0,free-music-archive,free-music-archive,Google;Stability AI,USED_BY
Bob Purse,Bob Purse,13384,15,15,0,0,0,free-music-archive,free-music-archive,Google;Stability AI,USED_BY
OBN III's,OBN III's,31879f68-9283-40c4-8a4f-02ef958ed0ea,20,20,0,0,0,free-music-archive,free-music-archive,Google;Stability AI,USED_BY
Drama for Yamaha,Drama for Yamaha,13985,15,15,0,0,0,free-music-archive,free-music-archive,Google;Stability AI,USED_BY
The Pandoras,The Pandoras,35498d38-e23b-4643-9068-e0b77b8d4e05,15,15,0,0,0,free-music-archive,free-music-archive,Google;Stability AI,USED_BY
Whodiniz,Whodiniz,21273,15,15,0,0,0,free-music-archive,free-music-archive,Google;Stability AI,USED_BY
Tzelalot,Tzelalot,da199bd7-8d38-414f-ac9b-25d5146b6972,15,15,0,0,0,free-music-archive,free-music-archive,Google;Stability AI,USED_BY
G8,G8,21510,15,15,0,0,0,free-music-archive,free-music-archive,Google;Stability AI,USED_BY
The Blend,The Blend,8308e1ed-3ac7-49a8-94c9-69fabc90fce2,15,15,0,0,0,free-music-archive,free-music-archive,Google;Stability AI,USED_BY
Velella Velella,Velella Velella,1d22782a-9ac6-4941-90a6-a3ff186671ac,15,15,0,0,0,free-music-archive,free-music-archive,Google;Stability AI,USED_BY
Release The Long Ships,Release The Long Ships,f4ef9b62-9e57-4b9f-a116-8ce5fc1d01f0,15,15,0,0,0,free-music-archive,free-music-archive,Google;Stability AI,USED_BY
Melange,Melange,b7201b50-d850-43d2-bd2d-a9379f5ef167,15,15,0,0,0,free-music-archive,free-music-archive,Google;Stability AI,USED_BY
ZAIRE,ZAIRE,19675,15,15,0,0,0,free-music-archive,free-music-archive,Google;Stability AI,USED_BY
Talons',Talons',5a83425a-78ee-475c-8106-e18a4590db3d,50,15,0,35,0,free-music-archive;sleeping-disco-9m,free-music-archive,Google;Stability AI,USED_BY
Jon Luc Hefferman,Jon Luc Hefferman,20973,15,15,0,0,0,free-music-archive,free-music-archive,Google;Stability AI,USED_BY
Paint Fumes,Paint Fumes,34ccfcd0-9c90-403f-8197-b1f6b40c9e4f,15,15,0,0,0,free-music-archive,free-music-archive,Google;Stability AI,USED_BY
CURD,CURD,cff80d45-7de3-406a-842a-f031bff51af1,15,15,0,0,0,free-music-archive,free-music-archive,Google;Stability AI,USED_BY
Axletree,Axletree,23109,15,15,0,0,0,free-music-archive,free-music-archive,Google;Stability AI,USED_BY
Soulbringer,Soulbringer,ddd9ecd4-7186-4add-9e1f-47f814fe1afa,15,15,0,0,0,free-music-archive,free-music-archive,Google;Stability AI,USED_BY
Abishai,Abishai,23858,15,15,0,0,0,free-music-archive,free-music-archive,Google;Stability AI,USED_BY
Eyes Behind,Eyes Behind,2e40e7d7-511a-48fb-84a8-6c55c00acb68,15,15,0,0,0,free-music-archive,free-music-archive,Google;Stability AI,USED_BY
Cancelled,Cancelled,5977,15,15,0,0,0,free-music-archive,free-music-archive,Google;Stability AI,USED_BY
Sputnik Booster,Sputnik Booster,5eb50fd9-2e7e-4baf-bd4f-552383f9d574,15,15,0,0,0,free-music-archive,free-music-archive,Google;Stability AI,USED_BY
New Carrollton,New Carrollton,e220b4e8-a139-43c4-86c2-4511f0c56dd1,15,15,0,0,0,free-music-archive,free-music-archive,Google;Stability AI,USED_BY
Fast Lady,Fast Lady,b19f0b77-4f7b-4d2c-b5e0-35d51fdbdd4c,15,15,0,0,0,free-music-archive,free-music-archive,Google;Stability AI,USED_BY
The Pop Winds,The Pop Winds,60c8df0e-50e7-443d-a23a-68e9664c1d46,16,16,0,0,0,free-music-archive,free-music-archive,Google;Stability AI,USED_BY
The Laureates,The Laureates,a8803224-beb7-4f98-9c63-786bd20e9b0b,15,15,0,0,0,free-music-archive,free-music-archive,Google;Stability AI,USED_BY
Logan Whitehurst & the Junior Science Club,Logan Whitehurst & the Junior Science Club,47d4a697-676c-4711-855e-483256c3668c,39,15,0,24,0,free-music-archive;sleeping-disco-9m,free-music-archive,Google;Stability AI,USED_BY
Vasily K.,Vasily K.,ba9ce7a9-277a-4df4-88f8-3f1aa5ec6f52,165,15,150,0,0,free-music-archive;laion-disco-12m,free-music-archive,Google;Stability AI,USED_BY
Charles Ray Experience,Charles Ray Experience,8486,15,15,0,0,0,free-music-archive,free-music-archive,Google;Stability AI,USED_BY
MaCu,MaCu,7603,15,15,0,0,0,free-music-archive,free-music-archive,Google;Stability AI,USED_BY
Ion,Ion,8170,15,15,0,0,0,free-music-archive,free-music-archive,Google;Stability AI,USED_BY
The Girls At Dawn,The Girls At Dawn,8191272d-d07c-4b56-9a06-692daca02688,18,17,0,1,0,free-music-archive;sleeping-disco-9m,free-music-archive,Google;Stability AI,USED_BY
The Threshold People,The Threshold People,c402f8c8-0611-454c-9ef3-5101570493ff,15,15,0,0,0,free-music-archive,free-music-archive,Google;Stability AI,USED_BY
Scabeater,Scabeater,99ce0e98-1ee7-4757-b5af-b814569904cd,15,15,0,0,0,free-music-archive,free-music-archive,Google;Stability AI,USED_BY
G.G. Allin's Dick,G.G. Allin's Dick,81e46da1-fdfb-458e-86a9-d92456b32971,15,15,0,0,0,free-music-archive,free-music-archive,Google;Stability AI,USED_BY
The KrestArians,The KrestArians,8332,15,15,0,0,0,free-music-archive,free-music-archive,Google;Stability AI,USED_BY
Mt. Gigantic,Mt. Gigantic,3b87a8b4-51a0-42f2-bba3-aec57eb409dd,15,15,0,0,0,free-music-archive,free-music-archive,Google;Stability AI,USED_BY
Coolzey,Coolzey,ecf72b9c-57c4-419a-9f49-3d1e63d0711c,37,15,4,18,0,free-music-archive;laion-disco-12m;sleeping-disco-9m,free-music-archive,Google;Stability AI,USED_BY
Les Petits Chanteurs de Montigny,Les Petits Chanteurs de Montigny,9883,15,15,0,0,0,free-music-archive,free-music-archive,Google;Stability AI,USED_BY
Alligator Crystal Moth,Alligator Crystal Moth,db31c649-e9ae-4dca-b841-465d50dd3347,15,15,0,0,0,free-music-archive,free-music-archive,Google;Stability AI,USED_BY
Mockinpott,Mockinpott,2b877817-739e-4f78-84f8-2c4965c46c5c,15,15,0,0,0,free-music-archive,free-music-archive,Google;Stability AI,USED_BY
Krasius,Krasius,32874233-c7b9-42fe-9011-4fd3a12f6875,15,15,0,0,0,free-music-archive,free-music-archive,Google;Stability AI,USED_BY
Cycle~ 440,Cycle~ 440,340ca3fb-19d4-46a1-83dc-565f7fd9e30f,15,15,0,0,0,free-music-archive,free-music-archive,Google;Stability AI,USED_BY
C. Strøm,C. Strøm,fe0650c9-ecb6-41c8-a41a-cc63854e868e,15,15,0,0,0,free-music-archive,free-music-archive,Google;Stability AI,USED_BY
Luciano Foglia,Luciano Foglia,959e390a-deae-4646-8e3e-b16562a4f288,15,15,0,0,0,free-music-archive,free-music-archive,Google;Stability AI,USED_BY
Tone Poets,Tone Poets,50c30c1a-5759-4952-b1f3-f596aae185bf,15,15,0,0,0,free-music-archive,free-music-archive,Google;Stability AI,USED_BY
Acid Police Noise Ensemble,Acid Police Noise Ensemble,52a5b65f-a892-4ebb-b42e-bb8c906bebde,15,15,0,0,0,free-music-archive,free-music-archive,Google;Stability AI,USED_BY
Buildings and Mountains,Buildings and Mountains,c37dc0a3-b51c-4564-a090-49975418567c,16,16,0,0,0,free-music-archive,free-music-archive,Google;Stability AI,USED_BY
Krayb David,Krayb David,beca00ff-459e-4e4f-9c01-e61c1b66cb98,15,15,0,0,0,free-music-archive,free-music-archive,Google;Stability AI,USED_BY
Behold! The Living Corpse,Behold! The Living Corpse,2c5be953-307c-4258-82b8-15d0ff1028ca,15,15,0,0,0,free-music-archive,free-music-archive,Google;Stability AI,USED_BY
Milisi Kecoa,Milisi Kecoa,21b3b7fc-0a58-41b9-83d9-206c718cf8ed,15,15,0,0,0,free-music-archive,free-music-archive,Google;Stability AI,USED_BY
TIGERBERRY,TIGERBERRY,3c1688d3-8df2-4baf-bbbf-44ad9d0778e1,48,33,0,15,0,free-music-archive;sleeping-disco-9m,free-music-archive,Google;Stability AI,USED_BY
Pranavibes,Pranavibes,19685,15,15,0,0,0,free-music-archive,free-music-archive,Google;Stability AI,USED_BY
Ari de Niro,Ari de Niro,23404,15,15,0,0,0,free-music-archive,free-music-archive,Google;Stability AI,USED_BY
Electrician,Electrician,3ce47efa-5043-49fc-9dec-4731f49e9063,14,14,0,0,0,free-music-archive,free-music-archive,Google;Stability AI,USED_BY
Michael Holt,Michael Holt,851,14,14,0,0,0,free-music-archive,free-music-archive,Google;Stability AI,USED_BY
Doug Gillard,Doug Gillard,e1cfd005-e293-4196-af38-3a0ac0ab1dbe,15,14,0,1,0,free-music-archive;sleeping-disco-9m,free-music-archive,Google;Stability AI,USED_BY
TSIGOTI,TSIGOTI,c16b8dd4-3e96-4f9d-99a8-7293397a23df,14,14,0,0,0,free-music-archive,free-music-archive,Google;Stability AI,USED_BY
Area C,Area C,8aa1b2e6-60db-4ec2-ab34-2859595fbc7a,14,14,0,0,0,free-music-archive,free-music-archive,Google;Stability AI,USED_BY
Mudboy,Mudboy,219,14,14,0,0,0,free-music-archive,free-music-archive,Google;Stability AI,USED_BY
The Wire Orchestra,The Wire Orchestra,290,14,14,0,0,0,free-music-archive,free-music-archive,Google;Stability AI,USED_BY
SUX,SUX,352,14,14,0,0,0,free-music-archive,free-music-archive,Google;Stability AI,USED_BY
Dan Friel,Dan Friel,77947772-db1a-43dd-82a6-aa1902886f23,14,14,0,0,0,free-music-archive,free-music-archive,Google;Stability AI,USED_BY
Bob Wiseman,Bob Wiseman,d886c49d-15fe-47fb-b0bf-0ef8555d5f85,14,14,0,0,0,free-music-archive,free-music-archive,Google;Stability AI,USED_BY
Bruce Lenkei,Bruce Lenkei,729c5d7a-3cfa-40ab-a76c-97bd3d5a1fec,14,14,0,0,0,free-music-archive,free-music-archive,Google;Stability AI,USED_BY
Colin Clary,Colin Clary,05c2cb6c-bedb-4a4e-8344-44ecfe19467d,22,14,0,8,0,free-music-archive;sleeping-disco-9m,free-music-archive,Google;Stability AI,USED_BY
Kristin Hersh,Kristin Hersh,0b461f11-c7af-4ddb-a30e-5cb0aabb3e7f,169,14,145,10,0,free-music-archive;laion-disco-12m;sleeping-disco-9m,free-music-archive,Google;Stability AI,USED_BY
Kevin Blechdom,Kevin Blechdom,018e4c4d-fe3e-4ad6-8ad2-6d42a6d752d5,16,14,0,2,0,free-music-archive;sleeping-disco-9m,free-music-archive,Google;Stability AI,USED_BY
Kai,Kai,2871,14,14,0,0,0,free-music-archive,free-music-archive,Google;Stability AI,USED_BY
Robedoor,Robedoor,783619f0-c6d2-42e8-8f36-447e93112e79,14,14,0,0,0,free-music-archive,free-music-archive,Google;Stability AI,USED_BY
Deano Waco,Deano Waco,3395,14,14,0,0,0,free-music-archive,free-music-archive,Google;Stability AI,USED_BY
Gepel,Gepel,03134f58-ae01-4472-bb99-791eb2d346ea,14,14,0,0,0,free-music-archive,free-music-archive,Google;Stability AI,USED_BY
Aelters,Aelters,968dec81-e3c6-42c4-9024-9b1ba529bdf7,14,14,0,0,0,free-music-archive,free-music-archive,Google;Stability AI,USED_BY
Nouvellas,Nouvellas,d57d5a6c-fa48-490f-ac34-2a9038b39434,15,15,0,0,0,free-music-archive,free-music-archive,Google;Stability AI,USED_BY
Hank,Hank,2541,14,14,0,0,0,free-music-archive,free-music-archive,Google;Stability AI,USED_BY
Bradbury,Bradbury,ca57924c-3d48-4bb5-90b5-a0717e665175,15,15,0,0,0,free-music-archive,free-music-archive,Google;Stability AI,USED_BY
Dan Melchior,Dan Melchior,45dca9ed-78cb-41f9-bb4a-4e92cb293299,18,14,3,0,1,free-music-archive;laion-disco-12m;spotify-tracks-dataset,free-music-archive,Google;Stability AI,USED_BY
Hunted Creatures,Hunted Creatures,7398fdec-c6ba-4491-97c8-1bfd6a429a93,14,14,0,0,0,free-music-archive,free-music-archive,Google;Stability AI,USED_BY
DJet,DJet,174961e4-2ccb-4c66-aa2d-d86ab244cfc5,23,18,5,0,0,free-music-archive;laion-disco-12m,free-music-archive,Google;Stability AI,USED_BY
TV Ghost,TV Ghost,2d808397-2f72-48c7-a476-4dacf970dec8,14,14,0,0,0,free-music-archive,free-music-archive,Google;Stability AI,USED_BY
Volatil,Volatil,ca42c99e-c5de-4a6a-a3e1-90bab8884152,14,14,0,0,0,free-music-archive,free-music-archive,Google;Stability AI,USED_BY
The Kid Daytona,The Kid Daytona,aa42b651-aa87-4bf4-be99-7f51e1650e40,38,14,6,18,0,free-music-archive;laion-disco-12m;sleeping-disco-9m,free-music-archive,Google;Stability AI,USED_BY
Siren Cult,Siren Cult,72dc544b-bf13-4d66-b0b9-ebdd9661326b,14,14,0,0,0,free-music-archive,free-music-archive,Google;Stability AI,USED_BY
Gary Wilson,Gary Wilson,90089f6c-419c-486d-a293-7463dc877f68,55,14,1,40,0,free-music-archive;laion-disco-12m;sleeping-disco-9m,free-music-archive,Google;Stability AI,USED_BY
King Kong Ding Dong,King Kong Ding Dong,180,14,14,0,0,0,free-music-archive,free-music-archive,Google;Stability AI,USED_BY
El Jesus De Magico,El Jesus De Magico,31e3bbe7-44e3-49f3-a913-5308269ac309,14,14,0,0,0,free-music-archive,free-music-archive,Google;Stability AI,USED_BY
Arastoo,Arastoo,fdf9ea3d-67cf-4b2d-8406-3f7118898f03,15,14,0,1,0,free-music-archive;sleeping-disco-9m,free-music-archive,Google;Stability AI,USED_BY
Edmondez/D'Silva,Edmondez/D'Silva,3170,14,14,0,0,0,free-music-archive,free-music-archive,Google;Stability AI,USED_BY
Dildo,Dildo,79efaf56-c249-40ab-8a61-ea5ded70cbe0,14,14,0,0,0,free-music-archive,free-music-archive,Google;Stability AI,USED_BY
Nick Otheen,Nick Otheen,12d11dd8-e96e-4354-b213-ce454f9c8467,14,14,0,0,0,free-music-archive,free-music-archive,Google;Stability AI,USED_BY
ABSRDST,ABSRDST,70cf8d5e-2d03-40cb-86eb-96adf714afc6,173,14,146,13,0,free-music-archive;laion-disco-12m;sleeping-disco-9m,free-music-archive,Google;Stability AI,USED_BY
[interrupt:Jumper],[interrupt:Jumper],4c80418c-b565-47a7-8197-dd0df84d01a0,15,15,0,0,0,free-music-archive,free-music-archive,Google;Stability AI,USED_BY
Ample Mammal,Ample Mammal,fcc56b88-7e59-4c4a-b40a-24491ec6321d,15,14,1,0,0,free-music-archive;laion-disco-12m,free-music-archive,Google;Stability AI,USED_BY
Jeremy Allingham,Jeremy Allingham,18272,14,14,0,0,0,free-music-archive,free-music-archive,Google;Stability AI,USED_BY
Dolphin Omega,Dolphin Omega,fdd1fa0a-d9bb-47ef-a074-a9d1d0d35f7d,14,14,0,0,0,free-music-archive,free-music-archive,Google;Stability AI,USED_BY
Daniel Heikalo,Daniel Heikalo,25f560a7-94d7-43b3-8fea-13d38293a181,14,14,0,0,0,free-music-archive,free-music-archive,Google;Stability AI,USED_BY
Crocodile Tears,Crocodile Tears,4d1d54ea-15be-4d18-bad5-0cd22b7593a0,14,14,0,0,0,free-music-archive,free-music-archive,Google;Stability AI,USED_BY
Aussitôt Mort,Aussitôt Mort,7ca295b6-b20d-4644-8870-f92522c26b0e,14,14,0,0,0,free-music-archive,free-music-archive,Google;Stability AI,USED_BY
WHITE COYOTE,WHITE COYOTE,230faa57-df54-4b16-9a3d-58238cc5c91e,14,14,0,0,0,free-music-archive,free-music-archive,Google;Stability AI,USED_BY
Tony Gage,Tony Gage,307,14,14,0,0,0,free-music-archive,free-music-archive,Google;Stability AI,USED_BY
Art of Empathy,Art of Empathy,9cdf0034-3e37-46ee-9cb3-e93b831d114c,14,14,0,0,0,free-music-archive,free-music-archive,Google;Stability AI,USED_BY
D.A. Dad,D.A. Dad,18822,14,14,0,0,0,free-music-archive,free-music-archive,Google;Stability AI,USED_BY
Jazzafari,Jazzafari,f86629db-ef7a-40e9-a389-d0aa9038921a,14,14,0,0,0,free-music-archive,free-music-archive,Google;Stability AI,USED_BY
Metastaz,Metastaz,dd635be3-35c2-42a5-b251-00d0303bd8e5,14,14,0,0,0,free-music-archive,free-music-archive,Google;Stability AI,USED_BY
P.P. Roy,P.P. Roy,fce7352d-b833-4183-ac84-393fe902ae44,14,14,0,0,0,free-music-archive,free-music-archive,Google;Stability AI,USED_BY
Doom,Doom,87a9283d-ae6a-42b0-97e5-a0e439a37c85,14,14,0,0,0,free-music-archive,free-music-archive,Google;Stability AI,USED_BY
1-800-Band,1-800-Band,d94a15ad-fb49-4732-85a2-63e19ca2c0d4,16,16,0,0,0,free-music-archive,free-music-archive,Google;Stability AI,USED_BY
Le Matin,Le Matin,cf57738c-ec72-45dc-8c4c-6af770a3de5b,14,14,0,0,0,free-music-archive,free-music-archive,Google;Stability AI,USED_BY
Milk Dick,Milk Dick,1380d8b5-9e89-45c3-a5d4-73f7ce9bc9d0,14,14,0,0,0,free-music-archive,free-music-archive,Google;Stability AI,USED_BY
Crank Sturgeon,Crank Sturgeon,f1166e1f-a709-4a40-b0c1-fb11e924cdb1,14,14,0,0,0,free-music-archive,free-music-archive,Google;Stability AI,USED_BY
Ben Presto,Ben Presto,460ad9a9-6bd2-4c50-8c69-4eb197bfde3f,15,15,0,0,0,free-music-archive,free-music-archive,Google;Stability AI,USED_BY
MIT Symphony Orchestra,MIT Symphony Orchestra,bfe7c830-72c6-4574-ace4-c4e1d4ff1b46,17,14,3,0,0,free-music-archive;laion-disco-12m,free-music-archive,Google;Stability AI,USED_BY
Ascetic,Ascetic,5cd1e1df-e450-45e5-9ed8-c80b01cca85f,14,14,0,0,0,free-music-archive,free-music-archive,Google;Stability AI,USED_BY
Gianluca Sgalambro,Gianluca Sgalambro,20286,14,14,0,0,0,free-music-archive,free-music-archive,Google;Stability AI,USED_BY
Ray Rude,Ray Rude,f4e36d10-b5f4-411c-ab20-c4742f965f55,14,14,0,0,0,free-music-archive,free-music-archive,Google;Stability AI,USED_BY
Spider Bags,Spider Bags,c60d61c1-9ba2-42d5-a9c3-80d4af4ec3e5,34,14,0,20,0,free-music-archive;sleeping-disco-9m,free-music-archive,Google;Stability AI,USED_BY
Plastic Flowers,Plastic Flowers,57405ccc-69d6-4602-ba36-90847ca370bf,40,14,1,25,0,free-music-archive;laion-disco-12m;sleeping-disco-9m,free-music-archive,Google;Stability AI,USED_BY
Zena,Zena,20635,14,14,0,0,0,free-music-archive,free-music-archive,Google;Stability AI,USED_BY
Boss Bass,Boss Bass,8f97892c-f663-48c0-9df0-f7ab3a4d3a00,14,14,0,0,0,free-music-archive,free-music-archive,Google;Stability AI,USED_BY
Aldaraia,Aldaraia,f920dbb0-96bd-4763-9f7c-a0193be77cc4,28,14,0,14,0,free-music-archive;sleeping-disco-9m,free-music-archive,Google;Stability AI,USED_BY
Los Close,Los Close,20698,14,14,0,0,0,free-music-archive,free-music-archive,Google;Stability AI,USED_BY
TRONSLARD & PANTREL,TRONSLARD & PANTREL,12737,14,14,0,0,0,free-music-archive,free-music-archive,Google;Stability AI,USED_BY
Apes on Tapes,Apes on Tapes,e9c291e2-181e-4cf1-a821-4254e49bbe68,14,14,0,0,0,free-music-archive,free-music-archive,Google;Stability AI,USED_BY
Indian Wells,Indian Wells,f8f4a99e-ee81-4878-86cf-225707850269,73,14,39,20,0,free-music-archive;laion-disco-12m;sleeping-disco-9m,free-music-archive,Google;Stability AI,USED_BY
Dylan Nyoukis,Dylan Nyoukis,a44a8247-9fa2-40e1-8f58-2f210b78987b,14,14,0,0,0,free-music-archive,free-music-archive,Google;Stability AI,USED_BY
Ben Seretan,Ben Seretan,5c791b25-499f-408d-8de1-e60243699911,23,14,0,9,0,free-music-archive;sleeping-disco-9m,free-music-archive,Google;Stability AI,USED_BY
Koliadnyky of Kryvorivnia,Koliadnyky of Kryvorivnia,15393,14,14,0,0,0,free-music-archive,free-music-archive,Google;Stability AI,USED_BY
UGLY CHILD,UGLY CHILD,15729,14,14,0,0,0,free-music-archive,free-music-archive,Google;Stability AI,USED_BY
Global Goon,Global Goon,d11ea373-77ed-46eb-96a8-b70ea633081e,14,14,0,0,0,free-music-archive,free-music-archive,Google;Stability AI,USED_BY
enclosure,enclosure,15999,14,14,0,0,0,free-music-archive,free-music-archive,Google;Stability AI,USED_BY
Container,Container,29e7cc8d-afca-4c61-9ab9-84293cf75499,14,14,0,0,0,free-music-archive,free-music-archive,Google;Stability AI,USED_BY
Plates Of Cake,Plates Of Cake,752cb291-3655-4ce1-99c5-626fcf3925c4,14,14,0,0,0,free-music-archive,free-music-archive,Google;Stability AI,USED_BY
Crazy Al,Crazy Al,16074,14,14,0,0,0,free-music-archive,free-music-archive,Google;Stability AI,USED_BY
macabro,macabro,53fca96e-aad4-4452-be2a-c76c67b0ae3c,14,14,0,0,0,free-music-archive,free-music-archive,Google;Stability AI,USED_BY
BICIKL,BICIKL,d07ca894-91a2-41c5-85d9-9036443f724a,14,14,0,0,0,free-music-archive,free-music-archive,Google;Stability AI,USED_BY
Harmony Molina,Harmony Molina,00f05948-c992-4af7-96fc-e832e414b15b,14,14,0,0,0,free-music-archive,free-music-archive,Google;Stability AI,USED_BY
Jermaine Riley,Jermaine Riley,f7d13004-ab8f-4c1e-a2b5-8d6075f72584,16,14,0,2,0,free-music-archive;sleeping-disco-9m,free-music-archive,Google;Stability AI,USED_BY
The Planes,The Planes,68b52912-1650-4cc4-a530-ffd77dc931c3,14,14,0,0,0,free-music-archive,free-music-archive,Google;Stability AI,USED_BY
Wimps,Wimps,73543c71-5a51-4cac-8b2e-97ed90124053,24,14,0,10,0,free-music-archive;sleeping-disco-9m,free-music-archive,Google;Stability AI,USED_BY
Klopenn,Klopenn,f0ddd482-2f15-4ff0-91e5-c7c8bff66bc9,14,14,0,0,0,free-music-archive,free-music-archive,Google;Stability AI,USED_BY
Simon Mathewson,Simon Mathewson,e4c8f501-3c76-4c81-a5c0-e50686d7c298,161,161,0,0,0,free-music-archive,free-music-archive,Google;Stability AI,USED_BY
Valley Lodge,Valley Lodge,c5140890-8d98-4e41-8f13-cf80235c402c,29,14,0,15,0,free-music-archive;sleeping-disco-9m,free-music-archive,Google;Stability AI,USED_BY
Samm Bennett,Samm Bennett,1db2c854-468e-44e5-9f0b-812215b2e420,14,14,0,0,0,free-music-archive,free-music-archive,Google;Stability AI,USED_BY
Zilmrah,Zilmrah,76ee5688-2314-49de-91ad-eef25cf7a773,14,14,0,0,0,free-music-archive,free-music-archive,Google;Stability AI,USED_BY
Der Christer Schytts,Der Christer Schytts,9324,14,14,0,0,0,free-music-archive,free-music-archive,Google;Stability AI,USED_BY
The Dreams,The Dreams,a5be0c4b-7a73-4d62-9c55-d5d8b7d2482e,14,14,0,0,0,free-music-archive,free-music-archive,Google;Stability AI,USED_BY
Anamanaguchi,Anamanaguchi,e4d7cfe5-0bed-46cf-acad-ab9a4dcb7aa6,217,14,154,49,0,free-music-archive;laion-disco-12m;sleeping-disco-9m,free-music-archive,Google;Stability AI,USED_BY
Unwoman,Unwoman,d9d04200-fc85-4c5f-8e0d-4b3ea4939d8f,196,14,150,32,0,free-music-archive;laion-disco-12m;sleeping-disco-9m,free-music-archive,Google;Stability AI,USED_BY
Hiroshima,Hiroshima,350f02cc-add7-4187-9fd4-6052b265aa1a,14,14,0,0,0,free-music-archive,free-music-archive,Google;Stability AI,USED_BY
The Courier,The Courier,c1956c6c-16a2-48a1-a9cd-f04fb97ce719,14,14,0,0,0,free-music-archive,free-music-archive,Google;Stability AI,USED_BY
Sol Okarina,Sol Okarina,0e9b2548-f4c2-4181-8abe-f2c5abdd20c3,14,14,0,0,0,free-music-archive,free-music-archive,Google;Stability AI,USED_BY
NNY,NNY,12625,14,14,0,0,0,free-music-archive,free-music-archive,Google;Stability AI,USED_BY
Lessazo,Lessazo,133b89dc-e3e9-466f-99a3-e6c0b28d8d3d,14,14,0,0,0,free-music-archive,free-music-archive,Google;Stability AI,USED_BY
Leslie Keffer,Leslie Keffer,cc1e2ad7-790c-4bed-b6f1-6c582f95ae0c,14,14,0,0,0,free-music-archive,free-music-archive,Google;Stability AI,USED_BY
Spookey Ruben,Spookey Ruben,048f5fd9-456c-4b9a-9aed-bc579af44692,35,14,2,19,0,free-music-archive;laion-disco-12m;sleeping-disco-9m,free-music-archive,Google;Stability AI,USED_BY
Glass Boy + Courtenay Moon (Vortex),Glass Boy + Courtenay Moon (Vortex),13195,14,14,0,0,0,free-music-archive,free-music-archive,Google;Stability AI,USED_BY
Psalters,Psalters,e74ec7f9-c23e-4951-93c6-501cf0ed7d83,34,14,0,20,0,free-music-archive;sleeping-disco-9m,free-music-archive,Google;Stability AI,USED_BY
Me afeite la barba en los ochenta,Me afeite la barba en los ochenta,13231,14,14,0,0,0,free-music-archive,free-music-archive,Google;Stability AI,USED_BY
Irene Moon $ Noisettes,Irene Moon $ Noisettes,13149,14,14,0,0,0,free-music-archive,free-music-archive,Google;Stability AI,USED_BY
Vpopolam,Vpopolam,c5d4f356-46b9-47ec-b771-0f45f89595f9,14,14,0,0,0,free-music-archive,free-music-archive,Google;Stability AI,USED_BY
Wellington Boot,Wellington Boot,13479,14,14,0,0,0,free-music-archive,free-music-archive,Google;Stability AI,USED_BY
The Long Gones,The Long Gones,13609,14,14,0,0,0,free-music-archive,free-music-archive,Google;Stability AI,USED_BY
Laso Halo,Laso Halo,13620,14,14,0,0,0,free-music-archive,free-music-archive,Google;Stability AI,USED_BY
The Murdering Monsters,The Murdering Monsters,1e3c1f4d-80f3-4059-b19b-2d5afa4a8d26,14,14,0,0,0,free-music-archive,free-music-archive,Google;Stability AI,USED_BY
Radioactive Pussy,Radioactive Pussy,14106,14,14,0,0,0,free-music-archive,free-music-archive,Google;Stability AI,USED_BY
The HATE Noise,The HATE Noise,d48d3769-4904-415c-a7b0-ee3f3dabb06a,73,73,0,0,0,free-music-archive,free-music-archive,Google;Stability AI,USED_BY
Anonymous,Anonymous,d6f1f34f-09b5-4e7b-8296-8d76217ca711,1336,15,1293,28,0,free-music-archive;laion-disco-12m;sleeping-disco-9m,free-music-archive,Google;Stability AI,USED_BY
B-Film,B-Film,20813,14,14,0,0,0,free-music-archive,free-music-archive,Google;Stability AI,USED_BY
paulo chagas,paulo chagas,0ce5035c-86dd-4c12-8118-1a4ea2470ecb,113,27,86,0,0,free-music-archive;laion-disco-12m,free-music-archive,Google;Stability AI,USED_BY
joão pedro viegas,joão pedro viegas,ac6f96ce-cd5f-4d6c-8099-5dd562688e6b,14,14,0,0,0,free-music-archive,free-music-archive,Google;Stability AI,USED_BY
Robin Mitchell,Robin Mitchell,eece0a10-70cc-4fb4-bf2b-a7c52aeefbf9,14,14,0,0,0,free-music-archive,free-music-archive,Google;Stability AI,USED_BY
Myndra,Myndra,f1383211-005a-49d3-8f6a-a269722b4d54,14,14,0,0,0,free-music-archive,free-music-archive,Google;Stability AI,USED_BY
Muddy Wires,Muddy Wires,21119,14,14,0,0,0,free-music-archive,free-music-archive,Google;Stability AI,USED_BY
Lonely Kid Quentin Ensemble,Lonely Kid Quentin Ensemble,21291,14,14,0,0,0,free-music-archive,free-music-archive,Google;Stability AI,USED_BY
Steve Gunn,Steve Gunn,a0d05bb8-3ef4-4b70-8992-5da4322afc21,139,14,105,20,0,free-music-archive;laion-disco-12m;sleeping-disco-9m,free-music-archive,Google;Stability AI,USED_BY
Big Sandy and His Fly-Rite Boys,Big Sandy and His Fly-Rite Boys,d82c3082-a1aa-4751-b10f-019859d4669e,118,14,100,4,0,free-music-archive;laion-disco-12m;sleeping-disco-9m,free-music-archive,Google;Stability AI,USED_BY
KZ9,KZ9,21465,14,14,0,0,0,free-music-archive,free-music-archive,Google;Stability AI,USED_BY
The Real Kids,The Real Kids,76f18c18-58df-47f9-9274-d3368d25129a,144,14,128,2,0,free-music-archive;laion-disco-12m;sleeping-disco-9m,free-music-archive,Google;Stability AI,USED_BY
AsolanMac,AsolanMac,21811,14,14,0,0,0,free-music-archive,free-music-archive,Google;Stability AI,USED_BY
Hicham Chahidi,Hicham Chahidi,182719a0-45d1-4c9f-b6cf-39a7286d9264,14,14,0,0,0,free-music-archive,free-music-archive,Google;Stability AI,USED_BY
Gavin Gamboa,Gavin Gamboa,650199e0-f6d2-417a-9107-1aa2f83b0c02,14,14,0,0,0,free-music-archive,free-music-archive,Google;Stability AI,USED_BY
Lamprey,Lamprey,7d04052d-7c5d-4848-ae2d-2696dd1f5ee6,14,14,0,0,0,free-music-archive,free-music-archive,Google;Stability AI,USED_BY
Mirth Naarc,Mirth Naarc,21977,14,14,0,0,0,free-music-archive,free-music-archive,Google;Stability AI,USED_BY
Chafouin,Chafouin,68658189-46e0-47f9-955b-a5b6987c1a36,14,14,0,0,0,free-music-archive,free-music-archive,Google;Stability AI,USED_BY
Gnawledge,Gnawledge,806fe0f8-749c-478e-befa-16f37c4c30b1,14,14,0,0,0,free-music-archive,free-music-archive,Google;Stability AI,USED_BY
Bisamråtta,Bisamråtta,d61ba18f-77b0-44ef-86c2-a80f30629b8f,14,14,0,0,0,free-music-archive,free-music-archive,Google;Stability AI,USED_BY
Baffy,Baffy,2b4c4e80-d88d-49a5-808f-f1ab31c887bf,14,14,0,0,0,free-music-archive,free-music-archive,Google;Stability AI,USED_BY
Red Star Martyrs,Red Star Martyrs,505e8b6b-925b-4dcc-a31b-b3e9b203a074,14,14,0,0,0,free-music-archive,free-music-archive,Google;Stability AI,USED_BY
Langax,Langax,ece1db3d-9663-4403-a3f9-191f9d8eda9f,14,14,0,0,0,free-music-archive,free-music-archive,Google;Stability AI,USED_BY
Death Vacation,Death Vacation,660e38e2-db77-425d-86e0-5cb5f8b63b7b,14,14,0,0,0,free-music-archive,free-music-archive,Google;Stability AI,USED_BY
The Industrialism,The Industrialism,09158f51-0fc6-4fc6-a3a6-ea46fcd056c6,14,14,0,0,0,free-music-archive,free-music-archive,Google;Stability AI,USED_BY
"Laurent Avizou, GOM","Laurent Avizou, GOM",23891,14,14,0,0,0,free-music-archive,free-music-archive,Google;Stability AI,USED_BY
Карлик Йоханссон,Карлик Йоханссон,23892,14,14,0,0,0,free-music-archive,free-music-archive,Google;Stability AI,USED_BY
Toxic Chicken,Toxic Chicken,78b1cf00-de8f-479d-b6cd-ae42ec45800b,14,14,0,0,0,free-music-archive,free-music-archive,Google;Stability AI,USED_BY
Svitanya,Svitanya,18022,14,14,0,0,0,free-music-archive,free-music-archive,Google;Stability AI,USED_BY
N3rgul4百20,N3rgul4百20,24266,14,14,0,0,0,free-music-archive,free-music-archive,Google;Stability AI,USED_BY
HOT POCKET DINGLEBERRY DISEASE,HOT POCKET DINGLEBERRY DISEASE,22357,14,14,0,0,0,free-music-archive,free-music-archive,Google;Stability AI,USED_BY
Parrhesia Sound System,Parrhesia Sound System,8b2b1deb-eacb-4a73-9206-110272ee2cd0,14,14,0,0,0,free-music-archive,free-music-archive,Google;Stability AI,USED_BY
MegaHast3r,MegaHast3r,af2f49e9-5d42-4aa2-af62-dc2d8c244202,14,14,0,0,0,free-music-archive,free-music-archive,Google;Stability AI,USED_BY
Andrew Sacco,Andrew Sacco,23209,14,14,0,0,0,free-music-archive,free-music-archive,Google;Stability AI,USED_BY
candlestickmaker,candlestickmaker,3f4f9138-5945-4308-a84e-2cd7e913c867,29,29,0,0,0,free-music-archive,free-music-archive,Google;Stability AI,USED_BY
Bit Shifter,Bit Shifter,09c26e52-0e3c-451a-8a7d-34e8ce7c1062,14,14,0,0,0,free-music-archive,free-music-archive,Google;Stability AI,USED_BY
Bombay Laughing Club,Bombay Laughing Club,96d44f4c-4685-4d86-b052-00d0dbf6d3bd,14,14,0,0,0,free-music-archive,free-music-archive,Google;Stability AI,USED_BY
Deloise,Deloise,321a4cd3-9250-41ed-abc2-2e3c06e4bf74,14,14,0,0,0,free-music-archive,free-music-archive,Google;Stability AI,USED_BY
Monokle,Monokle,e90a52dd-030b-4c13-bef6-d214df7ba102,36,14,11,11,0,free-music-archive;laion-disco-12m;sleeping-disco-9m,free-music-archive,Google;Stability AI,USED_BY
Muck and the Mires,Muck and the Mires,c1bf5ace-3a8e-4446-9016-b6fbf461cb07,14,14,0,0,0,free-music-archive,free-music-archive,Google;Stability AI,USED_BY
Greg Davis,Greg Davis,8268,14,14,0,0,0,free-music-archive,free-music-archive,Google;Stability AI,USED_BY
Another Day On Earth,Another Day On Earth,8458,14,14,0,0,0,free-music-archive,free-music-archive,Google;Stability AI,USED_BY
Brown Torpedo,Brown Torpedo,18ce047f-4ce9-4916-8aad-13c12c732065,14,14,0,0,0,free-music-archive,free-music-archive,Google;Stability AI,USED_BY
JKP,JKP,9815,14,14,0,0,0,free-music-archive,free-music-archive,Google;Stability AI,USED_BY
Dr. Fuzz,Dr. Fuzz,10094,14,14,0,0,0,free-music-archive,free-music-archive,Google;Stability AI,USED_BY
Sarah Weis,Sarah Weis,98c2d25d-ea6f-4b88-a215-86b7f99b3446,14,14,0,0,0,free-music-archive,free-music-archive,Google;Stability AI,USED_BY
Los Negretes,Los Negretes,0c6a36cf-da9f-46d3-baa5-58d6a044756f,14,14,0,0,0,free-music-archive,free-music-archive,Google;Stability AI,USED_BY
HENOG le musicien,HENOG le musicien,10434,14,14,0,0,0,free-music-archive,free-music-archive,Google;Stability AI,USED_BY
Opéra Mort,Opéra Mort,8332ea91-692a-4865-8d62-d53ab83be36c,14,14,0,0,0,free-music-archive,free-music-archive,Google;Stability AI,USED_BY
CACHETTE A BRANLETTE,CACHETTE A BRANLETTE,a7af8c3e-318b-4d85-af8e-b7f179a6cb07,14,14,0,0,0,free-music-archive,free-music-archive,Google;Stability AI,USED_BY
Harpoon Forever,Harpoon Forever,731e19e6-3246-43d8-aed1-ee37fe227301,14,14,0,0,0,free-music-archive,free-music-archive,Google;Stability AI,USED_BY
Dog Star Man,Dog Star Man,82775bfa-c4e2-4ab7-b935-2db616123409,14,14,0,0,0,free-music-archive,free-music-archive,Google;Stability AI,USED_BY
Proctophobic,Proctophobic,76e2ed51-e7e9-49d0-a6fa-dda12bf6997c,26,14,0,12,0,free-music-archive;sleeping-disco-9m,free-music-archive,Google;Stability AI,USED_BY
Les Cartes Postales Sonores,Les Cartes Postales Sonores,8922f266-8313-4380-9e13-9f0f7cf4d8f9,14,14,0,0,0,free-music-archive,free-music-archive,Google;Stability AI,USED_BY
Bendle,Bendle,30ffcaad-48c4-4060-b055-3d4b622407b4,14,14,0,0,0,free-music-archive,free-music-archive,Google;Stability AI,USED_BY
DUDU GEVA,DUDU GEVA,355004b8-0129-4958-8c4d-7592312e0cc3,25,25,0,0,0,free-music-archive,free-music-archive,Google;Stability AI,USED_BY
No Peddlers,No Peddlers,15392,14,14,0,0,0,free-music-archive,free-music-archive,Google;Stability AI,USED_BY
Samoln,Samoln,14160,14,14,0,0,0,free-music-archive,free-music-archive,Google;Stability AI,USED_BY
Cells,Cells,22554,14,14,0,0,0,free-music-archive,free-music-archive,Google;Stability AI,USED_BY
Klopka za pionira,Klopka za pionira,2760f3da-b9f3-4144-b8be-c84fbb6509d3,14,14,0,0,0,free-music-archive,free-music-archive,Google;Stability AI,USED_BY
SJ Mellia,SJ Mellia,f5b68a67-b69e-456f-9004-503444e462a3,77,77,0,0,0,free-music-archive,free-music-archive,Google;Stability AI,USED_BY
Satanicpornocultshop,Satanicpornocultshop,33b14bb3-6eba-48f9-a6cd-de9292755917,30,13,0,13,4,free-music-archive;sleeping-disco-9m;spotify-tracks-dataset,free-music-archive,Google;Stability AI,USED_BY
Post Human Era,Post Human Era,0cbf95ed-0b5c-4cab-80ed-09d8e6e9cf12,13,13,0,0,0,free-music-archive,free-music-archive,Google;Stability AI,USED_BY
BLOB,BLOB,3522,13,13,0,0,0,free-music-archive,free-music-archive,Google;Stability AI,USED_BY
Chandeliers,Chandeliers,9a7dec95-ff4f-459f-b6e8-ea8e89b587d8,13,13,0,0,0,free-music-archive,free-music-archive,Google;Stability AI,USED_BY
Double Dagger,Double Dagger,6b35f310-3ba2-4fef-afa2-33f5cc706652,23,13,0,10,0,free-music-archive;sleeping-disco-9m,free-music-archive,Google;Stability AI,USED_BY
Fanatic,Fanatic,136,13,13,0,0,0,free-music-archive,free-music-archive,Google;Stability AI,USED_BY
Jailberg,Jailberg,173,13,13,0,0,0,free-music-archive,free-music-archive,Google;Stability AI,USED_BY
Lovely Little Girls,Lovely Little Girls,430e1792-0fde-43e9-b6e4-16a6c02633ee,13,13,0,0,0,free-music-archive,free-music-archive,Google;Stability AI,USED_BY
Shawn Greenlee,Shawn Greenlee,262,13,13,0,0,0,free-music-archive,free-music-archive,Google;Stability AI,USED_BY
Skraelings,Skraelings,266,13,13,0,0,0,free-music-archive,free-music-archive,Google;Stability AI,USED_BY
Wankatorium,Wankatorium,325,13,13,0,0,0,free-music-archive,free-music-archive,Google;Stability AI,USED_BY
Los Fancy Free,Los Fancy Free,5c4f512b-022a-4db3-9b04-da347b129e90,13,13,0,0,0,free-music-archive,free-music-archive,Google;Stability AI,USED_BY
Polka Madre,Polka Madre,1d7b0b7f-cd50-4d9b-8eb8-fedca184350a,13,13,0,0,0,free-music-archive,free-music-archive,Google;Stability AI,USED_BY
The Feeling of Love,The Feeling of Love,b05cdf50-53f3-41d3-bbb1-92f86697b0e7,13,13,0,0,0,free-music-archive,free-music-archive,Google;Stability AI,USED_BY
The Bowmans,The Bowmans,691c9f79-2242-4f60-83d6-59393e60c0b2,13,13,0,0,0,free-music-archive,free-music-archive,Google;Stability AI,USED_BY
Tough Darts!,Tough Darts!,1915,13,13,0,0,0,free-music-archive,free-music-archive,Google;Stability AI,USED_BY
Boss Hog,Boss Hog,57648c1f-335d-4216-ba82-508b23b3bcf4,23,13,0,10,0,free-music-archive;sleeping-disco-9m,free-music-archive,Google;Stability AI,USED_BY
Uke of Spaces Corners,Uke of Spaces Corners,48533762-bcfb-4c8c-92a9-da0d95c8f025,13,13,0,0,0,free-music-archive,free-music-archive,Google;Stability AI,USED_BY
Nine Inch Nails,Nine Inch Nails,b7ffd2af-418f-4be2-bdd1-22f8b48613da,306,13,143,128,22,free-music-archive;laion-disco-12m;sleeping-disco-9m;spotify-tracks-dataset,free-music-archive,Google;Stability AI,USED_BY
Mafeisan,Mafeisan,2875,13,13,0,0,0,free-music-archive,free-music-archive,Google;Stability AI,USED_BY
Roberto Billi,Roberto Billi,2641c27d-8b2a-4735-a826-a2c2a0f408b5,13,13,0,0,0,free-music-archive,free-music-archive,Google;Stability AI,USED_BY
Quiet Orchestra,Quiet Orchestra,3157,13,13,0,0,0,free-music-archive,free-music-archive,Google;Stability AI,USED_BY
Kostas Vomvolos,Kostas Vomvolos,3459,13,13,0,0,0,free-music-archive,free-music-archive,Google;Stability AI,USED_BY
Giraffe,Giraffe,12aed76c-0a18-4d42-b452-9c312191af2a,13,13,0,0,0,free-music-archive,free-music-archive,Google;Stability AI,USED_BY
Hank,Hank,f541bd8a-706c-4f94-9714-07e188eb6f71,13,13,0,0,0,free-music-archive,free-music-archive,Google;Stability AI,USED_BY
Knyaz Mishkin,Knyaz Mishkin,2efc2a91-bb7a-4252-8436-673932273f8b,13,13,0,0,0,free-music-archive,free-music-archive,Google;Stability AI,USED_BY
Kakitsubata (Sylvie Walder + _),Kakitsubata (Sylvie Walder + _),4588,13,13,0,0,0,free-music-archive,free-music-archive,Google;Stability AI,USED_BY
Formula,Formula,920d58f7-a17c-4fc5-a26d-4d1531304408,13,13,0,0,0,free-music-archive,free-music-archive,Google;Stability AI,USED_BY
Curlew,Curlew,6e06d6e2-16f0-416d-b1cd-c7bbdae4d999,13,13,0,0,0,free-music-archive,free-music-archive,Google;Stability AI,USED_BY
The Ether,The Ether,4924,13,13,0,0,0,free-music-archive,free-music-archive,Google;Stability AI,USED_BY
Amen Dunes,Amen Dunes,c926bc4a-97c9-4412-b56e-7e5844f09579,106,13,69,24,0,free-music-archive;laion-disco-12m;sleeping-disco-9m,free-music-archive,Google;Stability AI,USED_BY
Mucca Pazza,Mucca Pazza,ac1f0959-c578-4042-a947-0483df296e9e,13,13,0,0,0,free-music-archive,free-music-archive,Google;Stability AI,USED_BY
Diablo Swing Orchestra,Diablo Swing Orchestra,af723a8a-d3db-46c2-82a3-201dde8fa27f,95,13,50,31,1,free-music-archive;laion-disco-12m;sleeping-disco-9m;spotify-tracks-dataset,free-music-archive,Google;Stability AI,USED_BY
Sikhara,Sikhara,e878f2f1-ea94-4a14-93f9-0dc036ecf35e,13,13,0,0,0,free-music-archive,free-music-archive,Google;Stability AI,USED_BY
Dave Public,Dave Public,1889,13,13,0,0,0,free-music-archive,free-music-archive,Google;Stability AI,USED_BY
Professor Kliq,Professor Kliq,d571e5b2-8dcd-4e72-a886-2ed3b254fe86,14,13,0,1,0,free-music-archive;sleeping-disco-9m,free-music-archive,Google;Stability AI,USED_BY
Nat Roe,Nat Roe,2079,13,13,0,0,0,free-music-archive,free-music-archive,Google;Stability AI,USED_BY
Claudio Nuñez,Claudio Nuñez,b5b5afdc-a758-400b-8f0b-6952d710fcda,13,13,0,0,0,free-music-archive,free-music-archive,Google;Stability AI,USED_BY
ZONA MC,ZONA MC,5443,13,13,0,0,0,free-music-archive,free-music-archive,Google;Stability AI,USED_BY
Bakers At Dawn,Bakers At Dawn,791fd758-2d0c-4f9b-8c24-c3e10013319c,15,15,0,0,0,free-music-archive,free-music-archive,Google;Stability AI,USED_BY
Aaron Ximm,Aaron Ximm,beb55053-dc55-45e4-8ae0-94b755059fb0,15,13,2,0,0,free-music-archive;laion-disco-12m,free-music-archive,Google;Stability AI,USED_BY
Violet,Violet,4122,13,13,0,0,0,free-music-archive,free-music-archive,Google;Stability AI,USED_BY
Andrij Orel,Andrij Orel,d40ec5d6-6534-4f8a-a67e-fc186b0d1922,13,13,0,0,0,free-music-archive,free-music-archive,Google;Stability AI,USED_BY
Ain't No Love,Ain't No Love,058af75f-cead-4eb3-9afc-8a27075662c3,13,13,0,0,0,free-music-archive,free-music-archive,Google;Stability AI,USED_BY
Steve Anderson,Steve Anderson,17849,13,13,0,0,0,free-music-archive,free-music-archive,Google;Stability AI,USED_BY
soundZcapa,soundZcapa,1648a3f0-071a-446c-987b-c9187cb7d4c6,13,13,0,0,0,free-music-archive,free-music-archive,Google;Stability AI,USED_BY
saQi,saQi,18017,13,13,0,0,0,free-music-archive,free-music-archive,Google;Stability AI,USED_BY
Infetu,Infetu,5eb0f38f-2aca-4c81-b09e-b417e7c9c1c8,13,13,0,0,0,free-music-archive,free-music-archive,Google;Stability AI,USED_BY
Bobby Bunny,Bobby Bunny,14546,13,13,0,0,0,free-music-archive,free-music-archive,Google;Stability AI,USED_BY
ILI,ILI,10dd7e1a-df42-4605-b601-bb5caf6ddfbc,13,13,0,0,0,free-music-archive,free-music-archive,Google;Stability AI,USED_BY
Macon Tights,Macon Tights,3ab568c0-6ba9-470b-89ad-704be77f0be9,13,13,0,0,0,free-music-archive,free-music-archive,Google;Stability AI,USED_BY
Krebs,Krebs,12277,13,13,0,0,0,free-music-archive,free-music-archive,Google;Stability AI,USED_BY
Town Hall,Town Hall,fca5baa0-c727-4b89-b338-32c37acb49c1,13,13,0,0,0,free-music-archive,free-music-archive,Google;Stability AI,USED_BY
Snake Oil Salesmen,Snake Oil Salesmen,18824,13,13,0,0,0,free-music-archive,free-music-archive,Google;Stability AI,USED_BY
Alien Whale,Alien Whale,5eb0cdb6-5594-49a1-a1bc-761ad45666d0,13,13,0,0,0,free-music-archive,free-music-archive,Google;Stability AI,USED_BY
Ultimate Painting,Ultimate Painting,633a4da5-b0c8-4822-88c6-7dd0017830a8,66,13,33,20,0,free-music-archive;laion-disco-12m;sleeping-disco-9m,free-music-archive,Google;Stability AI,USED_BY
Control-Z,Control-Z,b13b4162-ad52-44e5-83e1-b42bf89d4fd6,13,13,0,0,0,free-music-archive,free-music-archive,Google;Stability AI,USED_BY
Suppression,Suppression,12503,13,13,0,0,0,free-music-archive,free-music-archive,Google;Stability AI,USED_BY
Sarin,Sarin,2ea859ef-2683-49cc-8b4c-7478dec0c8bf,14,13,1,0,0,free-music-archive;laion-disco-12m,free-music-archive,Google;Stability AI,USED_BY
Guillaume Tucker,Guillaume Tucker,734da984-1468-47d2-8b27-3064cb00341c,13,13,0,0,0,free-music-archive,free-music-archive,Google;Stability AI,USED_BY
Naran,Naran,11297,13,13,0,0,0,free-music-archive,free-music-archive,Google;Stability AI,USED_BY
Romashka,Romashka,b18f3fc5-fd2e-4b7c-b1c5-1942f3eeec34,13,13,0,0,0,free-music-archive,free-music-archive,Google;Stability AI,USED_BY
Montana Skies,Montana Skies,1e30a002-ff43-4b44-8114-6b8f0877d304,28,13,15,0,0,free-music-archive;laion-disco-12m,free-music-archive,Google;Stability AI,USED_BY
Pheasant,Pheasant,19835,13,13,0,0,0,free-music-archive,free-music-archive,Google;Stability AI,USED_BY
Shodé Non,Shodé Non,20028,13,13,0,0,0,free-music-archive,free-music-archive,Google;Stability AI,USED_BY
Peripheral Living,Peripheral Living,20099,13,13,0,0,0,free-music-archive,free-music-archive,Google;Stability AI,USED_BY
The Wades,The Wades,4bd9c435-3b54-446a-8a33-dd0c40a8e2b4,13,13,0,0,0,free-music-archive,free-music-archive,Google;Stability AI,USED_BY
Noise Research,Noise Research,9b063d4c-92ff-470d-a1d0-97ba405e3cd6,13,13,0,0,0,free-music-archive,free-music-archive,Google;Stability AI,USED_BY
"Utopia, Ohio","Utopia, Ohio",20329,13,13,0,0,0,free-music-archive,free-music-archive,Google;Stability AI,USED_BY
The Carnys,The Carnys,20544,13,13,0,0,0,free-music-archive,free-music-archive,Google;Stability AI,USED_BY
Decade in Exile,Decade in Exile,12420,13,13,0,0,0,free-music-archive,free-music-archive,Google;Stability AI,USED_BY
?Alos,?Alos,0716e73c-930d-454f-8967-5c9e8da86a83,29,29,0,0,0,free-music-archive,free-music-archive,Google;Stability AI,USED_BY
yan_g,yan_g,18ecc104-498b-4510-9b8b-cf53605958a0,23,14,8,1,0,free-music-archive;laion-disco-12m;sleeping-disco-9m,free-music-archive,Google;Stability AI,USED_BY
Ventre de Biche,Ventre de Biche,559642a5-6af5-47c3-9eb7-6b80a4909f97,31,24,0,7,0,free-music-archive;sleeping-disco-9m,free-music-archive,Google;Stability AI,USED_BY
The Jon Spencer Blues Explosion,The Jon Spencer Blues Explosion,d1ab8ca8-fb9f-4e78-a422-3cd5406dc0b1,199,13,148,37,1,free-music-archive;laion-disco-12m;sleeping-disco-9m;spotify-tracks-dataset,free-music-archive,Google;Stability AI,USED_BY
un automne à Lob-Nor,un automne à Lob-Nor,14f7b86a-8e56-4fd2-98e4-4a695ca2f43b,22,21,1,0,0,free-music-archive;laion-disco-12m,free-music-archive,Google;Stability AI,USED_BY
Gallery Six,Gallery Six,2b7f38a2-9f50-4e74-84bb-5386a26cca73,163,13,150,0,0,free-music-archive;laion-disco-12m,free-music-archive,Google;Stability AI,USED_BY
Artist Name,Artist Name,023293d7-4763-4cad-9644-4c4632f916e5,13,13,0,0,0,free-music-archive,free-music-archive,Google;Stability AI,USED_BY
Did You Just Hex Me?,Did You Just Hex Me?,15212,13,13,0,0,0,free-music-archive,free-music-archive,Google;Stability AI,USED_BY
Obsidian Shell,Obsidian Shell,58839188-1c88-42ee-9274-87677d0e6fcc,20,13,0,7,0,free-music-archive;sleeping-disco-9m,free-music-archive,Google;Stability AI,USED_BY
Surak,Surak,6ec2c1ca-1d3e-47c5-a286-10e14b17da69,13,13,0,0,0,free-music-archive,free-music-archive,Google;Stability AI,USED_BY
Y:E:T,Y:E:T,13928,13,13,0,0,0,free-music-archive,free-music-archive,Google;Stability AI,USED_BY
Werner Fern,Werner Fern,15461,13,13,0,0,0,free-music-archive,free-music-archive,Google;Stability AI,USED_BY
Hell Hoarse,Hell Hoarse,9755,13,13,0,0,0,free-music-archive,free-music-archive,Google;Stability AI,USED_BY
Origami Repetika,Origami Repetika,b5b8e4ff-d8c0-4461-bc42-f034bd332092,13,13,0,0,0,free-music-archive,free-music-archive,Google;Stability AI,USED_BY
Flex Vector,Flex Vector,c4b1b4d1-1e99-4a53-96c9-51d1a67f2491,13,13,0,0,0,free-music-archive,free-music-archive,Google;Stability AI,USED_BY
Unknown Artist,Unknown Artist,13409,71,14,49,8,0,free-music-archive;laion-disco-12m;sleeping-disco-9m,free-music-archive,Google;Stability AI,USED_BY
André Pissoir,André Pissoir,7588,14,14,0,0,0,free-music-archive,free-music-archive,Google;Stability AI,USED_BY
Duncan Avoid,Duncan Avoid,a9097292-246d-4165-8713-7f56c28efce5,14,14,0,0,0,free-music-archive,free-music-archive,Google;Stability AI,USED_BY
Vlasta Popić,Vlasta Popić,86c36c58-b4ba-4c94-84f9-2b3c19e6eb71,13,13,0,0,0,free-music-archive,free-music-archive,Google;Stability AI,USED_BY
Ostin,Ostin,15841,13,13,0,0,0,free-music-archive,free-music-archive,Google;Stability AI,USED_BY
Pete Galub,Pete Galub,7ed63cd6-e8d3-4204-a103-eec76c149cd7,13,13,0,0,0,free-music-archive,free-music-archive,Google;Stability AI,USED_BY
Bliss Blood,Bliss Blood,983b93fe-d700-4843-b221-bbd58992efa7,13,13,0,0,0,free-music-archive,free-music-archive,Google;Stability AI,USED_BY
Al Street,Al Street,3e1bd546-d2a7-49cb-b38d-d70904a1d719,13,13,0,0,0,free-music-archive,free-music-archive,Google;Stability AI,USED_BY
Nick Rivera,Nick Rivera,f7ed2c57-d39d-4929-bea0-922a84136eae,13,13,0,0,0,free-music-archive,free-music-archive,Google;Stability AI,USED_BY
XPURM,XPURM,a6f9d57b-15a8-4eaa-861a-6e48d9547958,13,13,0,0,0,free-music-archive,free-music-archive,Google;Stability AI,USED_BY
The Moto-Gators,The Moto-Gators,16714,13,13,0,0,0,free-music-archive,free-music-archive,Google;Stability AI,USED_BY
Alterior,Alterior,a6c4472d-9a6e-433f-9365-eba9db86c45a,13,13,0,0,0,free-music-archive,free-music-archive,Google;Stability AI,USED_BY
The Mantles,The Mantles,b1cdb77f-e1e0-4d09-ae16-485045a32717,19,13,0,6,0,free-music-archive;sleeping-disco-9m,free-music-archive,Google;Stability AI,USED_BY
Dirty Beaches,Dirty Beaches,ff9fe073-0ccc-481e-bcd5-bc26ce15897c,21,13,0,8,0,free-music-archive;sleeping-disco-9m,free-music-archive,Google;Stability AI,USED_BY
melodysheep,melodysheep,01b2e661-0964-44b0-81c9-fa4293df599d,190,13,150,27,0,free-music-archive;laion-disco-12m;sleeping-disco-9m,free-music-archive,Google;Stability AI,USED_BY
Pleiades M,Pleiades M,17401,13,13,0,0,0,free-music-archive,free-music-archive,Google;Stability AI,USED_BY
Semyon,Semyon,97e9448d-2d67-4429-b62a-3a7941621035,13,13,0,0,0,free-music-archive,free-music-archive,Google;Stability AI,USED_BY
Honnda,Honnda,a0b86ec1-e28b-49e6-9df4-04765466b90d,13,13,0,0,0,free-music-archive,free-music-archive,Google;Stability AI,USED_BY
Miss Emma,Miss Emma,a9450b42-5f97-46ad-9907-986c69309b54,14,13,1,0,0,free-music-archive;laion-disco-12m,free-music-archive,Google;Stability AI,USED_BY
Inefficient Screws,Inefficient Screws,eca5916a-34e2-4ccf-9f1f-254f4a2eb459,13,13,0,0,0,free-music-archive,free-music-archive,Google;Stability AI,USED_BY
Ian Linter,Ian Linter,35ab247b-7823-4cf8-bdcc-b39ca62b1fb9,13,13,0,0,0,free-music-archive,free-music-archive,Google;Stability AI,USED_BY
Dimenticarmi Non!,Dimenticarmi Non!,bc01f0a9-d171-40bc-a821-3f27f7bba5ed,13,13,0,0,0,free-music-archive,free-music-archive,Google;Stability AI,USED_BY
Sycamore Drive,Sycamore Drive,f632b4a2-51d9-46be-8b3a-49852b35aeec,13,13,0,0,0,free-music-archive,free-music-archive,Google;Stability AI,USED_BY
Ten Thousand Free Men & Their Families,Ten Thousand Free Men & Their Families,8e4fea9c-a7b6-4a23-9d33-ca79bf0219a3,13,13,0,0,0,free-music-archive,free-music-archive,Google;Stability AI,USED_BY
Milch of Source,Milch of Source,74b56f3e-7a49-4de1-b8f0-33c20dea313d,19,19,0,0,0,free-music-archive,free-music-archive,Google;Stability AI,USED_BY
Mobster,Mobster,ca631d9a-c459-49be-b7e7-4db51ea054e7,13,13,0,0,0,free-music-archive,free-music-archive,Google;Stability AI,USED_BY
Poland,Poland,92386450-3b31-4e75-b52b-f88edad9edc8,13,13,0,0,0,free-music-archive,free-music-archive,Google;Stability AI,USED_BY
Windom Earle,Windom Earle,11618,13,13,0,0,0,free-music-archive,free-music-archive,Google;Stability AI,USED_BY
Pujol,Pujol,6280e233-5128-41a8-a133-3422fb72a0bb,30,14,0,16,0,free-music-archive;sleeping-disco-9m,free-music-archive,Google;Stability AI,USED_BY
EeL,EeL,11969,13,13,0,0,0,free-music-archive,free-music-archive,Google;Stability AI,USED_BY
Kris Keogh,Kris Keogh,1955f342-c32e-47e3-8555-910636951bfe,14,13,0,1,0,free-music-archive;sleeping-disco-9m,free-music-archive,Google;Stability AI,USED_BY
Batfinks,Batfinks,9148,13,13,0,0,0,free-music-archive,free-music-archive,Google;Stability AI,USED_BY
Collection of the Late Howell Bend,Collection of the Late Howell Bend,13131,13,13,0,0,0,free-music-archive,free-music-archive,Google;Stability AI,USED_BY
Plaistow,Plaistow,158d1e42-da0b-4d30-93bc-aec984fae209,13,13,0,0,0,free-music-archive,free-music-archive,Google;Stability AI,USED_BY
Meltdown,Meltdown,13314,13,13,0,0,0,free-music-archive,free-music-archive,Google;Stability AI,USED_BY
Jigglers,Jigglers,13473,13,13,0,0,0,free-music-archive,free-music-archive,Google;Stability AI,USED_BY
Antony Raijekov,Antony Raijekov,094c9fe1-cba6-43d1-9eef-13126abcb652,13,13,0,0,0,free-music-archive,free-music-archive,Google;Stability AI,USED_BY
coda,coda,13611,13,13,0,0,0,free-music-archive,free-music-archive,Google;Stability AI,USED_BY
Society Problem,Society Problem,13911,13,13,0,0,0,free-music-archive,free-music-archive,Google;Stability AI,USED_BY
Jack Kotz,Jack Kotz,20807,13,13,0,0,0,free-music-archive,free-music-archive,Google;Stability AI,USED_BY
Portron Portron Lopez,Portron Portron Lopez,db6ad4e5-a191-44db-a296-33fc734f0fe4,13,13,0,0,0,free-music-archive,free-music-archive,Google;Stability AI,USED_BY
The Bell,The Bell,29e013d4-41c2-4db4-8907-6f672acda0c7,13,13,0,0,0,free-music-archive,free-music-archive,Google;Stability AI,USED_BY
Jurica Jelić,Jurica Jelić,11784397-2d60-4781-aa6d-92a445d8ca3b,15,15,0,0,0,free-music-archive,free-music-archive,Google;Stability AI,USED_BY
Papa B Blu,Papa B Blu,21074,13,13,0,0,0,free-music-archive,free-music-archive,Google;Stability AI,USED_BY
Dappu Ji Mirasi,Dappu Ji Mirasi,21137,13,13,0,0,0,free-music-archive,free-music-archive,Google;Stability AI,USED_BY
Pistol Jazz,Pistol Jazz,21564,13,13,0,0,0,free-music-archive,free-music-archive,Google;Stability AI,USED_BY
Zli jezici,Zli jezici,21656,13,13,0,0,0,free-music-archive,free-music-archive,Google;Stability AI,USED_BY
Gonzalo Varela,Gonzalo Varela,5219f7f6-28bb-4667-b5a9-32f8a1d5f454,13,13,0,0,0,free-music-archive,free-music-archive,Google;Stability AI,USED_BY
Jacob Haller,Jacob Haller,c6597081-7fe9-492b-8b9e-890cd72eab3b,13,13,0,0,0,free-music-archive,free-music-archive,Google;Stability AI,USED_BY
Optional,Optional,22052,13,13,0,0,0,free-music-archive,free-music-archive,Google;Stability AI,USED_BY
Painful Silence,Painful Silence,21338,13,13,0,0,0,free-music-archive,free-music-archive,Google;Stability AI,USED_BY
Aerologic,Aerologic,17235,13,13,0,0,0,free-music-archive,free-music-archive,Google;Stability AI,USED_BY
Rye Coalition,Rye Coalition,7e6b3645-2a39-403f-b82e-31cd73d691e3,33,13,0,20,0,free-music-archive;sleeping-disco-9m,free-music-archive,Google;Stability AI,USED_BY
Donnie Ozone,Donnie Ozone,decc0d35-d9cf-4170-8cf7-c55ee878f01d,15,13,2,0,0,free-music-archive;laion-disco-12m,free-music-archive,Google;Stability AI,USED_BY
Jason Leonard,Jason Leonard,22528,13,13,0,0,0,free-music-archive,free-music-archive,Google;Stability AI,USED_BY
godmanwho,godmanwho,a2018f88-e37f-4370-9e8e-230d5cecda5b,13,13,0,0,0,free-music-archive,free-music-archive,Google;Stability AI,USED_BY
East of Borneo,East of Borneo,10071,13,13,0,0,0,free-music-archive,free-music-archive,Google;Stability AI,USED_BY
CrumbSnatchers,CrumbSnatchers,38636ed1-8d32-4721-bbf3-b23805754ab3,16,13,0,3,0,free-music-archive;sleeping-disco-9m,free-music-archive,Google;Stability AI,USED_BY
Titus Andronicus,Titus Andronicus,d38c47f6-d9bb-4a77-aaea-df53a6616a68,129,13,83,33,0,free-music-archive;laion-disco-12m;sleeping-disco-9m,free-music-archive,Google;Stability AI,USED_BY
Waco Brothers,Waco Brothers,b4322fe8-a43e-40a0-9728-52d6ee873bc8,50,18,0,32,0,free-music-archive;sleeping-disco-9m,free-music-archive,Google;Stability AI,USED_BY
Quasi,Quasi,3df29542-402a-49a5-ae1f-82f936184b3b,31,13,0,18,0,free-music-archive;sleeping-disco-9m,free-music-archive,Google;Stability AI,USED_BY
Coven Project,Coven Project,682506c2-cc65-4288-9956-6b0d92a9dc73,13,13,0,0,0,free-music-archive,free-music-archive,Google;Stability AI,USED_BY
Valentina Novales,Valentina Novales,24003,13,13,0,0,0,free-music-archive,free-music-archive,Google;Stability AI,USED_BY
Consolidated Plastics,Consolidated Plastics,24076,13,13,0,0,0,free-music-archive,free-music-archive,Google;Stability AI,USED_BY
Master Toad!,Master Toad!,a9f73643-d253-4215-ac29-68615ace82d0,13,13,0,0,0,free-music-archive,free-music-archive,Google;Stability AI,USED_BY
FRAIL,FRAIL,24092,13,13,0,0,0,free-music-archive,free-music-archive,Google;Stability AI,USED_BY
Barefoot McCoy,Barefoot McCoy,d3ed0066-7a19-4c3b-9dba-680930e3bd3a,13,13,0,0,0,free-music-archive,free-music-archive,Google;Stability AI,USED_BY
Art Gray Noizz Quintet,Art Gray Noizz Quintet,b9c0887e-3ed2-4bb4-abc7-a65c640bf6ba,13,13,0,0,0,free-music-archive,free-music-archive,Google;Stability AI,USED_BY
Son Little,Son Little,4bbcd67e-c6f5-43f3-ac66-9ffa8552d9f2,124,13,74,37,0,free-music-archive;laion-disco-12m;sleeping-disco-9m,free-music-archive,Google;Stability AI,USED_BY
red kite,red kite,24350,13,13,0,0,0,free-music-archive,free-music-archive,Google;Stability AI,USED_BY
dioxadol borges,dioxadol borges,22593,13,13,0,0,0,free-music-archive,free-music-archive,Google;Stability AI,USED_BY
The Dirty Moogs,The Dirty Moogs,22789,13,13,0,0,0,free-music-archive,free-music-archive,Google;Stability AI,USED_BY
Total E.T.,Total E.T.,ccd97809-0728-4cc1-99df-3300eb0155ca,13,13,0,0,0,free-music-archive,free-music-archive,Google;Stability AI,USED_BY
This Mess Is Mine,This Mess Is Mine,ed52bc32-468d-4127-ab1e-f768b9753d8a,13,13,0,0,0,free-music-archive,free-music-archive,Google;Stability AI,USED_BY
Zerodent,Zerodent,1aae31a3-0ae2-4ddc-8408-3389cddabb5a,13,13,0,0,0,free-music-archive,free-music-archive,Google;Stability AI,USED_BY
The Dingees,The Dingees,09664c7f-4eb4-4464-b7f1-3b6a9cd6b756,33,13,0,20,0,free-music-archive;sleeping-disco-9m,free-music-archive,Google;Stability AI,USED_BY
Olga Scotland,Olga Scotland,e61dec55-7642-4a13-8c56-0531a935fbf8,33,13,0,20,0,free-music-archive;sleeping-disco-9m,free-music-archive,Google;Stability AI,USED_BY
Rot Shit,Rot Shit,6110,13,13,0,0,0,free-music-archive,free-music-archive,Google;Stability AI,USED_BY
Xerak,Xerak,9a066120-5f14-4c75-833d-1e11e5b76081,13,13,0,0,0,free-music-archive,free-music-archive,Google;Stability AI,USED_BY
Steadman,Steadman,cde5228d-8d6d-48a6-8d60-2c9968fa90ff,53,13,20,20,0,free-music-archive;laion-disco-12m;sleeping-disco-9m,free-music-archive,Google;Stability AI,USED_BY
Sakee Sed,Sakee Sed,b4785d1a-199b-40c5-b388-7b67b6429881,13,13,0,0,0,free-music-archive,free-music-archive,Google;Stability AI,USED_BY
comment on y va,comment on y va,7282,13,13,0,0,0,free-music-archive,free-music-archive,Google;Stability AI,USED_BY
Cheapmachines,Cheapmachines,4a41a782-a5bc-4ff6-a081-c81059005584,13,13,0,0,0,free-music-archive,free-music-archive,Google;Stability AI,USED_BY
.RR,.RR,7414,13,13,0,0,0,free-music-archive,free-music-archive,Google;Stability AI,USED_BY
Galun,Galun,fc8bb8f7-1d84-4ffb-82e6-ab3b5519e10d,13,13,0,0,0,free-music-archive,free-music-archive,Google;Stability AI,USED_BY
Fidel Cutstro,Fidel Cutstro,acde4f12-1ed2-43b1-b14a-5021b5600bd6,13,13,0,0,0,free-music-archive,free-music-archive,Google;Stability AI,USED_BY
Lady Data,Lady Data,8b4bd421-aabc-4231-b6ef-b396b3b9a0b2,13,13,0,0,0,free-music-archive,free-music-archive,Google;Stability AI,USED_BY
Panda Paranoico,Panda Paranoico,b30de0fd-f39a-434b-bea6-220fe7d5e4a4,13,13,0,0,0,free-music-archive,free-music-archive,Google;Stability AI,USED_BY
Bernd Burnson,Bernd Burnson,8fb21ac9-a5d5-4d34-bd45-d5673df9772e,13,13,0,0,0,free-music-archive,free-music-archive,Google;Stability AI,USED_BY
Not From This World,Not From This World,8467,13,13,0,0,0,free-music-archive,free-music-archive,Google;Stability AI,USED_BY
Dan Plaza,Dan Plaza,8499,13,13,0,0,0,free-music-archive,free-music-archive,Google;Stability AI,USED_BY
Procedure Club,Procedure Club,3639a279-8867-4c49-b957-63039753ac19,13,13,0,0,0,free-music-archive,free-music-archive,Google;Stability AI,USED_BY
Miguel Uza,Miguel Uza,8723,13,13,0,0,0,free-music-archive,free-music-archive,Google;Stability AI,USED_BY
La Fanfare de la Fatalité,La Fanfare de la Fatalité,8f7225e9-9aca-42ae-b620-a80712648c80,13,13,0,0,0,free-music-archive,free-music-archive,Google;Stability AI,USED_BY
Henry Hynes,Henry Hynes,9006,13,13,0,0,0,free-music-archive,free-music-archive,Google;Stability AI,USED_BY
Batfinks,Batfinks,61e44725-4387-4fb1-acc0-b96ab570e154,13,13,0,0,0,free-music-archive,free-music-archive,Google;Stability AI,USED_BY
Dr. Phibes & The Ten Plagues of Egypt,Dr. Phibes & The Ten Plagues of Egypt,cf567a89-d9fd-41fb-a0f2-121eea0b2ec8,13,13,0,0,0,free-music-archive,free-music-archive,Google;Stability AI,USED_BY
Sibirskaya Vechora,Sibirskaya Vechora,9293,13,13,0,0,0,free-music-archive,free-music-archive,Google;Stability AI,USED_BY
Kingface,Kingface,e4610c7d-7f6b-4571-a458-0089f429b6eb,13,13,0,0,0,free-music-archive,free-music-archive,Google;Stability AI,USED_BY
Mac 68K,Mac 68K,9539,13,13,0,0,0,free-music-archive,free-music-archive,Google;Stability AI,USED_BY
La Ligne Claire,La Ligne Claire,9813,13,13,0,0,0,free-music-archive,free-music-archive,Google;Stability AI,USED_BY
Jason Kaneshiro,Jason Kaneshiro,10010,13,13,0,0,0,free-music-archive,free-music-archive,Google;Stability AI,USED_BY
Goines Ma Non Troppo,Goines Ma Non Troppo,7564,13,13,0,0,0,free-music-archive,free-music-archive,Google;Stability AI,USED_BY
Riasne 2000,Riasne 2000,7851,13,13,0,0,0,free-music-archive,free-music-archive,Google;Stability AI,USED_BY
JTPE,JTPE,e09f1030-de66-4f02-ad74-b56083785b99,13,13,0,0,0,free-music-archive,free-music-archive,Google;Stability AI,USED_BY
Christian Cummings,Christian Cummings,26e6211b-c78d-49b8-b78b-0f3eaf51097c,13,13,0,0,0,free-music-archive,free-music-archive,Google;Stability AI,USED_BY
Colombey,Colombey,77a046e2-ecbb-457c-b753-5249c0336dc7,13,13,0,0,0,free-music-archive,free-music-archive,Google;Stability AI,USED_BY
Tartine de Clous,Tartine de Clous,65d263f9-ec6a-4688-a194-0fc86f02b44a,13,13,0,0,0,free-music-archive,free-music-archive,Google;Stability AI,USED_BY
Kiko C. Esseiva,Kiko C. Esseiva,7b7c886f-8732-4cc7-9a0e-9d1635cf6aae,13,13,0,0,0,free-music-archive,free-music-archive,Google;Stability AI,USED_BY
When We Live,When We Live,6f13fca5-935c-40a4-92cb-5a467e5ad021,13,13,0,0,0,free-music-archive,free-music-archive,Google;Stability AI,USED_BY
Mark E. Kaylor,Mark E. Kaylor,18d8602c-39aa-4125-87f0-2edc6d3e6b0c,13,13,0,0,0,free-music-archive,free-music-archive,Google;Stability AI,USED_BY
Josef Nadek,Josef Nadek,ee535114-2ee9-4a26-a5de-5c1538d5ea35,13,13,0,0,0,free-music-archive,free-music-archive,Google;Stability AI,USED_BY
Zacarias Malden,Zacarias Malden,c8270360-1326-4d2b-8836-a11de86610b3,13,13,0,0,0,free-music-archive,free-music-archive,Google;Stability AI,USED_BY
Brian Wilson Shock Treatment,Brian Wilson Shock Treatment,d61172cb-f41a-47a5-8e57-50fc90ba09a4,13,13,0,0,0,free-music-archive,free-music-archive,Google;Stability AI,USED_BY
Party People in a Can,Party People in a Can,9204,13,13,0,0,0,free-music-archive,free-music-archive,Google;Stability AI,USED_BY
Thee Irma & Louise,Thee Irma & Louise,523256a1-7c60-423d-866b-d30e95c0d8e8,13,13,0,0,0,free-music-archive,free-music-archive,Google;Stability AI,USED_BY
Vegaenduro,Vegaenduro,759660b3-e8fa-4c8c-9d09-53a361741a0e,13,13,0,0,0,free-music-archive,free-music-archive,Google;Stability AI,USED_BY
Erick Gallun,Erick Gallun,26015c1a-02d5-4522-b04c-2356407cfc21,13,13,0,0,0,free-music-archive,free-music-archive,Google;Stability AI,USED_BY
TALUGUNG,TALUGUNG,4da35241-7eb4-4748-9f3a-b8e8067b86f2,13,13,0,0,0,free-music-archive,free-music-archive,Google;Stability AI,USED_BY
Cockmasta Flex,Cockmasta Flex,21462,13,13,0,0,0,free-music-archive,free-music-archive,Google;Stability AI,USED_BY
Richie Dagger's Crime,Richie Dagger's Crime,8cb15ed8-be7e-4cbd-a76d-7ecfd8a85c13,13,13,0,0,0,free-music-archive,free-music-archive,Google;Stability AI,USED_BY
Mark Neil,Mark Neil,64531039-3076-4289-b1d9-07aa087f4c6b,13,13,0,0,0,free-music-archive,free-music-archive,Google;Stability AI,USED_BY
Byron G. Harlan,Byron G. Harlan,52bee53c-a2cd-4ea0-b806-262dd8dc2f92,12,12,0,0,0,free-music-archive,free-music-archive,Google;Stability AI,USED_BY
Katapulto,Katapulto,4cea7c1f-c1f5-4fd8-9a06-f3bab48e323e,12,12,0,0,0,free-music-archive,free-music-archive,Google;Stability AI,USED_BY
AWOL,AWOL,1,12,12,0,0,0,free-music-archive,free-music-archive,Google;Stability AI,USED_BY
Minmae,Minmae,15b7bd6f-c4af-48e8-92ce-05b7ce26cdcd,12,12,0,0,0,free-music-archive,free-music-archive,Google;Stability AI,USED_BY
Mudboy,Mudboy,87b2fe32-cfc1-438e-9963-f1fe715b6b9e,12,12,0,0,0,free-music-archive,free-music-archive,Google;Stability AI,USED_BY
Weather (from Chicago),Weather (from Chicago),327,12,12,0,0,0,free-music-archive,free-music-archive,Google;Stability AI,USED_BY
Bolmongani,Bolmongani,5e5fee4a-1e0f-40d6-8b08-301f6572dd3e,12,12,0,0,0,free-music-archive,free-music-archive,Google;Stability AI,USED_BY
Dead Moon,Dead Moon,4866af3e-7586-403e-bea4-f27bcbcadbb6,167,12,128,23,4,free-music-archive;laion-disco-12m;sleeping-disco-9m;spotify-tracks-dataset,free-music-archive,Google;Stability AI,USED_BY
Mod Fun,Mod Fun,32be1a65-62da-463c-9a28-cdb320f47bae,12,12,0,0,0,free-music-archive,free-music-archive,Google;Stability AI,USED_BY
We Are the Arm,We Are the Arm,1385,12,12,0,0,0,free-music-archive,free-music-archive,Google;Stability AI,USED_BY
New Bomb Turks,New Bomb Turks,013d71e5-ecb2-486a-bd82-6e7d9129acfc,42,13,0,26,3,free-music-archive;sleeping-disco-9m;spotify-tracks-dataset,free-music-archive,Google;Stability AI,USED_BY
Rose For Bohdan,Rose For Bohdan,8484832f-4c74-4bde-9109-52ddf59cc011,19,12,0,7,0,free-music-archive;sleeping-disco-9m,free-music-archive,Google;Stability AI,USED_BY
BrokeMC,BrokeMC,1953,12,12,0,0,0,free-music-archive,free-music-archive,Google;Stability AI,USED_BY
Dinowalrus,Dinowalrus,e548c89b-8d85-40ca-97d3-fd432e8847cf,12,12,0,0,0,free-music-archive,free-music-archive,Google;Stability AI,USED_BY
Future Islands,Future Islands,74963434-dcb6-4b14-98cc-99873b06db66,168,12,99,55,2,free-music-archive;laion-disco-12m;sleeping-disco-9m;spotify-tracks-dataset,free-music-archive,Google;Stability AI,USED_BY
Superhumanoids,Superhumanoids,092dbc47-6d55-4270-85c1-7ab2c4f2661d,34,12,1,21,0,free-music-archive;laion-disco-12m;sleeping-disco-9m,free-music-archive,Google;Stability AI,USED_BY
Proviant Audio,Proviant Audio,1a50ac0a-f8ef-467b-b10e-f2be4dd84c88,12,12,0,0,0,free-music-archive,free-music-archive,Google;Stability AI,USED_BY
The Magic Carpathians,The Magic Carpathians,ac582f58-cf2a-4a7a-8d94-f539518c56a6,22,22,0,0,0,free-music-archive,free-music-archive,Google;Stability AI,USED_BY
Tha Connection,Tha Connection,918db63c-700b-46a1-a3bf-56b1b23b57d1,13,12,1,0,0,free-music-archive;laion-disco-12m,free-music-archive,Google;Stability AI,USED_BY
Sea Monster,Sea Monster,8aaff637-6245-44f9-af4c-8b7dd30cc3ee,13,12,0,1,0,free-music-archive;sleeping-disco-9m,free-music-archive,Google;Stability AI,USED_BY
Smegma,Smegma,2150e0eb-46f6-4108-918a-f3f32bf5b07f,12,12,0,0,0,free-music-archive,free-music-archive,Google;Stability AI,USED_BY
Hanns Ahring,Hanns Ahring,46515511-149e-419c-adeb-7fa0d9c5d99f,12,12,0,0,0,free-music-archive,free-music-archive,Google;Stability AI,USED_BY
Jean Quist,Jean Quist,0dce4ecb-93ff-471f-a3f0-008c3bb40783,12,12,0,0,0,free-music-archive,free-music-archive,Google;Stability AI,USED_BY
Maren Schram,Maren Schram,bec341cd-52b4-4ac3-8e21-3e1fe8e93d84,12,12,0,0,0,free-music-archive,free-music-archive,Google;Stability AI,USED_BY
1.6 Band,1.6 Band,e3b548df-c063-4603-bac1-1b01fcf84ef2,12,12,0,0,0,free-music-archive,free-music-archive,Google;Stability AI,USED_BY
Pigeons & The Insane Porridgemakers,Pigeons & The Insane Porridgemakers,a295ace5-e479-4d82-8ac9-ff006a6fee2d,12,12,0,0,0,free-music-archive,free-music-archive,Google;Stability AI,USED_BY
Al Jolson,Al Jolson,5611a8e8-1521-4919-a531-2689bbb57ce4,223,12,191,20,0,free-music-archive;laion-disco-12m;sleeping-disco-9m,free-music-archive,Google;Stability AI,USED_BY
The Mint Chicks,The Mint Chicks,2bb34099-cf61-4f22-987f-60449df033c6,35,12,0,23,0,free-music-archive;sleeping-disco-9m,free-music-archive,Google;Stability AI,USED_BY
Orquestra Popular De Paio Pires,Orquestra Popular De Paio Pires,5202,12,12,0,0,0,free-music-archive,free-music-archive,Google;Stability AI,USED_BY
Pistolera,Pistolera,29369090-ee31-404d-ac28-eef713630328,12,12,0,0,0,free-music-archive,free-music-archive,Google;Stability AI,USED_BY
staRpauSe,staRpauSe,23269e6a-57c5-44be-bd74-438bd4790072,12,12,0,0,0,free-music-archive,free-music-archive,Google;Stability AI,USED_BY
Matt Bauer,Matt Bauer,8dbca54a-8dc6-41cd-a525-20360d7b947e,20,12,1,7,0,free-music-archive;laion-disco-12m;sleeping-disco-9m,free-music-archive,Google;Stability AI,USED_BY
Talk Normal,Talk Normal,7339b6e3-de82-4b9d-980f-0c93a43c2167,12,12,0,0,0,free-music-archive,free-music-archive,Google;Stability AI,USED_BY
Evgeny Grinko,Evgeny Grinko,ccab448f-b78c-435c-8943-69c90716bedc,91,12,56,19,4,free-music-archive;laion-disco-12m;sleeping-disco-9m;spotify-tracks-dataset,free-music-archive,Google;Stability AI,USED_BY
Sore & Steal,Sore & Steal,bccb7bfe-fd79-4db0-ae6d-212bdafd4aac,12,12,0,0,0,free-music-archive,free-music-archive,Google;Stability AI,USED_BY
krackatoa,krackatoa,13830,12,12,0,0,0,free-music-archive,free-music-archive,Google;Stability AI,USED_BY
Jarrod Fowler,Jarrod Fowler,1245030b-6a15-4f97-84f7-e4a5ec8a245d,12,12,0,0,0,free-music-archive,free-music-archive,Google;Stability AI,USED_BY
[unknown],[unknown],125ec42a-7229-4250-afc5-e057484327fe,867,12,591,264,0,free-music-archive;laion-disco-12m;sleeping-disco-9m,free-music-archive,Google;Stability AI,USED_BY
Love Story In Blood Red,Love Story In Blood Red,1516,12,12,0,0,0,free-music-archive,free-music-archive,Google;Stability AI,USED_BY
Aortha,Aortha,8e4bc32c-19f2-4b3f-a827-2369659b0091,12,12,0,0,0,free-music-archive,free-music-archive,Google;Stability AI,USED_BY
Inox Kapell,Inox Kapell,29dc0fb8-8b8a-482e-8a65-c78ab6ef265b,12,12,0,0,0,free-music-archive,free-music-archive,Google;Stability AI,USED_BY
New Air,New Air,88ef68a7-85c6-4618-8c75-4494fd04c661,12,12,0,0,0,free-music-archive,free-music-archive,Google;Stability AI,USED_BY
Big Ups,Big Ups,e011e4dc-2f42-4493-bd08-986376043db4,32,12,0,20,0,free-music-archive;sleeping-disco-9m,free-music-archive,Google;Stability AI,USED_BY
Atlantic Thrills,Atlantic Thrills,2787b46f-6645-45f2-bc96-2916e6cfa985,12,12,0,0,0,free-music-archive,free-music-archive,Google;Stability AI,USED_BY
Lucas Perný,Lucas Perný,17147,12,12,0,0,0,free-music-archive,free-music-archive,Google;Stability AI,USED_BY
MUTATE,MUTATE,10531,12,12,0,0,0,free-music-archive,free-music-archive,Google;Stability AI,USED_BY
Illl,Illl,92c277b5-0004-4b67-a6af-6e2e5031faef,12,12,0,0,0,free-music-archive,free-music-archive,Google;Stability AI,USED_BY
Adolina,Adolina,18753,12,12,0,0,0,free-music-archive,free-music-archive,Google;Stability AI,USED_BY
Styptic,Styptic,5ee69aa7-efed-4176-b13c-83fedec7a602,15,15,0,0,0,free-music-archive,free-music-archive,Google;Stability AI,USED_BY
The Fat,The Fat,5fc8abf8-3924-4cd0-aa3a-e89495b27eb9,12,12,0,0,0,free-music-archive,free-music-archive,Google;Stability AI,USED_BY
Penetración Cósmica,Penetración Cósmica,7202,12,12,0,0,0,free-music-archive,free-music-archive,Google;Stability AI,USED_BY
ombrelli sciolti,ombrelli sciolti,19066,12,12,0,0,0,free-music-archive,free-music-archive,Google;Stability AI,USED_BY
Mirbeau,Mirbeau,19092,12,12,0,0,0,free-music-archive,free-music-archive,Google;Stability AI,USED_BY
Pankifared,Pankifared,572a6d9b-4503-4082-9d21-29acfe3603ae,12,12,0,0,0,free-music-archive,free-music-archive,Google;Stability AI,USED_BY
[Yahuy-Che-Kabah],[Yahuy-Che-Kabah],18941,12,12,0,0,0,free-music-archive,free-music-archive,Google;Stability AI,USED_BY
Neighborhood Cults,Neighborhood Cults,19136,12,12,0,0,0,free-music-archive,free-music-archive,Google;Stability AI,USED_BY
Csum and Tobetozero,Csum and Tobetozero,19173,12,12,0,0,0,free-music-archive,free-music-archive,Google;Stability AI,USED_BY
Fog Lake,Fog Lake,927cd7e5-ccec-418d-997f-c5e7edbdb51c,165,12,127,26,0,free-music-archive;laion-disco-12m;sleeping-disco-9m,free-music-archive,Google;Stability AI,USED_BY
Supercontinents,Supercontinents,19405,12,12,0,0,0,free-music-archive,free-music-archive,Google;Stability AI,USED_BY
BABY59,BABY59,19615,12,12,0,0,0,free-music-archive,free-music-archive,Google;Stability AI,USED_BY
Deftechnixks,Deftechnixks,19703,12,12,0,0,0,free-music-archive,free-music-archive,Google;Stability AI,USED_BY
The Willing,The Willing,e1dda0b8-a244-44ff-90e0-a489bb44c82d,14,12,0,2,0,free-music-archive;sleeping-disco-9m,free-music-archive,Google;Stability AI,USED_BY
King Vulture,King Vulture,19836,12,12,0,0,0,free-music-archive,free-music-archive,Google;Stability AI,USED_BY
Luciana Bass,Luciana Bass,349d9dc5-8fc4-4db3-91c0-c44cb52815d2,12,12,0,0,0,free-music-archive,free-music-archive,Google;Stability AI,USED_BY
Tim Cosner,Tim Cosner,20079,12,12,0,0,0,free-music-archive,free-music-archive,Google;Stability AI,USED_BY
Jess Lemont,Jess Lemont,20098,12,12,0,0,0,free-music-archive,free-music-archive,Google;Stability AI,USED_BY
Beef Humper,Beef Humper,d21e9a0f-b744-435c-8198-788e454e2c3b,12,12,0,0,0,free-music-archive,free-music-archive,Google;Stability AI,USED_BY
kamila kostur,kamila kostur,6028,12,12,0,0,0,free-music-archive,free-music-archive,Google;Stability AI,USED_BY
Heftone Banjo Orchestra,Heftone Banjo Orchestra,20279,12,12,0,0,0,free-music-archive,free-music-archive,Google;Stability AI,USED_BY
Cuarto,Cuarto,20285,12,12,0,0,0,free-music-archive,free-music-archive,Google;Stability AI,USED_BY
Alialujah Choir,Alialujah Choir,bdf2afe4-6034-4d3f-9b92-2ad87a2e4282,13,12,0,1,0,free-music-archive;sleeping-disco-9m,free-music-archive,Google;Stability AI,USED_BY
Guili Guili Goulag,Guili Guili Goulag,0d0226a0-7c8d-4f88-9f09-e9222a1e0f70,12,12,0,0,0,free-music-archive,free-music-archive,Google;Stability AI,USED_BY
Son Altesse Furieuse,Son Altesse Furieuse,20629,12,12,0,0,0,free-music-archive,free-music-archive,Google;Stability AI,USED_BY
The Use,The Use,aabf7a9d-9ca2-415f-9345-c078572c6bfe,12,12,0,0,0,free-music-archive,free-music-archive,Google;Stability AI,USED_BY
Graham Bole,Graham Bole,20714,12,12,0,0,0,free-music-archive,free-music-archive,Google;Stability AI,USED_BY
Alexandre Bateiras,Alexandre Bateiras,14495,12,12,0,0,0,free-music-archive,free-music-archive,Google;Stability AI,USED_BY
Life In A Blender,Life In A Blender,bce2b813-eb04-45e0-866e-150685eeb2e0,12,12,0,0,0,free-music-archive,free-music-archive,Google;Stability AI,USED_BY
Monopole,Monopole,30d8b100-91c4-4f20-801d-d33d64bb0101,12,12,0,0,0,free-music-archive,free-music-archive,Google;Stability AI,USED_BY
LE CLUB DES CHATS,LE CLUB DES CHATS,de781135-4246-4f31-b6f2-3bd3d1c612fe,19,19,0,0,0,free-music-archive,free-music-archive,Google;Stability AI,USED_BY
Howie Mitchell & Ruth Meyer,Howie Mitchell & Ruth Meyer,14740,12,12,0,0,0,free-music-archive,free-music-archive,Google;Stability AI,USED_BY
Nummer Da Luminous,Nummer Da Luminous,14074,12,12,0,0,0,free-music-archive,free-music-archive,Google;Stability AI,USED_BY
Charles Rice Goff III,Charles Rice Goff III,be6abf58-bb9b-404b-a93b-e78a5743461a,12,12,0,0,0,free-music-archive,free-music-archive,Google;Stability AI,USED_BY
Bleak House,Bleak House,15507,12,12,0,0,0,free-music-archive,free-music-archive,Google;Stability AI,USED_BY
Paulo Chagas,Paulo Chagas,0ce5035c-86dd-4c12-8118-1a4ea2470ecb,113,27,86,0,0,free-music-archive;laion-disco-12m,free-music-archive,Google;Stability AI,USED_BY
Ongaku2,Ongaku2,15728,12,12,0,0,0,free-music-archive,free-music-archive,Google;Stability AI,USED_BY
Balkan Fields,Balkan Fields,15767,12,12,0,0,0,free-music-archive,free-music-archive,Google;Stability AI,USED_BY
Fritz Welch,Fritz Welch,afab1bf4-a0fc-48af-a39a-a88ce7f57cb9,12,12,0,0,0,free-music-archive,free-music-archive,Google;Stability AI,USED_BY
Litmus,Litmus,16049,12,12,0,0,0,free-music-archive,free-music-archive,Google;Stability AI,USED_BY
Pure Country Gold,Pure Country Gold,7183ed38-036e-473b-aab5-65a801e5f1be,12,12,0,0,0,free-music-archive,free-music-archive,Google;Stability AI,USED_BY
Xalm Retribution,Xalm Retribution,8609d628-e7d3-4dc7-9a62-5bb3e1d5f0df,12,12,0,0,0,free-music-archive,free-music-archive,Google;Stability AI,USED_BY
Muhr,Muhr,8267,12,12,0,0,0,free-music-archive,free-music-archive,Google;Stability AI,USED_BY
Secret Boyfriend,Secret Boyfriend,a5b45f44-d85a-4712-8957-aac4cf57c1f6,13,12,1,0,0,free-music-archive;laion-disco-12m,free-music-archive,Google;Stability AI,USED_BY
Beam Camp,Beam Camp,61bfb229-07f5-4af3-8f75-6bf3b9b70d6c,14,14,0,0,0,free-music-archive,free-music-archive,Google;Stability AI,USED_BY
Human Resources,Human Resources,9abbaf08-226f-4418-b61c-aad2546cf297,12,12,0,0,0,free-music-archive,free-music-archive,Google;Stability AI,USED_BY
Jeff Kolar,Jeff Kolar,75fa5e60-b1a9-4eee-8240-670820071a67,12,12,0,0,0,free-music-archive,free-music-archive,Google;Stability AI,USED_BY
Ronny Wærnes,Ronny Wærnes,c7d92791-66a9-4cba-aadf-dd05ebc9f59e,12,12,0,0,0,free-music-archive,free-music-archive,Google;Stability AI,USED_BY
Mariana Päraway,Mariana Päraway,707f9004-b11c-4be6-9326-716d52cde400,12,12,0,0,0,free-music-archive,free-music-archive,Google;Stability AI,USED_BY
Loopez,Loopez,7f928eef-031e-4e26-83ed-6cf8394d599b,12,12,0,0,0,free-music-archive,free-music-archive,Google;Stability AI,USED_BY
Selma Oxor,Selma Oxor,b750b4d4-1bd2-442b-a106-d05094a29a3d,12,12,0,0,0,free-music-archive,free-music-archive,Google;Stability AI,USED_BY
Archétypo 120,Archétypo 120,26d1b8a8-e277-43da-8f3f-83a62804168f,12,12,0,0,0,free-music-archive,free-music-archive,Google;Stability AI,USED_BY
Jeremy Bible,Jeremy Bible,7057a64e-ff06-4828-a113-9b47540ec486,12,12,0,0,0,free-music-archive,free-music-archive,Google;Stability AI,USED_BY
Voodoo Puppets,Voodoo Puppets,261b0cbd-d423-4455-95ce-12f4b1a713a4,12,12,0,0,0,free-music-archive,free-music-archive,Google;Stability AI,USED_BY
Kesson Shoujo,Kesson Shoujo,3fa6f184-4555-4d4c-9586-b19e2d37a7c3,12,12,0,0,0,free-music-archive,free-music-archive,Google;Stability AI,USED_BY
Fleshtone Aura,Fleshtone Aura,b2dd7f86-7271-4708-8732-6df197e044cd,12,12,0,0,0,free-music-archive,free-music-archive,Google;Stability AI,USED_BY
arciv ev noise,arciv ev noise,17579,12,12,0,0,0,free-music-archive,free-music-archive,Google;Stability AI,USED_BY
DMZ,DMZ,17590,12,12,0,0,0,free-music-archive,free-music-archive,Google;Stability AI,USED_BY
Duo (Kirk Pearson and Julia Egan),Duo (Kirk Pearson and Julia Egan),17637,12,12,0,0,0,free-music-archive,free-music-archive,Google;Stability AI,USED_BY
piano,Piano,2jmzuYJyNdbwyAF4PGmp7o,226,12,214,0,0,free-music-archive;laion-disco-12m,free-music-archive,Google;Stability AI,USED_BY
Blank Realm,Blank Realm,44d36433-5648-4e9c-8d00-336fd67f7002,15,12,0,3,0,free-music-archive;sleeping-disco-9m,free-music-archive,Google;Stability AI,USED_BY
Blue Sausage Infant,Blue Sausage Infant,82e50a90-d604-4bb6-80d1-040907ed257a,12,12,0,0,0,free-music-archive,free-music-archive,Google;Stability AI,USED_BY
((( vlubä ))),((( vlubä ))),9816,12,12,0,0,0,free-music-archive,free-music-archive,Google;Stability AI,USED_BY
Les Loustics,Les Loustics,ce38a65b-b8a9-4277-a317-23a64cca63bd,12,12,0,0,0,free-music-archive,free-music-archive,Google;Stability AI,USED_BY
Piccola Orchestra Gagarin,Piccola Orchestra Gagarin,d971fe93-4d18-495a-b631-fac107adc772,12,12,0,0,0,free-music-archive,free-music-archive,Google;Stability AI,USED_BY
Madame Rrose Sélavy,Madame Rrose Sélavy,d400784c-77ff-4a76-9275-3d6531dab822,12,12,0,0,0,free-music-archive,free-music-archive,Google;Stability AI,USED_BY
Superpoze,Superpoze,ff241867-35fc-4053-9fda-7aa57ef4e229,134,12,121,1,0,free-music-archive;laion-disco-12m;sleeping-disco-9m,free-music-archive,Google;Stability AI,USED_BY
1/2 byZERO & Nik RUbanov,1/2 byZERO & Nik RUbanov,11614,12,12,0,0,0,free-music-archive,free-music-archive,Google;Stability AI,USED_BY
Cracked Latin,Cracked Latin,11630,12,12,0,0,0,free-music-archive,free-music-archive,Google;Stability AI,USED_BY
Chiquita y Chatarra,Chiquita y Chatarra,77aaeaaf-0a4a-40d6-b076-150f17e5c1b0,12,12,0,0,0,free-music-archive,free-music-archive,Google;Stability AI,USED_BY
Ivan Julian,Ivan Julian,8dd6b2de-a33d-434b-99f8-b752a13b637e,12,12,0,0,0,free-music-archive,free-music-archive,Google;Stability AI,USED_BY
THKAD,THKAD,8717afbd-a48a-4622-a469-d3351fd4e80d,12,12,0,0,0,free-music-archive,free-music-archive,Google;Stability AI,USED_BY
John Harrison with the Wichita State University Chamber Players,John Harrison with the Wichita State University Chamber Players,12213,12,12,0,0,0,free-music-archive,free-music-archive,Google;Stability AI,USED_BY
Smooch,Smooch,5bc52c70-25fe-464b-8f7e-66bc6ed4671a,12,12,0,0,0,free-music-archive,free-music-archive,Google;Stability AI,USED_BY
Short Hand,Short Hand,12386,12,12,0,0,0,free-music-archive,free-music-archive,Google;Stability AI,USED_BY
Cruddy,Cruddy,5e0896eb-97dd-4710-8119-6cf22fea32fd,12,12,0,0,0,free-music-archive,free-music-archive,Google;Stability AI,USED_BY
IKOS David Clifton with the choirs of Peterborough Cathedral,IKOS David Clifton with the choirs of Peterborough Cathedral,12564,12,12,0,0,0,free-music-archive,free-music-archive,Google;Stability AI,USED_BY
The Carrier Wave,The Carrier Wave,a418db60-07b9-47f4-89a3-7621f154b5ae,12,12,0,0,0,free-music-archive,free-music-archive,Google;Stability AI,USED_BY
The Maltese Falcons,The Maltese Falcons,0ea582cd-6800-41d1-ba94-df0484d1b121,13,13,0,0,0,free-music-archive,free-music-archive,Google;Stability AI,USED_BY
Los Vigilantes,Los Vigilantes,7c403c3d-c68e-4288-9fd1-8f041c62513a,12,12,0,0,0,free-music-archive,free-music-archive,Google;Stability AI,USED_BY
Bad Noids,Bad Noids,710e5e86-82ba-475a-a8bb-c12cdf3734e2,12,12,0,0,0,free-music-archive,free-music-archive,Google;Stability AI,USED_BY
Action Davis,Action Davis,13533,12,12,0,0,0,free-music-archive,free-music-archive,Google;Stability AI,USED_BY
Isle of Pine,Isle of Pine,13840,12,12,0,0,0,free-music-archive,free-music-archive,Google;Stability AI,USED_BY
Anthony & Substanshall,Anthony & Substanshall,13989,12,12,0,0,0,free-music-archive,free-music-archive,Google;Stability AI,USED_BY
Ant Neely,Ant Neely,c61290c3-a47d-4976-8877-19e101bb90f3,12,12,0,0,0,free-music-archive,free-music-archive,Google;Stability AI,USED_BY
Jazz at Mladost Club,Jazz at Mladost Club,14078,12,12,0,0,0,free-music-archive,free-music-archive,Google;Stability AI,USED_BY
Fhernando,Fhernando,8be28dd6-faa2-4063-9ec4-425a7db4487c,21,12,0,9,0,free-music-archive;sleeping-disco-9m,free-music-archive,Google;Stability AI,USED_BY
Howie & Ann Mitchell,Howie & Ann Mitchell,14166,12,12,0,0,0,free-music-archive,free-music-archive,Google;Stability AI,USED_BY
Dikes Of Holland,Dikes Of Holland,9464656e-fa90-4779-ae04-7535ed3028fc,14,14,0,0,0,free-music-archive,free-music-archive,Google;Stability AI,USED_BY
Musik Studio,Musik Studio,14286,12,12,0,0,0,free-music-archive,free-music-archive,Google;Stability AI,USED_BY
Sci-Fi Industries,Sci-Fi Industries,2d2f0046-6112-4193-b791-382285fc29c5,63,63,0,0,0,free-music-archive,free-music-archive,Google;Stability AI,USED_BY
Lisa Germano,Lisa Germano,b4cadc83-7307-4196-9f2f-29ebf1650045,145,12,103,30,0,free-music-archive;laion-disco-12m;sleeping-disco-9m,free-music-archive,Google;Stability AI,USED_BY
Guillaume Maupin,Guillaume Maupin,96fafa52-03bc-4ac0-b0e3-7f7d5bb75fc8,12,12,0,0,0,free-music-archive,free-music-archive,Google;Stability AI,USED_BY
Tri-Tachyon,Tri-Tachyon,c9825c65-1ff4-42d0-8bab-889ca36517d8,17,12,0,5,0,free-music-archive;sleeping-disco-9m,free-music-archive,Google;Stability AI,USED_BY
Will Bangs,Will Bangs,21226,12,12,0,0,0,free-music-archive,free-music-archive,Google;Stability AI,USED_BY
W.H.Y.,W.H.Y.,21320,12,12,0,0,0,free-music-archive,free-music-archive,Google;Stability AI,USED_BY
Early Sonic Belligeranza,Early Sonic Belligeranza,21541,12,12,0,0,0,free-music-archive,free-music-archive,Google;Stability AI,USED_BY
MADS,MADS,21592,12,12,0,0,0,free-music-archive,free-music-archive,Google;Stability AI,USED_BY
The Narrow Musketeer,The Narrow Musketeer,82b6bc2d-8095-47ce-8723-c48f6dc1a5db,12,12,0,0,0,free-music-archive,free-music-archive,Google;Stability AI,USED_BY
rui,rui,21748,13,12,1,0,0,free-music-archive;laion-disco-12m,free-music-archive,Google;Stability AI,USED_BY
The New Valleys,The New Valleys,21800,12,12,0,0,0,free-music-archive,free-music-archive,Google;Stability AI,USED_BY
Marcos H. Bolanos,Marcos H. Bolanos,0fd45d9c-115f-4b94-8b6f-3cedbc5a8915,24,12,0,12,0,free-music-archive;sleeping-disco-9m,free-music-archive,Google;Stability AI,USED_BY
Windmill,Windmill,21863,12,12,0,0,0,free-music-archive,free-music-archive,Google;Stability AI,USED_BY
Polvere in Cantina,Polvere in Cantina,22126,12,12,0,0,0,free-music-archive,free-music-archive,Google;Stability AI,USED_BY
Taulard,Taulard,0c90d8af-92d0-4cc5-bb25-543c65000fc2,16,12,0,4,0,free-music-archive;sleeping-disco-9m,free-music-archive,Google;Stability AI,USED_BY
Frédéric Gerchambeau,Frédéric Gerchambeau,4bffe389-78c4-435a-8ff3-bf2a3bb201a0,12,12,0,0,0,free-music-archive,free-music-archive,Google;Stability AI,USED_BY
Mike B. Fort,Mike B. Fort,21394,12,12,0,0,0,free-music-archive,free-music-archive,Google;Stability AI,USED_BY
William McColl,William McColl,d7d679cf-bbf5-46ca-990b-cf6a9f4bb419,12,12,0,0,0,free-music-archive,free-music-archive,Google;Stability AI,USED_BY
Protomartyr,Protomartyr,9efaf639-6332-44b8-94ae-c25896320ca7,142,12,89,40,1,free-music-archive;laion-disco-12m;sleeping-disco-9m;spotify-tracks-dataset,free-music-archive,Google;Stability AI,USED_BY
Cosmo,Cosmo,e0145f8b-6b96-4aaf-849b-093273e5ddf7,16,12,4,0,0,free-music-archive;laion-disco-12m,free-music-archive,Google;Stability AI,USED_BY
Portrayal,Portrayal,612863ea-9ded-4ec0-a450-d014ead82507,22,12,0,10,0,free-music-archive;sleeping-disco-9m,free-music-archive,Google;Stability AI,USED_BY
Eva Schlegel,Eva Schlegel,254f87e0-db11-4893-b397-0c3ef01f1732,12,12,0,0,0,free-music-archive,free-music-archive,Google;Stability AI,USED_BY
Harmoos,Harmoos,6f465c01-49cd-4525-884d-642201eec77a,12,12,0,0,0,free-music-archive,free-music-archive,Google;Stability AI,USED_BY
Deuxvolt,Deuxvolt,d03e2d5e-f2e5-4af1-8804-ff1e09f26601,19,12,0,7,0,free-music-archive;sleeping-disco-9m,free-music-archive,Google;Stability AI,USED_BY
Cityzens Were Here,Cityzens Were Here,23596,12,12,0,0,0,free-music-archive,free-music-archive,Google;Stability AI,USED_BY
2-L8,2-L8,0c4814eb-7116-45ab-93c0-a262b700cccc,12,12,0,0,0,free-music-archive,free-music-archive,Google;Stability AI,USED_BY
ASOTWL,ASOTWL,23653,12,12,0,0,0,free-music-archive,free-music-archive,Google;Stability AI,USED_BY
Los Cuanticos,Los Cuanticos,23715,12,12,0,0,0,free-music-archive,free-music-archive,Google;Stability AI,USED_BY
Nursery,Nursery,fd13c4bd-330e-48ed-910f-e5e198b4d3d5,12,12,0,0,0,free-music-archive,free-music-archive,Google;Stability AI,USED_BY
Siddhartha,Siddhartha,24088,12,12,0,0,0,free-music-archive,free-music-archive,Google;Stability AI,USED_BY
Mega Gem,Mega Gem,50802e1a-bdf7-454e-9936-f04183bea427,12,12,0,0,0,free-music-archive,free-music-archive,Google;Stability AI,USED_BY
Androvirus,Androvirus,e1572402-80a1-4d24-bfbb-ff54f0ba0da4,12,12,0,0,0,free-music-archive,free-music-archive,Google;Stability AI,USED_BY
BCBG,BCBG,17017,12,12,0,0,0,free-music-archive,free-music-archive,Google;Stability AI,USED_BY
Echo Chamber Rope Trick,Echo Chamber Rope Trick,22596,12,12,0,0,0,free-music-archive,free-music-archive,Google;Stability AI,USED_BY
Sioum,Sioum,b5c96132-23a0-4dfb-a85d-9c53df2ab2b7,25,12,0,13,0,free-music-archive;sleeping-disco-9m,free-music-archive,Google;Stability AI,USED_BY
Salome Lego Playset - Susanna Laterza - Kenji Siratori,Salome Lego Playset - Susanna Laterza - Kenji Siratori,22772,12,12,0,0,0,free-music-archive,free-music-archive,Google;Stability AI,USED_BY
The Freeharmonic Orchestra,The Freeharmonic Orchestra,585c6930-b73a-490a-b183-7503a4ed365f,12,12,0,0,0,free-music-archive,free-music-archive,Google;Stability AI,USED_BY
Twin Realities Dreamers,Twin Realities Dreamers,d135c8be-5ed6-433f-8b04-f2896028dd8c,12,12,0,0,0,free-music-archive,free-music-archive,Google;Stability AI,USED_BY
Milky-Chu,Milky-Chu,67a7003f-a80f-40cc-b0cf-f3bccfb54500,12,12,0,0,0,free-music-archive,free-music-archive,Google;Stability AI,USED_BY
Seiei Jack,Seiei Jack,9805552d-71c1-4a29-9253-510917a1a6d8,12,12,0,0,0,free-music-archive,free-music-archive,Google;Stability AI,USED_BY
Les Juanitos,Les Juanitos,7300dc24-7d56-4ffa-a907-c171aff0a8d3,34,34,0,0,0,free-music-archive,free-music-archive,Google;Stability AI,USED_BY
We're Late for Class,We're Late for Class,6922d0f6-b3f7-4ad9-9749-3c09d7b0a2a1,30,30,0,0,0,free-music-archive,free-music-archive,Google;Stability AI,USED_BY
Ergo Phizmiz & Friends,Ergo Phizmiz & Friends,6030,12,12,0,0,0,free-music-archive,free-music-archive,Google;Stability AI,USED_BY
Black Math,Black Math,aa64bc72-a812-4982-b3bf-d4dcbe380a96,12,12,0,0,0,free-music-archive,free-music-archive,Google;Stability AI,USED_BY
Kupa,Kupa,20f431e6-f926-4a41-9394-6ae0a7edcbee,12,12,0,0,0,free-music-archive,free-music-archive,Google;Stability AI,USED_BY
Sterling Basement,Sterling Basement,1276,12,12,0,0,0,free-music-archive,free-music-archive,Google;Stability AI,USED_BY
Hue Blanc's Joyless Ones,Hue Blanc's Joyless Ones,fd9d1d51-b8a2-4b1e-981c-416b2620d5e1,12,12,0,0,0,free-music-archive,free-music-archive,Google;Stability AI,USED_BY
Jacques MalChance,Jacques MalChance,e8acd272-47d1-4321-be23-e1635fa9a995,15,15,0,0,0,free-music-archive,free-music-archive,Google;Stability AI,USED_BY
ABQ,ABQ,7024,12,12,0,0,0,free-music-archive,free-music-archive,Google;Stability AI,USED_BY
Bare Wires,Bare Wires,11a42846-b84f-4b59-9a36-b3f9e9b071ff,13,12,0,1,0,free-music-archive;sleeping-disco-9m,free-music-archive,Google;Stability AI,USED_BY
Ergo Phizmiz And His Orchestra,Ergo Phizmiz And His Orchestra,8a0194ad-6b24-448b-a069-5e7baf2eb1dd,567,539,18,10,0,free-music-archive;laion-disco-12m;sleeping-disco-9m,free-music-archive,Google;Stability AI,USED_BY
Michael Wells,Michael Wells,4270f84d-d8e2-47c8-b388-1fc00c8a982e,12,12,0,0,0,free-music-archive,free-music-archive,Google;Stability AI,USED_BY
Exteenager,Exteenager,56196d6a-5780-4363-b165-9ca04c9275a0,22,22,0,0,0,free-music-archive,free-music-archive,Google;Stability AI,USED_BY
worriedaboutsatan,worriedaboutsatan,24360017-e8eb-4087-9577-40b871dcd04c,160,12,148,0,0,free-music-archive;laion-disco-12m,free-music-archive,Google;Stability AI,USED_BY
Coolrunnings,Coolrunnings,45a9e80c-e2ad-44a8-be8e-73e95cc2cad4,12,12,0,0,0,free-music-archive,free-music-archive,Google;Stability AI,USED_BY
Zeptosound,Zeptosound,8611,12,12,0,0,0,free-music-archive,free-music-archive,Google;Stability AI,USED_BY
Sibyll Kalff,Sibyll Kalff,8721,12,12,0,0,0,free-music-archive,free-music-archive,Google;Stability AI,USED_BY
Delgarma,Delgarma,6a9a02fe-f054-4776-8fb4-b3ebc44acebf,12,12,0,0,0,free-music-archive,free-music-archive,Google;Stability AI,USED_BY
Bardo Pond,Bardo Pond,2ad8bce1-8e55-48db-82ed-d98b52a3a13f,53,12,0,41,0,free-music-archive;sleeping-disco-9m,free-music-archive,Google;Stability AI,USED_BY
Slipper,Slipper,85e5fff9-8f03-46e4-81d1-bf64e1c87911,12,12,0,0,0,free-music-archive,free-music-archive,Google;Stability AI,USED_BY
Pierlooqup,Pierlooqup,1151650b-c7f5-4458-b161-9be955eb8cb3,12,12,0,0,0,free-music-archive,free-music-archive,Google;Stability AI,USED_BY
Maifersoni,Maifersoni,d835cee5-36f5-4e94-a484-a376bb802731,48,12,36,0,0,free-music-archive;laion-disco-12m,free-music-archive,Google;Stability AI,USED_BY
Non Dolet,Non Dolet,c056dc5d-b11a-4936-86a0-a969201fb141,12,12,0,0,0,free-music-archive,free-music-archive,Google;Stability AI,USED_BY
Gino Pertot,Gino Pertot,00eef314-2c54-4f4d-b5a2-35f38e88f2c4,12,12,0,0,0,free-music-archive,free-music-archive,Google;Stability AI,USED_BY
Yves Rakotomalala,Yves Rakotomalala,2c623d9f-9b96-447f-a290-1d1a2dbdfec5,12,12,0,0,0,free-music-archive,free-music-archive,Google;Stability AI,USED_BY
Art Boys Collection,Art Boys Collection,a0d43620-9181-46f7-97c1-f46e4e2c2264,13,12,0,1,0,free-music-archive;sleeping-disco-9m,free-music-archive,Google;Stability AI,USED_BY
stockfinster,stockfinster,7e26f777-0f70-45fc-a907-a2699d48d17c,12,12,0,0,0,free-music-archive,free-music-archive,Google;Stability AI,USED_BY
Sleepy Town Manufacture,Sleepy Town Manufacture,671715c6-46fe-46b8-8334-167b59b2bee3,12,12,0,0,0,free-music-archive,free-music-archive,Google;Stability AI,USED_BY
Rozsa has become... Madárka,Rozsa has become... Madárka,10188,12,12,0,0,0,free-music-archive,free-music-archive,Google;Stability AI,USED_BY
Mutamassik,Mutamassik,e4e78aad-ea4c-4808-a7ba-a595ed52fb2a,13,13,0,0,0,free-music-archive,free-music-archive,Google;Stability AI,USED_BY
The A-Bones,The A-Bones,3b1d9c1d-8107-4e75-aa1f-2e27d05e5647,12,12,0,0,0,free-music-archive,free-music-archive,Google;Stability AI,USED_BY
Braille,Braille,80b5572d-a2b4-4cdc-b8e1-ea0000947728,12,12,0,0,0,free-music-archive,free-music-archive,Google;Stability AI,USED_BY
As Seen On TV,As Seen On TV,9820,12,12,0,0,0,free-music-archive,free-music-archive,Google;Stability AI,USED_BY
Buk Buk Bigups,Buk Buk Bigups,10198,12,12,0,0,0,free-music-archive,free-music-archive,Google;Stability AI,USED_BY
SousLePont,SousLePont,7453d73a-658d-44ba-b754-339a7fa0db4c,12,12,0,0,0,free-music-archive,free-music-archive,Google;Stability AI,USED_BY
The Needy Visions,The Needy Visions,ae52ec59-9128-4c2a-b6fa-dbc3064ae1a3,12,12,0,0,0,free-music-archive,free-music-archive,Google;Stability AI,USED_BY
Criadero en Seres,Criadero en Seres,5558fca8-3a74-4292-964e-4b3c9d5e2020,12,12,0,0,0,free-music-archive,free-music-archive,Google;Stability AI,USED_BY
Sypha Nadon,Sypha Nadon,05d62409-5a5d-471b-be22-6d5e687791eb,12,12,0,0,0,free-music-archive,free-music-archive,Google;Stability AI,USED_BY
Kalistongue,Kalistongue,edb1e8e6-7f04-4d61-990d-ae8aa4b60bb8,12,12,0,0,0,free-music-archive,free-music-archive,Google;Stability AI,USED_BY
Caught Ship,Caught Ship,4b9794af-7c3d-468b-989c-9eeda1338d5a,12,12,0,0,0,free-music-archive,free-music-archive,Google;Stability AI,USED_BY
Doppelskangers,Doppelskangers,d222f4ee-5d65-435f-ab7e-5eeec5236dba,12,12,0,0,0,free-music-archive,free-music-archive,Google;Stability AI,USED_BY
Dave Keifer,Dave Keifer,9f0d44e7-cefe-4192-99ba-d9672de6eb3a,12,12,0,0,0,free-music-archive,free-music-archive,Google;Stability AI,USED_BY
Ardleg,Ardleg,85c630bf-f8e5-484c-8900-c21527258479,17,17,0,0,0,free-music-archive,free-music-archive,Google;Stability AI,USED_BY
Daan Hendriks,Daan Hendriks,accd207e-82d2-4018-b607-f8a2da78c484,12,12,0,0,0,free-music-archive,free-music-archive,Google;Stability AI,USED_BY
1 Riche Kannibal,1 Riche Kannibal,eb99a759-d7ad-4f22-b678-710e29cffb00,12,12,0,0,0,free-music-archive,free-music-archive,Google;Stability AI,USED_BY
MC PATATE,MC PATATE,56a7090f-645a-45ff-841e-3c7ce9884040,12,12,0,0,0,free-music-archive,free-music-archive,Google;Stability AI,USED_BY
The Tom & Marty Band,The Tom & Marty Band,519720dd-22a4-4657-aa52-99fc7ac489e8,12,12,0,0,0,free-music-archive,free-music-archive,Google;Stability AI,USED_BY
Two Prong,Two Prong,84ffd5b6-5be4-4b57-bed9-6d5919fd19aa,12,12,0,0,0,free-music-archive,free-music-archive,Google;Stability AI,USED_BY
GriefBirds,GriefBirds,7950,12,12,0,0,0,free-music-archive,free-music-archive,Google;Stability AI,USED_BY
bidibop,bidibop,66cf22dd-5481-4f89-9c81-910fc284c172,12,12,0,0,0,free-music-archive,free-music-archive,Google;Stability AI,USED_BY
The Black Hollies,The Black Hollies,61f8b5ab-4dac-44d9-b047-9363516d519b,12,12,0,0,0,free-music-archive,free-music-archive,Google;Stability AI,USED_BY
Tricky Diesel,Tricky Diesel,15323,12,12,0,0,0,free-music-archive,free-music-archive,Google;Stability AI,USED_BY
Hollow Press,Hollow Press,062799c1-a341-420d-bcfc-fd599c4d8c90,12,12,0,0,0,free-music-archive,free-music-archive,Google;Stability AI,USED_BY
Octagrape,Octagrape,ead45e07-65ed-45be-886d-b5d7edb3b825,12,12,0,0,0,free-music-archive,free-music-archive,Google;Stability AI,USED_BY
María Pien,María Pien,ad907713-a968-4306-9013-1d69a086437d,13,12,0,1,0,free-music-archive;sleeping-disco-9m,free-music-archive,Google;Stability AI,USED_BY
Yoshiwaku,Yoshiwaku,f0cc6cf8-b4d5-4b73-8427-838da7e67d84,12,12,0,0,0,free-music-archive,free-music-archive,Google;Stability AI,USED_BY
David Amber,David Amber,d773905c-f1db-4888-8a84-49fae1b34d94,24,11,12,1,0,free-music-archive;laion-disco-12m;sleeping-disco-9m,free-music-archive,Google;Stability AI,USED_BY
Appetite,Appetite,19cfa954-4aa0-4f8f-a928-0baa43b730d5,31,11,0,20,0,free-music-archive;sleeping-disco-9m,free-music-archive,Google;Stability AI,USED_BY
Ric Royer & G Lucas Crane,Ric Royer & G Lucas Crane,5496,11,11,0,0,0,free-music-archive,free-music-archive,Google;Stability AI,USED_BY
Arrogalla,Arrogalla,fdf82862-4165-45d4-a865-5ad478a6fff3,11,11,0,0,0,free-music-archive,free-music-archive,Google;Stability AI,USED_BY
Sephirot,Sephirot,5797,11,11,0,0,0,free-music-archive,free-music-archive,Google;Stability AI,USED_BY
I Feel Tractor,I Feel Tractor,a75e686a-1b46-4ab1-80a5-40760c96d39c,11,11,0,0,0,free-music-archive,free-music-archive,Google;Stability AI,USED_BY
C. Spencer Yeh,C. Spencer Yeh,84b5ea03-de9a-4aec-9581-306ac8bbabb2,12,11,0,1,0,free-music-archive;sleeping-disco-9m,free-music-archive,Google;Stability AI,USED_BY
Deano Merino,Deano Merino,2292,11,11,0,0,0,free-music-archive,free-music-archive,Google;Stability AI,USED_BY
Cinwaves,Cinwaves,105,11,11,0,0,0,free-music-archive,free-music-archive,Google;Stability AI,USED_BY
Kevin Shields,Kevin Shields,7222d43e-a3b7-4bc8-904b-2fa162dc9721,34,11,22,1,0,free-music-archive;laion-disco-12m;sleeping-disco-9m,free-music-archive,Google;Stability AI,USED_BY
Rainbro,Rainbro,249,11,11,0,0,0,free-music-archive,free-music-archive,Google;Stability AI,USED_BY
Ric Royer,Ric Royer,252,11,11,0,0,0,free-music-archive,free-music-archive,Google;Stability AI,USED_BY
Romak and the Space Pirates,Romak and the Space Pirates,0d8aa0f0-88d0-41f9-882f-a2e0a5557549,23,11,0,12,0,free-music-archive;sleeping-disco-9m,free-music-archive,Google;Stability AI,USED_BY
Teeth Mountain,Teeth Mountain,3ca5e608-2636-4e00-9bb0-f64a69eb5a54,11,11,0,0,0,free-music-archive,free-music-archive,Google;Stability AI,USED_BY
Big Digits,Big Digits,fe9827c5-0624-4663-b078-b7217d42cb28,11,11,0,0,0,free-music-archive,free-music-archive,Google;Stability AI,USED_BY
Citay,Citay,602d267b-56ef-47f0-9852-1a3eef7c1fe7,11,11,0,0,0,free-music-archive,free-music-archive,Google;Stability AI,USED_BY
Kelley Stoltz,Kelley Stoltz,c4c8675e-f8dc-4313-b430-8fbc83d8aafc,27,11,0,16,0,free-music-archive;sleeping-disco-9m,free-music-archive,Google;Stability AI,USED_BY
Miss Derringer,Miss Derringer,783d0478-b29c-409c-8ac3-0db911dd9a72,16,11,0,5,0,free-music-archive;sleeping-disco-9m,free-music-archive,Google;Stability AI,USED_BY
Silver Jews,Silver Jews,1bc2d696-c0e2-480d-87ed-17b2a82d7983,137,11,81,45,0,free-music-archive;laion-disco-12m;sleeping-disco-9m,free-music-archive,Google;Stability AI,USED_BY
Twi the Humble Feather,Twi the Humble Feather,e352845e-470d-48d1-a188-90f737416696,11,11,0,0,0,free-music-archive,free-music-archive,Google;Stability AI,USED_BY
Half Japanese,Half Japanese,18dc6bd7-9caa-4c2d-a2fc-e9546ebda6a4,42,13,0,29,0,free-music-archive;sleeping-disco-9m,free-music-archive,Google;Stability AI,USED_BY
Schocholautte,Schocholautte,c87df42e-8fd7-42c6-8ab7-1e21d97e3111,11,11,0,0,0,free-music-archive,free-music-archive,Google;Stability AI,USED_BY
The Brian Jonestown Massacre,The Brian Jonestown Massacre,381e8434-109a-439c-8acc-5d328359f2e0,219,11,146,61,1,free-music-archive;laion-disco-12m;sleeping-disco-9m;spotify-tracks-dataset,free-music-archive,Google;Stability AI,USED_BY
Ugh God,Ugh God,1794,11,11,0,0,0,free-music-archive,free-music-archive,Google;Stability AI,USED_BY
Suicidal Rap Orgy,Suicidal Rap Orgy,d38c1e5c-34f4-4780-802f-7b6b947f4e77,35,11,0,24,0,free-music-archive;sleeping-disco-9m,free-music-archive,Google;Stability AI,USED_BY
Elliott Sharp,Elliott Sharp,bfa8a730-cabc-443b-b79b-012b63bb1c41,46,11,35,0,0,free-music-archive;laion-disco-12m,free-music-archive,Google;Stability AI,USED_BY
Thee Contortionists vs. Jeff McLeod,Thee Contortionists vs. Jeff McLeod,39227a47-349a-4a04-8d20-09d95bc241d6,11,11,0,0,0,free-music-archive,free-music-archive,Google;Stability AI,USED_BY
Aidan Baker,Aidan Baker,eea85c38-427d-438a-8c59-6036e1c05d0e,37,12,12,13,0,free-music-archive;laion-disco-12m;sleeping-disco-9m,free-music-archive,Google;Stability AI,USED_BY
Cyclone 60,Cyclone 60,4470d5bb-a060-4387-adf5-7a4f9f1af3da,11,11,0,0,0,free-music-archive,free-music-archive,Google;Stability AI,USED_BY
Klaz*,Klaz*,d6d48b83-fee9-499c-8365-2bafa4716177,11,11,0,0,0,free-music-archive,free-music-archive,Google;Stability AI,USED_BY
guitarrorisms,guitarrorisms,4193,11,11,0,0,0,free-music-archive,free-music-archive,Google;Stability AI,USED_BY
Jeremy Jay,Jeremy Jay,34f8701a-24ef-48d6-a130-61149d04530d,22,11,0,11,0,free-music-archive;sleeping-disco-9m,free-music-archive,Google;Stability AI,USED_BY
Pineresin,Pineresin,da45f442-5543-41e9-8120-e5a68b7527e7,11,11,0,0,0,free-music-archive,free-music-archive,Google;Stability AI,USED_BY
Chico Correa & Electronic Band,Chico Correa & Electronic Band,b109bf81-1ee3-4cdb-bab0-5f6c93502b43,12,12,0,0,0,free-music-archive,free-music-archive,Google;Stability AI,USED_BY
Zack Kouns,Zack Kouns,1d54a5e9-60be-44c9-9e8f-c86558f07a4b,11,11,0,0,0,free-music-archive,free-music-archive,Google;Stability AI,USED_BY
Alash Ensemble,Alash Ensemble,4799,11,11,0,0,0,free-music-archive,free-music-archive,Google;Stability AI,USED_BY
The Pink Noise,The Pink Noise,4782,11,11,0,0,0,free-music-archive,free-music-archive,Google;Stability AI,USED_BY
Computer Jesus Refrigerator,Computer Jesus Refrigerator,3d8724ef-5526-43c4-b4d8-88d1d1d165f1,11,11,0,0,0,free-music-archive,free-music-archive,Google;Stability AI,USED_BY
Devolver,Devolver,5060,11,11,0,0,0,free-music-archive,free-music-archive,Google;Stability AI,USED_BY
Amy Annelle,Amy Annelle,a8039efc-dbf3-4bc9-9231-e595c0f699d0,137,11,90,36,0,free-music-archive;laion-disco-12m;sleeping-disco-9m,free-music-archive,Google;Stability AI,USED_BY
Receptors,Receptors,ec4344ea-caf4-431a-a177-a4e5e8c2b0b4,11,11,0,0,0,free-music-archive,free-music-archive,Google;Stability AI,USED_BY
Deerhunter,Deerhunter,4f416ed7-dda2-45de-a6f1-b986e861cf4b,191,11,92,87,1,free-music-archive;laion-disco-12m;sleeping-disco-9m;spotify-tracks-dataset,free-music-archive,Google;Stability AI,USED_BY
NOW,NOW,5274,11,11,0,0,0,free-music-archive,free-music-archive,Google;Stability AI,USED_BY
Heroin UK,Heroin UK,158,11,11,0,0,0,free-music-archive,free-music-archive,Google;Stability AI,USED_BY
Psychedelic Horseshit,Psychedelic Horseshit,ff3c5095-fcfe-4596-b777-eafaa9713b52,12,11,0,1,0,free-music-archive;sleeping-disco-9m,free-music-archive,Google;Stability AI,USED_BY
Razor Bois,Razor Bois,e729d22d-1f31-43d1-b6da-c9ef8cc601e8,11,11,0,0,0,free-music-archive,free-music-archive,Google;Stability AI,USED_BY
Rice屎Corpse,Rice屎Corpse,cf090aa3-5f44-4acd-8c30-fecd3397844e,11,11,0,0,0,free-music-archive,free-music-archive,Google;Stability AI,USED_BY
Thee Moths,Thee Moths,640ecfe7-9a50-4e18-a245-8e4343c4dbdd,11,11,0,0,0,free-music-archive,free-music-archive,Google;Stability AI,USED_BY
Sebastien Duclos,Sebastien Duclos,4d4bd319-0b2e-4c65-bb2a-ff92482dc4ce,11,11,0,0,0,free-music-archive,free-music-archive,Google;Stability AI,USED_BY
Peeled Hearts Paste,Peeled Hearts Paste,6101c3c5-814f-4481-8cc5-b5f9489a9f91,23,11,0,12,0,free-music-archive;sleeping-disco-9m,free-music-archive,Google;Stability AI,USED_BY
Abunai!,Abunai!,84fae2cf-49d8-4c2b-b00b-9accba69425e,11,11,0,0,0,free-music-archive,free-music-archive,Google;Stability AI,USED_BY
After Party,After Party,4483,11,11,0,0,0,free-music-archive,free-music-archive,Google;Stability AI,USED_BY
Dan Melchior's Broke Revue,Dan Melchior's Broke Revue,618dd5cc-4260-4f47-a1d5-db1d78d31de8,11,11,0,0,0,free-music-archive,free-music-archive,Google;Stability AI,USED_BY
ETHX,ETHX,4bd30930-4018-4d1e-8165-dc4cd3aa9b8e,11,11,0,0,0,free-music-archive,free-music-archive,Google;Stability AI,USED_BY
Ménage Quad,Ménage Quad,076e637f-6a7e-4ed2-bf40-7f3da7c20c11,11,11,0,0,0,free-music-archive,free-music-archive,Google;Stability AI,USED_BY
Spirit Duplicator,Spirit Duplicator,6d3423ea-1c1b-452e-a933-35e6124d441e,11,11,0,0,0,free-music-archive,free-music-archive,Google;Stability AI,USED_BY
Marco Kalnenek,Marco Kalnenek,16ad29eb-a938-4dd5-b098-f0fc21430a63,11,11,0,0,0,free-music-archive,free-music-archive,Google;Stability AI,USED_BY
Het Gloren,Het Gloren,28498b51-4a98-40dd-83a5-0d497d82d15d,11,11,0,0,0,free-music-archive,free-music-archive,Google;Stability AI,USED_BY
Karen Stackpole,Karen Stackpole,2db4dfc2-e19f-4760-b798-84f6312b5dc5,11,11,0,0,0,free-music-archive,free-music-archive,Google;Stability AI,USED_BY
YACHT,YACHT,f6a0a03f-3b2f-4d3a-b4b4-34ca4ce7f3cb,213,11,137,65,0,free-music-archive;laion-disco-12m;sleeping-disco-9m,free-music-archive,Google;Stability AI,USED_BY
Sick To The Back Teeth,Sick To The Back Teeth,0a0b0cc1-283d-4b7a-b179-e22089d57b60,89,69,0,20,0,free-music-archive;sleeping-disco-9m,free-music-archive,Google;Stability AI,USED_BY
adcBicycle,adcBicycle,89901aba-ab99-4237-a4a5-6201e2c59968,11,11,0,0,0,free-music-archive,free-music-archive,Google;Stability AI,USED_BY
MMO,MMO,17908,11,11,0,0,0,free-music-archive,free-music-archive,Google;Stability AI,USED_BY
ROW,ROW,17966,11,11,0,0,0,free-music-archive,free-music-archive,Google;Stability AI,USED_BY
Kings of the City,Kings of the City,885ff2a5-4ca9-46ae-815a-00fd571e6804,119,12,77,30,0,free-music-archive;laion-disco-12m;sleeping-disco-9m,free-music-archive,Google;Stability AI,USED_BY
Flagland,Flagland,2b9272c7-cc73-4785-9a83-25a41d9dcd10,11,11,0,0,0,free-music-archive,free-music-archive,Google;Stability AI,USED_BY
Kakurenbo,Kakurenbo,16743,11,11,0,0,0,free-music-archive,free-music-archive,Google;Stability AI,USED_BY
Cachexy,Cachexy,17249,11,11,0,0,0,free-music-archive,free-music-archive,Google;Stability AI,USED_BY
Ramsden,Ramsden,18279,11,11,0,0,0,free-music-archive,free-music-archive,Google;Stability AI,USED_BY
2ndMOUSE,2ndMOUSE,643e184e-7f4f-44f4-a70f-818e57e2fc8f,11,11,0,0,0,free-music-archive,free-music-archive,Google;Stability AI,USED_BY
Deltason,Deltason,33c599f2-037b-4978-b140-3468ef8d485c,11,11,0,0,0,free-music-archive,free-music-archive,Google;Stability AI,USED_BY
Gilo,Gilo,63967fab-1b54-46c8-a875-c53418988ffd,11,11,0,0,0,free-music-archive,free-music-archive,Google;Stability AI,USED_BY
Chris Lynn,Chris Lynn,a6036f69-1992-4bb8-b849-bce373b50626,12,11,0,1,0,free-music-archive;sleeping-disco-9m,free-music-archive,Google;Stability AI,USED_BY
Jamison Williams,Jamison Williams,186f66f8-0494-4f0a-98fd-e73a401e6af8,11,11,0,0,0,free-music-archive,free-music-archive,Google;Stability AI,USED_BY
Metastaz,Metastaz,18981,11,11,0,0,0,free-music-archive,free-music-archive,Google;Stability AI,USED_BY
Debby Schwartz,Debby Schwartz,931ec71e-6d8e-4812-8e60-590a03b98de2,11,11,0,0,0,free-music-archive,free-music-archive,Google;Stability AI,USED_BY
Scroach,Scroach,19161,11,11,0,0,0,free-music-archive,free-music-archive,Google;Stability AI,USED_BY
Gal Pals,Gal Pals,45f6a3ab-b037-46bd-af9b-78b4fa092fe6,12,12,0,0,0,free-music-archive,free-music-archive,Google;Stability AI,USED_BY
M.J S.K M.M J.D,M.J S.K M.M J.D,19278,11,11,0,0,0,free-music-archive,free-music-archive,Google;Stability AI,USED_BY
dave gabriel,dave gabriel,19348,11,11,0,0,0,free-music-archive,free-music-archive,Google;Stability AI,USED_BY
Tarred Brigade,Tarred Brigade,8413,11,11,0,0,0,free-music-archive,free-music-archive,Google;Stability AI,USED_BY
Johnny Weltraum,Johnny Weltraum,f4c10b4c-f9ad-4215-ae5a-640d8e7cfa2e,12,11,0,1,0,free-music-archive;sleeping-disco-9m,free-music-archive,Google;Stability AI,USED_BY
Bit Laden,Bit Laden,19382,11,11,0,0,0,free-music-archive,free-music-archive,Google;Stability AI,USED_BY
Track Jackit,Track Jackit,19480,11,11,0,0,0,free-music-archive,free-music-archive,Google;Stability AI,USED_BY
Jimmie Oder,Jimmie Oder,19517,11,11,0,0,0,free-music-archive,free-music-archive,Google;Stability AI,USED_BY
10ksqft Werehaus,10ksqft Werehaus,19755,11,11,0,0,0,free-music-archive,free-music-archive,Google;Stability AI,USED_BY
Cityscape,Cityscape,19837,11,11,0,0,0,free-music-archive,free-music-archive,Google;Stability AI,USED_BY
Smurd,Smurd,0a4d3b76-5b1f-4e2b-a330-6a3df2bdf84a,11,11,0,0,0,free-music-archive,free-music-archive,Google;Stability AI,USED_BY
Bureaucratique,Bureaucratique,20081,11,11,0,0,0,free-music-archive,free-music-archive,Google;Stability AI,USED_BY
Lady Bombon,Lady Bombon,bdfde565-aa86-48d8-9661-419fa021a054,11,11,0,0,0,free-music-archive,free-music-archive,Google;Stability AI,USED_BY
Gigaboy,Gigaboy,8643f96d-4770-463a-aa69-1f7a0b5d7e03,11,11,0,0,0,free-music-archive,free-music-archive,Google;Stability AI,USED_BY
Dr RemiX,Dr RemiX,39495a76-2cc4-4cbf-a6e0-adf94d9e832f,12,12,0,0,0,free-music-archive,free-music-archive,Google;Stability AI,USED_BY
Gazprom,Gazprom,20355,11,11,0,0,0,free-music-archive,free-music-archive,Google;Stability AI,USED_BY
G.,G.,c90d8739-6b68-4502-a3da-3cad8b301485,11,11,0,0,0,free-music-archive,free-music-archive,Google;Stability AI,USED_BY
Mesmerists,Mesmerists,f526f4f9-34cd-4563-99dc-ee1d92fc06b7,11,11,0,0,0,free-music-archive,free-music-archive,Google;Stability AI,USED_BY
Go-qualia,Go-qualia,1186105b-723e-4ce3-8442-5d79696c4e4e,13,11,1,0,1,free-music-archive;laion-disco-12m;spotify-tracks-dataset,free-music-archive,Google;Stability AI,USED_BY
owlface,owlface,9713,11,11,0,0,0,free-music-archive,free-music-archive,Google;Stability AI,USED_BY
Black Bones,Black Bones,4589740b-cb4e-4725-95c5-1190ed292d43,11,11,0,0,0,free-music-archive,free-music-archive,Google;Stability AI,USED_BY
Oferta Especial,Oferta Especial,c53e6ce8-40ce-4cdf-ace3-0384de279693,15,11,4,0,0,free-music-archive;laion-disco-12m,free-music-archive,Google;Stability AI,USED_BY
Piętnastka,Piętnastka,936c69ed-a1cf-4bca-b0ba-f075268ceab6,11,11,0,0,0,free-music-archive,free-music-archive,Google;Stability AI,USED_BY
Warm Soda,Warm Soda,b364e69d-12af-485e-b609-696810f6f625,15,11,0,4,0,free-music-archive;sleeping-disco-9m,free-music-archive,Google;Stability AI,USED_BY
htrspltn,htrspltn,feca0419-1d48-465f-9401-7bdd4e1862be,12,12,0,0,0,free-music-archive,free-music-archive,Google;Stability AI,USED_BY
Paco Alvarez,Paco Alvarez,74562806-67b5-41c4-b7e5-cbddc2f10403,11,11,0,0,0,free-music-archive,free-music-archive,Google;Stability AI,USED_BY
Molecul,Molecul,2a080786-2614-4c02-bf8f-70d74fb85b8d,11,11,0,0,0,free-music-archive,free-music-archive,Google;Stability AI,USED_BY
Nick Kuepfer,Nick Kuepfer,11832,11,11,0,0,0,free-music-archive,free-music-archive,Google;Stability AI,USED_BY
Lance Mannion Orchestra,Lance Mannion Orchestra,15266,11,11,0,0,0,free-music-archive,free-music-archive,Google;Stability AI,USED_BY
Jett Brando,Jett Brando,55f50f97-2474-4902-ab3b-938b65f0a756,11,11,0,0,0,free-music-archive,free-music-archive,Google;Stability AI,USED_BY
Chad Crouch,Chad Crouch,a78cea1f-203e-46d2-ab60-73babcea4100,32,11,0,21,0,free-music-archive;sleeping-disco-9m,free-music-archive,Google;Stability AI,USED_BY
shitbird,shitbird,64356513-29d6-4bc6-bb06-4c44f5cfb166,11,11,0,0,0,free-music-archive,free-music-archive,Google;Stability AI,USED_BY
BLEO,BLEO,049e5343-17d5-4c71-879f-61f70a76a091,12,12,0,0,0,free-music-archive,free-music-archive,Google;Stability AI,USED_BY
Ill Papa Giraffe,Ill Papa Giraffe,ecbc129f-b629-4090-a425-0ba402c2b759,11,11,0,0,0,free-music-archive,free-music-archive,Google;Stability AI,USED_BY
The U.S. Army Blues,The U.S. Army Blues,675b8542-1c32-49ee-846f-04ddfa121a7e,12,11,0,1,0,free-music-archive;sleeping-disco-9m,free-music-archive,Google;Stability AI,USED_BY
Damage it,Damage it,15770,11,11,0,0,0,free-music-archive,free-music-archive,Google;Stability AI,USED_BY
Bruce Hart,Bruce Hart,015cf225-d561-461c-b89c-3c0ca4cb87cb,11,11,0,0,0,free-music-archive,free-music-archive,Google;Stability AI,USED_BY
C.H.E.R.N.O.B.Y.L.,C.H.E.R.N.O.B.Y.L.,16056,11,11,0,0,0,free-music-archive,free-music-archive,Google;Stability AI,USED_BY
Rodd Keith,Rodd Keith,c9f32c78-85eb-405d-9fd7-f59801497737,20,11,0,9,0,free-music-archive;sleeping-disco-9m,free-music-archive,Google;Stability AI,USED_BY
Le Perche Oreille,Le Perche Oreille,a9520457-7672-435e-82d4-94257ac60bdc,11,11,0,0,0,free-music-archive,free-music-archive,Google;Stability AI,USED_BY
Laura Stevenson and The Cans,Laura Stevenson and The Cans,10c95300-8405-4754-920f-03a177119c52,28,12,0,16,0,free-music-archive;sleeping-disco-9m,free-music-archive,Google;Stability AI,USED_BY
FIGURATIVE THEATRE,FIGURATIVE THEATRE,cda56d54-a65e-4ec2-bcd9-786199d80b43,76,76,0,0,0,free-music-archive,free-music-archive,Google;Stability AI,USED_BY
Personal,Personal,16575,11,11,0,0,0,free-music-archive,free-music-archive,Google;Stability AI,USED_BY
Everywhere Kingdom,Everywhere Kingdom,16577,11,11,0,0,0,free-music-archive,free-music-archive,Google;Stability AI,USED_BY
Muhmood,Muhmood,aa8aedea-0818-4e27-971e-e74a6100ad56,11,11,0,0,0,free-music-archive,free-music-archive,Google;Stability AI,USED_BY
Willbe,Willbe,03f60609-cc79-4e23-8393-0716e2644773,11,11,0,0,0,free-music-archive,free-music-archive,Google;Stability AI,USED_BY
Corporate Control,Corporate Control,16829,11,11,0,0,0,free-music-archive,free-music-archive,Google;Stability AI,USED_BY
Chevo Légé,Chevo Légé,5acb7d05-60dd-4b48-a551-60d2ef09fbc6,13,13,0,0,0,free-music-archive,free-music-archive,Google;Stability AI,USED_BY
The Conquering Light Of Flora And Fauna,The Conquering Light Of Flora And Fauna,16983,11,11,0,0,0,free-music-archive,free-music-archive,Google;Stability AI,USED_BY
Fields of Ohio,Fields of Ohio,99daf93f-86d3-4060-877a-c808a370f279,72,72,0,0,0,free-music-archive,free-music-archive,Google;Stability AI,USED_BY
Aislinn,Aislinn,17040,11,11,0,0,0,free-music-archive,free-music-archive,Google;Stability AI,USED_BY
Gablé,Gablé,10480,11,11,0,0,0,free-music-archive,free-music-archive,Google;Stability AI,USED_BY
DJ Spooky,DJ Spooky,c8dbbadb-f5f1-449c-8827-43d00a73fe89,178,11,152,14,1,free-music-archive;laion-disco-12m;sleeping-disco-9m;spotify-tracks-dataset,free-music-archive,Google;Stability AI,USED_BY
Modersohn-Becker,Modersohn-Becker,17251,11,11,0,0,0,free-music-archive,free-music-archive,Google;Stability AI,USED_BY
Pony Time,Pony Time,5348a6fd-b778-4d2c-b822-107b717c2ca3,11,11,0,0,0,free-music-archive,free-music-archive,Google;Stability AI,USED_BY
Metalleg,Metalleg,9f2ef752-4e81-400b-9a1f-25986ac44f10,11,11,0,0,0,free-music-archive,free-music-archive,Google;Stability AI,USED_BY
Pupil,Pupil,2212158e-670d-40cd-89ef-dd90277127fe,11,11,0,0,0,free-music-archive,free-music-archive,Google;Stability AI,USED_BY
Steinzeit,Steinzeit,c6000e08-518a-470c-88a0-a2770d035d5b,11,11,0,0,0,free-music-archive,free-music-archive,Google;Stability AI,USED_BY
Bitwise Operator,Bitwise Operator,17543,11,11,0,0,0,free-music-archive,free-music-archive,Google;Stability AI,USED_BY
c4,c4,9565,11,11,0,0,0,free-music-archive,free-music-archive,Google;Stability AI,USED_BY
Jacuzzi Boys,Jacuzzi Boys,022a372c-a83b-4ce3-8717-990caade5753,137,11,106,20,0,free-music-archive;laion-disco-12m;sleeping-disco-9m,free-music-archive,Google;Stability AI,USED_BY
Ventre de biche,Ventre de biche,559642a5-6af5-47c3-9eb7-6b80a4909f97,31,24,0,7,0,free-music-archive;sleeping-disco-9m,free-music-archive,Google;Stability AI,USED_BY
Rocketship Park,Rocketship Park,3419c8b3-d4ec-4fb0-94a5-beb0acb762c1,11,11,0,0,0,free-music-archive,free-music-archive,Google;Stability AI,USED_BY
RushJet1,RushJet1,2ef28315-3d96-4d12-b194-7436d559e9d9,38,11,0,27,0,free-music-archive;sleeping-disco-9m,free-music-archive,Google;Stability AI,USED_BY
6 or 7,6 or 7,8506,11,11,0,0,0,free-music-archive,free-music-archive,Google;Stability AI,USED_BY
The Meaner,The Meaner,11135,11,11,0,0,0,free-music-archive,free-music-archive,Google;Stability AI,USED_BY
Mr Ascofi,Mr Ascofi,11589,11,11,0,0,0,free-music-archive,free-music-archive,Google;Stability AI,USED_BY
Manudub,Manudub,6cd44cab-8fd3-4765-87c5-b8edb907ef7e,11,11,0,0,0,free-music-archive,free-music-archive,Google;Stability AI,USED_BY
Jaap Blonk & Splinks,Jaap Blonk & Splinks,11642,11,11,0,0,0,free-music-archive,free-music-archive,Google;Stability AI,USED_BY
The Wrong Words,The Wrong Words,11744,11,11,0,0,0,free-music-archive,free-music-archive,Google;Stability AI,USED_BY
Crete Boom,Crete Boom,c32dc046-79b4-4fea-9f8c-9f63227eca1a,11,11,0,0,0,free-music-archive,free-music-archive,Google;Stability AI,USED_BY
Notekillers,Notekillers,918f10ff-7cdf-4c9c-935b-634dbac51497,11,11,0,0,0,free-music-archive,free-music-archive,Google;Stability AI,USED_BY
Corty,Corty,d34fb8c9-5f83-4fe7-ac26-1af45e29fb9a,11,11,0,0,0,free-music-archive,free-music-archive,Google;Stability AI,USED_BY
Gringo Star,Gringo Star,a6731246-1cc5-43fd-a474-a0a9130aafb7,42,11,14,17,0,free-music-archive;laion-disco-12m;sleeping-disco-9m,free-music-archive,Google;Stability AI,USED_BY
Archipelago,Archipelago,90428fc7-a55c-4c3f-9bb9-d71860f5b3cc,11,11,0,0,0,free-music-archive,free-music-archive,Google;Stability AI,USED_BY
Slaveya Women's Vocal Ensemble,Slaveya Women's Vocal Ensemble,12844,11,11,0,0,0,free-music-archive,free-music-archive,Google;Stability AI,USED_BY
IYAXIA,IYAXIA,12908,11,11,0,0,0,free-music-archive,free-music-archive,Google;Stability AI,USED_BY
Eastern Watershed Klezmer Quartet,Eastern Watershed Klezmer Quartet,10174,11,11,0,0,0,free-music-archive,free-music-archive,Google;Stability AI,USED_BY
Ed Saad,Ed Saad,13158,11,11,0,0,0,free-music-archive,free-music-archive,Google;Stability AI,USED_BY
Armageddon Gospel Revival,Armageddon Gospel Revival,13198,11,11,0,0,0,free-music-archive,free-music-archive,Google;Stability AI,USED_BY
Dynomite Cat,Dynomite Cat,13268,11,11,0,0,0,free-music-archive,free-music-archive,Google;Stability AI,USED_BY
Pitchman,Pitchman,714cbb12-0a13-4e80-a1b4-d874fca8af4a,11,11,0,0,0,free-music-archive,free-music-archive,Google;Stability AI,USED_BY
SunWalker,SunWalker,b7f7f276-faa4-4f51-9226-975d8606f8d6,11,11,0,0,0,free-music-archive,free-music-archive,Google;Stability AI,USED_BY
I Was A Teenage Strangler Soundtrack,I Was A Teenage Strangler Soundtrack,13346,11,11,0,0,0,free-music-archive,free-music-archive,Google;Stability AI,USED_BY
Hi-FI & failles,Hi-FI & failles,13389,11,11,0,0,0,free-music-archive,free-music-archive,Google;Stability AI,USED_BY
Jaws vs Paws,Jaws vs Paws,13419,11,11,0,0,0,free-music-archive,free-music-archive,Google;Stability AI,USED_BY
Kevin Kastning,Kevin Kastning,8106e862-e02b-49fd-bbe8-9022343f20d6,11,11,0,0,0,free-music-archive,free-music-archive,Google;Stability AI,USED_BY
Rations,Rations,bec19180-eb65-4323-8f79-5794f9610b15,11,11,0,0,0,free-music-archive,free-music-archive,Google;Stability AI,USED_BY
Ears,Ears,13735,11,11,0,0,0,free-music-archive,free-music-archive,Google;Stability AI,USED_BY
LASERS,LASERS,40ade5e1-2e2d-4046-8dc8-254b6b756244,11,11,0,0,0,free-music-archive,free-music-archive,Google;Stability AI,USED_BY
No One and the Somebodies,No One and the Somebodies,9faa4c0a-8d0d-42a5-a72c-4b87b34daa36,12,11,0,1,0,free-music-archive;sleeping-disco-9m,free-music-archive,Google;Stability AI,USED_BY
Guizado,Guizado,b7b194c0-de5d-4475-9d6a-8822fc183678,15,11,3,1,0,free-music-archive;laion-disco-12m;sleeping-disco-9m,free-music-archive,Google;Stability AI,USED_BY
Squinancywort,Squinancywort,14086,11,11,0,0,0,free-music-archive,free-music-archive,Google;Stability AI,USED_BY
The NSJ Crew,The NSJ Crew,14261,11,11,0,0,0,free-music-archive,free-music-archive,Google;Stability AI,USED_BY
Please Exist,Please Exist,b72033fe-258a-43ce-bc83-34726b279d49,11,11,0,0,0,free-music-archive,free-music-archive,Google;Stability AI,USED_BY
Pleasant Grove,Pleasant Grove,5c0226d3-529e-401d-9133-a0ae1b42e8c7,11,11,0,0,0,free-music-archive,free-music-archive,Google;Stability AI,USED_BY
Marylin Rambo,Marylin Rambo,337447df-c945-4ccc-b7a9-c952a52e51bd,11,11,0,0,0,free-music-archive,free-music-archive,Google;Stability AI,USED_BY
Jail Born Jane,Jail Born Jane,aa8cbd27-3a7f-4356-95f6-2e260443497c,11,11,0,0,0,free-music-archive,free-music-archive,Google;Stability AI,USED_BY
Sleep Out,Sleep Out,831d3f04-5f4f-4cd2-bfed-a2f0e6c03ab2,14,11,0,3,0,free-music-archive;sleeping-disco-9m,free-music-archive,Google;Stability AI,USED_BY
Fishartcollection,Fishartcollection,21037,11,11,0,0,0,free-music-archive,free-music-archive,Google;Stability AI,USED_BY
Jazznoize,Jazznoize,5be66fe3-5aa9-4e6c-a679-9a508fb37425,11,11,0,0,0,free-music-archive,free-music-archive,Google;Stability AI,USED_BY
Mellow Harsher,Mellow Harsher,c9e07caf-94a7-4579-b431-abf2eee0344a,21,11,0,10,0,free-music-archive;sleeping-disco-9m,free-music-archive,Google;Stability AI,USED_BY
Tod auf Kredit,Tod auf Kredit,21282,11,11,0,0,0,free-music-archive,free-music-archive,Google;Stability AI,USED_BY
Low Doses,Low Doses,d093f13e-e0da-490c-ada9-e7d1af4883ca,11,11,0,0,0,free-music-archive,free-music-archive,Google;Stability AI,USED_BY
Alex Battles & the Engelberts,Alex Battles & the Engelberts,a04e3ddc-1a54-4b81-aefb-dc9fad473baa,11,11,0,0,0,free-music-archive,free-music-archive,Google;Stability AI,USED_BY
Со мною вот что,Со мною вот что,b96acc4e-7b74-4afe-ab07-7e08010158ff,11,11,0,0,0,free-music-archive,free-music-archive,Google;Stability AI,USED_BY
The Ugly Beats,The Ugly Beats,0b81d0e9-8b11-4f19-a99b-7bd85157e1ed,11,11,0,0,0,free-music-archive,free-music-archive,Google;Stability AI,USED_BY
Albin Andersson,Albin Andersson,21539,11,11,0,0,0,free-music-archive,free-music-archive,Google;Stability AI,USED_BY
QWE,QWE,2cda1a27-fdad-411f-af6e-ae3864ecf466,13,11,0,2,0,free-music-archive;sleeping-disco-9m,free-music-archive,Google;Stability AI,USED_BY
Microscopes,Microscopes,b09b3df5-2771-4c6e-8c65-4de215ea9ac1,11,11,0,0,0,free-music-archive,free-music-archive,Google;Stability AI,USED_BY
Ulises Lima,Ulises Lima,2053278a-df0d-4737-b009-d84fb94ac444,11,11,0,0,0,free-music-archive,free-music-archive,Google;Stability AI,USED_BY
G.Las,G.Las,21692,11,11,0,0,0,free-music-archive,free-music-archive,Google;Stability AI,USED_BY
Sudden Infant,Sudden Infant,1d0f3d33-c4a6-43a3-8a04-4e5cf0a575a3,11,11,0,0,0,free-music-archive,free-music-archive,Google;Stability AI,USED_BY
Michael Howard,Michael Howard,21760,11,11,0,0,0,free-music-archive,free-music-archive,Google;Stability AI,USED_BY
Ehl-i Keyif,Ehl-i Keyif,21947,11,11,0,0,0,free-music-archive,free-music-archive,Google;Stability AI,USED_BY
Vexed to Nightmare,Vexed to Nightmare,22035,11,11,0,0,0,free-music-archive,free-music-archive,Google;Stability AI,USED_BY
Ben Carey,Ben Carey,22088,11,11,0,0,0,free-music-archive,free-music-archive,Google;Stability AI,USED_BY
In Vitro,In Vitro,22078,11,11,0,0,0,free-music-archive,free-music-archive,Google;Stability AI,USED_BY
To Eris,To Eris,22145,11,11,0,0,0,free-music-archive,free-music-archive,Google;Stability AI,USED_BY
Tim Held,Tim Held,3cfcb7b1-3e80-415b-8d36-528fe6d65753,11,11,0,0,0,free-music-archive,free-music-archive,Google;Stability AI,USED_BY
Weinberger,Weinberger,887e4929-71a2-4f47-8e25-a1b7e10dad0b,11,11,0,0,0,free-music-archive,free-music-archive,Google;Stability AI,USED_BY
Patrik Glassel & Brandstifter,Patrik Glassel & Brandstifter,22485,11,11,0,0,0,free-music-archive,free-music-archive,Google;Stability AI,USED_BY
Deep Purcell,Deep Purcell,14776,11,11,0,0,0,free-music-archive,free-music-archive,Google;Stability AI,USED_BY
Marco Benevento,Marco Benevento,2de4e97f-550b-4083-8fc4-83f7fd0385be,101,11,89,1,0,free-music-archive;laion-disco-12m;sleeping-disco-9m,free-music-archive,Google;Stability AI,USED_BY
[meta:Human],[meta:Human],a2099807-25a2-46d7-bb5b-34ec5ba9bf81,11,11,0,0,0,free-music-archive,free-music-archive,Google;Stability AI,USED_BY
Raúl Díaz Palomar,Raúl Díaz Palomar,afceb998-8b0a-4053-b1b2-9bc9750641ef,21,21,0,0,0,free-music-archive,free-music-archive,Google;Stability AI,USED_BY
Mount Carmel,Mount Carmel,6a00c42b-32dd-4256-8b7d-7bc18f59c285,11,11,0,0,0,free-music-archive,free-music-archive,Google;Stability AI,USED_BY
Distemper,Distemper,a0d726ea-d8af-4e04-8eb6-10f7bed37140,166,11,136,19,0,free-music-archive;laion-disco-12m;sleeping-disco-9m,free-music-archive,Google;Stability AI,USED_BY
PEG & The Rejected,PEG & The Rejected,d731dd45-bee4-4998-b82c-340eb04e8eca,11,11,0,0,0,free-music-archive,free-music-archive,Google;Stability AI,USED_BY
Manuel Duval,Manuel Duval,3b885c77-ef5c-44cd-bffe-70df9d3b888e,11,11,0,0,0,free-music-archive,free-music-archive,Google;Stability AI,USED_BY
Swin Deorin,Swin Deorin,e62b3b11-4e09-4038-893b-42aad4ff8337,11,11,0,0,0,free-music-archive,free-music-archive,Google;Stability AI,USED_BY
Alessandro Dinetti,Alessandro Dinetti,23998,11,11,0,0,0,free-music-archive,free-music-archive,Google;Stability AI,USED_BY
Deadly Oak,Deadly Oak,770706b9-3089-4db7-ad2c-0b9b3430f450,11,11,0,0,0,free-music-archive,free-music-archive,Google;Stability AI,USED_BY
Robert Farmer,Robert Farmer,24223,11,11,0,0,0,free-music-archive,free-music-archive,Google;Stability AI,USED_BY
The Whips,The Whips,24224,11,11,0,0,0,free-music-archive,free-music-archive,Google;Stability AI,USED_BY
Rocco Granata,Rocco Granata,000fabd0-277f-41ab-90a1-26ace71a82b2,160,11,142,7,0,free-music-archive;laion-disco-12m;sleeping-disco-9m,free-music-archive,Google;Stability AI,USED_BY
Exomène,Exomène,61633faa-049d-4fc9-8d12-08c887e03b2e,11,11,0,0,0,free-music-archive,free-music-archive,Google;Stability AI,USED_BY
Remain,Remain,22429,11,11,0,0,0,free-music-archive,free-music-archive,Google;Stability AI,USED_BY
Ethnomite Pux,Ethnomite Pux,b486eec1-0296-4112-b5fc-c6cfaee56d61,11,11,0,0,0,free-music-archive,free-music-archive,Google;Stability AI,USED_BY
Julie Maxwell's Piano Music,Julie Maxwell's Piano Music,22786,11,11,0,0,0,free-music-archive,free-music-archive,Google;Stability AI,USED_BY
[guÿôm],[guÿôm],76663ad7-639c-44f6-8814-8ff0a54da23c,11,11,0,0,0,free-music-archive,free-music-archive,Google;Stability AI,USED_BY
mini roc,mini roc,44012c53-d485-4001-947b-e7d7030f3d19,12,12,0,0,0,free-music-archive,free-music-archive,Google;Stability AI,USED_BY
Higgins,Higgins,8b51f812-9924-4e7d-950c-bf8c306ec367,11,11,0,0,0,free-music-archive,free-music-archive,Google;Stability AI,USED_BY
DRONE,DRONE,43ea648a-4d92-4290-80bb-bc7586d8bfd7,13,12,0,1,0,free-music-archive;sleeping-disco-9m,free-music-archive,Google;Stability AI,USED_BY
Won James Won,Won James Won,778280b5-e211-43a4-b91a-fdf19d4a3259,11,11,0,0,0,free-music-archive,free-music-archive,Google;Stability AI,USED_BY
Buguinha Dub,Buguinha Dub,22d0a15c-62be-49ce-b893-ed7b0e245e3b,77,11,63,0,3,free-music-archive;laion-disco-12m;spotify-tracks-dataset,free-music-archive,Google;Stability AI,USED_BY
Vespero,Vespero,2fe8d7bc-5c4e-44a4-840c-a9603739870a,11,11,0,0,0,free-music-archive,free-music-archive,Google;Stability AI,USED_BY
Mr. Kindhoover,Mr. Kindhoover,fe503533-b2f5-46b4-bb59-34cdc9704da3,11,11,0,0,0,free-music-archive,free-music-archive,Google;Stability AI,USED_BY
Jim Morisson mon cul,Jim Morisson mon cul,7276,11,11,0,0,0,free-music-archive,free-music-archive,Google;Stability AI,USED_BY
ZUHN,ZUHN,0f90deba-70be-49e7-921e-49562b2405e2,19,19,0,0,0,free-music-archive,free-music-archive,Google;Stability AI,USED_BY
Jean Poultre,Jean Poultre,4603589d-b64a-4345-a0ab-4539bee32ce6,11,11,0,0,0,free-music-archive,free-music-archive,Google;Stability AI,USED_BY
Brownstone Megaphone,Brownstone Megaphone,7500,11,11,0,0,0,free-music-archive,free-music-archive,Google;Stability AI,USED_BY
Dudu Geva,Dudu Geva,355004b8-0129-4958-8c4d-7592312e0cc3,25,25,0,0,0,free-music-archive,free-music-archive,Google;Stability AI,USED_BY
Campfire Fight,Campfire Fight,4927f052-8f34-4bcd-91e7-bc6e151da8f4,11,11,0,0,0,free-music-archive,free-music-archive,Google;Stability AI,USED_BY
Buben vs Rabbit Girls,Buben vs Rabbit Girls,7945,11,11,0,0,0,free-music-archive,free-music-archive,Google;Stability AI,USED_BY
Hox Vox,Hox Vox,2a3bf04f-04b1-4bba-887a-ac43d209874c,11,11,0,0,0,free-music-archive,free-music-archive,Google;Stability AI,USED_BY
The Pleasure Kills,The Pleasure Kills,8391,11,11,0,0,0,free-music-archive,free-music-archive,Google;Stability AI,USED_BY
Poo Poo Cushion,Poo Poo Cushion,8628,11,11,0,0,0,free-music-archive,free-music-archive,Google;Stability AI,USED_BY
Ice Lords,Ice Lords,8640,11,11,0,0,0,free-music-archive,free-music-archive,Google;Stability AI,USED_BY
Staline Mattin,Staline Mattin,8727,11,11,0,0,0,free-music-archive,free-music-archive,Google;Stability AI,USED_BY
The Procedure Club,The Procedure Club,7956,11,11,0,0,0,free-music-archive,free-music-archive,Google;Stability AI,USED_BY
Ballpen,Ballpen,93419edd-1fbb-41ce-b502-b83e93cee909,11,11,0,0,0,free-music-archive,free-music-archive,Google;Stability AI,USED_BY
Emile Miroir Jr,Emile Miroir Jr,d3c3c246-bc0c-462d-8a20-1bda8aa4c40c,11,11,0,0,0,free-music-archive,free-music-archive,Google;Stability AI,USED_BY
Teleidofusion,Teleidofusion,ec62eb22-afd1-465e-a37b-3355abe51576,11,11,0,0,0,free-music-archive,free-music-archive,Google;Stability AI,USED_BY
Duo Inmortales,Duo Inmortales,9207,11,11,0,0,0,free-music-archive,free-music-archive,Google;Stability AI,USED_BY
Muuttuvat Kasvot,Muuttuvat Kasvot,9223,11,11,0,0,0,free-music-archive,free-music-archive,Google;Stability AI,USED_BY
Jay Tholen,Jay Tholen,f3622a50-46bb-468a-94c6-a6042a5a8637,28,11,0,17,0,free-music-archive;sleeping-disco-9m,free-music-archive,Google;Stability AI,USED_BY
The Insider,The Insider,49153d61-6b94-468c-9d15-16acc17b2d57,11,11,0,0,0,free-music-archive,free-music-archive,Google;Stability AI,USED_BY
Jfrank,Jfrank,9404,11,11,0,0,0,free-music-archive,free-music-archive,Google;Stability AI,USED_BY
Matthew Sforcina,Matthew Sforcina,9419,11,11,0,0,0,free-music-archive,free-music-archive,Google;Stability AI,USED_BY
Persephone's Bees,Persephone's Bees,b3ba2385-032b-4c83-8a27-dff744a6b584,48,11,26,11,0,free-music-archive;laion-disco-12m;sleeping-disco-9m,free-music-archive,Google;Stability AI,USED_BY
Pariah Qarey,Pariah Qarey,8be1df49-04e0-4157-b424-2f3432c4991a,11,11,0,0,0,free-music-archive,free-music-archive,Google;Stability AI,USED_BY
System Hardware Abnormal,System Hardware Abnormal,16821766-1dee-428d-8997-46d9f0a0e427,11,11,0,0,0,free-music-archive,free-music-archive,Google;Stability AI,USED_BY
Frozen Geese,Frozen Geese,36af6d0f-0160-4c2b-a137-38a84a5b412c,11,11,0,0,0,free-music-archive,free-music-archive,Google;Stability AI,USED_BY
Parting Gifts,Parting Gifts,9617,11,11,0,0,0,free-music-archive,free-music-archive,Google;Stability AI,USED_BY
Caïman Nain,Caïman Nain,9871,11,11,0,0,0,free-music-archive,free-music-archive,Google;Stability AI,USED_BY
Roy Nathanson & Tim Kiah,Roy Nathanson & Tim Kiah,9963,11,11,0,0,0,free-music-archive,free-music-archive,Google;Stability AI,USED_BY
Anti/Uton,Anti/Uton,f20ff60e-0347-444b-b099-ef042089680b,11,11,0,0,0,free-music-archive,free-music-archive,Google;Stability AI,USED_BY
Bob D. Has No Dick,Bob D. Has No Dick,9821,11,11,0,0,0,free-music-archive,free-music-archive,Google;Stability AI,USED_BY
Black Elf Speaks,Black Elf Speaks,4c440b70-1d08-43f8-9e59-64c4789d8da7,11,11,0,0,0,free-music-archive,free-music-archive,Google;Stability AI,USED_BY
sarah rasines,sarah rasines,26d90bc9-0be6-4227-9075-4a8faa142019,11,11,0,0,0,free-music-archive,free-music-archive,Google;Stability AI,USED_BY
Taker 51,Taker 51,cc8c2ede-3e84-4038-afa9-971b21902543,11,11,0,0,0,free-music-archive,free-music-archive,Google;Stability AI,USED_BY
Dwoogie,Dwoogie,5b41015c-f4e0-41ad-9ff6-94d8e4c73024,11,11,0,0,0,free-music-archive,free-music-archive,Google;Stability AI,USED_BY
abc100,abc100,22bb86db-ab68-495b-85c9-d758b5a850b9,11,11,0,0,0,free-music-archive,free-music-archive,Google;Stability AI,USED_BY
midnightradio11,midnightradio11,944a26d5-1e2f-4ca8-bfbe-890ceacb8b8b,11,11,0,0,0,free-music-archive,free-music-archive,Google;Stability AI,USED_BY
Lonely Faction,Lonely Faction,bef9fae2-6b65-4289-9c03-f244d1c69076,11,11,0,0,0,free-music-archive,free-music-archive,Google;Stability AI,USED_BY
Say No! To Architecture,Say No! To Architecture,60823af4-65a5-47df-b72c-f0da2c53115a,11,11,0,0,0,free-music-archive,free-music-archive,Google;Stability AI,USED_BY
Reed Refucher,Reed Refucher,d29249d0-7d63-4798-b49f-92bc4e3a28be,11,11,0,0,0,free-music-archive,free-music-archive,Google;Stability AI,USED_BY
BOK Darklord,BOK Darklord,1beb8627-c613-4fcf-ad02-5b05e869d2c4,11,11,0,0,0,free-music-archive,free-music-archive,Google;Stability AI,USED_BY
Uno Datwangi,Uno Datwangi,1d3ea11d-f9c2-4223-bef2-5c3a5721972b,11,11,0,0,0,free-music-archive,free-music-archive,Google;Stability AI,USED_BY
KASCHADE,KASCHADE,49cbce17-fe15-4de0-ad99-54ea353341c9,11,11,0,0,0,free-music-archive,free-music-archive,Google;Stability AI,USED_BY
In De Nadfin,In De Nadfin,3f0eb875-7e49-460b-b850-a92840f39a86,11,11,0,0,0,free-music-archive,free-music-archive,Google;Stability AI,USED_BY
Cex Fucx,Cex Fucx,135081f5-160d-48fe-a3ae-c680501800cb,11,11,0,0,0,free-music-archive,free-music-archive,Google;Stability AI,USED_BY
NOISE64,NOISE64,d56a0d2a-ac02-4320-951e-ee1783a0d6d2,11,11,0,0,0,free-music-archive,free-music-archive,Google;Stability AI,USED_BY
Snorkel Quintet,Snorkel Quintet,cad0ed8f-2f12-4af7-8e01-22baf4cdc1b6,11,11,0,0,0,free-music-archive,free-music-archive,Google;Stability AI,USED_BY
Kuuleminen Asiat,Kuuleminen Asiat,daaf051f-591f-43b1-a626-826ef253f079,11,11,0,0,0,free-music-archive,free-music-archive,Google;Stability AI,USED_BY
Thierry Massard,Thierry Massard,0cda89be-462e-45f8-813c-8644e68bfb67,11,11,0,0,0,free-music-archive,free-music-archive,Google;Stability AI,USED_BY
Vermillion Sands,Vermillion Sands,69b0d90a-7557-42d6-bb60-6df3f38c340e,11,11,0,0,0,free-music-archive,free-music-archive,Google;Stability AI,USED_BY
Guy Harries,Guy Harries,a2a1d8f4-4864-4670-afb3-d963b74c1322,12,11,0,1,0,free-music-archive;sleeping-disco-9m,free-music-archive,Google;Stability AI,USED_BY
Karen Cooper Complex,Karen Cooper Complex,92d1f9b9-4ee9-4694-8cef-43ec5fd23bf3,11,11,0,0,0,free-music-archive,free-music-archive,Google;Stability AI,USED_BY
The Kandis Project,The Kandis Project,8529,11,11,0,0,0,free-music-archive,free-music-archive,Google;Stability AI,USED_BY
Rational Animals,Rational Animals,d1d7f700-c4e7-4fef-a258-79cd83aa6ef5,11,11,0,0,0,free-music-archive,free-music-archive,Google;Stability AI,USED_BY
The Matt Kurz One,The Matt Kurz One,f2fa2f0c-b6d7-4d09-be35-910c110bb342,11,11,0,0,0,free-music-archive,free-music-archive,Google;Stability AI,USED_BY
Dot Wiggin Band,Dot Wiggin Band,1a3ac78b-9eb5-4c1b-8205-6d16021cc8f1,25,11,0,14,0,free-music-archive;sleeping-disco-9m,free-music-archive,Google;Stability AI,USED_BY
Nots,Nots,87a3879a-5013-4ba3-9b44-bf88db8ed56b,24,11,0,13,0,free-music-archive;sleeping-disco-9m,free-music-archive,Google;Stability AI,USED_BY
Ulrike Mod,Ulrike Mod,19888,11,11,0,0,0,free-music-archive,free-music-archive,Google;Stability AI,USED_BY
"Ak'chamel, The Giver of Illness","Ak'chamel, The Giver of Illness",64919cea-0c60-44aa-9f43-4b686723ce78,40,40,0,0,0,free-music-archive,free-music-archive,Google;Stability AI,USED_BY
Weinland,Weinland,85e695a3-b541-42bd-83c4-dcf0944a47db,11,11,0,0,0,free-music-archive,free-music-archive,Google;Stability AI,USED_BY
Satellite Ensemble,Satellite Ensemble,20315,11,11,0,0,0,free-music-archive,free-music-archive,Google;Stability AI,USED_BY
AVOIDANT,AVOIDANT,15548,11,11,0,0,0,free-music-archive,free-music-archive,Google;Stability AI,USED_BY
Spinefish,Spinefish,6f3621ab-8ced-473b-b47c-9b79d59f7c43,11,11,0,0,0,free-music-archive,free-music-archive,Google;Stability AI,USED_BY
The Oswalds,The Oswalds,a7d3f1e0-59a9-4648-bd46-a0100e989ede,11,11,0,0,0,free-music-archive,free-music-archive,Google;Stability AI,USED_BY
L.D.I.,L.D.I.,23407,11,11,0,0,0,free-music-archive,free-music-archive,Google;Stability AI,USED_BY
Urs Graf Consort,Urs Graf Consort,ae236944-84e8-4222-838c-2e0be61be4d4,11,11,0,0,0,free-music-archive,free-music-archive,Google;Stability AI,USED_BY
Incentive,Incentive,0138f306-e09e-4341-819d-755cda740748,11,11,0,0,0,free-music-archive,free-music-archive,Google;Stability AI,USED_BY
Wesqk Coast,Wesqk Coast,23521,11,11,0,0,0,free-music-archive,free-music-archive,Google;Stability AI,USED_BY
Lechones Sangrientos,Lechones Sangrientos,ad81f329-8078-49a9-b327-7e1e7d78ab71,11,11,0,0,0,free-music-archive,free-music-archive,Google;Stability AI,USED_BY
Gamelan Nyai Saraswati,Gamelan Nyai Saraswati,83a541a2-7261-457b-9d50-efd233309a1b,11,11,0,0,0,free-music-archive,free-music-archive,Google;Stability AI,USED_BY
id m thfft able,id m thfft able,d47418fc-6beb-49ce-a603-27c936e0083d,11,11,0,0,0,free-music-archive,free-music-archive,Google;Stability AI,USED_BY
Kirk Pearson,Kirk Pearson,a264260f-4432-443d-a5cd-8e043b8f0ea6,10,10,0,0,0,free-music-archive,free-music-archive,Google;Stability AI,USED_BY
Bad Dad,Bad Dad,23805,10,10,0,0,0,free-music-archive,free-music-archive,Google;Stability AI,USED_BY
Grass Widow,Grass Widow,e2c41213-6d3c-490a-be57-6388622896e2,30,10,0,20,0,free-music-archive;sleeping-disco-9m,free-music-archive,Google;Stability AI,USED_BY
The Demands,The Demands,638,10,10,0,0,0,free-music-archive,free-music-archive,Google;Stability AI,USED_BY
Audace,Audace,a02b7cb1-ca81-4e6b-8c25-8c5ebc71fbb7,10,10,0,0,0,free-music-archive,free-music-archive,Google;Stability AI,USED_BY
Danielson,Danielson,6872de97-e58b-4eb1-81de-a2ddf0a05f04,11,10,0,1,0,free-music-archive;sleeping-disco-9m,free-music-archive,Google;Stability AI,USED_BY
Manbeard,Manbeard,202,10,10,0,0,0,free-music-archive,free-music-archive,Google;Stability AI,USED_BY
Ric Royer & G. Lucas Crane,Ric Royer & G. Lucas Crane,253,10,10,0,0,0,free-music-archive,free-music-archive,Google;Stability AI,USED_BY
Saudade,Saudade,260,10,10,0,0,0,free-music-archive,free-music-archive,Google;Stability AI,USED_BY
Stress Ape,Stress Ape,280,10,10,0,0,0,free-music-archive,free-music-archive,Google;Stability AI,USED_BY
Cryptacize,Cryptacize,a5fd336b-cd43-43f1-9bae-61042d73132e,25,10,0,15,0,free-music-archive;sleeping-disco-9m,free-music-archive,Google;Stability AI,USED_BY
Dengue Fever,Dengue Fever,e6791155-ec80-4a7a-b108-54481ff73ead,27,10,1,16,0,free-music-archive;laion-disco-12m;sleeping-disco-9m,free-music-archive,Google;Stability AI,USED_BY
The Snow,The Snow,3aeb8e89-5b65-445d-9472-e4be910e3cd7,10,10,0,0,0,free-music-archive,free-music-archive,Google;Stability AI,USED_BY
Voice or No Voice,Voice or No Voice,1372,10,10,0,0,0,free-music-archive,free-music-archive,Google;Stability AI,USED_BY
Le Volume Courbe,Le Volume Courbe,0c39ea47-7788-4254-a10c-2c8d8f538d5b,13,10,0,3,0,free-music-archive;sleeping-disco-9m,free-music-archive,Google;Stability AI,USED_BY
Low,Low,42faad37-8aaa-42e4-a300-5a7dae79ed24,220,10,135,73,2,free-music-archive;laion-disco-12m;sleeping-disco-9m;spotify-tracks-dataset,free-music-archive,Google;Stability AI,USED_BY
The Apartment,The Apartment,6d57737e-b324-407f-8255-afb4b23721e6,10,10,0,0,0,free-music-archive,free-music-archive,Google;Stability AI,USED_BY
Scott Wilson & Efendi,Scott Wilson & Efendi,1836,10,10,0,0,0,free-music-archive,free-music-archive,Google;Stability AI,USED_BY
Edith Frost,Edith Frost,289faaeb-96bf-41ff-a15f-5166b6298e01,30,10,0,20,0,free-music-archive;sleeping-disco-9m,free-music-archive,Google;Stability AI,USED_BY
Monotonix,Monotonix,618b4848-9402-4b38-9b34-c251938def8e,10,10,0,0,0,free-music-archive,free-music-archive,Google;Stability AI,USED_BY
Number One Sun,Number One Sun,2215,10,10,0,0,0,free-music-archive,free-music-archive,Google;Stability AI,USED_BY
Aviv Mark,Aviv Mark,2362,10,10,0,0,0,free-music-archive,free-music-archive,Google;Stability AI,USED_BY
The Watery Graves of Portland,The Watery Graves of Portland,b4aa2b3b-8dd2-46c0-b12c-febbedeaf5ab,10,10,0,0,0,free-music-archive,free-music-archive,Google;Stability AI,USED_BY
Wildahead Portibeast,Wildahead Portibeast,3128,10,10,0,0,0,free-music-archive,free-music-archive,Google;Stability AI,USED_BY
Vitus von Degen,Vitus von Degen,131ff733-c749-4129-bc9a-8845de58deda,10,10,0,0,0,free-music-archive,free-music-archive,Google;Stability AI,USED_BY
Fadt Fanfare,Fadt Fanfare,55cfb3e6-4720-43fe-b726-40280d049a27,10,10,0,0,0,free-music-archive,free-music-archive,Google;Stability AI,USED_BY
silencide,silencide,e0b666c2-708a-4411-be2c-4b569cc68a97,10,10,0,0,0,free-music-archive,free-music-archive,Google;Stability AI,USED_BY
D84,D84,73774591-24c3-449d-8382-13076fe4b6f3,10,10,0,0,0,free-music-archive,free-music-archive,Google;Stability AI,USED_BY
Bud Melvin,Bud Melvin,7fc7b5bd-443c-4b6a-b8cd-a5203edb73ed,10,10,0,0,0,free-music-archive,free-music-archive,Google;Stability AI,USED_BY
Dev/Null,Dev/Null,986e47f2-7525-486d-9a50-a28eb1ed7b2e,10,10,0,0,0,free-music-archive,free-music-archive,Google;Stability AI,USED_BY
Mental Abuse,Mental Abuse,e2ee2d01-e61f-4ccc-b5c6-f1f22b514026,10,10,0,0,0,free-music-archive,free-music-archive,Google;Stability AI,USED_BY
Pussyfinger,Pussyfinger,6d822ee5-7166-405c-8dd9-20fcb59ca4b2,10,10,0,0,0,free-music-archive,free-music-archive,Google;Stability AI,USED_BY
The Meat Purveyors,The Meat Purveyors,79ef45e0-6b8c-46be-a617-af73fa8ece0a,31,10,0,21,0,free-music-archive;sleeping-disco-9m,free-music-archive,Google;Stability AI,USED_BY
Seven,Seven,4220,10,10,0,0,0,free-music-archive,free-music-archive,Google;Stability AI,USED_BY
Elmaes,Elmaes,49eab221-d8a7-43c9-804a-a2fb8518a01d,10,10,0,0,0,free-music-archive,free-music-archive,Google;Stability AI,USED_BY
Doron Deutsch,Doron Deutsch,c2ebef4b-de11-4a01-a4d8-3bb6f91839b8,10,10,0,0,0,free-music-archive,free-music-archive,Google;Stability AI,USED_BY
Ignatz,Ignatz,8ac530c6-298f-4038-b52e-4dbd71980c0c,10,10,0,0,0,free-music-archive,free-music-archive,Google;Stability AI,USED_BY
Bacco Baccanels,Bacco Baccanels,706278ae-6bdc-4519-83b9-0e8e90c013ae,10,10,0,0,0,free-music-archive,free-music-archive,Google;Stability AI,USED_BY
Delayed Desire,Delayed Desire,4d58c43c-3f1f-42b1-bb01-a14965ea3bf8,10,10,0,0,0,free-music-archive,free-music-archive,Google;Stability AI,USED_BY
Bad Party,Bad Party,b892348f-0f21-4ccd-88b1-b4daddc0d955,10,10,0,0,0,free-music-archive,free-music-archive,Google;Stability AI,USED_BY
Food Will Win the War,Food Will Win the War,5405,10,10,0,0,0,free-music-archive,free-music-archive,Google;Stability AI,USED_BY
Raleigh Moncrief,Raleigh Moncrief,324bbd79-d75d-44eb-b72a-545ca13a9cfe,10,10,0,0,0,free-music-archive,free-music-archive,Google;Stability AI,USED_BY
Invertebrata,Invertebrata,6473736c-6c66-4179-83a0-52443c471a56,10,10,0,0,0,free-music-archive,free-music-archive,Google;Stability AI,USED_BY
Fuck Buddies,Fuck Buddies,eef82e73-eeb1-47c0-8b29-d0cb1fd3f27d,10,10,0,0,0,free-music-archive,free-music-archive,Google;Stability AI,USED_BY
Assaf K. Talmudi,Assaf K. Talmudi,2301,10,10,0,0,0,free-music-archive,free-music-archive,Google;Stability AI,USED_BY
Thavius Beck,Thavius Beck,da1a9033-e4d5-4fb3-ae04-6d2ad170f5eb,26,10,2,14,0,free-music-archive;laion-disco-12m;sleeping-disco-9m,free-music-archive,Google;Stability AI,USED_BY
Manuele Atzeni,Manuele Atzeni,43f19753-930b-484b-ad21-ceaff4b84115,10,10,0,0,0,free-music-archive,free-music-archive,Google;Stability AI,USED_BY
Soft Circle,Soft Circle,b1e1774a-b9b0-4b8b-acbf-0897fc24d38c,10,10,0,0,0,free-music-archive,free-music-archive,Google;Stability AI,USED_BY
Blek Ink,Blek Ink,492,10,10,0,0,0,free-music-archive,free-music-archive,Google;Stability AI,USED_BY
No Babies,No Babies,1c0dc29e-b23d-47d7-87c7-ba45555f2c40,10,10,0,0,0,free-music-archive,free-music-archive,Google;Stability AI,USED_BY
Primix for Kids,Primix for Kids,9276139e-fa86-4097-a713-647b9a8ebecb,11,11,0,0,0,free-music-archive,free-music-archive,Google;Stability AI,USED_BY
Zikrayat,Zikrayat,1837,10,10,0,0,0,free-music-archive,free-music-archive,Google;Stability AI,USED_BY
Liechtenstein,Liechtenstein,e01ee4a4-381a-49ef-bf45-245ff03066af,10,10,0,0,0,free-music-archive,free-music-archive,Google;Stability AI,USED_BY
Antanas Jasenka,Antanas Jasenka,4741e6db-04d7-466d-997b-033866d2b44a,10,10,0,0,0,free-music-archive,free-music-archive,Google;Stability AI,USED_BY
Amoeba Men,Amoeba Men,bb27084f-178d-4d02-a300-898b695d73a9,10,10,0,0,0,free-music-archive,free-music-archive,Google;Stability AI,USED_BY
Digital Primitives,Digital Primitives,b9f1ce37-05b4-4d40-a2e5-7b0006eb87f6,10,10,0,0,0,free-music-archive,free-music-archive,Google;Stability AI,USED_BY
Gary Lucas,Gary Lucas,1517,10,10,0,0,0,free-music-archive,free-music-archive,Google;Stability AI,USED_BY
Swear and Shake,Swear and Shake,30c2c554-41c4-47a8-bfce-4512a0e95b7f,31,10,0,21,0,free-music-archive;sleeping-disco-9m,free-music-archive,Google;Stability AI,USED_BY
Isra-Alien Band,Isra-Alien Band,12853,10,10,0,0,0,free-music-archive,free-music-archive,Google;Stability AI,USED_BY
Kecap Tuyul,Kecap Tuyul,7ff2cef1-ffc9-45b4-884e-731d40b8a944,10,10,0,0,0,free-music-archive,free-music-archive,Google;Stability AI,USED_BY
[creeper:Robusto],[creeper:Robusto],18178,10,10,0,0,0,free-music-archive,free-music-archive,Google;Stability AI,USED_BY
Ubasute,Ubasute,529a5f43-05f1-4e8b-a652-ebf2df6923b5,10,10,0,0,0,free-music-archive,free-music-archive,Google;Stability AI,USED_BY
Gunenfolta,Gunenfolta,18237,10,10,0,0,0,free-music-archive,free-music-archive,Google;Stability AI,USED_BY
Big Bug,Big Bug,f0c77e7d-0642-42b0-b94d-247ea06d2771,10,10,0,0,0,free-music-archive,free-music-archive,Google;Stability AI,USED_BY
The Marty Kings,The Marty Kings,18401,10,10,0,0,0,free-music-archive,free-music-archive,Google;Stability AI,USED_BY
Rngmnn,Rngmnn,54853e5a-4be3-4af5-acbb-9d22032d3d35,13,10,3,0,0,free-music-archive;laion-disco-12m,free-music-archive,Google;Stability AI,USED_BY
Apydiagirls,Apydiagirls,8a3e8869-d50d-48de-92b5-53fa0bbf6acb,10,10,0,0,0,free-music-archive,free-music-archive,Google;Stability AI,USED_BY
HASH,HASH,17154,10,10,0,0,0,free-music-archive,free-music-archive,Google;Stability AI,USED_BY
Water Sark,Water Sark,18487,10,10,0,0,0,free-music-archive,free-music-archive,Google;Stability AI,USED_BY
Beta Dog,Beta Dog,18653,10,10,0,0,0,free-music-archive,free-music-archive,Google;Stability AI,USED_BY
Fabian Measures,Fabian Measures,18673,10,10,0,0,0,free-music-archive,free-music-archive,Google;Stability AI,USED_BY
Nicky Apple,Nicky Apple,140ff9d4-97da-403a-bd8a-a58f21ce0d72,10,10,0,0,0,free-music-archive,free-music-archive,Google;Stability AI,USED_BY
Émilie Simon,Émilie Simon,01252145-c9e8-4de5-a480-9b2bed05450a,158,10,126,22,0,free-music-archive;laion-disco-12m;sleeping-disco-9m,free-music-archive,Google;Stability AI,USED_BY
Aniqatia,Aniqatia,a3276d90-6429-409c-81e3-805e771a35bc,10,10,0,0,0,free-music-archive,free-music-archive,Google;Stability AI,USED_BY
[amt_23],[amt_23],18807,10,10,0,0,0,free-music-archive,free-music-archive,Google;Stability AI,USED_BY
Wood Spider,Wood Spider,3220223d-ffd2-4ebc-8fcc-859036419618,15,10,0,5,0,free-music-archive;sleeping-disco-9m,free-music-archive,Google;Stability AI,USED_BY
Carter Behnke,Carter Behnke,1b02215c-1820-451c-bfe2-88e7d41ef391,10,10,0,0,0,free-music-archive,free-music-archive,Google;Stability AI,USED_BY
Jasmine Golan,Jasmine Golan,1e1875b8-c8e0-461e-a609-b18b0b1d2533,10,10,0,0,0,free-music-archive,free-music-archive,Google;Stability AI,USED_BY
V.A.G.U.E.,V.A.G.U.E.,14882,10,10,0,0,0,free-music-archive,free-music-archive,Google;Stability AI,USED_BY
Rene Kita,Rene Kita,9b98c718-6f3f-4f1b-bb81-a5f6838efa3d,10,10,0,0,0,free-music-archive,free-music-archive,Google;Stability AI,USED_BY
Steinregen Dubsystem,Steinregen Dubsystem,62cd29c8-ba7c-4611-a921-3e9d9d15de32,10,10,0,0,0,free-music-archive,free-music-archive,Google;Stability AI,USED_BY
CM & Tha Silent Partner,CM & Tha Silent Partner,19024,10,10,0,0,0,free-music-archive,free-music-archive,Google;Stability AI,USED_BY
The Dick Burrill's,The Dick Burrill's,14521,10,10,0,0,0,free-music-archive,free-music-archive,Google;Stability AI,USED_BY
Salakapakka Sound System vs. The Day Of The Antler,Salakapakka Sound System vs. The Day Of The Antler,14171,10,10,0,0,0,free-music-archive,free-music-archive,Google;Stability AI,USED_BY
Yrrow,Yrrow,2d973362-b610-4755-8913-1f19b8ec43f3,10,10,0,0,0,free-music-archive,free-music-archive,Google;Stability AI,USED_BY
Csum,Csum,4b20ef01-9e6d-42c6-829c-646dd2210913,20,20,0,0,0,free-music-archive,free-music-archive,Google;Stability AI,USED_BY
Audraulic,Audraulic,9c4c2d71-aaca-47fe-a2db-8637fc35af30,10,10,0,0,0,free-music-archive,free-music-archive,Google;Stability AI,USED_BY
On Tour,On Tour,19220,10,10,0,0,0,free-music-archive,free-music-archive,Google;Stability AI,USED_BY
Umreti Fit,Umreti Fit,fcb26938-fe85-4a29-b3f7-1754a8d805a0,10,10,0,0,0,free-music-archive,free-music-archive,Google;Stability AI,USED_BY
Cloudkicker,Cloudkicker,88203975-e950-49bd-9b6f-497f1edba2c1,130,10,102,18,0,free-music-archive;laion-disco-12m;sleeping-disco-9m,free-music-archive,Google;Stability AI,USED_BY
Avaren,Avaren,0f82fa8b-37e4-40b8-94d8-a0ce893a5b79,10,10,0,0,0,free-music-archive,free-music-archive,Google;Stability AI,USED_BY
Little Band of Sailors,Little Band of Sailors,330c3253-5cd1-4191-b022-0cd6227cdfd8,10,10,0,0,0,free-music-archive,free-music-archive,Google;Stability AI,USED_BY
Moki Mcfly,Moki Mcfly,13c22211-8270-45a5-9b75-728e6d68a856,11,10,0,1,0,free-music-archive;sleeping-disco-9m,free-music-archive,Google;Stability AI,USED_BY
the skratchlords,the skratchlords,19286,10,10,0,0,0,free-music-archive,free-music-archive,Google;Stability AI,USED_BY
AIRGLOW,AIRGLOW,a8841f23-03c2-4221-a4b3-3aa969bf354a,11,10,0,1,0,free-music-archive;sleeping-disco-9m,free-music-archive,Google;Stability AI,USED_BY
Prójimo Bil,Prójimo Bil,19433,10,10,0,0,0,free-music-archive,free-music-archive,Google;Stability AI,USED_BY
EX LUNA,EX LUNA,19471,10,10,0,0,0,free-music-archive,free-music-archive,Google;Stability AI,USED_BY
Patrick Lee,Patrick Lee,34ef5404-7768-4b3d-b515-2b1edcb68740,10,10,0,0,0,free-music-archive,free-music-archive,Google;Stability AI,USED_BY
Dunk Tank,Dunk Tank,19695,10,10,0,0,0,free-music-archive,free-music-archive,Google;Stability AI,USED_BY
The Love Me Nots,The Love Me Nots,0cf6cf9b-57ca-4d69-b3bc-7d7b6c856b22,12,10,0,2,0,free-music-archive;sleeping-disco-9m,free-music-archive,Google;Stability AI,USED_BY
Deadlines,Deadlines,a23ca2d6-cf38-49a4-962a-784ea43ac592,10,10,0,0,0,free-music-archive,free-music-archive,Google;Stability AI,USED_BY
Night Owl Committee,Night Owl Committee,05f52510-ab46-4b34-97c2-8bb155056d3b,10,10,0,0,0,free-music-archive,free-music-archive,Google;Stability AI,USED_BY
Mouthguard88,Mouthguard88,699f28cf-5797-42da-ac72-0ee75b0e84cc,10,10,0,0,0,free-music-archive,free-music-archive,Google;Stability AI,USED_BY
Roofer's Nest,Roofer's Nest,20100,10,10,0,0,0,free-music-archive,free-music-archive,Google;Stability AI,USED_BY
Signal-to-Noise,Signal-to-Noise,ea329097-e637-49d4-a2bb-f7cf71b66281,10,10,0,0,0,free-music-archive,free-music-archive,Google;Stability AI,USED_BY
Clemens Eduard Haipl,Clemens Eduard Haipl,3eaad18c-a4e3-416b-8c9f-7d2236699a14,10,10,0,0,0,free-music-archive,free-music-archive,Google;Stability AI,USED_BY
manuel gordiani,manuel gordiani,14571,10,10,0,0,0,free-music-archive,free-music-archive,Google;Stability AI,USED_BY
Aaron Mist,Aaron Mist,20273,10,10,0,0,0,free-music-archive,free-music-archive,Google;Stability AI,USED_BY
Jason Staczek,Jason Staczek,f71f864b-4d6b-4f40-af66-aaae787edf6a,29,10,0,19,0,free-music-archive;sleeping-disco-9m,free-music-archive,Google;Stability AI,USED_BY
The Fischermen,The Fischermen,20570,10,10,0,0,0,free-music-archive,free-music-archive,Google;Stability AI,USED_BY
Filip Roter,Filip Roter,20571,10,10,0,0,0,free-music-archive,free-music-archive,Google;Stability AI,USED_BY
Lesser Beings,Lesser Beings,154e0d20-ae65-4ea4-ab9b-a1fd205a55f1,10,10,0,0,0,free-music-archive,free-music-archive,Google;Stability AI,USED_BY
The Barreracudas,The Barreracudas,4947a438-2f14-4b91-8255-67d1c130225b,13,10,0,0,3,free-music-archive;spotify-tracks-dataset,free-music-archive,Google;Stability AI,USED_BY
Furchick,Furchick,6de535ea-3b24-4baf-bafd-615f93d75c53,10,10,0,0,0,free-music-archive,free-music-archive,Google;Stability AI,USED_BY
Swirl,Swirl,13856,10,10,0,0,0,free-music-archive,free-music-archive,Google;Stability AI,USED_BY
Vampire Lezbos,Vampire Lezbos,0e668c2b-b195-4b11-ad3e-a46bca6e64cc,10,10,0,0,0,free-music-archive,free-music-archive,Google;Stability AI,USED_BY
Old Bear,Old Bear,9f727134-e343-4a6d-b332-e7278d8e84f1,10,10,0,0,0,free-music-archive,free-music-archive,Google;Stability AI,USED_BY
Barmus Dramfell,Barmus Dramfell,14783,10,10,0,0,0,free-music-archive,free-music-archive,Google;Stability AI,USED_BY
Ghost Hunter,Ghost Hunter,76f3b08d-af49-45fb-868a-a871b2ffdf59,10,10,0,0,0,free-music-archive,free-music-archive,Google;Stability AI,USED_BY
Cambriana,Cambriana,2d0b11e5-a2b6-4e93-a170-c6d5dc650c17,34,10,0,24,0,free-music-archive;sleeping-disco-9m,free-music-archive,Google;Stability AI,USED_BY
Aching Beauty,Aching Beauty,3a2da723-3060-4d1e-8987-afd09d306947,15,10,0,5,0,free-music-archive;sleeping-disco-9m,free-music-archive,Google;Stability AI,USED_BY
ID:Vision,ID:Vision,c3d2df1e-853b-426c-b13b-123453a2ba5a,10,10,0,0,0,free-music-archive,free-music-archive,Google;Stability AI,USED_BY
M-PeX & Makrox,M-PeX & Makrox,15288,10,10,0,0,0,free-music-archive,free-music-archive,Google;Stability AI,USED_BY
cloud becomes your hand,cloud becomes your hand,6c13fb7f-9bb8-48c3-993d-c383298cf22a,12,12,0,0,0,free-music-archive,free-music-archive,Google;Stability AI,USED_BY
Blue Stork,Blue Stork,edcf6c67-f9e8-4435-a1f8-bbd0d7395d90,10,10,0,0,0,free-music-archive,free-music-archive,Google;Stability AI,USED_BY
Edgeist,Edgeist,b00f3f45-a54b-4437-862a-d329cb87a509,10,10,0,0,0,free-music-archive,free-music-archive,Google;Stability AI,USED_BY
Erick Diego,Erick Diego,13486207-cbda-465a-98dd-c468e40775fe,10,10,0,0,0,free-music-archive,free-music-archive,Google;Stability AI,USED_BY
L'Homme Manete,L'Homme Manete,1bebb6ed-7fe7-47c9-8502-3904f5bbdac2,10,10,0,0,0,free-music-archive,free-music-archive,Google;Stability AI,USED_BY
Akcja Zorganizowanej Przeciętności,Akcja Zorganizowanej Przeciętności,16576,10,10,0,0,0,free-music-archive,free-music-archive,Google;Stability AI,USED_BY
Angstbreaker,Angstbreaker,619578ea-b028-47fd-b305-1192831f14a6,10,10,0,0,0,free-music-archive,free-music-archive,Google;Stability AI,USED_BY
Stellardrone,Stellardrone,8208d8f9-61b6-47f2-90c0-2680dadd56a8,67,10,57,0,0,free-music-archive;laion-disco-12m,free-music-archive,Google;Stability AI,USED_BY
Niño Símbolo,Niño Símbolo,16654,10,10,0,0,0,free-music-archive,free-music-archive,Google;Stability AI,USED_BY
Hector 3,Hector 3,16688,10,10,0,0,0,free-music-archive,free-music-archive,Google;Stability AI,USED_BY
Still Pluto,Still Pluto,f6b37cb4-5b2b-45c3-b9cf-c5a268a59ccc,10,10,0,0,0,free-music-archive,free-music-archive,Google;Stability AI,USED_BY
Infinite Plastic Internal,Infinite Plastic Internal,9a27db50-9f65-4cf8-b9c8-b07acfda18b2,10,10,0,0,0,free-music-archive,free-music-archive,Google;Stability AI,USED_BY
Lantriperc,Lantriperc,15989,10,10,0,0,0,free-music-archive,free-music-archive,Google;Stability AI,USED_BY
Xenia Rubinos,Xenia Rubinos,362df059-5fa3-4317-8349-db7e2328decf,79,10,49,20,0,free-music-archive;laion-disco-12m;sleeping-disco-9m,free-music-archive,Google;Stability AI,USED_BY
Kapnobatai,Kapnobatai,12703,10,10,0,0,0,free-music-archive,free-music-archive,Google;Stability AI,USED_BY
Ashrae Fax,Ashrae Fax,3f353c28-3a6c-4a57-9bd6-99b24be71c29,10,10,0,0,0,free-music-archive,free-music-archive,Google;Stability AI,USED_BY
Dr Nol,Dr Nol,13864,10,10,0,0,0,free-music-archive,free-music-archive,Google;Stability AI,USED_BY
Alex Fry,Alex Fry,2FIjUtNz4S6XQhJDNq4dLa,10,10,0,0,0,free-music-archive,free-music-archive,Google;Stability AI,USED_BY
Evil Sword,Evil Sword,371762a7-c758-47a7-9f94-921a272d0978,31,10,0,21,0,free-music-archive;sleeping-disco-9m,free-music-archive,Google;Stability AI,USED_BY
The Endtables,The Endtables,b4540fb4-05e6-4a79-8a6e-bb4036a4fb9b,10,10,0,0,0,free-music-archive,free-music-archive,Google;Stability AI,USED_BY
Females,Females,7791c75e-864f-4985-ba24-9e5f96b4318d,10,10,0,0,0,free-music-archive,free-music-archive,Google;Stability AI,USED_BY
Peterloo Massacre,Peterloo Massacre,62593997-a998-4e7e-87d8-d7cffb80c893,10,10,0,0,0,free-music-archive,free-music-archive,Google;Stability AI,USED_BY
Eric Skiff,Eric Skiff,e0148549-4cc0-4b7d-8b70-b510a34c7704,10,10,0,0,0,free-music-archive,free-music-archive,Google;Stability AI,USED_BY
Pete Um,Pete Um,5dac7a50-fce8-4f70-9571-37904da23481,10,10,0,0,0,free-music-archive,free-music-archive,Google;Stability AI,USED_BY
Shannon and the Clams,Shannon and the Clams,edda8263-7286-4227-9dc4-9ed8e6177f84,189,19,99,47,24,free-music-archive;laion-disco-12m;sleeping-disco-9m;spotify-tracks-dataset,free-music-archive,Google;Stability AI,USED_BY
Cooloola Monster,Cooloola Monster,10806,10,10,0,0,0,free-music-archive,free-music-archive,Google;Stability AI,USED_BY
Isaac Graham,Isaac Graham,9ac2ef73-0232-4d60-a322-1d7fd2f5f8e1,10,10,0,0,0,free-music-archive,free-music-archive,Google;Stability AI,USED_BY
A Very Clever Robot,A Very Clever Robot,11104,10,10,0,0,0,free-music-archive,free-music-archive,Google;Stability AI,USED_BY
Dog Leather,Dog Leather,11296,10,10,0,0,0,free-music-archive,free-music-archive,Google;Stability AI,USED_BY
Allfits,Allfits,21ba129d-356a-4dc2-be26-ee0b232cc1cc,10,10,0,0,0,free-music-archive,free-music-archive,Google;Stability AI,USED_BY
Zastranienie,Zastranienie,a0bf962c-b61d-4058-ac43-ac2082404422,10,10,0,0,0,free-music-archive,free-music-archive,Google;Stability AI,USED_BY
Comptroller,Comptroller,06bcee91-e973-4ad9-94fd-5c6eb11cd77f,10,10,0,0,0,free-music-archive,free-music-archive,Google;Stability AI,USED_BY
Times New Viking,Times New Viking,b1c76fbc-2ce7-4437-bc7b-2f03b9a73157,31,10,0,21,0,free-music-archive;sleeping-disco-9m,free-music-archive,Google;Stability AI,USED_BY
Raspberry Bulbs,Raspberry Bulbs,10d9bfef-7210-4bc2-bce5-1cb53e8016bb,30,10,0,20,0,free-music-archive;sleeping-disco-9m,free-music-archive,Google;Stability AI,USED_BY
Mittimus & Nix Pickler,Mittimus & Nix Pickler,11623,10,10,0,0,0,free-music-archive,free-music-archive,Google;Stability AI,USED_BY
Grooms,Grooms,ac5fee3d-9fd4-4611-8dae-2db45b5cacfd,29,10,0,19,0,free-music-archive;sleeping-disco-9m,free-music-archive,Google;Stability AI,USED_BY
Jaap Blonk & BRAAXTAAL,Jaap Blonk & BRAAXTAAL,11643,10,10,0,0,0,free-music-archive,free-music-archive,Google;Stability AI,USED_BY
Alligator Indian,Alligator Indian,6a188147-2125-4bac-b92f-d746d426280e,10,10,0,0,0,free-music-archive,free-music-archive,Google;Stability AI,USED_BY
Ami Dang,Ami Dang,49a96ec3-e316-43db-8a83-6993dfb591db,13,10,3,0,0,free-music-archive;laion-disco-12m,free-music-archive,Google;Stability AI,USED_BY
Darkstorm & Diabolik,Darkstorm & Diabolik,11817,10,10,0,0,0,free-music-archive,free-music-archive,Google;Stability AI,USED_BY
The Unsacred Hearts,The Unsacred Hearts,11676,10,10,0,0,0,free-music-archive,free-music-archive,Google;Stability AI,USED_BY
Iva Nova,Iva Nova,9167,10,10,0,0,0,free-music-archive,free-music-archive,Google;Stability AI,USED_BY
Frenic,Frenic,979d5884-a2de-4be8-9468-bb32f76a23c8,70,10,58,2,0,free-music-archive;laion-disco-12m;sleeping-disco-9m,free-music-archive,Google;Stability AI,USED_BY
The Bon,The Bon,12243,10,10,0,0,0,free-music-archive,free-music-archive,Google;Stability AI,USED_BY
CSC Funk Band,CSC Funk Band,d4216d19-2de9-487c-8317-a9337ffa8a5b,10,10,0,0,0,free-music-archive,free-music-archive,Google;Stability AI,USED_BY
Unjust,Unjust,69f63710-c64f-4506-a954-17f278f36dff,10,10,0,0,0,free-music-archive,free-music-archive,Google;Stability AI,USED_BY
Forenzics,Forenzics,c2ff9b8f-3a68-4a58-af0b-f71ecfe4665f,11,10,0,1,0,free-music-archive;sleeping-disco-9m,free-music-archive,Google;Stability AI,USED_BY
Noise to Silence,Noise to Silence,12774,10,10,0,0,0,free-music-archive,free-music-archive,Google;Stability AI,USED_BY
The Immaculates,The Immaculates,12818,10,10,0,0,0,free-music-archive,free-music-archive,Google;Stability AI,USED_BY
Imperial Tiger Orchestra,Imperial Tiger Orchestra,6389d894-5338-4a8a-b9e4-01247b95fc9a,10,10,0,0,0,free-music-archive,free-music-archive,Google;Stability AI,USED_BY
Goodbye Kumiko,Goodbye Kumiko,202eec2f-8982-404d-bcba-cbd938a21e8e,20,10,0,10,0,free-music-archive;sleeping-disco-9m,free-music-archive,Google;Stability AI,USED_BY
Sophia Knapp,Sophia Knapp,6966e0b3-5074-4af4-ac6e-8a5c76c7ab5f,13,10,0,3,0,free-music-archive;sleeping-disco-9m,free-music-archive,Google;Stability AI,USED_BY
Tommy Tornado,Tommy Tornado,8f9bc1f5-ba8c-4b26-87c1-c18531f4a957,10,10,0,0,0,free-music-archive,free-music-archive,Google;Stability AI,USED_BY
Sunhiilow,Sunhiilow,9ffe5d30-d829-497c-ab78-06378b708967,10,10,0,0,0,free-music-archive,free-music-archive,Google;Stability AI,USED_BY
Bill Baird,Bill Baird,72431454-2d90-4466-bedb-efe76cf344c2,12,10,0,2,0,free-music-archive;sleeping-disco-9m,free-music-archive,Google;Stability AI,USED_BY
Lee Bains III And The Glory Fires,Lee Bains III And The Glory Fires,c95f867b-2191-4b8b-a0de-546606c1e476,42,20,0,22,0,free-music-archive;sleeping-disco-9m,free-music-archive,Google;Stability AI,USED_BY
Terry Malts,Terry Malts,3f202a5e-f720-4e94-a70b-3dfb30480dad,20,10,0,10,0,free-music-archive;sleeping-disco-9m,free-music-archive,Google;Stability AI,USED_BY
Underground River,Underground River,13500,10,10,0,0,0,free-music-archive,free-music-archive,Google;Stability AI,USED_BY
Deniz Tek,Deniz Tek,8411b99d-4247-4f71-8a0b-f1f74981853b,10,10,0,0,0,free-music-archive,free-music-archive,Google;Stability AI,USED_BY
Kiko Dinucci,Kiko Dinucci,8b060f17-69f6-48ae-add3-29df62e5eb0d,89,10,52,27,0,free-music-archive;laion-disco-12m;sleeping-disco-9m,free-music-archive,Google;Stability AI,USED_BY
Juçara Marçal,Juçara Marçal,ced96166-52c4-44e4-9699-ffd963f80f10,125,10,75,39,1,free-music-archive;laion-disco-12m;sleeping-disco-9m;spotify-tracks-dataset,free-music-archive,Google;Stability AI,USED_BY
Earth Trumpet,Earth Trumpet,9226a552-ea91-4336-9c1b-76c8da5087eb,10,10,0,0,0,free-music-archive,free-music-archive,Google;Stability AI,USED_BY
Christopher Elam,Christopher Elam,14077,10,10,0,0,0,free-music-archive,free-music-archive,Google;Stability AI,USED_BY
Marc Burt,Marc Burt,14209,10,10,0,0,0,free-music-archive,free-music-archive,Google;Stability AI,USED_BY
Immaculate Emotion Engines,Immaculate Emotion Engines,427bc068-7639-4a01-a460-15a72c76c636,10,10,0,0,0,free-music-archive,free-music-archive,Google;Stability AI,USED_BY
Evils That Never Came,Evils That Never Came,a735ab14-133c-432e-8053-e5464662c126,10,10,0,0,0,free-music-archive,free-music-archive,Google;Stability AI,USED_BY
ROGER ROBERT,ROGER ROBERT,7678,10,10,0,0,0,free-music-archive,free-music-archive,Google;Stability AI,USED_BY
Chris Cook,Chris Cook,e824521b-48c8-47ff-bbb4-13585256e85c,10,10,0,0,0,free-music-archive,free-music-archive,Google;Stability AI,USED_BY
Estrogen Highs,Estrogen Highs,a8d143c6-4362-400d-a2b5-c27be98be52c,30,10,0,20,0,free-music-archive;sleeping-disco-9m,free-music-archive,Google;Stability AI,USED_BY
the tunnel,the tunnel,3e23ed92-e8c1-4093-884b-17c22e084742,18,18,0,0,0,free-music-archive,free-music-archive,Google;Stability AI,USED_BY
Worriers,Worriers,daf82953-a932-42e8-ab60-3dd852fac6d1,120,10,68,42,0,free-music-archive;laion-disco-12m;sleeping-disco-9m,free-music-archive,Google;Stability AI,USED_BY
Crossworlds,Crossworlds,19114,10,10,0,0,0,free-music-archive,free-music-archive,Google;Stability AI,USED_BY
Palmyra Delran,Palmyra Delran,f912470e-937a-40f9-9317-deadb8c7c7a7,16,10,0,6,0,free-music-archive;sleeping-disco-9m,free-music-archive,Google;Stability AI,USED_BY
Minden,Minden,470b6b60-463d-48a3-936e-afc60813d06c,30,10,0,20,0,free-music-archive;sleeping-disco-9m,free-music-archive,Google;Stability AI,USED_BY
Jonathan Burks,Jonathan Burks,20975,10,10,0,0,0,free-music-archive,free-music-archive,Google;Stability AI,USED_BY
Joao Picoito,Joao Picoito,20971,10,10,0,0,0,free-music-archive,free-music-archive,Google;Stability AI,USED_BY
Shy Kids,Shy Kids,81c0d6c2-1779-4eb2-933d-41820522742b,52,10,42,0,0,free-music-archive;laion-disco-12m,free-music-archive,Google;Stability AI,USED_BY
Nate Maingard,Nate Maingard,8a1b40d8-e6d5-4504-b1b9-01bd0707f3d3,12,10,0,2,0,free-music-archive;sleeping-disco-9m,free-music-archive,Google;Stability AI,USED_BY
The Red Thread,The Red Thread,9f0b9972-95f1-44b6-be15-80f6a6dcd7ba,10,10,0,0,0,free-music-archive,free-music-archive,Google;Stability AI,USED_BY
Karyn Ellis,Karyn Ellis,be8e6b6a-eba8-415a-ab54-15acb2d9d061,10,10,0,0,0,free-music-archive,free-music-archive,Google;Stability AI,USED_BY
Cousin Silas / Black Hill,Cousin Silas / Black Hill,21060,10,10,0,0,0,free-music-archive,free-music-archive,Google;Stability AI,USED_BY
Wintermitts,Wintermitts,d07273fe-bff3-4404-90e1-569a50dac78f,10,10,0,0,0,free-music-archive,free-music-archive,Google;Stability AI,USED_BY
"Oh Yeah, the Future","Oh Yeah, the Future",21081,10,10,0,0,0,free-music-archive,free-music-archive,Google;Stability AI,USED_BY
chicago_word_brigade & brass-lines,chicago_word_brigade & brass-lines,21092,10,10,0,0,0,free-music-archive,free-music-archive,Google;Stability AI,USED_BY
Mal Occhio,Mal Occhio,21093,10,10,0,0,0,free-music-archive,free-music-archive,Google;Stability AI,USED_BY
Trigg & Gusset,Trigg & Gusset,b2176eae-16da-46e7-a29c-31efea86505e,61,10,40,11,0,free-music-archive;laion-disco-12m;sleeping-disco-9m,free-music-archive,Google;Stability AI,USED_BY
Jimmy Penguin Vs Symatic,Jimmy Penguin Vs Symatic,21117,10,10,0,0,0,free-music-archive,free-music-archive,Google;Stability AI,USED_BY
Marzipan Marzipan,Marzipan Marzipan,02f9ffac-8d70-43ae-9b9d-b8be1360dc9b,10,10,0,0,0,free-music-archive,free-music-archive,Google;Stability AI,USED_BY
va,va,6058,11,10,0,1,0,free-music-archive;sleeping-disco-9m,free-music-archive,Google;Stability AI,USED_BY
Robert Tilly,Robert Tilly,1wmgKC5oM8pQE1u3jc6uuj,10,10,0,0,0,free-music-archive,free-music-archive,Google;Stability AI,USED_BY
Cervo,Cervo,21314,10,10,0,0,0,free-music-archive,free-music-archive,Google;Stability AI,USED_BY
Your Marginally Talented Photographer Girlfriend,Your Marginally Talented Photographer Girlfriend,21464,10,10,0,0,0,free-music-archive,free-music-archive,Google;Stability AI,USED_BY
OpVious,OpVious,21484,10,10,0,0,0,free-music-archive,free-music-archive,Google;Stability AI,USED_BY
Goddess,Goddess,21491,10,10,0,0,0,free-music-archive,free-music-archive,Google;Stability AI,USED_BY
David Nadeau,David Nadeau,23fbb837-ffad-4bb8-a9d2-a7e933ac9f4c,10,10,0,0,0,free-music-archive,free-music-archive,Google;Stability AI,USED_BY
The Fish Who Saved the Planet,The Fish Who Saved the Planet,7e5c73a6-0eb2-435b-9d71-bb9d079bda2d,11,11,0,0,0,free-music-archive,free-music-archive,Google;Stability AI,USED_BY
Shayna Lewis,Shayna Lewis,21682,10,10,0,0,0,free-music-archive,free-music-archive,Google;Stability AI,USED_BY
Karissa Hobbs,Karissa Hobbs,21874,10,10,0,0,0,free-music-archive,free-music-archive,Google;Stability AI,USED_BY
Le Cose Bianche,Le Cose Bianche,21337,10,10,0,0,0,free-music-archive,free-music-archive,Google;Stability AI,USED_BY
Monkey Mind,Monkey Mind,22156,10,10,0,0,0,free-music-archive,free-music-archive,Google;Stability AI,USED_BY
XXIXI,XXIXI,97b7ae5b-3d51-430c-a604-f5c60c9d6902,10,10,0,0,0,free-music-archive,free-music-archive,Google;Stability AI,USED_BY
Black Flamingo,Black Flamingo,09fae34d-595d-460c-a90c-70936a5f935f,10,10,0,0,0,free-music-archive,free-music-archive,Google;Stability AI,USED_BY
Not From Georgia,Not From Georgia,22285,10,10,0,0,0,free-music-archive,free-music-archive,Google;Stability AI,USED_BY
Scott Nice,Scott Nice,0da3b68f-758f-4d83-bfef-6e6ba5cf4312,81,10,70,1,0,free-music-archive;laion-disco-12m;sleeping-disco-9m,free-music-archive,Google;Stability AI,USED_BY
The Middletown Creative Orchestra,The Middletown Creative Orchestra,22412,10,10,0,0,0,free-music-archive,free-music-archive,Google;Stability AI,USED_BY
Mueran Humanos,Mueran Humanos,2b58ed3c-b0ef-44df-b32d-104c8d2ae358,19,10,0,9,0,free-music-archive;sleeping-disco-9m,free-music-archive,Google;Stability AI,USED_BY
Jeffrey Philip Nelson,Jeffrey Philip Nelson,3dba3aa3-9ca5-476f-95da-faebc58b73d8,10,10,0,0,0,free-music-archive,free-music-archive,Google;Stability AI,USED_BY
Violet And The Mutants,Violet And The Mutants,f6145765-0961-4ce3-b849-18e80d95e7f8,13,13,0,0,0,free-music-archive,free-music-archive,Google;Stability AI,USED_BY
Fotos del Otoño,Fotos del Otoño,22287,10,10,0,0,0,free-music-archive,free-music-archive,Google;Stability AI,USED_BY
Noveller,Noveller,7d57e5b3-34a7-4862-973e-7cec0892f576,28,10,1,17,0,free-music-archive;laion-disco-12m;sleeping-disco-9m,free-music-archive,Google;Stability AI,USED_BY
Vlooper,Vlooper,21b3950d-e6cb-42f5-9a85-13676ce42966,10,10,0,0,0,free-music-archive,free-music-archive,Google;Stability AI,USED_BY
Modlee,Modlee,63501c74-bda8-4526-b470-d53ab351a3c6,22,10,1,11,0,free-music-archive;laion-disco-12m;sleeping-disco-9m,free-music-archive,Google;Stability AI,USED_BY
DJ Paternoster,DJ Paternoster,23642,10,10,0,0,0,free-music-archive,free-music-archive,Google;Stability AI,USED_BY
Sensorama 19-81,Sensorama 19-81,4bb6b4ca-1927-4d18-ae3d-f76f7e02e03d,10,10,0,0,0,free-music-archive,free-music-archive,Google;Stability AI,USED_BY
Dee Zee,Dee Zee,0e2e6204-15a6-4d7f-8dea-39a3c050b368,10,10,0,0,0,free-music-archive,free-music-archive,Google;Stability AI,USED_BY
The Carmines,The Carmines,a06c6049-0c73-4fb4-b90f-b82e70714fec,10,10,0,0,0,free-music-archive,free-music-archive,Google;Stability AI,USED_BY
csum,csum,4b20ef01-9e6d-42c6-829c-646dd2210913,20,20,0,0,0,free-music-archive,free-music-archive,Google;Stability AI,USED_BY
The Modern Airline,The Modern Airline,24093,10,10,0,0,0,free-music-archive,free-music-archive,Google;Stability AI,USED_BY
Vivid Tribe of Psychics,Vivid Tribe of Psychics,7327ca04-5831-4c76-8d3d-b98f165ffd8d,23,23,0,0,0,free-music-archive,free-music-archive,Google;Stability AI,USED_BY
Regular Gonzales,Regular Gonzales,24286,10,10,0,0,0,free-music-archive,free-music-archive,Google;Stability AI,USED_BY
Malaïse,Malaïse,c2c73c6a-d6ad-47a6-a943-c2e68526afae,10,10,0,0,0,free-music-archive,free-music-archive,Google;Stability AI,USED_BY
GOYMAMBA,GOYMAMBA,22684,10,10,0,0,0,free-music-archive,free-music-archive,Google;Stability AI,USED_BY
Jeff Sampson,Jeff Sampson,2729ba51-bdb1-4690-b2b5-f1d15a7c6771,10,10,0,0,0,free-music-archive,free-music-archive,Google;Stability AI,USED_BY
Pulso,Pulso,22809,10,10,0,0,0,free-music-archive,free-music-archive,Google;Stability AI,USED_BY
Polyrhythmics,Polyrhythmics,551946bc-e6db-4d69-b50a-4f3cfb29963f,87,10,77,0,0,free-music-archive;laion-disco-12m,free-music-archive,Google;Stability AI,USED_BY
Ardleg,Ardleg,ca932f1b-c0b9-448b-b406-2d0cd066305e,11,11,0,0,0,free-music-archive,free-music-archive,Google;Stability AI,USED_BY
Pink Hex,Pink Hex,18845,10,10,0,0,0,free-music-archive,free-music-archive,Google;Stability AI,USED_BY
Monkey Warhol,Monkey Warhol,a865e5c5-6359-48fd-892a-edca68a4c41d,10,10,0,0,0,free-music-archive,free-music-archive,Google;Stability AI,USED_BY
почему коммутатор молчит,почему коммутатор молчит,5f2a4e67-87b9-4995-b3d5-552a20f57c8c,10,10,0,0,0,free-music-archive,free-music-archive,Google;Stability AI,USED_BY
Feminine,Feminine,23419,10,10,0,0,0,free-music-archive,free-music-archive,Google;Stability AI,USED_BY
San Cristóbal Orquesta,San Cristóbal Orquesta,5498,10,10,0,0,0,free-music-archive,free-music-archive,Google;Stability AI,USED_BY
NASA,NASA,6055,10,10,0,0,0,free-music-archive,free-music-archive,Google;Stability AI,USED_BY
Geir Tjelta,Geir Tjelta,24b0f934-9c92-4cfb-b262-c660e096ae85,12,12,0,0,0,free-music-archive,free-music-archive,Google;Stability AI,USED_BY
Sidabitball,Sidabitball,447aebae-dcaa-4de9-ad9c-1a79c13febce,10,10,0,0,0,free-music-archive,free-music-archive,Google;Stability AI,USED_BY
ignatzthemouse,ignatzthemouse,6078,10,10,0,0,0,free-music-archive,free-music-archive,Google;Stability AI,USED_BY
Gipsyork,Gipsyork,6564,10,10,0,0,0,free-music-archive,free-music-archive,Google;Stability AI,USED_BY
V∅,V∅,30685b9c-419c-4567-86a8-49c720f7888f,10,10,0,0,0,free-music-archive,free-music-archive,Google;Stability AI,USED_BY
The Yummy Fur,The Yummy Fur,a7bdaa59-18fb-4ad4-9fca-bb710544b365,25,10,0,15,0,free-music-archive;sleeping-disco-9m,free-music-archive,Google;Stability AI,USED_BY
Disen Gage,Disen Gage,f8f5c19e-aab1-4206-8f13-1976bcf9ca0c,18,10,0,8,0,free-music-archive;sleeping-disco-9m,free-music-archive,Google;Stability AI,USED_BY
Cindy Sizer,Cindy Sizer,7e503700-b2d9-48ce-8466-802bc5391300,10,10,0,0,0,free-music-archive,free-music-archive,Google;Stability AI,USED_BY
Dragan Espenschied,Dragan Espenschied,a50e3b5b-5ce4-4126-a0d2-76f496dc91db,10,10,0,0,0,free-music-archive,free-music-archive,Google;Stability AI,USED_BY
Chris Andrews,Chris Andrews,7039,10,10,0,0,0,free-music-archive,free-music-archive,Google;Stability AI,USED_BY
Baobinga,Baobinga,3421f4bf-2f45-4cef-ae14-519cb3058c4e,20,10,9,0,1,free-music-archive;laion-disco-12m;spotify-tracks-dataset,free-music-archive,Google;Stability AI,USED_BY
I.D.,I.D.,d8643eb6-9588-4e2d-89f2-e7e278d1eaf4,23,10,9,3,1,free-music-archive;laion-disco-12m;sleeping-disco-9m;spotify-tracks-dataset,free-music-archive,Google;Stability AI,USED_BY
TerbujurKaku,TerbujurKaku,ebe9264f-94f4-42b4-a412-535ef47979d1,11,11,0,0,0,free-music-archive,free-music-archive,Google;Stability AI,USED_BY
IntraHealth International,IntraHealth International,7255,10,10,0,0,0,free-music-archive,free-music-archive,Google;Stability AI,USED_BY
Mangeclous,Mangeclous,7318,10,10,0,0,0,free-music-archive,free-music-archive,Google;Stability AI,USED_BY
Matheatre,Matheatre,8eab28e9-b613-4cfc-ba98-5715bd64a3a5,10,10,0,0,0,free-music-archive,free-music-archive,Google;Stability AI,USED_BY
St. LaRok,St. LaRok,829713e4-c356-4435-b2cc-e10501d1a5d3,10,10,0,0,0,free-music-archive,free-music-archive,Google;Stability AI,USED_BY
The Ribeye Brothers,The Ribeye Brothers,77a997ff-a49c-479a-9f95-f21ffe94bf4d,11,10,0,1,0,free-music-archive;sleeping-disco-9m,free-music-archive,Google;Stability AI,USED_BY
El Remolón,El Remolón,5de31412-4646-4436-bafd-3fdd986b608e,147,10,137,0,0,free-music-archive;laion-disco-12m,free-music-archive,Google;Stability AI,USED_BY
ZARAZ WAM ZAGRAM,ZARAZ WAM ZAGRAM,7826,10,10,0,0,0,free-music-archive,free-music-archive,Google;Stability AI,USED_BY
Charles Atlas,Charles Atlas,da3a71e0-2f6c-4d50-8571-b1ae750bfdc5,10,10,0,0,0,free-music-archive,free-music-archive,Google;Stability AI,USED_BY
Goat Bell,Goat Bell,2759dd20-5ffc-433b-be20-26b327b5d3d9,10,10,0,0,0,free-music-archive,free-music-archive,Google;Stability AI,USED_BY
Geotic,Geotic,780640e6-cfcb-431f-b5a6-865200dd35a7,122,10,92,20,0,free-music-archive;laion-disco-12m;sleeping-disco-9m,free-music-archive,Google;Stability AI,USED_BY
Calexico,Calexico,5e372a49-5672-4fb8-ba14-18c90780c4f9,231,10,149,72,0,free-music-archive;laion-disco-12m;sleeping-disco-9m,free-music-archive,Google;Stability AI,USED_BY
Party Boys,Party Boys,e8418b52-4874-404b-831d-efb2247b31da,10,10,0,0,0,free-music-archive,free-music-archive,Google;Stability AI,USED_BY
Mo Rooneh,Mo Rooneh,8489,10,10,0,0,0,free-music-archive,free-music-archive,Google;Stability AI,USED_BY
Doc Deem,Doc Deem,381edfe0-59ba-4cfb-ae1f-8ed20037e647,10,10,0,0,0,free-music-archive,free-music-archive,Google;Stability AI,USED_BY
Dunaewsky69,Dunaewsky69,8316,10,10,0,0,0,free-music-archive,free-music-archive,Google;Stability AI,USED_BY
The Jay Vons,The Jay Vons,ed86b0f2-6adf-4736-96ab-e010154c04a5,10,10,0,0,0,free-music-archive,free-music-archive,Google;Stability AI,USED_BY
Boodle Boy,Boodle Boy,9228,10,10,0,0,0,free-music-archive,free-music-archive,Google;Stability AI,USED_BY
Tobias Herzz Hallbauer,Tobias Herzz Hallbauer,79772216-9105-4a35-9ac8-7f9389c7af9d,10,10,0,0,0,free-music-archive,free-music-archive,Google;Stability AI,USED_BY
Quiet Hooves,Quiet Hooves,40861cf6-789e-497e-80ba-cccf045c4372,10,10,0,0,0,free-music-archive,free-music-archive,Google;Stability AI,USED_BY
Viva L'American Death Ray Music,Viva L'American Death Ray Music,26e258b3-4409-4f76-aa88-1f3a388f86a2,10,10,0,0,0,free-music-archive,free-music-archive,Google;Stability AI,USED_BY
Sk'p,Sk'p,baca58e6-b7dd-4f1e-b529-b7d2574475da,10,10,0,0,0,free-music-archive,free-music-archive,Google;Stability AI,USED_BY
Echo lali,Echo lali,f25bf41b-a0c5-47cc-bb00-4939485c59ce,10,10,0,0,0,free-music-archive,free-music-archive,Google;Stability AI,USED_BY
Sendelica,Sendelica,59499c50-1671-4fa3-8814-e923b96ad723,10,10,0,0,0,free-music-archive,free-music-archive,Google;Stability AI,USED_BY
Brian,Brian,6124,13,10,2,1,0,free-music-archive;laion-disco-12m;sleeping-disco-9m,free-music-archive,Google;Stability AI,USED_BY
Innig,Innig,10098,10,10,0,0,0,free-music-archive,free-music-archive,Google;Stability AI,USED_BY
Kreamy 'Lectric Santa,Kreamy 'Lectric Santa,9c81e488-47d5-4b7e-b14d-9a95b184fab6,10,10,0,0,0,free-music-archive,free-music-archive,Google;Stability AI,USED_BY
Kevin Purvis,Kevin Purvis,10244,10,10,0,0,0,free-music-archive,free-music-archive,Google;Stability AI,USED_BY
Pionir 10,Pionir 10,18ac423d-2259-4d0d-afb6-3a63a4bdaa40,10,10,0,0,0,free-music-archive,free-music-archive,Google;Stability AI,USED_BY
Myra Lee,Myra Lee,1b1c5801-ba5a-4702-b0a5-83768ec527e9,10,10,0,0,0,free-music-archive,free-music-archive,Google;Stability AI,USED_BY
I.T.B.A.,I.T.B.A.,08abeaa7-3320-46df-9d5f-b6726ecbcba3,10,10,0,0,0,free-music-archive,free-music-archive,Google;Stability AI,USED_BY
Tre Orsi,Tre Orsi,394b9bce-8937-4e0c-8922-a9d58227682b,10,10,0,0,0,free-music-archive,free-music-archive,Google;Stability AI,USED_BY
The Sun (US indie rock/pop band),The Sun (US indie rock/pop band),1a28f7a2-d980-44c3-80fa-2b0056c615d9,70,10,37,23,0,free-music-archive;laion-disco-12m;sleeping-disco-9m,free-music-archive,Google;Stability AI,USED_BY
Crush!!!,Crush!!!,6dd5c37f-35cb-4dfd-b1f2-e090b1e27066,10,10,0,0,0,free-music-archive,free-music-archive,Google;Stability AI,USED_BY
Pete Prodoehl,Pete Prodoehl,40419504-928c-4af7-99f6-691326fd2e96,10,10,0,0,0,free-music-archive,free-music-archive,Google;Stability AI,USED_BY
Zap-Pascal,Zap-Pascal,1db42113-343f-47b3-b3ab-0eb5ee148e8f,11,11,0,0,0,free-music-archive,free-music-archive,Google;Stability AI,USED_BY
Backyard Music,Backyard Music,ce0254d8-b0a0-41e4-9a23-db1f282112e0,10,10,0,0,0,free-music-archive,free-music-archive,Google;Stability AI,USED_BY
Aden Ôhm,Aden Ôhm,f1d48f79-e0aa-4aec-ab4c-883ad562c3ea,10,10,0,0,0,free-music-archive,free-music-archive,Google;Stability AI,USED_BY
Go Genre Everything,Go Genre Everything,04fdcf09-84d0-459e-8780-7456ed7e527e,10,10,0,0,0,free-music-archive,free-music-archive,Google;Stability AI,USED_BY
Futurología,Futurología,7ac83dec-e393-4344-aa89-dc77ad56bfae,10,10,0,0,0,free-music-archive,free-music-archive,Google;Stability AI,USED_BY
Porion,Porion,5c03c458-4df3-43a7-97a0-fb62ff37dd11,11,11,0,0,0,free-music-archive,free-music-archive,Google;Stability AI,USED_BY
Mascara Sue,Mascara Sue,55cb2c82-8113-4c26-b784-e59adfe24787,10,10,0,0,0,free-music-archive,free-music-archive,Google;Stability AI,USED_BY
Mammal of Paradise,Mammal of Paradise,e8fa5d54-7740-44e7-8add-1410254f20e0,10,10,0,0,0,free-music-archive,free-music-archive,Google;Stability AI,USED_BY
Mister Beep,Mister Beep,21f91960-bfbe-4c3a-b38e-213233b4676a,10,10,0,0,0,free-music-archive,free-music-archive,Google;Stability AI,USED_BY
Lambs Gamble,Lambs Gamble,e064dd1d-1ec9-4a61-8e11-d908983f53f1,10,10,0,0,0,free-music-archive,free-music-archive,Google;Stability AI,USED_BY
Dead Gum,Dead Gum,a9ab4f22-cb57-4271-a280-49c0f4199187,10,10,0,0,0,free-music-archive,free-music-archive,Google;Stability AI,USED_BY
Junichi Usui,Junichi Usui,0fc72e34-8674-41e6-b97a-70a49f009944,10,10,0,0,0,free-music-archive,free-music-archive,Google;Stability AI,USED_BY
Ava Zandieh,Ava Zandieh,06e3aa83-69f1-41b3-95a2-71548670111e,10,10,0,0,0,free-music-archive,free-music-archive,Google;Stability AI,USED_BY
john collins mccormick,john collins mccormick,1f3c6cad-a2c9-411d-8f4b-72128572ada1,10,10,0,0,0,free-music-archive,free-music-archive,Google;Stability AI,USED_BY
Cuban Cowboys,Cuban Cowboys,0ef2c26e-ed53-44d7-b0b2-f4efff554b59,10,10,0,0,0,free-music-archive,free-music-archive,Google;Stability AI,USED_BY
37 Pink,37 Pink,2bea650c-272c-4a35-9395-9228b5526a67,10,10,0,0,0,free-music-archive,free-music-archive,Google;Stability AI,USED_BY
-1348-,-1348-,91ae83cd-171d-471a-8a01-5ace526d2624,10,10,0,0,0,free-music-archive,free-music-archive,Google;Stability AI,USED_BY
Breuss Arrizabalaga Quintet,Breuss Arrizabalaga Quintet,27426580-1469-41a3-a13d-d6e96e8154e5,10,10,0,0,0,free-music-archive,free-music-archive,Google;Stability AI,USED_BY
Diamondsnake,Diamondsnake,090e2857-ee9e-4276-9867-1cd3e89b834f,10,10,0,0,0,free-music-archive,free-music-archive,Google;Stability AI,USED_BY
Steveless,Steveless,a9474e86-afeb-4010-9186-82f9213ad8c4,10,10,0,0,0,free-music-archive,free-music-archive,Google;Stability AI,USED_BY
Syd Howells,Syd Howells,f577aa6f-a37b-4ecb-8d87-19d092c13741,10,10,0,0,0,free-music-archive,free-music-archive,Google;Stability AI,USED_BY
exteenager,exteenager,56196d6a-5780-4363-b165-9ca04c9275a0,22,22,0,0,0,free-music-archive,free-music-archive,Google;Stability AI,USED_BY
Starring,Starring,300df8b8-e2d3-4e60-87e6-fb8822b74c55,10,10,0,0,0,free-music-archive,free-music-archive,Google;Stability AI,USED_BY
Limited Liability Sounds,Limited Liability Sounds,8d92d923-70af-494e-9046-0d3696ef85b3,10,10,0,0,0,free-music-archive,free-music-archive,Google;Stability AI,USED_BY
Ada Rave Cuarteto,Ada Rave Cuarteto,12079,10,10,0,0,0,free-music-archive,free-music-archive,Google;Stability AI,USED_BY
Mighty Fine,Mighty Fine,bf110c43-188d-4a77-85aa-4f19ad5a419a,10,10,0,0,0,free-music-archive,free-music-archive,Google;Stability AI,USED_BY
The Siberians,The Siberians,12816,10,10,0,0,0,free-music-archive,free-music-archive,Google;Stability AI,USED_BY
The Baseball Project,The Baseball Project,fbc4d88b-ee30-4cb8-b102-37826d88206b,39,10,0,29,0,free-music-archive;sleeping-disco-9m,free-music-archive,Google;Stability AI,USED_BY
Redmann,Redmann,14211,10,10,0,0,0,free-music-archive,free-music-archive,Google;Stability AI,USED_BY
Altered Boys,Altered Boys,20d9a60a-c108-4ff5-9626-c0d72496b407,10,10,0,0,0,free-music-archive,free-music-archive,Google;Stability AI,USED_BY
Copor & Ivan Ckonjevic,Copor & Ivan Ckonjevic,19127,10,10,0,0,0,free-music-archive,free-music-archive,Google;Stability AI,USED_BY
Itasca,Itasca,85b20f30-c1f1-4527-806f-0d40eedf7fc6,13,10,0,3,0,free-music-archive;sleeping-disco-9m,free-music-archive,Google;Stability AI,USED_BY
Sloom,Sloom,20294,10,10,0,0,0,free-music-archive,free-music-archive,Google;Stability AI,USED_BY
AG Davis & The Boy + Girl,AG Davis & The Boy + Girl,20309,10,10,0,0,0,free-music-archive,free-music-archive,Google;Stability AI,USED_BY
Zach Dorn,Zach Dorn,20761,10,10,0,0,0,free-music-archive,free-music-archive,Google;Stability AI,USED_BY
Jens-Ulrik Kleemeyer,Jens-Ulrik Kleemeyer,20994,10,10,0,0,0,free-music-archive,free-music-archive,Google;Stability AI,USED_BY
UP Paolo Pavan Pasqualino Ubaldini,UP Paolo Pavan Pasqualino Ubaldini,21802,10,10,0,0,0,free-music-archive,free-music-archive,Google;Stability AI,USED_BY
Nodus1,Nodus1,a97040f2-d1d2-46c2-a1fb-e2eddc1eb4ce,10,10,0,0,0,free-music-archive,free-music-archive,Google;Stability AI,USED_BY
Kromatic,Kromatic,4edf46cd-43a2-4b1b-8d4f-3f3e93fa3112,10,10,0,0,0,free-music-archive,free-music-archive,Google;Stability AI,USED_BY
Momolot,Momolot,16578,10,10,0,0,0,free-music-archive,free-music-archive,Google;Stability AI,USED_BY
al karpenter,al karpenter,f7b5c5c4-bc7b-4045-bbe6-1846cd0260ed,10,10,0,0,0,free-music-archive,free-music-archive,Google;Stability AI,USED_BY
Julie Byrne,Julie Byrne,4266bddb-2a59-445c-9b90-29f84dfffff6,80,10,39,31,0,free-music-archive;laion-disco-12m;sleeping-disco-9m,free-music-archive,Google;Stability AI,USED_BY
4T Thieves,4T Thieves,51bbfdab-c166-4087-9991-fd8a29dda2e1,10,10,0,0,0,free-music-archive,free-music-archive,Google;Stability AI,USED_BY
sanmi,sanmi,27b553e4-fbb2-48ce-9eec-b20ad1755716,10,10,0,0,0,free-music-archive,free-music-archive,Google;Stability AI,USED_BY
Marc Broude,Marc Broude,eeaf581d-fd30-4f82-8fb6-4b478e608525,10,10,0,0,0,free-music-archive,free-music-archive,Google;Stability AI,USED_BY
Tasseomancy,Tasseomancy,854f0772-bb38-40de-bc81-28776937707d,30,10,0,20,0,free-music-archive;sleeping-disco-9m,free-music-archive,Google;Stability AI,USED_BY
Raul Diaz Palomar,Raul Diaz Palomar,afceb998-8b0a-4053-b1b2-9bc9750641ef,21,21,0,0,0,free-music-archive,free-music-archive,Google;Stability AI,USED_BY
Mescalibur,Mescalibur,354fc1f1-77d8-4d4b-abbe-e66da88e16b0,10,10,0,0,0,free-music-archive,free-music-archive,Google;Stability AI,USED_BY
Bradley The Buyer,Bradley The Buyer,cd189384-76ee-4344-818d-6e940a4e021c,10,10,0,0,0,free-music-archive,free-music-archive,Google;Stability AI,USED_BY
Gay Witch Abortion,Gay Witch Abortion,f49ab1b8-a798-4cee-a161-a4719a928e31,13,10,0,3,0,free-music-archive;sleeping-disco-9m,free-music-archive,Google;Stability AI,USED_BY
People,People,20636,13,10,3,0,0,free-music-archive;laion-disco-12m,free-music-archive,Google;Stability AI,USED_BY
The Choke,The Choke,84a71065-9f85-4bc9-839f-f9895aa0042e,9,9,0,0,0,free-music-archive,free-music-archive,Google;Stability AI,USED_BY
Pit Malone,Pit Malone,0800fac9-ddd6-499f-afa4-471508ded878,9,9,0,0,0,free-music-archive,free-music-archive,Google;Stability AI,USED_BY
Volumina,Volumina,91e82c5c-8b93-4d3a-a8c3-9014a753401b,9,9,0,0,0,free-music-archive,free-music-archive,Google;Stability AI,USED_BY
The 'Mericans,The 'Mericans,f84c9e3c-3257-4a93-af53-f458564b3734,9,9,0,0,0,free-music-archive,free-music-archive,Google;Stability AI,USED_BY
Macio Moretti,Macio Moretti,cf1f0697-6b8b-45e2-8ece-caf7ccf18e29,27,9,18,0,0,free-music-archive;laion-disco-12m,free-music-archive,Google;Stability AI,USED_BY
Piotr Zabrodski,Piotr Zabrodski,aada233a-4342-46b2-8bbd-f3752f0b4fe3,9,9,0,0,0,free-music-archive,free-music-archive,Google;Stability AI,USED_BY
Propaganda Anonymous,Propaganda Anonymous,8416,9,9,0,0,0,free-music-archive,free-music-archive,Google;Stability AI,USED_BY
Ariel Pink's Haunted Graffiti,Ariel Pink's Haunted Graffiti,4ac6c2fd-daad-4c31-b266-017c79d2e9a9,76,9,26,41,0,free-music-archive;laion-disco-12m;sleeping-disco-9m,free-music-archive,Google;Stability AI,USED_BY
Vertonen,Vertonen,95d47e50-994f-46a3-ac90-bbefa46190e6,9,9,0,0,0,free-music-archive,free-music-archive,Google;Stability AI,USED_BY
Apache,Apache,f223784d-b958-4528-b1ae-d59d6579edbd,9,9,0,0,0,free-music-archive,free-music-archive,Google;Stability AI,USED_BY
Bonne Aparte,Bonne Aparte,bc6dca80-57d5-4f92-8402-9a218222dfd7,9,9,0,0,0,free-music-archive,free-music-archive,Google;Stability AI,USED_BY
Country Teasers,Country Teasers,b8740fa2-0c06-4a5f-8e29-6561308ea8f3,45,9,0,36,0,free-music-archive;sleeping-disco-9m,free-music-archive,Google;Stability AI,USED_BY
Fern Knight,Fern Knight,29f997d3-c5dc-4730-a64d-87240ca12f2c,27,9,0,18,0,free-music-archive;sleeping-disco-9m,free-music-archive,Google;Stability AI,USED_BY
The Leather Uppers,The Leather Uppers,cca68125-c5cd-4d9d-b826-b0228be3008b,9,9,0,0,0,free-music-archive,free-music-archive,Google;Stability AI,USED_BY
Steve Wynn & the Miracle 3,Steve Wynn & the Miracle 3,b96e4bdf-a978-4df0-8e78-8ea7e5532033,29,9,0,20,0,free-music-archive;sleeping-disco-9m,free-music-archive,Google;Stability AI,USED_BY
The Moi Non Plus,The Moi Non Plus,933b9e70-a1e4-477c-9672-584123634ecc,9,9,0,0,0,free-music-archive,free-music-archive,Google;Stability AI,USED_BY
The Tokeleys,The Tokeleys,1332,9,9,0,0,0,free-music-archive,free-music-archive,Google;Stability AI,USED_BY
U.S. Girls,U.S. Girls,036912f5-c717-498d-8958-6058de17bb70,182,9,119,54,0,free-music-archive;laion-disco-12m;sleeping-disco-9m,free-music-archive,Google;Stability AI,USED_BY
Kavala Brass Band,Kavala Brass Band,1834,9,9,0,0,0,free-music-archive,free-music-archive,Google;Stability AI,USED_BY
Height With Friends,Height With Friends,2860320a-8942-426e-b93b-c05117b58eb3,9,9,0,0,0,free-music-archive,free-music-archive,Google;Stability AI,USED_BY
Jowe Head,Jowe Head,3863fd93-5820-4574-9585-f30d71cfbaa5,9,9,0,0,0,free-music-archive,free-music-archive,Google;Stability AI,USED_BY
Alan Vega,Alan Vega,dd720ac8-1c68-4484-abb7-0546413a55e3,47,9,3,35,0,free-music-archive;laion-disco-12m;sleeping-disco-9m,free-music-archive,Google;Stability AI,USED_BY
Lettuce Prey,Lettuce Prey,99ce59b4-4184-409d-b1f8-bbbe8f9242cf,9,9,0,0,0,free-music-archive,free-music-archive,Google;Stability AI,USED_BY
The Diskettes,The Diskettes,2d10a776-1fb0-48a1-b058-bd4cc74f77e3,9,9,0,0,0,free-music-archive,free-music-archive,Google;Stability AI,USED_BY
Skin O. Daayba,Skin O. Daayba,2280,9,9,0,0,0,free-music-archive,free-music-archive,Google;Stability AI,USED_BY
dnymr,dnymr,2328,9,9,0,0,0,free-music-archive,free-music-archive,Google;Stability AI,USED_BY
Chris Andrews,Chris Andrews,6606ea78-d757-4070-95d5-feac46c561b4,136,9,121,6,0,free-music-archive;laion-disco-12m;sleeping-disco-9m,free-music-archive,Google;Stability AI,USED_BY
Red Dawn II,Red Dawn II,91d5c1db-9442-40dc-9e46-67eea92adce2,9,9,0,0,0,free-music-archive,free-music-archive,Google;Stability AI,USED_BY
Golden Triangle,Golden Triangle,bd81b4ef-4541-4cab-9543-3d82c43b7cd8,9,9,0,0,0,free-music-archive,free-music-archive,Google;Stability AI,USED_BY
Kate Ferencz,Kate Ferencz,87386935-c823-4653-b2d5-788c941931cf,9,9,0,0,0,free-music-archive,free-music-archive,Google;Stability AI,USED_BY
Niwouinwouin,Niwouinwouin,cf30ca4b-ce0e-4804-a598-d801bf46bb25,9,9,0,0,0,free-music-archive,free-music-archive,Google;Stability AI,USED_BY
No Regrets For Our Youth,No Regrets For Our Youth,3166,9,9,0,0,0,free-music-archive,free-music-archive,Google;Stability AI,USED_BY
Chrome Cranks,Chrome Cranks,58f32206-e7dc-4a06-baff-e98e6ce4138b,11,11,0,0,0,free-music-archive,free-music-archive,Google;Stability AI,USED_BY
Dorothy's Magic Bag,Dorothy's Magic Bag,129b3493-f913-432b-a3c0-a2547bb26c41,9,9,0,0,0,free-music-archive,free-music-archive,Google;Stability AI,USED_BY
BIG TreaL,BIG TreaL,ca9075f9-edbe-4cde-8a31-dbecba65e3bd,11,9,1,1,0,free-music-archive;laion-disco-12m;sleeping-disco-9m,free-music-archive,Google;Stability AI,USED_BY
Ism,Ism,9aa662a9-38db-4d84-ae05-1ecc64d9e721,9,9,0,0,0,free-music-archive,free-music-archive,Google;Stability AI,USED_BY
Regia,Regia,4003,9,9,0,0,0,free-music-archive,free-music-archive,Google;Stability AI,USED_BY
Sigmund Droid,Sigmund Droid,34164bdd-e705-41db-b417-353e9fc1b890,9,9,0,0,0,free-music-archive,free-music-archive,Google;Stability AI,USED_BY
Rah Bras,Rah Bras,2e9e772c-c110-4173-b9e7-9591cd14d01a,9,9,0,0,0,free-music-archive,free-music-archive,Google;Stability AI,USED_BY
Goodnight Loving,Goodnight Loving,c795d787-3207-422a-b7aa-adaac024c53d,9,9,0,0,0,free-music-archive,free-music-archive,Google;Stability AI,USED_BY
Carson Day,Carson Day,71b5bfb3-da59-4318-92e9-327fa63e1d4c,9,9,0,0,0,free-music-archive,free-music-archive,Google;Stability AI,USED_BY
Jonny Chan and the New Dynasty 6,Jonny Chan and the New Dynasty 6,53e2e840-3a21-4f16-8f41-b314214bf779,9,9,0,0,0,free-music-archive,free-music-archive,Google;Stability AI,USED_BY
Multifaros,Multifaros,76d4f5e1-51fa-4fe4-bde9-73a228572363,9,9,0,0,0,free-music-archive,free-music-archive,Google;Stability AI,USED_BY
Kinetic Jane,Kinetic Jane,1d9988d7-f448-4489-8db7-cf11edbaace4,9,9,0,0,0,free-music-archive,free-music-archive,Google;Stability AI,USED_BY
The Subhuman,The Subhuman,a790fec6-f80c-4a9b-9c55-24bc7bf496e0,9,9,0,0,0,free-music-archive,free-music-archive,Google;Stability AI,USED_BY
Nullsleep,Nullsleep,cc1ff172-ac70-42b8-bbb8-6ff9b4b15614,21,9,0,12,0,free-music-archive;sleeping-disco-9m,free-music-archive,Google;Stability AI,USED_BY
Outrageous Cherry,Outrageous Cherry,85712bc6-be20-4e52-9b5b-1119521796b8,131,9,121,1,0,free-music-archive;laion-disco-12m;sleeping-disco-9m,free-music-archive,Google;Stability AI,USED_BY
Gustav Thomas,Gustav Thomas,3169,9,9,0,0,0,free-music-archive,free-music-archive,Google;Stability AI,USED_BY
Position Normal,Position Normal,065fec1a-714b-4505-804e-469704017b34,9,9,0,0,0,free-music-archive,free-music-archive,Google;Stability AI,USED_BY
Atlas Sound,Atlas Sound,1a02453e-5f86-4220-abd6-1d889d2fa517,70,9,41,20,0,free-music-archive;laion-disco-12m;sleeping-disco-9m,free-music-archive,Google;Stability AI,USED_BY
Ilia Belorukov,Ilia Belorukov,5218,9,9,0,0,0,free-music-archive,free-music-archive,Google;Stability AI,USED_BY
The Fresh & Onlys,The Fresh & Onlys,d984eb09-1fd6-435b-a3b9-5754c59b099b,23,9,0,14,0,free-music-archive;sleeping-disco-9m,free-music-archive,Google;Stability AI,USED_BY
Jawbone,Jawbone,880197fa-ffe2-4efc-a8ee-07850b6b3dcc,31,9,0,22,0,free-music-archive;sleeping-disco-9m,free-music-archive,Google;Stability AI,USED_BY
Edmondez-NesCo.-Drenching,Edmondez-NesCo.-Drenching,5415,9,9,0,0,0,free-music-archive,free-music-archive,Google;Stability AI,USED_BY
Mob Action,Mob Action,5444,9,9,0,0,0,free-music-archive,free-music-archive,Google;Stability AI,USED_BY
I Am the Liquor,I Am the Liquor,f097e2ea-0083-4b28-bc75-93e84b1b0af4,9,9,0,0,0,free-music-archive,free-music-archive,Google;Stability AI,USED_BY
I Have Clones,I Have Clones,61d9b4a5-6fa8-4be4-8377-fa80db646a3a,9,9,0,0,0,free-music-archive,free-music-archive,Google;Stability AI,USED_BY
Økapi,Økapi,3946f8e8-899c-4c17-934b-2f5205c845db,10,9,1,0,0,free-music-archive;laion-disco-12m,free-music-archive,Google;Stability AI,USED_BY
The Lothars,The Lothars,201debf5-dda7-47cd-bf44-9fce64416264,9,9,0,0,0,free-music-archive,free-music-archive,Google;Stability AI,USED_BY
Meanest Man Contest,Meanest Man Contest,00dff964-e591-4c12-bc59-44bcb725c80d,12,9,1,2,0,free-music-archive;laion-disco-12m;sleeping-disco-9m,free-music-archive,Google;Stability AI,USED_BY
Z'EV,Z'EV,498b8068-86bd-4b56-86fe-fc95427a16b0,9,9,0,0,0,free-music-archive,free-music-archive,Google;Stability AI,USED_BY
Harlan,Harlan,00cd31f0-4b21-44c9-aa6a-b88d5400b3a4,9,9,0,0,0,free-music-archive,free-music-archive,Google;Stability AI,USED_BY
Beth Sorrentino,Beth Sorrentino,fcd63029-37b0-4941-8ff8-023044bce17c,9,9,0,0,0,free-music-archive,free-music-archive,Google;Stability AI,USED_BY
Hot Buns and Tea,Hot Buns and Tea,2213,9,9,0,0,0,free-music-archive,free-music-archive,Google;Stability AI,USED_BY
Nora Keyes,Nora Keyes,cfdc1656-3af8-43e6-8d18-a9340255e077,9,9,0,0,0,free-music-archive,free-music-archive,Google;Stability AI,USED_BY
Concord Ballet Orchestra Players,Concord Ballet Orchestra Players,e55dc89f-2fa5-42ca-ab33-9e54d378047b,9,9,0,0,0,free-music-archive,free-music-archive,Google;Stability AI,USED_BY
Matt Keating,Matt Keating,53d4cbb8-fb16-45db-9794-3f08ea119eec,9,9,0,0,0,free-music-archive,free-music-archive,Google;Stability AI,USED_BY
Dr Dub,Dr Dub,5282,9,9,0,0,0,free-music-archive,free-music-archive,Google;Stability AI,USED_BY
LJ Kruzer,LJ Kruzer,ec3730ba-1745-4751-a5c6-91fd5477bfe3,9,9,0,0,0,free-music-archive,free-music-archive,Google;Stability AI,USED_BY
Paul Flaherty,Paul Flaherty,4ac84e6d-1d07-42d2-bf1f-cb9535acc1ff,10,9,1,0,0,free-music-archive;laion-disco-12m,free-music-archive,Google;Stability AI,USED_BY
Ty Segall,Ty Segall,07a17571-81fc-4cf8-a634-98f0d926d313,255,9,146,100,0,free-music-archive;laion-disco-12m;sleeping-disco-9m,free-music-archive,Google;Stability AI,USED_BY
Jeremiah Cymerman,Jeremiah Cymerman,5bd71919-f90b-4b92-8e1c-944368ddce35,9,9,0,0,0,free-music-archive,free-music-archive,Google;Stability AI,USED_BY
A Kombi,A Kombi,836d6a77-30d8-446f-a8a5-a0b7d361e554,9,9,0,0,0,free-music-archive,free-music-archive,Google;Stability AI,USED_BY
Misty Roses,Misty Roses,fc025afe-ac45-4ab2-b48c-cd6b1ddc293d,9,9,0,0,0,free-music-archive,free-music-archive,Google;Stability AI,USED_BY
Arrington de Dionyso with Graeme W. Smith,Arrington de Dionyso with Graeme W. Smith,17866,9,9,0,0,0,free-music-archive,free-music-archive,Google;Stability AI,USED_BY
Harris Brothers Balkan Band,Harris Brothers Balkan Band,17937,9,9,0,0,0,free-music-archive,free-music-archive,Google;Stability AI,USED_BY
Unforeseen Heights,Unforeseen Heights,0fe58ab8-2d94-4a20-8c7e-8832def72de3,9,9,0,0,0,free-music-archive,free-music-archive,Google;Stability AI,USED_BY
Zingeray!,Zingeray!,18030,9,9,0,0,0,free-music-archive,free-music-archive,Google;Stability AI,USED_BY
Pang,Pang,13134,9,9,0,0,0,free-music-archive,free-music-archive,Google;Stability AI,USED_BY
Ortho-tonics,Ortho-tonics,89eb1127-5a49-47e8-b71b-3f905fe2b278,31,31,0,0,0,free-music-archive,free-music-archive,Google;Stability AI,USED_BY
Sleepy John Corbeck,Sleepy John Corbeck,18413,9,9,0,0,0,free-music-archive,free-music-archive,Google;Stability AI,USED_BY
The Split Squad,The Split Squad,72a1821a-d232-4d94-9895-e6c5ebf2a04e,9,9,0,0,0,free-music-archive,free-music-archive,Google;Stability AI,USED_BY
Bipolaroid,Bipolaroid,a4c78c7b-86ed-4d3c-aad4-cda91944d0a9,9,9,0,0,0,free-music-archive,free-music-archive,Google;Stability AI,USED_BY
MUTANTLAB,MUTANTLAB,50b63801-6c88-4f15-a675-8ab33dd7cdf5,9,9,0,0,0,free-music-archive,free-music-archive,Google;Stability AI,USED_BY
La Misma,La Misma,0f0c55f1-1661-4634-a0e1-6a54ad6eb102,10,9,1,0,0,free-music-archive;laion-disco-12m,free-music-archive,Google;Stability AI,USED_BY
miami slice,miami slice,5c698ffb-6f79-4381-ba6c-b0f255bde6be,9,9,0,0,0,free-music-archive,free-music-archive,Google;Stability AI,USED_BY
Walt Thisney,Walt Thisney,77c2b00c-0b6c-4b2c-8a32-d9d809e65388,9,9,0,0,0,free-music-archive,free-music-archive,Google;Stability AI,USED_BY
Don Goliath,Don Goliath,f803ba5a-5f4a-4fbe-ba03-119a8dccb6a7,10,9,0,1,0,free-music-archive;sleeping-disco-9m,free-music-archive,Google;Stability AI,USED_BY
Blackstone Rangers,Blackstone Rangers,18745,9,9,0,0,0,free-music-archive,free-music-archive,Google;Stability AI,USED_BY
The United Sons of Toil,The United Sons of Toil,caaacae2-fbf8-4059-bd35-fd34bdb8e5f6,9,9,0,0,0,free-music-archive,free-music-archive,Google;Stability AI,USED_BY
Гладилин-Булгаков-Самохин,Гладилин-Булгаков-Самохин,18809,9,9,0,0,0,free-music-archive,free-music-archive,Google;Stability AI,USED_BY
Mamá Patxanga,Mamá Patxanga,18810,9,9,0,0,0,free-music-archive,free-music-archive,Google;Stability AI,USED_BY
Winston,Winston,18812,9,9,0,0,0,free-music-archive,free-music-archive,Google;Stability AI,USED_BY
Wann,Wann,011d798d-2d1d-4227-9728-c5e0db402aa3,9,9,0,0,0,free-music-archive,free-music-archive,Google;Stability AI,USED_BY
Celebration,Celebration,a2e89940-5dfc-4672-bb52-01b2b99b153f,28,9,0,19,0,free-music-archive;sleeping-disco-9m,free-music-archive,Google;Stability AI,USED_BY
André Darius,André Darius,53ce4fe4-eae1-45b3-a2ec-9fc5f39afb19,16,15,0,1,0,free-music-archive;sleeping-disco-9m,free-music-archive,Google;Stability AI,USED_BY
Martin Pozdrowicz,Martin Pozdrowicz,ecd9cb80-e488-476e-981b-194ba4b71d03,9,9,0,0,0,free-music-archive,free-music-archive,Google;Stability AI,USED_BY
Sun Sunych,Sun Sunych,18877,9,9,0,0,0,free-music-archive,free-music-archive,Google;Stability AI,USED_BY
Arc Waves,Arc Waves,45700015-da2c-46be-826d-8619bf8258e9,9,9,0,0,0,free-music-archive,free-music-archive,Google;Stability AI,USED_BY
Valery & the Greedies,Valery & the Greedies,0cd7fcbc-0c8e-4ae2-adc0-36deefe62d04,9,9,0,0,0,free-music-archive,free-music-archive,Google;Stability AI,USED_BY
Projekt Klangform,Projekt Klangform,7cb962da-357a-48da-b1e2-15db35f6d1c1,9,9,0,0,0,free-music-archive,free-music-archive,Google;Stability AI,USED_BY
The Money Shot,The Money Shot,19069,9,9,0,0,0,free-music-archive,free-music-archive,Google;Stability AI,USED_BY
Presque Maudit,Presque Maudit,29be38f4-a776-42de-9603-a75080ec95ef,9,9,0,0,0,free-music-archive,free-music-archive,Google;Stability AI,USED_BY
Auto Bonfire,Auto Bonfire,19121,9,9,0,0,0,free-music-archive,free-music-archive,Google;Stability AI,USED_BY
Be Forest,Be Forest,b3efa184-487a-4518-a0d0-0b14179601df,35,9,0,26,0,free-music-archive;sleeping-disco-9m,free-music-archive,Google;Stability AI,USED_BY
On Tour,On Tour,01927ccc-4673-479a-b40a-9b2312f77418,9,9,0,0,0,free-music-archive,free-music-archive,Google;Stability AI,USED_BY
Igor Amokian,Igor Amokian,cf647139-7688-44a8-9f40-37f874b87dfd,9,9,0,0,0,free-music-archive,free-music-archive,Google;Stability AI,USED_BY
Randy Randall,Randy Randall,19257,9,9,0,0,0,free-music-archive,free-music-archive,Google;Stability AI,USED_BY
Linnus,Linnus,2bee83a2-3c00-445f-9cda-eee0a4f42e6c,9,9,0,0,0,free-music-archive,free-music-archive,Google;Stability AI,USED_BY
Chicano Batman,Chicano Batman,46efbaa6-1bf3-44b5-8838-67f77d77aa96,124,9,73,38,4,free-music-archive;laion-disco-12m;sleeping-disco-9m;spotify-tracks-dataset,free-music-archive,Google;Stability AI,USED_BY
Mr Frisby's Beat Pocket,Mr Frisby's Beat Pocket,19392,9,9,0,0,0,free-music-archive,free-music-archive,Google;Stability AI,USED_BY
Fat Spirit,Fat Spirit,0c788fbf-1ff9-4759-a937-95474c3bc147,9,9,0,0,0,free-music-archive,free-music-archive,Google;Stability AI,USED_BY
Quaro,Quaro,19496,9,9,0,0,0,free-music-archive,free-music-archive,Google;Stability AI,USED_BY
Fire Retarded,Fire Retarded,65db03bb-10f2-4f0f-b20f-0cae3006ebb4,9,9,0,0,0,free-music-archive,free-music-archive,Google;Stability AI,USED_BY
Flor Braier,Flor Braier,19714,9,9,0,0,0,free-music-archive,free-music-archive,Google;Stability AI,USED_BY
The Special Pillow,The Special Pillow,71daa384-4c4d-4085-9987-a96c3fb56922,9,9,0,0,0,free-music-archive,free-music-archive,Google;Stability AI,USED_BY
Critical Dad,Critical Dad,19845,9,9,0,0,0,free-music-archive,free-music-archive,Google;Stability AI,USED_BY
HaiiYuuko,HaiiYuuko,e9559c83-e070-47ed-916d-2fc71b3b3aa7,9,9,0,0,0,free-music-archive,free-music-archive,Google;Stability AI,USED_BY
Russell E. L. Butler,Russell E. L. Butler,e1b510b2-d313-4387-a38e-e8d12ff3ff8c,9,9,0,0,0,free-music-archive,free-music-archive,Google;Stability AI,USED_BY
A Souvenir,A Souvenir,96f39ad3-663f-46b2-a957-5ea498d43930,9,9,0,0,0,free-music-archive,free-music-archive,Google;Stability AI,USED_BY
Change!,Change!,fbab6f54-6af1-4604-aa5b-1ab0fa11e445,12,9,3,0,0,free-music-archive;laion-disco-12m,free-music-archive,Google;Stability AI,USED_BY
Nicholas Smith,Nicholas Smith,7689743a-fad2-460c-8f71-4b27c8203819,9,9,0,0,0,free-music-archive,free-music-archive,Google;Stability AI,USED_BY
Charlie and Todd,Charlie and Todd,454736b6-1c3f-488e-afa0-004a43eaae85,9,9,0,0,0,free-music-archive,free-music-archive,Google;Stability AI,USED_BY
Der Zirkus brennt,Der Zirkus brennt,20277,9,9,0,0,0,free-music-archive,free-music-archive,Google;Stability AI,USED_BY
Diogo Cadaval,Diogo Cadaval,20280,9,9,0,0,0,free-music-archive,free-music-archive,Google;Stability AI,USED_BY
The Shouts From The Sea,The Shouts From The Sea,20290,9,9,0,0,0,free-music-archive,free-music-archive,Google;Stability AI,USED_BY
Sewers,Sewers,305d7b13-f8ca-462d-aac5-e867c27c8cab,9,9,0,0,0,free-music-archive,free-music-archive,Google;Stability AI,USED_BY
Big Quiet,Big Quiet,20566,9,9,0,0,0,free-music-archive,free-music-archive,Google;Stability AI,USED_BY
Bummers Eve,Bummers Eve,c5ffa5ed-fc7b-4441-9a1d-cb35edea6d1d,9,9,0,0,0,free-music-archive,free-music-archive,Google;Stability AI,USED_BY
Mr. Lif,Mr. Lif,5315c1a1-3667-488c-bbe4-f231e336b69a,180,9,92,79,0,free-music-archive;laion-disco-12m;sleeping-disco-9m,free-music-archive,Google;Stability AI,USED_BY
YEYEY,YEYEY,b39ddf24-780d-4909-9e88-f2b9c27954ec,21,9,12,0,0,free-music-archive;laion-disco-12m,free-music-archive,Google;Stability AI,USED_BY
Natural Causes,Natural Causes,20782,9,9,0,0,0,free-music-archive,free-music-archive,Google;Stability AI,USED_BY
Southman,Southman,fa90b716-7945-416b-b452-96be00171d26,9,9,0,0,0,free-music-archive,free-music-archive,Google;Stability AI,USED_BY
Jason Karaban,Jason Karaban,92a61f0e-ab66-47de-84f6-7e1ba1bcaadc,9,9,0,0,0,free-music-archive,free-music-archive,Google;Stability AI,USED_BY
Oprachina,Oprachina,5ec3a93f-2b90-4c59-aa89-d44ead6beb6f,9,9,0,0,0,free-music-archive,free-music-archive,Google;Stability AI,USED_BY
Mr Morse,Mr Morse,b8eb523d-949e-4b10-bf0f-a88fee344d53,9,9,0,0,0,free-music-archive,free-music-archive,Google;Stability AI,USED_BY
Small Radio,Small Radio,a0f7f439-ee83-47de-881b-041017efeb66,24,24,0,0,0,free-music-archive,free-music-archive,Google;Stability AI,USED_BY
Nuclear Santa Claust,Nuclear Santa Claust,14563,9,9,0,0,0,free-music-archive,free-music-archive,Google;Stability AI,USED_BY
The Brought Low,The Brought Low,0b76549a-cbdf-4e96-a138-8fd93af014b4,9,9,0,0,0,free-music-archive,free-music-archive,Google;Stability AI,USED_BY
The Astroboy,The Astroboy,b5577432-5e32-493d-8570-b328e022da12,9,9,0,0,0,free-music-archive,free-music-archive,Google;Stability AI,USED_BY
Naked Hassellhoff,Naked Hassellhoff,db1bef38-0d7c-46a4-913d-dd6459e09bdd,9,9,0,0,0,free-music-archive,free-music-archive,Google;Stability AI,USED_BY
Subterrestrial,Subterrestrial,70d2bd2a-35fb-4233-8413-062798fcec4a,9,9,0,0,0,free-music-archive,free-music-archive,Google;Stability AI,USED_BY
Jose Konda,Jose Konda,14637,9,9,0,0,0,free-music-archive,free-music-archive,Google;Stability AI,USED_BY
Post Mortem Photographs,Post Mortem Photographs,210e92bb-a842-4f13-938a-b4c6b87c39d5,9,9,0,0,0,free-music-archive,free-music-archive,Google;Stability AI,USED_BY
Phopha,Phopha,14665,9,9,0,0,0,free-music-archive,free-music-archive,Google;Stability AI,USED_BY
Doug Seidel,Doug Seidel,04a092bb-2a40-416a-a6dd-a53ca8b47cdb,9,9,0,0,0,free-music-archive,free-music-archive,Google;Stability AI,USED_BY
Todd Tuttle,Todd Tuttle,972dc6ac-487f-4705-8621-43cbb3cc6032,9,9,0,0,0,free-music-archive,free-music-archive,Google;Stability AI,USED_BY
Resistencia Chaco,Resistencia Chaco,4c0165c5-4e6d-476a-87d6-826cf8c32fa0,9,9,0,0,0,free-music-archive,free-music-archive,Google;Stability AI,USED_BY
The Black Twig Pickers,The Black Twig Pickers,f25b0fe2-1fc8-4350-b91a-8885979869b6,15,9,6,0,0,free-music-archive;laion-disco-12m,free-music-archive,Google;Stability AI,USED_BY
Thee Nodes,Thee Nodes,81e9133c-6d5c-42e3-93c4-e85e4e0c30bc,9,9,0,0,0,free-music-archive,free-music-archive,Google;Stability AI,USED_BY
Subsonics,Subsonics,6656f436-2b64-43f0-9529-0b4a89e539be,11,11,0,0,0,free-music-archive,free-music-archive,Google;Stability AI,USED_BY
Grâce et Volupté Van Van,Grâce et Volupté Van Van,a331fed7-16a8-49af-ad1b-52bab5391413,10,10,0,0,0,free-music-archive,free-music-archive,Google;Stability AI,USED_BY
Filthy La Bottom,Filthy La Bottom,15293,9,9,0,0,0,free-music-archive,free-music-archive,Google;Stability AI,USED_BY
Limbo Deluxe,Limbo Deluxe,15303,9,9,0,0,0,free-music-archive,free-music-archive,Google;Stability AI,USED_BY
The Piggies,The Piggies,0ac4d5fa-26fc-463f-89c9-ab4f4c113672,9,9,0,0,0,free-music-archive,free-music-archive,Google;Stability AI,USED_BY
The Guts,The Guts,15468,9,9,0,0,0,free-music-archive,free-music-archive,Google;Stability AI,USED_BY
Southern Nights,Southern Nights,4e440158-d0fc-4575-83f6-00c28775758e,9,9,0,0,0,free-music-archive,free-music-archive,Google;Stability AI,USED_BY
Parquet Courts,Parquet Courts,e01755e3-58ab-4a5b-a9e9-a0a3bd3dff4c,180,9,111,59,1,free-music-archive;laion-disco-12m;sleeping-disco-9m;spotify-tracks-dataset,free-music-archive,Google;Stability AI,USED_BY
Burstbot,Burstbot,15644,9,9,0,0,0,free-music-archive,free-music-archive,Google;Stability AI,USED_BY
Organs,Organs,eba265fe-e23a-495e-9a8f-7551c2814ef6,9,9,0,0,0,free-music-archive,free-music-archive,Google;Stability AI,USED_BY
Games,Games,15694,9,9,0,0,0,free-music-archive,free-music-archive,Google;Stability AI,USED_BY
Nuclear Spring,Nuclear Spring,74316ab6-a8b7-479b-8ab0-d658e4fe3f5a,9,9,0,0,0,free-music-archive,free-music-archive,Google;Stability AI,USED_BY
Globoscuro,Globoscuro,99f26b2b-b0ca-461b-b88b-4572f8ccd428,9,9,0,0,0,free-music-archive,free-music-archive,Google;Stability AI,USED_BY
Band Of Mad Women,Band Of Mad Women,9c92786d-1dae-412c-85da-da76ee647155,9,9,0,0,0,free-music-archive,free-music-archive,Google;Stability AI,USED_BY
Mandy Mozart Feat. Jiin Ko,Mandy Mozart Feat. Jiin Ko,15819,9,9,0,0,0,free-music-archive,free-music-archive,Google;Stability AI,USED_BY
Radiomaniac,Radiomaniac,9391a36c-75b2-4a9a-918f-f9109dd2b104,9,9,0,0,0,free-music-archive,free-music-archive,Google;Stability AI,USED_BY
Viscera[e],Viscera[e],ac193ba3-2e68-41df-bfbf-570f4084d9f3,9,9,0,0,0,free-music-archive,free-music-archive,Google;Stability AI,USED_BY
Jacco Gardner,Jacco Gardner,5743f042-62a3-43c7-9643-776cb9c2308f,28,9,1,18,0,free-music-archive;laion-disco-12m;sleeping-disco-9m,free-music-archive,Google;Stability AI,USED_BY
Varia,Varia,9cb04970-90a2-48ba-9cb1-469a890fb685,9,9,0,0,0,free-music-archive,free-music-archive,Google;Stability AI,USED_BY
Glam,Glam,7e04c3e4-977f-4a97-aab0-2e1a3407e456,9,9,0,0,0,free-music-archive,free-music-archive,Google;Stability AI,USED_BY
RRayen,RRayen,0ee2beae-0fd5-46ad-a212-c0db20584a9b,9,9,0,0,0,free-music-archive,free-music-archive,Google;Stability AI,USED_BY
Arvo Zylo,Arvo Zylo,e80b6abe-0806-468d-877e-d7d6f1549b8b,9,9,0,0,0,free-music-archive,free-music-archive,Google;Stability AI,USED_BY
Lucas Gonze,Lucas Gonze,9323,9,9,0,0,0,free-music-archive,free-music-archive,Google;Stability AI,USED_BY
Drill Folly,Drill Folly,a1ebabef-8deb-4123-8bc1-ecbff4091022,9,9,0,0,0,free-music-archive,free-music-archive,Google;Stability AI,USED_BY
Career Suicide,Career Suicide,038919d5-da1b-4a53-a5e9-b552baeda8d9,20,9,0,11,0,free-music-archive;sleeping-disco-9m,free-music-archive,Google;Stability AI,USED_BY
Juan Angel Italiano,Juan Angel Italiano,3ae9e54c-296a-4d77-a8c3-66e5a2ea0d46,9,9,0,0,0,free-music-archive,free-music-archive,Google;Stability AI,USED_BY
Low Fat Getting High,Low Fat Getting High,16528,9,9,0,0,0,free-music-archive,free-music-archive,Google;Stability AI,USED_BY
Nhumbhrukh,Nhumbhrukh,16579,9,9,0,0,0,free-music-archive,free-music-archive,Google;Stability AI,USED_BY
Javier Piñango,Javier Piñango,2b6a30b1-74fe-4c10-824d-9a39ea86e1ba,9,9,0,0,0,free-music-archive,free-music-archive,Google;Stability AI,USED_BY
Born Loose,Born Loose,0394930c-7c2e-41ba-a1ec-37c84f5e01b2,9,9,0,0,0,free-music-archive,free-music-archive,Google;Stability AI,USED_BY
Zachary Wilson,Zachary Wilson,5b8eae96-0eb3-4396-80d4-ba42a4334454,9,9,0,0,0,free-music-archive,free-music-archive,Google;Stability AI,USED_BY
TVLASUNOR,TVLASUNOR,7615,9,9,0,0,0,free-music-archive,free-music-archive,Google;Stability AI,USED_BY
The Good Lawdz,The Good Lawdz,16999,9,9,0,0,0,free-music-archive,free-music-archive,Google;Stability AI,USED_BY
David Evans,David Evans,13565,9,9,0,0,0,free-music-archive,free-music-archive,Google;Stability AI,USED_BY
URB,URB,7c485fe1-6976-4a43-bb17-aafbf2257732,9,9,0,0,0,free-music-archive,free-music-archive,Google;Stability AI,USED_BY
Seetyca,Seetyca,d5e62b3c-3181-495d-afcd-0fdf657cb178,9,9,0,0,0,free-music-archive,free-music-archive,Google;Stability AI,USED_BY
Bleeding Rainbow,Bleeding Rainbow,73fe1c5a-d6da-4606-8b76-a5e95408c547,9,9,0,0,0,free-music-archive,free-music-archive,Google;Stability AI,USED_BY
Robert Lee,Robert Lee,b7dfb114-fab1-428f-944c-467f5442113b,104,9,95,0,0,free-music-archive;laion-disco-12m,free-music-archive,Google;Stability AI,USED_BY
Weerthof,Weerthof,3617a431-692f-4947-a396-72fdf602091d,9,9,0,0,0,free-music-archive,free-music-archive,Google;Stability AI,USED_BY
Three Jolly Rogues,Three Jolly Rogues,17120,9,9,0,0,0,free-music-archive,free-music-archive,Google;Stability AI,USED_BY
Out Of Orion,Out Of Orion,5a8257fd-fbdd-46b1-a80e-fffc2f5f9402,9,9,0,0,0,free-music-archive,free-music-archive,Google;Stability AI,USED_BY
The Lost Patrol,The Lost Patrol,f99aede1-9dca-4f20-ae81-7c197a7b4e1a,9,9,0,0,0,free-music-archive,free-music-archive,Google;Stability AI,USED_BY
Nick Percev,Nick Percev,17342,9,9,0,0,0,free-music-archive,free-music-archive,Google;Stability AI,USED_BY
Creeping Dose,Creeping Dose,f08f46fc-dfc0-4166-a950-a8ab3762725b,9,9,0,0,0,free-music-archive,free-music-archive,Google;Stability AI,USED_BY
Meanwhile Project Ltd,Meanwhile Project Ltd,75febcee-56be-4376-8239-9b2fd2229a9e,9,9,0,0,0,free-music-archive,free-music-archive,Google;Stability AI,USED_BY
ICE FLEX,ICE FLEX,17399,9,9,0,0,0,free-music-archive,free-music-archive,Google;Stability AI,USED_BY
Railkid Station,Railkid Station,17413,9,9,0,0,0,free-music-archive,free-music-archive,Google;Stability AI,USED_BY
Shannon And The Clams,Shannon And The Clams,edda8263-7286-4227-9dc4-9ed8e6177f84,189,19,99,47,24,free-music-archive;laion-disco-12m;sleeping-disco-9m;spotify-tracks-dataset,free-music-archive,Google;Stability AI,USED_BY
Sandro Kait,Sandro Kait,17806,9,9,0,0,0,free-music-archive,free-music-archive,Google;Stability AI,USED_BY
Dan Gleason,Dan Gleason,10634,9,9,0,0,0,free-music-archive,free-music-archive,Google;Stability AI,USED_BY
The Paparazzi,The Paparazzi,27ce6e60-4d3a-432a-a671-224c8bc43a56,9,9,0,0,0,free-music-archive,free-music-archive,Google;Stability AI,USED_BY
Kevin Bewersdorf,Kevin Bewersdorf,10888,9,9,0,0,0,free-music-archive,free-music-archive,Google;Stability AI,USED_BY
Ambient Fabric,Ambient Fabric,c97f84bb-1326-4d88-bab2-f5801f540c70,9,9,0,0,0,free-music-archive,free-music-archive,Google;Stability AI,USED_BY
The Whines,The Whines,ad76b0cf-7302-4b49-a8b0-f6cc153b6815,9,9,0,0,0,free-music-archive,free-music-archive,Google;Stability AI,USED_BY
Enablers,Enablers,0106f021-1145-48be-8e06-6079bc539f0a,29,9,0,20,0,free-music-archive;sleeping-disco-9m,free-music-archive,Google;Stability AI,USED_BY
Etermortifera,Etermortifera,0d9ff2fb-2c88-46e7-821f-e960bbd39597,9,9,0,0,0,free-music-archive,free-music-archive,Google;Stability AI,USED_BY
north-without-end,north-without-end,10992,9,9,0,0,0,free-music-archive,free-music-archive,Google;Stability AI,USED_BY
Kulkija,Kulkija,c590ba29-b382-414b-a416-6a2b87ef778b,9,9,0,0,0,free-music-archive,free-music-archive,Google;Stability AI,USED_BY
Unsacred Hearts,Unsacred Hearts,2c04a5c8-0aee-476f-9809-5f91bee02241,12,9,0,3,0,free-music-archive;sleeping-disco-9m,free-music-archive,Google;Stability AI,USED_BY
Sore Eros,Sore Eros,82db6eba-838c-490a-b7ac-901e6ee20f76,18,9,0,9,0,free-music-archive;sleeping-disco-9m,free-music-archive,Google;Stability AI,USED_BY
Abstract Artimus,Abstract Artimus,007e7b08-e65a-43c1-adbf-0de584502f6a,9,9,0,0,0,free-music-archive,free-music-archive,Google;Stability AI,USED_BY
Тиаз Ич,Тиаз Ич,12024,9,9,0,0,0,free-music-archive,free-music-archive,Google;Stability AI,USED_BY
Mozaure,Mozaure,68aaa917-8acc-4c0b-b680-8fb50a8657b1,9,9,0,0,0,free-music-archive,free-music-archive,Google;Stability AI,USED_BY
Jacques Cochise,Jacques Cochise,95b396f0-26c1-407a-b5b0-477d99ed5833,9,9,0,0,0,free-music-archive,free-music-archive,Google;Stability AI,USED_BY
Das Gritli Moser,Das Gritli Moser,db5ce347-694b-4998-bb75-7388eb117dea,9,9,0,0,0,free-music-archive,free-music-archive,Google;Stability AI,USED_BY
The Soft Moon,The Soft Moon,93eba14e-f85c-4d39-8412-5e4018c89d75,141,9,110,22,0,free-music-archive;laion-disco-12m;sleeping-disco-9m,free-music-archive,Google;Stability AI,USED_BY
Vulnavia Vanity & Ergo Phizmiz,Vulnavia Vanity & Ergo Phizmiz,12162,9,9,0,0,0,free-music-archive,free-music-archive,Google;Stability AI,USED_BY
James Pants,James Pants,4e40b975-270b-4f97-b295-8db157f06a77,14,9,1,4,0,free-music-archive;laion-disco-12m;sleeping-disco-9m,free-music-archive,Google;Stability AI,USED_BY
Ralp,Ralp,ba81542d-dbe9-4daf-badf-c1c50cc1425d,9,9,0,0,0,free-music-archive,free-music-archive,Google;Stability AI,USED_BY
Happy Refugees,Happy Refugees,69f12a01-bf8c-4c9d-8f72-ad388610d7e7,9,9,0,0,0,free-music-archive,free-music-archive,Google;Stability AI,USED_BY
Nat M. Wills,Nat M. Wills,f89e8ee2-4caf-4f12-8846-c1aaa1dbf0ca,9,9,0,0,0,free-music-archive,free-music-archive,Google;Stability AI,USED_BY
Sister Fucker,Sister Fucker,e7fa0a91-fd37-4aa5-adf5-a3c6771b0e77,9,9,0,0,0,free-music-archive,free-music-archive,Google;Stability AI,USED_BY
Claro de Luna,Claro de Luna,39f2bc75-af8b-4f62-a413-bc1a0af9319b,9,9,0,0,0,free-music-archive,free-music-archive,Google;Stability AI,USED_BY
The Plastic Jazz Orchestra,The Plastic Jazz Orchestra,f50a8dc5-8129-4523-95ae-997ff654cc54,9,9,0,0,0,free-music-archive,free-music-archive,Google;Stability AI,USED_BY
Maps & Transit,Maps & Transit,4cd9ba67-bd2f-405c-9638-284b76d4419d,9,9,0,0,0,free-music-archive,free-music-archive,Google;Stability AI,USED_BY
Strange Forces,Strange Forces,8a01a471-95ba-4f9d-8ccc-c8c316507797,9,9,0,0,0,free-music-archive,free-music-archive,Google;Stability AI,USED_BY
Tchakare Kanyembe,Tchakare Kanyembe,9165,9,9,0,0,0,free-music-archive,free-music-archive,Google;Stability AI,USED_BY
Death of Samantha,Death of Samantha,727e08c2-557c-49de-b5e2-95f47e7a5733,9,9,0,0,0,free-music-archive,free-music-archive,Google;Stability AI,USED_BY
Tyrannosaurus Dracula,Tyrannosaurus Dracula,13325,9,9,0,0,0,free-music-archive,free-music-archive,Google;Stability AI,USED_BY
The Wedding Present,The Wedding Present,707622da-475f-48e1-905d-248718df6521,39,9,0,30,0,free-music-archive;sleeping-disco-9m,free-music-archive,Google;Stability AI,USED_BY
MeatballMachine,MeatballMachine,13333,9,9,0,0,0,free-music-archive,free-music-archive,Google;Stability AI,USED_BY
Fuji Kureta,Fuji Kureta,b5359f9c-d29e-4ef3-91f0-0d3cab809508,9,9,0,0,0,free-music-archive,free-music-archive,Google;Stability AI,USED_BY
Heavy Links,Heavy Links,13476,9,9,0,0,0,free-music-archive,free-music-archive,Google;Stability AI,USED_BY
The Enthusiasts,The Enthusiasts,54f8e7c7-9480-45a6-a72a-84cffe64634e,9,9,0,0,0,free-music-archive,free-music-archive,Google;Stability AI,USED_BY
Dan Warren,Dan Warren,471d4a5d-3e14-49d4-861d-31ea4637edb3,29,9,0,20,0,free-music-archive;sleeping-disco-9m,free-music-archive,Google;Stability AI,USED_BY
Dan Warren,Dan Warren,13905,9,9,0,0,0,free-music-archive,free-music-archive,Google;Stability AI,USED_BY
plusplus,plusplus,2bbc7361-e857-4c72-a76c-0b7d40fe6275,29,29,0,0,0,free-music-archive,free-music-archive,Google;Stability AI,USED_BY
Casanovas In Heat,Casanovas In Heat,ad224be2-c08a-4049-a9e0-4de79c83cc26,9,9,0,0,0,free-music-archive,free-music-archive,Google;Stability AI,USED_BY
M.A.G. Trio,M.A.G. Trio,b43c77a0-7bca-414a-8fe8-9e18256c200b,9,9,0,0,0,free-music-archive,free-music-archive,Google;Stability AI,USED_BY
Inperfektion,Inperfektion,57ad4668-13c5-4e79-ad32-ec037ff31375,9,9,0,0,0,free-music-archive,free-music-archive,Google;Stability AI,USED_BY
Halloween,Halloween,14172,9,9,0,0,0,free-music-archive,free-music-archive,Google;Stability AI,USED_BY
Royal Headache,Royal Headache,edc2d08b-6232-4d93-a127-3dacdc293738,35,9,0,21,5,free-music-archive;sleeping-disco-9m;spotify-tracks-dataset,free-music-archive,Google;Stability AI,USED_BY
Dark Ages,Dark Ages,14221,9,9,0,0,0,free-music-archive,free-music-archive,Google;Stability AI,USED_BY
Pinche Tirano,Pinche Tirano,14295,9,9,0,0,0,free-music-archive,free-music-archive,Google;Stability AI,USED_BY
Godblesscomputers,Godblesscomputers,ae129aa6-3a38-4e5b-aa2c-e53a8ad28967,18,9,4,5,0,free-music-archive;laion-disco-12m;sleeping-disco-9m,free-music-archive,Google;Stability AI,USED_BY
Monolog,Monolog,20789,9,9,0,0,0,free-music-archive,free-music-archive,Google;Stability AI,USED_BY
Spewing Cum,Spewing Cum,20825,9,9,0,0,0,free-music-archive,free-music-archive,Google;Stability AI,USED_BY
alexander chernyshkov and marina poleukhina,alexander chernyshkov and marina poleukhina,20839,9,9,0,0,0,free-music-archive,free-music-archive,Google;Stability AI,USED_BY
DINNER,DINNER,20903,9,9,0,0,0,free-music-archive,free-music-archive,Google;Stability AI,USED_BY
Hypp Fractal,Hypp Fractal,09ee8084-8144-4c15-bfd2-8ea1d63a02a8,9,9,0,0,0,free-music-archive,free-music-archive,Google;Stability AI,USED_BY
CuzOH,CuzOH,588f39f3-0a1d-499c-93f0-fc054bd06762,26,9,0,17,0,free-music-archive;sleeping-disco-9m,free-music-archive,Google;Stability AI,USED_BY
Boom Boom Beckett,Boom Boom Beckett,2131b646-a756-446e-a062-1c02173238ef,9,9,0,0,0,free-music-archive,free-music-archive,Google;Stability AI,USED_BY
The John Barry Conception,The John Barry Conception,21001,9,9,0,0,0,free-music-archive,free-music-archive,Google;Stability AI,USED_BY
Nate Scheible,Nate Scheible,02a51f69-e65c-4388-8c3e-8d3efe4ed571,9,9,0,0,0,free-music-archive,free-music-archive,Google;Stability AI,USED_BY
Skyjelly,Skyjelly,00661e65-6a5c-4d59-a675-80a692bc7c5a,9,9,0,0,0,free-music-archive,free-music-archive,Google;Stability AI,USED_BY
Doctors In Mexico,Doctors In Mexico,21036,9,9,0,0,0,free-music-archive,free-music-archive,Google;Stability AI,USED_BY
Michael Dent,Michael Dent,2F5QmUgApalRbzIXzXsY9h,9,9,0,0,0,free-music-archive,free-music-archive,Google;Stability AI,USED_BY
Telepathic Teddy Bear,Telepathic Teddy Bear,063fb28d-8ba0-4264-9c63-6439a2c5a480,25,9,11,5,0,free-music-archive;laion-disco-12m;sleeping-disco-9m,free-music-archive,Google;Stability AI,USED_BY
Hissing Fauna,Hissing Fauna,40e746b6-8c53-41f4-9ceb-0db5e5aeb14c,9,9,0,0,0,free-music-archive,free-music-archive,Google;Stability AI,USED_BY
bbatv,bbatv,21262,9,9,0,0,0,free-music-archive,free-music-archive,Google;Stability AI,USED_BY
Shonen Bat,Shonen Bat,21292,9,9,0,0,0,free-music-archive,free-music-archive,Google;Stability AI,USED_BY
The Defibulators,The Defibulators,498f6a5d-7f70-4e35-bf63-f20f554bac96,13,9,0,4,0,free-music-archive;sleeping-disco-9m,free-music-archive,Google;Stability AI,USED_BY
Captive Portal,Captive Portal,c372215f-725a-48f7-818d-17844b4b0dda,9,9,0,0,0,free-music-archive,free-music-archive,Google;Stability AI,USED_BY
Dancer,Dancer,21416,9,9,0,0,0,free-music-archive,free-music-archive,Google;Stability AI,USED_BY
Reanimadores,Reanimadores,21451,9,9,0,0,0,free-music-archive,free-music-archive,Google;Stability AI,USED_BY
Aseptic Void,Aseptic Void,aca671cf-3fb8-4c5b-a7db-7f22b70dae09,9,9,0,0,0,free-music-archive,free-music-archive,Google;Stability AI,USED_BY
The Blend,The Blend,21507,9,9,0,0,0,free-music-archive,free-music-archive,Google;Stability AI,USED_BY
Martha Rose,Martha Rose,7b53d937-ed0e-4532-b109-8f9b141816d3,9,9,0,0,0,free-music-archive,free-music-archive,Google;Stability AI,USED_BY
Ropewalk,Ropewalk,21553,9,9,0,0,0,free-music-archive,free-music-archive,Google;Stability AI,USED_BY
Benjimanji,Benjimanji,21586,9,9,0,0,0,free-music-archive,free-music-archive,Google;Stability AI,USED_BY
Ryan Sheeler,Ryan Sheeler,21804,9,9,0,0,0,free-music-archive,free-music-archive,Google;Stability AI,USED_BY
Fanny Kaplan,Fanny Kaplan,21806,9,9,0,0,0,free-music-archive,free-music-archive,Google;Stability AI,USED_BY
EZTV,EZTV,5a03f0e3-b001-4ffd-9d30-b775a4371de2,10,9,0,1,0,free-music-archive;sleeping-disco-9m,free-music-archive,Google;Stability AI,USED_BY
Acid Feen & Jimmy Penguin,Acid Feen & Jimmy Penguin,21893,9,9,0,0,0,free-music-archive,free-music-archive,Google;Stability AI,USED_BY
Kisbalishin Kerület,Kisbalishin Kerület,21897,9,9,0,0,0,free-music-archive,free-music-archive,Google;Stability AI,USED_BY
Zapa,Zapa,21978,9,9,0,0,0,free-music-archive,free-music-archive,Google;Stability AI,USED_BY
Raw Pony,Raw Pony,c04dc19d-c35d-4735-b1e3-19092c4477a1,9,9,0,0,0,free-music-archive,free-music-archive,Google;Stability AI,USED_BY
Thlaaflaa,Thlaaflaa,b75b4ec8-0b78-4234-b31b-8d957ce09f53,9,9,0,0,0,free-music-archive,free-music-archive,Google;Stability AI,USED_BY
Lincoln Woods,Lincoln Woods,22123,9,9,0,0,0,free-music-archive,free-music-archive,Google;Stability AI,USED_BY
Usher & Zreen Toyz,Usher & Zreen Toyz,22132,9,9,0,0,0,free-music-archive,free-music-archive,Google;Stability AI,USED_BY
Natus,Natus,22209,9,9,0,0,0,free-music-archive,free-music-archive,Google;Stability AI,USED_BY
BP,BP,22224,9,9,0,0,0,free-music-archive,free-music-archive,Google;Stability AI,USED_BY
The Electric Amygdala,The Electric Amygdala,ea0b11f5-11c3-4fea-8108-5f349c7960c8,9,9,0,0,0,free-music-archive,free-music-archive,Google;Stability AI,USED_BY
Simone D'Annunzio,Simone D'Annunzio,21755,9,9,0,0,0,free-music-archive,free-music-archive,Google;Stability AI,USED_BY
The Blessed Cassettes,The Blessed Cassettes,22409,9,9,0,0,0,free-music-archive,free-music-archive,Google;Stability AI,USED_BY
Zelmershead,Zelmershead,c65d3e92-17e4-4a40-a845-09118e6a1da8,10,9,1,0,0,free-music-archive;laion-disco-12m,free-music-archive,Google;Stability AI,USED_BY
deeB,deeB,01d880e1-81a6-4c66-8c2d-a115387925b0,68,9,59,0,0,free-music-archive;laion-disco-12m,free-music-archive,Google;Stability AI,USED_BY
palimpsest trio,palimpsest trio,21280,9,9,0,0,0,free-music-archive,free-music-archive,Google;Stability AI,USED_BY
Total Unicorn,Total Unicorn,72cbddd4-722e-433c-ab52-5bab6fc8f1d2,9,9,0,0,0,free-music-archive,free-music-archive,Google;Stability AI,USED_BY
angelo contini,angelo contini,5d1e316f-88cb-4d37-8b47-db47333494d1,9,9,0,0,0,free-music-archive,free-music-archive,Google;Stability AI,USED_BY
23 and Beyond the Infinite,23 and Beyond the Infinite,2700e02e-72ed-47a8-8081-921f434a4cc0,10,10,0,0,0,free-music-archive,free-music-archive,Google;Stability AI,USED_BY
Queridas,Queridas,054ef763-4b38-4f18-a575-ee575796ddee,9,9,0,0,0,free-music-archive,free-music-archive,Google;Stability AI,USED_BY
Stolen Children Surf Gang,Stolen Children Surf Gang,23640,9,9,0,0,0,free-music-archive,free-music-archive,Google;Stability AI,USED_BY
Sam Coomes,Sam Coomes,36a1dddb-41b3-4ab7-bc1e-973540a9e2eb,9,9,0,0,0,free-music-archive,free-music-archive,Google;Stability AI,USED_BY
Ultimate Fantastic,Ultimate Fantastic,ef8b3687-bf84-48c2-9d98-1f57a5831d12,9,9,0,0,0,free-music-archive,free-music-archive,Google;Stability AI,USED_BY
masato abe,masato abe,95755862-16ba-4cb3-b57c-260db993c40f,9,9,0,0,0,free-music-archive,free-music-archive,Google;Stability AI,USED_BY
Ninja16,Ninja16,23853,9,9,0,0,0,free-music-archive,free-music-archive,Google;Stability AI,USED_BY
Sherita,Sherita,5920fd07-3bf4-444e-a5b9-062dee044a93,9,9,0,0,0,free-music-archive,free-music-archive,Google;Stability AI,USED_BY
Paris Solemn,Paris Solemn,23876,9,9,0,0,0,free-music-archive,free-music-archive,Google;Stability AI,USED_BY
Les Baigneurs,Les Baigneurs,23909,9,9,0,0,0,free-music-archive,free-music-archive,Google;Stability AI,USED_BY
Phillip Gross,Phillip Gross,24084,9,9,0,0,0,free-music-archive,free-music-archive,Google;Stability AI,USED_BY
The Battery Electric,The Battery Electric,f6d1f17e-9b7f-40de-bc87-45c6d7aa4cfe,9,9,0,0,0,free-music-archive,free-music-archive,Google;Stability AI,USED_BY
The Whizzies,The Whizzies,24287,9,9,0,0,0,free-music-archive,free-music-archive,Google;Stability AI,USED_BY
SEC,SEC,24308,9,9,0,0,0,free-music-archive,free-music-archive,Google;Stability AI,USED_BY
JBlanked,JBlanked,23008,9,9,0,0,0,free-music-archive,free-music-archive,Google;Stability AI,USED_BY
A Giant Dog,A Giant Dog,bb0d5332-15c0-4206-9fd8-0ec5eb3b7076,103,9,77,17,0,free-music-archive;laion-disco-12m;sleeping-disco-9m,free-music-archive,Google;Stability AI,USED_BY
Reflex Condition,Reflex Condition,5d14087e-d3f2-4766-9c81-42396c114935,9,9,0,0,0,free-music-archive,free-music-archive,Google;Stability AI,USED_BY
KHAOMAN,KHAOMAN,a4900ed3-d2e0-4411-afe1-89f02d7245d6,14,14,0,0,0,free-music-archive,free-music-archive,Google;Stability AI,USED_BY
Nick Vivid,Nick Vivid,eaf3f006-a388-4cc3-b264-feedeead597c,11,9,0,2,0,free-music-archive;sleeping-disco-9m,free-music-archive,Google;Stability AI,USED_BY
Tony Infuriato,Tony Infuriato,22781,9,9,0,0,0,free-music-archive,free-music-archive,Google;Stability AI,USED_BY
John Fanning (Massaccesi),John Fanning (Massaccesi),22799,9,9,0,0,0,free-music-archive,free-music-archive,Google;Stability AI,USED_BY
DR,DR,21799,9,9,0,0,0,free-music-archive,free-music-archive,Google;Stability AI,USED_BY
Jared Leibowich,Jared Leibowich,0c5003c4-0160-4786-a9b3-a19326947827,9,9,0,0,0,free-music-archive,free-music-archive,Google;Stability AI,USED_BY
SUMMER,SUMMER,22999,10,9,0,1,0,free-music-archive;sleeping-disco-9m,free-music-archive,Google;Stability AI,USED_BY
Fodiator,Fodiator,2f829708-e809-4654-aafe-d1ad45a3db57,9,9,0,0,0,free-music-archive,free-music-archive,Google;Stability AI,USED_BY
MindsEye,MindsEye,22184,9,9,0,0,0,free-music-archive,free-music-archive,Google;Stability AI,USED_BY
She-Wolf.,She-Wolf.,b9a83910-0130-4dc9-939c-874ae69f2deb,9,9,0,0,0,free-music-archive,free-music-archive,Google;Stability AI,USED_BY
Marceau,Marceau,23251,9,9,0,0,0,free-music-archive,free-music-archive,Google;Stability AI,USED_BY
The Homeless Kids,The Homeless Kids,23341,9,9,0,0,0,free-music-archive,free-music-archive,Google;Stability AI,USED_BY
Jonas78,Jonas78,23376,9,9,0,0,0,free-music-archive,free-music-archive,Google;Stability AI,USED_BY
Hermelin,Hermelin,8c8ed475-88ac-469f-b9a4-85b705bc4ff9,9,9,0,0,0,free-music-archive,free-music-archive,Google;Stability AI,USED_BY
December Nightskies & Nobodisoundz,December Nightskies & Nobodisoundz,22397,9,9,0,0,0,free-music-archive,free-music-archive,Google;Stability AI,USED_BY
Laszlo Kovacs,Laszlo Kovacs,22555,9,9,0,0,0,free-music-archive,free-music-archive,Google;Stability AI,USED_BY
C Joynes,C Joynes,b2b76366-97c8-49c0-b4ad-1792782c4d43,11,11,0,0,0,free-music-archive,free-music-archive,Google;Stability AI,USED_BY
Absolutus,Absolutus,93eb0aae-0b3a-4286-b685-c494ecb838dc,9,9,0,0,0,free-music-archive,free-music-archive,Google;Stability AI,USED_BY
The Discoghosts,The Discoghosts,a978c385-ed08-4db3-8584-b858ecc423d4,9,9,0,0,0,free-music-archive,free-music-archive,Google;Stability AI,USED_BY
Stefano Ferrian,Stefano Ferrian,57e4b312-60b7-4e56-ac62-c1158c415850,10,9,1,0,0,free-music-archive;laion-disco-12m,free-music-archive,Google;Stability AI,USED_BY
Je deviens dj en 3 jours,Je deviens dj en 3 jours,db5d67ed-3a39-4a68-9708-dc4ed5a04db5,10,10,0,0,0,free-music-archive,free-music-archive,Google;Stability AI,USED_BY
Hard TON,Hard TON,6504,9,9,0,0,0,free-music-archive,free-music-archive,Google;Stability AI,USED_BY
Società Anonima Decostruzionismi Organici,Società Anonima Decostruzionismi Organici,3df51c9d-d7e4-42b3-b6de-468a352f430b,9,9,0,0,0,free-music-archive,free-music-archive,Google;Stability AI,USED_BY
Innocent Bandits,Innocent Bandits,9e96063d-60f2-4432-875e-8663d9cfadf3,9,9,0,0,0,free-music-archive,free-music-archive,Google;Stability AI,USED_BY
Graphiqs Groove,Graphiqs Groove,3cd9f016-3262-488b-8964-87b41e96c18c,9,9,0,0,0,free-music-archive,free-music-archive,Google;Stability AI,USED_BY
Big Troubles,Big Troubles,462e811d-bef6-421c-8687-cd8c14ff87d2,19,9,0,10,0,free-music-archive;sleeping-disco-9m,free-music-archive,Google;Stability AI,USED_BY
Mr. Busalot,Mr. Busalot,5a05fa06-4753-45c2-bae6-8d204ab79ee1,9,9,0,0,0,free-music-archive,free-music-archive,Google;Stability AI,USED_BY
Overthruster,Overthruster,9358751c-ecc9-42d0-bba6-407f449b1a4d,9,9,0,0,0,free-music-archive,free-music-archive,Google;Stability AI,USED_BY
The Bloody Muffs,The Bloody Muffs,da6eeade-63f9-458b-b765-0794a71f743e,10,9,0,1,0,free-music-archive;sleeping-disco-9m,free-music-archive,Google;Stability AI,USED_BY
F.A.F.O.O.T.,F.A.F.O.O.T.,ea754cad-16fd-459f-a279-dce7a397dd83,9,9,0,0,0,free-music-archive,free-music-archive,Google;Stability AI,USED_BY
Wheels On Fire,Wheels On Fire,0b014689-6b64-4bd9-ad64-e89213f0aede,13,13,0,0,0,free-music-archive,free-music-archive,Google;Stability AI,USED_BY
Hargreaves / Noyes / Duplant,Hargreaves / Noyes / Duplant,5d02ed53-1755-49eb-bfd1-c36287893e2a,9,9,0,0,0,free-music-archive,free-music-archive,Google;Stability AI,USED_BY
Jungle is neutral,Jungle is neutral,f4951ace-f47d-43cd-9bab-9976fce4317b,12,12,0,0,0,free-music-archive,free-music-archive,Google;Stability AI,USED_BY
Feldmaus,Feldmaus,06295a75-c2c4-4d5b-a338-e2963115311f,9,9,0,0,0,free-music-archive,free-music-archive,Google;Stability AI,USED_BY
Wukir Suryadi,Wukir Suryadi,59c90328-170f-4624-a69d-163d1edd9be5,13,11,2,0,0,free-music-archive;laion-disco-12m,free-music-archive,Google;Stability AI,USED_BY
Yusuke Akai,Yusuke Akai,a592fc4c-401e-431e-80ac-1c608508053b,9,9,0,0,0,free-music-archive,free-music-archive,Google;Stability AI,USED_BY
2 Foot Flame,2 Foot Flame,4d78853d-e888-4ca9-93ea-e5c183015050,9,9,0,0,0,free-music-archive,free-music-archive,Google;Stability AI,USED_BY
Emily Lacy,Emily Lacy,5e4aa201-112e-4c0f-b4c3-f23378b539f2,9,9,0,0,0,free-music-archive,free-music-archive,Google;Stability AI,USED_BY
Bedlam Mind,Bedlam Mind,8977,9,9,0,0,0,free-music-archive,free-music-archive,Google;Stability AI,USED_BY
Fucked,Fucked,9fff9e5c-a533-41c2-ac92-4271ed8eb6c5,9,9,0,0,0,free-music-archive,free-music-archive,Google;Stability AI,USED_BY
La Rainbow Toy Orchestra,La Rainbow Toy Orchestra,ca6fe3b2-6be6-4ded-a4d6-5d82e2efce8f,9,9,0,0,0,free-music-archive,free-music-archive,Google;Stability AI,USED_BY
Someone Else [UK],Someone Else [UK],9184,9,9,0,0,0,free-music-archive,free-music-archive,Google;Stability AI,USED_BY
Colin Johnco,Colin Johnco,017ee10b-bfbc-4587-ac4b-a5645aa03c7d,9,9,0,0,0,free-music-archive,free-music-archive,Google;Stability AI,USED_BY
Zoogoo,Zoogoo,7f58d717-f601-4dab-ad57-637c8a428dc0,9,9,0,0,0,free-music-archive,free-music-archive,Google;Stability AI,USED_BY
RPM Orchestra,RPM Orchestra,7699ec60-601f-48ad-8a90-687f39d55e19,9,9,0,0,0,free-music-archive,free-music-archive,Google;Stability AI,USED_BY
Randy Wormhole,Randy Wormhole,6244,9,9,0,0,0,free-music-archive,free-music-archive,Google;Stability AI,USED_BY
KPLECRAFT,KPLECRAFT,5b4acf31-2f37-4754-b967-633ea160b9b1,10,10,0,0,0,free-music-archive,free-music-archive,Google;Stability AI,USED_BY
Delmore fx,Delmore fx,d0ec15b0-ee81-4cee-8a90-d6d550ead698,9,9,0,0,0,free-music-archive,free-music-archive,Google;Stability AI,USED_BY
Fiendish Fib,Fiendish Fib,9724,9,9,0,0,0,free-music-archive,free-music-archive,Google;Stability AI,USED_BY
FUN,FUN,9808,9,9,0,0,0,free-music-archive,free-music-archive,Google;Stability AI,USED_BY
Projekt Karpaty Magiczne,Projekt Karpaty Magiczne,ac582f58-cf2a-4a7a-8d94-f539518c56a6,22,22,0,0,0,free-music-archive,free-music-archive,Google;Stability AI,USED_BY
RÉGIS ET NICOLAS,RÉGIS ET NICOLAS,7827,9,9,0,0,0,free-music-archive,free-music-archive,Google;Stability AI,USED_BY
Motorama,Motorama,c7bee23e-f9bb-4dee-b1e3-5d49f81cde11,150,9,94,41,6,free-music-archive;laion-disco-12m;sleeping-disco-9m;spotify-tracks-dataset,free-music-archive,Google;Stability AI,USED_BY
Spidey Agutter,Spidey Agutter,db4e7a66-d2a4-4744-a2fa-fff976910a3f,9,9,0,0,0,free-music-archive,free-music-archive,Google;Stability AI,USED_BY
Tab & A.U.R.C.,Tab & A.U.R.C.,e001eceb-8d53-46d6-8c9f-a264ab37a9fe,9,9,0,0,0,free-music-archive,free-music-archive,Google;Stability AI,USED_BY
Canned Fit,Canned Fit,df7340b6-4c94-453c-9eec-71d5820c2849,9,9,0,0,0,free-music-archive,free-music-archive,Google;Stability AI,USED_BY
Seventh Gear,Seventh Gear,cdb53bb9-da28-47ba-802c-4998685c1041,9,9,0,0,0,free-music-archive,free-music-archive,Google;Stability AI,USED_BY
Ugly Parts,Ugly Parts,fc4abeee-f19e-4f2e-8e16-569e0b99e181,9,9,0,0,0,free-music-archive,free-music-archive,Google;Stability AI,USED_BY
Stanislav Bobrytskyy,Stanislav Bobrytskyy,86b08b56-9788-430b-a62f-c2ac0aff92c8,9,9,0,0,0,free-music-archive,free-music-archive,Google;Stability AI,USED_BY
Przewalski's Horses,Przewalski's Horses,c6fa16c5-7b4f-4cef-a717-a1208b03a889,9,9,0,0,0,free-music-archive,free-music-archive,Google;Stability AI,USED_BY
Lougow,Lougow,2ef0945b-0331-48ec-9435-a0bbb66a6246,9,9,0,0,0,free-music-archive,free-music-archive,Google;Stability AI,USED_BY
Blank & Kytt,Blank & Kytt,3853c580-e98c-4620-910d-805707e5f924,9,9,0,0,0,free-music-archive,free-music-archive,Google;Stability AI,USED_BY
Kirill Makushin,Kirill Makushin,57c7fc4c-9dcb-460e-9256-823d152597b4,9,9,0,0,0,free-music-archive,free-music-archive,Google;Stability AI,USED_BY
Difondo,Difondo,c2440ea0-8b9d-4f25-8104-5cf2b611f3b2,9,9,0,0,0,free-music-archive,free-music-archive,Google;Stability AI,USED_BY
dronæment,dronæment,9048eb60-a4ef-4e2b-9dac-b12ed208ad66,15,15,0,0,0,free-music-archive,free-music-archive,Google;Stability AI,USED_BY
MANUEL J GROTESQUE,MANUEL J GROTESQUE,68c07259-1f8f-4ca6-9888-050935fdeafc,44,44,0,0,0,free-music-archive,free-music-archive,Google;Stability AI,USED_BY
Neeva,Neeva,74a659d4-afbc-41f3-9776-b4584f5fe1cd,9,9,0,0,0,free-music-archive,free-music-archive,Google;Stability AI,USED_BY
The Starry Tides,The Starry Tides,9873,9,9,0,0,0,free-music-archive,free-music-archive,Google;Stability AI,USED_BY
The Keith Walsh Experience,The Keith Walsh Experience,9394,9,9,0,0,0,free-music-archive,free-music-archive,Google;Stability AI,USED_BY
Silver Abuse,Silver Abuse,44357268-7576-4d53-831a-dde57c688e42,9,9,0,0,0,free-music-archive,free-music-archive,Google;Stability AI,USED_BY
La Chinoise,La Chinoise,c56575b0-b8fb-4a86-87e7-2bda42f08501,9,9,0,0,0,free-music-archive,free-music-archive,Google;Stability AI,USED_BY
The Books,The Books,7268,9,9,0,0,0,free-music-archive,free-music-archive,Google;Stability AI,USED_BY
Black Fortress of Opium,Black Fortress of Opium,01071bbd-f71d-419a-ac05-f5d64977a96c,9,9,0,0,0,free-music-archive,free-music-archive,Google;Stability AI,USED_BY
Seeds In Helmet,Seeds In Helmet,13048,9,9,0,0,0,free-music-archive,free-music-archive,Google;Stability AI,USED_BY
Soft Serve,Soft Serve,13153,9,9,0,0,0,free-music-archive,free-music-archive,Google;Stability AI,USED_BY
Mutilation Rites,Mutilation Rites,cea740bc-c432-42de-807c-2aa263b184ac,17,9,0,8,0,free-music-archive;sleeping-disco-9m,free-music-archive,Google;Stability AI,USED_BY
Snail Bob,Snail Bob,1a5638e0-6ace-4e91-be24-f9abcd6f3daf,9,9,0,0,0,free-music-archive,free-music-archive,Google;Stability AI,USED_BY
Les Robots Musique,Les Robots Musique,19b82571-ae8f-4250-9544-cc08c20d0832,9,9,0,0,0,free-music-archive,free-music-archive,Google;Stability AI,USED_BY
UV Protection,UV Protection,14676,9,9,0,0,0,free-music-archive,free-music-archive,Google;Stability AI,USED_BY
The Letter Yellow,The Letter Yellow,15092,9,9,0,0,0,free-music-archive,free-music-archive,Google;Stability AI,USED_BY
Plumerai,Plumerai,fd1c4ed3-e147-4e20-9b4a-ad3c6ba25a36,9,9,0,0,0,free-music-archive,free-music-archive,Google;Stability AI,USED_BY
Papá cocodrilo,Papá cocodrilo,19715,9,9,0,0,0,free-music-archive,free-music-archive,Google;Stability AI,USED_BY
Iron Metal,Iron Metal,4713076a-dea7-48c7-8c6f-2cd0ec0f1468,9,9,0,0,0,free-music-archive,free-music-archive,Google;Stability AI,USED_BY
Georgia & August Greenberg,Georgia & August Greenberg,a5230827-668c-4bd9-93d1-49851d252c7c,9,9,0,0,0,free-music-archive,free-music-archive,Google;Stability AI,USED_BY
Rockit Maxx,Rockit Maxx,17da0b09-99fe-437e-a51c-b9b3dc1e56a5,9,9,0,0,0,free-music-archive,free-music-archive,Google;Stability AI,USED_BY
GMC,GMC,4b1aad5e-941a-4cd3-8257-763df00ace5b,9,9,0,0,0,free-music-archive,free-music-archive,Google;Stability AI,USED_BY
Baby Shakes,Baby Shakes,97ea5761-9dce-4cab-91e5-3fffc3fc19f1,9,9,0,0,0,free-music-archive,free-music-archive,Google;Stability AI,USED_BY
The IMG,The IMG,21287,9,9,0,0,0,free-music-archive,free-music-archive,Google;Stability AI,USED_BY
Shoeg,Shoeg,4de08ee2-6910-4d69-aab1-a792e5d3156e,9,9,0,0,0,free-music-archive,free-music-archive,Google;Stability AI,USED_BY
Fabio Crivellaro,Fabio Crivellaro,af39064a-e81a-46a9-bf2f-b8b41cba4ef4,9,9,0,0,0,free-music-archive,free-music-archive,Google;Stability AI,USED_BY
Burnt Ones,Burnt Ones,fa2a05f6-0633-47f0-bf07-f2a0d3308bbe,10,9,0,1,0,free-music-archive;sleeping-disco-9m,free-music-archive,Google;Stability AI,USED_BY
Michael RJ Saalman,Michael RJ Saalman,17371,9,9,0,0,0,free-music-archive,free-music-archive,Google;Stability AI,USED_BY
Las Kellies,Las Kellies,f17de82d-c14c-4bdc-b320-e475b16d87cd,11,11,0,0,0,free-music-archive,free-music-archive,Google;Stability AI,USED_BY
Yasna New York Bulgarian Women's Voices Choir,Yasna New York Bulgarian Women's Voices Choir,18023,9,9,0,0,0,free-music-archive,free-music-archive,Google;Stability AI,USED_BY
Azar Swan,Azar Swan,e8e4e0f4-99cd-4bb3-966a-ea28d226d584,9,9,0,0,0,free-music-archive,free-music-archive,Google;Stability AI,USED_BY
Death Valley Girls,Death Valley Girls,987c6ccf-d4c5-4f23-938a-c0a21782803d,97,9,67,21,0,free-music-archive;laion-disco-12m;sleeping-disco-9m,free-music-archive,Google;Stability AI,USED_BY
pavlove.,pavlove.,23346,9,9,0,0,0,free-music-archive,free-music-archive,Google;Stability AI,USED_BY
Marilyn Roxie,Marilyn Roxie,1c6d46af-a490-4084-859b-4e87d594ceb5,10,9,0,1,0,free-music-archive;sleeping-disco-9m,free-music-archive,Google;Stability AI,USED_BY
Uppercut,Uppercut,1fbfc268-45c4-4095-8745-62cab92aa6a9,9,9,0,0,0,free-music-archive,free-music-archive,Google;Stability AI,USED_BY
Abdu Ali,Abdu Ali,bbc5cd94-bb68-4eb2-9408-0fbff8cac97b,20,9,1,10,0,free-music-archive;laion-disco-12m;sleeping-disco-9m,free-music-archive,Google;Stability AI,USED_BY
Christian Flanders,Christian Flanders,22217,9,9,0,0,0,free-music-archive,free-music-archive,Google;Stability AI,USED_BY
notforme!,notforme!,a41d3cdc-2121-4568-bbee-e124d4e39131,9,9,0,0,0,free-music-archive,free-music-archive,Google;Stability AI,USED_BY
Haiku Ambulance:  Self Titled,Haiku Ambulance:  Self Titled,22651,9,9,0,0,0,free-music-archive,free-music-archive,Google;Stability AI,USED_BY
Dj Chile & Jimmy Penguin,Dj Chile & Jimmy Penguin,21706,9,9,0,0,0,free-music-archive,free-music-archive,Google;Stability AI,USED_BY
Limbs Bin,Limbs Bin,e7aa7750-73e6-4cd1-b8a4-5d5be8d53b35,9,9,0,0,0,free-music-archive,free-music-archive,Google;Stability AI,USED_BY
Shark?,Shark?,30febba3-d201-45c6-ab3c-108aceb0d20f,33,9,24,0,0,free-music-archive;laion-disco-12m,free-music-archive,Google;Stability AI,USED_BY
Riding Alone for Thousands of Miles,Riding Alone for Thousands of Miles,e5d6c9d4-d3b7-4c32-a4a4-bb2f7f20fac3,9,9,0,0,0,free-music-archive,free-music-archive,Google;Stability AI,USED_BY
Trigg,Trigg,11019,9,9,0,0,0,free-music-archive,free-music-archive,Google;Stability AI,USED_BY
Needle Gun,Needle Gun,5493,8,8,0,0,0,free-music-archive,free-music-archive,Google;Stability AI,USED_BY
Harrius,Harrius,833,8,8,0,0,0,free-music-archive,free-music-archive,Google;Stability AI,USED_BY
Arthur F. Collins,Arthur F. Collins,856ba0a6-e2e3-4449-a60c-0e639e7329b3,21,18,0,3,0,free-music-archive;sleeping-disco-9m,free-music-archive,Google;Stability AI,USED_BY
PLATTENBOSS UNDERTAKERS,PLATTENBOSS UNDERTAKERS,5506,8,8,0,0,0,free-music-archive,free-music-archive,Google;Stability AI,USED_BY
A Smile for Timbuctu,A Smile for Timbuctu,0e2f5510-d9a5-44be-8748-c95f7c07cd9b,8,8,0,0,0,free-music-archive,free-music-archive,Google;Stability AI,USED_BY
Sky Barstow,Sky Barstow,40815f42-cc75-43c0-9416-d4e652e1634a,8,8,0,0,0,free-music-archive,free-music-archive,Google;Stability AI,USED_BY
Anders Lindsjö,Anders Lindsjö,968fbb84-afb1-4a65-8817-404fbcf91b36,8,8,0,0,0,free-music-archive,free-music-archive,Google;Stability AI,USED_BY
Dorian Concept,Dorian Concept,cb07b399-6917-4b60-8254-085a6eb39b4f,100,8,78,14,0,free-music-archive;laion-disco-12m;sleeping-disco-9m,free-music-archive,Google;Stability AI,USED_BY
Jeff McLeod,Jeff McLeod,845602e3-b327-4e72-8edf-da88cb088673,8,8,0,0,0,free-music-archive,free-music-archive,Google;Stability AI,USED_BY
Mahjongg,Mahjongg,8b35d711-4731-4e7b-ac82-ce61c063c8dc,8,8,0,0,0,free-music-archive,free-music-archive,Google;Stability AI,USED_BY
Mr. Gutter,Mr. Gutter,218,8,8,0,0,0,free-music-archive,free-music-archive,Google;Stability AI,USED_BY
Solemn Man,Solemn Man,272,8,8,0,0,0,free-music-archive,free-music-archive,Google;Stability AI,USED_BY
Vorpal,Vorpal,8ab7c8f5-d909-41bf-a28c-240c3cc58ead,8,8,0,0,0,free-music-archive,free-music-archive,Google;Stability AI,USED_BY
Antiguo Automata Mexicano,Antiguo Automata Mexicano,ab5288e9-e1c7-4159-9e1e-391d017fb0ef,8,8,0,0,0,free-music-archive,free-music-archive,Google;Stability AI,USED_BY
Chatham County Line,Chatham County Line,23f20841-f311-4b92-9ff9-65d1b25340dd,58,8,20,27,3,free-music-archive;laion-disco-12m;sleeping-disco-9m;spotify-tracks-dataset,free-music-archive,Google;Stability AI,USED_BY
Emma Peel,Emma Peel,1438,8,8,0,0,0,free-music-archive,free-music-archive,Google;Stability AI,USED_BY
Killdozer,Killdozer,6a2f72b1-d660-409e-b190-6470157d3a38,35,8,10,17,0,free-music-archive;laion-disco-12m;sleeping-disco-9m,free-music-archive,Google;Stability AI,USED_BY
Loto Ball Show,Loto Ball Show,c9d48c89-88de-4c25-b51b-b544b88b93c4,8,8,0,0,0,free-music-archive,free-music-archive,Google;Stability AI,USED_BY
The Hall Monitors,The Hall Monitors,3344500e-8fc8-40ae-b8c6-f06080b6d06f,12,8,0,4,0,free-music-archive;sleeping-disco-9m,free-music-archive,Google;Stability AI,USED_BY
Love Craft,Love Craft,a72a92d7-5512-46ec-9216-588fda20bd69,8,8,0,0,0,free-music-archive,free-music-archive,Google;Stability AI,USED_BY
DMBQ,DMBQ,6473c9d8-15f2-4a41-97d2-7b04ca52bb81,8,8,0,0,0,free-music-archive,free-music-archive,Google;Stability AI,USED_BY
Haale,Haale,c3a30599-a8b1-449b-948a-1bcf2be6aa8e,8,8,0,0,0,free-music-archive,free-music-archive,Google;Stability AI,USED_BY
Thomas Function,Thomas Function,2ae53a66-4e03-4fa5-a9e0-11fc1c66816c,8,8,0,0,0,free-music-archive,free-music-archive,Google;Stability AI,USED_BY
The Death Set,The Death Set,7ec4f94d-bd26-408d-a81b-4df4cae674f2,109,10,77,22,0,free-music-archive;laion-disco-12m;sleeping-disco-9m,free-music-archive,Google;Stability AI,USED_BY
The Dirtbombs,The Dirtbombs,49d68d0c-cfe4-4adb-abe5-64cb50671070,159,8,130,21,0,free-music-archive;laion-disco-12m;sleeping-disco-9m,free-music-archive,Google;Stability AI,USED_BY
Triclops!,Triclops!,44930372-8b75-4ba9-9783-e83ac8527613,15,8,0,7,0,free-music-archive;sleeping-disco-9m,free-music-archive,Google;Stability AI,USED_BY
Julia Holter,Julia Holter,45610c1f-41a4-44f1-9da6-227510073ffc,246,9,131,106,0,free-music-archive;laion-disco-12m;sleeping-disco-9m,free-music-archive,Google;Stability AI,USED_BY
The Spazmodics,The Spazmodics,2290,8,8,0,0,0,free-music-archive,free-music-archive,Google;Stability AI,USED_BY
The Native,The Native,2360,8,8,0,0,0,free-music-archive,free-music-archive,Google;Stability AI,USED_BY
Singing Sadie,Singing Sadie,2266,8,8,0,0,0,free-music-archive,free-music-archive,Google;Stability AI,USED_BY
The Cannanes,The Cannanes,971c8784-4a10-404d-b716-a444b3fc475a,8,8,0,0,0,free-music-archive,free-music-archive,Google;Stability AI,USED_BY
Aaron Dunn,Aaron Dunn,eafe8cf6-15d6-4f5c-8f3f-1c3a0a736bbc,8,8,0,0,0,free-music-archive,free-music-archive,Google;Stability AI,USED_BY
Takka Takka,Takka Takka,45804fac-5b55-4a40-bb73-b09f11b14ad0,14,8,0,6,0,free-music-archive;sleeping-disco-9m,free-music-archive,Google;Stability AI,USED_BY
Virus,Virus,3352,8,8,0,0,0,free-music-archive,free-music-archive,Google;Stability AI,USED_BY
Absu,Absu,3403,8,8,0,0,0,free-music-archive,free-music-archive,Google;Stability AI,USED_BY
Slough Feg,Slough Feg,457fd7a8-eac0-41ac-b088-b44840288f4d,51,8,0,43,0,free-music-archive;sleeping-disco-9m,free-music-archive,Google;Stability AI,USED_BY
Yen Pox,Yen Pox,b4f61828-b472-4609-8941-a6ec78d82e84,8,8,0,0,0,free-music-archive,free-music-archive,Google;Stability AI,USED_BY
Rockoutfit,Rockoutfit,053f8648-28d7-4e4d-8dd3-70935023f7bf,8,8,0,0,0,free-music-archive,free-music-archive,Google;Stability AI,USED_BY
Pretty Flags,Pretty Flags,4008,8,8,0,0,0,free-music-archive,free-music-archive,Google;Stability AI,USED_BY
Trailer Bride,Trailer Bride,1104a5a3-558d-4d26-9ece-aa143f86694f,32,8,0,24,0,free-music-archive;sleeping-disco-9m,free-music-archive,Google;Stability AI,USED_BY
Alex Mauer,Alex Mauer,a3ce8273-e6cf-4856-9aec-1759c2ca6ec7,8,8,0,0,0,free-music-archive,free-music-archive,Google;Stability AI,USED_BY
Billy Bao,Billy Bao,3c8589e0-6ac3-455f-831b-9a0d94037610,8,8,0,0,0,free-music-archive,free-music-archive,Google;Stability AI,USED_BY
M.B.,M.B.,57bd7b0e-a1be-4a9d-a0e3-e7980f156728,11,11,0,0,0,free-music-archive,free-music-archive,Google;Stability AI,USED_BY
Bruce Russell,Bruce Russell,717eecc9-1d0b-4ff8-9e87-1704e6574db2,8,8,0,0,0,free-music-archive,free-music-archive,Google;Stability AI,USED_BY
Toss,Toss,4473,8,8,0,0,0,free-music-archive,free-music-archive,Google;Stability AI,USED_BY
Cobson,Cobson,f0a5bf69-7060-4cf5-88a4-36fcef843356,8,8,0,0,0,free-music-archive,free-music-archive,Google;Stability AI,USED_BY
Rod,Rod,13f9c024-1d4e-480c-a11b-bbd45fad9420,8,8,0,0,0,free-music-archive,free-music-archive,Google;Stability AI,USED_BY
Terry Douglas,Terry Douglas,0df1964f-e71f-4cf4-9ef6-5a9b7e9dffc1,8,8,0,0,0,free-music-archive,free-music-archive,Google;Stability AI,USED_BY
.tape.,.tape.,d5deedb1-3ef8-4780-9fc8-5d439194244e,8,8,0,0,0,free-music-archive,free-music-archive,Google;Stability AI,USED_BY
Personal and the Pizzas,Personal and the Pizzas,dd021aab-74b9-4621-839b-9d5680717ddb,17,16,0,0,1,free-music-archive;spotify-tracks-dataset,free-music-archive,Google;Stability AI,USED_BY
Latent Chaos,Latent Chaos,3ce551fc-35a8-480a-85ba-2e531db183fe,8,8,0,0,0,free-music-archive,free-music-archive,Google;Stability AI,USED_BY
YACHT,YACHT,2616,8,8,0,0,0,free-music-archive,free-music-archive,Google;Stability AI,USED_BY
Menasor-Drenching Axis,Menasor-Drenching Axis,5410,8,8,0,0,0,free-music-archive,free-music-archive,Google;Stability AI,USED_BY
Roberto Padovan,Roberto Padovan,02e55cce-51e3-41fc-b221-9327019680f5,8,8,0,0,0,free-music-archive,free-music-archive,Google;Stability AI,USED_BY
Meth Teeth,Meth Teeth,0ac89c1f-99fa-426a-a6cd-3cbc427c0b45,8,8,0,0,0,free-music-archive,free-music-archive,Google;Stability AI,USED_BY
The Back C.C.'s,The Back C.C.'s,5017,8,8,0,0,0,free-music-archive,free-music-archive,Google;Stability AI,USED_BY
2pol,2pol,6be85be4-2a09-46c7-9ff1-f5f9f49b9d7e,8,8,0,0,0,free-music-archive,free-music-archive,Google;Stability AI,USED_BY
Unrest,Unrest,f444dc7d-59c1-4ed6-beb7-f90b6d85366c,32,8,0,24,0,free-music-archive;sleeping-disco-9m,free-music-archive,Google;Stability AI,USED_BY
Crystal Stilts,Crystal Stilts,000fecd9-ae03-49bc-9a08-636dde5d405d,34,8,0,26,0,free-music-archive;sleeping-disco-9m,free-music-archive,Google;Stability AI,USED_BY
Roxy Pain,Roxy Pain,362,8,8,0,0,0,free-music-archive,free-music-archive,Google;Stability AI,USED_BY
Cath and Phil Tyler,Cath and Phil Tyler,5a50967c-913e-4aae-bf94-edac8b529264,9,9,0,0,0,free-music-archive,free-music-archive,Google;Stability AI,USED_BY
Kreace Peeps,Kreace Peeps,3659,8,8,0,0,0,free-music-archive,free-music-archive,Google;Stability AI,USED_BY
Gowns,Gowns,4232,8,8,0,0,0,free-music-archive,free-music-archive,Google;Stability AI,USED_BY
AK Slaughter,AK Slaughter,2fca0080-57fb-470e-a01d-690b535ee446,8,8,0,0,0,free-music-archive,free-music-archive,Google;Stability AI,USED_BY
Dokaka,Dokaka,146ada07-7286-48ac-be4c-a2589cbffbac,9,8,0,1,0,free-music-archive;sleeping-disco-9m,free-music-archive,Google;Stability AI,USED_BY
Jalikebba Kuyateh and the Toubabs,Jalikebba Kuyateh and the Toubabs,4804,8,8,0,0,0,free-music-archive,free-music-archive,Google;Stability AI,USED_BY
Dallas Kincaid,Dallas Kincaid,f76a2ed3-69bb-4ac8-8fcc-f33ebdff3bd5,8,8,0,0,0,free-music-archive,free-music-archive,Google;Stability AI,USED_BY
Cal Stewart,Cal Stewart,5470796f-4387-4f70-b520-d56dbce45465,8,8,0,0,0,free-music-archive,free-music-archive,Google;Stability AI,USED_BY
Psilodump,Psilodump,cb85543c-e95b-463b-a111-d04d290b4a2a,29,8,0,21,0,free-music-archive;sleeping-disco-9m,free-music-archive,Google;Stability AI,USED_BY
Syem,Syem,177b2008-2ec4-4565-8260-4a07ddffc076,8,8,0,0,0,free-music-archive,free-music-archive,Google;Stability AI,USED_BY
Zombie Prom Queen,Zombie Prom Queen,f8353e4c-6ba1-4695-9b76-f5ee1475cd98,8,8,0,0,0,free-music-archive,free-music-archive,Google;Stability AI,USED_BY
Rok/Paper/Disco,Rok/Paper/Disco,256,8,8,0,0,0,free-music-archive,free-music-archive,Google;Stability AI,USED_BY
Michael Chapman,Michael Chapman,559,8,8,0,0,0,free-music-archive,free-music-archive,Google;Stability AI,USED_BY
Matteah Baim,Matteah Baim,5a15a71f-b680-47ed-bb0b-4c30e47b6902,8,8,0,0,0,free-music-archive,free-music-archive,Google;Stability AI,USED_BY
Freakwater,Freakwater,50e68a47-b6e4-4178-84d5-8955206a0b7f,52,8,0,44,0,free-music-archive;sleeping-disco-9m,free-music-archive,Google;Stability AI,USED_BY
Cool Devices,Cool Devices,4065,8,8,0,0,0,free-music-archive,free-music-archive,Google;Stability AI,USED_BY
Jenny Mayhem,Jenny Mayhem,a11205d7-098e-45c2-8a6c-dad3086827e0,16,8,2,6,0,free-music-archive;laion-disco-12m;sleeping-disco-9m,free-music-archive,Google;Stability AI,USED_BY
Robin Grey,Robin Grey,b1dd203a-b075-4f40-a9b3-2aad0d93fa73,8,8,0,0,0,free-music-archive,free-music-archive,Google;Stability AI,USED_BY
Little Debbie,Little Debbie,afe6eb79-5c95-4bdd-9151-9bf639172101,8,8,0,0,0,free-music-archive,free-music-archive,Google;Stability AI,USED_BY
Sonvol,Sonvol,ab692ff5-fdd9-4e60-83e2-3de7ae608647,8,8,0,0,0,free-music-archive,free-music-archive,Google;Stability AI,USED_BY
Generation Skweee,Generation Skweee,d8a1dea1-ba85-4c20-9026-98d10a3b76c0,8,8,0,0,0,free-music-archive,free-music-archive,Google;Stability AI,USED_BY
Aenedra,Aenedra,17982,8,8,0,0,0,free-music-archive,free-music-archive,Google;Stability AI,USED_BY
Turmoil,Turmoil,18019,8,8,0,0,0,free-music-archive,free-music-archive,Google;Stability AI,USED_BY
Dáša Fon Fľaša,Dáša Fon Fľaša,2ad8df7d-7206-470a-abca-8cbf7064b63f,8,8,0,0,0,free-music-archive,free-music-archive,Google;Stability AI,USED_BY
Normal Love,Normal Love,538b471d-d953-4ea3-917f-aeaddb1cc96e,8,8,0,0,0,free-music-archive,free-music-archive,Google;Stability AI,USED_BY
Slowdance,Slowdance,dd42dd40-ed78-4bb2-b27c-c90868a59137,13,8,0,5,0,free-music-archive;sleeping-disco-9m,free-music-archive,Google;Stability AI,USED_BY
Factories & Alleyways,Factories & Alleyways,ac2bee80-3c56-4369-bb51-6fd6b81fe557,8,8,0,0,0,free-music-archive,free-music-archive,Google;Stability AI,USED_BY
Speed The Plough,Speed The Plough,6b36e5a6-35f7-4d4a-ae4c-37ae282bde45,8,8,0,0,0,free-music-archive,free-music-archive,Google;Stability AI,USED_BY
Idio-Savant,Idio-Savant,7978,8,8,0,0,0,free-music-archive,free-music-archive,Google;Stability AI,USED_BY
Timperley Rhapsodians,Timperley Rhapsodians,c85ed8b2-72e2-4c0d-9e80-0a1855a71420,8,8,0,0,0,free-music-archive,free-music-archive,Google;Stability AI,USED_BY
Wall Matthews,Wall Matthews,780f463f-f535-4ece-aa69-33ac49d9923d,148,8,140,0,0,free-music-archive;laion-disco-12m,free-music-archive,Google;Stability AI,USED_BY
Mark Fosson,Mark Fosson,e5e325a3-fe3c-4bd7-86c8-800eb3bc9408,48,8,40,0,0,free-music-archive;laion-disco-12m,free-music-archive,Google;Stability AI,USED_BY
LiveFastDie,LiveFastDie,66630ed1-de92-43d1-a12d-1aa21862dab4,12,9,0,3,0,free-music-archive;sleeping-disco-9m,free-music-archive,Google;Stability AI,USED_BY
Split Single,Split Single,6f7f16b9-0df4-4a9c-8638-f142485a1669,20,8,0,12,0,free-music-archive;sleeping-disco-9m,free-music-archive,Google;Stability AI,USED_BY
Priests,Priests,e708ace7-5c5e-48dd-be9b-c5c3aed6273b,43,8,0,35,0,free-music-archive;sleeping-disco-9m,free-music-archive,Google;Stability AI,USED_BY
Rafael Dionísio,Rafael Dionísio,10f5404f-7aee-4c1e-8e0a-19adcac61864,8,8,0,0,0,free-music-archive,free-music-archive,Google;Stability AI,USED_BY
Константин Зед,Константин Зед,18656,8,8,0,0,0,free-music-archive,free-music-archive,Google;Stability AI,USED_BY
Meaner Pencil,Meaner Pencil,18704,8,8,0,0,0,free-music-archive,free-music-archive,Google;Stability AI,USED_BY
Nox Boys,Nox Boys,ee057b0f-36d8-40f0-967d-3bf50445123a,9,8,0,1,0,free-music-archive;sleeping-disco-9m,free-music-archive,Google;Stability AI,USED_BY
m__,m__,97ee70bf-f9ac-4538-9d5e-237c05f786d6,8,8,0,0,0,free-music-archive,free-music-archive,Google;Stability AI,USED_BY
The Clientele,The Clientele,6b66dd3a-d88b-4732-bc13-359d8964b7f2,203,8,135,60,0,free-music-archive;laion-disco-12m;sleeping-disco-9m,free-music-archive,Google;Stability AI,USED_BY
Interlude,Interlude,d4de9073-f84b-475c-930c-a996c8ff8ab7,12,8,0,4,0,free-music-archive;sleeping-disco-9m,free-music-archive,Google;Stability AI,USED_BY
Seamus Cater,Seamus Cater,97daaad9-847d-417c-a4e4-da2049aabf7e,8,8,0,0,0,free-music-archive,free-music-archive,Google;Stability AI,USED_BY
Marc Stapleford,Marc Stapleford,fcc4c2a4-0e85-4fd4-aaf0-127c4a4e8dff,8,8,0,0,0,free-music-archive,free-music-archive,Google;Stability AI,USED_BY
Vows,Vows,18597,8,8,0,0,0,free-music-archive,free-music-archive,Google;Stability AI,USED_BY
Eidetic Seeing,Eidetic Seeing,0cd0ae47-aafc-4b47-8239-ad4da02b0cd5,8,8,0,0,0,free-music-archive,free-music-archive,Google;Stability AI,USED_BY
LaBon,LaBon,19103,8,8,0,0,0,free-music-archive,free-music-archive,Google;Stability AI,USED_BY
Autodrone,Autodrone,496ef9c4-b99a-4ccb-840e-333e3dcac5fa,8,8,0,0,0,free-music-archive,free-music-archive,Google;Stability AI,USED_BY
Even Twice,Even Twice,2f9fc7ed-8720-425a-958d-34bb20de089f,8,8,0,0,0,free-music-archive,free-music-archive,Google;Stability AI,USED_BY
Serakhe0n,Serakhe0n,8b3710b6-8aef-4171-8c1f-9ee3ced11ab9,8,8,0,0,0,free-music-archive,free-music-archive,Google;Stability AI,USED_BY
Action Will Be Taken,Action Will Be Taken,19279,8,8,0,0,0,free-music-archive,free-music-archive,Google;Stability AI,USED_BY
Tickle,Tickle,9f55f6a7-1ebe-4b8b-b5e8-9a0583b66b2f,8,8,0,0,0,free-music-archive,free-music-archive,Google;Stability AI,USED_BY
Spin Day,Spin Day,19347,8,8,0,0,0,free-music-archive,free-music-archive,Google;Stability AI,USED_BY
Caballo,Caballo,19383,8,8,0,0,0,free-music-archive,free-music-archive,Google;Stability AI,USED_BY
Fatti Frances,Fatti Frances,607ceeb2-3679-405c-9cbf-c1b5e72a73df,8,8,0,0,0,free-music-archive,free-music-archive,Google;Stability AI,USED_BY
Quitty & The Don'ts,Quitty & The Don'ts,19449,8,8,0,0,0,free-music-archive,free-music-archive,Google;Stability AI,USED_BY
LAZY SALON,LAZY SALON,19125,8,8,0,0,0,free-music-archive,free-music-archive,Google;Stability AI,USED_BY
Коста Т,Коста Т,16984,8,8,0,0,0,free-music-archive,free-music-archive,Google;Stability AI,USED_BY
poj.wlkp,poj.wlkp,19481,8,8,0,0,0,free-music-archive,free-music-archive,Google;Stability AI,USED_BY
Les Sans Culottes,Les Sans Culottes,2f2b80a5-4d18-49c2-8baa-4485972c0b14,75,8,59,8,0,free-music-archive;laion-disco-12m;sleeping-disco-9m,free-music-archive,Google;Stability AI,USED_BY
"Turku, Nomads of the Silk Road","Turku, Nomads of the Silk Road",19607,8,8,0,0,0,free-music-archive,free-music-archive,Google;Stability AI,USED_BY
Church Bats,Church Bats,19684,8,8,0,0,0,free-music-archive,free-music-archive,Google;Stability AI,USED_BY
Skinfaxe,Skinfaxe,2d49f089-e3ce-4614-8d12-aed7a9af8058,8,8,0,0,0,free-music-archive,free-music-archive,Google;Stability AI,USED_BY
Troy Holder,Troy Holder,19589,8,8,0,0,0,free-music-archive,free-music-archive,Google;Stability AI,USED_BY
NoLogic,NoLogic,19847,8,8,0,0,0,free-music-archive,free-music-archive,Google;Stability AI,USED_BY
theL3the,theL3the,19992,8,8,0,0,0,free-music-archive,free-music-archive,Google;Stability AI,USED_BY
Missing Organs,Missing Organs,aa257886-2e29-4a06-940d-175cdeea2e37,8,8,0,0,0,free-music-archive,free-music-archive,Google;Stability AI,USED_BY
Onda bidón,Onda bidón,bc9d31c5-23ff-43a1-ade4-91980e161dd2,9,9,0,0,0,free-music-archive,free-music-archive,Google;Stability AI,USED_BY
Kris Roche,Kris Roche,c547d0cb-a274-4da5-b372-66ed499e4952,8,8,0,0,0,free-music-archive,free-music-archive,Google;Stability AI,USED_BY
Flesh Lights,Flesh Lights,0083c0d1-08cf-4b24-b8d7-20fe17b2cd99,8,8,0,0,0,free-music-archive,free-music-archive,Google;Stability AI,USED_BY
Grove of Whispers,Grove of Whispers,03017c71-00d0-4449-91e0-e20e21a2acd1,8,8,0,0,0,free-music-archive,free-music-archive,Google;Stability AI,USED_BY
Junk Boys,Junk Boys,20288,8,8,0,0,0,free-music-archive,free-music-archive,Google;Stability AI,USED_BY
Guerra de Cerdos,Guerra de Cerdos,002b0d94-12f5-4383-9f04-cc600eda378d,8,8,0,0,0,free-music-archive,free-music-archive,Google;Stability AI,USED_BY
Cahill Locksmith,Cahill Locksmith,20293,8,8,0,0,0,free-music-archive,free-music-archive,Google;Stability AI,USED_BY
Dan Lizard,Dan Lizard,20274,8,8,0,0,0,free-music-archive,free-music-archive,Google;Stability AI,USED_BY
Frozen Houses,Frozen Houses,91703684-dcf9-4ceb-b44c-10679692a859,8,8,0,0,0,free-music-archive,free-music-archive,Google;Stability AI,USED_BY
Argument Clinic,Argument Clinic,20354,8,8,0,0,0,free-music-archive,free-music-archive,Google;Stability AI,USED_BY
Alas de Mosca,Alas de Mosca,c295d8f8-bfaf-477d-af7b-8c0c49f75e45,8,8,0,0,0,free-music-archive,free-music-archive,Google;Stability AI,USED_BY
VIC BANG,VIC BANG,155db885-d7ed-49fa-812f-a2eb5fedfbbf,8,8,0,0,0,free-music-archive,free-music-archive,Google;Stability AI,USED_BY
Germanager,Germanager,7d685819-22cf-4dd7-8d00-dbda30406c3d,8,8,0,0,0,free-music-archive,free-music-archive,Google;Stability AI,USED_BY
Alan Singley,Alan Singley,edfd4d9d-4170-463b-8520-c07b64543bd6,10,8,0,2,0,free-music-archive;sleeping-disco-9m,free-music-archive,Google;Stability AI,USED_BY
Anamorphic Orchestra,Anamorphic Orchestra,22763,8,8,0,0,0,free-music-archive,free-music-archive,Google;Stability AI,USED_BY
Real Numbers,Real Numbers,2b812fff-dc80-4838-98a5-9e005bc2e9b7,8,8,0,0,0,free-music-archive,free-music-archive,Google;Stability AI,USED_BY
Life Like Thunderstorms,Life Like Thunderstorms,20568,8,8,0,0,0,free-music-archive,free-music-archive,Google;Stability AI,USED_BY
A Minha Embala (Aline Frazão e César Herranz),A Minha Embala (Aline Frazão e César Herranz),20654,8,8,0,0,0,free-music-archive,free-music-archive,Google;Stability AI,USED_BY
All Shall Be Well (And All Shall Be Well and All Manner of Things Shall Be Well),All Shall Be Well (And All Shall Be Well and All Manner of Things Shall Be Well),37585a19-f729-408e-9c80-e0cfd9cb1c83,20,8,0,12,0,free-music-archive;sleeping-disco-9m,free-music-archive,Google;Stability AI,USED_BY
Patrizia Mattioli,Patrizia Mattioli,28a0e8ae-8b10-4cc1-9a78-a81428652059,8,8,0,0,0,free-music-archive,free-music-archive,Google;Stability AI,USED_BY
Radius System,Radius System,22d20d75-eaa9-45f9-b9d6-cc1b6b835a95,8,8,0,0,0,free-music-archive,free-music-archive,Google;Stability AI,USED_BY
Nomad,Nomad,14368,9,8,0,0,1,free-music-archive;spotify-tracks-dataset,free-music-archive,Google;Stability AI,USED_BY
Nhoin,Nhoin,cab5030c-8d57-4ec5-8ede-979b85926555,8,8,0,0,0,free-music-archive,free-music-archive,Google;Stability AI,USED_BY
Trepanning,Trepanning,14459,8,8,0,0,0,free-music-archive,free-music-archive,Google;Stability AI,USED_BY
Melinda Ligeti,Melinda Ligeti,14712,8,8,0,0,0,free-music-archive,free-music-archive,Google;Stability AI,USED_BY
Steven Arntson,Steven Arntson,3846e46e-1f18-4fae-8356-4ba80b5303c5,8,8,0,0,0,free-music-archive,free-music-archive,Google;Stability AI,USED_BY
The Thud Experiment,The Thud Experiment,7613,8,8,0,0,0,free-music-archive,free-music-archive,Google;Stability AI,USED_BY
Justin Wiggan,Justin Wiggan,87c5443b-c550-4211-9a23-98fd7ca6fe90,8,8,0,0,0,free-music-archive,free-music-archive,Google;Stability AI,USED_BY
Stompin' Riff Raffs,Stompin' Riff Raffs,35bda351-d4a3-4d47-a6ed-4e538b2c3748,9,9,0,0,0,free-music-archive,free-music-archive,Google;Stability AI,USED_BY
I Am Not Lefthanded,I Am Not Lefthanded,20aa60d6-edb3-423d-bad8-d4bd1056b024,8,8,0,0,0,free-music-archive,free-music-archive,Google;Stability AI,USED_BY
Algesis,Algesis,322cfb88-e6dd-46f0-b195-508f5b8546f4,8,8,0,0,0,free-music-archive,free-music-archive,Google;Stability AI,USED_BY
Holy Pain,Holy Pain,a5df0b43-097d-4e9b-828f-96cdf9b51076,8,8,0,0,0,free-music-archive,free-music-archive,Google;Stability AI,USED_BY
Geese,Geese,15256,8,8,0,0,0,free-music-archive,free-music-archive,Google;Stability AI,USED_BY
Gluid,Gluid,e43b05c4-560d-41ef-bb4a-c56f6b6feca1,8,8,0,0,0,free-music-archive,free-music-archive,Google;Stability AI,USED_BY
Emily Danger,Emily Danger,5bb8d235-d80b-4b60-bf8b-020813993c91,8,8,0,0,0,free-music-archive,free-music-archive,Google;Stability AI,USED_BY
Trigger (Wind Trio),Trigger (Wind Trio),16513,8,8,0,0,0,free-music-archive,free-music-archive,Google;Stability AI,USED_BY
The Tunnel,The Tunnel,3e23ed92-e8c1-4093-884b-17c22e084742,18,18,0,0,0,free-music-archive,free-music-archive,Google;Stability AI,USED_BY
Jenifer Avila,Jenifer Avila,5587e76f-4f6c-4e15-818e-e5d35a503870,9,9,0,0,0,free-music-archive,free-music-archive,Google;Stability AI,USED_BY
the hermit,the hermit,15489,9,8,1,0,0,free-music-archive;laion-disco-12m,free-music-archive,Google;Stability AI,USED_BY
Gutterhulk,Gutterhulk,15493,8,8,0,0,0,free-music-archive,free-music-archive,Google;Stability AI,USED_BY
The Dream Team,The Dream Team,15554,8,8,0,0,0,free-music-archive,free-music-archive,Google;Stability AI,USED_BY
The Party Lights,The Party Lights,15589,8,8,0,0,0,free-music-archive,free-music-archive,Google;Stability AI,USED_BY
The Recordettes,The Recordettes,15593,8,8,0,0,0,free-music-archive,free-music-archive,Google;Stability AI,USED_BY
Abstract Nostalgic Fractal Systems,Abstract Nostalgic Fractal Systems,7bfc7f45-ca2b-455c-86c4-e52ff2036c2b,8,8,0,0,0,free-music-archive,free-music-archive,Google;Stability AI,USED_BY
Plastic Surgery Icon,Plastic Surgery Icon,15abe928-10b7-4f5e-9463-3a70bb815bb2,8,8,0,0,0,free-music-archive,free-music-archive,Google;Stability AI,USED_BY
Droict,Droict,15795,8,8,0,0,0,free-music-archive,free-music-archive,Google;Stability AI,USED_BY
The Undynamic Pop Experiment,The Undynamic Pop Experiment,15809,8,8,0,0,0,free-music-archive,free-music-archive,Google;Stability AI,USED_BY
Creem,Creem,4259f7dc-7384-40da-9567-05ce2903d61e,8,8,0,0,0,free-music-archive,free-music-archive,Google;Stability AI,USED_BY
"Tote Stadt, Mourmansk150 and Hinyouki","Tote Stadt, Mourmansk150 and Hinyouki",15893,8,8,0,0,0,free-music-archive,free-music-archive,Google;Stability AI,USED_BY
Soni Ventorum Wind Quintet,Soni Ventorum Wind Quintet,5e282395-e6fa-4521-bf08-6796db037a70,8,8,0,0,0,free-music-archive,free-music-archive,Google;Stability AI,USED_BY
The Travelling Mongoose,The Travelling Mongoose,6075,8,8,0,0,0,free-music-archive,free-music-archive,Google;Stability AI,USED_BY
Jenny O.,Jenny O.,885da72e-721b-4985-a2ef-747fc6656305,31,8,0,23,0,free-music-archive;sleeping-disco-9m,free-music-archive,Google;Stability AI,USED_BY
Lonnie Holley,Lonnie Holley,483ccc8e-d789-46db-a88a-3a0ad4b6fae3,31,8,9,14,0,free-music-archive;laion-disco-12m;sleeping-disco-9m,free-music-archive,Google;Stability AI,USED_BY
Eleni Mandell,Eleni Mandell,e888b7d9-bc39-4927-9244-a235b64b1347,171,8,135,28,0,free-music-archive;laion-disco-12m;sleeping-disco-9m,free-music-archive,Google;Stability AI,USED_BY
Genox,Genox,16269,8,8,0,0,0,free-music-archive,free-music-archive,Google;Stability AI,USED_BY
mairack and player2,mairack and player2,16356,8,8,0,0,0,free-music-archive,free-music-archive,Google;Stability AI,USED_BY
Sweet Talk,Sweet Talk,4d5b96cc-f099-4c92-8a63-638c966d6897,8,8,0,0,0,free-music-archive,free-music-archive,Google;Stability AI,USED_BY
Ikimashoo Aoi,Ikimashoo Aoi,d9dae48c-869e-4d95-bfbe-a1c6a5d10123,8,8,0,0,0,free-music-archive,free-music-archive,Google;Stability AI,USED_BY
GeeNerve,GeeNerve,16573,8,8,0,0,0,free-music-archive,free-music-archive,Google;Stability AI,USED_BY
Ajda the Turkish Queen,Ajda the Turkish Queen,20ec710d-5e76-457c-84c2-dcdd24a11e63,8,8,0,0,0,free-music-archive,free-music-archive,Google;Stability AI,USED_BY
Lorelle Meets the Obsolete,Lorelle Meets the Obsolete,0e826d93-0b1c-46c9-b1ce-d3b5a8e567ca,21,9,0,12,0,free-music-archive;sleeping-disco-9m,free-music-archive,Google;Stability AI,USED_BY
Poor Alexei,Poor Alexei,16727,8,8,0,0,0,free-music-archive,free-music-archive,Google;Stability AI,USED_BY
Jorge Nunes,Jorge Nunes,16840,8,8,0,0,0,free-music-archive,free-music-archive,Google;Stability AI,USED_BY
Not The 1s,Not The 1s,8c2a547c-561c-4c4b-a0db-1b352d9adb02,8,8,0,0,0,free-music-archive,free-music-archive,Google;Stability AI,USED_BY
Geometrie Variabili,Geometrie Variabili,16958,8,8,0,0,0,free-music-archive,free-music-archive,Google;Stability AI,USED_BY
Noaidi,Noaidi,16989,8,8,0,0,0,free-music-archive,free-music-archive,Google;Stability AI,USED_BY
Suspicious Beasts,Suspicious Beasts,17016,8,8,0,0,0,free-music-archive,free-music-archive,Google;Stability AI,USED_BY
Cuntz,Cuntz,f7df7043-1a2c-4db5-b36a-50d7f28757eb,8,8,0,0,0,free-music-archive,free-music-archive,Google;Stability AI,USED_BY
Technicolor Teeth,Technicolor Teeth,e8d27d07-1eb3-4127-a6b2-83e3ce36b1ec,8,8,0,0,0,free-music-archive,free-music-archive,Google;Stability AI,USED_BY
The Party Faithful,The Party Faithful,e0a7d23d-581d-46db-8422-206d5d8f09cd,8,8,0,0,0,free-music-archive,free-music-archive,Google;Stability AI,USED_BY
Chastity Belt,Chastity Belt,944267d5-c0f0-4f4e-b3f2-7987d25d0441,118,8,58,52,0,free-music-archive;laion-disco-12m;sleeping-disco-9m,free-music-archive,Google;Stability AI,USED_BY
Nicolas Chientaroli Trio,Nicolas Chientaroli Trio,17300,8,8,0,0,0,free-music-archive,free-music-archive,Google;Stability AI,USED_BY
Daniele Pasini,Daniele Pasini,cdbe0654-2f25-41cf-94ed-98abc64326f6,8,8,0,0,0,free-music-archive,free-music-archive,Google;Stability AI,USED_BY
Raffaele Pilia,Raffaele Pilia,840f12b5-aca0-4b43-a544-eafadc6cd4fe,8,8,0,0,0,free-music-archive,free-music-archive,Google;Stability AI,USED_BY
BpOlar,BpOlar,17393,8,8,0,0,0,free-music-archive,free-music-archive,Google;Stability AI,USED_BY
Fire to the Stars,Fire to the Stars,95249c3a-a23c-417d-9849-ba2db12fb71d,9,9,0,0,0,free-music-archive,free-music-archive,Google;Stability AI,USED_BY
Sektor 304,Sektor 304,658f03af-c4ac-44ea-ba87-1c2edd6f180d,8,8,0,0,0,free-music-archive,free-music-archive,Google;Stability AI,USED_BY
mynameisjOhn,mynameisjOhn,17491,8,8,0,0,0,free-music-archive,free-music-archive,Google;Stability AI,USED_BY
Antoine Chessex,Antoine Chessex,9ba699f1-51ba-4250-af18-d202c4adf3b3,8,8,0,0,0,free-music-archive,free-music-archive,Google;Stability AI,USED_BY
Snow Monster,Snow Monster,10581,8,8,0,0,0,free-music-archive,free-music-archive,Google;Stability AI,USED_BY
Batillus,Batillus,671f1dce-c81b-4564-80f8-0f9de94d367c,20,8,0,12,0,free-music-archive;sleeping-disco-9m,free-music-archive,Google;Stability AI,USED_BY
Ca$h4otterz,Ca$h4otterz,ea903a55-06f2-41d2-996a-4276814585b1,8,8,0,0,0,free-music-archive,free-music-archive,Google;Stability AI,USED_BY
Tyler Jon Tyler,Tyler Jon Tyler,10889,8,8,0,0,0,free-music-archive,free-music-archive,Google;Stability AI,USED_BY
Peter Swimm,Peter Swimm,ab695ed6-7ae4-4947-8142-dbfd168c3b74,9,8,0,1,0,free-music-archive;sleeping-disco-9m,free-music-archive,Google;Stability AI,USED_BY
Ultrasyd,Ultrasyd,20a2a4f8-a4c4-4409-8b22-1593e3cd4642,15,8,0,7,0,free-music-archive;sleeping-disco-9m,free-music-archive,Google;Stability AI,USED_BY
White Fence,White Fence,68548de4-c045-426a-9745-b52a8a22d2d2,49,8,2,39,0,free-music-archive;laion-disco-12m;sleeping-disco-9m,free-music-archive,Google;Stability AI,USED_BY
Radical Dads,Radical Dads,3583f221-0890-4d2e-bc2a-0737e48b8b5f,19,8,0,11,0,free-music-archive;sleeping-disco-9m,free-music-archive,Google;Stability AI,USED_BY
Bush Tetras,Bush Tetras,0fa623ce-9d1a-4b14-b6a3-19c79317a22f,24,8,0,16,0,free-music-archive;sleeping-disco-9m,free-music-archive,Google;Stability AI,USED_BY
Burning Bright,Burning Bright,e1d1c7fd-2383-47df-ac69-554952aeeef4,8,8,0,0,0,free-music-archive,free-music-archive,Google;Stability AI,USED_BY
White Life,White Life,01756243-1a7c-4f43-9e96-57ff399ce215,13,8,0,5,0,free-music-archive;sleeping-disco-9m,free-music-archive,Google;Stability AI,USED_BY
Nic Blu and the Travoltings,Nic Blu and the Travoltings,11406,8,8,0,0,0,free-music-archive,free-music-archive,Google;Stability AI,USED_BY
The Atomic Gardens,The Atomic Gardens,11150,8,8,0,0,0,free-music-archive,free-music-archive,Google;Stability AI,USED_BY
No Color,No Color,47f7b58e-1c62-40b5-99e6-ed7694fc9ee8,8,8,0,0,0,free-music-archive,free-music-archive,Google;Stability AI,USED_BY
Sunsearcher,Sunsearcher,5d6f9133-4459-4188-b100-e1902d8d3468,8,8,0,0,0,free-music-archive,free-music-archive,Google;Stability AI,USED_BY
Kitchen's Floor,Kitchen's Floor,6f05e9a8-ebaa-4981-b66f-594da88b706f,8,8,0,0,0,free-music-archive,free-music-archive,Google;Stability AI,USED_BY
DC9V,DC9V,11982,8,8,0,0,0,free-music-archive,free-music-archive,Google;Stability AI,USED_BY
FLT RSK,FLT RSK,1419c464-b47a-49b7-8eb7-fc92fc62178a,8,8,0,0,0,free-music-archive,free-music-archive,Google;Stability AI,USED_BY
DuBoLoGy,DuBoLoGy,321ce897-2e66-4516-b146-e1bc881ac824,8,8,0,0,0,free-music-archive,free-music-archive,Google;Stability AI,USED_BY
Friglob,Friglob,b8723bd2-2390-40b1-9306-6df87447d008,8,8,0,0,0,free-music-archive,free-music-archive,Google;Stability AI,USED_BY
FESTI 40 music festival,FESTI 40 music festival,11895,8,8,0,0,0,free-music-archive,free-music-archive,Google;Stability AI,USED_BY
L' Amicale du Tigrou,L' Amicale du Tigrou,12095,8,8,0,0,0,free-music-archive,free-music-archive,Google;Stability AI,USED_BY
Dylan Palme,Dylan Palme,12099,8,8,0,0,0,free-music-archive,free-music-archive,Google;Stability AI,USED_BY
Jaap Blonk's Iles Flottantes,Jaap Blonk's Iles Flottantes,12159,8,8,0,0,0,free-music-archive,free-music-archive,Google;Stability AI,USED_BY
Heaven's Gate,Heaven's Gate,62f4d829-a7c2-49d3-a518-13a912acacfe,15,8,7,0,0,free-music-archive;laion-disco-12m,free-music-archive,Google;Stability AI,USED_BY
Sky Thing,Sky Thing,12220,8,8,0,0,0,free-music-archive,free-music-archive,Google;Stability AI,USED_BY
Hot Garbage,Hot Garbage,12240,8,8,0,0,0,free-music-archive,free-music-archive,Google;Stability AI,USED_BY
KVZE,KVZE,2e3d238e-923d-4067-99ae-8e397b8096f9,8,8,0,0,0,free-music-archive,free-music-archive,Google;Stability AI,USED_BY
S&ndC&stl&,S&ndC&stl&,f458f181-8838-4b6e-9166-2879864912b2,8,8,0,0,0,free-music-archive,free-music-archive,Google;Stability AI,USED_BY
Live Ones,Live Ones,c3d9edee-1808-4df7-9735-d249e4e3e865,8,8,0,0,0,free-music-archive,free-music-archive,Google;Stability AI,USED_BY
No Zu,No Zu,cd589a6e-7da3-4096-9f11-a0d91d6e79d6,8,8,0,0,0,free-music-archive,free-music-archive,Google;Stability AI,USED_BY
Fusiller,Fusiller,86b93ab6-5c10-4cb4-b051-9774b796e469,8,8,0,0,0,free-music-archive,free-music-archive,Google;Stability AI,USED_BY
Hess,Hess,fd3235ae-5b3d-4827-9dcf-15c972d3cf19,8,8,0,0,0,free-music-archive,free-music-archive,Google;Stability AI,USED_BY
Exhaust,Exhaust,0bcd41dd-f81f-44f1-89f6-8ab2e9db41be,8,8,0,0,0,free-music-archive,free-music-archive,Google;Stability AI,USED_BY
the Dorkestra,the Dorkestra,10388,8,8,0,0,0,free-music-archive,free-music-archive,Google;Stability AI,USED_BY
Rakiya,Rakiya,12974,8,8,0,0,0,free-music-archive,free-music-archive,Google;Stability AI,USED_BY
On On On,On On On,13192,8,8,0,0,0,free-music-archive,free-music-archive,Google;Stability AI,USED_BY
Electric Jellyfish,Electric Jellyfish,a7b6543c-5787-4491-b68c-10fec5675b7c,8,8,0,0,0,free-music-archive,free-music-archive,Google;Stability AI,USED_BY
Lee Bains III & the Glory Fires,Lee Bains III & the Glory Fires,c95f867b-2191-4b8b-a0de-546606c1e476,42,20,0,22,0,free-music-archive;sleeping-disco-9m,free-music-archive,Google;Stability AI,USED_BY
The Happy Valley Band,The Happy Valley Band,13445,8,8,0,0,0,free-music-archive,free-music-archive,Google;Stability AI,USED_BY
Emily Wells,Emily Wells,b339ac43-56d1-4077-a380-cf01ad2a778b,126,8,90,28,0,free-music-archive;laion-disco-12m;sleeping-disco-9m,free-music-archive,Google;Stability AI,USED_BY
Cuddle Magic,Cuddle Magic,412b4e75-0042-4b6f-8e9b-05a76719aac6,89,8,61,20,0,free-music-archive;laion-disco-12m;sleeping-disco-9m,free-music-archive,Google;Stability AI,USED_BY
Jose Ph. Kony,Jose Ph. Kony,13529,8,8,0,0,0,free-music-archive,free-music-archive,Google;Stability AI,USED_BY
Parallel Dream,Parallel Dream,13532,8,8,0,0,0,free-music-archive,free-music-archive,Google;Stability AI,USED_BY
Mark Humble & Dave Foster,Mark Humble & Dave Foster,13580,8,8,0,0,0,free-music-archive,free-music-archive,Google;Stability AI,USED_BY
Some Ember,Some Ember,70438d4d-5c48-4db8-8628-2df8b14b2364,8,8,0,0,0,free-music-archive,free-music-archive,Google;Stability AI,USED_BY
Jaakko,Jaakko,13760,8,8,0,0,0,free-music-archive,free-music-archive,Google;Stability AI,USED_BY
Ava Luna,Ava Luna,3be4432d-5dcd-489d-80ee-a6c2ed13ba76,32,8,0,24,0,free-music-archive;sleeping-disco-9m,free-music-archive,Google;Stability AI,USED_BY
King Tuff,King Tuff,4e442c83-b547-4d6e-9270-cdd35e3c3195,109,8,74,27,0,free-music-archive;laion-disco-12m;sleeping-disco-9m,free-music-archive,Google;Stability AI,USED_BY
Alexandredavidegabriel,Alexandredavidegabriel,14072,8,8,0,0,0,free-music-archive,free-music-archive,Google;Stability AI,USED_BY
Miodrag Marjanov Quintet,Miodrag Marjanov Quintet,14082,8,8,0,0,0,free-music-archive,free-music-archive,Google;Stability AI,USED_BY
Chris Forsyth,Chris Forsyth,efcbbbd3-1701-4021-a413-dcb5d5baf038,8,8,0,0,0,free-music-archive,free-music-archive,Google;Stability AI,USED_BY
Tomlija,Tomlija,14137,8,8,0,0,0,free-music-archive,free-music-archive,Google;Stability AI,USED_BY
Erothug,Erothug,14189,8,8,0,0,0,free-music-archive,free-music-archive,Google;Stability AI,USED_BY
Infinite Livez,Infinite Livez,3df95f25-8cfe-4afc-ae24-5ea89bce33cb,10,8,2,0,0,free-music-archive;laion-disco-12m,free-music-archive,Google;Stability AI,USED_BY
gHOST project,gHOST project,20835,8,8,0,0,0,free-music-archive,free-music-archive,Google;Stability AI,USED_BY
Derek Baron,Derek Baron,9f4fbb86-3122-41b7-becc-e9c7693927cb,8,8,0,0,0,free-music-archive,free-music-archive,Google;Stability AI,USED_BY
Máscaras,Máscaras,4834bd1d-111c-4b55-ba23-1b7dbec9d34b,8,8,0,0,0,free-music-archive,free-music-archive,Google;Stability AI,USED_BY
Boone Graham,Boone Graham,e9a2a1cd-b4a5-4416-a57b-9d5215e01897,8,8,0,0,0,free-music-archive,free-music-archive,Google;Stability AI,USED_BY
Kacéo,Kacéo,e4ffbc03-5ef2-472a-92d6-da2ac4eb6432,8,8,0,0,0,free-music-archive,free-music-archive,Google;Stability AI,USED_BY
La Parade,La Parade,67344d67-ae7e-4f3e-8da3-7801e3e4bebb,8,8,0,0,0,free-music-archive,free-music-archive,Google;Stability AI,USED_BY
Eyelids,Eyelids,e5194f1c-c3db-41c9-87ed-b190351c779a,23,8,0,15,0,free-music-archive;sleeping-disco-9m,free-music-archive,Google;Stability AI,USED_BY
"Shocron, Politzer, Crozzoli","Shocron, Politzer, Crozzoli",21118,8,8,0,0,0,free-music-archive,free-music-archive,Google;Stability AI,USED_BY
Gingerlys,Gingerlys,9575556d-ace4-45a4-ad2c-6f6e8afddf9d,18,8,0,10,0,free-music-archive;sleeping-disco-9m,free-music-archive,Google;Stability AI,USED_BY
The Strangelet Disasters,The Strangelet Disasters,21163,8,8,0,0,0,free-music-archive,free-music-archive,Google;Stability AI,USED_BY
The Soft Pink Truth,The Soft Pink Truth,fabe6510-9bb1-4a83-af11-3af75adc1389,19,8,0,11,0,free-music-archive;sleeping-disco-9m,free-music-archive,Google;Stability AI,USED_BY
Samurau,Samurau,7c21279a-cd2a-4828-9839-dfe5778c50fe,8,8,0,0,0,free-music-archive,free-music-archive,Google;Stability AI,USED_BY
Song Machine,Song Machine,21391,8,8,0,0,0,free-music-archive,free-music-archive,Google;Stability AI,USED_BY
Legally Blind,Legally Blind,21502,8,8,0,0,0,free-music-archive,free-music-archive,Google;Stability AI,USED_BY
La Cantine Boga,La Cantine Boga,21538,8,8,0,0,0,free-music-archive,free-music-archive,Google;Stability AI,USED_BY
Jordan Sinclair,Jordan Sinclair,21567,8,8,0,0,0,free-music-archive,free-music-archive,Google;Stability AI,USED_BY
SAVAK,SAVAK,798aac2b-e30f-457a-a082-2826d8a5c533,21,8,0,13,0,free-music-archive;sleeping-disco-9m,free-music-archive,Google;Stability AI,USED_BY
Yoghurt For Breakfast,Yoghurt For Breakfast,6c80928e-b578-4743-91aa-b90f3b69feb6,8,8,0,0,0,free-music-archive,free-music-archive,Google;Stability AI,USED_BY
I Not Dance,I Not Dance,3551738b-f0f6-4f95-8327-c84e147a85e4,16,8,0,8,0,free-music-archive;sleeping-disco-9m,free-music-archive,Google;Stability AI,USED_BY
Paolo Pavan,Paolo Pavan,825c10da-ff1b-4e8e-aef4-2a2c1d13b018,8,8,0,0,0,free-music-archive,free-music-archive,Google;Stability AI,USED_BY
J.G. Hackett,J.G. Hackett,c8dde8a0-9b5c-4895-aed5-8c253bf1db61,8,8,0,0,0,free-music-archive,free-music-archive,Google;Stability AI,USED_BY
Anihma,Anihma,7pT5O5lxmosEgW4NoTeDDY,8,8,0,0,0,free-music-archive,free-music-archive,Google;Stability AI,USED_BY
Doc.AtmosfearCrush,Doc.AtmosfearCrush,0SbCSEKYg423TCUVfZ5cFb,8,8,0,0,0,free-music-archive,free-music-archive,Google;Stability AI,USED_BY
Bryan Divisions,Bryan Divisions,dc0f27a1-7acb-40ff-a41f-6d392624ac72,28,8,0,20,0,free-music-archive;sleeping-disco-9m,free-music-archive,Google;Stability AI,USED_BY
chēēZ π,chēēZ π,21861,8,8,0,0,0,free-music-archive,free-music-archive,Google;Stability AI,USED_BY
Homesick Suni,Homesick Suni,ba0b20c7-4e3e-4cf6-89c9-1c65374f5606,8,8,0,0,0,free-music-archive,free-music-archive,Google;Stability AI,USED_BY
Anob,Anob,bb373a52-337d-4a09-aa2c-b5da951c7d34,8,8,0,0,0,free-music-archive,free-music-archive,Google;Stability AI,USED_BY
Arbee,Arbee,21577,8,8,0,0,0,free-music-archive,free-music-archive,Google;Stability AI,USED_BY
Titanik,Titanik,21988,8,8,0,0,0,free-music-archive,free-music-archive,Google;Stability AI,USED_BY
Klaten,Klaten,304fa0ff-3913-4f11-9656-6e7bd85526fc,8,8,0,0,0,free-music-archive,free-music-archive,Google;Stability AI,USED_BY
Monarques,Monarques,22040,8,8,0,0,0,free-music-archive,free-music-archive,Google;Stability AI,USED_BY
The Great Cold,The Great Cold,f05dc6f0-f837-45dc-bd63-2d914e1fbd6e,8,8,0,0,0,free-music-archive,free-music-archive,Google;Stability AI,USED_BY
Jardín de la Croix,Jardín de la Croix,d7eafdc8-0abe-439b-804c-2f2dd6a6e042,14,8,0,6,0,free-music-archive;sleeping-disco-9m,free-music-archive,Google;Stability AI,USED_BY
Every Now and Every Then,Every Now and Every Then,22222,8,8,0,0,0,free-music-archive,free-music-archive,Google;Stability AI,USED_BY
Metek & Zreen Toyz,Metek & Zreen Toyz,22231,8,8,0,0,0,free-music-archive,free-music-archive,Google;Stability AI,USED_BY
Room Of Wires,Room Of Wires,ef7aa6b0-8cc4-46d2-9406-eae417fd0e27,12,12,0,0,0,free-music-archive,free-music-archive,Google;Stability AI,USED_BY
Diego Acco,Diego Acco,22341,8,8,0,0,0,free-music-archive,free-music-archive,Google;Stability AI,USED_BY
Montserrat Alavedra,Montserrat Alavedra,99410107-c263-4114-8309-eca40a961f1b,8,8,0,0,0,free-music-archive,free-music-archive,Google;Stability AI,USED_BY
Joseph Levine,Joseph Levine,dcd24f88-1753-4cca-a0f3-0554e271d512,8,8,0,0,0,free-music-archive,free-music-archive,Google;Stability AI,USED_BY
Night Club,Night Club,9b4f5b14-6a84-4340-b290-194212716380,120,8,79,32,1,free-music-archive;laion-disco-12m;sleeping-disco-9m;spotify-tracks-dataset,free-music-archive,Google;Stability AI,USED_BY
Blue Dot Session,Blue Dot Session,22349,8,8,0,0,0,free-music-archive,free-music-archive,Google;Stability AI,USED_BY
Logan Takahashi,Logan Takahashi,e7c32be4-2fd1-418c-aeb4-d6c37de78cf7,9,8,1,0,0,free-music-archive;laion-disco-12m,free-music-archive,Google;Stability AI,USED_BY
Pavlosiuk & the Dudes,Pavlosiuk & the Dudes,22398,8,8,0,0,0,free-music-archive,free-music-archive,Google;Stability AI,USED_BY
chloe orin,chloe orin,18419,8,8,0,0,0,free-music-archive,free-music-archive,Google;Stability AI,USED_BY
arcano.zero,arcano.zero,045c9b91-67ec-4ceb-b84a-5e350f74176a,8,8,0,0,0,free-music-archive,free-music-archive,Google;Stability AI,USED_BY
Flamin' Groovies,Flamin' Groovies,c826bda4-4f4f-4746-81ba-5f66ac9c95e5,145,12,132,0,1,free-music-archive;laion-disco-12m;spotify-tracks-dataset,free-music-archive,Google;Stability AI,USED_BY
Mental Escape Pod,Mental Escape Pod,8c76d9b8-4a43-4652-851e-30cf332c93a5,8,8,0,0,0,free-music-archive,free-music-archive,Google;Stability AI,USED_BY
Terracid,Terracid,12112,8,8,0,0,0,free-music-archive,free-music-archive,Google;Stability AI,USED_BY
Perverts in White Shirts,Perverts in White Shirts,0054ea32-ad69-4f1c-bda2-29da2fb23782,8,8,0,0,0,free-music-archive,free-music-archive,Google;Stability AI,USED_BY
Hideout,Hideout,23518,8,8,0,0,0,free-music-archive,free-music-archive,Google;Stability AI,USED_BY
Arthur Zdrinc,Arthur Zdrinc,bad24946-cbcb-4815-8a82-31f69eeb728f,8,8,0,0,0,free-music-archive,free-music-archive,Google;Stability AI,USED_BY
Red Crickets,Red Crickets,9d2f087c-3d25-4dc1-b310-871895113043,8,8,0,0,0,free-music-archive,free-music-archive,Google;Stability AI,USED_BY
Bessemerr,Bessemerr,23645,8,8,0,0,0,free-music-archive,free-music-archive,Google;Stability AI,USED_BY
Daniel Barbiero - Cristiano Bocci,Daniel Barbiero - Cristiano Bocci,23659,8,8,0,0,0,free-music-archive,free-music-archive,Google;Stability AI,USED_BY
The RocknRoll Hi-Fives,The RocknRoll Hi-Fives,27ba8d96-9860-4b1c-983e-3e24cf61a620,8,8,0,0,0,free-music-archive,free-music-archive,Google;Stability AI,USED_BY
( Early ) Salomè Lego Playset,( Early ) Salomè Lego Playset,23690,8,8,0,0,0,free-music-archive,free-music-archive,Google;Stability AI,USED_BY
Proyecto 504,Proyecto 504,23745,8,8,0,0,0,free-music-archive,free-music-archive,Google;Stability AI,USED_BY
Breanna Barbara,Breanna Barbara,4e2d192e-3d63-4f6e-b684-9e3d9165bdb4,25,8,1,16,0,free-music-archive;laion-disco-12m;sleeping-disco-9m,free-music-archive,Google;Stability AI,USED_BY
New York Spelmanslag,New York Spelmanslag,23808,8,8,0,0,0,free-music-archive,free-music-archive,Google;Stability AI,USED_BY
Saylavees,Saylavees,23857,8,8,0,0,0,free-music-archive,free-music-archive,Google;Stability AI,USED_BY
Massicot,Massicot,534ce388-c702-436d-a12c-cc5515858ec9,8,8,0,0,0,free-music-archive,free-music-archive,Google;Stability AI,USED_BY
ULTRADEMON,ULTRADEMON,d156aa53-5540-455b-ac07-ca80e3ba7d53,8,8,0,0,0,free-music-archive,free-music-archive,Google;Stability AI,USED_BY
01110010,01110010,23882,8,8,0,0,0,free-music-archive,free-music-archive,Google;Stability AI,USED_BY
Painburn,Painburn,5be03be4-275d-4d1c-97da-6738adca9c53,8,8,0,0,0,free-music-archive,free-music-archive,Google;Stability AI,USED_BY
Anes & Bateaux,Anes & Bateaux,24206,8,8,0,0,0,free-music-archive,free-music-archive,Google;Stability AI,USED_BY
Reno's Men,Reno's Men,e19fe5f3-cb9d-4a3d-99ee-16d28dd07912,8,8,0,0,0,free-music-archive,free-music-archive,Google;Stability AI,USED_BY
Downer Canada,Downer Canada,d7004db2-6bc6-455d-8e9b-fbf25c615813,8,8,0,0,0,free-music-archive,free-music-archive,Google;Stability AI,USED_BY
Beat Doctor,Beat Doctor,14215,8,8,0,0,0,free-music-archive,free-music-archive,Google;Stability AI,USED_BY
Milton Arias,Milton Arias,3dd437fc-3fca-4524-88e0-06c0a56e6d6b,8,8,0,0,0,free-music-archive,free-music-archive,Google;Stability AI,USED_BY
SOWNDHAUZ,SOWNDHAUZ,24318,8,8,0,0,0,free-music-archive,free-music-archive,Google;Stability AI,USED_BY
Audiobooks,Audiobooks,22566,8,8,0,0,0,free-music-archive,free-music-archive,Google;Stability AI,USED_BY
Rauppwar,Rauppwar,eaf79dc4-dfc4-4bed-a381-4c03533fa421,8,8,0,0,0,free-music-archive,free-music-archive,Google;Stability AI,USED_BY
Edgardo Moreno,Edgardo Moreno,22667,8,8,0,0,0,free-music-archive,free-music-archive,Google;Stability AI,USED_BY
Youth Pictures of Florence Henderson,Youth Pictures of Florence Henderson,343b9f07-0c19-4f14-91aa-a7c753a18c09,21,8,0,13,0,free-music-archive;sleeping-disco-9m,free-music-archive,Google;Stability AI,USED_BY
The Invasion,The Invasion,1cfbe10d-fcf7-4a35-a12c-76f447305b0e,8,8,0,0,0,free-music-archive,free-music-archive,Google;Stability AI,USED_BY
pretochines,pretochines,22808,8,8,0,0,0,free-music-archive,free-music-archive,Google;Stability AI,USED_BY
Scrapple,Scrapple,b5672f03-192d-455f-bde4-36501ecbad86,8,8,0,0,0,free-music-archive,free-music-archive,Google;Stability AI,USED_BY
La 6ème République,La 6ème République,3a3ffa07-b0ff-4b46-a520-be5f3fabbd27,8,8,0,0,0,free-music-archive,free-music-archive,Google;Stability AI,USED_BY
Wild Worm Web,Wild Worm Web,203cb2ab-fffe-4004-8d8f-b2c38d8ff554,8,8,0,0,0,free-music-archive,free-music-archive,Google;Stability AI,USED_BY
Turnip King,Turnip King,1bfaed43-353a-4836-9a16-4d699ebbde14,8,8,0,0,0,free-music-archive,free-music-archive,Google;Stability AI,USED_BY
ИЗ-ПОД ЗЕМЛИ,ИЗ-ПОД ЗЕМЛИ,23340,8,8,0,0,0,free-music-archive,free-music-archive,Google;Stability AI,USED_BY
Little Ozzy & J. E. Frey,Little Ozzy & J. E. Frey,23111,8,8,0,0,0,free-music-archive,free-music-archive,Google;Stability AI,USED_BY
Virgin of the Birds,Virgin of the Birds,bd86280b-4f21-4b65-be54-6363b2b3a566,8,8,0,0,0,free-music-archive,free-music-archive,Google;Stability AI,USED_BY
Mentz,Mentz,b5fb4294-3aef-4b3d-8098-31b332495ed0,8,8,0,0,0,free-music-archive,free-music-archive,Google;Stability AI,USED_BY
B-film Ltd,B-film Ltd,6241,8,8,0,0,0,free-music-archive,free-music-archive,Google;Stability AI,USED_BY
GB pka Gâteaux Blasters,GB pka Gâteaux Blasters,6127,8,8,0,0,0,free-music-archive,free-music-archive,Google;Stability AI,USED_BY
Zinger,Zinger,04b22af1-ce4e-4a41-aedf-41343378761f,8,8,0,0,0,free-music-archive,free-music-archive,Google;Stability AI,USED_BY
Damn Dirty Apes,Damn Dirty Apes,4c1d90dc-034f-4ed9-9b27-243e2e7c55cb,8,8,0,0,0,free-music-archive,free-music-archive,Google;Stability AI,USED_BY
pH - Thomas Helton with Kevin Patton,pH - Thomas Helton with Kevin Patton,6709,8,8,0,0,0,free-music-archive,free-music-archive,Google;Stability AI,USED_BY
Hands,Hands,6704,8,8,0,0,0,free-music-archive,free-music-archive,Google;Stability AI,USED_BY
Martins Rokis & Kaspars Groshevs,Martins Rokis & Kaspars Groshevs,6845,8,8,0,0,0,free-music-archive,free-music-archive,Google;Stability AI,USED_BY
DIY-note,DIY-note,72cba4f0-8e50-4a3a-9d49-bf8b2c0a9c78,8,8,0,0,0,free-music-archive,free-music-archive,Google;Stability AI,USED_BY
Amokdrang,Amokdrang,dd926c44-68c2-4300-be32-347539d5bef3,8,8,0,0,0,free-music-archive,free-music-archive,Google;Stability AI,USED_BY
ZAUS / .E.,ZAUS / .E.,7204,8,8,0,0,0,free-music-archive,free-music-archive,Google;Stability AI,USED_BY
5unday5essions,5unday5essions,7243,8,8,0,0,0,free-music-archive,free-music-archive,Google;Stability AI,USED_BY
Squelette de Georges,Squelette de Georges,7279,8,8,0,0,0,free-music-archive,free-music-archive,Google;Stability AI,USED_BY
Zuhn,Zuhn,0f90deba-70be-49e7-921e-49562b2405e2,19,19,0,0,0,free-music-archive,free-music-archive,Google;Stability AI,USED_BY
The Advanced Antennas,The Advanced Antennas,7549,8,8,0,0,0,free-music-archive,free-music-archive,Google;Stability AI,USED_BY
Debo Band,Debo Band,a109ea9d-674e-43f3-8af2-6d8a5cd21389,8,8,0,0,0,free-music-archive,free-music-archive,Google;Stability AI,USED_BY
M.W.D.,M.W.D.,86121e5e-2900-4010-b182-187568f347e1,8,8,0,0,0,free-music-archive,free-music-archive,Google;Stability AI,USED_BY
PC Worship,PC Worship,f56aacb6-18b1-4b0a-873d-28e9da192719,8,8,0,0,0,free-music-archive,free-music-archive,Google;Stability AI,USED_BY
Ergo Phizmiz and His Orchestra,Ergo Phizmiz and His Orchestra,8a0194ad-6b24-448b-a069-5e7baf2eb1dd,567,539,18,10,0,free-music-archive;laion-disco-12m;sleeping-disco-9m,free-music-archive,Google;Stability AI,USED_BY
Bronze Horse,Bronze Horse,82fa1778-798a-4fc8-893f-3fa76566d761,8,8,0,0,0,free-music-archive,free-music-archive,Google;Stability AI,USED_BY
Hogan Grip,Hogan Grip,51042d30-ae47-45c7-be7f-3f48b2653a95,8,8,0,0,0,free-music-archive,free-music-archive,Google;Stability AI,USED_BY
Oval,Oval,2fa478b1-dee0-428c-8e18-8b0b6608b2dd,39,8,0,29,2,free-music-archive;sleeping-disco-9m;spotify-tracks-dataset,free-music-archive,Google;Stability AI,USED_BY
Meczûp,Meczûp,0a69bfd2-ea32-4013-9073-89f1424a3ed4,8,8,0,0,0,free-music-archive,free-music-archive,Google;Stability AI,USED_BY
Pure Hell,Pure Hell,6c8fc160-5d6d-4f81-99db-60f35316b695,10,8,0,2,0,free-music-archive;sleeping-disco-9m,free-music-archive,Google;Stability AI,USED_BY
Sinewaves,Sinewaves,8999,8,8,0,0,0,free-music-archive,free-music-archive,Google;Stability AI,USED_BY
My Family,My Family,8990,8,8,0,0,0,free-music-archive,free-music-archive,Google;Stability AI,USED_BY
Inlets,Inlets,38dcecd5-2b5d-467d-a48d-cf594ca6a925,21,8,1,12,0,free-music-archive;laion-disco-12m;sleeping-disco-9m,free-music-archive,Google;Stability AI,USED_BY
les Poivrons Rouges sur le Visage,les Poivrons Rouges sur le Visage,9331,8,8,0,0,0,free-music-archive,free-music-archive,Google;Stability AI,USED_BY
Josie Davis,Josie Davis,991daaae-2cb0-4a65-b30f-2424d94c46ab,8,8,0,0,0,free-music-archive,free-music-archive,Google;Stability AI,USED_BY
Matthew Sforcina & Lezet,Matthew Sforcina & Lezet,9570,8,8,0,0,0,free-music-archive,free-music-archive,Google;Stability AI,USED_BY
Lilian Hak,Lilian Hak,cc0a0465-c893-47db-96dc-97f8114b88fe,10,8,1,1,0,free-music-archive;laion-disco-12m;sleeping-disco-9m,free-music-archive,Google;Stability AI,USED_BY
Usine à Fleurs,Usine à Fleurs,9590,8,8,0,0,0,free-music-archive,free-music-archive,Google;Stability AI,USED_BY
Atman,Atman,3910cb55-37b1-4575-aa66-4cec82f23aaa,8,8,0,0,0,free-music-archive,free-music-archive,Google;Stability AI,USED_BY
Alma Yoray,Alma Yoray,174f01c4-2413-4eff-840c-1bcebc4483c9,8,8,0,0,0,free-music-archive,free-music-archive,Google;Stability AI,USED_BY
Mikhail Lezin,Mikhail Lezin,9878,8,8,0,0,0,free-music-archive,free-music-archive,Google;Stability AI,USED_BY
Derek Spaldo,Derek Spaldo,9968,8,8,0,0,0,free-music-archive,free-music-archive,Google;Stability AI,USED_BY
Dragon,Dragon,df78ce0f-3c9a-4c3d-bf45-967919e66e94,8,8,0,0,0,free-music-archive,free-music-archive,Google;Stability AI,USED_BY
Andy & Zeus,Andy & Zeus,10015,8,8,0,0,0,free-music-archive,free-music-archive,Google;Stability AI,USED_BY
The Munitionettes,The Munitionettes,05d6dc60-d5e7-427d-8cbb-b6a920cfa7eb,8,8,0,0,0,free-music-archive,free-music-archive,Google;Stability AI,USED_BY
MWE,MWE,10183,8,8,0,0,0,free-music-archive,free-music-archive,Google;Stability AI,USED_BY
Jam Messengers,Jam Messengers,f83767ef-0c8d-438d-a5c8-e87089b709a0,8,8,0,0,0,free-music-archive,free-music-archive,Google;Stability AI,USED_BY
Lucy Foley,Lucy Foley,0cee1054-c2ec-42fc-a46f-88bbb3dba921,8,8,0,0,0,free-music-archive,free-music-archive,Google;Stability AI,USED_BY
Workdogs,Workdogs,89b39938-43e5-49ff-a5a9-eb014dcc9d3f,8,8,0,0,0,free-music-archive,free-music-archive,Google;Stability AI,USED_BY
Occult Detective Club,Occult Detective Club,19b3b8e1-2a3f-441f-ae3a-fefaa4d3c236,8,8,0,0,0,free-music-archive,free-music-archive,Google;Stability AI,USED_BY
Transmitters,Transmitters,c8a5c8b4-be76-402c-9dc5-f82934fd31d2,8,8,0,0,0,free-music-archive,free-music-archive,Google;Stability AI,USED_BY
Vibration Terrorists,Vibration Terrorists,1684f372-210f-4189-8da5-0b2dc63d1ee5,8,8,0,0,0,free-music-archive,free-music-archive,Google;Stability AI,USED_BY
Seth Guy,Seth Guy,a2fdaf12-b043-42cd-ba30-efbe5f4596e0,8,8,0,0,0,free-music-archive,free-music-archive,Google;Stability AI,USED_BY
The Judy Blooms,The Judy Blooms,b79854ad-313a-4513-9630-e17ec91c8abd,8,8,0,0,0,free-music-archive,free-music-archive,Google;Stability AI,USED_BY
I Killed,I Killed,c88a190e-3d2b-494c-b887-9d914d132f78,8,8,0,0,0,free-music-archive,free-music-archive,Google;Stability AI,USED_BY
Traveling in Stereo,Traveling in Stereo,434f09f8-4af9-4b3b-85e8-1cf3b5f316c2,8,8,0,0,0,free-music-archive,free-music-archive,Google;Stability AI,USED_BY
recompas,recompas,82c57e37-f5d9-4138-bc75-58b7a7bece95,8,8,0,0,0,free-music-archive,free-music-archive,Google;Stability AI,USED_BY
Emily Grantham,Emily Grantham,88587469-888e-48bd-aed9-e36d12c09a71,8,8,0,0,0,free-music-archive,free-music-archive,Google;Stability AI,USED_BY
mitsuru shimizu,mitsuru shimizu,677f0237-b549-496e-9fa6-0f25f3c2144e,8,8,0,0,0,free-music-archive,free-music-archive,Google;Stability AI,USED_BY
Vinnie Paternostro,Vinnie Paternostro,a5fb0fa6-dd92-4676-8047-f1f9fcec7c14,8,8,0,0,0,free-music-archive,free-music-archive,Google;Stability AI,USED_BY
Umanzuki,Umanzuki,148acecb-dd1d-4d9d-8147-55cb158d24a0,8,8,0,0,0,free-music-archive,free-music-archive,Google;Stability AI,USED_BY
C.Strøm,C.Strøm,ce54e837-2d0d-4551-b25c-c5884d9295ea,8,8,0,0,0,free-music-archive,free-music-archive,Google;Stability AI,USED_BY
Philippe Beer Gabel,Philippe Beer Gabel,167a97b8-6e1d-4944-999e-34e13e493cf5,8,8,0,0,0,free-music-archive,free-music-archive,Google;Stability AI,USED_BY
Julien A. Lacroix,Julien A. Lacroix,6948f055-7d60-47b1-a0d8-62261e2c9509,8,8,0,0,0,free-music-archive,free-music-archive,Google;Stability AI,USED_BY
Bill Bissett,Bill Bissett,c61c58d6-7848-4460-850e-41764b2e7986,13,13,0,0,0,free-music-archive,free-music-archive,Google;Stability AI,USED_BY
Junkie Brewster,Junkie Brewster,6bebecec-26b9-40d9-a7ad-169c4fc123ea,8,8,0,0,0,free-music-archive,free-music-archive,Google;Stability AI,USED_BY
Least Carpet,Least Carpet,b0541ebe-8387-4216-aedf-6d47c2923b07,8,8,0,0,0,free-music-archive,free-music-archive,Google;Stability AI,USED_BY
The Trolleyvox,The Trolleyvox,b5a05b52-953d-46e4-a2a5-c7a6b55601de,8,8,0,0,0,free-music-archive,free-music-archive,Google;Stability AI,USED_BY
Donkey,Donkey,8974,8,8,0,0,0,free-music-archive,free-music-archive,Google;Stability AI,USED_BY
Jen Shyu,Jen Shyu,61fe885a-aae3-485b-9825-e5bc76b5a0bb,8,8,0,0,0,free-music-archive,free-music-archive,Google;Stability AI,USED_BY
Igor Krutogolov,Igor Krutogolov,ee9c46ea-9499-48c3-a08f-fae1eedb7c37,8,8,0,0,0,free-music-archive,free-music-archive,Google;Stability AI,USED_BY
Slug Guts,Slug Guts,78a06291-88b7-4a54-8622-e1bfce4caf39,8,8,0,0,0,free-music-archive,free-music-archive,Google;Stability AI,USED_BY
Elks,Elks,10865,8,8,0,0,0,free-music-archive,free-music-archive,Google;Stability AI,USED_BY
Un Automne à Lob-nor,Un Automne à Lob-nor,14f7b86a-8e56-4fd2-98e4-4a695ca2f43b,22,21,1,0,0,free-music-archive;laion-disco-12m,free-music-archive,Google;Stability AI,USED_BY
Aldo Becca,Aldo Becca,11467,8,8,0,0,0,free-music-archive,free-music-archive,Google;Stability AI,USED_BY
Tony Dubshot,Tony Dubshot,0c523454-fc3b-4bab-9898-cf16daeb2d20,8,8,0,0,0,free-music-archive,free-music-archive,Google;Stability AI,USED_BY
Valentina Vuksic,Valentina Vuksic,11970,8,8,0,0,0,free-music-archive,free-music-archive,Google;Stability AI,USED_BY
El Klan de los Dedeté,El Klan de los Dedeté,fa0f8076-83b2-4bda-b84e-1b2be28a4143,120,8,109,3,0,free-music-archive;laion-disco-12m;sleeping-disco-9m,free-music-archive,Google;Stability AI,USED_BY
Burdeos,Burdeos,34bb25cf-d05e-4042-acfa-a8ba238ec9c3,8,8,0,0,0,free-music-archive,free-music-archive,Google;Stability AI,USED_BY
Audrey Chen,Audrey Chen,21f18600-ed07-45ea-8df0-6325fa45add1,10,10,0,0,0,free-music-archive,free-music-archive,Google;Stability AI,USED_BY
The Dark Brothers,The Dark Brothers,41f558c8-3819-4c76-866d-2f4a6a2b400f,8,8,0,0,0,free-music-archive,free-music-archive,Google;Stability AI,USED_BY
V.Majestic,V.Majestic,febdba5d-a82a-4294-b9fb-7d42e76e58d4,8,8,0,0,0,free-music-archive,free-music-archive,Google;Stability AI,USED_BY
Le Chômage,Le Chômage,c7153158-d73d-4950-9618-ad5025222d66,9,9,0,0,0,free-music-archive,free-music-archive,Google;Stability AI,USED_BY
Sexteto Tabalá de Palenque,Sexteto Tabalá de Palenque,12201,8,8,0,0,0,free-music-archive,free-music-archive,Google;Stability AI,USED_BY
Ivana XL,Ivana XL,8343,8,8,0,0,0,free-music-archive,free-music-archive,Google;Stability AI,USED_BY
The Suzan,The Suzan,870fe344-6270-44bf-8d6d-ecbe7e4825ef,11,11,0,0,0,free-music-archive,free-music-archive,Google;Stability AI,USED_BY
Wanda Group,Wanda Group,975a2be8-1756-475f-a167-0a5018b4d486,9,8,1,0,0,free-music-archive;laion-disco-12m,free-music-archive,Google;Stability AI,USED_BY
ProleteR,ProleteR,1f7ea922-f391-4089-bced-9b1e035e4642,97,8,72,17,0,free-music-archive;laion-disco-12m;sleeping-disco-9m,free-music-archive,Google;Stability AI,USED_BY
Los Sundayers,Los Sundayers,32ffdf66-5547-4de3-b82b-6a383c56ffe5,8,8,0,0,0,free-music-archive,free-music-archive,Google;Stability AI,USED_BY
Driftback,Driftback,14640,8,8,0,0,0,free-music-archive,free-music-archive,Google;Stability AI,USED_BY
Ylajali,Ylajali,14950,8,8,0,0,0,free-music-archive,free-music-archive,Google;Stability AI,USED_BY
Broke n phono,Broke n phono,15154,8,8,0,0,0,free-music-archive,free-music-archive,Google;Stability AI,USED_BY
Chotto Ghetto,Chotto Ghetto,b76d4373-eb03-4dd8-849d-715c4871e90f,8,8,0,0,0,free-music-archive,free-music-archive,Google;Stability AI,USED_BY
Srch Party,Srch Party,15697,8,8,0,0,0,free-music-archive,free-music-archive,Google;Stability AI,USED_BY
Peacock Ball,Peacock Ball,18982,8,8,0,0,0,free-music-archive,free-music-archive,Google;Stability AI,USED_BY
Los Mirnuls,Los Mirnuls,19989,8,8,0,0,0,free-music-archive,free-music-archive,Google;Stability AI,USED_BY
Fiver's Stereo,Fiver's Stereo,ff17195a-dabc-4e96-a3a6-27344820e93a,8,8,0,0,0,free-music-archive,free-music-archive,Google;Stability AI,USED_BY
David Harrow meets Dr Dub,David Harrow meets Dr Dub,20500,8,8,0,0,0,free-music-archive,free-music-archive,Google;Stability AI,USED_BY
Taseh,Taseh,20706,8,8,0,0,0,free-music-archive,free-music-archive,Google;Stability AI,USED_BY
Ø+yn,Ø+yn,4538e4ea-fe82-4f5e-8f20-5ebdf68c3153,9,9,0,0,0,free-music-archive,free-music-archive,Google;Stability AI,USED_BY
Mi Nave,Mi Nave,fe5b90bf-0400-4fb2-abc0-dfa9ff3d4e01,29,8,1,20,0,free-music-archive;laion-disco-12m;sleeping-disco-9m,free-music-archive,Google;Stability AI,USED_BY
XL Kings,XL Kings,21261,8,8,0,0,0,free-music-archive,free-music-archive,Google;Stability AI,USED_BY
Franco Luzzi,Franco Luzzi,21449,8,8,0,0,0,free-music-archive,free-music-archive,Google;Stability AI,USED_BY
Lulacruza,Lulacruza,dc4a18b3-2ace-4268-a21a-7d5ce2de48a1,80,8,63,9,0,free-music-archive;laion-disco-12m;sleeping-disco-9m,free-music-archive,Google;Stability AI,USED_BY
vicbang,vicbang,21583,8,8,0,0,0,free-music-archive,free-music-archive,Google;Stability AI,USED_BY
Pk jazz collective & Pavkashavet Bantut,Pk jazz collective & Pavkashavet Bantut,16521,8,8,0,0,0,free-music-archive,free-music-archive,Google;Stability AI,USED_BY
Kris Keyser,Kris Keyser,b07c68b2-2cfa-421e-9062-a376d1784f08,8,8,0,0,0,free-music-archive,free-music-archive,Google;Stability AI,USED_BY
Shaun Robert,Shaun Robert,4bf0ec90-cb91-46d7-90d4-3e200d7e9122,8,8,0,0,0,free-music-archive,free-music-archive,Google;Stability AI,USED_BY
Streets Beggars,Streets Beggars,17122,8,8,0,0,0,free-music-archive,free-music-archive,Google;Stability AI,USED_BY
The Craters,The Craters,0f8b6bd5-1f91-4446-91c9-8c11526dc1f1,8,8,0,0,0,free-music-archive,free-music-archive,Google;Stability AI,USED_BY
Edu Comelles,Edu Comelles,b85a3fb0-2109-480a-bd6d-04aeeba8d084,8,8,0,0,0,free-music-archive,free-music-archive,Google;Stability AI,USED_BY
HYMnEYE,HYMnEYE,18004,8,8,0,0,0,free-music-archive,free-music-archive,Google;Stability AI,USED_BY
Pampers,Pampers,18027,8,8,0,0,0,free-music-archive,free-music-archive,Google;Stability AI,USED_BY
aquarelle,aquarelle,3ad81d05-a551-42ef-999f-36a339243123,8,8,0,0,0,free-music-archive,free-music-archive,Google;Stability AI,USED_BY
The Mystery Artist,The Mystery Artist,18947,8,8,0,0,0,free-music-archive,free-music-archive,Google;Stability AI,USED_BY
The Owl,The Owl,14a56b0c-993b-4318-a9e3-4a5f8c8acc0d,8,8,0,0,0,free-music-archive,free-music-archive,Google;Stability AI,USED_BY
Réelle,Réelle,23852,8,8,0,0,0,free-music-archive,free-music-archive,Google;Stability AI,USED_BY
Gabales,Gabales,627528dd-4cc1-41b4-bd13-4960e0090ea7,8,8,0,0,0,free-music-archive,free-music-archive,Google;Stability AI,USED_BY
N3rgul,N3rgul,24267,8,8,0,0,0,free-music-archive,free-music-archive,Google;Stability AI,USED_BY
Il Culto dell'Annientamento,Il Culto dell'Annientamento,21318,8,8,0,0,0,free-music-archive,free-music-archive,Google;Stability AI,USED_BY
Giant Gutter from Outer Space,Giant Gutter from Outer Space,72b0b618-5c00-45bf-8e3b-0d493d26a098,13,13,0,0,0,free-music-archive,free-music-archive,Google;Stability AI,USED_BY
The Lopez,The Lopez,900b6939-fdc4-401f-b904-8222a9cd9d65,8,8,0,0,0,free-music-archive,free-music-archive,Google;Stability AI,USED_BY
Scott Jacobs,Scott Jacobs,22279,8,8,0,0,0,free-music-archive,free-music-archive,Google;Stability AI,USED_BY
Subset,Subset,69464601-fb83-4b1a-bb48-210e137d8d1c,9,8,1,0,0,free-music-archive;laion-disco-12m,free-music-archive,Google;Stability AI,USED_BY
Free Your Drumbs,Free Your Drumbs,22557,8,8,0,0,0,free-music-archive,free-music-archive,Google;Stability AI,USED_BY
Tomydeepestago,Tomydeepestago,22672,8,8,0,0,0,free-music-archive,free-music-archive,Google;Stability AI,USED_BY
F.R.O.D,F.R.O.D,22992,8,8,0,0,0,free-music-archive,free-music-archive,Google;Stability AI,USED_BY
Andrew Odd,Andrew Odd,6cf7feb2-3e0c-45e7-bd3f-f32a1ce0d9a6,8,8,0,0,0,free-music-archive,free-music-archive,Google;Stability AI,USED_BY
Bipolar Metronome,Bipolar Metronome,a8d6d9d1-734c-4704-b5b5-7824e54aaf3d,8,8,0,0,0,free-music-archive,free-music-archive,Google;Stability AI,USED_BY
Odaibe,Odaibe,5f983dd4-518e-4494-a306-c7eea8055a6f,8,8,0,0,0,free-music-archive,free-music-archive,Google;Stability AI,USED_BY
Oh No Nuno!,Oh No Nuno!,05516518-9fb8-4423-8056-c7d4267b291f,8,8,0,0,0,free-music-archive,free-music-archive,Google;Stability AI,USED_BY
Second Couteau,Second Couteau,466bd20c-916d-42e0-8310-a5b3073619c4,8,8,0,0,0,free-music-archive,free-music-archive,Google;Stability AI,USED_BY
Raez,Raez,22958,8,8,0,0,0,free-music-archive,free-music-archive,Google;Stability AI,USED_BY
Punks on Mars,Punks on Mars,1961073c-725b-453c-a472-db713a3e23bc,8,8,0,0,0,free-music-archive,free-music-archive,Google;Stability AI,USED_BY
Caymans,Caymans,13719,8,8,0,0,0,free-music-archive,free-music-archive,Google;Stability AI,USED_BY
The New Lines,The New Lines,aa467134-4420-4d66-99b9-84f1e08c1932,8,8,0,0,0,free-music-archive,free-music-archive,Google;Stability AI,USED_BY
Mercury Girls,Mercury Girls,d7d8f275-c440-4806-8247-bb417a81e930,8,8,0,0,0,free-music-archive,free-music-archive,Google;Stability AI,USED_BY
The Choke,The Choke,572,7,7,0,0,0,free-music-archive,free-music-archive,Google;Stability AI,USED_BY
Wild Carnation,Wild Carnation,8b828588-e063-4420-bc47-e435d601e001,7,7,0,0,0,free-music-archive,free-music-archive,Google;Stability AI,USED_BY
Cleft,Cleft,16c2ea03-db24-44bb-9d94-6103737f038a,7,7,0,0,0,free-music-archive,free-music-archive,Google;Stability AI,USED_BY
Telecult Powers,Telecult Powers,545d163f-85c1-4f0d-9b01-9599c51970a7,7,7,0,0,0,free-music-archive,free-music-archive,Google;Stability AI,USED_BY
Delta Dreambox,Delta Dreambox,113,7,7,0,0,0,free-music-archive,free-music-archive,Google;Stability AI,USED_BY
Metal Rouge,Metal Rouge,790c89eb-f027-4335-836c-bb9e5aa76018,8,8,0,0,0,free-music-archive,free-music-archive,Google;Stability AI,USED_BY
Bear is Driving,Bear is Driving,2269,9,7,0,2,0,free-music-archive;sleeping-disco-9m,free-music-archive,Google;Stability AI,USED_BY
The Styrenes,The Styrenes,9a08f176-7f41-4ada-88df-1ddba77b06ce,8,8,0,0,0,free-music-archive,free-music-archive,Google;Stability AI,USED_BY
Single Bullet Theory,Single Bullet Theory,7496,7,7,0,0,0,free-music-archive,free-music-archive,Google;Stability AI,USED_BY
Kurt Vile,Kurt Vile,e07a111e-4e8a-4651-a849-01ac60551ab2,229,7,142,79,1,free-music-archive;laion-disco-12m;sleeping-disco-9m;spotify-tracks-dataset,free-music-archive,Google;Stability AI,USED_BY
Gang Wizard,Gang Wizard,01631c10-e030-4a71-b4d9-e148b849f65b,7,7,0,0,0,free-music-archive,free-music-archive,Google;Stability AI,USED_BY
Little Howlin' Wolf,Little Howlin' Wolf,60436181-cdc4-4835-b423-85d193bc3c97,7,7,0,0,0,free-music-archive,free-music-archive,Google;Stability AI,USED_BY
Pocahaunted,Pocahaunted,5d7fd997-3f4f-4682-ab8f-3b90993fbea9,7,7,0,0,0,free-music-archive,free-music-archive,Google;Stability AI,USED_BY
Samara Lubelski,Samara Lubelski,a02e82ed-a0a8-4a90-b464-a68dc6cb6b0e,8,7,1,0,0,free-music-archive;laion-disco-12m,free-music-archive,Google;Stability AI,USED_BY
Snacks,Snacks,267,7,7,0,0,0,free-music-archive,free-music-archive,Google;Stability AI,USED_BY
Spires That in the Sunset Rise,Spires That in the Sunset Rise,ef64a406-ca8a-4b2a-9b07-2b59aba03053,13,8,0,5,0,free-music-archive;sleeping-disco-9m,free-music-archive,Google;Stability AI,USED_BY
Apache,Apache,1597,7,7,0,0,0,free-music-archive,free-music-archive,Google;Stability AI,USED_BY
Indian Jewelry,Indian Jewelry,86f58edc-1c46-421a-b450-941a8c136988,13,7,0,6,0,free-music-archive;sleeping-disco-9m,free-music-archive,Google;Stability AI,USED_BY
Kinski,Kinski,3ddfd733-80a1-4c2b-a49c-32acb19f507c,11,7,0,4,0,free-music-archive;sleeping-disco-9m,free-music-archive,Google;Stability AI,USED_BY
Laws of Gravity,Laws of Gravity,939,7,7,0,0,0,free-music-archive,free-music-archive,Google;Stability AI,USED_BY
The Bristles,The Bristles,1627,7,7,0,0,0,free-music-archive,free-music-archive,Google;Stability AI,USED_BY
The Embrooks,The Embrooks,ed4d7b2a-810e-426b-94ee-d66ba5fd02e9,7,7,0,0,0,free-music-archive,free-music-archive,Google;Stability AI,USED_BY
Tom Carter,Tom Carter,548,7,7,0,0,0,free-music-archive,free-music-archive,Google;Stability AI,USED_BY
Urinals,Urinals,60672b21-6ee9-4b37-9039-97ac5df5b4ce,29,9,0,20,0,free-music-archive;sleeping-disco-9m,free-music-archive,Google;Stability AI,USED_BY
Parts and Labor,Parts and Labor,1115,7,7,0,0,0,free-music-archive,free-music-archive,Google;Stability AI,USED_BY
Frigg A Go Go (F.A.G.G.),Frigg A Go Go (F.A.G.G.),763,7,7,0,0,0,free-music-archive,free-music-archive,Google;Stability AI,USED_BY
Blues Control,Blues Control,568d2845-9238-496a-a795-6b07737667ef,12,7,4,1,0,free-music-archive;laion-disco-12m;sleeping-disco-9m,free-music-archive,Google;Stability AI,USED_BY
David Kilgour,David Kilgour,06234932-e851-4965-a5cf-efc5dc3749e9,13,7,0,6,0,free-music-archive;sleeping-disco-9m,free-music-archive,Google;Stability AI,USED_BY
Sunbyrn,Sunbyrn,1758,7,7,0,0,0,free-music-archive,free-music-archive,Google;Stability AI,USED_BY
The Borromeo String Quartet,The Borromeo String Quartet,a07f0b2c-a225-4bc7-8e38-1b6b04b1950c,10,7,3,0,0,free-music-archive;laion-disco-12m,free-music-archive,Google;Stability AI,USED_BY
The Aperion Project,The Aperion Project,8c3590cd-349e-4f38-bed8-823a3551d523,7,7,0,0,0,free-music-archive,free-music-archive,Google;Stability AI,USED_BY
Tournament,Tournament,3012,7,7,0,0,0,free-music-archive,free-music-archive,Google;Stability AI,USED_BY
Mishoo the Drumkit,Mishoo the Drumkit,0f60ce8a-6839-45de-8665-b9330af3e8f3,7,7,0,0,0,free-music-archive,free-music-archive,Google;Stability AI,USED_BY
3Sacchetti,3Sacchetti,5d3eee88-c688-4b1e-a514-92120f52498e,7,7,0,0,0,free-music-archive,free-music-archive,Google;Stability AI,USED_BY
Micoland & Holly Bretton,Micoland & Holly Bretton,3793,7,7,0,0,0,free-music-archive,free-music-archive,Google;Stability AI,USED_BY
DJ Donna Summer,DJ Donna Summer,5c01ba41-ab67-47c4-ba4c-4f40b2724afd,14,14,0,0,0,free-music-archive,free-music-archive,Google;Stability AI,USED_BY
Donna Summer,Donna Summer,5c01ba41-ab67-47c4-ba4c-4f40b2724afd,14,14,0,0,0,free-music-archive,free-music-archive,Google;Stability AI,USED_BY
Asa Ransom,Asa Ransom,2e09e775-aa39-42b4-a5b0-ea6294743c26,7,7,0,0,0,free-music-archive,free-music-archive,Google;Stability AI,USED_BY
gwEm,gwEm,555843d2-a6e8-4ca7-9083-c10a01e882cf,9,7,0,2,0,free-music-archive;sleeping-disco-9m,free-music-archive,Google;Stability AI,USED_BY
Counter Reset,Counter Reset,a6a9ba7b-8c52-46a0-a51c-fd529853da7e,8,7,0,1,0,free-music-archive;sleeping-disco-9m,free-music-archive,Google;Stability AI,USED_BY
Uncle Woody Sullender and Kevin Davis,Uncle Woody Sullender and Kevin Davis,4338,7,7,0,0,0,free-music-archive,free-music-archive,Google;Stability AI,USED_BY
Pierre de Gaillande,Pierre de Gaillande,be39e650-76c2-466f-97b8-f7ceb23728f7,17,12,0,5,0,free-music-archive;sleeping-disco-9m,free-music-archive,Google;Stability AI,USED_BY
Rivulets,Rivulets,d1f78c68-bcca-48fd-88dd-a2f70f4b02a6,7,7,0,0,0,free-music-archive,free-music-archive,Google;Stability AI,USED_BY
Antique Phonograph Music Program [Various Artists],Antique Phonograph Music Program [Various Artists],4498,7,7,0,0,0,free-music-archive,free-music-archive,Google;Stability AI,USED_BY
John Ellis,John Ellis,4558,7,7,0,0,0,free-music-archive,free-music-archive,Google;Stability AI,USED_BY
Owltree,Owltree,4633,7,7,0,0,0,free-music-archive,free-music-archive,Google;Stability AI,USED_BY
Loren MazzaCane Connors,Loren MazzaCane Connors,1f5e54bb-08f2-47ce-8ba5-343ab54f8185,188,8,168,12,0,free-music-archive;laion-disco-12m;sleeping-disco-9m,free-music-archive,Google;Stability AI,USED_BY
Total Abuse,Total Abuse,23f59b11-3f6b-4c74-a8ec-ab2b179cc95f,7,7,0,0,0,free-music-archive,free-music-archive,Google;Stability AI,USED_BY
Cro Magnon,Cro Magnon,4068dd31-b53c-4d1b-b5a4-3b5642020422,9,7,0,2,0,free-music-archive;sleeping-disco-9m,free-music-archive,Google;Stability AI,USED_BY
Curtis Hasselbring,Curtis Hasselbring,7d369288-6594-4585-88f1-db7e6c2a23e1,7,7,0,0,0,free-music-archive,free-music-archive,Google;Stability AI,USED_BY
Twin Stumps,Twin Stumps,5cad9037-a2d3-4e12-ad46-b5674e1abca2,7,7,0,0,0,free-music-archive,free-music-archive,Google;Stability AI,USED_BY
Factor6,Factor6,37afa84f-8c6b-4941-b759-8e88963e2ef0,7,7,0,0,0,free-music-archive,free-music-archive,Google;Stability AI,USED_BY
Dark Meat,Dark Meat,c39f511e-ff09-4a31-8ebd-cb1e8bbd0536,7,7,0,0,0,free-music-archive,free-music-archive,Google;Stability AI,USED_BY
Gato Loco de Bajo,Gato Loco de Bajo,5001,7,7,0,0,0,free-music-archive,free-music-archive,Google;Stability AI,USED_BY
Anavan,Anavan,8dc6b4b3-8462-46bc-8bb3-082bfd6a0d8a,8,8,0,0,0,free-music-archive,free-music-archive,Google;Stability AI,USED_BY
Saskrotch,Saskrotch,ade87d86-1ec2-42bf-b704-7315c56d5473,7,7,0,0,0,free-music-archive,free-music-archive,Google;Stability AI,USED_BY
Zan-zan-zawa-veia,Zan-zan-zawa-veia,2fec36c6-9241-4b9c-8189-19a2e40f7c8f,7,7,0,0,0,free-music-archive,free-music-archive,Google;Stability AI,USED_BY
Fresh Body Shop,Fresh Body Shop,7e24c4c5-d5ba-48d7-a724-4fa2753fd947,27,7,0,20,0,free-music-archive;sleeping-disco-9m,free-music-archive,Google;Stability AI,USED_BY
The Hardliner,The Hardliner,f97cf95f-beca-4d60-bc65-e06169b3449a,7,7,0,0,0,free-music-archive,free-music-archive,Google;Stability AI,USED_BY
Alexander Turnquist,Alexander Turnquist,c8985919-bcac-479d-ad68-fc96ae14518c,7,7,0,0,0,free-music-archive,free-music-archive,Google;Stability AI,USED_BY
Iad,Iad,34bfc869-d203-4bec-b38b-bf150311953a,8,7,0,1,0,free-music-archive;sleeping-disco-9m,free-music-archive,Google;Stability AI,USED_BY
Lover!,Lover!,e7501811-8146-44e9-a894-7861d90bb710,7,7,0,0,0,free-music-archive,free-music-archive,Google;Stability AI,USED_BY
Glass Candy and the Shattered Theatre,Glass Candy and the Shattered Theatre,ca94595e-955a-495c-8ba1-25eebd9609a9,93,27,47,19,0,free-music-archive;laion-disco-12m;sleeping-disco-9m,free-music-archive,Google;Stability AI,USED_BY
Magic Christian,Magic Christian,55797778-facb-45c3-b6e6-81aec763724b,7,7,0,0,0,free-music-archive,free-music-archive,Google;Stability AI,USED_BY
Songs of Norway,Songs of Norway,0d8e44df-a76e-4102-a743-88ddef5d553e,7,7,0,0,0,free-music-archive,free-music-archive,Google;Stability AI,USED_BY
MC Firedrill,MC Firedrill,3df22884-370c-4a94-a45d-45324f8f8b44,7,7,0,0,0,free-music-archive,free-music-archive,Google;Stability AI,USED_BY
The Lost Demension,The Lost Demension,53fbd83f-0ae7-4aa6-8bde-6ebfb3351536,7,7,0,0,0,free-music-archive,free-music-archive,Google;Stability AI,USED_BY
The Unholy Two,The Unholy Two,0eefb6dc-c458-4176-80a1-b88ade5c48f0,7,7,0,0,0,free-music-archive,free-music-archive,Google;Stability AI,USED_BY
Carla Bozulich's Evangelista,Carla Bozulich's Evangelista,1654,7,7,0,0,0,free-music-archive,free-music-archive,Google;Stability AI,USED_BY
Tombs,Tombs,8b2cccef-ad8b-4029-911e-14157e4cd5ae,26,7,0,19,0,free-music-archive;sleeping-disco-9m,free-music-archive,Google;Stability AI,USED_BY
Michael Jordan,Michael Jordan,1884,7,7,0,0,0,free-music-archive,free-music-archive,Google;Stability AI,USED_BY
The Homosexuals,The Homosexuals,091babe9-0e5a-4b85-8f7b-bb5f41165ee3,8,8,0,0,0,free-music-archive,free-music-archive,Google;Stability AI,USED_BY
Henry Burr,Henry Burr,a8ef4cba-9429-406b-9559-9a846d9b778d,13,7,1,5,0,free-music-archive;laion-disco-12m;sleeping-disco-9m,free-music-archive,Google;Stability AI,USED_BY
Billy Childish,Billy Childish,23ef9155-df05-4e3a-8109-acb603f3146d,29,9,12,7,1,free-music-archive;laion-disco-12m;sleeping-disco-9m;spotify-tracks-dataset,free-music-archive,Google;Stability AI,USED_BY
The Priscillas,The Priscillas,54bbb50f-2b29-45b4-a890-dfd9ff2e9689,7,7,0,0,0,free-music-archive,free-music-archive,Google;Stability AI,USED_BY
Mr. Spastic,Mr. Spastic,52589208-7ed9-4ef2-85fd-82e5927dff3f,23,7,0,16,0,free-music-archive;sleeping-disco-9m,free-music-archive,Google;Stability AI,USED_BY
Nite Jewel,Nite Jewel,0d58f45e-1a53-4dc3-bea6-16836f03aa1d,114,7,80,24,3,free-music-archive;laion-disco-12m;sleeping-disco-9m;spotify-tracks-dataset,free-music-archive,Google;Stability AI,USED_BY
Pulse Emitter,Pulse Emitter,0c708cbd-a8d6-4a4b-8fc4-04dc9ebd23b8,27,7,0,20,0,free-music-archive;sleeping-disco-9m,free-music-archive,Google;Stability AI,USED_BY
Sid Peacock,Sid Peacock,1226612c-419d-463d-9ace-e66d6c3e8372,7,7,0,0,0,free-music-archive,free-music-archive,Google;Stability AI,USED_BY
Rominger,Rominger,c3362a79-75d3-4e23-a7ab-97d8662d3cf1,7,7,0,0,0,free-music-archive,free-music-archive,Google;Stability AI,USED_BY
Tinyfolk,Tinyfolk,5352,7,7,0,0,0,free-music-archive,free-music-archive,Google;Stability AI,USED_BY
Anagramm,Anagramm,5860,7,7,0,0,0,free-music-archive,free-music-archive,Google;Stability AI,USED_BY
Qulfus,Qulfus,1f4c10cd-fe94-4bd7-ac71-645d6682bc59,7,7,0,0,0,free-music-archive,free-music-archive,Google;Stability AI,USED_BY
Peelander-Z,Peelander-Z,6ced2b8e-7024-4ccf-b49d-555fe905bd78,26,7,0,19,0,free-music-archive;sleeping-disco-9m,free-music-archive,Google;Stability AI,USED_BY
Clockcleaner,Clockcleaner,730288f5-74ea-44de-a8a0-334049a5d7aa,7,7,0,0,0,free-music-archive,free-music-archive,Google;Stability AI,USED_BY
The Rebel,The Rebel,1178,7,7,0,0,0,free-music-archive,free-music-archive,Google;Stability AI,USED_BY
P.G. Six,P.G. Six,877323a5-026d-41e6-ae1c-8777d2cbaed8,8,7,0,1,0,free-music-archive;sleeping-disco-9m,free-music-archive,Google;Stability AI,USED_BY
Amolvacy,Amolvacy,631a4173-91a2-4c5e-8ef8-3a73c3e97cfa,7,7,0,0,0,free-music-archive,free-music-archive,Google;Stability AI,USED_BY
Suishou no Fune,Suishou no Fune,5071,7,7,0,0,0,free-music-archive,free-music-archive,Google;Stability AI,USED_BY
Lanark,Lanark,1916,7,7,0,0,0,free-music-archive,free-music-archive,Google;Stability AI,USED_BY
Lullabelle,Lullabelle,8a4f5603-8579-48d3-92c3-526a17a25685,7,7,0,0,0,free-music-archive,free-music-archive,Google;Stability AI,USED_BY
The Golden Hours,The Golden Hours,7f049203-b431-46b6-bfe4-04ae277ee73b,7,7,0,0,0,free-music-archive,free-music-archive,Google;Stability AI,USED_BY
Cordero,Cordero,dd121881-6de9-4820-bec6-5fd85963efc5,13,7,1,5,0,free-music-archive;laion-disco-12m;sleeping-disco-9m,free-music-archive,Google;Stability AI,USED_BY
A Hawk and a Hacksaw,A Hawk and a Hacksaw,b7cef615-5d43-463f-9032-5d3bc0d96b7f,18,7,0,11,0,free-music-archive;sleeping-disco-9m,free-music-archive,Google;Stability AI,USED_BY
Harlequinade,Harlequinade,34b98a73-03f3-4273-adbc-1517a1dbaac5,8,8,0,0,0,free-music-archive,free-music-archive,Google;Stability AI,USED_BY
Tickle,Tickle,12207,7,7,0,0,0,free-music-archive,free-music-archive,Google;Stability AI,USED_BY
TAKANAKUY,TAKANAKUY,17877,7,7,0,0,0,free-music-archive,free-music-archive,Google;Stability AI,USED_BY
_Algol_,_Algol_,b731acb5-6f83-420b-9a3c-d6f8d4123940,7,7,0,0,0,free-music-archive,free-music-archive,Google;Stability AI,USED_BY
Roberto Maldoror Manfredini,Roberto Maldoror Manfredini,f89d1967-5c5c-4bdd-8cea-b09963099217,7,7,0,0,0,free-music-archive,free-music-archive,Google;Stability AI,USED_BY
VISITORS,VISITORS,17949,7,7,0,0,0,free-music-archive,free-music-archive,Google;Stability AI,USED_BY
Dustmotes,Dustmotes,e9a3af8d-426e-4557-b6b1-a2f85250e6f1,32,32,0,0,0,free-music-archive,free-music-archive,Google;Stability AI,USED_BY
Moonove,Moonove,805d0113-c6c2-4bf8-9573-e8672ebb912e,8,8,0,0,0,free-music-archive,free-music-archive,Google;Stability AI,USED_BY
Rooster Tail,Rooster Tail,18007,7,7,0,0,0,free-music-archive,free-music-archive,Google;Stability AI,USED_BY
Royce Icon,Royce Icon,4caa135d-b6cb-4244-9ea5-8b1d08b064ec,7,7,0,0,0,free-music-archive,free-music-archive,Google;Stability AI,USED_BY
shapes and monsters,shapes and monsters,18242,7,7,0,0,0,free-music-archive,free-music-archive,Google;Stability AI,USED_BY
lithis,lithis,b316a5f3-deef-4b41-882e-b4a8c566d2be,7,7,0,0,0,free-music-archive,free-music-archive,Google;Stability AI,USED_BY
Lackthrow,Lackthrow,60ff5c2d-903e-43a6-921e-b47ecacaa98c,7,7,0,0,0,free-music-archive,free-music-archive,Google;Stability AI,USED_BY
dagshenma,dagshenma,1f2fc331-2bea-47d9-8f00-21fc6f541347,7,7,0,0,0,free-music-archive,free-music-archive,Google;Stability AI,USED_BY
lucie vítková,lucie vítková,6d50a7ba-1583-43cc-a797-3066cd85735f,7,7,0,0,0,free-music-archive,free-music-archive,Google;Stability AI,USED_BY
Matt Sowell,Matt Sowell,dd531e98-3544-4c32-a2c7-e47c7428ce65,7,7,0,0,0,free-music-archive,free-music-archive,Google;Stability AI,USED_BY
jim lace / alex nova,jim lace / alex nova,18595,7,7,0,0,0,free-music-archive,free-music-archive,Google;Stability AI,USED_BY
Dead Leaf Echo,Dead Leaf Echo,01567632-12c1-496c-8499-7151b1552892,7,7,0,0,0,free-music-archive,free-music-archive,Google;Stability AI,USED_BY
andrés elstein,andrés elstein,94799080-a215-4982-be27-85b18e69f40f,7,7,0,0,0,free-music-archive,free-music-archive,Google;Stability AI,USED_BY
Krabatof Philharmonic Orchestra,Krabatof Philharmonic Orchestra,814ba799-e046-46e0-96bb-9ea7d563e999,7,7,0,0,0,free-music-archive,free-music-archive,Google;Stability AI,USED_BY
Elli Q,Elli Q,49308cc6-93de-45fc-8fc5-5523b0ec545e,7,7,0,0,0,free-music-archive,free-music-archive,Google;Stability AI,USED_BY
pHoaming Edison,pHoaming Edison,bc923f20-6a61-4ec2-a716-8ae30bd9a7d0,7,7,0,0,0,free-music-archive,free-music-archive,Google;Stability AI,USED_BY
When Particles Collide,When Particles Collide,ab414e9f-208c-44da-8724-54de9bddddf4,44,7,0,37,0,free-music-archive;sleeping-disco-9m,free-music-archive,Google;Stability AI,USED_BY
Yeah You,Yeah You,18726,7,7,0,0,0,free-music-archive,free-music-archive,Google;Stability AI,USED_BY
Mess.,Mess.,18730,7,7,0,0,0,free-music-archive,free-music-archive,Google;Stability AI,USED_BY
Valerie Gentile,Valerie Gentile,27986a96-bb98-46f8-9523-35eb9d222c21,7,7,0,0,0,free-music-archive,free-music-archive,Google;Stability AI,USED_BY
Vanya Zhuk,Vanya Zhuk,18747,7,7,0,0,0,free-music-archive,free-music-archive,Google;Stability AI,USED_BY
CROCODILE TEARS,CROCODILE TEARS,16340,7,7,0,0,0,free-music-archive,free-music-archive,Google;Stability AI,USED_BY
Alec's Band,Alec's Band,18768,7,7,0,0,0,free-music-archive,free-music-archive,Google;Stability AI,USED_BY
Lovira,Lovira,18773,7,7,0,0,0,free-music-archive,free-music-archive,Google;Stability AI,USED_BY
Hector's Pets,Hector's Pets,18789,7,7,0,0,0,free-music-archive,free-music-archive,Google;Stability AI,USED_BY
Jamod Allah,Jamod Allah,18803,7,7,0,0,0,free-music-archive,free-music-archive,Google;Stability AI,USED_BY
Désir Decir,Désir Decir,18946,7,7,0,0,0,free-music-archive,free-music-archive,Google;Stability AI,USED_BY
Winkie,Winkie,19009,7,7,0,0,0,free-music-archive,free-music-archive,Google;Stability AI,USED_BY
intouchwithrobots,intouchwithrobots,99e77e4b-e455-4c86-aa5b-27c1d4dd95da,33,7,0,26,0,free-music-archive;sleeping-disco-9m,free-music-archive,Google;Stability AI,USED_BY
Nearfield,Nearfield,18997,7,7,0,0,0,free-music-archive,free-music-archive,Google;Stability AI,USED_BY
Ballroom,Ballroom,19032,7,7,0,0,0,free-music-archive,free-music-archive,Google;Stability AI,USED_BY
Radiana,Radiana,878fd3c8-3cfd-4345-a778-56e8d3912e1a,7,7,0,0,0,free-music-archive,free-music-archive,Google;Stability AI,USED_BY
eduardo f. rosario,eduardo f. rosario,15370,7,7,0,0,0,free-music-archive,free-music-archive,Google;Stability AI,USED_BY
The Number Ones,The Number Ones,09e9f9e4-9ef0-41f9-9d09-edd8ba15d498,9,9,0,0,0,free-music-archive,free-music-archive,Google;Stability AI,USED_BY
Sondra Sun-Odeon,Sondra Sun-Odeon,160cd335-5b50-4f7a-9567-5988dcde9888,7,7,0,0,0,free-music-archive,free-music-archive,Google;Stability AI,USED_BY
Sloan,Sloan,5a63c831-5bdb-444d-a9db-974501e3317d,255,7,149,94,5,free-music-archive;laion-disco-12m;sleeping-disco-9m;spotify-tracks-dataset,free-music-archive,Google;Stability AI,USED_BY
Ex Hex,Ex Hex,2f64e1fd-44b3-44f1-a586-b9916966b39f,56,7,24,22,3,free-music-archive;laion-disco-12m;sleeping-disco-9m;spotify-tracks-dataset,free-music-archive,Google;Stability AI,USED_BY
ToTaL CrAnE,ToTaL CrAnE,19202,7,7,0,0,0,free-music-archive,free-music-archive,Google;Stability AI,USED_BY
Anamoli,Anamoli,19e1423a-a02d-4528-be11-b4a8b8d50f0e,7,7,0,0,0,free-music-archive,free-music-archive,Google;Stability AI,USED_BY
statusq,statusq,19273,7,7,0,0,0,free-music-archive,free-music-archive,Google;Stability AI,USED_BY
Carrie Newcomer,Carrie Newcomer,efc2524f-20a3-4942-8fe2-869fa09e3ea1,27,7,0,20,0,free-music-archive;sleeping-disco-9m,free-music-archive,Google;Stability AI,USED_BY
KL Sealegs,KL Sealegs,19304,7,7,0,0,0,free-music-archive,free-music-archive,Google;Stability AI,USED_BY
The Cats,The Cats,2f89e896-c013-4899-994d-d0c6a9aa24e5,7,7,0,0,0,free-music-archive,free-music-archive,Google;Stability AI,USED_BY
I Re della Spiaggia,I Re della Spiaggia,19345,7,7,0,0,0,free-music-archive,free-music-archive,Google;Stability AI,USED_BY
ant dickinson,ant dickinson,19353,7,7,0,0,0,free-music-archive,free-music-archive,Google;Stability AI,USED_BY
Mamá Burger,Mamá Burger,7201,7,7,0,0,0,free-music-archive,free-music-archive,Google;Stability AI,USED_BY
DM & MM,DM & MM,19508,7,7,0,0,0,free-music-archive,free-music-archive,Google;Stability AI,USED_BY
Acid Eye,Acid Eye,19556,7,7,0,0,0,free-music-archive,free-music-archive,Google;Stability AI,USED_BY
Blato Zlato,Blato Zlato,1102c77d-c670-4e3d-8d0f-c683f8e41b6c,7,7,0,0,0,free-music-archive,free-music-archive,Google;Stability AI,USED_BY
Zoliborz,Zoliborz,2765f51d-3586-4ed6-8818-3987cc6e6d6f,7,7,0,0,0,free-music-archive,free-music-archive,Google;Stability AI,USED_BY
Arthur Grossman,Arthur Grossman,d78e2161-2e69-430e-94bb-499d68b2f347,7,7,0,0,0,free-music-archive,free-music-archive,Google;Stability AI,USED_BY
M4T,M4T,e8553fed-1f26-448a-bd01-09f9356079bd,7,7,0,0,0,free-music-archive,free-music-archive,Google;Stability AI,USED_BY
El̵TȄRRO͢R,El̵TȄRRO͢R,19839,7,7,0,0,0,free-music-archive,free-music-archive,Google;Stability AI,USED_BY
Beggar's Velvet,Beggar's Velvet,19852,7,7,0,0,0,free-music-archive,free-music-archive,Google;Stability AI,USED_BY
Entia,Entia,19872,7,7,0,0,0,free-music-archive,free-music-archive,Google;Stability AI,USED_BY
The Achtungs,The Achtungs,7e999c27-62b6-4ec9-8109-8b03e1048408,7,7,0,0,0,free-music-archive,free-music-archive,Google;Stability AI,USED_BY
Luciernaga,Luciernaga,20058,7,7,0,0,0,free-music-archive,free-music-archive,Google;Stability AI,USED_BY
Toxic Water,Toxic Water,e93e8d10-bedc-495f-acda-f1d6b5899a9c,7,7,0,0,0,free-music-archive,free-music-archive,Google;Stability AI,USED_BY
Mrs. Grossman (& Monty),Mrs. Grossman (& Monty),20128,7,7,0,0,0,free-music-archive,free-music-archive,Google;Stability AI,USED_BY
Potrzebowski and McMillan and Company,Potrzebowski and McMillan and Company,a633f37d-0903-4e50-b708-66528736ae84,7,7,0,0,0,free-music-archive,free-music-archive,Google;Stability AI,USED_BY
gordiani,gordiani,20131,7,7,0,0,0,free-music-archive,free-music-archive,Google;Stability AI,USED_BY
Super Mountain Bike Brothers,Super Mountain Bike Brothers,dbcf1ef4-8d26-4f59-a377-68d47ac47093,7,7,0,0,0,free-music-archive,free-music-archive,Google;Stability AI,USED_BY
Cold Beat,Cold Beat,10969dc2-c517-4d0d-adc4-45a8a73623a9,12,7,0,4,1,free-music-archive;sleeping-disco-9m;spotify-tracks-dataset,free-music-archive,Google;Stability AI,USED_BY
James Joshua Otto,James Joshua Otto,986ceb03-7091-4cb5-9b7b-14ded071683a,20,7,13,0,0,free-music-archive;laion-disco-12m,free-music-archive,Google;Stability AI,USED_BY
Mikal Cronin,Mikal Cronin,c1a217e0-4b3e-46d7-9613-6a14c9e70895,106,7,83,14,2,free-music-archive;laion-disco-12m;sleeping-disco-9m;spotify-tracks-dataset,free-music-archive,Google;Stability AI,USED_BY
Birdstriking,Birdstriking,0ba9ae24-d296-40a4-a878-d33eb93e8e51,7,7,0,0,0,free-music-archive,free-music-archive,Google;Stability AI,USED_BY
Monk Parker,Monk Parker,cccdadbc-8411-41a6-a110-33ff9a6af8b4,7,7,0,0,0,free-music-archive,free-music-archive,Google;Stability AI,USED_BY
The Black Penguins,The Black Penguins,20523,7,7,0,0,0,free-music-archive,free-music-archive,Google;Stability AI,USED_BY
Stereoshape,Stereoshape,7b62997f-1380-4c8b-86f6-71a4e064071c,7,7,0,0,0,free-music-archive,free-music-archive,Google;Stability AI,USED_BY
Unstoppable Death Machines,Unstoppable Death Machines,d4977d0a-dc7d-4241-883a-77634ab4752d,10,7,1,2,0,free-music-archive;laion-disco-12m;sleeping-disco-9m,free-music-archive,Google;Stability AI,USED_BY
The Mess Around,The Mess Around,14367,7,7,0,0,0,free-music-archive,free-music-archive,Google;Stability AI,USED_BY
Golden Boys,Golden Boys,801,7,7,0,0,0,free-music-archive,free-music-archive,Google;Stability AI,USED_BY
Pink Reason,Pink Reason,b0c739c4-b64f-473c-824e-d6c2764a22a3,7,7,0,0,0,free-music-archive,free-music-archive,Google;Stability AI,USED_BY
Gap Dream,Gap Dream,d7742427-dfb9-4eaf-8671-ba89e65979c7,20,7,1,12,0,free-music-archive;laion-disco-12m;sleeping-disco-9m,free-music-archive,Google;Stability AI,USED_BY
Phoniandflore,Phoniandflore,cec8f3b6-8330-4c5a-8799-e625c9e367a5,7,7,0,0,0,free-music-archive,free-music-archive,Google;Stability AI,USED_BY
Hounds of Hate,Hounds of Hate,2a01d1e1-0a01-46b0-8a2c-2c839a6499c0,17,7,0,10,0,free-music-archive;sleeping-disco-9m,free-music-archive,Google;Stability AI,USED_BY
Marco Trovatello,Marco Trovatello,15106,7,7,0,0,0,free-music-archive,free-music-archive,Google;Stability AI,USED_BY
Radio Royal,Radio Royal,15228,7,7,0,0,0,free-music-archive,free-music-archive,Google;Stability AI,USED_BY
Aboombong,Aboombong,330e26ab-c33f-42fd-8711-ddbfae4cb106,23,23,0,0,0,free-music-archive,free-music-archive,Google;Stability AI,USED_BY
Onyx System,Onyx System,15304,7,7,0,0,0,free-music-archive,free-music-archive,Google;Stability AI,USED_BY
Square People,Square People,15310,7,7,0,0,0,free-music-archive,free-music-archive,Google;Stability AI,USED_BY
Summons of Shining Ruins,Summons of Shining Ruins,39d4c61d-99ae-4331-92f8-e798320e1e41,7,7,0,0,0,free-music-archive,free-music-archive,Google;Stability AI,USED_BY
raw zombiez,raw zombiez,15418,7,7,0,0,0,free-music-archive,free-music-archive,Google;Stability AI,USED_BY
ilkobra,ilkobra,15421,7,7,0,0,0,free-music-archive,free-music-archive,Google;Stability AI,USED_BY
Triple Hex,Triple Hex,15454,7,7,0,0,0,free-music-archive,free-music-archive,Google;Stability AI,USED_BY
Ex-Cult,Ex-Cult,b897c806-0cc8-462a-83d7-94a09d7cd700,14,7,0,6,1,free-music-archive;sleeping-disco-9m;spotify-tracks-dataset,free-music-archive,Google;Stability AI,USED_BY
The Relatives,The Relatives,f7833aee-71be-4279-a352-0f0e02a484f3,7,7,0,0,0,free-music-archive,free-music-archive,Google;Stability AI,USED_BY
Fried Moura,Fried Moura,15803,7,7,0,0,0,free-music-archive,free-music-archive,Google;Stability AI,USED_BY
DJ Dog Dick,DJ Dog Dick,323b2380-7566-4739-8cd9-aed5eeb55a0d,7,7,0,0,0,free-music-archive,free-music-archive,Google;Stability AI,USED_BY
The Antti Jädertpolm Quartet,The Antti Jädertpolm Quartet,d339c6ac-775b-4cce-8b8b-459feecd4fdf,7,7,0,0,0,free-music-archive,free-music-archive,Google;Stability AI,USED_BY
Linden Killam,Linden Killam,15db0681-eb76-4805-be87-1bbc27e14367,7,7,0,0,0,free-music-archive,free-music-archive,Google;Stability AI,USED_BY
Nebulo,Nebulo,58ac8cea-3daa-481e-a2fa-69f6d600e31a,8,7,0,0,1,free-music-archive;spotify-tracks-dataset,free-music-archive,Google;Stability AI,USED_BY
Riverhorse,Riverhorse,16054,7,7,0,0,0,free-music-archive,free-music-archive,Google;Stability AI,USED_BY
Mice Parade,Mice Parade,7bdf4633-c336-4f19-bd23-3208865baacd,25,7,0,18,0,free-music-archive;sleeping-disco-9m,free-music-archive,Google;Stability AI,USED_BY
Omyiga,Omyiga,7a6070eb-697e-46d6-b244-16110790252d,7,7,0,0,0,free-music-archive,free-music-archive,Google;Stability AI,USED_BY
SPIEDKIKS,SPIEDKIKS,b5441802-d113-40ec-957e-b6800b410103,23,23,0,0,0,free-music-archive,free-music-archive,Google;Stability AI,USED_BY
David Fenech,David Fenech,a77228e5-c304-4f66-9e24-6edebeb711c0,7,7,0,0,0,free-music-archive,free-music-archive,Google;Stability AI,USED_BY
Anonymous,Anonymous,9557,1329,8,1293,28,0,free-music-archive;laion-disco-12m;sleeping-disco-9m,free-music-archive,Google;Stability AI,USED_BY
Damián Taveira,Damián Taveira,5fa743ed-9eed-4af1-8c36-f18d11365fce,7,7,0,0,0,free-music-archive,free-music-archive,Google;Stability AI,USED_BY
No Guru,No Guru,12105,7,7,0,0,0,free-music-archive,free-music-archive,Google;Stability AI,USED_BY
Sugar Overdose,Sugar Overdose,16616,7,7,0,0,0,free-music-archive,free-music-archive,Google;Stability AI,USED_BY
Eletrólise,Eletrólise,96a36de8-c616-4f6a-abc3-11c52788b7b6,7,7,0,0,0,free-music-archive,free-music-archive,Google;Stability AI,USED_BY
Galleon,Galleon,16660,7,7,0,0,0,free-music-archive,free-music-archive,Google;Stability AI,USED_BY
Mouthbreathers,Mouthbreathers,16777,7,7,0,0,0,free-music-archive,free-music-archive,Google;Stability AI,USED_BY
Ricky Brugal,Ricky Brugal,4aab96be-e1af-4d7d-95e7-3582b2eae2ea,7,7,0,0,0,free-music-archive,free-music-archive,Google;Stability AI,USED_BY
Nymph,Nymph,12288,7,7,0,0,0,free-music-archive,free-music-archive,Google;Stability AI,USED_BY
Syndrôm & Kendall WA,Syndrôm & Kendall WA,16971,7,7,0,0,0,free-music-archive,free-music-archive,Google;Stability AI,USED_BY
Strom An/Ein/Aus Fall,Strom An/Ein/Aus Fall,16992,7,7,0,0,0,free-music-archive,free-music-archive,Google;Stability AI,USED_BY
Mary Shelley & The Implicit Order,Mary Shelley & The Implicit Order,17011,7,7,0,0,0,free-music-archive,free-music-archive,Google;Stability AI,USED_BY
I vs. Nature,I vs. Nature,fbc3863a-0245-4d72-bcc4-76bc79388eb1,7,7,0,0,0,free-music-archive,free-music-archive,Google;Stability AI,USED_BY
Magnets,Magnets,17018,7,7,0,0,0,free-music-archive,free-music-archive,Google;Stability AI,USED_BY
Cherubim,Cherubim,17142,7,7,0,0,0,free-music-archive,free-music-archive,Google;Stability AI,USED_BY
Trash Ride,Trash Ride,17335,7,7,0,0,0,free-music-archive,free-music-archive,Google;Stability AI,USED_BY
Anthony Donovan,Anthony Donovan,c74cfed0-3187-47e9-9cbc-726ab9f5e559,9,9,0,0,0,free-music-archive,free-music-archive,Google;Stability AI,USED_BY
Sonervol,Sonervol,b71e9813-c165-4fb9-aac6-e16076798531,7,7,0,0,0,free-music-archive,free-music-archive,Google;Stability AI,USED_BY
Oscar Myer,Oscar Myer,17490,7,7,0,0,0,free-music-archive,free-music-archive,Google;Stability AI,USED_BY
Mário Gajarský,Mário Gajarský,17534,7,7,0,0,0,free-music-archive,free-music-archive,Google;Stability AI,USED_BY
Audacity,Audacity,eb54464f-83e2-48b8-8d17-683dfa433412,12,7,0,5,0,free-music-archive;sleeping-disco-9m,free-music-archive,Google;Stability AI,USED_BY
Boiar,Boiar,d70b6664-0d3e-4fb0-8663-778324cad77a,7,7,0,0,0,free-music-archive,free-music-archive,Google;Stability AI,USED_BY
Carlos Valverde,Carlos Valverde,17656,7,7,0,0,0,free-music-archive,free-music-archive,Google;Stability AI,USED_BY
Noir Boy George,Noir Boy George,a2b1df41-12c7-42ba-b5af-909b38eb46dc,10,7,0,3,0,free-music-archive;sleeping-disco-9m,free-music-archive,Google;Stability AI,USED_BY
The Wingdale Community Singers,The Wingdale Community Singers,17819,7,7,0,0,0,free-music-archive,free-music-archive,Google;Stability AI,USED_BY
Overnight Lows,Overnight Lows,10853,7,7,0,0,0,free-music-archive,free-music-archive,Google;Stability AI,USED_BY
Ten Thousand Hours,Ten Thousand Hours,10326,7,7,0,0,0,free-music-archive,free-music-archive,Google;Stability AI,USED_BY
Le Mal,Le Mal,11016,7,7,0,0,0,free-music-archive,free-music-archive,Google;Stability AI,USED_BY
Os Trasnos de Moscoso,Os Trasnos de Moscoso,3d6ea7cc-67f9-4442-b7c7-f5cb0b73c784,7,7,0,0,0,free-music-archive,free-music-archive,Google;Stability AI,USED_BY
In Isolation,In Isolation,fc1be08e-a3a0-4d62-b788-4e5a96581814,7,7,0,0,0,free-music-archive,free-music-archive,Google;Stability AI,USED_BY
Montgomery Clunk,Montgomery Clunk,fba519d4-f1d8-4548-b5ec-4e405897e379,7,7,0,0,0,free-music-archive,free-music-archive,Google;Stability AI,USED_BY
Fasenuova,Fasenuova,c7a60691-ad03-4e29-9b6f-b3c5e577a497,7,7,0,0,0,free-music-archive,free-music-archive,Google;Stability AI,USED_BY
Lady Piss,Lady Piss,11665,7,7,0,0,0,free-music-archive,free-music-archive,Google;Stability AI,USED_BY
Matthew Mullane,Matthew Mullane,07af851a-57bb-467f-b9d5-c35a4bef9aa6,7,7,0,0,0,free-music-archive,free-music-archive,Google;Stability AI,USED_BY
Mal(A.Ventura)2,Mal(A.Ventura)2,6912,7,7,0,0,0,free-music-archive,free-music-archive,Google;Stability AI,USED_BY
Full Blush,Full Blush,59736b1c-0827-494e-b8de-22147effec12,7,7,0,0,0,free-music-archive,free-music-archive,Google;Stability AI,USED_BY
Peter Kowald,Peter Kowald,de14c47c-471b-4afd-87c2-5d10a9fee670,7,7,0,0,0,free-music-archive,free-music-archive,Google;Stability AI,USED_BY
Zounds,Zounds,cfa8d24d-efca-44c0-87af-09421183005c,49,7,22,20,0,free-music-archive;laion-disco-12m;sleeping-disco-9m,free-music-archive,Google;Stability AI,USED_BY
masonik,masonik,11981,7,7,0,0,0,free-music-archive,free-music-archive,Google;Stability AI,USED_BY
Alan Watts,Alan Watts,12208,7,7,0,0,0,free-music-archive,free-music-archive,Google;Stability AI,USED_BY
Di Bos,Di Bos,4a5164cb-44ee-4e80-84e8-d3a967dd251f,7,7,0,0,0,free-music-archive,free-music-archive,Google;Stability AI,USED_BY
The Might Could,The Might Could,4c836d23-2d99-4591-8458-030ee90e27a2,7,7,0,0,0,free-music-archive,free-music-archive,Google;Stability AI,USED_BY
The Atlas Room,The Atlas Room,1992c2da-45d7-4530-bdcf-ef5174f0328a,7,7,0,0,0,free-music-archive,free-music-archive,Google;Stability AI,USED_BY
Scissor Lock,Scissor Lock,c0d3e754-7217-441b-96c9-9a49a3f75c58,7,7,0,0,0,free-music-archive,free-music-archive,Google;Stability AI,USED_BY
coverclub.nl,coverclub.nl,12567,7,7,0,0,0,free-music-archive,free-music-archive,Google;Stability AI,USED_BY
Minus,Minus,8153,7,7,0,0,0,free-music-archive,free-music-archive,Google;Stability AI,USED_BY
Wizards Of Oi,Wizards Of Oi,12724,7,7,0,0,0,free-music-archive,free-music-archive,Google;Stability AI,USED_BY
Muscles of Joy,Muscles of Joy,12913,7,7,0,0,0,free-music-archive,free-music-archive,Google;Stability AI,USED_BY
ÂTE,ÂTE,12948,7,7,0,0,0,free-music-archive,free-music-archive,Google;Stability AI,USED_BY
Yerri,Yerri,12244,7,7,0,0,0,free-music-archive,free-music-archive,Google;Stability AI,USED_BY
Pedra Branca,Pedra Branca,f1a155c4-4ca6-4056-8f3e-8789595912ad,123,7,116,0,0,free-music-archive;laion-disco-12m,free-music-archive,Google;Stability AI,USED_BY
Arponera,Arponera,13054,7,7,0,0,0,free-music-archive,free-music-archive,Google;Stability AI,USED_BY
EUS,EUS,b8b9c3e9-33ca-4370-b095-981a8396f67c,7,7,0,0,0,free-music-archive,free-music-archive,Google;Stability AI,USED_BY
Flux Bikes,Flux Bikes,13230,7,7,0,0,0,free-music-archive,free-music-archive,Google;Stability AI,USED_BY
Missqulater,Missqulater,390a7782-59df-4476-b348-e128b64dd97e,7,7,0,0,0,free-music-archive,free-music-archive,Google;Stability AI,USED_BY
Daniel Bachman,Daniel Bachman,5a3643f5-8572-4549-95cc-5b137981d09e,23,7,2,14,0,free-music-archive;laion-disco-12m;sleeping-disco-9m,free-music-archive,Google;Stability AI,USED_BY
Jerome Faria,Jerome Faria,bd7eede8-2cbe-4249-90b3-49c149e23ac6,7,7,0,0,0,free-music-archive,free-music-archive,Google;Stability AI,USED_BY
Marisa Anderson,Marisa Anderson,88ad4c96-34e9-4fab-9e36-62739ad42048,39,7,13,19,0,free-music-archive;laion-disco-12m;sleeping-disco-9m,free-music-archive,Google;Stability AI,USED_BY
Disappears,Disappears,816a3ade-da4d-4cb1-bc27-33acd12878a3,7,7,0,0,0,free-music-archive,free-music-archive,Google;Stability AI,USED_BY
Freakapuss,Freakapuss,f68ffabd-65e1-4fb1-88e5-dae453e35eb5,7,7,0,0,0,free-music-archive,free-music-archive,Google;Stability AI,USED_BY
Andrea,Andrea,13462,10,7,2,0,1,free-music-archive;laion-disco-12m;spotify-tracks-dataset,free-music-archive,Google;Stability AI,USED_BY
Quantum Jazz,Quantum Jazz,2685896f-a293-49ed-9b79-f6f220f752b2,7,7,0,0,0,free-music-archive,free-music-archive,Google;Stability AI,USED_BY
Emma Acs,Emma Acs,55939b4e-7ec9-4d4e-ad31-9baf89acc7e3,14,7,7,0,0,free-music-archive;laion-disco-12m,free-music-archive,Google;Stability AI,USED_BY
Roomrunner,Roomrunner,5cdfc9fb-adeb-447e-8870-368ec0c32ff0,7,7,0,0,0,free-music-archive,free-music-archive,Google;Stability AI,USED_BY
Luminous in Nummer,Luminous in Nummer,13382,7,7,0,0,0,free-music-archive,free-music-archive,Google;Stability AI,USED_BY
Mark Sultan,Mark Sultan,2ba15f3d-21f2-4979-aa57-63a44538dede,9,9,0,0,0,free-music-archive,free-music-archive,Google;Stability AI,USED_BY
Pregnant,Pregnant,75ac83ca-c7ab-4060-ab7c-3c7b7197b4a6,27,7,0,20,0,free-music-archive;sleeping-disco-9m,free-music-archive,Google;Stability AI,USED_BY
Punkasila,Punkasila,17e93cae-122f-472b-b075-879ed614750c,7,7,0,0,0,free-music-archive,free-music-archive,Google;Stability AI,USED_BY
Musicians from Marlboro,Musicians from Marlboro,4829,7,7,0,0,0,free-music-archive,free-music-archive,Google;Stability AI,USED_BY
The Indecent,The Indecent,27c9ef80-146c-4f45-91dc-340f731366d3,11,7,0,4,0,free-music-archive;sleeping-disco-9m,free-music-archive,Google;Stability AI,USED_BY
coda+e.p,coda+e.p,13544,7,7,0,0,0,free-music-archive,free-music-archive,Google;Stability AI,USED_BY
Tobetozero,Tobetozero,13918,7,7,0,0,0,free-music-archive,free-music-archive,Google;Stability AI,USED_BY
Elisa Luu,Elisa Luu,97367de2-977e-4055-8c75-0cca18717d18,7,7,0,0,0,free-music-archive,free-music-archive,Google;Stability AI,USED_BY
Afrika Pseudobruitismus,Afrika Pseudobruitismus,2d4f4f49-02b7-4c6b-96dc-fc82c2909358,7,7,0,0,0,free-music-archive,free-music-archive,Google;Stability AI,USED_BY
Kharkov,Kharkov,fb3de294-04a0-4bae-baf8-e3f870829924,7,7,0,0,0,free-music-archive,free-music-archive,Google;Stability AI,USED_BY
Shaved Women,Shaved Women,7775c84a-2725-4fe8-a449-d3d45ccbb6e8,7,7,0,0,0,free-music-archive,free-music-archive,Google;Stability AI,USED_BY
Tyrannic Toy,Tyrannic Toy,14022,7,7,0,0,0,free-music-archive,free-music-archive,Google;Stability AI,USED_BY
Alien Pornography,Alien Pornography,13236,7,7,0,0,0,free-music-archive,free-music-archive,Google;Stability AI,USED_BY
Piacente & De Angelis,Piacente & De Angelis,9ca7157c-486f-4352-a1b4-079752b8eec6,7,7,0,0,0,free-music-archive,free-music-archive,Google;Stability AI,USED_BY
Sonny & the Sunsets,Sonny & the Sunsets,c0598d2a-803b-4950-9336-a8155d418561,122,12,94,16,0,free-music-archive;laion-disco-12m;sleeping-disco-9m,free-music-archive,Google;Stability AI,USED_BY
Diamond Terrifier,Diamond Terrifier,91ff387d-95db-4af0-99c4-e9df1906d476,7,7,0,0,0,free-music-archive,free-music-archive,Google;Stability AI,USED_BY
Six Umbrellas,Six Umbrellas,210fa1c2-74de-47c1-86b8-7d770b75d5ee,7,7,0,0,0,free-music-archive,free-music-archive,Google;Stability AI,USED_BY
James William Hindle,James William Hindle,f561182a-70ef-4d75-8c19-a211ad0909da,9,7,0,2,0,free-music-archive;sleeping-disco-9m,free-music-archive,Google;Stability AI,USED_BY
Neutral Fixation,Neutral Fixation,20865,7,7,0,0,0,free-music-archive,free-music-archive,Google;Stability AI,USED_BY
Janneh,Janneh,4d616324-008d-4935-9daa-5dd9bee6cf48,8,8,0,0,0,free-music-archive,free-music-archive,Google;Stability AI,USED_BY
Texture,Texture,8690,7,7,0,0,0,free-music-archive,free-music-archive,Google;Stability AI,USED_BY
Connie Acher,Connie Acher,1491628d-9702-4a59-8b6c-93455ec0bf79,7,7,0,0,0,free-music-archive,free-music-archive,Google;Stability AI,USED_BY
Couch Slut,Couch Slut,f1e5ed91-9f6d-49a3-a8b7-52187adf62e3,29,7,0,22,0,free-music-archive;sleeping-disco-9m,free-music-archive,Google;Stability AI,USED_BY
Bridget St John,Bridget St John,21300,7,7,0,0,0,free-music-archive,free-music-archive,Google;Stability AI,USED_BY
whyouarei,whyouarei,bc438eed-05fb-4439-84ea-e9f44cb1cb99,7,7,0,0,0,free-music-archive,free-music-archive,Google;Stability AI,USED_BY
The Ar-Kaics,The Ar-Kaics,8b30e95b-e510-463e-bc91-38739db5e585,7,7,0,0,0,free-music-archive,free-music-archive,Google;Stability AI,USED_BY
PMS and the Mood Swings,PMS and the Mood Swings,21457,7,7,0,0,0,free-music-archive,free-music-archive,Google;Stability AI,USED_BY
Ozum Itez,Ozum Itez,564a6a9e-607c-44c4-9458-d8f6ef159fbe,7,7,0,0,0,free-music-archive,free-music-archive,Google;Stability AI,USED_BY
Flexion B,Flexion B,5907fb0b-d7f5-4df3-8943-a3ca2fece479,7,7,0,0,0,free-music-archive,free-music-archive,Google;Stability AI,USED_BY
Six Organs of Admittance,Six Organs of Admittance,a270b68f-6bb5-41ba-ae7f-7b501e4797a5,169,7,141,21,0,free-music-archive;laion-disco-12m;sleeping-disco-9m,free-music-archive,Google;Stability AI,USED_BY
Lazlo Supreme,Lazlo Supreme,20e1bd70-88d1-4ced-87e0-d2e56863e0a3,7,7,0,0,0,free-music-archive,free-music-archive,Google;Stability AI,USED_BY
Luke Pigott,Luke Pigott,bdb802b1-72cf-4707-a341-f685c41c9406,7,7,0,0,0,free-music-archive,free-music-archive,Google;Stability AI,USED_BY
Zé Trigueiros,Zé Trigueiros,21628,7,7,0,0,0,free-music-archive,free-music-archive,Google;Stability AI,USED_BY
Martin Auer,Martin Auer,219e661e-7961-4c0c-9173-53144e98ba2f,7,7,0,0,0,free-music-archive,free-music-archive,Google;Stability AI,USED_BY
DYR FASER,DYR FASER,37494fc1-1afb-454b-851c-18407b3471cc,7,7,0,0,0,free-music-archive,free-music-archive,Google;Stability AI,USED_BY
Red This Ever,Red This Ever,25b50887-237a-41a0-9dfa-3e4738daf177,7,7,0,0,0,free-music-archive,free-music-archive,Google;Stability AI,USED_BY
Thorn1,Thorn1,2c218551-cc18-4242-90df-544d4b795d08,7,7,0,0,0,free-music-archive,free-music-archive,Google;Stability AI,USED_BY
daniel barbiero,daniel barbiero,9b42da20-b06c-4e97-a736-4cad0a1cbf8b,39,39,0,0,0,free-music-archive,free-music-archive,Google;Stability AI,USED_BY
ken moore,ken moore,9f0d236f-152a-4dab-8b4c-9c8e968d2272,7,7,0,0,0,free-music-archive,free-music-archive,Google;Stability AI,USED_BY
Scott Lawlor,Scott Lawlor,440fd8aa-2a36-460c-8615-8af2cc06d62e,14,7,0,7,0,free-music-archive;sleeping-disco-9m,free-music-archive,Google;Stability AI,USED_BY
Philippa Dowding,Philippa Dowding,1e6dc8f1-6045-428f-9496-3958cc3a78e2,7,7,0,0,0,free-music-archive,free-music-archive,Google;Stability AI,USED_BY
staraya derevnya,staraya derevnya,fdddc894-02ec-4a92-937e-b970ac435db6,7,7,0,0,0,free-music-archive,free-music-archive,Google;Stability AI,USED_BY
Sinapsi,Sinapsi,22017,7,7,0,0,0,free-music-archive,free-music-archive,Google;Stability AI,USED_BY
ykymr,ykymr,22071,7,7,0,0,0,free-music-archive,free-music-archive,Google;Stability AI,USED_BY
URODI POD VODOI,URODI POD VODOI,22113,7,7,0,0,0,free-music-archive,free-music-archive,Google;Stability AI,USED_BY
Ido Bukelman,Ido Bukelman,73a91308-431e-43f8-a085-cc738f9a7e62,7,7,0,0,0,free-music-archive,free-music-archive,Google;Stability AI,USED_BY
Beat.Dowsing,Beat.Dowsing,575ef351-e5fd-4749-806e-d0a76eed999e,27,27,0,0,0,free-music-archive,free-music-archive,Google;Stability AI,USED_BY
Fabio Keiner,Fabio Keiner,07d8fe4a-7642-4b64-b003-5b245750bf92,7,7,0,0,0,free-music-archive,free-music-archive,Google;Stability AI,USED_BY
The Audacity,The Audacity,17552,7,7,0,0,0,free-music-archive,free-music-archive,Google;Stability AI,USED_BY
Tony Conrad,Tony Conrad,39b56aa8-5d36-49ab-ae5e-c3aa836b6620,17,7,9,1,0,free-music-archive;laion-disco-12m;sleeping-disco-9m,free-music-archive,Google;Stability AI,USED_BY
Big White,Big White,22240,7,7,0,0,0,free-music-archive,free-music-archive,Google;Stability AI,USED_BY
William Spivey,William Spivey,7ed7baeb-915c-4a08-be5d-5260edd71d05,7,7,0,0,0,free-music-archive,free-music-archive,Google;Stability AI,USED_BY
NITWIT,NITWIT,21321,7,7,0,0,0,free-music-archive,free-music-archive,Google;Stability AI,USED_BY
Leon Lishner,Leon Lishner,c9a59a72-faab-4207-a41e-d1ced79411fb,7,7,0,0,0,free-music-archive,free-music-archive,Google;Stability AI,USED_BY
Peach Kelli Pop,Peach Kelli Pop,f897c92a-62db-4f51-a6a4-301ccc14ab69,34,7,0,27,0,free-music-archive;sleeping-disco-9m,free-music-archive,Google;Stability AI,USED_BY
The Unspeakable Practices,The Unspeakable Practices,d48b89f2-5574-4ded-ae26-63c7df794c42,7,7,0,0,0,free-music-archive,free-music-archive,Google;Stability AI,USED_BY
Marsel Minga,Marsel Minga,22504,7,7,0,0,0,free-music-archive,free-music-archive,Google;Stability AI,USED_BY
La Venganza de Cheetara,La Venganza de Cheetara,b876a7a9-3a23-4f1b-99ad-39d08c68383a,8,8,0,0,0,free-music-archive,free-music-archive,Google;Stability AI,USED_BY
Nature,Nature,14716,9,7,2,0,0,free-music-archive;laion-disco-12m,free-music-archive,Google;Stability AI,USED_BY
Liz Toonkel,Liz Toonkel,14742,7,7,0,0,0,free-music-archive,free-music-archive,Google;Stability AI,USED_BY
Mélissa Laveaux,Mélissa Laveaux,748336d9-5327-42d0-a502-d0945c4c0b71,74,8,49,17,0,free-music-archive;laion-disco-12m;sleeping-disco-9m,free-music-archive,Google;Stability AI,USED_BY
ANGKA,ANGKA,1f7c3a17-8b03-439e-839a-fc3efb9b382a,7,7,0,0,0,free-music-archive,free-music-archive,Google;Stability AI,USED_BY
Melaena Cadiz,Melaena Cadiz,a9b1adda-6593-46ef-8262-b326cb7f8953,19,7,0,12,0,free-music-archive;sleeping-disco-9m,free-music-archive,Google;Stability AI,USED_BY
Sparagmos,Sparagmos,cf80e7da-cfd7-4243-806b-c2b53e496013,7,7,0,0,0,free-music-archive,free-music-archive,Google;Stability AI,USED_BY
Ken Fury,Ken Fury,89373b3e-facf-4bd0-85c6-47b0be71c4ef,7,7,0,0,0,free-music-archive,free-music-archive,Google;Stability AI,USED_BY
Bueno,Bueno,6a201230-dc7a-4ae3-a01e-8d36100dd1cb,20,7,1,12,0,free-music-archive;laion-disco-12m;sleeping-disco-9m,free-music-archive,Google;Stability AI,USED_BY
Bounar,Bounar,23542,7,7,0,0,0,free-music-archive,free-music-archive,Google;Stability AI,USED_BY
NoHuman,NoHuman,aa03ec8e-0024-4277-9d3a-4127946b8a88,7,7,0,0,0,free-music-archive,free-music-archive,Google;Stability AI,USED_BY
Strawberry Blonde,Strawberry Blonde,23608,7,7,0,0,0,free-music-archive,free-music-archive,Google;Stability AI,USED_BY
Kuso,Kuso,23643,7,7,0,0,0,free-music-archive,free-music-archive,Google;Stability AI,USED_BY
The Wilful Boys,The Wilful Boys,a9f73158-407b-4440-ac23-23f346010126,7,7,0,0,0,free-music-archive,free-music-archive,Google;Stability AI,USED_BY
Aitua,Aitua,70cc7fed-5b78-4e74-8037-1c4f76f42542,8,7,0,1,0,free-music-archive;sleeping-disco-9m,free-music-archive,Google;Stability AI,USED_BY
Dunai,Dunai,23713,7,7,0,0,0,free-music-archive,free-music-archive,Google;Stability AI,USED_BY
TA2MI,TA2MI,796f72cc-a210-4018-bf84-481fdde55368,7,7,0,0,0,free-music-archive,free-music-archive,Google;Stability AI,USED_BY
S-21,S-21,4b32f11e-f89d-4722-82e0-0c9edee47d05,7,7,0,0,0,free-music-archive,free-music-archive,Google;Stability AI,USED_BY
Oz Alchemist,Oz Alchemist,23863,7,7,0,0,0,free-music-archive,free-music-archive,Google;Stability AI,USED_BY
jii music,jii music,96555d43-6604-47de-9dfa-c890157eaa13,8,8,0,0,0,free-music-archive,free-music-archive,Google;Stability AI,USED_BY
Enrico Falbo,Enrico Falbo,240135d1-207d-4d2d-8c14-944a5b353df7,7,7,0,0,0,free-music-archive,free-music-archive,Google;Stability AI,USED_BY
K1r Loco,K1r Loco,23900,7,7,0,0,0,free-music-archive,free-music-archive,Google;Stability AI,USED_BY
Peter Lyster,Peter Lyster,24081,7,7,0,0,0,free-music-archive,free-music-archive,Google;Stability AI,USED_BY
Convivial Cannibal,Convivial Cannibal,d7ce7f83-a644-45de-9208-8411b3ab1449,7,7,0,0,0,free-music-archive,free-music-archive,Google;Stability AI,USED_BY
Zaz Zetoun Mind,Zaz Zetoun Mind,a546d02a-f6cf-4cee-a165-52c069f10e36,7,7,0,0,0,free-music-archive,free-music-archive,Google;Stability AI,USED_BY
Syntactic,Syntactic,4fa10ac6-895e-4cad-8915-85d0c4194008,7,7,0,0,0,free-music-archive,free-music-archive,Google;Stability AI,USED_BY
Tim Evans,Tim Evans,e3cddfb8-6471-4bb6-a372-8dd9ad53de7d,7,7,0,0,0,free-music-archive,free-music-archive,Google;Stability AI,USED_BY
Gino and the Goons,Gino and the Goons,eaa20564-aa58-4a1c-bf1e-639c68ace20a,8,7,0,1,0,free-music-archive;sleeping-disco-9m,free-music-archive,Google;Stability AI,USED_BY
The Coathangers,The Coathangers,60698f82-b047-48a4-8612-8e9bde5b5fd4,135,7,96,32,0,free-music-archive;laion-disco-12m;sleeping-disco-9m,free-music-archive,Google;Stability AI,USED_BY
ROW,ROW,4c23f261-594b-470e-ad9a-da72bdf98581,7,7,0,0,0,free-music-archive,free-music-archive,Google;Stability AI,USED_BY
Terratombats,Terratombats,f0b477cd-b879-4783-a4ff-4fea767b2a98,7,7,0,0,0,free-music-archive,free-music-archive,Google;Stability AI,USED_BY
Kaz Mirblouk,Kaz Mirblouk,a2bfabe9-3e45-4b0d-abd9-d75ccfc225bd,14,7,0,7,0,free-music-archive;sleeping-disco-9m,free-music-archive,Google;Stability AI,USED_BY
Lauren Sarah Hayes,Lauren Sarah Hayes,0e891f37-0f4f-4ca0-adda-ed547bf9520e,7,7,0,0,0,free-music-archive,free-music-archive,Google;Stability AI,USED_BY
Hurry Up,Hurry Up,ff2b5962-06d2-4642-a52c-b22a638e0de3,8,7,0,1,0,free-music-archive;sleeping-disco-9m,free-music-archive,Google;Stability AI,USED_BY
The Citadel,The Citadel,18488,7,7,0,0,0,free-music-archive,free-music-archive,Google;Stability AI,USED_BY
Luce Lutu,Luce Lutu,23019,7,7,0,0,0,free-music-archive,free-music-archive,Google;Stability AI,USED_BY
Thee Virginal Brides,Thee Virginal Brides,016ddaf4-cfed-41c0-bd85-7f309813d712,7,7,0,0,0,free-music-archive,free-music-archive,Google;Stability AI,USED_BY
Fiorella 16,Fiorella 16,d51af5bb-0bcb-492a-be6c-7f3012dd752e,7,7,0,0,0,free-music-archive,free-music-archive,Google;Stability AI,USED_BY
Golden Grey,Golden Grey,c4ff12c3-240d-435f-ab1d-3067cf65884b,7,7,0,0,0,free-music-archive,free-music-archive,Google;Stability AI,USED_BY
Eter Dub,Eter Dub,03a699bf-70a7-4936-b9e8-b715b2faa4df,7,7,0,0,0,free-music-archive,free-music-archive,Google;Stability AI,USED_BY
A-Grav Lab,A-Grav Lab,23260,7,7,0,0,0,free-music-archive,free-music-archive,Google;Stability AI,USED_BY
Scattered Order,Scattered Order,a9618571-d449-41af-a603-35bef60ea69c,8,7,0,1,0,free-music-archive;sleeping-disco-9m,free-music-archive,Google;Stability AI,USED_BY
Yellow Salamand'r,Yellow Salamand'r,22698,7,7,0,0,0,free-music-archive,free-music-archive,Google;Stability AI,USED_BY
Controlled Bleeding,Controlled Bleeding,978f5385-aeba-4a9d-b369-4e7f54942d23,25,7,0,18,0,free-music-archive;sleeping-disco-9m,free-music-archive,Google;Stability AI,USED_BY
Bram Nelson,Bram Nelson,6642,7,7,0,0,0,free-music-archive,free-music-archive,Google;Stability AI,USED_BY
Spectre Folk,Spectre Folk,6a4b47e8-260f-472a-ae60-78edffc74744,7,7,0,0,0,free-music-archive,free-music-archive,Google;Stability AI,USED_BY
Le Club Des Chat,Le Club Des Chat,de781135-4246-4f31-b6f2-3bd3d1c612fe,19,19,0,0,0,free-music-archive,free-music-archive,Google;Stability AI,USED_BY
Barcelona Afrobeat International Orchestra,Barcelona Afrobeat International Orchestra,6891,7,7,0,0,0,free-music-archive,free-music-archive,Google;Stability AI,USED_BY
Antennas Erupt!,Antennas Erupt!,48d19289-3ade-4059-97b7-8be291e8e2e1,7,7,0,0,0,free-music-archive,free-music-archive,Google;Stability AI,USED_BY
Loucy Louder,Loucy Louder,6970,7,7,0,0,0,free-music-archive,free-music-archive,Google;Stability AI,USED_BY
Fenderchet,Fenderchet,7030,7,7,0,0,0,free-music-archive,free-music-archive,Google;Stability AI,USED_BY
Astrowind,Astrowind,f77a11b2-ecf6-4794-ac38-510f58a06d7d,7,7,0,0,0,free-music-archive,free-music-archive,Google;Stability AI,USED_BY
Reminiscence,Reminiscence,7335,7,7,0,0,0,free-music-archive,free-music-archive,Google;Stability AI,USED_BY
Bam Bam,Bam Bam,20f22ad6-5f97-49c1-9205-3143f48df013,8,7,1,0,0,free-music-archive;laion-disco-12m,free-music-archive,Google;Stability AI,USED_BY
Lagos Disco Machine,Lagos Disco Machine,10a024dc-639b-49c3-a60c-b9a95acb11d0,7,7,0,0,0,free-music-archive,free-music-archive,Google;Stability AI,USED_BY
Mortals,Mortals,7735,7,7,0,0,0,free-music-archive,free-music-archive,Google;Stability AI,USED_BY
CLDSCP,CLDSCP,7917,7,7,0,0,0,free-music-archive,free-music-archive,Google;Stability AI,USED_BY
Kabyzdoh Obtruhamchi,Kabyzdoh Obtruhamchi,7935,7,7,0,0,0,free-music-archive,free-music-archive,Google;Stability AI,USED_BY
The Ocean Floor,The Ocean Floor,e4a18aad-8a49-4982-b7e4-f07f42d5298d,7,7,0,0,0,free-music-archive,free-music-archive,Google;Stability AI,USED_BY
Mild Winter,Mild Winter,158062d6-4afc-449f-a089-b4895e9b87de,7,7,0,0,0,free-music-archive,free-music-archive,Google;Stability AI,USED_BY
Coliseum,Coliseum,7f43923c-31d0-4c8f-9708-1779adf4b3a9,28,7,1,20,0,free-music-archive;laion-disco-12m;sleeping-disco-9m,free-music-archive,Google;Stability AI,USED_BY
molr drammaz,molr drammaz,8596,7,7,0,0,0,free-music-archive,free-music-archive,Google;Stability AI,USED_BY
Snake Eats Electric Blanket,Snake Eats Electric Blanket,8658,7,7,0,0,0,free-music-archive,free-music-archive,Google;Stability AI,USED_BY
Comma,Comma,2ae2d1c1-3e53-4319-881e-a0b8a215d383,7,7,0,0,0,free-music-archive,free-music-archive,Google;Stability AI,USED_BY
Daddy_Scrabble,Daddy_Scrabble,85205679-eaa3-41fb-b3b2-f5b107aaf534,7,7,0,0,0,free-music-archive,free-music-archive,Google;Stability AI,USED_BY
bueno.sair.es,bueno.sair.es,07533180-c42b-49f3-b0d1-b3a5819d714e,7,7,0,0,0,free-music-archive,free-music-archive,Google;Stability AI,USED_BY
Nobody's Bizness,Nobody's Bizness,60ae73ab-8095-4013-a0b5-4c13a95b66a0,8,8,0,0,0,free-music-archive,free-music-archive,Google;Stability AI,USED_BY
Amanda,Amanda,4a08bbf9-284e-4845-8674-ccc4da5491e6,39,7,31,1,0,free-music-archive;laion-disco-12m;sleeping-disco-9m,free-music-archive,Google;Stability AI,USED_BY
Richard Garet,Richard Garet,5ca94738-8c3b-4f06-8091-00290d844082,7,7,0,0,0,free-music-archive,free-music-archive,Google;Stability AI,USED_BY
Heavy Medical,Heavy Medical,9389,7,7,0,0,0,free-music-archive,free-music-archive,Google;Stability AI,USED_BY
Jonah Dempcy,Jonah Dempcy,5288697b-735d-47c2-b5d3-df08d6fc866e,7,7,0,0,0,free-music-archive,free-music-archive,Google;Stability AI,USED_BY
The Re-Stoned,The Re-Stoned,a2733c67-495c-4ebb-a901-f156f0f6927d,107,7,100,0,0,free-music-archive;laion-disco-12m,free-music-archive,Google;Stability AI,USED_BY
Albert Glasser,Albert Glasser,00a126ee-bff4-4ca7-a156-a2c7dc82f661,8,7,1,0,0,free-music-archive;laion-disco-12m,free-music-archive,Google;Stability AI,USED_BY
Radiesman,Radiesman,9569,7,7,0,0,0,free-music-archive,free-music-archive,Google;Stability AI,USED_BY
Francesco Lettera,Francesco Lettera,1693edb5-4d16-4ad3-8dda-f3505c26009e,7,7,0,0,0,free-music-archive,free-music-archive,Google;Stability AI,USED_BY
Legless Cripple,Legless Cripple,9823,7,7,0,0,0,free-music-archive,free-music-archive,Google;Stability AI,USED_BY
Docks,Docks,89252113-b1b8-44c9-b5d2-7a07ac8b08dd,7,7,0,0,0,free-music-archive,free-music-archive,Google;Stability AI,USED_BY
The Toothaches,The Toothaches,d53b4722-6bea-4545-a4d4-f2d852189878,7,7,0,0,0,free-music-archive,free-music-archive,Google;Stability AI,USED_BY
Catholic Spray,Catholic Spray,cb4deeaf-fb42-47fd-8396-982e8a25a602,7,7,0,0,0,free-music-archive,free-music-archive,Google;Stability AI,USED_BY
Holy Coast,Holy Coast,10031,7,7,0,0,0,free-music-archive,free-music-archive,Google;Stability AI,USED_BY
Scarm,Scarm,10102,7,7,0,0,0,free-music-archive,free-music-archive,Google;Stability AI,USED_BY
Love Cult,Love Cult,1d80f63a-c449-48e2-ba4e-6d7b3395978c,7,7,0,0,0,free-music-archive,free-music-archive,Google;Stability AI,USED_BY
Electronic Phantom Orchestra,Electronic Phantom Orchestra,10201,7,7,0,0,0,free-music-archive,free-music-archive,Google;Stability AI,USED_BY
Die Rötzz,Die Rötzz,dec81f47-6afc-41fa-b58c-44e8ec7b7fff,8,8,0,0,0,free-music-archive,free-music-archive,Google;Stability AI,USED_BY
The Duo,The Duo,10235,7,7,0,0,0,free-music-archive,free-music-archive,Google;Stability AI,USED_BY
Songo 21,Songo 21,bd6abe50-95d9-466a-a391-0bbd8ccf1482,7,7,0,0,0,free-music-archive,free-music-archive,Google;Stability AI,USED_BY
2NRO8OT,2NRO8OT,41484e3a-06cf-4af9-86fb-57a6f6a2b874,7,7,0,0,0,free-music-archive,free-music-archive,Google;Stability AI,USED_BY
WatFatMan,WatFatMan,3070,7,7,0,0,0,free-music-archive,free-music-archive,Google;Stability AI,USED_BY
Zornjak,Zornjak,3927,7,7,0,0,0,free-music-archive,free-music-archive,Google;Stability AI,USED_BY
Garotas Suecas,Garotas Suecas,2e4639b7-b151-4487-a2cb-7f45a52bb970,45,7,0,38,0,free-music-archive;sleeping-disco-9m,free-music-archive,Google;Stability AI,USED_BY
Chris Mann,Chris Mann,7847,7,7,0,0,0,free-music-archive,free-music-archive,Google;Stability AI,USED_BY
Cobol Pongide,Cobol Pongide,afda0926-7c22-48d9-85b8-1d678432c5f1,7,7,0,0,0,free-music-archive,free-music-archive,Google;Stability AI,USED_BY
Destroyevsky,Destroyevsky,933885a6-5ccb-4a8a-a0b4-349882fdd971,7,7,0,0,0,free-music-archive,free-music-archive,Google;Stability AI,USED_BY
Seicho suru kigi,Seicho suru kigi,b7230544-c6bb-41d0-8e03-efd640a4e42f,7,7,0,0,0,free-music-archive,free-music-archive,Google;Stability AI,USED_BY
Granpa Abela,Granpa Abela,e026d1e0-a1e2-4195-b2a6-58aa0966ea8e,7,7,0,0,0,free-music-archive,free-music-archive,Google;Stability AI,USED_BY
Vermisst Susi,Vermisst Susi,12892c5d-de6a-4508-a16e-3ddebcec7e2e,7,7,0,0,0,free-music-archive,free-music-archive,Google;Stability AI,USED_BY
Sealadder,Sealadder,6d10f5fb-0d9d-4b23-9d9f-9035d2c1fe22,7,7,0,0,0,free-music-archive,free-music-archive,Google;Stability AI,USED_BY
A.M/Uton,A.M/Uton,1826f6c2-2ea1-434b-b76f-293525e21632,7,7,0,0,0,free-music-archive,free-music-archive,Google;Stability AI,USED_BY
Music Komite,Music Komite,debb7585-96ad-4139-b123-2390d06ccdef,8,8,0,0,0,free-music-archive,free-music-archive,Google;Stability AI,USED_BY
TL0741,TL0741,3f433cbc-37f6-40d0-a6ce-be65c2c6a36b,7,7,0,0,0,free-music-archive,free-music-archive,Google;Stability AI,USED_BY
Where the Moon Came From,Where the Moon Came From,072ff544-a254-4c36-b360-8de717f47b46,8,8,0,0,0,free-music-archive,free-music-archive,Google;Stability AI,USED_BY
Blake Freele,Blake Freele,2a7cfbc3-9e76-4dd8-bb95-baab77e11030,7,7,0,0,0,free-music-archive,free-music-archive,Google;Stability AI,USED_BY
Alex Kubotha,Alex Kubotha,22bf0d54-24e2-4930-baac-557b45904144,7,7,0,0,0,free-music-archive,free-music-archive,Google;Stability AI,USED_BY
Zoambo Zoet Workestrao,Zoambo Zoet Workestrao,2772b811-2b38-45c1-9a30-8afe4c2604d7,7,7,0,0,0,free-music-archive,free-music-archive,Google;Stability AI,USED_BY
Synflict,Synflict,fc86efec-8b4f-4846-bf6c-1b94f6bf72c6,7,7,0,0,0,free-music-archive,free-music-archive,Google;Stability AI,USED_BY
T.R.I.v.M.,T.R.I.v.M.,44e6ab97-1bdb-457e-8294-899e4da6c078,7,7,0,0,0,free-music-archive,free-music-archive,Google;Stability AI,USED_BY
Dream Drunk,Dream Drunk,50c73dc3-e841-4153-af3f-f0535c32b2c6,7,7,0,0,0,free-music-archive,free-music-archive,Google;Stability AI,USED_BY
10Konekt,10Konekt,3709be1b-2613-4964-87d9-1ff0b294eff6,7,7,0,0,0,free-music-archive,free-music-archive,Google;Stability AI,USED_BY
Astroboiler,Astroboiler,7f90ed33-c3e7-431b-a1a5-584742f1370a,7,7,0,0,0,free-music-archive,free-music-archive,Google;Stability AI,USED_BY
Koobaatoo Asparagus,Koobaatoo Asparagus,ecd88d54-bccb-4e4b-bf77-660465416085,7,7,0,0,0,free-music-archive,free-music-archive,Google;Stability AI,USED_BY
Therabaqud Leic,Therabaqud Leic,71128852-a642-4edb-9d0d-d63ceb051020,7,7,0,0,0,free-music-archive,free-music-archive,Google;Stability AI,USED_BY
Ahad & Despera,Ahad & Despera,7442,7,7,0,0,0,free-music-archive,free-music-archive,Google;Stability AI,USED_BY
Paavoharju,Paavoharju,4859ffaf-ea83-41b5-83a7-8d72ea26ffe4,64,7,0,57,0,free-music-archive;sleeping-disco-9m,free-music-archive,Google;Stability AI,USED_BY
Rabato,Rabato,a7858ec9-9ebe-4b13-b52a-3211e2e6c195,7,7,0,0,0,free-music-archive,free-music-archive,Google;Stability AI,USED_BY
Nat Baldwin,Nat Baldwin,f8faf27e-0747-4dd2-80d6-d092ed8c0b68,11,7,0,4,0,free-music-archive;sleeping-disco-9m,free-music-archive,Google;Stability AI,USED_BY
Terrero De Jesus,Terrero De Jesus,8567,7,7,0,0,0,free-music-archive,free-music-archive,Google;Stability AI,USED_BY
Mystic Morrison Visions,Mystic Morrison Visions,51a96932-bf72-4a28-82e2-cdf2c77b8818,7,7,0,0,0,free-music-archive,free-music-archive,Google;Stability AI,USED_BY
Mathew Timmons,Mathew Timmons,8631,7,7,0,0,0,free-music-archive,free-music-archive,Google;Stability AI,USED_BY
Simon Ravens,Simon Ravens,b1e62ea2-efab-4326-9176-707fd6e81b0a,9,7,2,0,0,free-music-archive;laion-disco-12m,free-music-archive,Google;Stability AI,USED_BY
Mattisson,Mattisson,c6017e18-e6a4-41e2-92c3-d2dac0b74ba3,7,7,0,0,0,free-music-archive,free-music-archive,Google;Stability AI,USED_BY
Eusebio,Eusebio,8968,7,7,0,0,0,free-music-archive,free-music-archive,Google;Stability AI,USED_BY
Katherine Young,Katherine Young,6563a5e8-1f5d-433d-aa88-3cf492392bae,7,7,0,0,0,free-music-archive,free-music-archive,Google;Stability AI,USED_BY
Mario Garcia,Mario Garcia,9989,7,7,0,0,0,free-music-archive,free-music-archive,Google;Stability AI,USED_BY
James Ilgenfritz,James Ilgenfritz,316deb9c-db43-479e-8096-28004feb025c,7,7,0,0,0,free-music-archive,free-music-archive,Google;Stability AI,USED_BY
Milgrom,Milgrom,11241,7,7,0,0,0,free-music-archive,free-music-archive,Google;Stability AI,USED_BY
Ice Age,Ice Age,11298,7,7,0,0,0,free-music-archive,free-music-archive,Google;Stability AI,USED_BY
Metaharmoniks,Metaharmoniks,9bd5fc86-a3a9-4844-9a70-ad253e0db4b4,7,7,0,0,0,free-music-archive,free-music-archive,Google;Stability AI,USED_BY
Damscray,Damscray,ba310fd5-dec5-48d5-bf41-46942ff6fb3a,7,7,0,0,0,free-music-archive,free-music-archive,Google;Stability AI,USED_BY
This Co.,This Co.,c803f653-e0cc-4f1d-964c-4fce2542dcfe,7,7,0,0,0,free-music-archive,free-music-archive,Google;Stability AI,USED_BY
Aoiroooasamusi,Aoiroooasamusi,6358,7,7,0,0,0,free-music-archive,free-music-archive,Google;Stability AI,USED_BY
Canzoniere Grecanico Salentino,Canzoniere Grecanico Salentino,883d4631-bc4e-48da-b81a-de0c427e28a7,145,7,125,13,0,free-music-archive;laion-disco-12m;sleeping-disco-9m,free-music-archive,Google;Stability AI,USED_BY
Smooch,Smooch,12291,7,7,0,0,0,free-music-archive,free-music-archive,Google;Stability AI,USED_BY
Liquor Store,Liquor Store,e5a25355-f8fe-4854-9b89-897867a64109,7,7,0,0,0,free-music-archive,free-music-archive,Google;Stability AI,USED_BY
Secret Jane,Secret Jane,12754,7,7,0,0,0,free-music-archive,free-music-archive,Google;Stability AI,USED_BY
Elizabeth Veldon,Elizabeth Veldon,32719e46-34a7-4b99-9ffc-8e09db0b45cd,7,7,0,0,0,free-music-archive,free-music-archive,Google;Stability AI,USED_BY
Scientifically Speaking with Irene Moon,Scientifically Speaking with Irene Moon,13284,7,7,0,0,0,free-music-archive,free-music-archive,Google;Stability AI,USED_BY
Don Bikoff,Don Bikoff,ca0f958d-5f3c-432b-82cb-c3fd2a74cd94,7,7,0,0,0,free-music-archive,free-music-archive,Google;Stability AI,USED_BY
Matthias Boss,Matthias Boss,9c2728e6-c076-45a1-be63-0358a777db86,8,8,0,0,0,free-music-archive,free-music-archive,Google;Stability AI,USED_BY
Chemical Peel,Chemical Peel,eea656be-aff7-4d3c-9b7b-54f1ba8d6d58,7,7,0,0,0,free-music-archive,free-music-archive,Google;Stability AI,USED_BY
Potty Mouth,Potty Mouth,43cb987e-0b92-4f1b-b068-dead06d78522,34,7,0,27,0,free-music-archive;sleeping-disco-9m,free-music-archive,Google;Stability AI,USED_BY
Shoxx,Shoxx,9e793ce3-f853-4eee-bfbb-1776aaee90af,7,7,0,0,0,free-music-archive,free-music-archive,Google;Stability AI,USED_BY
NanowaR of Steel,NanowaR of Steel,b879af63-9ff6-49b3-a556-1af86e753119,173,9,121,43,0,free-music-archive;laion-disco-12m;sleeping-disco-9m,free-music-archive,Google;Stability AI,USED_BY
Stereoboy,Stereoboy,f965f108-9a08-4245-b459-f2286ca11f79,7,7,0,0,0,free-music-archive,free-music-archive,Google;Stability AI,USED_BY
Shisd,Shisd,ac5c7e22-6e48-44f7-845f-2e54f8e0e599,7,7,0,0,0,free-music-archive,free-music-archive,Google;Stability AI,USED_BY
Lá Eles,Lá Eles,14332,7,7,0,0,0,free-music-archive,free-music-archive,Google;Stability AI,USED_BY
tomonari nozaki,tomonari nozaki,46eda088-a044-492b-bc56-f2a3926e799c,7,7,0,0,0,free-music-archive,free-music-archive,Google;Stability AI,USED_BY
Gel Set,Gel Set,1e0939e4-937f-4a6e-9f11-449d9c34d45c,8,7,0,1,0,free-music-archive;sleeping-disco-9m,free-music-archive,Google;Stability AI,USED_BY
The Dick Burrills,The Dick Burrills,14322,7,7,0,0,0,free-music-archive,free-music-archive,Google;Stability AI,USED_BY
Hallock Hill,Hallock Hill,d6f9771a-f190-4b12-be31-2e7c680dafc4,7,7,0,0,0,free-music-archive,free-music-archive,Google;Stability AI,USED_BY
High Castle,High Castle,11936,7,7,0,0,0,free-music-archive,free-music-archive,Google;Stability AI,USED_BY
Crossworlds,Crossworlds,f9011cc7-b181-47dd-a568-b7f01f277e52,7,7,0,0,0,free-music-archive,free-music-archive,Google;Stability AI,USED_BY
Tentacles,Tentacles,19475,7,7,0,0,0,free-music-archive,free-music-archive,Google;Stability AI,USED_BY
Connections,Connections,6657578b-2f06-4674-bb48-639f58d3f7e2,95,7,88,0,0,free-music-archive;laion-disco-12m,free-music-archive,Google;Stability AI,USED_BY
Mad Masks,Mad Masks,2087332b-4f6f-4326-a3ef-ed38ea99b3a3,7,7,0,0,0,free-music-archive,free-music-archive,Google;Stability AI,USED_BY
Tempers,Tempers,70e0a6cc-887b-473b-b563-32883fda61a3,76,7,52,17,0,free-music-archive;laion-disco-12m;sleeping-disco-9m,free-music-archive,Google;Stability AI,USED_BY
All Dogs,All Dogs,d4836d78-3d06-4b61-bef8-33c4e2790cde,22,7,0,15,0,free-music-archive;sleeping-disco-9m,free-music-archive,Google;Stability AI,USED_BY
Tyler Twombly,Tyler Twombly,20862,7,7,0,0,0,free-music-archive,free-music-archive,Google;Stability AI,USED_BY
Phish Funk,Phish Funk,14212,7,7,0,0,0,free-music-archive,free-music-archive,Google;Stability AI,USED_BY
"GMC, Sebastian Sampieri","GMC, Sebastian Sampieri",20958,7,7,0,0,0,free-music-archive,free-music-archive,Google;Stability AI,USED_BY
Shy and the Fight,Shy and the Fight,c1a86aa2-cc3a-4f70-8dba-320ed7fac975,7,7,0,0,0,free-music-archive,free-music-archive,Google;Stability AI,USED_BY
Ken Vandermark,Ken Vandermark,e5a4107f-5bb3-4f24-b9b7-927bb23840b5,25,7,15,3,0,free-music-archive;laion-disco-12m;sleeping-disco-9m,free-music-archive,Google;Stability AI,USED_BY
Terry & Louie,Terry & Louie,f0164ef9-a0c0-4a68-a8a7-565995d8babc,7,7,0,0,0,free-music-archive,free-music-archive,Google;Stability AI,USED_BY
Punktieren,Punktieren,30d39afa-cd3d-451b-bde6-71fa32bab46a,7,7,0,0,0,free-music-archive,free-music-archive,Google;Stability AI,USED_BY
Andrea Carri,Andrea Carri,8a7c6e8e-e16a-4c96-9059-98b05a1a48e5,8,7,1,0,0,free-music-archive;laion-disco-12m,free-music-archive,Google;Stability AI,USED_BY
Systemic Failure,Systemic Failure,8f0d0963-8625-4870-ac85-906972fe5772,7,7,0,0,0,free-music-archive,free-music-archive,Google;Stability AI,USED_BY
Good Throb,Good Throb,3e1dfe34-681e-43fb-bedd-b94ce95e3234,7,7,0,0,0,free-music-archive,free-music-archive,Google;Stability AI,USED_BY
Dinosaur Jugnot,Dinosaur Jugnot,18665,7,7,0,0,0,free-music-archive,free-music-archive,Google;Stability AI,USED_BY
Crazy Pills,Crazy Pills,18674,7,7,0,0,0,free-music-archive,free-music-archive,Google;Stability AI,USED_BY
Psyche Corporation,Psyche Corporation,c396911e-69eb-44aa-a812-b86ec2550ad5,18,7,0,11,0,free-music-archive;sleeping-disco-9m,free-music-archive,Google;Stability AI,USED_BY
Sküge,Sküge,3b0fdd3a-31ea-4eb0-9cf7-b21b051e13ff,7,7,0,0,0,free-music-archive,free-music-archive,Google;Stability AI,USED_BY
ventilator,ventilator,18764,7,7,0,0,0,free-music-archive,free-music-archive,Google;Stability AI,USED_BY
The Jeanies,The Jeanies,23203,7,7,0,0,0,free-music-archive,free-music-archive,Google;Stability AI,USED_BY
Outrun,Outrun,23734,7,7,0,0,0,free-music-archive,free-music-archive,Google;Stability AI,USED_BY
Downbeat,Downbeat,24192,7,7,0,0,0,free-music-archive,free-music-archive,Google;Stability AI,USED_BY
Hank Wood and the Hammerheads,Hank Wood and the Hammerheads,532d589c-2ca9-48ec-ab5f-ec66744a84a7,14,8,0,5,1,free-music-archive;sleeping-disco-9m;spotify-tracks-dataset,free-music-archive,Google;Stability AI,USED_BY
Long Beard,Long Beard,6a4044aa-4705-4ecb-9bc0-6a7d892813a5,28,7,0,21,0,free-music-archive;sleeping-disco-9m,free-music-archive,Google;Stability AI,USED_BY
Death by Unga Bunga,Death by Unga Bunga,905d9f82-22d2-43d1-82ab-a4d7e380bb5a,41,9,0,32,0,free-music-archive;sleeping-disco-9m,free-music-archive,Google;Stability AI,USED_BY
ELYA,ELYA,22298,7,7,0,0,0,free-music-archive,free-music-archive,Google;Stability AI,USED_BY
Fragile Tom,Fragile Tom,bf76f55f-a7ef-4c25-8c1e-7742b578de59,7,7,0,0,0,free-music-archive,free-music-archive,Google;Stability AI,USED_BY
Periodo Particular,Periodo Particular,66de45d9-3d7d-47b3-a417-f0882089b07b,7,7,0,0,0,free-music-archive,free-music-archive,Google;Stability AI,USED_BY
Finn Anderson,Finn Anderson,633e682f-edea-41cc-acd3-1ea2a58aff6a,12,7,0,5,0,free-music-archive;sleeping-disco-9m,free-music-archive,Google;Stability AI,USED_BY
Mazing Vids,Mazing Vids,4a13bc34-5f92-426b-ab33-df6f3ec88bfe,7,7,0,0,0,free-music-archive,free-music-archive,Google;Stability AI,USED_BY
Bebe Fang,Bebe Fang,b88c68b2-bc38-4bfb-9a25-43c6acd14a3b,7,7,0,0,0,free-music-archive,free-music-archive,Google;Stability AI,USED_BY
Hellmood B. Ware,Hellmood B. Ware,6b066104-e542-4f71-ab5b-42f0a2af7d45,7,7,0,0,0,free-music-archive,free-music-archive,Google;Stability AI,USED_BY
The Vainglories,The Vainglories,86a96a86-6408-4062-bc5c-6f6bcffad7b6,7,7,0,0,0,free-music-archive,free-music-archive,Google;Stability AI,USED_BY
Sasha Mishkin,Sasha Mishkin,3add3fcc-1fdf-4afb-a16c-4e585d65258d,7,7,0,0,0,free-music-archive,free-music-archive,Google;Stability AI,USED_BY
Andrew Seistrup,Andrew Seistrup,20655,7,7,0,0,0,free-music-archive,free-music-archive,Google;Stability AI,USED_BY
E T I L E,E T I L E,22405,7,7,0,0,0,free-music-archive,free-music-archive,Google;Stability AI,USED_BY
Ubuntu Sound Antisystem,Ubuntu Sound Antisystem,7327ca04-5831-4c76-8d3d-b98f165ffd8d,23,23,0,0,0,free-music-archive,free-music-archive,Google;Stability AI,USED_BY
Will Wood and the Tapeworms,Will Wood and the Tapeworms,2f035e83-050f-4bce-acb0-ca0db9515577,66,7,39,20,0,free-music-archive;laion-disco-12m;sleeping-disco-9m,free-music-archive,Google;Stability AI,USED_BY
The Nutries,The Nutries,68523bd1-f012-4382-ac41-4c2719ae5367,7,7,0,0,0,free-music-archive,free-music-archive,Google;Stability AI,USED_BY
Andre Jetson,Andre Jetson,24075,7,7,0,0,0,free-music-archive,free-music-archive,Google;Stability AI,USED_BY
Regal Degal,Regal Degal,245a2869-ae16-4592-af36-907544039ef0,7,7,0,0,0,free-music-archive,free-music-archive,Google;Stability AI,USED_BY
Top Surprise,Top Surprise,d215409f-5458-49f2-af47-70a5d7bbde9b,7,7,0,0,0,free-music-archive,free-music-archive,Google;Stability AI,USED_BY
The Aaron Boudreaux Special,The Aaron Boudreaux Special,15031,7,7,0,0,0,free-music-archive,free-music-archive,Google;Stability AI,USED_BY
Lou Barlow,Lou Barlow,6523f86d-11d3-489e-81f6-6cbe08c367de,150,7,143,0,0,free-music-archive;laion-disco-12m,free-music-archive,Google;Stability AI,USED_BY
Los Amparito,Los Amparito,03d7198d-9a15-45ce-b23e-c683cc2eca65,7,7,0,0,0,free-music-archive,free-music-archive,Google;Stability AI,USED_BY
Biggbutt,Biggbutt,20218,7,7,0,0,0,free-music-archive,free-music-archive,Google;Stability AI,USED_BY
glomag,glomag,3fa19fac-bcbd-4dea-902a-bc4f92caca8d,7,7,0,0,0,free-music-archive,free-music-archive,Google;Stability AI,USED_BY
The Lovely Moon,The Lovely Moon,f34ae170-055d-46bc-9208-a750a646481b,7,7,0,0,0,free-music-archive,free-music-archive,Google;Stability AI,USED_BY
100% BLACK,100% BLACK,18976,7,7,0,0,0,free-music-archive,free-music-archive,Google;Stability AI,USED_BY
M​.​Nomized And Midnight Moodswings,M​.​Nomized And Midnight Moodswings,24345,7,7,0,0,0,free-music-archive,free-music-archive,Google;Stability AI,USED_BY
Novi Split,Novi Split,7178f02c-e95d-43cf-9c98-8a3d6e5cb7d1,21,6,0,15,0,free-music-archive;sleeping-disco-9m,free-music-archive,Google;Stability AI,USED_BY
Astrometrics,Astrometrics,822175da-2e07-4564-a598-eef79a4017bb,6,6,0,0,0,free-music-archive,free-music-archive,Google;Stability AI,USED_BY
David Last,David Last,23336f13-a641-475d-983c-16dcd7ec7308,7,6,1,0,0,free-music-archive;laion-disco-12m,free-music-archive,Google;Stability AI,USED_BY
De Cylinders,De Cylinders,fc376993-ed77-4603-b668-8b7260fd5a5f,6,6,0,0,0,free-music-archive,free-music-archive,Google;Stability AI,USED_BY
Daedelus,Daedelus,c787a7a5-e143-4ba6-86df-fab2354dcd44,78,6,31,41,0,free-music-archive;laion-disco-12m;sleeping-disco-9m,free-music-archive,Google;Stability AI,USED_BY
Starscream,Starscream,2913667b-9629-4c66-9f09-1ab9b9740ca8,74,8,35,31,0,free-music-archive;laion-disco-12m;sleeping-disco-9m,free-music-archive,Google;Stability AI,USED_BY
The Council Flats of Kingsbury,The Council Flats of Kingsbury,5de9bc92-aafb-4665-b4e8-8aa39491dab0,6,6,0,0,0,free-music-archive,free-music-archive,Google;Stability AI,USED_BY
Portastatic,Portastatic,dd234262-f690-46ec-8dfa-c6933797a0f0,27,6,0,21,0,free-music-archive;sleeping-disco-9m,free-music-archive,Google;Stability AI,USED_BY
The Black Swans,The Black Swans,b59025db-40e6-42a2-b988-49a3f3cc5c88,26,6,0,20,0,free-music-archive;sleeping-disco-9m,free-music-archive,Google;Stability AI,USED_BY
Karash Nikol,Karash Nikol,5972,6,6,0,0,0,free-music-archive,free-music-archive,Google;Stability AI,USED_BY
Cave,Cave,61eb3dde-3a23-4a6f-9332-d931980e6067,6,6,0,0,0,free-music-archive,free-music-archive,Google;Stability AI,USED_BY
Fursaxa,Fursaxa,bdfe3ad6-3688-4fc9-93ec-ff73c09b627f,6,6,0,0,0,free-music-archive,free-music-archive,Google;Stability AI,USED_BY
Lozenge,Lozenge,197,6,6,0,0,0,free-music-archive,free-music-archive,Google;Stability AI,USED_BY
Chandeliers,Chandeliers,100,6,6,0,0,0,free-music-archive,free-music-archive,Google;Stability AI,USED_BY
The Fallen Leaves,The Fallen Leaves,5d6921c2-48d1-4cc3-bb9a-0c9a0ca4d647,6,6,0,0,0,free-music-archive,free-music-archive,Google;Stability AI,USED_BY
Fallen Leaves,Fallen Leaves,728,6,6,0,0,0,free-music-archive,free-music-archive,Google;Stability AI,USED_BY
Little Howlin' Wolf,Little Howlin' Wolf,192,6,6,0,0,0,free-music-archive,free-music-archive,Google;Stability AI,USED_BY
Skybombers,Skybombers,d26df016-e7b6-4fc4-b98d-01f98f2c56f1,6,6,0,0,0,free-music-archive,free-music-archive,Google;Stability AI,USED_BY
The Moaners,The Moaners,641d073c-b3ff-43f0-beb9-f284786353ed,6,6,0,0,0,free-music-archive,free-music-archive,Google;Stability AI,USED_BY
High Places,High Places,ffaff287-8849-465a-81f4-501a49eafd42,27,6,1,20,0,free-music-archive;laion-disco-12m;sleeping-disco-9m,free-music-archive,Google;Stability AI,USED_BY
Harvey Milk,Harvey Milk,d8b01cf8-a7ff-41fd-95cb-47b56c9c895f,26,6,0,20,0,free-music-archive;sleeping-disco-9m,free-music-archive,Google;Stability AI,USED_BY
National Promenade Band,National Promenade Band,7983e84a-0166-477e-82e9-aa76194080b0,6,6,0,0,0,free-music-archive,free-music-archive,Google;Stability AI,USED_BY
Uninhabitable Mansions,Uninhabitable Mansions,a2bea1c0-c093-478a-b6d3-4c60288d6664,6,6,0,0,0,free-music-archive,free-music-archive,Google;Stability AI,USED_BY
Ducktails,Ducktails,06b0aa09-5b86-4d41-88a2-e86bd8df1555,40,6,10,24,0,free-music-archive;laion-disco-12m;sleeping-disco-9m,free-music-archive,Google;Stability AI,USED_BY
Dale,Dale,1880,9,6,3,0,0,free-music-archive;laion-disco-12m,free-music-archive,Google;Stability AI,USED_BY
The Jowe Head Band,The Jowe Head Band,896,6,6,0,0,0,free-music-archive,free-music-archive,Google;Stability AI,USED_BY
Jerusalem & The Starbaskets,Jerusalem & The Starbaskets,fbb9e6f5-3f7f-470b-a99d-c928437e5f69,6,6,0,0,0,free-music-archive,free-music-archive,Google;Stability AI,USED_BY
Hat City Intuitive,Hat City Intuitive,835,6,6,0,0,0,free-music-archive,free-music-archive,Google;Stability AI,USED_BY
Bonedust,Bonedust,a18c27b5-fe03-4e40-9e8f-ac9bc76f3134,6,6,0,0,0,free-music-archive,free-music-archive,Google;Stability AI,USED_BY
P.E.D.,P.E.D.,9fd5d121-03ee-4e0f-91f1-4d6ef6940f2f,6,6,0,0,0,free-music-archive,free-music-archive,Google;Stability AI,USED_BY
The Paybacks,The Paybacks,bed73669-31f0-4053-accd-9393cf1edc80,8,6,0,2,0,free-music-archive;sleeping-disco-9m,free-music-archive,Google;Stability AI,USED_BY
The Franks,The Franks,23ddcb47-4116-452e-a7e0-f50827a2f70e,6,6,0,0,0,free-music-archive,free-music-archive,Google;Stability AI,USED_BY
Mayyors,Mayyors,8e886a72-8fb7-402d-b757-c17c9a5dd5e5,6,6,0,0,0,free-music-archive,free-music-archive,Google;Stability AI,USED_BY
Purple Duck,Purple Duck,9a55b126-5ecc-4e29-a448-7c52c49528fd,6,6,0,0,0,free-music-archive,free-music-archive,Google;Stability AI,USED_BY
Pink Skull,Pink Skull,36e4e777-81b9-4d7a-bdfd-bab0c320fab2,8,6,1,1,0,free-music-archive;laion-disco-12m;sleeping-disco-9m,free-music-archive,Google;Stability AI,USED_BY
Brendan Kinsella,Brendan Kinsella,a8f719f6-e719-45f9-8e91-e8509faf1671,6,6,0,0,0,free-music-archive,free-music-archive,Google;Stability AI,USED_BY
The Shivers,The Shivers,96410554-6e68-46a1-af99-307706ed95c8,33,6,1,26,0,free-music-archive;laion-disco-12m;sleeping-disco-9m,free-music-archive,Google;Stability AI,USED_BY
Brad Sucks,Brad Sucks,9c070e4f-28c1-4b98-b371-d8514c31ba55,71,6,45,20,0,free-music-archive;laion-disco-12m;sleeping-disco-9m,free-music-archive,Google;Stability AI,USED_BY
Greg Ashley,Greg Ashley,bedd009c-e091-4c6e-a496-da573b2d1b70,6,6,0,0,0,free-music-archive,free-music-archive,Google;Stability AI,USED_BY
Alec K Redfearn,Alec K Redfearn,abd2efab-a0e7-47e9-8b57-805867df0220,8,7,0,1,0,free-music-archive;sleeping-disco-9m,free-music-archive,Google;Stability AI,USED_BY
the Seizures,the Seizures,d736e856-25fc-4aeb-a4e0-b700ef8328fb,6,6,0,0,0,free-music-archive,free-music-archive,Google;Stability AI,USED_BY
Koonda Holaa,Koonda Holaa,5c21b8ff-da4f-40dc-9dd8-432225e24ff4,7,7,0,0,0,free-music-archive,free-music-archive,Google;Stability AI,USED_BY
Latché Swing,Latché Swing,0f3f2ec9-98a5-49f9-925a-566361f68397,6,6,0,0,0,free-music-archive,free-music-archive,Google;Stability AI,USED_BY
Nest,Nest,4d828ba0-4a82-48ea-aa60-f09aa28d0ff9,6,6,0,0,0,free-music-archive,free-music-archive,Google;Stability AI,USED_BY
Oxbow,Oxbow,77ce400e-ec88-49d6-b5df-14356ec708dc,44,6,8,30,0,free-music-archive;laion-disco-12m;sleeping-disco-9m,free-music-archive,Google;Stability AI,USED_BY
Menhirs of Er Grah,Menhirs of Er Grah,34b8ba37-5d8d-468e-9bc8-6d378d4249ec,6,6,0,0,0,free-music-archive,free-music-archive,Google;Stability AI,USED_BY
The Pine Valley Cosmonauts,The Pine Valley Cosmonauts,dac6635a-d36f-4809-a4ad-2a4e2990c2e9,13,6,0,7,0,free-music-archive;sleeping-disco-9m,free-music-archive,Google;Stability AI,USED_BY
APB,APB,cfacc61d-b722-496c-92a3-43264a766a7e,6,6,0,0,0,free-music-archive,free-music-archive,Google;Stability AI,USED_BY
Andy Wagner,Andy Wagner,1aaf9345-37c0-4b76-aeca-baead339634e,6,6,0,0,0,free-music-archive,free-music-archive,Google;Stability AI,USED_BY
Magik Markers,Magik Markers,08f3d5b5-6b03-4c87-9148-87f94531465c,14,6,0,8,0,free-music-archive;sleeping-disco-9m,free-music-archive,Google;Stability AI,USED_BY
Alejandro Escovedo,Alejandro Escovedo,bf103bec-70e3-45a5-9d1b-97715db04a96,31,6,0,22,3,free-music-archive;sleeping-disco-9m;spotify-tracks-dataset,free-music-archive,Google;Stability AI,USED_BY
Rex Hobart and The Misery Boys,Rex Hobart and The Misery Boys,1e09403e-9e08-4c1e-a7d5-6f2197e5c44a,6,6,0,0,0,free-music-archive,free-music-archive,Google;Stability AI,USED_BY
Kelly Hogan,Kelly Hogan,501f3068-9791-4b67-b36c-a37899905b5a,21,6,1,14,0,free-music-archive;laion-disco-12m;sleeping-disco-9m,free-music-archive,Google;Stability AI,USED_BY
Necronomikon Quartett,Necronomikon Quartett,000f7dc6-a19f-4a9a-b26a-d71a34dcea27,6,6,0,0,0,free-music-archive,free-music-archive,Google;Stability AI,USED_BY
Maria Grigoryeva,Maria Grigoryeva,c75e5bfe-503a-43ec-8c04-68d39e8a87e6,10,6,2,2,0,free-music-archive;laion-disco-12m;sleeping-disco-9m,free-music-archive,Google;Stability AI,USED_BY
Rusty Toolkit,Rusty Toolkit,2c792609-549a-4f22-ace7-c873f6cfb708,6,6,0,0,0,free-music-archive,free-music-archive,Google;Stability AI,USED_BY
Marko and Myky,Marko and Myky,4376,6,6,0,0,0,free-music-archive,free-music-archive,Google;Stability AI,USED_BY
Superbus,Superbus,4611,6,6,0,0,0,free-music-archive,free-music-archive,Google;Stability AI,USED_BY
Victrola,Victrola,8f5834a6-cf21-4fa5-ae7f-6177441e5bb3,6,6,0,0,0,free-music-archive,free-music-archive,Google;Stability AI,USED_BY
Player Two,Player Two,01813369-88e1-4603-936f-6303c3cd0e75,15,6,9,0,0,free-music-archive;laion-disco-12m,free-music-archive,Google;Stability AI,USED_BY
No Nature,No Nature,4634,6,6,0,0,0,free-music-archive,free-music-archive,Google;Stability AI,USED_BY
3Puen,3Puen,4711,6,6,0,0,0,free-music-archive,free-music-archive,Google;Stability AI,USED_BY
Personal And The Pizzas,Personal And The Pizzas,dd021aab-74b9-4621-839b-9d5680717ddb,17,16,0,0,1,free-music-archive;spotify-tracks-dataset,free-music-archive,Google;Stability AI,USED_BY
Weirdomusic,Weirdomusic,6e261c8c-861d-4d26-b9bf-3c774113eda1,6,6,0,0,0,free-music-archive,free-music-archive,Google;Stability AI,USED_BY
Oto,Oto,4811,6,6,0,0,0,free-music-archive,free-music-archive,Google;Stability AI,USED_BY
Arthur Fields,Arthur Fields,2ecfa8f1-0354-4eb6-af83-6c29c73017b7,16,6,0,10,0,free-music-archive;sleeping-disco-9m,free-music-archive,Google;Stability AI,USED_BY
Impediments,Impediments,4f774321-0f63-49a5-820d-661c382cc332,6,6,0,0,0,free-music-archive,free-music-archive,Google;Stability AI,USED_BY
zero consequences,zero consequences,5016,6,6,0,0,0,free-music-archive,free-music-archive,Google;Stability AI,USED_BY
Josh Mease,Josh Mease,db159b33-3329-41b7-bcca-c9bc781ce03e,6,6,0,0,0,free-music-archive,free-music-archive,Google;Stability AI,USED_BY
Movie Star Junkies,Movie Star Junkies,f1f05575-bdf0-48d5-b167-00eef1fa0a52,6,6,0,0,0,free-music-archive,free-music-archive,Google;Stability AI,USED_BY
El Jugador,El Jugador,11307e90-a303-4935-b343-5adab32b0e5c,6,6,0,0,0,free-music-archive,free-music-archive,Google;Stability AI,USED_BY
Now,Now,51332d98-df1b-4652-a861-f42e9105018c,6,6,0,0,0,free-music-archive,free-music-archive,Google;Stability AI,USED_BY
Heosphoros,Heosphoros,bc077f6c-7207-4cf5-988f-d35fc9beb479,6,6,0,0,0,free-music-archive,free-music-archive,Google;Stability AI,USED_BY
Bert Williams,Bert Williams,0e578f5c-bdfc-43fa-bd9a-9d5b67ef353b,49,6,41,2,0,free-music-archive;laion-disco-12m;sleeping-disco-9m,free-music-archive,Google;Stability AI,USED_BY
Actual Birds,Actual Birds,f32fc9aa-7192-4d2f-9e68-2842d41719fc,6,6,0,0,0,free-music-archive,free-music-archive,Google;Stability AI,USED_BY
Seth Paynter and Kevin Patton,Seth Paynter and Kevin Patton,5420,6,6,0,0,0,free-music-archive,free-music-archive,Google;Stability AI,USED_BY
Hans Grüsel's Krankenkabinet,Hans Grüsel's Krankenkabinet,8808b1fd-b66a-4c25-9b8c-e0367f923b5c,7,7,0,0,0,free-music-archive,free-music-archive,Google;Stability AI,USED_BY
Ilyas Ahmed,Ilyas Ahmed,c07020e2-9721-41b4-b3a6-3938e40ac84b,6,6,0,0,0,free-music-archive,free-music-archive,Google;Stability AI,USED_BY
Rainbow Arabia,Rainbow Arabia,f2f7cc07-3f98-46cb-a9f8-1c37567441cd,14,6,0,8,0,free-music-archive;sleeping-disco-9m,free-music-archive,Google;Stability AI,USED_BY
From Bacteria To Boys,From Bacteria To Boys,2662,6,6,0,0,0,free-music-archive,free-music-archive,Google;Stability AI,USED_BY
Oorutaichi,Oorutaichi,8e3ef466-e702-44ae-a057-d8e9a1b95798,13,7,6,0,0,free-music-archive;laion-disco-12m,free-music-archive,Google;Stability AI,USED_BY
Mellsch,Mellsch,70fcceee-c4ed-4cf7-8b27-82e0e1c3b51b,6,6,0,0,0,free-music-archive,free-music-archive,Google;Stability AI,USED_BY
Jeremy Wallace,Jeremy Wallace,1375,6,6,0,0,0,free-music-archive,free-music-archive,Google;Stability AI,USED_BY
Aaron Moore,Aaron Moore,f6b9e9dc-3c6e-4d09-b924-991ce0a5dace,11,11,0,0,0,free-music-archive,free-music-archive,Google;Stability AI,USED_BY
NiCad,NiCad,8ba414a7-2184-45c2-b240-2943ac6b8e6b,6,6,0,0,0,free-music-archive,free-music-archive,Google;Stability AI,USED_BY
Sophie Tucker,Sophie Tucker,1404fcf2-5c92-434b-8d37-7f9b0c8f986f,18,6,4,8,0,free-music-archive;laion-disco-12m;sleeping-disco-9m,free-music-archive,Google;Stability AI,USED_BY
Lesbian Afternoon,Lesbian Afternoon,f94dfafc-af5e-4b5a-9352-36580e3c645c,6,6,0,0,0,free-music-archive,free-music-archive,Google;Stability AI,USED_BY
Ilya Monosov,Ilya Monosov,84093877-264b-483f-ae6e-0e21c9a81656,9,9,0,0,0,free-music-archive,free-music-archive,Google;Stability AI,USED_BY
Caldera Lakes,Caldera Lakes,80ce088a-c45e-49a1-815e-77a67e722fc8,6,6,0,0,0,free-music-archive,free-music-archive,Google;Stability AI,USED_BY
Immortal Lee County Killers,Immortal Lee County Killers,874,6,6,0,0,0,free-music-archive,free-music-archive,Google;Stability AI,USED_BY
Interkosmos,Interkosmos,8c210771-8cf2-4f17-8aef-b06d355e3615,6,6,0,0,0,free-music-archive,free-music-archive,Google;Stability AI,USED_BY
The Riptones,The Riptones,23f52621-86cf-413a-b039-4637a32f7340,6,6,0,0,0,free-music-archive,free-music-archive,Google;Stability AI,USED_BY
Bonnie Baxter,Bonnie Baxter,60cfa115-e5e2-4100-88be-7f10d50dec29,16,6,0,10,0,free-music-archive;sleeping-disco-9m,free-music-archive,Google;Stability AI,USED_BY
Terminal Lovers,Terminal Lovers,f3a6d5ce-80f7-4cda-a918-d00992654129,6,6,0,0,0,free-music-archive,free-music-archive,Google;Stability AI,USED_BY
Moonshine Willy,Moonshine Willy,9bb54517-4b4e-475d-aded-c09cfc8d61fd,6,6,0,0,0,free-music-archive,free-music-archive,Google;Stability AI,USED_BY
Stark Effect,Stark Effect,b9b19a2b-584b-4fab-ae1b-0496dc1bde86,6,6,0,0,0,free-music-archive,free-music-archive,Google;Stability AI,USED_BY
Ton Rückert,Ton Rückert,0f4c342f-7f1d-4f76-b23e-816e6bc38fd9,6,6,0,0,0,free-music-archive,free-music-archive,Google;Stability AI,USED_BY
Datapanik,Datapanik,27f46504-020b-48e6-9523-8bb3c09ad509,6,6,0,0,0,free-music-archive,free-music-archive,Google;Stability AI,USED_BY
Arthur Collins,Arthur Collins,856ba0a6-e2e3-4449-a60c-0e639e7329b3,21,18,0,3,0,free-music-archive;sleeping-disco-9m,free-music-archive,Google;Stability AI,USED_BY
Nikolay Kolev,Nikolay Kolev,2968,6,6,0,0,0,free-music-archive,free-music-archive,Google;Stability AI,USED_BY
Fabrizio Paterlini,Fabrizio Paterlini,066160ce-d1fe-4e93-a446-2f72f15a580b,167,6,143,3,15,free-music-archive;laion-disco-12m;sleeping-disco-9m;spotify-tracks-dataset,free-music-archive,Google;Stability AI,USED_BY
Grouper,Grouper,7e571e09-887e-4544-b993-eb75e7837ec1,140,6,101,28,5,free-music-archive;laion-disco-12m;sleeping-disco-9m;spotify-tracks-dataset,free-music-archive,Google;Stability AI,USED_BY
Wizardry,Wizardry,5260,6,6,0,0,0,free-music-archive,free-music-archive,Google;Stability AI,USED_BY
Joe Frawley Ensemble,Joe Frawley Ensemble,5468,6,6,0,0,0,free-music-archive,free-music-archive,Google;Stability AI,USED_BY
Guidance Counselor,Guidance Counselor,c9d2e257-268a-4802-ae81-ddac1d9d228d,6,6,0,0,0,free-music-archive,free-music-archive,Google;Stability AI,USED_BY
Sinistre!,Sinistre!,cb85d94f-4fa5-4aac-83ca-ea4f2859691c,6,6,0,0,0,free-music-archive,free-music-archive,Google;Stability AI,USED_BY
Burnkit2600,Burnkit2600,5f4ec54b-7e36-465a-b034-fb73b4ed3754,6,6,0,0,0,free-music-archive,free-music-archive,Google;Stability AI,USED_BY
La Guerre des Mitaines,La Guerre des Mitaines,e75cef26-7d35-47e3-863b-110d57220dbf,6,6,0,0,0,free-music-archive,free-music-archive,Google;Stability AI,USED_BY
EPMD,EPMD,4fa39dc8-c695-4e0e-ba04-92c63d99c9f9,225,6,144,73,2,free-music-archive;laion-disco-12m;sleeping-disco-9m;spotify-tracks-dataset,free-music-archive,Google;Stability AI,USED_BY
Morella,Morella,041105ca-90db-420c-bf61-6815358fac28,6,6,0,0,0,free-music-archive,free-music-archive,Google;Stability AI,USED_BY
The Butcherings,The Butcherings,293,6,6,0,0,0,free-music-archive,free-music-archive,Google;Stability AI,USED_BY
The Harvey Girls,The Harvey Girls,187bffaa-bf5f-495c-9180-6624182c9d66,6,6,0,0,0,free-music-archive,free-music-archive,Google;Stability AI,USED_BY
Captain Ahab,Captain Ahab,77a7fda7-d18f-4c7e-84e2-53a010c07c01,24,6,0,18,0,free-music-archive;sleeping-disco-9m,free-music-archive,Google;Stability AI,USED_BY
Ezekiel Honig,Ezekiel Honig,f703c9f5-764a-49c4-ab9d-c551f444c11a,6,6,0,0,0,free-music-archive,free-music-archive,Google;Stability AI,USED_BY
Silver Pines,Silver Pines,ac697625-9c1a-449c-a6d0-71fbaac1b249,6,6,0,0,0,free-music-archive,free-music-archive,Google;Stability AI,USED_BY
Claremont Trio,Claremont Trio,f8cccb7e-463f-4655-b0d9-45c9d79b806b,6,6,0,0,0,free-music-archive,free-music-archive,Google;Stability AI,USED_BY
Covox,Covox,9b89b846-f52e-4f8a-be99-c5bd98dcc1a5,26,6,0,20,0,free-music-archive;sleeping-disco-9m,free-music-archive,Google;Stability AI,USED_BY
F/i,F/i,a18ddefe-c2cd-4533-ae9b-5b31e2207b5f,11,6,1,4,0,free-music-archive;laion-disco-12m;sleeping-disco-9m,free-music-archive,Google;Stability AI,USED_BY
Gardner Chamber Orchestra,Gardner Chamber Orchestra,d549bb76-f895-43c1-a3a6-b0cdb32aa77f,6,6,0,0,0,free-music-archive,free-music-archive,Google;Stability AI,USED_BY
The String Machine,The String Machine,3616,6,6,0,0,0,free-music-archive,free-music-archive,Google;Stability AI,USED_BY
Mabafu,Mabafu,81a80d3a-4be4-4e1c-a12e-3e267bd18953,7,7,0,0,0,free-music-archive,free-music-archive,Google;Stability AI,USED_BY
Dan Alfresco,Dan Alfresco,d2236859-63bf-4d66-a1eb-cf57bb75ed91,6,6,0,0,0,free-music-archive,free-music-archive,Google;Stability AI,USED_BY
Olivia Chaney,Olivia Chaney,49cb68dc-f515-498a-b38b-c5e5d8c31085,29,6,1,22,0,free-music-archive;laion-disco-12m;sleeping-disco-9m,free-music-archive,Google;Stability AI,USED_BY
Thollem McDonas,Thollem McDonas,8203910a-fc3e-4593-9f05-dd6f4118fc79,6,6,0,0,0,free-music-archive,free-music-archive,Google;Stability AI,USED_BY
Das Haus des Hundes,Das Haus des Hundes,17882,6,6,0,0,0,free-music-archive,free-music-archive,Google;Stability AI,USED_BY
p.WRECKS,p.WRECKS,68a52ba1-7c6d-4245-a7c4-2b8737afc272,6,6,0,0,0,free-music-archive,free-music-archive,Google;Stability AI,USED_BY
Ottis,Ottis,631c7e2b-ca26-4dd2-973f-d14266cd0d6b,6,6,0,0,0,free-music-archive,free-music-archive,Google;Stability AI,USED_BY
Čoček Nation,Čoček Nation,17898,6,6,0,0,0,free-music-archive,free-music-archive,Google;Stability AI,USED_BY
r.y.f.,r.y.f.,17906,6,6,0,0,0,free-music-archive,free-music-archive,Google;Stability AI,USED_BY
Ljova and the Kontraband,Ljova and the Kontraband,967cc5bd-affb-47bb-91ec-d144938eff78,6,6,0,0,0,free-music-archive,free-music-archive,Google;Stability AI,USED_BY
Frank Wilke,Frank Wilke,9de202df-7091-4e37-97ca-05809174cc7e,6,6,0,0,0,free-music-archive,free-music-archive,Google;Stability AI,USED_BY
Andrè D.,Andrè D.,53ce4fe4-eae1-45b3-a2ec-9fc5f39afb19,16,15,0,1,0,free-music-archive;sleeping-disco-9m,free-music-archive,Google;Stability AI,USED_BY
auris+gino,auris+gino,17964,6,6,0,0,0,free-music-archive,free-music-archive,Google;Stability AI,USED_BY
Dizzonanz Domestic,Dizzonanz Domestic,00ac8ad2-db98-4353-9f78-de23568cf732,6,6,0,0,0,free-music-archive,free-music-archive,Google;Stability AI,USED_BY
Gawain Thomas Trio,Gawain Thomas Trio,18009,6,6,0,0,0,free-music-archive,free-music-archive,Google;Stability AI,USED_BY
Pontic Firebird,Pontic Firebird,18011,6,6,0,0,0,free-music-archive,free-music-archive,Google;Stability AI,USED_BY
Trio Kavkasia,Trio Kavkasia,b2f2e214-bb55-4d05-9fa3-18884f0ecbed,6,6,0,0,0,free-music-archive,free-music-archive,Google;Stability AI,USED_BY
eden,eden,18063,6,6,0,0,0,free-music-archive,free-music-archive,Google;Stability AI,USED_BY
Nancy,Nancy,18238,6,6,0,0,0,free-music-archive,free-music-archive,Google;Stability AI,USED_BY
Overlake,Overlake,5e768f4e-7d95-4033-91a5-9030e8391b1c,8,6,0,2,0,free-music-archive;sleeping-disco-9m,free-music-archive,Google;Stability AI,USED_BY
Jowe Head and the Celestial Choir,Jowe Head and the Celestial Choir,18395,6,6,0,0,0,free-music-archive,free-music-archive,Google;Stability AI,USED_BY
Trans-Idio,Trans-Idio,18399,6,6,0,0,0,free-music-archive,free-music-archive,Google;Stability AI,USED_BY
Tómur Trio,Tómur Trio,18436,6,6,0,0,0,free-music-archive,free-music-archive,Google;Stability AI,USED_BY
Simon Simon,Simon Simon,123fa69f-260c-42d1-b40b-c2ccdfca47a0,6,6,0,0,0,free-music-archive,free-music-archive,Google;Stability AI,USED_BY
The Golden Pelicans,The Golden Pelicans,18483,6,6,0,0,0,free-music-archive,free-music-archive,Google;Stability AI,USED_BY
Helmut,Helmut,18526,6,6,0,0,0,free-music-archive,free-music-archive,Google;Stability AI,USED_BY
Black Pines,Black Pines,ceec4a7d-2f20-4154-a8f0-1faa92a18d48,6,6,0,0,0,free-music-archive,free-music-archive,Google;Stability AI,USED_BY
Sam Moss,Sam Moss,18573,6,6,0,0,0,free-music-archive,free-music-archive,Google;Stability AI,USED_BY
Herve Perez,Herve Perez,0546dc1f-cfc2-4c1b-8658-b2498d943a8d,7,7,0,0,0,free-music-archive,free-music-archive,Google;Stability AI,USED_BY
Gotesman Razin Mikryukov,Gotesman Razin Mikryukov,18639,6,6,0,0,0,free-music-archive,free-music-archive,Google;Stability AI,USED_BY
Elysian Fields,Elysian Fields,1350f186-0fbf-4ea7-896a-340d52a29f40,159,6,118,35,0,free-music-archive;laion-disco-12m;sleeping-disco-9m,free-music-archive,Google;Stability AI,USED_BY
NNY,NNY,b8bf7f78-de9d-46a6-b7f8-471c61998dfb,6,6,0,0,0,free-music-archive,free-music-archive,Google;Stability AI,USED_BY
Elvin Brandhi,Elvin Brandhi,3402cb86-28b0-4776-914c-c531decd94e8,6,6,0,0,0,free-music-archive,free-music-archive,Google;Stability AI,USED_BY
jimmy penguin & reich joyce,jimmy penguin & reich joyce,18729,6,6,0,0,0,free-music-archive,free-music-archive,Google;Stability AI,USED_BY
Abbey Nex,Abbey Nex,6c44d07e-dc3e-489c-9848-7ef2208c4a94,6,6,0,0,0,free-music-archive,free-music-archive,Google;Stability AI,USED_BY
Kosta T feat. Ghofra Z,Kosta T feat. Ghofra Z,18769,6,6,0,0,0,free-music-archive,free-music-archive,Google;Stability AI,USED_BY
Miracles of Modern Science,Miracles of Modern Science,20e906b2-ab07-4b90-bda7-d17898eac034,61,6,30,25,0,free-music-archive;laion-disco-12m;sleeping-disco-9m,free-music-archive,Google;Stability AI,USED_BY
All the Empires of the World,All the Empires of the World,4775b027-8c17-4ffc-aef0-9b164c5103d9,6,6,0,0,0,free-music-archive,free-music-archive,Google;Stability AI,USED_BY
Awkward Girls,Awkward Girls,18943,6,6,0,0,0,free-music-archive,free-music-archive,Google;Stability AI,USED_BY
Vic Ruggiero,Vic Ruggiero,09e7d123-88ec-412c-8a0c-abfea7fd5a89,17,6,1,10,0,free-music-archive;laion-disco-12m;sleeping-disco-9m,free-music-archive,Google;Stability AI,USED_BY
Amouth,Amouth,1b938b65-d66d-41f9-9e18-c604e43b6d26,6,6,0,0,0,free-music-archive,free-music-archive,Google;Stability AI,USED_BY
Stephen Bartolomei,Stephen Bartolomei,19010,6,6,0,0,0,free-music-archive,free-music-archive,Google;Stability AI,USED_BY
Zapaska,Zapaska,471b7b32-344f-450c-9b43-2d91cde3f73b,28,6,22,0,0,free-music-archive;laion-disco-12m,free-music-archive,Google;Stability AI,USED_BY
Papascandy,Papascandy,19071,6,6,0,0,0,free-music-archive,free-music-archive,Google;Stability AI,USED_BY
Humble Tripe,Humble Tripe,19109,6,6,0,0,0,free-music-archive,free-music-archive,Google;Stability AI,USED_BY
Antethic,Antethic,86edf16c-967d-4cd6-82a1-c8862cec61d4,6,6,0,0,0,free-music-archive,free-music-archive,Google;Stability AI,USED_BY
Balkh,Balkh,ef151cc3-272d-4224-906a-b5f0419c4ad4,6,6,0,0,0,free-music-archive,free-music-archive,Google;Stability AI,USED_BY
Ought,Ought,a039f1f1-e664-4aee-a917-426514734aa0,63,6,34,23,0,free-music-archive;laion-disco-12m;sleeping-disco-9m,free-music-archive,Google;Stability AI,USED_BY
The Cats,The Cats,19344,6,6,0,0,0,free-music-archive,free-music-archive,Google;Stability AI,USED_BY
Hazy Montagne Mystique,Hazy Montagne Mystique,202807fa-9ed5-4e85-a640-a46a9cd22f69,6,6,0,0,0,free-music-archive,free-music-archive,Google;Stability AI,USED_BY
La Tabù,La Tabù,19427,6,6,0,0,0,free-music-archive,free-music-archive,Google;Stability AI,USED_BY
Thomas Kyhn Rovsing Hjørnet,Thomas Kyhn Rovsing Hjørnet,5be852b5-8bcd-459e-9a99-61e10aca63b5,6,6,0,0,0,free-music-archive,free-music-archive,Google;Stability AI,USED_BY
The Mostly Bad Virus,The Mostly Bad Virus,15344,6,6,0,0,0,free-music-archive,free-music-archive,Google;Stability AI,USED_BY
Marco Mestichella,Marco Mestichella,19484,6,6,0,0,0,free-music-archive,free-music-archive,Google;Stability AI,USED_BY
B2B,B2B,15342,6,6,0,0,0,free-music-archive,free-music-archive,Google;Stability AI,USED_BY
eduardo rosario,eduardo rosario,18492,6,6,0,0,0,free-music-archive,free-music-archive,Google;Stability AI,USED_BY
jmhs students,jmhs students,19614,6,6,0,0,0,free-music-archive,free-music-archive,Google;Stability AI,USED_BY
Caroline Park,Caroline Park,292879bf-94ee-41c9-a82d-b12160b35d8e,6,6,0,0,0,free-music-archive,free-music-archive,Google;Stability AI,USED_BY
Björn Ganzer,Björn Ganzer,19838,6,6,0,0,0,free-music-archive,free-music-archive,Google;Stability AI,USED_BY
Julia K. Mars,Julia K. Mars,19890,6,6,0,0,0,free-music-archive,free-music-archive,Google;Stability AI,USED_BY
Turbo Fruits,Turbo Fruits,eb8357db-6845-4335-a3ba-7f504d85c0a9,22,6,0,16,0,free-music-archive;sleeping-disco-9m,free-music-archive,Google;Stability AI,USED_BY
Union Furnace,Union Furnace,4f5f4d83-9bc7-4f97-a6eb-47074ba61dc3,6,6,0,0,0,free-music-archive,free-music-archive,Google;Stability AI,USED_BY
The Golden Dawn,The Golden Dawn,7fcf5e6c-e12b-4353-8ec8-2ef613b99b9e,6,6,0,0,0,free-music-archive,free-music-archive,Google;Stability AI,USED_BY
Pepper Coat,Pepper Coat,20107,6,6,0,0,0,free-music-archive,free-music-archive,Google;Stability AI,USED_BY
Igor Khabarov,Igor Khabarov,b951eee1-3a91-45d2-9443-c04b42b10510,10,6,4,0,0,free-music-archive;laion-disco-12m,free-music-archive,Google;Stability AI,USED_BY
Stefano Vita,Stefano Vita,20119,6,6,0,0,0,free-music-archive,free-music-archive,Google;Stability AI,USED_BY
King Capisce,King Capisce,52840240-f555-4277-881f-7fc0762f1e76,6,6,0,0,0,free-music-archive,free-music-archive,Google;Stability AI,USED_BY
S.Bobrytskyy & M.Paramzin,S.Bobrytskyy & M.Paramzin,20306,6,6,0,0,0,free-music-archive,free-music-archive,Google;Stability AI,USED_BY
Tate Peterson,Tate Peterson,20319,6,6,0,0,0,free-music-archive,free-music-archive,Google;Stability AI,USED_BY
Kurt Baker,Kurt Baker,ea8cb11b-e8af-4768-a309-f1eb497dda4f,20,6,0,14,0,free-music-archive;sleeping-disco-9m,free-music-archive,Google;Stability AI,USED_BY
The Britemores,The Britemores,5658d9a4-15cd-4630-be9a-ecd60cbab46b,9,6,0,3,0,free-music-archive;sleeping-disco-9m,free-music-archive,Google;Stability AI,USED_BY
Gorilla Chief,Gorilla Chief,20481,6,6,0,0,0,free-music-archive,free-music-archive,Google;Stability AI,USED_BY
Anima,Anima,6e30db0d-7699-4394-b385-4924354af828,25,6,19,0,0,free-music-archive;laion-disco-12m,free-music-archive,Google;Stability AI,USED_BY
Joanna Sternberg,Joanna Sternberg,8f9f14be-6364-40da-9d82-984acdd66f27,50,6,24,20,0,free-music-archive;laion-disco-12m;sleeping-disco-9m,free-music-archive,Google;Stability AI,USED_BY
Ace & the Gulls,Ace & the Gulls,20586,6,6,0,0,0,free-music-archive,free-music-archive,Google;Stability AI,USED_BY
Dropout Patrol,Dropout Patrol,97538ba9-d4df-4c5d-98de-a92ef5f73916,6,6,0,0,0,free-music-archive,free-music-archive,Google;Stability AI,USED_BY
Red Trees,Red Trees,53c4bff1-bae1-45b3-b352-c7765d4f5b02,6,6,0,0,0,free-music-archive,free-music-archive,Google;Stability AI,USED_BY
Finished,Finished,8c718e9c-a35f-4b60-be55-732a0e629b7e,6,6,0,0,0,free-music-archive,free-music-archive,Google;Stability AI,USED_BY
Rachel Mason,Rachel Mason,20702,6,6,0,0,0,free-music-archive,free-music-archive,Google;Stability AI,USED_BY
Dead Tenants,Dead Tenants,6aedcf5b-0eb0-4414-a719-bfa73157174a,6,6,0,0,0,free-music-archive,free-music-archive,Google;Stability AI,USED_BY
Kandia Crazy Horse & Spirit of '76,Kandia Crazy Horse & Spirit of '76,20738,6,6,0,0,0,free-music-archive,free-music-archive,Google;Stability AI,USED_BY
Titmachine,Titmachine,14353,6,6,0,0,0,free-music-archive,free-music-archive,Google;Stability AI,USED_BY
Bombay Rickey,Bombay Rickey,3bd8c7f9-4a50-4f36-a2d4-ad4f979ba570,6,6,0,0,0,free-music-archive,free-music-archive,Google;Stability AI,USED_BY
Furtherset,Furtherset,47b735f6-becc-456d-9ef3-d3473390cfb6,7,6,1,0,0,free-music-archive;laion-disco-12m,free-music-archive,Google;Stability AI,USED_BY
Mountain Cult,Mountain Cult,14738,6,6,0,0,0,free-music-archive,free-music-archive,Google;Stability AI,USED_BY
Plurabelle,Plurabelle,44239113-87f7-41dc-84b1-ea72dd5eee35,6,6,0,0,0,free-music-archive,free-music-archive,Google;Stability AI,USED_BY
Zoe.LeelA,Zoe.LeelA,8d66b09d-ee46-469f-a8ff-bb554cc124af,10,10,0,0,0,free-music-archive,free-music-archive,Google;Stability AI,USED_BY
Güacho,Güacho,c971bbf2-fdb8-4992-8ff5-df1a37c315d3,6,6,0,0,0,free-music-archive,free-music-archive,Google;Stability AI,USED_BY
Starred,Starred,006988a6-8314-4cb8-a841-12400d488f36,6,6,0,0,0,free-music-archive,free-music-archive,Google;Stability AI,USED_BY
Megan Jean and the Klay Family Band,Megan Jean and the Klay Family Band,15226,6,6,0,0,0,free-music-archive,free-music-archive,Google;Stability AI,USED_BY
St. Claire,St. Claire,c561e2de-e975-45b9-84a2-2808caee6708,8,6,1,1,0,free-music-archive;laion-disco-12m;sleeping-disco-9m,free-music-archive,Google;Stability AI,USED_BY
Russian Tsarlag,Russian Tsarlag,f88cbce9-d52c-4d36-8d7b-8bab822c5fcd,6,6,0,0,0,free-music-archive,free-music-archive,Google;Stability AI,USED_BY
Radikal Satan,Radikal Satan,2cb59149-d259-4e2b-bc9c-d3b587c50a8d,7,7,0,0,0,free-music-archive,free-music-archive,Google;Stability AI,USED_BY
Farthest South,Farthest South,7fdb0c58-150b-40e1-b849-2918166e50a1,6,6,0,0,0,free-music-archive,free-music-archive,Google;Stability AI,USED_BY
Jeff Gburek,Jeff Gburek,43fbafcb-004d-4414-889f-986942abcad6,6,6,0,0,0,free-music-archive,free-music-archive,Google;Stability AI,USED_BY
Alexei Biryukoff,Alexei Biryukoff,15761,6,6,0,0,0,free-music-archive,free-music-archive,Google;Stability AI,USED_BY
Blessed State,Blessed State,15830,6,6,0,0,0,free-music-archive,free-music-archive,Google;Stability AI,USED_BY
Lauki,Lauki,a82da655-c2ae-45cb-b958-614ccb2e44d1,6,6,0,0,0,free-music-archive,free-music-archive,Google;Stability AI,USED_BY
agnès pe,agnès pe,1f119537-d51e-4e97-880d-e9d418bbf859,6,6,0,0,0,free-music-archive,free-music-archive,Google;Stability AI,USED_BY
Allah-Las,Allah-Las,cfd1fdcc-3c1d-4854-a500-31d96a6d5184,136,6,81,49,0,free-music-archive;laion-disco-12m;sleeping-disco-9m,free-music-archive,Google;Stability AI,USED_BY
Haemon,Haemon,7989,6,6,0,0,0,free-music-archive,free-music-archive,Google;Stability AI,USED_BY
Youth Avoiders,Youth Avoiders,bb832f7b-fea1-4c5c-9edc-c1b885100558,6,6,0,0,0,free-music-archive,free-music-archive,Google;Stability AI,USED_BY
Ed Trickett,Ed Trickett,3a80863c-6358-4a40-a517-5641f7df4b5b,21,6,0,15,0,free-music-archive;sleeping-disco-9m,free-music-archive,Google;Stability AI,USED_BY
dUAS sEMIcOLCHEIAS iNVERTIDAS,dUAS sEMIcOLCHEIAS iNVERTIDAS,14422,6,6,0,0,0,free-music-archive,free-music-archive,Google;Stability AI,USED_BY
Sava Marinkovic,Sava Marinkovic,8e38fd2f-0354-4ddb-91e9-793a261414b0,6,6,0,0,0,free-music-archive,free-music-archive,Google;Stability AI,USED_BY
Gun Outfit,Gun Outfit,34d2585f-497e-4d37-a755-3e6489112e96,19,6,0,13,0,free-music-archive;sleeping-disco-9m,free-music-archive,Google;Stability AI,USED_BY
Mudhoney,Mudhoney,e675295a-1efe-4247-aa3b-53b78d0cdffc,218,6,149,63,0,free-music-archive;laion-disco-12m;sleeping-disco-9m,free-music-archive,Google;Stability AI,USED_BY
BLK TAG,BLK TAG,97f2de0d-7ca6-409a-9c86-a09b4b6bdb9f,6,6,0,0,0,free-music-archive,free-music-archive,Google;Stability AI,USED_BY
Possimiste,Possimiste,5ce21f7b-0159-4d91-92ca-caa54e6f781b,6,6,0,0,0,free-music-archive,free-music-archive,Google;Stability AI,USED_BY
No Joy,No Joy,1667e92c-84a4-455b-89c8-70bf5709c22d,111,6,76,29,0,free-music-archive;laion-disco-12m;sleeping-disco-9m,free-music-archive,Google;Stability AI,USED_BY
Wax Idols,Wax Idols,f1d384a5-c25a-4ba9-b589-44de9becab96,31,6,0,25,0,free-music-archive;sleeping-disco-9m,free-music-archive,Google;Stability AI,USED_BY
Koalips,Koalips,850c40bd-5988-4827-88f0-6d77cfca4000,6,6,0,0,0,free-music-archive,free-music-archive,Google;Stability AI,USED_BY
The Orange Peels,The Orange Peels,c0366a67-0320-4cfc-971f-d4ead8dfd63e,14,6,0,8,0,free-music-archive;sleeping-disco-9m,free-music-archive,Google;Stability AI,USED_BY
Seaven Teares,Seaven Teares,e52c4506-1660-4a02-8291-401af971bd2d,17,6,0,11,0,free-music-archive;sleeping-disco-9m,free-music-archive,Google;Stability AI,USED_BY
The Phreezound Orchestra,The Phreezound Orchestra,16646,6,6,0,0,0,free-music-archive,free-music-archive,Google;Stability AI,USED_BY
METEK & Josef Nadek,METEK & Josef Nadek,16754,6,6,0,0,0,free-music-archive,free-music-archive,Google;Stability AI,USED_BY
Captcha,Captcha,16845,6,6,0,0,0,free-music-archive,free-music-archive,Google;Stability AI,USED_BY
Eric Boros & Fritz Welch,Eric Boros & Fritz Welch,11502,6,6,0,0,0,free-music-archive,free-music-archive,Google;Stability AI,USED_BY
Wreck and Reference,Wreck and Reference,213d8b80-7f69-4da9-9b7e-19ce187fc339,26,6,0,20,0,free-music-archive;sleeping-disco-9m,free-music-archive,Google;Stability AI,USED_BY
Somewhere off Jazz Street,Somewhere off Jazz Street,471aa817-12bc-434a-98c9-f0edbee63113,73,6,67,0,0,free-music-archive;laion-disco-12m,free-music-archive,Google;Stability AI,USED_BY
The Gotobeds,The Gotobeds,e7b5de13-8dd7-4354-a385-3bb3d23bfd7a,17,6,0,11,0,free-music-archive;sleeping-disco-9m,free-music-archive,Google;Stability AI,USED_BY
The Monochrome Set,The Monochrome Set,9a6880e7-5795-4ed3-8c58-7fef968aaa61,33,6,0,27,0,free-music-archive;sleeping-disco-9m,free-music-archive,Google;Stability AI,USED_BY
Rachel Ries,Rachel Ries,f5e4edb6-e011-4885-80de-6fcf63d2965f,25,6,5,14,0,free-music-archive;laion-disco-12m;sleeping-disco-9m,free-music-archive,Google;Stability AI,USED_BY
Richard Youngs,Richard Youngs,39bf16ef-8487-41c1-876c-88d32e5bb289,22,6,4,12,0,free-music-archive;laion-disco-12m;sleeping-disco-9m,free-music-archive,Google;Stability AI,USED_BY
Cal Folger Day,Cal Folger Day,17e704dc-1ebb-4e64-91dd-5e849f920954,6,6,0,0,0,free-music-archive,free-music-archive,Google;Stability AI,USED_BY
Free Pizza,Free Pizza,40658cda-8ea8-43e1-9444-f197c59b566d,6,6,0,0,0,free-music-archive,free-music-archive,Google;Stability AI,USED_BY
Bored With Four,Bored With Four,99e692f2-a9ee-4df0-a4d9-824567260fb3,6,6,0,0,0,free-music-archive,free-music-archive,Google;Stability AI,USED_BY
Ghost Chief,Ghost Chief,17077,6,6,0,0,0,free-music-archive,free-music-archive,Google;Stability AI,USED_BY
Bluesraiders,Bluesraiders,17153,6,6,0,0,0,free-music-archive,free-music-archive,Google;Stability AI,USED_BY
There.,There.,75cc4d7b-583c-41ab-b627-3a976f524878,6,6,0,0,0,free-music-archive,free-music-archive,Google;Stability AI,USED_BY
Vysehrad,Vysehrad,14454,6,6,0,0,0,free-music-archive,free-music-archive,Google;Stability AI,USED_BY
Higgins Waterproof Black Magic Band,Higgins Waterproof Black Magic Band,660082be-942c-4418-b04d-8da83f80cbc9,6,6,0,0,0,free-music-archive,free-music-archive,Google;Stability AI,USED_BY
Andrea Tomasi,Andrea Tomasi,1d13adeb-20fc-498e-bd4a-8d7c6d595d93,6,6,0,0,0,free-music-archive,free-music-archive,Google;Stability AI,USED_BY
Camden Joy,Camden Joy,1497,6,6,0,0,0,free-music-archive,free-music-archive,Google;Stability AI,USED_BY
Salarymen,Salarymen,43e6e057-3d5f-4efd-b822-b828f00fe0d8,22,6,0,16,0,free-music-archive;sleeping-disco-9m,free-music-archive,Google;Stability AI,USED_BY
adamned.age,adamned.age,4cf55806-f641-4ba6-8b0e-11fd36ee280f,6,6,0,0,0,free-music-archive,free-music-archive,Google;Stability AI,USED_BY
Jesus & the Christians,Jesus & the Christians,cda836eb-5837-4259-aac2-0af4ea9183ae,7,6,1,0,0,free-music-archive;laion-disco-12m,free-music-archive,Google;Stability AI,USED_BY
Butterbox,Butterbox,b01dd2cc-5010-4519-a66b-6e2c268dd6e6,6,6,0,0,0,free-music-archive,free-music-archive,Google;Stability AI,USED_BY
Minson,Minson,70f3d5ff-1d45-42dd-8faa-3091e1e567e0,6,6,0,0,0,free-music-archive,free-music-archive,Google;Stability AI,USED_BY
Madek,Madek,17494,6,6,0,0,0,free-music-archive,free-music-archive,Google;Stability AI,USED_BY
Jari Pitkanen,Jari Pitkanen,b367481e-886d-49da-aba4-ce15ca38dc54,25,25,0,0,0,free-music-archive,free-music-archive,Google;Stability AI,USED_BY
Randall Colbourne,Randall Colbourne,b49606ef-b9a4-4758-9443-cc3c35535d61,6,6,0,0,0,free-music-archive,free-music-archive,Google;Stability AI,USED_BY
Decapitated heD,Decapitated heD,8735,6,6,0,0,0,free-music-archive,free-music-archive,Google;Stability AI,USED_BY
Dawn Of Humans,Dawn Of Humans,1c22b723-bfa3-4f20-8e28-3d563a983357,7,7,0,0,0,free-music-archive,free-music-archive,Google;Stability AI,USED_BY
Liquor Store,Liquor Store,12727,6,6,0,0,0,free-music-archive,free-music-archive,Google;Stability AI,USED_BY
Nikola Vranjković,Nikola Vranjković,7a6a355a-775d-40d5-baa8-be255826bc85,79,6,52,21,0,free-music-archive;laion-disco-12m;sleeping-disco-9m,free-music-archive,Google;Stability AI,USED_BY
Unicorn Hard-On,Unicorn Hard-On,d3a94102-47d8-4027-88af-1a222320169b,6,6,0,0,0,free-music-archive,free-music-archive,Google;Stability AI,USED_BY
Eros and the Eschaton,Eros and the Eschaton,37001091-15ab-4b78-846b-c48ea166eabc,11,6,0,5,0,free-music-archive;sleeping-disco-9m,free-music-archive,Google;Stability AI,USED_BY
Vomit Fist,Vomit Fist,523daaf0-a5d2-4d89-a87b-5dff1c54fc56,6,6,0,0,0,free-music-archive,free-music-archive,Google;Stability AI,USED_BY
Vio/Mire,Vio/Mire,ead51c1f-0a02-4d29-b0f6-05325ea42c30,6,6,0,0,0,free-music-archive,free-music-archive,Google;Stability AI,USED_BY
Reuben Radding,Reuben Radding,02c68c85-a9cd-498c-9fdd-0f08705096cc,7,6,0,1,0,free-music-archive;sleeping-disco-9m,free-music-archive,Google;Stability AI,USED_BY
Andrew Drury,Andrew Drury,aeb99f88-421f-4673-b8ea-eb3e0a5cc048,6,6,0,0,0,free-music-archive,free-music-archive,Google;Stability AI,USED_BY
Ultra Konnard,Ultra Konnard,9563,6,6,0,0,0,free-music-archive,free-music-archive,Google;Stability AI,USED_BY
Pitman's Gramophone Course of,Pitman's Gramophone Course of,10840,6,6,0,0,0,free-music-archive,free-music-archive,Google;Stability AI,USED_BY
Overnight Lows,Overnight Lows,c01f3eb6-fd9f-46ae-8013-3e85947f52c6,6,6,0,0,0,free-music-archive,free-music-archive,Google;Stability AI,USED_BY
Shiny Brites,Shiny Brites,10891,6,6,0,0,0,free-music-archive,free-music-archive,Google;Stability AI,USED_BY
Vincent Barras,Vincent Barras,380dc100-a32c-48eb-94f5-03fc7bb07961,6,6,0,0,0,free-music-archive,free-music-archive,Google;Stability AI,USED_BY
Jacques Demierre,Jacques Demierre,4fc63652-0f29-4b90-8805-192c64b40421,6,6,0,0,0,free-music-archive,free-music-archive,Google;Stability AI,USED_BY
The Barracudas,The Barracudas,89d06e04-263a-4e12-9caf-7e8816e4e61a,147,6,119,21,1,free-music-archive;laion-disco-12m;sleeping-disco-9m;spotify-tracks-dataset,free-music-archive,Google;Stability AI,USED_BY
MKRNI,MKRNI,ee9817e7-1354-4dc0-b107-7f892abaaf57,42,6,34,2,0,free-music-archive;laion-disco-12m;sleeping-disco-9m,free-music-archive,Google;Stability AI,USED_BY
Radboud Mens,Radboud Mens,386d4341-e308-42bc-8f8c-846802bc2921,6,6,0,0,0,free-music-archive,free-music-archive,Google;Stability AI,USED_BY
Laura Stevenson,Laura Stevenson,70b166d1-b511-49f1-ad15-8b94603515d5,165,6,131,27,1,free-music-archive;laion-disco-12m;sleeping-disco-9m;spotify-tracks-dataset,free-music-archive,Google;Stability AI,USED_BY
Rhythm & Blues Motherfuckers,Rhythm & Blues Motherfuckers,3914,6,6,0,0,0,free-music-archive,free-music-archive,Google;Stability AI,USED_BY
Last July,Last July,81f496e2-162f-4fa6-9fe1-015d4fd06645,6,6,0,0,0,free-music-archive,free-music-archive,Google;Stability AI,USED_BY
Black Math,Black Math,82,6,6,0,0,0,free-music-archive,free-music-archive,Google;Stability AI,USED_BY
Juan Cirero y Martin del Prado Jr,Juan Cirero y Martin del Prado Jr,11514,6,6,0,0,0,free-music-archive,free-music-archive,Google;Stability AI,USED_BY
Urge Overkill,Urge Overkill,120e728a-4078-47b7-a31c-d581ade28bde,134,6,101,27,0,free-music-archive;laion-disco-12m;sleeping-disco-9m,free-music-archive,Google;Stability AI,USED_BY
Doyeq,Doyeq,e480511b-bb4d-41a5-9106-e8bfe973a42b,7,6,1,0,0,free-music-archive;laion-disco-12m,free-music-archive,Google;Stability AI,USED_BY
Los Steaks,Los Steaks,49519d24-d1d6-4b10-bd5c-9c692433f608,6,6,0,0,0,free-music-archive,free-music-archive,Google;Stability AI,USED_BY
Capsula,Capsula,2209c9f8-7063-4f34-8227-c8c76a9b2e12,19,6,0,13,0,free-music-archive;sleeping-disco-9m,free-music-archive,Google;Stability AI,USED_BY
Kalli,Kalli,11668,6,6,0,0,0,free-music-archive,free-music-archive,Google;Stability AI,USED_BY
Limiñanas,Limiñanas,11680,6,6,0,0,0,free-music-archive,free-music-archive,Google;Stability AI,USED_BY
Mentira Mentira,Mentira Mentira,85f4fd6a-bfb1-41a6-a098-e5b1aecacbc5,6,6,0,0,0,free-music-archive,free-music-archive,Google;Stability AI,USED_BY
June & Jean Millington,June & Jean Millington,11746,6,6,0,0,0,free-music-archive,free-music-archive,Google;Stability AI,USED_BY
Ayato,Ayato,e27ec416-b5db-49ac-bd5a-ab48248248b8,7,7,0,0,0,free-music-archive,free-music-archive,Google;Stability AI,USED_BY
Otto von Rhinau,Otto von Rhinau,fb3d82f0-748f-4c2e-805b-f78e911ba25b,7,7,0,0,0,free-music-archive,free-music-archive,Google;Stability AI,USED_BY
Arie,Arie,11824,6,6,0,0,0,free-music-archive,free-music-archive,Google;Stability AI,USED_BY
Culprate,Culprate,2b55feff-a0d6-411a-a2e9-39c57f9d2fe2,43,6,17,19,1,free-music-archive;laion-disco-12m;sleeping-disco-9m;spotify-tracks-dataset,free-music-archive,Google;Stability AI,USED_BY
Mary Lorson,Mary Lorson,f8b74dc5-008f-4f1a-b8ff-12c67eb0ea98,45,6,36,3,0,free-music-archive;laion-disco-12m;sleeping-disco-9m,free-music-archive,Google;Stability AI,USED_BY
BrandyAlexanderProject + Laps,BrandyAlexanderProject + Laps,11932,6,6,0,0,0,free-music-archive,free-music-archive,Google;Stability AI,USED_BY
The New York Underground Orchestra (Conducted By Assif Tsahar),The New York Underground Orchestra (Conducted By Assif Tsahar),11971,6,6,0,0,0,free-music-archive,free-music-archive,Google;Stability AI,USED_BY
Starseed,Starseed,308bfea7-472f-4eaf-b430-37f8b4d6585a,6,6,0,0,0,free-music-archive,free-music-archive,Google;Stability AI,USED_BY
Bird of Youth,Bird of Youth,9b02e49c-416d-4af1-81e6-0ea269641cc3,6,6,0,0,0,free-music-archive,free-music-archive,Google;Stability AI,USED_BY
Sorrows,Sorrows,0b35a257-30af-45cd-899e-3e0b8bcc6961,6,6,0,0,0,free-music-archive,free-music-archive,Google;Stability AI,USED_BY
Chapter 24,Chapter 24,12078,6,6,0,0,0,free-music-archive,free-music-archive,Google;Stability AI,USED_BY
Soarwhole,Soarwhole,ee563ec9-41a6-4733-99de-8c612d83434f,6,6,0,0,0,free-music-archive,free-music-archive,Google;Stability AI,USED_BY
Cristi Cons,Cristi Cons,ebbab794-16a8-466e-8f94-06669dbc58c4,6,6,0,0,0,free-music-archive,free-music-archive,Google;Stability AI,USED_BY
Peaking Lights,Peaking Lights,e5479b91-5a7a-4c65-bd09-df6a308f8bc0,38,6,13,19,0,free-music-archive;laion-disco-12m;sleeping-disco-9m,free-music-archive,Google;Stability AI,USED_BY
Ben Holmes,Ben Holmes,6be7e7d1-900e-443d-82d5-fd05adb1e1a1,6,6,0,0,0,free-music-archive,free-music-archive,Google;Stability AI,USED_BY
Patrick Farrell,Patrick Farrell,bb818c9a-4aa0-45c5-9700-e207a5aa7be0,6,6,0,0,0,free-music-archive,free-music-archive,Google;Stability AI,USED_BY
Jiony,Jiony,5df66d90-8f7a-41f2-921c-47ebe95a2045,10,6,4,0,0,free-music-archive;laion-disco-12m,free-music-archive,Google;Stability AI,USED_BY
The Fadeaways,The Fadeaways,b249889c-cd5d-4453-92be-8b512221c1cb,6,6,0,0,0,free-music-archive,free-music-archive,Google;Stability AI,USED_BY
Stickfigure,Stickfigure,12355,6,6,0,0,0,free-music-archive,free-music-archive,Google;Stability AI,USED_BY
Wake,Wake,12388,8,6,1,1,0,free-music-archive;laion-disco-12m;sleeping-disco-9m,free-music-archive,Google;Stability AI,USED_BY
Missing Monuments,Missing Monuments,3e80b83c-80b6-4473-8de5-f796d264ec1e,6,6,0,0,0,free-music-archive,free-music-archive,Google;Stability AI,USED_BY
Peter Case,Peter Case,a92e8183-60d5-45d7-9eaf-8dc5d0aa8ca1,13,6,0,7,0,free-music-archive;sleeping-disco-9m,free-music-archive,Google;Stability AI,USED_BY
Michael Valentine West,Michael Valentine West,f0a9ee9e-6934-497c-b87f-d3368410ee1d,6,6,0,0,0,free-music-archive,free-music-archive,Google;Stability AI,USED_BY
Benjamin Jackson,Benjamin Jackson,12780,6,6,0,0,0,free-music-archive,free-music-archive,Google;Stability AI,USED_BY
Ventanas,Ventanas,12855,6,6,0,0,0,free-music-archive,free-music-archive,Google;Stability AI,USED_BY
Tenores de Aterúe,Tenores de Aterúe,12860,6,6,0,0,0,free-music-archive,free-music-archive,Google;Stability AI,USED_BY
Brown Bird,Brown Bird,64843aed-673d-4745-a705-a8b93bb698d1,153,6,101,46,0,free-music-archive;laion-disco-12m;sleeping-disco-9m,free-music-archive,Google;Stability AI,USED_BY
Clutter,Clutter,7595,6,6,0,0,0,free-music-archive,free-music-archive,Google;Stability AI,USED_BY
Photophob,Photophob,88d4097e-fa88-41fa-98f3-6e0752f2881b,6,6,0,0,0,free-music-archive,free-music-archive,Google;Stability AI,USED_BY
3eese,3eese,13267,6,6,0,0,0,free-music-archive,free-music-archive,Google;Stability AI,USED_BY
Supreme Dicks,Supreme Dicks,1846e6c2-3045-4363-9af6-0891f03381be,19,6,0,13,0,free-music-archive;sleeping-disco-9m,free-music-archive,Google;Stability AI,USED_BY
Great Black Waters,Great Black Waters,9626,6,6,0,0,0,free-music-archive,free-music-archive,Google;Stability AI,USED_BY
Wretched Worst,Wretched Worst,13335,6,6,0,0,0,free-music-archive,free-music-archive,Google;Stability AI,USED_BY
Wry Box Feast,Wry Box Feast,13340,6,6,0,0,0,free-music-archive,free-music-archive,Google;Stability AI,USED_BY
Spoek Mathambo,Spoek Mathambo,2fd8b4f2-af00-4235-9a8e-1fa3205fb643,167,6,151,10,0,free-music-archive;laion-disco-12m;sleeping-disco-9m,free-music-archive,Google;Stability AI,USED_BY
Mixers By The River,Mixers By The River,13399,6,6,0,0,0,free-music-archive,free-music-archive,Google;Stability AI,USED_BY
Raw Nerve,Raw Nerve,13443,6,6,0,0,0,free-music-archive,free-music-archive,Google;Stability AI,USED_BY
Miró Belle,Miró Belle,13460,6,6,0,0,0,free-music-archive,free-music-archive,Google;Stability AI,USED_BY
Carl Clements,Carl Clements,204d800b-8ca9-4205-89bf-f9a507fc890a,6,6,0,0,0,free-music-archive,free-music-archive,Google;Stability AI,USED_BY
Labasheeda,Labasheeda,97516484-38c7-4613-ba7f-1560b66ecaab,6,6,0,0,0,free-music-archive,free-music-archive,Google;Stability AI,USED_BY
florconvenas,florconvenas,178f664e-ae63-49e1-aa01-f68443905cf1,6,6,0,0,0,free-music-archive,free-music-archive,Google;Stability AI,USED_BY
The Magick Travelling Backpack Band,The Magick Travelling Backpack Band,b5d53e5f-76ab-457f-8c09-f10370c69d1e,6,6,0,0,0,free-music-archive,free-music-archive,Google;Stability AI,USED_BY
Susan Alcorn,Susan Alcorn,13606,6,6,0,0,0,free-music-archive,free-music-archive,Google;Stability AI,USED_BY
Paniks- live- Romania,Paniks- live- Romania,13619,6,6,0,0,0,free-music-archive,free-music-archive,Google;Stability AI,USED_BY
Beggars in a New Land,Beggars in a New Land,a41a1f28-5489-42de-9723-d740a11557b0,6,6,0,0,0,free-music-archive,free-music-archive,Google;Stability AI,USED_BY
Tift Merritt,Tift Merritt,e6dd42c7-9ed4-41c8-bf50-3387ece6573b,145,6,111,28,0,free-music-archive;laion-disco-12m;sleeping-disco-9m,free-music-archive,Google;Stability AI,USED_BY
QTM,QTM,13803,6,6,0,0,0,free-music-archive,free-music-archive,Google;Stability AI,USED_BY
Ghosts,Ghosts,13889,6,6,0,0,0,free-music-archive,free-music-archive,Google;Stability AI,USED_BY
Ollie North,Ollie North,13894,6,6,0,0,0,free-music-archive,free-music-archive,Google;Stability AI,USED_BY
Origamibiro,Origamibiro,38b15089-2d12-4872-ad5a-08c80652fe23,6,6,0,0,0,free-music-archive,free-music-archive,Google;Stability AI,USED_BY
CHLLNGR,CHLLNGR,967968b3-32af-40e6-a7ca-8debefbe22f9,6,6,0,0,0,free-music-archive,free-music-archive,Google;Stability AI,USED_BY
Scott Sherk,Scott Sherk,acb2788b-e114-4921-8ecc-1463c4814536,6,6,0,0,0,free-music-archive,free-music-archive,Google;Stability AI,USED_BY
Fran Ilich,Fran Ilich,14292,6,6,0,0,0,free-music-archive,free-music-archive,Google;Stability AI,USED_BY
Mikael Jorgensen and Travis Thatcher,Mikael Jorgensen and Travis Thatcher,14294,6,6,0,0,0,free-music-archive,free-music-archive,Google;Stability AI,USED_BY
Acid Problem,Acid Problem,14341,6,6,0,0,0,free-music-archive,free-music-archive,Google;Stability AI,USED_BY
Dolores Catherino,Dolores Catherino,20955,6,6,0,0,0,free-music-archive,free-music-archive,Google;Stability AI,USED_BY
Clay Rendering,Clay Rendering,b7d1ed10-f4ab-4dac-ad2b-0cdea620fd42,6,6,0,0,0,free-music-archive,free-music-archive,Google;Stability AI,USED_BY
Arwen Lewis,Arwen Lewis,e111f4ea-7ea5-4ec7-8e2f-c6a4e8115a7a,7,6,0,1,0,free-music-archive;sleeping-disco-9m,free-music-archive,Google;Stability AI,USED_BY
Sumeritae,Sumeritae,20991,6,6,0,0,0,free-music-archive,free-music-archive,Google;Stability AI,USED_BY
Hafrsfjord,Hafrsfjord,879d6e5a-27d9-4fea-a3b9-b7048d828f4c,6,6,0,0,0,free-music-archive,free-music-archive,Google;Stability AI,USED_BY
Have The Moskovik,Have The Moskovik,78c1dcf1-65b7-432b-8ce5-613967874ab5,6,6,0,0,0,free-music-archive,free-music-archive,Google;Stability AI,USED_BY
Satori Ensemble,Satori Ensemble,21071,6,6,0,0,0,free-music-archive,free-music-archive,Google;Stability AI,USED_BY
Cor Blanc,Cor Blanc,21143,6,6,0,0,0,free-music-archive,free-music-archive,Google;Stability AI,USED_BY
rocheleau - bussière - couture,rocheleau - bussière - couture,21247,6,6,0,0,0,free-music-archive,free-music-archive,Google;Stability AI,USED_BY
Dissolved / Nonima,Dissolved / Nonima,14503,6,6,0,0,0,free-music-archive,free-music-archive,Google;Stability AI,USED_BY
A New Silent Corporation,A New Silent Corporation,0b39d3b2-0406-4324-a4a1-a50daed98a65,12,6,0,6,0,free-music-archive;sleeping-disco-9m,free-music-archive,Google;Stability AI,USED_BY
Expert Alterations,Expert Alterations,de93a4dd-bbaa-4dce-ba35-00704dae31ad,6,6,0,0,0,free-music-archive,free-music-archive,Google;Stability AI,USED_BY
Radio Jarocho,Radio Jarocho,128a820a-a7d7-42b1-88d5-ba2d391945aa,23,6,17,0,0,free-music-archive;laion-disco-12m,free-music-archive,Google;Stability AI,USED_BY
TransFX,TransFX,21497,6,6,0,0,0,free-music-archive,free-music-archive,Google;Stability AI,USED_BY
Charlie Megira,Charlie Megira,dcaa3a76-4aed-4e59-9eab-4504f8aadb50,106,6,100,0,0,free-music-archive;laion-disco-12m,free-music-archive,Google;Stability AI,USED_BY
The Bet She'an Valley Hillbillies,The Bet She'an Valley Hillbillies,250a2cb6-3930-4fc0-a0df-8046cc031ff6,6,6,0,0,0,free-music-archive,free-music-archive,Google;Stability AI,USED_BY
Jimmy & The Threats,Jimmy & The Threats,58607752-d5be-4d4d-813c-9495920450c6,6,6,0,0,0,free-music-archive,free-music-archive,Google;Stability AI,USED_BY
Ennio the Little Brother,Ennio the Little Brother,a5e7ed6b-7087-4983-b9e7-95bf86893dbc,6,6,0,0,0,free-music-archive,free-music-archive,Google;Stability AI,USED_BY
causings,causings,21617,6,6,0,0,0,free-music-archive,free-music-archive,Google;Stability AI,USED_BY
The Marian Circle Drum Brigade,The Marian Circle Drum Brigade,21734,6,6,0,0,0,free-music-archive,free-music-archive,Google;Stability AI,USED_BY
The Deafening Colors,The Deafening Colors,21747,6,6,0,0,0,free-music-archive,free-music-archive,Google;Stability AI,USED_BY
Remo De Vico,Remo De Vico,2ad634e9-ffe7-4586-80b3-c1cab254e382,12,6,0,6,0,free-music-archive;sleeping-disco-9m,free-music-archive,Google;Stability AI,USED_BY
Girls On Grass,Girls On Grass,c2eaae77-cd10-4f39-bd2a-a971ee27d17f,16,6,0,10,0,free-music-archive;sleeping-disco-9m,free-music-archive,Google;Stability AI,USED_BY
owczarek caicedo ponsa trio,owczarek caicedo ponsa trio,21869,6,6,0,0,0,free-music-archive,free-music-archive,Google;Stability AI,USED_BY
Honey Larochelle,Honey Larochelle,e2483441-08f3-4e19-9a4d-b2a33d89f7e7,10,6,2,2,0,free-music-archive;laion-disco-12m;sleeping-disco-9m,free-music-archive,Google;Stability AI,USED_BY
Purling Hiss (Solo),Purling Hiss (Solo),21895,6,6,0,0,0,free-music-archive,free-music-archive,Google;Stability AI,USED_BY
Jackson Grimm,Jackson Grimm,c1dfead8-6e27-4c65-9e9e-7b8b3b70c654,6,6,0,0,0,free-music-archive,free-music-archive,Google;Stability AI,USED_BY
Janneh,Janneh,20987,6,6,0,0,0,free-music-archive,free-music-archive,Google;Stability AI,USED_BY
Méryll Ampe,Méryll Ampe,88407185-65c8-4dd7-be79-9f77012ec9c6,6,6,0,0,0,free-music-archive,free-music-archive,Google;Stability AI,USED_BY
Resonancedj,Resonancedj,22104,6,6,0,0,0,free-music-archive,free-music-archive,Google;Stability AI,USED_BY
S-B-J,S-B-J,48b15b95-66c9-4268-8f07-b52bcdf28d97,6,6,0,0,0,free-music-archive,free-music-archive,Google;Stability AI,USED_BY
Dinos Boys,Dinos Boys,c0214994-5e04-4f48-ab86-d696c6321a44,6,6,0,0,0,free-music-archive,free-music-archive,Google;Stability AI,USED_BY
Charles premier & Zreen Toyz,Charles premier & Zreen Toyz,22244,6,6,0,0,0,free-music-archive,free-music-archive,Google;Stability AI,USED_BY
quietest,quietest,22264,6,6,0,0,0,free-music-archive,free-music-archive,Google;Stability AI,USED_BY
Pau Riba,Pau Riba,b1c41495-8a2b-4eab-a73d-516f916205e4,13,6,0,7,0,free-music-archive;sleeping-disco-9m,free-music-archive,Google;Stability AI,USED_BY
Shana Falana,Shana Falana,882cec90-0cdd-47aa-a071-00876c132017,9,6,0,3,0,free-music-archive;sleeping-disco-9m,free-music-archive,Google;Stability AI,USED_BY
Heron Oblivion,Heron Oblivion,f8114ab7-5b07-4c1c-8fee-4747fbb0b5b7,9,6,0,3,0,free-music-archive;sleeping-disco-9m,free-music-archive,Google;Stability AI,USED_BY
Dave Nelson,Dave Nelson,22370,6,6,0,0,0,free-music-archive,free-music-archive,Google;Stability AI,USED_BY
Sym (5) & Ars Sonor,Sym (5) & Ars Sonor,22242,6,6,0,0,0,free-music-archive,free-music-archive,Google;Stability AI,USED_BY
Otaké,Otaké,46d885ce-bfcd-47c6-a14d-b036cdd835ed,6,6,0,0,0,free-music-archive,free-music-archive,Google;Stability AI,USED_BY
"Interiors, c.1964","Interiors, c.1964",19592,6,6,0,0,0,free-music-archive,free-music-archive,Google;Stability AI,USED_BY
Illusory Scapes,Illusory Scapes,22431,6,6,0,0,0,free-music-archive,free-music-archive,Google;Stability AI,USED_BY
Liz Toonkel (Beat by Christian Cummings),Liz Toonkel (Beat by Christian Cummings),14743,6,6,0,0,0,free-music-archive,free-music-archive,Google;Stability AI,USED_BY
Casetofoane,Casetofoane,14744,6,6,0,0,0,free-music-archive,free-music-archive,Google;Stability AI,USED_BY
Howie Mitchell & Charlotte Williams,Howie Mitchell & Charlotte Williams,14834,6,6,0,0,0,free-music-archive,free-music-archive,Google;Stability AI,USED_BY
Clapton Girls Technology College,Clapton Girls Technology College,15849,6,6,0,0,0,free-music-archive,free-music-archive,Google;Stability AI,USED_BY
Pete Lund,Pete Lund,1257e653-5c3e-4ce0-953e-73c4e67ce1d9,6,6,0,0,0,free-music-archive,free-music-archive,Google;Stability AI,USED_BY
Corty,Corty,12294,6,6,0,0,0,free-music-archive,free-music-archive,Google;Stability AI,USED_BY
Fred and Toody,Fred and Toody,d1164429-3873-48c4-afdf-63e1d37974df,7,7,0,0,0,free-music-archive,free-music-archive,Google;Stability AI,USED_BY
sabrina siegel,sabrina siegel,53a580a5-999b-4839-a7a0-d52fda8206c4,7,7,0,0,0,free-music-archive,free-music-archive,Google;Stability AI,USED_BY
tom djll,tom djll,e8ca4177-5ddd-4d27-84d7-cb4af7299aa2,6,6,0,0,0,free-music-archive,free-music-archive,Google;Stability AI,USED_BY
Dj Shinezz,Dj Shinezz,09460d4e-a9ec-408c-afac-20f1ec4fb7fe,6,6,0,0,0,free-music-archive,free-music-archive,Google;Stability AI,USED_BY
Akpatok,Akpatok,21941,6,6,0,0,0,free-music-archive,free-music-archive,Google;Stability AI,USED_BY
Drag Sounds,Drag Sounds,39328a6a-1760-47c5-9a1d-22a7bacac1d6,6,6,0,0,0,free-music-archive,free-music-archive,Google;Stability AI,USED_BY
Nobodisoundz,Nobodisoundz,14e9cf28-a15e-4613-970f-2789b8b65288,6,6,0,0,0,free-music-archive,free-music-archive,Google;Stability AI,USED_BY
Nineteen Eight Eight,Nineteen Eight Eight,11896,6,6,0,0,0,free-music-archive,free-music-archive,Google;Stability AI,USED_BY
Stuart Chalmers,Stuart Chalmers,44adfc10-0be1-429c-a343-983b1c558c15,6,6,0,0,0,free-music-archive,free-music-archive,Google;Stability AI,USED_BY
Void Vision,Void Vision,4dd7962e-e136-4d8f-8186-b119b0c9dfe8,29,6,17,6,0,free-music-archive;laion-disco-12m;sleeping-disco-9m,free-music-archive,Google;Stability AI,USED_BY
Regional Curse,Regional Curse,f025e9b3-c815-4c1f-8ca5-e9944e21fa38,6,6,0,0,0,free-music-archive,free-music-archive,Google;Stability AI,USED_BY
How I Quit Crack,How I Quit Crack,06ac2749-5dc3-466d-8490-cd7788316520,6,6,0,0,0,free-music-archive,free-music-archive,Google;Stability AI,USED_BY
Nicolas Falcon,Nicolas Falcon,476523b6-fb5e-4c89-930c-0fd4706f088c,6,6,0,0,0,free-music-archive,free-music-archive,Google;Stability AI,USED_BY
American Watercolor Movement,American Watercolor Movement,1b108d5c-194b-482b-8274-82a6f394e134,6,6,0,0,0,free-music-archive,free-music-archive,Google;Stability AI,USED_BY
Alpha Brutal,Alpha Brutal,23594,6,6,0,0,0,free-music-archive,free-music-archive,Google;Stability AI,USED_BY
Martin Rach and his imaginary band,Martin Rach and his imaginary band,a34d0305-72c9-4066-bdc9-33358a06fc77,8,8,0,0,0,free-music-archive,free-music-archive,Google;Stability AI,USED_BY
Anthony Osborne,Anthony Osborne,295027e0-a761-4940-94e9-fe98fcf15c4f,6,6,0,0,0,free-music-archive,free-music-archive,Google;Stability AI,USED_BY
Antonio de Braga,Antonio de Braga,a2640c30-56ff-4424-8b9d-7842d306477b,6,6,0,0,0,free-music-archive,free-music-archive,Google;Stability AI,USED_BY
Isaac Chambers,Isaac Chambers,1977885c-8a46-45ec-8f8f-525163799c1e,81,6,70,5,0,free-music-archive;laion-disco-12m;sleeping-disco-9m,free-music-archive,Google;Stability AI,USED_BY
Rien Virgule,Rien Virgule,d348098d-992c-436f-8f98-fac364e3f180,6,6,0,0,0,free-music-archive,free-music-archive,Google;Stability AI,USED_BY
Gary Wilson and Tredici Bacci,Gary Wilson and Tredici Bacci,23765,6,6,0,0,0,free-music-archive,free-music-archive,Google;Stability AI,USED_BY
Hyson,Hyson,f224f24c-239d-4101-abbd-d54802ad8f96,6,6,0,0,0,free-music-archive,free-music-archive,Google;Stability AI,USED_BY
Night Haze,Night Haze,23821,6,6,0,0,0,free-music-archive,free-music-archive,Google;Stability AI,USED_BY
Samuel Bone,Samuel Bone,23823,6,6,0,0,0,free-music-archive,free-music-archive,Google;Stability AI,USED_BY
Ihtimanska,Ihtimanska,23860,6,6,0,0,0,free-music-archive,free-music-archive,Google;Stability AI,USED_BY
Kyle Preston,Kyle Preston,f8d541b5-730b-4f54-8358-026ea7d21aac,156,6,150,0,0,free-music-archive;laion-disco-12m,free-music-archive,Google;Stability AI,USED_BY
Le Projet Ardéchois,Le Projet Ardéchois,23902,6,6,0,0,0,free-music-archive,free-music-archive,Google;Stability AI,USED_BY
Kuniya,Kuniya,24080,6,6,0,0,0,free-music-archive,free-music-archive,Google;Stability AI,USED_BY
Kai Nobuko,Kai Nobuko,1b37a6cf-0995-4ffe-a96d-8b222f1ea729,6,6,0,0,0,free-music-archive,free-music-archive,Google;Stability AI,USED_BY
Inner Struggle,Inner Struggle,24188,6,6,0,0,0,free-music-archive,free-music-archive,Google;Stability AI,USED_BY
Eternal Black,Eternal Black,6c42b0aa-d20d-4587-84d8-42e23b532631,25,6,0,19,0,free-music-archive;sleeping-disco-9m,free-music-archive,Google;Stability AI,USED_BY
Itsensäsyöjät,Itsensäsyöjät,24309,6,6,0,0,0,free-music-archive,free-music-archive,Google;Stability AI,USED_BY
Theredhead76,Theredhead76,24342,6,6,0,0,0,free-music-archive,free-music-archive,Google;Stability AI,USED_BY
Spowder,Spowder,24357,6,6,0,0,0,free-music-archive,free-music-archive,Google;Stability AI,USED_BY
BCBG,BCBG,780a701f-73a3-4fd1-a0c3-d3bd0f8ee98c,6,6,0,0,0,free-music-archive,free-music-archive,Google;Stability AI,USED_BY
J1*,J1*,22688,6,6,0,0,0,free-music-archive,free-music-archive,Google;Stability AI,USED_BY
Unune,Unune,22706,6,6,0,0,0,free-music-archive,free-music-archive,Google;Stability AI,USED_BY
Free Soul School Switzerland,Free Soul School Switzerland,22686,6,6,0,0,0,free-music-archive,free-music-archive,Google;Stability AI,USED_BY
Mike Meanstreetz,Mike Meanstreetz,3c16f6aa-91d4-4ad4-b18b-063a0a512c3b,6,6,0,0,0,free-music-archive,free-music-archive,Google;Stability AI,USED_BY
Gestalt OrchestrA,Gestalt OrchestrA,5f8faf3b-932e-4747-a518-abcbff6f7d82,6,6,0,0,0,free-music-archive,free-music-archive,Google;Stability AI,USED_BY
Symbol of Subversion,Symbol of Subversion,f9eb4c2f-32f2-47b7-8bd5-c6cd31b45ed3,6,6,0,0,0,free-music-archive,free-music-archive,Google;Stability AI,USED_BY
Madame B,Madame B,47ff9a5a-da26-4bab-8c32-1e407c735242,6,6,0,0,0,free-music-archive,free-music-archive,Google;Stability AI,USED_BY
MÖ$Q,MÖ$Q,65b35d42-7cd7-48d7-8a66-027ddc7f49b0,6,6,0,0,0,free-music-archive,free-music-archive,Google;Stability AI,USED_BY
Peninsula Fernandes,Peninsula Fernandes,a23af21f-6db7-43bd-a47a-fb9370e9862c,6,6,0,0,0,free-music-archive,free-music-archive,Google;Stability AI,USED_BY
Eklektik Ensemble,Eklektik Ensemble,40a64c24-9fc6-435f-8779-460e076d12c2,6,6,0,0,0,free-music-archive,free-music-archive,Google;Stability AI,USED_BY
Ocathail / Hastío,Ocathail / Hastío,23166,6,6,0,0,0,free-music-archive,free-music-archive,Google;Stability AI,USED_BY
North Cape Lights,North Cape Lights,9855fc1d-3140-40e3-aa99-d1a9a6412c5d,6,6,0,0,0,free-music-archive,free-music-archive,Google;Stability AI,USED_BY
amanda irarrazabal,amanda irarrazabal,fe2a8833-21f0-4aab-98fd-907cfe5e9d23,6,6,0,0,0,free-music-archive,free-music-archive,Google;Stability AI,USED_BY
cecilia lópez,Cecilia Lopez,8471,5,5,0,0,0,free-music-archive,free-music-archive,Google;Stability AI,USED_BY
cecilia quinteros,cecilia quinteros,0a9333e4-5b09-478d-96d7-c1c682583128,6,6,0,0,0,free-music-archive,free-music-archive,Google;Stability AI,USED_BY
Norwegian Blue Records,Norwegian Blue Records,23325,6,6,0,0,0,free-music-archive,free-music-archive,Google;Stability AI,USED_BY
Musick's Recreation. Milena Cord-to-Krax,Musick's Recreation. Milena Cord-to-Krax,23408,6,6,0,0,0,free-music-archive,free-music-archive,Google;Stability AI,USED_BY
Krisa,Krisa,01121f72-d8ad-4bbb-8c87-397a92fb7385,6,6,0,0,0,free-music-archive,free-music-archive,Google;Stability AI,USED_BY
The Dutchess and the Duke,The Dutchess and the Duke,0b9ce391-ea64-4317-b879-776d297735ab,17,8,0,9,0,free-music-archive;sleeping-disco-9m,free-music-archive,Google;Stability AI,USED_BY
Druzina,Druzina,7ca4ebbd-b089-4b64-9bcc-c992ec1ae593,6,6,0,0,0,free-music-archive,free-music-archive,Google;Stability AI,USED_BY
Rinus Van Alebeek,Rinus Van Alebeek,fdfc687b-a2f5-4e53-a06d-8d4e32427b21,6,6,0,0,0,free-music-archive,free-music-archive,Google;Stability AI,USED_BY
cHelek,cHelek,6766,6,6,0,0,0,free-music-archive,free-music-archive,Google;Stability AI,USED_BY
Nothing People,Nothing People,9849e875-708c-48c0-859b-cf7fa2aeeb85,6,6,0,0,0,free-music-archive,free-music-archive,Google;Stability AI,USED_BY
1st Dude,1st Dude,6973,6,6,0,0,0,free-music-archive,free-music-archive,Google;Stability AI,USED_BY
Chan Wai Fat,Chan Wai Fat,96ed7755-0d83-43c3-a57a-f03542406987,6,6,0,0,0,free-music-archive,free-music-archive,Google;Stability AI,USED_BY
Nueve de dos,Nueve de dos,7334,6,6,0,0,0,free-music-archive,free-music-archive,Google;Stability AI,USED_BY
Boom Dispenser,Boom Dispenser,7582,6,6,0,0,0,free-music-archive,free-music-archive,Google;Stability AI,USED_BY
Bnegão & Os Seletores de Freqüência,Bnegão & Os Seletores de Freqüência,c5ba169b-2236-44a2-a19b-ee39dcf6610c,30,8,0,22,0,free-music-archive;sleeping-disco-9m,free-music-archive,Google;Stability AI,USED_BY
Decapitado,Decapitado,7738,6,6,0,0,0,free-music-archive,free-music-archive,Google;Stability AI,USED_BY
The New Heaven & The New Earth,The New Heaven & The New Earth,332017b4-aa22-46ef-8264-20d208572f1c,8,8,0,0,0,free-music-archive,free-music-archive,Google;Stability AI,USED_BY
Nathan Moomaw,Nathan Moomaw,8e2f1f81-4b77-4ac1-a1b3-62cf5315c95e,6,6,0,0,0,free-music-archive,free-music-archive,Google;Stability AI,USED_BY
Claudio Nuñez & Sergio Paolucci,Claudio Nuñez & Sergio Paolucci,7977,6,6,0,0,0,free-music-archive,free-music-archive,Google;Stability AI,USED_BY
John Roundcity & Dooley Wilson,John Roundcity & Dooley Wilson,7996,6,6,0,0,0,free-music-archive,free-music-archive,Google;Stability AI,USED_BY
Unas Rakraganh,Unas Rakraganh,e23350d5-becd-4f00-9ecf-e8d47508b684,7,7,0,0,0,free-music-archive,free-music-archive,Google;Stability AI,USED_BY
Blok One,Blok One,9a21fcb1-bf79-410c-bfdf-37347a908a5f,6,6,0,0,0,free-music-archive,free-music-archive,Google;Stability AI,USED_BY
Chico Trujillo,Chico Trujillo,101d3c29-b414-42d4-aabc-02fd2fbf935d,98,6,67,24,1,free-music-archive;laion-disco-12m;sleeping-disco-9m;spotify-tracks-dataset,free-music-archive,Google;Stability AI,USED_BY
The Jim Jones Revue,The Jim Jones Revue,0c7daca5-9955-477b-882a-362a49d05450,11,6,0,5,0,free-music-archive;sleeping-disco-9m,free-music-archive,Google;Stability AI,USED_BY
Bogdan,Bogdan,8152,6,6,0,0,0,free-music-archive,free-music-archive,Google;Stability AI,USED_BY
Dawn of MIDI,Dawn of MIDI,273dee46-43b8-4385-bdd2-d98bbad3c13e,6,6,0,0,0,free-music-archive,free-music-archive,Google;Stability AI,USED_BY
Tinitus,Tinitus,8349,6,6,0,0,0,free-music-archive,free-music-archive,Google;Stability AI,USED_BY
Sound of Ground,Sound of Ground,2e54feba-5938-4a62-b2fe-be2812a555bf,6,6,0,0,0,free-music-archive,free-music-archive,Google;Stability AI,USED_BY
Chris Kucinski and Owen Osborn,Chris Kucinski and Owen Osborn,8417,6,6,0,0,0,free-music-archive,free-music-archive,Google;Stability AI,USED_BY
(none given),(none given),8614,6,6,0,0,0,free-music-archive,free-music-archive,Google;Stability AI,USED_BY
Eola,Eola,a034dc1b-65a5-4ee6-967d-936f33b441f6,18,6,0,12,0,free-music-archive;sleeping-disco-9m,free-music-archive,Google;Stability AI,USED_BY
Raül Refree,Raül Refree,0a797765-7506-43ac-8f75-b9e4132b31d6,201,6,178,17,0,free-music-archive;laion-disco-12m;sleeping-disco-9m,free-music-archive,Google;Stability AI,USED_BY
Pedro Vian,Pedro Vian,03649f1b-7b95-444d-bd7b-8d6cdeb9ab04,13,6,7,0,0,free-music-archive;laion-disco-12m,free-music-archive,Google;Stability AI,USED_BY
Kink Slap Simian,Kink Slap Simian,fde7d1c0-b8d3-4adc-b31f-eb89a1de9e47,6,6,0,0,0,free-music-archive,free-music-archive,Google;Stability AI,USED_BY
Decomentarium,Decomentarium,8763,6,6,0,0,0,free-music-archive,free-music-archive,Google;Stability AI,USED_BY
The Communion,The Communion,5c4d6f05-a6bd-4138-baad-bcc821b7bb12,6,6,0,0,0,free-music-archive,free-music-archive,Google;Stability AI,USED_BY
Children for Breakfast,Children for Breakfast,9180,6,6,0,0,0,free-music-archive,free-music-archive,Google;Stability AI,USED_BY
Montañas,Montañas,fc9e5bc4-8095-41bf-a3bf-9110df3c699b,6,6,0,0,0,free-music-archive,free-music-archive,Google;Stability AI,USED_BY
Peter Cora,Peter Cora,9216,6,6,0,0,0,free-music-archive,free-music-archive,Google;Stability AI,USED_BY
Easy Action,Easy Action,9391,6,6,0,0,0,free-music-archive,free-music-archive,Google;Stability AI,USED_BY
The Model,The Model,8174,6,6,0,0,0,free-music-archive,free-music-archive,Google;Stability AI,USED_BY
Chocolate Chips,Chocolate Chips,7440,6,6,0,0,0,free-music-archive,free-music-archive,Google;Stability AI,USED_BY
Gel,Gel,9461,6,6,0,0,0,free-music-archive,free-music-archive,Google;Stability AI,USED_BY
Rosebruit / Franck Smith,Rosebruit / Franck Smith,9479,6,6,0,0,0,free-music-archive,free-music-archive,Google;Stability AI,USED_BY
Joe McPhee,Joe McPhee,e8a6ad5b-bfe0-49cf-9de0-71dc78300300,25,6,12,7,0,free-music-archive;laion-disco-12m;sleeping-disco-9m,free-music-archive,Google;Stability AI,USED_BY
V.L.A.D.,V.L.A.D.,9f01400c-aa78-437d-9af4-a1a66705e59c,6,6,0,0,0,free-music-archive,free-music-archive,Google;Stability AI,USED_BY
Ga'an,Ga'an,c6ebe8ee-01de-45ea-b22b-87dd6f983f7e,6,6,0,0,0,free-music-archive,free-music-archive,Google;Stability AI,USED_BY
Cobra (avec logo panthère),Cobra (avec logo panthère),9852,6,6,0,0,0,free-music-archive,free-music-archive,Google;Stability AI,USED_BY
Univeria Zekt,Univeria Zekt,66cc2afc-4c49-4d57-825c-f6adaff23f9c,7,7,0,0,0,free-music-archive,free-music-archive,Google;Stability AI,USED_BY
Evening Fires,Evening Fires,379c458f-4aa7-4f5d-aa94-73162b7cb80e,6,6,0,0,0,free-music-archive,free-music-archive,Google;Stability AI,USED_BY
Mind over MIDI,Mind over MIDI,d94b35f2-3911-456e-96b8-6ed0357dbff1,7,6,0,1,0,free-music-archive;sleeping-disco-9m,free-music-archive,Google;Stability AI,USED_BY
Redtheplaneeet!!!,Redtheplaneeet!!!,1598de26-7d4b-40d5-bfbc-fe210790c9c0,6,6,0,0,0,free-music-archive,free-music-archive,Google;Stability AI,USED_BY
NEW YORK,NEW YORK,10082,9,6,3,0,0,free-music-archive;laion-disco-12m,free-music-archive,Google;Stability AI,USED_BY
The New Albert Beger Quartet,The New Albert Beger Quartet,3dd5b442-d07e-41a6-9b2f-deeaf49735f2,6,6,0,0,0,free-music-archive,free-music-archive,Google;Stability AI,USED_BY
Stems,Stems,10239,6,6,0,0,0,free-music-archive,free-music-archive,Google;Stability AI,USED_BY
Hunton Quintet,Hunton Quintet,da6552de-8344-4488-befa-afba02c3250b,6,6,0,0,0,free-music-archive,free-music-archive,Google;Stability AI,USED_BY
I Drug Moy Gruzovik...,I Drug Moy Gruzovik...,10393,6,6,0,0,0,free-music-archive,free-music-archive,Google;Stability AI,USED_BY
Rmeaajlimk,Rmeaajlimk,10433,6,6,0,0,0,free-music-archive,free-music-archive,Google;Stability AI,USED_BY
WoolenMen,WoolenMen,f5e1d780-701c-4f4b-8658-d7e65dc4eca5,35,22,0,13,0,free-music-archive;sleeping-disco-9m,free-music-archive,Google;Stability AI,USED_BY
Ludo Mich,Ludo Mich,7eb1e981-165c-4e07-947d-087afc359ef2,6,6,0,0,0,free-music-archive,free-music-archive,Google;Stability AI,USED_BY
Capullo,Capullo,c5e120c1-ea55-400e-95c6-50a9fa6ff6fd,6,6,0,0,0,free-music-archive,free-music-archive,Google;Stability AI,USED_BY
Dj Somatix,Dj Somatix,708b969d-9843-4fa4-b3a4-875c6860ab8f,7,7,0,0,0,free-music-archive,free-music-archive,Google;Stability AI,USED_BY
Fantastic Swimmers,Fantastic Swimmers,13d211a1-cbf4-4cba-aedf-20b81104153a,6,6,0,0,0,free-music-archive,free-music-archive,Google;Stability AI,USED_BY
Phil Lucking,Phil Lucking,1ed18e1f-bff4-4df0-8450-e9ba1318a57a,6,6,0,0,0,free-music-archive,free-music-archive,Google;Stability AI,USED_BY
Secrets Of The 45,Secrets Of The 45,494629a8-6f66-4f1e-8bcd-9359ba0f4899,6,6,0,0,0,free-music-archive,free-music-archive,Google;Stability AI,USED_BY
Pollen Trio,Pollen Trio,4ffd5895-0bb0-4144-adc0-ad0acf099c76,6,6,0,0,0,free-music-archive,free-music-archive,Google;Stability AI,USED_BY
Pulsipher,Pulsipher,2b8f868c-0713-4354-9271-6ba4397c6b7b,6,6,0,0,0,free-music-archive,free-music-archive,Google;Stability AI,USED_BY
Kayaka,Kayaka,f00a9c5b-5691-4cee-9770-139a5eb6b465,6,6,0,0,0,free-music-archive,free-music-archive,Google;Stability AI,USED_BY
Dental Dames,Dental Dames,28743350-7b17-438a-b65b-ea950f6b3e7d,6,6,0,0,0,free-music-archive,free-music-archive,Google;Stability AI,USED_BY
Summertales,Summertales,46fba786-5b06-4dfc-83cd-040c28a2d463,6,6,0,0,0,free-music-archive,free-music-archive,Google;Stability AI,USED_BY
Zydepunks,Zydepunks,3357cc0c-478b-4e43-8783-5c5894cb0119,21,6,0,15,0,free-music-archive;sleeping-disco-9m,free-music-archive,Google;Stability AI,USED_BY
Boyscout Discovery,Boyscout Discovery,a894e3a2-f8a5-4d8b-8ed1-92f4e088fd86,6,6,0,0,0,free-music-archive,free-music-archive,Google;Stability AI,USED_BY
Astrometria,Astrometria,78b26035-d8c3-4190-a325-a5be251c6e0b,6,6,0,0,0,free-music-archive,free-music-archive,Google;Stability AI,USED_BY
Sea of Åland,Sea of Åland,01ef812e-64df-47b9-9660-d77ebb1184d3,6,6,0,0,0,free-music-archive,free-music-archive,Google;Stability AI,USED_BY
Pogohm,Pogohm,75e4569e-85c9-4124-9d93-e910db4211a6,6,6,0,0,0,free-music-archive,free-music-archive,Google;Stability AI,USED_BY
6128F,6128F,421e99c4-327b-401b-ac92-23a490dad2a5,6,6,0,0,0,free-music-archive,free-music-archive,Google;Stability AI,USED_BY
el zombi flash,el zombi flash,09e1619b-4e98-4622-8c04-1ba9854b1285,6,6,0,0,0,free-music-archive,free-music-archive,Google;Stability AI,USED_BY
Fulmarine Petrels,Fulmarine Petrels,5568df92-eb15-4821-9027-9e9804a272c8,6,6,0,0,0,free-music-archive,free-music-archive,Google;Stability AI,USED_BY
One Minute Wanda,One Minute Wanda,f6fb69f7-5a8b-4d3a-bc35-600f0f31b840,6,6,0,0,0,free-music-archive,free-music-archive,Google;Stability AI,USED_BY
8bit bEtty,8bit bEtty,d0b39efa-1c4c-4098-ae13-03fcd8ed4141,6,6,0,0,0,free-music-archive,free-music-archive,Google;Stability AI,USED_BY
Nathan Meunier,Nathan Meunier,7b0ac80a-a99e-49ed-afd5-a8db55881049,6,6,0,0,0,free-music-archive,free-music-archive,Google;Stability AI,USED_BY
Gorod,Gorod,ac3fbaec-67bf-4454-b4a5-b3b987ef5847,104,6,74,24,0,free-music-archive;laion-disco-12m;sleeping-disco-9m,free-music-archive,Google;Stability AI,USED_BY
Soft Tags,Soft Tags,d26faaf1-adf8-4c22-88d6-5523904d262b,6,6,0,0,0,free-music-archive,free-music-archive,Google;Stability AI,USED_BY
Polka Dot Dot Dot,Polka Dot Dot Dot,a34f3fb7-f380-491e-9852-26fb03a32031,6,6,0,0,0,free-music-archive,free-music-archive,Google;Stability AI,USED_BY
Emperor X,Emperor X,e79dde40-8b35-4105-89f8-a5b0afbfd43c,32,6,0,26,0,free-music-archive;sleeping-disco-9m,free-music-archive,Google;Stability AI,USED_BY
Elephant Micah,Elephant Micah,caef4cac-9538-4f80-acab-9bee42f55ed8,41,6,15,20,0,free-music-archive;laion-disco-12m;sleeping-disco-9m,free-music-archive,Google;Stability AI,USED_BY
SECRETARIAT,SECRETARIAT,8615,6,6,0,0,0,free-music-archive,free-music-archive,Google;Stability AI,USED_BY
My Teenage Stride,My Teenage Stride,88e223e2-3322-4c66-b7a1-d7772e287443,8,6,0,2,0,free-music-archive;sleeping-disco-9m,free-music-archive,Google;Stability AI,USED_BY
Demiran Ćerimović and His Orkestar,Demiran Ćerimović and His Orkestar,8688,6,6,0,0,0,free-music-archive,free-music-archive,Google;Stability AI,USED_BY
O.O.O.,O.O.O.,8734,6,6,0,0,0,free-music-archive,free-music-archive,Google;Stability AI,USED_BY
Tzara,Tzara,289d3d2f-2dd2-4f2c-811f-aac309bf2ec8,7,7,0,0,0,free-music-archive,free-music-archive,Google;Stability AI,USED_BY
Luís Antero,Luís Antero,aee4f69d-8d48-4a63-b0f4-89c2a529221b,6,6,0,0,0,free-music-archive,free-music-archive,Google;Stability AI,USED_BY
The Side Effect,The Side Effect,7411,6,6,0,0,0,free-music-archive,free-music-archive,Google;Stability AI,USED_BY
ANT,ANT,9698,6,6,0,0,0,free-music-archive,free-music-archive,Google;Stability AI,USED_BY
Purling Hiss,Purling Hiss,0bfc42b8-2fdf-44c3-bdd1-e40bbe202e38,6,6,0,0,0,free-music-archive,free-music-archive,Google;Stability AI,USED_BY
Huun‐Huur‐Tu,Huun‐Huur‐Tu,6e3d75a2-b371-4156-a1c1-7b56e1c965a3,161,10,150,1,0,free-music-archive;laion-disco-12m;sleeping-disco-9m,free-music-archive,Google;Stability AI,USED_BY
Dronæment,Dronæment,9048eb60-a4ef-4e2b-9dac-b12ed208ad66,15,15,0,0,0,free-music-archive,free-music-archive,Google;Stability AI,USED_BY
BL▲CK † CEILING,BL▲CK † CEILING,10641,6,6,0,0,0,free-music-archive,free-music-archive,Google;Stability AI,USED_BY
Various Artists [Chinstrap Music],Various Artists [Chinstrap Music],6317,6,6,0,0,0,free-music-archive,free-music-archive,Google;Stability AI,USED_BY
La Big Vic,La Big Vic,079034ab-1454-45cb-924d-9e2745cb0462,6,6,0,0,0,free-music-archive,free-music-archive,Google;Stability AI,USED_BY
Milk Music,Milk Music,fdb47c0f-26f1-4ff1-9eeb-7987ff991319,22,6,0,16,0,free-music-archive;sleeping-disco-9m,free-music-archive,Google;Stability AI,USED_BY
Nadja,Nadja,a0c83cf0-7571-4538-a430-fb04c408d4d2,44,6,3,35,0,free-music-archive;laion-disco-12m;sleeping-disco-9m,free-music-archive,Google;Stability AI,USED_BY
Noisewaves,Noisewaves,64b14660-ad27-4131-8ae6-0b94f899975f,6,6,0,0,0,free-music-archive,free-music-archive,Google;Stability AI,USED_BY
Curumin,Curumin,762f8713-15d0-45d7-b0d3-f989bfe1d233,99,6,72,20,1,free-music-archive;laion-disco-12m;sleeping-disco-9m;spotify-tracks-dataset,free-music-archive,Google;Stability AI,USED_BY
Roman Stolyar & Ilia Belorukov,Roman Stolyar & Ilia Belorukov,6718,6,6,0,0,0,free-music-archive,free-music-archive,Google;Stability AI,USED_BY
Flowerheads,Flowerheads,68cce513-0cbe-4c8c-bba6-44c86cb8a072,6,6,0,0,0,free-music-archive,free-music-archive,Google;Stability AI,USED_BY
Frau,Frau,b723e02d-dc1e-4e13-a9a2-57df51383d27,17,6,0,11,0,free-music-archive;sleeping-disco-9m,free-music-archive,Google;Stability AI,USED_BY
Heezen,Heezen,ce862b1e-1c77-4d65-aa44-a59d707aa6da,6,6,0,0,0,free-music-archive,free-music-archive,Google;Stability AI,USED_BY
Evan Rapport & Chuck Bettis,Evan Rapport & Chuck Bettis,12545,6,6,0,0,0,free-music-archive,free-music-archive,Google;Stability AI,USED_BY
Baiyu,Baiyu,f2e365cb-0145-459c-85f9-86df17d89c98,26,6,0,20,0,free-music-archive;sleeping-disco-9m,free-music-archive,Google;Stability AI,USED_BY
Houdini Roadshow,Houdini Roadshow,582346f7-4d10-4218-b965-ca04d7d60149,6,6,0,0,0,free-music-archive,free-music-archive,Google;Stability AI,USED_BY
Judith Cohen,Judith Cohen,12856,6,6,0,0,0,free-music-archive,free-music-archive,Google;Stability AI,USED_BY
Tag Cloud,Tag Cloud,b9caec32-10a2-41d4-b413-ea0c68929d15,6,6,0,0,0,free-music-archive,free-music-archive,Google;Stability AI,USED_BY
Bbigpigg,Bbigpigg,7ef76a32-c601-478f-87e8-080dacec5047,7,7,0,0,0,free-music-archive,free-music-archive,Google;Stability AI,USED_BY
Sir Isaac Pitman & Sons,Sir Isaac Pitman & Sons,13350,6,6,0,0,0,free-music-archive,free-music-archive,Google;Stability AI,USED_BY
"V.A. Vol 1 (Shaman Herrera, Maximiliano Prietto, Werner Schneider)","V.A. Vol 1 (Shaman Herrera, Maximiliano Prietto, Werner Schneider)",13381,6,6,0,0,0,free-music-archive,free-music-archive,Google;Stability AI,USED_BY
Literature,Literature,fd07a3de-bbf6-4420-8fb2-f109d2677ab6,10,6,0,4,0,free-music-archive;sleeping-disco-9m,free-music-archive,Google;Stability AI,USED_BY
Morsa,Morsa,78eb709f-e1ef-4775-b203-6b4c820b2b85,6,6,0,0,0,free-music-archive,free-music-archive,Google;Stability AI,USED_BY
e:4c,e:4c,2f109a97-4bd8-4b16-b774-0823fe9cbb2f,6,6,0,0,0,free-music-archive,free-music-archive,Google;Stability AI,USED_BY
Karl Hendricks Trio,Karl Hendricks Trio,3a1390e2-2b11-4714-91dc-db73af90b26a,7,6,0,1,0,free-music-archive;sleeping-disco-9m,free-music-archive,Google;Stability AI,USED_BY
Art Electronix,Art Electronix,95ad3b3d-bc24-4996-89fc-3ece87e291b9,12,6,0,6,0,free-music-archive;sleeping-disco-9m,free-music-archive,Google;Stability AI,USED_BY
uBIK,uBIK,3ed5f1e6-5b69-46c1-8b88-635dbc681dcf,6,6,0,0,0,free-music-archive,free-music-archive,Google;Stability AI,USED_BY
Sanawon,Sanawon,50bd52f2-7b3f-4182-ac24-88f98b9ba74b,6,6,0,0,0,free-music-archive,free-music-archive,Google;Stability AI,USED_BY
Ash On Dust,Ash On Dust,15562,6,6,0,0,0,free-music-archive,free-music-archive,Google;Stability AI,USED_BY
1in10/Varia,1in10/Varia,15743,6,6,0,0,0,free-music-archive,free-music-archive,Google;Stability AI,USED_BY
Brock Tyler,Brock Tyler,b04776c6-3b82-4c8a-a4d6-9f79b81d1c02,6,6,0,0,0,free-music-archive,free-music-archive,Google;Stability AI,USED_BY
Farewell My Concubine,Farewell My Concubine,14666,6,6,0,0,0,free-music-archive,free-music-archive,Google;Stability AI,USED_BY
Gamardah Fungus,Gamardah Fungus,cf430bf2-7b2c-48b0-93ef-16a7978167f7,6,6,0,0,0,free-music-archive,free-music-archive,Google;Stability AI,USED_BY
Ebsa,Ebsa,19201,6,6,0,0,0,free-music-archive,free-music-archive,Google;Stability AI,USED_BY
Alessandra Celletti,Alessandra Celletti,13fd7ed5-15f3-4828-a06e-b25a09bcfd66,6,6,0,0,0,free-music-archive,free-music-archive,Google;Stability AI,USED_BY
Bitmoth,Bitmoth,f6587a16-667e-440e-a6b3-8d8a99906a78,6,6,0,0,0,free-music-archive,free-music-archive,Google;Stability AI,USED_BY
REKchampa,REKchampa,3f2fa8fb-b4f4-4420-a2b1-bbe497e8aaad,6,6,0,0,0,free-music-archive,free-music-archive,Google;Stability AI,USED_BY
Ga22,Ga22,20331,6,6,0,0,0,free-music-archive,free-music-archive,Google;Stability AI,USED_BY
Eleventh Dream Day,Eleventh Dream Day,751b1385-9595-46ee-b634-8f90f892682a,27,6,0,21,0,free-music-archive;sleeping-disco-9m,free-music-archive,Google;Stability AI,USED_BY
Remote Desire,Remote Desire,20787,6,6,0,0,0,free-music-archive,free-music-archive,Google;Stability AI,USED_BY
Sunshine and the Rain,Sunshine and the Rain,8a0c5790-ff59-44cd-8fee-35010a52e56f,8,8,0,0,0,free-music-archive,free-music-archive,Google;Stability AI,USED_BY
The Ex,The Ex,5JjsLpZlE0oSu9opRGQYWm,6,6,0,0,0,free-music-archive,free-music-archive,Google;Stability AI,USED_BY
Salavano & Tsongo,Salavano & Tsongo,21135,6,6,0,0,0,free-music-archive,free-music-archive,Google;Stability AI,USED_BY
Trevor Flowers,Trevor Flowers,7Iky61lEy4v2RikTCW3uZr,6,6,0,0,0,free-music-archive,free-music-archive,Google;Stability AI,USED_BY
Iheka-Chama,Iheka-Chama,18d8f10b-904f-41da-8525-3f21299ed69c,6,6,0,0,0,free-music-archive,free-music-archive,Google;Stability AI,USED_BY
Tanz,Tanz,eac164bf-1fd4-4d49-a4fd-726f753e21a7,6,6,0,0,0,free-music-archive,free-music-archive,Google;Stability AI,USED_BY
Richard Lloyd,Richard Lloyd,cf093402-ed70-46f4-87a2-cdb1cb0e629d,13,6,4,3,0,free-music-archive;laion-disco-12m;sleeping-disco-9m,free-music-archive,Google;Stability AI,USED_BY
Cud Eastbound,Cud Eastbound,75399f18-3b6a-4a65-bf8d-a69b0f8c9200,6,6,0,0,0,free-music-archive,free-music-archive,Google;Stability AI,USED_BY
Jacques Le Coque,Jacques Le Coque,4f980d89-c1e5-4a80-b720-f041b11e09cd,6,6,0,0,0,free-music-archive,free-music-archive,Google;Stability AI,USED_BY
román ramón,román ramón,15998,6,6,0,0,0,free-music-archive,free-music-archive,Google;Stability AI,USED_BY
[ur:neon:ono],[ur:neon:ono],16179,6,6,0,0,0,free-music-archive,free-music-archive,Google;Stability AI,USED_BY
maD & Alg0rh1tm,maD & Alg0rh1tm,16325,6,6,0,0,0,free-music-archive,free-music-archive,Google;Stability AI,USED_BY
Punky Donch,Punky Donch,8f74ce7f-7b2a-4b86-8879-c679a45856cf,6,6,0,0,0,free-music-archive,free-music-archive,Google;Stability AI,USED_BY
Ghost Recon,Ghost Recon,16765,6,6,0,0,0,free-music-archive,free-music-archive,Google;Stability AI,USED_BY
GLITZ,GLITZ,16877,6,6,0,0,0,free-music-archive,free-music-archive,Google;Stability AI,USED_BY
Nick Corbo,Nick Corbo,4586950a-605a-4051-a3e8-a622dff0d89f,6,6,0,0,0,free-music-archive,free-music-archive,Google;Stability AI,USED_BY
Keep Them Alive,Keep Them Alive,14560,6,6,0,0,0,free-music-archive,free-music-archive,Google;Stability AI,USED_BY
YlangYlang,YlangYlang,30e044a6-a4d5-40f9-a3c5-d0ddad3761b5,7,6,0,1,0,free-music-archive;sleeping-disco-9m,free-music-archive,Google;Stability AI,USED_BY
Morse,Morse,17396,6,6,0,0,0,free-music-archive,free-music-archive,Google;Stability AI,USED_BY
Freddy & the Indifferents,Freddy & the Indifferents,17435,6,6,0,0,0,free-music-archive,free-music-archive,Google;Stability AI,USED_BY
Trabajo,Trabajo,3560d15b-9979-46f6-9583-11d52448822d,6,6,0,0,0,free-music-archive,free-music-archive,Google;Stability AI,USED_BY
Magnapinna,Magnapinna,18779,6,6,0,0,0,free-music-archive,free-music-archive,Google;Stability AI,USED_BY
Butano Bazaar,Butano Bazaar,18818,6,6,0,0,0,free-music-archive,free-music-archive,Google;Stability AI,USED_BY
Marlaja Virta & ono,Marlaja Virta & ono,18838,6,6,0,0,0,free-music-archive,free-music-archive,Google;Stability AI,USED_BY
J.L.A,J.L.A,18922,6,6,0,0,0,free-music-archive,free-music-archive,Google;Stability AI,USED_BY
Re-Arbeiten,Re-Arbeiten,5e8dfcdc-8e0a-4d41-89ec-e18f7b94efd0,7,7,0,0,0,free-music-archive,free-music-archive,Google;Stability AI,USED_BY
LoveyDove,LoveyDove,89c8a06d-455a-4dd1-840d-46bfc9f64b93,7,6,0,1,0,free-music-archive;sleeping-disco-9m,free-music-archive,Google;Stability AI,USED_BY
Glenn Morrow's Cry for Help,Glenn Morrow's Cry for Help,7fb5dabb-cbe0-4279-9250-cd3b6d40f178,10,10,0,0,0,free-music-archive,free-music-archive,Google;Stability AI,USED_BY
Discepoli-Barbiero,Discepoli-Barbiero,23639,6,6,0,0,0,free-music-archive,free-music-archive,Google;Stability AI,USED_BY
Ffiper,Ffiper,814aa817-b009-42e0-a74b-805866cce270,6,6,0,0,0,free-music-archive,free-music-archive,Google;Stability AI,USED_BY
SRVTR,SRVTR,c9896fa1-d661-47c1-ad9d-d4919a0cce1d,6,6,0,0,0,free-music-archive,free-music-archive,Google;Stability AI,USED_BY
Berthelot & Saccomani,Berthelot & Saccomani,22281,6,6,0,0,0,free-music-archive,free-music-archive,Google;Stability AI,USED_BY
Htoo Trio,Htoo Trio,22553,6,6,0,0,0,free-music-archive,free-music-archive,Google;Stability AI,USED_BY
Carlos Ramirez,Carlos Ramirez,71d5c96c-482a-4546-afce-f372ee60f623,6,6,0,0,0,free-music-archive,free-music-archive,Google;Stability AI,USED_BY
Colonel XS,Colonel XS,fae0ba34-86a8-4158-beb2-a74e19a0b539,6,6,0,0,0,free-music-archive,free-music-archive,Google;Stability AI,USED_BY
Moolen,Moolen,a2d4ea77-1876-4d88-a317-accef709ff7b,6,6,0,0,0,free-music-archive,free-music-archive,Google;Stability AI,USED_BY
D.Y.K.G.,D.Y.K.G.,838461a5-48b2-4a54-9ed9-5152ec282437,6,6,0,0,0,free-music-archive,free-music-archive,Google;Stability AI,USED_BY
Alejandro Remeseiro,Alejandro Remeseiro,39eec92f-f1e3-43f5-822b-5a1ee87de92a,6,6,0,0,0,free-music-archive,free-music-archive,Google;Stability AI,USED_BY
Rosendo J. Rocha,Rosendo J. Rocha,45820dc8-f883-4a9c-8c86-d45f7747f409,9,9,0,0,0,free-music-archive,free-music-archive,Google;Stability AI,USED_BY
piotr-heslin,piotr-heslin,eb493c84-4fc7-4e31-845a-71f2a4d6b2ca,7,7,0,0,0,free-music-archive,free-music-archive,Google;Stability AI,USED_BY
Shadows On The Snow,Shadows On The Snow,f3aaa396-c3a6-46e4-868a-3834a3c61511,12,6,0,6,0,free-music-archive;sleeping-disco-9m,free-music-archive,Google;Stability AI,USED_BY
Cutside,Cutside,6bdf4c10-2515-419f-b0dd-3e41781173db,6,6,0,0,0,free-music-archive,free-music-archive,Google;Stability AI,USED_BY
Artoh,Artoh,84cda336-95bf-4370-b229-021da5148076,6,6,0,0,0,free-music-archive,free-music-archive,Google;Stability AI,USED_BY
Name Your Fear,Name Your Fear,23865,6,6,0,0,0,free-music-archive,free-music-archive,Google;Stability AI,USED_BY
AWOTT,AWOTT,7820,6,6,0,0,0,free-music-archive,free-music-archive,Google;Stability AI,USED_BY
Hazarda Bruo Sonsistemo,Hazarda Bruo Sonsistemo,91372b57-df61-4102-b928-85f3b38f71ad,6,6,0,0,0,free-music-archive,free-music-archive,Google;Stability AI,USED_BY
Derek Joe Brockett,Derek Joe Brockett,2a1546ae-647b-4a48-8210-beff66fd54a6,6,6,0,0,0,free-music-archive,free-music-archive,Google;Stability AI,USED_BY
Laura Warholic,Laura Warholic,6507,6,6,0,0,0,free-music-archive,free-music-archive,Google;Stability AI,USED_BY
Tres Tristes Tangos,Tres Tristes Tangos,13104,6,6,0,0,0,free-music-archive,free-music-archive,Google;Stability AI,USED_BY
Machine Death,Machine Death,9ca8d7d2-d579-439a-ab55-dd38bcc3a905,6,6,0,0,0,free-music-archive,free-music-archive,Google;Stability AI,USED_BY
Au Fond Du Car,Au Fond Du Car,119ef561-60a2-4808-a7ef-e8adf28662e1,6,6,0,0,0,free-music-archive,free-music-archive,Google;Stability AI,USED_BY
Gregoire Fiaux,Gregoire Fiaux,15853,6,6,0,0,0,free-music-archive,free-music-archive,Google;Stability AI,USED_BY
dsbrdr,dsbrdr,7878,6,6,0,0,0,free-music-archive,free-music-archive,Google;Stability AI,USED_BY
Ion (Romania),Ion (Romania),8616,6,6,0,0,0,free-music-archive,free-music-archive,Google;Stability AI,USED_BY
Metatron,Metatron,36758cf6-e755-42ff-aa66-e806f951594a,6,6,0,0,0,free-music-archive,free-music-archive,Google;Stability AI,USED_BY
Trio Metrik,Trio Metrik,5b7870b3-a32a-41e6-a2ee-778d601a7f87,6,6,0,0,0,free-music-archive,free-music-archive,Google;Stability AI,USED_BY
Adapt,Adapt,9778,6,6,0,0,0,free-music-archive,free-music-archive,Google;Stability AI,USED_BY
Mighty Mega,Mighty Mega,9cdae468-157c-4802-b47b-b5727f873031,6,6,0,0,0,free-music-archive,free-music-archive,Google;Stability AI,USED_BY
Sally Crewe And the Sudden Moves,Sally Crewe And the Sudden Moves,c57358f2-86f0-4505-969b-a4f3a8e19e39,20,7,13,0,0,free-music-archive;laion-disco-12m,free-music-archive,Google;Stability AI,USED_BY
Zulal,Zulal,f84d9da4-7953-48a0-9430-29144d4379d8,6,6,0,0,0,free-music-archive,free-music-archive,Google;Stability AI,USED_BY
Beech Creeps,Beech Creeps,8af1d72c-9a73-42cf-9c98-8c979f003035,6,6,0,0,0,free-music-archive,free-music-archive,Google;Stability AI,USED_BY
Big Mean Sound Machine,Big Mean Sound Machine,f88763c8-5ae9-4045-89cb-b05d49aedf97,6,6,0,0,0,free-music-archive,free-music-archive,Google;Stability AI,USED_BY
Jake McKelvie & the Countertops,Jake McKelvie & the Countertops,8eef051b-650a-42fe-ab48-d1dfc174e010,22,6,0,16,0,free-music-archive;sleeping-disco-9m,free-music-archive,Google;Stability AI,USED_BY
moody alien,moody alien,21255,6,6,0,0,0,free-music-archive,free-music-archive,Google;Stability AI,USED_BY
Jacopo Tore,Jacopo Tore,21498,6,6,0,0,0,free-music-archive,free-music-archive,Google;Stability AI,USED_BY
Eddi Front,Eddi Front,e4357eda-be77-435f-a952-9f5430e4a261,10,6,0,4,0,free-music-archive;sleeping-disco-9m,free-music-archive,Google;Stability AI,USED_BY
Bison,Bison,17343,6,6,0,0,0,free-music-archive,free-music-archive,Google;Stability AI,USED_BY
Uncle Lew,Uncle Lew,7502,6,6,0,0,0,free-music-archive,free-music-archive,Google;Stability AI,USED_BY
Allysen Callery,Allysen Callery,74375729-0cef-4a72-a426-ac6a3619ac0a,6,6,0,0,0,free-music-archive,free-music-archive,Google;Stability AI,USED_BY
Ghofra Z,Ghofra Z,18771,6,6,0,0,0,free-music-archive,free-music-archive,Google;Stability AI,USED_BY
3K3,3K3,21588,6,6,0,0,0,free-music-archive,free-music-archive,Google;Stability AI,USED_BY
John Butcher,John Butcher,0437939d-c9fb-411d-bed1-769810df8567,6,5,0,0,1,free-music-archive;spotify-tracks-dataset,free-music-archive,Google;Stability AI,USED_BY
Mutual Hallucinations,Mutual Hallucinations,5532,5,5,0,0,0,free-music-archive,free-music-archive,Google;Stability AI,USED_BY
Manikin,Manikin,5758,5,5,0,0,0,free-music-archive,free-music-archive,Google;Stability AI,USED_BY
Wrexsoul,Wrexsoul,93759721-7c60-4aeb-91e5-37125fbbac8c,5,5,0,0,0,free-music-archive,free-music-archive,Google;Stability AI,USED_BY
Universildo,Universildo,349d33fb-faed-495d-bd0f-477a7fb108f7,5,5,0,0,0,free-music-archive,free-music-archive,Google;Stability AI,USED_BY
Chris Corsano,Chris Corsano,b3cd1260-ab5d-4f24-ba9c-d58d54edbb4d,12,5,0,7,0,free-music-archive;sleeping-disco-9m,free-music-archive,Google;Stability AI,USED_BY
BornPilot,BornPilot,6016,6,5,0,1,0,free-music-archive;sleeping-disco-9m,free-music-archive,Google;Stability AI,USED_BY
Alec K. Redfearn and the Eyesores,Alec K. Redfearn and the Eyesores,38234a92-73dd-4296-b0dd-5ddce17dec38,17,5,0,12,0,free-music-archive;sleeping-disco-9m,free-music-archive,Google;Stability AI,USED_BY
Kevin Shields,Kevin Shields,177,5,5,0,0,0,free-music-archive,free-music-archive,Google;Stability AI,USED_BY
Lungs Of A Giant,Lungs Of A Giant,198,5,5,0,0,0,free-music-archive,free-music-archive,Google;Stability AI,USED_BY
The Moonlighters,The Moonlighters,2fe25082-2dd4-426b-8758-cb7f65bb01e2,5,5,0,0,0,free-music-archive,free-music-archive,Google;Stability AI,USED_BY
Necropolis,Necropolis,221,5,5,0,0,0,free-music-archive,free-music-archive,Google;Stability AI,USED_BY
Tommy Jay,Tommy Jay,a89e91a0-80e6-4cb0-8f6e-72c64b576b03,5,5,0,0,0,free-music-archive,free-music-archive,Google;Stability AI,USED_BY
Vincebus Eruptum,Vincebus Eruptum,317,5,5,0,0,0,free-music-archive,free-music-archive,Google;Stability AI,USED_BY
Au,Au,01515686-f67b-49a3-9b68-7b53914fc0a8,9,5,1,3,0,free-music-archive;laion-disco-12m;sleeping-disco-9m,free-music-archive,Google;Stability AI,USED_BY
Baskervilles,Baskervilles,041907cf-881a-42e1-83ac-0cb10e43ad2e,9,5,0,4,0,free-music-archive;sleeping-disco-9m,free-music-archive,Google;Stability AI,USED_BY
Byron Coley,Byron Coley,ee2b5188-f62d-47c1-b025-71c0df838fae,5,5,0,0,0,free-music-archive,free-music-archive,Google;Stability AI,USED_BY
Chris Moore,Chris Moore,1049,5,5,0,0,0,free-music-archive,free-music-archive,Google;Stability AI,USED_BY
Golden Dogs,Golden Dogs,802,5,5,0,0,0,free-music-archive,free-music-archive,Google;Stability AI,USED_BY
Great Plains,Great Plains,337c6e9f-4d6a-49ae-907e-78af6a52a6ee,5,5,0,0,0,free-music-archive,free-music-archive,Google;Stability AI,USED_BY
Leather Uppers,Leather Uppers,941,5,5,0,0,0,free-music-archive,free-music-archive,Google;Stability AI,USED_BY
Matt Baldwin,Matt Baldwin,c9df0598-6b17-42ce-a429-6e9e1da0e98e,5,5,0,0,0,free-music-archive,free-music-archive,Google;Stability AI,USED_BY
MetroFolk,MetroFolk,291b6132-98fd-4007-8aed-c796eab5962e,5,5,0,0,0,free-music-archive,free-music-archive,Google;Stability AI,USED_BY
Nalle,Nalle,99de0440-9936-46a6-9324-ede040f1e09e,5,5,0,0,0,free-music-archive,free-music-archive,Google;Stability AI,USED_BY
Gentleman Jesse and His Men,Gentleman Jesse and His Men,92627d43-b0ba-4ccb-a93c-246ac5b21ee2,5,5,0,0,0,free-music-archive,free-music-archive,Google;Stability AI,USED_BY
Flaming Fire,Flaming Fire,fcf3b93e-e119-41a0-b602-abecab593423,5,5,0,0,0,free-music-archive,free-music-archive,Google;Stability AI,USED_BY
Bleep,Bleep,2ef446d7-5901-421e-a947-d60bf1439de0,5,5,0,0,0,free-music-archive,free-music-archive,Google;Stability AI,USED_BY
Sir Richard Bishop,Sir Richard Bishop,a444f8ff-2f8b-438b-a680-32c1f393244b,6,5,1,0,0,free-music-archive;laion-disco-12m,free-music-archive,Google;Stability AI,USED_BY
Alvaro,Alvaro,402,5,5,0,0,0,free-music-archive,free-music-archive,Google;Stability AI,USED_BY
G Orwell,G Orwell,9,5,5,0,0,0,free-music-archive,free-music-archive,Google;Stability AI,USED_BY
MV + EE,MV + EE,de9aefa9-f7df-4638-ac35-7ac1bfd98828,12,12,0,0,0,free-music-archive,free-music-archive,Google;Stability AI,USED_BY
Naked on the Vague,Naked on the Vague,22058149-fe2b-469f-8309-bfaeafeef67d,5,5,0,0,0,free-music-archive,free-music-archive,Google;Stability AI,USED_BY
QQQ,QQQ,ffb9f302-7972-424f-880e-68f86db99a5e,5,5,0,0,0,free-music-archive,free-music-archive,Google;Stability AI,USED_BY
Puffy Areolas,Puffy Areolas,154322fc-60ae-46c3-8da5-450aef16049f,5,5,0,0,0,free-music-archive,free-music-archive,Google;Stability AI,USED_BY
Patrick Porter,Patrick Porter,10e8c683-6c78-4633-b792-5b3eb8cec473,5,5,0,0,0,free-music-archive,free-music-archive,Google;Stability AI,USED_BY
M Shanghai String Band,M Shanghai String Band,f11201f9-6197-430c-b139-37453107f7cd,5,5,0,0,0,free-music-archive,free-music-archive,Google;Stability AI,USED_BY
Skryxl,Skryxl,940666de-6974-4557-bbad-dc7c950e92df,5,5,0,0,0,free-music-archive,free-music-archive,Google;Stability AI,USED_BY
Yosef-Joseph Dadoune & Guest Star Reef Cohen,Yosef-Joseph Dadoune & Guest Star Reef Cohen,2898,5,5,0,0,0,free-music-archive,free-music-archive,Google;Stability AI,USED_BY
Anonymous Choir,Anonymous Choir,f512969d-7d58-4697-8e61-1225d27a996a,5,5,0,0,0,free-music-archive,free-music-archive,Google;Stability AI,USED_BY
Akron/Family,Akron/Family,0f11d99e-88ba-48d2-b652-4ebe04c52d11,131,5,100,26,0,free-music-archive;laion-disco-12m;sleeping-disco-9m,free-music-archive,Google;Stability AI,USED_BY
Wizzard Sleeve,Wizzard Sleeve,d64c70b0-9b43-49d5-9bbc-281c4669e794,5,5,0,0,0,free-music-archive,free-music-archive,Google;Stability AI,USED_BY
Grey Gersten & G. Lucas Crane,Grey Gersten & G. Lucas Crane,3301,5,5,0,0,0,free-music-archive,free-music-archive,Google;Stability AI,USED_BY
Night Gallery,Night Gallery,3354,5,5,0,0,0,free-music-archive,free-music-archive,Google;Stability AI,USED_BY
Die elektrischen,Die elektrischen,b7de8155-eac4-4be7-ad96-6152ff1121a4,29,29,0,0,0,free-music-archive,free-music-archive,Google;Stability AI,USED_BY
Rosemary Krust,Rosemary Krust,314d92de-0620-4892-b6db-1a0ed14d8309,5,5,0,0,0,free-music-archive,free-music-archive,Google;Stability AI,USED_BY
Jeffrey Lewis,Jeffrey Lewis,3775,5,5,0,0,0,free-music-archive,free-music-archive,Google;Stability AI,USED_BY
Victoire,Victoire,57b322e7-028c-4def-b26a-0da21e86ab16,5,5,0,0,0,free-music-archive,free-music-archive,Google;Stability AI,USED_BY
Ceremony,Ceremony,c1540d84-55c8-40ba-b3f2-06f44a7265c2,22,5,1,16,0,free-music-archive;laion-disco-12m;sleeping-disco-9m,free-music-archive,Google;Stability AI,USED_BY
Screen Vinyl Image,Screen Vinyl Image,e0dd33f9-09c7-4dab-868b-30b3490f5599,5,5,0,0,0,free-music-archive,free-music-archive,Google;Stability AI,USED_BY
Jared Mees & the Grown Children,Jared Mees & the Grown Children,15d9100f-cc8e-4948-a412-03dcc2ba09f1,86,7,61,18,0,free-music-archive;laion-disco-12m;sleeping-disco-9m,free-music-archive,Google;Stability AI,USED_BY
Monta,Monta,bed3b6c2-4491-4cd1-ab65-68ba1b3398d9,5,5,0,0,0,free-music-archive,free-music-archive,Google;Stability AI,USED_BY
Dapayk Solo,Dapayk Solo,52fedf11-dbbb-439c-a997-c0935a1fe60b,6,5,1,0,0,free-music-archive;laion-disco-12m,free-music-archive,Google;Stability AI,USED_BY
Pierre De Gaillande,Pierre De Gaillande,be39e650-76c2-466f-97b8-f7ceb23728f7,17,12,0,5,0,free-music-archive;sleeping-disco-9m,free-music-archive,Google;Stability AI,USED_BY
Neal and Nancy O'Doan,Neal and Nancy O'Doan,4059,5,5,0,0,0,free-music-archive,free-music-archive,Google;Stability AI,USED_BY
Dagos,Dagos,0b9794bf-6c9c-4b79-bae1-d3e5b1e1c2bd,5,5,0,0,0,free-music-archive,free-music-archive,Google;Stability AI,USED_BY
Throcke,Throcke,4610,5,5,0,0,0,free-music-archive,free-music-archive,Google;Stability AI,USED_BY
Salam,Salam,842f6627-2341-4e16-af20-528cb7cd6f1a,5,5,0,0,0,free-music-archive,free-music-archive,Google;Stability AI,USED_BY
The New Mellow Edwards,The New Mellow Edwards,503f0961-3415-4227-a42f-f59530570f29,5,5,0,0,0,free-music-archive,free-music-archive,Google;Stability AI,USED_BY
The Shining Path,The Shining Path,4783,5,5,0,0,0,free-music-archive,free-music-archive,Google;Stability AI,USED_BY
Noiz Complaint,Noiz Complaint,4792,5,5,0,0,0,free-music-archive,free-music-archive,Google;Stability AI,USED_BY
Jonathan Biss,Jonathan Biss,630741b0-35bb-4c09-991e-64f98851d18a,12,5,0,7,0,free-music-archive;sleeping-disco-9m,free-music-archive,Google;Stability AI,USED_BY
The Friendly Dimension,The Friendly Dimension,4998,5,5,0,0,0,free-music-archive,free-music-archive,Google;Stability AI,USED_BY
Stendek,Stendek,c761a4e1-de8a-4db1-acfc-fe787697c200,6,5,1,0,0,free-music-archive;laion-disco-12m,free-music-archive,Google;Stability AI,USED_BY
The Frightingales,The Frightingales,5021,5,5,0,0,0,free-music-archive,free-music-archive,Google;Stability AI,USED_BY
Nikki Giovanni,Nikki Giovanni,7e820444-47d7-4e81-8018-60353e1b8458,24,5,10,9,0,free-music-archive;laion-disco-12m;sleeping-disco-9m,free-music-archive,Google;Stability AI,USED_BY
Rebe,Rebe,5084,5,5,0,0,0,free-music-archive,free-music-archive,Google;Stability AI,USED_BY
"Paul ""Wine"" Jones","Paul ""Wine"" Jones",bbeb04d3-e58f-469d-a1d6-75446a0d62d9,5,5,0,0,0,free-music-archive,free-music-archive,Google;Stability AI,USED_BY
Wildbirds & Peacedrums,Wildbirds & Peacedrums,2281c0fa-ee97-43e8-9da7-9c652295d6a0,29,8,1,20,0,free-music-archive;laion-disco-12m;sleeping-disco-9m,free-music-archive,Google;Stability AI,USED_BY
Clay Ross and Matuto,Clay Ross and Matuto,5231,5,5,0,0,0,free-music-archive,free-music-archive,Google;Stability AI,USED_BY
Rushus,Rushus,fa10ff9f-803c-44e8-8764-690a8025c4a2,5,5,0,0,0,free-music-archive,free-music-archive,Google;Stability AI,USED_BY
Alina Simone,Alina Simone,c88f9c78-56a1-434a-8bff-4a97b029fb80,19,5,0,14,0,free-music-archive;sleeping-disco-9m,free-music-archive,Google;Stability AI,USED_BY
Kate Power,Kate Power,481e4dc7-b14f-454f-bbf9-56360a5e5e95,5,5,0,0,0,free-music-archive,free-music-archive,Google;Stability AI,USED_BY
Steve Einhorn,Steve Einhorn,071e280f-6ac7-41de-a42f-58ab6672da04,5,5,0,0,0,free-music-archive,free-music-archive,Google;Stability AI,USED_BY
Jacob Smigel,Jacob Smigel,aae8274f-79c4-42a3-aa78-181f9e9324e1,9,5,0,4,0,free-music-archive;sleeping-disco-9m,free-music-archive,Google;Stability AI,USED_BY
Lushlife,Lushlife,57e97271-100a-4c70-a228-d0ce0d5bc813,118,5,94,19,0,free-music-archive;laion-disco-12m;sleeping-disco-9m,free-music-archive,Google;Stability AI,USED_BY
Guinea Worms,Guinea Worms,b4e82cd4-8a7f-43c0-8e1a-2ea9a9a44c68,5,5,0,0,0,free-music-archive,free-music-archive,Google;Stability AI,USED_BY
Here's How,Here's How,157,5,5,0,0,0,free-music-archive,free-music-archive,Google;Stability AI,USED_BY
Phallic Suns,Phallic Suns,238,5,5,0,0,0,free-music-archive,free-music-archive,Google;Stability AI,USED_BY
Pierced Arrows,Pierced Arrows,86304eef-ce10-49bb-bc5f-b128b540113b,5,5,0,0,0,free-music-archive,free-music-archive,Google;Stability AI,USED_BY
The Nightingales,The Nightingales,bb6bb252-0b79-4a0b-8185-340bc7f2bffc,5,5,0,0,0,free-music-archive,free-music-archive,Google;Stability AI,USED_BY
Tullycraft,Tullycraft,1d25e697-096d-43b1-94bd-74e0619c5567,133,5,106,20,2,free-music-archive;laion-disco-12m;sleeping-disco-9m;spotify-tracks-dataset,free-music-archive,Google;Stability AI,USED_BY
Narwhalz (of sound),Narwhalz (of sound),6694,5,5,0,0,0,free-music-archive,free-music-archive,Google;Stability AI,USED_BY
Ultrathin,Ultrathin,8274d4f6-d39b-499f-9fa0-65dea8d9b52a,5,5,0,0,0,free-music-archive,free-music-archive,Google;Stability AI,USED_BY
Solomonoff and Von Hoffmannstahl,Solomonoff and Von Hoffmannstahl,27f86ff9-5e64-4bcc-a634-7569f679598e,5,5,0,0,0,free-music-archive,free-music-archive,Google;Stability AI,USED_BY
Dielectric Drone All-Stars,Dielectric Drone All-Stars,2c377b39-8aaf-4376-bb42-6101fa387135,5,5,0,0,0,free-music-archive,free-music-archive,Google;Stability AI,USED_BY
Sonic Suicide Squad,Sonic Suicide Squad,7f463c79-44f5-4f68-a44a-c35749f57bae,5,5,0,0,0,free-music-archive,free-music-archive,Google;Stability AI,USED_BY
Arborea,Arborea,b9fc8100-9653-4a7c-82e3-67fc69bd1ef5,6,5,1,0,0,free-music-archive;laion-disco-12m,free-music-archive,Google;Stability AI,USED_BY
Steven R. Smith,Steven R. Smith,962c12a8-15ef-48b9-9f2b-e2774a440bff,7,5,0,2,0,free-music-archive;sleeping-disco-9m,free-music-archive,Google;Stability AI,USED_BY
Flavia and the Motonets,Flavia and the Motonets,6cfbebfe-2835-4850-831e-d30acdee0e41,6,6,0,0,0,free-music-archive,free-music-archive,Google;Stability AI,USED_BY
The Eskalators,The Eskalators,d6de98d1-05ac-4590-81de-c2c43329bc42,5,5,0,0,0,free-music-archive,free-music-archive,Google;Stability AI,USED_BY
Messer Chups,Messer Chups,050c59c3-12d7-4d7e-b890-9ebcf0caa85d,157,5,138,14,0,free-music-archive;laion-disco-12m;sleeping-disco-9m,free-music-archive,Google;Stability AI,USED_BY
Daniel Johnston,Daniel Johnston,8a7ca8b0-d23c-4eff-8fe9-6220ba5c9c76,205,5,147,52,1,free-music-archive;laion-disco-12m;sleeping-disco-9m;spotify-tracks-dataset,free-music-archive,Google;Stability AI,USED_BY
Taylor Ho Bynum/Tomas Fujiwara Duo,Taylor Ho Bynum/Tomas Fujiwara Duo,2119,5,5,0,0,0,free-music-archive,free-music-archive,Google;Stability AI,USED_BY
Meg Baird,Meg Baird,bb927dc9-51a1-4e98-be97-e5d22695a1e3,74,5,55,14,0,free-music-archive;laion-disco-12m;sleeping-disco-9m,free-music-archive,Google;Stability AI,USED_BY
Mira Cook,Mira Cook,a30492a6-53ad-40f3-9a54-e5f898bf9b2c,6,5,1,0,0,free-music-archive;laion-disco-12m,free-music-archive,Google;Stability AI,USED_BY
Weasel Walter,Weasel Walter,fb81800c-4270-45e8-ba4f-75747f5de736,5,5,0,0,0,free-music-archive,free-music-archive,Google;Stability AI,USED_BY
Shorthand Phonetics,Shorthand Phonetics,d31ec357-5a2b-43b8-9efd-ece95634df1c,5,5,0,0,0,free-music-archive,free-music-archive,Google;Stability AI,USED_BY
Harlequinade/Texture,Harlequinade/Texture,8682,5,5,0,0,0,free-music-archive,free-music-archive,Google;Stability AI,USED_BY
Unmen,Unmen,500ea8b8-c758-4e2f-823f-b2e97860b46f,5,5,0,0,0,free-music-archive,free-music-archive,Google;Stability AI,USED_BY
Duran Duran Duran,Duran Duran Duran,cc4dac19-a654-4893-bcaf-39c55ce8d681,5,5,0,0,0,free-music-archive,free-music-archive,Google;Stability AI,USED_BY
John Wicks and Paul Collins,John Wicks and Paul Collins,4201,5,5,0,0,0,free-music-archive,free-music-archive,Google;Stability AI,USED_BY
Smoked Meat Fax Machine,Smoked Meat Fax Machine,60bf6883-c754-40b9-8f1b-33cb96491109,5,5,0,0,0,free-music-archive,free-music-archive,Google;Stability AI,USED_BY
Flexible Music,Flexible Music,4997,5,5,0,0,0,free-music-archive,free-music-archive,Google;Stability AI,USED_BY
Thieves Like Us,Thieves Like Us,73c46e29-a6f1-4900-bee8-f9e2662535cb,92,5,62,25,0,free-music-archive;laion-disco-12m;sleeping-disco-9m,free-music-archive,Google;Stability AI,USED_BY
Courtis,Courtis,3f96500e-a2ed-42fe-a87c-dd9f9763a9a7,10,10,0,0,0,free-music-archive,free-music-archive,Google;Stability AI,USED_BY
Moore,Moore,f6b9e9dc-3c6e-4d09-b924-991ce0a5dace,11,11,0,0,0,free-music-archive,free-music-archive,Google;Stability AI,USED_BY
Sleaze,Sleaze,e6b6c5cf-5bcc-4a5b-bcd8-47eb61173c39,79,76,0,3,0,free-music-archive;sleeping-disco-9m,free-music-archive,Google;Stability AI,USED_BY
Light Under Water,Light Under Water,9b87fae7-fabf-4084-9afd-3bfa21aefcce,5,5,0,0,0,free-music-archive,free-music-archive,Google;Stability AI,USED_BY
Wizardry,Wizardry,e09853e8-7ad7-4446-a6db-45b99211b384,5,5,0,0,0,free-music-archive,free-music-archive,Google;Stability AI,USED_BY
Marianne Nowottny,Marianne Nowottny,26eb6dbf-0280-4e7c-b4ba-352957bd9a92,5,5,0,0,0,free-music-archive,free-music-archive,Google;Stability AI,USED_BY
Brown Recluse Sings,Brown Recluse Sings,96e3ba66-0540-4819-b1fa-0f4740d6f0c1,8,8,0,0,0,free-music-archive,free-music-archive,Google;Stability AI,USED_BY
Pharaoh's Daughter,Pharaoh's Daughter,431a0ee0-ce6e-4127-b922-22128eb63520,6,5,1,0,0,free-music-archive;laion-disco-12m,free-music-archive,Google;Stability AI,USED_BY
_jjj_,_jjj_,5946,5,5,0,0,0,free-music-archive,free-music-archive,Google;Stability AI,USED_BY
The Night Owl,The Night Owl,999839a0-066c-407c-afe9-887e391cfcd0,155,5,150,0,0,free-music-archive;laion-disco-12m,free-music-archive,Google;Stability AI,USED_BY
Cantonement Jazz Band,Cantonement Jazz Band,97,5,5,0,0,0,free-music-archive,free-music-archive,Google;Stability AI,USED_BY
Ian Nagoski,Ian Nagoski,c42e0a00-57a2-4221-b12c-b214c949d404,5,5,0,0,0,free-music-archive,free-music-archive,Google;Stability AI,USED_BY
Dragging an Ox Through Water,Dragging an Ox Through Water,b9778bfb-4e8d-46d4-9005-f6f8a5c33974,5,5,0,0,0,free-music-archive,free-music-archive,Google;Stability AI,USED_BY
Fuzz Unlimited,Fuzz Unlimited,144,5,5,0,0,0,free-music-archive,free-music-archive,Google;Stability AI,USED_BY
Yan Yalego,Yan Yalego,9541e85d-5491-490f-a8e1-b5c99b7c0928,5,5,0,0,0,free-music-archive,free-music-archive,Google;Stability AI,USED_BY
Sodadosa,Sodadosa,7324e58d-7e4c-4223-913e-aeb37ca976ac,5,5,0,0,0,free-music-archive,free-music-archive,Google;Stability AI,USED_BY
Marianne Dissard,Marianne Dissard,f5e15371-87a3-4856-8abb-07ab5242e1f1,5,5,0,0,0,free-music-archive,free-music-archive,Google;Stability AI,USED_BY
Pyramid Scheme Trio,Pyramid Scheme Trio,1160,5,5,0,0,0,free-music-archive,free-music-archive,Google;Stability AI,USED_BY
Mimi Sun,Mimi Sun,1902,5,5,0,0,0,free-music-archive,free-music-archive,Google;Stability AI,USED_BY
Lyn Goeringer,Lyn Goeringer,22221822-da96-4011-a86c-df4344daea4c,5,5,0,0,0,free-music-archive,free-music-archive,Google;Stability AI,USED_BY
Anla Courtis,Anla Courtis,3f96500e-a2ed-42fe-a87c-dd9f9763a9a7,10,10,0,0,0,free-music-archive,free-music-archive,Google;Stability AI,USED_BY
Dustin Wong,Dustin Wong,1b9a6e96-2304-4adf-807f-bac10be8cd28,7,5,0,2,0,free-music-archive;sleeping-disco-9m,free-music-archive,Google;Stability AI,USED_BY
Kenneth Kirschner,Kenneth Kirschner,d4c02492-72c9-4a31-b966-f36dba28caa6,6,5,1,0,0,free-music-archive;laion-disco-12m,free-music-archive,Google;Stability AI,USED_BY
Curtis Hasselbring's Decoupage,Curtis Hasselbring's Decoupage,633,5,5,0,0,0,free-music-archive,free-music-archive,Google;Stability AI,USED_BY
Zengineers,Zengineers,42e1e3e3-0e10-461b-807a-d51adaaf041f,5,5,0,0,0,free-music-archive,free-music-archive,Google;Stability AI,USED_BY
Zaïmph,Zaïmph,39f608d2-1968-4947-9e51-00395627adcf,5,5,0,0,0,free-music-archive,free-music-archive,Google;Stability AI,USED_BY
Peerless Quartet,Peerless Quartet,42869cf7-ee87-4447-9049-dab9d3b1f4df,14,5,0,9,0,free-music-archive;sleeping-disco-9m,free-music-archive,Google;Stability AI,USED_BY
Jeffrey Letterly,Jeffrey Letterly,1aa38868-bd1a-4c7c-bfe7-bfbb6badfb10,5,5,0,0,0,free-music-archive,free-music-archive,Google;Stability AI,USED_BY
Lebensjunge,Lebensjunge,5219,5,5,0,0,0,free-music-archive,free-music-archive,Google;Stability AI,USED_BY
Satori,Satori,5586,5,5,0,0,0,free-music-archive,free-music-archive,Google;Stability AI,USED_BY
The Axemen,The Axemen,5577,5,5,0,0,0,free-music-archive,free-music-archive,Google;Stability AI,USED_BY
Glass Candy,Glass Candy,147,5,5,0,0,0,free-music-archive,free-music-archive,Google;Stability AI,USED_BY
The Yes Sirs,The Yes Sirs,3195,5,5,0,0,0,free-music-archive,free-music-archive,Google;Stability AI,USED_BY
F master F,F master F,0867c02f-bfe7-45fb-a149-0629ede7cfe9,5,5,0,0,0,free-music-archive,free-music-archive,Google;Stability AI,USED_BY
mr_melvis,mr_melvis,abd1f771-ef5a-43be-a73c-aea9e3f95d91,6,6,0,0,0,free-music-archive,free-music-archive,Google;Stability AI,USED_BY
Kalashnikov,Kalashnikov,3966,5,5,0,0,0,free-music-archive,free-music-archive,Google;Stability AI,USED_BY
Holly Golightly,Holly Golightly,c0d96e6b-ee48-422d-8c28-f169ada973a8,176,5,133,38,0,free-music-archive;laion-disco-12m;sleeping-disco-9m,free-music-archive,Google;Stability AI,USED_BY
Borre Zon,Borre Zon,5216,5,5,0,0,0,free-music-archive,free-music-archive,Google;Stability AI,USED_BY
Hexlove,Hexlove,10379e5a-b7a8-4261-bc60-59e6be0f90d1,25,5,0,20,0,free-music-archive;sleeping-disco-9m,free-music-archive,Google;Stability AI,USED_BY
Jason Forrest,Jason Forrest,b2a25158-0e8a-4ce2-92e8-9ab13e28d53a,6,5,0,1,0,free-music-archive;sleeping-disco-9m,free-music-archive,Google;Stability AI,USED_BY
The Waco Brothers,The Waco Brothers,b4322fe8-a43e-40a0-9728-52d6ee873bc8,50,18,0,32,0,free-music-archive;sleeping-disco-9m,free-music-archive,Google;Stability AI,USED_BY
Silas Leachman,Silas Leachman,b2b4b78b-0711-4ab9-9aac-778c36e4b420,5,5,0,0,0,free-music-archive,free-music-archive,Google;Stability AI,USED_BY
Javelin,Javelin,5566,5,5,0,0,0,free-music-archive,free-music-archive,Google;Stability AI,USED_BY
25 КУСТОВ,25 КУСТОВ,17822,5,5,0,0,0,free-music-archive,free-music-archive,Google;Stability AI,USED_BY
DMN Productions,DMN Productions,17875,5,5,0,0,0,free-music-archive,free-music-archive,Google;Stability AI,USED_BY
Easy Rider,Easy Rider,17885,5,5,0,0,0,free-music-archive,free-music-archive,Google;Stability AI,USED_BY
mangulicaFM,mangulicaFM,05ffaa7e-a7b1-45b4-a5d7-7ede3850d145,6,6,0,0,0,free-music-archive,free-music-archive,Google;Stability AI,USED_BY
Ezylohm_tek,Ezylohm_tek,17907,5,5,0,0,0,free-music-archive,free-music-archive,Google;Stability AI,USED_BY
Organic Anagram,Organic Anagram,4f27e684-04bc-4b64-a90b-4a2b7bcab0d4,5,5,0,0,0,free-music-archive,free-music-archive,Google;Stability AI,USED_BY
Aires,Aires,18000,5,5,0,0,0,free-music-archive,free-music-archive,Google;Stability AI,USED_BY
Italian Village Music and Dance,Italian Village Music and Dance,18020,5,5,0,0,0,free-music-archive,free-music-archive,Google;Stability AI,USED_BY
Wind of Anatolia,Wind of Anatolia,18021,5,5,0,0,0,free-music-archive,free-music-archive,Google;Stability AI,USED_BY
Mudlark,Mudlark,18044,5,5,0,0,0,free-music-archive,free-music-archive,Google;Stability AI,USED_BY
Akoustik Timbre Frekuency,Akoustik Timbre Frekuency,59912be7-286a-4c3e-8088-78de51d5a476,5,5,0,0,0,free-music-archive,free-music-archive,Google;Stability AI,USED_BY
Johannes Bergmark,Johannes Bergmark,401e0571-256f-43d2-a04a-25002bd1191f,5,5,0,0,0,free-music-archive,free-music-archive,Google;Stability AI,USED_BY
Rob Rob Rob,Rob Rob Rob,18138,5,5,0,0,0,free-music-archive,free-music-archive,Google;Stability AI,USED_BY
Dark Urrru,Dark Urrru,18220,5,5,0,0,0,free-music-archive,free-music-archive,Google;Stability AI,USED_BY
Extrapool,Extrapool,18232,5,5,0,0,0,free-music-archive,free-music-archive,Google;Stability AI,USED_BY
So Brown,So Brown,0841d3ea-bdfc-4df2-9c9e-01259e8c8faf,5,5,0,0,0,free-music-archive,free-music-archive,Google;Stability AI,USED_BY
La Sabrosa Sabrosura,La Sabrosa Sabrosura,ac0d06bc-50ef-4e1d-a93b-47e4b7e65be1,5,5,0,0,0,free-music-archive,free-music-archive,Google;Stability AI,USED_BY
The Spits,The Spits,f1ee5588-3b80-45a7-b33b-3337af8cdf6e,105,5,93,0,7,free-music-archive;laion-disco-12m;spotify-tracks-dataset,free-music-archive,Google;Stability AI,USED_BY
Broken Hours,Broken Hours,a2b3ab70-143a-4ebb-a2ea-7b6c4643d726,5,5,0,0,0,free-music-archive,free-music-archive,Google;Stability AI,USED_BY
gift,gift,17983,5,5,0,0,0,free-music-archive,free-music-archive,Google;Stability AI,USED_BY
Nandas,Nandas,18386,5,5,0,0,0,free-music-archive,free-music-archive,Google;Stability AI,USED_BY
Boogarins,Boogarins,46713d05-4143-4704-a9c3-71b482a13944,159,5,98,55,1,free-music-archive;laion-disco-12m;sleeping-disco-9m;spotify-tracks-dataset,free-music-archive,Google;Stability AI,USED_BY
Carsick Cars,Carsick Cars,38c38eec-c6d9-4da0-b2da-2fba8458a3cb,15,5,0,10,0,free-music-archive;sleeping-disco-9m,free-music-archive,Google;Stability AI,USED_BY
11è étage,11è étage,18412,5,5,0,0,0,free-music-archive,free-music-archive,Google;Stability AI,USED_BY
The Safes,The Safes,18481,5,5,0,0,0,free-music-archive,free-music-archive,Google;Stability AI,USED_BY
Bassling,Bassling,89e667da-08c2-4bc6-bc7c-d9757e1af45f,5,5,0,0,0,free-music-archive,free-music-archive,Google;Stability AI,USED_BY
Edoardo Romani Capelo,Edoardo Romani Capelo,ebfa5c85-a182-4fa1-b053-5fa44f8d1de2,5,5,0,0,0,free-music-archive,free-music-archive,Google;Stability AI,USED_BY
Elbee,Elbee,18678,5,5,0,0,0,free-music-archive,free-music-archive,Google;Stability AI,USED_BY
fp,fp,a2aa4162-f16b-406b-8392-b307b49b3961,6,5,1,0,0,free-music-archive;laion-disco-12m,free-music-archive,Google;Stability AI,USED_BY
Courtney Barnett,Courtney Barnett,55111838-f001-494a-a1b5-9d818db85810,171,5,105,61,0,free-music-archive;laion-disco-12m;sleeping-disco-9m,free-music-archive,Google;Stability AI,USED_BY
Peter Kerlin Octet,Peter Kerlin Octet,18705,5,5,0,0,0,free-music-archive,free-music-archive,Google;Stability AI,USED_BY
Michaela Anne,Michaela Anne,f8331bc5-6983-4778-a4d9-576532e59215,92,5,64,23,0,free-music-archive;laion-disco-12m;sleeping-disco-9m,free-music-archive,Google;Stability AI,USED_BY
Zach Fleury,Zach Fleury,87356151-136b-47b1-b0f2-3ae6b91a5106,5,5,0,0,0,free-music-archive,free-music-archive,Google;Stability AI,USED_BY
cultureculture,cultureculture,18870,5,5,0,0,0,free-music-archive,free-music-archive,Google;Stability AI,USED_BY
Kepi Ghoulie,Kepi Ghoulie,88fbdb47-b67a-49af-b7c4-e337ee304f05,6,6,0,0,0,free-music-archive,free-music-archive,Google;Stability AI,USED_BY
VANIISH,VANIISH,fed1a01c-fd3c-4398-8b87-4cfad12cd840,6,6,0,0,0,free-music-archive,free-music-archive,Google;Stability AI,USED_BY
Razen,Razen,33169a86-5bfd-42de-92de-5fa96c28ade1,8,5,1,2,0,free-music-archive;laion-disco-12m;sleeping-disco-9m,free-music-archive,Google;Stability AI,USED_BY
Orchester Ivana Tomoviča,Orchester Ivana Tomoviča,18992,5,5,0,0,0,free-music-archive,free-music-archive,Google;Stability AI,USED_BY
Newton Balloon,Newton Balloon,8725e5e9-96bc-4cdb-b14f-7cdeca80249b,5,5,0,0,0,free-music-archive,free-music-archive,Google;Stability AI,USED_BY
Hinterlandt,Hinterlandt,8b9d36d1-89bd-4bbb-b374-20a402e1849e,5,5,0,0,0,free-music-archive,free-music-archive,Google;Stability AI,USED_BY
Andy Rantzen,Andy Rantzen,a94e1e12-8fbe-4042-aac3-9b3a44708124,5,5,0,0,0,free-music-archive,free-music-archive,Google;Stability AI,USED_BY
chientaroli espinal rave vitale,chientaroli espinal rave vitale,19053,5,5,0,0,0,free-music-archive,free-music-archive,Google;Stability AI,USED_BY
These Guy,These Guy,9c52ff11-0108-40d7-820f-6fe6198e7db9,5,5,0,0,0,free-music-archive,free-music-archive,Google;Stability AI,USED_BY
Il Sogno del Marinaio,Il Sogno del Marinaio,cd4b80e1-8faa-433b-88bd-b0ee38017036,8,8,0,0,0,free-music-archive,free-music-archive,Google;Stability AI,USED_BY
Second Hand Rose,Second Hand Rose,19097,5,5,0,0,0,free-music-archive,free-music-archive,Google;Stability AI,USED_BY
Arthur Henry Fork,Arthur Henry Fork,7e3f1714-8b61-4804-9455-c9771a86bff3,5,5,0,0,0,free-music-archive,free-music-archive,Google;Stability AI,USED_BY
Soonar,Soonar,19262,5,5,0,0,0,free-music-archive,free-music-archive,Google;Stability AI,USED_BY
Sileni,Sileni,4659,5,5,0,0,0,free-music-archive,free-music-archive,Google;Stability AI,USED_BY
Jubal,Jubal,19276,5,5,0,0,0,free-music-archive,free-music-archive,Google;Stability AI,USED_BY
André Coelho,André Coelho,c6024cb8-a80d-45f9-abba-2a815cd63721,38,5,33,0,0,free-music-archive;laion-disco-12m,free-music-archive,Google;Stability AI,USED_BY
The Coconut Monkeyrocket,The Coconut Monkeyrocket,f1b6ecc2-ef99-4100-9feb-bbb8b4d3304f,5,5,0,0,0,free-music-archive,free-music-archive,Google;Stability AI,USED_BY
Mr. Airplane Man,Mr. Airplane Man,1d7da097-91e9-4bf2-bb54-c6e4bd43b95d,6,5,0,0,1,free-music-archive;spotify-tracks-dataset,free-music-archive,Google;Stability AI,USED_BY
Moons,Moons,19391,5,5,0,0,0,free-music-archive,free-music-archive,Google;Stability AI,USED_BY
75 Dollar Bill,75 Dollar Bill,2abe8e8b-4f70-4379-9348-ec559faab8e3,5,5,0,0,0,free-music-archive,free-music-archive,Google;Stability AI,USED_BY
Brett Saxon,Brett Saxon,19451,5,5,0,0,0,free-music-archive,free-music-archive,Google;Stability AI,USED_BY
Madoka,Madoka,19495,5,5,0,0,0,free-music-archive,free-music-archive,Google;Stability AI,USED_BY
Majestic Jam,Majestic Jam,19516,5,5,0,0,0,free-music-archive,free-music-archive,Google;Stability AI,USED_BY
Lord SC,Lord SC,19523,5,5,0,0,0,free-music-archive,free-music-archive,Google;Stability AI,USED_BY
Litvakus,Litvakus,b94d9eff-215a-407b-9d67-ae3cf183d9fd,5,5,0,0,0,free-music-archive,free-music-archive,Google;Stability AI,USED_BY
Balkan Mind Meld,Balkan Mind Meld,19722,5,5,0,0,0,free-music-archive,free-music-archive,Google;Stability AI,USED_BY
U.M.M.,U.M.M.,17072,5,5,0,0,0,free-music-archive,free-music-archive,Google;Stability AI,USED_BY
FMA Overlords,FMA Overlords,19419,5,5,0,0,0,free-music-archive,free-music-archive,Google;Stability AI,USED_BY
Big Debbie,Big Debbie,608ce794-31b3-426f-bb07-4223aec1e957,9,9,0,0,0,free-music-archive,free-music-archive,Google;Stability AI,USED_BY
My Monthly Date,My Monthly Date,e8eab741-621a-4f3d-8443-d672cc81538a,5,5,0,0,0,free-music-archive,free-music-archive,Google;Stability AI,USED_BY
La Inédita,La Inédita,f4148004-630c-46c0-b365-c7dfa4d1b632,34,5,28,1,0,free-music-archive;laion-disco-12m;sleeping-disco-9m,free-music-archive,Google;Stability AI,USED_BY
Ton Haring,Ton Haring,8f6bc6e9-483a-4629-8bf8-2d96ef66c805,5,5,0,0,0,free-music-archive,free-music-archive,Google;Stability AI,USED_BY
compost haven,compost haven,19996,5,5,0,0,0,free-music-archive,free-music-archive,Google;Stability AI,USED_BY
Tyranny is Tyranny,Tyranny is Tyranny,806f3e62-99b9-47de-bef5-28f45d594a42,5,5,0,0,0,free-music-archive,free-music-archive,Google;Stability AI,USED_BY
HOUTITOUTAH,HOUTITOUTAH,20047,5,5,0,0,0,free-music-archive,free-music-archive,Google;Stability AI,USED_BY
Bagat,Bagat,eebc3a49-7aa4-44c9-8eda-861cc71abe99,5,5,0,0,0,free-music-archive,free-music-archive,Google;Stability AI,USED_BY
manuelgordiani.it - fabrizioab,manuelgordiani.it - fabrizioab,20130,5,5,0,0,0,free-music-archive,free-music-archive,Google;Stability AI,USED_BY
J Mano,J Mano,20153,5,5,0,0,0,free-music-archive,free-music-archive,Google;Stability AI,USED_BY
Iku × konofumin,Iku × konofumin,20154,5,5,0,0,0,free-music-archive,free-music-archive,Google;Stability AI,USED_BY
Dead End Canada,Dead End Canada,20310,5,5,0,0,0,free-music-archive,free-music-archive,Google;Stability AI,USED_BY
Vholtz,Vholtz,20533,5,5,0,0,0,free-music-archive,free-music-archive,Google;Stability AI,USED_BY
Eszter Balint,Eszter Balint,1f82f329-3d15-4fd7-938d-0822afb8950d,6,5,0,1,0,free-music-archive;sleeping-disco-9m,free-music-archive,Google;Stability AI,USED_BY
Tandem Hat,Tandem Hat,20632,5,5,0,0,0,free-music-archive,free-music-archive,Google;Stability AI,USED_BY
The Dread,The Dread,20648,5,5,0,0,0,free-music-archive,free-music-archive,Google;Stability AI,USED_BY
Hawkin,Hawkin,20678,5,5,0,0,0,free-music-archive,free-music-archive,Google;Stability AI,USED_BY
Zebra,Zebra,c601649d-2384-45b3-b51d-da56a2f36a87,5,5,0,0,0,free-music-archive,free-music-archive,Google;Stability AI,USED_BY
The Fast Set,The Fast Set,259df9f5-33e9-4563-9a4b-e4043e96ad3f,5,5,0,0,0,free-music-archive,free-music-archive,Google;Stability AI,USED_BY
Clean,Clean,20739,5,5,0,0,0,free-music-archive,free-music-archive,Google;Stability AI,USED_BY
Pow Wows,Pow Wows,c66dae98-bbd6-457b-b34d-dbc7b38cf130,5,5,0,0,0,free-music-archive,free-music-archive,Google;Stability AI,USED_BY
k9d,k9d,16e83b28-cff7-4bce-8119-cf2c20ea90dd,5,5,0,0,0,free-music-archive,free-music-archive,Google;Stability AI,USED_BY
TG Gondard,TG Gondard,f648d1a9-86ee-44ec-8ccd-7832e91fb50e,5,5,0,0,0,free-music-archive,free-music-archive,Google;Stability AI,USED_BY
Prémio Mistério,Prémio Mistério,34b3e9c4-f30f-4fbd-94fc-2d597eae1d94,5,5,0,0,0,free-music-archive,free-music-archive,Google;Stability AI,USED_BY
peachonfuse,peachonfuse,14645,5,5,0,0,0,free-music-archive,free-music-archive,Google;Stability AI,USED_BY
Quest Poetics,Quest Poetics,14668,5,5,0,0,0,free-music-archive,free-music-archive,Google;Stability AI,USED_BY
Leggysalad,Leggysalad,319375d4-653c-4146-a800-a44a82458d5b,6,5,1,0,0,free-music-archive;laion-disco-12m,free-music-archive,Google;Stability AI,USED_BY
Squarehead,Squarehead,de9b501a-1b4b-489e-b857-066695cccc23,8,5,0,3,0,free-music-archive;sleeping-disco-9m,free-music-archive,Google;Stability AI,USED_BY
The Universal Thump,The Universal Thump,5d4af9a0-dcf3-4d52-b24d-c47be7431cd9,5,5,0,0,0,free-music-archive,free-music-archive,Google;Stability AI,USED_BY
h+,h+,14699,5,5,0,0,0,free-music-archive,free-music-archive,Google;Stability AI,USED_BY
Morus Alba,Morus Alba,13622,5,5,0,0,0,free-music-archive,free-music-archive,Google;Stability AI,USED_BY
Horsebladder,Horsebladder,875051f0-300b-4b9d-9e7a-069f00d4409c,5,5,0,0,0,free-music-archive,free-music-archive,Google;Stability AI,USED_BY
Ex Cops,Ex Cops,cca3e690-bb57-4f38-8c32-e943799c8321,18,5,0,13,0,free-music-archive;sleeping-disco-9m,free-music-archive,Google;Stability AI,USED_BY
Moore & Sons,Moore & Sons,14951,5,5,0,0,0,free-music-archive,free-music-archive,Google;Stability AI,USED_BY
Augustus Bro,Augustus Bro,03574818-4ed6-472f-b09e-d4ae1e352e11,5,5,0,0,0,free-music-archive,free-music-archive,Google;Stability AI,USED_BY
Human Terminal,Human Terminal,c0ed4190-e018-492c-8e05-7ddbb70eaed5,5,5,0,0,0,free-music-archive,free-music-archive,Google;Stability AI,USED_BY
Mizuki's Last Chance,Mizuki's Last Chance,a791a39b-ca90-4d65-862f-0ae5ff25295d,5,5,0,0,0,free-music-archive,free-music-archive,Google;Stability AI,USED_BY
Arcade Island,Arcade Island,dc3b9888-4624-4566-8b93-aee2d94bc6eb,5,5,0,0,0,free-music-archive,free-music-archive,Google;Stability AI,USED_BY
Tiny Hazard,Tiny Hazard,0b8dac1f-f302-4265-a534-760704237529,6,5,0,1,0,free-music-archive;sleeping-disco-9m,free-music-archive,Google;Stability AI,USED_BY
A Magnifique Bande dos Homes sen Medo,A Magnifique Bande dos Homes sen Medo,bd1525f1-4b81-402e-9c7e-679954fe1d38,5,5,0,0,0,free-music-archive,free-music-archive,Google;Stability AI,USED_BY
Tamaryn,Tamaryn,ec0b5da9-c023-45b7-b5ac-f53657a42938,69,5,41,23,0,free-music-archive;laion-disco-12m;sleeping-disco-9m,free-music-archive,Google;Stability AI,USED_BY
NTHnth STHsth,NTHnth STHsth,14ea18a3-554b-4262-9208-87256722ad54,5,5,0,0,0,free-music-archive,free-music-archive,Google;Stability AI,USED_BY
Misay Day,Misay Day,15433,5,5,0,0,0,free-music-archive,free-music-archive,Google;Stability AI,USED_BY
Agonidaeline,Agonidaeline,15524,5,5,0,0,0,free-music-archive,free-music-archive,Google;Stability AI,USED_BY
trollhead,trollhead,8f950dee-7f2a-43de-b29c-c43203064f7d,5,5,0,0,0,free-music-archive,free-music-archive,Google;Stability AI,USED_BY
Raklorom,Raklorom,15806,5,5,0,0,0,free-music-archive,free-music-archive,Google;Stability AI,USED_BY
Zlatni Makedoncinja,Zlatni Makedoncinja,15839,5,5,0,0,0,free-music-archive,free-music-archive,Google;Stability AI,USED_BY
Noise Boletus,Noise Boletus,15904,5,5,0,0,0,free-music-archive,free-music-archive,Google;Stability AI,USED_BY
William Davison,William Davison,eb5ab592-2631-45ff-b00b-eefd2f6e1c00,5,5,0,0,0,free-music-archive,free-music-archive,Google;Stability AI,USED_BY
The Green Kingdom,The Green Kingdom,cbb80330-0a12-4728-b91a-cb71be725ad3,211,5,151,55,0,free-music-archive;laion-disco-12m;sleeping-disco-9m,free-music-archive,Google;Stability AI,USED_BY
Roach Davies And The Fleas,Roach Davies And The Fleas,16000,5,5,0,0,0,free-music-archive,free-music-archive,Google;Stability AI,USED_BY
Las Ardillas,Las Ardillas,15fe52fc-bc5c-4209-b26d-af2e0fa3ed44,6,6,0,0,0,free-music-archive,free-music-archive,Google;Stability AI,USED_BY
16 Squares G,16 Squares G,16244,5,5,0,0,0,free-music-archive,free-music-archive,Google;Stability AI,USED_BY
Copy Your Idols,Copy Your Idols,ec5c6b94-a469-4b33-bc6e-2ed2c912c5dc,5,5,0,0,0,free-music-archive,free-music-archive,Google;Stability AI,USED_BY
Ж.,Ж.,16331,5,5,0,0,0,free-music-archive,free-music-archive,Google;Stability AI,USED_BY
Hapbt,Hapbt,1ae6f1ae-8f17-472e-9299-ed0a4ec61081,5,5,0,0,0,free-music-archive,free-music-archive,Google;Stability AI,USED_BY
Wild Leaves,Wild Leaves,8f448bc6-83d0-4b07-b526-ed3b98ecef58,5,5,0,0,0,free-music-archive,free-music-archive,Google;Stability AI,USED_BY
Deke Naptar,Deke Naptar,16489,5,5,0,0,0,free-music-archive,free-music-archive,Google;Stability AI,USED_BY
Titfield Thunderbolt,Titfield Thunderbolt,7479,5,5,0,0,0,free-music-archive,free-music-archive,Google;Stability AI,USED_BY
First Rebirth,First Rebirth,21f1cac7-df37-4d35-bb3e-d753d0a9f6a5,5,5,0,0,0,free-music-archive,free-music-archive,Google;Stability AI,USED_BY
Radio 421,Radio 421,16512,5,5,0,0,0,free-music-archive,free-music-archive,Google;Stability AI,USED_BY
Telesthesia,Telesthesia,f7c4f496-a641-49bb-adaa-5205e8f101c2,5,5,0,0,0,free-music-archive,free-music-archive,Google;Stability AI,USED_BY
Pigeons,Pigeons,13315,5,5,0,0,0,free-music-archive,free-music-archive,Google;Stability AI,USED_BY
Rafael González,Rafael González,16530,5,5,0,0,0,free-music-archive,free-music-archive,Google;Stability AI,USED_BY
Broken Water,Broken Water,85def39a-27b3-4003-83b9-41afb25b40f3,14,5,9,0,0,free-music-archive;laion-disco-12m,free-music-archive,Google;Stability AI,USED_BY
The Laurels,The Laurels,4c7e9be4-0328-4a2f-9a60-16bc85f90122,8,5,0,3,0,free-music-archive;sleeping-disco-9m,free-music-archive,Google;Stability AI,USED_BY
Buskerdroid vs Microman,Buskerdroid vs Microman,16608,5,5,0,0,0,free-music-archive,free-music-archive,Google;Stability AI,USED_BY
Bing Satellites,Bing Satellites,808dc300-e4ab-43b3-a046-37e221ee7518,6,5,0,1,0,free-music-archive;sleeping-disco-9m,free-music-archive,Google;Stability AI,USED_BY
The Bomb Busters,The Bomb Busters,16768,5,5,0,0,0,free-music-archive,free-music-archive,Google;Stability AI,USED_BY
babysitter,babysitter,57c85216-6e6b-4b89-a7ac-fd9b0c886d13,5,5,0,0,0,free-music-archive,free-music-archive,Google;Stability AI,USED_BY
Shopping,Shopping,16847,5,5,0,0,0,free-music-archive,free-music-archive,Google;Stability AI,USED_BY
Hunter-Gatherer,Hunter-Gatherer,16849,5,5,0,0,0,free-music-archive,free-music-archive,Google;Stability AI,USED_BY
Broadcloth,Broadcloth,16879,5,5,0,0,0,free-music-archive,free-music-archive,Google;Stability AI,USED_BY
Phirnis,Phirnis,7090113b-71f5-467c-a3fb-6a8a9ad67cf7,5,5,0,0,0,free-music-archive,free-music-archive,Google;Stability AI,USED_BY
Coma Stereo,Coma Stereo,380ae2bc-3ff1-4c0d-a92c-70e200bf284f,5,5,0,0,0,free-music-archive,free-music-archive,Google;Stability AI,USED_BY
William Tyler,William Tyler,37e374de-ed4a-4bab-97ac-b6520971b0ed,102,5,92,5,0,free-music-archive;laion-disco-12m;sleeping-disco-9m,free-music-archive,Google;Stability AI,USED_BY
Gottfried Ist Tot,Gottfried Ist Tot,17008,5,5,0,0,0,free-music-archive,free-music-archive,Google;Stability AI,USED_BY
Chuck Bettis & Joe Merolla,Chuck Bettis & Joe Merolla,14281,5,5,0,0,0,free-music-archive,free-music-archive,Google;Stability AI,USED_BY
CCR Headcleaner,CCR Headcleaner,caa27f82-3eed-4839-8b29-d2ecf1d8bcf4,5,5,0,0,0,free-music-archive,free-music-archive,Google;Stability AI,USED_BY
American Ice Age,American Ice Age,17253,5,5,0,0,0,free-music-archive,free-music-archive,Google;Stability AI,USED_BY
A3ek,A3ek,61ce1bb9-0c06-441f-8747-f9261319a667,5,5,0,0,0,free-music-archive,free-music-archive,Google;Stability AI,USED_BY
Ben Seretan and Alex Lewis,Ben Seretan and Alex Lewis,17415,5,5,0,0,0,free-music-archive,free-music-archive,Google;Stability AI,USED_BY
Globular,Globular,ccdce929-84c9-4013-a8c9-12ae3f531447,101,5,96,0,0,free-music-archive;laion-disco-12m,free-music-archive,Google;Stability AI,USED_BY
Daenjellson,Daenjellson,9d27ccc1-f1c0-4c3c-9158-7afa230b926f,5,5,0,0,0,free-music-archive,free-music-archive,Google;Stability AI,USED_BY
Peter Thoegersen,Peter Thoegersen,5de02449-e24b-4b79-a7c3-3a148e608f9f,5,5,0,0,0,free-music-archive,free-music-archive,Google;Stability AI,USED_BY
River Phoenix,River Phoenix,17489,5,5,0,0,0,free-music-archive,free-music-archive,Google;Stability AI,USED_BY
Rat Faced Boy,Rat Faced Boy,3f093f21-2386-47b1-bbf0-d54f0d20f865,5,5,0,0,0,free-music-archive,free-music-archive,Google;Stability AI,USED_BY
Chris Moss Acid,Chris Moss Acid,83fd6531-643d-4fbb-8067-3e931697b304,5,5,0,0,0,free-music-archive,free-music-archive,Google;Stability AI,USED_BY
Sex Tide,Sex Tide,c4ada626-a8f0-4083-916e-a987ca026f17,5,5,0,0,0,free-music-archive,free-music-archive,Google;Stability AI,USED_BY
Insane Ride,Insane Ride,17630,5,5,0,0,0,free-music-archive,free-music-archive,Google;Stability AI,USED_BY
Hag Face,Hag Face,5842843d-1608-4430-af24-94dddfa3c4a4,5,5,0,0,0,free-music-archive,free-music-archive,Google;Stability AI,USED_BY
Jonathan Mann,Jonathan Mann,9f320a6b-c9c2-4421-a05c-e2e075bccd37,87,5,76,6,0,free-music-archive;laion-disco-12m;sleeping-disco-9m,free-music-archive,Google;Stability AI,USED_BY
TORRES,TORRES,9b422c81-017c-4f8f-a7a9-ba6229c29343,183,5,112,66,0,free-music-archive;laion-disco-12m;sleeping-disco-9m,free-music-archive,Google;Stability AI,USED_BY
Kristus Kut,Kristus Kut,d093d2e1-3aaa-4c34-a680-2b287402b8b3,5,5,0,0,0,free-music-archive,free-music-archive,Google;Stability AI,USED_BY
Palloc,Palloc,890db70a-86c3-4a29-90b8-8647cd365c98,5,5,0,0,0,free-music-archive,free-music-archive,Google;Stability AI,USED_BY
La Barca de Sua,La Barca de Sua,22ec7765-f989-43ef-ab8a-dc6ec337a968,6,6,0,0,0,free-music-archive,free-music-archive,Google;Stability AI,USED_BY
Castevet,Castevet,1850182f-9283-4cf0-b084-e4fafe5a6b57,5,5,0,0,0,free-music-archive,free-music-archive,Google;Stability AI,USED_BY
Dominic Lash,Dominic Lash,102ff4a5-263c-4022-98bf-49007daaf7b1,9,5,4,0,0,free-music-archive;laion-disco-12m,free-music-archive,Google;Stability AI,USED_BY
Mujeres,Mujeres,305047d9-cb62-4309-b1cf-ea45d3f41e43,28,5,2,21,0,free-music-archive;laion-disco-12m;sleeping-disco-9m,free-music-archive,Google;Stability AI,USED_BY
Birds of Avalon,Birds of Avalon,921127d2-54b6-420c-a7a5-42772ab756aa,5,5,0,0,0,free-music-archive,free-music-archive,Google;Stability AI,USED_BY
Pika,Pika,11302,5,5,0,0,0,free-music-archive,free-music-archive,Google;Stability AI,USED_BY
Nunun,Nunun,11369,5,5,0,0,0,free-music-archive,free-music-archive,Google;Stability AI,USED_BY
Balún,Balún,6339,5,5,0,0,0,free-music-archive,free-music-archive,Google;Stability AI,USED_BY
EugeneKha,EugeneKha,259b8c4c-af8c-4831-8984-c1fd19f28822,5,5,0,0,0,free-music-archive,free-music-archive,Google;Stability AI,USED_BY
Khidja,Khidja,3057499a-67f8-4578-8301-ec733c6ac371,72,5,67,0,0,free-music-archive;laion-disco-12m,free-music-archive,Google;Stability AI,USED_BY
Nmperign,Nmperign,7b1313c2-c976-4d68-9b53-b1ab29057f60,5,5,0,0,0,free-music-archive,free-music-archive,Google;Stability AI,USED_BY
Matt Bauer,Matt Bauer,458,5,5,0,0,0,free-music-archive,free-music-archive,Google;Stability AI,USED_BY
Pacific 231,Pacific 231,7416,5,5,0,0,0,free-music-archive,free-music-archive,Google;Stability AI,USED_BY
The Chris Kelsey 4,The Chris Kelsey 4,ef29730c-7199-4959-872e-30233b7efab6,5,5,0,0,0,free-music-archive,free-music-archive,Google;Stability AI,USED_BY
Mittimus & Nix Pickler,Mittimus & Nix Pickler,11627,5,5,0,0,0,free-music-archive,free-music-archive,Google;Stability AI,USED_BY
Jooklo Duo,Jooklo Duo,a6cc1e50-402e-44e1-9162-8a62dfa9e4c7,5,5,0,0,0,free-music-archive,free-music-archive,Google;Stability AI,USED_BY
The Soubrettes,The Soubrettes,1c63ec59-3692-4684-af2f-5487d63f5776,5,5,0,0,0,free-music-archive,free-music-archive,Google;Stability AI,USED_BY
Whitman,Whitman,d847b786-24d0-4a14-8267-38c73508ffa3,5,5,0,0,0,free-music-archive,free-music-archive,Google;Stability AI,USED_BY
Francesco Paolo Addati & Efisio Nicolò Sabiucciu,Francesco Paolo Addati & Efisio Nicolò Sabiucciu,12003,5,5,0,0,0,free-music-archive,free-music-archive,Google;Stability AI,USED_BY
Blasterhead,Blasterhead,9942facf-02b6-4b3a-b54b-0887564deefb,6,5,0,1,0,free-music-archive;sleeping-disco-9m,free-music-archive,Google;Stability AI,USED_BY
Kodak to Graph,Kodak to Graph,3ea0b7ef-b842-4bda-bc7a-806ff02b85eb,27,5,12,10,0,free-music-archive;laion-disco-12m;sleeping-disco-9m,free-music-archive,Google;Stability AI,USED_BY
Call of the Wild,Call of the Wild,7af3fa04-05e4-4f22-bf85-2d7ca0aa85bc,21,5,16,0,0,free-music-archive;laion-disco-12m,free-music-archive,Google;Stability AI,USED_BY
Cocolixe,Cocolixe,7d51eb41-4089-4c40-8d43-2e6e0e83257b,5,5,0,0,0,free-music-archive,free-music-archive,Google;Stability AI,USED_BY
Blue Ducks,Blue Ducks,fc83a7b2-9cc6-4566-a3e3-305e78149748,5,5,0,0,0,free-music-archive,free-music-archive,Google;Stability AI,USED_BY
Cian Nugent,Cian Nugent,fd445218-3a24-48f9-83c1-1521a46f69a1,14,5,0,9,0,free-music-archive;sleeping-disco-9m,free-music-archive,Google;Stability AI,USED_BY
PEÜR,PEÜR,9025,5,5,0,0,0,free-music-archive,free-music-archive,Google;Stability AI,USED_BY
Trailblazer,Trailblazer,12551,5,5,0,0,0,free-music-archive,free-music-archive,Google;Stability AI,USED_BY
Man Bites Dog,Man Bites Dog,c9340d97-fb89-4d16-ab30-23d7ca849743,5,5,0,0,0,free-music-archive,free-music-archive,Google;Stability AI,USED_BY
Period,Period,5149,5,5,0,0,0,free-music-archive,free-music-archive,Google;Stability AI,USED_BY
Goth Von Core,Goth Von Core,f5abab91-5c40-42c7-a1dd-992a1a63f61b,5,5,0,0,0,free-music-archive,free-music-archive,Google;Stability AI,USED_BY
Xodie,Xodie,1fb1741e-6f45-4364-a859-7c7773369b1b,5,5,0,0,0,free-music-archive,free-music-archive,Google;Stability AI,USED_BY
floppy knobs,floppy knobs,13053,5,5,0,0,0,free-music-archive,free-music-archive,Google;Stability AI,USED_BY
Félicia Atkinson,Félicia Atkinson,1d1232a7-403b-4448-a34c-36c2dfd53ab4,13,5,2,6,0,free-music-archive;laion-disco-12m;sleeping-disco-9m,free-music-archive,Google;Stability AI,USED_BY
Graham Dunning,Graham Dunning,01248356-5f9c-425a-985b-2c2a0cd31cab,5,5,0,0,0,free-music-archive,free-music-archive,Google;Stability AI,USED_BY
Maybe Watson,Maybe Watson,91df2145-5b12-472e-8f43-8390c84b806b,22,5,0,17,0,free-music-archive;sleeping-disco-9m,free-music-archive,Google;Stability AI,USED_BY
EUS,EUS,13156,5,5,0,0,0,free-music-archive,free-music-archive,Google;Stability AI,USED_BY
sumgii,sumgii,3f150b2f-d9ed-4c2a-8355-1fa739d664e5,51,5,39,7,0,free-music-archive;laion-disco-12m;sleeping-disco-9m,free-music-archive,Google;Stability AI,USED_BY
BITCHES,BITCHES,36042724-e722-48d9-8d26-f739fd542969,7,7,0,0,0,free-music-archive,free-music-archive,Google;Stability AI,USED_BY
Twill,Twill,13239,5,5,0,0,0,free-music-archive,free-music-archive,Google;Stability AI,USED_BY
Derk Zeds,Derk Zeds,13254,5,5,0,0,0,free-music-archive,free-music-archive,Google;Stability AI,USED_BY
Keith Chambers,Keith Chambers,f2b5d1c2-fc4d-4108-9ac5-383d10bdbe23,5,5,0,0,0,free-music-archive,free-music-archive,Google;Stability AI,USED_BY
Thomas William,Thomas William,107f2ec4-0764-4c1b-9d4d-1f944436c42f,5,5,0,0,0,free-music-archive,free-music-archive,Google;Stability AI,USED_BY
mmpsuf,mmpsuf,753ff30d-55f9-4268-b1a1-c500dfb4e530,5,5,0,0,0,free-music-archive,free-music-archive,Google;Stability AI,USED_BY
Nude Beach,Nude Beach,fb9964dd-9796-4f95-b222-791fe81babcd,5,5,0,0,0,free-music-archive,free-music-archive,Google;Stability AI,USED_BY
MURCIELAGO,MURCIELAGO,13398,5,5,0,0,0,free-music-archive,free-music-archive,Google;Stability AI,USED_BY
Chain & The Gang,Chain & The Gang,c748666d-f105-47f6-a5e6-04eb80ab4845,26,8,0,18,0,free-music-archive;sleeping-disco-9m,free-music-archive,Google;Stability AI,USED_BY
marina poleukhina,marina poleukhina,13406,5,5,0,0,0,free-music-archive,free-music-archive,Google;Stability AI,USED_BY
Night Beats,Night Beats,98c8a53a-c837-4651-8153-88933ae6598b,154,5,117,32,0,free-music-archive;laion-disco-12m;sleeping-disco-9m,free-music-archive,Google;Stability AI,USED_BY
Luke Roberts,Luke Roberts,8e6656e9-750c-4986-a38f-0a15f018c3f9,15,5,10,0,0,free-music-archive;laion-disco-12m,free-music-archive,Google;Stability AI,USED_BY
Young Love,Young Love,b508a3a9-2804-4cb8-9baf-b8b73749a8a9,5,5,0,0,0,free-music-archive,free-music-archive,Google;Stability AI,USED_BY
FAVORS,FAVORS,13979,5,5,0,0,0,free-music-archive,free-music-archive,Google;Stability AI,USED_BY
Wild Child,Wild Child,13980,5,5,0,0,0,free-music-archive,free-music-archive,Google;Stability AI,USED_BY
The Luddites,The Luddites,13621,5,5,0,0,0,free-music-archive,free-music-archive,Google;Stability AI,USED_BY
Silver Palace Songsmiths,Silver Palace Songsmiths,13324,5,5,0,0,0,free-music-archive,free-music-archive,Google;Stability AI,USED_BY
The Loom,The Loom,739226f3-08aa-4f4e-83c2-4624925639eb,9,5,0,4,0,free-music-archive;sleeping-disco-9m,free-music-archive,Google;Stability AI,USED_BY
Pariah Carey,Pariah Carey,8b31a3c7-b669-4d87-a334-928242d55193,5,5,0,0,0,free-music-archive,free-music-archive,Google;Stability AI,USED_BY
Zulus,Zulus,18816e28-352d-40dc-85b0-de7922f25e4e,5,5,0,0,0,free-music-archive,free-music-archive,Google;Stability AI,USED_BY
Unknown Artist,Unknown Artist,2222,63,6,49,8,0,free-music-archive;laion-disco-12m;sleeping-disco-9m,free-music-archive,Google;Stability AI,USED_BY
The G.O.V.E.R.N.M.E.N.T.,The G.O.V.E.R.N.M.E.N.T.,14089,5,5,0,0,0,free-music-archive,free-music-archive,Google;Stability AI,USED_BY
No Class,No Class,14222,5,5,0,0,0,free-music-archive,free-music-archive,Google;Stability AI,USED_BY
Feeding Goats,Feeding Goats,14246,5,5,0,0,0,free-music-archive,free-music-archive,Google;Stability AI,USED_BY
Leif Elggren,Leif Elggren,4ed40a35-a8e6-4f74-b88b-c61b6b5c26f5,5,5,0,0,0,free-music-archive,free-music-archive,Google;Stability AI,USED_BY
Dead Doves,Dead Doves,14278,5,5,0,0,0,free-music-archive,free-music-archive,Google;Stability AI,USED_BY
John Paul Keith,John Paul Keith,f1b8291d-8338-4f79-8fe2-db45cc464a85,7,5,0,2,0,free-music-archive;sleeping-disco-9m,free-music-archive,Google;Stability AI,USED_BY
The White Wires,The White Wires,ba14e280-205d-4ed3-b312-5b00316748e9,18,5,0,13,0,free-music-archive;sleeping-disco-9m,free-music-archive,Google;Stability AI,USED_BY
Bee and Flower,Bee and Flower,f357f7d6-7c88-435e-97f0-8910b2c9c566,5,5,0,0,0,free-music-archive,free-music-archive,Google;Stability AI,USED_BY
Aina Haina,Aina Haina,220e01fd-a951-4a80-b9ed-af071a376341,5,5,0,0,0,free-music-archive,free-music-archive,Google;Stability AI,USED_BY
Macamoto,Macamoto,20831,5,5,0,0,0,free-music-archive,free-music-archive,Google;Stability AI,USED_BY
Kathryn Calder,Kathryn Calder,aeb6221d-f90d-4f45-a36a-eccd09b749fd,9,5,0,4,0,free-music-archive;sleeping-disco-9m,free-music-archive,Google;Stability AI,USED_BY
Inutili,Inutili,1876504b-ffe2-4e81-b182-cc5695668663,5,5,0,0,0,free-music-archive,free-music-archive,Google;Stability AI,USED_BY
"Cara Leigh, Produced by Cornelius Julius","Cara Leigh, Produced by Cornelius Julius",20997,5,5,0,0,0,free-music-archive,free-music-archive,Google;Stability AI,USED_BY
Blind Drunk John,Blind Drunk John,abfd904c-7e5c-4e48-9b58-9051db2fa035,5,5,0,0,0,free-music-archive,free-music-archive,Google;Stability AI,USED_BY
100%chevalier,100%chevalier,5cd91860-b556-4749-bc0a-21d21d7b9640,5,5,0,0,0,free-music-archive,free-music-archive,Google;Stability AI,USED_BY
Desatavientos,Desatavientos,02071755-3d87-4de3-9f21-089c08255415,5,5,0,0,0,free-music-archive,free-music-archive,Google;Stability AI,USED_BY
Rya,Rya,21064,5,5,0,0,0,free-music-archive,free-music-archive,Google;Stability AI,USED_BY
Stærosaurus,Stærosaurus,814bc8b6-4963-49ac-bd3e-15b4ecb1a4ef,5,5,0,0,0,free-music-archive,free-music-archive,Google;Stability AI,USED_BY
The Ex with Ken Vandermark,The Ex with Ken Vandermark,21112,5,5,0,0,0,free-music-archive,free-music-archive,Google;Stability AI,USED_BY
Andreas Woiger,Andreas Woiger,21114,5,5,0,0,0,free-music-archive,free-music-archive,Google;Stability AI,USED_BY
Stephen Chopek,Stephen Chopek,52ed0b35-6bbd-400b-880e-06ea28482f13,5,5,0,0,0,free-music-archive,free-music-archive,Google;Stability AI,USED_BY
Those Darlins,Those Darlins,787064e7-167a-4694-91ed-2a8759af59b0,25,5,0,20,0,free-music-archive;sleeping-disco-9m,free-music-archive,Google;Stability AI,USED_BY
Fake Species,Fake Species,21293,5,5,0,0,0,free-music-archive,free-music-archive,Google;Stability AI,USED_BY
Monsta-Pasta,Monsta-Pasta,eb776497-266c-436a-998d-59b2eb9be663,5,5,0,0,0,free-music-archive,free-music-archive,Google;Stability AI,USED_BY
Zenen Zeferino Huervo,Zenen Zeferino Huervo,b111c269-5a21-46cc-be3d-661352180964,6,6,0,0,0,free-music-archive,free-music-archive,Google;Stability AI,USED_BY
Pictures of the Floating World,Pictures of the Floating World,21490,5,5,0,0,0,free-music-archive,free-music-archive,Google;Stability AI,USED_BY
Anna von Hausswolff,Anna von Hausswolff,6bd920ac-3b7c-47e0-8f0f-c390f63f5112,101,5,63,33,0,free-music-archive;laion-disco-12m;sleeping-disco-9m,free-music-archive,Google;Stability AI,USED_BY
Indiosingracia,Indiosingracia,21552,5,5,0,0,0,free-music-archive,free-music-archive,Google;Stability AI,USED_BY
Wume,Wume,ac563f21-ab24-4d5a-8fe0-c3838c0d38a2,5,5,0,0,0,free-music-archive,free-music-archive,Google;Stability AI,USED_BY
Arbee,Arbee,959c543b-f61b-4f85-8997-97365dcff171,17,5,8,4,0,free-music-archive;laion-disco-12m;sleeping-disco-9m,free-music-archive,Google;Stability AI,USED_BY
Cheap Talk,Cheap Talk,21578,5,5,0,0,0,free-music-archive,free-music-archive,Google;Stability AI,USED_BY
Zephaniah,Zephaniah,f1f3c396-90de-44dd-99a6-8405332b40e1,25,5,0,20,0,free-music-archive;sleeping-disco-9m,free-music-archive,Google;Stability AI,USED_BY
The 18 Wheelers,The 18 Wheelers,96d0ec91-0e8b-4bfa-9a75-5f3de7315d4d,5,5,0,0,0,free-music-archive,free-music-archive,Google;Stability AI,USED_BY
Alessandra Novaga,Alessandra Novaga,d457b159-5a4a-40a2-9a0c-ba6a6c463b69,5,5,0,0,0,free-music-archive,free-music-archive,Google;Stability AI,USED_BY
DR,DR,827d1797-97c1-481f-8113-4f76416e5ed9,5,5,0,0,0,free-music-archive,free-music-archive,Google;Stability AI,USED_BY
N.W.M.A.,N.W.M.A.,07c4be48-5550-4503-b5fc-357bdc4ea212,5,5,0,0,0,free-music-archive,free-music-archive,Google;Stability AI,USED_BY
Mercury and the Architects,Mercury and the Architects,00fe101b-74f9-43f3-98aa-acf099902982,18,6,0,12,0,free-music-archive;sleeping-disco-9m,free-music-archive,Google;Stability AI,USED_BY
Lonely Heart Blues Band,Lonely Heart Blues Band,21854,5,5,0,0,0,free-music-archive,free-music-archive,Google;Stability AI,USED_BY
Silicone butt disaster,Silicone butt disaster,21859,5,5,0,0,0,free-music-archive,free-music-archive,Google;Stability AI,USED_BY
Maltsev Anton,Maltsev Anton,d96a4ecb-e95e-4ee4-9992-77640ecdaa69,5,5,0,0,0,free-music-archive,free-music-archive,Google;Stability AI,USED_BY
Kurteek,Kurteek,acd50de5-8f28-4f52-a771-354cc32c12fa,5,5,0,0,0,free-music-archive,free-music-archive,Google;Stability AI,USED_BY
SAA,SAA,21892,5,5,0,0,0,free-music-archive,free-music-archive,Google;Stability AI,USED_BY
Weird Kong,Weird Kong,21939,5,5,0,0,0,free-music-archive,free-music-archive,Google;Stability AI,USED_BY
Bad Poet,Bad Poet,0NGJQFNkPbL7ykMPDay8gU,6,6,0,0,0,free-music-archive,free-music-archive,Google;Stability AI,USED_BY
Castles in the Sky,Castles in the Sky,f3f4d790-9ae2-4fd6-9486-15485664b125,5,5,0,0,0,free-music-archive,free-music-archive,Google;Stability AI,USED_BY
LeRouge,LeRouge,987df1d9-dcfb-4f09-a4f0-83a35bb2c800,5,5,0,0,0,free-music-archive,free-music-archive,Google;Stability AI,USED_BY
Tojamura 7,Tojamura 7,22091,5,5,0,0,0,free-music-archive,free-music-archive,Google;Stability AI,USED_BY
Christian Fiesel,Christian Fiesel,3b743ef0-2938-4bd0-ae18-b4c4d6672f73,5,5,0,0,0,free-music-archive,free-music-archive,Google;Stability AI,USED_BY
Giant Gutter From Outer Space,Giant Gutter From Outer Space,72b0b618-5c00-45bf-8e3b-0d493d26a098,13,13,0,0,0,free-music-archive,free-music-archive,Google;Stability AI,USED_BY
Joni Void,Joni Void,30fe1a8f-7ab3-404c-b458-4a9a2d503edd,5,5,0,0,0,free-music-archive,free-music-archive,Google;Stability AI,USED_BY
Trent Noir,Trent Noir,22195,5,5,0,0,0,free-music-archive,free-music-archive,Google;Stability AI,USED_BY
Cate Le Bon,Cate Le Bon,f2393e49-b791-46da-a6d7-1e9e60743405,142,5,84,53,0,free-music-archive;laion-disco-12m;sleeping-disco-9m,free-music-archive,Google;Stability AI,USED_BY
Wimps,Wimps,16853,5,5,0,0,0,free-music-archive,free-music-archive,Google;Stability AI,USED_BY
Harmonic Defiance,Harmonic Defiance,f7f726a0-9ef3-4bdf-8bc4-ec549485495a,6,6,0,0,0,free-music-archive,free-music-archive,Google;Stability AI,USED_BY
Bloque del Sur,Bloque del Sur,3db8246a-b2cc-47ed-93ff-33d8b2c8b175,5,5,0,0,0,free-music-archive,free-music-archive,Google;Stability AI,USED_BY
Deltamorphon,Deltamorphon,6a384557-c86f-46dc-8859-24d98c49b622,5,5,0,0,0,free-music-archive,free-music-archive,Google;Stability AI,USED_BY
Real Vocal String Quartet,Real Vocal String Quartet,64ea0d58-1bcd-411d-94eb-690f42f994fa,5,5,0,0,0,free-music-archive,free-music-archive,Google;Stability AI,USED_BY
Grey Park,Grey Park,bd3f592c-afd9-426b-8b7b-bd32504294fb,5,5,0,0,0,free-music-archive,free-music-archive,Google;Stability AI,USED_BY
letterfounder   slow bodega,letterfounder   slow bodega,16396,5,5,0,0,0,free-music-archive,free-music-archive,Google;Stability AI,USED_BY
Vaz,Vaz,3edc106c-fb86-4c12-a616-5ebda994e399,5,5,0,0,0,free-music-archive,free-music-archive,Google;Stability AI,USED_BY
Pure Horsehair,Pure Horsehair,3bdb566a-f5c5-467d-89e0-ac55acb6f3a9,5,5,0,0,0,free-music-archive,free-music-archive,Google;Stability AI,USED_BY
Hertz - Metek,Hertz - Metek,22265,5,5,0,0,0,free-music-archive,free-music-archive,Google;Stability AI,USED_BY
EON,EON,22117,5,5,0,0,0,free-music-archive,free-music-archive,Google;Stability AI,USED_BY
EPV:BEYOND,EPV:BEYOND,13516,5,5,0,0,0,free-music-archive,free-music-archive,Google;Stability AI,USED_BY
Locust,Locust,13515,5,5,0,0,0,free-music-archive,free-music-archive,Google;Stability AI,USED_BY
Mars Payne,Mars Payne,17820,5,5,0,0,0,free-music-archive,free-music-archive,Google;Stability AI,USED_BY
NOIR,NOIR,468cb39f-afe3-4ffd-80ac-fada7c7c4a98,8,7,1,0,0,free-music-archive;laion-disco-12m,free-music-archive,Google;Stability AI,USED_BY
Lauki,Lauki,15399,5,5,0,0,0,free-music-archive,free-music-archive,Google;Stability AI,USED_BY
DNVN,DNVN,20316,5,5,0,0,0,free-music-archive,free-music-archive,Google;Stability AI,USED_BY
Vanity,Vanity,f5b69ae9-c98f-4283-9ef0-34f12acc9502,5,5,0,0,0,free-music-archive,free-music-archive,Google;Stability AI,USED_BY
Chris Silver T,Chris Silver T,17453,6,6,0,0,0,free-music-archive,free-music-archive,Google;Stability AI,USED_BY
На 100 Процентов Отмудоханная Бабуля,На 100 Процентов Отмудоханная Бабуля,c1d4b40e-8b87-4500-bf03-6a67a5d1e563,5,5,0,0,0,free-music-archive,free-music-archive,Google;Stability AI,USED_BY
BoyHoodBuchi,BoyHoodBuchi,23527,5,5,0,0,0,free-music-archive,free-music-archive,Google;Stability AI,USED_BY
A Minor Place,A Minor Place,23593,5,5,0,0,0,free-music-archive,free-music-archive,Google;Stability AI,USED_BY
Jaune Dark,Jaune Dark,d8f924cf-4020-409c-8b07-7328f2e2242c,5,5,0,0,0,free-music-archive,free-music-archive,Google;Stability AI,USED_BY
Steve Adamyk BAND,Steve Adamyk BAND,bb74e78c-4fb5-4f10-b855-e8cc538d61cc,72,10,0,62,0,free-music-archive;sleeping-disco-9m,free-music-archive,Google;Stability AI,USED_BY
Talugung / _blank,Talugung / _blank,23669,5,5,0,0,0,free-music-archive,free-music-archive,Google;Stability AI,USED_BY
Cousin Silas,Cousin Silas,0cf1c1ce-9881-4a6b-896a-b1e632398f97,26,6,10,10,0,free-music-archive;laion-disco-12m;sleeping-disco-9m,free-music-archive,Google;Stability AI,USED_BY
Assimilation,Assimilation,23767,5,5,0,0,0,free-music-archive,free-music-archive,Google;Stability AI,USED_BY
Skoz,Skoz,23873,5,5,0,0,0,free-music-archive,free-music-archive,Google;Stability AI,USED_BY
Glas,Glas,23817,5,5,0,0,0,free-music-archive,free-music-archive,Google;Stability AI,USED_BY
Philipp Weigl,Philipp Weigl,1eaa3be8-db02-43cc-bf98-0f61ac63088a,5,5,0,0,0,free-music-archive,free-music-archive,Google;Stability AI,USED_BY
DRVN,DRVN,24202,5,5,0,0,0,free-music-archive,free-music-archive,Google;Stability AI,USED_BY
Dure-mère,Dure-mère,921e6ab2-e686-44e5-b4f7-62b452a79ae3,5,5,0,0,0,free-music-archive,free-music-archive,Google;Stability AI,USED_BY
Zumaia,Zumaia,e15c6a71-c006-4edb-a34d-b53a525c872f,5,5,0,0,0,free-music-archive,free-music-archive,Google;Stability AI,USED_BY
Emperor of the Dust Mites,Emperor of the Dust Mites,80a017b4-f8ec-4f38-8de3-763bb4313dc5,5,5,0,0,0,free-music-archive,free-music-archive,Google;Stability AI,USED_BY
Demoiselle Döner,Demoiselle Döner,437d71b5-15b1-4c4b-a938-93684b33ecf9,5,5,0,0,0,free-music-archive,free-music-archive,Google;Stability AI,USED_BY
Alex Mason,Alex Mason,18876,5,5,0,0,0,free-music-archive,free-music-archive,Google;Stability AI,USED_BY
Sgntronics,Sgntronics,22591,5,5,0,0,0,free-music-archive,free-music-archive,Google;Stability AI,USED_BY
Albufera,Albufera,22666,5,5,0,0,0,free-music-archive,free-music-archive,Google;Stability AI,USED_BY
Miët,Miët,6f0c26a7-c2bc-443e-a9fb-16702365aeb6,13,5,0,8,0,free-music-archive;sleeping-disco-9m,free-music-archive,Google;Stability AI,USED_BY
Jacket Thor,Jacket Thor,22678,5,5,0,0,0,free-music-archive,free-music-archive,Google;Stability AI,USED_BY
Rony Friedman,Rony Friedman,22682,5,5,0,0,0,free-music-archive,free-music-archive,Google;Stability AI,USED_BY
Leapling,Leapling,028b9e2e-4265-44cd-be01-56e1d2b5648e,19,5,0,14,0,free-music-archive;sleeping-disco-9m,free-music-archive,Google;Stability AI,USED_BY
The Nude Party,The Nude Party,3d36bd1f-a551-4b16-9cb5-3e4c68bc5f2a,72,5,45,22,0,free-music-archive;laion-disco-12m;sleeping-disco-9m,free-music-archive,Google;Stability AI,USED_BY
.zigo,.zigo,22787,5,5,0,0,0,free-music-archive,free-music-archive,Google;Stability AI,USED_BY
Cyrus,Cyrus,22796,6,5,1,0,0,free-music-archive;laion-disco-12m,free-music-archive,Google;Stability AI,USED_BY
Taner Tumkaya,Taner Tumkaya,c2e353ee-73af-49af-b498-90d1aeeca31e,5,5,0,0,0,free-music-archive,free-music-archive,Google;Stability AI,USED_BY
NO FUTURE,NO FUTURE,22806,5,5,0,0,0,free-music-archive,free-music-archive,Google;Stability AI,USED_BY
Trillion Catz,Trillion Catz,3a8bac07-6baf-4d94-a068-c07a9189189f,5,5,0,0,0,free-music-archive,free-music-archive,Google;Stability AI,USED_BY
Mat U Stone,Mat U Stone,ebc0f3bf-ca72-4c5d-886a-2e20a6e6a99c,5,5,0,0,0,free-music-archive,free-music-archive,Google;Stability AI,USED_BY
Behavior,Behavior,52a1f95a-469f-4046-90e7-94c197fa97e2,5,5,0,0,0,free-music-archive,free-music-archive,Google;Stability AI,USED_BY
SUSIJAT,SUSIJAT,23332,5,5,0,0,0,free-music-archive,free-music-archive,Google;Stability AI,USED_BY
Say 'Kiss Me',Say 'Kiss Me',0bcea4a1-fda4-45c3-b763-45d53088ac89,5,5,0,0,0,free-music-archive,free-music-archive,Google;Stability AI,USED_BY
Sahara Sky,Sahara Sky,23108,5,5,0,0,0,free-music-archive,free-music-archive,Google;Stability AI,USED_BY
Ainst Char,Ainst Char,20628,5,5,0,0,0,free-music-archive,free-music-archive,Google;Stability AI,USED_BY
Thee Oregon Artificial Limb Co.,Thee Oregon Artificial Limb Co.,22541,5,5,0,0,0,free-music-archive,free-music-archive,Google;Stability AI,USED_BY
Sylvie Simmons,Sylvie Simmons,fc4dbaef-5e1e-4907-a8f8-b184dfb31787,5,5,0,0,0,free-music-archive,free-music-archive,Google;Stability AI,USED_BY
Lota,Lota,23493,5,5,0,0,0,free-music-archive,free-music-archive,Google;Stability AI,USED_BY
Black Masala,Black Masala,4aba24a5-1eec-45e3-ba1f-d685b862f43d,5,5,0,0,0,free-music-archive,free-music-archive,Google;Stability AI,USED_BY
Sublamp,Sublamp,9f05c111-0fc6-4658-835b-7e202a9290e4,5,5,0,0,0,free-music-archive,free-music-archive,Google;Stability AI,USED_BY
The Hunters,The Hunters,f0090f69-0cab-4140-811b-c6dd21d9ec61,5,5,0,0,0,free-music-archive,free-music-archive,Google;Stability AI,USED_BY
Mela Zeta,Mela Zeta,6131,5,5,0,0,0,free-music-archive,free-music-archive,Google;Stability AI,USED_BY
Balún,Balún,0c42e563-4785-4607-8535-b35f0f3c5b86,52,5,47,0,0,free-music-archive;laion-disco-12m,free-music-archive,Google;Stability AI,USED_BY
Dennis Diken with Bell Sound,Dennis Diken with Bell Sound,fe0da2ff-3c09-4b03-a592-29d006b7a1d9,6,6,0,0,0,free-music-archive,free-music-archive,Google;Stability AI,USED_BY
a Foggy Realm,a Foggy Realm,829e246f-c6d3-4a75-a231-ca10122dd64c,5,5,0,0,0,free-music-archive,free-music-archive,Google;Stability AI,USED_BY
"Martha Moopette, Heather McCal","Martha Moopette, Heather McCal",6509,5,5,0,0,0,free-music-archive,free-music-archive,Google;Stability AI,USED_BY
"I, Cactus","I, Cactus",ffca87aa-19df-4c34-b02b-a16127e44427,5,5,0,0,0,free-music-archive,free-music-archive,Google;Stability AI,USED_BY
Rhoda,Rhoda,6640,5,5,0,0,0,free-music-archive,free-music-archive,Google;Stability AI,USED_BY
CTV.,CTV.,682771b5-45dc-4126-b95d-6ac5e2a4af43,5,5,0,0,0,free-music-archive,free-music-archive,Google;Stability AI,USED_BY
Aunt Jamamas Big Band Vigilantes,Aunt Jamamas Big Band Vigilantes,36605547-15c7-42c5-bb25-a178749e747a,5,5,0,0,0,free-music-archive,free-music-archive,Google;Stability AI,USED_BY
The Grand Astoria,The Grand Astoria,9988415f-3c5a-422b-8e6c-1091b22ec97f,5,5,0,0,0,free-music-archive,free-music-archive,Google;Stability AI,USED_BY
Hugo 'Droopy' Contini,Hugo 'Droopy' Contini,4ad5664a-88f1-40ac-b015-16da46195968,5,5,0,0,0,free-music-archive,free-music-archive,Google;Stability AI,USED_BY
AQM,AQM,7426,5,5,0,0,0,free-music-archive,free-music-archive,Google;Stability AI,USED_BY
Same Actor,Same Actor,19d5c81c-9158-4155-aec5-222100cb3f49,5,5,0,0,0,free-music-archive,free-music-archive,Google;Stability AI,USED_BY
Iron Man,Iron Man,ec74050c-f96b-490a-af4d-3b541434d69d,64,5,54,5,0,free-music-archive;laion-disco-12m;sleeping-disco-9m,free-music-archive,Google;Stability AI,USED_BY
Sinus Buds and kuz.b,Sinus Buds and kuz.b,7484,5,5,0,0,0,free-music-archive,free-music-archive,Google;Stability AI,USED_BY
Scott Joplin,Scott Joplin,aec8a328-d2e8-4780-b2ea-318c7f8d6f75,266,5,245,16,0,free-music-archive;laion-disco-12m;sleeping-disco-9m,free-music-archive,Google;Stability AI,USED_BY
Trash80,Trash80,15ba6421-9c5c-428f-ae7d-c2d40010734b,42,5,19,18,0,free-music-archive;laion-disco-12m;sleeping-disco-9m,free-music-archive,Google;Stability AI,USED_BY
The Truth About Frank,The Truth About Frank,67335787-e994-4141-90f1-7015aead642e,5,5,0,0,0,free-music-archive,free-music-archive,Google;Stability AI,USED_BY
Amy Sayer,Amy Sayer,7458,5,5,0,0,0,free-music-archive,free-music-archive,Google;Stability AI,USED_BY
USK,USK,e1050260-e94d-4b86-910f-d52300f724af,5,5,0,0,0,free-music-archive,free-music-archive,Google;Stability AI,USED_BY
Chriss Sutherland,Chriss Sutherland,f4461f01-cd95-4c57-9eba-b8945c9703ab,5,5,0,0,0,free-music-archive,free-music-archive,Google;Stability AI,USED_BY
Louis,Louis,17a8fa28-a64c-4efe-bf5d-36d4095496ab,7,5,2,0,0,free-music-archive;laion-disco-12m,free-music-archive,Google;Stability AI,USED_BY
Eric Lindley,Eric Lindley,8094,5,5,0,0,0,free-music-archive,free-music-archive,Google;Stability AI,USED_BY
Rifhes,Rifhes,70df0fc3-d5d6-4b21-8ca6-e3f3a95a4195,5,5,0,0,0,free-music-archive,free-music-archive,Google;Stability AI,USED_BY
Remote,Remote,8421,5,5,0,0,0,free-music-archive,free-music-archive,Google;Stability AI,USED_BY
Lazer Crystal,Lazer Crystal,1bb10486-ecb8-45d0-9b2e-e7323c317aa5,5,5,0,0,0,free-music-archive,free-music-archive,Google;Stability AI,USED_BY
HeavyFeet,HeavyFeet,9c7fcf58-c3b8-4459-bf0e-e6274dfe0065,5,5,0,0,0,free-music-archive,free-music-archive,Google;Stability AI,USED_BY
Cecilia Lopez,Cecilia Lopez,8471,5,5,0,0,0,free-music-archive,free-music-archive,Google;Stability AI,USED_BY
bill bissett,bill bissett,c61c58d6-7848-4460-850e-41764b2e7986,13,13,0,0,0,free-music-archive,free-music-archive,Google;Stability AI,USED_BY
Th Mandan Massacre,Th Mandan Massacre,0a95d317-32e7-4099-967e-94f38180f3ce,5,5,0,0,0,free-music-archive,free-music-archive,Google;Stability AI,USED_BY
White Suns,White Suns,d41a6d66-fba6-4945-b370-cfbc3038bedc,17,5,0,12,0,free-music-archive;sleeping-disco-9m,free-music-archive,Google;Stability AI,USED_BY
Alozeau & Jean Montag,Alozeau & Jean Montag,8584,5,5,0,0,0,free-music-archive,free-music-archive,Google;Stability AI,USED_BY
Lou Barlow,Lou Barlow,6196,5,5,0,0,0,free-music-archive,free-music-archive,Google;Stability AI,USED_BY
Papa M,Papa M,6edbe0fb-734e-4b1d-9c64-73ebb04853e1,27,5,2,20,0,free-music-archive;laion-disco-12m;sleeping-disco-9m,free-music-archive,Google;Stability AI,USED_BY
THE! & Ruben D'Hers,THE! & Ruben D'Hers,8754,5,5,0,0,0,free-music-archive,free-music-archive,Google;Stability AI,USED_BY
Zombie Raiders,Zombie Raiders,905de5fe-4715-4610-8cec-7473b8a56f49,5,5,0,0,0,free-music-archive,free-music-archive,Google;Stability AI,USED_BY
Chico Mann,Chico Mann,db6e2aec-00e0-476a-99a3-babf1e16b2b0,14,5,6,1,2,free-music-archive;laion-disco-12m;sleeping-disco-9m;spotify-tracks-dataset,free-music-archive,Google;Stability AI,USED_BY
Illinois Brass Band,Illinois Brass Band,9080,5,5,0,0,0,free-music-archive,free-music-archive,Google;Stability AI,USED_BY
Dr. Frankenstein,Dr. Frankenstein,53a8a8a9-ca66-4927-ba58-aa7aed2081b0,38,5,33,0,0,free-music-archive;laion-disco-12m,free-music-archive,Google;Stability AI,USED_BY
Invacuo,Invacuo,6736421c-0329-4339-9987-f7e20365bc9a,5,5,0,0,0,free-music-archive,free-music-archive,Google;Stability AI,USED_BY
Wisdom Tooth,Wisdom Tooth,19d16e5a-39c2-4647-aca8-4977f005f3be,5,5,0,0,0,free-music-archive,free-music-archive,Google;Stability AI,USED_BY
DJ Skull Vomit,DJ Skull Vomit,d2d64b4b-1fdb-488b-bf2d-6b8bb9bbab4c,8,5,1,2,0,free-music-archive;laion-disco-12m;sleeping-disco-9m,free-music-archive,Google;Stability AI,USED_BY
zBlug,zBlug,9311,5,5,0,0,0,free-music-archive,free-music-archive,Google;Stability AI,USED_BY
Tony Castles,Tony Castles,7d7c36ea-341c-4efb-8cf1-5fe3b2744b98,9,5,0,4,0,free-music-archive;sleeping-disco-9m,free-music-archive,Google;Stability AI,USED_BY
Kido,Kido,9449,5,5,0,0,0,free-music-archive,free-music-archive,Google;Stability AI,USED_BY
Back to the Future the Ride,Back to the Future the Ride,fb9dfa74-0202-45b2-91c7-8c1f99d86d7d,5,5,0,0,0,free-music-archive,free-music-archive,Google;Stability AI,USED_BY
Adam & Alma,Adam & Alma,1a584317-c33d-4522-8471-ee7ef73f166f,5,5,0,0,0,free-music-archive,free-music-archive,Google;Stability AI,USED_BY
The Spektakuler,The Spektakuler,9616,5,5,0,0,0,free-music-archive,free-music-archive,Google;Stability AI,USED_BY
Taju-Ukko,Taju-Ukko,9981,5,5,0,0,0,free-music-archive,free-music-archive,Google;Stability AI,USED_BY
Dio Daga,Dio Daga,9984,5,5,0,0,0,free-music-archive,free-music-archive,Google;Stability AI,USED_BY
Julian Lynch,Julian Lynch,3d494165-5456-4c9d-8fa2-180511946152,5,5,0,0,0,free-music-archive,free-music-archive,Google;Stability AI,USED_BY
Eok,Eok,5e69cd48-4e9f-4ea8-a980-77a516ab174e,5,5,0,0,0,free-music-archive,free-music-archive,Google;Stability AI,USED_BY
Jamie Kimmel,Jamie Kimmel,10222,5,5,0,0,0,free-music-archive,free-music-archive,Google;Stability AI,USED_BY
Myo,Myo,10234,5,5,0,0,0,free-music-archive,free-music-archive,Google;Stability AI,USED_BY
The Duo,The Duo,6950a18e-bc59-4cb9-8905-c304f670fb2e,5,5,0,0,0,free-music-archive,free-music-archive,Google;Stability AI,USED_BY
The Goner,The Goner,c0e8e4db-5da6-42eb-b323-7a01d9f665e4,5,5,0,0,0,free-music-archive,free-music-archive,Google;Stability AI,USED_BY
Cone,Cone,10371,5,5,0,0,0,free-music-archive,free-music-archive,Google;Stability AI,USED_BY
Jeselsohn & Nuñez,Jeselsohn & Nuñez,10483,5,5,0,0,0,free-music-archive,free-music-archive,Google;Stability AI,USED_BY
Bomba Estéreo,Bomba Estéreo,aea8576d-7ad5-4430-bf2e-63725d80f05c,192,6,136,47,3,free-music-archive;laion-disco-12m;sleeping-disco-9m;spotify-tracks-dataset,free-music-archive,Google;Stability AI,USED_BY
The Legendary Pink Dots,The Legendary Pink Dots,38f0dd4f-bcbb-4e7a-afae-a41a2bbf9d74,29,5,4,20,0,free-music-archive;laion-disco-12m;sleeping-disco-9m,free-music-archive,Google;Stability AI,USED_BY
Bobbie Peru,Bobbie Peru,211162a8-e2f7-4308-aa59-b21ed421ee0b,5,5,0,0,0,free-music-archive,free-music-archive,Google;Stability AI,USED_BY
Sex Worker,Sex Worker,1ec42399-ddb8-47eb-9efe-5e615aa4d056,5,5,0,0,0,free-music-archive,free-music-archive,Google;Stability AI,USED_BY
weltAusstellung,weltAusstellung,bfb8e08c-a600-4e42-b027-711b58b433a4,5,5,0,0,0,free-music-archive,free-music-archive,Google;Stability AI,USED_BY
MZ-N710,MZ-N710,6bdb2878-1e13-4bc1-b6a0-47ff0ec80621,5,5,0,0,0,free-music-archive,free-music-archive,Google;Stability AI,USED_BY
Damien Olsen,Damien Olsen,ebf311a5-f4f6-4476-b965-131b7eba1b7d,5,5,0,0,0,free-music-archive,free-music-archive,Google;Stability AI,USED_BY
Willy Stamati,Willy Stamati,e16470a8-39f0-4b7b-8c11-5a545b02c235,12,5,0,7,0,free-music-archive;sleeping-disco-9m,free-music-archive,Google;Stability AI,USED_BY
Horiso,Horiso,1fab2f25-3df7-4f36-b101-4f132c84553c,5,5,0,0,0,free-music-archive,free-music-archive,Google;Stability AI,USED_BY
Mesu Kasumai,Mesu Kasumai,f77e11c4-f64c-47fb-bb93-02c81c501ea9,5,5,0,0,0,free-music-archive,free-music-archive,Google;Stability AI,USED_BY
Will Heikoop,Will Heikoop,3e94ee93-79dd-4754-8f52-a03b64d44b44,5,5,0,0,0,free-music-archive,free-music-archive,Google;Stability AI,USED_BY
Furniker,Furniker,36a24672-075e-4a94-b24f-634c3a106007,5,5,0,0,0,free-music-archive,free-music-archive,Google;Stability AI,USED_BY
hhhnihhh,hhhnihhh,38de6fb9-f8bd-41b1-8bfc-d19d1c40bec1,5,5,0,0,0,free-music-archive,free-music-archive,Google;Stability AI,USED_BY
Ad Serpentae,Ad Serpentae,590f2d63-ecb4-461e-a90a-da348ae12d39,5,5,0,0,0,free-music-archive,free-music-archive,Google;Stability AI,USED_BY
1400 POINTS DE SUTURE,1400 POINTS DE SUTURE,3c01d672-b823-412c-a744-cf060bd73eeb,9,9,0,0,0,free-music-archive,free-music-archive,Google;Stability AI,USED_BY
Six Heads,Six Heads,fbed3c6a-7132-4cfe-ab88-6e1271891350,5,5,0,0,0,free-music-archive,free-music-archive,Google;Stability AI,USED_BY
Feu Machin,Feu Machin,63eb6793-acdc-466a-8675-5e5f63b1d3b3,5,5,0,0,0,free-music-archive,free-music-archive,Google;Stability AI,USED_BY
Christian Björklund,Christian Björklund,c2679964-baa8-4479-a3a9-de66849e9f0a,7,5,1,1,0,free-music-archive;laion-disco-12m;sleeping-disco-9m,free-music-archive,Google;Stability AI,USED_BY
Boris & Olivier,Boris & Olivier,7794,5,5,0,0,0,free-music-archive,free-music-archive,Google;Stability AI,USED_BY
Fol Chen,Fol Chen,45e0766f-0a92-4592-a71e-c7c80b1ce008,35,5,0,30,0,free-music-archive;sleeping-disco-9m,free-music-archive,Google;Stability AI,USED_BY
Without God,Without God,3391256c-a1c7-40be-872c-885360644ba2,5,5,0,0,0,free-music-archive,free-music-archive,Google;Stability AI,USED_BY
Cotton Candy,Cotton Candy,7992,5,5,0,0,0,free-music-archive,free-music-archive,Google;Stability AI,USED_BY
Madeline,Madeline,d30d7412-80c4-4c3a-8704-a276f04e5b11,42,5,1,36,0,free-music-archive;laion-disco-12m;sleeping-disco-9m,free-music-archive,Google;Stability AI,USED_BY
Simptom Pogremushki,Simptom Pogremushki,8373,5,5,0,0,0,free-music-archive,free-music-archive,Google;Stability AI,USED_BY
Gepe,Gepe,c9e12a06-e0c5-4705-bb66-98231c5c9e71,205,5,149,51,0,free-music-archive;laion-disco-12m;sleeping-disco-9m,free-music-archive,Google;Stability AI,USED_BY
Wizwars,Wizwars,195d86d3-ca7d-4f8f-9c84-0fc0884c366a,5,5,0,0,0,free-music-archive,free-music-archive,Google;Stability AI,USED_BY
Adviruz,Adviruz,ba8b43ea-33a0-4762-9166-82ba1e499dfb,5,5,0,0,0,free-music-archive,free-music-archive,Google;Stability AI,USED_BY
Sadnes,Sadnes,1d15ead2-c807-482b-8ce7-fbf3f0b0f205,5,5,0,0,0,free-music-archive,free-music-archive,Google;Stability AI,USED_BY
Kaputt Kurzwellen,Kaputt Kurzwellen,9822,5,5,0,0,0,free-music-archive,free-music-archive,Google;Stability AI,USED_BY
Kokomo,Kokomo,9979,5,5,0,0,0,free-music-archive,free-music-archive,Google;Stability AI,USED_BY
Fergus & Geronimo,Fergus & Geronimo,03bb064a-ac18-4b4d-9c5c-4e4048c12773,25,5,0,20,0,free-music-archive;sleeping-disco-9m,free-music-archive,Google;Stability AI,USED_BY
[Esc.] Laboratory,[Esc.] Laboratory,283070a1-a3e3-447d-9b84-e88a80fd0ed5,5,5,0,0,0,free-music-archive,free-music-archive,Google;Stability AI,USED_BY
Cheapshot,Cheapshot,40647726-b0bc-4b56-9f61-838f51982373,6,6,0,0,0,free-music-archive,free-music-archive,Google;Stability AI,USED_BY
MUTATE,MUTATE,4d86968b-270a-4fb6-9fe9-6d50b0ef521e,7,7,0,0,0,free-music-archive,free-music-archive,Google;Stability AI,USED_BY
Richard Lainhart,Richard Lainhart,2ea2b426-92d6-4d7a-9337-8883a608418b,5,5,0,0,0,free-music-archive,free-music-archive,Google;Stability AI,USED_BY
Antoine Beuger,Antoine Beuger,4cdf451e-1436-4cd5-b0bb-ce9f7dc94c0e,5,5,0,0,0,free-music-archive,free-music-archive,Google;Stability AI,USED_BY
Ellen Fullman,Ellen Fullman,877c485d-3b95-4278-9fc6-cdedc16e80be,9,5,2,2,0,free-music-archive;laion-disco-12m;sleeping-disco-9m,free-music-archive,Google;Stability AI,USED_BY
Copal,Copal,10914,5,5,0,0,0,free-music-archive,free-music-archive,Google;Stability AI,USED_BY
John Hyatt,John Hyatt,7582d300-8c6b-446f-a469-6420ea1cbe29,5,5,0,0,0,free-music-archive,free-music-archive,Google;Stability AI,USED_BY
exileFaker,exileFaker,202aa635-9c33-4ae2-965f-85efd1aa23fc,5,5,0,0,0,free-music-archive,free-music-archive,Google;Stability AI,USED_BY
Eliza Rickman,Eliza Rickman,65d4f206-9f54-4b90-b207-f9e2b626655e,52,5,26,21,0,free-music-archive;laion-disco-12m;sleeping-disco-9m,free-music-archive,Google;Stability AI,USED_BY
Long Long Long,Long Long Long,3259d4e8-60c1-49da-96dc-457c016a4d51,6,5,0,1,0,free-music-archive;sleeping-disco-9m,free-music-archive,Google;Stability AI,USED_BY
Nagra,Nagra,2782c15f-2a1f-4b69-b82e-fb16f2d13c87,5,5,0,0,0,free-music-archive,free-music-archive,Google;Stability AI,USED_BY
Noctambulo,Noctambulo,710138c4-a241-429d-b6c0-0245f73688d9,5,5,0,0,0,free-music-archive,free-music-archive,Google;Stability AI,USED_BY
Hypnomango,Hypnomango,57f0b528-a54c-49bc-aeb5-6c3dca7681ee,5,5,0,0,0,free-music-archive,free-music-archive,Google;Stability AI,USED_BY
Himene Chorus,Himene Chorus,11644,5,5,0,0,0,free-music-archive,free-music-archive,Google;Stability AI,USED_BY
The Limiñanas,The Limiñanas,5942ebdf-6573-4a68-b686-e0e37307344b,177,5,149,23,0,free-music-archive;laion-disco-12m;sleeping-disco-9m,free-music-archive,Google;Stability AI,USED_BY
The Octagon,The Octagon,d432220d-e5bd-4dc5-bc29-9fc45949eb42,6,5,0,1,0,free-music-archive;sleeping-disco-9m,free-music-archive,Google;Stability AI,USED_BY
Afroskull,Afroskull,7e3be57a-c3e0-4d6b-999e-fc884d185d8a,5,5,0,0,0,free-music-archive,free-music-archive,Google;Stability AI,USED_BY
Ardei Iute (Moldavian string band),Ardei Iute (Moldavian string band),6343,5,5,0,0,0,free-music-archive,free-music-archive,Google;Stability AI,USED_BY
El Niño del Parking,El Niño del Parking,6969,5,5,0,0,0,free-music-archive,free-music-archive,Google;Stability AI,USED_BY
Ritualistic School of Errors,Ritualistic School of Errors,7177,5,5,0,0,0,free-music-archive,free-music-archive,Google;Stability AI,USED_BY
Nicolas Bernier,Nicolas Bernier,191a1539-7ce0-473e-a94a-26fae71bae3a,5,5,0,0,0,free-music-archive,free-music-archive,Google;Stability AI,USED_BY
Simon Trottier,Simon Trottier,e07a38b4-3e92-4b95-8bba-ecb9cceb6c3b,5,5,0,0,0,free-music-archive,free-music-archive,Google;Stability AI,USED_BY
Akhet,Akhet,10335,5,5,0,0,0,free-music-archive,free-music-archive,Google;Stability AI,USED_BY
Karpov Not Kasparov,Karpov Not Kasparov,1e387fa5-cf37-4402-941c-4d61d2999eb1,5,5,0,0,0,free-music-archive,free-music-archive,Google;Stability AI,USED_BY
Ela Orleans,Ela Orleans,926d46e4-89f8-41c9-8a3f-4e549bc0e859,5,5,0,0,0,free-music-archive,free-music-archive,Google;Stability AI,USED_BY
23ID,23ID,12723,5,5,0,0,0,free-music-archive,free-music-archive,Google;Stability AI,USED_BY
Liquor Store,Liquor Store,14eadcd5-69a0-4c93-8db0-e3ea4636054b,6,5,0,1,0,free-music-archive;sleeping-disco-9m,free-music-archive,Google;Stability AI,USED_BY
Ofir K & Den Haag all stars,Ofir K & Den Haag all stars,12961,5,5,0,0,0,free-music-archive,free-music-archive,Google;Stability AI,USED_BY
"Machine, Dear","Machine, Dear",13116,5,5,0,0,0,free-music-archive,free-music-archive,Google;Stability AI,USED_BY
Herwig Holzmann,Herwig Holzmann,baa4c804-7250-4d6e-bf86-cc7314aedb66,5,5,0,0,0,free-music-archive,free-music-archive,Google;Stability AI,USED_BY
MeDo's Little Trap,MeDo's Little Trap,d30ed095-daec-4d82-875b-1aac5584e58a,6,6,0,0,0,free-music-archive,free-music-archive,Google;Stability AI,USED_BY
Sharon Van Etten,Sharon Van Etten,5a2e9cd3-010a-4aae-9f83-629253284202,245,5,141,96,3,free-music-archive;laion-disco-12m;sleeping-disco-9m;spotify-tracks-dataset,free-music-archive,Google;Stability AI,USED_BY
Serious Fun,Serious Fun,13495,5,5,0,0,0,free-music-archive,free-music-archive,Google;Stability AI,USED_BY
The Dreebs,The Dreebs,461ccacf-e3a9-4f0f-a0e3-d24045c5d5c0,5,5,0,0,0,free-music-archive,free-music-archive,Google;Stability AI,USED_BY
Mr Worry,Mr Worry,13821,5,5,0,0,0,free-music-archive,free-music-archive,Google;Stability AI,USED_BY
Cleaners From Venus,Cleaners From Venus,1cf5f079-706d-4b1f-9de9-0bf8e298cc97,174,5,146,23,0,free-music-archive;laion-disco-12m;sleeping-disco-9m,free-music-archive,Google;Stability AI,USED_BY
Gentleman Jesse,Gentleman Jesse,13917,5,5,0,0,0,free-music-archive,free-music-archive,Google;Stability AI,USED_BY
Thomas Allan,Thomas Allan,d4a74a84-58ad-4892-b430-2b23d59f801f,5,5,0,0,0,free-music-archive,free-music-archive,Google;Stability AI,USED_BY
Emperors of Blefuscu,Emperors of Blefuscu,13986,5,5,0,0,0,free-music-archive,free-music-archive,Google;Stability AI,USED_BY
"Arrizabalaga, Bravo, Laginestra, Martinez","Arrizabalaga, Bravo, Laginestra, Martinez",14015,5,5,0,0,0,free-music-archive,free-music-archive,Google;Stability AI,USED_BY
Setec,Setec,30606afc-3a79-4be6-9809-2d307a5548c1,27,5,1,21,0,free-music-archive;laion-disco-12m;sleeping-disco-9m,free-music-archive,Google;Stability AI,USED_BY
Amplified Cactus Salon,Amplified Cactus Salon,14087,5,5,0,0,0,free-music-archive,free-music-archive,Google;Stability AI,USED_BY
Sonny & The Sunsets,Sonny & The Sunsets,c0598d2a-803b-4950-9336-a8155d418561,122,12,94,16,0,free-music-archive;laion-disco-12m;sleeping-disco-9m,free-music-archive,Google;Stability AI,USED_BY
Birds Are Indie,Birds Are Indie,1efdd1c5-9ff9-439b-a66a-8786fc9fdd69,9,5,0,4,0,free-music-archive;sleeping-disco-9m,free-music-archive,Google;Stability AI,USED_BY
Vespre,Vespre,14960,5,5,0,0,0,free-music-archive,free-music-archive,Google;Stability AI,USED_BY
Martinibomb,Martinibomb,4c877fed-624d-40e3-9baf-6b9c650bbadc,5,5,0,0,0,free-music-archive,free-music-archive,Google;Stability AI,USED_BY
BLOODHUFF,BLOODHUFF,15406,5,5,0,0,0,free-music-archive,free-music-archive,Google;Stability AI,USED_BY
Julien Mier,Julien Mier,a7b0c43f-ad7e-4186-a712-84198b793418,11,5,2,4,0,free-music-archive;laion-disco-12m;sleeping-disco-9m,free-music-archive,Google;Stability AI,USED_BY
OU_pi Golgotha.undead,OU_pi Golgotha.undead,12326,5,5,0,0,0,free-music-archive,free-music-archive,Google;Stability AI,USED_BY
Laura Sheeran,Laura Sheeran,8788,5,5,0,0,0,free-music-archive,free-music-archive,Google;Stability AI,USED_BY
Anchortell,Anchortell,15892,5,5,0,0,0,free-music-archive,free-music-archive,Google;Stability AI,USED_BY
Perfection,Perfection,652ef921-bc32-4afa-a413-ae552525bdb3,5,5,0,0,0,free-music-archive,free-music-archive,Google;Stability AI,USED_BY
iris garrelfs,iris garrelfs,56a7a8b5-8d4a-4258-9fdf-3c1efb9eb218,5,5,0,0,0,free-music-archive,free-music-archive,Google;Stability AI,USED_BY
Mou,Mou,7213,5,5,0,0,0,free-music-archive,free-music-archive,Google;Stability AI,USED_BY
Keith Burton,Keith Burton,19586,5,5,0,0,0,free-music-archive,free-music-archive,Google;Stability AI,USED_BY
Fengir,Fengir,f76f05c4-70fe-48f3-951c-e9793f7fcc84,5,5,0,0,0,free-music-archive,free-music-archive,Google;Stability AI,USED_BY
Catharsy,Catharsy,19881,5,5,0,0,0,free-music-archive,free-music-archive,Google;Stability AI,USED_BY
Arco Enarmonico,Arco Enarmonico,eca2c41d-a022-4b72-bc23-97a8767903f1,5,5,0,0,0,free-music-archive,free-music-archive,Google;Stability AI,USED_BY
Vinnie Paternostro and Michel Kristof,Vinnie Paternostro and Michel Kristof,20086,5,5,0,0,0,free-music-archive,free-music-archive,Google;Stability AI,USED_BY
BreakBeat Chemists,BreakBeat Chemists,20155,5,5,0,0,0,free-music-archive,free-music-archive,Google;Stability AI,USED_BY
Ryan Cross,Ryan Cross,a5e18109-91c3-48f8-9b64-14ae08f8ba03,6,5,0,1,0,free-music-archive;sleeping-disco-9m,free-music-archive,Google;Stability AI,USED_BY
Anima,Anima,19102,5,5,0,0,0,free-music-archive,free-music-archive,Google;Stability AI,USED_BY
Zachary Zena Giberson,Zachary Zena Giberson,692047b3-f904-4aec-b973-0fb03872b01a,5,5,0,0,0,free-music-archive,free-music-archive,Google;Stability AI,USED_BY
Barrence Whitfield & the Savages,Barrence Whitfield & the Savages,7fc8b7bb-8690-4d6b-9c4c-d8131818d925,9,6,0,3,0,free-music-archive;sleeping-disco-9m,free-music-archive,Google;Stability AI,USED_BY
OBN IIIs,OBN IIIs,31879f68-9283-40c4-8a4f-02ef958ed0ea,20,20,0,0,0,free-music-archive,free-music-archive,Google;Stability AI,USED_BY
Bright Falls,Bright Falls,60ce4a29-2cad-467d-aa61-05d5508d3f86,5,5,0,0,0,free-music-archive,free-music-archive,Google;Stability AI,USED_BY
konofumin,konofumin,21026,5,5,0,0,0,free-music-archive,free-music-archive,Google;Stability AI,USED_BY
Connie Acher & Jelly,Connie Acher & Jelly,21033,5,5,0,0,0,free-music-archive,free-music-archive,Google;Stability AI,USED_BY
Dungen,Dungen,25c76eb2-a92d-4624-9e30-093fc16ed5eb,44,5,9,29,1,free-music-archive;laion-disco-12m;sleeping-disco-9m;spotify-tracks-dataset,free-music-archive,Google;Stability AI,USED_BY
Kayve,Kayve,116b9495-0591-4c47-a0c7-821fa3f854da,7,5,0,2,0,free-music-archive;sleeping-disco-9m,free-music-archive,Google;Stability AI,USED_BY
Кирилл Макушин,Кирилл Макушин,21240,5,5,0,0,0,free-music-archive,free-music-archive,Google;Stability AI,USED_BY
Hexigen,Hexigen,21369,5,5,0,0,0,free-music-archive,free-music-archive,Google;Stability AI,USED_BY
Julia Kent,Julia Kent,63733317-8113-413a-8b8b-7ef89cd1f50d,110,5,104,1,0,free-music-archive;laion-disco-12m;sleeping-disco-9m,free-music-archive,Google;Stability AI,USED_BY
Anton Rothschild,Anton Rothschild,c56f21f0-5a32-4913-baa5-b36f0cb7abb2,5,5,0,0,0,free-music-archive,free-music-archive,Google;Stability AI,USED_BY
Fire Island Pines,Fire Island Pines,f465fc2c-26a6-4fe0-a8d7-c0ac9641ac67,5,5,0,0,0,free-music-archive,free-music-archive,Google;Stability AI,USED_BY
Julia Rose,Julia Rose,21585,5,5,0,0,0,free-music-archive,free-music-archive,Google;Stability AI,USED_BY
Edessa,Edessa,21619,5,5,0,0,0,free-music-archive,free-music-archive,Google;Stability AI,USED_BY
Miranda Taylor and Mike Hunchback,Miranda Taylor and Mike Hunchback,21715,5,5,0,0,0,free-music-archive,free-music-archive,Google;Stability AI,USED_BY
Tenniscoats,Tenniscoats,6eec62de-e783-47e4-89f9-e02fb61ed2cb,8,5,1,2,0,free-music-archive;laion-disco-12m;sleeping-disco-9m,free-music-archive,Google;Stability AI,USED_BY
Robyn Hitchcock,Robyn Hitchcock,0584e561-1442-46c9-9593-923c34571eb7,243,6,148,86,3,free-music-archive;laion-disco-12m;sleeping-disco-9m;spotify-tracks-dataset,free-music-archive,Google;Stability AI,USED_BY
Jon Collin,Jon Collin,e7b0d8e8-5ade-49ac-bd46-410a9a2ade69,5,5,0,0,0,free-music-archive,free-music-archive,Google;Stability AI,USED_BY
maD,maD,438aa2fe-0c1c-4e16-a9f5-6c826b953690,7,5,2,0,0,free-music-archive;laion-disco-12m,free-music-archive,Google;Stability AI,USED_BY
Teatro Grotesco,Teatro Grotesco,db1609b0-aee0-491f-9d0a-1ba9c331a847,5,5,0,0,0,free-music-archive,free-music-archive,Google;Stability AI,USED_BY
Glockabelle,Glockabelle,fcb68790-5c5b-4b79-8dfc-6382abcdd779,5,5,0,0,0,free-music-archive,free-music-archive,Google;Stability AI,USED_BY
Oorsprong Curator Series,Oorsprong Curator Series,16734,5,5,0,0,0,free-music-archive,free-music-archive,Google;Stability AI,USED_BY
Pee In My Face With Surgery,Pee In My Face With Surgery,16835,5,5,0,0,0,free-music-archive,free-music-archive,Google;Stability AI,USED_BY
Peter Gresser,Peter Gresser,807893c8-9766-431e-9729-22d6f942093d,5,5,0,0,0,free-music-archive,free-music-archive,Google;Stability AI,USED_BY
Barbez,Barbez,998b8b30-52fb-4e58-b621-d0516c94d824,5,5,0,0,0,free-music-archive,free-music-archive,Google;Stability AI,USED_BY
Mystery Pills,Mystery Pills,64983060-f971-4307-866a-6d89ad275612,5,5,0,0,0,free-music-archive,free-music-archive,Google;Stability AI,USED_BY
Cosmonauts,Cosmonauts,8af3d491-20a5-4e70-b81f-fa336d9b09cc,25,5,0,20,0,free-music-archive;sleeping-disco-9m,free-music-archive,Google;Stability AI,USED_BY
FOXHOLE,FOXHOLE,17327,5,5,0,0,0,free-music-archive,free-music-archive,Google;Stability AI,USED_BY
Trojan Horse Rotovator,Trojan Horse Rotovator,4abf07c1-3d05-487e-bbb5-11a8f5bf963a,5,5,0,0,0,free-music-archive,free-music-archive,Google;Stability AI,USED_BY
The Chronic Sleepers,The Chronic Sleepers,bc86f4f4-c8c8-4d96-b921-bbac13a31aef,5,5,0,0,0,free-music-archive,free-music-archive,Google;Stability AI,USED_BY
.357 Lover,.357 Lover,a0c0842d-9705-4369-b117-bf182730baca,5,5,0,0,0,free-music-archive,free-music-archive,Google;Stability AI,USED_BY
Gilo,Gilo,17892,5,5,0,0,0,free-music-archive,free-music-archive,Google;Stability AI,USED_BY
Gospel Of Mars,Gospel Of Mars,17894,5,5,0,0,0,free-music-archive,free-music-archive,Google;Stability AI,USED_BY
Phundamental,Phundamental,12d9baad-6507-4fd6-8e73-66053c23dac5,5,5,0,0,0,free-music-archive,free-music-archive,Google;Stability AI,USED_BY
Margina,Margina,18153,5,5,0,0,0,free-music-archive,free-music-archive,Google;Stability AI,USED_BY
Jim Keller,Jim Keller,02212f96-0d16-4919-bed2-342d043a1b19,5,5,0,0,0,free-music-archive,free-music-archive,Google;Stability AI,USED_BY
Vägskäl,Vägskäl,c29a79ef-3008-446a-bcca-72646f438209,5,5,0,0,0,free-music-archive,free-music-archive,Google;Stability AI,USED_BY
The Harrow,The Harrow,07262042-670b-4c81-ac9f-438c0a0a67b8,5,5,0,0,0,free-music-archive,free-music-archive,Google;Stability AI,USED_BY
Kristallo,Kristallo,b9faf7fb-c305-4313-86f2-89f44857b972,6,5,0,1,0,free-music-archive;sleeping-disco-9m,free-music-archive,Google;Stability AI,USED_BY
Mindseye,Mindseye,41b35ccd-6f17-4ab6-ab5b-af0f930892f3,5,5,0,0,0,free-music-archive,free-music-archive,Google;Stability AI,USED_BY
Dr. Rinkel,Dr. Rinkel,0703c869-fc24-45c1-bf3b-8b847deec6bb,5,5,0,0,0,free-music-archive,free-music-archive,Google;Stability AI,USED_BY
Bueno,Bueno,23540,6,5,1,0,0,free-music-archive;laion-disco-12m,free-music-archive,Google;Stability AI,USED_BY
Deiezione HC,Deiezione HC,23635,5,5,0,0,0,free-music-archive,free-music-archive,Google;Stability AI,USED_BY
Coco Morier,Coco Morier,b10954d4-0b15-48a6-9333-5a4c7169da51,5,5,0,0,0,free-music-archive,free-music-archive,Google;Stability AI,USED_BY
Sro,Sro,23707,5,5,0,0,0,free-music-archive,free-music-archive,Google;Stability AI,USED_BY
Eggs Over Easy,Eggs Over Easy,9504e185-af68-4ebc-8cc5-02bf234b88c5,17,5,0,12,0,free-music-archive;sleeping-disco-9m,free-music-archive,Google;Stability AI,USED_BY
Balkan Peppers,Balkan Peppers,23814,5,5,0,0,0,free-music-archive,free-music-archive,Google;Stability AI,USED_BY
E-Shine,E-Shine,69e093fb-cb55-49c8-98cb-2d5b2f51dc4e,6,5,1,0,0,free-music-archive;laion-disco-12m,free-music-archive,Google;Stability AI,USED_BY
Bio Dread,Bio Dread,a811d8cd-18aa-4e59-af4f-0bd32dea614f,5,5,0,0,0,free-music-archive,free-music-archive,Google;Stability AI,USED_BY
ardleg,ardleg,85c630bf-f8e5-484c-8900-c21527258479,17,17,0,0,0,free-music-archive,free-music-archive,Google;Stability AI,USED_BY
alpha jaguar,alpha jaguar,20545,5,5,0,0,0,free-music-archive,free-music-archive,Google;Stability AI,USED_BY
Mark Wingfield,Mark Wingfield,4f11cf02-421f-44f9-809a-bec0a1f161a0,5,5,0,0,0,free-music-archive,free-music-archive,Google;Stability AI,USED_BY
Doobie,Doobie,21983,5,5,0,0,0,free-music-archive,free-music-archive,Google;Stability AI,USED_BY
Marquice Turner,Marquice Turner,4b560bb4-05ff-430e-80aa-634a4890b081,5,5,0,0,0,free-music-archive,free-music-archive,Google;Stability AI,USED_BY
Keith Doom & The Wrecking Crew,Keith Doom & The Wrecking Crew,95fffaca-12db-455c-9488-1d5fb3f2bb79,5,5,0,0,0,free-music-archive,free-music-archive,Google;Stability AI,USED_BY
Matúš Novanský,Matúš Novanský,22202,5,5,0,0,0,free-music-archive,free-music-archive,Google;Stability AI,USED_BY
State Champion,State Champion,95dccd9c-5e92-4df6-8d64-1921905f6a35,24,5,0,19,0,free-music-archive;sleeping-disco-9m,free-music-archive,Google;Stability AI,USED_BY
Resonancedj & Giulio Maddaloni,Resonancedj & Giulio Maddaloni,22400,5,5,0,0,0,free-music-archive,free-music-archive,Google;Stability AI,USED_BY
LG17,LG17,22481,5,5,0,0,0,free-music-archive,free-music-archive,Google;Stability AI,USED_BY
DJ Kleva Kaslam,DJ Kleva Kaslam,92c7ac49-e712-4e24-a875-737374490233,5,5,0,0,0,free-music-archive,free-music-archive,Google;Stability AI,USED_BY
Barbarix,Barbarix,6ae9b7d8-602a-4b90-8445-cd894083feb5,6,5,0,1,0,free-music-archive;sleeping-disco-9m,free-music-archive,Google;Stability AI,USED_BY
Brigid Mae Power,Brigid Mae Power,8a9b0397-5850-439b-83c4-d77c3baa6aeb,23,5,0,18,0,free-music-archive;sleeping-disco-9m,free-music-archive,Google;Stability AI,USED_BY
The Ghost Between the Strings,The Ghost Between the Strings,fbd2a415-3400-4eb5-ba91-1049e61f8933,5,5,0,0,0,free-music-archive,free-music-archive,Google;Stability AI,USED_BY
Timeheater,Timeheater,09718904-0667-46bd-8e58-b456bb40f51e,5,5,0,0,0,free-music-archive,free-music-archive,Google;Stability AI,USED_BY
Vor Onus,Vor Onus,e5b3412f-b3c2-4477-bc40-46829c3d5dba,5,5,0,0,0,free-music-archive,free-music-archive,Google;Stability AI,USED_BY
Thomas Fernier,Thomas Fernier,b8449d3c-e4e2-47f0-8196-b2c94ebed0de,5,5,0,0,0,free-music-archive,free-music-archive,Google;Stability AI,USED_BY
Apple From Earth,Apple From Earth,63046152-cbda-43b0-b2f0-e8bc550e1e9f,5,5,0,0,0,free-music-archive,free-music-archive,Google;Stability AI,USED_BY
Friendly Foliage,Friendly Foliage,b5f5b1ff-578e-4e25-988d-6d80b8af87b2,5,5,0,0,0,free-music-archive,free-music-archive,Google;Stability AI,USED_BY
Oudeis,Oudeis,63bd7eb4-f836-45a1-be9f-81c867c88130,5,5,0,0,0,free-music-archive,free-music-archive,Google;Stability AI,USED_BY
Kate Carr,Kate Carr,9a261d0d-69b2-4338-9c92-152d7a35dc1b,5,5,0,0,0,free-music-archive,free-music-archive,Google;Stability AI,USED_BY
ONO,ONO,14121,5,5,0,0,0,free-music-archive,free-music-archive,Google;Stability AI,USED_BY
The Bribe and the Mockery,The Bribe and the Mockery,22679,5,5,0,0,0,free-music-archive,free-music-archive,Google;Stability AI,USED_BY
Gas Anorex,Gas Anorex,5d709454-4089-43a3-9ace-a197bfdd63bd,5,5,0,0,0,free-music-archive,free-music-archive,Google;Stability AI,USED_BY
Tzii,Tzii,4c18f3cc-c401-4f02-bfbb-610282c7a45f,5,5,0,0,0,free-music-archive,free-music-archive,Google;Stability AI,USED_BY
Daniel Powell,Daniel Powell,23644,5,5,0,0,0,free-music-archive,free-music-archive,Google;Stability AI,USED_BY
Arno Bruil,Arno Bruil,e20369fe-c5af-48b2-aa20-26a3a399a185,5,5,0,0,0,free-music-archive,free-music-archive,Google;Stability AI,USED_BY
Teleg.,Teleg.,e7397656-bd5f-434f-98a3-3955e7d0fbcd,5,5,0,0,0,free-music-archive,free-music-archive,Google;Stability AI,USED_BY
k.a.n.t.n.a.g.a.n.o,k.a.n.t.n.a.g.a.n.o,d0b7523a-7fce-4652-b565-4fe143acb31e,5,5,0,0,0,free-music-archive,free-music-archive,Google;Stability AI,USED_BY
The Wounded Violets,The Wounded Violets,6791a0e7-30a6-4a01-93f4-f0da061ac921,5,5,0,0,0,free-music-archive,free-music-archive,Google;Stability AI,USED_BY
milch of source,milch of source,74b56f3e-7a49-4de1-b8f0-33c20dea313d,19,19,0,0,0,free-music-archive,free-music-archive,Google;Stability AI,USED_BY
Anthony Donovan and John Hyatt,Anthony Donovan and John Hyatt,12313,5,5,0,0,0,free-music-archive,free-music-archive,Google;Stability AI,USED_BY
Pat Murano and Tom Carter,Pat Murano and Tom Carter,13408,5,5,0,0,0,free-music-archive,free-music-archive,Google;Stability AI,USED_BY
the Woodpiles,the Woodpiles,af9f9447-72d7-4387-af96-2c4a7fba87d6,5,5,0,0,0,free-music-archive,free-music-archive,Google;Stability AI,USED_BY
Invisible Sports,Invisible Sports,737008c5-bc1a-407d-ae8f-337514b81f65,5,5,0,0,0,free-music-archive,free-music-archive,Google;Stability AI,USED_BY
Codex Machine,Codex Machine,2c0db23e-d3a0-4c68-b06f-5aeb02fd3e92,5,5,0,0,0,free-music-archive,free-music-archive,Google;Stability AI,USED_BY
Hom,Hom,d72b0730-6cc6-4ed9-a60f-21b904cfe5f6,5,5,0,0,0,free-music-archive,free-music-archive,Google;Stability AI,USED_BY
Upsidedown Face,Upsidedown Face,8623,5,5,0,0,0,free-music-archive,free-music-archive,Google;Stability AI,USED_BY
The Crevulators,The Crevulators,9206,5,5,0,0,0,free-music-archive,free-music-archive,Google;Stability AI,USED_BY
Jóvenes y Sexys,Jóvenes y Sexys,3f56041b-0f06-4c91-b011-252869c3dedd,5,5,0,0,0,free-music-archive,free-music-archive,Google;Stability AI,USED_BY
Harald Grosskopf with Axel Heilhecker,Harald Grosskopf with Axel Heilhecker,10699,5,5,0,0,0,free-music-archive,free-music-archive,Google;Stability AI,USED_BY
Miriam Kaukosalo,Miriam Kaukosalo,11134,5,5,0,0,0,free-music-archive,free-music-archive,Google;Stability AI,USED_BY
Diecidicembre,Diecidicembre,11366,5,5,0,0,0,free-music-archive,free-music-archive,Google;Stability AI,USED_BY
Mondo Cool,Mondo Cool,19739,5,5,0,0,0,free-music-archive,free-music-archive,Google;Stability AI,USED_BY
The Monsieurs,The Monsieurs,53e2f208-cbbe-4d70-a893-6bab25d3a999,5,5,0,0,0,free-music-archive,free-music-archive,Google;Stability AI,USED_BY
Cell1110,Cell1110,1b413694-05a5-4959-ac80-70f929f7b7a4,5,5,0,0,0,free-music-archive,free-music-archive,Google;Stability AI,USED_BY
Yoshida Com,Yoshida Com,20511,5,5,0,0,0,free-music-archive,free-music-archive,Google;Stability AI,USED_BY
Kevin Cahill / Ryan Waldron,Kevin Cahill / Ryan Waldron,21122,5,5,0,0,0,free-music-archive,free-music-archive,Google;Stability AI,USED_BY
Sheeba  Exp,Sheeba  Exp,21463,5,5,0,0,0,free-music-archive,free-music-archive,Google;Stability AI,USED_BY
Choban Elektrik,Choban Elektrik,21620,5,5,0,0,0,free-music-archive,free-music-archive,Google;Stability AI,USED_BY
Chris Gheran,Chris Gheran,30192dd6-0d78-4ef5-8104-cd337bb7b130,5,5,0,0,0,free-music-archive,free-music-archive,Google;Stability AI,USED_BY
Obnox,Obnox,b1d8c11f-dab1-484f-8d29-0c791a540375,5,5,0,0,0,free-music-archive,free-music-archive,Google;Stability AI,USED_BY
Felipe Sanzana,Felipe Sanzana,19022,5,5,0,0,0,free-music-archive,free-music-archive,Google;Stability AI,USED_BY
Robot Comes to Me,Robot Comes to Me,794826ca-ee5d-4a35-a030-1e6c28cfe55a,5,5,0,0,0,free-music-archive,free-music-archive,Google;Stability AI,USED_BY
Old Splendifolia,Old Splendifolia,c83cd26d-50c9-40d4-80ce-3f4b5f67fd37,5,5,0,0,0,free-music-archive,free-music-archive,Google;Stability AI,USED_BY
White Wards,White Wards,5adcbfe0-27a9-4212-8cb4-e02df1f354a0,5,5,0,0,0,free-music-archive,free-music-archive,Google;Stability AI,USED_BY
You're Terribly Late,You're Terribly Late,64d03b87-2f76-4671-85ed-372cb39a2b67,5,5,0,0,0,free-music-archive,free-music-archive,Google;Stability AI,USED_BY
Craig Mileski,Craig Mileski,6fce87f6-3773-4d8e-9889-8383702ef986,5,5,0,0,0,free-music-archive,free-music-archive,Google;Stability AI,USED_BY
