name,mbid
Podington Bear,2c15f704-d0f3-4175-80c4-97f395ad7d9a
Kosta T,15891
Ergo Phizmiz,8a0194ad-6b24-448b-a069-5e7baf2eb1dd
Blue Dot Sessions,57d8f0d0-146c-442b-91db-bed873223d1a
Lee Rosevere,fff239d3-b78a-4c2c-9e05-d8b08857149b
Jahzzar,0536f3c2-5484-47c4-b05c-bd30692f4e48
James Kibbie,437c5876-f406-45be-a3cc-e76d244ee497
Mr. & Mrs. Smith,6647a26b-bd94-4bc7-8769-7b1e7207a824
Ars Sonor,87fdd785-3c3e-439f-973f-8c6d4d5f5421
Zreen Toyz,ec0abf48-cfc5-46ce-8365-295444ce7c5b
Jared C. Balogh,4257066d-6f3e-4226-9143-5b8a9ae17b84
Steve Combs,ee04b05d-7190-4723-ba3d-368038478306
Derek Clegg,9243d9f4-c18e-4422-bd3f-98ca6295f9b9
Lezet,435440ed-3592-46ed-b31f-ec9939890462
Josh Woodward,b09c8a50-7bfa-434f-a2cf-f9bf9f6f91a5
OsO El roTo,4352
The Agrarians,44d34e0d-3679-40c8-b141-2f39321eb2e2
The Fucked Up Beat,241a05f8-8576-41fd-ac0a-442ddec2c20b
The Impossebulls,b034e706-419a-42a5-87fc-fa843ac31be2
Tha Silent Partner,d047a1fe-3f8b-45ff-92f5-855ff37c9658
The Polish Ambassador,e9787dd2-5857-4b51-8e59-a190a54820fc
Monplaisir,22472
Ketsa,6443
Salakapakka Sound System,becb76ae-627c-40a4-8cda-d339d21ad6d8
Glass Boy,0afadbf0-507e-43fe-8bfc-4c0afaec35cb
Anitek,a1630b32-a887-46fb-9c4c-6aae56d492a4
Cheese N Pot-C,6bf7f09a-829e-439c-9505-3a5bcd48c61f
jonas the plugexpert,5965
Lobo Loco,37dd2973-d750-48aa-9557-64652fcf7d32
David Szesztay,21616
Nonima,ac20cd1c-6c0f-4b7f-993c-11d0de3aa4aa
Jaan Patterson,802b2906-81b7-4940-8f7e-e99164d12634
Big Blood,63c5e98c-0b24-4939-ad8c-f6ed235b7980
Phemale,960ebb62-9209-462e-a763-d70c2cb7e073
U Can Unlearn Guitar,e1e670dd-9589-4699-a721-469cee925c14
Kevin MacLeod,8292bf44-2dd1-4bad-8019-276ec38f28e7
simon_mathewson,e4c8f501-3c76-4c81-a5c0-e50686d7c298
Kai Engel,aa55b20b-36d8-4093-84f3-c5c7942ff2c8
Mittimus,1640
Cullah,369b127b-ca39-4618-88f6-132f1bc8a27f
Richard Jonas,5ef5b8ec-98df-496f-b8d1-f91491a32513
Squire Tuck,19472
Scott Holmes,43ad772e-7a01-4b7f-83c7-64a3dfcc3084
Keshco,92228b8c-b851-4a15-b324-cced2f0fb482
johnny_ripper,cc6137ce-4ed9-4711-b775-b97c2e53db41
The Conet Project,433c0996-077c-4a28-9261-57858eb31832
Schemawound,04c0cd87-8f91-436e-99b4-5520a53bfe5e
Trans Atlantic Rage,6568f169-e0d9-42ff-bb52-cb2c7dfc0bf9
Elvis Herod,4c60914a-628f-4483-90fb-a1945863a73f
Oblivian Substanshall,a94ea428-91a3-40c8-a38e-e05b338937d6
Bauchamp,ee23f53c-45cb-4528-80fd-34d1b61b52eb
RÉGIS VICTOR,8aafd7b5-76df-42cf-bfcf-7e55ee4cf315
Circus Marcus,97d54a87-7c0f-4306-9cb0-f3b5fb86b7d7
THF Drenching,5118
Disco Missile,08c34398-d79e-40b8-928f-66f8a518762e
Monk Turner,817ec3ad-7ba2-451f-928b-cb15131cf5b0
Telegraphy,7a85c083-820b-4545-bf3a-5d42a08fc68a
Learning Music,ff901e96-122d-4623-90f8-926cf8bae13c
CM aka Creative,6fcdc0f1-ddd6-4adc-95be-adcd55a4166f
Section 27 Netlabel,8563
ODOR BABY,64c2e7b7-9447-4c80-9ac5-871e625d4ada
Benjamin Bret,7290
Welcome Wizard,2226
junior85,3dc6e2c0-2d8b-45b8-a7be-5b8f2ec4ed59
K. Sparks,ac7b11e9-b6c9-446a-8147-bf0c2c451810
Fortyone,975e9cd1-247d-4e21-b5b6-94b6551c601d
The Scallions,fc9df9c2-fb04-4804-b4e3-2efd01d6723a
Chris Zabriskie,cd661c5c-c9ce-42ff-83f8-7b1dd1515d64
Cosmic Analog Ensemble,e05a9d5c-1fb1-4652-8b54-d0c97add6b94
Alaclair Ensemble,885ed00a-34ba-4139-bcfc-5065f6270726
Bryan Lewis Saunders,6c789bd8-cc7d-4445-b068-11e1930c8875
Nicky Cook,bf670de5-ad6a-4ac0-9068-184dedf351ef
Obits,b6c82c04-f1b4-41a6-ae15-a64a96d1e6c4
Thiaz Itch,7a6baf0c-04c3-4693-867a-bd3a6481e26d
R. Stevie Moore,6ac67c73-2833-4af3-b2e7-3bec5a7e3f85
Krackatoa,438f04dc-41ea-4de9-9d56-fc845b52d0c1
Ketsa,fa62a309-ae21-48ea-b1df-ff7e4893a986
Future Sauce,19799
+HIRS+,d98ae071-e23d-4058-b2ed-e136d2c1b593
mr&mrsBrian,17bc61cf-62cd-43a2-b8a3-a988aa6e34c3
POVALISHIN DIVISION,000b33e6-1479-4b95-8202-d4d838519164
Clinical Archives Mix,10117
C-Doc,a3370c9f-3fdf-4d9a-bb74-e8ec7d4f1957
Asian Women on the Telephone,a5eb9bd0-c49f-4d6f-8045-402dcc836471
Roger McGuinn,6ec7336b-a56a-4b5d-bcec-575d2b8ed4e1
Kevin Bryce,88926e80-80bc-49fe-853e-4fd74be68c70
Tusk Lord,225ac73d-1060-4d37-a7ca-4a39725cc41d
The New Mystikal Troubadours,7ca79c47-0c3c-46bb-aa8e-0bc32ce29114
Kellee Maize,0a67d138-8cd0-49f9-94f6-e65826f1a8ab
Lucky Dragons,0654393d-253f-4a4d-a7e0-fbc799152930
Castello di Trokai,19030
The Hathaway Family Plot,7e8c21e1-f7a1-463b-ab09-11f5acc35b74
Pk Jazz Collective,8f8db5c9-8887-4922-af35-4b6bbe0ccfc4
ROZKOL,42ec9891-45d4-4658-ba8b-ca072e4b5b25
Tab & Anitek,a408f71b-fd12-45a5-b37f-f352d8d9c883
theAudiologist,502768c0-d13c-4855-b40a-33e98e59c69b
Pablo Ribot,86c3eac5-61c5-45c1-a146-bb10198ab2a0
Lee Maddeford,97dc2417-9b19-4488-8286-4fcc26fa2fd9
Samuel Corwin,21877
Jad Fair,be4a8e65-a7ba-474c-989b-ed16e51c1a39
Just Plain Ant,c2efd199-1f21-4bce-aa0f-7b9abe92bb1e
Altered:Carbon,1ef3022e-3de8-4419-b852-ce0cbe85cba6
Glove Compartment,149
Gorowski,9ed4d6b2-67c1-44c4-9a4d-e4e2e76d2659
Krowne,136d4c42-9e55-4129-a1e8-650e2db9c9bd
Stealing Orchestra,138aa72f-17ce-4a4e-8a52-a5fa323c449b
SPCZ,d65f4d0a-fcad-4716-8c24-e887ccf7c715
Project 5am,2f78086c-aa1c-4fe6-acf8-bf08a9ef764f
Mitoma,1480cd4b-5f76-402e-ae2a-6b890b09def0
Bruce Miller,11687
Asthmatic Astronaut,67ac6b5b-0d9e-4272-af33-05dafb632ff1
The Kyoto Connection,05c2dbb0-2704-4d33-a39b-d21cec4ac678
-ono-,13625
Vulvinia & Jambonstar,dd91c186-6b9f-4040-a74c-4823351e0d9f
Blah Blah Blah,84
Bacalao,5674
The Honorable Sleaze,e6b6c5cf-5bcc-4a5b-bcd8-47eb61173c39
MIT Concert Choir,300a73a7-d36d-4bc9-8d52-95f84d62e28e
Ryan Little,757a9514-33f1-4f66-8afb-816ca2761c77
Benji Cossa,9e2ca9b0-261f-4190-ab4f-0c17a167357f
Ventolyn & Becotyde,df357457-833b-4741-89ee-78b04da8d223
Bomis Prendin,ae8b6ba4-479f-4e53-aaa4-535401808511
Krestovsky,f5039d43-1abd-4652-9868-96634076c33b
David Rovics,4d56eb9f-13b3-4f05-9db7-50195378d49f
Long Hair,10990
Vate,519a4f81-c149-4f6c-85a0-3628bbe94d75
Chenard Walcker,5ef9d128-f837-4fde-9c65-767daab13522
Jon Rose,1975
Kathleen Martin,5bccdc1b-5afe-4a12-8d7b-655d4dc93186
Vernon LeNoir,77d7005e-edc9-4a34-8040-8d9491088f4b
VYVCH,18314
Broke For Free,069a1c1f-14eb-4d36-b0a0-77dffbd67713
The Superfools,0e375c6b-8af7-4f0d-a6b9-734b6e53006d
Dave Depper,63ece28c-0724-4db0-909b-3921ac45b10a
ODORBABY,5ee8a142-207d-45b6-a276-6b03358d9c78
Cagey House,9128dad9-f549-46a5-9088-1305f2007ec4
Waylon Thornton and the Heavy Hands,94b10064-b21a-42af-9ec7-636eb157301a
The Tudor Consort,384b2de8-22d1-4868-abce-2cf7c7ab6133
Figurative Theatre,cda56d54-a65e-4ec2-bcd9-786199d80b43
Wooden Ambulance,878aa338-5d84-4434-b851-3db86c0646ba
Waylon Thornton,10027
Music Factory,18686
Berthelot,3b9e456c-1839-4142-9351-1d050a0a9162
Cory Gray,62babf73-8652-4ac1-96ed-85a1026e97a1
half cocked,21946
TALES,22160
Garmisch,91cb3bac-059a-45f4-923c-d78c4980b48c
Wayne Kinos,22014
S.J. Mellia,f5b68a67-b69e-456f-9004-503444e462a3
Apache Tomcat,70184826-f8f0-4c4d-bfa2-bb1f6fd6e549
Free Matter for the Blind,2
Sam Gas Can,dc8737fb-07bf-45d7-982c-3769f945e51f
Mild Maynyrd,7770b3de-f1fa-4134-b2b1-1f193de58bc8
Jason Shaw,d31f3f70-374c-489d-af7d-1cbb10f40533
Volcano the Bear,0dbb85b2-d0c6-47bf-b7c6-6011df868896
Fields Ohio,99daf93f-86d3-4060-877a-c808a370f279
Westy Reflector,bc01661b-53f9-496d-88b6-055284b8a92d
P C III,9d623e3f-60b2-4f2b-a2f4-71b97e0651d9
Deadly Combo,17695
D3Zs,6b368066-6ddf-4032-a7e6-a050270ed648
Andrew Howes,ab16d31b-3f5b-4547-b67f-1f7b3ffd6505
OWL BRAIN ATLAS,10567
BADLUCK,11216
Vir Nocturna,21533
Celesteville,fbe12051-cf4a-40a9-9f13-2203b243bca5
Hazardous Guadalupe,3651
minusbaby,74e7eb10-8e19-4f42-b190-d2e57f89f51d
Candlegravity,a55ad956-3427-4e3a-b4ef-69cac8dc2ceb
Dyman,90c6625b-3649-41c1-817b-b5c2f45458b0
Noise Problems Selections,13528
Toussaint Morrison,f2d57e9d-9a2d-4898-b773-f291ff473638
HighWay17,b159a5c5-7870-4f37-97a8-e9193b377e1a
The Hate Noise,d48d3769-4904-415c-a7b0-ee3f3dabb06a
King Ghidorah!,13050
The Rories,10811
Ian Alex Mac,19283
Electric Mirrors,16270
Eaters,8664
Dexter Britain,c2a2f396-5d62-4d8a-8395-b4ab9962f1b6
Sick to the Back Teeth,0a0b0cc1-283d-4b7a-b179-e22089d57b60
Felipe Sarro,40a22c36-3142-4d73-9c58-b8808612172a
Los Llamarada,3d1270a4-26e7-436b-9d33-bdf513e33c0e
happiness in aeroplanes,11939
Alpha Hydrae,19816
Little Glass Men,19453
Carnivorous Birds,8490
AlexandreDavidGabriel,7f66192f-5968-454e-880b-d56395640a1b
Mike Morton,15460
Eigenheimer,4efb2af3-6cc0-4f78-9db4-a6e3b79d49de
AG Davis,d60b2f9c-e9ac-4996-951f-0a5a08a16b9f
Komiku,fca800c1-6fc3-4bfb-a5de-8c2398c27bc0
Jimmy Penguin,f24a7d21-56ce-48e4-978a-a073b3efec10
Bouwakanja,ae5a3060-83c0-4877-b71c-95941d6bbdcc
Winjer3,20c19b9c-a8ed-40ea-a007-4f1dcb8465cb
Mors Ontologica,9f13d8fe-d71d-4d28-8192-41bbd004fe0c
So Cow,6b8acfaf-9b72-40cb-972b-17e6bc21d3af
The Shamblers,1212
Volvox,2268
Syndrôm,8126
Jarby Mc Coy,19064
Radioactive Sparrow,3171
mathgrant,ba3fbcf4-9b93-4b4c-91e5-a0a0e640144b
TRG Banks,c0d0512c-8612-4f0c-a920-5dab9b1ec886
Phil Reavis,5b077ba3-c9e9-4a25-b41e-563c7c39cddb
Happy Elf,7ca45252-027d-44a9-9dd8-b65773f44ad6
Acreil,cb018fe3-6e59-479d-abde-ed30cb2170bd
James Beaudreau,41b28afe-e7e4-4e15-ab9f-efa5e1ce9d9f
Visager,981220b7-6ba1-4814-a5c4-a4e2220025d1
Pot-C,e4da335b-1939-42e5-b1e9-8a5e96e786e7
Silver Process,11099
Pandacetamol,a8d213f0-870f-4005-a6a7-5d5409880e70
Vladimír Hirsch,4a53644e-9122-446e-822d-61ebcdcfdb32
51%,8482
Misiaczek,e9bf5c9c-c8c6-4a0d-a0e7-be543682b19b
Johnny Haway,95ffeaf7-7b27-4239-a8f6-da145dc726f0
Cooper-Moore,99d8b191-7d69-4262-81fb-e24da9fd6640
"Tab (Hip Hop / Trip Hop / Reggae Artist from Roselle, USA)",027bfdea-6e7c-4dbb-b877-55cc781732ef
Art of Flying,59f27fc3-f2d6-4e62-a861-505f24e825f9
Sci Fi Industries,2d2f0046-6112-4193-b791-382285fc29c5
Ant the Symbol,98a5fcde-e095-4945-b917-be79ca899eed
Lately Kind of Yeah,b4f56bd5-a565-4c8b-9b68-6f8eafe11e82
The Gateless Gate,c184f504-127e-45c7-9a65-815034142c2c
Konstantin Trokay,3d914ab4-d7eb-44b6-bf49-1b19fe332331
Gwilly Edmondez,a6a9be78-e035-4211-b06f-4ed1815f12a2
Mystified,0c631402-23c8-4ca0-bfd9-de04ad25a50a
Pianochocolate,2e9db542-5995-448d-8b96-b6bd8d2d1ea0
SLP,21313
Unheard Music Concepts,22407
Flugeldar,8488
reed blue,2844009a-4df7-4d1c-9b7f-389272d388d1
Audio K,08118824-c83f-4747-97ab-fedd10ce18e1
The Underscore Orkestra,9ae39cac-3bea-4a54-9f69-a95a69718bed
Simon Panrucker,62d8043c-b7a1-4afe-8e2d-69f40c0f7912
Decktonic,22e26960-06f5-42da-aa1b-ddc4464a2c22
Fork in the Blender,f851b281-c860-4f6c-9658-70c95e3fc52a
deef,14552
etc.,13518
Plushgoolash,7949
Pilesar,ea297641-761a-4c7f-b3fd-91ae4d1a1225
Attic Ted,5baf0d42-6c3f-4ac4-8eba-df82ffd37206
Custodian of Records,706106d5-02fa-4e57-b324-1a2daac2e7e2
Fierbinteanu,0853336b-ca98-4d82-b81e-f01b82ce9549
Automating,9e14408f-db0a-444f-a53e-314453d49705
Digi G'Alessio,5935238b-3b2b-47ce-b272-42a9fe92d22f
D SMILEZ,22007
Martin Rach,8f04212e-afcc-45f2-b5f2-aea7f629ab6c
Delphine Dora,bbe1cb66-a285-4d86-ab15-4d5c2a8d14ce
Chuck Bettis,cf315e43-b07f-4ceb-a722-d2e9a7565cf9
Brunk,99695950-b5a1-464e-bc13-748630171627
People Skills,9de0102f-7820-4e99-9170-c322acefadef
SULCUS,19815
Alexandre Navarro,a11e0acf-3116-48ca-9f44-598a7ebbf36c
GaBLé,1e72fe9d-20d4-4718-8435-c17fcde53118
Elemental Noise,33544388-a6da-4f24-9f6c-adc1d8f996ff
LOWdown,13450
Doctor Turtle,f24d6d2b-fa75-4ffa-8986-ca3dac6ad68f
The Crypts!,c3c2f774-ef97-4ccd-a70d-12c2ef0b8e48
keith helt,e2de1b25-5648-4e84-b1d5-170acec3acc2
Ayla Nereo,c95b3474-8788-4bd3-ada6-33849810af0d
Ed Askew,91a11b60-2452-4e4d-b2e9-ce9eba034c01
Dadalú,cb644e68-9c1e-4f9d-aee7-8c8d3cb9b36b
Rolemusic,41bc38ad-beb4-420c-b3f7-bd4241596d44
McCloud Zicmuse,fc90363a-e39e-4ff3-803e-0ec989bfeead
Amitron_7,e90118d8-0a2b-48f7-a544-44246c6dba61
No Monster Club,4886cf1b-3824-4ed5-a535-1907cf7a9044
Vialka,1f6240e4-6df2-4f29-a1df-88baab0bdc3d
Cryosyncopy,3a3e71d4-2f61-42ba-97dc-32b3ab7b77a8
Jesse Spillane,7ef8a5bc-b977-49dd-a2cf-c0f939790db1
Gumbel,31eeef66-819c-41f4-be45-8fbfe954e571
Cave Bears,a388303e-5457-4174-86af-e2267c6b8e06
Mikroben Krieg,b61e1974-79ba-4075-8e46-baff9f4801ce
Wildlight,03744cdd-54df-428c-944e-e91e843a53b2
Prana-Bindu,11624
Sergey Cheremisinov,203f59b0-d89f-4fff-8f7e-2b0fbba570e4
Arcane Waves,f0208795-f1d6-4146-82dc-115686e8e9b3
Expwy,13385
Natural Snow Buildings,8f48ecc4-0813-4edf-ba67-818f47e7e752
Italian Dub Community,7267
Ophir Ilzetzki,2293
Filipe Guimarães,346be7d4-bc13-44de-8c11-a71a211ef578
Yale Women's Slavic Chorus,6345
RoccoW,ccbd6b48-ff81-41f1-a0aa-1a669c2c1633
Jonas,15984
Colin Langenus,c753a01d-02c0-4b83-b5de-591e273fe8a8
Psychadelik Pedestrian,bc92271d-fc14-4afe-9d14-c382e02071a7
The Peach Tree,fd6e9cb5-47ca-4e69-8456-ce697142bb6c
Seclorance,ff0016ce-07fa-4a3a-9c2e-9bc34d317297
6majik9,16e6e894-1442-4555-ae49-882aede5ca7b
Nautical Almanac,94a43456-17d1-4812-91bb-b554951736e0
Kraus,4925
Diogenes In Hell,18543
Allister Thompson,4f904bbb-8c47-46bd-b5b0-bdc39e8d8d75
Pipe Choir,0a393c1e-abc3-4c93-a805-4709a131a1e7
The Basic Income Earth Network,9135
Nihilore,ce2e3136-be6f-4a5a-8df3-2cb212983709
Fleslit,23208
EAT!,2123
Chamomile,2120
element orchestra,13547
Brian Dewan,ed524c39-c9ca-4028-9212-b4095d0c77b0
Rumbus Merrylegs,dff4133d-dd23-4e5a-a029-025d778be2c5
Lame Drivers,7383b8ae-a7c6-4901-9b2a-5513deb2c7de
Nicky Andrews,224
Goto80,0f26281f-3add-4e54-b7da-4d335c0ca19c
Miquel Parera,53feee64-79ed-4504-abbb-047fe32e1f17
The Rope River Blues Band,8407
Bureaucrat & The Conspirators,11219
NIGHT VIKING,ca6766ea-9c3f-422c-9677-26db0d8fc2e4
suRRism,83cf8f43-ff79-4126-921f-f75b9392e0c3
Qkcofse,91625462-0c61-4aed-8236-2dee11a2ffaf
Bad Ronald,20584
Silence is Sexy,f2578f3c-5994-4e93-8d75-db9dcc5b29f0
The Custodian of Records,9224
Manuel J Grotesk,8728
Floating Spirits,0d2bfe0c-20d4-4cfa-b60e-1f5e049922d5
Oelek,21061
Laszlo Harsanyi,21526
Josh Armistead,4d998be0-5b27-43c0-8826-cb82241683e9
Vernon Lenoir,77d7005e-edc9-4a34-8040-8d9491088f4b
MUTWAWA,7729
Folk Festival Massacre,12912
Mons Jacet,15782
4mat,f5af8ea3-1c87-41d5-9934-2a744de6c41a
Mastermind XS,1f6e3695-ea3a-4d89-9f7a-a74cab95b6ed
e.p,13519
смерть в летнюю полночь,af86b061-03ec-4e16-b06e-8e90ce161a20
transient,3717
Undress Beton,ebfe92d8-32be-42a4-8d1e-a0ff5da4c0cb
Baker & Able,8478
LE CHEVALIER DE RINCHY,efc13270-6468-4398-baa7-4218c831173e
Olneyville Sound System,d94d34d3-f01b-4fa3-8722-b555ad0adce0
Kitty Kadoogal,2214
Blue Sabbath Black Fiji,5625d97f-6c20-48e0-857f-2af472b907c7
Malaventura,5673
DJ Def Chad,18156
Pk jazz Collective,8f8db5c9-8887-4922-af35-4b6bbe0ccfc4
Uncle Milk,18587
Jukka-Pekka Kervinen,e247d036-a8d2-4e84-8b35-245d4a59b917
Josh Spacek,20108
Eaters,51770183-c976-4ac7-b267-f87455950f00
alright lover,8376
Manueljgrotesque,7272
State Shirt,6e7959d5-cc38-4bfe-bb92-0801e1e9192a
Talkshow Boy,e8d94cf5-fafa-48fc-a6fa-aa50cf54d7f3
We Is Shore Dedicated,137e5f26-cce7-42da-af6f-0d580b20e810
Regenerated Headpiece,b1f573e3-cc5a-4fcb-b6b7-a63fe7750e21
Les Baudouins Morts,d047f4ba-e541-45de-8d10-1b8661774bfb
Dan Deacon,8dd73d1a-0424-4581-af8c-ade3edb44c5a
Matt Sekel,c700f508-662b-4844-8a7f-4b6dfc25fbea
transient,4cb5b170-07f9-4428-bdfa-7b74a2122553
Ant The Symbol,98a5fcde-e095-4945-b917-be79ca899eed
Janne Nummela,598c1380-7840-453b-b588-9bc25f42a92a
De Dubbelrieters,19029
Pee-Bug,37b60505-e453-4f27-a589-bdbc3f683c71
Remus,6240
Edward Shallow,fcb1ef3a-381e-4316-8f71-7445b0270acb
Lloyd Rodgers,83f357c0-2e1f-4f1d-a674-d3246f364f77
lost-radio,e34fd2e6-b453-488a-8a8f-e27eb30ffcd2
Analog - Brain,23486
KenLo Craqnuques,5a962bd1-d271-40b2-91a3-8eb4314845d5
Jimmy Cousins,91591c53-568f-46d7-a870-e304c71168ea
Hammer of Hathor,9c52f26f-aee8-4309-a171-3b4fc2e991d4
Jan Grünfeld,97c2d57f-0279-46f9-a42f-2e9809327d37
The Tleilaxu Music Machine,b39bca37-799f-4c50-b242-fd94e9b2e1e9
"Roy ""Chicky"" Arad",e0c0ec28-6be0-49d1-93e9-8a3294cdc6f4
The Kazoo Funk Orchestra,9872d888-c344-4b05-b75e-2ab25807e8c3
uiutna,fe9fb693-a70a-427e-83a5-18f0b7072227
Wurlitztraction,ecf98a36-89e0-4e3d-b75b-fa4186511da0
Nils Feske,ef858200-8361-4b51-98c2-75023e5732ea
Delta Is,169e2f85-6916-4a77-8435-a12467051ebf
dadala,bb3dcb4c-0b1c-47e3-9fcf-d0b4f859673a
Saito Koji,6d08d2e3-a43d-4472-aa83-e8fbb11c63b9
Spuntic,866533ba-3cf2-463e-b5af-3747d1666a62
lo-fi is sci-fi,a2b4f0dd-a748-47a6-94d4-4195d560a83a
Jonas the Plugexpert,1b53f964-9638-486d-8f6f-5a632d27e40f
Better Psychics,c1f9ec2b-9e06-4c63-9f06-9365c7596c73
Dyslexic Fudgicle,222e1e6c-e809-454e-a131-d017e4f2c304
D'r Sjaak,bbdddb61-4f98-47b6-8ae8-0bd3d197a015
Just Plain Ant,98a5fcde-e095-4945-b917-be79ca899eed
Bird Names,0bef8511-5471-4121-aa69-ca9573b03b65
Toxic Lipstick,828e7479-0322-4254-8404-92ba0070f6bb
Nic Bommarito,4072fec7-330e-48a2-8769-88fb567b9669
Sandro Marinoni,b9a4a227-58fb-4448-8c97-39259d9e77fa
Volfoniq,c023bb34-48b0-4160-ae14-fc578bcde5b2
Arrington de Dionyso,5b06874a-7b24-4298-b63f-cabf1b9f476d
Velibor Nikolić,1d519ee3-ef89-42ed-8aae-e21d2736df6c
Tardiss,15861
Kelly Latimore,b1c100b7-3950-4cc1-b15b-27d5e445a19c
Uton,9264
Unthunk,16993
Cassette Tape Bandits,20156
Pinklogik,f4130379-1d7b-4c9e-b514-68074634ce04
Sexton Ming,5e449151-a3bb-46a5-aa25-81675ca0c036
Dlay,21743
M.Nomized,a02b7f6e-2a14-42e2-875d-ed960fd9b349
Miquel Parera & Computer,22381
Yshwa,22568
Shearer,1efdbcbd-1964-4d6f-bdc9-1ec03da23919
Technology of Silence,689cdf11-56a2-48da-92be-10d4e72d0ce0
Ljudske Potrebe,11423
Marrach,de31807e-a303-4e6a-8871-7ae98ab1699c
Breakmaster Cylinder,c5e68ebc-5e50-473a-a982-d56642d20141
Christoph Schindling,42239038-39e2-4994-8ca3-b16a4ab69899
Rho,7125
We Are All Alone,16077
Monroeville Music Center,b0c056d1-1a3b-4932-b580-08464e820239
Viraeson,10991
The Easton Ellises,9d28cb91-4ed4-4dca-b310-4a195657bca6
et_,664433e0-794d-4d17-99fd-aadc92c4b45e
Tortue Super Sonic,7538
Daniel James Dolby,22319
Spencer Owen,8a140774-dbfa-439f-a72e-3f58f62cf4e6
AlienAqtor,d74d9f82-f5de-4345-b19c-bea467ba6414
Disorder of Rage (DxOxRx),
Flanicx,636c8a70-546c-48f5-a259-b94751071dee
Rod Brandao,
File Under Toner,9279
Uton,d10af145-7811-4bd1-a5ee-908db3f19444
Running Point,c9035471-b6cc-4402-9d5a-66d1fa9d9ef0
Mar-Tie,43bcd6e7-8446-4eeb-ab5a-61f79fbf3bd3
Manuel J Grotesque,68c07259-1f8f-4ca6-9888-050935fdeafc
Reigning Sound,fd15c842-515a-4157-8c37-2b54c86390bc
6th Sense,3089
Downliners Sekt,2187aec5-7ec7-4744-b153-3e2ea3b1b5bd
Revolution Void,8acc0285-4f6b-4877-8fc9-8e0cfab5397a
BitBasic,c39b2cb4-6d41-4084-8712-e3024fba5474
Eric & Magill,626af8aa-e792-4d0c-b467-4d201838f9b0
Third Mind Movement,d4d26856-8ec6-4aca-bf7d-7af80ba20fc4
Turku,f96197f7-f9f0-45e6-b620-c2e44c994575
Coin Locker Kid,23678030-ffc5-4490-b636-2cb59da9ad83
Breatherholes,8d641e3d-9a61-437b-ac3f-9e2092672d95
Dazie Mae,ef667836-bdd8-463d-9e34-c2fc4e49909e
Jonah Rapino,ea284133-9864-4923-9d49-c22ef97ec8e1
Debmaster,b44b0f4a-c027-4b3a-b605-a3fa6e6dcd78
Silent Strangers,452758bc-a8fe-4cfd-b63c-42132b51d860
Tom Woxom,2c146a07-8594-4c49-b810-07a6180e6c25
Chtin Mara,79da86ab-151c-4946-a4f3-c7f652707248
Amil Byleckie,7546
NaDa BaBa,10154
Dustdevil & Crow,6627
los pilotos,21489
Homemade-LoFi-Psych,8459
JIHEL,1c074fb3-8eb5-4e50-9292-64cb91d5984c
Daniel Veesey,2355
The Family Simpson,5176
Mincemeat or Tenspeed,b5d9fe6f-72d3-427b-908c-22f291dc9551
Invaders From Sears,93970396-e0a0-4613-80fe-0156b2ee2a3f
Jaap Blonk,43764e83-2f26-43b2-8a20-d491907e56af
Jan Strach,19468
Full Load of King,dbce036d-02d0-45d5-be43-98943c0d684c
Lata,9937
Liam Stewart,9288
Napred u prošlost,15278
Massimo Ruberti,4905cd83-a18f-4033-9394-6a3bd65e0cc9
Chromix,d05a1a8a-d8e1-4a50-8a1f-516b44a61577
Friends or Whatever,9cfcaa29-261a-4e06-97ec-1e30036a3dca
Entertainment for the Braindead,636ec2f4-0054-41f6-b1fe-e003ce6bdec1
Sic Alps,c6f39f9e-b0fc-4614-94a9-ecf648bd8f33
Daniel Barbiero,9b42da20-b06c-4e97-a736-4cad0a1cbf8b
Cherly KaCherly,f694c7e9-0f0b-4d08-b06b-0ec362ee436d
Marco Raaphorst,7255d74f-bc4f-4512-9066-55b7344180a3
PC-ONE,19535
Violeta Päivänkakkara,51b30ea0-f719-466f-ab41-9f5e79324fbb
Brice Catherin,10398
The Above,800a2f79-9d71-4165-a097-806f125d81f2
1donotuse,20311
J-K,14543
nisei23,76802f73-fcc4-4476-a17d-b0cc240c07d3
YELLOW CHAIR,15717
Sound Spread,e3526770-ae41-4b4e-8301-e33685c6edb3
Keijo,b2a2a2db-2d5c-449b-b3b7-85d73585f0ee
Bashed Nursling,197f1b1a-fcc8-4bf3-8864-26880a603cba
Dissolved,8116
Fiesta Animal,8653
Mike Doughty,f3bcf7b3-be33-493b-8557-b201b3567828
Beme Seed,f0b7c98d-5245-48bb-a47e-1fcd68b25526
Leisure-B,db436594-ad73-4702-ab69-b9dc510c0cfa
Jon Watts,21446
SK,19803
Razabri & Lezet,24314
Trap of the Trap,8632
Koen Park,e2bf2d02-4bd6-4e07-85f2-86728bf58216
Break The Bans,16f721c9-acd8-40b9-8bee-e263a76a72d7
Retrigger,305c45a7-7f52-4042-bef2-2c554a8f7e81
Vivian Girls,d0676301-7ffc-4ff6-8b38-f8aeb8553115
Drums Like Machine Guns,6ecd7597-2fbb-4eaf-966a-448e9280d88a
Garm,2493
It's Notherground Music!!,3093
Nambavan,9ecf960b-16cc-48e4-919d-bbf296958910
Radio Shock,f1d4c9ca-5b4b-4254-b003-4371a2596cb7
Black Sea Hotel,48ba29ee-236d-4df8-b0f7-d1293ff0f9cf
Wehwalt,9e2dbc5c-05bd-4aed-9652-84012fc63708
CKZ,179cc9b7-fd89-4bbe-a0da-52fa38a14c5c
Coldnoise,9d053066-8fcf-49dd-bb1c-7c9b90953dd5
Los Margaritos,18727791-1705-4b61-8b54-0bce7939b5fc
Fake Cats Project,bad3b6ba-47d0-4429-8561-2260df8ce151
Advent Chamber Orchestra,640b515f-93f7-4b64-9289-41e1d55e6b13
Orbique,1f7054fd-5ab4-44d2-9d83-9a0d58cb9013
Best Friends!,2e6ec065-a9ef-478c-b0ca-f6e38773f3ef
Ending Satellites,2ba474ea-3bf6-4cbe-be65-847315d828dc
The Spectacular Fantastic,ae715b82-9e05-44f5-8aa9-0d28596f89a7
Voyageurs,05d27e20-2405-4952-9069-165d4cbb060e
Dublin Duck Dispensary,784dc158-9572-494d-a110-493e4cd14191
Ben von Wildenhaus,5e7f0435-963c-4cd5-bb40-ff2952779d6e
Pompey,13757
Greg Atkinson,692b61ee-7044-4678-9de3-d55bfaa80208
Fatal Injection,027a0421-b544-47df-a7af-1335a34dde4a
Sláinte,680e6095-68b0-43c0-99fc-5baa29debf4a
The HATE Noise and Anonymous,9954
Ylmoy 8,10461
Kirk Pearson and BIT,34397a79-d9eb-4600-b2c7-01b19ce14253
epsilon not,dba9566e-cca4-47f1-95f9-8754d394383d
Richard There,6a3bda71-799c-4e25-afc9-8495889e1aef
Tracky Birthday,e104bd8f-0152-4f5e-b696-1b646794f577
Farmer's Boulevard,53c809d4-5ada-4463-95ae-e3cb95488e94
Brian Joseph Davis,8af7565d-f3cb-4ac0-8309-2e54b70e5d8c
Fat Worm of Error,ee34fa85-6fba-4c87-bb7d-222dea43e464
Hayvanlar Alemi,93d16c36-727d-46ef-954b-5c32664e69ed
Meanwhileproject.ltd,7cd13942-03fb-42f1-aa1d-838e36296b19
6th Sense & Mick Boogie,3094
Animals & Men,cc3470a9-fe57-4238-8385-c61cdc10d7df
Frame,11574
REW<<,85421b29-cafc-41c7-963e-fe224f357e82
Uncle Neptune,7398
Stormhat,e5bda2d0-49d2-4e61-a723-d0286f4e042b
Cloudjumper,19056
4donotuse,15821
M-Pex,aade0940-c50f-438f-8e66-6359e4879194
Vitamin Pets,f90d03af-fce8-416b-bf66-8a91b7e9d93e
Russ Huddleston,c88dd041-0da5-41a5-b997-91d76f7a99ba
Night Birds,c7a4d766-6bc7-4766-b86e-35e8d8e3fa43
iot,11138
Paneye,f5e4485a-9ddb-401a-a64c-19c08f50230e
Kimiko Ishizaka,13715
PC Noise & Pedicure Records,20873
Mystery Mammal,98d525e0-06ef-4336-b199-f2ff94d79620
BVBEL,23824
The Zombie Dandies,32698bf3-4eab-4897-b369-102652358eee
Black Ant,84ce1fb0-c521-4929-96e6-747ed5302e74
Bacalao,b5ee58b5-17e8-4c58-94fc-221875399590
Zoo,f92fa0b8-1f9a-4a55-8fbf-3fca7590a41f
Gogofski,51a9c0ec-dea8-450d-8f71-72de8d1b3e37
Чокнутый Пропеллер,d259803d-3236-4859-87b1-d887476fcc6c
Trokai,16607
Daily Khaos delivery,19901
Ak'chamel,64919cea-0c60-44aa-9f43-4b686723ce78
Gurdonark,d10616a5-ac88-4f2d-af05-cfa8209d0087
Adam Selzer,e5fcf98d-b75c-4cfb-8827-0a52778725e1
DJ Harrison,411b5c5b-5432-4789-8160-6921c7cf6bcb
SANMI,13540
Blanche Blanche Blanche,b9bf2eda-4088-49ec-bf00-f3164ded9f1e
BoxCat Games,21dd4e7f-a5c6-4528-b64b-fb11c707fef4
Kingstux,6c04b91d-e0c6-47da-be99-7c4043824b60
Spectral Mystics,9436
William Hellfire,13228
Jeff Eliassen,13574
ps,13576
Das Kabinett,21231
Mise,22645
Humanfobia,97773419-3ede-47aa-860e-4b243f2b9205
¡para!helion,7578
Spinnaface,9292
Bullroarer,f76e7629-d0ae-4655-b347-971225af59f6
Undress Béton,ebfe92d8-32be-42a4-8d1e-a0ff5da4c0cb
Trance And The Arcade,42e05ca9-130a-4391-b729-0a6bb94b6036
Launay,3b0a8bdd-06be-4b98-9f9f-16b69d182db2
Spitfire Parade,a23bfb28-0e39-4a9f-9652-b6ac9408b1b5
Argumentix,b3b74797-1c66-4e47-a3d8-eed2256e1fa2
Brother JT,5f2fc238-7227-4676-9f48-f45e887a51ae
Gen Ken Montgomery,9fe4a38e-8f13-406f-8e60-8c077c27134f
Sagan,c98426ce-5f63-4240-8dcd-3a5b169979d8
Rotor Perdition,04f8d748-8b54-4d0c-bbf4-9fd682de2c00
dj smallcock,4268e05d-0c5f-478c-a70e-a86be8a934c4
Bermuda Triangles,3f1f3c8e-cf62-4305-bf29-c7a1e4ec47a4
Crab Smasher,7c644914-83f0-4079-a2a3-4ab5f57a7b71
-,13538
The Freak Fandango Orchestra,2a606804-510a-4728-899c-a9419adb82b9
reid karris,a137441d-e5d2-442e-9fb1-97aa5ff1e914
Jack Hertz,fa5f7e9e-5667-4771-8a05-f1e8c31386e7
Audiobinger,2e17d5d4-bd28-45a5-b601-3fce92ba12d8
Slackwaves,13197
Senyawa,ba54a312-7e90-4751-8284-4f32ea54a4fe
Small Colin,66fb7e8b-3a42-4882-a0db-10dde972eaa6
Paul and the Stretch,17805
Nheap,cf0a39af-59d6-4be5-82a1-dffd962ca7fe
Rubber O Cement And James Twig Harper,12904
springtide,4b03534a-6b88-47c5-88f8-34ce2055e85e
Maxim Kornyshev,451595e7-fe6c-4138-be31-8fe552f613b9
Gardenella,12953
Noidboy,6944
T3r4t0m4,22486
Neuroleptic Trio,8670
Min-Y-Llan,761da00d-0e52-4375-ab14-ba3205dcfdc2
Pierlo,f0308bae-f66f-4bfb-b044-4eb69bc486ea
Mr. Bitterness And The Guilty Pleasures,4388cb78-6e56-4c0b-8aa5-983259cc2554
Quint Baker,b5ae1814-580c-4dda-a229-97d549c6db45
Billy Murray,6116bd4a-1e7a-4e76-9b59-0b23a2887b01
Hank IV,ac67cf84-c526-4884-b776-7ed184dab57a
Bob Ostertag,9a4285b7-b793-42cd-a9b8-ff4aa16c5682
Arrington de Dionyso,2265
The Rabbits,21e63f91-960b-4cf4-8fae-20bac839c579
Angels in America,8b0010bd-fddf-488c-bc19-ae9996751d3e
Big City Orchestra,44db62b4-8572-43cf-8ea2-6492c91b4db9
Crash Normal,529b0abb-32a7-4252-88cd-1dc005b30333
Ultrabunny,679b62a8-a6a2-462f-b2b4-b11611db9c37
INFECTICIDE,16768f54-ed97-4117-958a-8cf92f8000e5
Roulet,f4eebb84-e067-4bf9-840b-4760266e6dc8
Lucas Perný & Miloslav Kollar,18181
Anton Mobin,d8c800e0-e1ca-41e0-b1f9-d56a359fc91d
David Mumford,20475
Clorofila Azul,3ad203da-08f3-424d-9514-6b13a1ba2ac6
Azevedo Silva,6cdb63dd-d261-40e5-96bb-67d9d4695d9c
Robo,64a8444d-dd5b-4ae3-a42e-73bd90e6793e
EARTH-ENEMY,15404
Chuzausen,9a5eba85-6beb-4f40-9612-722c085be4a2
Uniform Motion,f373cce0-519c-4c90-98dc-91da895a82bb
Stephan Siebert,c6f188c2-bceb-425f-8bf3-e8eaea1c0923
The Joy Drops,20819
Gabriel Pereira Spurr,9dedbaff-e0f8-4a50-a6ff-8bc0c13437e4
Jeremy Gluck,3b6040e1-efa6-4086-bb0a-2b637c60ada5
Achievements,21315
Simon Waldram,20350
Rock Monsieur,7317
Axial,8b5c138d-af9c-4bda-9370-85daae461777
Pornophonik,e97cc665-e5c7-4f70-96b6-3d897129a4f9
Jani Hirvonen,ef84a960-bd56-44fe-b285-3753488691d2
Titus 12,9960c5df-10c1-4b22-8243-0c1de6db6a51
Tonstartssbandht,3f6e6624-5389-4cac-bda4-87f5d7aaa4d6
Bronhard/Going/Public,92
Ethan Persoff,ce9d9837-6d7f-4294-bc69-c8f02f763ba1
Mink Lungs,268ff35a-569f-4974-835c-fdefa7d9b229
Steve Wynn,5eb64fa9-5231-4a9b-8742-e72c2d185519
Mondo Topless,1bd6e89e-8989-4b18-82b3-426f6334ffd0
Volvox,a491224e-6db8-441d-8e18-7058407f6188
Nick Jaina,329173b0-a27e-4ce1-8ada-0ff863a7c445
Marlo Eggplant,9cbcb796-1071-4466-b467-a46048348572
Stefano Roncarolo,8a2ad6c6-3526-4982-94ca-c02bc98f21bb
Uncle Woody Sullender,f437c953-cd90-484c-96d0-487383283f3f
Sawako,28dcd46c-0bd1-4787-8487-a43e7e13b233
Andy G. Cohen,5fb3b2c0-c245-4181-ac00-a6a101168568
Čopor,5c28b79d-ff53-45ff-ba1a-92db4ca6f526
Mark Castle,1bd36b09-9894-41a7-a2d0-375d652288dd
Lyndon Scarfe,8a86482c-043d-4b7b-9a72-6ef5ff207165
Hi-Rez,ffd5250b-9cdc-4baf-9714-800dbf7ab6ff
Megatone,17128
Lazer Boy,3daf5111-e830-4c95-92e0-46f494188140
Pixyblink,770fd220-dbac-4ea9-a883-2d3e95170851
How How,431be8c4-f8c5-4e0d-8aa1-47e06e563500
Trans Atlantic Rage/Balogh,14425
A Ninja Slob Drew Me,9de1badf-41d2-4875-80b1-5d85adceac28
Miquel Parera Jaques,13913
Mršavi Pas,11442
Colin L. Orchestra,10192
Jan Morgenstern,6938a39c-c984-4ae4-ae39-ad372519e809
Inside the Mind,2a281c08-1611-4945-950c-026e1f42f930
(morse),16860
Jeremy Macachor,5daf8096-08d6-4b83-94fe-65da2febd765
The Valleys,aeb57240-ceed-482c-af10-2a2b02337164
Let Me Crazy,a8033dbb-8f69-44b5-9c41-54e857012d3b
Mike Viola,3b857281-9d2d-4739-8bfe-305386ce8b7a
Carly Ptak,a77bb6c6-1841-4118-8b3d-57fd80a3355b
pat moonchy,8563b751-0180-4a72-b7d0-53900602466f
Nafta,10121
Punk Rock Opera,22128
Ryan Cullinane,23539
J Hacha de Zola,22652
Dora'li,6073
Tiny Creatures,6774
Chapelle 59,67512f0d-893f-472a-bb81-781e8b9f31d9
Three Chain Links,c5f7556e-c3d9-4c4e-9160-11c79116cab1
Good Old Neon,e6d369f2-9dd9-42e9-8217-6dca1e698f95
Joey Ripps,a9749e6b-bc5f-4528-be87-ca6afc6d7b82
Justice Yeldham,2240
New Waver,1f705d85-fe76-4f75-bcae-45aad4fe4c38
Spheriot,8bb9ba57-224c-4590-abb4-bfd8bc68b07a
Sminky,fee304b1-718a-46eb-baec-2d13b2234ca0
The Decapitated Hed,3640
Kania Tieffer,e0da7745-7caa-4be4-bb60-e1a7daca5347
dustmotes,e9a3af8d-426e-4557-b6b1-a2f85250e6f1
Egg Nebula,bd35e2b2-7966-4616-947f-9eef96dd783f
Astma,9622
Strong Suit,16815
Cletus Got Shot,f07a68b3-e4a7-4463-8235-bbd58a6d0be9
Nightech,e1bcb11f-d9f9-45f1-990f-16d4ce2cc069
My Own Cubic Stone,3d75ff2b-c571-41db-8641-294d3668f4b5
Shamil Elvenheim,13531
Juan Antonio Nieto,f8e938f0-28d0-40ba-adcb-6c9cfd7a304c
Visciera,481e8f4e-fb74-4ba5-9e5f-a105dcd2d2a0
Church of When the Shit Hits the Fan,ebe120c4-cb4b-40c3-b8be-06d60a29f064
The Hussy,56cd2ce3-fdff-4d88-ba6b-ac2ca18971fc
Assif Tsahar,ea17dbfc-f53d-4c3e-b96f-455b901b55c5
Golden Hits,9ea9cc93-e3c4-4d8c-8767-f95ff806d411
The Mugris,5d2eecfa-0d56-43cc-bd83-eca0d0bd90b4
Mister Drey,21310
Rest You Sleeping Giant,2f977421-74e5-400d-9d02-ed7fb036b3ea
Kοκκαλα,21488
Vicnet,94286482-b1da-401c-9a6e-39ebddd24974
KieLoBot,22616
Mported Flows,f57a4abf-a85c-4ed7-b764-7f51ac0b530b
Régis Turner,3cb797a1-00af-461e-bf0c-b5eca00dd586
Olelé Brut,df2639fb-1d32-4981-a7a6-acffe3de2dc7
Mombojó,969e51a2-4982-4c95-b365-eab8100f8b7a
Lorenzo's Music,7f1bd6ed-702d-4774-a22f-9cc4d7035ff2
Newagehillbilly,223
Suhov,9f1acea7-6245-494e-b639-75f8bcbb9bc6
Greg Houwer,2cad02b8-2b52-49c8-a4b5-3102e7f83e8d
Die Elektrischen,b7de8155-eac4-4be7-ad96-6152ff1121a4
Pink Panzer,91aca6fd-8052-4142-a3b3-ad04afcdf052
Jim Rooster,20332
SKGB,71054c8e-846b-4c6c-92e7-eba13f71dce5
Ed Schrader's Music Beat,85159f04-2a3b-4dec-b61f-a9ea561ed6d1
UncleBibby,bd849bb9-472f-4bbb-bca9-f9518b049cde
4di,7134
Azureflux,41ba4376-2ec5-46cd-a962-69b979a915d0
Janina Frank,19834
Dark Chocolate Chips,9431
John Lewis Grant,19911
Philip Corner,624f0a57-43a6-4c1d-9471-d7acc0651b7f
Bottlesmoker,ab607f96-68c6-4f02-b18f-0a9f6fe97e28
Dungeon Broads,b2028ab5-9121-4dc7-8782-d919d6ce40d5
DubRaJah,fe9f592f-7ed1-40b4-a978-695676495c37
Music from the Film,16980
Gosprom,c620c85f-c264-402a-bd78-2319dcf040a8
Jakub Nox Ambroziak,da320c41-6b32-41db-9b36-78c48b649d83
Fit and the Conniptions,b3a8ffcc-e70e-4b1c-b3e6-7177e695df60
Bonifrate,cd379180-e984-47a5-8c20-80f7f2883a41
A. P. Vague,ecd389d3-87ae-4ae7-9d88-88ba7bb7f6b9
Dana Boulé,f43389ea-01d1-40da-91fc-e0f4f4763c3c
Synapsis,21128
The Carbon Manual,21281
K.I.R.K,22006
Studio Noir,17850
Sobria Ebrietas,e257d502-b07b-45a3-97c5-efd79b113fb8
Pocketmaster,113f6a38-ba7d-4a88-bd7a-afb57d91ad06
Virginia Pipe,6185
mo-seph,5f28565f-d2f8-485a-9ea0-81601f84ae54
Tellemake,9728
Victor Herbert Orchestra,9756
Colin Shaddick & Roger Nicholls,9957
Eric Boros,6aa00180-009d-4555-8185-648492439595
Ofir Klemperer,df83bd1d-0267-49c9-9241-75986b9162ff
Lanark,9f16dc97-3b6f-4883-afe3-87f3f6efc607
Blanketship,0a9f5b08-670a-4f24-a075-0766c9a81459
Plastic Crimewave Sound,e8f093e0-0479-4c96-a367-3fb75b429f40
Six Star General,b40e34a0-54d3-44cc-af75-ff2c8920bfa7
Junior85,3dc6e2c0-2d8b-45b8-a7be-5b8f2ec4ed59
Comfort Fit,e6e2b787-0b4c-4267-8161-310399b101a5
Measles Mumps Rubella,1102210c-501d-48aa-acc4-0e3bb19909a3
Tinyfolk,eaf51954-9cdd-4547-981b-08357aa7b296
Jeva,3189
Snawklor,2145e2c2-6e4d-4ef9-9a3a-18c013c82424
The Cynics,d0e03c52-9f6b-406a-a465-61ee93831c0a
Mia Doi Todd,22212d7d-0816-4564-a7fd-1ec849a03380
Smersh,3f2b46c5-ca97-4046-b42f-1c6f7bd1bab7
Mudang Rouge,5144
Yair Yona,cefe3833-6788-462d-888e-9f4ef3a2ce40
Floating Spirits,8560
XZICD,fbcb5fa5-4457-441d-ab52-fd17075d803f
Pregnant,2311
The OO-Ray,10cd3517-c1fe-422a-a1fd-695c0d4012aa
Catholic Witches,16799
Organoid,15428
{AN} Eel,d73a1e99-8e70-4f09-8d3a-6496b06f0c4e
Marwood Williams,ba3d22fc-2382-4a8c-a30b-07e0311e435e
Puyo Puyo,68665411-8d0b-43c6-9af8-1338a8ea17ed
Peter Rudenko,13736
Jota_a_ene,14502
The Blind Shake,f42c9766-00c4-4f70-9d94-872d7fae228d
Maya Solovéy,12529
pawspaws,e4e1f708-a30a-4aa6-bd3d-6513e645ecd6
Vi-Fi,15772
+,13525
MAT64,395081a5-3aac-45b9-82c9-7ea5f4797806
John Roach,11145
Kendall WA,5a8a4239-dc3e-4baf-9c93-ac1266400801
Paniks live,13626
The Vivisectors,36d64916-109d-4617-a001-37cbaaf65a47
Monsieur Tympan,12746
Loretta Kelley,5fdbbe8b-c7b5-4986-9816-cb5b9f2139ad
Julie Maxwell,e37bbe38-6c0e-40ec-977d-487a9d0c7186
Eat Rabbit,e3dc3f6c-0e49-41a5-badf-b3fb4da38868
Deal The Villain,797db8da-8a91-4dc4-a2d2-4af32e39ca0b
Ensemble Pamplemousse,7817
Str8 Sounds,8403
Mannlicher Carcano,8500
Ming & Shaddick,8629
Frump! Strumpet! Strife!,10072
Morgan Craft,e3916c9a-42df-422f-8d75-53beff741999
Павкашавет бантут,1b543b77-df2c-4924-bd77-833afc1fd37a
Falco Subbuteo,2194
Foot Village,98c1abc9-be1f-49ca-a074-189abe1a70cb
James Amoeba,6835e8c2-4b89-4a15-bb39-095652892390
The Shrubs,2306
Ergo Phizmiz & Margita Zalite,2729
René Vis,59beb95e-6cb2-4dcf-95f2-9f627a24294c
Advantage Music Group,4978
Jed Hershon,4801
OCS (use also for Thee Oh Sees and Oh Sees),194272cc-dcc8-4640-a4a6-66da7d250d5c
Zlatne Uste Balkan Brass Band,46b3e52d-9e11-470c-b526-e4d3e9cb74ab
Brown Wing Overdrive,f6825cb5-5a1e-457d-af4a-10bc3149ca19
Prince Rama,6ca24ff0-c0dd-4c37-8029-f052dafb1e4a
Juanitos,7300dc24-7d56-4ffa-a907-c171aff0a8d3
The Means,9f83636e-bfce-45a4-be7c-54f3977cf3f6
brunk,99695950-b5a1-464e-bc13-748630171627
MUTE,3cddf2fc-704c-4551-a96c-99a61a13ef0a
Claudio Nuñez,4651
Supruli,12858
The Silence Industry,9e1e87bf-28b6-4b6d-94f0-7d74b41649d3
Blanket Music,0fa9d139-18f2-47c6-9d64-c547d3fc740b
Brown Piss,17138
Orthotonics,89eb1127-5a49-47e8-b71b-3f905fe2b278
Firnwald,170f3e8a-d076-4385-9a48-aef75009d44b
"Talk Less, Say More",6b6e3331-251b-42ab-9507-83ff4ad2a0a9
TV Girl,38f0c7ac-46eb-49ca-b3ab-c785ccd05a60
Anthony Donovan,15896
2Kutup,00d336e4-1494-456c-93c6-5661f7731fae
Sacha Rush,de7b8366-4bf7-4145-a85c-f329cde23a05
Dead Peoples Records,19259
Fearless Super Pictures,19452
Jorge Mario Zuleta,19425
Pataphysics,19544
Friction!,19831
Nutmeg,17003
Doctor Bux,14567
Trinity the Band of Pan,14770
Hudson,30bc8aa2-481c-4975-97ac-4354800cc7a0
Stray,15601
Фиорд,38bf1761-7af6-4c96-8bf8-937e774fcb83
Asthmaboy,69da085b-1db0-4fd9-a363-27494a6338f4
Austin Leonard Jones,503039d9-7054-42ef-9822-b5f81ffed73a
White Mystery,a67286b0-a122-4c0d-ac81-9d7e26c029fb
Discount Fireworks,846de7f1-cad1-4548-8907-7c9f688ceb6b
La Mugre Roja,11171
Radioactive Sparrow & Brown Torpedo,12487
Marcel Pequel,efbdc292-a517-44e9-86de-1f148dd6f6c4
Yusuke Tsutsumi,5edf8761-ba53-43a2-8aaa-d1d943eeeb54
SHOMOMOSE,965bdf50-68c7-4dae-abe2-1cbd8b9ae47b
Dr Sparkles,4d720486-51ed-43cf-8d1f-209ea792d878
Weldroid,295b631d-b36b-4751-b22f-140271247de4
Andrew Walton,1a545b84-fe08-4664-9fc6-0717489e751c
Michett,01d6f2e5-1dfd-4a64-9b06-72d1a2280861
spinningmerkaba,7010
Ervalizer,c5668a4e-68a3-448c-9acc-d26bd4e545c5
The Cheese Mites,21659
Corwin Trails,9655a38b-ea1e-4d4c-856e-c925da1089af
Caleb Lemond,21957
Colectivo Etéreo,658d50dc-65b4-4591-b2dd-fa13a868fd0f
Kenji Siratori,7ce094f8-a3a8-4a10-b196-8f6a9b81b36d
The Chills,90b5813d-fbd7-4539-89d5-034094f64a2e
Concealed Sequence,617e7b7d-399a-4ce1-a848-7f83cc508133
Overhill Ln,24095
Maxwell Powers,2fb457c8-4e8a-41a4-9e7e-b393ca9587c5
Delphine Dora & The Unexpected,6018
Ten and Tracer,c7966c72-d25b-4dc9-bb67-ac669d6a90dd
Tep,0e48055f-c722-4c75-8cad-ecacccd0c0b2
HCI,6904
Falcao & Monashee,550cf989-bd09-4aae-978a-988307ea9f52
(none given),8613
Poporc,3224cf38-caf1-49ed-b3e3-1c4500e6456d
The Beat (USA power pop aka The Beat),83d32236-de45-4351-a664-6f22754eab9a
Tiruset,f1e37121-b446-441b-9e91-180cda74bb95
Alex Gross,18c2742d-8db7-4d37-8d69-1c1c2b3b4362
Fonkdongo,0a05ea91-1356-4155-84c4-16dc56a4dee1
Space Monkey Death Sequence,13acf9c5-dd89-44f0-87e0-3d80a9ca2340
Neurotic Wreck,c5c09daf-cfd1-4039-b860-c93004a5bc5a
Baron Knoxburry,5d7f1d29-16a4-42b8-9a43-5e3a9438288a
Luno,21547
Black Pus,41d502d6-9c7b-4e1b-a828-37a9dde3b632
To Live and Shave in L.A.,083941cf-8183-4cba-b49f-16681f04eb63
Cheap Time,fbfd7b0b-a32e-4a76-b40a-325e3da02cde
Michael Chapman,89c3ee86-abd3-4fc8-872d-39d260ea8b1c
Gary War,b48b8a5b-bb37-412e-9258-bfb6173667af
P.E.D.,1950
50 Foot Wave,b2d1207f-bc0e-4228-9d29-874973960f04
Selva de Mar,fc7f3850-cb75-4475-9e65-5cd04b3a69c8
Norja,35928ced-b778-4a58-9d0c-57d25ee2774b
Throwing Muses,b1b9d5cc-7975-43e5-960e-670583da7bc8
Vlad Makarov,138b8064-ee52-4b83-abd4-ce2e8d9440a4
Curha,79386906-1f62-42c5-907d-3d7d1a1902be
Yoko Absorbing,e4e64865-a8ef-4bfc-b118-530e3f62b4a8
Milkshake Daddy,5013
Waste Disposal Machine,b0f90638-f27e-47c7-8774-dc1a94007cda
Matt LeGroulx,16242
King Imagine,33c6bade-7a43-42c3-b9f0-cbc602e3340d
The Electric Mess,1ffa9969-8a0e-4864-89cb-1eca9821c02a
Thee Knaves,8404
Dondero High School A Capella Choir,8dc84d13-e874-4307-b71d-29607da3fa7f
BenJamin Banger,6e4cbacb-605d-43d5-a11a-1faa6b4a54c6
The Monitors,15289
Post-Materialists,6881351c-6ed7-49d3-8ff2-083290603e09
Nick R 61,62670d89-cd30-427e-8040-d4bf13f2caf3
W.H.W.Y,c3464eff-ade1-4129-86bc-09b8d2f0ab8c
Murmurists,ffe6f2d7-da55-4575-a1b9-ebc872ea1e14
Reier,d5bc67a3-2578-4e1b-97bf-8de5ed01e627
Siesto Krapooloso,10611
The United States Army Old Guard Fife and Drum Corps,a70c57cc-8c2f-4ae0-b4ee-09057ab4f6b4
Björn & Gorden,a2adf044-5101-432d-af79-99895fd1d4ba
Salon Bruit (Various Artists),10982
Fanas,2b7f7f17-d0f8-4edf-9a49-b129f068e555
Laura Mura,9a08ba73-25bf-4c41-9b84-ae3f3998c0b0
MUTE,3350
Single Copy,12083
Julian Winter,f3909085-1052-4297-808d-9d731cabd123
Gillicuddy,06fff528-4119-4708-b338-b8b9a89fc61d
SAM EGAN,14090
Eridat Makwiri & percussionist,21133
Berger Rond,cddd92fd-7d06-476a-a68b-40963d0ce727
Return to Normal,21242
Dollar Boyz,21421
Mt Borracho,5b59fcd1-7f52-4b73-b6e3-d1d8cb287a2e
Jack Anderton,23916
Greater Than Or Equal To,8c653400-3665-4a33-ace6-fca758ac3f9d
Kevin Hartnell,22551
Kapotte Muziek,5bb3a0d5-1e59-4716-89b7-65b972bac0c8
Dino Felipe,4fcfb36b-3ec5-4e74-a2dd-173df8d36412
H.D.M.,4a9202cc-ff61-42ba-b409-c1b98d2e304d
Really Happening,8622
Placenta Popeye,8213d61c-120d-4a0c-9879-ae605b981c89
Эксперимент,c7c60bd4-4026-46c7-aa43-52c38f2ddb08
Anti-Pop Consortium,5452
Henry Homesweet,ff4308de-5b17-4869-ad77-ea41d8bf3b18
Barnacled,90920cac-a346-455f-a896-8e4636d67a36
Glass Candy,ca94595e-955a-495c-8ba1-25eebd9609a9
The Sounds of Taraab,1259
Thomas Dimuzio,c2ff438a-2409-4c07-ba54-2365d07f41e6
Larkin Grimm,1b9ddfca-2a5c-438b-9457-720cc51f93a3
Wolf Choir,1714
The German Measles,f3ba40f2-d5e6-46ca-9708-803eba5290fc
Supercute Bye Byes,2570
Wildabeast,97a34841-3860-439a-909a-c4c03ac2da7c
Daghoti.,3c0b5dd2-536c-439e-ba84-1c92c08a92df
This One,f4391eee-06bb-469e-aa32-ec4048e4ba89
h.,5933
Shadow Priest,c4129613-88a0-413c-90ce-5afd180885cc
Roman Slavka,f7060d9b-4a3b-4042-975d-de615464485c
J. Surak,14561
Tarpigh,18231
máquina solar,18243
Leedian,08903ead-457b-412d-92d5-670a8ea8c5f1
North Hive,ee105508-ff77-4879-ac47-8514e1a9d313
Serhio Efremis,6268fdaf-30aa-4265-a7b0-7bb7026a79c0
mildtape,204c1baf-326e-4012-8e3c-3fb2e0b733bd
Vienna Ditto,3f1ce766-9d02-48e7-882c-a66388a0eb4a
Plusplus,2bbc7361-e857-4c72-a76c-0b7d40fe6275
Ховбай Хвекмеев,be7b2169-7f46-492a-ad87-bbf243202723
COW,16536
Viva Belgrado,8dd09378-76ba-40d2-abc2-ec52a0f34c32
Hermit,11234
The Cow Goes Moo,06cbb586-e2f7-4862-b890-4d9beaa8bdf4
The Mind Orchestra,7d2c206a-6b03-4f66-a142-726fe4fca5ed
Howie Mitchell,14026
Möbius,5969d54d-40ea-470f-b7da-3514f2cf4c8d
My Brother Daniel,a87de233-5dee-48d4-9a63-3fe648986327
U.M.M.,cc78c019-1264-475b-8fcd-f902fe4d23e2
Distant 294,17129
Apache Dropout,f9b98dbf-5ee7-4716-a739-353eb2a01aee
Daizy,ba4529d6-dd36-4875-ad0d-145be2e18102
Kurobear,c4853f68-a740-4dac-9b27-d4f3bd27712a
Zero V,14734
Sergi Boal,20a98f83-2574-4e0b-be37-f13b852b1aa8
Lofiuser,cb348bae-d7ea-44bf-b6d2-6ce4f60d9c78
Tearpalm,1c65d9f4-7728-4a3b-a068-1ef3f2a7317e
Los Cuatrocientos Golpes,3c42773b-ad7e-4fab-971e-6b45d4d0146e
Peter DiPhillips,851d1d03-1191-4f6b-bbf7-b563c8297ad0
E. R. Goodman,15906
Illocanblo,065abb02-f035-4f09-940b-6dafc312502e
Brigand,c5e96ae2-59bb-426d-a8cd-e501d2a1e585
El bien,17347
Ras Amerlock,81da5dfe-2bd2-41e6-963a-2931c257d9f3
Las Ruinas,690e22e1-1d7b-4a8a-817c-0c004dab2937
The Vévé Seashore,10334
Emerald Park,70723102-0e1d-4a1a-bdd7-0bf8199cae44
Ryan Hardy,cf5580ce-7c1e-45fc-87e1-aaf0decb3eeb
Jealousy,12031
Charles Curse,bc8426a5-ce34-47a9-87cb-770c799a4900
Sans Blanc,10197
Souvenir Driver,5c313bdd-a66c-4252-819b-e6e024f39079
Tab,3139
Alcove,7503
Basement Skylights,1b704cc8-becd-41e2-a4bd-6bfe206b4beb
Adrianna Krikl,20854
Quimorucru,09850ceb-3f8c-4506-960d-5365329da086
Resonancedj,21345
Massaccesi,19513317-1a68-456e-bbc1-3ea6a831eb96
beat.dowsing,575ef351-e5fd-4749-806e-d0a76eed999e
Mathieu Lamontagne,ab53d6c8-c8bd-4d3e-8c93-262619cde141
Emmanuel Toledo,65aaa8ce-c67c-4945-aef0-b52152bf11e2
Di Kang,19896
Laisse Sheila Tranquille,23918
Panda Dub,08557f73-6b1c-4281-ad93-ffa660f5b266
Human Resources,10200
The Ananas,001939ac-c4ec-454e-9798-dcc58505f004
Indias Indios,01504d33-309c-4132-8bcd-36f87c32b28f
Efaï Héfaille,9315c0e0-2aac-45dc-9d99-f28efbc5d63a
Uke Stanza,2226fde7-117d-45fd-ae89-8a2852433a33
Stalaktos,7ff2d829-47be-49e1-9ab2-343ef5050d7e
Mary Halvorson,5b79b380-0167-4f6e-b707-28c065053353
Cloud Mouth,b0479cb5-7159-49ff-83a5-9fc6da052ebc
Wooden Shjips,3754dc74-381e-4237-bd44-65f5600a4d88
Means,10260
Dälek,4f2c4842-f90f-476e-95d3-8e868ae4d745
caUSE co-MOTION!,2fd53cad-49fe-49c0-a2f8-f8c1aa9567a9
Box Elders,01a53974-b56f-4320-be1c-fd2507e386b8
Irene Moon,6cf8f5cc-38d0-4b90-98e2-709e409778f4
Bunnybrains,530
Avec Noir,15690
Blevin Blectum,a484cc3c-5629-49e1-8eff-21408abfe22d
Scrambled Mache,5b1d66d0-4ac4-41fc-9b68-233727a8b617
Silver Apples,802d971d-5fb1-4ca1-8e56-69c64122d957
The Taxpayers,e039dd53-7fa2-48eb-a79e-ee2c359d3831
Special Moments,0929e646-c318-4ca0-95b5-b7ad14ae8916
The Spunk Lads,34976b3e-b588-4f31-98e9-96a0088cdf50
Speedy Ortiz,4fbf1a3d-a649-4f8e-9ddf-347f6ba2d307
Wilted Woman,e932680d-d349-4f62-9393-d4c3552eb1f0
Jari Pitkänen,b367481e-886d-49da-aba4-ce15ca38dc54
Seazo,ac029211-5939-45e2-983d-63fee1456ccb
Paul Mimlitsch,c17e2094-da79-4f17-b419-362db5c9a6af
Митрий Гранков,e2556014-8bc7-4baa-97e7-634fed8b035c
Matt Oakley,19037
Negritage,96543bdf-087b-410d-ab22-2a04222c9b24
Damon Boucher,20483
DarkSunn,190b5952-1647-42ab-9f83-df3af3841105
Wyldlife,f0659918-93a4-41c1-bcd6-0222980f4617
The Everymen,444474ee-7a90-43c4-a168-f227556cae12
Frank Bango,e4e9680d-138b-4e43-b87f-35f6bb1c52c7
Dark Asylum Music,14646
Greg Gibbs,92938ed4-305f-49c7-b83e-3864df241300
Wings of an Angel,407fe493-a0f5-4dcd-bd86-bde9d7dc14e5
SOB Pariassound,89fcfcb3-8740-4522-aedf-db372262f7ed
Textile Audio,85d47f03-6b39-4d99-888f-99dae1922b76
Carsie Blanton,be2a77db-adf9-48f6-b084-88d52cda6482
Bad Night Moon Shadow,15705
.crk,14023
Open Work Stocking,f50421ed-5afb-4701-9a01-a4780550651c
TRema,16303
Questionmark Embargo,16830
un,1936
Kris Anderson - Studio 11,17587
Children of the Drone,997637cd-3d41-486d-9545-37b86eab6b90
4mat,11121
Nameless Dancers,7797
Krebs,a62a19f1-88bf-4659-9672-537202942da7
Kuupuu,80ee2784-abad-4c7a-9eed-9b7870aaee21
John Bellows,8810
Hypermagic,22b529cf-4522-4d4c-89e7-9f2c9424faa6
Blackbird Blackbird,46e32991-1e7b-4575-9206-8e6519c97c14
Kenney Floreat,21024
Mom Jeans,0051cede-6df4-4d88-93c4-df4e9beab6ca
Son of Robot,7a48d81a-77f3-484a-992f-05e7bb6aa2cb
Leon Lishner and Friends,22321
The Rosen Sisters,6344
Inflammator,efdfb97a-566f-4878-962b-cde4689d38a8
Chase Alan Willis,22795
Monster Jinx,087e0695-8a25-484f-a9f3-ec21dfd38540
So Far as I Know,1827b69a-14a7-450a-a842-b90d7f8f3a2a
Pixelord,ca3cd8c4-ef65-4d42-b505-9ce09620f67e
BETON,7356
Rein,20bf0e88-c49d-4bcd-b3d9-61cff97f29d8
Katrah-Quey,e549424e-8a71-4257-acf7-18e798127cae
AmortE,b1b7bf01-8c3a-463f-b2ca-5a9f64ad3aa9
Changing Holes,9066
Profeetta Elämän Äänikoulu,9422
Mopno,9613
Sunslide,f90b1e72-9c57-4d53-87ab-ce7c944e1bb9
Low - Fye,10381
Boyz 2 Moche,10396
Charles Premier,543afb59-8e38-4aa8-84c5-0ba087d00b09
Pimpstrut Local #13,d0e83908-7776-4434-bd3c-409f1c8f7a1d
MOSSENEK,7bb9d97b-a8b8-4885-8b40-0e23a3a8d6e0
dUASsEMIcOLCHEIASiNVERTIDAS,f22532ce-9559-4b23-9f8a-dd55cab95772
Konsumprodukt,23352562-c28d-4386-8e07-16ca7c18f0f4
Preti Pedofili,f72a0e7f-66d8-4ad4-87b0-7f87b47e7168
Chat Logs,13052
Trills,1601b1ce-e994-451a-afd2-c133e9cae965
Sejayno,261
Santosh,5643
Dave Merson Hess,8645a2ba-190c-4764-8752-7f71f488ab02
The Twin Atlas,8e7ad5f1-5e98-4eb2-8806-f5ceb522b028
Lightning Bolt,978a36f7-85c6-44ca-a02e-7564e8fa8284
Loch Lomond,f89784af-5484-4937-80a1-fa1d9ff001df
Negative Approach,286e4fb9-4d6a-40de-ac50-01eff6a3c13e
Modey Lemon,308e57ae-3436-44b3-b757-fe7446055c57
The Cute Lepers,b6c845d8-10af-47be-942f-6d3e2275637f
Coachwhips,e4d37504-ac7b-4925-9f09-55b594b0b940
Century of Aeroplanes,30eb594c-fda6-46ed-aefc-46f12ec98b03
Peter Biedermann,1625
H Stewart,5d5c4a72-760e-423d-a2e2-2e31556ae404
Kraus,bcb1a32e-4577-4789-88c5-68519aba7cae
All Scars,749cffc2-b310-4556-91b9-9298258361d0
White Hills,524718e3-ff02-489a-a131-753dc2f9cb9d
Mike Yarrish,2300
Object Collection,fae012f6-a405-4392-88a8-7b4e01fd618d
Dan Melchior und Das Menace,61210d80-57a6-42a5-ae9a-20b43fadb756
Cellar Dweller,5854
Peter Sharp,0c6bc97b-e666-472a-97a4-9c4e0a9c7228
Raya Brass Band,e4a2f401-0472-47d3-91ae-20f73e7aa426
mGee,3720d9ca-7407-467e-9190-fa5bf2e75d86
Morusque,485c2b27-92e4-46f1-b2ea-50412c9e70aa
another cultural landslide,7fd45028-301e-41ee-b088-fa1afb59e211
Kristeen Young,a38b429c-b80b-49b8-8926-ea1a4efd5698
Alex Marantz,251f4747-d733-4d28-970d-9bcffb072eff
The Icarus Descent,9952a3ac-50b6-4597-af23-cde00ea6d572
keji al feju,18579
Hezzel,37afc6fd-43c6-4435-bafc-87504a5b2e28
CRTVTR,e84dc6e6-e7b7-4930-922a-98e5eca4fdfd
The Pink Tiles,05c52a5c-77a8-4ec5-be5f-b2dbba061da0
Charlene Darling,842aee9e-4911-407f-9abb-5f0da5f9b58d
Crno dete,69805b6e-b80e-4637-8b70-564ca5bc2f01
Tigerberry,3c1688d3-8df2-4baf-bbbf-44ad9d0778e1
Martin R.,19679
Ben McElroy,19564
aktivehate,a06bdf84-1cf1-4cde-bdb7-840c2e60c5fc
Various Artists,10145
Los Primos,15088
Emcee Lynx,6dc810f9-2267-4aa9-ac85-9c12a5de5e0f
Nicolas Tic Tac,15391
Thegntlmn,7295892b-4df9-4690-be4b-89ddfc7f8318
Texture,1ee835d4-784c-4b82-a925-220678469626
Base Cleft,11461
dOISsEMIcIRCUITOSiNVERTIDOS,16484
Buskerdroid,5c9e1208-ef7a-4f59-97c0-8fc3fa00be3d
deef,4e1edbee-5bd0-4063-9ef8-6457acd3b41d
Deft Aphid,b4ddad11-7894-4120-a032-5a862737584c
Stray Dogg,57172a45-356f-45f7-8dfc-aa405f1c00d4
Silence Is Sexy,f2578f3c-5994-4e93-8d75-db9dcc5b29f0
France Sauvage,e303823a-d369-4f11-ba0f-b92e49fefdd4
Aan,f2d0e106-ee92-479e-a78d-db30ddeaf726
Imagho,2913e40b-fae2-495d-ac2e-a5b27278c373
Tony Higgins,51762a47-17af-499b-a238-c9a41923c617
LIL,13263
Paniks,d0e1ca76-5d67-46f2-bd99-7929a31f71a3
Scott Gratton,20874
Bennett / Bravo / Mehrl / Olivera / Taveira / Italiano,20926
Rowan Box,21528
Wolf Asylum,0873512c-4152-4700-9fe3-6e38ab1b53f6
Forget the Whale,3a6fe519-f4bc-49ab-b323-1d33f544c5b6
The Loving Knives,21704
Flying Species,8ca0e4bb-1cb4-4d38-a665-dc8048f54a2b
Michael Brückner,22533
Pollux,707ceb09-2556-4c7b-a599-7d0b065e4b39
Evan Schaeffer,f6040a1c-2a49-4186-9e11-e4c39b5f2464
Greg Cartwright,da24dba3-511c-4da5-a0ea-7201d5b6f7a4
Japanese Communities,18830
MMFFF,23104
We're Late For Class,6922d0f6-b3f7-4ad9-9749-3c09d7b0a2a1
Karl Blau,688d2d9d-8f49-4187-b558-2c961c699ab1
Isuzu Kochiwa,6807
Listen With Sarah,d83b9023-e13f-4b19-9f06-ba9c0783ade6
Ctephin,5ede73a9-1b5c-4b6b-96ea-f85bb9d907e8
Agoostus,8ea63eda-569d-4ed3-adf0-043d851c9222
Apocalyptic Frequency Experience,22c4befa-2621-4f8c-8a0c-276724748872
Nic Waterman,8627
The LibraryAnns,8292
Duke Hugh,93a2a499-19cd-44ed-9fc2-caa79245cf6c
The Meta-Matics,2f7b8d28-cf20-4cc5-8197-53c61bfd4a7e
InSpectr,b062bfe1-7313-48a3-a6ea-6d7c000121ee
Charlie Salas-Humara,c0cd0c0a-f8f1-48d3-9209-3c965d1a8d6a
Sound Inhaler,d64be896-b48e-41dc-8ae1-f275056a3c07
Plebs & Fuckboys,91e1b5c0-5a5e-495f-b023-34ac052df64e
glasscarpenter,a1d2503e-67e2-4c97-bfce-d807a870cb9c
Martin Fahy,c2e4a4dd-d6bf-4b15-814f-cef5909b59a4
Zebrat,17845
Vim!,ae153c28-90c6-40bd-a5a5-a295c577cb41
The J. Arthur Keenes Band,5a2a4e28-0111-485a-91fb-64ba00c2c986
Jessica Pavone,a06152fc-97a5-4342-afcc-d47822d19665
Iso Brown,f1d4e380-008d-4316-956e-183f03b10265
Atomic Butter Babes,5850
Mount Eerie,e5306b29-16c0-4520-bb05-6b21f041b2f0
The Rebel,7d363b16-41a0-466f-aaa6-261083769c25
The Boardlords,1480
Father Sleep,6a196566-4e97-42b3-85e0-04699e8c280c
Das Black Milk,3676
The Years,3158
Agents del Futuro,e84832b1-beb6-4669-a851-deeb0b6f96f7
Zloty Dawai,c5813ef3-374e-4f0a-8680-80ece39715e5
The Sediment Club,9da090d1-de0a-4afc-be8f-b2d519e527a2
The Snails,5221
BOPD,2631
My Mind,3011
The Bran Flakes,b4868b93-41a9-481e-9915-c588c7b5fc5f
The Sights,e80279e5-3881-4002-9aae-40f97d513035
The Prefab Messiahs,00b78ba4-c0bc-4781-abf0-a834b2e3cbe3
last king of poland,12287
NY Spelmanslag,13253
Niva,13021
Brazda,12839
Today's Man,17996
Herr Doktor,cc2e9e51-3d0e-4c7f-b5d1-8efbca030216
Dr. Mindflip,16554
Sonic Avenues,69f732b4-8e8b-438b-8ef7-2c1b010811e4
Marissa Nadler,06ae569e-0b5b-4cd7-aded-98c3ad743ca3
11ème étage,17075
M-PeX,aade0940-c50f-438f-8e66-6359e4879194
Flux Without Pause,19559
Jelsonic,19692
Alex Mason,820cbcc5-6874-4350-9abf-63cb18ce2d8e
Vagina Jones,97a46a2d-91a6-4d22-a636-86c31189afe5
Joel Knight Chevalier and Unexpected Social Images,4f68a47c-376f-4aed-b351-34d54f3c992c
sawsquarenoise,19696
YANSR & CCC,20308
Léo Doubich & Benjamin Bret,20393
Known Ocean,14158
Denitsa Mineva & Kosta T,19895
Kreng,683c9751-76a6-411b-bdb3-92a99377222a
DJMC Haram,14957
Büromaschinen,791915b4-7129-4464-8843-7992fc8bc39a
Pouffe,f89eab88-79c1-4467-98ac-fd4e749abe24
YTNi,32793b4f-1859-441f-ae62-57e5ffa7afd5
bio.nico,8549a949-bd0f-45d1-bd7f-3dcd732d6e8f
Pollux,15230
C. Scott,15233
The Implicit Order,550b9f6c-9bb6-42b8-9392-c7c2959a9ee3
In[Perfektion],5dc3b89a-c00d-43e8-8061-ba4326e40988
Lomz,5454c0e4-8744-4a77-ade2-c617dc08c4a8
Twenty-One: Twenty-Four,16968
Moon Veil,b9e485c2-cec6-4625-a851-a03ffcf964ed
Carrageenan,4005cd67-5926-4301-ba50-7890f30e3474
Structura,14440
Waffle,10974
John Badger & The Moustache Riders of Doom,9336
Maps and Diagrams,7441bccd-67f4-4294-90d9-f9fd1bb4a37e
M F W,12285
Deaf Wish,2d503b96-3053-4215-a41f-d51a969f02e7
Act,b342f361-98c5-4fd2-baca-9432689f3eb1
Blast and the Detergents,13470
Inquiet,e8acec6c-f9da-4ce8-ac38-4253896c5d1a
BASIC,104490f5-1f17-499e-9b08-8b2177cca32f
Matt Burnett,e5fa8736-ca09-4568-8c80-318cb0df864f
Robin Allender,621f8cd3-2d23-484f-b447-9222eeb2e9b5
Anga,21940
Chairs,15411
No Way Out,22089
The Sun Through A Telescope,02363cd3-a164-4ee5-a56e-1e23f87b2fcd
BG du 72,adc327cb-6899-4e42-b115-5393099d0cd1
Monkeeastronaut,21319
Evgeny Teilor,22389
Blear Moon,596e93df-7ef4-4164-b4fa-be833fdf4214
Gerbil Church,13139
Dirty Fences,c9c1a928-bacc-4d78-aa56-9b1c8129f787
Skyzo Maniak,a52e075a-edc9-416e-97ac-3d1bfaab3755
Brian Routh,b4e64ad3-1936-4f45-9b8e-e0b371ed9ebd
The Black Square (■),22676
Posset,d2f6c3dc-0ec4-424e-99bd-1aab61d25508
Jozef van Wissem,496a2897-bed0-4be0-896f-cee82abb23c6
1-Speed Bike,254d5679-727c-4515-a81e-3648d54da2c5
XYX,9256e9d9-1898-4936-9919-988536ff6be6
Frank Dorittke,1d6b2298-84bd-4752-b25c-c38141bf6156
Factory Sounds,7777
Menion,4bb57558-46b8-48c7-9dea-f1cfca523378
Phonotrash,6c9b4ef3-0697-4a7c-8c2b-5a6f04dea648
Colonel Trip & Captain Future,8642
Schizoïd Bass,9578
mGee,9814
Cranston,9966
A.U.R.C.,eb6480e8-739a-4344-b60f-8ee1199a52b0
Riasni Drova Consort,ed36dd30-7f26-41ab-84aa-78e80a425ad6
Guitar Wizards of the Future,1b67a27e-022f-4370-8dfd-c02ddc8140a2
Mars-96,9b250925-ad6b-4f42-a6e5-d1532ab2ca2e
Ashbrg,a90828d7-d9cd-420e-a69b-5b6572b150b5
Dumbo Gets Mad,73162ac3-c74c-4bf5-8cff-c8cd48700e01
Chenillon,7288
Post-Materialists,68ae6a9d-22fb-4dde-9f0d-f2fa2c1dd2a3
Roglok,7c3f43b0-ff76-4a0a-a504-95eeb5bf3645
Binärpilot,9c6bddde-6228-4d9f-ad0d-03f6fcb19e13
Andrew Christopher Smith,5665
Mikuś,6ae4bcbc-2fdc-43f9-9210-6086c48d26d8
Half-handed Cloud,606f25d1-0b01-4d1f-b7c6-e72d80c22b6b
Herv,7d75c070-d47c-4b34-b999-0a1ca7d80f42
Borful Tang,5c950c78-c49b-4df1-9bc9-0ee3bacbd045
Charles Manson,db3d7002-d9e8-4803-82c4-d85dad3f29bb
Illusion of Safety,aec1d290-092e-438a-94b8-ebf7e8e277da
Kowloon Walled City,88f521b9-f56a-4059-9474-ff1aafdc37b6
Von Hayes,319
Smokey Hormel,10ec4ad3-a1a8-482c-8924-4472f9f44346
Ada Jones,ac320247-1dd3-4cb1-901d-d660c1c050f5
TR,2117
Al Duvall,61640499-8b52-453e-b506-f4c0cec65b9b
Silk Flowers,98b18203-52da-4038-aa5e-754803e2776b
The Doughboys,18140141-2b86-48a9-bd0c-3b62d4f0b80c
Opio,838e4698-4c62-48d5-bf0d-661704bb17a7
Kukkiva Kunnas,e63fc019-5d9d-4e64-93ea-94bd7e2ce51a
Light Echoes,3a20f296-d93c-4b70-b1ca-1348727ee1f0
Theo Angell,dd90ab3a-57e8-4ea6-bea6-82c7fc3b50c6
Jessie Evans,aa9e86af-b7c8-46b4-b8eb-6621ad713619
Eddie the Rat,08b518a4-aa2c-4081-95d9-56c7b6367f54
GDFX,48819639-eefa-419a-8924-94d9db277f41
Copydex,5804
Sun Araw,521c4601-9145-41d4-8275-6644eca4fab2
C. Reider,c0cc6f09-259b-4c1d-b0fc-817655e0fddf
Asian Mae,18182
Spiedkiks,b5441802-d113-40ec-957e-b6800b410103
Dissolved,872ff144-fd9e-47ec-96d9-6ed0ededf7d6
Martin Lowack,11367
Titan,18661
Rod Hamilton,dd5b4d17-ae6b-4cfe-9366-08f5bc78c70f
Camden,b1dffc4b-0b99-4037-a726-0a111e0ca812
Aviscerall,1d3f3c0f-2b2a-4443-92e5-b239a7182b93
Fyodorovitch.,3c81fea8-1fec-459f-8969-bca4ca833ee9
kollagemontage,873b382e-0a62-4506-b601-c99c0e4bc961
Quiet Music for Tiny Robots,20212
Salmo,8691d44e-7143-4edb-a72c-1cbc7d1a0867
Vesme Dreamchatcher Kiong,14430
Dengaz,57a115f5-0dee-4101-9355-5d09800dee31
N-qia,50397282-2df3-4d54-914a-c82d2002c1aa
MrJuan,14787
Kid Caustic,73190d36-cf12-4426-8b83-d10b8e5425f9
Jake Allison,a14e586d-3e8b-4db6-b93f-bdd8a058c5b9
BJ Block,9ebf5797-2c8e-4db1-b5aa-7913c7209fb2
Dawn Pemberton,59bea280-8c18-4b16-ba7d-e18e2892630d
The Woolen Men,f5e1d780-701c-4f4b-8658-d7e65dc4eca5
Øystein Jørgensen,b4231b83-362b-4e1f-a9b9-0337120ff7d6
Анатолий Никулин,c372a79b-32c1-483c-8cd9-209af5482f4a
Carlos Ramirez,10002
Planetaldol,3058d4e8-408c-46d3-9cf8-54efd01c0330
Inicolabug,6954089f-eb02-4918-8cca-4ae4b6a1c937
Stewart & Scarfe,6baf0b20-6e20-4b65-b739-70cbe57b84e2
Cezary Gapik,5a37431c-d48f-48e5-9e67-50f31495f62e
Son Altesse curieuse,17074
Zachary Cale,907a454c-8e4f-40d0-a8bb-0183b267008c
Spray Paint,757ee7e3-42b2-4e46-9a28-e45ac240bc55
Makunouchi Bento,d9bc4251-3bcb-41c7-93a6-1e3e199297b3
The Men,5c9dd735-7ac6-4621-99ec-e56faff5df40
The Ettes,cbcfd7d2-9fcd-40dd-b8ab-93130dc1bac6
Morphamish,ae1ebaf5-b8de-4675-aade-64603cd51f55
Onyx Ashanti,dcef6eff-e698-4167-974d-46b959a8913a
The G.O.V.E.R.N.M.E.N.T/5hit Hop Ninja Terminatorz,13201
N.N.A,13718
Peter Rudenko,ce006736-7436-4157-8413-8918091a66c3
?alos,0716e73c-930d-454f-8967-5c9e8da86a83
Salomé Lego Playset,e27c3b2a-2142-4a9c-bf4d-137e278b0547
Alasdair Cooper,ad5ca5d2-6319-4592-b8b6-8910d40bcd96
Rue de Prague,8366b5ce-f501-4f46-aef7-a2e23ba9bb7f
Pınar,18345
Dave Fuglewicz,21372c82-6662-45d5-abed-4a1d83858982
Droopies,886f560a-180d-4b37-b8c5-c0d783b0504e
Music For Rabbits,2b395d1a-0331-4980-9e9b-51fb71d62d38
Ghost By Nature,3c342126-aac0-4a7a-a3c6-1547761b7bb4
V~Nessy,21549
Severin,22038
L'étrange Couleur De l'Orichalque,718126d8-a2d3-4f08-a544-56f3fff6e8bf
Sean Derrick Cooper Marquardt,99e340b1-a09b-45d2-accf-adbac0ab5f30
aboombong,330e26ab-c33f-42fd-8711-ddbfae4cb106
Billy Torello,21477
Cuicuitte,e3a9ed91-f903-4b1c-ae93-376a7a9aa2a7
Le Manque,93246a8e-a9a7-4151-96bf-bccba2bd7810
Aglow Hollow,00250b8b-c8f2-4dae-b548-447582cd0a09
The Long Ryders,c26ba79c-dedc-4eae-b42f-1a68ddc3c104
Ukrainian Village Voices,efc7eeb5-e546-4028-9ed4-76df6170b450
Artofescapism,22324
The Fleshtones,8d0c6147-90f0-4045-810f-97f5789f9bd3
Trotski Nautique,2275815d-4678-4340-928d-64add150bf0d
Nangdo,c357893d-49c4-4f5b-9610-fea57b935744
Tonality Star,20320
Starover Blue,c6006ed9-5978-4b37-a049-e84b59f7d2ce
morten rasz,19527
Computer Truck,59f236c6-5079-443c-b17c-a06792c7a10d
The Riffingtons,6333
Rob Steady,26eabafa-a5a4-4cd6-9015-ebf02d6598cd
Zavoloka,493f4b0f-cf83-4c47-83f4-728b31ecc9ba
Norrin Radd,3e573b6b-808f-42ce-b4fd-a1eee3264d0e
Atros BoXon,7336
Xray Eyeballs,4a7f0443-58fe-4fa8-aced-d05fd121b8d2
Christophe Frémiot,8605
Stan,8619
James Franc-Parler,fa9c86d9-4eb6-4056-909e-3ed25f822931
Lume,8969
Otra Carpeta,42473432-3211-477a-881b-c7d9bde40bc2
sirqueue,40454306-a132-4ff0-9b12-497532ec7e2f
Violins is not the answer,97aca09b-3902-4ad0-a260-e70a09bf208c
Herre Jorna,b20845a2-9d24-413e-942a-03b9caf73ccd
Riasni Drova,10448
Candlestickmaker,3f4f9138-5945-4308-a84e-2cd7e913c867
Lawrence Power,5682
Nate Wooley,2c98472e-79ab-4931-9bc1-44aedf26fa8a
Lazy Magnet,dcbaddda-a540-436b-97f1-6bf89fd63855
Pleasurehorse,04ba8013-ca2e-4965-9288-02656eda62b1
The Minor Thirds,e2402050-684f-4590-b77e-bd13561a8dfc
Lexie Mountain Boys,67dc8464-3f5b-4ae0-bd2b-824411cc7664
Screaming Females,b0f12d25-6175-4652-baca-b99a106cf2b5
Zeigenbock Kopf,5215997b-666a-49c5-b881-5706ac1c4de1
Skidmore College Orchestra,2357
Bobb Trimble,67cb1f1b-8501-4474-a565-012a4563d4d1
Noteherder & McCloud,156810df-c14f-4ee4-b5c7-007b0b016fd0
pandoras.box,6fff408b-6637-4227-8d80-d61000a8c3c7
Shake That Little Foot,bda1ee80-cc4f-4124-ab03-418fdb228b64
Luck & Ripps,ce6945d3-eb3f-4c3e-a5a7-489a25d0754b
Wm. Berger,d32daa16-0811-47e9-8208-02a260f194a8
dmyra,b0678531-d442-47d1-9d8a-9800ad821fc5
Norton,9c23b9a6-be71-484c-a37c-0582aaf3ad47
Reason Enough,07fbe662-8c25-46a2-a2b8-d511b369cbc8
Jody Pou,27089569-ce0d-4eda-856e-2ae86a5cb556
Smegma,1246
The Polyps,8f13d395-5dae-4208-b999-06956aba7037
Moan,beabd083-ff59-4e05-8031-ec19253a49a0
saQi,1826f9e9-3ff2-4062-9c52-413c798c27f9
Gentlemen,18026
Hopek Quirin,62c501f2-1675-431f-a882-d5d3235c1b83
Subversive Intentions,f437a5ad-5c28-4146-b3a6-9c728a79c9d7
Adriano Orrù,842cd28e-2d87-4cb9-84c4-4006b3c38e9c
No Loli-Gagging,4f1cbb9c-d29a-4abc-a4b0-9a95276b053f
Citizen Blast Kane,e667ac09-79e6-4cc2-b4d6-de6e2b67600c
Ian Sutherland,16481
Alex Fitch,20133
Teddy and Marge,20321
Percival Pembroke,b102d2bc-932b-4302-a5ad-3229c481440c
Sans Nom,243b49be-31ad-42de-b270-c5a19b2a0182
Don Trust,02cc3585-517a-4455-862f-ebaada0614b6
smallRADIO,a0f7f439-ee83-47de-881b-041017efeb66
Music for Your Plants,a3606601-b6a5-4c80-85df-f11dc8014931
Foster Care,a9f74137-0855-4ac2-8d4e-cd7549f750d7
lukeing forward,5bc83119-e165-4e1b-8e7a-4a678d7d2c09
Stinky Treats,15294
Dr. Wylie,dcab985b-d3fb-436f-8540-7b6397aefdb6
Fascinoma,099bf736-ca38-49ba-a627-111d24fef44b
Dmitriy Krotevich,15614
"Lee Maddeford, Roland Vouilloz",15905
Jorg,16034
Nasienie,3d2217ee-eba7-4f3a-92a5-8282cc6bb0b9
Underling,d2e9d9a7-968d-44ff-bf28-55106ef6e241
Control Alt Deus,cf6cc79f-1271-47b6-838d-b4ec957e7bb3
TRema,16300
Robert Smith Jr,a91eae45-9cf8-439c-b600-62e96a2c14ff
"Robert Smith, Jr.",a91eae45-9cf8-439c-b600-62e96a2c14ff
Th.e n.d,11373
tozo,a5cf08c4-937a-44c0-8314-326bd50c3238
Sol Rezza,9766981e-2e54-4c72-a644-910ad93184a3
Carroll,27f9c21d-e142-4778-99dd-a67fcb9c3d07
Marc de Blanchard,7c64feb7-c4ac-49d8-a637-657b2fa0b3c8
Jupiter Makes Me Scream,74684175-a841-4a6d-8851-fb54820aae31
Lemur,d43a9e25-bfdc-46c5-99d4-03ceafb693e5
Bugs and Rats,7a6dd807-3938-48aa-8c31-a1cb13582a91
SWERTE AND MADROTTER,10816
Shape2,10861
My Bubba & Mi,9dbbbf79-1032-4f8b-aec0-cdb072bdcbef
Inkubus Sukkubus,381178df-339f-447a-a68b-e4ef306b3da1
Act,9379
Twin Guns,12802
ZuKrewe,8455
30[eks],408eb826-6302-44f6-9171-b92dd68faedb
Bob Purse,13384
OBN III's,31879f68-9283-40c4-8a4f-02ef958ed0ea
Drama for Yamaha,13985
The Pandoras,35498d38-e23b-4643-9068-e0b77b8d4e05
Whodiniz,21273
Tzelalot,da199bd7-8d38-414f-ac9b-25d5146b6972
G8,21510
The Blend,8308e1ed-3ac7-49a8-94c9-69fabc90fce2
Velella Velella,1d22782a-9ac6-4941-90a6-a3ff186671ac
Release The Long Ships,f4ef9b62-9e57-4b9f-a116-8ce5fc1d01f0
Melange,b7201b50-d850-43d2-bd2d-a9379f5ef167
ZAIRE,19675
Talons',5a83425a-78ee-475c-8106-e18a4590db3d
Jon Luc Hefferman,20973
Paint Fumes,34ccfcd0-9c90-403f-8197-b1f6b40c9e4f
CURD,cff80d45-7de3-406a-842a-f031bff51af1
Axletree,23109
Soulbringer,ddd9ecd4-7186-4add-9e1f-47f814fe1afa
Abishai,23858
Eyes Behind,2e40e7d7-511a-48fb-84a8-6c55c00acb68
Cancelled,5977
Sputnik Booster,5eb50fd9-2e7e-4baf-bd4f-552383f9d574
New Carrollton,e220b4e8-a139-43c4-86c2-4511f0c56dd1
Fast Lady,b19f0b77-4f7b-4d2c-b5e0-35d51fdbdd4c
The Pop Winds,60c8df0e-50e7-443d-a23a-68e9664c1d46
The Laureates,a8803224-beb7-4f98-9c63-786bd20e9b0b
Logan Whitehurst & the Junior Science Club,47d4a697-676c-4711-855e-483256c3668c
Vasily K.,ba9ce7a9-277a-4df4-88f8-3f1aa5ec6f52
Charles Ray Experience,8486
MaCu,7603
Ion,8170
The Girls At Dawn,8191272d-d07c-4b56-9a06-692daca02688
The Threshold People,c402f8c8-0611-454c-9ef3-5101570493ff
Scabeater,99ce0e98-1ee7-4757-b5af-b814569904cd
G.G. Allin's Dick,81e46da1-fdfb-458e-86a9-d92456b32971
The KrestArians,8332
Mt. Gigantic,3b87a8b4-51a0-42f2-bba3-aec57eb409dd
Coolzey,ecf72b9c-57c4-419a-9f49-3d1e63d0711c
Les Petits Chanteurs de Montigny,9883
Alligator Crystal Moth,db31c649-e9ae-4dca-b841-465d50dd3347
Mockinpott,2b877817-739e-4f78-84f8-2c4965c46c5c
Krasius,32874233-c7b9-42fe-9011-4fd3a12f6875
Cycle~ 440,340ca3fb-19d4-46a1-83dc-565f7fd9e30f
C. Strøm,fe0650c9-ecb6-41c8-a41a-cc63854e868e
Luciano Foglia,959e390a-deae-4646-8e3e-b16562a4f288
Tone Poets,50c30c1a-5759-4952-b1f3-f596aae185bf
Acid Police Noise Ensemble,52a5b65f-a892-4ebb-b42e-bb8c906bebde
Buildings and Mountains,c37dc0a3-b51c-4564-a090-49975418567c
Krayb David,beca00ff-459e-4e4f-9c01-e61c1b66cb98
Behold! The Living Corpse,2c5be953-307c-4258-82b8-15d0ff1028ca
Milisi Kecoa,21b3b7fc-0a58-41b9-83d9-206c718cf8ed
TIGERBERRY,3c1688d3-8df2-4baf-bbbf-44ad9d0778e1
Pranavibes,19685
Ari de Niro,23404
Electrician,3ce47efa-5043-49fc-9dec-4731f49e9063
Michael Holt,851
Doug Gillard,e1cfd005-e293-4196-af38-3a0ac0ab1dbe
TSIGOTI,c16b8dd4-3e96-4f9d-99a8-7293397a23df
Area C,8aa1b2e6-60db-4ec2-ab34-2859595fbc7a
Mudboy,219
The Wire Orchestra,290
SUX,352
Dan Friel,77947772-db1a-43dd-82a6-aa1902886f23
Bob Wiseman,d886c49d-15fe-47fb-b0bf-0ef8555d5f85
Bruce Lenkei,729c5d7a-3cfa-40ab-a76c-97bd3d5a1fec
Colin Clary,05c2cb6c-bedb-4a4e-8344-44ecfe19467d
Kristin Hersh,0b461f11-c7af-4ddb-a30e-5cb0aabb3e7f
Kevin Blechdom,018e4c4d-fe3e-4ad6-8ad2-6d42a6d752d5
Kai,2871
Robedoor,783619f0-c6d2-42e8-8f36-447e93112e79
Deano Waco,3395
Gepel,03134f58-ae01-4472-bb99-791eb2d346ea
Aelters,968dec81-e3c6-42c4-9024-9b1ba529bdf7
Nouvellas,d57d5a6c-fa48-490f-ac34-2a9038b39434
Hank,2541
Bradbury,ca57924c-3d48-4bb5-90b5-a0717e665175
Dan Melchior,45dca9ed-78cb-41f9-bb4a-4e92cb293299
Hunted Creatures,7398fdec-c6ba-4491-97c8-1bfd6a429a93
DJet,174961e4-2ccb-4c66-aa2d-d86ab244cfc5
TV Ghost,2d808397-2f72-48c7-a476-4dacf970dec8
Volatil,ca42c99e-c5de-4a6a-a3e1-90bab8884152
The Kid Daytona,aa42b651-aa87-4bf4-be99-7f51e1650e40
Siren Cult,72dc544b-bf13-4d66-b0b9-ebdd9661326b
Gary Wilson,90089f6c-419c-486d-a293-7463dc877f68
King Kong Ding Dong,180
El Jesus De Magico,31e3bbe7-44e3-49f3-a913-5308269ac309
Arastoo,fdf9ea3d-67cf-4b2d-8406-3f7118898f03
Edmondez/D'Silva,3170
Dildo,79efaf56-c249-40ab-8a61-ea5ded70cbe0
Nick Otheen,12d11dd8-e96e-4354-b213-ce454f9c8467
ABSRDST,70cf8d5e-2d03-40cb-86eb-96adf714afc6
[interrupt:Jumper],4c80418c-b565-47a7-8197-dd0df84d01a0
Ample Mammal,fcc56b88-7e59-4c4a-b40a-24491ec6321d
Jeremy Allingham,18272
Dolphin Omega,fdd1fa0a-d9bb-47ef-a074-a9d1d0d35f7d
Daniel Heikalo,25f560a7-94d7-43b3-8fea-13d38293a181
Crocodile Tears,4d1d54ea-15be-4d18-bad5-0cd22b7593a0
Aussitôt Mort,7ca295b6-b20d-4644-8870-f92522c26b0e
WHITE COYOTE,230faa57-df54-4b16-9a3d-58238cc5c91e
Tony Gage,307
Art of Empathy,9cdf0034-3e37-46ee-9cb3-e93b831d114c
D.A. Dad,18822
Jazzafari,f86629db-ef7a-40e9-a389-d0aa9038921a
Metastaz,dd635be3-35c2-42a5-b251-00d0303bd8e5
P.P. Roy,fce7352d-b833-4183-ac84-393fe902ae44
Doom,87a9283d-ae6a-42b0-97e5-a0e439a37c85
1-800-Band,d94a15ad-fb49-4732-85a2-63e19ca2c0d4
Le Matin,cf57738c-ec72-45dc-8c4c-6af770a3de5b
Milk Dick,1380d8b5-9e89-45c3-a5d4-73f7ce9bc9d0
Crank Sturgeon,f1166e1f-a709-4a40-b0c1-fb11e924cdb1
Ben Presto,460ad9a9-6bd2-4c50-8c69-4eb197bfde3f
MIT Symphony Orchestra,bfe7c830-72c6-4574-ace4-c4e1d4ff1b46
Ascetic,5cd1e1df-e450-45e5-9ed8-c80b01cca85f
Gianluca Sgalambro,20286
Ray Rude,f4e36d10-b5f4-411c-ab20-c4742f965f55
Spider Bags,c60d61c1-9ba2-42d5-a9c3-80d4af4ec3e5
Plastic Flowers,57405ccc-69d6-4602-ba36-90847ca370bf
Zena,20635
Boss Bass,8f97892c-f663-48c0-9df0-f7ab3a4d3a00
Aldaraia,f920dbb0-96bd-4763-9f7c-a0193be77cc4
Los Close,20698
TRONSLARD & PANTREL,12737
Apes on Tapes,e9c291e2-181e-4cf1-a821-4254e49bbe68
Indian Wells,f8f4a99e-ee81-4878-86cf-225707850269
Dylan Nyoukis,a44a8247-9fa2-40e1-8f58-2f210b78987b
Ben Seretan,5c791b25-499f-408d-8de1-e60243699911
Koliadnyky of Kryvorivnia,15393
UGLY CHILD,15729
Global Goon,d11ea373-77ed-46eb-96a8-b70ea633081e
enclosure,15999
Container,29e7cc8d-afca-4c61-9ab9-84293cf75499
Plates Of Cake,752cb291-3655-4ce1-99c5-626fcf3925c4
Crazy Al,16074
macabro,53fca96e-aad4-4452-be2a-c76c67b0ae3c
BICIKL,d07ca894-91a2-41c5-85d9-9036443f724a
Harmony Molina,00f05948-c992-4af7-96fc-e832e414b15b
Jermaine Riley,f7d13004-ab8f-4c1e-a2b5-8d6075f72584
The Planes,68b52912-1650-4cc4-a530-ffd77dc931c3
Wimps,73543c71-5a51-4cac-8b2e-97ed90124053
Klopenn,f0ddd482-2f15-4ff0-91e5-c7c8bff66bc9
Simon Mathewson,e4c8f501-3c76-4c81-a5c0-e50686d7c298
Valley Lodge,c5140890-8d98-4e41-8f13-cf80235c402c
Samm Bennett,1db2c854-468e-44e5-9f0b-812215b2e420
Zilmrah,76ee5688-2314-49de-91ad-eef25cf7a773
Der Christer Schytts,9324
The Dreams,a5be0c4b-7a73-4d62-9c55-d5d8b7d2482e
Anamanaguchi,e4d7cfe5-0bed-46cf-acad-ab9a4dcb7aa6
Unwoman,d9d04200-fc85-4c5f-8e0d-4b3ea4939d8f
Hiroshima,350f02cc-add7-4187-9fd4-6052b265aa1a
The Courier,c1956c6c-16a2-48a1-a9cd-f04fb97ce719
Sol Okarina,0e9b2548-f4c2-4181-8abe-f2c5abdd20c3
NNY,12625
Lessazo,133b89dc-e3e9-466f-99a3-e6c0b28d8d3d
Leslie Keffer,cc1e2ad7-790c-4bed-b6f1-6c582f95ae0c
Spookey Ruben,048f5fd9-456c-4b9a-9aed-bc579af44692
Glass Boy + Courtenay Moon (Vortex),13195
Psalters,e74ec7f9-c23e-4951-93c6-501cf0ed7d83
Me afeite la barba en los ochenta,13231
Irene Moon $ Noisettes,13149
Vpopolam,c5d4f356-46b9-47ec-b771-0f45f89595f9
Wellington Boot,13479
The Long Gones,13609
Laso Halo,13620
The Murdering Monsters,1e3c1f4d-80f3-4059-b19b-2d5afa4a8d26
Radioactive Pussy,14106
The HATE Noise,d48d3769-4904-415c-a7b0-ee3f3dabb06a
Anonymous,d6f1f34f-09b5-4e7b-8296-8d76217ca711
B-Film,20813
paulo chagas,0ce5035c-86dd-4c12-8118-1a4ea2470ecb
joão pedro viegas,ac6f96ce-cd5f-4d6c-8099-5dd562688e6b
Robin Mitchell,eece0a10-70cc-4fb4-bf2b-a7c52aeefbf9
Myndra,f1383211-005a-49d3-8f6a-a269722b4d54
Muddy Wires,21119
Lonely Kid Quentin Ensemble,21291
Steve Gunn,a0d05bb8-3ef4-4b70-8992-5da4322afc21
Big Sandy and His Fly-Rite Boys,d82c3082-a1aa-4751-b10f-019859d4669e
KZ9,21465
The Real Kids,76f18c18-58df-47f9-9274-d3368d25129a
AsolanMac,21811
Hicham Chahidi,182719a0-45d1-4c9f-b6cf-39a7286d9264
Gavin Gamboa,650199e0-f6d2-417a-9107-1aa2f83b0c02
Lamprey,7d04052d-7c5d-4848-ae2d-2696dd1f5ee6
Mirth Naarc,21977
Chafouin,68658189-46e0-47f9-955b-a5b6987c1a36
Gnawledge,806fe0f8-749c-478e-befa-16f37c4c30b1
Bisamråtta,d61ba18f-77b0-44ef-86c2-a80f30629b8f
Baffy,2b4c4e80-d88d-49a5-808f-f1ab31c887bf
Red Star Martyrs,505e8b6b-925b-4dcc-a31b-b3e9b203a074
Langax,ece1db3d-9663-4403-a3f9-191f9d8eda9f
Death Vacation,660e38e2-db77-425d-86e0-5cb5f8b63b7b
The Industrialism,09158f51-0fc6-4fc6-a3a6-ea46fcd056c6
"Laurent Avizou, GOM",23891
Карлик Йоханссон,23892
Toxic Chicken,78b1cf00-de8f-479d-b6cd-ae42ec45800b
Svitanya,18022
N3rgul4百20,24266
HOT POCKET DINGLEBERRY DISEASE,22357
Parrhesia Sound System,8b2b1deb-eacb-4a73-9206-110272ee2cd0
MegaHast3r,af2f49e9-5d42-4aa2-af62-dc2d8c244202
Andrew Sacco,23209
candlestickmaker,3f4f9138-5945-4308-a84e-2cd7e913c867
Bit Shifter,09c26e52-0e3c-451a-8a7d-34e8ce7c1062
Bombay Laughing Club,96d44f4c-4685-4d86-b052-00d0dbf6d3bd
Deloise,321a4cd3-9250-41ed-abc2-2e3c06e4bf74
Monokle,e90a52dd-030b-4c13-bef6-d214df7ba102
Muck and the Mires,c1bf5ace-3a8e-4446-9016-b6fbf461cb07
Greg Davis,8268
Another Day On Earth,8458
Brown Torpedo,18ce047f-4ce9-4916-8aad-13c12c732065
JKP,9815
Dr. Fuzz,10094
Sarah Weis,98c2d25d-ea6f-4b88-a215-86b7f99b3446
Los Negretes,0c6a36cf-da9f-46d3-baa5-58d6a044756f
HENOG le musicien,10434
Opéra Mort,8332ea91-692a-4865-8d62-d53ab83be36c
CACHETTE A BRANLETTE,a7af8c3e-318b-4d85-af8e-b7f179a6cb07
Harpoon Forever,731e19e6-3246-43d8-aed1-ee37fe227301
Dog Star Man,82775bfa-c4e2-4ab7-b935-2db616123409
Proctophobic,76e2ed51-e7e9-49d0-a6fa-dda12bf6997c
Les Cartes Postales Sonores,8922f266-8313-4380-9e13-9f0f7cf4d8f9
Bendle,30ffcaad-48c4-4060-b055-3d4b622407b4
DUDU GEVA,355004b8-0129-4958-8c4d-7592312e0cc3
No Peddlers,15392
Samoln,14160
Cells,22554
Klopka za pionira,2760f3da-b9f3-4144-b8be-c84fbb6509d3
SJ Mellia,f5b68a67-b69e-456f-9004-503444e462a3
Satanicpornocultshop,33b14bb3-6eba-48f9-a6cd-de9292755917
Post Human Era,0cbf95ed-0b5c-4cab-80ed-09d8e6e9cf12
BLOB,3522
Chandeliers,9a7dec95-ff4f-459f-b6e8-ea8e89b587d8
Double Dagger,6b35f310-3ba2-4fef-afa2-33f5cc706652
Fanatic,136
Jailberg,173
Lovely Little Girls,430e1792-0fde-43e9-b6e4-16a6c02633ee
Shawn Greenlee,262
Skraelings,266
Wankatorium,325
Los Fancy Free,5c4f512b-022a-4db3-9b04-da347b129e90
Polka Madre,1d7b0b7f-cd50-4d9b-8eb8-fedca184350a
The Feeling of Love,b05cdf50-53f3-41d3-bbb1-92f86697b0e7
The Bowmans,691c9f79-2242-4f60-83d6-59393e60c0b2
Tough Darts!,1915
Boss Hog,57648c1f-335d-4216-ba82-508b23b3bcf4
Uke of Spaces Corners,48533762-bcfb-4c8c-92a9-da0d95c8f025
Nine Inch Nails,b7ffd2af-418f-4be2-bdd1-22f8b48613da
Mafeisan,2875
Roberto Billi,2641c27d-8b2a-4735-a826-a2c2a0f408b5
Quiet Orchestra,3157
Kostas Vomvolos,3459
Giraffe,12aed76c-0a18-4d42-b452-9c312191af2a
Hank,f541bd8a-706c-4f94-9714-07e188eb6f71
Knyaz Mishkin,2efc2a91-bb7a-4252-8436-673932273f8b
Kakitsubata (Sylvie Walder + _),4588
Formula,920d58f7-a17c-4fc5-a26d-4d1531304408
Curlew,6e06d6e2-16f0-416d-b1cd-c7bbdae4d999
The Ether,4924
Amen Dunes,c926bc4a-97c9-4412-b56e-7e5844f09579
Mucca Pazza,ac1f0959-c578-4042-a947-0483df296e9e
Diablo Swing Orchestra,af723a8a-d3db-46c2-82a3-201dde8fa27f
Sikhara,e878f2f1-ea94-4a14-93f9-0dc036ecf35e
Dave Public,1889
Professor Kliq,d571e5b2-8dcd-4e72-a886-2ed3b254fe86
Nat Roe,2079
Claudio Nuñez,b5b5afdc-a758-400b-8f0b-6952d710fcda
ZONA MC,5443
Bakers At Dawn,791fd758-2d0c-4f9b-8c24-c3e10013319c
Aaron Ximm,beb55053-dc55-45e4-8ae0-94b755059fb0
Violet,4122
Andrij Orel,d40ec5d6-6534-4f8a-a67e-fc186b0d1922
Ain't No Love,058af75f-cead-4eb3-9afc-8a27075662c3
Steve Anderson,17849
soundZcapa,1648a3f0-071a-446c-987b-c9187cb7d4c6
Hi-Rez,15196
saQi,18017
Infetu,5eb0f38f-2aca-4c81-b09e-b417e7c9c1c8
Bobby Bunny,14546
ILI,10dd7e1a-df42-4605-b601-bb5caf6ddfbc
Macon Tights,3ab568c0-6ba9-470b-89ad-704be77f0be9
Krebs,12277
Town Hall,fca5baa0-c727-4b89-b338-32c37acb49c1
Snake Oil Salesmen,18824
Alien Whale,5eb0cdb6-5594-49a1-a1bc-761ad45666d0
Ultimate Painting,633a4da5-b0c8-4822-88c6-7dd0017830a8
ps,54764485-5f69-4235-b67a-368bbb1eaff6
Control-Z,b13b4162-ad52-44e5-83e1-b42bf89d4fd6
Suppression,12503
Sarin,2ea859ef-2683-49cc-8b4c-7478dec0c8bf
Guillaume Tucker,734da984-1468-47d2-8b27-3064cb00341c
Naran,11297
Romashka,b18f3fc5-fd2e-4b7c-b1c5-1942f3eeec34
Montana Skies,1e30a002-ff43-4b44-8114-6b8f0877d304
Pheasant,19835
Shodé Non,20028
Peripheral Living,20099
The Wades,4bd9c435-3b54-446a-8a33-dd0c40a8e2b4
Noise Research,9b063d4c-92ff-470d-a1d0-97ba405e3cd6
"Utopia, Ohio",20329
The Carnys,20544
Decade in Exile,12420
?Alos,0716e73c-930d-454f-8967-5c9e8da86a83
Best Friends!,14579
yan_g,18ecc104-498b-4510-9b8b-cf53605958a0
Ventre de Biche,559642a5-6af5-47c3-9eb7-6b80a4909f97
The Jon Spencer Blues Explosion,d1ab8ca8-fb9f-4e78-a422-3cd5406dc0b1
un automne à Lob-Nor,14f7b86a-8e56-4fd2-98e4-4a695ca2f43b
Gallery Six,2b7f38a2-9f50-4e74-84bb-5386a26cca73
Artist Name,023293d7-4763-4cad-9644-4c4632f916e5
Did You Just Hex Me?,15212
Obsidian Shell,58839188-1c88-42ee-9274-87677d0e6fcc
Surak,6ec2c1ca-1d3e-47c5-a286-10e14b17da69
Y:E:T,13928
Werner Fern,15461
Hell Hoarse,9755
Origami Repetika,b5b8e4ff-d8c0-4461-bc42-f034bd332092
Flex Vector,c4b1b4d1-1e99-4a53-96c9-51d1a67f2491
Unknown Artist,13409
André Pissoir,7588
Duncan Avoid,a9097292-246d-4165-8713-7f56c28efce5
Vlasta Popić,86c36c58-b4ba-4c94-84f9-2b3c19e6eb71
Ostin,15841
Pete Galub,7ed63cd6-e8d3-4204-a103-eec76c149cd7
Bliss Blood,983b93fe-d700-4843-b221-bbd58992efa7
Al Street,3e1bd546-d2a7-49cb-b38d-d70904a1d719
Nick Rivera,f7ed2c57-d39d-4929-bea0-922a84136eae
XPURM,a6f9d57b-15a8-4eaa-861a-6e48d9547958
The Moto-Gators,16714
Alterior,a6c4472d-9a6e-433f-9365-eba9db86c45a
The Mantles,b1cdb77f-e1e0-4d09-ae16-485045a32717
Dirty Beaches,ff9fe073-0ccc-481e-bcd5-bc26ce15897c
melodysheep,01b2e661-0964-44b0-81c9-fa4293df599d
Pleiades M,17401
Semyon,97e9448d-2d67-4429-b62a-3a7941621035
Honnda,a0b86ec1-e28b-49e6-9df4-04765466b90d
Miss Emma,a9450b42-5f97-46ad-9907-986c69309b54
Inefficient Screws,eca5916a-34e2-4ccf-9f1f-254f4a2eb459
Ian Linter,35ab247b-7823-4cf8-bdcc-b39ca62b1fb9
Dimenticarmi Non!,bc01f0a9-d171-40bc-a821-3f27f7bba5ed
Sycamore Drive,f632b4a2-51d9-46be-8b3a-49852b35aeec
Ten Thousand Free Men & Their Families,8e4fea9c-a7b6-4a23-9d33-ca79bf0219a3
Milch of Source,74b56f3e-7a49-4de1-b8f0-33c20dea313d
Mobster,ca631d9a-c459-49be-b7e7-4db51ea054e7
Poland,92386450-3b31-4e75-b52b-f88edad9edc8
Windom Earle,11618
Pujol,6280e233-5128-41a8-a133-3422fb72a0bb
EeL,11969
Kris Keogh,1955f342-c32e-47e3-8555-910636951bfe
Batfinks,9148
Collection of the Late Howell Bend,13131
Plaistow,158d1e42-da0b-4d30-93bc-aec984fae209
Meltdown,13314
Jigglers,13473
Antony Raijekov,094c9fe1-cba6-43d1-9eef-13126abcb652
coda,13611
Society Problem,13911
Jack Kotz,20807
Portron Portron Lopez,db6ad4e5-a191-44db-a296-33fc734f0fe4
The Bell,29e013d4-41c2-4db4-8907-6f672acda0c7
Jurica Jelić,11784397-2d60-4781-aa6d-92a445d8ca3b
Papa B Blu,21074
Dappu Ji Mirasi,21137
Pistol Jazz,21564
Zli jezici,21656
Gonzalo Varela,5219f7f6-28bb-4667-b5a9-32f8a1d5f454
Jacob Haller,c6597081-7fe9-492b-8b9e-890cd72eab3b
Optional,22052
Painful Silence,21338
Aerologic,17235
Rye Coalition,7e6b3645-2a39-403f-b82e-31cd73d691e3
Donnie Ozone,decc0d35-d9cf-4170-8cf7-c55ee878f01d
Jason Leonard,22528
godmanwho,a2018f88-e37f-4370-9e8e-230d5cecda5b
East of Borneo,10071
CrumbSnatchers,38636ed1-8d32-4721-bbf3-b23805754ab3
Titus Andronicus,d38c47f6-d9bb-4a77-aaea-df53a6616a68
Waco Brothers,b4322fe8-a43e-40a0-9728-52d6ee873bc8
Quasi,3df29542-402a-49a5-ae1f-82f936184b3b
Coven Project,682506c2-cc65-4288-9956-6b0d92a9dc73
Valentina Novales,24003
Consolidated Plastics,24076
Master Toad!,a9f73643-d253-4215-ac29-68615ace82d0
FRAIL,24092
Barefoot McCoy,d3ed0066-7a19-4c3b-9dba-680930e3bd3a
Art Gray Noizz Quintet,b9c0887e-3ed2-4bb4-abc7-a65c640bf6ba
Son Little,4bbcd67e-c6f5-43f3-ac66-9ffa8552d9f2
red kite,24350
dioxadol borges,22593
The Dirty Moogs,22789
Total E.T.,ccd97809-0728-4cc1-99df-3300eb0155ca
This Mess Is Mine,ed52bc32-468d-4127-ab1e-f768b9753d8a
Zerodent,1aae31a3-0ae2-4ddc-8408-3389cddabb5a
The Dingees,09664c7f-4eb4-4464-b7f1-3b6a9cd6b756
Olga Scotland,e61dec55-7642-4a13-8c56-0531a935fbf8
Rot Shit,6110
Xerak,9a066120-5f14-4c75-833d-1e11e5b76081
Steadman,cde5228d-8d6d-48a6-8d60-2c9968fa90ff
Sakee Sed,b4785d1a-199b-40c5-b388-7b67b6429881
comment on y va,7282
Cheapmachines,4a41a782-a5bc-4ff6-a081-c81059005584
.RR,7414
Galun,fc8bb8f7-1d84-4ffb-82e6-ab3b5519e10d
Fidel Cutstro,acde4f12-1ed2-43b1-b14a-5021b5600bd6
Lady Data,8b4bd421-aabc-4231-b6ef-b396b3b9a0b2
Panda Paranoico,b30de0fd-f39a-434b-bea6-220fe7d5e4a4
Bernd Burnson,8fb21ac9-a5d5-4d34-bd45-d5673df9772e
Not From This World,8467
Dan Plaza,8499
Procedure Club,3639a279-8867-4c49-b957-63039753ac19
Miguel Uza,8723
La Fanfare de la Fatalité,8f7225e9-9aca-42ae-b620-a80712648c80
Henry Hynes,9006
Batfinks,61e44725-4387-4fb1-acc0-b96ab570e154
Dr. Phibes & The Ten Plagues of Egypt,cf567a89-d9fd-41fb-a0f2-121eea0b2ec8
Liam Stewart,dc6149c2-7b75-45ba-8c74-5ee954b20da7
Sibirskaya Vechora,9293
Kingface,e4610c7d-7f6b-4571-a458-0089f429b6eb
Mac 68K,9539
La Ligne Claire,9813
Jason Kaneshiro,10010
Goines Ma Non Troppo,7564
Riasne 2000,7851
JTPE,e09f1030-de66-4f02-ad74-b56083785b99
Christian Cummings,26e6211b-c78d-49b8-b78b-0f3eaf51097c
Colombey,77a046e2-ecbb-457c-b753-5249c0336dc7
Tartine de Clous,65d263f9-ec6a-4688-a194-0fc86f02b44a
Kiko C. Esseiva,7b7c886f-8732-4cc7-9a0e-9d1635cf6aae
When We Live,6f13fca5-935c-40a4-92cb-5a467e5ad021
Mark E. Kaylor,18d8602c-39aa-4125-87f0-2edc6d3e6b0c
Josef Nadek,ee535114-2ee9-4a26-a5de-5c1538d5ea35
Zacarias Malden,c8270360-1326-4d2b-8836-a11de86610b3
Brian Wilson Shock Treatment,d61172cb-f41a-47a5-8e57-50fc90ba09a4
Party People in a Can,9204
Thee Irma & Louise,523256a1-7c60-423d-866b-d30e95c0d8e8
Vegaenduro,759660b3-e8fa-4c8c-9d09-53a361741a0e
Erick Gallun,26015c1a-02d5-4522-b04c-2356407cfc21
TALUGUNG,4da35241-7eb4-4748-9f3a-b8e8067b86f2
Cockmasta Flex,21462
Richie Dagger's Crime,8cb15ed8-be7e-4cbd-a76d-7ecfd8a85c13
Mark Neil,64531039-3076-4289-b1d9-07aa087f4c6b
Byron G. Harlan,52bee53c-a2cd-4ea0-b806-262dd8dc2f92
Katapulto,4cea7c1f-c1f5-4fd8-9a06-f3bab48e323e
AWOL,1
Minmae,15b7bd6f-c4af-48e8-92ce-05b7ce26cdcd
Mudboy,87b2fe32-cfc1-438e-9963-f1fe715b6b9e
Weather (from Chicago),327
Bolmongani,5e5fee4a-1e0f-40d6-8b08-301f6572dd3e
Dead Moon,4866af3e-7586-403e-bea4-f27bcbcadbb6
Mod Fun,32be1a65-62da-463c-9a28-cdb320f47bae
We Are the Arm,1385
New Bomb Turks,013d71e5-ecb2-486a-bd82-6e7d9129acfc
Rose For Bohdan,8484832f-4c74-4bde-9109-52ddf59cc011
BrokeMC,1953
Dinowalrus,e548c89b-8d85-40ca-97d3-fd432e8847cf
Future Islands,74963434-dcb6-4b14-98cc-99873b06db66
Superhumanoids,092dbc47-6d55-4270-85c1-7ab2c4f2661d
Proviant Audio,1a50ac0a-f8ef-467b-b10e-f2be4dd84c88
Justice Yeldham,b976deb4-8794-4af0-a311-4ab310ce420c
The Magic Carpathians,ac582f58-cf2a-4a7a-8d94-f539518c56a6
Tha Connection,918db63c-700b-46a1-a3bf-56b1b23b57d1
Sea Monster,8aaff637-6245-44f9-af4c-8b7dd30cc3ee
Smegma,2150e0eb-46f6-4108-918a-f3f32bf5b07f
Hanns Ahring,46515511-149e-419c-adeb-7fa0d9c5d99f
Jean Quist,0dce4ecb-93ff-471f-a3f0-008c3bb40783
Maren Schram,bec341cd-52b4-4ac3-8e21-3e1fe8e93d84
1.6 Band,e3b548df-c063-4603-bac1-1b01fcf84ef2
Pigeons & The Insane Porridgemakers,a295ace5-e479-4d82-8ac9-ff006a6fee2d
Al Jolson,5611a8e8-1521-4919-a531-2689bbb57ce4
The Mint Chicks,2bb34099-cf61-4f22-987f-60449df033c6
Orquestra Popular De Paio Pires,5202
Pistolera,29369090-ee31-404d-ac28-eef713630328
staRpauSe,23269e6a-57c5-44be-bd74-438bd4790072
Matt Bauer,8dbca54a-8dc6-41cd-a525-20360d7b947e
Talk Normal,7339b6e3-de82-4b9d-980f-0c93a43c2167
Evgeny Grinko,ccab448f-b78c-435c-8943-69c90716bedc
Sore & Steal,bccb7bfe-fd79-4db0-ae6d-212bdafd4aac
krackatoa,13830
Jarrod Fowler,1245030b-6a15-4f97-84f7-e4a5ec8a245d
[unknown],125ec42a-7229-4250-afc5-e057484327fe
Love Story In Blood Red,1516
Aortha,8e4bc32c-19f2-4b3f-a827-2369659b0091
Inox Kapell,29dc0fb8-8b8a-482e-8a65-c78ab6ef265b
New Air,88ef68a7-85c6-4618-8c75-4494fd04c661
Big Ups,e011e4dc-2f42-4493-bd08-986376043db4
Atlantic Thrills,2787b46f-6645-45f2-bc96-2916e6cfa985
Lucas Perný,17147
MUTATE,10531
Illl,92c277b5-0004-4b67-a6af-6e2e5031faef
Adolina,18753
Styptic,5ee69aa7-efed-4176-b13c-83fedec7a602
The Fat,5fc8abf8-3924-4cd0-aa3a-e89495b27eb9
Penetración Cósmica,7202
ombrelli sciolti,19066
Mirbeau,19092
Pankifared,572a6d9b-4503-4082-9d21-29acfe3603ae
[Yahuy-Che-Kabah],18941
Neighborhood Cults,19136
Csum and Tobetozero,19173
Fog Lake,927cd7e5-ccec-418d-997f-c5e7edbdb51c
Supercontinents,19405
BABY59,19615
Deftechnixks,19703
The Willing,e1dda0b8-a244-44ff-90e0-a489bb44c82d
King Vulture,19836
Luciana Bass,349d9dc5-8fc4-4db3-91c0-c44cb52815d2
Tim Cosner,20079
Jess Lemont,20098
Beef Humper,d21e9a0f-b744-435c-8198-788e454e2c3b
kamila kostur,6028
Heftone Banjo Orchestra,20279
Cuarto,20285
Alialujah Choir,bdf2afe4-6034-4d3f-9b92-2ad87a2e4282
Guili Guili Goulag,0d0226a0-7c8d-4f88-9f09-e9222a1e0f70
Son Altesse Furieuse,20629
The Use,aabf7a9d-9ca2-415f-9345-c078572c6bfe
Graham Bole,20714
Alexandre Bateiras,14495
Life In A Blender,bce2b813-eb04-45e0-866e-150685eeb2e0
Monopole,30d8b100-91c4-4f20-801d-d33d64bb0101
LE CLUB DES CHATS,de781135-4246-4f31-b6f2-3bd3d1c612fe
Howie Mitchell & Ruth Meyer,14740
Nummer Da Luminous,14074
Charles Rice Goff III,be6abf58-bb9b-404b-a93b-e78a5743461a
Bleak House,15507
Paulo Chagas,0ce5035c-86dd-4c12-8118-1a4ea2470ecb
Ongaku2,15728
Balkan Fields,15767
Fritz Welch,afab1bf4-a0fc-48af-a39a-a88ce7f57cb9
Litmus,16049
Pure Country Gold,7183ed38-036e-473b-aab5-65a801e5f1be
Xalm Retribution,8609d628-e7d3-4dc7-9a62-5bb3e1d5f0df
Muhr,8267
Secret Boyfriend,a5b45f44-d85a-4712-8957-aac4cf57c1f6
Beam Camp,61bfb229-07f5-4af3-8f75-6bf3b9b70d6c
Human Resources,9abbaf08-226f-4418-b61c-aad2546cf297
Jeff Kolar,75fa5e60-b1a9-4eee-8240-670820071a67
Ronny Wærnes,c7d92791-66a9-4cba-aadf-dd05ebc9f59e
Mariana Päraway,707f9004-b11c-4be6-9326-716d52cde400
Loopez,7f928eef-031e-4e26-83ed-6cf8394d599b
Selma Oxor,b750b4d4-1bd2-442b-a106-d05094a29a3d
Archétypo 120,26d1b8a8-e277-43da-8f3f-83a62804168f
Jeremy Bible,7057a64e-ff06-4828-a113-9b47540ec486
Voodoo Puppets,261b0cbd-d423-4455-95ce-12f4b1a713a4
Kesson Shoujo,3fa6f184-4555-4d4c-9586-b19e2d37a7c3
Fleshtone Aura,b2dd7f86-7271-4708-8732-6df197e044cd
arciv ev noise,17579
DMZ,17590
Duo (Kirk Pearson and Julia Egan),17637
piano,
Blank Realm,44d36433-5648-4e9c-8d00-336fd67f7002
Blue Sausage Infant,82e50a90-d604-4bb6-80d1-040907ed257a
((( vlubä ))),9816
Les Loustics,ce38a65b-b8a9-4277-a317-23a64cca63bd
Piccola Orchestra Gagarin,d971fe93-4d18-495a-b631-fac107adc772
Madame Rrose Sélavy,d400784c-77ff-4a76-9275-3d6531dab822
Superpoze,ff241867-35fc-4053-9fda-7aa57ef4e229
1/2 byZERO & Nik RUbanov,11614
Cracked Latin,11630
Chiquita y Chatarra,77aaeaaf-0a4a-40d6-b076-150f17e5c1b0
Ivan Julian,8dd6b2de-a33d-434b-99f8-b752a13b637e
THKAD,8717afbd-a48a-4622-a469-d3351fd4e80d
John Harrison with the Wichita State University Chamber Players,12213
Smooch,5bc52c70-25fe-464b-8f7e-66bc6ed4671a
Short Hand,12386
Cruddy,5e0896eb-97dd-4710-8119-6cf22fea32fd
IKOS David Clifton with the choirs of Peterborough Cathedral,12564
The Carrier Wave,a418db60-07b9-47f4-89a3-7621f154b5ae
The Maltese Falcons,0ea582cd-6800-41d1-ba94-df0484d1b121
Axial,5446
Los Vigilantes,7c403c3d-c68e-4288-9fd1-8f041c62513a
Bad Noids,710e5e86-82ba-475a-a8bb-c12cdf3734e2
Action Davis,13533
Isle of Pine,13840
Anthony & Substanshall,13989
Ant Neely,c61290c3-a47d-4976-8877-19e101bb90f3
Jazz at Mladost Club,14078
Fhernando,8be28dd6-faa2-4063-9ec4-425a7db4487c
Howie & Ann Mitchell,14166
Dikes Of Holland,9464656e-fa90-4779-ae04-7535ed3028fc
Musik Studio,14286
Sci-Fi Industries,2d2f0046-6112-4193-b791-382285fc29c5
Lisa Germano,b4cadc83-7307-4196-9f2f-29ebf1650045
Guillaume Maupin,96fafa52-03bc-4ac0-b0e3-7f7d5bb75fc8
Tri-Tachyon,c9825c65-1ff4-42d0-8bab-889ca36517d8
Will Bangs,21226
W.H.Y.,21320
Early Sonic Belligeranza,21541
MADS,21592
The Narrow Musketeer,82b6bc2d-8095-47ce-8723-c48f6dc1a5db
rui,21748
The New Valleys,21800
Marcos H. Bolanos,0fd45d9c-115f-4b94-8b6f-3cedbc5a8915
Windmill,21863
Polvere in Cantina,22126
Taulard,0c90d8af-92d0-4cc5-bb25-543c65000fc2
Frédéric Gerchambeau,4bffe389-78c4-435a-8ff3-bf2a3bb201a0
Mike B. Fort,21394
William McColl,d7d679cf-bbf5-46ca-990b-cf6a9f4bb419
Protomartyr,9efaf639-6332-44b8-94ae-c25896320ca7
Cosmo,e0145f8b-6b96-4aaf-849b-093273e5ddf7
Portrayal,612863ea-9ded-4ec0-a450-d014ead82507
Eva Schlegel,254f87e0-db11-4893-b397-0c3ef01f1732
Harmoos,6f465c01-49cd-4525-884d-642201eec77a
Deuxvolt,d03e2d5e-f2e5-4af1-8804-ff1e09f26601
Cityzens Were Here,23596
2-L8,0c4814eb-7116-45ab-93c0-a262b700cccc
ASOTWL,23653
Los Cuanticos,23715
Nursery,fd13c4bd-330e-48ed-910f-e5e198b4d3d5
Siddhartha,24088
Mega Gem,50802e1a-bdf7-454e-9936-f04183bea427
Androvirus,e1572402-80a1-4d24-bfbb-ff54f0ba0da4
BCBG,17017
Echo Chamber Rope Trick,22596
Sioum,b5c96132-23a0-4dfb-a85d-9c53df2ab2b7
Salome Lego Playset - Susanna Laterza - Kenji Siratori,22772
The Freeharmonic Orchestra,585c6930-b73a-490a-b183-7503a4ed365f
Twin Realities Dreamers,d135c8be-5ed6-433f-8b04-f2896028dd8c
Milky-Chu,67a7003f-a80f-40cc-b0cf-f3bccfb54500
Seiei Jack,9805552d-71c1-4a29-9253-510917a1a6d8
Les Juanitos,7300dc24-7d56-4ffa-a907-c171aff0a8d3
We're Late for Class,6922d0f6-b3f7-4ad9-9749-3c09d7b0a2a1
Ergo Phizmiz & Friends,6030
Black Math,aa64bc72-a812-4982-b3bf-d4dcbe380a96
Kupa,20f431e6-f926-4a41-9394-6ae0a7edcbee
Sterling Basement,1276
Hue Blanc's Joyless Ones,fd9d1d51-b8a2-4b1e-981c-416b2620d5e1
Jacques MalChance,e8acd272-47d1-4321-be23-e1635fa9a995
ABQ,7024
Bare Wires,11a42846-b84f-4b59-9a36-b3f9e9b071ff
Ergo Phizmiz And His Orchestra,8a0194ad-6b24-448b-a069-5e7baf2eb1dd
Michael Wells,4270f84d-d8e2-47c8-b388-1fc00c8a982e
Exteenager,56196d6a-5780-4363-b165-9ca04c9275a0
worriedaboutsatan,24360017-e8eb-4087-9577-40b871dcd04c
Coolrunnings,45a9e80c-e2ad-44a8-be8e-73e95cc2cad4
Zeptosound,8611
Sibyll Kalff,8721
Delgarma,6a9a02fe-f054-4776-8fb4-b3ebc44acebf
Bardo Pond,2ad8bce1-8e55-48db-82ed-d98b52a3a13f
Slipper,85e5fff9-8f03-46e4-81d1-bf64e1c87911
Pierlooqup,1151650b-c7f5-4458-b161-9be955eb8cb3
Maifersoni,d835cee5-36f5-4e94-a484-a376bb802731
Non Dolet,c056dc5d-b11a-4936-86a0-a969201fb141
Gino Pertot,00eef314-2c54-4f4d-b5a2-35f38e88f2c4
Yves Rakotomalala,2c623d9f-9b96-447f-a290-1d1a2dbdfec5
Art Boys Collection,a0d43620-9181-46f7-97c1-f46e4e2c2264
stockfinster,7e26f777-0f70-45fc-a907-a2699d48d17c
Sleepy Town Manufacture,671715c6-46fe-46b8-8334-167b59b2bee3
Rozsa has become... Madárka,10188
Mutamassik,e4e78aad-ea4c-4808-a7ba-a595ed52fb2a
The A-Bones,3b1d9c1d-8107-4e75-aa1f-2e27d05e5647
Braille,80b5572d-a2b4-4cdc-b8e1-ea0000947728
As Seen On TV,9820
Buk Buk Bigups,10198
SousLePont,7453d73a-658d-44ba-b754-339a7fa0db4c
The Needy Visions,ae52ec59-9128-4c2a-b6fa-dbc3064ae1a3
Criadero en Seres,5558fca8-3a74-4292-964e-4b3c9d5e2020
Sypha Nadon,05d62409-5a5d-471b-be22-6d5e687791eb
Kalistongue,edb1e8e6-7f04-4d61-990d-ae8aa4b60bb8
Caught Ship,4b9794af-7c3d-468b-989c-9eeda1338d5a
Doppelskangers,d222f4ee-5d65-435f-ab7e-5eeec5236dba
Dave Keifer,9f0d44e7-cefe-4192-99ba-d9672de6eb3a
Ardleg,85c630bf-f8e5-484c-8900-c21527258479
Daan Hendriks,accd207e-82d2-4018-b607-f8a2da78c484
1 Riche Kannibal,eb99a759-d7ad-4f22-b678-710e29cffb00
MC PATATE,56a7090f-645a-45ff-841e-3c7ce9884040
The Tom & Marty Band,519720dd-22a4-4657-aa52-99fc7ac489e8
Two Prong,84ffd5b6-5be4-4b57-bed9-6d5919fd19aa
GriefBirds,7950
bidibop,66cf22dd-5481-4f89-9c81-910fc284c172
The Black Hollies,61f8b5ab-4dac-44d9-b047-9363516d519b
Tricky Diesel,15323
Hollow Press,062799c1-a341-420d-bcfc-fd599c4d8c90
Octagrape,ead45e07-65ed-45be-886d-b5d7edb3b825
María Pien,ad907713-a968-4306-9013-1d69a086437d
Yoshiwaku,f0cc6cf8-b4d5-4b73-8427-838da7e67d84
David Amber,d773905c-f1db-4888-8a84-49fae1b34d94
Appetite,19cfa954-4aa0-4f8f-a928-0baa43b730d5
Ric Royer & G Lucas Crane,5496
Arrogalla,fdf82862-4165-45d4-a865-5ad478a6fff3
Sephirot,5797
I Feel Tractor,a75e686a-1b46-4ab1-80a5-40760c96d39c
C. Spencer Yeh,84b5ea03-de9a-4aec-9581-306ac8bbabb2
Deano Merino,2292
Blah Blah Blah,9b8ccd41-c1bd-4e27-a57b-3c683dad3236
Cinwaves,105
Kevin Shields,7222d43e-a3b7-4bc8-904b-2fa162dc9721
Rainbro,249
Ric Royer,252
Romak and the Space Pirates,0d8aa0f0-88d0-41f9-882f-a2e0a5557549
Teeth Mountain,3ca5e608-2636-4e00-9bb0-f64a69eb5a54
Big Digits,fe9827c5-0624-4663-b078-b7217d42cb28
Citay,602d267b-56ef-47f0-9852-1a3eef7c1fe7
Kelley Stoltz,c4c8675e-f8dc-4313-b430-8fbc83d8aafc
Miss Derringer,783d0478-b29c-409c-8ac3-0db911dd9a72
Silver Jews,1bc2d696-c0e2-480d-87ed-17b2a82d7983
Twi the Humble Feather,e352845e-470d-48d1-a188-90f737416696
Half Japanese,18dc6bd7-9caa-4c2d-a2fc-e9546ebda6a4
Schocholautte,c87df42e-8fd7-42c6-8ab7-1e21d97e3111
The Brian Jonestown Massacre,381e8434-109a-439c-8acc-5d328359f2e0
Ugh God,1794
Suicidal Rap Orgy,d38c1e5c-34f4-4780-802f-7b6b947f4e77
Elliott Sharp,bfa8a730-cabc-443b-b79b-012b63bb1c41
Thee Contortionists vs. Jeff McLeod,39227a47-349a-4a04-8d20-09d95bc241d6
Aidan Baker,eea85c38-427d-438a-8c59-6036e1c05d0e
Cyclone 60,4470d5bb-a060-4387-adf5-7a4f9f1af3da
Klaz*,d6d48b83-fee9-499c-8365-2bafa4716177
guitarrorisms,4193
Jeremy Jay,34f8701a-24ef-48d6-a130-61149d04530d
Pineresin,da45f442-5543-41e9-8120-e5a68b7527e7
Chico Correa & Electronic Band,b109bf81-1ee3-4cdb-bab0-5f6c93502b43
Zack Kouns,1d54a5e9-60be-44c9-9e8f-c86558f07a4b
Alash Ensemble,4799
The Pink Noise,4782
Computer Jesus Refrigerator,3d8724ef-5526-43c4-b4d8-88d1d1d165f1
Devolver,5060
Amy Annelle,a8039efc-dbf3-4bc9-9231-e595c0f699d0
Receptors,ec4344ea-caf4-431a-a177-a4e5e8c2b0b4
Deerhunter,4f416ed7-dda2-45de-a6f1-b986e861cf4b
NOW,5274
Heroin UK,158
Psychedelic Horseshit,ff3c5095-fcfe-4596-b777-eafaa9713b52
Razor Bois,e729d22d-1f31-43d1-b6da-c9ef8cc601e8
Rice屎Corpse,cf090aa3-5f44-4acd-8c30-fecd3397844e
Thee Moths,640ecfe7-9a50-4e18-a245-8e4343c4dbdd
Sebastien Duclos,4d4bd319-0b2e-4c65-bb2a-ff92482dc4ce
Peeled Hearts Paste,6101c3c5-814f-4481-8cc5-b5f9489a9f91
Abunai!,84fae2cf-49d8-4c2b-b00b-9accba69425e
After Party,4483
Dan Melchior's Broke Revue,618dd5cc-4260-4f47-a1d5-db1d78d31de8
ETHX,4bd30930-4018-4d1e-8165-dc4cd3aa9b8e
Ménage Quad,076e637f-6a7e-4ed2-bf40-7f3da7c20c11
Spirit Duplicator,6d3423ea-1c1b-452e-a933-35e6124d441e
Marco Kalnenek,16ad29eb-a938-4dd5-b098-f0fc21430a63
Het Gloren,28498b51-4a98-40dd-83a5-0d497d82d15d
Karen Stackpole,2db4dfc2-e19f-4760-b798-84f6312b5dc5
YACHT,f6a0a03f-3b2f-4d3a-b4b4-34ca4ce7f3cb
Sick To The Back Teeth,0a0b0cc1-283d-4b7a-b179-e22089d57b60
adcBicycle,89901aba-ab99-4237-a4a5-6201e2c59968
MMO,17908
ROW,17966
Kings of the City,885ff2a5-4ca9-46ae-815a-00fd571e6804
Flagland,2b9272c7-cc73-4785-9a83-25a41d9dcd10
Kakurenbo,16743
Cachexy,17249
Ramsden,18279
2ndMOUSE,643e184e-7f4f-44f4-a70f-818e57e2fc8f
Deltason,33c599f2-037b-4978-b140-3468ef8d485c
Gilo,63967fab-1b54-46c8-a875-c53418988ffd
Chris Lynn,a6036f69-1992-4bb8-b849-bce373b50626
Jamison Williams,186f66f8-0494-4f0a-98fd-e73a401e6af8
Metastaz,18981
Debby Schwartz,931ec71e-6d8e-4812-8e60-590a03b98de2
Scroach,19161
Gal Pals,45f6a3ab-b037-46bd-af9b-78b4fa092fe6
M.J S.K M.M J.D,19278
dave gabriel,19348
Tarred Brigade,8413
Johnny Weltraum,f4c10b4c-f9ad-4215-ae5a-640d8e7cfa2e
Bit Laden,19382
Track Jackit,19480
Jimmie Oder,19517
10ksqft Werehaus,19755
Cityscape,19837
Smurd,0a4d3b76-5b1f-4e2b-a330-6a3df2bdf84a
Bureaucratique,20081
Lady Bombon,bdfde565-aa86-48d8-9661-419fa021a054
Gigaboy,8643f96d-4770-463a-aa69-1f7a0b5d7e03
Dr RemiX,39495a76-2cc4-4cbf-a6e0-adf94d9e832f
Gazprom,20355
G.,c90d8739-6b68-4502-a3da-3cad8b301485
Mesmerists,f526f4f9-34cd-4563-99dc-ee1d92fc06b7
Go-qualia,1186105b-723e-4ce3-8442-5d79696c4e4e
owlface,9713
Black Bones,4589740b-cb4e-4725-95c5-1190ed292d43
Oferta Especial,c53e6ce8-40ce-4cdf-ace3-0384de279693
Piętnastka,936c69ed-a1cf-4bca-b0ba-f075268ceab6
Warm Soda,b364e69d-12af-485e-b609-696810f6f625
htrspltn,feca0419-1d48-465f-9401-7bdd4e1862be
Paco Alvarez,74562806-67b5-41c4-b7e5-cbddc2f10403
Molecul,2a080786-2614-4c02-bf8f-70d74fb85b8d
Nick Kuepfer,11832
Lance Mannion Orchestra,15266
Jett Brando,55f50f97-2474-4902-ab3b-938b65f0a756
Chad Crouch,a78cea1f-203e-46d2-ab60-73babcea4100
shitbird,64356513-29d6-4bc6-bb06-4c44f5cfb166
BLEO,049e5343-17d5-4c71-879f-61f70a76a091
Ill Papa Giraffe,ecbc129f-b629-4090-a425-0ba402c2b759
The U.S. Army Blues,675b8542-1c32-49ee-846f-04ddfa121a7e
Damage it,15770
Bruce Hart,015cf225-d561-461c-b89c-3c0ca4cb87cb
C.H.E.R.N.O.B.Y.L.,16056
Rodd Keith,c9f32c78-85eb-405d-9fd7-f59801497737
Le Perche Oreille,a9520457-7672-435e-82d4-94257ac60bdc
Laura Stevenson and The Cans,10c95300-8405-4754-920f-03a177119c52
FIGURATIVE THEATRE,cda56d54-a65e-4ec2-bcd9-786199d80b43
Personal,16575
Everywhere Kingdom,16577
Muhmood,aa8aedea-0818-4e27-971e-e74a6100ad56
Willbe,03f60609-cc79-4e23-8393-0716e2644773
Corporate Control,16829
Chevo Légé,5acb7d05-60dd-4b48-a551-60d2ef09fbc6
The Conquering Light Of Flora And Fauna,16983
Fields of Ohio,99daf93f-86d3-4060-877a-c808a370f279
Aislinn,17040
Gablé,10480
DJ Spooky,c8dbbadb-f5f1-449c-8827-43d00a73fe89
Modersohn-Becker,17251
Pony Time,5348a6fd-b778-4d2c-b822-107b717c2ca3
Metalleg,9f2ef752-4e81-400b-9a1f-25986ac44f10
Pupil,2212158e-670d-40cd-89ef-dd90277127fe
Steinzeit,c6000e08-518a-470c-88a0-a2770d035d5b
Bitwise Operator,17543
c4,9565
Jacuzzi Boys,022a372c-a83b-4ce3-8717-990caade5753
Ventre de biche,559642a5-6af5-47c3-9eb7-6b80a4909f97
Rocketship Park,3419c8b3-d4ec-4fb0-94a5-beb0acb762c1
RushJet1,2ef28315-3d96-4d12-b194-7436d559e9d9
6 or 7,8506
The Meaner,11135
Mr Ascofi,11589
Manudub,6cd44cab-8fd3-4765-87c5-b8edb907ef7e
Jaap Blonk & Splinks,11642
The Wrong Words,11744
Crete Boom,c32dc046-79b4-4fea-9f8c-9f63227eca1a
Notekillers,918f10ff-7cdf-4c9c-935b-634dbac51497
Corty,d34fb8c9-5f83-4fe7-ac26-1af45e29fb9a
Gringo Star,a6731246-1cc5-43fd-a474-a0a9130aafb7
Archipelago,90428fc7-a55c-4c3f-9bb9-d71860f5b3cc
Slaveya Women's Vocal Ensemble,12844
IYAXIA,12908
Eastern Watershed Klezmer Quartet,10174
Ed Saad,13158
Armageddon Gospel Revival,13198
Dynomite Cat,13268
Pitchman,714cbb12-0a13-4e80-a1b4-d874fca8af4a
SunWalker,b7f7f276-faa4-4f51-9226-975d8606f8d6
I Was A Teenage Strangler Soundtrack,13346
Hi-FI & failles,13389
Jaws vs Paws,13419
Kevin Kastning,8106e862-e02b-49fd-bbe8-9022343f20d6
Rations,bec19180-eb65-4323-8f79-5794f9610b15
Ears,13735
LASERS,40ade5e1-2e2d-4046-8dc8-254b6b756244
No One and the Somebodies,9faa4c0a-8d0d-42a5-a72c-4b87b34daa36
Guizado,b7b194c0-de5d-4475-9d6a-8822fc183678
Squinancywort,14086
The NSJ Crew,14261
Please Exist,b72033fe-258a-43ce-bc83-34726b279d49
Pleasant Grove,5c0226d3-529e-401d-9133-a0ae1b42e8c7
Marylin Rambo,337447df-c945-4ccc-b7a9-c952a52e51bd
Jail Born Jane,aa8cbd27-3a7f-4356-95f6-2e260443497c
Sleep Out,831d3f04-5f4f-4cd2-bfed-a2f0e6c03ab2
Fishartcollection,21037
Jazznoize,5be66fe3-5aa9-4e6c-a679-9a508fb37425
Mellow Harsher,c9e07caf-94a7-4579-b431-abf2eee0344a
Tod auf Kredit,21282
Low Doses,d093f13e-e0da-490c-ada9-e7d1af4883ca
Alex Battles & the Engelberts,a04e3ddc-1a54-4b81-aefb-dc9fad473baa
Со мною вот что,b96acc4e-7b74-4afe-ab07-7e08010158ff
The Ugly Beats,0b81d0e9-8b11-4f19-a99b-7bd85157e1ed
Albin Andersson,21539
QWE,2cda1a27-fdad-411f-af6e-ae3864ecf466
Microscopes,b09b3df5-2771-4c6e-8c65-4de215ea9ac1
Ulises Lima,2053278a-df0d-4737-b009-d84fb94ac444
G.Las,21692
Sudden Infant,1d0f3d33-c4a6-43a3-8a04-4e5cf0a575a3
Michael Howard,21760
Ehl-i Keyif,21947
Vexed to Nightmare,22035
Wayne Kinos,22015
Ben Carey,22088
In Vitro,22078
To Eris,22145
Tim Held,3cfcb7b1-3e80-415b-8d36-528fe6d65753
Weinberger,887e4929-71a2-4f47-8e25-a1b7e10dad0b
Patrik Glassel & Brandstifter,22485
Deep Purcell,14776
Marco Benevento,2de4e97f-550b-4083-8fc4-83f7fd0385be
[meta:Human],a2099807-25a2-46d7-bb5b-34ec5ba9bf81
Raúl Díaz Palomar,afceb998-8b0a-4053-b1b2-9bc9750641ef
Mount Carmel,6a00c42b-32dd-4256-8b7d-7bc18f59c285
Distemper,a0d726ea-d8af-4e04-8eb6-10f7bed37140
PEG & The Rejected,d731dd45-bee4-4998-b82c-340eb04e8eca
Manuel Duval,3b885c77-ef5c-44cd-bffe-70df9d3b888e
Swin Deorin,e62b3b11-4e09-4038-893b-42aad4ff8337
Alessandro Dinetti,23998
Deadly Oak,770706b9-3089-4db7-ad2c-0b9b3430f450
Robert Farmer,24223
The Whips,24224
Rocco Granata,000fabd0-277f-41ab-90a1-26ace71a82b2
Exomène,61633faa-049d-4fc9-8d12-08c887e03b2e
Remain,22429
Ethnomite Pux,b486eec1-0296-4112-b5fc-c6cfaee56d61
Julie Maxwell's Piano Music,22786
[guÿôm],76663ad7-639c-44f6-8814-8ff0a54da23c
mini roc,44012c53-d485-4001-947b-e7d7030f3d19
Higgins,8b51f812-9924-4e7d-950c-bf8c306ec367
DRONE,43ea648a-4d92-4290-80bb-bc7586d8bfd7
Won James Won,778280b5-e211-43a4-b91a-fdf19d4a3259
Buguinha Dub,22d0a15c-62be-49ce-b893-ed7b0e245e3b
Vespero,2fe8d7bc-5c4e-44a4-840c-a9603739870a
Mr. Kindhoover,fe503533-b2f5-46b4-bb59-34cdc9704da3
Jim Morisson mon cul,7276
ZUHN,0f90deba-70be-49e7-921e-49562b2405e2
Jean Poultre,4603589d-b64a-4345-a0ab-4539bee32ce6
Brownstone Megaphone,7500
Dudu Geva,355004b8-0129-4958-8c4d-7592312e0cc3
Campfire Fight,4927f052-8f34-4bcd-91e7-bc6e151da8f4
Buben vs Rabbit Girls,7945
Hox Vox,2a3bf04f-04b1-4bba-887a-ac43d209874c
The Pleasure Kills,8391
Poo Poo Cushion,8628
Ice Lords,8640
Staline Mattin,8727
The Procedure Club,7956
Ballpen,93419edd-1fbb-41ce-b502-b83e93cee909
Emile Miroir Jr,d3c3c246-bc0c-462d-8a20-1bda8aa4c40c
Teleidofusion,ec62eb22-afd1-465e-a37b-3355abe51576
Duo Inmortales,9207
Muuttuvat Kasvot,9223
Jay Tholen,f3622a50-46bb-468a-94c6-a6042a5a8637
The Insider,49153d61-6b94-468c-9d15-16acc17b2d57
Jfrank,9404
Matthew Sforcina,9419
Persephone's Bees,b3ba2385-032b-4c83-8a27-dff744a6b584
Pariah Qarey,8be1df49-04e0-4157-b424-2f3432c4991a
System Hardware Abnormal,16821766-1dee-428d-8997-46d9f0a0e427
Frozen Geese,36af6d0f-0160-4c2b-a137-38a84a5b412c
Parting Gifts,9617
Caïman Nain,9871
Roy Nathanson & Tim Kiah,9963
Anti/Uton,f20ff60e-0347-444b-b099-ef042089680b
Bob D. Has No Dick,9821
Black Elf Speaks,4c440b70-1d08-43f8-9e59-64c4789d8da7
sarah rasines,26d90bc9-0be6-4227-9075-4a8faa142019
Taker 51,cc8c2ede-3e84-4038-afa9-971b21902543
Dwoogie,5b41015c-f4e0-41ad-9ff6-94d8e4c73024
abc100,22bb86db-ab68-495b-85c9-d758b5a850b9
midnightradio11,944a26d5-1e2f-4ca8-bfbe-890ceacb8b8b
Lonely Faction,bef9fae2-6b65-4289-9c03-f244d1c69076
Say No! To Architecture,60823af4-65a5-47df-b72c-f0da2c53115a
Reed Refucher,d29249d0-7d63-4798-b49f-92bc4e3a28be
BOK Darklord,1beb8627-c613-4fcf-ad02-5b05e869d2c4
Uno Datwangi,1d3ea11d-f9c2-4223-bef2-5c3a5721972b
KASCHADE,49cbce17-fe15-4de0-ad99-54ea353341c9
In De Nadfin,3f0eb875-7e49-460b-b850-a92840f39a86
Cex Fucx,135081f5-160d-48fe-a3ae-c680501800cb
NOISE64,d56a0d2a-ac02-4320-951e-ee1783a0d6d2
Snorkel Quintet,cad0ed8f-2f12-4af7-8e01-22baf4cdc1b6
Kuuleminen Asiat,daaf051f-591f-43b1-a626-826ef253f079
Thierry Massard,0cda89be-462e-45f8-813c-8644e68bfb67
Vermillion Sands,69b0d90a-7557-42d6-bb60-6df3f38c340e
Guy Harries,a2a1d8f4-4864-4670-afb3-d963b74c1322
Karen Cooper Complex,92d1f9b9-4ee9-4694-8cef-43ec5fd23bf3
The Kandis Project,8529
Rational Animals,d1d7f700-c4e7-4fef-a258-79cd83aa6ef5
The Matt Kurz One,f2fa2f0c-b6d7-4d09-be35-910c110bb342
Dot Wiggin Band,1a3ac78b-9eb5-4c1b-8205-6d16021cc8f1
Nots,87a3879a-5013-4ba3-9b44-bf88db8ed56b
Ulrike Mod,19888
"Ak'chamel, The Giver of Illness",64919cea-0c60-44aa-9f43-4b686723ce78
Weinland,85e695a3-b541-42bd-83c4-dcf0944a47db
Satellite Ensemble,20315
AVOIDANT,15548
Spinefish,6f3621ab-8ced-473b-b47c-9b79d59f7c43
The Oswalds,a7d3f1e0-59a9-4648-bd46-a0100e989ede
L.D.I.,23407
Urs Graf Consort,ae236944-84e8-4222-838c-2e0be61be4d4
Incentive,0138f306-e09e-4341-819d-755cda740748
Wesqk Coast,23521
Lechones Sangrientos,ad81f329-8078-49a9-b327-7e1e7d78ab71
Gamelan Nyai Saraswati,83a541a2-7261-457b-9d50-efd233309a1b
id m thfft able,d47418fc-6beb-49ce-a603-27c936e0083d
Kirk Pearson,a264260f-4432-443d-a5cd-8e043b8f0ea6
Bad Dad,23805
Grass Widow,e2c41213-6d3c-490a-be57-6388622896e2
The Demands,638
Audace,a02b7cb1-ca81-4e6b-8c25-8c5ebc71fbb7
Danielson,6872de97-e58b-4eb1-81de-a2ddf0a05f04
Manbeard,202
Ric Royer & G. Lucas Crane,253
Saudade,260
Stress Ape,280
Cryptacize,a5fd336b-cd43-43f1-9bae-61042d73132e
Dengue Fever,e6791155-ec80-4a7a-b108-54481ff73ead
The Snow,3aeb8e89-5b65-445d-9472-e4be910e3cd7
Voice or No Voice,1372
Le Volume Courbe,0c39ea47-7788-4254-a10c-2c8d8f538d5b
Low,42faad37-8aaa-42e4-a300-5a7dae79ed24
The Apartment,6d57737e-b324-407f-8255-afb4b23721e6
Scott Wilson & Efendi,1836
Edith Frost,289faaeb-96bf-41ff-a15f-5166b6298e01
Monotonix,618b4848-9402-4b38-9b34-c251938def8e
Number One Sun,2215
Aviv Mark,2362
The Watery Graves of Portland,b4aa2b3b-8dd2-46c0-b12c-febbedeaf5ab
Wildahead Portibeast,3128
Vitus von Degen,131ff733-c749-4129-bc9a-8845de58deda
Fadt Fanfare,55cfb3e6-4720-43fe-b726-40280d049a27
silencide,e0b666c2-708a-4411-be2c-4b569cc68a97
D84,73774591-24c3-449d-8382-13076fe4b6f3
Bud Melvin,7fc7b5bd-443c-4b6a-b8cd-a5203edb73ed
Dev/Null,986e47f2-7525-486d-9a50-a28eb1ed7b2e
Mental Abuse,e2ee2d01-e61f-4ccc-b5c6-f1f22b514026
Pussyfinger,6d822ee5-7166-405c-8dd9-20fcb59ca4b2
The Meat Purveyors,79ef45e0-6b8c-46be-a617-af73fa8ece0a
Seven,4220
Elmaes,49eab221-d8a7-43c9-804a-a2fb8518a01d
Doron Deutsch,c2ebef4b-de11-4a01-a4d8-3bb6f91839b8
Ignatz,8ac530c6-298f-4038-b52e-4dbd71980c0c
Bacco Baccanels,706278ae-6bdc-4519-83b9-0e8e90c013ae
Delayed Desire,4d58c43c-3f1f-42b1-bb01-a14965ea3bf8
Bad Party,b892348f-0f21-4ccd-88b1-b4daddc0d955
Food Will Win the War,5405
Raleigh Moncrief,324bbd79-d75d-44eb-b72a-545ca13a9cfe
Invertebrata,6473736c-6c66-4179-83a0-52443c471a56
Fuck Buddies,eef82e73-eeb1-47c0-8b29-d0cb1fd3f27d
Assaf K. Talmudi,2301
Thavius Beck,da1a9033-e4d5-4fb3-ae04-6d2ad170f5eb
Manuele Atzeni,43f19753-930b-484b-ad21-ceaff4b84115
Soft Circle,b1e1774a-b9b0-4b8b-acbf-0897fc24d38c
Blek Ink,492
No Babies,1c0dc29e-b23d-47d7-87c7-ba45555f2c40
Primix for Kids,9276139e-fa86-4097-a713-647b9a8ebecb
Zikrayat,1837
Liechtenstein,e01ee4a4-381a-49ef-bf45-245ff03066af
Antanas Jasenka,4741e6db-04d7-466d-997b-033866d2b44a
Amoeba Men,bb27084f-178d-4d02-a300-898b695d73a9
Digital Primitives,b9f1ce37-05b4-4d40-a2e5-7b0006eb87f6
Gary Lucas,1517
Swear and Shake,30c2c554-41c4-47a8-bfce-4512a0e95b7f
Isra-Alien Band,12853
Kecap Tuyul,7ff2cef1-ffc9-45b4-884e-731d40b8a944
[creeper:Robusto],18178
Ubasute,529a5f43-05f1-4e8b-a652-ebf2df6923b5
Gunenfolta,18237
Big Bug,f0c77e7d-0642-42b0-b94d-247ea06d2771
The Marty Kings,18401
Rngmnn,54853e5a-4be3-4af5-acbb-9d22032d3d35
Apydiagirls,8a3e8869-d50d-48de-92b5-53fa0bbf6acb
HASH,17154
Water Sark,18487
Beta Dog,18653
Fabian Measures,18673
Nicky Apple,140ff9d4-97da-403a-bd8a-a58f21ce0d72
Émilie Simon,01252145-c9e8-4de5-a480-9b2bed05450a
Aniqatia,a3276d90-6429-409c-81e3-805e771a35bc
[amt_23],18807
Wood Spider,3220223d-ffd2-4ebc-8fcc-859036419618
Carter Behnke,1b02215c-1820-451c-bfe2-88e7d41ef391
Jasmine Golan,1e1875b8-c8e0-461e-a609-b18b0b1d2533
V.A.G.U.E.,14882
Rene Kita,9b98c718-6f3f-4f1b-bb81-a5f6838efa3d
Steinregen Dubsystem,62cd29c8-ba7c-4611-a921-3e9d9d15de32
CM & Tha Silent Partner,19024
The Dick Burrill's,14521
Salakapakka Sound System vs. The Day Of The Antler,14171
Yrrow,2d973362-b610-4755-8913-1f19b8ec43f3
Csum,4b20ef01-9e6d-42c6-829c-646dd2210913
Audraulic,9c4c2d71-aaca-47fe-a2db-8637fc35af30
On Tour,19220
Umreti Fit,fcb26938-fe85-4a29-b3f7-1754a8d805a0
Cloudkicker,88203975-e950-49bd-9b6f-497f1edba2c1
Avaren,0f82fa8b-37e4-40b8-94d8-a0ce893a5b79
Little Band of Sailors,330c3253-5cd1-4191-b022-0cd6227cdfd8
Moki Mcfly,13c22211-8270-45a5-9b75-728e6d68a856
the skratchlords,19286
AIRGLOW,a8841f23-03c2-4221-a4b3-3aa969bf354a
Prójimo Bil,19433
EX LUNA,19471
Patrick Lee,34ef5404-7768-4b3d-b515-2b1edcb68740
Dunk Tank,19695
The Love Me Nots,0cf6cf9b-57ca-4d69-b3bc-7d7b6c856b22
Deadlines,a23ca2d6-cf38-49a4-962a-784ea43ac592
Night Owl Committee,05f52510-ab46-4b34-97c2-8bb155056d3b
Mouthguard88,699f28cf-5797-42da-ac72-0ee75b0e84cc
Roofer's Nest,20100
Signal-to-Noise,ea329097-e637-49d4-a2bb-f7cf71b66281
Clemens Eduard Haipl,3eaad18c-a4e3-416b-8c9f-7d2236699a14
manuel gordiani,14571
Aaron Mist,20273
Jason Staczek,f71f864b-4d6b-4f40-af66-aaae787edf6a
The Fischermen,20570
Filip Roter,20571
Lesser Beings,154e0d20-ae65-4ea4-ab9b-a1fd205a55f1
The Barreracudas,4947a438-2f14-4b91-8255-67d1c130225b
Furchick,6de535ea-3b24-4baf-bafd-615f93d75c53
Swirl,13856
Vampire Lezbos,0e668c2b-b195-4b11-ad3e-a46bca6e64cc
Old Bear,9f727134-e343-4a6d-b332-e7278d8e84f1
Barmus Dramfell,14783
Ghost Hunter,76f3b08d-af49-45fb-868a-a871b2ffdf59
Cambriana,2d0b11e5-a2b6-4e93-a170-c6d5dc650c17
Aching Beauty,3a2da723-3060-4d1e-8987-afd09d306947
ID:Vision,c3d2df1e-853b-426c-b13b-123453a2ba5a
M-PeX & Makrox,15288
cloud becomes your hand,6c13fb7f-9bb8-48c3-993d-c383298cf22a
Blue Stork,edcf6c67-f9e8-4435-a1f8-bbd0d7395d90
Edgeist,b00f3f45-a54b-4437-862a-d329cb87a509
Erick Diego,13486207-cbda-465a-98dd-c468e40775fe
L'Homme Manete,1bebb6ed-7fe7-47c9-8502-3904f5bbdac2
Akcja Zorganizowanej Przeciętności,16576
Angstbreaker,619578ea-b028-47fd-b305-1192831f14a6
Stellardrone,8208d8f9-61b6-47f2-90c0-2680dadd56a8
Niño Símbolo,16654
Hector 3,16688
Still Pluto,f6b37cb4-5b2b-45c3-b9cf-c5a268a59ccc
Infinite Plastic Internal,9a27db50-9f65-4cf8-b9c8-b07acfda18b2
Lantriperc,15989
Xenia Rubinos,362df059-5fa3-4317-8349-db7e2328decf
Kapnobatai,12703
Ashrae Fax,3f353c28-3a6c-4a57-9bd6-99b24be71c29
Dr Nol,13864
Alex Fry,2FIjUtNz4S6XQhJDNq4dLa
Evil Sword,371762a7-c758-47a7-9f94-921a272d0978
The Endtables,b4540fb4-05e6-4a79-8a6e-bb4036a4fb9b
Females,7791c75e-864f-4985-ba24-9e5f96b4318d
Peterloo Massacre,62593997-a998-4e7e-87d8-d7cffb80c893
Eric Skiff,e0148549-4cc0-4b7d-8b70-b510a34c7704
Pete Um,5dac7a50-fce8-4f70-9571-37904da23481
Shannon and the Clams,edda8263-7286-4227-9dc4-9ed8e6177f84
Cooloola Monster,10806
Isaac Graham,9ac2ef73-0232-4d60-a322-1d7fd2f5f8e1
A Very Clever Robot,11104
Dog Leather,11296
Allfits,21ba129d-356a-4dc2-be26-ee0b232cc1cc
Zastranienie,a0bf962c-b61d-4058-ac43-ac2082404422
Comptroller,06bcee91-e973-4ad9-94fd-5c6eb11cd77f
Times New Viking,b1c76fbc-2ce7-4437-bc7b-2f03b9a73157
Raspberry Bulbs,10d9bfef-7210-4bc2-bce5-1cb53e8016bb
Mittimus & Nix Pickler,11623
Grooms,ac5fee3d-9fd4-4611-8dae-2db45b5cacfd
Jaap Blonk & BRAAXTAAL,11643
Alligator Indian,6a188147-2125-4bac-b92f-d746d426280e
Ami Dang,49a96ec3-e316-43db-8a83-6993dfb591db
Darkstorm & Diabolik,11817
The Unsacred Hearts,11676
Iva Nova,9167
Frenic,979d5884-a2de-4be8-9468-bb32f76a23c8
The Bon,12243
CSC Funk Band,d4216d19-2de9-487c-8317-a9337ffa8a5b
Unjust,69f63710-c64f-4506-a954-17f278f36dff
Forenzics,c2ff9b8f-3a68-4a58-af0b-f71ecfe4665f
Noise to Silence,12774
The Immaculates,12818
Imperial Tiger Orchestra,6389d894-5338-4a8a-b9e4-01247b95fc9a
Goodbye Kumiko,202eec2f-8982-404d-bcba-cbd938a21e8e
Sophia Knapp,6966e0b3-5074-4af4-ac6e-8a5c76c7ab5f
Tommy Tornado,8f9bc1f5-ba8c-4b26-87c1-c18531f4a957
Sunhiilow,9ffe5d30-d829-497c-ab78-06378b708967
Bill Baird,72431454-2d90-4466-bedb-efe76cf344c2
Lee Bains III And The Glory Fires,c95f867b-2191-4b8b-a0de-546606c1e476
Terry Malts,3f202a5e-f720-4e94-a70b-3dfb30480dad
Underground River,13500
Deniz Tek,8411b99d-4247-4f71-8a0b-f1f74981853b
Talkshow Boy,13756
Kiko Dinucci,8b060f17-69f6-48ae-add3-29df62e5eb0d
Juçara Marçal,ced96166-52c4-44e4-9699-ffd963f80f10
Earth Trumpet,9226a552-ea91-4336-9c1b-76c8da5087eb
Christopher Elam,14077
Marc Burt,14209
Immaculate Emotion Engines,427bc068-7639-4a01-a460-15a72c76c636
Evils That Never Came,a735ab14-133c-432e-8053-e5464662c126
ROGER ROBERT,7678
Chris Cook,e824521b-48c8-47ff-bbb4-13585256e85c
Estrogen Highs,a8d143c6-4362-400d-a2b5-c27be98be52c
the tunnel,3e23ed92-e8c1-4093-884b-17c22e084742
Worriers,daf82953-a932-42e8-ab60-3dd852fac6d1
Crossworlds,19114
Palmyra Delran,f912470e-937a-40f9-9317-deadb8c7c7a7
Minden,470b6b60-463d-48a3-936e-afc60813d06c
Jonathan Burks,20975
Joao Picoito,20971
Shy Kids,81c0d6c2-1779-4eb2-933d-41820522742b
Nate Maingard,8a1b40d8-e6d5-4504-b1b9-01bd0707f3d3
The Red Thread,9f0b9972-95f1-44b6-be15-80f6a6dcd7ba
Karyn Ellis,be8e6b6a-eba8-415a-ab54-15acb2d9d061
Cousin Silas / Black Hill,21060
Wintermitts,d07273fe-bff3-4404-90e1-569a50dac78f
"Oh Yeah, the Future",21081
chicago_word_brigade & brass-lines,21092
Mal Occhio,21093
Trigg & Gusset,b2176eae-16da-46e7-a29c-31efea86505e
Jimmy Penguin Vs Symatic,21117
Marzipan Marzipan,02f9ffac-8d70-43ae-9b9d-b8be1360dc9b
va,6058
Robert Tilly,1wmgKC5oM8pQE1u3jc6uuj
Cervo,21314
Your Marginally Talented Photographer Girlfriend,21464
OpVious,21484
Goddess,21491
David Nadeau,23fbb837-ffad-4bb8-a9d2-a7e933ac9f4c
The Fish Who Saved the Planet,7e5c73a6-0eb2-435b-9d71-bb9d079bda2d
Shayna Lewis,21682
Karissa Hobbs,21874
Le Cose Bianche,21337
Monkey Mind,22156
XXIXI,97b7ae5b-3d51-430c-a604-f5c60c9d6902
Black Flamingo,09fae34d-595d-460c-a90c-70936a5f935f
Not From Georgia,22285
Scott Nice,0da3b68f-758f-4d83-bfef-6e6ba5cf4312
The Middletown Creative Orchestra,22412
Mueran Humanos,2b58ed3c-b0ef-44df-b32d-104c8d2ae358
Jeffrey Philip Nelson,3dba3aa3-9ca5-476f-95da-faebc58b73d8
Violet And The Mutants,f6145765-0961-4ce3-b849-18e80d95e7f8
Fotos del Otoño,22287
Noveller,7d57e5b3-34a7-4862-973e-7cec0892f576
Vlooper,21b3950d-e6cb-42f5-9a85-13676ce42966
Modlee,63501c74-bda8-4526-b470-d53ab351a3c6
DJ Paternoster,23642
Sensorama 19-81,4bb6b4ca-1927-4d18-ae3d-f76f7e02e03d
Dee Zee,0e2e6204-15a6-4d7f-8dea-39a3c050b368
The Carmines,a06c6049-0c73-4fb4-b90f-b82e70714fec
csum,4b20ef01-9e6d-42c6-829c-646dd2210913
The Modern Airline,24093
Vivid Tribe of Psychics,7327ca04-5831-4c76-8d3d-b98f165ffd8d
Regular Gonzales,24286
Malaïse,c2c73c6a-d6ad-47a6-a943-c2e68526afae
GOYMAMBA,22684
Jeff Sampson,2729ba51-bdb1-4690-b2b5-f1d15a7c6771
Pulso,22809
Polyrhythmics,551946bc-e6db-4d69-b50a-4f3cfb29963f
Ardleg,ca932f1b-c0b9-448b-b406-2d0cd066305e
Pink Hex,18845
Monkey Warhol,a865e5c5-6359-48fd-892a-edca68a4c41d
почему коммутатор молчит,5f2a4e67-87b9-4995-b3d5-552a20f57c8c
Feminine,23419
San Cristóbal Orquesta,5498
NASA,6055
Geir Tjelta,24b0f934-9c92-4cfb-b262-c660e096ae85
Sidabitball,447aebae-dcaa-4de9-ad9c-1a79c13febce
ignatzthemouse,6078
Gipsyork,6564
V∅,30685b9c-419c-4567-86a8-49c720f7888f
The Yummy Fur,a7bdaa59-18fb-4ad4-9fca-bb710544b365
Disen Gage,f8f5c19e-aab1-4206-8f13-1976bcf9ca0c
Cindy Sizer,7e503700-b2d9-48ce-8466-802bc5391300
Dragan Espenschied,a50e3b5b-5ce4-4126-a0d2-76f496dc91db
Chris Andrews,7039
Baobinga,3421f4bf-2f45-4cef-ae14-519cb3058c4e
I.D.,d8643eb6-9588-4e2d-89f2-e7e278d1eaf4
TerbujurKaku,ebe9264f-94f4-42b4-a412-535ef47979d1
IntraHealth International,7255
Mangeclous,7318
Matheatre,8eab28e9-b613-4cfc-ba98-5715bd64a3a5
St. LaRok,829713e4-c356-4435-b2cc-e10501d1a5d3
The Ribeye Brothers,77a997ff-a49c-479a-9f95-f21ffe94bf4d
El Remolón,5de31412-4646-4436-bafd-3fdd986b608e
ZARAZ WAM ZAGRAM,7826
Charles Atlas,da3a71e0-2f6c-4d50-8571-b1ae750bfdc5
Goat Bell,2759dd20-5ffc-433b-be20-26b327b5d3d9
Geotic,780640e6-cfcb-431f-b5a6-865200dd35a7
Calexico,5e372a49-5672-4fb8-ba14-18c90780c4f9
Party Boys,e8418b52-4874-404b-831d-efb2247b31da
Mo Rooneh,8489
Doc Deem,381edfe0-59ba-4cfb-ae1f-8ed20037e647
Dunaewsky69,8316
The Jay Vons,ed86b0f2-6adf-4736-96ab-e010154c04a5
Boodle Boy,9228
Tobias Herzz Hallbauer,79772216-9105-4a35-9ac8-7f9389c7af9d
Quiet Hooves,40861cf6-789e-497e-80ba-cccf045c4372
Viva L'American Death Ray Music,26e258b3-4409-4f76-aa88-1f3a388f86a2
Sk'p,baca58e6-b7dd-4f1e-b529-b7d2574475da
Echo lali,f25bf41b-a0c5-47cc-bb00-4939485c59ce
Sendelica,59499c50-1671-4fa3-8814-e923b96ad723
Brian,6124
Innig,10098
Kreamy 'Lectric Santa,9c81e488-47d5-4b7e-b14d-9a95b184fab6
Kevin Purvis,10244
Pionir 10,18ac423d-2259-4d0d-afb6-3a63a4bdaa40
Myra Lee,1b1c5801-ba5a-4702-b0a5-83768ec527e9
I.T.B.A.,08abeaa7-3320-46df-9d5f-b6726ecbcba3
Tre Orsi,394b9bce-8937-4e0c-8922-a9d58227682b
The Sun (US indie rock/pop band),1a28f7a2-d980-44c3-80fa-2b0056c615d9
Crush!!!,6dd5c37f-35cb-4dfd-b1f2-e090b1e27066
Pete Prodoehl,40419504-928c-4af7-99f6-691326fd2e96
Zap-Pascal,1db42113-343f-47b3-b3ab-0eb5ee148e8f
Backyard Music,ce0254d8-b0a0-41e4-9a23-db1f282112e0
Aden Ôhm,f1d48f79-e0aa-4aec-ab4c-883ad562c3ea
Go Genre Everything,04fdcf09-84d0-459e-8780-7456ed7e527e
Futurología,7ac83dec-e393-4344-aa89-dc77ad56bfae
Porion,5c03c458-4df3-43a7-97a0-fb62ff37dd11
Mascara Sue,55cb2c82-8113-4c26-b784-e59adfe24787
Mammal of Paradise,e8fa5d54-7740-44e7-8add-1410254f20e0
Mister Beep,21f91960-bfbe-4c3a-b38e-213233b4676a
Lambs Gamble,e064dd1d-1ec9-4a61-8e11-d908983f53f1
Dead Gum,a9ab4f22-cb57-4271-a280-49c0f4199187
Junichi Usui,0fc72e34-8674-41e6-b97a-70a49f009944
Ava Zandieh,06e3aa83-69f1-41b3-95a2-71548670111e
john collins mccormick,1f3c6cad-a2c9-411d-8f4b-72128572ada1
Cuban Cowboys,0ef2c26e-ed53-44d7-b0b2-f4efff554b59
37 Pink,2bea650c-272c-4a35-9395-9228b5526a67
-1348-,91ae83cd-171d-471a-8a01-5ace526d2624
Breuss Arrizabalaga Quintet,27426580-1469-41a3-a13d-d6e96e8154e5
Diamondsnake,090e2857-ee9e-4276-9867-1cd3e89b834f
Steveless,a9474e86-afeb-4010-9186-82f9213ad8c4
Syd Howells,f577aa6f-a37b-4ecb-8d87-19d092c13741
exteenager,56196d6a-5780-4363-b165-9ca04c9275a0
Starring,300df8b8-e2d3-4e60-87e6-fb8822b74c55
Limited Liability Sounds,8d92d923-70af-494e-9046-0d3696ef85b3
Ada Rave Cuarteto,12079
Mighty Fine,bf110c43-188d-4a77-85aa-4f19ad5a419a
The Siberians,12816
The Baseball Project,fbc4d88b-ee30-4cb8-b102-37826d88206b
Redmann,14211
Altered Boys,20d9a60a-c108-4ff5-9626-c0d72496b407
Copor & Ivan Ckonjevic,19127
Itasca,85b20f30-c1f1-4527-806f-0d40eedf7fc6
Sloom,20294
AG Davis & The Boy + Girl,20309
Zach Dorn,20761
Jens-Ulrik Kleemeyer,20994
UP Paolo Pavan Pasqualino Ubaldini,21802
Nodus1,a97040f2-d1d2-46c2-a1fb-e2eddc1eb4ce
Kromatic,4edf46cd-43a2-4b1b-8d4f-3f3e93fa3112
Momolot,16578
al karpenter,f7b5c5c4-bc7b-4045-bbe6-1846cd0260ed
Julie Byrne,4266bddb-2a59-445c-9b90-29f84dfffff6
4T Thieves,51bbfdab-c166-4087-9991-fd8a29dda2e1
sanmi,27b553e4-fbb2-48ce-9eec-b20ad1755716
Marc Broude,eeaf581d-fd30-4f82-8fb6-4b478e608525
Tasseomancy,854f0772-bb38-40de-bc81-28776937707d
Raul Diaz Palomar,afceb998-8b0a-4053-b1b2-9bc9750641ef
Mescalibur,354fc1f1-77d8-4d4b-abbe-e66da88e16b0
Bradley The Buyer,cd189384-76ee-4344-818d-6e940a4e021c
Gay Witch Abortion,f49ab1b8-a798-4cee-a161-a4719a928e31
People,20636
The Choke,84a71065-9f85-4bc9-839f-f9895aa0042e
Pit Malone,0800fac9-ddd6-499f-afa4-471508ded878
Volumina,91e82c5c-8b93-4d3a-a8c3-9014a753401b
The 'Mericans,f84c9e3c-3257-4a93-af53-f458564b3734
Macio Moretti,cf1f0697-6b8b-45e2-8ece-caf7ccf18e29
Piotr Zabrodski,aada233a-4342-46b2-8bbd-f3752f0b4fe3
Propaganda Anonymous,8416
Ariel Pink's Haunted Graffiti,4ac6c2fd-daad-4c31-b266-017c79d2e9a9
Vertonen,95d47e50-994f-46a3-ac90-bbefa46190e6
Apache,f223784d-b958-4528-b1ae-d59d6579edbd
Bonne Aparte,bc6dca80-57d5-4f92-8402-9a218222dfd7
Country Teasers,b8740fa2-0c06-4a5f-8e29-6561308ea8f3
Fern Knight,29f997d3-c5dc-4730-a64d-87240ca12f2c
The Leather Uppers,cca68125-c5cd-4d9d-b826-b0228be3008b
Steve Wynn & the Miracle 3,b96e4bdf-a978-4df0-8e78-8ea7e5532033
The Moi Non Plus,933b9e70-a1e4-477c-9672-584123634ecc
The Tokeleys,1332
U.S. Girls,036912f5-c717-498d-8958-6058de17bb70
Kavala Brass Band,1834
Height With Friends,2860320a-8942-426e-b93b-c05117b58eb3
Jowe Head,3863fd93-5820-4574-9585-f30d71cfbaa5
Alan Vega,dd720ac8-1c68-4484-abb7-0546413a55e3
Lettuce Prey,99ce59b4-4184-409d-b1f8-bbbe8f9242cf
The Diskettes,2d10a776-1fb0-48a1-b058-bd4cc74f77e3
Skin O. Daayba,2280
dnymr,2328
Chris Andrews,6606ea78-d757-4070-95d5-feac46c561b4
Red Dawn II,91d5c1db-9442-40dc-9e46-67eea92adce2
Golden Triangle,bd81b4ef-4541-4cab-9543-3d82c43b7cd8
Kate Ferencz,87386935-c823-4653-b2d5-788c941931cf
Niwouinwouin,cf30ca4b-ce0e-4804-a598-d801bf46bb25
No Regrets For Our Youth,3166
Chrome Cranks,58f32206-e7dc-4a06-baff-e98e6ce4138b
Dorothy's Magic Bag,129b3493-f913-432b-a3c0-a2547bb26c41
BIG TreaL,ca9075f9-edbe-4cde-8a31-dbecba65e3bd
Ism,9aa662a9-38db-4d84-ae05-1ecc64d9e721
Regia,4003
Sigmund Droid,34164bdd-e705-41db-b417-353e9fc1b890
Rah Bras,2e9e772c-c110-4173-b9e7-9591cd14d01a
Goodnight Loving,c795d787-3207-422a-b7aa-adaac024c53d
Carson Day,71b5bfb3-da59-4318-92e9-327fa63e1d4c
Jonny Chan and the New Dynasty 6,53e2e840-3a21-4f16-8f41-b314214bf779
Multifaros,76d4f5e1-51fa-4fe4-bde9-73a228572363
Kinetic Jane,1d9988d7-f448-4489-8db7-cf11edbaace4
The Subhuman,a790fec6-f80c-4a9b-9c55-24bc7bf496e0
Nullsleep,cc1ff172-ac70-42b8-bbb8-6ff9b4b15614
Outrageous Cherry,85712bc6-be20-4e52-9b5b-1119521796b8
Gustav Thomas,3169
Position Normal,065fec1a-714b-4505-804e-469704017b34
Atlas Sound,1a02453e-5f86-4220-abd6-1d889d2fa517
Ilia Belorukov,5218
The Fresh & Onlys,d984eb09-1fd6-435b-a3b9-5754c59b099b
Jawbone,880197fa-ffe2-4efc-a8ee-07850b6b3dcc
Edmondez-NesCo.-Drenching,5415
Mob Action,5444
I Am the Liquor,f097e2ea-0083-4b28-bc75-93e84b1b0af4
I Have Clones,61d9b4a5-6fa8-4be4-8377-fa80db646a3a
Økapi,3946f8e8-899c-4c17-934b-2f5205c845db
The Lothars,201debf5-dda7-47cd-bf44-9fce64416264
Meanest Man Contest,00dff964-e591-4c12-bc59-44bcb725c80d
Z'EV,498b8068-86bd-4b56-86fe-fc95427a16b0
Harlan,00cd31f0-4b21-44c9-aa6a-b88d5400b3a4
Beth Sorrentino,fcd63029-37b0-4941-8ff8-023044bce17c
Hot Buns and Tea,2213
Nora Keyes,cfdc1656-3af8-43e6-8d18-a9340255e077
Concord Ballet Orchestra Players,e55dc89f-2fa5-42ca-ab33-9e54d378047b
Matt Keating,53d4cbb8-fb16-45db-9794-3f08ea119eec
Dr Dub,5282
LJ Kruzer,ec3730ba-1745-4751-a5c6-91fd5477bfe3
Paul Flaherty,4ac84e6d-1d07-42d2-bf1f-cb9535acc1ff
Ty Segall,07a17571-81fc-4cf8-a634-98f0d926d313
Jeremiah Cymerman,5bd71919-f90b-4b92-8e1c-944368ddce35
A Kombi,836d6a77-30d8-446f-a8a5-a0b7d361e554
Misty Roses,fc025afe-ac45-4ab2-b48c-cd6b1ddc293d
Arrington de Dionyso with Graeme W. Smith,17866
Harris Brothers Balkan Band,17937
Unforeseen Heights,0fe58ab8-2d94-4a20-8c7e-8832def72de3
Zingeray!,18030
Pang,13134
Ortho-tonics,89eb1127-5a49-47e8-b71b-3f905fe2b278
Sleepy John Corbeck,18413
The Split Squad,72a1821a-d232-4d94-9895-e6c5ebf2a04e
Bipolaroid,a4c78c7b-86ed-4d3c-aad4-cda91944d0a9
MUTANTLAB,50b63801-6c88-4f15-a675-8ab33dd7cdf5
La Misma,0f0c55f1-1661-4634-a0e1-6a54ad6eb102
miami slice,5c698ffb-6f79-4381-ba6c-b0f255bde6be
Walt Thisney,77c2b00c-0b6c-4b2c-8a32-d9d809e65388
Don Goliath,f803ba5a-5f4a-4fbe-ba03-119a8dccb6a7
Blackstone Rangers,18745
The United Sons of Toil,caaacae2-fbf8-4059-bd35-fd34bdb8e5f6
Гладилин-Булгаков-Самохин,18809
Mamá Patxanga,18810
Winston,18812
Wann,011d798d-2d1d-4227-9728-c5e0db402aa3
Celebration,a2e89940-5dfc-4672-bb52-01b2b99b153f
André Darius,53ce4fe4-eae1-45b3-a2ec-9fc5f39afb19
Martin Pozdrowicz,ecd9cb80-e488-476e-981b-194ba4b71d03
Sun Sunych,18877
Arc Waves,45700015-da2c-46be-826d-8619bf8258e9
Valery & the Greedies,0cd7fcbc-0c8e-4ae2-adc0-36deefe62d04
Projekt Klangform,7cb962da-357a-48da-b1e2-15db35f6d1c1
The Money Shot,19069
Presque Maudit,29be38f4-a776-42de-9603-a75080ec95ef
Auto Bonfire,19121
Be Forest,b3efa184-487a-4518-a0d0-0b14179601df
On Tour,01927ccc-4673-479a-b40a-9b2312f77418
Igor Amokian,cf647139-7688-44a8-9f40-37f874b87dfd
Randy Randall,19257
Linnus,2bee83a2-3c00-445f-9cda-eee0a4f42e6c
Chicano Batman,46efbaa6-1bf3-44b5-8838-67f77d77aa96
Mr Frisby's Beat Pocket,19392
Fat Spirit,0c788fbf-1ff9-4759-a937-95474c3bc147
Quaro,19496
Fire Retarded,65db03bb-10f2-4f0f-b20f-0cae3006ebb4
Flor Braier,19714
The Special Pillow,71daa384-4c4d-4085-9987-a96c3fb56922
Critical Dad,19845
HaiiYuuko,e9559c83-e070-47ed-916d-2fc71b3b3aa7
Russell E. L. Butler,e1b510b2-d313-4387-a38e-e8d12ff3ff8c
A Souvenir,96f39ad3-663f-46b2-a957-5ea498d43930
Change!,fbab6f54-6af1-4604-aa5b-1ab0fa11e445
Nicholas Smith,7689743a-fad2-460c-8f71-4b27c8203819
Charlie and Todd,454736b6-1c3f-488e-afa0-004a43eaae85
Der Zirkus brennt,20277
Diogo Cadaval,20280
The Shouts From The Sea,20290
Sewers,305d7b13-f8ca-462d-aac5-e867c27c8cab
Big Quiet,20566
Bummers Eve,c5ffa5ed-fc7b-4441-9a1d-cb35edea6d1d
Mr. Lif,5315c1a1-3667-488c-bbe4-f231e336b69a
YEYEY,b39ddf24-780d-4909-9e88-f2b9c27954ec
Natural Causes,20782
Southman,fa90b716-7945-416b-b452-96be00171d26
Jason Karaban,92a61f0e-ab66-47de-84f6-7e1ba1bcaadc
Oprachina,5ec3a93f-2b90-4c59-aa89-d44ead6beb6f
Mr Morse,b8eb523d-949e-4b10-bf0f-a88fee344d53
Small Radio,a0f7f439-ee83-47de-881b-041017efeb66
Nuclear Santa Claust,14563
The Brought Low,0b76549a-cbdf-4e96-a138-8fd93af014b4
The Astroboy,b5577432-5e32-493d-8570-b328e022da12
Naked Hassellhoff,db1bef38-0d7c-46a4-913d-dd6459e09bdd
Subterrestrial,70d2bd2a-35fb-4233-8413-062798fcec4a
Jose Konda,14637
Post Mortem Photographs,210e92bb-a842-4f13-938a-b4c6b87c39d5
Phopha,14665
Doug Seidel,04a092bb-2a40-416a-a6dd-a53ca8b47cdb
Todd Tuttle,972dc6ac-487f-4705-8621-43cbb3cc6032
Resistencia Chaco,4c0165c5-4e6d-476a-87d6-826cf8c32fa0
The Black Twig Pickers,f25b0fe2-1fc8-4350-b91a-8885979869b6
Thee Nodes,81e9133c-6d5c-42e3-93c4-e85e4e0c30bc
Subsonics,6656f436-2b64-43f0-9529-0b4a89e539be
Grâce et Volupté Van Van,a331fed7-16a8-49af-ad1b-52bab5391413
Filthy La Bottom,15293
Limbo Deluxe,15303
The Piggies,0ac4d5fa-26fc-463f-89c9-ab4f4c113672
The Guts,15468
Southern Nights,4e440158-d0fc-4575-83f6-00c28775758e
Parquet Courts,e01755e3-58ab-4a5b-a9e9-a0a3bd3dff4c
Burstbot,15644
Organs,eba265fe-e23a-495e-9a8f-7551c2814ef6
Games,15694
Nuclear Spring,74316ab6-a8b7-479b-8ab0-d658e4fe3f5a
Globoscuro,99f26b2b-b0ca-461b-b88b-4572f8ccd428
Band Of Mad Women,9c92786d-1dae-412c-85da-da76ee647155
Mandy Mozart Feat. Jiin Ko,15819
Radiomaniac,9391a36c-75b2-4a9a-918f-f9109dd2b104
Viscera[e],ac193ba3-2e68-41df-bfbf-570f4084d9f3
Jacco Gardner,5743f042-62a3-43c7-9643-776cb9c2308f
Varia,9cb04970-90a2-48ba-9cb1-469a890fb685
Glam,7e04c3e4-977f-4a97-aab0-2e1a3407e456
RRayen,0ee2beae-0fd5-46ad-a212-c0db20584a9b
Arvo Zylo,e80b6abe-0806-468d-877e-d7d6f1549b8b
Lucas Gonze,9323
Drill Folly,a1ebabef-8deb-4123-8bc1-ecbff4091022
Career Suicide,038919d5-da1b-4a53-a5e9-b552baeda8d9
Juan Angel Italiano,3ae9e54c-296a-4d77-a8c3-66e5a2ea0d46
Low Fat Getting High,16528
Nhumbhrukh,16579
Javier Piñango,2b6a30b1-74fe-4c10-824d-9a39ea86e1ba
Born Loose,0394930c-7c2e-41ba-a1ec-37c84f5e01b2
Zachary Wilson,5b8eae96-0eb3-4396-80d4-ba42a4334454
TVLASUNOR,7615
The Good Lawdz,16999
David Evans,13565
URB,7c485fe1-6976-4a43-bb17-aafbf2257732
Seetyca,d5e62b3c-3181-495d-afcd-0fdf657cb178
Bleeding Rainbow,73fe1c5a-d6da-4606-8b76-a5e95408c547
Robert Lee,
Weerthof,3617a431-692f-4947-a396-72fdf602091d
Three Jolly Rogues,17120
Out Of Orion,5a8257fd-fbdd-46b1-a80e-fffc2f5f9402
The Lost Patrol,f99aede1-9dca-4f20-ae81-7c197a7b4e1a
Nick Percev,17342
Creeping Dose,f08f46fc-dfc0-4166-a950-a8ab3762725b
Meanwhile Project Ltd,75febcee-56be-4376-8239-9b2fd2229a9e
ICE FLEX,17399
Railkid Station,17413
Shannon And The Clams,edda8263-7286-4227-9dc4-9ed8e6177f84
Sandro Kait,17806
Dan Gleason,10634
The Paparazzi,27ce6e60-4d3a-432a-a671-224c8bc43a56
Kevin Bewersdorf,10888
Ambient Fabric,c97f84bb-1326-4d88-bab2-f5801f540c70
The Whines,ad76b0cf-7302-4b49-a8b0-f6cc153b6815
Enablers,0106f021-1145-48be-8e06-6079bc539f0a
Etermortifera,0d9ff2fb-2c88-46e7-821f-e960bbd39597
north-without-end,10992
Kulkija,c590ba29-b382-414b-a416-6a2b87ef778b
Unsacred Hearts,2c04a5c8-0aee-476f-9809-5f91bee02241
Sore Eros,82db6eba-838c-490a-b7ac-901e6ee20f76
Abstract Artimus,007e7b08-e65a-43c1-adbf-0de584502f6a
Тиаз Ич,12024
Mozaure,68aaa917-8acc-4c0b-b680-8fb50a8657b1
Jacques Cochise,95b396f0-26c1-407a-b5b0-477d99ed5833
Das Gritli Moser,db5ce347-694b-4998-bb75-7388eb117dea
The Soft Moon,93eba14e-f85c-4d39-8412-5e4018c89d75
Vulnavia Vanity & Ergo Phizmiz,12162
James Pants,4e40b975-270b-4f97-b295-8db157f06a77
Ralp,ba81542d-dbe9-4daf-badf-c1c50cc1425d
Happy Refugees,69f12a01-bf8c-4c9d-8f72-ad388610d7e7
Nat M. Wills,f89e8ee2-4caf-4f12-8846-c1aaa1dbf0ca
Sister Fucker,e7fa0a91-fd37-4aa5-adf5-a3c6771b0e77
Claro de Luna,39f2bc75-af8b-4f62-a413-bc1a0af9319b
The Plastic Jazz Orchestra,f50a8dc5-8129-4523-95ae-997ff654cc54
Maps & Transit,4cd9ba67-bd2f-405c-9638-284b76d4419d
Strange Forces,8a01a471-95ba-4f9d-8ccc-c8c316507797
Tchakare Kanyembe,9165
Death of Samantha,727e08c2-557c-49de-b5e2-95f47e7a5733
Tyrannosaurus Dracula,13325
The Wedding Present,707622da-475f-48e1-905d-248718df6521
MeatballMachine,13333
Fuji Kureta,b5359f9c-d29e-4ef3-91f0-0d3cab809508
Heavy Links,13476
The Enthusiasts,54f8e7c7-9480-45a6-a72a-84cffe64634e
Dan Warren,471d4a5d-3e14-49d4-861d-31ea4637edb3
Dan Warren,13905
plusplus,2bbc7361-e857-4c72-a76c-0b7d40fe6275
Thiago França,
Casanovas In Heat,ad224be2-c08a-4049-a9e0-4de79c83cc26
M.A.G. Trio,b43c77a0-7bca-414a-8fe8-9e18256c200b
Inperfektion,57ad4668-13c5-4e79-ad32-ec037ff31375
Halloween,14172
Royal Headache,edc2d08b-6232-4d93-a127-3dacdc293738
Dark Ages,14221
Pinche Tirano,14295
Godblesscomputers,ae129aa6-3a38-4e5b-aa2c-e53a8ad28967
Monolog,20789
Spewing Cum,20825
alexander chernyshkov and marina poleukhina,20839
DINNER,20903
Hypp Fractal,09ee8084-8144-4c15-bfd2-8ea1d63a02a8
CuzOH,588f39f3-0a1d-499c-93f0-fc054bd06762
Boom Boom Beckett,2131b646-a756-446e-a062-1c02173238ef
The John Barry Conception,21001
Nate Scheible,02a51f69-e65c-4388-8c3e-8d3efe4ed571
Skyjelly,00661e65-6a5c-4d59-a675-80a692bc7c5a
Doctors In Mexico,21036
Michael Dent,2F5QmUgApalRbzIXzXsY9h
Telepathic Teddy Bear,063fb28d-8ba0-4264-9c63-6439a2c5a480
Hissing Fauna,40e746b6-8c53-41f4-9ceb-0db5e5aeb14c
bbatv,21262
Shonen Bat,21292
The Defibulators,498f6a5d-7f70-4e35-bf63-f20f554bac96
Captive Portal,c372215f-725a-48f7-818d-17844b4b0dda
Dancer,21416
Reanimadores,21451
Aseptic Void,aca671cf-3fb8-4c5b-a7db-7f22b70dae09
The Blend,21507
Martha Rose,7b53d937-ed0e-4532-b109-8f9b141816d3
Ropewalk,21553
Benjimanji,21586
Ryan Sheeler,21804
Fanny Kaplan,21806
EZTV,5a03f0e3-b001-4ffd-9d30-b775a4371de2
Acid Feen & Jimmy Penguin,21893
Kisbalishin Kerület,21897
Zapa,21978
Raw Pony,c04dc19d-c35d-4735-b1e3-19092c4477a1
Thlaaflaa,b75b4ec8-0b78-4234-b31b-8d957ce09f53
Lincoln Woods,22123
Usher & Zreen Toyz,22132
Natus,22209
BP,22224
The Electric Amygdala,ea0b11f5-11c3-4fea-8108-5f349c7960c8
Simone D'Annunzio,21755
The Blessed Cassettes,22409
Zelmershead,c65d3e92-17e4-4a40-a845-09118e6a1da8
deeB,01d880e1-81a6-4c66-8c2d-a115387925b0
palimpsest trio,21280
Total Unicorn,72cbddd4-722e-433c-ab52-5bab6fc8f1d2
angelo contini,5d1e316f-88cb-4d37-8b47-db47333494d1
23 and Beyond the Infinite,2700e02e-72ed-47a8-8081-921f434a4cc0
Queridas,054ef763-4b38-4f18-a575-ee575796ddee
Stolen Children Surf Gang,23640
Sam Coomes,36a1dddb-41b3-4ab7-bc1e-973540a9e2eb
Ultimate Fantastic,ef8b3687-bf84-48c2-9d98-1f57a5831d12
masato abe,95755862-16ba-4cb3-b57c-260db993c40f
Ninja16,23853
Sherita,5920fd07-3bf4-444e-a5b9-062dee044a93
Paris Solemn,23876
Les Baigneurs,23909
Phillip Gross,24084
The Battery Electric,f6d1f17e-9b7f-40de-bc87-45c6d7aa4cfe
The Whizzies,24287
SEC,24308
JBlanked,23008
A Giant Dog,bb0d5332-15c0-4206-9fd8-0ec5eb3b7076
Reflex Condition,5d14087e-d3f2-4766-9c81-42396c114935
KHAOMAN,a4900ed3-d2e0-4411-afe1-89f02d7245d6
Nick Vivid,eaf3f006-a388-4cc3-b264-feedeead597c
Tony Infuriato,22781
John Fanning (Massaccesi),22799
DR,21799
Jared Leibowich,0c5003c4-0160-4786-a9b3-a19326947827
SUMMER,22999
Fodiator,2f829708-e809-4654-aafe-d1ad45a3db57
MindsEye,22184
She-Wolf.,b9a83910-0130-4dc9-939c-874ae69f2deb
Marceau,23251
The Homeless Kids,23341
Jonas78,23376
Hermelin,8c8ed475-88ac-469f-b9a4-85b705bc4ff9
December Nightskies & Nobodisoundz,22397
Laszlo Kovacs,22555
C Joynes,b2b76366-97c8-49c0-b4ad-1792782c4d43
Absolutus,93eb0aae-0b3a-4286-b685-c494ecb838dc
The Discoghosts,a978c385-ed08-4db3-8584-b858ecc423d4
Stefano Ferrian,57e4b312-60b7-4e56-ac62-c1158c415850
Je deviens dj en 3 jours,db5d67ed-3a39-4a68-9708-dc4ed5a04db5
Hard TON,6504
Società Anonima Decostruzionismi Organici,3df51c9d-d7e4-42b3-b6de-468a352f430b
Innocent Bandits,9e96063d-60f2-4432-875e-8663d9cfadf3
Graphiqs Groove,3cd9f016-3262-488b-8964-87b41e96c18c
Big Troubles,462e811d-bef6-421c-8687-cd8c14ff87d2
Mr. Busalot,5a05fa06-4753-45c2-bae6-8d204ab79ee1
Overthruster,9358751c-ecc9-42d0-bba6-407f449b1a4d
The Bloody Muffs,da6eeade-63f9-458b-b765-0794a71f743e
F.A.F.O.O.T.,ea754cad-16fd-459f-a279-dce7a397dd83
Wheels On Fire,0b014689-6b64-4bd9-ad64-e89213f0aede
Hargreaves / Noyes / Duplant,5d02ed53-1755-49eb-bfd1-c36287893e2a
Jungle is neutral,f4951ace-f47d-43cd-9bab-9976fce4317b
Feldmaus,06295a75-c2c4-4d5b-a338-e2963115311f
Wukir Suryadi,59c90328-170f-4624-a69d-163d1edd9be5
Yusuke Akai,a592fc4c-401e-431e-80ac-1c608508053b
2 Foot Flame,4d78853d-e888-4ca9-93ea-e5c183015050
Emily Lacy,5e4aa201-112e-4c0f-b4c3-f23378b539f2
Bedlam Mind,8977
Fucked,9fff9e5c-a533-41c2-ac92-4271ed8eb6c5
La Rainbow Toy Orchestra,ca6fe3b2-6be6-4ded-a4d6-5d82e2efce8f
Someone Else [UK],9184
Colin Johnco,017ee10b-bfbc-4587-ac4b-a5645aa03c7d
Zoogoo,7f58d717-f601-4dab-ad57-637c8a428dc0
RPM Orchestra,7699ec60-601f-48ad-8a90-687f39d55e19
Randy Wormhole,6244
KPLECRAFT,5b4acf31-2f37-4754-b967-633ea160b9b1
Delmore fx,d0ec15b0-ee81-4cee-8a90-d6d550ead698
Fiendish Fib,9724
FUN,9808
Projekt Karpaty Magiczne,ac582f58-cf2a-4a7a-8d94-f539518c56a6
RÉGIS ET NICOLAS,7827
Motorama,c7bee23e-f9bb-4dee-b1e3-5d49f81cde11
Spidey Agutter,db4e7a66-d2a4-4744-a2fa-fff976910a3f
Tab & A.U.R.C.,e001eceb-8d53-46d6-8c9f-a264ab37a9fe
Canned Fit,df7340b6-4c94-453c-9eec-71d5820c2849
Seventh Gear,cdb53bb9-da28-47ba-802c-4998685c1041
Ugly Parts,fc4abeee-f19e-4f2e-8e16-569e0b99e181
Stanislav Bobrytskyy,86b08b56-9788-430b-a62f-c2ac0aff92c8
Przewalski's Horses,c6fa16c5-7b4f-4cef-a717-a1208b03a889
Lougow,2ef0945b-0331-48ec-9435-a0bbb66a6246
Blank & Kytt,3853c580-e98c-4620-910d-805707e5f924
Kirill Makushin,57c7fc4c-9dcb-460e-9256-823d152597b4
Difondo,c2440ea0-8b9d-4f25-8104-5cf2b611f3b2
dronæment,9048eb60-a4ef-4e2b-9dac-b12ed208ad66
MANUEL J GROTESQUE,68c07259-1f8f-4ca6-9888-050935fdeafc
Neeva,74a659d4-afbc-41f3-9776-b4584f5fe1cd
The Starry Tides,9873
The Keith Walsh Experience,9394
Silver Abuse,44357268-7576-4d53-831a-dde57c688e42
La Chinoise,c56575b0-b8fb-4a86-87e7-2bda42f08501
The Books,7268
Black Fortress of Opium,01071bbd-f71d-419a-ac05-f5d64977a96c
Seeds In Helmet,13048
Soft Serve,13153
Mutilation Rites,cea740bc-c432-42de-807c-2aa263b184ac
Snail Bob,1a5638e0-6ace-4e91-be24-f9abcd6f3daf
Les Robots Musique,19b82571-ae8f-4250-9544-cc08c20d0832
UV Protection,14676
The Letter Yellow,15092
Plumerai,fd1c4ed3-e147-4e20-9b4a-ad3c6ba25a36
Papá cocodrilo,19715
Iron Metal,4713076a-dea7-48c7-8c6f-2cd0ec0f1468
Georgia & August Greenberg,a5230827-668c-4bd9-93d1-49851d252c7c
Rockit Maxx,17da0b09-99fe-437e-a51c-b9b3dc1e56a5
GMC,4b1aad5e-941a-4cd3-8257-763df00ace5b
Baby Shakes,97ea5761-9dce-4cab-91e5-3fffc3fc19f1
The IMG,21287
Shoeg,4de08ee2-6910-4d69-aab1-a792e5d3156e
Fabio Crivellaro,af39064a-e81a-46a9-bf2f-b8b41cba4ef4
Burnt Ones,fa2a05f6-0633-47f0-bf07-f2a0d3308bbe
Michael RJ Saalman,17371
Las Kellies,f17de82d-c14c-4bdc-b320-e475b16d87cd
Yasna New York Bulgarian Women's Voices Choir,18023
Azar Swan,e8e4e0f4-99cd-4bb3-966a-ea28d226d584
Death Valley Girls,987c6ccf-d4c5-4f23-938a-c0a21782803d
pavlove.,23346
Marilyn Roxie,1c6d46af-a490-4084-859b-4e87d594ceb5
Uppercut,1fbfc268-45c4-4095-8745-62cab92aa6a9
Abdu Ali,bbc5cd94-bb68-4eb2-9408-0fbff8cac97b
Christian Flanders,22217
notforme!,a41d3cdc-2121-4568-bbee-e124d4e39131
Haiku Ambulance:  Self Titled,22651
Dj Chile & Jimmy Penguin,21706
Limbs Bin,e7aa7750-73e6-4cd1-b8a4-5d5be8d53b35
Shark?,30febba3-d201-45c6-ab3c-108aceb0d20f
Riding Alone for Thousands of Miles,e5d6c9d4-d3b7-4c32-a4a4-bb2f7f20fac3
Trigg,11019
Needle Gun,5493
Harrius,833
Arthur F. Collins,856ba0a6-e2e3-4449-a60c-0e639e7329b3
PLATTENBOSS UNDERTAKERS,5506
A Smile for Timbuctu,0e2f5510-d9a5-44be-8748-c95f7c07cd9b
Sky Barstow,40815f42-cc75-43c0-9416-d4e652e1634a
Anders Lindsjö,968fbb84-afb1-4a65-8817-404fbcf91b36
Dorian Concept,cb07b399-6917-4b60-8254-085a6eb39b4f
Jeff McLeod,845602e3-b327-4e72-8edf-da88cb088673
Mahjongg,8b35d711-4731-4e7b-ac82-ce61c063c8dc
Mr. Gutter,218
Solemn Man,272
Vorpal,8ab7c8f5-d909-41bf-a28c-240c3cc58ead
Antiguo Automata Mexicano,ab5288e9-e1c7-4159-9e1e-391d017fb0ef
Chatham County Line,23f20841-f311-4b92-9ff9-65d1b25340dd
Emma Peel,1438
Killdozer,6a2f72b1-d660-409e-b190-6470157d3a38
Loto Ball Show,c9d48c89-88de-4c25-b51b-b544b88b93c4
The Hall Monitors,3344500e-8fc8-40ae-b8c6-f06080b6d06f
Love Craft,a72a92d7-5512-46ec-9216-588fda20bd69
DMBQ,6473c9d8-15f2-4a41-97d2-7b04ca52bb81
Haale,c3a30599-a8b1-449b-948a-1bcf2be6aa8e
Thomas Function,2ae53a66-4e03-4fa5-a9e0-11fc1c66816c
The Death Set,7ec4f94d-bd26-408d-a81b-4df4cae674f2
The Dirtbombs,49d68d0c-cfe4-4adb-abe5-64cb50671070
Triclops!,44930372-8b75-4ba9-9783-e83ac8527613
Julia Holter,45610c1f-41a4-44f1-9da6-227510073ffc
The Spazmodics,2290
The Native,2360
Singing Sadie,2266
The Cannanes,971c8784-4a10-404d-b716-a444b3fc475a
Aaron Dunn,eafe8cf6-15d6-4f5c-8f3f-1c3a0a736bbc
Takka Takka,45804fac-5b55-4a40-bb73-b09f11b14ad0
Virus,3352
Absu,3403
Slough Feg,457fd7a8-eac0-41ac-b088-b44840288f4d
Yen Pox,b4f61828-b472-4609-8941-a6ec78d82e84
Rockoutfit,053f8648-28d7-4e4d-8dd3-70935023f7bf
Pretty Flags,4008
Trailer Bride,1104a5a3-558d-4d26-9ece-aa143f86694f
Alex Mauer,a3ce8273-e6cf-4856-9aec-1759c2ca6ec7
Billy Bao,3c8589e0-6ac3-455f-831b-9a0d94037610
M.B.,57bd7b0e-a1be-4a9d-a0e3-e7980f156728
Bruce Russell,717eecc9-1d0b-4ff8-9e87-1704e6574db2
Toss,4473
Cobson,f0a5bf69-7060-4cf5-88a4-36fcef843356
Rod,13f9c024-1d4e-480c-a11b-bbd45fad9420
Terry Douglas,0df1964f-e71f-4cf4-9ef6-5a9b7e9dffc1
.tape.,d5deedb1-3ef8-4780-9fc8-5d439194244e
Personal and the Pizzas,dd021aab-74b9-4621-839b-9d5680717ddb
Latent Chaos,3ce551fc-35a8-480a-85ba-2e531db183fe
YACHT,2616
Menasor-Drenching Axis,5410
Roberto Padovan,02e55cce-51e3-41fc-b221-9327019680f5
Meth Teeth,0ac89c1f-99fa-426a-a6cd-3cbc427c0b45
The Back C.C.'s,5017
2pol,6be85be4-2a09-46c7-9ff1-f5f9f49b9d7e
Unrest,f444dc7d-59c1-4ed6-beb7-f90b6d85366c
Crystal Stilts,000fecd9-ae03-49bc-9a08-636dde5d405d
Roxy Pain,362
Cath and Phil Tyler,5a50967c-913e-4aae-bf94-edac8b529264
Kreace Peeps,3659
Gowns,4232
AK Slaughter,2fca0080-57fb-470e-a01d-690b535ee446
Dokaka,146ada07-7286-48ac-be4c-a2589cbffbac
Jalikebba Kuyateh and the Toubabs,4804
Dallas Kincaid,f76a2ed3-69bb-4ac8-8fcc-f33ebdff3bd5
Cal Stewart,5470796f-4387-4f70-b520-d56dbce45465
Psilodump,cb85543c-e95b-463b-a111-d04d290b4a2a
Syem,177b2008-2ec4-4565-8260-4a07ddffc076
Zombie Prom Queen,f8353e4c-6ba1-4695-9b76-f5ee1475cd98
Rok/Paper/Disco,256
Michael Chapman,559
Matteah Baim,5a15a71f-b680-47ed-bb0b-4c30e47b6902
Freakwater,50e68a47-b6e4-4178-84d5-8955206a0b7f
Cool Devices,4065
Jenny Mayhem,a11205d7-098e-45c2-8a6c-dad3086827e0
Robin Grey,b1dd203a-b075-4f40-a9b3-2aad0d93fa73
Little Debbie,afe6eb79-5c95-4bdd-9151-9bf639172101
Sonvol,ab692ff5-fdd9-4e60-83e2-3de7ae608647
Generation Skweee,d8a1dea1-ba85-4c20-9026-98d10a3b76c0
Aenedra,17982
Turmoil,18019
Dáša Fon Fľaša,2ad8df7d-7206-470a-abca-8cbf7064b63f
Normal Love,538b471d-d953-4ea3-917f-aeaddb1cc96e
Slowdance,dd42dd40-ed78-4bb2-b27c-c90868a59137
Factories & Alleyways,ac2bee80-3c56-4369-bb51-6fd6b81fe557
Speed The Plough,6b36e5a6-35f7-4d4a-ae4c-37ae282bde45
Idio-Savant,7978
Timperley Rhapsodians,c85ed8b2-72e2-4c0d-9e80-0a1855a71420
Wall Matthews,780f463f-f535-4ece-aa69-33ac49d9923d
Mark Fosson,e5e325a3-fe3c-4bd7-86c8-800eb3bc9408
LiveFastDie,66630ed1-de92-43d1-a12d-1aa21862dab4
Split Single,6f7f16b9-0df4-4a9c-8638-f142485a1669
Priests,e708ace7-5c5e-48dd-be9b-c5c3aed6273b
Rafael Dionísio,10f5404f-7aee-4c1e-8e0a-19adcac61864
Константин Зед,18656
Meaner Pencil,18704
Nox Boys,ee057b0f-36d8-40f0-967d-3bf50445123a
m__,97ee70bf-f9ac-4538-9d5e-237c05f786d6
The Clientele,6b66dd3a-d88b-4732-bc13-359d8964b7f2
Interlude,d4de9073-f84b-475c-930c-a996c8ff8ab7
Seamus Cater,97daaad9-847d-417c-a4e4-da2049aabf7e
Marc Stapleford,fcc4c2a4-0e85-4fd4-aaf0-127c4a4e8dff
Vows,18597
Eidetic Seeing,0cd0ae47-aafc-4b47-8239-ad4da02b0cd5
LaBon,19103
Autodrone,496ef9c4-b99a-4ccb-840e-333e3dcac5fa
Even Twice,2f9fc7ed-8720-425a-958d-34bb20de089f
Serakhe0n,8b3710b6-8aef-4171-8c1f-9ee3ced11ab9
Action Will Be Taken,19279
Tickle,9f55f6a7-1ebe-4b8b-b5e8-9a0583b66b2f
Spin Day,19347
Caballo,19383
Fatti Frances,607ceeb2-3679-405c-9cbf-c1b5e72a73df
Quitty & The Don'ts,19449
LAZY SALON,19125
Коста Т,16984
poj.wlkp,19481
Les Sans Culottes,2f2b80a5-4d18-49c2-8baa-4485972c0b14
"Turku, Nomads of the Silk Road",19607
Church Bats,19684
Skinfaxe,2d49f089-e3ce-4614-8d12-aed7a9af8058
Troy Holder,19589
NoLogic,19847
theL3the,19992
Missing Organs,aa257886-2e29-4a06-940d-175cdeea2e37
Onda bidón,bc9d31c5-23ff-43a1-ade4-91980e161dd2
Kris Roche,c547d0cb-a274-4da5-b372-66ed499e4952
Flesh Lights,0083c0d1-08cf-4b24-b8d7-20fe17b2cd99
Grove of Whispers,03017c71-00d0-4449-91e0-e20e21a2acd1
Junk Boys,20288
Guerra de Cerdos,002b0d94-12f5-4383-9f04-cc600eda378d
Cahill Locksmith,20293
Dan Lizard,20274
Frozen Houses,91703684-dcf9-4ceb-b44c-10679692a859
Argument Clinic,20354
Alas de Mosca,c295d8f8-bfaf-477d-af7b-8c0c49f75e45
VIC BANG,155db885-d7ed-49fa-812f-a2eb5fedfbbf
Germanager,7d685819-22cf-4dd7-8d00-dbda30406c3d
Alan Singley,edfd4d9d-4170-463b-8520-c07b64543bd6
Anamorphic Orchestra,22763
Real Numbers,2b812fff-dc80-4838-98a5-9e005bc2e9b7
Life Like Thunderstorms,20568
A Minha Embala (Aline Frazão e César Herranz),20654
All Shall Be Well (And All Shall Be Well and All Manner of Things Shall Be Well),37585a19-f729-408e-9c80-e0cfd9cb1c83
Patrizia Mattioli,28a0e8ae-8b10-4cc1-9a78-a81428652059
Radius System,22d20d75-eaa9-45f9-b9d6-cc1b6b835a95
Nomad,14368
Nhoin,cab5030c-8d57-4ec5-8ede-979b85926555
Trepanning,14459
Melinda Ligeti,14712
Steven Arntson,3846e46e-1f18-4fae-8356-4ba80b5303c5
The Thud Experiment,7613
Justin Wiggan,87c5443b-c550-4211-9a23-98fd7ca6fe90
Stompin' Riff Raffs,35bda351-d4a3-4d47-a6ed-4e538b2c3748
I Am Not Lefthanded,20aa60d6-edb3-423d-bad8-d4bd1056b024
Algesis,322cfb88-e6dd-46f0-b195-508f5b8546f4
Holy Pain,a5df0b43-097d-4e9b-828f-96cdf9b51076
Geese,15256
Gluid,e43b05c4-560d-41ef-bb4a-c56f6b6feca1
Emily Danger,5bb8d235-d80b-4b60-bf8b-020813993c91
Trigger (Wind Trio),16513
The Tunnel,3e23ed92-e8c1-4093-884b-17c22e084742
Jenifer Avila,5587e76f-4f6c-4e15-818e-e5d35a503870
the hermit,15489
Gutterhulk,15493
The Dream Team,15554
The Party Lights,15589
The Recordettes,15593
Abstract Nostalgic Fractal Systems,7bfc7f45-ca2b-455c-86c4-e52ff2036c2b
Plastic Surgery Icon,15abe928-10b7-4f5e-9463-3a70bb815bb2
Droict,15795
The Undynamic Pop Experiment,15809
Creem,4259f7dc-7384-40da-9567-05ce2903d61e
"Tote Stadt, Mourmansk150 and Hinyouki",15893
Soni Ventorum Wind Quintet,5e282395-e6fa-4521-bf08-6796db037a70
The Travelling Mongoose,6075
Jenny O.,885da72e-721b-4985-a2ef-747fc6656305
Lonnie Holley,483ccc8e-d789-46db-a88a-3a0ad4b6fae3
Eleni Mandell,e888b7d9-bc39-4927-9244-a235b64b1347
Genox,16269
mairack and player2,16356
Sweet Talk,4d5b96cc-f099-4c92-8a63-638c966d6897
Ikimashoo Aoi,d9dae48c-869e-4d95-bfbe-a1c6a5d10123
GeeNerve,16573
Ajda the Turkish Queen,20ec710d-5e76-457c-84c2-dcdd24a11e63
Lorelle Meets the Obsolete,0e826d93-0b1c-46c9-b1ce-d3b5a8e567ca
Poor Alexei,16727
Jorge Nunes,16840
Not The 1s,8c2a547c-561c-4c4b-a0db-1b352d9adb02
Geometrie Variabili,16958
Noaidi,16989
Suspicious Beasts,17016
Cuntz,f7df7043-1a2c-4db5-b36a-50d7f28757eb
Technicolor Teeth,e8d27d07-1eb3-4127-a6b2-83e3ce36b1ec
The Party Faithful,e0a7d23d-581d-46db-8422-206d5d8f09cd
Chastity Belt,944267d5-c0f0-4f4e-b3f2-7987d25d0441
Nicolas Chientaroli Trio,17300
Daniele Pasini,cdbe0654-2f25-41cf-94ed-98abc64326f6
Raffaele Pilia,840f12b5-aca0-4b43-a544-eafadc6cd4fe
BpOlar,17393
Fire to the Stars,95249c3a-a23c-417d-9849-ba2db12fb71d
Sektor 304,658f03af-c4ac-44ea-ba87-1c2edd6f180d
mynameisjOhn,17491
Antoine Chessex,9ba699f1-51ba-4250-af18-d202c4adf3b3
Snow Monster,10581
Batillus,671f1dce-c81b-4564-80f8-0f9de94d367c
Ca$h4otterz,ea903a55-06f2-41d2-996a-4276814585b1
Tyler Jon Tyler,10889
Peter Swimm,ab695ed6-7ae4-4947-8142-dbfd168c3b74
Ultrasyd,20a2a4f8-a4c4-4409-8b22-1593e3cd4642
White Fence,68548de4-c045-426a-9745-b52a8a22d2d2
Radical Dads,3583f221-0890-4d2e-bc2a-0737e48b8b5f
Bush Tetras,0fa623ce-9d1a-4b14-b6a3-19c79317a22f
Burning Bright,e1d1c7fd-2383-47df-ac69-554952aeeef4
White Life,01756243-1a7c-4f43-9e96-57ff399ce215
Nic Blu and the Travoltings,11406
The Atomic Gardens,11150
No Color,47f7b58e-1c62-40b5-99e6-ed7694fc9ee8
Sunsearcher,5d6f9133-4459-4188-b100-e1902d8d3468
Kitchen's Floor,6f05e9a8-ebaa-4981-b66f-594da88b706f
DC9V,11982
FLT RSK,1419c464-b47a-49b7-8eb7-fc92fc62178a
DuBoLoGy,321ce897-2e66-4516-b146-e1bc881ac824
Friglob,b8723bd2-2390-40b1-9306-6df87447d008
FESTI 40 music festival,11895
L' Amicale du Tigrou,12095
Dylan Palme,12099
Jaap Blonk's Iles Flottantes,12159
Heaven's Gate,62f4d829-a7c2-49d3-a518-13a912acacfe
Sky Thing,12220
Hot Garbage,12240
KVZE,2e3d238e-923d-4067-99ae-8e397b8096f9
S&ndC&stl&,f458f181-8838-4b6e-9166-2879864912b2
Live Ones,c3d9edee-1808-4df7-9735-d249e4e3e865
No Zu,cd589a6e-7da3-4096-9f11-a0d91d6e79d6
Fusiller,86b93ab6-5c10-4cb4-b051-9774b796e469
Hess,fd3235ae-5b3d-4827-9dcf-15c972d3cf19
Exhaust,0bcd41dd-f81f-44f1-89f6-8ab2e9db41be
the Dorkestra,10388
Rakiya,12974
On On On,13192
Electric Jellyfish,a7b6543c-5787-4491-b68c-10fec5675b7c
Lee Bains III & the Glory Fires,c95f867b-2191-4b8b-a0de-546606c1e476
The Happy Valley Band,13445
Emily Wells,b339ac43-56d1-4077-a380-cf01ad2a778b
Cuddle Magic,412b4e75-0042-4b6f-8e9b-05a76719aac6
Jose Ph. Kony,13529
Parallel Dream,13532
Mark Humble & Dave Foster,13580
Some Ember,70438d4d-5c48-4db8-8628-2df8b14b2364
Jaakko,13760
Ava Luna,3be4432d-5dcd-489d-80ee-a6c2ed13ba76
King Tuff,4e442c83-b547-4d6e-9270-cdd35e3c3195
Alexandredavidegabriel,14072
Miodrag Marjanov Quintet,14082
Chris Forsyth,efcbbbd3-1701-4021-a413-dcb5d5baf038
Tomlija,14137
Erothug,14189
Infinite Livez,3df95f25-8cfe-4afc-ae24-5ea89bce33cb
gHOST project,20835
Derek Baron,9f4fbb86-3122-41b7-becc-e9c7693927cb
Máscaras,4834bd1d-111c-4b55-ba23-1b7dbec9d34b
Boone Graham,e9a2a1cd-b4a5-4416-a57b-9d5215e01897
Kacéo,e4ffbc03-5ef2-472a-92d6-da2ac4eb6432
La Parade,67344d67-ae7e-4f3e-8da3-7801e3e4bebb
Eyelids,e5194f1c-c3db-41c9-87ed-b190351c779a
"Shocron, Politzer, Crozzoli",21118
Gingerlys,9575556d-ace4-45a4-ad2c-6f6e8afddf9d
The Strangelet Disasters,21163
The Soft Pink Truth,fabe6510-9bb1-4a83-af11-3af75adc1389
Samurau,7c21279a-cd2a-4828-9839-dfe5778c50fe
Song Machine,21391
Legally Blind,21502
La Cantine Boga,21538
Jordan Sinclair,21567
SAVAK,798aac2b-e30f-457a-a082-2826d8a5c533
Yoghurt For Breakfast,6c80928e-b578-4743-91aa-b90f3b69feb6
I Not Dance,3551738b-f0f6-4f95-8327-c84e147a85e4
Paolo Pavan,825c10da-ff1b-4e8e-aef4-2a2c1d13b018
J.G. Hackett,c8dde8a0-9b5c-4895-aed5-8c253bf1db61
Anihma,7pT5O5lxmosEgW4NoTeDDY
Doc.AtmosfearCrush,0SbCSEKYg423TCUVfZ5cFb
Bryan Divisions,dc0f27a1-7acb-40ff-a41f-6d392624ac72
chēēZ π,21861
Homesick Suni,ba0b20c7-4e3e-4cf6-89c9-1c65374f5606
Anob,bb373a52-337d-4a09-aa2c-b5da951c7d34
Arbee,21577
Titanik,21988
Klaten,304fa0ff-3913-4f11-9656-6e7bd85526fc
Monarques,22040
The Great Cold,f05dc6f0-f837-45dc-bd63-2d914e1fbd6e
Jardín de la Croix,d7eafdc8-0abe-439b-804c-2f2dd6a6e042
Every Now and Every Then,22222
Metek & Zreen Toyz,22231
Room Of Wires,ef7aa6b0-8cc4-46d2-9406-eae417fd0e27
Diego Acco,22341
Montserrat Alavedra,99410107-c263-4114-8309-eca40a961f1b
Joseph Levine,dcd24f88-1753-4cca-a0f3-0554e271d512
Night Club,9b4f5b14-6a84-4340-b290-194212716380
Blue Dot Session,22349
Logan Takahashi,e7c32be4-2fd1-418c-aeb4-d6c37de78cf7
Pavlosiuk & the Dudes,22398
chloe orin,18419
arcano.zero,045c9b91-67ec-4ceb-b84a-5e350f74176a
Flamin' Groovies,c826bda4-4f4f-4746-81ba-5f66ac9c95e5
Mental Escape Pod,8c76d9b8-4a43-4652-851e-30cf332c93a5
Terracid,12112
Perverts in White Shirts,0054ea32-ad69-4f1c-bda2-29da2fb23782
Hideout,23518
Arthur Zdrinc,bad24946-cbcb-4815-8a82-31f69eeb728f
Red Crickets,9d2f087c-3d25-4dc1-b310-871895113043
Bessemerr,23645
Daniel Barbiero - Cristiano Bocci,23659
The RocknRoll Hi-Fives,27ba8d96-9860-4b1c-983e-3e24cf61a620
( Early ) Salomè Lego Playset,23690
Proyecto 504,23745
Breanna Barbara,4e2d192e-3d63-4f6e-b684-9e3d9165bdb4
New York Spelmanslag,23808
Saylavees,23857
Massicot,534ce388-c702-436d-a12c-cc5515858ec9
ULTRADEMON,d156aa53-5540-455b-ac07-ca80e3ba7d53
01110010,23882
Painburn,5be03be4-275d-4d1c-97da-6738adca9c53
Anes & Bateaux,24206
Reno's Men,e19fe5f3-cb9d-4a3d-99ee-16d28dd07912
Downer Canada,d7004db2-6bc6-455d-8e9b-fbf25c615813
Beat Doctor,14215
Milton Arias,3dd437fc-3fca-4524-88e0-06c0a56e6d6b
SOWNDHAUZ,24318
Audiobooks,22566
Rauppwar,eaf79dc4-dfc4-4bed-a381-4c03533fa421
Edgardo Moreno,22667
Youth Pictures of Florence Henderson,343b9f07-0c19-4f14-91aa-a7c753a18c09
The Invasion,1cfbe10d-fcf7-4a35-a12c-76f447305b0e
pretochines,22808
Scrapple,b5672f03-192d-455f-bde4-36501ecbad86
La 6ème République,3a3ffa07-b0ff-4b46-a520-be5f3fabbd27
Wild Worm Web,203cb2ab-fffe-4004-8d8f-b2c38d8ff554
Turnip King,1bfaed43-353a-4836-9a16-4d699ebbde14
ИЗ-ПОД ЗЕМЛИ,23340
Little Ozzy & J. E. Frey,23111
Virgin of the Birds,bd86280b-4f21-4b65-be54-6363b2b3a566
Mentz,b5fb4294-3aef-4b3d-8098-31b332495ed0
B-film Ltd,6241
GB pka Gâteaux Blasters,6127
Zinger,04b22af1-ce4e-4a41-aedf-41343378761f
Damn Dirty Apes,4c1d90dc-034f-4ed9-9b27-243e2e7c55cb
pH - Thomas Helton with Kevin Patton,6709
Hands,6704
Martins Rokis & Kaspars Groshevs,6845
DIY-note,72cba4f0-8e50-4a3a-9d49-bf8b2c0a9c78
Amokdrang,dd926c44-68c2-4300-be32-347539d5bef3
ZAUS / .E.,7204
5unday5essions,7243
Squelette de Georges,7279
Zuhn,0f90deba-70be-49e7-921e-49562b2405e2
The Advanced Antennas,7549
Debo Band,a109ea9d-674e-43f3-8af2-6d8a5cd21389
M.W.D.,86121e5e-2900-4010-b182-187568f347e1
PC Worship,f56aacb6-18b1-4b0a-873d-28e9da192719
Ergo Phizmiz and His Orchestra,8a0194ad-6b24-448b-a069-5e7baf2eb1dd
Bronze Horse,82fa1778-798a-4fc8-893f-3fa76566d761
Hogan Grip,51042d30-ae47-45c7-be7f-3f48b2653a95
Oval,2fa478b1-dee0-428c-8e18-8b0b6608b2dd
Meczûp,0a69bfd2-ea32-4013-9073-89f1424a3ed4
Pure Hell,6c8fc160-5d6d-4f81-99db-60f35316b695
Sinewaves,8999
My Family,8990
Inlets,38dcecd5-2b5d-467d-a48d-cf594ca6a925
les Poivrons Rouges sur le Visage,9331
Josie Davis,991daaae-2cb0-4a65-b30f-2424d94c46ab
Matthew Sforcina & Lezet,9570
Lilian Hak,cc0a0465-c893-47db-96dc-97f8114b88fe
Usine à Fleurs,9590
Atman,3910cb55-37b1-4575-aa66-4cec82f23aaa
Alma Yoray,174f01c4-2413-4eff-840c-1bcebc4483c9
Mikhail Lezin,9878
Derek Spaldo,9968
Dragon,df78ce0f-3c9a-4c3d-bf45-967919e66e94
Andy & Zeus,10015
The Munitionettes,05d6dc60-d5e7-427d-8cbb-b6a920cfa7eb
MWE,10183
Jam Messengers,f83767ef-0c8d-438d-a5c8-e87089b709a0
Lucy Foley,0cee1054-c2ec-42fc-a46f-88bbb3dba921
Workdogs,89b39938-43e5-49ff-a5a9-eb014dcc9d3f
Occult Detective Club,19b3b8e1-2a3f-441f-ae3a-fefaa4d3c236
Transmitters,c8a5c8b4-be76-402c-9dc5-f82934fd31d2
Vibration Terrorists,1684f372-210f-4189-8da5-0b2dc63d1ee5
Seth Guy,a2fdaf12-b043-42cd-ba30-efbe5f4596e0
The Judy Blooms,b79854ad-313a-4513-9630-e17ec91c8abd
I Killed,c88a190e-3d2b-494c-b887-9d914d132f78
Traveling in Stereo,434f09f8-4af9-4b3b-85e8-1cf3b5f316c2
recompas,82c57e37-f5d9-4138-bc75-58b7a7bece95
Emily Grantham,88587469-888e-48bd-aed9-e36d12c09a71
mitsuru shimizu,677f0237-b549-496e-9fa6-0f25f3c2144e
Vinnie Paternostro,a5fb0fa6-dd92-4676-8047-f1f9fcec7c14
Umanzuki,148acecb-dd1d-4d9d-8147-55cb158d24a0
C.Strøm,ce54e837-2d0d-4551-b25c-c5884d9295ea
Philippe Beer Gabel,167a97b8-6e1d-4944-999e-34e13e493cf5
Julien A. Lacroix,6948f055-7d60-47b1-a0d8-62261e2c9509
Bill Bissett,c61c58d6-7848-4460-850e-41764b2e7986
Junkie Brewster,6bebecec-26b9-40d9-a7ad-169c4fc123ea
Least Carpet,b0541ebe-8387-4216-aedf-6d47c2923b07
The Trolleyvox,b5a05b52-953d-46e4-a2a5-c7a6b55601de
Donkey,8974
Jen Shyu,61fe885a-aae3-485b-9825-e5bc76b5a0bb
Igor Krutogolov,ee9c46ea-9499-48c3-a08f-fae1eedb7c37
Slug Guts,78a06291-88b7-4a54-8622-e1bfce4caf39
Elks,10865
Un Automne à Lob-nor,14f7b86a-8e56-4fd2-98e4-4a695ca2f43b
Aldo Becca,11467
Tony Dubshot,0c523454-fc3b-4bab-9898-cf16daeb2d20
Valentina Vuksic,11970
El Klan de los Dedeté,fa0f8076-83b2-4bda-b84e-1b2be28a4143
Burdeos,34bb25cf-d05e-4042-acfa-a8ba238ec9c3
Audrey Chen,21f18600-ed07-45ea-8df0-6325fa45add1
The Dark Brothers,41f558c8-3819-4c76-866d-2f4a6a2b400f
V.Majestic,febdba5d-a82a-4294-b9fb-7d42e76e58d4
Le Chômage,c7153158-d73d-4950-9618-ad5025222d66
Sexteto Tabalá de Palenque,12201
Ivana XL,8343
The Suzan,870fe344-6270-44bf-8d6d-ecbe7e4825ef
Wanda Group,975a2be8-1756-475f-a167-0a5018b4d486
ProleteR,1f7ea922-f391-4089-bced-9b1e035e4642
Los Sundayers,32ffdf66-5547-4de3-b82b-6a383c56ffe5
Driftback,14640
Ylajali,14950
Broke n phono,15154
Chotto Ghetto,b76d4373-eb03-4dd8-849d-715c4871e90f
Srch Party,15697
Peacock Ball,18982
Los Mirnuls,19989
Fiver's Stereo,ff17195a-dabc-4e96-a3a6-27344820e93a
David Harrow meets Dr Dub,20500
Taseh,20706
Ø+yn,4538e4ea-fe82-4f5e-8f20-5ebdf68c3153
Mi Nave,fe5b90bf-0400-4fb2-abc0-dfa9ff3d4e01
XL Kings,21261
Franco Luzzi,21449
Lulacruza,dc4a18b3-2ace-4268-a21a-7d5ce2de48a1
vicbang,21583
Pk jazz collective & Pavkashavet Bantut,16521
Kris Keyser,b07c68b2-2cfa-421e-9062-a376d1784f08
Shaun Robert,4bf0ec90-cb91-46d7-90d4-3e200d7e9122
Streets Beggars,17122
The Craters,0f8b6bd5-1f91-4446-91c9-8c11526dc1f1
Edu Comelles,b85a3fb0-2109-480a-bd6d-04aeeba8d084
HYMnEYE,18004
Pampers,18027
aquarelle,3ad81d05-a551-42ef-999f-36a339243123
The Mystery Artist,18947
The Owl,14a56b0c-993b-4318-a9e3-4a5f8c8acc0d
Réelle,23852
Gabales,627528dd-4cc1-41b4-bd13-4960e0090ea7
N3rgul,24267
Il Culto dell'Annientamento,21318
Giant Gutter from Outer Space,72b0b618-5c00-45bf-8e3b-0d493d26a098
The Lopez,900b6939-fdc4-401f-b904-8222a9cd9d65
Scott Jacobs,22279
Subset,69464601-fb83-4b1a-bb48-210e137d8d1c
Free Your Drumbs,22557
Tomydeepestago,22672
F.R.O.D,22992
Andrew Odd,6cf7feb2-3e0c-45e7-bd3f-f32a1ce0d9a6
Bipolar Metronome,a8d6d9d1-734c-4704-b5b5-7824e54aaf3d
Odaibe,5f983dd4-518e-4494-a306-c7eea8055a6f
Oh No Nuno!,05516518-9fb8-4423-8056-c7d4267b291f
Second Couteau,466bd20c-916d-42e0-8310-a5b3073619c4
Raez,22958
Punks on Mars,1961073c-725b-453c-a472-db713a3e23bc
Caymans,13719
The New Lines,aa467134-4420-4d66-99b9-84f1e08c1932
Mercury Girls,d7d8f275-c440-4806-8247-bb417a81e930
The Choke,572
Wild Carnation,8b828588-e063-4420-bc47-e435d601e001
Cleft,16c2ea03-db24-44bb-9d94-6103737f038a
Telecult Powers,545d163f-85c1-4f0d-9b01-9599c51970a7
Delta Dreambox,113
Metal Rouge,790c89eb-f027-4335-836c-bb9e5aa76018
Bear is Driving,2269
The Styrenes,9a08f176-7f41-4ada-88df-1ddba77b06ce
Single Bullet Theory,7496
Kurt Vile,e07a111e-4e8a-4651-a849-01ac60551ab2
Gang Wizard,01631c10-e030-4a71-b4d9-e148b849f65b
Little Howlin' Wolf,60436181-cdc4-4835-b423-85d193bc3c97
Pocahaunted,5d7fd997-3f4f-4682-ab8f-3b90993fbea9
Samara Lubelski,a02e82ed-a0a8-4a90-b464-a68dc6cb6b0e
Snacks,267
Spires That in the Sunset Rise,ef64a406-ca8a-4b2a-9b07-2b59aba03053
Apache,1597
Indian Jewelry,86f58edc-1c46-421a-b450-941a8c136988
Kinski,3ddfd733-80a1-4c2b-a49c-32acb19f507c
Laws of Gravity,939
The Bristles,1627
The Embrooks,ed4d7b2a-810e-426b-94ee-d66ba5fd02e9
Tom Carter,548
Urinals,60672b21-6ee9-4b37-9039-97ac5df5b4ce
Parts and Labor,1115
Frigg A Go Go (F.A.G.G.),763
Blues Control,568d2845-9238-496a-a795-6b07737667ef
David Kilgour,06234932-e851-4965-a5cf-efc5dc3749e9
Sunbyrn,1758
The Borromeo String Quartet,a07f0b2c-a225-4bc7-8e38-1b6b04b1950c
The Aperion Project,8c3590cd-349e-4f38-bed8-823a3551d523
Tournament,3012
Mishoo the Drumkit,0f60ce8a-6839-45de-8665-b9330af3e8f3
3Sacchetti,5d3eee88-c688-4b1e-a514-92120f52498e
Micoland & Holly Bretton,3793
DJ Donna Summer,5c01ba41-ab67-47c4-ba4c-4f40b2724afd
Donna Summer,5c01ba41-ab67-47c4-ba4c-4f40b2724afd
Asa Ransom,2e09e775-aa39-42b4-a5b0-ea6294743c26
gwEm,555843d2-a6e8-4ca7-9083-c10a01e882cf
Counter Reset,a6a9ba7b-8c52-46a0-a51c-fd529853da7e
Uncle Woody Sullender and Kevin Davis,4338
Pierre de Gaillande,be39e650-76c2-466f-97b8-f7ceb23728f7
Rivulets,d1f78c68-bcca-48fd-88dd-a2f70f4b02a6
Antique Phonograph Music Program [Various Artists],4498
John Ellis,4558
Owltree,4633
Loren MazzaCane Connors,1f5e54bb-08f2-47ce-8ba5-343ab54f8185
Total Abuse,23f59b11-3f6b-4c74-a8ec-ab2b179cc95f
Cro Magnon,4068dd31-b53c-4d1b-b5a4-3b5642020422
Curtis Hasselbring,7d369288-6594-4585-88f1-db7e6c2a23e1
Twin Stumps,5cad9037-a2d3-4e12-ad46-b5674e1abca2
Factor6,37afa84f-8c6b-4941-b759-8e88963e2ef0
Dark Meat,c39f511e-ff09-4a31-8ebd-cb1e8bbd0536
Gato Loco de Bajo,5001
Anavan,8dc6b4b3-8462-46bc-8bb3-082bfd6a0d8a
Saskrotch,ade87d86-1ec2-42bf-b704-7315c56d5473
Zan-zan-zawa-veia,2fec36c6-9241-4b9c-8189-19a2e40f7c8f
Fresh Body Shop,7e24c4c5-d5ba-48d7-a724-4fa2753fd947
The Hardliner,f97cf95f-beca-4d60-bc65-e06169b3449a
Alexander Turnquist,c8985919-bcac-479d-ad68-fc96ae14518c
Iad,34bfc869-d203-4bec-b38b-bf150311953a
Lover!,e7501811-8146-44e9-a894-7861d90bb710
Glass Candy and the Shattered Theatre,ca94595e-955a-495c-8ba1-25eebd9609a9
Magic Christian,55797778-facb-45c3-b6e6-81aec763724b
Songs of Norway,0d8e44df-a76e-4102-a743-88ddef5d553e
MC Firedrill,3df22884-370c-4a94-a45d-45324f8f8b44
The Lost Demension,53fbd83f-0ae7-4aa6-8bde-6ebfb3351536
The Unholy Two,0eefb6dc-c458-4176-80a1-b88ade5c48f0
Carla Bozulich's Evangelista,1654
Tombs,8b2cccef-ad8b-4029-911e-14157e4cd5ae
Michael Jordan,1884
The Homosexuals,091babe9-0e5a-4b85-8f7b-bb5f41165ee3
Henry Burr,a8ef4cba-9429-406b-9559-9a846d9b778d
Billy Childish,23ef9155-df05-4e3a-8109-acb603f3146d
The Priscillas,54bbb50f-2b29-45b4-a890-dfd9ff2e9689
Mr. Spastic,52589208-7ed9-4ef2-85fd-82e5927dff3f
Nite Jewel,0d58f45e-1a53-4dc3-bea6-16836f03aa1d
Pulse Emitter,0c708cbd-a8d6-4a4b-8fc4-04dc9ebd23b8
Sid Peacock,1226612c-419d-463d-9ace-e66d6c3e8372
Rominger,c3362a79-75d3-4e23-a7ab-97d8662d3cf1
Tinyfolk,5352
Anagramm,5860
Qulfus,1f4c10cd-fe94-4bd7-ac71-645d6682bc59
Peelander-Z,6ced2b8e-7024-4ccf-b49d-555fe905bd78
Clockcleaner,730288f5-74ea-44de-a8a0-334049a5d7aa
The Rebel,1178
P.G. Six,877323a5-026d-41e6-ae1c-8777d2cbaed8
Amolvacy,631a4173-91a2-4c5e-8ef8-3a73c3e97cfa
Suishou no Fune,5071
Lanark,1916
Lullabelle,8a4f5603-8579-48d3-92c3-526a17a25685
The Golden Hours,7f049203-b431-46b6-bfe4-04ae277ee73b
Cordero,dd121881-6de9-4820-bec6-5fd85963efc5
A Hawk and a Hacksaw,b7cef615-5d43-463f-9032-5d3bc0d96b7f
Harlequinade,34b98a73-03f3-4273-adbc-1517a1dbaac5
Tickle,12207
TAKANAKUY,17877
_Algol_,b731acb5-6f83-420b-9a3c-d6f8d4123940
Roberto Maldoror Manfredini,f89d1967-5c5c-4bdd-8cea-b09963099217
VISITORS,17949
Dustmotes,e9a3af8d-426e-4557-b6b1-a2f85250e6f1
Moonove,805d0113-c6c2-4bf8-9573-e8672ebb912e
Rooster Tail,18007
Royce Icon,4caa135d-b6cb-4244-9ea5-8b1d08b064ec
shapes and monsters,18242
lithis,b316a5f3-deef-4b41-882e-b4a8c566d2be
Lackthrow,60ff5c2d-903e-43a6-921e-b47ecacaa98c
dagshenma,1f2fc331-2bea-47d9-8f00-21fc6f541347
lucie vítková,6d50a7ba-1583-43cc-a797-3066cd85735f
Matt Sowell,dd531e98-3544-4c32-a2c7-e47c7428ce65
jim lace / alex nova,18595
Dead Leaf Echo,01567632-12c1-496c-8499-7151b1552892
andrés elstein,94799080-a215-4982-be27-85b18e69f40f
Krabatof Philharmonic Orchestra,814ba799-e046-46e0-96bb-9ea7d563e999
Elli Q,49308cc6-93de-45fc-8fc5-5523b0ec545e
pHoaming Edison,bc923f20-6a61-4ec2-a716-8ae30bd9a7d0
When Particles Collide,ab414e9f-208c-44da-8724-54de9bddddf4
Yeah You,18726
Mess.,18730
Valerie Gentile,27986a96-bb98-46f8-9523-35eb9d222c21
Vanya Zhuk,18747
CROCODILE TEARS,16340
Alec's Band,18768
Lovira,18773
Hector's Pets,18789
Jamod Allah,18803
Désir Decir,18946
Winkie,19009
intouchwithrobots,99e77e4b-e455-4c86-aa5b-27c1d4dd95da
Nearfield,18997
Ballroom,19032
Radiana,878fd3c8-3cfd-4345-a778-56e8d3912e1a
eduardo f. rosario,15370
The Number Ones,09e9f9e4-9ef0-41f9-9d09-edd8ba15d498
Sondra Sun-Odeon,160cd335-5b50-4f7a-9567-5988dcde9888
Sloan,5a63c831-5bdb-444d-a9db-974501e3317d
Ex Hex,2f64e1fd-44b3-44f1-a586-b9916966b39f
ToTaL CrAnE,19202
Anamoli,19e1423a-a02d-4528-be11-b4a8b8d50f0e
statusq,19273
Carrie Newcomer,efc2524f-20a3-4942-8fe2-869fa09e3ea1
KL Sealegs,19304
The Cats,2f89e896-c013-4899-994d-d0c6a9aa24e5
I Re della Spiaggia,19345
ant dickinson,19353
Mamá Burger,7201
DM & MM,19508
Acid Eye,19556
Blato Zlato,1102c77d-c670-4e3d-8d0f-c683f8e41b6c
Zoliborz,2765f51d-3586-4ed6-8818-3987cc6e6d6f
Arthur Grossman,d78e2161-2e69-430e-94bb-499d68b2f347
M4T,e8553fed-1f26-448a-bd01-09f9356079bd
El̵TȄRRO͢R,19839
Beggar's Velvet,19852
Entia,19872
The Achtungs,7e999c27-62b6-4ec9-8109-8b03e1048408
Luciernaga,20058
Toxic Water,e93e8d10-bedc-495f-acda-f1d6b5899a9c
Mrs. Grossman (& Monty),20128
Potrzebowski and McMillan and Company,a633f37d-0903-4e50-b708-66528736ae84
gordiani,20131
Super Mountain Bike Brothers,dbcf1ef4-8d26-4f59-a377-68d47ac47093
Cold Beat,10969dc2-c517-4d0d-adc4-45a8a73623a9
James Joshua Otto,986ceb03-7091-4cb5-9b7b-14ded071683a
Mikal Cronin,c1a217e0-4b3e-46d7-9613-6a14c9e70895
Birdstriking,0ba9ae24-d296-40a4-a878-d33eb93e8e51
Monk Parker,cccdadbc-8411-41a6-a110-33ff9a6af8b4
The Black Penguins,20523
Stereoshape,7b62997f-1380-4c8b-86f6-71a4e064071c
Unstoppable Death Machines,d4977d0a-dc7d-4241-883a-77634ab4752d
The Mess Around,14367
Golden Boys,801
Pink Reason,b0c739c4-b64f-473c-824e-d6c2764a22a3
Gap Dream,d7742427-dfb9-4eaf-8671-ba89e65979c7
Phoniandflore,cec8f3b6-8330-4c5a-8799-e625c9e367a5
Hounds of Hate,2a01d1e1-0a01-46b0-8a2c-2c839a6499c0
Marco Trovatello,15106
Radio Royal,15228
Aboombong,330e26ab-c33f-42fd-8711-ddbfae4cb106
Onyx System,15304
Square People,15310
Summons of Shining Ruins,39d4c61d-99ae-4331-92f8-e798320e1e41
raw zombiez,15418
ilkobra,15421
Triple Hex,15454
Ex-Cult,b897c806-0cc8-462a-83d7-94a09d7cd700
The Relatives,f7833aee-71be-4279-a352-0f0e02a484f3
Fried Moura,15803
DJ Dog Dick,323b2380-7566-4739-8cd9-aed5eeb55a0d
The Antti Jädertpolm Quartet,d339c6ac-775b-4cce-8b8b-459feecd4fdf
Linden Killam,15db0681-eb76-4805-be87-1bbc27e14367
Nebulo,58ac8cea-3daa-481e-a2fa-69f6d600e31a
Riverhorse,16054
Mice Parade,7bdf4633-c336-4f19-bd23-3208865baacd
Omyiga,7a6070eb-697e-46d6-b244-16110790252d
SPIEDKIKS,b5441802-d113-40ec-957e-b6800b410103
David Fenech,a77228e5-c304-4f66-9e24-6edebeb711c0
Anonymous,9557
Damián Taveira,5fa743ed-9eed-4af1-8c36-f18d11365fce
No Guru,12105
Sugar Overdose,16616
Eletrólise,96a36de8-c616-4f6a-abc3-11c52788b7b6
Galleon,16660
Mouthbreathers,16777
Ricky Brugal,4aab96be-e1af-4d7d-95e7-3582b2eae2ea
Nymph,12288
Syndrôm & Kendall WA,16971
Strom An/Ein/Aus Fall,16992
Mary Shelley & The Implicit Order,17011
I vs. Nature,fbc3863a-0245-4d72-bcc4-76bc79388eb1
Magnets,17018
Cherubim,17142
Trash Ride,17335
ps,6U0APZjFWZUhDlBDGfndFN
Anthony Donovan,c74cfed0-3187-47e9-9cbc-726ab9f5e559
Sonervol,b71e9813-c165-4fb9-aac6-e16076798531
Oscar Myer,17490
Mário Gajarský,17534
Audacity,eb54464f-83e2-48b8-8d17-683dfa433412
Boiar,d70b6664-0d3e-4fb0-8663-778324cad77a
Carlos Valverde,17656
Noir Boy George,a2b1df41-12c7-42ba-b5af-909b38eb46dc
The Wingdale Community Singers,17819
violin,
Overnight Lows,10853
Ten Thousand Hours,10326
Le Mal,11016
Os Trasnos de Moscoso,3d6ea7cc-67f9-4442-b7c7-f5cb0b73c784
In Isolation,fc1be08e-a3a0-4d62-b788-4e5a96581814
Montgomery Clunk,fba519d4-f1d8-4548-b5ec-4e405897e379
Fasenuova,c7a60691-ad03-4e29-9b6f-b3c5e577a497
Lady Piss,11665
Matthew Mullane,07af851a-57bb-467f-b9d5-c35a4bef9aa6
Mal(A.Ventura)2,6912
Full Blush,59736b1c-0827-494e-b8de-22147effec12
Peter Kowald,de14c47c-471b-4afd-87c2-5d10a9fee670
Zounds,cfa8d24d-efca-44c0-87af-09421183005c
masonik,11981
Alan Watts,12208
Di Bos,4a5164cb-44ee-4e80-84e8-d3a967dd251f
The Might Could,4c836d23-2d99-4591-8458-030ee90e27a2
The Atlas Room,1992c2da-45d7-4530-bdcf-ef5174f0328a
Scissor Lock,c0d3e754-7217-441b-96c9-9a49a3f75c58
coverclub.nl,12567
Minus,8153
Wizards Of Oi,12724
Muscles of Joy,12913
ÂTE,12948
Yerri,12244
Pedra Branca,f1a155c4-4ca6-4056-8f3e-8789595912ad
Arponera,13054
EUS,b8b9c3e9-33ca-4370-b095-981a8396f67c
Flux Bikes,13230
Missqulater,390a7782-59df-4476-b348-e128b64dd97e
Daniel Bachman,5a3643f5-8572-4549-95cc-5b137981d09e
Jerome Faria,bd7eede8-2cbe-4249-90b3-49c149e23ac6
Marisa Anderson,88ad4c96-34e9-4fab-9e36-62739ad42048
Disappears,816a3ade-da4d-4cb1-bc27-33acd12878a3
Freakapuss,f68ffabd-65e1-4fb1-88e5-dae453e35eb5
Andrea,13462
Quantum Jazz,2685896f-a293-49ed-9b79-f6f220f752b2
Emma Acs,55939b4e-7ec9-4d4e-ad31-9baf89acc7e3
Roomrunner,5cdfc9fb-adeb-447e-8870-368ec0c32ff0
Luminous in Nummer,13382
Mark Sultan,2ba15f3d-21f2-4979-aa57-63a44538dede
Pregnant,75ac83ca-c7ab-4060-ab7c-3c7b7197b4a6
Punkasila,17e93cae-122f-472b-b075-879ed614750c
Musicians from Marlboro,4829
The Indecent,27c9ef80-146c-4f45-91dc-340f731366d3
coda+e.p,13544
Tobetozero,13918
Elisa Luu,97367de2-977e-4055-8c75-0cca18717d18
Afrika Pseudobruitismus,2d4f4f49-02b7-4c6b-96dc-fc82c2909358
Kharkov,fb3de294-04a0-4bae-baf8-e3f870829924
Shaved Women,7775c84a-2725-4fe8-a449-d3d45ccbb6e8
Tyrannic Toy,14022
Alien Pornography,13236
Piacente & De Angelis,9ca7157c-486f-4352-a1b4-079752b8eec6
Sonny & the Sunsets,c0598d2a-803b-4950-9336-a8155d418561
Diamond Terrifier,91ff387d-95db-4af0-99c4-e9df1906d476
Six Umbrellas,210fa1c2-74de-47c1-86b8-7d770b75d5ee
James William Hindle,f561182a-70ef-4d75-8c19-a211ad0909da
Neutral Fixation,20865
Janneh,4d616324-008d-4935-9daa-5dd9bee6cf48
Texture,8690
Connie Acher,1491628d-9702-4a59-8b6c-93455ec0bf79
Couch Slut,f1e5ed91-9f6d-49a3-a8b7-52187adf62e3
Bridget St John,21300
whyouarei,bc438eed-05fb-4439-84ea-e9f44cb1cb99
The Ar-Kaics,8b30e95b-e510-463e-bc91-38739db5e585
PMS and the Mood Swings,21457
Ozum Itez,564a6a9e-607c-44c4-9458-d8f6ef159fbe
Flexion B,5907fb0b-d7f5-4df3-8943-a3ca2fece479
Six Organs of Admittance,a270b68f-6bb5-41ba-ae7f-7b501e4797a5
Lazlo Supreme,20e1bd70-88d1-4ced-87e0-d2e56863e0a3
Luke Pigott,bdb802b1-72cf-4707-a341-f685c41c9406
Zé Trigueiros,21628
Martin Auer,219e661e-7961-4c0c-9173-53144e98ba2f
DYR FASER,37494fc1-1afb-454b-851c-18407b3471cc
Red This Ever,25b50887-237a-41a0-9dfa-3e4738daf177
-ono-,c5fcabb2-778a-4ae4-9c4e-7552c8bddb2d
Thorn1,2c218551-cc18-4242-90df-544d4b795d08
daniel barbiero,9b42da20-b06c-4e97-a736-4cad0a1cbf8b
ken moore,9f0d236f-152a-4dab-8b4c-9c8e968d2272
Scott Lawlor,440fd8aa-2a36-460c-8615-8af2cc06d62e
Philippa Dowding,1e6dc8f1-6045-428f-9496-3958cc3a78e2
staraya derevnya,fdddc894-02ec-4a92-937e-b970ac435db6
Sinapsi,22017
ykymr,22071
URODI POD VODOI,22113
Ido Bukelman,73a91308-431e-43f8-a085-cc738f9a7e62
Beat.Dowsing,575ef351-e5fd-4749-806e-d0a76eed999e
Fabio Keiner,07d8fe4a-7642-4b64-b003-5b245750bf92
The Audacity,17552
Tony Conrad,39b56aa8-5d36-49ab-ae5e-c3aa836b6620
Big White,22240
William Spivey,7ed7baeb-915c-4a08-be5d-5260edd71d05
NITWIT,21321
Leon Lishner,c9a59a72-faab-4207-a41e-d1ced79411fb
Peach Kelli Pop,f897c92a-62db-4f51-a6a4-301ccc14ab69
The Unspeakable Practices,d48b89f2-5574-4ded-ae26-63c7df794c42
Marsel Minga,22504
La Venganza de Cheetara,b876a7a9-3a23-4f1b-99ad-39d08c68383a
Nature,14716
Liz Toonkel,14742
Mélissa Laveaux,748336d9-5327-42d0-a502-d0945c4c0b71
ANGKA,1f7c3a17-8b03-439e-839a-fc3efb9b382a
Melaena Cadiz,a9b1adda-6593-46ef-8262-b326cb7f8953
Sparagmos,cf80e7da-cfd7-4243-806b-c2b53e496013
Ken Fury,89373b3e-facf-4bd0-85c6-47b0be71c4ef
Bueno,6a201230-dc7a-4ae3-a01e-8d36100dd1cb
Bounar,23542
NoHuman,aa03ec8e-0024-4277-9d3a-4127946b8a88
Strawberry Blonde,23608
Kuso,23643
The Wilful Boys,a9f73158-407b-4440-ac23-23f346010126
Aitua,70cc7fed-5b78-4e74-8037-1c4f76f42542
Dunai,23713
TA2MI,796f72cc-a210-4018-bf84-481fdde55368
S-21,4b32f11e-f89d-4722-82e0-0c9edee47d05
Oz Alchemist,23863
jii music,96555d43-6604-47de-9dfa-c890157eaa13
Enrico Falbo,240135d1-207d-4d2d-8c14-944a5b353df7
K1r Loco,23900
Peter Lyster,24081
Convivial Cannibal,d7ce7f83-a644-45de-9208-8411b3ab1449
Zaz Zetoun Mind,a546d02a-f6cf-4cee-a165-52c069f10e36
Syntactic,4fa10ac6-895e-4cad-8915-85d0c4194008
Tim Evans,e3cddfb8-6471-4bb6-a372-8dd9ad53de7d
Gino and the Goons,eaa20564-aa58-4a1c-bf1e-639c68ace20a
The Coathangers,60698f82-b047-48a4-8612-8e9bde5b5fd4
ROW,4c23f261-594b-470e-ad9a-da72bdf98581
Terratombats,f0b477cd-b879-4783-a4ff-4fea767b2a98
Kaz Mirblouk,a2bfabe9-3e45-4b0d-abd9-d75ccfc225bd
Lauren Sarah Hayes,0e891f37-0f4f-4ca0-adda-ed547bf9520e
Hurry Up,ff2b5962-06d2-4642-a52c-b22a638e0de3
The Citadel,18488
Luce Lutu,23019
Thee Virginal Brides,016ddaf4-cfed-41c0-bd85-7f309813d712
Fiorella 16,d51af5bb-0bcb-492a-be6c-7f3012dd752e
Golden Grey,c4ff12c3-240d-435f-ab1d-3067cf65884b
Eter Dub,03a699bf-70a7-4936-b9e8-b715b2faa4df
A-Grav Lab,23260
Scattered Order,a9618571-d449-41af-a603-35bef60ea69c
Yellow Salamand'r,22698
Controlled Bleeding,978f5385-aeba-4a9d-b369-4e7f54942d23
Bram Nelson,6642
Spectre Folk,6a4b47e8-260f-472a-ae60-78edffc74744
Le Club Des Chat,de781135-4246-4f31-b6f2-3bd3d1c612fe
Barcelona Afrobeat International Orchestra,6891
Antennas Erupt!,48d19289-3ade-4059-97b7-8be291e8e2e1
Loucy Louder,6970
Fenderchet,7030
Astrowind,f77a11b2-ecf6-4794-ac38-510f58a06d7d
Reminiscence,7335
Bam Bam,20f22ad6-5f97-49c1-9205-3143f48df013
Lagos Disco Machine,10a024dc-639b-49c3-a60c-b9a95acb11d0
Mortals,7735
CLDSCP,7917
Kabyzdoh Obtruhamchi,7935
The Ocean Floor,e4a18aad-8a49-4982-b7e4-f07f42d5298d
Mild Winter,158062d6-4afc-449f-a089-b4895e9b87de
Coliseum,7f43923c-31d0-4c8f-9708-1779adf4b3a9
molr drammaz,8596
Snake Eats Electric Blanket,8658
Comma,2ae2d1c1-3e53-4319-881e-a0b8a215d383
Daddy_Scrabble,85205679-eaa3-41fb-b3b2-f5b107aaf534
bueno.sair.es,07533180-c42b-49f3-b0d1-b3a5819d714e
Nobody's Bizness,60ae73ab-8095-4013-a0b5-4c13a95b66a0
Amanda,4a08bbf9-284e-4845-8674-ccc4da5491e6
Richard Garet,5ca94738-8c3b-4f06-8091-00290d844082
Heavy Medical,9389
Jonah Dempcy,5288697b-735d-47c2-b5d3-df08d6fc866e
The Re-Stoned,a2733c67-495c-4ebb-a901-f156f0f6927d
Albert Glasser,00a126ee-bff4-4ca7-a156-a2c7dc82f661
Radiesman,9569
Francesco Lettera,1693edb5-4d16-4ad3-8dda-f3505c26009e
Legless Cripple,9823
Docks,89252113-b1b8-44c9-b5d2-7a07ac8b08dd
The Toothaches,d53b4722-6bea-4545-a4d4-f2d852189878
Catholic Spray,cb4deeaf-fb42-47fd-8396-982e8a25a602
Holy Coast,10031
Scarm,10102
Love Cult,1d80f63a-c449-48e2-ba4e-6d7b3395978c
Electronic Phantom Orchestra,10201
Die Rötzz,dec81f47-6afc-41fa-b58c-44e8ec7b7fff
The Duo,10235
Songo 21,bd6abe50-95d9-466a-a391-0bbd8ccf1482
2NRO8OT,41484e3a-06cf-4af9-86fb-57a6f6a2b874
WatFatMan,3070
Zornjak,3927
Garotas Suecas,2e4639b7-b151-4487-a2cb-7f45a52bb970
Chris Mann,7847
Cobol Pongide,afda0926-7c22-48d9-85b8-1d678432c5f1
Destroyevsky,933885a6-5ccb-4a8a-a0b4-349882fdd971
Seicho suru kigi,b7230544-c6bb-41d0-8e03-efd640a4e42f
Granpa Abela,e026d1e0-a1e2-4195-b2a6-58aa0966ea8e
Vermisst Susi,12892c5d-de6a-4508-a16e-3ddebcec7e2e
Sealadder,6d10f5fb-0d9d-4b23-9d9f-9035d2c1fe22
A.M/Uton,1826f6c2-2ea1-434b-b76f-293525e21632
Music Komite,debb7585-96ad-4139-b123-2390d06ccdef
TL0741,3f433cbc-37f6-40d0-a6ce-be65c2c6a36b
Where the Moon Came From,072ff544-a254-4c36-b360-8de717f47b46
Blake Freele,2a7cfbc3-9e76-4dd8-bb95-baab77e11030
Alex Kubotha,22bf0d54-24e2-4930-baac-557b45904144
Zoambo Zoet Workestrao,2772b811-2b38-45c1-9a30-8afe4c2604d7
Synflict,fc86efec-8b4f-4846-bf6c-1b94f6bf72c6
T.R.I.v.M.,44e6ab97-1bdb-457e-8294-899e4da6c078
Dream Drunk,50c73dc3-e841-4153-af3f-f0535c32b2c6
10Konekt,3709be1b-2613-4964-87d9-1ff0b294eff6
Astroboiler,7f90ed33-c3e7-431b-a1a5-584742f1370a
Koobaatoo Asparagus,ecd88d54-bccb-4e4b-bf77-660465416085
Therabaqud Leic,71128852-a642-4edb-9d0d-d63ceb051020
Ahad & Despera,7442
Paavoharju,4859ffaf-ea83-41b5-83a7-8d72ea26ffe4
Rabato,a7858ec9-9ebe-4b13-b52a-3211e2e6c195
Nat Baldwin,f8faf27e-0747-4dd2-80d6-d092ed8c0b68
Terrero De Jesus,8567
Mystic Morrison Visions,51a96932-bf72-4a28-82e2-cdf2c77b8818
Mathew Timmons,8631
Simon Ravens,b1e62ea2-efab-4326-9176-707fd6e81b0a
Mattisson,c6017e18-e6a4-41e2-92c3-d2dac0b74ba3
Eusebio,8968
Katherine Young,6563a5e8-1f5d-433d-aa88-3cf492392bae
Mario Garcia,9989
James Ilgenfritz,316deb9c-db43-479e-8096-28004feb025c
Milgrom,11241
Ice Age,11298
Metaharmoniks,9bd5fc86-a3a9-4844-9a70-ad253e0db4b4
Damscray,ba310fd5-dec5-48d5-bf41-46942ff6fb3a
This Co.,c803f653-e0cc-4f1d-964c-4fce2542dcfe
Aoiroooasamusi,6358
Canzoniere Grecanico Salentino,883d4631-bc4e-48da-b81a-de0c427e28a7
Smooch,12291
Liquor Store,e5a25355-f8fe-4854-9b89-897867a64109
Secret Jane,12754
Elizabeth Veldon,32719e46-34a7-4b99-9ffc-8e09db0b45cd
Scientifically Speaking with Irene Moon,13284
Don Bikoff,ca0f958d-5f3c-432b-82cb-c3fd2a74cd94
Matthias Boss,9c2728e6-c076-45a1-be63-0358a777db86
Chemical Peel,eea656be-aff7-4d3c-9b7b-54f1ba8d6d58
Potty Mouth,43cb987e-0b92-4f1b-b068-dead06d78522
Shoxx,9e793ce3-f853-4eee-bfbb-1776aaee90af
NanowaR of Steel,b879af63-9ff6-49b3-a556-1af86e753119
Stereoboy,f965f108-9a08-4245-b459-f2286ca11f79
Shisd,ac5c7e22-6e48-44f7-845f-2e54f8e0e599
Lá Eles,14332
tomonari nozaki,46eda088-a044-492b-bc56-f2a3926e799c
Gel Set,1e0939e4-937f-4a6e-9f11-449d9c34d45c
The Dick Burrills,14322
Hallock Hill,d6f9771a-f190-4b12-be31-2e7c680dafc4
High Castle,11936
Crossworlds,f9011cc7-b181-47dd-a568-b7f01f277e52
Tentacles,19475
Connections,6657578b-2f06-4674-bb48-639f58d3f7e2
Mad Masks,2087332b-4f6f-4326-a3ef-ed38ea99b3a3
Tempers,70e0a6cc-887b-473b-b563-32883fda61a3
All Dogs,d4836d78-3d06-4b61-bef8-33c4e2790cde
Tyler Twombly,20862
Phish Funk,14212
"GMC, Sebastian Sampieri",20958
Shy and the Fight,c1a86aa2-cc3a-4f70-8dba-320ed7fac975
Ken Vandermark,e5a4107f-5bb3-4f24-b9b7-927bb23840b5
Terry & Louie,f0164ef9-a0c0-4a68-a8a7-565995d8babc
Punktieren,30d39afa-cd3d-451b-bde6-71fa32bab46a
Andrea Carri,8a7c6e8e-e16a-4c96-9059-98b05a1a48e5
Systemic Failure,8f0d0963-8625-4870-ac85-906972fe5772
Good Throb,3e1dfe34-681e-43fb-bedd-b94ce95e3234
Dinosaur Jugnot,18665
Crazy Pills,18674
Psyche Corporation,c396911e-69eb-44aa-a812-b86ec2550ad5
Sküge,3b0fdd3a-31ea-4eb0-9cf7-b21b051e13ff
ventilator,18764
The Jeanies,23203
Outrun,23734
Downbeat,24192
Hank Wood and the Hammerheads,532d589c-2ca9-48ec-ab5f-ec66744a84a7
Long Beard,6a4044aa-4705-4ecb-9bc0-6a7d892813a5
Death by Unga Bunga,905d9f82-22d2-43d1-82ab-a4d7e380bb5a
ELYA,22298
Fragile Tom,bf76f55f-a7ef-4c25-8c1e-7742b578de59
Periodo Particular,66de45d9-3d7d-47b3-a417-f0882089b07b
Finn Anderson,633e682f-edea-41cc-acd3-1ea2a58aff6a
Mazing Vids,4a13bc34-5f92-426b-ab33-df6f3ec88bfe
Bebe Fang,b88c68b2-bc38-4bfb-9a25-43c6acd14a3b
Hellmood B. Ware,6b066104-e542-4f71-ab5b-42f0a2af7d45
The Vainglories,86a96a86-6408-4062-bc5c-6f6bcffad7b6
Sasha Mishkin,3add3fcc-1fdf-4afb-a16c-4e585d65258d
Andrew Seistrup,20655
E T I L E,22405
Ubuntu Sound Antisystem,7327ca04-5831-4c76-8d3d-b98f165ffd8d
Will Wood and the Tapeworms,2f035e83-050f-4bce-acb0-ca0db9515577
The Nutries,68523bd1-f012-4382-ac41-4c2719ae5367
Andre Jetson,24075
Regal Degal,245a2869-ae16-4592-af36-907544039ef0
Top Surprise,d215409f-5458-49f2-af47-70a5d7bbde9b
The Aaron Boudreaux Special,15031
Lou Barlow,6523f86d-11d3-489e-81f6-6cbe08c367de
Los Amparito,03d7198d-9a15-45ce-b23e-c683cc2eca65
Biggbutt,20218
glomag,3fa19fac-bcbd-4dea-902a-bc4f92caca8d
The Lovely Moon,f34ae170-055d-46bc-9208-a750a646481b
100% BLACK,18976
M​.​Nomized And Midnight Moodswings,24345
Novi Split,7178f02c-e95d-43cf-9c98-8a3d6e5cb7d1
Astrometrics,822175da-2e07-4564-a598-eef79a4017bb
David Last,23336f13-a641-475d-983c-16dcd7ec7308
De Cylinders,fc376993-ed77-4603-b668-8b7260fd5a5f
Daedelus,c787a7a5-e143-4ba6-86df-fab2354dcd44
Starscream,2913667b-9629-4c66-9f09-1ab9b9740ca8
The Council Flats of Kingsbury,5de9bc92-aafb-4665-b4e8-8aa39491dab0
Portastatic,dd234262-f690-46ec-8dfa-c6933797a0f0
The Black Swans,b59025db-40e6-42a2-b988-49a3f3cc5c88
Karash Nikol,5972
Cave,61eb3dde-3a23-4a6f-9332-d931980e6067
Fursaxa,bdfe3ad6-3688-4fc9-93ec-ff73c09b627f
Lozenge,197
Chandeliers,100
The Fallen Leaves,5d6921c2-48d1-4cc3-bb9a-0c9a0ca4d647
Fallen Leaves,728
Little Howlin' Wolf,192
Skybombers,d26df016-e7b6-4fc4-b98d-01f98f2c56f1
The Moaners,641d073c-b3ff-43f0-beb9-f284786353ed
High Places,ffaff287-8849-465a-81f4-501a49eafd42
Harvey Milk,d8b01cf8-a7ff-41fd-95cb-47b56c9c895f
National Promenade Band,7983e84a-0166-477e-82e9-aa76194080b0
Uninhabitable Mansions,a2bea1c0-c093-478a-b6d3-4c60288d6664
Ducktails,06b0aa09-5b86-4d41-88a2-e86bd8df1555
Dale,1880
The Jowe Head Band,896
Jerusalem & The Starbaskets,fbb9e6f5-3f7f-470b-a99d-c928437e5f69
Hat City Intuitive,835
Bonedust,a18c27b5-fe03-4e40-9e8f-ac9bc76f3134
P.E.D.,9fd5d121-03ee-4e0f-91f1-4d6ef6940f2f
The Paybacks,bed73669-31f0-4053-accd-9393cf1edc80
The Franks,23ddcb47-4116-452e-a7e0-f50827a2f70e
Mayyors,8e886a72-8fb7-402d-b757-c17c9a5dd5e5
Purple Duck,9a55b126-5ecc-4e29-a448-7c52c49528fd
Pink Skull,36e4e777-81b9-4d7a-bdfd-bab0c320fab2
Brendan Kinsella,a8f719f6-e719-45f9-8e91-e8509faf1671
The Shivers,96410554-6e68-46a1-af99-307706ed95c8
Brad Sucks,9c070e4f-28c1-4b98-b371-d8514c31ba55
Greg Ashley,bedd009c-e091-4c6e-a496-da573b2d1b70
Alec K Redfearn,abd2efab-a0e7-47e9-8b57-805867df0220
the Seizures,d736e856-25fc-4aeb-a4e0-b700ef8328fb
Koonda Holaa,5c21b8ff-da4f-40dc-9dd8-432225e24ff4
Latché Swing,0f3f2ec9-98a5-49f9-925a-566361f68397
Nest,4d828ba0-4a82-48ea-aa60-f09aa28d0ff9
Oxbow,77ce400e-ec88-49d6-b5df-14356ec708dc
Menhirs of Er Grah,34b8ba37-5d8d-468e-9bc8-6d378d4249ec
The Pine Valley Cosmonauts,dac6635a-d36f-4809-a4ad-2a4e2990c2e9
APB,cfacc61d-b722-496c-92a3-43264a766a7e
Andy Wagner,1aaf9345-37c0-4b76-aeca-baead339634e
Magik Markers,08f3d5b5-6b03-4c87-9148-87f94531465c
Alejandro Escovedo,bf103bec-70e3-45a5-9d1b-97715db04a96
Rex Hobart and The Misery Boys,1e09403e-9e08-4c1e-a7d5-6f2197e5c44a
Kelly Hogan,501f3068-9791-4b67-b36c-a37899905b5a
Necronomikon Quartett,000f7dc6-a19f-4a9a-b26a-d71a34dcea27
Maria Grigoryeva,c75e5bfe-503a-43ec-8c04-68d39e8a87e6
Rusty Toolkit,2c792609-549a-4f22-ace7-c873f6cfb708
Marko and Myky,4376
Superbus,4611
Victrola,8f5834a6-cf21-4fa5-ae7f-6177441e5bb3
Player Two,01813369-88e1-4603-936f-6303c3cd0e75
No Nature,4634
3Puen,4711
Personal And The Pizzas,dd021aab-74b9-4621-839b-9d5680717ddb
Weirdomusic,6e261c8c-861d-4d26-b9bf-3c774113eda1
Oto,4811
Arthur Fields,2ecfa8f1-0354-4eb6-af83-6c29c73017b7
Impediments,4f774321-0f63-49a5-820d-661c382cc332
zero consequences,5016
Josh Mease,db159b33-3329-41b7-bcca-c9bc781ce03e
Movie Star Junkies,f1f05575-bdf0-48d5-b167-00eef1fa0a52
El Jugador,11307e90-a303-4935-b343-5adab32b0e5c
Now,51332d98-df1b-4652-a861-f42e9105018c
Heosphoros,bc077f6c-7207-4cf5-988f-d35fc9beb479
Bert Williams,0e578f5c-bdfc-43fa-bd9a-9d5b67ef353b
Actual Birds,f32fc9aa-7192-4d2f-9e68-2842d41719fc
Seth Paynter and Kevin Patton,5420
Hans Grüsel's Krankenkabinet,8808b1fd-b66a-4c25-9b8c-e0367f923b5c
Ilyas Ahmed,c07020e2-9721-41b4-b3a6-3938e40ac84b
Rainbow Arabia,f2f7cc07-3f98-46cb-a9f8-1c37567441cd
From Bacteria To Boys,2662
Oorutaichi,8e3ef466-e702-44ae-a057-d8e9a1b95798
Mellsch,70fcceee-c4ed-4cf7-8b27-82e0e1c3b51b
Jeremy Wallace,1375
Aaron Moore,f6b9e9dc-3c6e-4d09-b924-991ce0a5dace
NiCad,8ba414a7-2184-45c2-b240-2943ac6b8e6b
Sophie Tucker,1404fcf2-5c92-434b-8d37-7f9b0c8f986f
Lesbian Afternoon,f94dfafc-af5e-4b5a-9352-36580e3c645c
Ilya Monosov,84093877-264b-483f-ae6e-0e21c9a81656
Caldera Lakes,80ce088a-c45e-49a1-815e-77a67e722fc8
Immortal Lee County Killers,874
Interkosmos,8c210771-8cf2-4f17-8aef-b06d355e3615
The Riptones,23f52621-86cf-413a-b039-4637a32f7340
Bonnie Baxter,60cfa115-e5e2-4100-88be-7f10d50dec29
Terminal Lovers,f3a6d5ce-80f7-4cda-a918-d00992654129
Moonshine Willy,9bb54517-4b4e-475d-aded-c09cfc8d61fd
Stark Effect,b9b19a2b-584b-4fab-ae1b-0496dc1bde86
Ton Rückert,0f4c342f-7f1d-4f76-b23e-816e6bc38fd9
Datapanik,27f46504-020b-48e6-9523-8bb3c09ad509
Arthur Collins,856ba0a6-e2e3-4449-a60c-0e639e7329b3
Nikolay Kolev,2968
Fabrizio Paterlini,066160ce-d1fe-4e93-a446-2f72f15a580b
Grouper,7e571e09-887e-4544-b993-eb75e7837ec1
Wizardry,5260
Joe Frawley Ensemble,5468
Guidance Counselor,c9d2e257-268a-4802-ae81-ddac1d9d228d
Sinistre!,cb85d94f-4fa5-4aac-83ca-ea4f2859691c
Burnkit2600,5f4ec54b-7e36-465a-b034-fb73b4ed3754
La Guerre des Mitaines,e75cef26-7d35-47e3-863b-110d57220dbf
EPMD,4fa39dc8-c695-4e0e-ba04-92c63d99c9f9
Morella,041105ca-90db-420c-bf61-6815358fac28
The Butcherings,293
The Harvey Girls,187bffaa-bf5f-495c-9180-6624182c9d66
Captain Ahab,77a7fda7-d18f-4c7e-84e2-53a010c07c01
Ezekiel Honig,f703c9f5-764a-49c4-ab9d-c551f444c11a
Silver Pines,ac697625-9c1a-449c-a6d0-71fbaac1b249
Claremont Trio,f8cccb7e-463f-4655-b0d9-45c9d79b806b
Covox,9b89b846-f52e-4f8a-be99-c5bd98dcc1a5
F/i,a18ddefe-c2cd-4533-ae9b-5b31e2207b5f
Gardner Chamber Orchestra,d549bb76-f895-43c1-a3a6-b0cdb32aa77f
The String Machine,3616
Mabafu,81a80d3a-4be4-4e1c-a12e-3e267bd18953
Dan Alfresco,d2236859-63bf-4d66-a1eb-cf57bb75ed91
Olivia Chaney,49cb68dc-f515-498a-b38b-c5e5d8c31085
Thollem McDonas,8203910a-fc3e-4593-9f05-dd6f4118fc79
Das Haus des Hundes,17882
p.WRECKS,68a52ba1-7c6d-4245-a7c4-2b8737afc272
Ottis,631c7e2b-ca26-4dd2-973f-d14266cd0d6b
Čoček Nation,17898
r.y.f.,17906
Ljova and the Kontraband,967cc5bd-affb-47bb-91ec-d144938eff78
Frank Wilke,9de202df-7091-4e37-97ca-05809174cc7e
Andrè D.,53ce4fe4-eae1-45b3-a2ec-9fc5f39afb19
auris+gino,17964
Dizzonanz Domestic,00ac8ad2-db98-4353-9f78-de23568cf732
Gawain Thomas Trio,18009
Pontic Firebird,18011
Trio Kavkasia,b2f2e214-bb55-4d05-9fa3-18884f0ecbed
eden,18063
Nancy,18238
Overlake,5e768f4e-7d95-4033-91a5-9030e8391b1c
Jowe Head and the Celestial Choir,18395
Trans-Idio,18399
Tómur Trio,18436
Simon Simon,123fa69f-260c-42d1-b40b-c2ccdfca47a0
The Golden Pelicans,18483
Helmut,18526
Black Pines,ceec4a7d-2f20-4154-a8f0-1faa92a18d48
Sam Moss,18573
Herve Perez,0546dc1f-cfc2-4c1b-8658-b2498d943a8d
Gotesman Razin Mikryukov,18639
Elysian Fields,1350f186-0fbf-4ea7-896a-340d52a29f40
NNY,b8bf7f78-de9d-46a6-b7f8-471c61998dfb
Elvin Brandhi,3402cb86-28b0-4776-914c-c531decd94e8
jimmy penguin & reich joyce,18729
Abbey Nex,6c44d07e-dc3e-489c-9848-7ef2208c4a94
Kosta T feat. Ghofra Z,18769
Miracles of Modern Science,20e906b2-ab07-4b90-bda7-d17898eac034
All the Empires of the World,4775b027-8c17-4ffc-aef0-9b164c5103d9
Awkward Girls,18943
Vic Ruggiero,09e7d123-88ec-412c-8a0c-abfea7fd5a89
Amouth,1b938b65-d66d-41f9-9e18-c604e43b6d26
Stephen Bartolomei,19010
Zapaska,471b7b32-344f-450c-9b43-2d91cde3f73b
Papascandy,19071
Humble Tripe,19109
Antethic,86edf16c-967d-4cd6-82a1-c8862cec61d4
Balkh,ef151cc3-272d-4224-906a-b5f0419c4ad4
Ought,a039f1f1-e664-4aee-a917-426514734aa0
The Cats,19344
Hazy Montagne Mystique,202807fa-9ed5-4e85-a640-a46a9cd22f69
La Tabù,19427
Thomas Kyhn Rovsing Hjørnet,5be852b5-8bcd-459e-9a99-61e10aca63b5
The Mostly Bad Virus,15344
Marco Mestichella,19484
B2B,15342
eduardo rosario,18492
jmhs students,19614
Caroline Park,292879bf-94ee-41c9-a82d-b12160b35d8e
Björn Ganzer,19838
Julia K. Mars,19890
Turbo Fruits,eb8357db-6845-4335-a3ba-7f504d85c0a9
Union Furnace,4f5f4d83-9bc7-4f97-a6eb-47074ba61dc3
The Golden Dawn,7fcf5e6c-e12b-4353-8ec8-2ef613b99b9e
Pepper Coat,20107
Igor Khabarov,b951eee1-3a91-45d2-9443-c04b42b10510
Stefano Vita,20119
King Capisce,52840240-f555-4277-881f-7fc0762f1e76
S.Bobrytskyy & M.Paramzin,20306
Tate Peterson,20319
Kurt Baker,ea8cb11b-e8af-4768-a309-f1eb497dda4f
The Britemores,5658d9a4-15cd-4630-be9a-ecd60cbab46b
Gorilla Chief,20481
Anima,6e30db0d-7699-4394-b385-4924354af828
Joanna Sternberg,8f9f14be-6364-40da-9d82-984acdd66f27
Ace & the Gulls,20586
Dropout Patrol,97538ba9-d4df-4c5d-98de-a92ef5f73916
Red Trees,53c4bff1-bae1-45b3-b352-c7765d4f5b02
Finished,8c718e9c-a35f-4b60-be55-732a0e629b7e
Rachel Mason,20702
Dead Tenants,6aedcf5b-0eb0-4414-a719-bfa73157174a
Kandia Crazy Horse & Spirit of '76,20738
Titmachine,14353
Bombay Rickey,3bd8c7f9-4a50-4f36-a2d4-ad4f979ba570
Furtherset,47b735f6-becc-456d-9ef3-d3473390cfb6
Mountain Cult,14738
Plurabelle,44239113-87f7-41dc-84b1-ea72dd5eee35
Zoe.LeelA,8d66b09d-ee46-469f-a8ff-bb554cc124af
Güacho,c971bbf2-fdb8-4992-8ff5-df1a37c315d3
Starred,006988a6-8314-4cb8-a841-12400d488f36
Megan Jean and the Klay Family Band,15226
St. Claire,c561e2de-e975-45b9-84a2-2808caee6708
Russian Tsarlag,f88cbce9-d52c-4d36-8d7b-8bab822c5fcd
Radikal Satan,2cb59149-d259-4e2b-bc9c-d3b587c50a8d
Farthest South,7fdb0c58-150b-40e1-b849-2918166e50a1
Jeff Gburek,43fbafcb-004d-4414-889f-986942abcad6
Alexei Biryukoff,15761
Blessed State,15830
Lauki,a82da655-c2ae-45cb-b958-614ccb2e44d1
agnès pe,1f119537-d51e-4e97-880d-e9d418bbf859
Allah-Las,cfd1fdcc-3c1d-4854-a500-31d96a6d5184
Haemon,7989
Youth Avoiders,bb832f7b-fea1-4c5c-9edc-c1b885100558
Ed Trickett,3a80863c-6358-4a40-a517-5641f7df4b5b
dUAS sEMIcOLCHEIAS iNVERTIDAS,14422
Sava Marinkovic,8e38fd2f-0354-4ddb-91e9-793a261414b0
Gun Outfit,34d2585f-497e-4d37-a755-3e6489112e96
Mudhoney,e675295a-1efe-4247-aa3b-53b78d0cdffc
BLK TAG,97f2de0d-7ca6-409a-9c86-a09b4b6bdb9f
Possimiste,5ce21f7b-0159-4d91-92ca-caa54e6f781b
No Joy,1667e92c-84a4-455b-89c8-70bf5709c22d
Wax Idols,f1d384a5-c25a-4ba9-b589-44de9becab96
Koalips,850c40bd-5988-4827-88f0-6d77cfca4000
The Orange Peels,c0366a67-0320-4cfc-971f-d4ead8dfd63e
Seaven Teares,e52c4506-1660-4a02-8291-401af971bd2d
The Phreezound Orchestra,16646
METEK & Josef Nadek,16754
Captcha,16845
Eric Boros & Fritz Welch,11502
Wreck and Reference,213d8b80-7f69-4da9-9b7e-19ce187fc339
Somewhere off Jazz Street,471aa817-12bc-434a-98c9-f0edbee63113
The Gotobeds,e7b5de13-8dd7-4354-a385-3bb3d23bfd7a
The Monochrome Set,9a6880e7-5795-4ed3-8c58-7fef968aaa61
Rachel Ries,f5e4edb6-e011-4885-80de-6fcf63d2965f
Richard Youngs,39bf16ef-8487-41c1-876c-88d32e5bb289
Cal Folger Day,17e704dc-1ebb-4e64-91dd-5e849f920954
Free Pizza,40658cda-8ea8-43e1-9444-f197c59b566d
Bored With Four,99e692f2-a9ee-4df0-a4d9-824567260fb3
Ghost Chief,17077
Bluesraiders,17153
There.,75cc4d7b-583c-41ab-b627-3a976f524878
Vysehrad,14454
Higgins Waterproof Black Magic Band,660082be-942c-4418-b04d-8da83f80cbc9
Andrea Tomasi,1d13adeb-20fc-498e-bd4a-8d7c6d595d93
Camden Joy,1497
Salarymen,43e6e057-3d5f-4efd-b822-b828f00fe0d8
adamned.age,4cf55806-f641-4ba6-8b0e-11fd36ee280f
Jesus & the Christians,cda836eb-5837-4259-aac2-0af4ea9183ae
Butterbox,b01dd2cc-5010-4519-a66b-6e2c268dd6e6
Minson,70f3d5ff-1d45-42dd-8faa-3091e1e567e0
Madek,17494
Jari Pitkanen,b367481e-886d-49da-aba4-ce15ca38dc54
Prana-Bindu,
Mittimus,
Randall Colbourne,b49606ef-b9a4-4758-9443-cc3c35535d61
Decapitated heD,8735
Dawn Of Humans,1c22b723-bfa3-4f20-8e28-3d563a983357
Liquor Store,12727
Nikola Vranjković,7a6a355a-775d-40d5-baa8-be255826bc85
Unicorn Hard-On,d3a94102-47d8-4027-88af-1a222320169b
Eros and the Eschaton,37001091-15ab-4b78-846b-c48ea166eabc
Vomit Fist,523daaf0-a5d2-4d89-a87b-5dff1c54fc56
Vio/Mire,ead51c1f-0a02-4d29-b0f6-05325ea42c30
Reuben Radding,02c68c85-a9cd-498c-9fdd-0f08705096cc
Andrew Drury,aeb99f88-421f-4673-b8ea-eb3e0a5cc048
Ultra Konnard,9563
Joséphine Muller,
Pitman's Gramophone Course of,10840
Overnight Lows,c01f3eb6-fd9f-46ae-8013-3e85947f52c6
Shiny Brites,10891
Vincent Barras,380dc100-a32c-48eb-94f5-03fc7bb07961
Jacques Demierre,4fc63652-0f29-4b90-8805-192c64b40421
The Barracudas,89d06e04-263a-4e12-9caf-7e8816e4e61a
MKRNI,ee9817e7-1354-4dc0-b107-7f892abaaf57
Radboud Mens,386d4341-e308-42bc-8f8c-846802bc2921
Laura Stevenson,70b166d1-b511-49f1-ad15-8b94603515d5
Rhythm & Blues Motherfuckers,3914
Last July,81f496e2-162f-4fa6-9fe1-015d4fd06645
Black Math,82
Juan Cirero y Martin del Prado Jr,11514
Urge Overkill,120e728a-4078-47b7-a31c-d581ade28bde
Doyeq,e480511b-bb4d-41a5-9106-e8bfe973a42b
Los Steaks,49519d24-d1d6-4b10-bd5c-9c692433f608
Capsula,2209c9f8-7063-4f34-8227-c8c76a9b2e12
Kalli,11668
Limiñanas,11680
Mentira Mentira,85f4fd6a-bfb1-41a6-a098-e5b1aecacbc5
June & Jean Millington,11746
Ayato,e27ec416-b5db-49ac-bd5a-ab48248248b8
Otto von Rhinau,fb3d82f0-748f-4c2e-805b-f78e911ba25b
Arie,11824
Culprate,2b55feff-a0d6-411a-a2e9-39c57f9d2fe2
Mary Lorson,f8b74dc5-008f-4f1a-b8ff-12c67eb0ea98
BrandyAlexanderProject + Laps,11932
The New York Underground Orchestra (Conducted By Assif Tsahar),11971
Starseed,308bfea7-472f-4eaf-b430-37f8b4d6585a
Bird of Youth,9b02e49c-416d-4af1-81e6-0ea269641cc3
Sorrows,0b35a257-30af-45cd-899e-3e0b8bcc6961
Chapter 24,12078
Soarwhole,ee563ec9-41a6-4733-99de-8c612d83434f
Cristi Cons,ebbab794-16a8-466e-8f94-06669dbc58c4
Peaking Lights,e5479b91-5a7a-4c65-bd09-df6a308f8bc0
Ben Holmes,6be7e7d1-900e-443d-82d5-fd05adb1e1a1
Patrick Farrell,bb818c9a-4aa0-45c5-9700-e207a5aa7be0
Jiony,5df66d90-8f7a-41f2-921c-47ebe95a2045
The Fadeaways,b249889c-cd5d-4453-92be-8b512221c1cb
Stickfigure,12355
Wake,12388
Missing Monuments,3e80b83c-80b6-4473-8de5-f796d264ec1e
Peter Case,a92e8183-60d5-45d7-9eaf-8dc5d0aa8ca1
Michael Valentine West,f0a9ee9e-6934-497c-b87f-d3368410ee1d
Benjamin Jackson,12780
Ventanas,12855
Tenores de Aterúe,12860
Brown Bird,64843aed-673d-4745-a705-a8b93bb698d1
Clutter,7595
Photophob,88d4097e-fa88-41fa-98f3-6e0752f2881b
3eese,13267
Supreme Dicks,1846e6c2-3045-4363-9af6-0891f03381be
Great Black Waters,9626
Wretched Worst,13335
Wry Box Feast,13340
Spoek Mathambo,2fd8b4f2-af00-4235-9a8e-1fa3205fb643
Mixers By The River,13399
Raw Nerve,13443
Miró Belle,13460
Carl Clements,204d800b-8ca9-4205-89bf-f9a507fc890a
Labasheeda,97516484-38c7-4613-ba7f-1560b66ecaab
florconvenas,178f664e-ae63-49e1-aa01-f68443905cf1
The Magick Travelling Backpack Band,b5d53e5f-76ab-457f-8c09-f10370c69d1e
Susan Alcorn,13606
Paniks- live- Romania,13619
Beggars in a New Land,a41a1f28-5489-42de-9723-d740a11557b0
Tift Merritt,e6dd42c7-9ed4-41c8-bf50-3387ece6573b
QTM,13803
Ghosts,13889
Ollie North,13894
Origamibiro,38b15089-2d12-4872-ad5a-08c80652fe23
CHLLNGR,967968b3-32af-40e6-a7ca-8debefbe22f9
Scott Sherk,acb2788b-e114-4921-8ecc-1463c4814536
Fran Ilich,14292
Mikael Jorgensen and Travis Thatcher,14294
Acid Problem,14341
Dolores Catherino,20955
Clay Rendering,b7d1ed10-f4ab-4dac-ad2b-0cdea620fd42
Arwen Lewis,e111f4ea-7ea5-4ec7-8e2f-c6a4e8115a7a
Sumeritae,20991
Hafrsfjord,879d6e5a-27d9-4fea-a3b9-b7048d828f4c
Have The Moskovik,78c1dcf1-65b7-432b-8ce5-613967874ab5
Satori Ensemble,21071
Cor Blanc,21143
rocheleau - bussière - couture,21247
Dissolved / Nonima,14503
A New Silent Corporation,0b39d3b2-0406-4324-a4a1-a50daed98a65
Expert Alterations,de93a4dd-bbaa-4dce-ba35-00704dae31ad
Radio Jarocho,128a820a-a7d7-42b1-88d5-ba2d391945aa
TransFX,21497
Charlie Megira,dcaa3a76-4aed-4e59-9eab-4504f8aadb50
The Bet She'an Valley Hillbillies,250a2cb6-3930-4fc0-a0df-8046cc031ff6
Jimmy & The Threats,58607752-d5be-4d4d-813c-9495920450c6
Ennio the Little Brother,a5e7ed6b-7087-4983-b9e7-95bf86893dbc
causings,21617
The Marian Circle Drum Brigade,21734
The Deafening Colors,21747
Remo De Vico,2ad634e9-ffe7-4586-80b3-c1cab254e382
Girls On Grass,c2eaae77-cd10-4f39-bd2a-a971ee27d17f
owczarek caicedo ponsa trio,21869
Honey Larochelle,e2483441-08f3-4e19-9a4d-b2a33d89f7e7
Purling Hiss (Solo),21895
Jackson Grimm,c1dfead8-6e27-4c65-9e9e-7b8b3b70c654
Janneh,20987
Méryll Ampe,88407185-65c8-4dd7-be79-9f77012ec9c6
Resonancedj,22104
S-B-J,48b15b95-66c9-4268-8f07-b52bcdf28d97
Dinos Boys,c0214994-5e04-4f48-ab86-d696c6321a44
Charles premier & Zreen Toyz,22244
quietest,22264
Pau Riba,b1c41495-8a2b-4eab-a73d-516f916205e4
Shana Falana,882cec90-0cdd-47aa-a071-00876c132017
Heron Oblivion,f8114ab7-5b07-4c1c-8fee-4747fbb0b5b7
Dave Nelson,22370
Sym (5) & Ars Sonor,22242
Otaké,46d885ce-bfcd-47c6-a14d-b036cdd835ed
"Interiors, c.1964",19592
Illusory Scapes,22431
Liz Toonkel (Beat by Christian Cummings),14743
Casetofoane,14744
Howie Mitchell & Charlotte Williams,14834
Clapton Girls Technology College,15849
Pete Lund,1257e653-5c3e-4ce0-953e-73c4e67ce1d9
Corty,12294
Fred and Toody,d1164429-3873-48c4-afdf-63e1d37974df
sabrina siegel,53a580a5-999b-4839-a7a0-d52fda8206c4
bryan day,
tom djll,e8ca4177-5ddd-4d27-84d7-cb4af7299aa2
bob marsh,
Dj Shinezz,09460d4e-a9ec-408c-afac-20f1ec4fb7fe
Akpatok,21941
Drag Sounds,39328a6a-1760-47c5-9a1d-22a7bacac1d6
Nobodisoundz,14e9cf28-a15e-4613-970f-2789b8b65288
Nineteen Eight Eight,11896
Stuart Chalmers,44adfc10-0be1-429c-a343-983b1c558c15
Void Vision,4dd7962e-e136-4d8f-8186-b119b0c9dfe8
Regional Curse,f025e9b3-c815-4c1f-8ca5-e9944e21fa38
How I Quit Crack,06ac2749-5dc3-466d-8490-cd7788316520
Nicolas Falcon,476523b6-fb5e-4c89-930c-0fd4706f088c
American Watercolor Movement,1b108d5c-194b-482b-8274-82a6f394e134
Alpha Brutal,23594
Martin Rach and his imaginary band,a34d0305-72c9-4066-bdc9-33358a06fc77
Anthony Osborne,295027e0-a761-4940-94e9-fe98fcf15c4f
Antonio de Braga,a2640c30-56ff-4424-8b9d-7842d306477b
Isaac Chambers,1977885c-8a46-45ec-8f8f-525163799c1e
Rien Virgule,d348098d-992c-436f-8f98-fac364e3f180
Gary Wilson and Tredici Bacci,23765
Hyson,f224f24c-239d-4101-abbd-d54802ad8f96
Night Haze,23821
Samuel Bone,23823
Ihtimanska,23860
Kyle Preston,f8d541b5-730b-4f54-8358-026ea7d21aac
Le Projet Ardéchois,23902
Kuniya,24080
Kai Nobuko,1b37a6cf-0995-4ffe-a96d-8b222f1ea729
Inner Struggle,24188
Eternal Black,6c42b0aa-d20d-4587-84d8-42e23b532631
Itsensäsyöjät,24309
Theredhead76,24342
Spowder,24357
BCBG,780a701f-73a3-4fd1-a0c3-d3bd0f8ee98c
J1*,22688
Unune,22706
Free Soul School Switzerland,22686
Mike Meanstreetz,3c16f6aa-91d4-4ad4-b18b-063a0a512c3b
Gestalt OrchestrA,5f8faf3b-932e-4747-a518-abcbff6f7d82
Symbol of Subversion,f9eb4c2f-32f2-47b7-8bd5-c6cd31b45ed3
Madame B,47ff9a5a-da26-4bab-8c32-1e407c735242
MÖ$Q,65b35d42-7cd7-48d7-8a66-027ddc7f49b0
Peninsula Fernandes,a23af21f-6db7-43bd-a47a-fb9370e9862c
Eklektik Ensemble,40a64c24-9fc6-435f-8779-460e076d12c2
Ocathail / Hastío,23166
North Cape Lights,9855fc1d-3140-40e3-aa99-d1a9a6412c5d
amanda irarrazabal,fe2a8833-21f0-4aab-98fd-907cfe5e9d23
cecilia lópez,
cecilia quinteros,0a9333e4-5b09-478d-96d7-c1c682583128
Norwegian Blue Records,23325
Musick's Recreation. Milena Cord-to-Krax,23408
Krisa,01121f72-d8ad-4bbb-8c87-397a92fb7385
The Dutchess and the Duke,0b9ce391-ea64-4317-b879-776d297735ab
Druzina,7ca4ebbd-b089-4b64-9bcc-c992ec1ae593
Rinus Van Alebeek,fdfc687b-a2f5-4e53-a06d-8d4e32427b21
cHelek,6766
Nothing People,9849e875-708c-48c0-859b-cf7fa2aeeb85
1st Dude,6973
Chan Wai Fat,96ed7755-0d83-43c3-a57a-f03542406987
Nueve de dos,7334
Boom Dispenser,7582
Bnegão & Os Seletores de Freqüência,c5ba169b-2236-44a2-a19b-ee39dcf6610c
Decapitado,7738
The New Heaven & The New Earth,332017b4-aa22-46ef-8264-20d208572f1c
Nathan Moomaw,8e2f1f81-4b77-4ac1-a1b3-62cf5315c95e
Claudio Nuñez & Sergio Paolucci,7977
John Roundcity & Dooley Wilson,7996
Unas Rakraganh,e23350d5-becd-4f00-9ecf-e8d47508b684
Blok One,9a21fcb1-bf79-410c-bfdf-37347a908a5f
Chico Trujillo,101d3c29-b414-42d4-aabc-02fd2fbf935d
The Jim Jones Revue,0c7daca5-9955-477b-882a-362a49d05450
Bogdan,8152
Dawn of MIDI,273dee46-43b8-4385-bdd2-d98bbad3c13e
Tinitus,8349
Sound of Ground,2e54feba-5938-4a62-b2fe-be2812a555bf
Chris Kucinski and Owen Osborn,8417
(none given),8614
Eola,a034dc1b-65a5-4ee6-967d-936f33b441f6
Raül Refree,0a797765-7506-43ac-8f75-b9e4132b31d6
Pedro Vian,03649f1b-7b95-444d-bd7b-8d6cdeb9ab04
Kink Slap Simian,fde7d1c0-b8d3-4adc-b31f-eb89a1de9e47
Decomentarium,8763
The Communion,5c4d6f05-a6bd-4138-baad-bcc821b7bb12
Children for Breakfast,9180
Montañas,fc9e5bc4-8095-41bf-a3bf-9110df3c699b
Peter Cora,9216
Easy Action,9391
The Model,8174
Chocolate Chips,7440
Gel,9461
Rosebruit / Franck Smith,9479
Joe McPhee,e8a6ad5b-bfe0-49cf-9de0-71dc78300300
V.L.A.D.,9f01400c-aa78-437d-9af4-a1a66705e59c
Ga'an,c6ebe8ee-01de-45ea-b22b-87dd6f983f7e
Cobra (avec logo panthère),9852
Univeria Zekt,66cc2afc-4c49-4d57-825c-f6adaff23f9c
Evening Fires,379c458f-4aa7-4f5d-aa94-73162b7cb80e
Mind over MIDI,d94b35f2-3911-456e-96b8-6ed0357dbff1
Redtheplaneeet!!!,1598de26-7d4b-40d5-bfbc-fe210790c9c0
NEW YORK,10082
The New Albert Beger Quartet,3dd5b442-d07e-41a6-9b2f-deeaf49735f2
Stems,10239
Hunton Quintet,da6552de-8344-4488-befa-afba02c3250b
I Drug Moy Gruzovik...,10393
Rmeaajlimk,10433
WoolenMen,f5e1d780-701c-4f4b-8658-d7e65dc4eca5
Ludo Mich,7eb1e981-165c-4e07-947d-087afc359ef2
Capullo,c5e120c1-ea55-400e-95c6-50a9fa6ff6fd
Dj Somatix,708b969d-9843-4fa4-b3a4-875c6860ab8f
Fantastic Swimmers,13d211a1-cbf4-4cba-aedf-20b81104153a
Phil Lucking,1ed18e1f-bff4-4df0-8450-e9ba1318a57a
Secrets Of The 45,494629a8-6f66-4f1e-8bcd-9359ba0f4899
Pollen Trio,4ffd5895-0bb0-4144-adc0-ad0acf099c76
Pulsipher,2b8f868c-0713-4354-9271-6ba4397c6b7b
Kayaka,f00a9c5b-5691-4cee-9770-139a5eb6b465
Dental Dames,28743350-7b17-438a-b65b-ea950f6b3e7d
Summertales,46fba786-5b06-4dfc-83cd-040c28a2d463
Zydepunks,3357cc0c-478b-4e43-8783-5c5894cb0119
Boyscout Discovery,a894e3a2-f8a5-4d8b-8ed1-92f4e088fd86
Astrometria,78b26035-d8c3-4190-a325-a5be251c6e0b
Sea of Åland,01ef812e-64df-47b9-9660-d77ebb1184d3
Pogohm,75e4569e-85c9-4124-9d93-e910db4211a6
6128F,421e99c4-327b-401b-ac92-23a490dad2a5
el zombi flash,09e1619b-4e98-4622-8c04-1ba9854b1285
Fulmarine Petrels,5568df92-eb15-4821-9027-9e9804a272c8
One Minute Wanda,f6fb69f7-5a8b-4d3a-bc35-600f0f31b840
8bit bEtty,d0b39efa-1c4c-4098-ae13-03fcd8ed4141
Nathan Meunier,7b0ac80a-a99e-49ed-afd5-a8db55881049
Gorod,ac3fbaec-67bf-4454-b4a5-b3b987ef5847
Soft Tags,d26faaf1-adf8-4c22-88d6-5523904d262b
Polka Dot Dot Dot,a34f3fb7-f380-491e-9852-26fb03a32031
Emperor X,e79dde40-8b35-4105-89f8-a5b0afbfd43c
Elephant Micah,caef4cac-9538-4f80-acab-9bee42f55ed8
SECRETARIAT,8615
My Teenage Stride,88e223e2-3322-4c66-b7a1-d7772e287443
Demiran Ćerimović and His Orkestar,8688
O.O.O.,8734
Tzara,289d3d2f-2dd2-4f2c-811f-aac309bf2ec8
Luís Antero,aee4f69d-8d48-4a63-b0f4-89c2a529221b
The Side Effect,7411
ANT,9698
Purling Hiss,0bfc42b8-2fdf-44c3-bdd1-e40bbe202e38
Huun‐Huur‐Tu,6e3d75a2-b371-4156-a1c1-7b56e1c965a3
Dronæment,9048eb60-a4ef-4e2b-9dac-b12ed208ad66
BL▲CK † CEILING,10641
Various Artists [Chinstrap Music],6317
La Big Vic,079034ab-1454-45cb-924d-9e2745cb0462
Milk Music,fdb47c0f-26f1-4ff1-9eeb-7987ff991319
Nadja,a0c83cf0-7571-4538-a430-fb04c408d4d2
Noisewaves,64b14660-ad27-4131-8ae6-0b94f899975f
Curumin,762f8713-15d0-45d7-b0d3-f989bfe1d233
Roman Stolyar & Ilia Belorukov,6718
Flowerheads,68cce513-0cbe-4c8c-bba6-44c86cb8a072
Frau,b723e02d-dc1e-4e13-a9a2-57df51383d27
Heezen,ce862b1e-1c77-4d65-aa44-a59d707aa6da
Evan Rapport & Chuck Bettis,12545
Baiyu,f2e365cb-0145-459c-85f9-86df17d89c98
Houdini Roadshow,582346f7-4d10-4218-b965-ca04d7d60149
Judith Cohen,12856
Tag Cloud,b9caec32-10a2-41d4-b413-ea0c68929d15
Bbigpigg,7ef76a32-c601-478f-87e8-080dacec5047
Sir Isaac Pitman & Sons,13350
"V.A. Vol 1 (Shaman Herrera, Maximiliano Prietto, Werner Schneider)",13381
Literature,fd07a3de-bbf6-4420-8fb2-f109d2677ab6
Morsa,78eb709f-e1ef-4775-b203-6b4c820b2b85
e:4c,2f109a97-4bd8-4b16-b774-0823fe9cbb2f
Karl Hendricks Trio,3a1390e2-2b11-4714-91dc-db73af90b26a
Art Electronix,95ad3b3d-bc24-4996-89fc-3ece87e291b9
uBIK,3ed5f1e6-5b69-46c1-8b88-635dbc681dcf
Sanawon,50bd52f2-7b3f-4182-ac24-88f98b9ba74b
Ash On Dust,15562
1in10/Varia,15743
Brock Tyler,b04776c6-3b82-4c8a-a4d6-9f79b81d1c02
Farewell My Concubine,14666
Gamardah Fungus,cf430bf2-7b2c-48b0-93ef-16a7978167f7
Ebsa,19201
Alessandra Celletti,13fd7ed5-15f3-4828-a06e-b25a09bcfd66
Bitmoth,f6587a16-667e-440e-a6b3-8d8a99906a78
REKchampa,3f2fa8fb-b4f4-4420-a2b1-bbe497e8aaad
Ga22,20331
Eleventh Dream Day,751b1385-9595-46ee-b634-8f90f892682a
Remote Desire,20787
Sunshine and the Rain,8a0c5790-ff59-44cd-8fee-35010a52e56f
The Ex,5JjsLpZlE0oSu9opRGQYWm
Salavano & Tsongo,21135
Trevor Flowers,7Iky61lEy4v2RikTCW3uZr
Iheka-Chama,18d8f10b-904f-41da-8525-3f21299ed69c
Tanz,eac164bf-1fd4-4d49-a4fd-726f753e21a7
Richard Lloyd,cf093402-ed70-46f4-87a2-cdb1cb0e629d
Cud Eastbound,75399f18-3b6a-4a65-bf8d-a69b0f8c9200
Jacques Le Coque,4f980d89-c1e5-4a80-b720-f041b11e09cd
román ramón,15998
[ur:neon:ono],16179
maD & Alg0rh1tm,16325
Punky Donch,8f74ce7f-7b2a-4b86-8879-c679a45856cf
Ghost Recon,16765
GLITZ,16877
Nick Corbo,4586950a-605a-4051-a3e8-a622dff0d89f
Keep Them Alive,14560
YlangYlang,30e044a6-a4d5-40f9-a3c5-d0ddad3761b5
Morse,17396
Freddy & the Indifferents,17435
Trabajo,3560d15b-9979-46f6-9583-11d52448822d
Magnapinna,18779
Butano Bazaar,18818
Marlaja Virta & ono,18838
J.L.A,18922
Re-Arbeiten,5e8dfcdc-8e0a-4d41-89ec-e18f7b94efd0
LoveyDove,89c8a06d-455a-4dd1-840d-46bfc9f64b93
Glenn Morrow's Cry for Help,7fb5dabb-cbe0-4279-9250-cd3b6d40f178
Discepoli-Barbiero,23639
Ffiper,814aa817-b009-42e0-a74b-805866cce270
SRVTR,c9896fa1-d661-47c1-ad9d-d4919a0cce1d
Berthelot & Saccomani,22281
Htoo Trio,22553
Carlos Ramirez,71d5c96c-482a-4546-afce-f372ee60f623
Colonel XS,fae0ba34-86a8-4158-beb2-a74e19a0b539
Moolen,a2d4ea77-1876-4d88-a317-accef709ff7b
D.Y.K.G.,838461a5-48b2-4a54-9ed9-5152ec282437
Alejandro Remeseiro,39eec92f-f1e3-43f5-822b-5a1ee87de92a
Rosendo J. Rocha,45820dc8-f883-4a9c-8c86-d45f7747f409
piotr-heslin,eb493c84-4fc7-4e31-845a-71f2a4d6b2ca
Shadows On The Snow,f3aaa396-c3a6-46e4-868a-3834a3c61511
Cutside,6bdf4c10-2515-419f-b0dd-3e41781173db
Artoh,84cda336-95bf-4370-b229-021da5148076
Name Your Fear,23865
AWOTT,7820
Hazarda Bruo Sonsistemo,91372b57-df61-4102-b928-85f3b38f71ad
Derek Joe Brockett,2a1546ae-647b-4a48-8210-beff66fd54a6
Laura Warholic,6507
Tres Tristes Tangos,13104
Machine Death,9ca8d7d2-d579-439a-ab55-dd38bcc3a905
Au Fond Du Car,119ef561-60a2-4808-a7ef-e8adf28662e1
Gregoire Fiaux,15853
dsbrdr,7878
Ion (Romania),8616
Metatron,36758cf6-e755-42ff-aa66-e806f951594a
Trio Metrik,5b7870b3-a32a-41e6-a2ee-778d601a7f87
Adapt,9778
Mighty Mega,9cdae468-157c-4802-b47b-b5727f873031
Sally Crewe And the Sudden Moves,c57358f2-86f0-4505-969b-a4f3a8e19e39
Zulal,f84d9da4-7953-48a0-9430-29144d4379d8
Beech Creeps,8af1d72c-9a73-42cf-9c98-8c979f003035
Big Mean Sound Machine,f88763c8-5ae9-4045-89cb-b05d49aedf97
Jake McKelvie & the Countertops,8eef051b-650a-42fe-ab48-d1dfc174e010
moody alien,21255
Jacopo Tore,21498
Eddi Front,e4357eda-be77-435f-a952-9f5430e4a261
Bison,17343
Uncle Lew,7502
Allysen Callery,74375729-0cef-4a72-a426-ac6a3619ac0a
Ghofra Z,18771
3K3,21588
John Butcher,0437939d-c9fb-411d-bed1-769810df8567
Mutual Hallucinations,5532
Manikin,5758
Wrexsoul,93759721-7c60-4aeb-91e5-37125fbbac8c
Universildo,349d33fb-faed-495d-bd0f-477a7fb108f7
Chris Corsano,b3cd1260-ab5d-4f24-ba9c-d58d54edbb4d
BornPilot,6016
Alec K. Redfearn and the Eyesores,38234a92-73dd-4296-b0dd-5ddce17dec38
Kevin Shields,177
Lungs Of A Giant,198
The Moonlighters,2fe25082-2dd4-426b-8758-cb7f65bb01e2
Necropolis,221
Tommy Jay,a89e91a0-80e6-4cb0-8f6e-72c64b576b03
Vincebus Eruptum,317
Au,01515686-f67b-49a3-9b68-7b53914fc0a8
Baskervilles,041907cf-881a-42e1-83ac-0cb10e43ad2e
Byron Coley,ee2b5188-f62d-47c1-b025-71c0df838fae
Chris Moore,1049
Golden Dogs,802
Great Plains,337c6e9f-4d6a-49ae-907e-78af6a52a6ee
Leather Uppers,941
Matt Baldwin,c9df0598-6b17-42ce-a429-6e9e1da0e98e
MetroFolk,291b6132-98fd-4007-8aed-c796eab5962e
Nalle,99de0440-9936-46a6-9324-ede040f1e09e
Gentleman Jesse and His Men,92627d43-b0ba-4ccb-a93c-246ac5b21ee2
Flaming Fire,fcf3b93e-e119-41a0-b602-abecab593423
Bleep,2ef446d7-5901-421e-a947-d60bf1439de0
Sir Richard Bishop,a444f8ff-2f8b-438b-a680-32c1f393244b
Alvaro,402
G Orwell,9
MV + EE,de9aefa9-f7df-4638-ac35-7ac1bfd98828
Naked on the Vague,22058149-fe2b-469f-8309-bfaeafeef67d
QQQ,ffb9f302-7972-424f-880e-68f86db99a5e
Puffy Areolas,154322fc-60ae-46c3-8da5-450aef16049f
Patrick Porter,10e8c683-6c78-4633-b792-5b3eb8cec473
M Shanghai String Band,f11201f9-6197-430c-b139-37453107f7cd
Skryxl,940666de-6974-4557-bbad-dc7c950e92df
Yosef-Joseph Dadoune & Guest Star Reef Cohen,2898
Anonymous Choir,f512969d-7d58-4697-8e61-1225d27a996a
Akron/Family,0f11d99e-88ba-48d2-b652-4ebe04c52d11
Wizzard Sleeve,d64c70b0-9b43-49d5-9bbc-281c4669e794
Grey Gersten & G. Lucas Crane,3301
Night Gallery,3354
Die elektrischen,b7de8155-eac4-4be7-ad96-6152ff1121a4
Rosemary Krust,314d92de-0620-4892-b6db-1a0ed14d8309
Jeffrey Lewis,3775
Victoire,57b322e7-028c-4def-b26a-0da21e86ab16
Ceremony,c1540d84-55c8-40ba-b3f2-06f44a7265c2
Screen Vinyl Image,e0dd33f9-09c7-4dab-868b-30b3490f5599
Jared Mees & the Grown Children,15d9100f-cc8e-4948-a412-03dcc2ba09f1
Monta,bed3b6c2-4491-4cd1-ab65-68ba1b3398d9
Dapayk Solo,52fedf11-dbbb-439c-a997-c0935a1fe60b
Pierre De Gaillande,be39e650-76c2-466f-97b8-f7ceb23728f7
Neal and Nancy O'Doan,4059
Dagos,0b9794bf-6c9c-4b79-bae1-d3e5b1e1c2bd
Throcke,4610
Salam,842f6627-2341-4e16-af20-528cb7cd6f1a
The New Mellow Edwards,503f0961-3415-4227-a42f-f59530570f29
The Shining Path,4783
Noiz Complaint,4792
Jonathan Biss,630741b0-35bb-4c09-991e-64f98851d18a
The Friendly Dimension,4998
Stendek,c761a4e1-de8a-4db1-acfc-fe787697c200
The Frightingales,5021
Nikki Giovanni,7e820444-47d7-4e81-8018-60353e1b8458
Rebe,5084
"Paul ""Wine"" Jones",bbeb04d3-e58f-469d-a1d6-75446a0d62d9
Wildbirds & Peacedrums,2281c0fa-ee97-43e8-9da7-9c652295d6a0
Clay Ross and Matuto,5231
Rushus,fa10ff9f-803c-44e8-8764-690a8025c4a2
Alina Simone,c88f9c78-56a1-434a-8bff-4a97b029fb80
Kate Power,481e4dc7-b14f-454f-bbf9-56360a5e5e95
Steve Einhorn,071e280f-6ac7-41de-a42f-58ab6672da04
Jacob Smigel,aae8274f-79c4-42a3-aa78-181f9e9324e1
Lushlife,57e97271-100a-4c70-a228-d0ce0d5bc813
Guinea Worms,b4e82cd4-8a7f-43c0-8e1a-2ea9a9a44c68
Here's How,157
Phallic Suns,238
Pierced Arrows,86304eef-ce10-49bb-bc5f-b128b540113b
The Nightingales,bb6bb252-0b79-4a0b-8185-340bc7f2bffc
Tullycraft,1d25e697-096d-43b1-94bd-74e0619c5567
Narwhalz (of sound),6694
Ultrathin,8274d4f6-d39b-499f-9fa0-65dea8d9b52a
Solomonoff and Von Hoffmannstahl,27f86ff9-5e64-4bcc-a634-7569f679598e
Dielectric Drone All-Stars,2c377b39-8aaf-4376-bb42-6101fa387135
Sonic Suicide Squad,7f463c79-44f5-4f68-a44a-c35749f57bae
Arborea,b9fc8100-9653-4a7c-82e3-67fc69bd1ef5
Steven R. Smith,962c12a8-15ef-48b9-9f2b-e2774a440bff
Flavia and the Motonets,6cfbebfe-2835-4850-831e-d30acdee0e41
The Eskalators,d6de98d1-05ac-4590-81de-c2c43329bc42
Messer Chups,050c59c3-12d7-4d7e-b890-9ebcf0caa85d
Daniel Johnston,8a7ca8b0-d23c-4eff-8fe9-6220ba5c9c76
Taylor Ho Bynum/Tomas Fujiwara Duo,2119
Meg Baird,bb927dc9-51a1-4e98-be97-e5d22695a1e3
Mira Cook,a30492a6-53ad-40f3-9a54-e5f898bf9b2c
Weasel Walter,fb81800c-4270-45e8-ba4f-75747f5de736
Shorthand Phonetics,d31ec357-5a2b-43b8-9efd-ece95634df1c
Harlequinade/Texture,8682
Unmen,500ea8b8-c758-4e2f-823f-b2e97860b46f
Duran Duran Duran,cc4dac19-a654-4893-bcaf-39c55ce8d681
John Wicks and Paul Collins,4201
Smoked Meat Fax Machine,60bf6883-c754-40b9-8f1b-33cb96491109
Flexible Music,4997
Thieves Like Us,73c46e29-a6f1-4900-bee8-f9e2662535cb
Courtis,3f96500e-a2ed-42fe-a87c-dd9f9763a9a7
Moore,f6b9e9dc-3c6e-4d09-b924-991ce0a5dace
Sleaze,e6b6c5cf-5bcc-4a5b-bcd8-47eb61173c39
Light Under Water,9b87fae7-fabf-4084-9afd-3bfa21aefcce
Wizardry,e09853e8-7ad7-4446-a6db-45b99211b384
Marianne Nowottny,26eb6dbf-0280-4e7c-b4ba-352957bd9a92
Brown Recluse Sings,96e3ba66-0540-4819-b1fa-0f4740d6f0c1
Pharaoh's Daughter,431a0ee0-ce6e-4127-b922-22128eb63520
_jjj_,5946
The Night Owl,999839a0-066c-407c-afe9-887e391cfcd0
Cantonement Jazz Band,97
Ian Nagoski,c42e0a00-57a2-4221-b12c-b214c949d404
Dragging an Ox Through Water,b9778bfb-4e8d-46d4-9005-f6f8a5c33974
Fuzz Unlimited,144
Yan Yalego,9541e85d-5491-490f-a8e1-b5c99b7c0928
Sodadosa,7324e58d-7e4c-4223-913e-aeb37ca976ac
Marianne Dissard,f5e15371-87a3-4856-8abb-07ab5242e1f1
Pyramid Scheme Trio,1160
Mimi Sun,1902
Lyn Goeringer,22221822-da96-4011-a86c-df4344daea4c
Anla Courtis,3f96500e-a2ed-42fe-a87c-dd9f9763a9a7
Dustin Wong,1b9a6e96-2304-4adf-807f-bac10be8cd28
Kenneth Kirschner,d4c02492-72c9-4a31-b966-f36dba28caa6
Curtis Hasselbring's Decoupage,633
Zengineers,42e1e3e3-0e10-461b-807a-d51adaaf041f
Zaïmph,39f608d2-1968-4947-9e51-00395627adcf
Peerless Quartet,42869cf7-ee87-4447-9049-dab9d3b1f4df
Jeffrey Letterly,1aa38868-bd1a-4c7c-bfe7-bfbb6badfb10
Lebensjunge,5219
Satori,5586
The Axemen,5577
Glass Candy,147
The Yes Sirs,3195
F master F,0867c02f-bfe7-45fb-a149-0629ede7cfe9
mr_melvis,abd1f771-ef5a-43be-a73c-aea9e3f95d91
Kalashnikov,3966
Holly Golightly,c0d96e6b-ee48-422d-8c28-f169ada973a8
Borre Zon,5216
Hexlove,10379e5a-b7a8-4261-bc60-59e6be0f90d1
Jason Forrest,b2a25158-0e8a-4ce2-92e8-9ab13e28d53a
The Waco Brothers,b4322fe8-a43e-40a0-9728-52d6ee873bc8
Silas Leachman,b2b4b78b-0711-4ab9-9aac-778c36e4b420
Javelin,5566
25 КУСТОВ,17822
DMN Productions,17875
Easy Rider,17885
mangulicaFM,05ffaa7e-a7b1-45b4-a5d7-7ede3850d145
Ezylohm_tek,17907
Organic Anagram,4f27e684-04bc-4b64-a90b-4a2b7bcab0d4
Aires,18000
Italian Village Music and Dance,18020
Wind of Anatolia,18021
Mudlark,18044
Akoustik Timbre Frekuency,59912be7-286a-4c3e-8088-78de51d5a476
Johannes Bergmark,401e0571-256f-43d2-a04a-25002bd1191f
Rob Rob Rob,18138
Dark Urrru,18220
Extrapool,18232
So Brown,0841d3ea-bdfc-4df2-9c9e-01259e8c8faf
La Sabrosa Sabrosura,ac0d06bc-50ef-4e1d-a93b-47e4b7e65be1
The Spits,f1ee5588-3b80-45a7-b33b-3337af8cdf6e
Broken Hours,a2b3ab70-143a-4ebb-a2ea-7b6c4643d726
gift,17983
Nandas,18386
Boogarins,46713d05-4143-4704-a9c3-71b482a13944
Carsick Cars,38c38eec-c6d9-4da0-b2da-2fba8458a3cb
11è étage,18412
The Safes,18481
Bassling,89e667da-08c2-4bc6-bc7c-d9757e1af45f
Edoardo Romani Capelo,ebfa5c85-a182-4fa1-b053-5fa44f8d1de2
Elbee,18678
fp,a2aa4162-f16b-406b-8392-b307b49b3961
Courtney Barnett,55111838-f001-494a-a1b5-9d818db85810
Peter Kerlin Octet,18705
Michaela Anne,f8331bc5-6983-4778-a4d9-576532e59215
Zach Fleury,87356151-136b-47b1-b0f2-3ae6b91a5106
cultureculture,18870
Kepi Ghoulie,88fbdb47-b67a-49af-b7c4-e337ee304f05
VANIISH,fed1a01c-fd3c-4398-8b87-4cfad12cd840
Razen,33169a86-5bfd-42de-92de-5fa96c28ade1
Orchester Ivana Tomoviča,18992
Newton Balloon,8725e5e9-96bc-4cdb-b14f-7cdeca80249b
Hinterlandt,8b9d36d1-89bd-4bbb-b374-20a402e1849e
Andy Rantzen,a94e1e12-8fbe-4042-aac3-9b3a44708124
chientaroli espinal rave vitale,19053
These Guy,9c52ff11-0108-40d7-820f-6fe6198e7db9
Il Sogno del Marinaio,cd4b80e1-8faa-433b-88bd-b0ee38017036
Second Hand Rose,19097
Arthur Henry Fork,7e3f1714-8b61-4804-9455-c9771a86bff3
Soonar,19262
Sileni,4659
Jubal,19276
André Coelho,c6024cb8-a80d-45f9-abba-2a815cd63721
The Coconut Monkeyrocket,f1b6ecc2-ef99-4100-9feb-bbb8b4d3304f
Mr. Airplane Man,1d7da097-91e9-4bf2-bb54-c6e4bd43b95d
Moons,19391
75 Dollar Bill,2abe8e8b-4f70-4379-9348-ec559faab8e3
Brett Saxon,19451
Madoka,19495
Majestic Jam,19516
Lord SC,19523
Litvakus,b94d9eff-215a-407b-9d67-ae3cf183d9fd
Balkan Mind Meld,19722
U.M.M.,17072
FMA Overlords,19419
Big Debbie,608ce794-31b3-426f-bb07-4223aec1e957
My Monthly Date,e8eab741-621a-4f3d-8443-d672cc81538a
La Inédita,f4148004-630c-46c0-b365-c7dfa4d1b632
Ton Haring,8f6bc6e9-483a-4629-8bf8-2d96ef66c805
compost haven,19996
Tyranny is Tyranny,806f3e62-99b9-47de-bef5-28f45d594a42
HOUTITOUTAH,20047
Bagat,eebc3a49-7aa4-44c9-8eda-861cc71abe99
manuelgordiani.it - fabrizioab,20130
J Mano,20153
Iku × konofumin,20154
Dead End Canada,20310
Vholtz,20533
Eszter Balint,1f82f329-3d15-4fd7-938d-0822afb8950d
Tandem Hat,20632
The Dread,20648
Hawkin,20678
Zebra,c601649d-2384-45b3-b51d-da56a2f36a87
The Fast Set,259df9f5-33e9-4563-9a4b-e4043e96ad3f
Clean,20739
Pow Wows,c66dae98-bbd6-457b-b34d-dbc7b38cf130
k9d,16e83b28-cff7-4bce-8119-cf2c20ea90dd
TG Gondard,f648d1a9-86ee-44ec-8ccd-7832e91fb50e
Prémio Mistério,34b3e9c4-f30f-4fbd-94fc-2d597eae1d94
peachonfuse,14645
Quest Poetics,14668
Leggysalad,319375d4-653c-4146-a800-a44a82458d5b
Squarehead,de9b501a-1b4b-489e-b857-066695cccc23
The Universal Thump,5d4af9a0-dcf3-4d52-b24d-c47be7431cd9
h+,14699
Morus Alba,13622
Horsebladder,875051f0-300b-4b9d-9e7a-069f00d4409c
Ex Cops,cca3e690-bb57-4f38-8c32-e943799c8321
Moore & Sons,14951
Augustus Bro,03574818-4ed6-472f-b09e-d4ae1e352e11
Human Terminal,c0ed4190-e018-492c-8e05-7ddbb70eaed5
Mizuki's Last Chance,a791a39b-ca90-4d65-862f-0ae5ff25295d
Arcade Island,dc3b9888-4624-4566-8b93-aee2d94bc6eb
Tiny Hazard,0b8dac1f-f302-4265-a534-760704237529
A Magnifique Bande dos Homes sen Medo,bd1525f1-4b81-402e-9c7e-679954fe1d38
Tamaryn,ec0b5da9-c023-45b7-b5ac-f53657a42938
NTHnth STHsth,14ea18a3-554b-4262-9208-87256722ad54
Misay Day,15433
Agonidaeline,15524
trollhead,8f950dee-7f2a-43de-b29c-c43203064f7d
Raklorom,15806
Zlatni Makedoncinja,15839
Noise Boletus,15904
William Davison,eb5ab592-2631-45ff-b00b-eefd2f6e1c00
The Green Kingdom,cbb80330-0a12-4728-b91a-cb71be725ad3
Roach Davies And The Fleas,16000
Las Ardillas,15fe52fc-bc5c-4209-b26d-af2e0fa3ed44
16 Squares G,16244
Copy Your Idols,ec5c6b94-a469-4b33-bc6e-2ed2c912c5dc
Ж.,16331
Hapbt,1ae6f1ae-8f17-472e-9299-ed0a4ec61081
Wild Leaves,8f448bc6-83d0-4b07-b526-ed3b98ecef58
Deke Naptar,16489
Titfield Thunderbolt,7479
First Rebirth,21f1cac7-df37-4d35-bb3e-d753d0a9f6a5
Radio 421,16512
Telesthesia,f7c4f496-a641-49bb-adaa-5205e8f101c2
Pigeons,13315
Rafael González,16530
Broken Water,85def39a-27b3-4003-83b9-41afb25b40f3
The Laurels,4c7e9be4-0328-4a2f-9a60-16bc85f90122
Buskerdroid vs Microman,16608
Bing Satellites,808dc300-e4ab-43b3-a046-37e221ee7518
The Bomb Busters,16768
babysitter,57c85216-6e6b-4b89-a7ac-fd9b0c886d13
Shopping,16847
Hunter-Gatherer,16849
Broadcloth,16879
Phirnis,7090113b-71f5-467c-a3fb-6a8a9ad67cf7
Coma Stereo,380ae2bc-3ff1-4c0d-a92c-70e200bf284f
William Tyler,37e374de-ed4a-4bab-97ac-b6520971b0ed
Gottfried Ist Tot,17008
Chuck Bettis & Joe Merolla,14281
CCR Headcleaner,caa27f82-3eed-4839-8b29-d2ecf1d8bcf4
American Ice Age,17253
A3ek,61ce1bb9-0c06-441f-8747-f9261319a667
Ben Seretan and Alex Lewis,17415
Globular,ccdce929-84c9-4013-a8c9-12ae3f531447
Daenjellson,9d27ccc1-f1c0-4c3c-9158-7afa230b926f
Peter Thoegersen,5de02449-e24b-4b79-a7c3-3a148e608f9f
River Phoenix,17489
Rat Faced Boy,3f093f21-2386-47b1-bbf0-d54f0d20f865
Chris Moss Acid,83fd6531-643d-4fbb-8067-3e931697b304
Sex Tide,c4ada626-a8f0-4083-916e-a987ca026f17
Insane Ride,17630
Hag Face,5842843d-1608-4430-af24-94dddfa3c4a4
Jonathan Mann,9f320a6b-c9c2-4421-a05c-e2e075bccd37
TORRES,9b422c81-017c-4f8f-a7a9-ba6229c29343
Kristus Kut,d093d2e1-3aaa-4c34-a680-2b287402b8b3
Wade Matthews,
Palloc,890db70a-86c3-4a29-90b8-8647cd365c98
La Barca de Sua,22ec7765-f989-43ef-ab8a-dc6ec337a968
Castevet,1850182f-9283-4cf0-b084-e4fafe5a6b57
Dominic Lash,102ff4a5-263c-4022-98bf-49007daaf7b1
Mujeres,305047d9-cb62-4309-b1cf-ea45d3f41e43
Birds of Avalon,921127d2-54b6-420c-a7a5-42772ab756aa
Pika,11302
Nunun,11369
Balún,6339
EugeneKha,259b8c4c-af8c-4831-8984-c1fd19f28822
Khidja,3057499a-67f8-4578-8301-ec733c6ac371
Nmperign,7b1313c2-c976-4d68-9b53-b1ab29057f60
Matt Bauer,458
Pacific 231,7416
The Chris Kelsey 4,ef29730c-7199-4959-872e-30233b7efab6
Mittimus & Nix Pickler,11627
Jooklo Duo,a6cc1e50-402e-44e1-9162-8a62dfa9e4c7
The Soubrettes,1c63ec59-3692-4684-af2f-5487d63f5776
Whitman,d847b786-24d0-4a14-8267-38c73508ffa3
Francesco Paolo Addati & Efisio Nicolò Sabiucciu,12003
Blasterhead,9942facf-02b6-4b3a-b54b-0887564deefb
Kodak to Graph,3ea0b7ef-b842-4bda-bc7a-806ff02b85eb
Call of the Wild,7af3fa04-05e4-4f22-bf85-2d7ca0aa85bc
Cocolixe,7d51eb41-4089-4c40-8d43-2e6e0e83257b
Blue Ducks,fc83a7b2-9cc6-4566-a3e3-305e78149748
Cian Nugent,fd445218-3a24-48f9-83c1-1521a46f69a1
PEÜR,9025
Trailblazer,12551
Man Bites Dog,c9340d97-fb89-4d16-ab30-23d7ca849743
Period,5149
Goth Von Core,f5abab91-5c40-42c7-a1dd-992a1a63f61b
Xodie,1fb1741e-6f45-4364-a859-7c7773369b1b
floppy knobs,13053
Félicia Atkinson,1d1232a7-403b-4448-a34c-36c2dfd53ab4
Graham Dunning,01248356-5f9c-425a-985b-2c2a0cd31cab
Maybe Watson,91df2145-5b12-472e-8f43-8390c84b806b
EUS,13156
sumgii,3f150b2f-d9ed-4c2a-8355-1fa739d664e5
BITCHES,36042724-e722-48d9-8d26-f739fd542969
Twill,13239
Derk Zeds,13254
Keith Chambers,f2b5d1c2-fc4d-4108-9ac5-383d10bdbe23
Thomas William,107f2ec4-0764-4c1b-9d4d-1f944436c42f
mmpsuf,753ff30d-55f9-4268-b1a1-c500dfb4e530
Nude Beach,fb9964dd-9796-4f95-b222-791fe81babcd
MURCIELAGO,13398
Chain & The Gang,c748666d-f105-47f6-a5e6-04eb80ab4845
marina poleukhina,13406
Night Beats,98c8a53a-c837-4651-8153-88933ae6598b
Luke Roberts,8e6656e9-750c-4986-a38f-0a15f018c3f9
Young Love,b508a3a9-2804-4cb8-9baf-b8b73749a8a9
FAVORS,13979
Wild Child,13980
The Luddites,13621
Silver Palace Songsmiths,13324
The Loom,739226f3-08aa-4f4e-83c2-4624925639eb
Pariah Carey,8b31a3c7-b669-4d87-a334-928242d55193
Zulus,18816e28-352d-40dc-85b0-de7922f25e4e
Unknown Artist,2222
The G.O.V.E.R.N.M.E.N.T.,14089
No Class,14222
Feeding Goats,14246
Leif Elggren,4ed40a35-a8e6-4f74-b88b-c61b6b5c26f5
Dead Doves,14278
John Paul Keith,f1b8291d-8338-4f79-8fe2-db45cc464a85
The White Wires,ba14e280-205d-4ed3-b312-5b00316748e9
Bee and Flower,f357f7d6-7c88-435e-97f0-8910b2c9c566
Aina Haina,220e01fd-a951-4a80-b9ed-af071a376341
Macamoto,20831
Kathryn Calder,aeb6221d-f90d-4f45-a36a-eccd09b749fd
Inutili,1876504b-ffe2-4e81-b182-cc5695668663
"Cara Leigh, Produced by Cornelius Julius",20997
Blind Drunk John,abfd904c-7e5c-4e48-9b58-9051db2fa035
100%chevalier,5cd91860-b556-4749-bc0a-21d21d7b9640
Desatavientos,02071755-3d87-4de3-9f21-089c08255415
Rya,21064
Stærosaurus,814bc8b6-4963-49ac-bd3e-15b4ecb1a4ef
The Ex with Ken Vandermark,21112
Andreas Woiger,21114
Stephen Chopek,52ed0b35-6bbd-400b-880e-06ea28482f13
Those Darlins,787064e7-167a-4694-91ed-2a8759af59b0
Fake Species,21293
Monsta-Pasta,eb776497-266c-436a-998d-59b2eb9be663
Zenen Zeferino Huervo,b111c269-5a21-46cc-be3d-661352180964
Pictures of the Floating World,21490
Anna von Hausswolff,6bd920ac-3b7c-47e0-8f0f-c390f63f5112
Indiosingracia,21552
Wume,ac563f21-ab24-4d5a-8fe0-c3838c0d38a2
Arbee,959c543b-f61b-4f85-8997-97365dcff171
Cheap Talk,21578
Zephaniah,f1f3c396-90de-44dd-99a6-8405332b40e1
The 18 Wheelers,96d0ec91-0e8b-4bfa-9a75-5f3de7315d4d
Alessandra Novaga,d457b159-5a4a-40a2-9a0c-ba6a6c463b69
DR,827d1797-97c1-481f-8113-4f76416e5ed9
N.W.M.A.,07c4be48-5550-4503-b5fc-357bdc4ea212
Mercury and the Architects,00fe101b-74f9-43f3-98aa-acf099902982
Lonely Heart Blues Band,21854
Silicone butt disaster,21859
Maltsev Anton,d96a4ecb-e95e-4ee4-9992-77640ecdaa69
Kurteek,acd50de5-8f28-4f52-a771-354cc32c12fa
SAA,21892
Weird Kong,21939
Bad Poet,0NGJQFNkPbL7ykMPDay8gU
Castles in the Sky,f3f4d790-9ae2-4fd6-9486-15485664b125
LeRouge,987df1d9-dcfb-4f09-a4f0-83a35bb2c800
Tojamura 7,22091
Christian Fiesel,3b743ef0-2938-4bd0-ae18-b4c4d6672f73
Giant Gutter From Outer Space,72b0b618-5c00-45bf-8e3b-0d493d26a098
Joni Void,30fe1a8f-7ab3-404c-b458-4a9a2d503edd
Trent Noir,22195
Cate Le Bon,f2393e49-b791-46da-a6d7-1e9e60743405
Wimps,16853
Harmonic Defiance,f7f726a0-9ef3-4bdf-8bc4-ec549485495a
Bloque del Sur,3db8246a-b2cc-47ed-93ff-33d8b2c8b175
Deltamorphon,6a384557-c86f-46dc-8859-24d98c49b622
Real Vocal String Quartet,64ea0d58-1bcd-411d-94eb-690f42f994fa
Grey Park,bd3f592c-afd9-426b-8b7b-bd32504294fb
letterfounder   slow bodega,16396
Vaz,3edc106c-fb86-4c12-a616-5ebda994e399
Pure Horsehair,3bdb566a-f5c5-467d-89e0-ac55acb6f3a9
Hertz - Metek,22265
EON,22117
EPV:BEYOND,13516
Locust,13515
Mars Payne,17820
NOIR,468cb39f-afe3-4ffd-80ac-fada7c7c4a98
Lauki,15399
DNVN,20316
Vanity,f5b69ae9-c98f-4283-9ef0-34f12acc9502
Chris Silver T,17453
На 100 Процентов Отмудоханная Бабуля,c1d4b40e-8b87-4500-bf03-6a67a5d1e563
BoyHoodBuchi,23527
A Minor Place,23593
Jaune Dark,d8f924cf-4020-409c-8b07-7328f2e2242c
Steve Adamyk BAND,bb74e78c-4fb5-4f10-b855-e8cc538d61cc
Talugung / _blank,23669
Cousin Silas,0cf1c1ce-9881-4a6b-896a-b1e632398f97
Assimilation,23767
Skoz,23873
Glas,23817
Philipp Weigl,1eaa3be8-db02-43cc-bf98-0f61ac63088a
DRVN,24202
Dure-mère,921e6ab2-e686-44e5-b4f7-62b452a79ae3
Zumaia,e15c6a71-c006-4edb-a34d-b53a525c872f
Emperor of the Dust Mites,80a017b4-f8ec-4f38-8de3-763bb4313dc5
Demoiselle Döner,437d71b5-15b1-4c4b-a938-93684b33ecf9
Alex Mason,18876
Sgntronics,22591
Albufera,22666
Miët,6f0c26a7-c2bc-443e-a9fb-16702365aeb6
Jacket Thor,22678
Rony Friedman,22682
Leapling,028b9e2e-4265-44cd-be01-56e1d2b5648e
The Nude Party,3d36bd1f-a551-4b16-9cb5-3e4c68bc5f2a
.zigo,22787
Cyrus,22796
Taner Tumkaya,c2e353ee-73af-49af-b498-90d1aeeca31e
NO FUTURE,22806
Trillion Catz,3a8bac07-6baf-4d94-a068-c07a9189189f
Mat U Stone,ebc0f3bf-ca72-4c5d-886a-2e20a6e6a99c
Behavior,52a1f95a-469f-4046-90e7-94c197fa97e2
SUSIJAT,23332
Say 'Kiss Me',0bcea4a1-fda4-45c3-b763-45d53088ac89
Sahara Sky,23108
Ainst Char,20628
Thee Oregon Artificial Limb Co.,22541
Sylvie Simmons,fc4dbaef-5e1e-4907-a8f8-b184dfb31787
Lota,23493
Black Masala,4aba24a5-1eec-45e3-ba1f-d685b862f43d
Sublamp,9f05c111-0fc6-4658-835b-7e202a9290e4
The Hunters,f0090f69-0cab-4140-811b-c6dd21d9ec61
Mela Zeta,6131
Balún,0c42e563-4785-4607-8535-b35f0f3c5b86
Dennis Diken with Bell Sound,fe0da2ff-3c09-4b03-a592-29d006b7a1d9
a Foggy Realm,829e246f-c6d3-4a75-a231-ca10122dd64c
"Martha Moopette, Heather McCal",6509
"I, Cactus",ffca87aa-19df-4c34-b02b-a16127e44427
Rhoda,6640
CTV.,682771b5-45dc-4126-b95d-6ac5e2a4af43
Aunt Jamamas Big Band Vigilantes,36605547-15c7-42c5-bb25-a178749e747a
The Grand Astoria,9988415f-3c5a-422b-8e6c-1091b22ec97f
Hugo 'Droopy' Contini,4ad5664a-88f1-40ac-b015-16da46195968
AQM,7426
Same Actor,19d5c81c-9158-4155-aec5-222100cb3f49
Iron Man,ec74050c-f96b-490a-af4d-3b541434d69d
Sinus Buds and kuz.b,7484
Scott Joplin,aec8a328-d2e8-4780-b2ea-318c7f8d6f75
Trash80,15ba6421-9c5c-428f-ae7d-c2d40010734b
The Truth About Frank,67335787-e994-4141-90f1-7015aead642e
Amy Sayer,7458
USK,e1050260-e94d-4b86-910f-d52300f724af
Chriss Sutherland,f4461f01-cd95-4c57-9eba-b8945c9703ab
Louis,17a8fa28-a64c-4efe-bf5d-36d4095496ab
Eric Lindley,8094
Rifhes,70df0fc3-d5d6-4b21-8ca6-e3f3a95a4195
Remote,8421
Lazer Crystal,1bb10486-ecb8-45d0-9b2e-e7323c317aa5
HeavyFeet,9c7fcf58-c3b8-4459-bf0e-e6274dfe0065
Cecilia Lopez,8471
bill bissett,c61c58d6-7848-4460-850e-41764b2e7986
Th Mandan Massacre,0a95d317-32e7-4099-967e-94f38180f3ce
White Suns,d41a6d66-fba6-4945-b370-cfbc3038bedc
Alozeau & Jean Montag,8584
Lou Barlow,6196
Papa M,6edbe0fb-734e-4b1d-9c64-73ebb04853e1
THE! & Ruben D'Hers,8754
Zombie Raiders,905de5fe-4715-4610-8cec-7473b8a56f49
Chico Mann,db6e2aec-00e0-476a-99a3-babf1e16b2b0
Illinois Brass Band,9080
Dr. Frankenstein,53a8a8a9-ca66-4927-ba58-aa7aed2081b0
Invacuo,6736421c-0329-4339-9987-f7e20365bc9a
Wisdom Tooth,19d16e5a-39c2-4647-aca8-4977f005f3be
DJ Skull Vomit,d2d64b4b-1fdb-488b-bf2d-6b8bb9bbab4c
zBlug,9311
Tony Castles,7d7c36ea-341c-4efb-8cf1-5fe3b2744b98
Kido,9449
Back to the Future the Ride,fb9dfa74-0202-45b2-91c7-8c1f99d86d7d
Adam & Alma,1a584317-c33d-4522-8471-ee7ef73f166f
The Spektakuler,9616
Taju-Ukko,9981
Dio Daga,9984
Julian Lynch,3d494165-5456-4c9d-8fa2-180511946152
Eok,5e69cd48-4e9f-4ea8-a980-77a516ab174e
Jamie Kimmel,10222
Myo,10234
The Duo,6950a18e-bc59-4cb9-8905-c304f670fb2e
The Goner,c0e8e4db-5da6-42eb-b323-7a01d9f665e4
Cone,10371
Jeselsohn & Nuñez,10483
Bomba Estéreo,aea8576d-7ad5-4430-bf2e-63725d80f05c
The Legendary Pink Dots,38f0dd4f-bcbb-4e7a-afae-a41a2bbf9d74
Bobbie Peru,211162a8-e2f7-4308-aa59-b21ed421ee0b
Sex Worker,1ec42399-ddb8-47eb-9efe-5e615aa4d056
weltAusstellung,bfb8e08c-a600-4e42-b027-711b58b433a4
MZ-N710,6bdb2878-1e13-4bc1-b6a0-47ff0ec80621
Damien Olsen,ebf311a5-f4f6-4476-b965-131b7eba1b7d
Willy Stamati,e16470a8-39f0-4b7b-8c11-5a545b02c235
Horiso,1fab2f25-3df7-4f36-b101-4f132c84553c
Mesu Kasumai,f77e11c4-f64c-47fb-bb93-02c81c501ea9
Will Heikoop,3e94ee93-79dd-4754-8f52-a03b64d44b44
Furniker,36a24672-075e-4a94-b24f-634c3a106007
hhhnihhh,38de6fb9-f8bd-41b1-8bfc-d19d1c40bec1
Ad Serpentae,590f2d63-ecb4-461e-a90a-da348ae12d39
1400 POINTS DE SUTURE,3c01d672-b823-412c-a744-cf060bd73eeb
Six Heads,fbed3c6a-7132-4cfe-ab88-6e1271891350
Feu Machin,63eb6793-acdc-466a-8675-5e5f63b1d3b3
Christian Björklund,c2679964-baa8-4479-a3a9-de66849e9f0a
Boris & Olivier,7794
Fol Chen,45e0766f-0a92-4592-a71e-c7c80b1ce008
Without God,3391256c-a1c7-40be-872c-885360644ba2
Cotton Candy,7992
Madeline,d30d7412-80c4-4c3a-8704-a276f04e5b11
Simptom Pogremushki,8373
Gepe,c9e12a06-e0c5-4705-bb66-98231c5c9e71
Wizwars,195d86d3-ca7d-4f8f-9c84-0fc0884c366a
Adviruz,ba8b43ea-33a0-4762-9166-82ba1e499dfb
Sadnes,1d15ead2-c807-482b-8ce7-fbf3f0b0f205
Kaputt Kurzwellen,9822
Kokomo,9979
Fergus & Geronimo,03bb064a-ac18-4b4d-9c5c-4e4048c12773
[Esc.] Laboratory,283070a1-a3e3-447d-9b84-e88a80fd0ed5
Cheapshot,40647726-b0bc-4b56-9f61-838f51982373
MUTATE,4d86968b-270a-4fb6-9fe9-6d50b0ef521e
Richard Lainhart,2ea2b426-92d6-4d7a-9337-8883a608418b
Antoine Beuger,4cdf451e-1436-4cd5-b0bb-ce9f7dc94c0e
Ellen Fullman,877c485d-3b95-4278-9fc6-cdedc16e80be
Copal,10914
John Hyatt,7582d300-8c6b-446f-a469-6420ea1cbe29
exileFaker,202aa635-9c33-4ae2-965f-85efd1aa23fc
Eliza Rickman,65d4f206-9f54-4b90-b207-f9e2b626655e
Long Long Long,3259d4e8-60c1-49da-96dc-457c016a4d51
Nagra,2782c15f-2a1f-4b69-b82e-fb16f2d13c87
Noctambulo,710138c4-a241-429d-b6c0-0245f73688d9
Hypnomango,57f0b528-a54c-49bc-aeb5-6c3dca7681ee
Himene Chorus,11644
The Limiñanas,5942ebdf-6573-4a68-b686-e0e37307344b
The Octagon,d432220d-e5bd-4dc5-bc29-9fc45949eb42
Afroskull,7e3be57a-c3e0-4d6b-999e-fc884d185d8a
Ardei Iute (Moldavian string band),6343
El Niño del Parking,6969
Ritualistic School of Errors,7177
Nicolas Bernier,191a1539-7ce0-473e-a94a-26fae71bae3a
Simon Trottier,e07a38b4-3e92-4b95-8bba-ecb9cceb6c3b
Akhet,10335
Karpov Not Kasparov,1e387fa5-cf37-4402-941c-4d61d2999eb1
Ela Orleans,926d46e4-89f8-41c9-8a3f-4e549bc0e859
23ID,12723
Liquor Store,14eadcd5-69a0-4c93-8db0-e3ea4636054b
Ofir K & Den Haag all stars,12961
"Machine, Dear",13116
Herwig Holzmann,baa4c804-7250-4d6e-bf86-cc7314aedb66
MeDo's Little Trap,d30ed095-daec-4d82-875b-1aac5584e58a
Sharon Van Etten,5a2e9cd3-010a-4aae-9f83-629253284202
Serious Fun,13495
The Dreebs,461ccacf-e3a9-4f0f-a0e3-d24045c5d5c0
Mr Worry,13821
Cleaners From Venus,1cf5f079-706d-4b1f-9de9-0bf8e298cc97
Gentleman Jesse,13917
Thomas Allan,d4a74a84-58ad-4892-b430-2b23d59f801f
Emperors of Blefuscu,13986
"Arrizabalaga, Bravo, Laginestra, Martinez",14015
Setec,30606afc-3a79-4be6-9809-2d307a5548c1
Amplified Cactus Salon,14087
Sonny & The Sunsets,c0598d2a-803b-4950-9336-a8155d418561
Birds Are Indie,1efdd1c5-9ff9-439b-a66a-8786fc9fdd69
Vespre,14960
Martinibomb,4c877fed-624d-40e3-9baf-6b9c650bbadc
BLOODHUFF,15406
Julien Mier,a7b0c43f-ad7e-4186-a712-84198b793418
OU_pi Golgotha.undead,12326
Laura Sheeran,8788
Anchortell,15892
Perfection,652ef921-bc32-4afa-a413-ae552525bdb3
iris garrelfs,56a7a8b5-8d4a-4258-9fdf-3c1efb9eb218
Mou,7213
Keith Burton,19586
Fengir,f76f05c4-70fe-48f3-951c-e9793f7fcc84
Catharsy,19881
Arco Enarmonico,eca2c41d-a022-4b72-bc23-97a8767903f1
Vinnie Paternostro and Michel Kristof,20086
BreakBeat Chemists,20155
Ryan Cross,a5e18109-91c3-48f8-9b64-14ae08f8ba03
Anima,19102
Zachary Zena Giberson,692047b3-f904-4aec-b973-0fb03872b01a
Barrence Whitfield & the Savages,7fc8b7bb-8690-4d6b-9c4c-d8131818d925
OBN IIIs,31879f68-9283-40c4-8a4f-02ef958ed0ea
Bright Falls,60ce4a29-2cad-467d-aa61-05d5508d3f86
konofumin,21026
Connie Acher & Jelly,21033
Dungen,25c76eb2-a92d-4624-9e30-093fc16ed5eb
Kayve,116b9495-0591-4c47-a0c7-821fa3f854da
Кирилл Макушин,21240
Hexigen,21369
Julia Kent,63733317-8113-413a-8b8b-7ef89cd1f50d
Anton Rothschild,c56f21f0-5a32-4913-baa5-b36f0cb7abb2
Fire Island Pines,f465fc2c-26a6-4fe0-a8d7-c0ac9641ac67
Julia Rose,21585
Edessa,21619
Miranda Taylor and Mike Hunchback,21715
Tenniscoats,6eec62de-e783-47e4-89f9-e02fb61ed2cb
Robyn Hitchcock,0584e561-1442-46c9-9593-923c34571eb7
Jon Collin,e7b0d8e8-5ade-49ac-bd46-410a9a2ade69
maD,438aa2fe-0c1c-4e16-a9f5-6c826b953690
Teatro Grotesco,db1609b0-aee0-491f-9d0a-1ba9c331a847
Glockabelle,fcb68790-5c5b-4b79-8dfc-6382abcdd779
Oorsprong Curator Series,16734
Pee In My Face With Surgery,16835
Peter Gresser,807893c8-9766-431e-9729-22d6f942093d
Barbez,998b8b30-52fb-4e58-b621-d0516c94d824
Mystery Pills,64983060-f971-4307-866a-6d89ad275612
Cosmonauts,8af3d491-20a5-4e70-b81f-fa336d9b09cc
FOXHOLE,17327
Trojan Horse Rotovator,4abf07c1-3d05-487e-bbb5-11a8f5bf963a
The Chronic Sleepers,bc86f4f4-c8c8-4d96-b921-bbac13a31aef
.357 Lover,a0c0842d-9705-4369-b117-bf182730baca
Gilo,17892
Gospel Of Mars,17894
Phundamental,12d9baad-6507-4fd6-8e73-66053c23dac5
Margina,18153
Jim Keller,02212f96-0d16-4919-bed2-342d043a1b19
Vägskäl,c29a79ef-3008-446a-bcca-72646f438209
The Harrow,07262042-670b-4c81-ac9f-438c0a0a67b8
Kristallo,b9faf7fb-c305-4313-86f2-89f44857b972
Mindseye,41b35ccd-6f17-4ab6-ab5b-af0f930892f3
Dr. Rinkel,0703c869-fc24-45c1-bf3b-8b847deec6bb
Bueno,23540
Deiezione HC,23635
Coco Morier,b10954d4-0b15-48a6-9333-5a4c7169da51
Sro,23707
Eggs Over Easy,9504e185-af68-4ebc-8cc5-02bf234b88c5
Balkan Peppers,23814
E-Shine,69e093fb-cb55-49c8-98cb-2d5b2f51dc4e
Bio Dread,a811d8cd-18aa-4e59-af4f-0bd32dea614f
ardleg,85c630bf-f8e5-484c-8900-c21527258479
alpha jaguar,20545
Mark Wingfield,4f11cf02-421f-44f9-809a-bec0a1f161a0
Doobie,21983
Marquice Turner,4b560bb4-05ff-430e-80aa-634a4890b081
Keith Doom & The Wrecking Crew,95fffaca-12db-455c-9488-1d5fb3f2bb79
Matúš Novanský,22202
State Champion,95dccd9c-5e92-4df6-8d64-1921905f6a35
Resonancedj & Giulio Maddaloni,22400
LG17,22481
DJ Kleva Kaslam,92c7ac49-e712-4e24-a875-737374490233
Barbarix,6ae9b7d8-602a-4b90-8445-cd894083feb5
Brigid Mae Power,8a9b0397-5850-439b-83c4-d77c3baa6aeb
The Ghost Between the Strings,fbd2a415-3400-4eb5-ba91-1049e61f8933
Timeheater,09718904-0667-46bd-8e58-b456bb40f51e
Vor Onus,e5b3412f-b3c2-4477-bc40-46829c3d5dba
Thomas Fernier,b8449d3c-e4e2-47f0-8196-b2c94ebed0de
Apple From Earth,63046152-cbda-43b0-b2f0-e8bc550e1e9f
Friendly Foliage,b5f5b1ff-578e-4e25-988d-6d80b8af87b2
Oudeis,63bd7eb4-f836-45a1-be9f-81c867c88130
Kate Carr,9a261d0d-69b2-4338-9c92-152d7a35dc1b
ONO,14121
The Bribe and the Mockery,22679
Gas Anorex,5d709454-4089-43a3-9ace-a197bfdd63bd
Tzii,4c18f3cc-c401-4f02-bfbb-610282c7a45f
Daniel Powell,23644
Arno Bruil,e20369fe-c5af-48b2-aa20-26a3a399a185
Teleg.,e7397656-bd5f-434f-98a3-3955e7d0fbcd
k.a.n.t.n.a.g.a.n.o,d0b7523a-7fce-4652-b565-4fe143acb31e
The Wounded Violets,6791a0e7-30a6-4a01-93f4-f0da061ac921
milch of source,74b56f3e-7a49-4de1-b8f0-33c20dea313d
Anthony Donovan and John Hyatt,12313
Pat Murano and Tom Carter,13408
the Woodpiles,af9f9447-72d7-4387-af96-2c4a7fba87d6
Invisible Sports,737008c5-bc1a-407d-ae8f-337514b81f65
Codex Machine,2c0db23e-d3a0-4c68-b06f-5aeb02fd3e92
Hom,d72b0730-6cc6-4ed9-a60f-21b904cfe5f6
Upsidedown Face,8623
The Crevulators,9206
Jóvenes y Sexys,3f56041b-0f06-4c91-b011-252869c3dedd
Harald Grosskopf with Axel Heilhecker,10699
Miriam Kaukosalo,11134
Diecidicembre,11366
Mondo Cool,19739
The Monsieurs,53e2f208-cbbe-4d70-a893-6bab25d3a999
Cell1110,1b413694-05a5-4959-ac80-70f929f7b7a4
Yoshida Com,20511
Kevin Cahill / Ryan Waldron,21122
Sheeba  Exp,21463
Choban Elektrik,21620
Chris Gheran,30192dd6-0d78-4ef5-8104-cd337bb7b130
Obnox,b1d8c11f-dab1-484f-8d29-0c791a540375
Felipe Sanzana,19022
Robot Comes to Me,794826ca-ee5d-4a35-a030-1e6c28cfe55a
Old Splendifolia,c83cd26d-50c9-40d4-80ce-3f4b5f67fd37
White Wards,5adcbfe0-27a9-4212-8cb4-e02df1f354a0
You're Terribly Late,64d03b87-2f76-4671-85ed-372cb39a2b67
Craig Mileski,6fce87f6-3773-4d8e-9889-8383702ef986
