[1/2126] 'Michael Jackson' -> PRESENT_UNCLASSIFIED [-] (622)
[2/2126] 'Wolfgang Amadeus Mozart' -> PRESENT_UNCLASSIFIED [-] (13061)
[3/2126] 'Charlie Chaplin' -> PRESENT_UNCLASSIFIED [-] (142)
[4/2126] 'The Beatles' -> PRESENT_UNCLASSIFIED [-] (759)
[5/2126] 'Rabindranath Tagore' -> PRESENT_UNCLASSIFIED [-] (179)
[6/2126] 'Marilyn Monroe' -> PRESENT_UNCLASSIFIED [-] (205)
[7/2126] 'Corbin Bleu' -> PRESENT_UNCLASSIFIED [-] (233)
[8/2126] 'Basshunter' -> PRESENT_UNCLASSIFIED [-] (263)
[9/2126] 'Elvis Presley' -> PRESENT_UNCLASSIFIED [-] (1042)
[10/2126] 'Shakira' -> PRESENT_UNCLASSIFIED [-] (248)
[11/2126] 'Frédéric Chopin' -> PRESENT_UNCLASSIFIED [-] (7012)
[12/2126] 'Marlene Dietrich' -> PRESENT_UNCLASSIFIED [-] (196)
[13/2126] 'Mother Teresa' -> NONE
[14/2126] 'Lady Gaga' -> PRESENT_UNCLASSIFIED [-] (527)
[15/2126] 'The Carpenters' -> PRESENT_UNCLASSIFIED [-] (237)
[16/2126] 'Madonna' -> PRESENT_UNCLASSIFIED [-] (771)
[17/2126] 'The Doors' -> PRESENT_UNCLASSIFIED [-] (194)
[18/2126] 'Bob Dylan' -> PRESENT_UNCLASSIFIED [-] (725)
[19/2126] 'John Lennon' -> PRESENT_UNCLASSIFIED [-] (332)
[20/2126] 'Pelé' -> PRESENT_UNCLASSIFIED [-] (19)
[21/2126] 'Justin Bieber' -> PRESENT_UNCLASSIFIED [-] (506)
[22/2126] 'Freddie Mercury' -> PRESENT_UNCLASSIFIED [-] (106)
[23/2126] 'Freddie Mercury' -> PRESENT_UNCLASSIFIED [-] (106)
[24/2126] 'Selena Gomez' -> PRESENT_UNCLASSIFIED [-] (452)
[25/2126] 'Louis Armstrong' -> PRESENT_UNCLASSIFIED [-] (1180)
[26/2126] 'Eminem' -> PRESENT_UNCLASSIFIED [-] (697)
[27/2126] 'Taylor Swift' -> PRESENT_UNCLASSIFIED [-] (605)
[28/2126] 'Beyoncé' -> PRESENT_UNCLASSIFIED [-] (688)
[29/2126] 'Anna Netrebko' -> PRESENT_UNCLASSIFIED [-] (262)
[30/2126] 'Omar Khayyám' -> NONE
[31/2126] 'Bob Marley' -> PRESENT_UNCLASSIFIED [-] (5)
[32/2126] 'ABBA' -> PRESENT_UNCLASSIFIED [-] (334)
[33/2126] 'Thomas Mann' -> NONE
[34/2126] 'Robin Williams' -> PRESENT_UNCLASSIFIED [-] (59)
[35/2126] 'Lana Del Rey' -> PRESENT_UNCLASSIFIED [-] (497)
[36/2126] 'Céline Dion' -> PRESENT_UNCLASSIFIED [-] (546)
[37/2126] 'Woody Allen' -> PRESENT_UNCLASSIFIED [-] (2)
[38/2126] 'Rihanna' -> PRESENT_UNCLASSIFIED [-] (518)
[39/2126] 'Scarlett Johansson' -> PRESENT_UNCLASSIFIED [-] (72)
[40/2126] 'Bertolt Brecht' -> PRESENT_UNCLASSIFIED [-] (4)
[41/2126] 'Judy Garland' -> PRESENT_UNCLASSIFIED [-] (400)
[42/2126] 'Brigitte Bardot' -> PRESENT_UNCLASSIFIED [-] (165)
[43/2126] 'Hebe Camargo' -> PRESENT_UNCLASSIFIED [-] (93)
[44/2126] 'Anggun' -> PRESENT_UNCLASSIFIED [-] (318)
[45/2126] 'Jim Morrison' -> PRESENT_UNCLASSIFIED [-] (40)
[46/2126] 'Paul McCartney' -> PRESENT_UNCLASSIFIED [-] (530)
[47/2126] 'Agnez Mo' -> PRESENT_UNCLASSIFIED [-] (150)
[48/2126] 'Johnny Depp' -> PRESENT_UNCLASSIFIED [-] (95)
[49/2126] 'Édith Piaf' -> PRESENT_UNCLASSIFIED [-] (232)
[50/2126] 'Audrey Hepburn' -> PRESENT_UNCLASSIFIED [-] (48)
[51/2126] 'Britney Spears' -> PRESENT_UNCLASSIFIED [-] (498)
[52/2126] 'Maya Angelou' -> PRESENT_UNCLASSIFIED [-] (2)
[53/2126] 'Lordi' -> PRESENT_UNCLASSIFIED [-] (279)
[54/2126] 'Federico García Lorca' -> PRESENT_UNCLASSIFIED [-] (20)
[55/2126] 'Romain Rolland' -> NONE
[56/2126] 'Ariana Grande' -> PRESENT_UNCLASSIFIED [-] (504)
[57/2126] 'Miley Cyrus' -> PRESENT_UNCLASSIFIED [-] (402)
[58/2126] 'Avril Lavigne' -> PRESENT_UNCLASSIFIED [-] (296)
[59/2126] 'Alain Delon' -> PRESENT_UNCLASSIFIED [-] (10)
[60/2126] 'The Rolling Stones' -> PRESENT_UNCLASSIFIED [-] (659)
[61/2126] 'Jennifer Lopez' -> PRESENT_UNCLASSIFIED [-] (467)
[62/2126] 'Shah Rukh Khan' -> PRESENT_UNCLASSIFIED [-] (23)
[63/2126] 'David Bowie' -> PRESENT_UNCLASSIFIED [-] (578)
[64/2126] 'Swami Vivekananda' -> NONE
[65/2126] 'Whitney Houston' -> PRESENT_UNCLASSIFIED [-] (439)
[66/2126] 'Adele' -> PRESENT_UNCLASSIFIED [-] (187)
[67/2126] 'Nero' -> PRESENT_UNCLASSIFIED [-] (5)
[68/2126] 'Frank Sinatra' -> PRESENT_UNCLASSIFIED [-] (1396)
[69/2126] 'Tom Hanks' -> PRESENT_UNCLASSIFIED [-] (19)
[70/2126] 'Clint Eastwood' -> PRESENT_UNCLASSIFIED [-] (107)
[71/2126] 'Will Smith' -> PRESENT_UNCLASSIFIED [-] (307)
[72/2126] 'Katy Perry' -> PRESENT_UNCLASSIFIED [-] (382)
[73/2126] 'Kate Winslet' -> PRESENT_UNCLASSIFIED [-] (3)
[74/2126] 'Charlotte Rampling' -> NONE
[75/2126] 'Jimi Hendrix' -> PRESENT_UNCLASSIFIED [-] (163)
[76/2126] 'Tupac Shakur' -> PRESENT_UNCLASSIFIED [-] (693)
[77/2126] 'Tupac Shakur' -> PRESENT_UNCLASSIFIED [-] (1)
[78/2126] 'Tupac Shakur' -> PRESENT_UNCLASSIFIED [-] (5)
[79/2126] 'Nicole Kidman' -> PRESENT_UNCLASSIFIED [-] (38)
[80/2126] 'Demi Lovato' -> PRESENT_UNCLASSIFIED [-] (395)
[81/2126] 'Leonard Cohen' -> PRESENT_UNCLASSIFIED [-] (345)
[82/2126] 'Metallica' -> PRESENT_UNCLASSIFIED [-] (494)
[83/2126] 'Sophia Loren' -> PRESENT_UNCLASSIFIED [-] (155)
[84/2126] 'Valery Leontiev' -> PRESENT_UNCLASSIFIED [-] (1)
[85/2126] 'Amy Winehouse' -> PRESENT_UNCLASSIFIED [-] (261)
[86/2126] 'Gwyneth Paltrow' -> PRESENT_UNCLASSIFIED [-] (22)
[87/2126] 'Steven Seagal' -> PRESENT_UNCLASSIFIED [-] (59)
[88/2126] 'Kurt Cobain' -> PRESENT_UNCLASSIFIED [-] (42)
[89/2126] 'Jeremy Renner' -> PRESENT_UNCLASSIFIED [-] (47)
[90/2126] 'Russell Crowe' -> PRESENT_UNCLASSIFIED [-] (80)
[91/2126] 'George Harrison' -> PRESENT_UNCLASSIFIED [-] (262)
[92/2126] 'Tom Cruise' -> PRESENT_UNCLASSIFIED [-] (7)
[93/2126] 'Franz Liszt' -> PRESENT_UNCLASSIFIED [-] (2339)
[94/2126] 'Mariah Carey' -> PRESENT_UNCLASSIFIED [-] (695)
[95/2126] 'Amitabh Bachchan' -> PRESENT_UNCLASSIFIED [-] (99)
[96/2126] 'Andrew Garfield' -> PRESENT_UNCLASSIFIED [-] (27)
[97/2126] 'Stefan Zweig' -> NONE
[98/2126] 'Keanu Reeves' -> NONE
[99/2126] 'Selena' -> PRESENT_UNCLASSIFIED [-] (247)
[100/2126] 'Kylie Minogue' -> PRESENT_UNCLASSIFIED [-] (1127)
[101/2126] 'Bing Crosby' -> PRESENT_UNCLASSIFIED [-] (832)
[102/2126] 'Ingrid Bergman' -> PRESENT_UNCLASSIFIED [-] (1)
[103/2126] 'Felix Mendelssohn' -> PRESENT_UNCLASSIFIED [-] (2020)
[104/2126] 'Billie Eilish' -> PRESENT_UNCLASSIFIED [-] (282)
[105/2126] 'Jane Fonda' -> NONE
[106/2126] 'Albert Schweitzer' -> NONE
[107/2126] 'Led Zeppelin' -> PRESENT_UNCLASSIFIED [-] (255)
[108/2126] 'Cher' -> PRESENT_UNCLASSIFIED [-] (393)
[109/2126] 'Linkin Park' -> PRESENT_UNCLASSIFIED [-] (439)
[110/2126] 'John Travolta' -> PRESENT_UNCLASSIFIED [-] (96)
[111/2126] 'Elton John' -> PRESENT_UNCLASSIFIED [-] (579)
[112/2126] 'Grace Kelly' -> PRESENT_UNCLASSIFIED [-] (2)
[113/2126] 'Johnny Cash' -> PRESENT_UNCLASSIFIED [-] (971)
[114/2126] 'Vladimir Vysotsky' -> PRESENT_UNCLASSIFIED [-] (131)
[115/2126] 'Giovanni Pierluigi da Palestrina' -> PRESENT_UNCLASSIFIED [-] (264)
[116/2126] 'Lila Downs' -> PRESENT_UNCLASSIFIED [-] (240)
[117/2126] 'U2' -> PRESENT_UNCLASSIFIED [-] (474)
[118/2126] 'Aretha Franklin' -> PRESENT_UNCLASSIFIED [-] (510)
[119/2126] 'Taylor Lautner' -> PRESENT_UNCLASSIFIED [-] (1)
[120/2126] 'Enya' -> PRESENT_UNCLASSIFIED [-] (215)
[121/2126] 'Franz Beckenbauer' -> PRESENT_UNCLASSIFIED [-] (4)
[122/2126] 'Nirvana' -> PRESENT_UNCLASSIFIED [-] (383)
[123/2126] 'Nicki Minaj' -> PRESENT_UNCLASSIFIED [-] (613)
[124/2126] 'William Herschel' -> PRESENT_UNCLASSIFIED [-] (15)
[125/2126] 'Matt Damon' -> PRESENT_UNCLASSIFIED [-] (2)
[126/2126] 'Ronaldinho' -> PRESENT_UNCLASSIFIED [-] (6)
[127/2126] 'Daniel Radcliffe' -> PRESENT_UNCLASSIFIED [-] (37)
[128/2126] 'Orson Welles' -> PRESENT_UNCLASSIFIED [-] (1)
[129/2126] 'Mae West' -> PRESENT_UNCLASSIFIED [-] (1)
[130/2126] 'Christopher Lee' -> PRESENT_UNCLASSIFIED [-] (74)
[131/2126] '50 Cent' -> PRESENT_UNCLASSIFIED [-] (457)
[132/2126] 'Robert Downey Jr.' -> PRESENT_UNCLASSIFIED [-] (28)
[133/2126] 'Prince' -> PRESENT_UNCLASSIFIED [-] (762)
[134/2126] 'Justin Timberlake' -> PRESENT_UNCLASSIFIED [-] (376)
[135/2126] 'Helmut Schmidt' -> NONE
[136/2126] 'Prince' -> PRESENT_UNCLASSIFIED [-] (1)
[137/2126] 'Prince' -> PRESENT_UNCLASSIFIED [-] (1)
[138/2126] 'Dan Brown' -> PRESENT_UNCLASSIFIED [-] (24)
[139/2126] 'Tina Turner' -> PRESENT_UNCLASSIFIED [-] (539)
[140/2126] 'Frank Zappa' -> PRESENT_UNCLASSIFIED [-] (597)
[141/2126] 'Kanye West' -> PRESENT_UNCLASSIFIED [-] (801)
[142/2126] 'Paris Hilton' -> PRESENT_UNCLASSIFIED [-] (127)
[143/2126] 'Carrie Fisher' -> PRESENT_UNCLASSIFIED [-] (1)
[144/2126] 'Umm Kulthum' -> PRESENT_UNCLASSIFIED [-] (141)
[145/2126] 'Kevin Costner' -> PRESENT_UNCLASSIFIED [-] (97)
[146/2126] 'Iron Maiden' -> PRESENT_UNCLASSIFIED [-] (342)
[147/2126] 'Eddie Murphy' -> PRESENT_UNCLASSIFIED [-] (109)
[148/2126] 'Barbra Streisand' -> PRESENT_UNCLASSIFIED [-] (427)
[149/2126] 'Björk' -> PRESENT_UNCLASSIFIED [-] (599)
[150/2126] 'Alla Pugacheva' -> PRESENT_UNCLASSIFIED [-] (150)
[151/2126] 'Priyanka Chopra' -> PRESENT_UNCLASSIFIED [-] (16)
[152/2126] 'Ursula K. Le Guin' -> NONE
[153/2126] 'Nightwish' -> PRESENT_UNCLASSIFIED [-] (318)
[154/2126] 'Bette Davis' -> PRESENT_UNCLASSIFIED [-] (39)
[155/2126] 'Bruce Springsteen' -> PRESENT_UNCLASSIFIED [-] (472)
[156/2126] 'Harper Lee' -> NONE
[157/2126] 'Julianne Moore' -> PRESENT_UNCLASSIFIED [-] (3)
[158/2126] 'Ozzy Osbourne' -> PRESENT_UNCLASSIFIED [-] (305)
[159/2126] 'Anastacia' -> PRESENT_UNCLASSIFIED [-] (290)
[160/2126] 'Eva Perón' -> NONE
[161/2126] 'Dolly Parton' -> PRESENT_UNCLASSIFIED [-] (785)
[162/2126] 'Noemi' -> PRESENT_UNCLASSIFIED [-] (177)
[163/2126] 'Salma Hayek' -> PRESENT_UNCLASSIFIED [-] (5)
[164/2126] 'Ray Charles' -> PRESENT_UNCLASSIFIED [-] (453)
[165/2126] 'David Lynch' -> PRESENT_UNCLASSIFIED [-] (127)
[166/2126] 'Whoopi Goldberg' -> PRESENT_UNCLASSIFIED [-] (9)
[167/2126] 'Salman Khan' -> PRESENT_UNCLASSIFIED [-] (53)
[168/2126] 'Bruno Mars' -> PRESENT_UNCLASSIFIED [-] (174)
[169/2126] 'Christopher Plummer' -> PRESENT_UNCLASSIFIED [-] (5)
[170/2126] 'Rita Hayworth' -> PRESENT_UNCLASSIFIED [-] (92)
[171/2126] 'Pierce Brosnan' -> PRESENT_UNCLASSIFIED [-] (11)
[172/2126] 'Coldplay' -> PRESENT_UNCLASSIFIED [-] (414)
[173/2126] 'Béla Bartók' -> PRESENT_UNCLASSIFIED [-] (1018)
[174/2126] 'Janet Jackson' -> PRESENT_UNCLASSIFIED [-] (511)
[175/2126] 'George Michael' -> PRESENT_UNCLASSIFIED [-] (214)
[176/2126] 'Marjorie Estiano' -> PRESENT_UNCLASSIFIED [-] (84)
[177/2126] 'AC/DC' -> PRESENT_UNCLASSIFIED [-] (366)
[178/2126] 'Red Hot Chili Peppers' -> PRESENT_UNCLASSIFIED [-] (421)
[179/2126] 'Aamir Khan' -> PRESENT_UNCLASSIFIED [-] (25)
[180/2126] 'One Direction' -> PRESENT_UNCLASSIFIED [-] (262)
[181/2126] 'Gillian Anderson' -> PRESENT_UNCLASSIFIED [-] (2)
[182/2126] 'Catherine Zeta-Jones' -> PRESENT_UNCLASSIFIED [-] (38)
[183/2126] "Peter O'Toole" -> NONE
[184/2126] 'Joan Baez' -> PRESENT_UNCLASSIFIED [-] (347)
[185/2126] 'Layal Abboud' -> PRESENT_UNCLASSIFIED [-] (37)
[186/2126] 'Lauren Bacall' -> PRESENT_UNCLASSIFIED [-] (19)
[187/2126] 'Fred Astaire' -> PRESENT_UNCLASSIFIED [-] (389)
[188/2126] 'Kirk Douglas' -> PRESENT_UNCLASSIFIED [-] (1)
[189/2126] 'Gérard Depardieu' -> PRESENT_UNCLASSIFIED [-] (4)
[190/2126] 'Gene Wilder' -> PRESENT_UNCLASSIFIED [-] (7)
[191/2126] 'Michelle Pfeiffer' -> PRESENT_UNCLASSIFIED [-] (15)
[192/2126] 'Doris Day' -> PRESENT_UNCLASSIFIED [-] (587)
[193/2126] 'Sidney Poitier' -> PRESENT_UNCLASSIFIED [-] (20)
[194/2126] 'Ella Fitzgerald' -> PRESENT_UNCLASSIFIED [-] (989)
[195/2126] 'Eric Clapton' -> PRESENT_UNCLASSIFIED [-] (622)
[196/2126] 'James Brown' -> PRESENT_UNCLASSIFIED [-] (735)
[197/2126] 'Drew Barrymore' -> PRESENT_UNCLASSIFIED [-] (1)
[198/2126] 'Miles Davis' -> PRESENT_UNCLASSIFIED [-] (974)
[199/2126] 'Mick Jagger' -> PRESENT_UNCLASSIFIED [-] (178)
[200/2126] 'John Goodman' -> PRESENT_UNCLASSIFIED [-] (21)
[201/2126] 'Winona Ryder' -> PRESENT_UNCLASSIFIED [-] (1)
[202/2126] 'Mark Wahlberg' -> PRESENT_UNCLASSIFIED [-] (23)
[203/2126] 'John Goodman' -> PRESENT_UNCLASSIFIED [-] (21)
[204/2126] 'Hedy Lamarr' -> NONE
[205/2126] 'Julie Andrews' -> PRESENT_UNCLASSIFIED [-] (302)
[206/2126] 'Milla Jovovich' -> PRESENT_UNCLASSIFIED [-] (35)
[207/2126] 'Zendaya' -> PRESENT_UNCLASSIFIED [-] (98)
[208/2126] 'IShowSpeed' -> PRESENT_UNCLASSIFIED [-] (46)
[209/2126] 'Charles Aznavour' -> PRESENT_UNCLASSIFIED [-] (492)
[210/2126] 'Liam Neeson' -> PRESENT_UNCLASSIFIED [-] (14)
[211/2126] 'Stevie Wonder' -> PRESENT_UNCLASSIFIED [-] (508)
[212/2126] 'Stevie Wonder' -> PRESENT_UNCLASSIFIED [-] (508)
[213/2126] 'Stevie Wonder' -> PRESENT_UNCLASSIFIED [-] (508)
[214/2126] 'Amy Adams' -> PRESENT_UNCLASSIFIED [-] (35)
[215/2126] 'Natalia Oreiro' -> PRESENT_UNCLASSIFIED [-] (35)
[216/2126] 'Snoop Dogg' -> PRESENT_UNCLASSIFIED [-] (1227)
[217/2126] 'Alicia Keys' -> PRESENT_UNCLASSIFIED [-] (508)
[218/2126] 'Victoria Beckham' -> PRESENT_UNCLASSIFIED [-] (30)
[219/2126] 'Yoko Ono' -> PRESENT_UNCLASSIFIED [-] (227)
[220/2126] 'Psy' -> PRESENT_UNCLASSIFIED [-] (187)
[221/2126] 'Miriam Makeba' -> PRESENT_UNCLASSIFIED [-] (194)
[222/2126] 'Chester Bennington' -> PRESENT_UNCLASSIFIED [-] (51)
[223/2126] 'Snoop Dogg' -> PRESENT_UNCLASSIFIED [-] (27)
[224/2126] 'Ichir\u014d Mizuki' ERROR: 'charmap' codec can't encode character '\u014d' in position 17: character maps to <undefined>
[225/2126] 'Snoop Dogg' -> PRESENT_UNCLASSIFIED [-] (3)
[226/2126] 'Charles Manson' -> PRESENT_UNCLASSIFIED [-] (135)
[227/2126] 'Ravi Shankar' -> PRESENT_UNCLASSIFIED [-] (141)
[228/2126] 'Josephine Baker' -> PRESENT_UNCLASSIFIED [-] (170)
[229/2126] 'Shirley MacLaine' -> PRESENT_UNCLASSIFIED [-] (6)
[230/2126] 'Sting' -> PRESENT_UNCLASSIFIED [-] (448)
[231/2126] 'Emmy Rossum' -> PRESENT_UNCLASSIFIED [-] (72)
[232/2126] 'Marilyn Manson' -> PRESENT_UNCLASSIFIED [-] (387)
[233/2126] 'Sting' -> PRESENT_UNCLASSIFIED [-] (448)
[234/2126] 'Judi Dench' -> PRESENT_UNCLASSIFIED [-] (80)
[235/2126] 'Andrea Bocelli' -> PRESENT_UNCLASSIFIED [-] (564)
[236/2126] 'Chuck Berry' -> PRESENT_UNCLASSIFIED [-] (228)
[237/2126] '30 Seconds to Mars' -> PRESENT_UNCLASSIFIED [-] (205)
[238/2126] 'Alia Bhatt' -> PRESENT_UNCLASSIFIED [-] (9)
[239/2126] 'Zac Efron' -> PRESENT_UNCLASSIFIED [-] (65)
[240/2126] 'Pierre-Augustin de Beaumarchais' -> NONE
[241/2126] 'John Cena' -> PRESENT_UNCLASSIFIED [-] (49)
[242/2126] 'Pedro Almodóvar' -> NONE
[243/2126] 'Enrique Iglesias' -> PRESENT_UNCLASSIFIED [-] (347)
[244/2126] 'Allen Ginsberg' -> PRESENT_UNCLASSIFIED [-] (44)
[245/2126] 'Shirley Temple' -> PRESENT_UNCLASSIFIED [-] (86)
[246/2126] 'Ennio Morricone' -> PRESENT_UNCLASSIFIED [-] (425)
[247/2126] 'Robert Pattinson' -> PRESENT_UNCLASSIFIED [-] (7)
[248/2126] "Guns N' Roses" -> PRESENT_UNCLASSIFIED [-] (336)
[249/2126] 'Lindsay Lohan' -> PRESENT_UNCLASSIFIED [-] (78)
[250/2126] 'Duran Duran' -> PRESENT_UNCLASSIFIED [-] (347)
[251/2126] 'Adam Sandler' -> PRESENT_UNCLASSIFIED [-] (175)
[252/2126] 'Alan Rickman' -> PRESENT_UNCLASSIFIED [-] (8)
[253/2126] 'Laurence Olivier' -> NONE
[254/2126] 'Charlton Heston' -> PRESENT_UNCLASSIFIED [-] (83)
[255/2126] 'Joaquin Phoenix' -> PRESENT_UNCLASSIFIED [-] (29)
[256/2126] 'The Who' -> PRESENT_UNCLASSIFIED [-] (274)
[257/2126] 'Rammstein' -> PRESENT_UNCLASSIFIED [-] (434)
[258/2126] 'Robbie Williams' -> PRESENT_UNCLASSIFIED [-] (417)
[259/2126] 'Catherine Deneuve' -> PRESENT_UNCLASSIFIED [-] (22)
[260/2126] 'Bed\u0159ich Smetana' ERROR: 'charmap' codec can't encode character '\u0159' in position 15: character maps to <undefined>
[261/2126] 'Thomas Young' -> PRESENT_UNCLASSIFIED [-] (645)
[262/2126] 'Bryan Adams' -> PRESENT_UNCLASSIFIED [-] (278)
[263/2126] 'Bono' -> PRESENT_UNCLASSIFIED [-] (70)
[264/2126] 'Ryan Gosling' -> PRESENT_UNCLASSIFIED [-] (22)
[265/2126] 'Isabelle Adjani' -> PRESENT_UNCLASSIFIED [-] (50)
[266/2126] 'Kim Basinger' -> NONE
[267/2126] 'Peter Sellers' -> PRESENT_UNCLASSIFIED [-] (47)
[268/2126] 'Alexander Borodin' -> PRESENT_UNCLASSIFIED [-] (213)
[269/2126] 'Richard Strauss' -> PRESENT_UNCLASSIFIED [-] (1215)
[270/2126] 'Norodom Sihanouk' -> NONE
[271/2126] 'Ian McKellen' -> PRESENT_UNCLASSIFIED [-] (19)
[272/2126] 'Sally Field' -> NONE
[273/2126] 'Kevin Spacey' -> PRESENT_UNCLASSIFIED [-] (22)
[274/2126] 'James Cagney' -> PRESENT_UNCLASSIFIED [-] (10)
[275/2126] 'Alexander Borodin' -> PRESENT_UNCLASSIFIED [-] (213)
[276/2126] 'Radiohead' -> PRESENT_UNCLASSIFIED [-] (293)
[277/2126] 'Phil Collins' -> PRESENT_UNCLASSIFIED [-] (236)
[278/2126] 'Hilary Duff' -> PRESENT_UNCLASSIFIED [-] (220)
[279/2126] 'Brian May' -> PRESENT_UNCLASSIFIED [-] (172)
[280/2126] 'Jennifer Connelly' -> PRESENT_UNCLASSIFIED [-] (3)
[281/2126] 'Nelly Furtado' -> PRESENT_UNCLASSIFIED [-] (315)
[282/2126] 'Billie Holiday' -> PRESENT_UNCLASSIFIED [-] (770)
[283/2126] 'Drake' -> PRESENT_UNCLASSIFIED [-] (811)
[284/2126] 'R. Kelly' -> PRESENT_UNCLASSIFIED [-] (437)
[285/2126] 'James Hetfield' -> PRESENT_UNCLASSIFIED [-] (1)
[286/2126] 'Billie Holiday' -> PRESENT_UNCLASSIFIED [-] (770)
[287/2126] 'Jolin Tsai' -> PRESENT_UNCLASSIFIED [-] (165)
[288/2126] 'Modest Petrovich Mussorgsky' -> PRESENT_UNCLASSIFIED [-] (626)
[289/2126] 'Pink' -> PRESENT_UNCLASSIFIED [-] (352)
[290/2126] 'Cillian Murphy' -> PRESENT_UNCLASSIFIED [-] (2)
[291/2126] 'Hans Zimmer' -> PRESENT_UNCLASSIFIED [-] (1272)
[292/2126] 'Avicii' -> PRESENT_UNCLASSIFIED [-] (14)
[293/2126] 'Avicii' -> PRESENT_UNCLASSIFIED [-] (365)
[294/2126] 'Ewan McGregor' -> PRESENT_UNCLASSIFIED [-] (39)
[295/2126] 'Mike Myers' -> PRESENT_UNCLASSIFIED [-] (4)
[296/2126] 'Akon' -> PRESENT_UNCLASSIFIED [-] (454)
[297/2126] 'Brie Larson' -> PRESENT_UNCLASSIFIED [-] (41)
[298/2126] 'Carlos Alazraqui' -> PRESENT_UNCLASSIFIED [-] (4)
[299/2126] 'Ava Gardner' -> PRESENT_UNCLASSIFIED [-] (6)
[300/2126] 'Jeremy Irons' -> PRESENT_UNCLASSIFIED [-] (66)
[301/2126] 'Colette' -> PRESENT_UNCLASSIFIED [-] (26)
[302/2126] 'Roberto Benigni' -> PRESENT_UNCLASSIFIED [-] (16)
[303/2126] 'Ian McShane' -> PRESENT_UNCLASSIFIED [-] (5)
[304/2126] 'Danny DeVito' -> PRESENT_UNCLASSIFIED [-] (27)
[305/2126] 'Duke Ellington' -> PRESENT_UNCLASSIFIED [-] (706)
[306/2126] 'John de Lancie' -> NONE
[307/2126] 'Peter Ustinov' -> PRESENT_UNCLASSIFIED [-] (7)
[308/2126] 'Julio Iglesias' -> PRESENT_UNCLASSIFIED [-] (217)
[309/2126] 'Jared Leto' -> PRESENT_UNCLASSIFIED [-] (1)
[310/2126] 'Kiss' -> PRESENT_UNCLASSIFIED [-] (338)
[311/2126] 'Joe Cocker' -> PRESENT_UNCLASSIFIED [-] (314)
[312/2126] 'Diana Ross' -> PRESENT_UNCLASSIFIED [-] (415)
[313/2126] 'Montserrat Caballé' -> PRESENT_UNCLASSIFIED [-] (280)
[314/2126] 'Rosé' -> PRESENT_UNCLASSIFIED [-] (73)
[315/2126] 'Idris Elba' -> PRESENT_UNCLASSIFIED [-] (240)
[316/2126] 'Kate Hudson' -> PRESENT_UNCLASSIFIED [-] (36)
[317/2126] 'Bon Jovi' -> PRESENT_UNCLASSIFIED [-] (295)
[318/2126] 'Jerry Lewis' -> PRESENT_UNCLASSIFIED [-] (143)
[319/2126] 'Pete Seeger' -> PRESENT_UNCLASSIFIED [-] (319)
[320/2126] 'Joshua Bassett' -> PRESENT_UNCLASSIFIED [-] (120)
[321/2126] 'Richard Burton' -> PRESENT_UNCLASSIFIED [-] (63)
[322/2126] 'Ben Kingsley' -> PRESENT_UNCLASSIFIED [-] (4)
[323/2126] 'Bill Murray' -> PRESENT_UNCLASSIFIED [-] (1)
[324/2126] 'Elijah Wood' -> PRESENT_UNCLASSIFIED [-] (1)
[325/2126] 'Kelly Clarkson' -> PRESENT_UNCLASSIFIED [-] (399)
[326/2126] 'Kristen Bell' -> PRESENT_UNCLASSIFIED [-] (122)
[327/2126] 'Gene Kelly' -> PRESENT_UNCLASSIFIED [-] (231)
[328/2126] 'Paul Allen' -> PRESENT_UNCLASSIFIED [-] (3)
[329/2126] 'Dakota Fanning' -> PRESENT_UNCLASSIFIED [-] (2)
[330/2126] 'Claudio Monteverdi' -> PRESENT_UNCLASSIFIED [-] (515)
[331/2126] 'Debbie Reynolds' -> PRESENT_UNCLASSIFIED [-] (228)
[332/2126] 'Adriano Celentano' -> PRESENT_UNCLASSIFIED [-] (359)
[333/2126] 'Cardi B' -> PRESENT_UNCLASSIFIED [-] (249)
[334/2126] 'Jean Gabin' -> PRESENT_UNCLASSIFIED [-] (86)
[335/2126] 'Lata Mangeshkar' -> PRESENT_UNCLASSIFIED [-] (1707)
[336/2126] 'Bill Cosby' -> PRESENT_UNCLASSIFIED [-] (9)
[337/2126] 'Jeff Bridges' -> PRESENT_UNCLASSIFIED [-] (58)
[338/2126] 'Ice Cube' -> PRESENT_UNCLASSIFIED [-] (424)
[339/2126] 'Colin Firth' -> PRESENT_UNCLASSIFIED [-] (8)
[340/2126] 'Lisa Gerrard' -> PRESENT_UNCLASSIFIED [-] (286)
[341/2126] 'Anthony Quinn' -> PRESENT_UNCLASSIFIED [-] (8)
[342/2126] 'Courtney Love' -> PRESENT_UNCLASSIFIED [-] (60)
[343/2126] 'Goldie Hawn' -> PRESENT_UNCLASSIFIED [-] (12)
[344/2126] 'Kesha' -> PRESENT_UNCLASSIFIED [-] (319)
[345/2126] 'Aerosmith' -> PRESENT_UNCLASSIFIED [-] (298)
[346/2126] 'Viggo Mortensen' -> PRESENT_UNCLASSIFIED [-] (4)
[347/2126] 'Naomi Campbell' -> PRESENT_UNCLASSIFIED [-] (11)
[348/2126] 'Vanessa Hudgens' -> PRESENT_UNCLASSIFIED [-] (148)
[349/2126] 'Nina Simone' -> PRESENT_UNCLASSIFIED [-] (359)
[350/2126] "Shaquille O'Neal" -> PRESENT_UNCLASSIFIED [-] (150)
[351/2126] "Shaquille O'Neal" -> PRESENT_UNCLASSIFIED [-] (22)
[352/2126] 'Frank Gehry' -> NONE
[353/2126] 'John Glenn' -> PRESENT_UNCLASSIFIED [-] (2)
[354/2126] 'John Cale' -> PRESENT_UNCLASSIFIED [-] (296)
[355/2126] 'Richard Simmons' -> NONE
[356/2126] 'Pumpuang Duangjan' -> PRESENT_UNCLASSIFIED [-] (107)
[357/2126] 'Harry Styles' -> PRESENT_UNCLASSIFIED [-] (111)
[358/2126] 'Viktor Tsoi' -> PRESENT_UNCLASSIFIED [-] (6)
[359/2126] 'Dire Straits' -> PRESENT_UNCLASSIFIED [-] (189)
[360/2126] 'Conchita Wurst' -> PRESENT_UNCLASSIFIED [-] (106)
[361/2126] 'Glenn Close' -> PRESENT_UNCLASSIFIED [-] (33)
[362/2126] 'Agnetha Fältskog' -> PRESENT_UNCLASSIFIED [-] (282)
[363/2126] 'Jessica Simpson' -> PRESENT_UNCLASSIFIED [-] (190)
[364/2126] 'Alice Cooper' -> PRESENT_UNCLASSIFIED [-] (23)
[365/2126] 'Amanda Seyfried' -> PRESENT_UNCLASSIFIED [-] (36)
[366/2126] 'Jamie Foxx' -> PRESENT_UNCLASSIFIED [-] (233)
[367/2126] 'Olivia Rodrigo' -> PRESENT_UNCLASSIFIED [-] (142)
[368/2126] 'Hugh Laurie' -> PRESENT_UNCLASSIFIED [-] (103)
[369/2126] 'Conchita Wurst' -> PRESENT_UNCLASSIFIED [-] (106)
[370/2126] 'Alanis Morissette' -> PRESENT_UNCLASSIFIED [-] (261)
[371/2126] 'Patrick Swayze' -> PRESENT_UNCLASSIFIED [-] (6)
[372/2126] 'Bob Hoskins' -> NONE
[373/2126] 'John Michael Talbot' -> PRESENT_UNCLASSIFIED [-] (172)
[374/2126] 'Dima Bilan' -> PRESENT_UNCLASSIFIED [-] (140)
[375/2126] 'Bob Hope' -> PRESENT_UNCLASSIFIED [-] (24)
[376/2126] 'The Beach Boys' -> PRESENT_UNCLASSIFIED [-] (519)
[377/2126] 'Jamala' -> PRESENT_UNCLASSIFIED [-] (221)
[378/2126] 'Jack Black' -> PRESENT_UNCLASSIFIED [-] (22)
[379/2126] 'Dean Martin' -> PRESENT_UNCLASSIFIED [-] (569)
[380/2126] 'Jacques Brel' -> PRESENT_UNCLASSIFIED [-] (182)
[381/2126] 'Betty White' -> NONE
[382/2126] 'Ram Narayan' -> PRESENT_UNCLASSIFIED [-] (24)
[383/2126] 'Hande Yener' -> PRESENT_UNCLASSIFIED [-] (249)
[384/2126] 'Usher' -> PRESENT_UNCLASSIFIED [-] (8)
[385/2126] 'Rita Ora' -> PRESENT_UNCLASSIFIED [-] (263)
[386/2126] 'Gwen Stefani' -> PRESENT_UNCLASSIFIED [-] (207)
[387/2126] 'Eartha Kitt' -> PRESENT_UNCLASSIFIED [-] (172)
[388/2126] 'Emir Kusturica' -> PRESENT_UNCLASSIFIED [-] (57)
[389/2126] 'Lisa' -> PRESENT_UNCLASSIFIED [-] (55)
[390/2126] 'Lucille Ball' -> PRESENT_UNCLASSIFIED [-] (16)
[391/2126] 'Sia' -> PRESENT_UNCLASSIFIED [-] (491)
[392/2126] 'Michael Keaton' -> PRESENT_UNCLASSIFIED [-] (2)
[393/2126] 'Carla Bruni' -> PRESENT_UNCLASSIFIED [-] (206)
[394/2126] 'Eagles' -> PRESENT_UNCLASSIFIED [-] (246)
[395/2126] 'Sabrina Carpenter' -> PRESENT_UNCLASSIFIED [-] (294)
[396/2126] 'Lil Wayne' -> PRESENT_UNCLASSIFIED [-] (1394)
[397/2126] 'Susan Boyle' -> PRESENT_UNCLASSIFIED [-] (108)
[398/2126] 'Depeche Mode' -> PRESENT_UNCLASSIFIED [-] (860)
[399/2126] 'Teresa Teng' -> PRESENT_UNCLASSIFIED [-] (141)
[400/2126] 'Camila Cabello' -> PRESENT_UNCLASSIFIED [-] (234)
[401/2126] 'Tom Hiddleston' -> PRESENT_UNCLASSIFIED [-] (1)
[402/2126] 'Patrick Stewart' -> PRESENT_UNCLASSIFIED [-] (18)
[403/2126] 'Eric Cantona' -> PRESENT_UNCLASSIFIED [-] (41)
[404/2126] 'Tyra Banks' -> PRESENT_UNCLASSIFIED [-] (14)
[405/2126] 'Jack Lemmon' -> PRESENT_UNCLASSIFIED [-] (12)
[406/2126] 'Roger Waters' -> PRESENT_UNCLASSIFIED [-] (247)
[407/2126] 'System of a Down' -> PRESENT_UNCLASSIFIED [-] (180)
[408/2126] 'Ginger Rogers' -> PRESENT_UNCLASSIFIED [-] (129)
[409/2126] 'Marvin Gaye' -> PRESENT_UNCLASSIFIED [-] (580)
[410/2126] 'Leonard Nimoy' -> PRESENT_UNCLASSIFIED [-] (76)
[411/2126] 'Shelley Duvall' -> PRESENT_UNCLASSIFIED [-] (27)
[412/2126] 'Heidi Klum' -> PRESENT_UNCLASSIFIED [-] (3)
[413/2126] 'Macaulay Culkin' -> PRESENT_UNCLASSIFIED [-] (2)
[414/2126] 'Toto Cutugno' -> PRESENT_UNCLASSIFIED [-] (161)
[415/2126] 'Lou Reed' -> PRESENT_UNCLASSIFIED [-] (311)
[416/2126] 'Jeanne Moreau' -> PRESENT_UNCLASSIFIED [-] (165)
[417/2126] 'Donna Summer' -> PRESENT_UNCLASSIFIED [-] (263)
[418/2126] 'Seth MacFarlane' -> PRESENT_UNCLASSIFIED [-] (210)
[419/2126] 'William Shatner' -> PRESENT_UNCLASSIFIED [-] (193)
[420/2126] 'Siti Nurhaliza' -> PRESENT_UNCLASSIFIED [-] (106)
[421/2126] 'Lee Min-ho' -> PRESENT_UNCLASSIFIED [-] (15)
[422/2126] 'Jimmy Page' -> PRESENT_UNCLASSIFIED [-] (183)
[423/2126] 'Sofia Rotaru' -> PRESENT_UNCLASSIFIED [-] (75)
[424/2126] 'Taron Egerton' -> PRESENT_UNCLASSIFIED [-] (52)
[425/2126] 'Nikolai Noskov' -> PRESENT_UNCLASSIFIED [-] (40)
[426/2126] 'Jennie' -> PRESENT_UNCLASSIFIED [-] (27)
[427/2126] 'Ellie Goulding' -> PRESENT_UNCLASSIFIED [-] (333)
[428/2126] 'Zayn Malik' -> PRESENT_UNCLASSIFIED [-] (231)
[429/2126] 'Plácido Domingo' -> PRESENT_UNCLASSIFIED [-] (740)
[430/2126] 'Amir Khusrau' -> PRESENT_UNCLASSIFIED [-] (1)
[431/2126] 'Werner Herzog' -> NONE
[432/2126] 'Richard Attenborough' -> PRESENT_UNCLASSIFIED [-] (1)
[433/2126] 'Nat King Cole' -> PRESENT_UNCLASSIFIED [-] (528)
[434/2126] 'Lena Meyer-Landrut' -> PRESENT_UNCLASSIFIED [-] (276)
[435/2126] 'Jon Bon Jovi' -> PRESENT_UNCLASSIFIED [-] (57)
[436/2126] 'Loreen' -> PRESENT_UNCLASSIFIED [-] (132)
[437/2126] 'Olivia Newton-John' -> PRESENT_UNCLASSIFIED [-] (372)
[438/2126] 'Charlie Parker' -> PRESENT_UNCLASSIFIED [-] (335)
[439/2126] 'Norah Jones' -> PRESENT_UNCLASSIFIED [-] (420)
[440/2126] 'Rod Stewart' -> PRESENT_UNCLASSIFIED [-] (478)
[441/2126] 'Ana Mena' -> PRESENT_UNCLASSIFIED [-] (145)
[442/2126] 'Stefán Karl Stefánsson' -> NONE
[443/2126] 'Sophie Marceau' -> PRESENT_UNCLASSIFIED [-] (2)
[444/2126] 'William S. Burroughs' -> PRESENT_UNCLASSIFIED [-] (22)
[445/2126] 'John Malkovich' -> PRESENT_UNCLASSIFIED [-] (1)
[446/2126] 'Paul Auster' -> NONE
[447/2126] 'Juanes' -> PRESENT_UNCLASSIFIED [-] (231)
[448/2126] 'Errol Flynn' -> PRESENT_UNCLASSIFIED [-] (1)
[449/2126] 'Millie Bobby Brown' -> PRESENT_UNCLASSIFIED [-] (2)
[450/2126] 'Johnny Hallyday' -> PRESENT_UNCLASSIFIED [-] (553)
[451/2126] 'Chris Brown' -> PRESENT_UNCLASSIFIED [-] (1003)
[452/2126] 'Aaliyah' -> PRESENT_UNCLASSIFIED [-] (194)
[453/2126] 'Dave Grohl' -> PRESENT_UNCLASSIFIED [-] (30)
[454/2126] 'Måneskin' -> PRESENT_UNCLASSIFIED [-] (77)
[455/2126] 'The Prodigy' -> PRESENT_UNCLASSIFIED [-] (217)
[456/2126] 'Fergie' -> PRESENT_UNCLASSIFIED [-] (132)
[457/2126] 'Maroon 5' -> PRESENT_UNCLASSIFIED [-] (289)
[458/2126] 'Kiefer Sutherland' -> PRESENT_UNCLASSIFIED [-] (68)
[459/2126] 'Carlos Santana' -> PRESENT_UNCLASSIFIED [-] (82)
[460/2126] 'Kurt Russell' -> PRESENT_UNCLASSIFIED [-] (15)
[461/2126] 'Dave Grohl' -> PRESENT_UNCLASSIFIED [-] (11)
[462/2126] 'Colin Farrell' -> PRESENT_UNCLASSIFIED [-] (38)
[463/2126] 'Gustavo Adolfo Bécquer' -> NONE
[464/2126] 'Blake Clark' -> PRESENT_UNCLASSIFIED [-] (2)
[465/2126] 'Patti Smith' -> PRESENT_UNCLASSIFIED [-] (193)
[466/2126] 'Robert Mitchum' -> PRESENT_UNCLASSIFIED [-] (61)
[467/2126] 'Lily Allen' -> PRESENT_UNCLASSIFIED [-] (196)
[468/2126] 'Anna Kendrick' -> PRESENT_UNCLASSIFIED [-] (84)
[469/2126] 'Lacuna Coil' -> PRESENT_UNCLASSIFIED [-] (279)
[470/2126] "Dolores O'Riordan" -> PRESENT_UNCLASSIFIED [-] (25)
[471/2126] 'Bella Thorne' -> PRESENT_UNCLASSIFIED [-] (80)
[472/2126] 'The Clash' -> PRESENT_UNCLASSIFIED [-] (284)
[473/2126] 'Kate Bush' -> PRESENT_UNCLASSIFIED [-] (297)
[474/2126] 'John Cage' -> PRESENT_UNCLASSIFIED [-] (249)
[475/2126] 'Burt Reynolds' -> PRESENT_UNCLASSIFIED [-] (11)
[476/2126] 'Ruslana Lyzhychko' -> PRESENT_UNCLASSIFIED [-] (53)
[477/2126] 'Harry Belafonte' -> PRESENT_UNCLASSIFIED [-] (409)
[478/2126] 'Fred Rogers' -> NONE
[479/2126] 'Fred Rogers' -> PRESENT_UNCLASSIFIED [-] (70)
[480/2126] 'Lorde' -> PRESENT_UNCLASSIFIED [-] (115)
[481/2126] 'Jintara Poonlarp' -> PRESENT_UNCLASSIFIED [-] (64)
[482/2126] 'Sid Vicious' -> PRESENT_UNCLASSIFIED [-] (100)
[483/2126] 'Buddy Holly' -> PRESENT_UNCLASSIFIED [-] (259)
[484/2126] 'Buddy Holly' -> PRESENT_UNCLASSIFIED [-] (259)
[485/2126] 'Don Rickles' -> NONE
[486/2126] 'Fernandel' -> PRESENT_UNCLASSIFIED [-] (138)
[487/2126] 'Angela Lansbury' -> PRESENT_UNCLASSIFIED [-] (117)
[488/2126] 'Cyndi Lauper' -> PRESENT_UNCLASSIFIED [-] (239)
[489/2126] 'Backstreet Boys' -> PRESENT_UNCLASSIFIED [-] (312)
[490/2126] 'Joni Mitchell' -> PRESENT_UNCLASSIFIED [-] (245)
[491/2126] 'Robert Plant' -> PRESENT_UNCLASSIFIED [-] (339)
[492/2126] 'Slipknot' -> PRESENT_UNCLASSIFIED [-] (348)
[493/2126] 'Vangelis' -> PRESENT_UNCLASSIFIED [-] (214)
[494/2126] 'Jay Leno' -> PRESENT_UNCLASSIFIED [-] (1)
[495/2126] 'Chris Martin' -> PRESENT_UNCLASSIFIED [-] (7)
[496/2126] 'Vanessa Paradis' -> PRESENT_UNCLASSIFIED [-] (199)
[497/2126] 'Syd Barrett' -> PRESENT_UNCLASSIFIED [-] (21)
[498/2126] 'Rudolf Nureyev' -> NONE
[499/2126] 'Nikita Mikhalkov' -> NONE
[500/2126] 'Dalida' -> PRESENT_UNCLASSIFIED [-] (276)
[501/2126] 'Jim Varney' -> PRESENT_UNCLASSIFIED [-] (1)
[502/2126] 'Emma Roberts' -> PRESENT_UNCLASSIFIED [-] (15)
[503/2126] 'Alan Arkin' -> PRESENT_UNCLASSIFIED [-] (2)
[504/2126] 'William Hurt' -> NONE
[505/2126] 'Dylan Thomas' -> NONE
[506/2126] 'Nikita Mikhalkov' -> NONE
[507/2126] 'Shania Twain' -> PRESENT_UNCLASSIFIED [-] (263)
[508/2126] 'The Cure' -> PRESENT_UNCLASSIFIED [-] (315)
[509/2126] 'Lenny Kravitz' -> PRESENT_UNCLASSIFIED [-] (335)
[510/2126] 'Kenny Rogers' -> PRESENT_UNCLASSIFIED [-] (493)
[511/2126] 'Iggy Pop' -> PRESENT_UNCLASSIFIED [-] (370)
[512/2126] 'Nick Jonas' -> PRESENT_UNCLASSIFIED [-] (192)
[513/2126] 'Black Eyed Peas' -> PRESENT_UNCLASSIFIED [-] (341)
[514/2126] 'Ramones' -> PRESENT_UNCLASSIFIED [-] (319)
[515/2126] 'Bee Gees' -> PRESENT_UNCLASSIFIED [-] (293)
[516/2126] 'Peter Gabriel' -> PRESENT_UNCLASSIFIED [-] (383)
[517/2126] 'Bud Spencer' -> PRESENT_UNCLASSIFIED [-] (24)
[518/2126] 'Nicole Scherzinger' -> PRESENT_UNCLASSIFIED [-] (164)
[519/2126] 'Ronnie James Dio' -> PRESENT_UNCLASSIFIED [-] (7)
[520/2126] 'Lars Ulrich' -> PRESENT_UNCLASSIFIED [-] (1)
[521/2126] 'George Takei' -> NONE
[522/2126] 'Cesária Évora' -> PRESENT_UNCLASSIFIED [-] (260)
[523/2126] 'Vanessa Redgrave' -> PRESENT_UNCLASSIFIED [-] (25)
[524/2126] 'Shawn Mendes' -> PRESENT_UNCLASSIFIED [-] (306)
[525/2126] 'Yul Brynner' -> PRESENT_UNCLASSIFIED [-] (59)
[526/2126] 'Hailee Steinfeld' -> PRESENT_UNCLASSIFIED [-] (74)
[527/2126] 'Korn' -> PRESENT_UNCLASSIFIED [-] (351)
[528/2126] 'Neil Patrick Harris' -> PRESENT_UNCLASSIFIED [-] (57)
[529/2126] 'Gloria Estefan' -> PRESENT_UNCLASSIFIED [-] (414)
[530/2126] 'Laura Pausini' -> PRESENT_UNCLASSIFIED [-] (330)
[531/2126] 'Alexander Rybak' -> PRESENT_UNCLASSIFIED [-] (133)
[532/2126] 'Adam Levine' -> PRESENT_UNCLASSIFIED [-] (43)
[533/2126] 'Wesley Snipes' -> PRESENT_UNCLASSIFIED [-] (1)
[534/2126] 'Gloria Estefan' -> PRESENT_UNCLASSIFIED [-] (414)
[535/2126] 'Audrey Tautou' -> NONE
[536/2126] 'Michael Ende' -> NONE
[537/2126] 'Raquel Welch' -> PRESENT_UNCLASSIFIED [-] (1)
[538/2126] 'The Weeknd' -> PRESENT_UNCLASSIFIED [-] (488)
[539/2126] 'Nine Inch Nails' -> PRESENT_UNCLASSIFIED [-] (306)
[540/2126] 'Miranda Cosgrove' -> PRESENT_UNCLASSIFIED [-] (55)
[541/2126] 'Nana Mouskouri' -> PRESENT_UNCLASSIFIED [-] (212)
[542/2126] 'Yves Montand' -> PRESENT_UNCLASSIFIED [-] (168)
[543/2126] 'Blink-182' -> PRESENT_UNCLASSIFIED [-] (297)
[544/2126] 'Joe Pesci' -> PRESENT_UNCLASSIFIED [-] (46)
[545/2126] 'Irving Berlin' -> PRESENT_UNCLASSIFIED [-] (194)
[546/2126] 'Ashley Tisdale' -> PRESENT_UNCLASSIFIED [-] (156)
[547/2126] 'Billie Joe Armstrong' -> PRESENT_UNCLASSIFIED [-] (49)
[548/2126] 'James Blunt' -> PRESENT_UNCLASSIFIED [-] (221)
[549/2126] 'Eros Ramazzotti' -> PRESENT_UNCLASSIFIED [-] (237)
[550/2126] 'Mia Farrow' -> PRESENT_UNCLASSIFIED [-] (3)
[551/2126] 'Bette Midler' -> PRESENT_UNCLASSIFIED [-] (284)
[552/2126] 'Maggie Gyllenhaal' -> PRESENT_UNCLASSIFIED [-] (5)
[553/2126] 'Erich Kästner' -> NONE
[554/2126] 'Alexander Dugin' -> NONE
[555/2126] 'Jean-Michel Jarre' -> PRESENT_UNCLASSIFIED [-] (179)
[556/2126] 'Lionel Richie' -> PRESENT_UNCLASSIFIED [-] (247)
[557/2126] 'My Chemical Romance' -> PRESENT_UNCLASSIFIED [-] (234)
[558/2126] 'The Notorious B.I.G.' -> PRESENT_UNCLASSIFIED [-] (392)
[559/2126] 'Jennifer Love Hewitt' -> PRESENT_UNCLASSIFIED [-] (92)
[560/2126] 'The Killers' -> PRESENT_UNCLASSIFIED [-] (247)
[561/2126] 'Bruce Dickinson' -> PRESENT_UNCLASSIFIED [-] (208)
[562/2126] 'Mickey Rooney' -> PRESENT_UNCLASSIFIED [-] (116)
[563/2126] 'Jennifer Hudson' -> PRESENT_UNCLASSIFIED [-] (245)
[564/2126] 'Taylor Momsen' -> PRESENT_UNCLASSIFIED [-] (6)
[565/2126] 'My Chemical Romance' -> PRESENT_UNCLASSIFIED [-] (234)
[566/2126] 'Brittany Murphy' -> PRESENT_UNCLASSIFIED [-] (11)
[567/2126] 'Måns Zelmerlöw' -> PRESENT_UNCLASSIFIED [-] (188)
[568/2126] 'Daft Punk' -> PRESENT_UNCLASSIFIED [-] (241)
[569/2126] 'Arctic Monkeys' -> PRESENT_UNCLASSIFIED [-] (358)
[570/2126] 'AKB48' -> PRESENT_UNCLASSIFIED [-] (439)
[571/2126] 'Jean-Philippe Rameau' -> PRESENT_UNCLASSIFIED [-] (603)
[572/2126] 'Michelle Williams' -> PRESENT_UNCLASSIFIED [-] (8)
[573/2126] 'Paul Simon' -> PRESENT_UNCLASSIFIED [-] (274)
[574/2126] 'Paul Simon' -> PRESENT_UNCLASSIFIED [-] (2)
[575/2126] 'Kenneth Branagh' -> PRESENT_UNCLASSIFIED [-] (3)
[576/2126] 'Boris Vian' -> PRESENT_UNCLASSIFIED [-] (142)
[577/2126] 'Jonas Brothers' -> PRESENT_UNCLASSIFIED [-] (251)
[578/2126] 'Kevin Bacon' -> PRESENT_UNCLASSIFIED [-] (5)
[579/2126] 'Joy Division' -> PRESENT_UNCLASSIFIED [-] (188)
[580/2126] 'Annie Lennox' -> PRESENT_UNCLASSIFIED [-] (211)
[581/2126] 'Sissy Spacek' -> PRESENT_UNCLASSIFIED [-] (9)
[582/2126] 'Richard Harris' -> PRESENT_UNCLASSIFIED [-] (69)
[583/2126] 'Lemmy' -> PRESENT_UNCLASSIFIED [-] (49)
[584/2126] 'Carey Mulligan' -> PRESENT_UNCLASSIFIED [-] (3)
[585/2126] 'Arvo Pärt' -> PRESENT_UNCLASSIFIED [-] (308)
[586/2126] 'Liu Yifei' -> NONE
[587/2126] 'Roger Taylor' -> PRESENT_UNCLASSIFIED [-] (137)
[588/2126] 'France Gall' -> PRESENT_UNCLASSIFIED [-] (231)
[589/2126] 'Wiz Khalifa' -> PRESENT_UNCLASSIFIED [-] (956)
[590/2126] 'Jean-Baptiste Lully' -> PRESENT_UNCLASSIFIED [-] (340)
[591/2126] 'Anna Nicole Smith' -> PRESENT_UNCLASSIFIED [-] (2)
[592/2126] 'Joy Division' -> PRESENT_UNCLASSIFIED [-] (188)
[593/2126] 'Liu Yifei' -> PRESENT_UNCLASSIFIED [-] (2)
[594/2126] 'Romy Schneider' -> PRESENT_UNCLASSIFIED [-] (1)
[595/2126] 'Calvin Harris' -> PRESENT_UNCLASSIFIED [-] (410)
[596/2126] 'Tokio Hotel' -> PRESENT_UNCLASSIFIED [-] (232)
[597/2126] 'Liam Payne' -> PRESENT_UNCLASSIFIED [-] (91)
[598/2126] 'IU' -> PRESENT_UNCLASSIFIED [-] (156)
[599/2126] 'Charli XCX' -> PRESENT_UNCLASSIFIED [-] (548)
[600/2126] 'Hank Williams' -> PRESENT_UNCLASSIFIED [-] (477)
[601/2126] 'Sean Combs' -> PRESENT_UNCLASSIFIED [-] (377)
[602/2126] 'Amy Lee' -> PRESENT_UNCLASSIFIED [-] (60)
[603/2126] 'Jayne Mansfield' -> PRESENT_UNCLASSIFIED [-] (11)
[604/2126] 'Arturo Toscanini' -> PRESENT_UNCLASSIFIED [-] (288)
[605/2126] 'Zhang Ziyi' -> PRESENT_UNCLASSIFIED [-] (1)
[606/2126] 'Hank Williams' -> PRESENT_UNCLASSIFIED [-] (477)
[607/2126] 'Kate Moss' -> PRESENT_UNCLASSIFIED [-] (3)
[608/2126] 'Jungkook' -> PRESENT_UNCLASSIFIED [-] (38)
[609/2126] 'Jesse Eisenberg' -> PRESENT_UNCLASSIFIED [-] (1)
[610/2126] 'Jenny Slate' -> PRESENT_UNCLASSIFIED [-] (8)
[611/2126] 'Calvin Harris' -> PRESENT_UNCLASSIFIED [-] (410)
[612/2126] 'Calvin Harris' -> PRESENT_UNCLASSIFIED [-] (45)
[613/2126] 'Calvin Harris' -> PRESENT_UNCLASSIFIED [-] (410)
[614/2126] 'Billy Joel' -> PRESENT_UNCLASSIFIED [-] (311)
[615/2126] 'Alyssa Milano' -> PRESENT_UNCLASSIFIED [-] (27)
[616/2126] 'Jisoo' -> PRESENT_UNCLASSIFIED [-] (7)
[617/2126] 'Andrew Lloyd Webber' -> PRESENT_UNCLASSIFIED [-] (727)
[618/2126] 'Sum 41' -> PRESENT_UNCLASSIFIED [-] (260)
[619/2126] 'Rage Against the Machine' -> PRESENT_UNCLASSIFIED [-] (191)
[620/2126] 'Sam Smith' -> PRESENT_UNCLASSIFIED [-] (326)
[621/2126] 'Anni-Frid Lyngstad' -> PRESENT_UNCLASSIFIED [-] (126)
[622/2126] 'EXO' -> PRESENT_UNCLASSIFIED [-] (412)
[623/2126] 'José Carreras' -> PRESENT_UNCLASSIFIED [-] (242)
[624/2126] 'Doda' -> PRESENT_UNCLASSIFIED [-] (120)
[625/2126] 'Leopold Mozart' -> PRESENT_UNCLASSIFIED [-] (110)
[626/2126] 'Axl Rose' -> PRESENT_UNCLASSIFIED [-] (17)
[627/2126] 'Maurice Chevalier' -> PRESENT_UNCLASSIFIED [-] (230)
[628/2126] 'Victoria Justice' -> PRESENT_UNCLASSIFIED [-] (72)
[629/2126] 'Prince Albert of Saxe-Coburg and Gotha' -> NONE
[630/2126] 'Matthew Broderick' -> PRESENT_UNCLASSIFIED [-] (27)
[631/2126] 'Nina Badri\u0107' ERROR: 'charmap' codec can't encode character '\u0107' in position 22: character maps to <undefined>
[632/2126] 'Adolphe Sax' -> NONE
[633/2126] 'Ruggero Leoncavallo' -> PRESENT_UNCLASSIFIED [-] (109)
[634/2126] 'Lucy Lawless' -> PRESENT_UNCLASSIFIED [-] (6)
[635/2126] 'Moby' -> PRESENT_UNCLASSIFIED [-] (422)
[636/2126] 'Moby' -> PRESENT_UNCLASSIFIED [-] (422)
[637/2126] 'Sarah Michelle Gellar' -> PRESENT_UNCLASSIFIED [-] (4)
[638/2126] 'Mike Shinoda' -> PRESENT_UNCLASSIFIED [-] (241)
[639/2126] 'Angela Bassett' -> PRESENT_UNCLASSIFIED [-] (3)
[640/2126] 'Lee Marvin' -> PRESENT_UNCLASSIFIED [-] (9)
[641/2126] 'Prince Albert of Saxe-Coburg and Gotha' -> NONE
[642/2126] 'Dream Theater' -> PRESENT_UNCLASSIFIED [-] (301)
[643/2126] 'Stromae' -> PRESENT_UNCLASSIFIED [-] (123)
[644/2126] 'Mireille Mathieu' -> PRESENT_UNCLASSIFIED [-] (179)
[645/2126] 'Thom Yorke' -> PRESENT_UNCLASSIFIED [-] (147)
[646/2126] 'XXXTentacion' -> PRESENT_UNCLASSIFIED [-] (530)
[647/2126] 'Fleetwood Mac' -> PRESENT_UNCLASSIFIED [-] (453)
[648/2126] 'Fan Bingbing' -> NONE
[649/2126] 'Emmelie de Forest' -> PRESENT_UNCLASSIFIED [-] (58)
[650/2126] 'Jessie J' -> PRESENT_UNCLASSIFIED [-] (214)
[651/2126] 'Tom Waits' -> PRESENT_UNCLASSIFIED [-] (434)
[652/2126] 'Little Richard' -> PRESENT_UNCLASSIFIED [-] (182)
[653/2126] 'Hayley Williams' -> PRESENT_UNCLASSIFIED [-] (90)
[654/2126] 'James Horner' -> PRESENT_UNCLASSIFIED [-] (307)
[655/2126] 'A. R. Rahman' -> PRESENT_UNCLASSIFIED [-] (1040)
[656/2126] 'Billy Connolly' -> PRESENT_UNCLASSIFIED [-] (55)
[657/2126] 'Salvador Sobral' -> PRESENT_UNCLASSIFIED [-] (120)
[658/2126] 'Thalía' -> PRESENT_UNCLASSIFIED [-] (163)
[659/2126] 'Tarkan' -> PRESENT_UNCLASSIFIED [-] (258)
[660/2126] 'Kevin Kline' -> PRESENT_UNCLASSIFIED [-] (46)
[661/2126] 'Kara' -> PRESENT_UNCLASSIFIED [-] (294)
[662/2126] 'J. K. Simmons' -> PRESENT_UNCLASSIFIED [-] (5)
[663/2126] 'Mira Sorvino' -> NONE
[664/2126] 'Reza Pahlavi' -> NONE
[665/2126] 'Chris Rock' -> PRESENT_UNCLASSIFIED [-] (96)
[666/2126] 'Dizzy Gillespie' -> PRESENT_UNCLASSIFIED [-] (364)
[667/2126] 'XXXTentacion' -> PRESENT_UNCLASSIFIED [-] (530)
[668/2126] 'Limp Bizkit' -> PRESENT_UNCLASSIFIED [-] (211)
[669/2126] 'Genesis' -> PRESENT_UNCLASSIFIED [-] (253)
[670/2126] 'Tracy Chapman' -> PRESENT_UNCLASSIFIED [-] (129)
[671/2126] 'Jerry Lee Lewis' -> PRESENT_UNCLASSIFIED [-] (445)
[672/2126] 'Roy Orbison' -> PRESENT_UNCLASSIFIED [-] (291)
[673/2126] 'Tom Jones' -> PRESENT_UNCLASSIFIED [-] (386)
[674/2126] 'Alice in Chains' -> PRESENT_UNCLASSIFIED [-] (285)
[675/2126] 'Iggy Azalea' -> PRESENT_UNCLASSIFIED [-] (317)
[676/2126] 'Clannad' -> PRESENT_UNCLASSIFIED [-] (229)
[677/2126] 'Steven Tyler' -> PRESENT_UNCLASSIFIED [-] (43)
[678/2126] 'Anthony Perkins' -> PRESENT_UNCLASSIFIED [-] (27)
[679/2126] 'Michael Palin' -> NONE
[680/2126] 'Ashley Judd' -> PRESENT_UNCLASSIFIED [-] (1)
[681/2126] 'Olivier Messiaen' -> PRESENT_UNCLASSIFIED [-] (390)
[682/2126] 'Dave Mustaine' -> PRESENT_UNCLASSIFIED [-] (8)
[683/2126] 'Elisabeth Shue' -> PRESENT_UNCLASSIFIED [-] (1)
[684/2126] 'Tony Bennett' -> PRESENT_UNCLASSIFIED [-] (626)
[685/2126] 'Penny Marshall' -> NONE
[686/2126] 'Duncan Laurence' -> PRESENT_UNCLASSIFIED [-] (113)
[687/2126] 'Zara Larsson' -> PRESENT_UNCLASSIFIED [-] (323)
[688/2126] 'Frederik IX of Denmark' -> NONE
[689/2126] 'Andrea del Verrocchio' -> NONE
[690/2126] 'Andie MacDowell' -> NONE
[691/2126] 'Mahershala Ali' -> PRESENT_UNCLASSIFIED [-] (4)
[692/2126] 'Alberto Sordi' -> PRESENT_UNCLASSIFIED [-] (91)
[693/2126] 'Kevin Hart' -> PRESENT_UNCLASSIFIED [-] (78)
[694/2126] 'Danny Jacobs' -> PRESENT_UNCLASSIFIED [-] (3)
[695/2126] 'David Ogden Stiers' -> PRESENT_UNCLASSIFIED [-] (55)
[696/2126] 'Brian Eno' -> PRESENT_UNCLASSIFIED [-] (489)
[697/2126] 'Albert Finney' -> PRESENT_UNCLASSIFIED [-] (20)
[698/2126] 'Bleona' -> NONE
[699/2126] 'Philipp Kirkorov' -> PRESENT_UNCLASSIFIED [-] (24)
[700/2126] 'OneRepublic' -> PRESENT_UNCLASSIFIED [-] (348)
[701/2126] 'Boney M.' -> PRESENT_UNCLASSIFIED [-] (305)
[702/2126] 'Demis Roussos' -> PRESENT_UNCLASSIFIED [-] (248)
[703/2126] 'Kris Kristofferson' -> PRESENT_UNCLASSIFIED [-] (261)
[704/2126] 'John Lithgow' -> PRESENT_UNCLASSIFIED [-] (43)
[705/2126] 'Daisy Ridley' -> PRESENT_UNCLASSIFIED [-] (2)
[706/2126] 'Andy Garcia' -> PRESENT_UNCLASSIFIED [-] (6)
[707/2126] 'Willie Nelson' -> PRESENT_UNCLASSIFIED [-] (939)
[708/2126] 'Billy Bob Thornton' -> PRESENT_UNCLASSIFIED [-] (18)
[709/2126] 'Tom Felton' -> PRESENT_UNCLASSIFIED [-] (19)
[710/2126] 'Tori Amos' -> PRESENT_UNCLASSIFIED [-] (412)
[711/2126] 'Etta James' -> PRESENT_UNCLASSIFIED [-] (257)
[712/2126] 'John Denver' -> PRESENT_UNCLASSIFIED [-] (313)
[713/2126] 'Claudio Abbado' -> PRESENT_UNCLASSIFIED [-] (889)
[714/2126] 'Glenn Miller' -> PRESENT_UNCLASSIFIED [-] (394)
[715/2126] 'Angelique Kidjo' -> PRESENT_UNCLASSIFIED [-] (180)
[716/2126] 'Avenged Sevenfold' -> PRESENT_UNCLASSIFIED [-] (288)
[717/2126] 'Jane Birkin' -> PRESENT_UNCLASSIFIED [-] (264)
[718/2126] 'Ricky Gervais' -> PRESENT_UNCLASSIFIED [-] (3)
[719/2126] 'Tori Amos' -> PRESENT_UNCLASSIFIED [-] (412)
[720/2126] 'Steve Harvey' -> PRESENT_UNCLASSIFIED [-] (1)
[721/2126] 'Thích Nh\u1ea5t H\u1ea1nh' ERROR: 'charmap' codec can't encode character '\u1ea5' in position 20: character maps to <undefined>
[722/2126] 'The Pussycat Dolls' -> PRESENT_UNCLASSIFIED [-] (119)
[723/2126] 'Varg Vikernes' -> NONE
[724/2126] 'Carlos Mencia' -> NONE
[725/2126] 'Sade Adu' -> NONE
[726/2126] 'Steve Martin' -> PRESENT_UNCLASSIFIED [-] (171)
[727/2126] 'The Kinks' -> PRESENT_UNCLASSIFIED [-] (308)
[728/2126] 'Doja Cat' -> PRESENT_UNCLASSIFIED [-] (306)
[729/2126] 'The White Stripes' -> PRESENT_UNCLASSIFIED [-] (232)
[730/2126] 'Charlotte Gainsbourg' -> PRESENT_UNCLASSIFIED [-] (154)
[731/2126] 'Dixie Carter' -> NONE
[732/2126] 'Paula Abdul' -> PRESENT_UNCLASSIFIED [-] (111)
[733/2126] 'Alizée' -> PRESENT_UNCLASSIFIED [-] (175)
[734/2126] 'Tim Curry' -> PRESENT_UNCLASSIFIED [-] (58)
[735/2126] 'Karlheinz Stockhausen' -> PRESENT_UNCLASSIFIED [-] (128)
[736/2126] 'Serj Tankian' -> PRESENT_UNCLASSIFIED [-] (271)
[737/2126] 'Birgit Sarrap' -> PRESENT_UNCLASSIFIED [-] (1)
[738/2126] 'Natalie Imbruglia' -> PRESENT_UNCLASSIFIED [-] (125)
[739/2126] 'Brian Wilson' -> PRESENT_UNCLASSIFIED [-] (238)
[740/2126] 'Pantera' -> PRESENT_UNCLASSIFIED [-] (252)
[741/2126] 'BigBang' -> PRESENT_UNCLASSIFIED [-] (143)
[742/2126] 'Scott Joplin' -> PRESENT_UNCLASSIFIED [-] (266)
[743/2126] 'Antônio Carlos Jobim' -> PRESENT_UNCLASSIFIED [-] (362)
[744/2126] 'Julie Delpy' -> PRESENT_UNCLASSIFIED [-] (27)
[745/2126] 'David Hasselhoff' -> PRESENT_UNCLASSIFIED [-] (181)
[746/2126] 'Bonnie Tyler' -> PRESENT_UNCLASSIFIED [-] (313)
[747/2126] 'Kelsey Grammer' -> PRESENT_UNCLASSIFIED [-] (41)
[748/2126] 'Jim Jarmusch' -> PRESENT_UNCLASSIFIED [-] (27)
[749/2126] 'Varg Vikernes' -> NONE
[750/2126] 'Shannen Doherty' -> NONE
[751/2126] 'Florence Pugh' -> PRESENT_UNCLASSIFIED [-] (14)
[752/2126] 'Zemfira' -> PRESENT_UNCLASSIFIED [-] (162)
[753/2126] 'Zemfira' -> PRESENT_UNCLASSIFIED [-] (162)
[754/2126] 'Yuri Nikulin' -> PRESENT_UNCLASSIFIED [-] (15)
[755/2126] 'Woody Guthrie' -> PRESENT_UNCLASSIFIED [-] (218)
[756/2126] 'Klaus Kinski' -> PRESENT_UNCLASSIFIED [-] (1)
[757/2126] 'Kraftwerk' -> PRESENT_UNCLASSIFIED [-] (196)
[758/2126] 'Roxette' -> PRESENT_UNCLASSIFIED [-] (200)
[759/2126] 'Les Paul' -> PRESENT_UNCLASSIFIED [-] (192)
[760/2126] 'Creedence Clearwater Revival' -> PRESENT_UNCLASSIFIED [-] (189)
[761/2126] 'Benny Andersson' -> PRESENT_UNCLASSIFIED [-] (207)
[762/2126] 'Dido' -> PRESENT_UNCLASSIFIED [-] (236)
[763/2126] 'Pierre Boulez' -> PRESENT_UNCLASSIFIED [-] (316)
[764/2126] 'Debby Ryan' -> PRESENT_UNCLASSIFIED [-] (21)
[765/2126] 'Blondie' -> PRESENT_UNCLASSIFIED [-] (281)
[766/2126] 'Hayden Panettiere' -> PRESENT_UNCLASSIFIED [-] (27)
[767/2126] 'Nina Hagen' -> PRESENT_UNCLASSIFIED [-] (264)
[768/2126] 'Michael Bublé' -> PRESENT_UNCLASSIFIED [-] (369)
[769/2126] 'Billy Crystal' -> PRESENT_UNCLASSIFIED [-] (39)
[770/2126] 'Netta Barzilai' -> PRESENT_UNCLASSIFIED [-] (73)
[771/2126] 'Hattie McDaniel' -> NONE
[772/2126] 'Blur' -> PRESENT_UNCLASSIFIED [-] (275)
[773/2126] 'Lynyrd Skynyrd' -> PRESENT_UNCLASSIFIED [-] (236)
[774/2126] 'Eddie Van Halen' -> PRESENT_UNCLASSIFIED [-] (3)
[775/2126] 'Lara Fabian' -> PRESENT_UNCLASSIFIED [-] (265)
[776/2126] 'Reba McEntire' -> PRESENT_UNCLASSIFIED [-] (440)
[777/2126] 'Martin Garrix' -> PRESENT_UNCLASSIFIED [-] (446)
[778/2126] 'Redfoo' -> PRESENT_UNCLASSIFIED [-] (52)
[779/2126] 'Anthony Kiedis' -> NONE
[780/2126] 'Martin Garrix' -> PRESENT_UNCLASSIFIED [-] (12)
[781/2126] 'Julie Kavner' -> NONE
[782/2126] 'Erica Jong' -> PRESENT_UNCLASSIFIED [-] (2)
[783/2126] 'Walther von der Vogelweide' -> PRESENT_UNCLASSIFIED [-] (6)
[784/2126] 'Franz Werfel' -> PRESENT_UNCLASSIFIED [-] (1)
[785/2126] 'Sigur Rós' -> PRESENT_UNCLASSIFIED [-] (235)
[786/2126] 'Pharrell Williams' -> PRESENT_UNCLASSIFIED [-] (353)
[787/2126] 'Imagine Dragons' -> PRESENT_UNCLASSIFIED [-] (345)
[788/2126] 'Morrissey' -> PRESENT_UNCLASSIFIED [-] (259)
[789/2126] 'Till Lindemann' -> PRESENT_UNCLASSIFIED [-] (47)
[790/2126] 'Sepultura' -> PRESENT_UNCLASSIFIED [-] (290)
[791/2126] 'Van Halen' -> PRESENT_UNCLASSIFIED [-] (205)
[792/2126] 'Yes' -> PRESENT_UNCLASSIFIED [-] (277)
[793/2126] 'Maurice Jarre' -> PRESENT_UNCLASSIFIED [-] (146)
[794/2126] 'Mandy Moore' -> PRESENT_UNCLASSIFIED [-] (226)
[795/2126] 'Ava Max' -> PRESENT_UNCLASSIFIED [-] (239)
[796/2126] 'Chow Yun-fat' -> PRESENT_UNCLASSIFIED [-] (1)
[797/2126] 'Chris Cornell' -> PRESENT_UNCLASSIFIED [-] (187)
[798/2126] 'Gary Moore' -> PRESENT_UNCLASSIFIED [-] (207)
[799/2126] 'Twenty One Pilots' -> PRESENT_UNCLASSIFIED [-] (244)
[800/2126] 'Noel Gallagher' -> PRESENT_UNCLASSIFIED [-] (25)
[801/2126] 'River Phoenix' -> PRESENT_UNCLASSIFIED [-] (5)
[802/2126] 'Jeff Beck' -> PRESENT_UNCLASSIFIED [-] (265)
[803/2126] 'Cara Delevingne' -> PRESENT_UNCLASSIFIED [-] (7)
[804/2126] 'Kino' -> PRESENT_UNCLASSIFIED [-] (238)
[805/2126] 'Franz Ferdinand' -> PRESENT_UNCLASSIFIED [-] (202)
[806/2126] 'Chuck McCann' -> PRESENT_UNCLASSIFIED [-] (1)
[807/2126] 'Nancy Ajram' -> PRESENT_UNCLASSIFIED [-] (148)
[808/2126] 'V' -> PRESENT_UNCLASSIFIED [-] (47)
[809/2126] 'Jo Nesbø' -> PRESENT_UNCLASSIFIED [-] (2)
[810/2126] 'Chris Rea' -> PRESENT_UNCLASSIFIED [-] (184)
[811/2126] 'Amy Macdonald' -> PRESENT_UNCLASSIFIED [-] (176)
[812/2126] 'Carmen Electra' -> PRESENT_UNCLASSIFIED [-] (15)
[813/2126] 'Mayhem' -> PRESENT_UNCLASSIFIED [-] (231)
[814/2126] 'Pitbull' -> PRESENT_UNCLASSIFIED [-] (662)
[815/2126] 'Fermín IV' -> PRESENT_UNCLASSIFIED [-] (71)
[816/2126] 'Françoise Hardy' -> PRESENT_UNCLASSIFIED [-] (335)
[817/2126] 'Björn Ulvaeus' -> PRESENT_UNCLASSIFIED [-] (133)
[818/2126] 'Carly Rae Jepsen' -> PRESENT_UNCLASSIFIED [-] (287)
[819/2126] 'Gloria Gaynor' -> PRESENT_UNCLASSIFIED [-] (166)
[820/2126] 'Thelonious Monk' -> PRESENT_UNCLASSIFIED [-] (340)
[821/2126] 'Alexander Griboyedov' -> PRESENT_UNCLASSIFIED [-] (2)
[822/2126] 'Gabriel Marcel' -> NONE
[823/2126] 'Gene Roddenberry' -> PRESENT_UNCLASSIFIED [-] (1)
[824/2126] 'Rajinikanth' -> PRESENT_UNCLASSIFIED [-] (35)
[825/2126] 'John Mayer' -> PRESENT_UNCLASSIFIED [-] (289)
[826/2126] 'Melina Mercouri' -> PRESENT_UNCLASSIFIED [-] (49)
[827/2126] 'Nusrat Fateh Ali Khan' -> PRESENT_UNCLASSIFIED [-] (447)
[828/2126] 'Children of Bodom' -> PRESENT_UNCLASSIFIED [-] (245)
[829/2126] 'Sheryl Crow' -> PRESENT_UNCLASSIFIED [-] (321)
[830/2126] 'Post Malone' -> PRESENT_UNCLASSIFIED [-] (301)
[831/2126] 'Jada Pinkett Smith' -> PRESENT_UNCLASSIFIED [-] (1)
[832/2126] 'Victoria Abril' -> PRESENT_UNCLASSIFIED [-] (1)
[833/2126] 'Polina Gagarina' -> PRESENT_UNCLASSIFIED [-] (118)
[834/2126] 'Meat Loaf' -> PRESENT_UNCLASSIFIED [-] (246)
[835/2126] 'Lys Assia' -> PRESENT_UNCLASSIFIED [-] (168)
[836/2126] 'Dan Aykroyd' -> PRESENT_UNCLASSIFIED [-] (9)
[837/2126] 'Jefferson Airplane' -> PRESENT_UNCLASSIFIED [-] (231)
[838/2126] 'Clive Dunn' -> PRESENT_UNCLASSIFIED [-] (1)
[839/2126] 'Anton Webern' -> PRESENT_UNCLASSIFIED [-] (176)
[840/2126] 'John Deacon' -> NONE
[841/2126] 'Lucy Hale' -> PRESENT_UNCLASSIFIED [-] (47)
[842/2126] 'Kaliopi' -> PRESENT_UNCLASSIFIED [-] (121)
[843/2126] 'The Offspring' -> PRESENT_UNCLASSIFIED [-] (221)
[844/2126] 'Sanna Nielsen' -> PRESENT_UNCLASSIFIED [-] (159)
[845/2126] 'Mika' -> PRESENT_UNCLASSIFIED [-] (234)
[846/2126] 'Charlotte Perrelli' -> PRESENT_UNCLASSIFIED [-] (147)
[847/2126] 'John Lydon' -> PRESENT_UNCLASSIFIED [-] (1)
[848/2126] 'Europe' -> PRESENT_UNCLASSIFIED [-] (182)
[849/2126] 'Carrie Underwood' -> PRESENT_UNCLASSIFIED [-] (282)
[850/2126] 'Mylène Farmer' -> PRESENT_UNCLASSIFIED [-] (260)
[851/2126] 'Oscar Isaac' -> PRESENT_UNCLASSIFIED [-] (12)
[852/2126] 'Burzum' -> PRESENT_UNCLASSIFIED [-] (174)
[853/2126] 'Ayumi Hamasaki' -> PRESENT_UNCLASSIFIED [-] (143)
[854/2126] 'James Marsden' -> PRESENT_UNCLASSIFIED [-] (28)
[855/2126] 'Carlos Gardel' -> PRESENT_UNCLASSIFIED [-] (464)
[856/2126] 'Gustav Holst' -> PRESENT_UNCLASSIFIED [-] (527)
[857/2126] 'Neil Diamond' -> PRESENT_UNCLASSIFIED [-] (192)
[858/2126] 'Marija Šerifovi\u0107' ERROR: 'charmap' codec can't encode character '\u0107' in position 27: character maps to <undefined>
[859/2126] 'P. Ramlee' -> PRESENT_UNCLASSIFIED [-] (26)
[860/2126] 'Dan Aykroyd' -> PRESENT_UNCLASSIFIED [-] (9)
[861/2126] 'Carla Gugino' -> PRESENT_UNCLASSIFIED [-] (2)
[862/2126] 'Guy Pearce' -> NONE
[863/2126] 'Michelle Trachtenberg' -> NONE
[864/2126] 'Rita Moreno' -> PRESENT_UNCLASSIFIED [-] (78)
[865/2126] 'Herbie Hancock' -> PRESENT_UNCLASSIFIED [-] (342)
[866/2126] 'Sertab Erener' -> PRESENT_UNCLASSIFIED [-] (274)
[867/2126] 'Goran Bregovi\u0107' ERROR: 'charmap' codec can't encode character '\u0107' in position 25: character maps to <undefined>
[868/2126] 'Tool' -> PRESENT_UNCLASSIFIED [-] (148)
[869/2126] 'Linda Ronstadt' -> PRESENT_UNCLASSIFIED [-] (344)
[870/2126] 'Saint Cecilia' -> PRESENT_UNCLASSIFIED [-] (121)
[871/2126] 'John Barry' -> PRESENT_UNCLASSIFIED [-] (230)
[872/2126] 'Sonic Youth' -> PRESENT_UNCLASSIFIED [-] (328)
[873/2126] 'Naomi Scott' -> PRESENT_UNCLASSIFIED [-] (52)
[874/2126] 'Def Leppard' -> PRESENT_UNCLASSIFIED [-] (253)
[875/2126] 'Louis Tomlinson' -> PRESENT_UNCLASSIFIED [-] (120)
[876/2126] 'Juliette Lewis' -> PRESENT_UNCLASSIFIED [-] (43)
[877/2126] 'Jane Russell' -> PRESENT_UNCLASSIFIED [-] (85)
[878/2126] 'Feodor Chaliapin' -> PRESENT_UNCLASSIFIED [-] (127)
[879/2126] 'Danny Elfman' -> PRESENT_UNCLASSIFIED [-] (366)
[880/2126] "Destiny's Child" -> PRESENT_UNCLASSIFIED [-] (317)
[881/2126] 'Glynis Johns' -> PRESENT_UNCLASSIFIED [-] (13)
[882/2126] 'Gorillaz' -> PRESENT_UNCLASSIFIED [-] (348)
[883/2126] 'Mark Knopfler' -> PRESENT_UNCLASSIFIED [-] (301)
[884/2126] 'Fats Domino' -> PRESENT_UNCLASSIFIED [-] (200)
[885/2126] 'Adam Lambert' -> PRESENT_UNCLASSIFIED [-] (258)
[886/2126] 'Dave Brubeck' -> PRESENT_UNCLASSIFIED [-] (156)
[887/2126] 'Jon Lord' -> PRESENT_UNCLASSIFIED [-] (151)
[888/2126] 'Paul Anka' -> PRESENT_UNCLASSIFIED [-] (239)
[889/2126] 'Celia Cruz' -> PRESENT_UNCLASSIFIED [-] (414)
[890/2126] 'Muddy Waters' -> PRESENT_UNCLASSIFIED [-] (311)
[891/2126] 'Domenico Modugno' -> PRESENT_UNCLASSIFIED [-] (240)
[892/2126] 'Stevie Ray Vaughan' -> PRESENT_UNCLASSIFIED [-] (215)
[893/2126] 'Gus Van Sant' -> PRESENT_UNCLASSIFIED [-] (3)
[894/2126] 'Kang Seul-gi' -> PRESENT_UNCLASSIFIED [-] (61)
[895/2126] 'Alban Berg' -> PRESENT_UNCLASSIFIED [-] (72)
[896/2126] "Maureen O'Hara" -> NONE
[897/2126] 'Yann Martel' -> NONE
[898/2126] 'Joan Collins' -> PRESENT_UNCLASSIFIED [-] (1)
[899/2126] 'Wolfram von Eschenbach' -> NONE
[900/2126] 'Brenda Song' -> PRESENT_UNCLASSIFIED [-] (2)
[901/2126] 'Jimin' -> PRESENT_UNCLASSIFIED [-] (27)
[902/2126] 'Juan Rulfo' -> NONE
[903/2126] 'Paul Giamatti' -> PRESENT_UNCLASSIFIED [-] (2)
[904/2126] 'Imelda Staunton' -> PRESENT_UNCLASSIFIED [-] (20)
[905/2126] 'Mandy Patinkin' -> PRESENT_UNCLASSIFIED [-] (188)
[906/2126] 'Robert Rodriguez' -> PRESENT_UNCLASSIFIED [-] (10)
[907/2126] 'Lara Flynn Boyle' -> NONE
[908/2126] 'Sonakshi Sinha' -> PRESENT_UNCLASSIFIED [-] (14)
[909/2126] 'Cyd Charisse' -> PRESENT_UNCLASSIFIED [-] (28)
[910/2126] 'Sadie Sink' -> NONE
[911/2126] 'Mary Elizabeth Winstead' -> NONE
[912/2126] 'Dannii Minogue' -> PRESENT_UNCLASSIFIED [-] (250)
[913/2126] 'Dianna Agron' -> NONE
[914/2126] 'Víctor Jara' -> PRESENT_UNCLASSIFIED [-] (177)
[915/2126] 'L. Ron Hubbard' -> NONE
[916/2126] 'Nick Cave' -> PRESENT_UNCLASSIFIED [-] (388)
[917/2126] 'Charlie Puth' -> PRESENT_UNCLASSIFIED [-] (248)
[918/2126] 'Kelly Rowland' -> PRESENT_UNCLASSIFIED [-] (256)
[919/2126] 'Bebe Rexha' -> PRESENT_UNCLASSIFIED [-] (332)
[920/2126] 'Krist Novoselic' -> PRESENT_UNCLASSIFIED [-] (1)
[921/2126] 'Isaac Hayes' -> PRESENT_UNCLASSIFIED [-] (208)
[922/2126] 'Judy Holliday' -> PRESENT_UNCLASSIFIED [-] (72)
[923/2126] 'Jean-Michel Basquiat' -> NONE
[924/2126] 'Skrillex' -> PRESENT_UNCLASSIFIED [-] (413)
[925/2126] 'Tarja Turunen' -> PRESENT_UNCLASSIFIED [-] (280)
[926/2126] 'Jerry Goldsmith' -> PRESENT_UNCLASSIFIED [-] (257)
[927/2126] 'Carole King' -> PRESENT_UNCLASSIFIED [-] (270)
[928/2126] 'Annie Girardot' -> PRESENT_UNCLASSIFIED [-] (3)
[929/2126] 'John Belushi' -> PRESENT_UNCLASSIFIED [-] (3)
[930/2126] 'Lisa Marie Presley' -> PRESENT_UNCLASSIFIED [-] (75)
[931/2126] 'Stevie Nicks' -> PRESENT_UNCLASSIFIED [-] (238)
[932/2126] 'Connie Francis' -> PRESENT_UNCLASSIFIED [-] (177)
[933/2126] 'Finn Wolfhard' -> NONE
[934/2126] 'Placebo' -> PRESENT_UNCLASSIFIED [-] (291)
[935/2126] 'Youssou N’Dour' -> PRESENT_UNCLASSIFIED [-] (184)
[936/2126] 'Richard Chamberlain' -> PRESENT_UNCLASSIFIED [-] (7)
[937/2126] 'Carmen Miranda' -> PRESENT_UNCLASSIFIED [-] (190)
[938/2126] 'Martin Short' -> PRESENT_UNCLASSIFIED [-] (59)
[939/2126] 'Rekh\u0101' ERROR: 'charmap' codec can't encode character '\u0101' in position 16: character maps to <undefined>
[940/2126] 'John Carpenter' -> PRESENT_UNCLASSIFIED [-] (316)
[941/2126] 'Tim Conway' -> NONE
[942/2126] 'Lily James' -> PRESENT_UNCLASSIFIED [-] (20)
[943/2126] 'Rupert Everett' -> PRESENT_UNCLASSIFIED [-] (3)
[944/2126] 'John Gielgud' -> PRESENT_UNCLASSIFIED [-] (10)
[945/2126] 'Jane Lynch' -> PRESENT_UNCLASSIFIED [-] (27)
[946/2126] 'Julia Sanina' -> PRESENT_UNCLASSIFIED [-] (18)
[947/2126] 'Max Brod' -> NONE
[948/2126] 'Chinmoy Kumar Ghose' -> PRESENT_UNCLASSIFIED [-] (142)
[949/2126] 'Larry the Cable Guy' -> PRESENT_UNCLASSIFIED [-] (169)
[950/2126] 'Asha Bhosle' -> PRESENT_UNCLASSIFIED [-] (1212)
[951/2126] 'John Lee Hooker' -> PRESENT_UNCLASSIFIED [-] (355)
[952/2126] 'Bettina von Arnim' -> PRESENT_UNCLASSIFIED [-] (3)
[953/2126] 'Oliver Hardy' -> NONE
[954/2126] 'Ingeborg Bachmann' -> NONE
[955/2126] 'Park Chan-yeol' -> PRESENT_UNCLASSIFIED [-] (68)
[956/2126] 'The Jackson 5' -> PRESENT_UNCLASSIFIED [-] (386)
[957/2126] 'Cole Porter' -> PRESENT_UNCLASSIFIED [-] (220)
[958/2126] 'Travis Scott' -> PRESENT_UNCLASSIFIED [-] (503)
[959/2126] 'Jaden Smith' -> PRESENT_UNCLASSIFIED [-] (257)
[960/2126] 'Inna' -> PRESENT_UNCLASSIFIED [-] (347)
[961/2126] 'Debbie Harry' -> PRESENT_UNCLASSIFIED [-] (184)
[962/2126] 'DMX' -> PRESENT_UNCLASSIFIED [-] (408)
[963/2126] 'Chick Corea' -> PRESENT_UNCLASSIFIED [-] (300)
[964/2126] 'Rosalía' -> PRESENT_UNCLASSIFIED [-] (168)
[965/2126] 'Helena Paparizou' -> PRESENT_UNCLASSIFIED [-] (302)
[966/2126] 'Ann-Margret' -> PRESENT_UNCLASSIFIED [-] (183)
[967/2126] 'Garbage' -> PRESENT_UNCLASSIFIED [-] (215)
[968/2126] 'Joe Jonas' -> PRESENT_UNCLASSIFIED [-] (48)
[969/2126] 'Sam Shepard' -> NONE
[970/2126] 'Dana International' -> PRESENT_UNCLASSIFIED [-] (70)
[971/2126] 'Karen Black' -> PRESENT_UNCLASSIFIED [-] (17)
[972/2126] 'Jean Anthelme Brillat-Savarin' -> NONE
[973/2126] 'Beastie Boys' -> PRESENT_UNCLASSIFIED [-] (272)
[974/2126] 'Timbaland' -> PRESENT_UNCLASSIFIED [-] (382)
[975/2126] 'Snow Patrol' -> PRESENT_UNCLASSIFIED [-] (204)
[976/2126] 'Patty Duke' -> PRESENT_UNCLASSIFIED [-] (27)
[977/2126] 'Carrot Top' -> NONE
[978/2126] 'Niall Horan' -> PRESENT_UNCLASSIFIED [-] (172)
[979/2126] 'Cliff Richard' -> PRESENT_UNCLASSIFIED [-] (568)
[980/2126] 'Benny Hill' -> PRESENT_UNCLASSIFIED [-] (56)
[981/2126] 'Pola Negri' -> PRESENT_UNCLASSIFIED [-] (1)
[982/2126] 'Flea' -> PRESENT_UNCLASSIFIED [-] (15)
[983/2126] 'ZZ Top' -> PRESENT_UNCLASSIFIED [-] (188)
[984/2126] 'Cher Lloyd' -> PRESENT_UNCLASSIFIED [-] (95)
[985/2126] 'Meghan Trainor' -> PRESENT_UNCLASSIFIED [-] (344)
[986/2126] 'Barry Bostwick' -> PRESENT_UNCLASSIFIED [-] (42)
[987/2126] 'Alsou' -> PRESENT_UNCLASSIFIED [-] (132)
[988/2126] 'Geri Halliwell' -> PRESENT_UNCLASSIFIED [-] (98)
[989/2126] 'Jim Belushi' -> PRESENT_UNCLASSIFIED [-] (1)
[990/2126] 'Zaz' -> PRESENT_UNCLASSIFIED [-] (181)
[991/2126] 'Terrence Howard' -> PRESENT_UNCLASSIFIED [-] (28)
[992/2126] 'John Legend' -> PRESENT_UNCLASSIFIED [-] (505)
[993/2126] 'Sam Cooke' -> PRESENT_UNCLASSIFIED [-] (309)
[994/2126] 'Danny Kaye' -> PRESENT_UNCLASSIFIED [-] (209)
[995/2126] 'Natalie Cole' -> PRESENT_UNCLASSIFIED [-] (269)
[996/2126] 'Shreya Ghoshal' -> PRESENT_UNCLASSIFIED [-] (1033)
[997/2126] 'Liam Gallagher' -> PRESENT_UNCLASSIFIED [-] (164)
[998/2126] 'Faith Hill' -> PRESENT_UNCLASSIFIED [-] (221)
[999/2126] 'Robert Johnson' -> PRESENT_UNCLASSIFIED [-] (135)
[1000/2126] 'Rex Harrison' -> PRESENT_UNCLASSIFIED [-] (115)
[1001/2126] 'Robert Johnson' -> PRESENT_UNCLASSIFIED [-] (135)
[1002/2126] 'Buranovskiye Babushki' -> PRESENT_UNCLASSIFIED [-] (39)
[1003/2126] 'Sylvia Kristel' -> PRESENT_UNCLASSIFIED [-] (2)
[1004/2126] 'Jaden Smith' -> PRESENT_UNCLASSIFIED [-] (1)
[1005/2126] 'Maurice Béjart' -> NONE
[1006/2126] 'Tessa Thompson' -> PRESENT_UNCLASSIFIED [-] (11)
[1007/2126] 'Estelle Harris' -> NONE
[1008/2126] 'Tayanna' -> PRESENT_UNCLASSIFIED [-] (63)
[1009/2126] 'CeeLo Green' -> PRESENT_UNCLASSIFIED [-] (412)
[1010/2126] 'Within Temptation' -> PRESENT_UNCLASSIFIED [-] (288)
[1011/2126] 'Pete Best' -> PRESENT_UNCLASSIFIED [-] (1)
[1012/2126] 'BoA' -> PRESENT_UNCLASSIFIED [-] (129)
[1013/2126] 'Talking Heads' -> PRESENT_UNCLASSIFIED [-] (229)
[1014/2126] 'Mélanie Laurent' -> PRESENT_UNCLASSIFIED [-] (14)
[1015/2126] 'Vanessa-Mae' -> PRESENT_UNCLASSIFIED [-] (165)
[1016/2126] 'Susanne Blakeslee' -> PRESENT_UNCLASSIFIED [-] (1)
[1017/2126] 'Malin Akerman' -> PRESENT_UNCLASSIFIED [-] (1)
[1018/2126] 'Apocalyptica' -> PRESENT_UNCLASSIFIED [-] (262)
[1019/2126] 'Ritchie Blackmore' -> PRESENT_UNCLASSIFIED [-] (18)
[1020/2126] 'Lena Horne' -> PRESENT_UNCLASSIFIED [-] (181)
[1021/2126] 'Israel Kamakawiwo\u02bbole' ERROR: 'charmap' codec can't encode character '\u02bb' in position 30: character maps to <undefined>
[1022/2126] 'Eddie Vedder' -> PRESENT_UNCLASSIFIED [-] (127)
[1023/2126] 'Art Garfunkel' -> PRESENT_UNCLASSIFIED [-] (157)
[1024/2126] 'AnnaSophia Robb' -> PRESENT_UNCLASSIFIED [-] (1)
[1025/2126] 'Arash' -> PRESENT_UNCLASSIFIED [-] (161)
[1026/2126] 'Noël Coward' -> PRESENT_UNCLASSIFIED [-] (179)
[1027/2126] 'Joan Jett' -> PRESENT_UNCLASSIFIED [-] (46)
[1028/2126] 'N.W.A.' -> PRESENT_UNCLASSIFIED [-] (107)
[1029/2126] 'Bessie Smith' -> PRESENT_UNCLASSIFIED [-] (302)
[1030/2126] 'Jason Alexander' -> PRESENT_UNCLASSIFIED [-] (13)
[1031/2126] 'Franka Potente' -> PRESENT_UNCLASSIFIED [-] (10)
[1032/2126] 'Kazi Nazrul Islam' -> PRESENT_UNCLASSIFIED [-] (34)
[1033/2126] 'Ani Lorak' -> PRESENT_UNCLASSIFIED [-] (126)
[1034/2126] 'Richard Wright' -> PRESENT_UNCLASSIFIED [-] (6)
[1035/2126] 'Keane' -> PRESENT_UNCLASSIFIED [-] (209)
[1036/2126] 'Emma Bunton' -> PRESENT_UNCLASSIFIED [-] (60)
[1037/2126] 'Sabaton' -> PRESENT_UNCLASSIFIED [-] (286)
[1038/2126] 'Lily-Rose Depp' -> PRESENT_UNCLASSIFIED [-] (25)
[1039/2126] 'Julia Louis-Dreyfus' -> NONE
[1040/2126] 'Fairuz' -> PRESENT_UNCLASSIFIED [-] (203)
[1041/2126] 'Vanessa Williams' -> PRESENT_UNCLASSIFIED [-] (234)
[1042/2126] 'Donald Glover' -> PRESENT_UNCLASSIFIED [-] (299)
[1043/2126] 'Sean Paul' -> PRESENT_UNCLASSIFIED [-] (512)
[1044/2126] 'György Ligeti' -> PRESENT_UNCLASSIFIED [-] (162)
[1045/2126] 'Cheryl' -> PRESENT_UNCLASSIFIED [-] (133)
[1046/2126] 'Andy Dick' -> PRESENT_UNCLASSIFIED [-] (3)
[1047/2126] 'Leona Lewis' -> PRESENT_UNCLASSIFIED [-] (227)
[1048/2126] 'Otis Redding' -> PRESENT_UNCLASSIFIED [-] (234)
[1049/2126] 'Fall Out Boy' -> PRESENT_UNCLASSIFIED [-] (313)
[1050/2126] 'Jackie Gleason' -> PRESENT_UNCLASSIFIED [-] (417)
[1051/2126] 'Donald Glover' -> PRESENT_UNCLASSIFIED [-] (22)
[1052/2126] 'Luis Fonsi' -> PRESENT_UNCLASSIFIED [-] (303)
[1053/2126] 'Mike Oldfield' -> PRESENT_UNCLASSIFIED [-] (257)
[1054/2126] 'Kazi Nazrul Islam' -> PRESENT_UNCLASSIFIED [-] (34)
[1055/2126] 'Otto Sander' -> PRESENT_UNCLASSIFIED [-] (2)
[1056/2126] 'Peter Lorre' -> PRESENT_UNCLASSIFIED [-] (13)
[1057/2126] 'Walter Brennan' -> PRESENT_UNCLASSIFIED [-] (85)
[1058/2126] 'Marco Mengoni' -> PRESENT_UNCLASSIFIED [-] (223)
[1059/2126] 'Laura Branigan' -> PRESENT_UNCLASSIFIED [-] (165)
[1060/2126] 'Leighton Meester' -> PRESENT_UNCLASSIFIED [-] (39)
[1061/2126] 'Edyta Górniak' -> PRESENT_UNCLASSIFIED [-] (131)
[1062/2126] 'Nancy Sinatra' -> PRESENT_UNCLASSIFIED [-] (261)
[1063/2126] 'Ashlee Simpson' -> PRESENT_UNCLASSIFIED [-] (92)
[1064/2126] 'Awkwafina' -> PRESENT_UNCLASSIFIED [-] (23)
[1065/2126] 'Jeff Bennett' -> PRESENT_UNCLASSIFIED [-] (149)
[1066/2126] 'Udo Jürgens' -> PRESENT_UNCLASSIFIED [-] (356)
[1067/2126] 'Brian Jones' -> PRESENT_UNCLASSIFIED [-] (15)
[1068/2126] 'Ferruccio Busoni' -> PRESENT_UNCLASSIFIED [-] (99)
[1069/2126] 'Manuel de Falla' -> PRESENT_UNCLASSIFIED [-] (313)
[1070/2126] 'Joe Satriani' -> PRESENT_UNCLASSIFIED [-] (230)
[1071/2126] 'Missy Elliott' -> PRESENT_UNCLASSIFIED [-] (334)
[1072/2126] 'Elvis Costello' -> PRESENT_UNCLASSIFIED [-] (471)
[1073/2126] 'Eazy-E' -> PRESENT_UNCLASSIFIED [-] (129)
[1074/2126] 'Jimmy Fallon' -> PRESENT_UNCLASSIFIED [-] (103)
[1075/2126] 'Matt Bellamy' -> PRESENT_UNCLASSIFIED [-] (33)
[1076/2126] 'João Gilberto' -> PRESENT_UNCLASSIFIED [-] (250)
[1077/2126] 'Suga' -> PRESENT_UNCLASSIFIED [-] (7)
[1078/2126] 'Jason Segel' -> PRESENT_UNCLASSIFIED [-] (27)
[1079/2126] 'Katie Melua' -> PRESENT_UNCLASSIFIED [-] (201)
[1080/2126] 'Billy Ray Cyrus' -> PRESENT_UNCLASSIFIED [-] (257)
[1081/2126] 'Ian Gillan' -> PRESENT_UNCLASSIFIED [-] (131)
[1082/2126] 'Joe Dassin' -> PRESENT_UNCLASSIFIED [-] (302)
[1083/2126] 'Ne-Yo' -> PRESENT_UNCLASSIFIED [-] (346)
[1084/2126] 'Zoë Kravitz' -> PRESENT_UNCLASSIFIED [-] (4)
[1085/2126] 'François-André Danican Philidor' -> PRESENT_UNCLASSIFIED [-] (10)
[1086/2126] 'Michel Legrand' -> PRESENT_UNCLASSIFIED [-] (248)
[1087/2126] 'Irene Papas' -> PRESENT_UNCLASSIFIED [-] (38)
[1088/2126] 'Count Basie' -> PRESENT_UNCLASSIFIED [-] (518)
[1089/2126] 'Lauryn Hill' -> PRESENT_UNCLASSIFIED [-] (97)
[1090/2126] 'Komitas' -> PRESENT_UNCLASSIFIED [-] (29)
[1091/2126] 'Idina Menzel' -> PRESENT_UNCLASSIFIED [-] (279)
[1092/2126] 'Charlie Watts' -> PRESENT_UNCLASSIFIED [-] (1)
[1093/2126] 'Daddy Yankee' -> PRESENT_UNCLASSIFIED [-] (621)
[1094/2126] 'Richard Clayderman' -> PRESENT_UNCLASSIFIED [-] (175)
[1095/2126] 'David Coverdale' -> PRESENT_UNCLASSIFIED [-] (31)
[1096/2126] 'Vera Lynn' -> PRESENT_UNCLASSIFIED [-] (189)
[1097/2126] 'Nas' -> PRESENT_UNCLASSIFIED [-] (759)
[1098/2126] 'Willow Smith' -> PRESENT_UNCLASSIFIED [-] (211)
[1099/2126] 'Avempace' -> NONE
[1100/2126] 'Suga' -> NONE
[1101/2126] 'Suga' -> PRESENT_UNCLASSIFIED [-] (56)
[1102/2126] 'Pete Townshend' -> PRESENT_UNCLASSIFIED [-] (221)
[1103/2126] 'Marc Anthony' -> PRESENT_UNCLASSIFIED [-] (319)
[1104/2126] 'David Spade' -> PRESENT_UNCLASSIFIED [-] (6)
[1105/2126] 'Michel Piccoli' -> PRESENT_UNCLASSIFIED [-] (120)
[1106/2126] 'Austin Butler' -> PRESENT_UNCLASSIFIED [-] (11)
[1107/2126] 'Bill Irwin' -> NONE
[1108/2126] 'Lil Nas X' -> PRESENT_UNCLASSIFIED [-] (137)
[1109/2126] 'Jeff Garlin' -> NONE
[1110/2126] 'Troye Sivan' -> PRESENT_UNCLASSIFIED [-] (239)
[1111/2126] 'Burt Bacharach' -> PRESENT_UNCLASSIFIED [-] (213)
[1112/2126] 'Tiffany Trump' -> PRESENT_UNCLASSIFIED [-] (4)
[1113/2126] 'M.I.A.' -> PRESENT_UNCLASSIFIED [-] (242)
[1114/2126] 'will.i.am' -> PRESENT_UNCLASSIFIED [-] (247)
[1115/2126] 'Anna Karina' -> PRESENT_UNCLASSIFIED [-] (8)
[1116/2126] 'Helloween' -> PRESENT_UNCLASSIFIED [-] (255)
[1117/2126] 'Public Enemy' -> PRESENT_UNCLASSIFIED [-] (324)
[1118/2126] 'Shruti Haasan' -> PRESENT_UNCLASSIFIED [-] (56)
[1119/2126] 'Joe Hisaishi' -> PRESENT_UNCLASSIFIED [-] (145)
[1120/2126] 'Ray Manzarek' -> PRESENT_UNCLASSIFIED [-] (125)
[1121/2126] 'Don Johnson' -> PRESENT_UNCLASSIFIED [-] (42)
[1122/2126] 'Bob Geldof' -> PRESENT_UNCLASSIFIED [-] (105)
[1123/2126] 'RM' -> PRESENT_UNCLASSIFIED [-] (96)
[1124/2126] 'Disturbed' -> PRESENT_UNCLASSIFIED [-] (269)
[1125/2126] 'Katie Cassidy' -> NONE
[1126/2126] 'Kamal Haasan' -> PRESENT_UNCLASSIFIED [-] (89)
[1127/2126] 'Super Junior' -> PRESENT_UNCLASSIFIED [-] (298)
[1128/2126] 'Jonathan Rhys Meyers' -> PRESENT_UNCLASSIFIED [-] (4)
[1129/2126] 'Tom Petty' -> PRESENT_UNCLASSIFIED [-] (295)
[1130/2126] 'Mike Dirnt' -> NONE
[1131/2126] 'Wu-Tang Clan' -> PRESENT_UNCLASSIFIED [-] (299)
[1132/2126] 'Fela Kuti' -> PRESENT_UNCLASSIFIED [-] (180)
[1133/2126] 'Busta Rhymes' -> PRESENT_UNCLASSIFIED [-] (716)
[1134/2126] 'Stray Kids' -> PRESENT_UNCLASSIFIED [-] (383)
[1135/2126] 'Ornette Coleman' -> PRESENT_UNCLASSIFIED [-] (233)
[1136/2126] 'Little Big' -> PRESENT_UNCLASSIFIED [-] (153)
[1137/2126] 'Tyler, the Creator' -> PRESENT_UNCLASSIFIED [-] (366)
[1138/2126] 'Billy Idol' -> PRESENT_UNCLASSIFIED [-] (234)
[1139/2126] 'Twiggy' -> PRESENT_UNCLASSIFIED [-] (16)
[1140/2126] 'Carmen Amaya' -> PRESENT_UNCLASSIFIED [-] (11)
[1141/2126] 'Melanie Martinez' -> PRESENT_UNCLASSIFIED [-] (198)
[1142/2126] 'Grateful Dead' -> PRESENT_UNCLASSIFIED [-] (918)
[1143/2126] 'Victoria Silvstedt' -> PRESENT_UNCLASSIFIED [-] (13)
[1144/2126] 'Lea Michele' -> PRESENT_UNCLASSIFIED [-] (153)
[1145/2126] 'Dieter Bohlen' -> PRESENT_UNCLASSIFIED [-] (118)
[1146/2126] 'Bulat Okudzhava' -> PRESENT_UNCLASSIFIED [-] (145)
[1147/2126] 'Paul Robeson' -> PRESENT_UNCLASSIFIED [-] (192)
[1148/2126] 'Su Shi' -> NONE
[1149/2126] 'Mahalia Jackson' -> PRESENT_UNCLASSIFIED [-] (235)
[1150/2126] 'Sarah Brightman' -> PRESENT_UNCLASSIFIED [-] (194)
[1151/2126] 'Patsy Cline' -> PRESENT_UNCLASSIFIED [-] (201)
[1152/2126] 'Clément Marot' -> NONE
[1153/2126] 'Tyler, the Creator' -> PRESENT_UNCLASSIFIED [-] (3)
[1154/2126] 'will.i.am' -> PRESENT_UNCLASSIFIED [-] (2)
[1155/2126] 'Hank Azaria' -> PRESENT_UNCLASSIFIED [-] (15)
[1156/2126] 'Chet Baker' -> PRESENT_UNCLASSIFIED [-] (618)
[1157/2126] 'Ewa Farna' -> PRESENT_UNCLASSIFIED [-] (163)
[1158/2126] 'Kim Seok-jin' -> PRESENT_UNCLASSIFIED [-] (108)
[1159/2126] 'Trey Parker' -> PRESENT_UNCLASSIFIED [-] (15)
[1160/2126] 'Trey Parker' -> PRESENT_UNCLASSIFIED [-] (15)
[1161/2126] 'Nico' -> PRESENT_UNCLASSIFIED [-] (309)
[1162/2126] 'Til Schweiger' -> NONE
[1163/2126] 'Gloria Grahame' -> PRESENT_UNCLASSIFIED [-] (8)
[1164/2126] 'Brandy Norwood' -> NONE
[1165/2126] 'Dieter Bohlen' -> PRESENT_UNCLASSIFIED [-] (118)
[1166/2126] 'Dieter Bohlen' -> PRESENT_UNCLASSIFIED [-] (118)
[1167/2126] 'Dieter Bohlen' -> PRESENT_UNCLASSIFIED [-] (118)
[1168/2126] 'Dieter Bohlen' -> PRESENT_UNCLASSIFIED [-] (118)
[1169/2126] 'Dieter Bohlen' -> PRESENT_UNCLASSIFIED [-] (118)
[1170/2126] 'Dieter Bohlen' -> PRESENT_UNCLASSIFIED [-] (118)
[1171/2126] 'Dieter Bohlen' -> PRESENT_UNCLASSIFIED [-] (118)
[1172/2126] 'Dieter Bohlen' -> PRESENT_UNCLASSIFIED [-] (118)
[1173/2126] 'Dieter Bohlen' -> PRESENT_UNCLASSIFIED [-] (1)
[1174/2126] 'Dieter Bohlen' -> PRESENT_UNCLASSIFIED [-] (1)
[1175/2126] 'Dieter Bohlen' -> PRESENT_UNCLASSIFIED [-] (118)
[1176/2126] 'Dieter Bohlen' -> PRESENT_UNCLASSIFIED [-] (118)
[1177/2126] 'Ashley Benson' -> PRESENT_UNCLASSIFIED [-] (2)
[1178/2126] 'Adolphe Adam' -> PRESENT_UNCLASSIFIED [-] (109)
[1179/2126] 'Ofra Haza' -> PRESENT_UNCLASSIFIED [-] (159)
[1180/2126] 'Madison Beer' -> PRESENT_UNCLASSIFIED [-] (160)
[1181/2126] 'Shirley Bassey' -> PRESENT_UNCLASSIFIED [-] (247)
[1182/2126] 'Kim Wilde' -> PRESENT_UNCLASSIFIED [-] (234)
[1183/2126] 'Bullet for My Valentine' -> PRESENT_UNCLASSIFIED [-] (271)
[1184/2126] 'The Mars Volta' -> PRESENT_UNCLASSIFIED [-] (184)
[1185/2126] 'Melissa Joan Hart' -> NONE
[1186/2126] 'Mary J. Blige' -> PRESENT_UNCLASSIFIED [-] (581)
[1187/2126] 'Cannibal Corpse' -> PRESENT_UNCLASSIFIED [-] (250)
[1188/2126] 'Rosalind Russell' -> PRESENT_UNCLASSIFIED [-] (9)
[1189/2126] 'Daniel Barenboim' -> PRESENT_UNCLASSIFIED [-] (678)
[1190/2126] 'Patrick Wilson' -> PRESENT_UNCLASSIFIED [-] (8)
[1191/2126] 'The Supremes' -> PRESENT_UNCLASSIFIED [-] (334)
[1192/2126] 'Anthrax' -> PRESENT_UNCLASSIFIED [-] (273)
[1193/2126] 'Mercedes Sosa' -> PRESENT_UNCLASSIFIED [-] (291)
[1194/2126] 'Naya Rivera' -> PRESENT_UNCLASSIFIED [-] (9)
[1195/2126] 'Il Divo' -> PRESENT_UNCLASSIFIED [-] (191)
[1196/2126] 'Ian Curtis' -> NONE
[1197/2126] 'No Doubt' -> PRESENT_UNCLASSIFIED [-] (223)
[1198/2126] 'Toni Braxton' -> PRESENT_UNCLASSIFIED [-] (340)
[1199/2126] 'Ace of Base' -> PRESENT_UNCLASSIFIED [-] (259)
[1200/2126] 'Mohammed Rafi' -> PRESENT_UNCLASSIFIED [-] (857)
[1201/2126] 'Barry White' -> PRESENT_UNCLASSIFIED [-] (289)
[1202/2126] 'Chevy Chase' -> PRESENT_UNCLASSIFIED [-] (15)
[1203/2126] 'Wang Wei' -> NONE
[1204/2126] 'Melanie C' -> PRESENT_UNCLASSIFIED [-] (227)
[1205/2126] 'Johannes Heesters' -> PRESENT_UNCLASSIFIED [-] (4)
[1206/2126] 'Ilona Staller' -> PRESENT_UNCLASSIFIED [-] (18)
[1207/2126] 'Jim Meskimen' -> PRESENT_UNCLASSIFIED [-] (2)
[1208/2126] 'Ezra Miller' -> PRESENT_UNCLASSIFIED [-] (2)
[1209/2126] 'George Martin' -> PRESENT_UNCLASSIFIED [-] (45)
[1210/2126] 'The Animals' -> PRESENT_UNCLASSIFIED [-] (225)
[1211/2126] 'Itzy' -> PRESENT_UNCLASSIFIED [-] (209)
[1212/2126] 'Shirley Jones' -> PRESENT_UNCLASSIFIED [-] (113)
[1213/2126] 'Emily Osment' -> PRESENT_UNCLASSIFIED [-] (44)
[1214/2126] 'Ethel Merman' -> PRESENT_UNCLASSIFIED [-] (230)
[1215/2126] 'John Paul Jones' -> PRESENT_UNCLASSIFIED [-] (14)
[1216/2126] 'Megan Thee Stallion' -> PRESENT_UNCLASSIFIED [-] (343)
[1217/2126] 'Matti Nykänen' -> PRESENT_UNCLASSIFIED [-] (35)
[1218/2126] 'Irene' -> PRESENT_UNCLASSIFIED [-] (40)
[1219/2126] 'Amr Diab' -> PRESENT_UNCLASSIFIED [-] (473)
[1220/2126] 'Van Morrison' -> PRESENT_UNCLASSIFIED [-] (440)
[1221/2126] 'Minnie Driver' -> PRESENT_UNCLASSIFIED [-] (45)
[1222/2126] 'Natasha Korolyova' -> PRESENT_UNCLASSIFIED [-] (132)
[1223/2126] 'Steve Harris' -> NONE
[1224/2126] 'SHINee' -> PRESENT_UNCLASSIFIED [-] (305)
[1225/2126] 'Beck' -> PRESENT_UNCLASSIFIED [-] (356)
[1226/2126] 'The Animals' -> PRESENT_UNCLASSIFIED [-] (225)
[1227/2126] 'Candies' -> NONE
[1228/2126] 'Nikki Reed' -> PRESENT_UNCLASSIFIED [-] (23)
[1229/2126] 'George Burns' -> PRESENT_UNCLASSIFIED [-] (4)
[1230/2126] 'Sepp Maier' -> NONE
[1231/2126] 'Gigliola Cinquetti' -> PRESENT_UNCLASSIFIED [-] (156)
[1232/2126] 'Astrud Gilberto' -> PRESENT_UNCLASSIFIED [-] (193)
[1233/2126] 'Birdy' -> PRESENT_UNCLASSIFIED [-] (220)
[1234/2126] 'Three Days Grace' -> PRESENT_UNCLASSIFIED [-] (209)
[1235/2126] 'Grace Jones' -> PRESENT_UNCLASSIFIED [-] (240)
[1236/2126] 'Aphex Twin' -> PRESENT_UNCLASSIFIED [-] (207)
[1237/2126] 'Aphex Twin' -> PRESENT_UNCLASSIFIED [-] (207)
[1238/2126] 'Anne-Marie' -> PRESENT_UNCLASSIFIED [-] (329)
[1239/2126] 'Charles Fleischer' -> PRESENT_UNCLASSIFIED [-] (1)
[1240/2126] 'Rose McGowan' -> PRESENT_UNCLASSIFIED [-] (12)
[1241/2126] 'Stuart Sutcliffe' -> PRESENT_UNCLASSIFIED [-] (1)
[1242/2126] 'Aphex Twin' -> PRESENT_UNCLASSIFIED [-] (207)
[1243/2126] 'Aphex Twin' -> PRESENT_UNCLASSIFIED [-] (207)
[1244/2126] 'Rush' -> PRESENT_UNCLASSIFIED [-] (244)
[1245/2126] 'Roberta Flack' -> PRESENT_UNCLASSIFIED [-] (216)
[1246/2126] 'Gregory Hines' -> PRESENT_UNCLASSIFIED [-] (31)
[1247/2126] 'Alan Silvestri' -> PRESENT_UNCLASSIFIED [-] (197)
[1248/2126] 'Pixies' -> PRESENT_UNCLASSIFIED [-] (243)
[1249/2126] 'Amália Rodrigues' -> PRESENT_UNCLASSIFIED [-] (267)
[1250/2126] 'Aphex Twin' -> PRESENT_UNCLASSIFIED [-] (16)
[1251/2126] 'Jason Derulo' -> PRESENT_UNCLASSIFIED [-] (353)
[1252/2126] 'Aphex Twin' -> PRESENT_UNCLASSIFIED [-] (207)
[1253/2126] 'Aphex Twin' -> PRESENT_UNCLASSIFIED [-] (15)
[1254/2126] 'Bea Arthur' -> PRESENT_UNCLASSIFIED [-] (9)
[1255/2126] 'Chris Hardwick' -> PRESENT_UNCLASSIFIED [-] (5)
[1256/2126] 'Aphex Twin' -> PRESENT_UNCLASSIFIED [-] (207)
[1257/2126] 'Karen Carpenter' -> PRESENT_UNCLASSIFIED [-] (23)
[1258/2126] "Rosie O'Donnell" -> PRESENT_UNCLASSIFIED [-] (36)
[1259/2126] 'Bourvil' -> PRESENT_UNCLASSIFIED [-] (181)
[1260/2126] 'Cream' -> PRESENT_UNCLASSIFIED [-] (248)
[1261/2126] 'Alex Turner' -> PRESENT_UNCLASSIFIED [-] (49)
[1262/2126] 'Christina Grimmie' -> PRESENT_UNCLASSIFIED [-] (136)
[1263/2126] 'Aphex Twin' -> PRESENT_UNCLASSIFIED [-] (207)
[1264/2126] 'Aphex Twin' -> PRESENT_UNCLASSIFIED [-] (207)
[1265/2126] 'Robert Trujillo' -> PRESENT_UNCLASSIFIED [-] (4)
[1266/2126] 'Jessie Buckley' -> PRESENT_UNCLASSIFIED [-] (78)
[1267/2126] 'Sezen Aksu' -> PRESENT_UNCLASSIFIED [-] (396)
[1268/2126] 'Johnny Logan' -> PRESENT_UNCLASSIFIED [-] (160)
[1269/2126] 'W\u0142adys\u0142aw Szpilman' ERROR: 'charmap' codec can't encode character '\u0142' in position 14: character maps to <undefined>
[1270/2126] 'Aphex Twin' -> PRESENT_UNCLASSIFIED [-] (2)
[1271/2126] 'Patti Page' -> PRESENT_UNCLASSIFIED [-] (198)
[1272/2126] 'David Crosby' -> PRESENT_UNCLASSIFIED [-] (226)
[1273/2126] 'Rosario Dawson' -> PRESENT_UNCLASSIFIED [-] (16)
[1274/2126] 'Flo Rida' -> PRESENT_UNCLASSIFIED [-] (319)
[1275/2126] 'Tyrese Gibson' -> PRESENT_UNCLASSIFIED [-] (205)
[1276/2126] 'Kim Soo-hyun' -> PRESENT_UNCLASSIFIED [-] (8)
[1277/2126] 'The Game' -> PRESENT_UNCLASSIFIED [-] (753)
[1278/2126] 'Patricia Kaas' -> PRESENT_UNCLASSIFIED [-] (209)
[1279/2126] 'Carol Burnett' -> PRESENT_UNCLASSIFIED [-] (100)
[1280/2126] 'Bill Haley' -> PRESENT_UNCLASSIFIED [-] (247)
[1281/2126] 'Aphex Twin' -> PRESENT_UNCLASSIFIED [-] (207)
[1282/2126] 'Aphex Twin' -> PRESENT_UNCLASSIFIED [-] (207)
[1283/2126] 'Aphex Twin' -> PRESENT_UNCLASSIFIED [-] (207)
[1284/2126] 'Aphex Twin' -> PRESENT_UNCLASSIFIED [-] (207)
[1285/2126] 'Aphex Twin' -> PRESENT_UNCLASSIFIED [-] (207)
[1286/2126] 'Irene Dunne' -> PRESENT_UNCLASSIFIED [-] (2)
[1287/2126] 'Tyrese Gibson' -> NONE
[1288/2126] 'Sh\u014dk\u014d Asahara' ERROR: 'charmap' codec can't encode character '\u014d' in position 15: character maps to <undefined>
[1289/2126] 'Sakis Rouvas' -> PRESENT_UNCLASSIFIED [-] (176)
[1290/2126] 'Bring Me the Horizon' -> PRESENT_UNCLASSIFIED [-] (332)
[1291/2126] 'Natasha Bedingfield' -> PRESENT_UNCLASSIFIED [-] (207)
[1292/2126] 'Steve Vai' -> PRESENT_UNCLASSIFIED [-] (226)
[1293/2126] 'Sophie Monk' -> PRESENT_UNCLASSIFIED [-] (14)
[1294/2126] 'Rachel Zegler' -> PRESENT_UNCLASSIFIED [-] (40)
[1295/2126] 'Arch Enemy' -> PRESENT_UNCLASSIFIED [-] (303)
[1296/2126] 'PJ Harvey' -> PRESENT_UNCLASSIFIED [-] (356)
[1297/2126] 'Jeff Buckley' -> PRESENT_UNCLASSIFIED [-] (211)
[1298/2126] 'Jason Mraz' -> PRESENT_UNCLASSIFIED [-] (338)
[1299/2126] 'Duffy' -> PRESENT_UNCLASSIFIED [-] (73)
[1300/2126] 'Sofia Carson' -> PRESENT_UNCLASSIFIED [-] (162)
[1301/2126] 'Alan Watts' -> PRESENT_UNCLASSIFIED [-] (192)
[1302/2126] 'Harry Dean Stanton' -> NONE
[1303/2126] 'Daron Malakian' -> PRESENT_UNCLASSIFIED [-] (3)
[1304/2126] 'Alexandre Desplat' -> PRESENT_UNCLASSIFIED [-] (272)
[1305/2126] 'Josh Groban' -> PRESENT_UNCLASSIFIED [-] (352)
[1306/2126] 'Marianne Faithfull' -> PRESENT_UNCLASSIFIED [-] (309)
[1307/2126] 'Mick Wingert' -> NONE
[1308/2126] 'Hanna Schygulla' -> NONE
[1309/2126] '5 Seconds of Summer' -> PRESENT_UNCLASSIFIED [-] (313)
[1310/2126] 'The Roop' -> PRESENT_UNCLASSIFIED [-] (66)
[1311/2126] 'Venom' -> PRESENT_UNCLASSIFIED [-] (194)
[1312/2126] 'Nino Rota' -> PRESENT_UNCLASSIFIED [-] (258)
[1313/2126] 'Peggy Lee' -> PRESENT_UNCLASSIFIED [-] (502)
[1314/2126] 'Perry Como' -> PRESENT_UNCLASSIFIED [-] (422)
[1315/2126] 'Ryuichi Sakamoto' -> PRESENT_UNCLASSIFIED [-] (308)
[1316/2126] 'Dick Van Dyke' -> PRESENT_UNCLASSIFIED [-] (89)
[1317/2126] 'Charles Boyer' -> PRESENT_UNCLASSIFIED [-] (39)
[1318/2126] 'Sergey Lazarev' -> PRESENT_UNCLASSIFIED [-] (147)
[1319/2126] 'Dolores del Río' -> NONE
[1320/2126] 'Chris Colfer' -> NONE
[1321/2126] 'Ben E. King' -> PRESENT_UNCLASSIFIED [-] (169)
[1322/2126] 'June Allyson' -> PRESENT_UNCLASSIFIED [-] (13)
[1323/2126] 'Simple Plan' -> PRESENT_UNCLASSIFIED [-] (216)
[1324/2126] 'Robert Smith' -> PRESENT_UNCLASSIFIED [-] (14)
[1325/2126] 'Panic! at the Disco' -> PRESENT_UNCLASSIFIED [-] (282)
[1326/2126] 'Lyubov Orlova' -> PRESENT_UNCLASSIFIED [-] (2)
[1327/2126] 'Sarah Silverman' -> PRESENT_UNCLASSIFIED [-] (146)
[1328/2126] 'Shabana Azmi' -> PRESENT_UNCLASSIFIED [-] (21)
[1329/2126] 'X Japan' -> PRESENT_UNCLASSIFIED [-] (89)
[1330/2126] 'Robin Gibb' -> PRESENT_UNCLASSIFIED [-] (191)
[1331/2126] 'Rashida Jones' -> PRESENT_UNCLASSIFIED [-] (1)
[1332/2126] 'Jelena Karleuša' -> PRESENT_UNCLASSIFIED [-] (222)
[1333/2126] 'Bryan Ferry' -> PRESENT_UNCLASSIFIED [-] (266)
[1334/2126] 'Jennette McCurdy' -> PRESENT_UNCLASSIFIED [-] (24)
[1335/2126] 'Ville Valo' -> PRESENT_UNCLASSIFIED [-] (66)
[1336/2126] 'a-ha' -> PRESENT_UNCLASSIFIED [-] (255)
[1337/2126] 'Glenn Frey' -> PRESENT_UNCLASSIFIED [-] (185)
[1338/2126] 'Chris Farley' -> PRESENT_UNCLASSIFIED [-] (1)
[1339/2126] '6ix9ine' -> PRESENT_UNCLASSIFIED [-] (239)
[1340/2126] 'Robert Moog' -> NONE
[1341/2126] 'Dionne Warwick' -> PRESENT_UNCLASSIFIED [-] (297)
[1342/2126] 'Vicki Baum' -> NONE
[1343/2126] 'Jordin Sparks' -> PRESENT_UNCLASSIFIED [-] (241)
[1344/2126] 'Jack White' -> PRESENT_UNCLASSIFIED [-] (193)
[1345/2126] 'J-Hope' -> PRESENT_UNCLASSIFIED [-] (64)
[1346/2126] 'Lauren Graham' -> NONE
[1347/2126] 'Edie McClurg' -> NONE
[1348/2126] 'Bartolomeo Cristofori' -> NONE
[1349/2126] 'Andy Samberg' -> PRESENT_UNCLASSIFIED [-] (4)
[1350/2126] 'Cass Elliot' -> PRESENT_UNCLASSIFIED [-] (128)
[1351/2126] 'Jeff Daniels' -> PRESENT_UNCLASSIFIED [-] (1)
[1352/2126] 'Ramin Djawadi' -> PRESENT_UNCLASSIFIED [-] (232)
[1353/2126] 'Indila' -> PRESENT_UNCLASSIFIED [-] (58)
[1354/2126] 'Luke Evans' -> PRESENT_UNCLASSIFIED [-] (68)
[1355/2126] 'Jamie Dornan' -> PRESENT_UNCLASSIFIED [-] (4)
[1356/2126] 'Faith No More' -> PRESENT_UNCLASSIFIED [-] (224)
[1357/2126] 'Julie Newmar' -> NONE
[1358/2126] 'Yvonne De Carlo' -> PRESENT_UNCLASSIFIED [-] (1)
[1359/2126] 'Rob Zombie' -> PRESENT_UNCLASSIFIED [-] (300)
[1360/2126] 'Asia Argento' -> PRESENT_UNCLASSIFIED [-] (29)
[1361/2126] 'Macklemore' -> PRESENT_UNCLASSIFIED [-] (202)
[1362/2126] 'Kate Ryan' -> PRESENT_UNCLASSIFIED [-] (158)
[1363/2126] 'Khaled' -> PRESENT_UNCLASSIFIED [-] (169)
[1364/2126] 'Kim Jong-hyun' -> PRESENT_UNCLASSIFIED [-] (85)
[1365/2126] 'Iryna Bilyk' -> PRESENT_UNCLASSIFIED [-] (57)
[1366/2126] 'Bon Scott' -> PRESENT_UNCLASSIFIED [-] (4)
[1367/2126] 'Juice Wrld' -> PRESENT_UNCLASSIFIED [-] (936)
[1368/2126] 'Xzibit' -> PRESENT_UNCLASSIFIED [-] (308)
[1369/2126] 'Zachary Levi' -> PRESENT_UNCLASSIFIED [-] (35)
[1370/2126] 'Kings of Leon' -> PRESENT_UNCLASSIFIED [-] (205)
[1371/2126] 'Rufus Wainwright' -> PRESENT_UNCLASSIFIED [-] (270)
[1372/2126] 'Yannick Noah' -> PRESENT_UNCLASSIFIED [-] (224)
[1373/2126] 'Bridgit Mendler' -> PRESENT_UNCLASSIFIED [-] (79)
[1374/2126] 'Chaka Khan' -> PRESENT_UNCLASSIFIED [-] (375)
[1375/2126] 'Joss Stone' -> PRESENT_UNCLASSIFIED [-] (321)
[1376/2126] 'Iannis Xenakis' -> PRESENT_UNCLASSIFIED [-] (61)
[1377/2126] 'Noah Cyrus' -> PRESENT_UNCLASSIFIED [-] (145)
[1378/2126] 'T.I.' -> PRESENT_UNCLASSIFIED [-] (660)
[1379/2126] 'Laurie Anderson' -> PRESENT_UNCLASSIFIED [-] (243)
[1380/2126] 'Muslim Magomayev' -> PRESENT_UNCLASSIFIED [-] (149)
[1381/2126] 'Michael Cera' -> PRESENT_UNCLASSIFIED [-] (30)
[1382/2126] 'Opeth' -> PRESENT_UNCLASSIFIED [-] (270)
[1383/2126] 'Arcade Fire' -> PRESENT_UNCLASSIFIED [-] (184)
[1384/2126] 'Jóhanna Guðrún Jónsdóttir' -> PRESENT_UNCLASSIFIED [-] (126)
[1385/2126] 'Alma Mahler' -> PRESENT_UNCLASSIFIED [-] (28)
[1386/2126] 'Ciara' -> PRESENT_UNCLASSIFIED [-] (293)
[1387/2126] 'Cybill Shepherd' -> PRESENT_UNCLASSIFIED [-] (2)
[1388/2126] 'Karol G' -> PRESENT_UNCLASSIFIED [-] (256)
[1389/2126] 'Dermot Mulroney' -> NONE
[1390/2126] 'Darren Criss' -> PRESENT_UNCLASSIFIED [-] (91)
[1391/2126] 'Nelly' -> PRESENT_UNCLASSIFIED [-] (322)
[1392/2126] 'Elizabeth Gillies' -> PRESENT_UNCLASSIFIED [-] (71)
[1393/2126] 'Leslie Cheung' -> PRESENT_UNCLASSIFIED [-] (160)
[1394/2126] 'J. Cole' -> PRESENT_UNCLASSIFIED [-] (374)
[1395/2126] 'Armin Mueller-Stahl' -> NONE
[1396/2126] 'Garth Brooks' -> PRESENT_UNCLASSIFIED [-] (142)
[1397/2126] 'Anette Olzon' -> PRESENT_UNCLASSIFIED [-] (73)
[1398/2126] 'Golshifteh Farahani' -> PRESENT_UNCLASSIFIED [-] (6)
[1399/2126] 'David Arquette' -> NONE
[1400/2126] 'Telly Savalas' -> PRESENT_UNCLASSIFIED [-] (25)
[1401/2126] 'Celeste Holm' -> PRESENT_UNCLASSIFIED [-] (80)
[1402/2126] 'Petula Clark' -> PRESENT_UNCLASSIFIED [-] (181)
[1403/2126] 'Tia Carrere' -> PRESENT_UNCLASSIFIED [-] (4)
[1404/2126] 'Taraji P. Henson' -> PRESENT_UNCLASSIFIED [-] (13)
[1405/2126] 'Sirusho' -> PRESENT_UNCLASSIFIED [-] (122)
[1406/2126] 'Ike Turner' -> PRESENT_UNCLASSIFIED [-] (150)
[1407/2126] 'Jemaine Clement' -> PRESENT_UNCLASSIFIED [-] (10)
[1408/2126] 'Bae Suzy' -> PRESENT_UNCLASSIFIED [-] (66)
[1409/2126] 'RuPaul' -> PRESENT_UNCLASSIFIED [-] (420)
[1410/2126] 'Salif Keita' -> PRESENT_UNCLASSIFIED [-] (137)
[1411/2126] 'Fanny Ardant' -> PRESENT_UNCLASSIFIED [-] (4)
[1412/2126] 'Walter Huston' -> PRESENT_UNCLASSIFIED [-] (5)
[1413/2126] 'Brad Delson' -> NONE
[1414/2126] 'Rhys Ifans' -> NONE
[1415/2126] 'Esther Williams' -> PRESENT_UNCLASSIFIED [-] (46)
[1416/2126] 'Esther Williams' -> PRESENT_UNCLASSIFIED [-] (46)
[1417/2126] 'Elsa Lanchester' -> NONE
[1418/2126] 'Elsa Lanchester' -> NONE
[1419/2126] 'Éric-Emmanuel Schmitt' -> NONE
[1420/2126] 'Jamie Campbell Bower' -> PRESENT_UNCLASSIFIED [-] (10)
[1421/2126] 'Falco' -> PRESENT_UNCLASSIFIED [-] (218)
[1422/2126] 'Jeff Hardy' -> PRESENT_UNCLASSIFIED [-] (90)
[1423/2126] 'Jeff Hardy' -> PRESENT_UNCLASSIFIED [-] (90)
[1424/2126] 'Jamie Lynn Spears' -> PRESENT_UNCLASSIFIED [-] (19)
[1425/2126] 'Kurt Weill' -> PRESENT_UNCLASSIFIED [-] (189)
[1426/2126] 'Verka Serduchka' -> PRESENT_UNCLASSIFIED [-] (68)
[1427/2126] 'Suzanne Vega' -> PRESENT_UNCLASSIFIED [-] (185)
[1428/2126] 'Christina Perri' -> PRESENT_UNCLASSIFIED [-] (209)
[1429/2126] 'Whitesnake' -> PRESENT_UNCLASSIFIED [-] (261)
[1430/2126] 'Sanjay Dutt' -> PRESENT_UNCLASSIFIED [-] (38)
[1431/2126] 'Craig David' -> PRESENT_UNCLASSIFIED [-] (284)
[1432/2126] 'Randy Newman' -> PRESENT_UNCLASSIFIED [-] (317)
[1433/2126] 'Loretta Lynn' -> PRESENT_UNCLASSIFIED [-] (532)
[1434/2126] 'Korpiklaani' -> PRESENT_UNCLASSIFIED [-] (206)
[1435/2126] 'Dusty Springfield' -> PRESENT_UNCLASSIFIED [-] (231)
[1436/2126] 'Chris Jericho' -> PRESENT_UNCLASSIFIED [-] (6)
[1437/2126] 'James Newton Howard' -> PRESENT_UNCLASSIFIED [-] (366)
[1438/2126] 'Toše Proeski' -> PRESENT_UNCLASSIFIED [-] (233)
[1439/2126] 'Erykah Badu' -> PRESENT_UNCLASSIFIED [-] (252)
[1440/2126] 'Jeremy Zucker' -> PRESENT_UNCLASSIFIED [-] (197)
[1441/2126] 'Sarah Vaughan' -> PRESENT_UNCLASSIFIED [-] (518)
[1442/2126] 'Mira Furlan' -> NONE
[1443/2126] 'Rosemary Clooney' -> PRESENT_UNCLASSIFIED [-] (219)
[1444/2126] 'Lulu' -> PRESENT_UNCLASSIFIED [-] (168)
[1445/2126] 'Boris Christoff' -> PRESENT_UNCLASSIFIED [-] (8)
[1446/2126] 'Bathory' -> PRESENT_UNCLASSIFIED [-] (175)
[1447/2126] 'Wilhelm Friedemann Bach' -> PRESENT_UNCLASSIFIED [-] (14)
[1448/2126] 'INXS' -> PRESENT_UNCLASSIFIED [-] (225)
[1449/2126] 'William Katt' -> NONE
[1450/2126] 'In Flames' -> PRESENT_UNCLASSIFIED [-] (309)
[1451/2126] 'Papa Roach' -> PRESENT_UNCLASSIFIED [-] (253)
[1452/2126] 'Nena' -> PRESENT_UNCLASSIFIED [-] (22)
[1453/2126] 'Good Charlotte' -> PRESENT_UNCLASSIFIED [-] (172)
[1454/2126] 'Wayne Knight' -> NONE
[1455/2126] 'Samuel Barber' -> PRESENT_UNCLASSIFIED [-] (483)
[1456/2126] 'Cory Monteith' -> NONE
[1457/2126] 'Bobby McFerrin' -> PRESENT_UNCLASSIFIED [-] (63)
[1458/2126] 'Verka Serduchka' -> PRESENT_UNCLASSIFIED [-] (68)
[1459/2126] 'Gilberto Gil' -> PRESENT_UNCLASSIFIED [-] (345)
[1460/2126] 'Dimitrie Cantemir' -> NONE
[1461/2126] 'Peng Liyuan' -> PRESENT_UNCLASSIFIED [-] (102)
[1462/2126] 'Jesse McCartney' -> PRESENT_UNCLASSIFIED [-] (192)
[1463/2126] 'Boy George' -> PRESENT_UNCLASSIFIED [-] (232)
[1464/2126] 'Violeta Parra' -> PRESENT_UNCLASSIFIED [-] (178)
[1465/2126] 'ASAP Rocky' -> PRESENT_UNCLASSIFIED [-] (416)
[1466/2126] 'Gerard Way' -> PRESENT_UNCLASSIFIED [-] (42)
[1467/2126] 'Melissa Benoist' -> PRESENT_UNCLASSIFIED [-] (3)
[1468/2126] 'Janelle Monáe' -> PRESENT_UNCLASSIFIED [-] (244)
[1469/2126] 'Juliette Gréco' -> PRESENT_UNCLASSIFIED [-] (149)
[1470/2126] 'Corry Brokken' -> PRESENT_UNCLASSIFIED [-] (8)
[1471/2126] 'Boy George' -> PRESENT_UNCLASSIFIED [-] (232)
[1472/2126] 'SZA' -> PRESENT_UNCLASSIFIED [-] (238)
[1473/2126] 'Yann Tiersen' -> PRESENT_UNCLASSIFIED [-] (231)
[1474/2126] 'Samantha Fox' -> PRESENT_UNCLASSIFIED [-] (205)
[1475/2126] 'Suzi Quatro' -> PRESENT_UNCLASSIFIED [-] (246)
[1476/2126] 'Richard Kind' -> PRESENT_UNCLASSIFIED [-] (11)
[1477/2126] 'Giorgio Moroder' -> PRESENT_UNCLASSIFIED [-] (223)
[1478/2126] 'Mango' -> PRESENT_UNCLASSIFIED [-] (2)
[1479/2126] 'Marie Fredriksson' -> PRESENT_UNCLASSIFIED [-] (199)
[1480/2126] 'Željko Joksimovi\u0107' ERROR: 'charmap' codec can't encode character '\u0107' in position 29: character maps to <undefined>
[1481/2126] 'Gracie Abrams' -> PRESENT_UNCLASSIFIED [-] (125)
[1482/2126] 'Chappell Roan' -> PRESENT_UNCLASSIFIED [-] (62)
[1483/2126] 'Evanna Lynch' -> NONE
[1484/2126] 'Sophie Kinsella' -> NONE
[1485/2126] 'Stan Getz' -> PRESENT_UNCLASSIFIED [-] (601)
[1486/2126] 'Penn Badgley' -> NONE
[1487/2126] 'Shawn Michaels' -> PRESENT_UNCLASSIFIED [-] (1)
[1488/2126] 'Marc-Antoine Charpentier' -> PRESENT_UNCLASSIFIED [-] (130)
[1489/2126] 'Steven Yeun' -> NONE
[1490/2126] 'Peter Weiss' -> NONE
[1491/2126] 'Emile Berliner' -> PRESENT_UNCLASSIFIED [-] (1)
[1492/2126] 'Emile Berliner' -> PRESENT_UNCLASSIFIED [-] (1)
[1493/2126] 'Emily Browning' -> PRESENT_UNCLASSIFIED [-] (29)
[1494/2126] 'Die Antwoord' -> PRESENT_UNCLASSIFIED [-] (195)
[1495/2126] 'Chicago' -> PRESENT_UNCLASSIFIED [-] (560)
[1496/2126] 'Helene Fischer' -> PRESENT_UNCLASSIFIED [-] (332)
[1497/2126] 'Sammy Davis Jr.' -> PRESENT_UNCLASSIFIED [-] (233)
[1498/2126] 'Witold Lutos\u0142awski' ERROR: 'charmap' codec can't encode character '\u0142' in position 25: character maps to <undefined>
[1499/2126] 'Siouxsie and the Banshees' -> PRESENT_UNCLASSIFIED [-] (144)
[1500/2126] 'Eurythmics' -> PRESENT_UNCLASSIFIED [-] (335)
[1501/2126] 'Sara Bareilles' -> PRESENT_UNCLASSIFIED [-] (265)
[1502/2126] 'Art Tatum' -> PRESENT_UNCLASSIFIED [-] (269)
[1503/2126] 'Sayat-Nova' -> PRESENT_UNCLASSIFIED [-] (8)
[1504/2126] 'Manu Chao' -> PRESENT_UNCLASSIFIED [-] (184)
[1505/2126] 'Grant Gustin' -> PRESENT_UNCLASSIFIED [-] (25)
[1506/2126] 'Loreena McKennitt' -> PRESENT_UNCLASSIFIED [-] (208)
[1507/2126] 'Travis Barker' -> PRESENT_UNCLASSIFIED [-] (272)
[1508/2126] 'Yngwie Malmsteen' -> PRESENT_UNCLASSIFIED [-] (173)
[1509/2126] 'The Moody Blues' -> PRESENT_UNCLASSIFIED [-] (217)
[1510/2126] 'Andrés Segovia' -> PRESENT_UNCLASSIFIED [-] (218)
[1511/2126] 'Keke Palmer' -> PRESENT_UNCLASSIFIED [-] (192)
[1512/2126] 'T-Pain' -> PRESENT_UNCLASSIFIED [-] (471)
[1513/2126] 'Ricchi e Poveri' -> PRESENT_UNCLASSIFIED [-] (142)
[1514/2126] 'Sandie Shaw' -> PRESENT_UNCLASSIFIED [-] (179)
[1515/2126] 'Sonny Rollins' -> PRESENT_UNCLASSIFIED [-] (305)
[1516/2126] 'Nemo' -> PRESENT_UNCLASSIFIED [-] (4)
[1517/2126] 'Jackson Browne' -> PRESENT_UNCLASSIFIED [-] (233)
[1518/2126] 'Lyudmila Gurchenko' -> PRESENT_UNCLASSIFIED [-] (138)
[1519/2126] 'Toni Collette' -> PRESENT_UNCLASSIFIED [-] (3)
[1520/2126] 'Tina Karol' -> PRESENT_UNCLASSIFIED [-] (139)
[1521/2126] 'Karel Gott' -> PRESENT_UNCLASSIFIED [-] (384)
[1522/2126] 'Betty Grable' -> PRESENT_UNCLASSIFIED [-] (157)
[1523/2126] 'Lizzo' -> PRESENT_UNCLASSIFIED [-] (163)
[1524/2126] 'Diana Krall' -> PRESENT_UNCLASSIFIED [-] (277)
[1525/2126] 'Andy Williams' -> PRESENT_UNCLASSIFIED [-] (315)
[1526/2126] 'Enigma' -> PRESENT_UNCLASSIFIED [-] (222)
[1527/2126] 'Tré Cool' -> NONE
[1528/2126] 'Ice-T' -> PRESENT_UNCLASSIFIED [-] (275)
[1529/2126] 'Johann Nepomuk Hummel' -> PRESENT_UNCLASSIFIED [-] (152)
[1530/2126] 'Ice-T' -> PRESENT_UNCLASSIFIED [-] (275)
[1531/2126] 'Carice van Houten' -> PRESENT_UNCLASSIFIED [-] (17)
[1532/2126] 'Becky G' -> PRESENT_UNCLASSIFIED [-] (329)
[1533/2126] 'Ansel Elgort' -> PRESENT_UNCLASSIFIED [-] (31)
[1534/2126] 'Rob Halford' -> PRESENT_UNCLASSIFIED [-] (173)
[1535/2126] 'Massiel' -> PRESENT_UNCLASSIFIED [-] (152)
[1536/2126] 'Alida Valli' -> PRESENT_UNCLASSIFIED [-] (3)
[1537/2126] 'Corey Taylor' -> PRESENT_UNCLASSIFIED [-] (109)
[1538/2126] 'Charles Mingus' -> PRESENT_UNCLASSIFIED [-] (262)
[1539/2126] 'Maluma' -> PRESENT_UNCLASSIFIED [-] (393)
[1540/2126] 'Monkhaen Kaenkoon' -> NONE
[1541/2126] 'Amy Irving' -> PRESENT_UNCLASSIFIED [-] (2)
[1542/2126] 'Aubrey Beardsley' -> NONE
[1543/2126] 'Nemo' -> PRESENT_UNCLASSIFIED [-] (47)
[1544/2126] 'Nemo' -> PRESENT_UNCLASSIFIED [-] (47)
[1545/2126] 'James Gunn' -> NONE
[1546/2126] 'Udo Kier' -> PRESENT_UNCLASSIFIED [-] (2)
[1547/2126] 'Fanny Cadeo' -> NONE
[1548/2126] 'Roger Daltrey' -> PRESENT_UNCLASSIFIED [-] (203)
[1549/2126] 'Stratovarius' -> PRESENT_UNCLASSIFIED [-] (199)
[1550/2126] 'Chyler Leigh' -> PRESENT_UNCLASSIFIED [-] (1)
[1551/2126] 'Mina' -> PRESENT_UNCLASSIFIED [-] (799)
[1552/2126] 'Parker Posey' -> NONE
[1553/2126] 'Elliott Smith' -> PRESENT_UNCLASSIFIED [-] (233)
[1554/2126] 'Status Quo' -> PRESENT_UNCLASSIFIED [-] (310)
[1555/2126] 'Alesha Dixon' -> PRESENT_UNCLASSIFIED [-] (131)
[1556/2126] 'Seventeen' -> PRESENT_UNCLASSIFIED [-] (156)
[1557/2126] 'Wynton Marsalis' -> PRESENT_UNCLASSIFIED [-] (382)
[1558/2126] 'Kevin Jonas' -> PRESENT_UNCLASSIFIED [-] (1)
[1559/2126] 'Earth, Wind & Fire' -> PRESENT_UNCLASSIFIED [-] (385)
[1560/2126] 'Hans Krankl' -> PRESENT_UNCLASSIFIED [-] (1)
[1561/2126] 'Alicia Witt' -> PRESENT_UNCLASSIFIED [-] (4)
[1562/2126] 'Andy Lau' -> PRESENT_UNCLASSIFIED [-] (167)
[1563/2126] 'Tom DeLonge' -> PRESENT_UNCLASSIFIED [-] (52)
[1564/2126] 'Sonata Arctica' -> PRESENT_UNCLASSIFIED [-] (207)
[1565/2126] 'Hoobastank' -> PRESENT_UNCLASSIFIED [-] (154)
[1566/2126] 'Sarah Hyland' -> PRESENT_UNCLASSIFIED [-] (12)
[1567/2126] 'Luciano Berio' -> PRESENT_UNCLASSIFIED [-] (30)
[1568/2126] 'Cradle of Filth' -> PRESENT_UNCLASSIFIED [-] (332)
[1569/2126] 'Tiziano Ferro' -> PRESENT_UNCLASSIFIED [-] (243)
[1570/2126] 'Alan Parsons' -> PRESENT_UNCLASSIFIED [-] (161)
[1571/2126] 'Bobby Darin' -> PRESENT_UNCLASSIFIED [-] (265)
[1572/2126] 'Carol Channing' -> PRESENT_UNCLASSIFIED [-] (12)
[1573/2126] 'Moya Brennan' -> PRESENT_UNCLASSIFIED [-] (204)
[1574/2126] 'José Feliciano' -> PRESENT_UNCLASSIFIED [-] (160)
[1575/2126] 'Sharon den Adel' -> PRESENT_UNCLASSIFIED [-] (38)
[1576/2126] 'Anne-Sophie Mutter' -> PRESENT_UNCLASSIFIED [-] (195)
[1577/2126] 'Tuomas Holopainen' -> PRESENT_UNCLASSIFIED [-] (17)
[1578/2126] 'Portishead' -> PRESENT_UNCLASSIFIED [-] (134)
[1579/2126] 'Taylor Hawkins' -> PRESENT_UNCLASSIFIED [-] (62)
[1580/2126] 'David Byrne' -> PRESENT_UNCLASSIFIED [-] (377)
[1581/2126] 'Arrigo Boito' -> PRESENT_UNCLASSIFIED [-] (16)
[1582/2126] 'Shavo Odadjian' -> PRESENT_UNCLASSIFIED [-] (6)
[1583/2126] 'Pixie Lott' -> PRESENT_UNCLASSIFIED [-] (193)
[1584/2126] 'Damon Albarn' -> PRESENT_UNCLASSIFIED [-] (176)
[1585/2126] 'Michelle Branch' -> PRESENT_UNCLASSIFIED [-] (125)
[1586/2126] 'Massive Attack' -> PRESENT_UNCLASSIFIED [-] (264)
[1587/2126] 'Ricky Nelson' -> PRESENT_UNCLASSIFIED [-] (218)
[1588/2126] 'Dimash Qudaibergen' -> PRESENT_UNCLASSIFIED [-] (53)
[1589/2126] 'Foreigner' -> PRESENT_UNCLASSIFIED [-] (201)
[1590/2126] 'The Corrs' -> PRESENT_UNCLASSIFIED [-] (199)
[1591/2126] 'Mario Lanza' -> PRESENT_UNCLASSIFIED [-] (289)
[1592/2126] 'Traci Lords' -> PRESENT_UNCLASSIFIED [-] (21)
[1593/2126] 'Hadise' -> PRESENT_UNCLASSIFIED [-] (167)
[1594/2126] 'Galina Vishnevskaya' -> PRESENT_UNCLASSIFIED [-] (38)
[1595/2126] 'LL Cool J' -> PRESENT_UNCLASSIFIED [-] (374)
[1596/2126] 'Jamiroquai' -> PRESENT_UNCLASSIFIED [-] (230)
[1597/2126] 'The Edge' -> PRESENT_UNCLASSIFIED [-] (21)
[1598/2126] 'Im Yoon-ah' -> PRESENT_UNCLASSIFIED [-] (16)
[1599/2126] 'Nick Drake' -> PRESENT_UNCLASSIFIED [-] (145)
[1600/2126] 'Lil Peep' -> PRESENT_UNCLASSIFIED [-] (537)
[1601/2126] 'Tom Kenny' -> PRESENT_UNCLASSIFIED [-] (22)
[1602/2126] 'Malcolm Young' -> NONE
[1603/2126] 'Engelbert Humperdinck' -> PRESENT_UNCLASSIFIED [-] (242)
[1604/2126] 'Brian Johnson' -> PRESENT_UNCLASSIFIED [-] (8)
[1605/2126] 'Rebecca Black' -> PRESENT_UNCLASSIFIED [-] (127)
[1606/2126] 'Tom Odell' -> PRESENT_UNCLASSIFIED [-] (223)
[1607/2126] 'Cascada' -> PRESENT_UNCLASSIFIED [-] (321)
[1608/2126] 'Valentina Monetta' -> PRESENT_UNCLASSIFIED [-] (47)
[1609/2126] 'Mike Epps' -> PRESENT_UNCLASSIFIED [-] (64)
[1610/2126] 'JoJo' -> PRESENT_UNCLASSIFIED [-] (589)
[1611/2126] 'Sandra Kim' -> PRESENT_UNCLASSIFIED [-] (5)
[1612/2126] 'J Balvin' -> PRESENT_UNCLASSIFIED [-] (503)
[1613/2126] 'Dudley Moore' -> PRESENT_UNCLASSIFIED [-] (2)
[1614/2126] 'Jimmy Cliff' -> PRESENT_UNCLASSIFIED [-] (192)
[1615/2126] 'Melanie Brown' -> PRESENT_UNCLASSIFIED [-] (19)
[1616/2126] 'Cynthia Erivo' -> PRESENT_UNCLASSIFIED [-] (82)
[1617/2126] 'Ben Barnes' -> PRESENT_UNCLASSIFIED [-] (15)
[1618/2126] 'Tate McRae' -> PRESENT_UNCLASSIFIED [-] (194)
[1619/2126] 'Rajesh Khanna' -> PRESENT_UNCLASSIFIED [-] (19)
[1620/2126] 'Tyla' -> PRESENT_UNCLASSIFIED [-] (62)
[1621/2126] 'Hans Krankl' -> PRESENT_UNCLASSIFIED [-] (3)
[1622/2126] 'JJ' -> PRESENT_UNCLASSIFIED [-] (58)
[1623/2126] 'Seventeen' -> PRESENT_UNCLASSIFIED [-] (3)
[1624/2126] 'Seventeen' -> PRESENT_UNCLASSIFIED [-] (156)
[1625/2126] 'Seventeen' -> PRESENT_UNCLASSIFIED [-] (156)
[1626/2126] 'Brigitte Nielsen' -> PRESENT_UNCLASSIFIED [-] (12)
[1627/2126] 'Vytautas Landsbergis' -> NONE
[1628/2126] 'Nora Fatehi' -> PRESENT_UNCLASSIFIED [-] (24)
[1629/2126] 'Hans Sachs' -> PRESENT_UNCLASSIFIED [-] (1)
[1630/2126] 'Natalia Tena' -> NONE
[1631/2126] 'Mina' -> PRESENT_UNCLASSIFIED [-] (799)
[1632/2126] 'Mina' -> PRESENT_UNCLASSIFIED [-] (799)
[1633/2126] 'Mina' -> PRESENT_UNCLASSIFIED [-] (799)
[1634/2126] 'Dinä \u011eäripevä' ERROR: 'charmap' codec can't encode character '\u011e' in position 18: character maps to <undefined>
[1635/2126] 'Totò' -> PRESENT_UNCLASSIFIED [-] (270)
[1636/2126] 'Totò' -> PRESENT_UNCLASSIFIED [-] (51)
[1637/2126] 'Zedd' -> PRESENT_UNCLASSIFIED [-] (300)
[1638/2126] 'Emina Jahoviç' -> PRESENT_UNCLASSIFIED [-] (132)
[1639/2126] 'George Sanders' -> PRESENT_UNCLASSIFIED [-] (20)
[1640/2126] 'Jonathan Pryce' -> PRESENT_UNCLASSIFIED [-] (68)
[1641/2126] 'Marcel Reich-Ranicki' -> NONE
[1642/2126] 'Lidia Ruslanova' -> PRESENT_UNCLASSIFIED [-] (35)
[1643/2126] 'Eleni Foureira' -> PRESENT_UNCLASSIFIED [-] (162)
[1644/2126] 'Dimash Qudaibergen' -> PRESENT_UNCLASSIFIED [-] (53)
[1645/2126] 'Dimash Qudaibergen' -> PRESENT_UNCLASSIFIED [-] (53)
[1646/2126] 'The Monkees' -> PRESENT_UNCLASSIFIED [-] (295)
[1647/2126] 'Burl Ives' -> PRESENT_UNCLASSIFIED [-] (190)
[1648/2126] 'Yma Sumac' -> PRESENT_UNCLASSIFIED [-] (235)
[1649/2126] 'Rainbow' -> PRESENT_UNCLASSIFIED [-] (245)
[1650/2126] 'David Cross' -> PRESENT_UNCLASSIFIED [-] (14)
[1651/2126] 'Village People' -> PRESENT_UNCLASSIFIED [-] (153)
[1652/2126] 'Jake Paul' -> PRESENT_UNCLASSIFIED [-] (54)
[1653/2126] 'Mac Miller' -> PRESENT_UNCLASSIFIED [-] (551)
[1654/2126] 'Ronnie Wood' -> PRESENT_UNCLASSIFIED [-] (175)
[1655/2126] 'Grimes' -> PRESENT_UNCLASSIFIED [-] (172)
[1656/2126] 'Malena Ernman' -> PRESENT_UNCLASSIFIED [-] (175)
[1657/2126] 'Kristin Chenoweth' -> PRESENT_UNCLASSIFIED [-] (194)
[1658/2126] 'Tove Lo' -> PRESENT_UNCLASSIFIED [-] (371)
[1659/2126] 'Tini Stoessel' -> PRESENT_UNCLASSIFIED [-] (263)
[1660/2126] 'Trent Reznor' -> PRESENT_UNCLASSIFIED [-] (185)
[1661/2126] 'Gipsy Kings' -> PRESENT_UNCLASSIFIED [-] (164)
[1662/2126] 'Linda McCartney' -> PRESENT_UNCLASSIFIED [-] (65)
[1663/2126] 'Mac Miller' -> PRESENT_UNCLASSIFIED [-] (551)
[1664/2126] 'Maher Zain' -> PRESENT_UNCLASSIFIED [-] (135)
[1665/2126] 'Pat Benatar' -> PRESENT_UNCLASSIFIED [-] (245)
[1666/2126] 'Belinda Carlisle' -> PRESENT_UNCLASSIFIED [-] (232)
[1667/2126] 'Hardwell' -> PRESENT_UNCLASSIFIED [-] (398)
[1668/2126] 'Regina Spektor' -> PRESENT_UNCLASSIFIED [-] (239)
[1669/2126] 'Raffaella Carrà' -> PRESENT_UNCLASSIFIED [-] (147)
[1670/2126] 'Irene Cara' -> PRESENT_UNCLASSIFIED [-] (122)
[1671/2126] 'Mac Miller' -> PRESENT_UNCLASSIFIED [-] (13)
[1672/2126] 'Ronan Keating' -> PRESENT_UNCLASSIFIED [-] (229)
[1673/2126] 'Andy Griffith' -> PRESENT_UNCLASSIFIED [-] (129)
[1674/2126] 'DJ BoBo' -> PRESENT_UNCLASSIFIED [-] (157)
[1675/2126] 'Boyzone' -> PRESENT_UNCLASSIFIED [-] (148)
[1676/2126] 'Fred Durst' -> PRESENT_UNCLASSIFIED [-] (7)
[1677/2126] 'Francesco Gabbani' -> PRESENT_UNCLASSIFIED [-] (141)
[1678/2126] 'Vicky Leandros' -> PRESENT_UNCLASSIFIED [-] (164)
[1679/2126] 'Peter Tosh' -> PRESENT_UNCLASSIFIED [-] (175)
[1680/2126] 'Ross Lynch' -> PRESENT_UNCLASSIFIED [-] (117)
[1681/2126] 'George Benson' -> PRESENT_UNCLASSIFIED [-] (313)
[1682/2126] 'Wyclef Jean' -> PRESENT_UNCLASSIFIED [-] (360)
[1683/2126] 'Amanda Lear' -> PRESENT_UNCLASSIFIED [-] (225)
[1684/2126] 'Paul van Dyk' -> PRESENT_UNCLASSIFIED [-] (361)
[1685/2126] 'RZA' -> PRESENT_UNCLASSIFIED [-] (310)
[1686/2126] 'Crispin Glover' -> PRESENT_UNCLASSIFIED [-] (10)
[1687/2126] 'Robert Fripp' -> PRESENT_UNCLASSIFIED [-] (215)
[1688/2126] 'Billy Preston' -> PRESENT_UNCLASSIFIED [-] (203)
[1689/2126] 'Haley Bennett' -> PRESENT_UNCLASSIFIED [-] (16)
[1690/2126] 'Blind Guardian' -> PRESENT_UNCLASSIFIED [-] (300)
[1691/2126] 'Sulli' -> NONE
[1692/2126] 'Eiza Gonzalez' -> PRESENT_UNCLASSIFIED [-] (42)
[1693/2126] 'Stefan Raab' -> PRESENT_UNCLASSIFIED [-] (47)
[1694/2126] 'Park Shin-hye' -> PRESENT_UNCLASSIFIED [-] (39)
[1695/2126] 'Hozier' -> PRESENT_UNCLASSIFIED [-] (180)
[1696/2126] 'Fiona Apple' -> PRESENT_UNCLASSIFIED [-] (159)
[1697/2126] 'The Mamas & the Papas' -> PRESENT_UNCLASSIFIED [-] (138)
[1698/2126] 'Vinícius de Moraes' -> PRESENT_UNCLASSIFIED [-] (260)
[1699/2126] 'Andy Kaufman' -> PRESENT_UNCLASSIFIED [-] (2)
[1700/2126] 'Rita Wilson' -> PRESENT_UNCLASSIFIED [-] (132)
[1701/2126] 'Mac Miller' -> PRESENT_UNCLASSIFIED [-] (551)
[1702/2126] 'Jason Newsted' -> PRESENT_UNCLASSIFIED [-] (4)
[1703/2126] 'The Yardbirds' -> PRESENT_UNCLASSIFIED [-] (228)
[1704/2126] 'The Stooges' -> PRESENT_UNCLASSIFIED [-] (139)
[1705/2126] 'Nicole' -> PRESENT_UNCLASSIFIED [-] (138)
[1706/2126] 'Park Ji-hyo' -> PRESENT_UNCLASSIFIED [-] (21)
[1707/2126] 'Nathan Lane' -> PRESENT_UNCLASSIFIED [-] (73)
[1708/2126] 'Dorothy Dandridge' -> PRESENT_UNCLASSIFIED [-] (66)
[1709/2126] 'Miklós Rózsa' -> PRESENT_UNCLASSIFIED [-] (32)
[1710/2126] 'Layne Staley' -> NONE
[1711/2126] 'Stefan Raab' -> PRESENT_UNCLASSIFIED [-] (4)
[1712/2126] 'The Stooges' -> PRESENT_UNCLASSIFIED [-] (52)
[1713/2126] 'Manu Dibango' -> PRESENT_UNCLASSIFIED [-] (166)
[1714/2126] 'Esma Redžepova' -> PRESENT_UNCLASSIFIED [-] (187)
[1715/2126] 'Anna Bergendahl' -> PRESENT_UNCLASSIFIED [-] (82)
[1716/2126] 'Nick Carter' -> PRESENT_UNCLASSIFIED [-] (100)
[1717/2126] 'Mark Ronson' -> PRESENT_UNCLASSIFIED [-] (240)
[1718/2126] 'Kurt Schwitters' -> PRESENT_UNCLASSIFIED [-] (1)
[1719/2126] 'DJ BoBo' -> PRESENT_UNCLASSIFIED [-] (157)
[1720/2126] 'Jill Clayburgh' -> PRESENT_UNCLASSIFIED [-] (4)
[1721/2126] 'Danny Aiello' -> PRESENT_UNCLASSIFIED [-] (10)
[1722/2126] 'Alessandro Baricco' -> NONE
[1723/2126] 'Afanasy Fet' -> NONE
[1724/2126] 'Claude Rains' -> NONE
[1725/2126] 'Claude Rains' -> NONE
[1726/2126] 'Frank Gorshin' -> NONE
[1727/2126] 'Kurt Angle' -> PRESENT_UNCLASSIFIED [-] (1)
[1728/2126] 'Daniella Monet' -> PRESENT_UNCLASSIFIED [-] (1)
[1729/2126] 'Joseph Michel Martelly' -> PRESENT_UNCLASSIFIED [-] (65)
[1730/2126] 'Joseph Michel Martelly' -> PRESENT_UNCLASSIFIED [-] (1)
[1731/2126] 'Peter, Paul and Mary' -> PRESENT_UNCLASSIFIED [-] (10)
[1732/2126] 'Stefan Raab' -> PRESENT_UNCLASSIFIED [-] (47)
[1733/2126] 'Sandra' -> PRESENT_UNCLASSIFIED [-] (1)
[1734/2126] 'Hardwell' -> PRESENT_UNCLASSIFIED [-] (398)
[1735/2126] 'George Benson' -> PRESENT_UNCLASSIFIED [-] (313)
[1736/2126] 'Eric Saade' -> PRESENT_UNCLASSIFIED [-] (136)
[1737/2126] 'Kenny G' -> PRESENT_UNCLASSIFIED [-] (201)
[1738/2126] 'The Allman Brothers Band' -> PRESENT_UNCLASSIFIED [-] (203)
[1739/2126] 'AURORA' -> PRESENT_UNCLASSIFIED [-] (364)
[1740/2126] 'Izabella Scorupco' -> PRESENT_UNCLASSIFIED [-] (3)
[1741/2126] 'Marija Naumova' -> PRESENT_UNCLASSIFIED [-] (64)
[1742/2126] 'Lamb of God' -> PRESENT_UNCLASSIFIED [-] (250)
[1743/2126] 'Electric Light Orchestra' -> PRESENT_UNCLASSIFIED [-] (220)
[1744/2126] 'Gojira' -> PRESENT_UNCLASSIFIED [-] (224)
[1745/2126] 'Michel Teló' -> PRESENT_UNCLASSIFIED [-] (173)
[1746/2126] 'Anoushka Shankar' -> PRESENT_UNCLASSIFIED [-] (177)
[1747/2126] 'Accept' -> PRESENT_UNCLASSIFIED [-] (312)
[1748/2126] 'Keith Jarrett' -> PRESENT_UNCLASSIFIED [-] (186)
[1749/2126] 'Ken Page' -> PRESENT_UNCLASSIFIED [-] (14)
[1750/2126] 'Rose Marie' -> PRESENT_UNCLASSIFIED [-] (62)
[1751/2126] 'Jim Cummings' -> PRESENT_UNCLASSIFIED [-] (29)
[1752/2126] 'Henryk Mikolaj Górecki' -> PRESENT_UNCLASSIFIED [-] (19)
[1753/2126] 'Jordi Savall' -> PRESENT_UNCLASSIFIED [-] (795)
[1754/2126] 'Behemoth' -> PRESENT_UNCLASSIFIED [-] (224)
[1755/2126] 'June Carter Cash' -> PRESENT_UNCLASSIFIED [-] (146)
[1756/2126] 'Darkthrone' -> PRESENT_UNCLASSIFIED [-] (260)
[1757/2126] 'Blue' -> PRESENT_UNCLASSIFIED [-] (201)
[1758/2126] 'Bill Withers' -> PRESENT_UNCLASSIFIED [-] (185)
[1759/2126] 'Byun Baek-hyun' -> PRESENT_UNCLASSIFIED [-] (98)
[1760/2126] 'Procol Harum' -> PRESENT_UNCLASSIFIED [-] (168)
[1761/2126] 'Ritchie Valens' -> PRESENT_UNCLASSIFIED [-] (132)
[1762/2126] 'Henry Rollins' -> PRESENT_UNCLASSIFIED [-] (147)
[1763/2126] 'Zakir Hussain' -> PRESENT_UNCLASSIFIED [-] (138)
[1764/2126] 'George Jones' -> PRESENT_UNCLASSIFIED [-] (991)
[1765/2126] 'Googoosh' -> PRESENT_UNCLASSIFIED [-] (201)
[1766/2126] 'Hyuna' -> PRESENT_UNCLASSIFIED [-] (62)
[1767/2126] 'O-Zone' -> PRESENT_UNCLASSIFIED [-] (62)
[1768/2126] 'Fatboy Slim' -> PRESENT_UNCLASSIFIED [-] (6)
[1769/2126] 'Sugababes' -> PRESENT_UNCLASSIFIED [-] (338)
[1770/2126] 'Lena Katina' -> PRESENT_UNCLASSIFIED [-] (94)
[1771/2126] 'Lea Salonga' -> PRESENT_UNCLASSIFIED [-] (218)
[1772/2126] 'Steve Reich' -> PRESENT_UNCLASSIFIED [-] (172)
[1773/2126] 'Alan Thicke' -> PRESENT_UNCLASSIFIED [-] (6)
[1774/2126] 'Molly Ringwald' -> PRESENT_UNCLASSIFIED [-] (11)
[1775/2126] 'Isabela Merced' -> PRESENT_UNCLASSIFIED [-] (35)
[1776/2126] 'Tom Morello' -> PRESENT_UNCLASSIFIED [-] (152)
[1777/2126] 'Bobby Farrell' -> PRESENT_UNCLASSIFIED [-] (46)
[1778/2126] 'Barry Gibb' -> PRESENT_UNCLASSIFIED [-] (73)
[1779/2126] 'Stephen Sondheim' -> PRESENT_UNCLASSIFIED [-] (372)
[1780/2126] 'Marina Diamandis' -> PRESENT_UNCLASSIFIED [-] (291)
[1781/2126] 'Marie Laforêt' -> PRESENT_UNCLASSIFIED [-] (212)
[1782/2126] 'Julia Volkova' -> PRESENT_UNCLASSIFIED [-] (3)
[1783/2126] 'Keri Hilson' -> PRESENT_UNCLASSIFIED [-] (115)
[1784/2126] 'Deadmau5' -> PRESENT_UNCLASSIFIED [-] (256)
[1785/2126] 'Jason Schwartzman' -> PRESENT_UNCLASSIFIED [-] (4)
[1786/2126] 'Phil LaMarr' -> PRESENT_UNCLASSIFIED [-] (3)
[1787/2126] 'Charles Trenet' -> PRESENT_UNCLASSIFIED [-] (153)
[1788/2126] 'Jake Zyrus' -> PRESENT_UNCLASSIFIED [-] (133)
[1789/2126] 'Kishore Kumar' -> PRESENT_UNCLASSIFIED [-] (989)
[1790/2126] 'Sean Kingston' -> PRESENT_UNCLASSIFIED [-] (229)
[1791/2126] 'Chou Tzuyu' -> PRESENT_UNCLASSIFIED [-] (6)
[1792/2126] 'Fatboy Slim' -> PRESENT_UNCLASSIFIED [-] (221)
[1793/2126] 'Ashanti' -> PRESENT_UNCLASSIFIED [-] (257)
[1794/2126] 'Jacqueline Boyer' -> PRESENT_UNCLASSIFIED [-] (124)
[1795/2126] 'Paulina Rubio' -> PRESENT_UNCLASSIFIED [-] (262)
[1796/2126] 'Albano Carrisi' -> PRESENT_UNCLASSIFIED [-] (360)
[1797/2126] 'Ian Anderson' -> PRESENT_UNCLASSIFIED [-] (158)
[1798/2126] "Donald O'Connor" -> PRESENT_UNCLASSIFIED [-] (125)
[1799/2126] 'Haifa Wehbe' -> PRESENT_UNCLASSIFIED [-] (108)
[1800/2126] 'Brent Spiner' -> PRESENT_UNCLASSIFIED [-] (30)
[1801/2126] 'MØ' -> PRESENT_UNCLASSIFIED [-] (222)
[1802/2126] 'Honor Blackman' -> NONE
[1803/2126] 'Geezer Butler' -> NONE
[1804/2126] 'Jesse Spencer' -> PRESENT_UNCLASSIFIED [-] (3)
[1805/2126] 'Machine Gun Kelly' -> PRESENT_UNCLASSIFIED [-] (455)
[1806/2126] 'Emmanuelle Seigner' -> PRESENT_UNCLASSIFIED [-] (61)
[1807/2126] 'Lin-Manuel Miranda' -> PRESENT_UNCLASSIFIED [-] (292)
[1808/2126] 'Carly Simon' -> PRESENT_UNCLASSIFIED [-] (253)
[1809/2126] 'Alka Yagnik' -> PRESENT_UNCLASSIFIED [-] (1399)
[1810/2126] 'Gojira' -> PRESENT_UNCLASSIFIED [-] (224)
[1811/2126] 'Adrian Smith' -> PRESENT_UNCLASSIFIED [-] (85)
[1812/2126] 'Jake Wesley Rogers' -> PRESENT_UNCLASSIFIED [-] (52)
[1813/2126] 'Zlata Ognevich' -> PRESENT_UNCLASSIFIED [-] (74)
[1814/2126] 'Joe Hahn' -> PRESENT_UNCLASSIFIED [-] (9)
[1815/2126] 'Rob Bourdon' -> NONE
[1816/2126] 'Valeria Bruni-Tedeschi' -> NONE
[1817/2126] 'Jena Malone' -> PRESENT_UNCLASSIFIED [-] (1)
[1818/2126] 'Shu Qi' -> NONE
[1819/2126] 'Billy Boyd' -> PRESENT_UNCLASSIFIED [-] (13)
[1820/2126] 'Shane Dawson' -> PRESENT_UNCLASSIFIED [-] (26)
[1821/2126] 'Tyler Posey' -> PRESENT_UNCLASSIFIED [-] (46)
[1822/2126] 'Treat Williams' -> PRESENT_UNCLASSIFIED [-] (5)
[1823/2126] 'Salvator Rosa' -> PRESENT_UNCLASSIFIED [-] (2)
[1824/2126] 'Robert Forster' -> PRESENT_UNCLASSIFIED [-] (65)
[1825/2126] 'Serhiy Zhadan' -> NONE
[1826/2126] 'Deadmau5' -> PRESENT_UNCLASSIFIED [-] (4)
[1827/2126] 'Deadmau5' -> PRESENT_UNCLASSIFIED [-] (256)
[1828/2126] 'Deadmau5' -> PRESENT_UNCLASSIFIED [-] (256)
[1829/2126] 'Ricarda Huch' -> NONE
[1830/2126] 'Ri Sol-ju' -> NONE
[1831/2126] 'Amy Madigan' -> PRESENT_UNCLASSIFIED [-] (3)
[1832/2126] 'Colton Haynes' -> PRESENT_UNCLASSIFIED [-] (4)
[1833/2126] 'Grace Slick' -> PRESENT_UNCLASSIFIED [-] (120)
[1834/2126] 'Dead Kennedys' -> PRESENT_UNCLASSIFIED [-] (190)
[1835/2126] 'Brad Renfro' -> NONE
[1836/2126] 'Immortal' -> PRESENT_UNCLASSIFIED [-] (149)
[1837/2126] 'Kaiser Chiefs' -> PRESENT_UNCLASSIFIED [-] (161)
[1838/2126] 'Laibach' -> PRESENT_UNCLASSIFIED [-] (224)
[1839/2126] 'Lewis Capaldi' -> PRESENT_UNCLASSIFIED [-] (124)
[1840/2126] 'Gore Verbinski' -> NONE
[1841/2126] 'Burna Boy' -> PRESENT_UNCLASSIFIED [-] (440)
[1842/2126] 'Florence Welch' -> PRESENT_UNCLASSIFIED [-] (7)
[1843/2126] 'Gotye' -> PRESENT_UNCLASSIFIED [-] (73)
[1844/2126] 'Thin Lizzy' -> PRESENT_UNCLASSIFIED [-] (219)
[1845/2126] 'George Chakiris' -> PRESENT_UNCLASSIFIED [-] (11)
[1846/2126] 'Teddy Scholten' -> PRESENT_UNCLASSIFIED [-] (1)
[1847/2126] 'Mumford & Sons' -> PRESENT_UNCLASSIFIED [-] (162)
[1848/2126] 'Aram Mp3' -> PRESENT_UNCLASSIFIED [-] (47)
[1849/2126] 'Tenacious D' -> PRESENT_UNCLASSIFIED [-] (164)
[1850/2126] 'Maya Rudolph' -> PRESENT_UNCLASSIFIED [-] (20)
[1851/2126] 'Alfred Newman' -> PRESENT_UNCLASSIFIED [-] (197)
[1852/2126] 'David McCallum' -> PRESENT_UNCLASSIFIED [-] (39)
[1853/2126] 'Dead Can Dance' -> PRESENT_UNCLASSIFIED [-] (204)
[1854/2126] 'The Bangles' -> PRESENT_UNCLASSIFIED [-] (173)
[1855/2126] 'Air' -> PRESENT_UNCLASSIFIED [-] (238)
[1856/2126] 'Gene Autry' -> PRESENT_UNCLASSIFIED [-] (197)
[1857/2126] 'Sean Lennon' -> PRESENT_UNCLASSIFIED [-] (34)
[1858/2126] 'Zhao Wei' -> NONE
[1859/2126] 'Max Steiner' -> PRESENT_UNCLASSIFIED [-] (177)
[1860/2126] 'Caetano Veloso' -> PRESENT_UNCLASSIFIED [-] (512)
[1861/2126] 'Riz Ahmed' -> PRESENT_UNCLASSIFIED [-] (37)
[1862/2126] 'Allu Arjun' -> PRESENT_UNCLASSIFIED [-] (4)
[1863/2126] 'Cab Calloway' -> PRESENT_UNCLASSIFIED [-] (220)
[1864/2126] 'Alfred Brendel' -> PRESENT_UNCLASSIFIED [-] (223)
[1865/2126] 'Keith Emerson' -> PRESENT_UNCLASSIFIED [-] (120)
[1866/2126] 'Kitar\u014d' ERROR: 'charmap' codec can't encode character '\u014d' in position 18: character maps to <undefined>
[1867/2126] 'Jewel' -> PRESENT_UNCLASSIFIED [-] (306)
[1868/2126] 'Gianni Morandi' -> PRESENT_UNCLASSIFIED [-] (200)
[1869/2126] 'Michael Moorcock' -> PRESENT_UNCLASSIFIED [-] (22)
[1870/2126] 'Bo Diddley' -> PRESENT_UNCLASSIFIED [-] (39)
[1871/2126] 'Stéphane Grappelli' -> PRESENT_UNCLASSIFIED [-] (278)
[1872/2126] 'Joe Keery' -> NONE
[1873/2126] 'Nichelle Nichols' -> NONE
[1874/2126] 'Bonnie Raitt' -> PRESENT_UNCLASSIFIED [-] (298)
[1875/2126] 'Zucchero' -> PRESENT_UNCLASSIFIED [-] (220)
[1876/2126] 'Hildegard Knef' -> PRESENT_UNCLASSIFIED [-] (202)
[1877/2126] 'Amber Benson' -> PRESENT_UNCLASSIFIED [-] (2)
[1878/2126] 'Ann Blyth' -> PRESENT_UNCLASSIFIED [-] (5)
[1879/2126] 'Romina Power' -> PRESENT_UNCLASSIFIED [-] (91)
[1880/2126] 'John Petrucci' -> PRESENT_UNCLASSIFIED [-] (60)
[1881/2126] 'Alessia Cara' -> PRESENT_UNCLASSIFIED [-] (260)
[1882/2126] 'Isabelle Aubret' -> PRESENT_UNCLASSIFIED [-] (130)
[1883/2126] 'Katey Sagal' -> PRESENT_UNCLASSIFIED [-] (63)
[1884/2126] 'Glen Campbell' -> PRESENT_UNCLASSIFIED [-] (352)
[1885/2126] 'Alexandra Stan' -> PRESENT_UNCLASSIFIED [-] (233)
[1886/2126] 'Hikaru Utada' -> PRESENT_UNCLASSIFIED [-] (77)
[1887/2126] 'Poli Genova' -> PRESENT_UNCLASSIFIED [-] (10)
[1888/2126] 'Bernadette Peters' -> PRESENT_UNCLASSIFIED [-] (219)
[1889/2126] 'Gordon Lightfoot' -> PRESENT_UNCLASSIFIED [-] (190)
[1890/2126] 'Kristian Kostov' -> PRESENT_UNCLASSIFIED [-] (61)
[1891/2126] 'Method Man' -> PRESENT_UNCLASSIFIED [-] (522)
[1892/2126] 'Iveta Mukuchyan' -> PRESENT_UNCLASSIFIED [-] (48)
[1893/2126] 'Dexter Gordon' -> PRESENT_UNCLASSIFIED [-] (218)
[1894/2126] 'Park Bo-gum' -> NONE
[1895/2126] 'Il Volo' -> PRESENT_UNCLASSIFIED [-] (210)
[1896/2126] 'Dave Farrell' -> PRESENT_UNCLASSIFIED [-] (1)
[1897/2126] 'Riz Ahmed' -> PRESENT_UNCLASSIFIED [-] (56)
[1898/2126] 'Joe Keery' -> PRESENT_UNCLASSIFIED [-] (61)
[1899/2126] 'Joe Keery' -> NONE
[1900/2126] 'Sally Kellerman' -> PRESENT_UNCLASSIFIED [-] (2)
[1901/2126] 'J.J. Cale' -> PRESENT_UNCLASSIFIED [-] (236)
[1902/2126] 'Curd Jürgens' -> NONE
[1903/2126] 'Nina Hoss' -> PRESENT_UNCLASSIFIED [-] (3)
[1904/2126] 'Max Schmeling' -> PRESENT_UNCLASSIFIED [-] (1)
[1905/2126] 'Graham Greene' -> PRESENT_UNCLASSIFIED [-] (1)
[1906/2126] 'Edward Furlong' -> NONE
[1907/2126] 'Journey' -> PRESENT_UNCLASSIFIED [-] (229)
[1908/2126] 'Joe Perry' -> PRESENT_UNCLASSIFIED [-] (23)
[1909/2126] 'James Taylor' -> PRESENT_UNCLASSIFIED [-] (267)
[1910/2126] 'Beverly Sills' -> PRESENT_UNCLASSIFIED [-] (157)
[1911/2126] 'Supertramp' -> PRESENT_UNCLASSIFIED [-] (175)
[1912/2126] 'Dave Gahan' -> PRESENT_UNCLASSIFIED [-] (173)
[1913/2126] 'Iva Zanicchi' -> PRESENT_UNCLASSIFIED [-] (162)
[1914/2126] 'Gerry Rafferty' -> PRESENT_UNCLASSIFIED [-] (166)
[1915/2126] 'Harel Skaat' -> PRESENT_UNCLASSIFIED [-] (119)
[1916/2126] 'Fats Waller' -> PRESENT_UNCLASSIFIED [-] (165)
[1917/2126] 'Brian Molko' -> PRESENT_UNCLASSIFIED [-] (8)
[1918/2126] '3 Doors Down' -> PRESENT_UNCLASSIFIED [-] (232)
[1919/2126] 'Mike Portnoy' -> PRESENT_UNCLASSIFIED [-] (36)
[1920/2126] 'Captain Beefheart' -> PRESENT_UNCLASSIFIED [-] (83)
[1921/2126] 'Sarah McLachlan' -> PRESENT_UNCLASSIFIED [-] (183)
[1922/2126] 'The Byrds' -> PRESENT_UNCLASSIFIED [-] (240)
[1923/2126] 'OutKast' -> PRESENT_UNCLASSIFIED [-] (317)
[1924/2126] 'RedOne' -> PRESENT_UNCLASSIFIED [-] (37)
[1925/2126] 'Al Jarreau' -> PRESENT_UNCLASSIFIED [-] (251)
[1926/2126] 'G-Dragon' -> PRESENT_UNCLASSIFIED [-] (74)
[1927/2126] 'Mariza' -> PRESENT_UNCLASSIFIED [-] (203)
[1928/2126] 'NOFX' -> PRESENT_UNCLASSIFIED [-] (213)
[1929/2126] 'Meshuggah' -> PRESENT_UNCLASSIFIED [-] (218)
[1930/2126] 'DJ Snake' -> PRESENT_UNCLASSIFIED [-] (309)
[1931/2126] 'Peter Green' -> PRESENT_UNCLASSIFIED [-] (85)
[1932/2126] 'Farinelli' -> NONE
[1933/2126] 'Elisabeth Schwarzkopf' -> PRESENT_UNCLASSIFIED [-] (445)
[1934/2126] 'Bananarama' -> PRESENT_UNCLASSIFIED [-] (206)
[1935/2126] "Finneas O'Connell" -> PRESENT_UNCLASSIFIED [-] (135)
[1936/2126] 'Keith Moon' -> NONE
[1937/2126] 'Chavela Vargas' -> PRESENT_UNCLASSIFIED [-] (157)
[1938/2126] 'Faye Wong' -> PRESENT_UNCLASSIFIED [-] (91)
[1939/2126] 'Jeff Bergman' -> PRESENT_UNCLASSIFIED [-] (1)
[1940/2126] 'Maurice Gibb' -> PRESENT_UNCLASSIFIED [-] (21)
[1941/2126] 'Goo Hara' -> PRESENT_UNCLASSIFIED [-] (4)
[1942/2126] 'Robyn' -> PRESENT_UNCLASSIFIED [-] (210)
[1943/2126] 'Jonathan Groff' -> PRESENT_UNCLASSIFIED [-] (118)
[1944/2126] 'Gilbert Bécaud' -> PRESENT_UNCLASSIFIED [-] (156)
[1945/2126] 'Swedish House Mafia' -> PRESENT_UNCLASSIFIED [-] (200)
[1946/2126] 'Shaggy' -> PRESENT_UNCLASSIFIED [-] (411)
[1947/2126] 'Evgeny Kissin' -> PRESENT_UNCLASSIFIED [-] (188)
[1948/2126] 'Brian Cox' -> PRESENT_UNCLASSIFIED [-] (3)
[1949/2126] 'Cypress Hill' -> PRESENT_UNCLASSIFIED [-] (326)
[1950/2126] 'Napalm Death' -> PRESENT_UNCLASSIFIED [-] (304)
[1951/2126] 'Melanie' -> PRESENT_UNCLASSIFIED [-] (211)
[1952/2126] 'Alison Krauss' -> PRESENT_UNCLASSIFIED [-] (419)
[1953/2126] 'Diahann Carroll' -> PRESENT_UNCLASSIFIED [-] (174)
[1954/2126] 'Joel Grey' -> PRESENT_UNCLASSIFIED [-] (24)
[1955/2126] 'Georges Moustaki' -> PRESENT_UNCLASSIFIED [-] (151)
[1956/2126] 'André Previn' -> PRESENT_UNCLASSIFIED [-] (510)
[1957/2126] 'Emmylou Harris' -> PRESENT_UNCLASSIFIED [-] (559)
[1958/2126] 'Princess Stéphanie of Monaco' -> PRESENT_UNCLASSIFIED [-] (83)
[1959/2126] 'Mýa' -> PRESENT_UNCLASSIFIED [-] (276)
[1960/2126] 'Chaim Topol' -> PRESENT_UNCLASSIFIED [-] (15)
[1961/2126] 'Alejandro Sanz' -> PRESENT_UNCLASSIFIED [-] (238)
[1962/2126] 'The Script' -> PRESENT_UNCLASSIFIED [-] (202)
[1963/2126] 'Gianna Nannini' -> PRESENT_UNCLASSIFIED [-] (190)
[1964/2126] 'Donovan' -> PRESENT_UNCLASSIFIED [-] (225)
[1965/2126] 'Hera Björk' -> PRESENT_UNCLASSIFIED [-] (94)
[1966/2126] 'Creed' -> PRESENT_UNCLASSIFIED [-] (128)
[1967/2126] 'Keith Flint' -> PRESENT_UNCLASSIFIED [-] (4)
[1968/2126] 'Gina Gershon' -> PRESENT_UNCLASSIFIED [-] (2)
[1969/2126] 'Anitta' -> PRESENT_UNCLASSIFIED [-] (400)
[1970/2126] 'Lee Byung-hun' -> NONE
[1971/2126] 'Interpol' -> PRESENT_UNCLASSIFIED [-] (220)
[1972/2126] 'María Elena Walsh' -> PRESENT_UNCLASSIFIED [-] (181)
[1973/2126] 'La Toya Jackson' -> PRESENT_UNCLASSIFIED [-] (170)
[1974/2126] 'Dominic West' -> PRESENT_UNCLASSIFIED [-] (1)
[1975/2126] 'Lynda Carter' -> PRESENT_UNCLASSIFIED [-] (11)
[1976/2126] 'Alfred Schnittke' -> PRESENT_UNCLASSIFIED [-] (114)
[1977/2126] 'Rick Ross' -> PRESENT_UNCLASSIFIED [-] (865)
[1978/2126] 'John Dolmayan' -> PRESENT_UNCLASSIFIED [-] (11)
[1979/2126] 'Estelle Parsons' -> PRESENT_UNCLASSIFIED [-] (1)
[1980/2126] 'Jay Chou' -> PRESENT_UNCLASSIFIED [-] (241)
[1981/2126] 'Captain Beefheart' -> PRESENT_UNCLASSIFIED [-] (83)
[1982/2126] 'Roger Glover' -> PRESENT_UNCLASSIFIED [-] (41)
[1983/2126] 'Lindsey Stirling' -> PRESENT_UNCLASSIFIED [-] (242)
[1984/2126] 'Vakhtang Kikabidze' -> PRESENT_UNCLASSIFIED [-] (130)
[1985/2126] 'Jerome Kern' -> PRESENT_UNCLASSIFIED [-] (76)
[1986/2126] 'Jonathan Davis' -> PRESENT_UNCLASSIFIED [-] (73)
[1987/2126] 'Miyoshi Umeki' -> PRESENT_UNCLASSIFIED [-] (17)
[1988/2126] 'Dan Reynolds' -> PRESENT_UNCLASSIFIED [-] (4)
[1989/2126] 'Dee Bradley Baker' -> PRESENT_UNCLASSIFIED [-] (2)
[1990/2126] 'Boston' -> PRESENT_UNCLASSIFIED [-] (141)
[1991/2126] 'Farhan Akhtar' -> PRESENT_UNCLASSIFIED [-] (51)
[1992/2126] 'Deanna Durbin' -> PRESENT_UNCLASSIFIED [-] (129)
[1993/2126] 'Nino Manfredi' -> PRESENT_UNCLASSIFIED [-] (40)
[1994/2126] 'Angelo Badalamenti' -> PRESENT_UNCLASSIFIED [-] (177)
[1995/2126] 'Josh Gad' -> PRESENT_UNCLASSIFIED [-] (75)
[1996/2126] 'Bill Hader' -> PRESENT_UNCLASSIFIED [-] (1)
[1997/2126] 'Rambo Amadeus' -> PRESENT_UNCLASSIFIED [-] (181)
[1998/2126] 'Era Istrefi' -> PRESENT_UNCLASSIFIED [-] (76)
[1999/2126] 'Owl City' -> PRESENT_UNCLASSIFIED [-] (226)
[2000/2126] 'Mckenna Grace' -> PRESENT_UNCLASSIFIED [-] (46)
[2001/2126] 'Jane Krakowski' -> PRESENT_UNCLASSIFIED [-] (54)
[2002/2126] 'Fabrizio De André' -> PRESENT_UNCLASSIFIED [-] (270)
[2003/2126] 'Mary Elizabeth Mastrantonio' -> PRESENT_UNCLASSIFIED [-] (8)
[2004/2126] 'Sviatoslav Vakarchuk' -> PRESENT_UNCLASSIFIED [-] (39)
[2005/2126] 'Yasmina Reza' -> NONE
[2006/2126] 'Garrett Hedlund' -> PRESENT_UNCLASSIFIED [-] (14)
[2007/2126] 'Eduardo De Filippo' -> NONE
[2008/2126] 'Jack Albertson' -> PRESENT_UNCLASSIFIED [-] (3)
[2009/2126] 'Aya Nakamura' -> PRESENT_UNCLASSIFIED [-] (191)
[2010/2126] 'Yasiin Bey' -> NONE
[2011/2126] 'Yasiin Bey' -> PRESENT_UNCLASSIFIED [-] (273)
[2012/2126] 'Cristin Milioti' -> PRESENT_UNCLASSIFIED [-] (9)
[2013/2126] 'Mario Adorf' -> PRESENT_UNCLASSIFIED [-] (6)
[2014/2126] 'Lena Belkina' -> NONE
[2015/2126] 'Maurice LaMarche' -> NONE
[2016/2126] 'Captain Beefheart' -> PRESENT_UNCLASSIFIED [-] (83)
[2017/2126] 'Supertramp' -> PRESENT_UNCLASSIFIED [-] (175)
[2018/2126] 'Miyoshi Umeki' -> PRESENT_UNCLASSIFIED [-] (17)
[2019/2126] 'Vincent Gallo' -> PRESENT_UNCLASSIFIED [-] (12)
[2020/2126] 'UB40' -> PRESENT_UNCLASSIFIED [-] (283)
[2021/2126] 'Anahí' -> PRESENT_UNCLASSIFIED [-] (44)
[2022/2126] 'Sérgio Mendes' -> PRESENT_UNCLASSIFIED [-] (221)
[2023/2126] 'Röyksopp' -> PRESENT_UNCLASSIFIED [-] (257)
[2024/2126] 'Dr. Alban' -> PRESENT_UNCLASSIFIED [-] (167)
[2025/2126] 'Dinah Washington' -> PRESENT_UNCLASSIFIED [-] (341)
[2026/2126] 'Christine McVie' -> PRESENT_UNCLASSIFIED [-] (81)
[2027/2126] 'Incubus' -> PRESENT_UNCLASSIFIED [-] (247)
[2028/2126] 'Jürgen Prochnow' -> NONE
[2029/2126] 'LeAnn Rimes' -> PRESENT_UNCLASSIFIED [-] (326)
[2030/2126] 'Chris Wolstenholme' -> NONE
[2031/2126] 'apl.de.ap' -> PRESENT_UNCLASSIFIED [-] (19)
[2032/2126] 'Kool & The Gang' -> PRESENT_UNCLASSIFIED [-] (11)
[2033/2126] 'Chuck Schuldiner' -> NONE
[2034/2126] 'John Dowland' -> PRESENT_UNCLASSIFIED [-] (319)
[2035/2126] 'Type O Negative' -> PRESENT_UNCLASSIFIED [-] (160)
[2036/2126] 'Hans von Bülow' -> NONE
[2037/2126] 'Aly Michalka' -> PRESENT_UNCLASSIFIED [-] (1)
[2038/2126] 'Kristína Peláková' -> PRESENT_UNCLASSIFIED [-] (72)
[2039/2126] 'Taeyeon' -> PRESENT_UNCLASSIFIED [-] (155)
[2040/2126] 'Minatozaki Sana' -> PRESENT_UNCLASSIFIED [-] (80)
[2041/2126] 'Vladimir Ashkenazy' -> PRESENT_UNCLASSIFIED [-] (577)
[2042/2126] 'Sonny Bono' -> PRESENT_UNCLASSIFIED [-] (7)
[2043/2126] 'Aaron Carter' -> PRESENT_UNCLASSIFIED [-] (164)
[2044/2126] 'Tame Impala' -> PRESENT_UNCLASSIFIED [-] (186)
[2045/2126] 'Jack Johnson' -> PRESENT_UNCLASSIFIED [-] (237)
[2046/2126] 'Lambert Wilson' -> PRESENT_UNCLASSIFIED [-] (137)
[2047/2126] 'Kelly Osbourne' -> PRESENT_UNCLASSIFIED [-] (33)
[2048/2126] 'The Verve' -> PRESENT_UNCLASSIFIED [-] (164)
[2049/2126] 'Danielle Darrieux' -> PRESENT_UNCLASSIFIED [-] (152)
[2050/2126] 'Chico Buarque' -> PRESENT_UNCLASSIFIED [-] (345)
[2051/2126] 'Skillet' -> PRESENT_UNCLASSIFIED [-] (307)
[2052/2126] 'Bob Sinclar' -> PRESENT_UNCLASSIFIED [-] (288)
[2053/2126] 'Yeah Yeah Yeahs' -> PRESENT_UNCLASSIFIED [-] (169)
[2054/2126] 'Maite Perroni' -> PRESENT_UNCLASSIFIED [-] (193)
[2055/2126] 'Manic Street Preachers' -> PRESENT_UNCLASSIFIED [-] (278)
[2056/2126] 'Smokey Robinson' -> PRESENT_UNCLASSIFIED [-] (295)
[2057/2126] 'Namie Amuro' -> PRESENT_UNCLASSIFIED [-] (8)
[2058/2126] 'Ariana DeBose' -> PRESENT_UNCLASSIFIED [-] (62)
[2059/2126] 'Katrina and the Waves' -> PRESENT_UNCLASSIFIED [-] (1)
[2060/2126] 'Svetlana Loboda' -> PRESENT_UNCLASSIFIED [-] (207)
[2061/2126] 'Sara Montiel' -> PRESENT_UNCLASSIFIED [-] (168)
[2062/2126] 'Emmerich Kálmán' -> PRESENT_UNCLASSIFIED [-] (53)
[2063/2126] 'Bob Sinclar' -> PRESENT_UNCLASSIFIED [-] (288)
[2064/2126] 'Andrew Fletcher' -> NONE
[2065/2126] 'Tom Araya' -> NONE
[2066/2126] 'Chris Isaak' -> PRESENT_UNCLASSIFIED [-] (163)
[2067/2126] 'Simone Simons' -> PRESENT_UNCLASSIFIED [-] (28)
[2068/2126] 'Kygo' -> PRESENT_UNCLASSIFIED [-] (310)
[2069/2126] 'Michael Kamen' -> PRESENT_UNCLASSIFIED [-] (157)
[2070/2126] 'Anouk' -> PRESENT_UNCLASSIFIED [-] (188)
[2071/2126] 'Marina Vlady' -> NONE
[2072/2126] 'André Claveau' -> PRESENT_UNCLASSIFIED [-] (153)
[2073/2126] 'Kasabian' -> PRESENT_UNCLASSIFIED [-] (218)
[2074/2126] 'Katharine McPhee' -> PRESENT_UNCLASSIFIED [-] (134)
[2075/2126] 'I-dle' -> PRESENT_UNCLASSIFIED [-] (183)
[2076/2126] 'Duff McKagan' -> PRESENT_UNCLASSIFIED [-] (136)
[2077/2126] 'Solange Knowles' -> PRESENT_UNCLASSIFIED [-] (249)
[2078/2126] 'Peter Gallagher' -> PRESENT_UNCLASSIFIED [-] (47)
[2079/2126] 'Julian Lennon' -> PRESENT_UNCLASSIFIED [-] (156)
[2080/2126] 'Khatia Buniatishvili' -> PRESENT_UNCLASSIFIED [-] (111)
[2081/2126] 'Delta Goodrem' -> PRESENT_UNCLASSIFIED [-] (241)
[2082/2126] 'Deryck Whibley' -> PRESENT_UNCLASSIFIED [-] (1)
[2083/2126] 'Christina Milian' -> PRESENT_UNCLASSIFIED [-] (121)
[2084/2126] 'Azealia Banks' -> PRESENT_UNCLASSIFIED [-] (199)
[2085/2126] 'Jackson Wang' -> PRESENT_UNCLASSIFIED [-] (111)
[2086/2126] 'Jonny Greenwood' -> PRESENT_UNCLASSIFIED [-] (213)
[2087/2126] 'Skylar Grey' -> PRESENT_UNCLASSIFIED [-] (226)
[2088/2126] 'Lotte Lenya' -> PRESENT_UNCLASSIFIED [-] (166)
[2089/2126] 'China Anne McClain' -> PRESENT_UNCLASSIFIED [-] (59)
[2090/2126] 'Carl Perkins' -> PRESENT_UNCLASSIFIED [-] (197)
[2091/2126] 'Li Bingbing' -> PRESENT_UNCLASSIFIED [-] (12)
[2092/2126] '21 Savage' -> PRESENT_UNCLASSIFIED [-] (467)
[2093/2126] 'Dave Murray' -> NONE
[2094/2126] 'Xuxa' -> PRESENT_UNCLASSIFIED [-] (550)
[2095/2126] 'Michael Bolton' -> PRESENT_UNCLASSIFIED [-] (357)
[2096/2126] 'Robin Thicke' -> PRESENT_UNCLASSIFIED [-] (296)
[2097/2126] 'Sami Yusuf' -> PRESENT_UNCLASSIFIED [-] (178)
[2098/2126] 'Secret Garden' -> PRESENT_UNCLASSIFIED [-] (188)
[2099/2126] 'HammerFall' -> PRESENT_UNCLASSIFIED [-] (237)
[2100/2126] 'Percy Sledge' -> PRESENT_UNCLASSIFIED [-] (167)
[2101/2126] 'Niamh Kavanagh' -> PRESENT_UNCLASSIFIED [-] (7)
[2102/2126] 'John Adams' -> PRESENT_UNCLASSIFIED [-] (132)
[2103/2126] 'Chubby Checker' -> PRESENT_UNCLASSIFIED [-] (199)
[2104/2126] 'Divine' -> PRESENT_UNCLASSIFIED [-] (26)
[2105/2126] 'Mike Phiromphorn' -> PRESENT_UNCLASSIFIED [-] (155)
[2106/2126] 'Bella Poarch' -> PRESENT_UNCLASSIFIED [-] (33)
[2107/2126] 'Alex Borstein' -> NONE
[2108/2126] 'Inayat Khan' -> NONE
[2109/2126] 'Criss Angel' -> PRESENT_UNCLASSIFIED [-] (34)
[2110/2126] 'UB40' -> PRESENT_UNCLASSIFIED [-] (283)
[2111/2126] 'Tony Goldwyn' -> NONE
[2112/2126] 'Aygün Kazimova' -> PRESENT_UNCLASSIFIED [-] (348)
[2113/2126] 'Sandra Dee' -> NONE
[2114/2126] 'Peter Stormare' -> NONE
[2115/2126] 'John Cho' -> PRESENT_UNCLASSIFIED [-] (4)
[2116/2126] 'Rick Moranis' -> PRESENT_UNCLASSIFIED [-] (57)
[2117/2126] 'Patrice Chéreau' -> NONE
[2118/2126] 'Don McLean' -> PRESENT_UNCLASSIFIED [-] (272)
[2119/2126] 'Damiano David' -> PRESENT_UNCLASSIFIED [-] (2)
[2120/2126] 'Sandra Hüller' -> NONE
[2121/2126] 'Hiroyuki Sanada' -> NONE
[2122/2126] 'Gregory of Narek' -> NONE
[2123/2126] 'David Cassidy' -> PRESENT_UNCLASSIFIED [-] (166)
[2124/2126] 'Dinah Shore' -> PRESENT_UNCLASSIFIED [-] (238)
[2125/2126] 'Rodion Shchedrin' -> PRESENT_UNCLASSIFIED [-] (80)
[2126/2126] 'Eric Carmen' -> PRESENT_UNCLASSIFIED [-] (67)

Done [music]. USED_BY-flagged this run: 0.
NOTE: 4 dataset(s) still UNKNOWN in datasets_config.py -> those appearances show as PRESENT_UNCLASSIFIED: free-music-archive, laion-disco-12m, sleeping-disco-9m, spotify-tracks-dataset
