query_name,matched_name,creator_id,total_results,count__free-music-archive,count__laion-disco-12m,count__sleeping-disco-9m,count__spotify-tracks-dataset,present_datasets,used_by_datasets,used_by_companies,flag
Michael Jackson,Michael Jackson,f27ec8db-af05-4f36-916e-3d57f91ecf5e,622,0,158,449,15,laion-disco-12m;sleeping-disco-9m;spotify-tracks-dataset,,,DOWNLOADED_ONLY
Wolfgang Amadeus Mozart,Wolfgang Amadeus Mozart,b972f589-fb0e-474e-b64a-803b0364fa75,13061,0,12691,107,263,laion-disco-12m;sleeping-disco-9m;spotify-tracks-dataset,,,DOWNLOADED_ONLY
Charlie Chaplin,Charlie Chaplin,043eefc9-9d94-4d06-b6f3-93252fa52154,142,0,140,2,0,laion-disco-12m;sleeping-disco-9m,,,PRESENT
The Beatles,The Beatles,b10bbbfc-cf9e-42e0-be17-e2c3e1d2600d,759,0,268,341,150,laion-disco-12m;sleeping-disco-9m;spotify-tracks-dataset,,,DOWNLOADED_ONLY
Rabindranath Tagore,Rabindranath Tagore,13274b60-181b-431a-b049-b48560c58e2a,179,0,178,1,0,laion-disco-12m;sleeping-disco-9m,,,PRESENT
Marilyn Monroe,Marilyn Monroe,6e60deeb-a666-42c5-95cb-a5eada6bbbe5,205,0,185,20,0,laion-disco-12m;sleeping-disco-9m,,,PRESENT
Corbin Bleu,Corbin Bleu,393e3b99-a8dc-497c-81e7-f41f4fb49244,233,0,156,77,0,laion-disco-12m;sleeping-disco-9m,,,PRESENT
Basshunter,Basshunter,255e2420-5b02-452b-9771-0512ebe78090,263,0,139,124,0,laion-disco-12m;sleeping-disco-9m,,,PRESENT
Elvis Presley,Elvis Presley,01809552-4f87-45b0-afff-2c6f0730a3be,1042,0,371,586,85,laion-disco-12m;sleeping-disco-9m;spotify-tracks-dataset,,,DOWNLOADED_ONLY
Shakira,Shakira,bf24ca37-25f4-4e34-9aec-460b94364cfc,248,0,37,199,12,laion-disco-12m;sleeping-disco-9m;spotify-tracks-dataset,,,DOWNLOADED_ONLY
Frédéric Chopin,Frédéric Chopin,09ff1fe8-d61c-4b98-bb82-18487c74d7b7,7012,0,6842,153,17,laion-disco-12m;sleeping-disco-9m;spotify-tracks-dataset,,,DOWNLOADED_ONLY
Marlene Dietrich,Marlene Dietrich,191cba6a-b83f-49ca-883c-02b20c7a9dd5,196,0,170,26,0,laion-disco-12m;sleeping-disco-9m,,,PRESENT
Mother Teresa,,,0,,,,,,,,NONE
Lady Gaga,Lady Gaga,650e7db6-b795-4eb5-a702-5ea2fc46c848,527,0,162,337,28,laion-disco-12m;sleeping-disco-9m;spotify-tracks-dataset,,,DOWNLOADED_ONLY
The Carpenters,The Carpenters,4580d83b-093e-4241-91fb-2dd71f5f1f3f,237,0,138,99,0,laion-disco-12m;sleeping-disco-9m,,,PRESENT
Madonna,Madonna,79239441-bfd5-4981-a70c-55c3f15c1287,771,0,152,617,2,laion-disco-12m;sleeping-disco-9m;spotify-tracks-dataset,,,DOWNLOADED_ONLY
The Doors,The Doors,9efff43b-3b29-4082-824e-bc82f646f93d,194,0,122,44,28,laion-disco-12m;sleeping-disco-9m;spotify-tracks-dataset,,,DOWNLOADED_ONLY
Bob Dylan,Bob Dylan,72c536dc-7137-4477-a521-567eeb840fa8,725,1,245,474,5,free-music-archive;laion-disco-12m;sleeping-disco-9m;spotify-tracks-dataset,free-music-archive,Google;Stability AI,USED_BY
John Lennon,John Lennon,4d5447d7-c61c-4120-ba1b-d7f471d385b9,332,0,239,91,2,laion-disco-12m;sleeping-disco-9m;spotify-tracks-dataset,,,DOWNLOADED_ONLY
Pelé,Pelé,736ce674-b38c-4c81-bdee-4c586a01f9cc,19,0,18,1,0,laion-disco-12m;sleeping-disco-9m,,,PRESENT
Justin Bieber,Justin Bieber,e0140a67-e4d1-4f13-8a01-364355bee46e,506,0,175,283,48,laion-disco-12m;sleeping-disco-9m;spotify-tracks-dataset,,,DOWNLOADED_ONLY
Freddie Mercury,Freddie Mercury,022589ac-7177-460d-a178-9976cf70e29f,106,0,76,30,0,laion-disco-12m;sleeping-disco-9m,,,PRESENT
Freddie Mercury,Freddie Mercury,022589ac-7177-460d-a178-9976cf70e29f,106,0,76,30,0,laion-disco-12m;sleeping-disco-9m,,,PRESENT
Selena Gomez,Selena Gomez,e4bc69e2-a064-4f93-ada1-f7f209cc1cc3,452,0,159,264,29,laion-disco-12m;sleeping-disco-9m;spotify-tracks-dataset,,,DOWNLOADED_ONLY
Louis Armstrong,Louis Armstrong,eea8a864-fcda-4602-9569-38ab446decd6,1180,1,686,473,20,free-music-archive;laion-disco-12m;sleeping-disco-9m;spotify-tracks-dataset,free-music-archive,Google;Stability AI,USED_BY
Eminem,Eminem,b95ce3ff-3d05-4e87-9e01-c97b66af13d4,697,0,257,410,30,laion-disco-12m;sleeping-disco-9m;spotify-tracks-dataset,,,DOWNLOADED_ONLY
Taylor Swift,Taylor Swift,20244d07-534f-4eff-b4d4-930878889970,605,0,165,427,13,laion-disco-12m;sleeping-disco-9m;spotify-tracks-dataset,,,DOWNLOADED_ONLY
Beyoncé,Beyoncé,859d0860-d480-4efd-970c-c05d5f1776b8,688,0,184,501,3,laion-disco-12m;sleeping-disco-9m;spotify-tracks-dataset,,,DOWNLOADED_ONLY
Anna Netrebko,Anna Netrebko,90cba256-80b2-464f-9d58-a877a3757d3a,262,0,240,15,7,laion-disco-12m;sleeping-disco-9m;spotify-tracks-dataset,,,DOWNLOADED_ONLY
Omar Khayyám,,,0,,,,,,,,NONE
Bob Marley,Bob Marley,ed2ac1e9-d51d-4eff-a2c2-85e81abd6360,5,0,5,0,0,laion-disco-12m,,,PRESENT
ABBA,ABBA,d87e52c5-bb8d-4da8-b941-9f4928627dc8,334,0,148,154,32,laion-disco-12m;sleeping-disco-9m;spotify-tracks-dataset,,,DOWNLOADED_ONLY
Thomas Mann,,,0,,,,,,,,NONE
Robin Williams,Robin Williams,536e8e61-8040-40a1-8b35-a2c6996dc44f,59,0,47,12,0,laion-disco-12m;sleeping-disco-9m,,,PRESENT
Lana Del Rey,Lana Del Rey,b7539c32-53e7-4908-bda3-81449c367da6,497,0,186,298,13,laion-disco-12m;sleeping-disco-9m;spotify-tracks-dataset,,,DOWNLOADED_ONLY
Céline Dion,Céline Dion,847e8a0c-cc20-4213-9e16-975515c2a926,546,0,159,386,1,laion-disco-12m;sleeping-disco-9m;spotify-tracks-dataset,,,DOWNLOADED_ONLY
Woody Allen,Woody Allen,f7476fda-687e-4d11-a02e-cfb88558867d,2,0,0,2,0,sleeping-disco-9m,,,PRESENT
Rihanna,Rihanna,73e5e69d-3554-40d8-8516-00cb38737a1c,518,0,154,358,6,laion-disco-12m;sleeping-disco-9m;spotify-tracks-dataset,,,DOWNLOADED_ONLY
Scarlett Johansson,Scarlett Johansson,0cc5ed91-eba3-4a5d-8a69-7638e0bf6495,72,0,42,30,0,laion-disco-12m;sleeping-disco-9m,,,PRESENT
Bertolt Brecht,Bertolt Brecht,95fb3a0c-fc74-4f51-acba-bbe5b3a78e32,4,0,3,1,0,laion-disco-12m;sleeping-disco-9m,,,PRESENT
Judy Garland,Judy Garland,b9348d59-b91b-423f-847b-8db155a0653b,400,0,325,74,1,laion-disco-12m;sleeping-disco-9m;spotify-tracks-dataset,,,DOWNLOADED_ONLY
Brigitte Bardot,Brigitte Bardot,efbdded5-ab91-4bb7-ba57-f36d7413eb70,165,0,134,31,0,laion-disco-12m;sleeping-disco-9m,,,PRESENT
Hebe Camargo,Hebe Camargo,efe04173-9993-41d3-9cb3-d6a49e4f1159,93,0,93,0,0,laion-disco-12m,,,PRESENT
Anggun,Anggun,c2543756-c98c-452e-b536-60f2ca877046,318,0,134,183,1,laion-disco-12m;sleeping-disco-9m;spotify-tracks-dataset,,,DOWNLOADED_ONLY
Jim Morrison,Jim Morrison,c6619f89-5454-4e2d-aa19-b5596ba3b4c6,40,0,33,3,4,laion-disco-12m;sleeping-disco-9m;spotify-tracks-dataset,,,DOWNLOADED_ONLY
Paul McCartney,Paul McCartney,ba550d0e-adac-4864-b88b-407cab5e76af,530,0,299,229,2,laion-disco-12m;sleeping-disco-9m;spotify-tracks-dataset,,,DOWNLOADED_ONLY
Agnez Mo,Agnez Mo,fefae7fc-2c9d-4a45-b84c-2875a68ac803,150,0,78,72,0,laion-disco-12m;sleeping-disco-9m,,,PRESENT
Johnny Depp,Johnny Depp,49654ec9-0c4d-44a6-a909-580ee9fbabb7,95,0,72,23,0,laion-disco-12m;sleeping-disco-9m,,,PRESENT
Édith Piaf,Édith Piaf,4f8ef4a3-40fa-46b5-8773-97686a8424f4,232,0,166,65,1,laion-disco-12m;sleeping-disco-9m;spotify-tracks-dataset,,,DOWNLOADED_ONLY
Audrey Hepburn,Audrey Hepburn,7ddb6325-7022-4d30-a585-78a8eab631ab,48,0,45,3,0,laion-disco-12m;sleeping-disco-9m,,,PRESENT
Britney Spears,Britney Spears,45a663b5-b1cb-4a91-bff6-2bef7bbfdd76,498,0,148,344,6,laion-disco-12m;sleeping-disco-9m;spotify-tracks-dataset,,,DOWNLOADED_ONLY
Maya Angelou,Maya Angelou,80ce4e18-92ca-4079-b07c-11ac454b7755,2,0,1,1,0,laion-disco-12m;sleeping-disco-9m,,,PRESENT
Lordi,Lordi,b5b4ba6e-6e34-4669-a33b-0d813b4c3d83,279,0,146,114,19,laion-disco-12m;sleeping-disco-9m;spotify-tracks-dataset,,,DOWNLOADED_ONLY
Federico García Lorca,Federico García Lorca,3e2efdb0-cd07-40e2-a39f-277c670e1d72,20,0,17,3,0,laion-disco-12m;sleeping-disco-9m,,,PRESENT
Romain Rolland,,,0,,,,,,,,NONE
Ariana Grande,Ariana Grande,f4fdbb4c-e4b7-47a0-b83b-d91bbfcfa387,504,0,181,305,18,laion-disco-12m;sleeping-disco-9m;spotify-tracks-dataset,,,DOWNLOADED_ONLY
Miley Cyrus,Miley Cyrus,7e9bd05a-117f-4cce-87bc-e011527a8b18,402,0,159,240,3,laion-disco-12m;sleeping-disco-9m;spotify-tracks-dataset,,,DOWNLOADED_ONLY
Avril Lavigne,Avril Lavigne,0103c1cc-4a09-4a5d-a344-56ad99a77193,296,0,145,151,0,laion-disco-12m;sleeping-disco-9m,,,PRESENT
Alain Delon,Alain Delon,632c69c8-404e-4062-8871-6acfe05c70db,10,0,9,1,0,laion-disco-12m;sleeping-disco-9m,,,PRESENT
The Rolling Stones,The Rolling Stones,b071f9fa-14b0-4217-8e97-eb41da73f598,659,0,158,463,38,laion-disco-12m;sleeping-disco-9m;spotify-tracks-dataset,,,DOWNLOADED_ONLY
Jennifer Lopez,Jennifer Lopez,f0602f55-1770-483d-89bd-4bae0d0ac086,467,0,160,302,5,laion-disco-12m;sleeping-disco-9m;spotify-tracks-dataset,,,DOWNLOADED_ONLY
Shah Rukh Khan,Shah Rukh Khan,8f9536d0-7be2-4c64-b6a4-ef73bb1c3876,23,0,22,1,0,laion-disco-12m;sleeping-disco-9m,,,PRESENT
David Bowie,David Bowie,5441c29d-3602-4898-b1a1-b77fa23b8e50,578,0,182,395,1,laion-disco-12m;sleeping-disco-9m;spotify-tracks-dataset,,,DOWNLOADED_ONLY
Swami Vivekananda,,,0,,,,,,,,NONE
Whitney Houston,Whitney Houston,0307edfc-437c-4b48-8700-80680e66a228,439,0,155,283,1,laion-disco-12m;sleeping-disco-9m;spotify-tracks-dataset,,,DOWNLOADED_ONLY
Adele,Adele,cc2c9c3c-b7bc-4b8b-84d8-4fbd8779e493,187,0,73,70,44,laion-disco-12m;sleeping-disco-9m;spotify-tracks-dataset,,,DOWNLOADED_ONLY
Nero,Nero,31fdd5b3-4947-49d0-bb06-4b1ec7267a58,5,0,5,0,0,laion-disco-12m,,,PRESENT
Frank Sinatra,Frank Sinatra,197450cd-0124-4164-b723-3c22dd16494d,1396,0,829,566,1,laion-disco-12m;sleeping-disco-9m;spotify-tracks-dataset,,,DOWNLOADED_ONLY
Tom Hanks,Tom Hanks,065d44ce-48cf-4b1c-85ad-555d0345ba6e,19,0,12,7,0,laion-disco-12m;sleeping-disco-9m,,,PRESENT
Clint Eastwood,Clint Eastwood,dc5dc215-bb90-4579-a13a-3a564b265546,107,0,99,8,0,laion-disco-12m;sleeping-disco-9m,,,PRESENT
Will Smith,Will Smith,5bae7081-64ef-4473-825a-38d310deb14c,307,0,189,117,1,laion-disco-12m;sleeping-disco-9m;spotify-tracks-dataset,,,DOWNLOADED_ONLY
Katy Perry,Katy Perry,122d63fc-8671-43e4-9752-34e846d62a9c,382,0,139,223,20,laion-disco-12m;sleeping-disco-9m;spotify-tracks-dataset,,,DOWNLOADED_ONLY
Kate Winslet,Kate Winslet,ceb05831-03e8-4605-904d-894ee0492d00,3,0,0,3,0,sleeping-disco-9m,,,PRESENT
Charlotte Rampling,,,0,,,,,,,,NONE
Jimi Hendrix,Jimi Hendrix,06fb1c8b-566e-4cb2-985b-b467c90781d4,163,0,75,74,14,laion-disco-12m;sleeping-disco-9m;spotify-tracks-dataset,,,DOWNLOADED_ONLY
Tupac Shakur,Tupac Shakur,382f1005-e9ab-4684-afd4-0bdae4ee37f2,693,0,206,470,17,laion-disco-12m;sleeping-disco-9m;spotify-tracks-dataset,,,DOWNLOADED_ONLY
Tupac Shakur,Tupac Shakur,0QhGH0GJkrrfNIYmVY7BVi,1,0,1,0,0,laion-disco-12m,,,PRESENT
Tupac Shakur,Tupac Shakur,e263a1d8-8228-4ede-9e17-7acf8470165a,5,0,0,2,3,sleeping-disco-9m;spotify-tracks-dataset,,,DOWNLOADED_ONLY
Nicole Kidman,Nicole Kidman,08d9ce40-ebd2-4d81-894c-84655e3f851a,38,0,23,15,0,laion-disco-12m;sleeping-disco-9m,,,PRESENT
Demi Lovato,Demi Lovato,faf4cefb-036c-4c88-b93a-5b03dd0a0e6b,395,0,163,212,20,laion-disco-12m;sleeping-disco-9m;spotify-tracks-dataset,,,DOWNLOADED_ONLY
Leonard Cohen,Leonard Cohen,65314b12-0e08-43fa-ba33-baaa7b874c15,345,0,160,183,2,laion-disco-12m;sleeping-disco-9m;spotify-tracks-dataset,,,DOWNLOADED_ONLY
Metallica,Metallica,65f4f0c5-ef9e-490c-aee3-909e7ae6b2ab,494,0,174,292,28,laion-disco-12m;sleeping-disco-9m;spotify-tracks-dataset,,,DOWNLOADED_ONLY
Sophia Loren,Sophia Loren,c9956945-54dc-450c-97ea-d024bfca2e34,155,0,147,8,0,laion-disco-12m;sleeping-disco-9m,,,PRESENT
Valery Leontiev,Valery Leontiev,0d1e04f4-ddb6-4b66-8b0b-7f3b66f34d6e,1,0,1,0,0,laion-disco-12m,,,PRESENT
Amy Winehouse,Amy Winehouse,dfe9a7c4-8cf2-47f4-9dcb-d233c2b86ec3,261,0,148,100,13,laion-disco-12m;sleeping-disco-9m;spotify-tracks-dataset,,,DOWNLOADED_ONLY
Gwyneth Paltrow,Gwyneth Paltrow,dc71c08e-3ee5-409d-ae0d-f4fd9050e170,22,0,11,8,3,laion-disco-12m;sleeping-disco-9m;spotify-tracks-dataset,,,DOWNLOADED_ONLY
Steven Seagal,Steven Seagal,ab57a164-f30f-4aa5-8687-22abdbaeee44,59,0,38,21,0,laion-disco-12m;sleeping-disco-9m,,,PRESENT
Kurt Cobain,Kurt Cobain,3c9b356d-d1db-4f4e-a7a3-2d00c1d70255,42,0,31,6,5,laion-disco-12m;sleeping-disco-9m;spotify-tracks-dataset,,,DOWNLOADED_ONLY
Jeremy Renner,Jeremy Renner,ebcda1a2-7e50-4afb-a200-18f59c3af924,47,0,30,17,0,laion-disco-12m;sleeping-disco-9m,,,PRESENT
Russell Crowe,Russell Crowe,b7c738aa-cda3-45e2-9d0e-33687ab864e5,80,0,49,31,0,laion-disco-12m;sleeping-disco-9m,,,PRESENT
George Harrison,George Harrison,42a8f507-8412-4611-854f-926571049fa0,262,0,154,107,1,laion-disco-12m;sleeping-disco-9m;spotify-tracks-dataset,,,DOWNLOADED_ONLY
Tom Cruise,Tom Cruise,05701f26-2083-41fa-9549-22ef7714b0c3,7,0,1,6,0,laion-disco-12m;sleeping-disco-9m,,,PRESENT
Franz Liszt,Franz Liszt,2cd475bb-1abd-40c4-9904-6d4b691c752c,2339,0,2294,35,10,laion-disco-12m;sleeping-disco-9m;spotify-tracks-dataset,,,DOWNLOADED_ONLY
Mariah Carey,Mariah Carey,494e8d09-f85b-4543-892f-a5096aed1cd4,695,0,171,523,1,laion-disco-12m;sleeping-disco-9m;spotify-tracks-dataset,,,DOWNLOADED_ONLY
Amitabh Bachchan,Amitabh Bachchan,54d0baf3-1511-4c91-8042-becf6573807e,99,0,95,4,0,laion-disco-12m;sleeping-disco-9m,,,PRESENT
Andrew Garfield,Andrew Garfield,4f47f771-3680-40c6-9bc9-3d627200975e,27,0,9,10,8,laion-disco-12m;sleeping-disco-9m;spotify-tracks-dataset,,,DOWNLOADED_ONLY
Stefan Zweig,,,0,,,,,,,,NONE
Keanu Reeves,,,0,,,,,,,,NONE
Selena,Selena,03746227-c9f9-4b3b-b2c6-9b31f79564f7,247,0,118,123,6,laion-disco-12m;sleeping-disco-9m;spotify-tracks-dataset,,,DOWNLOADED_ONLY
Kylie Minogue,Kylie Minogue,2fddb92d-24b2-46a5-bf28-3aed46f4684c,1127,0,182,940,5,laion-disco-12m;sleeping-disco-9m;spotify-tracks-dataset,,,DOWNLOADED_ONLY
Bing Crosby,Bing Crosby,2437980f-513a-44fc-80f1-b90d9d7fcf8f,832,0,622,210,0,laion-disco-12m;sleeping-disco-9m,,,PRESENT
Ingrid Bergman,Ingrid Bergman,669c349d-ba44-48e8-8649-2fc8d1769eaf,1,0,1,0,0,laion-disco-12m,,,PRESENT
Felix Mendelssohn,Felix Mendelssohn,0e85eb79-1c05-44ba-827c-7b259a3d941a,2020,0,1960,55,5,laion-disco-12m;sleeping-disco-9m;spotify-tracks-dataset,,,DOWNLOADED_ONLY
Billie Eilish,Billie Eilish,f4abc0b5-3f7a-4eff-8f78-ac078dbce533,282,0,80,172,30,laion-disco-12m;sleeping-disco-9m;spotify-tracks-dataset,,,DOWNLOADED_ONLY
Jane Fonda,,,0,,,,,,,,NONE
Albert Schweitzer,,,0,,,,,,,,NONE
Led Zeppelin,Led Zeppelin,678d88b2-87b0-403b-b63d-5da7465aecc3,255,0,162,72,21,laion-disco-12m;sleeping-disco-9m;spotify-tracks-dataset,,,DOWNLOADED_ONLY
Cher,Cher,bfcc6d75-a6a5-4bc6-8282-47aec8531818,393,0,145,248,0,laion-disco-12m;sleeping-disco-9m,,,PRESENT
Linkin Park,Linkin Park,f59c5520-5f46-4d2c-b2c4-822eabf53419,439,0,148,187,104,laion-disco-12m;sleeping-disco-9m;spotify-tracks-dataset,,,DOWNLOADED_ONLY
John Travolta,John Travolta,94f4c61e-5cf3-4cba-ab3e-9bd5be99f6ab,96,0,55,41,0,laion-disco-12m;sleeping-disco-9m,,,PRESENT
Elton John,Elton John,b83bc61f-8451-4a5d-8b8e-7e9ed295e822,579,0,225,310,44,laion-disco-12m;sleeping-disco-9m;spotify-tracks-dataset,,,DOWNLOADED_ONLY
Grace Kelly,Grace Kelly,3ac772ad-4fd2-4546-ad7b-48c76e8847f1,2,0,2,0,0,laion-disco-12m,,,PRESENT
Johnny Cash,Johnny Cash,d43d12a1-2dc9-4257-a2fd-0a3bb1081b86,971,0,485,484,2,laion-disco-12m;sleeping-disco-9m;spotify-tracks-dataset,,,DOWNLOADED_ONLY
Vladimir Vysotsky,Vladimir Vysotsky,ebe42a0b-6a6f-4eb6-b436-5c0f351d96f3,131,0,131,0,0,laion-disco-12m,,,PRESENT
Giovanni Pierluigi da Palestrina,Giovanni Pierluigi da Palestrina,4daeb526-6c4c-4f77-bdf5-4a0fcb714bfe,264,0,244,20,0,laion-disco-12m;sleeping-disco-9m,,,PRESENT
Lila Downs,Lila Downs,ad29ae1c-2eda-4071-9dc8-31910e7e546c,240,0,174,66,0,laion-disco-12m;sleeping-disco-9m,,,PRESENT
U2,U2,a3cb23fc-acd3-4ce0-8f36-1e5aa6a18432,474,0,209,265,0,laion-disco-12m;sleeping-disco-9m,,,PRESENT
Aretha Franklin,Aretha Franklin,2f9ecbed-27be-40e6-abca-6de49d50299e,510,0,157,345,8,laion-disco-12m;sleeping-disco-9m;spotify-tracks-dataset,,,DOWNLOADED_ONLY
Taylor Lautner,Taylor Lautner,ed4806cc-d3f9-4d39-924a-117ea0983fbd,1,0,0,1,0,sleeping-disco-9m,,,PRESENT
Enya,Enya,4967c0a1-b9f3-465e-8440-4598fd9fc33c,215,0,135,80,0,laion-disco-12m;sleeping-disco-9m,,,PRESENT
Franz Beckenbauer,Franz Beckenbauer,c6b90a93-4bcd-4916-ba81-7ca3a3d940d0,4,0,0,4,0,sleeping-disco-9m,,,PRESENT
Nirvana,Nirvana,5b11f4ce-a62d-471e-81fc-a69a8278c7da,383,0,179,154,50,laion-disco-12m;sleeping-disco-9m;spotify-tracks-dataset,,,DOWNLOADED_ONLY
Nicki Minaj,Nicki Minaj,1036b808-f58c-4a3e-b461-a2c4492ecf1b,613,0,242,354,17,laion-disco-12m;sleeping-disco-9m;spotify-tracks-dataset,,,DOWNLOADED_ONLY
William Herschel,William Herschel,07c4274b-e217-4652-b50f-eb398c3fc9d4,15,0,15,0,0,laion-disco-12m,,,PRESENT
Matt Damon,Matt Damon,7388f0b9-26e4-45da-b42a-419d059285ec,2,0,1,1,0,laion-disco-12m;sleeping-disco-9m,,,PRESENT
Ronaldinho,Ronaldinho,e058316e-13d3-44d7-a97e-4699af434bad,6,0,5,1,0,laion-disco-12m;sleeping-disco-9m,,,PRESENT
Daniel Radcliffe,Daniel Radcliffe,f269fb17-9431-4925-84a4-e4d5c99f290d,37,0,0,36,1,sleeping-disco-9m;spotify-tracks-dataset,,,DOWNLOADED_ONLY
Orson Welles,Orson Welles,cc98a7f6-1c7f-436b-b7f8-60ef310edd52,1,0,1,0,0,laion-disco-12m,,,PRESENT
Mae West,Mae West,9cde9e3a-e8af-4659-9c59-bdbf96acb558,1,0,1,0,0,laion-disco-12m,,,PRESENT
Christopher Lee,Christopher Lee,547038ef-aaef-43db-86fe-29bf25c05712,74,0,57,17,0,laion-disco-12m;sleeping-disco-9m,,,PRESENT
50 Cent,50 Cent,8e68819d-71be-4e7d-b41d-f1df81b01d3f,457,0,181,271,5,laion-disco-12m;sleeping-disco-9m;spotify-tracks-dataset,,,DOWNLOADED_ONLY
Robert Downey Jr.,Robert Downey Jr.,49e26070-0937-4178-a549-6bbe3c36f282,28,0,14,14,0,laion-disco-12m;sleeping-disco-9m,,,PRESENT
Prince,Prince,070d193a-845c-479f-980e-bef15710653e,762,0,188,573,1,laion-disco-12m;sleeping-disco-9m;spotify-tracks-dataset,,,DOWNLOADED_ONLY
Justin Timberlake,Justin Timberlake,596ffa74-3d08-44ef-b113-765d43d12738,376,0,161,208,7,laion-disco-12m;sleeping-disco-9m;spotify-tracks-dataset,,,DOWNLOADED_ONLY
Helmut Schmidt,,,0,,,,,,,,NONE
Prince,Prince,d651d80e-6137-4440-81da-fff5a27a79c4,1,0,1,0,0,laion-disco-12m,,,PRESENT
Prince,Prince,d90f9497-deac-4ce3-9cd2-e2c4f4d345db,1,0,1,0,0,laion-disco-12m,,,PRESENT
Dan Brown,Dan Brown,6yGJF6jxyfhp4evcVfN8ub,24,0,24,0,0,laion-disco-12m,,,PRESENT
Tina Turner,Tina Turner,9072df14-b61e-42e2-b4f4-6bbb7fdb5586,539,0,346,186,7,laion-disco-12m;sleeping-disco-9m;spotify-tracks-dataset,,,DOWNLOADED_ONLY
Frank Zappa,Frank Zappa,e20747e7-55a4-452e-8766-7b985585082d,597,0,228,366,3,laion-disco-12m;sleeping-disco-9m;spotify-tracks-dataset,,,DOWNLOADED_ONLY
Kanye West,Kanye West,164f0d73-1234-4e2c-8743-d77bf2191051,801,0,226,569,6,laion-disco-12m;sleeping-disco-9m;spotify-tracks-dataset,,,DOWNLOADED_ONLY
Paris Hilton,Paris Hilton,0d9ff9c7-394e-4228-93aa-c4afd4765324,127,0,74,52,1,laion-disco-12m;sleeping-disco-9m;spotify-tracks-dataset,,,DOWNLOADED_ONLY
Carrie Fisher,Carrie Fisher,04fb59cd-c27e-4fda-a280-2ce6f2a75d1a,1,0,0,1,0,sleeping-disco-9m,,,PRESENT
Umm Kulthum,Umm Kulthum,0a354a70-b879-4697-ad9b-60bfe2bd1d63,141,0,141,0,0,laion-disco-12m,,,PRESENT
Kevin Costner,Kevin Costner,e1866900-717b-4606-b9ae-16f01f7272b0,97,0,71,26,0,laion-disco-12m;sleeping-disco-9m,,,PRESENT
Iron Maiden,Iron Maiden,ca891d65-d9b0-4258-89f7-e6ba29d83767,342,0,148,178,16,laion-disco-12m;sleeping-disco-9m;spotify-tracks-dataset,,,DOWNLOADED_ONLY
Eddie Murphy,Eddie Murphy,98744f0b-20fc-4bb2-9ac4-e2041058911f,109,0,75,34,0,laion-disco-12m;sleeping-disco-9m,,,PRESENT
Barbra Streisand,Barbra Streisand,56cd15a1-0d74-438b-8244-c96ffe1cae03,427,0,151,273,3,laion-disco-12m;sleeping-disco-9m;spotify-tracks-dataset,,,DOWNLOADED_ONLY
Björk,Björk,87c5dedd-371d-4a53-9f7f-80522fb7f3cb,599,0,187,411,1,laion-disco-12m;sleeping-disco-9m;spotify-tracks-dataset,,,DOWNLOADED_ONLY
Alla Pugacheva,Alla Pugacheva,2f745f25-7681-4c44-b713-34d37a307575,150,0,150,0,0,laion-disco-12m,,,PRESENT
Priyanka Chopra,Priyanka Chopra,34d61873-7bdd-4dd8-91d4-9ae585b4622b,16,0,4,12,0,laion-disco-12m;sleeping-disco-9m,,,PRESENT
Ursula K. Le Guin,,,0,,,,,,,,NONE
Nightwish,Nightwish,00a9f935-ba93-4fc8-a33a-993abe9c936b,318,0,146,143,29,laion-disco-12m;sleeping-disco-9m;spotify-tracks-dataset,,,DOWNLOADED_ONLY
Bette Davis,Bette Davis,c340b14b-f290-4354-8736-16271d67a378,39,0,36,3,0,laion-disco-12m;sleeping-disco-9m,,,PRESENT
Bruce Springsteen,Bruce Springsteen,70248960-cb53-4ea4-943a-edb18f7d336f,472,0,175,294,3,laion-disco-12m;sleeping-disco-9m;spotify-tracks-dataset,,,DOWNLOADED_ONLY
Harper Lee,,,0,,,,,,,,NONE
Julianne Moore,Julianne Moore,39e8c8a6-72b0-4a3e-b1c0-3114f20d67c7,3,0,0,3,0,sleeping-disco-9m,,,PRESENT
Ozzy Osbourne,Ozzy Osbourne,8aa5b65a-5b3c-4029-92bf-47a544356934,305,0,154,141,10,laion-disco-12m;sleeping-disco-9m;spotify-tracks-dataset,,,DOWNLOADED_ONLY
Anastacia,Anastacia,d3b2bec4-b70e-460e-b433-a865ceac2de8,290,0,186,104,0,laion-disco-12m;sleeping-disco-9m,,,PRESENT
Eva Perón,,,0,,,,,,,,NONE
Dolly Parton,Dolly Parton,1d543e07-d0d2-4834-a8db-d65c50c2a856,785,0,260,515,10,laion-disco-12m;sleeping-disco-9m;spotify-tracks-dataset,,,DOWNLOADED_ONLY
Noemi,Noemi,bee5be2b-0c22-45ee-817d-b744ea6aa6d3,177,0,123,54,0,laion-disco-12m;sleeping-disco-9m,,,PRESENT
Salma Hayek,Salma Hayek,e43110c3-6f41-4ba3-9c22-1f90b1792193,5,0,1,4,0,laion-disco-12m;sleeping-disco-9m,,,PRESENT
Ray Charles,Ray Charles,2ce02909-598b-44ef-a456-151ba0a3bd70,453,0,229,216,8,laion-disco-12m;sleeping-disco-9m;spotify-tracks-dataset,,,DOWNLOADED_ONLY
David Lynch,David Lynch,752d58e6-d33f-4dcd-b40c-37acc14242f2,127,0,77,50,0,laion-disco-12m;sleeping-disco-9m,,,PRESENT
Whoopi Goldberg,Whoopi Goldberg,de0e8b7e-02f0-4824-a35a-b3d1eea9d91e,9,0,1,8,0,laion-disco-12m;sleeping-disco-9m,,,PRESENT
Salman Khan,Salman Khan,a6589aaa-d200-4883-8307-b8f7776041ab,53,0,38,9,6,laion-disco-12m;sleeping-disco-9m;spotify-tracks-dataset,,,DOWNLOADED_ONLY
Bruno Mars,Bruno Mars,afb680f2-b6eb-4cd7-a70b-a63b25c763d5,174,0,85,70,19,laion-disco-12m;sleeping-disco-9m;spotify-tracks-dataset,,,DOWNLOADED_ONLY
Christopher Plummer,Christopher Plummer,c0e9f10f-f668-46af-bc14-e0f7d0e2a1fc,5,0,4,1,0,laion-disco-12m;sleeping-disco-9m,,,PRESENT
Rita Hayworth,Rita Hayworth,eae4e657-1944-482e-b0cf-204ab47d22d6,92,0,89,3,0,laion-disco-12m;sleeping-disco-9m,,,PRESENT
Pierce Brosnan,Pierce Brosnan,36b9a5da-8213-457a-aeaa-25fbdbafe8a6,11,0,8,3,0,laion-disco-12m;sleeping-disco-9m,,,PRESENT
Coldplay,Coldplay,cc197bad-dc9c-440d-a5b5-d52ba2e14234,414,0,156,248,10,laion-disco-12m;sleeping-disco-9m;spotify-tracks-dataset,,,DOWNLOADED_ONLY
Béla Bartók,Béla Bartók,fd14da1b-3c2d-4cc8-9ca6-fc8c62ce6988,1018,0,1003,15,0,laion-disco-12m;sleeping-disco-9m,,,PRESENT
Janet Jackson,Janet Jackson,6be2828f-6c0d-4059-99d4-fa18acf1a296,511,0,153,357,1,laion-disco-12m;sleeping-disco-9m;spotify-tracks-dataset,,,DOWNLOADED_ONLY
George Michael,George Michael,ccb8f30e-4d71-40c4-8b1d-846dafe73e2c,214,0,142,72,0,laion-disco-12m;sleeping-disco-9m,,,PRESENT
Marjorie Estiano,Marjorie Estiano,b1900042-2890-4e33-a2d1-89eb6c209459,84,0,51,33,0,laion-disco-12m;sleeping-disco-9m,,,PRESENT
AC/DC,AC/DC,66c662b6-6e2f-4930-8610-912e24c63ed1,366,0,190,151,25,laion-disco-12m;sleeping-disco-9m;spotify-tracks-dataset,,,DOWNLOADED_ONLY
Red Hot Chili Peppers,Red Hot Chili Peppers,8bfac288-ccc5-448d-9573-c33ea2aa5c30,421,0,149,238,34,laion-disco-12m;sleeping-disco-9m;spotify-tracks-dataset,,,DOWNLOADED_ONLY
Aamir Khan,Aamir Khan,de7ca725-2555-422d-9751-09ca9651e347,25,0,19,3,3,laion-disco-12m;sleeping-disco-9m;spotify-tracks-dataset,,,DOWNLOADED_ONLY
One Direction,One Direction,1a425bbd-cca4-4b2c-aeb7-71cb176c828a,262,0,123,134,5,laion-disco-12m;sleeping-disco-9m;spotify-tracks-dataset,,,DOWNLOADED_ONLY
Gillian Anderson,Gillian Anderson,1MANROYUAqKF9H6kRezrHi,2,0,0,2,0,sleeping-disco-9m,,,PRESENT
Catherine Zeta-Jones,Catherine Zeta-Jones,6f1e0374-8f41-402f-9d1c-4d04e14e26e1,38,0,22,15,1,laion-disco-12m;sleeping-disco-9m;spotify-tracks-dataset,,,DOWNLOADED_ONLY
Peter O'Toole,,,0,,,,,,,,NONE
Joan Baez,Joan Baez,92d37892-6186-4459-9cc1-f0dde57652d0,347,0,168,179,0,laion-disco-12m;sleeping-disco-9m,,,PRESENT
Layal Abboud,Layal Abboud,4d89d6d8-96ed-49a1-933e-f862e215d584,37,0,32,5,0,laion-disco-12m;sleeping-disco-9m,,,PRESENT
Lauren Bacall,Lauren Bacall,483a825d-1657-4037-bd94-2591940d5327,19,0,3,16,0,laion-disco-12m;sleeping-disco-9m,,,PRESENT
Fred Astaire,Fred Astaire,3ae3fa20-d295-467c-b59f-969376a28470,389,0,357,32,0,laion-disco-12m;sleeping-disco-9m,,,PRESENT
Kirk Douglas,Kirk Douglas,ade1dabe-417f-4d8f-9a1f-33812421c944,1,0,0,1,0,sleeping-disco-9m,,,PRESENT
Gérard Depardieu,Gérard Depardieu,9f3808f3-2f93-4564-8050-33e9b773fbc3,4,0,0,4,0,sleeping-disco-9m,,,PRESENT
Gene Wilder,Gene Wilder,e594bbfb-bda6-4a40-bc91-db64ace07ecf,7,0,2,5,0,laion-disco-12m;sleeping-disco-9m,,,PRESENT
Michelle Pfeiffer,Michelle Pfeiffer,96e34437-e139-4ccd-b300-d18c705ddc3c,15,0,8,7,0,laion-disco-12m;sleeping-disco-9m,,,PRESENT
Doris Day,Doris Day,3db5dfb1-1b91-4038-8268-ae04d15b6a3e,587,0,391,191,5,laion-disco-12m;sleeping-disco-9m;spotify-tracks-dataset,,,DOWNLOADED_ONLY
Sidney Poitier,Sidney Poitier,d35b2f55-2f3d-47eb-b179-4248e0c96d74,20,0,20,0,0,laion-disco-12m,,,PRESENT
Ella Fitzgerald,Ella Fitzgerald,54799c0e-eb45-4eea-996d-c4d71a63c499,989,0,593,364,32,laion-disco-12m;sleeping-disco-9m;spotify-tracks-dataset,,,DOWNLOADED_ONLY
Eric Clapton,Eric Clapton,618b6900-0618-4f1e-b835-bccb17f84294,622,1,257,353,11,free-music-archive;laion-disco-12m;sleeping-disco-9m;spotify-tracks-dataset,free-music-archive,Google;Stability AI,USED_BY
James Brown,James Brown,20ff3303-4fe2-4a47-a1b6-291e26aa3438,735,0,206,517,12,laion-disco-12m;sleeping-disco-9m;spotify-tracks-dataset,,,DOWNLOADED_ONLY
Drew Barrymore,Drew Barrymore,00e1bc64-21b0-4ab4-ba13-8e87e6da9b23,1,0,1,0,0,laion-disco-12m,,,PRESENT
Miles Davis,Miles Davis,561d854a-6a28-4aa7-8c99-323e6ce46c2a,974,0,719,253,2,laion-disco-12m;sleeping-disco-9m;spotify-tracks-dataset,,,DOWNLOADED_ONLY
Mick Jagger,Mick Jagger,b5ffc3aa-b868-4b88-905f-d73d51dbe51c,178,0,117,61,0,laion-disco-12m;sleeping-disco-9m,,,PRESENT
John Goodman,John Goodman,4fcafd02-bb53-470d-a4d6-b043c46dd319,21,0,14,7,0,laion-disco-12m;sleeping-disco-9m,,,PRESENT
Winona Ryder,Winona Ryder,81fbaa16-9a5d-4391-bc25-6b66b16a2d3f,1,0,0,1,0,sleeping-disco-9m,,,PRESENT
Mark Wahlberg,Mark Wahlberg,7201bb47-82ce-471e-b520-4551ec84e8c7,23,0,11,12,0,laion-disco-12m;sleeping-disco-9m,,,PRESENT
John Goodman,John Goodman,4fcafd02-bb53-470d-a4d6-b043c46dd319,21,0,14,7,0,laion-disco-12m;sleeping-disco-9m,,,PRESENT
Hedy Lamarr,,,0,,,,,,,,NONE
Julie Andrews,Julie Andrews,16bdc7b3-6bfc-4f1c-89ad-d0756af40327,302,0,236,55,11,laion-disco-12m;sleeping-disco-9m;spotify-tracks-dataset,,,DOWNLOADED_ONLY
Milla Jovovich,Milla Jovovich,39f96cb8-fe7e-499f-820c-676267b617e6,35,0,11,24,0,laion-disco-12m;sleeping-disco-9m,,,PRESENT
Zendaya,Zendaya,5b946a83-b395-4016-b67f-c71690f9a866,98,0,50,42,6,laion-disco-12m;sleeping-disco-9m;spotify-tracks-dataset,,,DOWNLOADED_ONLY
IShowSpeed,IShowSpeed,d7defc5c-2869-40f0-9d56-2a0292aaeba5,46,0,16,26,4,laion-disco-12m;sleeping-disco-9m;spotify-tracks-dataset,,,DOWNLOADED_ONLY
Charles Aznavour,Charles Aznavour,5f264b87-d5f6-487d-aa3e-ae4c5f0c6fc9,492,0,197,295,0,laion-disco-12m;sleeping-disco-9m,,,PRESENT
Liam Neeson,Liam Neeson,40b9df23-21eb-4a9d-8859-def8577edacb,14,0,13,1,0,laion-disco-12m;sleeping-disco-9m,,,PRESENT
Stevie Wonder,Stevie Wonder,1ee18fb3-18a6-4c7f-8ba0-bc41cdd0462e,508,0,178,312,18,laion-disco-12m;sleeping-disco-9m;spotify-tracks-dataset,,,DOWNLOADED_ONLY
Stevie Wonder,Stevie Wonder,1ee18fb3-18a6-4c7f-8ba0-bc41cdd0462e,508,0,178,312,18,laion-disco-12m;sleeping-disco-9m;spotify-tracks-dataset,,,DOWNLOADED_ONLY
Stevie Wonder,Stevie Wonder,1ee18fb3-18a6-4c7f-8ba0-bc41cdd0462e,508,0,178,312,18,laion-disco-12m;sleeping-disco-9m;spotify-tracks-dataset,,,DOWNLOADED_ONLY
Amy Adams,Amy Adams,fa295ceb-f727-4387-ac01-0ebacb47090a,35,0,21,12,2,laion-disco-12m;sleeping-disco-9m;spotify-tracks-dataset,,,DOWNLOADED_ONLY
Natalia Oreiro,Natalia Oreiro,bf67a751-bce5-4f7a-8d68-e4b5a678fae3,35,0,5,30,0,laion-disco-12m;sleeping-disco-9m,,,PRESENT
Snoop Dogg,Snoop Dogg,f90e8b26-9e52-4669-a5c9-e28529c47894,1227,0,432,763,32,laion-disco-12m;sleeping-disco-9m;spotify-tracks-dataset,,,DOWNLOADED_ONLY
Alicia Keys,Alicia Keys,8ef1df30-ae4f-4dbd-9351-1a32b208a01e,508,0,161,341,6,laion-disco-12m;sleeping-disco-9m;spotify-tracks-dataset,,,DOWNLOADED_ONLY
Victoria Beckham,Victoria Beckham,ce8dbfe4-3ce7-41e9-9bb3-13e35c053318,30,0,15,15,0,laion-disco-12m;sleeping-disco-9m,,,PRESENT
Yoko Ono,Yoko Ono,b0b33754-a664-43b7-ba00-be0dc4ec2396,227,1,181,44,1,free-music-archive;laion-disco-12m;sleeping-disco-9m;spotify-tracks-dataset,free-music-archive,Google;Stability AI,USED_BY
Psy,Psy,f99b7d67-4e63-4678-aa66-4c6ac0f7d24a,187,0,140,44,3,laion-disco-12m;sleeping-disco-9m;spotify-tracks-dataset,,,DOWNLOADED_ONLY
Miriam Makeba,Miriam Makeba,bc5c2918-4aba-4ef6-a245-100563a4487f,194,0,167,27,0,laion-disco-12m;sleeping-disco-9m,,,PRESENT
Chester Bennington,Chester Bennington,415e30a0-116b-4a4f-8cbf-8d0f6406bbab,51,0,25,26,0,laion-disco-12m;sleeping-disco-9m,,,PRESENT
Snoop Dogg,Snoop Dogg,960db060-0ba8-4f6c-9770-49b81dc6e5ea,27,0,9,18,0,laion-disco-12m;sleeping-disco-9m,,,PRESENT
Ichirō Mizuki,Ichirō Mizuki,f9615cbd-026a-4e30-80c8-2fd0d89e76ff,2,0,2,0,0,laion-disco-12m,,,PRESENT
Snoop Dogg,Snoop Dogg,965f5705-6eb1-49a1-b312-cd3d65bcc7c9,3,0,3,0,0,laion-disco-12m,,,PRESENT
Charles Manson,Charles Manson,db3d7002-d9e8-4803-82c4-d85dad3f29bb,135,16,116,3,0,free-music-archive;laion-disco-12m;sleeping-disco-9m,free-music-archive,Google;Stability AI,USED_BY
Ravi Shankar,Ravi Shankar,697f8b9f-0454-40f2-bba2-58f35668cdbe,141,0,135,6,0,laion-disco-12m;sleeping-disco-9m,,,PRESENT
Josephine Baker,Josephine Baker,549dc0da-d165-4bff-839e-dca65cf51c0c,170,0,150,20,0,laion-disco-12m;sleeping-disco-9m,,,PRESENT
Shirley MacLaine,Shirley MacLaine,64e68085-19fe-4f0b-b024-249dee58d349,6,0,0,6,0,sleeping-disco-9m,,,PRESENT
Sting,Sting,7944ed53-2a58-4035-9b93-140a71e41c34,448,0,207,237,4,laion-disco-12m;sleeping-disco-9m;spotify-tracks-dataset,,,DOWNLOADED_ONLY
Emmy Rossum,Emmy Rossum,bc598b29-d213-4c1b-8157-0fd8b1b0d534,72,0,41,19,12,laion-disco-12m;sleeping-disco-9m;spotify-tracks-dataset,,,DOWNLOADED_ONLY
Marilyn Manson,Marilyn Manson,80cadd99-f560-41e3-babd-16292bbd248a,387,0,151,203,33,laion-disco-12m;sleeping-disco-9m;spotify-tracks-dataset,,,DOWNLOADED_ONLY
Sting,Sting,7944ed53-2a58-4035-9b93-140a71e41c34,448,0,207,237,4,laion-disco-12m;sleeping-disco-9m;spotify-tracks-dataset,,,DOWNLOADED_ONLY
Judi Dench,Judi Dench,a69f5a73-e016-4069-989d-8c093ec63ec5,80,0,74,6,0,laion-disco-12m;sleeping-disco-9m,,,PRESENT
Andrea Bocelli,Andrea Bocelli,c5a0a216-c33c-42dc-92b8-4b60236f8dad,564,0,360,135,69,laion-disco-12m;sleeping-disco-9m;spotify-tracks-dataset,,,DOWNLOADED_ONLY
Chuck Berry,Chuck Berry,592a3b6d-c42b-4567-99c9-ecf63bd66499,228,0,128,87,13,laion-disco-12m;sleeping-disco-9m;spotify-tracks-dataset,,,DOWNLOADED_ONLY
30 Seconds to Mars,30 Seconds to Mars,d8354b38-e942-4c89-ba93-29323432abc3,205,0,105,78,22,laion-disco-12m;sleeping-disco-9m;spotify-tracks-dataset,,,DOWNLOADED_ONLY
Alia Bhatt,Alia Bhatt,f0733296-1526-4641-858b-131d884d79a0,9,0,8,1,0,laion-disco-12m;sleeping-disco-9m,,,PRESENT
Zac Efron,Zac Efron,b25c6c3f-3861-4687-be1d-3c8d238cfb34,65,0,38,24,3,laion-disco-12m;sleeping-disco-9m;spotify-tracks-dataset,,,DOWNLOADED_ONLY
Pierre-Augustin de Beaumarchais,,,0,,,,,,,,NONE
John Cena,John Cena,9c88daa5-29f1-45bf-8a70-8dce6365a054,49,0,27,22,0,laion-disco-12m;sleeping-disco-9m,,,PRESENT
Pedro Almodóvar,,,0,,,,,,,,NONE
Enrique Iglesias,Enrique Iglesias,35f866dc-c061-48ba-8157-cf2e0eac4857,347,0,139,189,19,laion-disco-12m;sleeping-disco-9m;spotify-tracks-dataset,,,DOWNLOADED_ONLY
Allen Ginsberg,Allen Ginsberg,8fc551bc-0c60-43fd-a234-2776561c2b18,44,0,23,21,0,laion-disco-12m;sleeping-disco-9m,,,PRESENT
Shirley Temple,Shirley Temple,ca6e3c7f-2224-4927-96be-dd5e62f54b8e,86,0,67,19,0,laion-disco-12m;sleeping-disco-9m,,,PRESENT
Ennio Morricone,Ennio Morricone,a16e47f5-aa54-47fe-87e4-bb8af91a9fdd,425,0,390,35,0,laion-disco-12m;sleeping-disco-9m,,,PRESENT
Robert Pattinson,Robert Pattinson,28f87490-205b-4187-970b-cd48881f5225,7,0,0,7,0,sleeping-disco-9m,,,PRESENT
Guns N' Roses,Guns N' Roses,eeb1195b-f213-4ce1-b28c-8565211f8e43,336,0,144,171,21,laion-disco-12m;sleeping-disco-9m;spotify-tracks-dataset,,,DOWNLOADED_ONLY
Lindsay Lohan,Lindsay Lohan,63b43c69-b822-4268-bdad-bcde12531f50,78,0,42,36,0,laion-disco-12m;sleeping-disco-9m,,,PRESENT
Duran Duran,Duran Duran,1a1cd7f3-e5df-4eca-bae2-2757c9e656b5,347,0,145,183,19,laion-disco-12m;sleeping-disco-9m;spotify-tracks-dataset,,,DOWNLOADED_ONLY
Adam Sandler,Adam Sandler,dfc6d0b8-3d0b-4b33-9b3f-dff972e25594,175,0,149,25,1,laion-disco-12m;sleeping-disco-9m;spotify-tracks-dataset,,,DOWNLOADED_ONLY
Alan Rickman,Alan Rickman,4ae3e8c0-b0f1-44b7-adf1-f0d425c07d55,8,0,4,4,0,laion-disco-12m;sleeping-disco-9m,,,PRESENT
Laurence Olivier,,,0,,,,,,,,NONE
Charlton Heston,Charlton Heston,1e183ac2-1573-4d8a-91a2-bd94290dc215,83,0,81,2,0,laion-disco-12m;sleeping-disco-9m,,,PRESENT
Joaquin Phoenix,Joaquin Phoenix,b378f0e6-9612-45a1-866a-679cbc631b22,29,0,11,18,0,laion-disco-12m;sleeping-disco-9m,,,PRESENT
The Who,The Who,9fdaa16b-a6c4-4831-b87c-bc9ca8ce7eaa,274,0,141,123,10,laion-disco-12m;sleeping-disco-9m;spotify-tracks-dataset,,,DOWNLOADED_ONLY
Rammstein,Rammstein,b2d122f9-eadb-4930-a196-8f221eeb0c66,434,0,142,221,71,laion-disco-12m;sleeping-disco-9m;spotify-tracks-dataset,,,DOWNLOADED_ONLY
Robbie Williams,Robbie Williams,db4624cf-0e44-481e-a9dc-2142b833ec2f,417,0,172,245,0,laion-disco-12m;sleeping-disco-9m,,,PRESENT
Catherine Deneuve,Catherine Deneuve,9aa6af80-f210-44f4-a376-6f7f6e02df24,22,0,15,7,0,laion-disco-12m;sleeping-disco-9m,,,PRESENT
Bedřich Smetana,Bedřich Smetana,6eb5695e-cf7b-4b94-b441-a09901127ef9,408,0,387,21,0,laion-disco-12m;sleeping-disco-9m,,,PRESENT
Thomas Young,Thomas Young,75167b8b-44e4-407b-9d35-effe87b223cf,645,0,297,346,2,laion-disco-12m;sleeping-disco-9m;spotify-tracks-dataset,,,DOWNLOADED_ONLY
Bryan Adams,Bryan Adams,4dbf5678-7a31-406a-abbe-232f8ac2cd63,278,0,156,103,19,laion-disco-12m;sleeping-disco-9m;spotify-tracks-dataset,,,DOWNLOADED_ONLY
Bono,Bono,7f347782-eb14-40c3-98e2-17b6e1bfe56c,70,0,41,26,3,laion-disco-12m;sleeping-disco-9m;spotify-tracks-dataset,,,DOWNLOADED_ONLY
Ryan Gosling,Ryan Gosling,a992d757-1207-499c-8be9-6537da8db2a8,22,0,9,13,0,laion-disco-12m;sleeping-disco-9m,,,PRESENT
Isabelle Adjani,Isabelle Adjani,b7e9b00d-328e-4be1-b145-5ff372eba522,50,0,39,11,0,laion-disco-12m;sleeping-disco-9m,,,PRESENT
Kim Basinger,,,0,,,,,,,,NONE
Peter Sellers,Peter Sellers,697e5756-139e-47cd-9a0b-de819557bc13,47,0,35,12,0,laion-disco-12m;sleeping-disco-9m,,,PRESENT
Alexander Borodin,Alexander Borodin,560b5e65-8d53-41b4-9913-83368f4721a0,213,0,212,1,0,laion-disco-12m;sleeping-disco-9m,,,PRESENT
Richard Strauss,Richard Strauss,4cb43d82-824e-4034-b03d-1a98f36f6e16,1215,0,1159,56,0,laion-disco-12m;sleeping-disco-9m,,,PRESENT
Norodom Sihanouk,,,0,,,,,,,,NONE
Ian McKellen,Ian McKellen,d347cdd8-6c14-4102-a635-0a8ef92dca05,19,0,12,5,2,laion-disco-12m;sleeping-disco-9m;spotify-tracks-dataset,,,DOWNLOADED_ONLY
Sally Field,,,0,,,,,,,,NONE
Kevin Spacey,Kevin Spacey,1f7134d9-2c91-4ccd-8ada-ae7b32f896e6,22,0,2,20,0,laion-disco-12m;sleeping-disco-9m,,,PRESENT
James Cagney,James Cagney,be42eb3b-d984-4619-a3ad-90abcf9ad423,10,0,1,9,0,laion-disco-12m;sleeping-disco-9m,,,PRESENT
Alexander Borodin,Alexander Borodin,560b5e65-8d53-41b4-9913-83368f4721a0,213,0,212,1,0,laion-disco-12m;sleeping-disco-9m,,,PRESENT
Radiohead,Radiohead,a74b1b7f-71a5-4011-9441-d0b5e4122711,293,0,147,135,11,laion-disco-12m;sleeping-disco-9m;spotify-tracks-dataset,,,DOWNLOADED_ONLY
Phil Collins,Phil Collins,401c3991-b76b-499d-8082-9f2df958ef78,236,0,148,88,0,laion-disco-12m;sleeping-disco-9m,,,PRESENT
Hilary Duff,Hilary Duff,bfaf9b70-d1fd-4d3e-b730-3e67e6f8f9bb,220,0,105,115,0,laion-disco-12m;sleeping-disco-9m,,,PRESENT
Brian May,Brian May,6d24f102-5c43-453a-8664-4ee092f441cf,172,0,136,34,2,laion-disco-12m;sleeping-disco-9m;spotify-tracks-dataset,,,DOWNLOADED_ONLY
Jennifer Connelly,Jennifer Connelly,cf4badcf-6325-45b8-94b7-f80cb6a7d96a,3,0,1,2,0,laion-disco-12m;sleeping-disco-9m,,,PRESENT
Nelly Furtado,Nelly Furtado,13655113-cd16-4b43-9dca-cadbbf26ee05,315,0,152,155,8,laion-disco-12m;sleeping-disco-9m;spotify-tracks-dataset,,,DOWNLOADED_ONLY
Billie Holiday,Billie Holiday,d59c4cda-11d9-48db-8bfe-b557ee602aed,770,0,507,258,5,laion-disco-12m;sleeping-disco-9m;spotify-tracks-dataset,,,DOWNLOADED_ONLY
Drake,Drake,9fff2f8a-21e6-47de-a2b8-7f449929d43f,811,0,232,562,17,laion-disco-12m;sleeping-disco-9m;spotify-tracks-dataset,,,DOWNLOADED_ONLY
R. Kelly,R. Kelly,c2d25856-a09a-4d15-b404-77dd19c19e63,437,0,180,256,1,laion-disco-12m;sleeping-disco-9m;spotify-tracks-dataset,,,DOWNLOADED_ONLY
James Hetfield,James Hetfield,68c34082-c1d5-4399-af9b-3921ca0a6a1f,1,0,1,0,0,laion-disco-12m,,,PRESENT
Billie Holiday,Billie Holiday,d59c4cda-11d9-48db-8bfe-b557ee602aed,770,0,507,258,5,laion-disco-12m;sleeping-disco-9m;spotify-tracks-dataset,,,DOWNLOADED_ONLY
Jolin Tsai,Jolin Tsai,3033ce2b-2fb2-408e-8c5a-aea48592d7bc,165,0,147,5,13,laion-disco-12m;sleeping-disco-9m;spotify-tracks-dataset,,,DOWNLOADED_ONLY
Modest Petrovich Mussorgsky,Modest Petrovich Mussorgsky,c1380b12-3909-47d8-a5fd-d20e76123310,626,0,624,2,0,laion-disco-12m;sleeping-disco-9m,,,PRESENT
Pink,Pink,f4d5cc07-3bc9-4836-9b15-88a08359bc63,352,0,157,194,1,laion-disco-12m;sleeping-disco-9m;spotify-tracks-dataset,,,DOWNLOADED_ONLY
Cillian Murphy,Cillian Murphy,59a0c216-6fad-40a7-bf1d-20d4ce4a19ed,2,0,0,2,0,sleeping-disco-9m,,,PRESENT
Hans Zimmer,Hans Zimmer,e6de1f3b-6484-491c-88dd-6d619f142abc,1272,0,576,544,152,laion-disco-12m;sleeping-disco-9m;spotify-tracks-dataset,,,DOWNLOADED_ONLY
Avicii,Avicii,e127363c-1cbb-41de-8e7d-627a2382dfce,14,0,11,2,1,laion-disco-12m;sleeping-disco-9m;spotify-tracks-dataset,,,DOWNLOADED_ONLY
Avicii,Avicii,c85cfd6b-b1e9-4a50-bd55-eb725f04f7d5,365,0,159,181,25,laion-disco-12m;sleeping-disco-9m;spotify-tracks-dataset,,,DOWNLOADED_ONLY
Ewan McGregor,Ewan McGregor,adc133fb-279c-4011-af61-d40132d7bb80,39,0,22,15,2,laion-disco-12m;sleeping-disco-9m;spotify-tracks-dataset,,,DOWNLOADED_ONLY
Mike Myers,Mike Myers,1e50603f-15ba-455b-bd56-50da7b4d433b,4,0,1,3,0,laion-disco-12m;sleeping-disco-9m,,,PRESENT
Akon,Akon,1138a764-2212-4d0a-b02d-0dc14df91e08,454,0,222,212,20,laion-disco-12m;sleeping-disco-9m;spotify-tracks-dataset,,,DOWNLOADED_ONLY
Brie Larson,Brie Larson,443f4ba1-06d4-4def-9be4-2a3cf8f90a88,41,0,18,23,0,laion-disco-12m;sleeping-disco-9m,,,PRESENT
Carlos Alazraqui,Carlos Alazraqui,21c1650e-3838-43f9-b9ad-652c958781ea,4,0,1,3,0,laion-disco-12m;sleeping-disco-9m,,,PRESENT
Ava Gardner,Ava Gardner,77c40993-83a7-4b60-878a-3416156e8b01,6,0,6,0,0,laion-disco-12m,,,PRESENT
Jeremy Irons,Jeremy Irons,349ab9cc-3062-430e-9561-d73d0e10e08a,66,0,64,2,0,laion-disco-12m;sleeping-disco-9m,,,PRESENT
Colette,Colette,ab459cff-7bdc-4b7d-bf1a-9e48613c033e,26,0,13,13,0,laion-disco-12m;sleeping-disco-9m,,,PRESENT
Roberto Benigni,Roberto Benigni,e6f52968-44ea-49dc-9494-fc1ea2272683,16,0,15,1,0,laion-disco-12m;sleeping-disco-9m,,,PRESENT
Ian McShane,Ian McShane,6c751242-3350-4ee4-b300-4f5be84a09bc,5,0,4,1,0,laion-disco-12m;sleeping-disco-9m,,,PRESENT
Danny DeVito,Danny DeVito,6c7e64f5-2b5b-4708-9c56-d0e03cda2579,27,0,23,4,0,laion-disco-12m;sleeping-disco-9m,,,PRESENT
Duke Ellington,Duke Ellington,3af06bc4-68ad-4cae-bb7a-7eeeb45e411f,706,0,417,287,2,laion-disco-12m;sleeping-disco-9m;spotify-tracks-dataset,,,DOWNLOADED_ONLY
John de Lancie,,,0,,,,,,,,NONE
Peter Ustinov,Peter Ustinov,d1d9b600-8b8e-4cec-932e-c119d2708191,7,0,7,0,0,laion-disco-12m,,,PRESENT
Julio Iglesias,Julio Iglesias,3be4099e-f180-4038-af84-ae18a09eab02,217,0,161,54,2,laion-disco-12m;sleeping-disco-9m;spotify-tracks-dataset,,,DOWNLOADED_ONLY
Jared Leto,Jared Leto,5ec4fe5f-c89a-47d1-a9b7-58344b401527,1,0,1,0,0,laion-disco-12m,,,PRESENT
Kiss,Kiss,e1f1e33e-2e4c-4d43-b91b-7064068d3283,338,0,148,180,10,laion-disco-12m;sleeping-disco-9m;spotify-tracks-dataset,,,DOWNLOADED_ONLY
Joe Cocker,Joe Cocker,32f2d6bd-c22b-42cf-a7bc-0c4b48cd2bcb,314,0,131,177,6,laion-disco-12m;sleeping-disco-9m;spotify-tracks-dataset,,,DOWNLOADED_ONLY
Diana Ross,Diana Ross,60d41417-feda-4734-bbbf-7dcc30e08a83,415,0,161,249,5,laion-disco-12m;sleeping-disco-9m;spotify-tracks-dataset,,,DOWNLOADED_ONLY
Montserrat Caballé,Montserrat Caballé,a96e61bc-1da0-45d0-816d-ebd00b70ff9d,280,0,254,13,13,laion-disco-12m;sleeping-disco-9m;spotify-tracks-dataset,,,DOWNLOADED_ONLY
Rosé,Rosé,7f233cda-eacb-4235-b681-5f7be343a1a2,73,0,55,13,5,laion-disco-12m;sleeping-disco-9m;spotify-tracks-dataset,,,DOWNLOADED_ONLY
Idris Elba,Idris Elba,b3c7c6d6-5907-45a8-b589-1ec2572be4fd,240,0,181,54,5,laion-disco-12m;sleeping-disco-9m;spotify-tracks-dataset,,,DOWNLOADED_ONLY
Kate Hudson,Kate Hudson,890e316b-b3c0-4e75-97ce-025545c8be64,36,0,18,17,1,laion-disco-12m;sleeping-disco-9m;spotify-tracks-dataset,,,DOWNLOADED_ONLY
Bon Jovi,Bon Jovi,5dcdb5eb-cb72-4e6e-9e63-b7bace604965,295,0,130,149,16,laion-disco-12m;sleeping-disco-9m;spotify-tracks-dataset,,,DOWNLOADED_ONLY
Jerry Lewis,Jerry Lewis,0b696251-6f12-42e1-9302-926581ea5e08,143,0,133,10,0,laion-disco-12m;sleeping-disco-9m,,,PRESENT
Pete Seeger,Pete Seeger,af18a9bc-e4ab-4068-9489-b64e8186fcf1,319,0,224,95,0,laion-disco-12m;sleeping-disco-9m,,,PRESENT
Joshua Bassett,Joshua Bassett,cd3b292f-86bf-4f34-b938-da79242582d9,120,0,63,57,0,laion-disco-12m;sleeping-disco-9m,,,PRESENT
Richard Burton,Richard Burton,1684adc5-882b-42f2-bd26-bd33cefe0640,63,0,57,6,0,laion-disco-12m;sleeping-disco-9m,,,PRESENT
Ben Kingsley,Ben Kingsley,2ec3fe28-3180-4265-aee4-bc752e1b3846,4,0,3,1,0,laion-disco-12m;sleeping-disco-9m,,,PRESENT
Bill Murray,Bill Murray,2c63ab97-9552-4916-b4d2-c2ac11a2a51e,1,0,0,1,0,sleeping-disco-9m,,,PRESENT
Elijah Wood,Elijah Wood,a4910c87-4b63-4f97-b711-da21bc13aedd,1,0,1,0,0,laion-disco-12m,,,PRESENT
Kelly Clarkson,Kelly Clarkson,d339efbb-77b9-4147-ba9e-59f2f24550b2,399,0,163,235,1,laion-disco-12m;sleeping-disco-9m;spotify-tracks-dataset,,,DOWNLOADED_ONLY
Kristen Bell,Kristen Bell,ac579536-1398-44db-a37b-9d5963a46929,122,0,79,30,13,laion-disco-12m;sleeping-disco-9m;spotify-tracks-dataset,,,DOWNLOADED_ONLY
Gene Kelly,Gene Kelly,aaff7c7e-5793-4fa7-9a7c-9af3b45e8132,231,0,206,25,0,laion-disco-12m;sleeping-disco-9m,,,PRESENT
Paul Allen,Paul Allen,5VpUJ2Hm4NOktjClDtkbgx,3,0,3,0,0,laion-disco-12m,,,PRESENT
Dakota Fanning,Dakota Fanning,64c93106-62a9-4861-88d4-85cc06f0cd51,2,0,0,2,0,sleeping-disco-9m,,,PRESENT
Claudio Monteverdi,Claudio Monteverdi,9a33a7ad-f725-473a-b50a-1d1796183af1,515,0,460,55,0,laion-disco-12m;sleeping-disco-9m,,,PRESENT
Debbie Reynolds,Debbie Reynolds,d0cd6a06-dc19-4fa8-9664-0d96534ef1db,228,0,205,23,0,laion-disco-12m;sleeping-disco-9m,,,PRESENT
Adriano Celentano,Adriano Celentano,d2b50525-1111-4906-aab6-4553f035f679,359,0,152,207,0,laion-disco-12m;sleeping-disco-9m,,,PRESENT
Cardi B,Cardi B,2f3c4d70-0462-40da-bba3-0aec5772c556,249,0,118,119,12,laion-disco-12m;sleeping-disco-9m;spotify-tracks-dataset,,,DOWNLOADED_ONLY
Jean Gabin,Jean Gabin,18ed52aa-e44b-40f8-bd54-92464c35e8e5,86,0,82,4,0,laion-disco-12m;sleeping-disco-9m,,,PRESENT
Lata Mangeshkar,Lata Mangeshkar,aeb71bd8-447d-4415-8ea1-2b7d664f67e1,1707,0,1512,172,23,laion-disco-12m;sleeping-disco-9m;spotify-tracks-dataset,,,DOWNLOADED_ONLY
Bill Cosby,Bill Cosby,0646d80c-7ee1-46e9-a169-2979dee41bc6,9,0,0,9,0,sleeping-disco-9m,,,PRESENT
Jeff Bridges,Jeff Bridges,bc4e546e-8604-4724-9d6b-bbec6a5b5ff7,58,0,43,15,0,laion-disco-12m;sleeping-disco-9m,,,PRESENT
Ice Cube,Ice Cube,1d11e2a1-4531-4d61-a8c7-7b5c6a608fd2,424,0,164,252,8,laion-disco-12m;sleeping-disco-9m;spotify-tracks-dataset,,,DOWNLOADED_ONLY
Colin Firth,Colin Firth,c1103860-4a31-4dc8-bcee-f56aafda600a,8,0,6,2,0,laion-disco-12m;sleeping-disco-9m,,,PRESENT
Lisa Gerrard,Lisa Gerrard,cd645207-1664-46af-9953-264e9ae54089,286,0,245,24,17,laion-disco-12m;sleeping-disco-9m;spotify-tracks-dataset,,,DOWNLOADED_ONLY
Anthony Quinn,Anthony Quinn,af95d4d6-8d2c-48f5-83fc-8469919825e2,8,0,8,0,0,laion-disco-12m,,,PRESENT
Courtney Love,Courtney Love,31d2041c-985d-48f7-b6e2-2a70cdf14853,60,0,41,19,0,laion-disco-12m;sleeping-disco-9m,,,PRESENT
Goldie Hawn,Goldie Hawn,feff0ea8-2ccb-4971-9833-39a9427e60d4,12,0,0,12,0,sleeping-disco-9m,,,PRESENT
Kesha,Kesha,fab34286-b8e1-4879-bce3-194e1358fbd2,319,0,148,170,1,laion-disco-12m;sleeping-disco-9m;spotify-tracks-dataset,,,DOWNLOADED_ONLY
Aerosmith,Aerosmith,3d2b98e5-556f-4451-a3ff-c50ea18d57cb,298,0,173,110,15,laion-disco-12m;sleeping-disco-9m;spotify-tracks-dataset,,,DOWNLOADED_ONLY
Viggo Mortensen,Viggo Mortensen,44b3288f-c16f-430d-81dd-545cf3d2963f,4,0,0,4,0,sleeping-disco-9m,,,PRESENT
Naomi Campbell,Naomi Campbell,e24c9413-49b6-4d4b-9e31-cf07d02a9782,11,0,1,10,0,laion-disco-12m;sleeping-disco-9m,,,PRESENT
Vanessa Hudgens,Vanessa Hudgens,9da7ed18-20fa-4279-88c8-94299728236d,148,0,90,51,7,laion-disco-12m;sleeping-disco-9m;spotify-tracks-dataset,,,DOWNLOADED_ONLY
Nina Simone,Nina Simone,2944824d-4c26-476f-a981-be849081942f,359,0,147,203,9,laion-disco-12m;sleeping-disco-9m;spotify-tracks-dataset,,,DOWNLOADED_ONLY
Shaquille O'Neal,Shaquille O'Neal,074d8126-20b8-47cd-b874-9d8457df7684,150,0,87,61,2,laion-disco-12m;sleeping-disco-9m;spotify-tracks-dataset,,,DOWNLOADED_ONLY
Shaquille O'Neal,Shaquille O'Neal,1e6f48fc-6a0a-4ded-afd0-3bc809812d36,22,0,15,5,2,laion-disco-12m;sleeping-disco-9m;spotify-tracks-dataset,,,DOWNLOADED_ONLY
Frank Gehry,,,0,,,,,,,,NONE
John Glenn,John Glenn,88fbbf77-38bd-4a67-9795-1785bc2dcc48,2,0,2,0,0,laion-disco-12m,,,PRESENT
John Cale,John Cale,72c090b6-a68e-4cb9-b330-85278681a714,296,0,156,140,0,laion-disco-12m;sleeping-disco-9m,,,PRESENT
Richard Simmons,,,0,,,,,,,,NONE
Pumpuang Duangjan,Pumpuang Duangjan,6b3c73bc-813c-4164-893f-abb477e15ef2,107,0,107,0,0,laion-disco-12m,,,PRESENT
Harry Styles,Harry Styles,7eb1ce54-a355-41f9-8d68-e018b096d427,111,0,44,65,2,laion-disco-12m;sleeping-disco-9m;spotify-tracks-dataset,,,DOWNLOADED_ONLY
Viktor Tsoi,Viktor Tsoi,7da030e4-3b08-4e29-b497-344d809589fd,6,0,6,0,0,laion-disco-12m,,,PRESENT
Dire Straits,Dire Straits,614e3804-7d34-41ba-857f-811bad7c2b7a,189,0,123,65,1,laion-disco-12m;sleeping-disco-9m;spotify-tracks-dataset,,,DOWNLOADED_ONLY
Conchita Wurst,Conchita Wurst,95f44a54-04d6-41a1-8101-bbd6d833b30a,106,0,61,45,0,laion-disco-12m;sleeping-disco-9m,,,PRESENT
Glenn Close,Glenn Close,512f6db1-63ef-42d1-a234-55bacecfe0c0,33,0,29,4,0,laion-disco-12m;sleeping-disco-9m,,,PRESENT
Agnetha Fältskog,Agnetha Fältskog,aebbb417-0d18-4fec-a2e2-ce9663d1fa7e,282,0,162,120,0,laion-disco-12m;sleeping-disco-9m,,,PRESENT
Jessica Simpson,Jessica Simpson,fe37acd4-893c-4b2c-8ad2-7fd394280354,190,0,111,79,0,laion-disco-12m;sleeping-disco-9m,,,PRESENT
Alice Cooper,Alice Cooper,ee58c59f-8e7f-4430-b8ca-236c4d3745ae,23,0,23,0,0,laion-disco-12m,,,PRESENT
Amanda Seyfried,Amanda Seyfried,e6d9bb27-4c85-4eb4-93f7-a56d52ca956c,36,0,23,13,0,laion-disco-12m;sleeping-disco-9m,,,PRESENT
Jamie Foxx,Jamie Foxx,15a5da16-8b89-4047-aefe-81473c97b5b2,233,0,135,97,1,laion-disco-12m;sleeping-disco-9m;spotify-tracks-dataset,,,DOWNLOADED_ONLY
Olivia Rodrigo,Olivia Rodrigo,6925db17-f35e-42f3-a4eb-84ee6bf5d4b0,142,0,56,81,5,laion-disco-12m;sleeping-disco-9m;spotify-tracks-dataset,,,DOWNLOADED_ONLY
Hugh Laurie,Hugh Laurie,4b90c344-31bd-48d1-aa58-8e061a8251c9,103,0,63,40,0,laion-disco-12m;sleeping-disco-9m,,,PRESENT
Conchita Wurst,Conchita Wurst,95f44a54-04d6-41a1-8101-bbd6d833b30a,106,0,61,45,0,laion-disco-12m;sleeping-disco-9m,,,PRESENT
Alanis Morissette,Alanis Morissette,4bdcee62-4902-4773-8cd1-e252e2e31225,261,0,146,113,2,laion-disco-12m;sleeping-disco-9m;spotify-tracks-dataset,,,DOWNLOADED_ONLY
Patrick Swayze,Patrick Swayze,295ab66f-31fe-4530-afb2-3b80613707ea,6,0,0,6,0,sleeping-disco-9m,,,PRESENT
Bob Hoskins,,,0,,,,,,,,NONE
John Michael Talbot,John Michael Talbot,5d8cd98d-0572-4fe8-8771-84b4eb9bf510,172,0,143,29,0,laion-disco-12m;sleeping-disco-9m,,,PRESENT
Dima Bilan,Dima Bilan,8b86576e-1cf5-46c8-970a-a79d13c2e0f0,140,0,140,0,0,laion-disco-12m,,,PRESENT
Bob Hope,Bob Hope,48901e22-cc02-4fa0-8c7f-1fe2930dd45e,24,0,10,14,0,laion-disco-12m;sleeping-disco-9m,,,PRESENT
The Beach Boys,The Beach Boys,ebfc1398-8d96-47e3-82c3-f782abcdb13d,519,0,145,341,33,laion-disco-12m;sleeping-disco-9m;spotify-tracks-dataset,,,DOWNLOADED_ONLY
Jamala,Jamala,3d264dc4-b1f2-409f-8ab4-3d17d8b42b02,221,0,138,83,0,laion-disco-12m;sleeping-disco-9m,,,PRESENT
Jack Black,Jack Black,caf8a53e-7f43-4be4-95d6-18d55e1f6e18,22,0,16,6,0,laion-disco-12m;sleeping-disco-9m,,,PRESENT
Dean Martin,Dean Martin,5e6c760b-42e0-4df4-a221-0269355da00a,569,0,262,287,20,laion-disco-12m;sleeping-disco-9m;spotify-tracks-dataset,,,DOWNLOADED_ONLY
Jacques Brel,Jacques Brel,91eda19b-1437-42cd-b7af-69df24b7f275,182,0,138,44,0,laion-disco-12m;sleeping-disco-9m,,,PRESENT
Betty White,,,0,,,,,,,,NONE
Ram Narayan,Ram Narayan,c94a221f-1708-4882-b035-37a1ed3d9cb4,24,0,22,0,2,laion-disco-12m;spotify-tracks-dataset,,,DOWNLOADED_ONLY
Hande Yener,Hande Yener,ebef6120-fbb3-4537-84bc-27902d5760c1,249,0,157,91,1,laion-disco-12m;sleeping-disco-9m;spotify-tracks-dataset,,,DOWNLOADED_ONLY
Usher,Usher,3414d446-735a-443c-931f-10634f57e5b9,8,0,6,2,0,laion-disco-12m;sleeping-disco-9m,,,PRESENT
Rita Ora,Rita Ora,c9dd033c-0270-463c-b3ec-f4b7712486fe,263,0,155,93,15,laion-disco-12m;sleeping-disco-9m;spotify-tracks-dataset,,,DOWNLOADED_ONLY
Gwen Stefani,Gwen Stefani,2e41ae9c-afd2-4f20-8f1e-17281ce9b472,207,0,108,95,4,laion-disco-12m;sleeping-disco-9m;spotify-tracks-dataset,,,DOWNLOADED_ONLY
Eartha Kitt,Eartha Kitt,02b4a39e-04c0-4eb7-a0eb-c919f3d14154,172,0,141,30,1,laion-disco-12m;sleeping-disco-9m;spotify-tracks-dataset,,,DOWNLOADED_ONLY
Emir Kusturica,Emir Kusturica,ffbcbcb9-b0c1-4692-b2c7-d5452f10c809,57,0,33,24,0,laion-disco-12m;sleeping-disco-9m,,,PRESENT
Lisa,Lisa,30aeb57f-bb16-47fa-86ca-79fc57b4d12c,55,0,33,19,3,laion-disco-12m;sleeping-disco-9m;spotify-tracks-dataset,,,DOWNLOADED_ONLY
Lucille Ball,Lucille Ball,939570c2-2083-4898-be1f-1d913781cf6d,16,0,16,0,0,laion-disco-12m,,,PRESENT
Sia,Sia,2f548675-008d-4332-876c-108b0c7ab9c5,491,0,228,244,19,laion-disco-12m;sleeping-disco-9m;spotify-tracks-dataset,,,DOWNLOADED_ONLY
Michael Keaton,Michael Keaton,7f52f54b-abb7-4cd8-ae15-44c335be7bc4,2,0,0,2,0,sleeping-disco-9m,,,PRESENT
Carla Bruni,Carla Bruni,f90575d1-abcb-42b3-ae32-1849312c26e6,206,0,146,60,0,laion-disco-12m;sleeping-disco-9m,,,PRESENT
Eagles,Eagles,f46bd570-5768-462e-b84c-c7c993bbf47e,246,0,145,93,8,laion-disco-12m;sleeping-disco-9m;spotify-tracks-dataset,,,DOWNLOADED_ONLY
Sabrina Carpenter,Sabrina Carpenter,1882fe91-cdd9-49c9-9956-8e06a3810bd4,294,0,133,156,5,laion-disco-12m;sleeping-disco-9m;spotify-tracks-dataset,,,DOWNLOADED_ONLY
Lil Wayne,Lil Wayne,ac9a487a-d9d2-4f27-bb23-0f4686488345,1394,0,505,878,11,laion-disco-12m;sleeping-disco-9m;spotify-tracks-dataset,,,DOWNLOADED_ONLY
Susan Boyle,Susan Boyle,eefcf168-6b1b-46ec-9b75-f8a01161abb5,108,0,81,25,2,laion-disco-12m;sleeping-disco-9m;spotify-tracks-dataset,,,DOWNLOADED_ONLY
Depeche Mode,Depeche Mode,8538e728-ca0b-4321-b7e5-cff6565dd4c0,860,0,148,712,0,laion-disco-12m;sleeping-disco-9m,,,PRESENT
Teresa Teng,Teresa Teng,5c5cb762-d95e-47af-a7bf-35171eeab8e6,141,0,134,0,7,laion-disco-12m;spotify-tracks-dataset,,,DOWNLOADED_ONLY
Camila Cabello,Camila Cabello,01b8b5bf-06cb-45da-85fb-61ada72fcd69,234,0,90,131,13,laion-disco-12m;sleeping-disco-9m;spotify-tracks-dataset,,,DOWNLOADED_ONLY
Tom Hiddleston,Tom Hiddleston,8e11f677-34e8-443b-a2f1-a70f836958a4,1,0,0,1,0,sleeping-disco-9m,,,PRESENT
Patrick Stewart,Patrick Stewart,f0f73d2f-409e-4fd9-a8c3-66db13837220,18,0,15,3,0,laion-disco-12m;sleeping-disco-9m,,,PRESENT
Eric Cantona,Eric Cantona,2083fe72-7cf0-4428-b717-203deb0e1970,41,0,24,17,0,laion-disco-12m;sleeping-disco-9m,,,PRESENT
Tyra Banks,Tyra Banks,9fe02a7c-a907-467b-b055-9d122bae3cef,14,0,2,11,1,laion-disco-12m;sleeping-disco-9m;spotify-tracks-dataset,,,DOWNLOADED_ONLY
Jack Lemmon,Jack Lemmon,57fbdc51-48ce-4d4c-a67a-cc19ef69a6aa,12,0,9,3,0,laion-disco-12m;sleeping-disco-9m,,,PRESENT
Roger Waters,Roger Waters,0f50beab-d77d-4f0f-ac26-0b87d3e9b11b,247,0,146,101,0,laion-disco-12m;sleeping-disco-9m,,,PRESENT
System of a Down,System of a Down,cc0b7089-c08d-4c10-b6b0-873582c17fd6,180,0,83,85,12,laion-disco-12m;sleeping-disco-9m;spotify-tracks-dataset,,,DOWNLOADED_ONLY
Ginger Rogers,Ginger Rogers,e08fefdc-a671-4046-90d8-20fd77c3abb0,129,0,126,3,0,laion-disco-12m;sleeping-disco-9m,,,PRESENT
Marvin Gaye,Marvin Gaye,afdb7919-059d-43c1-b668-ba1d265e7e42,580,0,221,350,9,laion-disco-12m;sleeping-disco-9m;spotify-tracks-dataset,,,DOWNLOADED_ONLY
Leonard Nimoy,Leonard Nimoy,e26b8637-e255-496d-857a-9633fc3ef91c,76,0,55,21,0,laion-disco-12m;sleeping-disco-9m,,,PRESENT
Shelley Duvall,Shelley Duvall,5f3aa56e-188b-462e-8342-959f21f7052b,27,0,24,3,0,laion-disco-12m;sleeping-disco-9m,,,PRESENT
Heidi Klum,Heidi Klum,93e1e8ed-db71-4f33-a5e0-3e3a18752133,3,0,0,3,0,sleeping-disco-9m,,,PRESENT
Macaulay Culkin,Macaulay Culkin,efe3f931-0fc7-428f-b68e-616c87bbcfd2,2,0,0,2,0,sleeping-disco-9m,,,PRESENT
Toto Cutugno,Toto Cutugno,5ae40d3f-e429-4baf-9fe9-bcdaa9c81f39,161,0,130,31,0,laion-disco-12m;sleeping-disco-9m,,,PRESENT
Lou Reed,Lou Reed,9d1ebcfe-4c15-4d18-95d3-d919898638a1,311,0,169,139,3,laion-disco-12m;sleeping-disco-9m;spotify-tracks-dataset,,,DOWNLOADED_ONLY
Jeanne Moreau,Jeanne Moreau,26b42bdb-2521-4fe3-bf5f-3a1b5b710837,165,0,147,18,0,laion-disco-12m;sleeping-disco-9m,,,PRESENT
Donna Summer,Donna Summer,b60527cc-54f3-4bbe-a01b-dcf34c95ae14,263,0,146,110,7,laion-disco-12m;sleeping-disco-9m;spotify-tracks-dataset,,,DOWNLOADED_ONLY
Seth MacFarlane,Seth MacFarlane,e7d458f6-e006-4d83-ba86-bf7d4d8985b0,210,0,130,80,0,laion-disco-12m;sleeping-disco-9m,,,PRESENT
William Shatner,William Shatner,a406a684-7c88-442b-836d-3b9b67bbc91d,193,0,147,46,0,laion-disco-12m;sleeping-disco-9m,,,PRESENT
Siti Nurhaliza,Siti Nurhaliza,bcf6637d-a789-49c1-b2b2-dc789fb7df02,106,0,105,1,0,laion-disco-12m;sleeping-disco-9m,,,PRESENT
Lee Min-ho,Lee Min-ho,7925c8d9-0e6d-47db-aae3-f995da2d3965,15,0,15,0,0,laion-disco-12m,,,PRESENT
Jimmy Page,Jimmy Page,519774a4-3b18-4042-b8c0-927845a616c9,183,0,122,61,0,laion-disco-12m;sleeping-disco-9m,,,PRESENT
Sofia Rotaru,Sofia Rotaru,0ac235b8-26bc-403d-8e0b-b5d8d5a284b2,75,0,75,0,0,laion-disco-12m,,,PRESENT
Taron Egerton,Taron Egerton,3c17c228-b4f2-485a-9d7c-ada98d9662dd,52,0,29,23,0,laion-disco-12m;sleeping-disco-9m,,,PRESENT
Nikolai Noskov,Nikolai Noskov,dcf844b2-fb03-49f3-a0ae-ce840ca3e802,40,0,40,0,0,laion-disco-12m,,,PRESENT
Jennie,Jennie,779351de-0da5-4943-928b-495a3c40e8c0,27,0,13,13,1,laion-disco-12m;sleeping-disco-9m;spotify-tracks-dataset,,,DOWNLOADED_ONLY
Ellie Goulding,Ellie Goulding,33ca19f4-18c8-4411-98df-ac23890ce9f5,333,0,166,138,29,laion-disco-12m;sleeping-disco-9m;spotify-tracks-dataset,,,DOWNLOADED_ONLY
Zayn Malik,Zayn Malik,985f7e6f-0a7e-4de7-b9ec-a5dac63cb2f7,231,0,112,111,8,laion-disco-12m;sleeping-disco-9m;spotify-tracks-dataset,,,DOWNLOADED_ONLY
Plácido Domingo,Plácido Domingo,521df2bd-01f6-456e-9d5f-f081068819c2,740,0,680,34,26,laion-disco-12m;sleeping-disco-9m;spotify-tracks-dataset,,,DOWNLOADED_ONLY
Amir Khusrau,Amir Khusrau,b8ee65ce-8592-4b22-9e07-37fe233bdf29,1,0,0,1,0,sleeping-disco-9m,,,PRESENT
Werner Herzog,,,0,,,,,,,,NONE
Richard Attenborough,Richard Attenborough,9f75755a-5f41-4e88-8605-5ae252c0416e,1,0,0,1,0,sleeping-disco-9m,,,PRESENT
Nat King Cole,Nat King Cole,fbe054ec-a143-4101-9e9e-64abc5ff5ac9,528,0,268,239,21,laion-disco-12m;sleeping-disco-9m;spotify-tracks-dataset,,,DOWNLOADED_ONLY
Lena Meyer-Landrut,Lena Meyer-Landrut,cb2b9e04-260f-4c64-8456-d73f28258e55,276,0,173,98,5,laion-disco-12m;sleeping-disco-9m;spotify-tracks-dataset,,,DOWNLOADED_ONLY
Jon Bon Jovi,Jon Bon Jovi,5ace9b0c-cc21-4d8f-8e08-a70234439f2a,57,0,21,32,4,laion-disco-12m;sleeping-disco-9m;spotify-tracks-dataset,,,DOWNLOADED_ONLY
Loreen,Loreen,1e234774-8e37-4378-b01d-b7dd6ced769c,132,0,81,50,1,laion-disco-12m;sleeping-disco-9m;spotify-tracks-dataset,,,DOWNLOADED_ONLY
Olivia Newton-John,Olivia Newton-John,10ccb5d8-f9d5-4954-9441-3419b522a214,372,0,213,155,4,laion-disco-12m;sleeping-disco-9m;spotify-tracks-dataset,,,DOWNLOADED_ONLY
Charlie Parker,Charlie Parker,c7356af9-9ea6-4a78-a55b-c73775716312,335,0,297,38,0,laion-disco-12m;sleeping-disco-9m,,,PRESENT
Norah Jones,Norah Jones,985c709c-7771-4de3-9024-7bda29ebe3f9,420,0,215,185,20,laion-disco-12m;sleeping-disco-9m;spotify-tracks-dataset,,,DOWNLOADED_ONLY
Rod Stewart,Rod Stewart,a35237a0-4f47-40a6-b6f3-1e786db23402,478,0,148,317,13,laion-disco-12m;sleeping-disco-9m;spotify-tracks-dataset,,,DOWNLOADED_ONLY
Ana Mena,Ana Mena,905d9c0c-0632-4fab-a7b5-7d33b9699907,145,0,82,53,10,laion-disco-12m;sleeping-disco-9m;spotify-tracks-dataset,,,DOWNLOADED_ONLY
Stefán Karl Stefánsson,,,0,,,,,,,,NONE
Sophie Marceau,Sophie Marceau,ac0d0968-52c8-4db7-9314-58b061dd65ce,2,0,2,0,0,laion-disco-12m,,,PRESENT
William S. Burroughs,William S. Burroughs,f150ed27-bee7-49d8-a226-31fef88c29b3,22,0,9,13,0,laion-disco-12m;sleeping-disco-9m,,,PRESENT
John Malkovich,John Malkovich,faff2ee7-8561-4f0a-a85d-654a76625173,1,0,0,1,0,sleeping-disco-9m,,,PRESENT
Paul Auster,,,0,,,,,,,,NONE
Juanes,Juanes,8b0f05ce-354e-4121-9e0b-8b4732ea844f,231,0,156,55,20,laion-disco-12m;sleeping-disco-9m;spotify-tracks-dataset,,,DOWNLOADED_ONLY
Errol Flynn,Errol Flynn,57b99d39-d30f-4c3a-af44-27b95822f0be,1,0,1,0,0,laion-disco-12m,,,PRESENT
Millie Bobby Brown,Millie Bobby Brown,c674e2d7-6b73-4d97-85ce-04f0bfdff8b0,2,0,0,2,0,sleeping-disco-9m,,,PRESENT
Johnny Hallyday,Johnny Hallyday,323ed974-8bf6-4f54-9525-b774a659f805,553,0,191,362,0,laion-disco-12m;sleeping-disco-9m,,,PRESENT
Chris Brown,Chris Brown,c234fa42-e6a6-443e-937e-2f4b073538a3,1003,0,330,659,14,laion-disco-12m;sleeping-disco-9m;spotify-tracks-dataset,,,DOWNLOADED_ONLY
Aaliyah,Aaliyah,bc85da58-52d9-457d-ae8d-5d8d4ec870a9,194,0,94,100,0,laion-disco-12m;sleeping-disco-9m,,,PRESENT
Dave Grohl,Dave Grohl,4d5f891d-9bce-45ae-ad86-912dd27252fa,30,0,17,13,0,laion-disco-12m;sleeping-disco-9m,,,PRESENT
Måneskin,Måneskin,3862342a-43c4-4cdb-8250-bfdbfb5e1419,77,0,52,20,5,laion-disco-12m;sleeping-disco-9m;spotify-tracks-dataset,,,DOWNLOADED_ONLY
The Prodigy,The Prodigy,4a4ee089-93b1-4470-af9a-6ff575d32704,217,1,147,3,66,free-music-archive;laion-disco-12m;sleeping-disco-9m;spotify-tracks-dataset,free-music-archive,Google;Stability AI,USED_BY
Fergie,Fergie,1c46e82f-4764-4d82-a33b-5d5aee5e2881,132,0,75,56,1,laion-disco-12m;sleeping-disco-9m;spotify-tracks-dataset,,,DOWNLOADED_ONLY
Maroon 5,Maroon 5,0ab49580-c84f-44d4-875f-d83760ea2cfe,289,0,146,140,3,laion-disco-12m;sleeping-disco-9m;spotify-tracks-dataset,,,DOWNLOADED_ONLY
Kiefer Sutherland,Kiefer Sutherland,83ba75cd-1786-4503-ab26-fcaca4331a03,68,0,45,23,0,laion-disco-12m;sleeping-disco-9m,,,PRESENT
Carlos Santana,Carlos Santana,f7fda030-0ba1-42e9-a385-3deebc939bc9,82,0,41,41,0,laion-disco-12m;sleeping-disco-9m,,,PRESENT
Kurt Russell,Kurt Russell,9259679f-34d4-4aa8-88c0-dfc92d154a0a,15,0,14,1,0,laion-disco-12m;sleeping-disco-9m,,,PRESENT
Dave Grohl,Dave Grohl,2486bb60-2ccd-4792-bdd4-4c760d610616,11,0,0,11,0,sleeping-disco-9m,,,PRESENT
Colin Farrell,Colin Farrell,5637c6d5-c4d0-4512-88ff-01658951f98f,38,0,34,4,0,laion-disco-12m;sleeping-disco-9m,,,PRESENT
Gustavo Adolfo Bécquer,,,0,,,,,,,,NONE
Blake Clark,Blake Clark,9fca31a3-f088-464c-9433-182a23faddfb,2,0,1,0,1,laion-disco-12m;spotify-tracks-dataset,,,DOWNLOADED_ONLY
Patti Smith,Patti Smith,d135874d-9cae-4fef-97e3-36acbd9f5a26,193,0,119,73,1,laion-disco-12m;sleeping-disco-9m;spotify-tracks-dataset,,,DOWNLOADED_ONLY
Robert Mitchum,Robert Mitchum,e3b7d704-8eff-4498-9e97-964cc3611424,61,0,53,8,0,laion-disco-12m;sleeping-disco-9m,,,PRESENT
Lily Allen,Lily Allen,6e0c7c0e-cba5-4c2c-a652-38f71ef5785d,196,0,108,86,2,laion-disco-12m;sleeping-disco-9m;spotify-tracks-dataset,,,DOWNLOADED_ONLY
Anna Kendrick,Anna Kendrick,5c3dffd4-dc80-4331-a98e-101046d6b747,84,0,50,34,0,laion-disco-12m;sleeping-disco-9m,,,PRESENT
Lacuna Coil,Lacuna Coil,6fea1339-260c-40fe-bb7a-ace5c8438955,279,0,150,117,12,laion-disco-12m;sleeping-disco-9m;spotify-tracks-dataset,,,DOWNLOADED_ONLY
Dolores O'Riordan,Dolores O'Riordan,13c10976-99f1-4cb4-8fbe-56067e91d865,25,0,4,21,0,laion-disco-12m;sleeping-disco-9m,,,PRESENT
Bella Thorne,Bella Thorne,53c336fa-358f-4ce5-8681-ab7909922874,80,0,29,51,0,laion-disco-12m;sleeping-disco-9m,,,PRESENT
The Clash,The Clash,8f92558c-2baa-4758-8c38-615519e9deda,284,0,141,141,2,laion-disco-12m;sleeping-disco-9m;spotify-tracks-dataset,,,DOWNLOADED_ONLY
Kate Bush,Kate Bush,4b585938-f271-45e2-b19a-91c634b5e396,297,0,112,175,10,laion-disco-12m;sleeping-disco-9m;spotify-tracks-dataset,,,DOWNLOADED_ONLY
John Cage,John Cage,76325a9d-6c25-4649-96b1-84e9b99d6b4b,249,0,242,7,0,laion-disco-12m;sleeping-disco-9m,,,PRESENT
Burt Reynolds,Burt Reynolds,8bc1e091-b42a-4a7a-9ffb-d638fe52e2b0,11,0,2,9,0,laion-disco-12m;sleeping-disco-9m,,,PRESENT
Ruslana Lyzhychko,Ruslana Lyzhychko,2079bf75-db95-4b48-b99d-2b6dd92d29e0,53,0,37,16,0,laion-disco-12m;sleeping-disco-9m,,,PRESENT
Harry Belafonte,Harry Belafonte,49c48b7f-1ff1-4f02-a1aa-ca1254b46ef2,409,0,184,225,0,laion-disco-12m;sleeping-disco-9m,,,PRESENT
Fred Rogers,,,0,,,,,,,,NONE
Fred Rogers,Fred Rogers,87467525-3724-412d-ad3e-595ecb6a3bfd,70,0,54,16,0,laion-disco-12m;sleeping-disco-9m,,,PRESENT
Lorde,Lorde,8e494408-8620-4c6a-82c2-c2ca4a1e4f12,115,0,60,55,0,laion-disco-12m;sleeping-disco-9m,,,PRESENT
Jintara Poonlarp,Jintara Poonlarp,039149b4-a354-4378-bac4-f3207368004c,64,0,64,0,0,laion-disco-12m,,,PRESENT
Sid Vicious,Sid Vicious,637504e3-be95-4005-83ee-3ebb91f9fcf9,100,0,97,3,0,laion-disco-12m;sleeping-disco-9m,,,PRESENT
Buddy Holly,Buddy Holly,d352f5dd-3023-4565-a7bb-52396bf8821d,259,0,203,48,8,laion-disco-12m;sleeping-disco-9m;spotify-tracks-dataset,,,DOWNLOADED_ONLY
Buddy Holly,Buddy Holly,d352f5dd-3023-4565-a7bb-52396bf8821d,259,0,203,48,8,laion-disco-12m;sleeping-disco-9m;spotify-tracks-dataset,,,DOWNLOADED_ONLY
Don Rickles,,,0,,,,,,,,NONE
Fernandel,Fernandel,0bce7eda-e55b-4176-aa1f-b8d2ca447a17,138,0,135,3,0,laion-disco-12m;sleeping-disco-9m,,,PRESENT
Angela Lansbury,Angela Lansbury,12b0c33b-37de-4c56-9041-d27f9466381b,117,0,88,21,8,laion-disco-12m;sleeping-disco-9m;spotify-tracks-dataset,,,DOWNLOADED_ONLY
Cyndi Lauper,Cyndi Lauper,7bd9e20e-74b9-446a-a2ed-a223f82a36e7,239,0,132,102,5,laion-disco-12m;sleeping-disco-9m;spotify-tracks-dataset,,,DOWNLOADED_ONLY
Backstreet Boys,Backstreet Boys,2f569e60-0a1b-4fb9-95a4-3dc1525d1aad,312,0,142,169,1,laion-disco-12m;sleeping-disco-9m;spotify-tracks-dataset,,,DOWNLOADED_ONLY
Joni Mitchell,Joni Mitchell,a6de8ef9-b1a1-4756-97aa-481bbb8a4069,245,0,154,91,0,laion-disco-12m;sleeping-disco-9m,,,PRESENT
Robert Plant,Robert Plant,bd53f9a7-8be9-46b0-bf7d-1deea3cb57bc,339,0,157,182,0,laion-disco-12m;sleeping-disco-9m,,,PRESENT
Slipknot,Slipknot,a466c2a2-6517-42fb-a160-1087c3bafd9f,348,0,147,181,20,laion-disco-12m;sleeping-disco-9m;spotify-tracks-dataset,,,DOWNLOADED_ONLY
Vangelis,Vangelis,57fca0e2-f9ad-4ae6-af9d-6a6f50cbcd5f,214,0,171,42,1,laion-disco-12m;sleeping-disco-9m;spotify-tracks-dataset,,,DOWNLOADED_ONLY
Jay Leno,Jay Leno,5579c8b1-ae02-4983-aeef-aed1f56ca5d6,1,0,1,0,0,laion-disco-12m,,,PRESENT
Chris Martin,Chris Martin,98d1ec5a-dd97-4c0b-9c83-7928aac89bca,7,0,4,2,1,laion-disco-12m;sleeping-disco-9m;spotify-tracks-dataset,,,DOWNLOADED_ONLY
Vanessa Paradis,Vanessa Paradis,46193c80-959a-499d-b42f-f33ba7b9b18e,199,0,135,62,2,laion-disco-12m;sleeping-disco-9m;spotify-tracks-dataset,,,DOWNLOADED_ONLY
Syd Barrett,Syd Barrett,12327d75-47d5-45d9-84c2-3760b9210c17,21,0,1,18,2,laion-disco-12m;sleeping-disco-9m;spotify-tracks-dataset,,,DOWNLOADED_ONLY
Rudolf Nureyev,,,0,,,,,,,,NONE
Nikita Mikhalkov,,,0,,,,,,,,NONE
Dalida,Dalida,1598ccda-b164-4bff-9821-f9ff5a8587a8,276,0,190,86,0,laion-disco-12m;sleeping-disco-9m,,,PRESENT
Jim Varney,Jim Varney,2a4893c1-8fd5-40d3-8390-4bb7925c2443,1,0,0,1,0,sleeping-disco-9m,,,PRESENT
Emma Roberts,Emma Roberts,9e6fe694-b4be-4f2b-85dd-98d33ccb283e,15,0,0,15,0,sleeping-disco-9m,,,PRESENT
Alan Arkin,Alan Arkin,8f74b9d5-f0f2-4e4d-857d-a0c4c9bf7b56,2,0,1,1,0,laion-disco-12m;sleeping-disco-9m,,,PRESENT
William Hurt,,,0,,,,,,,,NONE
Dylan Thomas,,,0,,,,,,,,NONE
Nikita Mikhalkov,,,0,,,,,,,,NONE
Shania Twain,Shania Twain,faabb55d-3c9e-4c23-8779-732ac2ee2c0d,263,0,136,118,9,laion-disco-12m;sleeping-disco-9m;spotify-tracks-dataset,,,DOWNLOADED_ONLY
The Cure,The Cure,69ee3720-a7cb-4402-b48d-a02c366f2bcf,315,0,140,169,6,laion-disco-12m;sleeping-disco-9m;spotify-tracks-dataset,,,DOWNLOADED_ONLY
Lenny Kravitz,Lenny Kravitz,0ef3f425-9bd2-4216-9dd2-219d2fe90f1f,335,0,148,180,7,laion-disco-12m;sleeping-disco-9m;spotify-tracks-dataset,,,DOWNLOADED_ONLY
Kenny Rogers,Kenny Rogers,c3d14b41-a48d-488f-bfed-ce0597bb0b1f,493,0,196,289,8,laion-disco-12m;sleeping-disco-9m;spotify-tracks-dataset,,,DOWNLOADED_ONLY
Iggy Pop,Iggy Pop,f37b3f31-b1f8-4b88-8cb5-b34f709b17d7,370,0,174,193,3,laion-disco-12m;sleeping-disco-9m;spotify-tracks-dataset,,,DOWNLOADED_ONLY
Nick Jonas,Nick Jonas,943e3724-27e7-4e23-9b1c-cc5d46b5bcc7,192,0,113,78,1,laion-disco-12m;sleeping-disco-9m;spotify-tracks-dataset,,,DOWNLOADED_ONLY
Black Eyed Peas,Black Eyed Peas,d5be5333-4171-427e-8e12-732087c6b78e,341,0,145,189,7,laion-disco-12m;sleeping-disco-9m;spotify-tracks-dataset,,,DOWNLOADED_ONLY
Ramones,Ramones,d6ed7887-a401-47a8-893c-34b967444d26,319,0,146,171,2,laion-disco-12m;sleeping-disco-9m;spotify-tracks-dataset,,,DOWNLOADED_ONLY
Bee Gees,Bee Gees,bf0f7e29-dfe1-416c-b5c6-f9ebc19ea810,293,0,149,123,21,laion-disco-12m;sleeping-disco-9m;spotify-tracks-dataset,,,DOWNLOADED_ONLY
Peter Gabriel,Peter Gabriel,8e66ea2b-b57b-47d9-8df0-df4630aeb8e5,383,0,171,212,0,laion-disco-12m;sleeping-disco-9m,,,PRESENT
Bud Spencer,Bud Spencer,bc013c43-e442-4e06-a9fb-30991954d66d,24,0,22,2,0,laion-disco-12m;sleeping-disco-9m,,,PRESENT
Nicole Scherzinger,Nicole Scherzinger,0f7534a6-dc5f-46ca-a2e0-13d214cdd52b,164,0,81,80,3,laion-disco-12m;sleeping-disco-9m;spotify-tracks-dataset,,,DOWNLOADED_ONLY
Ronnie James Dio,Ronnie James Dio,fc4953aa-6bf4-4f1f-8e47-5ac79ca428e2,7,0,4,3,0,laion-disco-12m;sleeping-disco-9m,,,PRESENT
Lars Ulrich,Lars Ulrich,e2190b35-1181-44f6-8587-4c04123a6f30,1,0,1,0,0,laion-disco-12m,,,PRESENT
George Takei,,,0,,,,,,,,NONE
Cesária Évora,Cesária Évora,ceafdf2f-bc18-4b99-8c71-d1834b0065c3,260,0,151,93,16,laion-disco-12m;sleeping-disco-9m;spotify-tracks-dataset,,,DOWNLOADED_ONLY
Vanessa Redgrave,Vanessa Redgrave,6309e0cb-cab0-458a-b319-b8692d017fc3,25,0,22,3,0,laion-disco-12m;sleeping-disco-9m,,,PRESENT
Shawn Mendes,Shawn Mendes,b7d92248-97e3-4450-8057-6fe06738f735,306,0,138,154,14,laion-disco-12m;sleeping-disco-9m;spotify-tracks-dataset,,,DOWNLOADED_ONLY
Yul Brynner,Yul Brynner,7a25c6af-0ff3-4e2a-81aa-795191a1fe86,59,0,56,3,0,laion-disco-12m;sleeping-disco-9m,,,PRESENT
Hailee Steinfeld,Hailee Steinfeld,373f5bcf-f1ce-4515-83ed-0b8ed636bc14,74,0,33,39,2,laion-disco-12m;sleeping-disco-9m;spotify-tracks-dataset,,,DOWNLOADED_ONLY
Korn,Korn,ac865b2e-bba8-4f5a-8756-dd40d5e39f46,351,0,149,198,4,laion-disco-12m;sleeping-disco-9m;spotify-tracks-dataset,,,DOWNLOADED_ONLY
Neil Patrick Harris,Neil Patrick Harris,587fbf06-1cc0-4ae6-91ef-afe832385b13,57,0,23,32,2,laion-disco-12m;sleeping-disco-9m;spotify-tracks-dataset,,,DOWNLOADED_ONLY
Gloria Estefan,Gloria Estefan,becd8cc6-a453-4183-af88-dedaaec859a6,414,0,152,260,2,laion-disco-12m;sleeping-disco-9m;spotify-tracks-dataset,,,DOWNLOADED_ONLY
Laura Pausini,Laura Pausini,472b9953-1f10-4aed-b1ec-d0c23ffb2cf1,330,0,154,170,6,laion-disco-12m;sleeping-disco-9m;spotify-tracks-dataset,,,DOWNLOADED_ONLY
Alexander Rybak,Alexander Rybak,1e69316c-14fa-42ba-88f2-06f6743632f7,133,0,107,26,0,laion-disco-12m;sleeping-disco-9m,,,PRESENT
Adam Levine,Adam Levine,a1421d73-1a21-484b-97ad-77c9a5676daf,43,0,20,17,6,laion-disco-12m;sleeping-disco-9m;spotify-tracks-dataset,,,DOWNLOADED_ONLY
Wesley Snipes,Wesley Snipes,24f3b408-214d-47f1-b5b0-6378a4ba53d4,1,0,1,0,0,laion-disco-12m,,,PRESENT
Gloria Estefan,Gloria Estefan,becd8cc6-a453-4183-af88-dedaaec859a6,414,0,152,260,2,laion-disco-12m;sleeping-disco-9m;spotify-tracks-dataset,,,DOWNLOADED_ONLY
Audrey Tautou,,,0,,,,,,,,NONE
Michael Ende,,,0,,,,,,,,NONE
Raquel Welch,Raquel Welch,6869e8ac-256e-4b6f-b02b-35e15497391b,1,0,1,0,0,laion-disco-12m,,,PRESENT
The Weeknd,The Weeknd,c8b03190-306c-4120-bb0b-6f2ebfc06ea9,488,0,183,277,28,laion-disco-12m;sleeping-disco-9m;spotify-tracks-dataset,,,DOWNLOADED_ONLY
Nine Inch Nails,Nine Inch Nails,b7ffd2af-418f-4be2-bdd1-22f8b48613da,306,13,143,128,22,free-music-archive;laion-disco-12m;sleeping-disco-9m;spotify-tracks-dataset,free-music-archive,Google;Stability AI,USED_BY
Miranda Cosgrove,Miranda Cosgrove,75285014-bdd1-4ca2-81c9-c6c642bfdec7,55,0,28,27,0,laion-disco-12m;sleeping-disco-9m,,,PRESENT
Nana Mouskouri,Nana Mouskouri,09b8609a-ca39-4f34-a2f6-5b81afc2c32d,212,0,167,35,10,laion-disco-12m;sleeping-disco-9m;spotify-tracks-dataset,,,DOWNLOADED_ONLY
Yves Montand,Yves Montand,edd6a7c3-d174-4e5b-9134-0f0cc6e2b0a5,168,0,144,24,0,laion-disco-12m;sleeping-disco-9m,,,PRESENT
Blink-182,Blink-182,0743b15a-3c32-48c8-ad58-cb325350befa,297,0,150,127,20,laion-disco-12m;sleeping-disco-9m;spotify-tracks-dataset,,,DOWNLOADED_ONLY
Joe Pesci,Joe Pesci,7fc788d1-4ec4-4b83-87f2-c420dc3da03e,46,0,27,19,0,laion-disco-12m;sleeping-disco-9m,,,PRESENT
Irving Berlin,Irving Berlin,5e645519-a175-4fe0-9a9b-eb9dc9f506b5,194,0,182,12,0,laion-disco-12m;sleeping-disco-9m,,,PRESENT
Ashley Tisdale,Ashley Tisdale,1fa14a96-c25c-4bb7-b94d-ff453519eab3,156,0,97,59,0,laion-disco-12m;sleeping-disco-9m,,,PRESENT
Billie Joe Armstrong,Billie Joe Armstrong,5d06fe54-485a-4a07-b506-5f6f719448cb,49,0,28,21,0,laion-disco-12m;sleeping-disco-9m,,,PRESENT
James Blunt,James Blunt,ebee61b4-bbdd-4087-9bcb-d5aa099088ec,221,0,152,63,6,laion-disco-12m;sleeping-disco-9m;spotify-tracks-dataset,,,DOWNLOADED_ONLY
Eros Ramazzotti,Eros Ramazzotti,3ab7295a-54ac-40e8-b1b2-3d110a143550,237,0,153,84,0,laion-disco-12m;sleeping-disco-9m,,,PRESENT
Mia Farrow,Mia Farrow,04bac187-160c-4b72-9ba1-cd6fd07ca6be,3,0,3,0,0,laion-disco-12m,,,PRESENT
Bette Midler,Bette Midler,ed333e8b-d18a-49fc-b361-4ec9731dfdba,284,0,150,133,1,laion-disco-12m;sleeping-disco-9m;spotify-tracks-dataset,,,DOWNLOADED_ONLY
Maggie Gyllenhaal,Maggie Gyllenhaal,ce2ef67a-1c9b-4536-882c-1e49b250afa8,5,0,1,4,0,laion-disco-12m;sleeping-disco-9m,,,PRESENT
Erich Kästner,,,0,,,,,,,,NONE
Alexander Dugin,,,0,,,,,,,,NONE
Jean-Michel Jarre,Jean-Michel Jarre,86e2e2ad-6d1b-44fd-9463-b6683718a1cc,179,0,158,21,0,laion-disco-12m;sleeping-disco-9m,,,PRESENT
Lionel Richie,Lionel Richie,3cb25fb2-5547-4b05-adec-1a5e37830d46,247,0,143,90,14,laion-disco-12m;sleeping-disco-9m;spotify-tracks-dataset,,,DOWNLOADED_ONLY
My Chemical Romance,My Chemical Romance,c07f0676-9143-4217-8a9f-4c26bd636f13,234,0,132,75,27,laion-disco-12m;sleeping-disco-9m;spotify-tracks-dataset,,,DOWNLOADED_ONLY
The Notorious B.I.G.,The Notorious B.I.G.,d5d97b2b-b83b-4976-814a-056d9076c8c3,392,0,198,156,38,laion-disco-12m;sleeping-disco-9m;spotify-tracks-dataset,,,DOWNLOADED_ONLY
Jennifer Love Hewitt,Jennifer Love Hewitt,2374ec6f-229c-47a8-9853-5efe3c47f5ca,92,0,43,49,0,laion-disco-12m;sleeping-disco-9m,,,PRESENT
The Killers,The Killers,95e1ead9-4d31-4808-a7ac-32c3614c116b,247,0,149,89,9,laion-disco-12m;sleeping-disco-9m;spotify-tracks-dataset,,,DOWNLOADED_ONLY
Bruce Dickinson,Bruce Dickinson,50698127-f6f4-4c0c-8010-db98c21100e1,208,0,148,59,1,laion-disco-12m;sleeping-disco-9m;spotify-tracks-dataset,,,DOWNLOADED_ONLY
Mickey Rooney,Mickey Rooney,d4087c75-0bed-4882-8c16-50d9fcdc19e1,116,0,106,10,0,laion-disco-12m;sleeping-disco-9m,,,PRESENT
Jennifer Hudson,Jennifer Hudson,95b5d5b5-46c4-4c3e-89d5-ffe9236427ac,245,0,135,110,0,laion-disco-12m;sleeping-disco-9m,,,PRESENT
Taylor Momsen,Taylor Momsen,d1ecf86c-3d89-420e-b8c1-bceb6b101c61,6,0,4,2,0,laion-disco-12m;sleeping-disco-9m,,,PRESENT
My Chemical Romance,My Chemical Romance,c07f0676-9143-4217-8a9f-4c26bd636f13,234,0,132,75,27,laion-disco-12m;sleeping-disco-9m;spotify-tracks-dataset,,,DOWNLOADED_ONLY
Brittany Murphy,Brittany Murphy,bc94b8a5-979c-4e79-9e97-7b7c2d3d14ee,11,0,8,3,0,laion-disco-12m;sleeping-disco-9m,,,PRESENT
Måns Zelmerlöw,Måns Zelmerlöw,9a21832f-5104-42fa-b881-17a1ca66bfdb,188,0,143,45,0,laion-disco-12m;sleeping-disco-9m,,,PRESENT
Daft Punk,Daft Punk,056e4f3e-d505-4dad-8ec1-d04f521cbb56,241,0,151,85,5,laion-disco-12m;sleeping-disco-9m;spotify-tracks-dataset,,,DOWNLOADED_ONLY
Arctic Monkeys,Arctic Monkeys,ada7a83c-e3e1-40f1-93f9-3e73dbc9298a,358,0,142,116,100,laion-disco-12m;sleeping-disco-9m;spotify-tracks-dataset,,,DOWNLOADED_ONLY
AKB48,AKB48,be547bca-8718-4762-bf1b-34a3bdb4938f,439,0,130,264,45,laion-disco-12m;sleeping-disco-9m;spotify-tracks-dataset,,,DOWNLOADED_ONLY
Jean-Philippe Rameau,Jean-Philippe Rameau,b29a3b55-785c-4072-9daf-0153cac864b6,603,0,574,15,14,laion-disco-12m;sleeping-disco-9m;spotify-tracks-dataset,,,DOWNLOADED_ONLY
Michelle Williams,Michelle Williams,aa440de8-500e-43a1-b601-a9733fd1bcb5,8,0,5,2,1,laion-disco-12m;sleeping-disco-9m;spotify-tracks-dataset,,,DOWNLOADED_ONLY
Paul Simon,Paul Simon,05517043-ff78-4988-9c22-88c68588ebb9,274,0,158,113,3,laion-disco-12m;sleeping-disco-9m;spotify-tracks-dataset,,,DOWNLOADED_ONLY
Paul Simon,Paul Simon,82f75e30-e211-41a1-9b2b-f083b9dd3ba3,2,0,1,0,1,laion-disco-12m;spotify-tracks-dataset,,,DOWNLOADED_ONLY
Kenneth Branagh,Kenneth Branagh,e8717aca-a773-4f95-a107-10df48e27d43,3,0,1,2,0,laion-disco-12m;sleeping-disco-9m,,,PRESENT
Boris Vian,Boris Vian,831094a1-8295-459d-bc64-ed25e6cc1192,142,0,129,13,0,laion-disco-12m;sleeping-disco-9m,,,PRESENT
Jonas Brothers,Jonas Brothers,6e019bc6-5c23-4935-94f0-4a896631d846,251,0,133,113,5,laion-disco-12m;sleeping-disco-9m;spotify-tracks-dataset,,,DOWNLOADED_ONLY
Kevin Bacon,Kevin Bacon,cc0dbdfc-9b2c-4e31-8448-808412388406,5,0,4,1,0,laion-disco-12m;sleeping-disco-9m,,,PRESENT
Joy Division,Joy Division,9a58fda3-f4ed-4080-a3a5-f457aac9fcdd,188,0,127,57,4,laion-disco-12m;sleeping-disco-9m;spotify-tracks-dataset,,,DOWNLOADED_ONLY
Annie Lennox,Annie Lennox,3e30aebd-0557-4cfd-8fb9-3945afa5d72b,211,0,156,35,20,laion-disco-12m;sleeping-disco-9m;spotify-tracks-dataset,,,DOWNLOADED_ONLY
Sissy Spacek,Sissy Spacek,384c85ed-8c8a-47fe-8d3a-a2b749213b18,9,0,9,0,0,laion-disco-12m,,,PRESENT
Richard Harris,Richard Harris,9a976838-8e77-4065-bdbb-748d17ad773b,69,0,54,15,0,laion-disco-12m;sleeping-disco-9m,,,PRESENT
Lemmy,Lemmy,e3ea6186-7523-48de-8437-bac91bc47829,49,0,41,8,0,laion-disco-12m;sleeping-disco-9m,,,PRESENT
Carey Mulligan,Carey Mulligan,c619e3e6-233e-4486-a6c0-31fc755c3e35,3,0,0,3,0,sleeping-disco-9m,,,PRESENT
Arvo Pärt,Arvo Pärt,ae0b2424-d4c5-4c54-82ac-fe3be5453270,308,0,272,33,3,laion-disco-12m;sleeping-disco-9m;spotify-tracks-dataset,,,DOWNLOADED_ONLY
Liu Yifei,,,0,,,,,,,,NONE
Roger Taylor,Roger Taylor,558302b1-07ae-4be1-9edb-2a2b1f036313,137,0,128,9,0,laion-disco-12m;sleeping-disco-9m,,,PRESENT
France Gall,France Gall,385966f0-b912-4755-bad6-4780ebf3f4cd,231,0,142,86,3,laion-disco-12m;sleeping-disco-9m;spotify-tracks-dataset,,,DOWNLOADED_ONLY
Wiz Khalifa,Wiz Khalifa,f5dfa020-ad69-41cd-b3d4-fd7af0414e94,956,0,379,554,23,laion-disco-12m;sleeping-disco-9m;spotify-tracks-dataset,,,DOWNLOADED_ONLY
Jean-Baptiste Lully,Jean-Baptiste Lully,7f9989b0-8f5e-41dd-bbab-1fff052609e3,340,0,319,16,5,laion-disco-12m;sleeping-disco-9m;spotify-tracks-dataset,,,DOWNLOADED_ONLY
Anna Nicole Smith,Anna Nicole Smith,3934c486-629e-4ae8-b907-0603e4a1fd29,2,0,0,2,0,sleeping-disco-9m,,,PRESENT
Joy Division,Joy Division,9a58fda3-f4ed-4080-a3a5-f457aac9fcdd,188,0,127,57,4,laion-disco-12m;sleeping-disco-9m;spotify-tracks-dataset,,,DOWNLOADED_ONLY
Liu Yifei,Liu Yifei,ec7da656-4f08-45f8-853c-e14465f07065,2,0,0,2,0,sleeping-disco-9m,,,PRESENT
Romy Schneider,Romy Schneider,66eb5e00-7d55-4765-a020-307dc08049b5,1,0,1,0,0,laion-disco-12m,,,PRESENT
Calvin Harris,Calvin Harris,8dd98bdc-80ec-4e93-8509-2f46bafc09a7,410,0,176,191,43,laion-disco-12m;sleeping-disco-9m;spotify-tracks-dataset,,,DOWNLOADED_ONLY
Tokio Hotel,Tokio Hotel,462a85b4-83ac-4164-86b3-e5ac6a7ec040,232,0,147,85,0,laion-disco-12m;sleeping-disco-9m,,,PRESENT
Liam Payne,Liam Payne,93ae8651-24ee-406c-b927-eb7cd773ae38,91,0,47,39,5,laion-disco-12m;sleeping-disco-9m;spotify-tracks-dataset,,,DOWNLOADED_ONLY
IU,IU,b9545342-1e6d-4dae-84ac-013374ad8d7c,156,0,146,4,6,laion-disco-12m;sleeping-disco-9m;spotify-tracks-dataset,,,DOWNLOADED_ONLY
Charli XCX,Charli XCX,260b6184-8828-48eb-945c-bc4cb6fc34ca,548,0,202,326,20,laion-disco-12m;sleeping-disco-9m;spotify-tracks-dataset,,,DOWNLOADED_ONLY
Hank Williams,Hank Williams,906bddec-bc73-49f8-ac1e-eaee691c6cf9,477,0,218,82,177,laion-disco-12m;sleeping-disco-9m;spotify-tracks-dataset,,,DOWNLOADED_ONLY
Sean Combs,Sean Combs,cabb4fcf-4067-4ba5-908d-76ee66fcf0c6,377,0,145,225,7,laion-disco-12m;sleeping-disco-9m;spotify-tracks-dataset,,,DOWNLOADED_ONLY
Amy Lee,Amy Lee,7ee89158-3446-4044-bb88-0dcc4d4cd6c0,60,0,39,20,1,laion-disco-12m;sleeping-disco-9m;spotify-tracks-dataset,,,DOWNLOADED_ONLY
Jayne Mansfield,Jayne Mansfield,7618b86b-25a1-4942-9282-fb43aedde2ce,11,0,0,11,0,sleeping-disco-9m,,,PRESENT
Arturo Toscanini,Arturo Toscanini,da96be23-ef88-420e-8173-3efb7fd995cc,288,0,288,0,0,laion-disco-12m,,,PRESENT
Zhang Ziyi,Zhang Ziyi,d8bf201e-204f-481f-bc2c-748a22f3f1aa,1,0,1,0,0,laion-disco-12m,,,PRESENT
Hank Williams,Hank Williams,906bddec-bc73-49f8-ac1e-eaee691c6cf9,477,0,218,82,177,laion-disco-12m;sleeping-disco-9m;spotify-tracks-dataset,,,DOWNLOADED_ONLY
Kate Moss,Kate Moss,3IP1UVkxCwvyb5wdQVn269,3,0,2,1,0,laion-disco-12m;sleeping-disco-9m,,,PRESENT
Jungkook,Jungkook,23c8056b-ee13-4cfc-a772-2f5292e35bb5,38,0,32,4,2,laion-disco-12m;sleeping-disco-9m;spotify-tracks-dataset,,,DOWNLOADED_ONLY
Jesse Eisenberg,Jesse Eisenberg,e93f6016-2423-4c7e-9b5d-49b4b7b91ce9,1,0,0,1,0,sleeping-disco-9m,,,PRESENT
Jenny Slate,Jenny Slate,9a40203e-1c26-42e0-8dfa-9f9abdc49411,8,0,3,5,0,laion-disco-12m;sleeping-disco-9m,,,PRESENT
Calvin Harris,Calvin Harris,8dd98bdc-80ec-4e93-8509-2f46bafc09a7,410,0,176,191,43,laion-disco-12m;sleeping-disco-9m;spotify-tracks-dataset,,,DOWNLOADED_ONLY
Calvin Harris,Calvin Harris,856afd24-cf75-43c3-99cf-886f96eda192,45,0,23,22,0,laion-disco-12m;sleeping-disco-9m,,,PRESENT
Calvin Harris,Calvin Harris,8dd98bdc-80ec-4e93-8509-2f46bafc09a7,410,0,176,191,43,laion-disco-12m;sleeping-disco-9m;spotify-tracks-dataset,,,DOWNLOADED_ONLY
Billy Joel,Billy Joel,64b94289-9474-4d43-8c93-918ccc1920d1,311,0,162,117,32,laion-disco-12m;sleeping-disco-9m;spotify-tracks-dataset,,,DOWNLOADED_ONLY
Alyssa Milano,Alyssa Milano,fdcc6897-5c84-45db-b966-7f46ec4317ae,27,0,0,27,0,sleeping-disco-9m,,,PRESENT
Jisoo,Jisoo,f906154a-7011-49c3-8f6a-44ca83311b08,7,0,0,7,0,sleeping-disco-9m,,,PRESENT
Andrew Lloyd Webber,Andrew Lloyd Webber,980ee2d8-2ee9-407b-b48e-48360fbc7437,727,0,481,171,75,laion-disco-12m;sleeping-disco-9m;spotify-tracks-dataset,,,DOWNLOADED_ONLY
Sum 41,Sum 41,f2eef649-a6d5-4114-afba-e50ab26254d2,260,0,135,116,9,laion-disco-12m;sleeping-disco-9m;spotify-tracks-dataset,,,DOWNLOADED_ONLY
Rage Against the Machine,Rage Against the Machine,3798b104-01cb-484c-a3b0-56adc6399b80,191,0,125,63,3,laion-disco-12m;sleeping-disco-9m;spotify-tracks-dataset,,,DOWNLOADED_ONLY
Sam Smith,Sam Smith,5a85c140-dcf9-4dd2-b2c8-aff0471549f3,326,0,159,150,17,laion-disco-12m;sleeping-disco-9m;spotify-tracks-dataset,,,DOWNLOADED_ONLY
Anni-Frid Lyngstad,Anni-Frid Lyngstad,042c35d3-0756-4804-b2c2-be57a683efa2,126,0,88,37,1,laion-disco-12m;sleeping-disco-9m;spotify-tracks-dataset,,,DOWNLOADED_ONLY
EXO,EXO,b3785a55-2cf6-497d-b8e3-cfa21a36f997,412,0,199,209,4,laion-disco-12m;sleeping-disco-9m;spotify-tracks-dataset,,,DOWNLOADED_ONLY
José Carreras,José Carreras,7716ddac-2f24-44fa-81b1-bfa920811445,242,0,224,11,7,laion-disco-12m;sleeping-disco-9m;spotify-tracks-dataset,,,DOWNLOADED_ONLY
Doda,Doda,87452e5d-d526-4637-9f23-133faeb22508,120,0,85,35,0,laion-disco-12m;sleeping-disco-9m,,,PRESENT
Leopold Mozart,Leopold Mozart,45993ba5-2083-4011-8d76-9497067bd092,110,0,106,4,0,laion-disco-12m;sleeping-disco-9m,,,PRESENT
Axl Rose,Axl Rose,db4da9ba-c52b-4df9-876f-7c6db3582256,17,0,4,13,0,laion-disco-12m;sleeping-disco-9m,,,PRESENT
Maurice Chevalier,Maurice Chevalier,e0371cd0-a5f8-420e-be17-bd980adc7393,230,0,194,36,0,laion-disco-12m;sleeping-disco-9m,,,PRESENT
Victoria Justice,Victoria Justice,4ce94c22-acbc-4535-a0e4-b8a8d002887e,72,0,37,35,0,laion-disco-12m;sleeping-disco-9m,,,PRESENT
Prince Albert of Saxe-Coburg and Gotha,,,0,,,,,,,,NONE
Matthew Broderick,Matthew Broderick,ee4d1bf0-876d-480f-92d0-6c07df904b98,27,0,25,0,2,laion-disco-12m;spotify-tracks-dataset,,,DOWNLOADED_ONLY
Nina Badrić,Nina Badrić,b9fc4166-4794-489b-ae00-a0d100cb2cc7,174,0,149,25,0,laion-disco-12m;sleeping-disco-9m,,,PRESENT
Adolphe Sax,,,0,,,,,,,,NONE
Ruggero Leoncavallo,Ruggero Leoncavallo,9bfbcb17-bd72-444e-be7d-0129b6389ca1,109,0,103,2,4,laion-disco-12m;sleeping-disco-9m;spotify-tracks-dataset,,,DOWNLOADED_ONLY
Lucy Lawless,Lucy Lawless,d4299e4e-be8a-4034-9947-35accdd61cd6,6,0,3,3,0,laion-disco-12m;sleeping-disco-9m,,,PRESENT
Moby,Moby,8970d868-0723-483b-a75b-51088913d3d4,422,0,202,213,7,laion-disco-12m;sleeping-disco-9m;spotify-tracks-dataset,,,DOWNLOADED_ONLY
Moby,Moby,8970d868-0723-483b-a75b-51088913d3d4,422,0,202,213,7,laion-disco-12m;sleeping-disco-9m;spotify-tracks-dataset,,,DOWNLOADED_ONLY
Sarah Michelle Gellar,Sarah Michelle Gellar,20b4810d-b28b-43b0-84d8-044036221b9f,4,0,1,3,0,laion-disco-12m;sleeping-disco-9m,,,PRESENT
Mike Shinoda,Mike Shinoda,c262b6bf-be56-4b26-bceb-42d7a27342f3,241,0,155,84,2,laion-disco-12m;sleeping-disco-9m;spotify-tracks-dataset,,,DOWNLOADED_ONLY
Angela Bassett,Angela Bassett,8f7e3334-c502-4cc3-b4d1-64f693e3cd3b,3,0,2,1,0,laion-disco-12m;sleeping-disco-9m,,,PRESENT
Lee Marvin,Lee Marvin,b74b7690-082b-49d8-882f-330f3b36b613,9,0,6,3,0,laion-disco-12m;sleeping-disco-9m,,,PRESENT
Prince Albert of Saxe-Coburg and Gotha,,,0,,,,,,,,NONE
Dream Theater,Dream Theater,28503ab7-8bf2-4666-a7bd-2644bfc7cb1d,301,0,149,148,4,laion-disco-12m;sleeping-disco-9m;spotify-tracks-dataset,,,DOWNLOADED_ONLY
Stromae,Stromae,ab2528d9-719f-4261-8098-21849222a0f2,123,0,61,59,3,laion-disco-12m;sleeping-disco-9m;spotify-tracks-dataset,,,DOWNLOADED_ONLY
Mireille Mathieu,Mireille Mathieu,0c321fba-7d1d-4d48-b99a-1e4811970d26,179,0,158,21,0,laion-disco-12m;sleeping-disco-9m,,,PRESENT
Thom Yorke,Thom Yorke,8ed2e0b3-aa4c-4e13-bec3-dc7393ed4d6b,147,0,105,38,4,laion-disco-12m;sleeping-disco-9m;spotify-tracks-dataset,,,DOWNLOADED_ONLY
XXXTentacion,XXXTentacion,61af87f4-16ee-4431-8504-cc06187079fb,530,1,150,297,82,free-music-archive;laion-disco-12m;sleeping-disco-9m;spotify-tracks-dataset,free-music-archive,Google;Stability AI,USED_BY
Fleetwood Mac,Fleetwood Mac,bd13909f-1c29-4c27-a874-d4aaf27c5b1a,453,0,214,233,6,laion-disco-12m;sleeping-disco-9m;spotify-tracks-dataset,,,DOWNLOADED_ONLY
Fan Bingbing,,,0,,,,,,,,NONE
Emmelie de Forest,Emmelie de Forest,7d397268-6447-458f-8da5-a89aa4f451b8,58,0,29,29,0,laion-disco-12m;sleeping-disco-9m,,,PRESENT
Jessie J,Jessie J,d24fb461-dee8-41fc-bb15-2f13bb2644a6,214,0,126,87,1,laion-disco-12m;sleeping-disco-9m;spotify-tracks-dataset,,,DOWNLOADED_ONLY
Tom Waits,Tom Waits,c3aeb863-7b26-4388-94e8-5a240f2be21b,434,0,163,271,0,laion-disco-12m;sleeping-disco-9m,,,PRESENT
Little Richard,Little Richard,95c2339b-8277-49a6-9aaf-08d8eeeaa0be,182,0,107,71,4,laion-disco-12m;sleeping-disco-9m;spotify-tracks-dataset,,,DOWNLOADED_ONLY
Hayley Williams,Hayley Williams,b4b5b5a7-feff-47d0-9458-83d0d135a692,90,0,42,43,5,laion-disco-12m;sleeping-disco-9m;spotify-tracks-dataset,,,DOWNLOADED_ONLY
James Horner,James Horner,679ec43c-bc04-4bb0-b619-2da702a214ba,307,0,230,76,1,laion-disco-12m;sleeping-disco-9m;spotify-tracks-dataset,,,DOWNLOADED_ONLY
A. R. Rahman,A. R. Rahman,e0bba708-bdd3-478d-84ea-c706413bedab,1040,0,796,163,81,laion-disco-12m;sleeping-disco-9m;spotify-tracks-dataset,,,DOWNLOADED_ONLY
Billy Connolly,Billy Connolly,7ffdf6af-0b1a-4ace-a067-970f0a611d93,55,0,39,15,1,laion-disco-12m;sleeping-disco-9m;spotify-tracks-dataset,,,DOWNLOADED_ONLY
Salvador Sobral,Salvador Sobral,ad226273-7870-47d6-a8d0-903ddba3853d,120,0,82,38,0,laion-disco-12m;sleeping-disco-9m,,,PRESENT
Thalía,Thalía,ae33ce8d-f41a-4f6b-b9c6-7859acbd04ef,163,0,152,5,6,laion-disco-12m;sleeping-disco-9m;spotify-tracks-dataset,,,DOWNLOADED_ONLY
Tarkan,Tarkan,4ec2451d-ed0c-4273-b683-4c1312df25fd,258,0,152,104,2,laion-disco-12m;sleeping-disco-9m;spotify-tracks-dataset,,,DOWNLOADED_ONLY
Kevin Kline,Kevin Kline,19e7bca7-1328-4b55-b7b2-40d979c58a46,46,0,37,9,0,laion-disco-12m;sleeping-disco-9m,,,PRESENT
Kara,Kara,3313f634-1405-481c-ada7-aef1980ac961,294,0,206,88,0,laion-disco-12m;sleeping-disco-9m,,,PRESENT
J. K. Simmons,J. K. Simmons,49e8dc03-017d-4c5f-9e3d-5df03fe4676b,5,0,4,1,0,laion-disco-12m;sleeping-disco-9m,,,PRESENT
Mira Sorvino,,,0,,,,,,,,NONE
Reza Pahlavi,,,0,,,,,,,,NONE
Chris Rock,Chris Rock,172805a7-6f84-4bb3-8b3b-6dc5bc33b103,96,0,87,9,0,laion-disco-12m;sleeping-disco-9m,,,PRESENT
Dizzy Gillespie,Dizzy Gillespie,e9ba8ccb-505f-4e5c-b909-65998d0d35b5,364,0,272,92,0,laion-disco-12m;sleeping-disco-9m,,,PRESENT
XXXTentacion,XXXTENTACION,61af87f4-16ee-4431-8504-cc06187079fb,530,1,150,297,82,free-music-archive;laion-disco-12m;sleeping-disco-9m;spotify-tracks-dataset,free-music-archive,Google;Stability AI,USED_BY
Limp Bizkit,Limp Bizkit,8f9d6bb2-dba4-4cca-9967-cc02b9f4820c,211,0,119,86,6,laion-disco-12m;sleeping-disco-9m;spotify-tracks-dataset,,,DOWNLOADED_ONLY
Genesis,Genesis,8e3fcd7d-bda1-4ca0-b987-b8528d2ee74e,253,0,147,106,0,laion-disco-12m;sleeping-disco-9m,,,PRESENT
Tracy Chapman,Tracy Chapman,1129817c-488a-4096-80c1-77fc1b107c93,129,0,104,22,3,laion-disco-12m;sleeping-disco-9m;spotify-tracks-dataset,,,DOWNLOADED_ONLY
Jerry Lee Lewis,Jerry Lee Lewis,b59ac58d-036e-4bba-8112-c32a34c4575b,445,0,192,249,4,laion-disco-12m;sleeping-disco-9m;spotify-tracks-dataset,,,DOWNLOADED_ONLY
Roy Orbison,Roy Orbison,0bbbc496-c7b5-4b3f-bb6d-bd312827d6e5,291,0,141,140,10,laion-disco-12m;sleeping-disco-9m;spotify-tracks-dataset,,,DOWNLOADED_ONLY
Tom Jones,Tom Jones,57c6f649-6cde-48a7-8114-2a200247601a,386,0,157,223,6,laion-disco-12m;sleeping-disco-9m;spotify-tracks-dataset,,,DOWNLOADED_ONLY
Alice in Chains,Alice in Chains,4bd95eea-b9f6-4d70-a36c-cfea77431553,285,0,148,116,21,laion-disco-12m;sleeping-disco-9m;spotify-tracks-dataset,,,DOWNLOADED_ONLY
Iggy Azalea,Iggy Azalea,3a052c99-8c18-484a-8beb-9873b4fb3106,317,0,144,173,0,laion-disco-12m;sleeping-disco-9m,,,PRESENT
Clannad,Clannad,d45641da-371c-430e-8907-6086590ab282,229,0,150,60,19,laion-disco-12m;sleeping-disco-9m;spotify-tracks-dataset,,,DOWNLOADED_ONLY
Steven Tyler,Steven Tyler,7d3f7aed-fb9c-4e80-b198-64cd6ae31cb8,43,0,37,6,0,laion-disco-12m;sleeping-disco-9m,,,PRESENT
Anthony Perkins,Anthony Perkins,f1f804da-7d94-4f92-bb1d-ff65d3d5edeb,27,0,0,27,0,sleeping-disco-9m,,,PRESENT
Michael Palin,,,0,,,,,,,,NONE
Ashley Judd,Ashley Judd,345ed22f-6949-4963-89e4-2a4eef94626f,1,0,0,1,0,sleeping-disco-9m,,,PRESENT
Olivier Messiaen,Olivier Messiaen,c6e5c5f4-984e-432a-87b8-b6afa288bca1,390,0,373,17,0,laion-disco-12m;sleeping-disco-9m,,,PRESENT
Dave Mustaine,Dave Mustaine,2f58d07c-4ed6-4f29-8b10-95266e16fe1b,8,0,4,3,1,laion-disco-12m;sleeping-disco-9m;spotify-tracks-dataset,,,DOWNLOADED_ONLY
Elisabeth Shue,Elisabeth Shue,752a2b25-4273-42e0-b2dd-e4e5d924518e,1,0,1,0,0,laion-disco-12m,,,PRESENT
Tony Bennett,Tony Bennett,8be0594f-8c13-46bb-ab06-f93ffba5c776,626,0,206,415,5,laion-disco-12m;sleeping-disco-9m;spotify-tracks-dataset,,,DOWNLOADED_ONLY
Penny Marshall,,,0,,,,,,,,NONE
Duncan Laurence,Duncan Laurence,20faff08-d3b7-45ca-a8aa-a85f6bb9eb78,113,0,67,44,2,laion-disco-12m;sleeping-disco-9m;spotify-tracks-dataset,,,DOWNLOADED_ONLY
Zara Larsson,Zara Larsson,134e6410-6954-45d1-bd4a-0f2d2ad5471d,323,0,135,164,24,laion-disco-12m;sleeping-disco-9m;spotify-tracks-dataset,,,DOWNLOADED_ONLY
Frederik IX of Denmark,,,0,,,,,,,,NONE
Andrea del Verrocchio,,,0,,,,,,,,NONE
Andie MacDowell,,,0,,,,,,,,NONE
Mahershala Ali,Mahershala Ali,2cb749e6-e9f9-4d17-b038-e7fad6205bb2,4,0,0,4,0,sleeping-disco-9m,,,PRESENT
Alberto Sordi,Alberto Sordi,7988fd77-3404-4dc2-99b8-96839afdc7f1,91,0,89,2,0,laion-disco-12m;sleeping-disco-9m,,,PRESENT
Kevin Hart,Kevin Hart,45c44cc4-71c7-4c6f-aae3-3a59036f8d49,78,0,64,13,1,laion-disco-12m;sleeping-disco-9m;spotify-tracks-dataset,,,DOWNLOADED_ONLY
Danny Jacobs,Danny Jacobs,253da2bf-82a6-4b7b-8d77-e20fc6e5be53,3,0,0,3,0,sleeping-disco-9m,,,PRESENT
David Ogden Stiers,David Ogden Stiers,76dcd676-73e0-412e-b6f4-b327252be364,55,0,37,7,11,laion-disco-12m;sleeping-disco-9m;spotify-tracks-dataset,,,DOWNLOADED_ONLY
Brian Eno,Brian Eno,ff95eb47-41c4-4f7f-a104-cdc30f02e872,489,0,263,208,18,laion-disco-12m;sleeping-disco-9m;spotify-tracks-dataset,,,DOWNLOADED_ONLY
Albert Finney,Albert Finney,58ac2f0e-84c4-4eda-b4f9-5eff41386b16,20,0,17,3,0,laion-disco-12m;sleeping-disco-9m,,,PRESENT
Bleona,,,0,,,,,,,,NONE
Philipp Kirkorov,Philipp Kirkorov,3e6ed59b-2a9d-4957-92f5-e2fd453f8e1b,24,0,23,1,0,laion-disco-12m;sleeping-disco-9m,,,PRESENT
OneRepublic,OneRepublic,c33c2065-b1c3-4406-b066-d33a9e2ea71a,348,0,159,118,71,laion-disco-12m;sleeping-disco-9m;spotify-tracks-dataset,,,DOWNLOADED_ONLY
Boney M.,Boney M.,5403bf6e-bc1d-4e62-b31f-926a2bf66a14,305,0,135,145,25,laion-disco-12m;sleeping-disco-9m;spotify-tracks-dataset,,,DOWNLOADED_ONLY
Demis Roussos,Demis Roussos,b3fa1a75-d947-4f32-9f5d-dc72d7438afa,248,0,122,126,0,laion-disco-12m;sleeping-disco-9m,,,PRESENT
Kris Kristofferson,Kris Kristofferson,cb1ca13a-4821-4e66-aff0-0fd6b3dc9a81,261,0,175,86,0,laion-disco-12m;sleeping-disco-9m,,,PRESENT
John Lithgow,John Lithgow,e5ca609e-a018-4d8f-b30a-db5cd88b2099,43,0,6,37,0,laion-disco-12m;sleeping-disco-9m,,,PRESENT
Daisy Ridley,Daisy Ridley,056cd688-1e19-4114-941d-b6ab3d543adf,2,0,0,2,0,sleeping-disco-9m,,,PRESENT
Andy Garcia,Andy Garcia,28bf3659-738f-424e-a557-76e4e6f6161b,6,0,4,2,0,laion-disco-12m;sleeping-disco-9m,,,PRESENT
Willie Nelson,Willie Nelson,668fd73c-bf54-4310-a139-305517f05311,939,0,278,657,4,laion-disco-12m;sleeping-disco-9m;spotify-tracks-dataset,,,DOWNLOADED_ONLY
Billy Bob Thornton,Billy Bob Thornton,c1d37cef-5a55-4f9d-8399-93679dd111eb,18,0,2,16,0,laion-disco-12m;sleeping-disco-9m,,,PRESENT
Tom Felton,Tom Felton,feea1ee5-d9b4-4690-a08b-2604018a8d13,19,0,1,18,0,laion-disco-12m;sleeping-disco-9m,,,PRESENT
Tori Amos,Tori Amos,c0b2500e-0cef-4130-869d-732b23ed9df5,412,0,194,214,4,laion-disco-12m;sleeping-disco-9m;spotify-tracks-dataset,,,DOWNLOADED_ONLY
Etta James,Etta James,e22d2f66-881e-41ca-9356-544697ee5f90,257,0,157,96,4,laion-disco-12m;sleeping-disco-9m;spotify-tracks-dataset,,,DOWNLOADED_ONLY
John Denver,John Denver,34e10b51-b5c6-4bc1-b70e-f05f141eda1e,313,0,145,164,4,laion-disco-12m;sleeping-disco-9m;spotify-tracks-dataset,,,DOWNLOADED_ONLY
Claudio Abbado,Claudio Abbado,39e84597-3e0f-4ccc-89d2-6ee1dd6fb050,889,0,863,18,8,laion-disco-12m;sleeping-disco-9m;spotify-tracks-dataset,,,DOWNLOADED_ONLY
Glenn Miller,Glenn Miller,7b353d3c-2bd9-40e3-a21d-b7da3f941339,394,0,339,54,1,laion-disco-12m;sleeping-disco-9m;spotify-tracks-dataset,,,DOWNLOADED_ONLY
Angelique Kidjo,Angelique Kidjo,80fe34d0-6b4f-4ccd-81c3-281ab37f0451,180,0,163,16,1,laion-disco-12m;sleeping-disco-9m;spotify-tracks-dataset,,,DOWNLOADED_ONLY
Avenged Sevenfold,Avenged Sevenfold,24e1b53c-3085-4581-8472-0b0088d2508c,288,0,149,118,21,laion-disco-12m;sleeping-disco-9m;spotify-tracks-dataset,,,DOWNLOADED_ONLY
Jane Birkin,Jane Birkin,e4f92153-dd32-4c81-98bd-e0ad9a1b9672,264,0,139,125,0,laion-disco-12m;sleeping-disco-9m,,,PRESENT
Ricky Gervais,Ricky Gervais,99970f34-8786-49b4-bc65-d3056872df1c,3,0,1,2,0,laion-disco-12m;sleeping-disco-9m,,,PRESENT
Tori Amos,Tori Amos,c0b2500e-0cef-4130-869d-732b23ed9df5,412,0,194,214,4,laion-disco-12m;sleeping-disco-9m;spotify-tracks-dataset,,,DOWNLOADED_ONLY
Steve Harvey,Steve Harvey,8e29a5ec-3d3d-4039-93ca-7aa9e50466ee,1,0,1,0,0,laion-disco-12m,,,PRESENT
Thích Nhất Hạnh,Thích Nhất Hạnh,cc17b2f1-da45-412d-8e57-8d1a83d6d342,1,0,1,0,0,laion-disco-12m,,,PRESENT
The Pussycat Dolls,The Pussycat Dolls,1fda852b-92e9-4562-82fa-c52820a77b23,119,0,60,59,0,laion-disco-12m;sleeping-disco-9m,,,PRESENT
Varg Vikernes,,,0,,,,,,,,NONE
Carlos Mencia,,,0,,,,,,,,NONE
Sade Adu,,,0,,,,,,,,NONE
Steve Martin,Steve Martin,0da08c43-c04c-4016-968d-b9d3eb9b7751,171,0,116,47,8,laion-disco-12m;sleeping-disco-9m;spotify-tracks-dataset,,,DOWNLOADED_ONLY
The Kinks,The Kinks,17b53d9f-5c63-4a09-a593-dde4608e0db9,308,0,148,151,9,laion-disco-12m;sleeping-disco-9m;spotify-tracks-dataset,,,DOWNLOADED_ONLY
Doja Cat,Doja Cat,5df62a88-cac9-490a-b62c-c7c88f4020f4,306,0,119,175,12,laion-disco-12m;sleeping-disco-9m;spotify-tracks-dataset,,,DOWNLOADED_ONLY
The White Stripes,The White Stripes,11ae9fbb-f3d7-4a47-936f-4c0a04d3b3b5,232,0,149,72,11,laion-disco-12m;sleeping-disco-9m;spotify-tracks-dataset,,,DOWNLOADED_ONLY
Charlotte Gainsbourg,Charlotte Gainsbourg,6efa29c6-9995-48e0-9eaf-3809464a39a7,154,0,112,42,0,laion-disco-12m;sleeping-disco-9m,,,PRESENT
Dixie Carter,,,0,,,,,,,,NONE
Paula Abdul,Paula Abdul,275d1fca-22e8-46b9-85e6-c3523098a599,111,0,65,46,0,laion-disco-12m;sleeping-disco-9m,,,PRESENT
Alizée,Alizée,a344d1d3-bc5e-4a59-95f1-814999d009ac,175,0,150,25,0,laion-disco-12m;sleeping-disco-9m,,,PRESENT
Tim Curry,Tim Curry,33ce4a70-005d-4563-bb6e-2d253fab9842,58,0,35,21,2,laion-disco-12m;sleeping-disco-9m;spotify-tracks-dataset,,,DOWNLOADED_ONLY
Karlheinz Stockhausen,Karlheinz Stockhausen,fd09d776-ddfd-4558-afe7-814420d704ed,128,0,115,13,0,laion-disco-12m;sleeping-disco-9m,,,PRESENT
Serj Tankian,Serj Tankian,e471b63c-c3b5-4f62-a971-cd0b2273838f,271,0,163,106,2,laion-disco-12m;sleeping-disco-9m;spotify-tracks-dataset,,,DOWNLOADED_ONLY
Birgit Sarrap,Birgit Sarrap,9dd59ec8-909c-42d3-8c36-352ad1b6727d,1,0,0,1,0,sleeping-disco-9m,,,PRESENT
Natalie Imbruglia,Natalie Imbruglia,60530915-9371-4b16-bc31-5c4456317ae0,125,0,86,39,0,laion-disco-12m;sleeping-disco-9m,,,PRESENT
Brian Wilson,Brian Wilson,634fe78e-fc6b-4b2a-ba83-c8c66e13a8aa,238,0,161,77,0,laion-disco-12m;sleeping-disco-9m,,,PRESENT
Pantera,Pantera,541f16f5-ad7a-428e-af89-9fa1b16d3c9c,252,0,145,91,16,laion-disco-12m;sleeping-disco-9m;spotify-tracks-dataset,,,DOWNLOADED_ONLY
BigBang,BigBang,ec2bcb77-b9a1-49e2-bfe7-419586bbef48,143,0,131,11,1,laion-disco-12m;sleeping-disco-9m;spotify-tracks-dataset,,,DOWNLOADED_ONLY
Scott Joplin,Scott Joplin,aec8a328-d2e8-4780-b2ea-318c7f8d6f75,266,5,245,16,0,free-music-archive;laion-disco-12m;sleeping-disco-9m,free-music-archive,Google;Stability AI,USED_BY
Antônio Carlos Jobim,Antônio Carlos Jobim,7a8dbe84-f4c0-4457-bfa3-edced1f8cde0,362,0,276,78,8,laion-disco-12m;sleeping-disco-9m;spotify-tracks-dataset,,,DOWNLOADED_ONLY
Julie Delpy,Julie Delpy,79ffc5b8-4296-49dd-b753-4db48dbda48d,27,0,12,15,0,laion-disco-12m;sleeping-disco-9m,,,PRESENT
David Hasselhoff,David Hasselhoff,87d50f99-335e-40f4-ae09-5815fe98c4f4,181,0,147,34,0,laion-disco-12m;sleeping-disco-9m,,,PRESENT
Bonnie Tyler,Bonnie Tyler,0aa8294b-6332-4b65-b677-e3a1f8591d3b,313,0,152,157,4,laion-disco-12m;sleeping-disco-9m;spotify-tracks-dataset,,,DOWNLOADED_ONLY
Kelsey Grammer,Kelsey Grammer,10048cb0-3961-407d-8588-50fd75a01799,41,0,14,25,2,laion-disco-12m;sleeping-disco-9m;spotify-tracks-dataset,,,DOWNLOADED_ONLY
Jim Jarmusch,Jim Jarmusch,f5e020a5-eda9-4bce-bf98-dee60351a0ec,27,0,25,2,0,laion-disco-12m;sleeping-disco-9m,,,PRESENT
Varg Vikernes,,,0,,,,,,,,NONE
Shannen Doherty,,,0,,,,,,,,NONE
Florence Pugh,Florence Pugh,dec39aa0-f9f5-4853-86fa-a5239362a325,14,0,7,7,0,laion-disco-12m;sleeping-disco-9m,,,PRESENT
Zemfira,Zemfira,cec59910-2d12-46ec-8e39-85ca06acb0ed,162,0,162,0,0,laion-disco-12m,,,PRESENT
Zemfira,Zemfira,cec59910-2d12-46ec-8e39-85ca06acb0ed,162,0,162,0,0,laion-disco-12m,,,PRESENT
Yuri Nikulin,Yuri Nikulin,618e1315-12a8-4a1f-a774-1dea8375ccbe,15,0,15,0,0,laion-disco-12m,,,PRESENT
Woody Guthrie,Woody Guthrie,cbd827e1-4e38-427e-a436-642683433732,218,0,182,36,0,laion-disco-12m;sleeping-disco-9m,,,PRESENT
Klaus Kinski,Klaus Kinski,26RO1zqACPgq2i0y4rq2wX,1,0,1,0,0,laion-disco-12m,,,PRESENT
Kraftwerk,Kraftwerk,5700dcd4-c139-4f31-aa3e-6382b9af9032,196,0,128,66,2,laion-disco-12m;sleeping-disco-9m;spotify-tracks-dataset,,,DOWNLOADED_ONLY
Roxette,Roxette,d3b2711f-2baa-441a-be95-14945ca7e6ea,200,0,150,46,4,laion-disco-12m;sleeping-disco-9m;spotify-tracks-dataset,,,DOWNLOADED_ONLY
Les Paul,Les Paul,f671ebd2-917d-466f-b7bc-07c60e4d8990,192,0,133,59,0,laion-disco-12m;sleeping-disco-9m,,,PRESENT
Creedence Clearwater Revival,Creedence Clearwater Revival,109958eb-a335-4c5e-907e-597ff4c6af46,189,0,137,46,6,laion-disco-12m;sleeping-disco-9m;spotify-tracks-dataset,,,DOWNLOADED_ONLY
Benny Andersson,Benny Andersson,2f031686-3f01-4f33-a4fc-fb3944532efa,207,0,141,65,1,laion-disco-12m;sleeping-disco-9m;spotify-tracks-dataset,,,DOWNLOADED_ONLY
Dido,Dido,d1353a0c-26fb-4318-a116-defde9c7c9ad,236,0,164,70,2,laion-disco-12m;sleeping-disco-9m;spotify-tracks-dataset,,,DOWNLOADED_ONLY
Pierre Boulez,Pierre Boulez,3bce590b-479f-42ca-b9e0-82883e0db9a2,316,0,306,9,1,laion-disco-12m;sleeping-disco-9m;spotify-tracks-dataset,,,DOWNLOADED_ONLY
Debby Ryan,Debby Ryan,d6c8b5ff-9e25-40f0-9d8e-bd637efff604,21,0,8,13,0,laion-disco-12m;sleeping-disco-9m,,,PRESENT
Blondie,Blondie,4d2956d1-a3f7-44bb-9a41-67563e1a0c94,281,0,149,109,23,laion-disco-12m;sleeping-disco-9m;spotify-tracks-dataset,,,DOWNLOADED_ONLY
Hayden Panettiere,Hayden Panettiere,080e1819-5904-447a-869e-b0b2ef437c16,27,0,0,27,0,sleeping-disco-9m,,,PRESENT
Nina Hagen,Nina Hagen,e4d32f51-bc57-42a4-8165-b80f7a86496d,264,0,147,117,0,laion-disco-12m;sleeping-disco-9m,,,PRESENT
Michael Bublé,Michael Bublé,611700cf-27f0-4dc9-ae80-c513a767853e,369,0,157,190,22,laion-disco-12m;sleeping-disco-9m;spotify-tracks-dataset,,,DOWNLOADED_ONLY
Billy Crystal,Billy Crystal,10e9ef27-948e-40e1-970d-ae87197a0e6f,39,0,26,13,0,laion-disco-12m;sleeping-disco-9m,,,PRESENT
Netta Barzilai,Netta Barzilai,6806600b-f824-4874-b574-f7b9a3e6cd3d,73,0,45,28,0,laion-disco-12m;sleeping-disco-9m,,,PRESENT
Hattie McDaniel,,,0,,,,,,,,NONE
Blur,Blur,ba853904-ae25-4ebb-89d6-c44cfbd71bd2,275,0,150,123,2,laion-disco-12m;sleeping-disco-9m;spotify-tracks-dataset,,,DOWNLOADED_ONLY
Lynyrd Skynyrd,Lynyrd Skynyrd,c544ed4d-2390-4442-a83e-1ea2883b09c8,236,0,140,91,5,laion-disco-12m;sleeping-disco-9m;spotify-tracks-dataset,,,DOWNLOADED_ONLY
Eddie Van Halen,Eddie Van Halen,2a66baa5-9832-4fbc-8365-c9f607a89e47,3,0,3,0,0,laion-disco-12m,,,PRESENT
Lara Fabian,Lara Fabian,7a1daf7f-b972-4808-bc03-2e1e3a79dce0,265,0,151,104,10,laion-disco-12m;sleeping-disco-9m;spotify-tracks-dataset,,,DOWNLOADED_ONLY
Reba McEntire,Reba McEntire,3ec17e85-9284-4f4c-8831-4e56c2354cdb,440,0,152,285,3,laion-disco-12m;sleeping-disco-9m;spotify-tracks-dataset,,,DOWNLOADED_ONLY
Martin Garrix,Martin Garrix,3e1f2ee4-16be-4406-bf18-6173840cf2b1,446,0,172,199,75,laion-disco-12m;sleeping-disco-9m;spotify-tracks-dataset,,,DOWNLOADED_ONLY
Redfoo,Redfoo,92781466-f1a9-4ffc-9143-d65a2c77fd64,52,0,42,10,0,laion-disco-12m;sleeping-disco-9m,,,PRESENT
Anthony Kiedis,,,0,,,,,,,,NONE
Martin Garrix,Martin Garrix,4f83eccf-984c-43ff-ab62-f7d9f5012dc0,12,0,5,5,2,laion-disco-12m;sleeping-disco-9m;spotify-tracks-dataset,,,DOWNLOADED_ONLY
Julie Kavner,,,0,,,,,,,,NONE
Erica Jong,Erica Jong,a5155e24-4ea3-4056-90f3-448ceca29876,2,0,0,2,0,sleeping-disco-9m,,,PRESENT
Walther von der Vogelweide,Walther von der Vogelweide,e4d54dd5-9eae-49d8-9a53-b5cbff13a9e5,6,0,4,2,0,laion-disco-12m;sleeping-disco-9m,,,PRESENT
Franz Werfel,Franz Werfel,a9e7bff1-706f-44a9-9d6e-68e75f37f2ee,1,0,0,1,0,sleeping-disco-9m,,,PRESENT
Sigur Rós,Sigur Rós,f6f2326f-6b25-4170-b89d-e235b25508e8,235,0,136,99,0,laion-disco-12m;sleeping-disco-9m,,,PRESENT
Pharrell Williams,Pharrell Williams,149f91ef-1287-46da-9a8e-87fee02f1471,353,0,174,164,15,laion-disco-12m;sleeping-disco-9m;spotify-tracks-dataset,,,DOWNLOADED_ONLY
Imagine Dragons,Imagine Dragons,012151a8-0f9a-44c9-997f-ebd68b5389f9,345,0,147,179,19,laion-disco-12m;sleeping-disco-9m;spotify-tracks-dataset,,,DOWNLOADED_ONLY
Morrissey,Morrissey,013fa897-86db-41d3-8e9f-386c8a34f4e6,259,0,144,115,0,laion-disco-12m;sleeping-disco-9m,,,PRESENT
Till Lindemann,Till Lindemann,f71f8e0d-c109-4a50-9826-2559981d915e,47,0,27,20,0,laion-disco-12m;sleeping-disco-9m,,,PRESENT
Sepultura,Sepultura,1d93c839-22e7-4f76-ad84-d27039efc048,290,0,145,131,14,laion-disco-12m;sleeping-disco-9m;spotify-tracks-dataset,,,DOWNLOADED_ONLY
Van Halen,Van Halen,b665b768-0d83-4363-950c-31ed39317c15,205,0,143,53,9,laion-disco-12m;sleeping-disco-9m;spotify-tracks-dataset,,,DOWNLOADED_ONLY
Yes,Yes,c1d4f2ba-cf39-460c-9528-6b827d3417a1,277,0,153,124,0,laion-disco-12m;sleeping-disco-9m,,,PRESENT
Maurice Jarre,Maurice Jarre,05d4d95c-8803-450f-80c2-7ea606e6f78b,146,0,141,5,0,laion-disco-12m;sleeping-disco-9m,,,PRESENT
Mandy Moore,Mandy Moore,9dc9f4b0-a7b4-43c5-8f6b-fcd43c426a4b,226,0,117,109,0,laion-disco-12m;sleeping-disco-9m,,,PRESENT
Ava Max,Ava Max,add5f522-25df-41c4-815e-0ca9f60b83e4,239,0,126,91,22,laion-disco-12m;sleeping-disco-9m;spotify-tracks-dataset,,,DOWNLOADED_ONLY
Chow Yun-fat,Chow Yun-fat,a4bcdd37-3a1d-4624-ba35-f749f883ddce,1,0,1,0,0,laion-disco-12m,,,PRESENT
Chris Cornell,Chris Cornell,cbf9738d-8f81-4a92-bc64-ede09341652d,187,0,107,72,8,laion-disco-12m;sleeping-disco-9m;spotify-tracks-dataset,,,DOWNLOADED_ONLY
Gary Moore,Gary Moore,a8806b5c-3ee0-4277-94d3-1a5427a7707c,207,0,137,65,5,laion-disco-12m;sleeping-disco-9m;spotify-tracks-dataset,,,DOWNLOADED_ONLY
Twenty One Pilots,Twenty One Pilots,a6c6897a-7415-4f8d-b5a5-3a5e05f3be67,244,0,109,128,7,laion-disco-12m;sleeping-disco-9m;spotify-tracks-dataset,,,DOWNLOADED_ONLY
Noel Gallagher,Noel Gallagher,6493ed80-8b44-49fa-91de-e7b0a0b57d6d,25,0,20,4,1,laion-disco-12m;sleeping-disco-9m;spotify-tracks-dataset,,,DOWNLOADED_ONLY
River Phoenix,River Phoenix,17489,5,5,0,0,0,free-music-archive,free-music-archive,Google;Stability AI,USED_BY
Jeff Beck,Jeff Beck,14a4bc78-1c2d-4ca7-8d1b-9b58076a2a17,265,1,153,109,2,free-music-archive;laion-disco-12m;sleeping-disco-9m;spotify-tracks-dataset,free-music-archive,Google;Stability AI,USED_BY
Cara Delevingne,Cara Delevingne,abc8ba85-0a27-4eaa-9813-19414a454c54,7,0,1,6,0,laion-disco-12m;sleeping-disco-9m,,,PRESENT
Kino,Kino,064db6e8-fdfb-4acb-a327-fc2de75b37de,238,0,232,2,4,laion-disco-12m;sleeping-disco-9m;spotify-tracks-dataset,,,DOWNLOADED_ONLY
Franz Ferdinand,Franz Ferdinand,aa7a2827-f74b-473c-bd79-03d065835cf7,202,0,151,49,2,laion-disco-12m;sleeping-disco-9m;spotify-tracks-dataset,,,DOWNLOADED_ONLY
Chuck McCann,Chuck McCann,74aabeb0-4ddb-48a9-a668-47b2a7b0c7fd,1,0,0,1,0,sleeping-disco-9m,,,PRESENT
Nancy Ajram,Nancy Ajram,c5fb9677-b013-4cd7-b89b-bb6e73ad851b,148,0,148,0,0,laion-disco-12m,,,PRESENT
V,V,83096042-3785-481e-8843-dee69f1aad12,47,0,41,6,0,laion-disco-12m;sleeping-disco-9m,,,PRESENT
Jo Nesbø,Jo Nesbø,b4c690d5-9854-4bee-91c4-cee9098e808d,2,0,0,2,0,sleeping-disco-9m,,,PRESENT
Chris Rea,Chris Rea,c707b37e-cb5c-4694-be4d-46beefcb2475,184,0,139,42,3,laion-disco-12m;sleeping-disco-9m;spotify-tracks-dataset,,,DOWNLOADED_ONLY
Amy Macdonald,Amy Macdonald,6aa40207-fec8-43a7-991d-b872a42def05,176,0,142,32,2,laion-disco-12m;sleeping-disco-9m;spotify-tracks-dataset,,,DOWNLOADED_ONLY
Carmen Electra,Carmen Electra,26ec2015-615d-4e6c-97e9-afadfc286f42,15,0,0,15,0,sleeping-disco-9m,,,PRESENT
Mayhem,Mayhem,c5f9e699-7b0d-4030-86dd-7acc8250d147,231,0,139,86,6,laion-disco-12m;sleeping-disco-9m;spotify-tracks-dataset,,,DOWNLOADED_ONLY
Pitbull,Pitbull,d262ea27-3ffe-40f7-b922-85c42d625e67,662,0,284,367,11,laion-disco-12m;sleeping-disco-9m;spotify-tracks-dataset,,,DOWNLOADED_ONLY
Fermín IV,Fermín IV,8837e79f-d137-4405-ad00-197e3e340bd4,71,0,55,16,0,laion-disco-12m;sleeping-disco-9m,,,PRESENT
Françoise Hardy,Françoise Hardy,d2a79d20-1304-47fd-a998-b4fe1ec78373,335,0,150,185,0,laion-disco-12m;sleeping-disco-9m,,,PRESENT
Björn Ulvaeus,Björn Ulvaeus,ffb77292-9712-4d03-94aa-bdb1d4771d38,133,0,72,61,0,laion-disco-12m;sleeping-disco-9m,,,PRESENT
Carly Rae Jepsen,Carly Rae Jepsen,09887aa7-226e-4ecc-9a0c-02d2ae5777e1,287,0,147,135,5,laion-disco-12m;sleeping-disco-9m;spotify-tracks-dataset,,,DOWNLOADED_ONLY
Gloria Gaynor,Gloria Gaynor,d5c51c36-ac67-4727-91ed-ee9f0df81a2d,166,0,131,31,4,laion-disco-12m;sleeping-disco-9m;spotify-tracks-dataset,,,DOWNLOADED_ONLY
Thelonious Monk,Thelonious Monk,8e8c7417-c905-46b1-b42a-5260b4274ed4,340,0,266,73,1,laion-disco-12m;sleeping-disco-9m;spotify-tracks-dataset,,,DOWNLOADED_ONLY
Alexander Griboyedov,Alexander Griboyedov,0PIzCm3VvvBIyft5aPjHg2,2,0,2,0,0,laion-disco-12m,,,PRESENT
Gabriel Marcel,,,0,,,,,,,,NONE
Gene Roddenberry,Gene Roddenberry,4c113d66-6330-4809-aeb8-e761fcab4589,1,0,0,1,0,sleeping-disco-9m,,,PRESENT
Rajinikanth,Rajinikanth,16d2d214-139d-4727-a423-d97c2f8cad5c,35,0,35,0,0,laion-disco-12m,,,PRESENT
John Mayer,John Mayer,144ef525-85e9-40c3-8335-02c32d0861f3,289,0,147,107,35,laion-disco-12m;sleeping-disco-9m;spotify-tracks-dataset,,,DOWNLOADED_ONLY
Melina Mercouri,Melina Mercouri,bdb70d5d-ded0-4b06-a9d3-8b9e9d0f932d,49,0,45,4,0,laion-disco-12m;sleeping-disco-9m,,,PRESENT
Nusrat Fateh Ali Khan,Nusrat Fateh Ali Khan,5968383c-11c1-4c5b-ada0-504a38cec8e7,447,0,337,40,70,laion-disco-12m;sleeping-disco-9m;spotify-tracks-dataset,,,DOWNLOADED_ONLY
Children of Bodom,Children of Bodom,f57e14e4-b030-467c-b202-539453f504ec,245,0,150,79,16,laion-disco-12m;sleeping-disco-9m;spotify-tracks-dataset,,,DOWNLOADED_ONLY
Sheryl Crow,Sheryl Crow,80ccfede-c258-4575-a7ad-c982e9932e0f,321,0,159,152,10,laion-disco-12m;sleeping-disco-9m;spotify-tracks-dataset,,,DOWNLOADED_ONLY
Post Malone,Post Malone,b1e26560-60e5-4236-bbdb-9aa5a8d5ee19,301,0,139,157,5,laion-disco-12m;sleeping-disco-9m;spotify-tracks-dataset,,,DOWNLOADED_ONLY
Jada Pinkett Smith,Jada Pinkett Smith,91f52cce-8af9-477e-907b-3535d9e9fe24,1,0,1,0,0,laion-disco-12m,,,PRESENT
Victoria Abril,Victoria Abril,8e679c74-7a66-464a-9151-ef4b5029e684,1,0,1,0,0,laion-disco-12m,,,PRESENT
Polina Gagarina,Polina Gagarina,c66eb98b-82e4-402a-ab34-8be3c9aece2b,118,0,116,2,0,laion-disco-12m;sleeping-disco-9m,,,PRESENT
Meat Loaf,Meat Loaf,b134d1bf-c7c7-4427-93ac-9fdbc2b59ef1,246,0,143,103,0,laion-disco-12m;sleeping-disco-9m,,,PRESENT
Lys Assia,Lys Assia,6227e709-dad6-4045-932e-a4939911053e,168,0,146,22,0,laion-disco-12m;sleeping-disco-9m,,,PRESENT
Dan Aykroyd,Dan Aykroyd,295ef8d6-ab0d-48a7-90a5-d264dde5f92c,9,0,5,4,0,laion-disco-12m;sleeping-disco-9m,,,PRESENT
Jefferson Airplane,Jefferson Airplane,39c2a93d-9afa-4a22-9bba-c087ab056e1c,231,0,142,83,6,laion-disco-12m;sleeping-disco-9m;spotify-tracks-dataset,,,DOWNLOADED_ONLY
Clive Dunn,Clive Dunn,2c2ff2ab-47e1-4e65-bc74-cf3fc3589889,1,0,0,1,0,sleeping-disco-9m,,,PRESENT
Anton Webern,Anton Webern,7be0b588-030c-4904-836f-71ff43a2dfec,176,3,141,32,0,free-music-archive;laion-disco-12m;sleeping-disco-9m,free-music-archive,Google;Stability AI,USED_BY
John Deacon,,,0,,,,,,,,NONE
Lucy Hale,Lucy Hale,55489cf2-1d70-420f-a364-44b4e0eb276c,47,0,22,25,0,laion-disco-12m;sleeping-disco-9m,,,PRESENT
Kaliopi,Kaliopi,2d999b5f-fbb0-4ca7-bb0d-9f534c43ca41,121,0,104,17,0,laion-disco-12m;sleeping-disco-9m,,,PRESENT
The Offspring,The Offspring,23a03e33-a603-404e-bcbf-2c00159d7067,221,0,152,62,7,laion-disco-12m;sleeping-disco-9m;spotify-tracks-dataset,,,DOWNLOADED_ONLY
Sanna Nielsen,Sanna Nielsen,cc253e41-2b61-4853-aea2-cf5633645205,159,0,130,28,1,laion-disco-12m;sleeping-disco-9m;spotify-tracks-dataset,,,DOWNLOADED_ONLY
Mika,Mika,8a9ac1cb-faae-434e-8d60-b139a3707dfc,234,0,143,91,0,laion-disco-12m;sleeping-disco-9m,,,PRESENT
Charlotte Perrelli,Charlotte Perrelli,41e707cf-bfcc-46e6-bada-6b62167c7561,147,0,114,33,0,laion-disco-12m;sleeping-disco-9m,,,PRESENT
John Lydon,John Lydon,1b389bc0-68d2-4e2e-af22-6be1075b907d,1,0,1,0,0,laion-disco-12m,,,PRESENT
Europe,Europe,ccfe7a3c-1a45-4984-a8d0-644549cefe61,182,0,126,51,5,laion-disco-12m;sleeping-disco-9m;spotify-tracks-dataset,,,DOWNLOADED_ONLY
Carrie Underwood,Carrie Underwood,70f0e309-5418-49b6-a130-666e2f76eecd,282,0,155,118,9,laion-disco-12m;sleeping-disco-9m;spotify-tracks-dataset,,,DOWNLOADED_ONLY
Mylène Farmer,Mylène Farmer,18b23026-ed29-445a-9bb4-4e86598ab5a9,260,0,157,96,7,laion-disco-12m;sleeping-disco-9m;spotify-tracks-dataset,,,DOWNLOADED_ONLY
Oscar Isaac,Oscar Isaac,f5f3305f-22ea-45d5-a15e-0fbfedc08ccd,12,0,4,8,0,laion-disco-12m;sleeping-disco-9m,,,PRESENT
Burzum,Burzum,49cd96a6-42c3-44f6-ba2a-cd9301046b96,174,0,129,39,6,laion-disco-12m;sleeping-disco-9m;spotify-tracks-dataset,,,DOWNLOADED_ONLY
Ayumi Hamasaki,Ayumi Hamasaki,2b615bcf-baa0-4657-b9a5-1a5f34c386c4,143,0,142,1,0,laion-disco-12m;sleeping-disco-9m,,,PRESENT
James Marsden,James Marsden,4eed4f35-ac86-405f-8a8b-9a3ee80b12ab,28,0,22,6,0,laion-disco-12m;sleeping-disco-9m,,,PRESENT
Carlos Gardel,Carlos Gardel,bb54817c-6829-4ccc-bc58-030abb85c583,464,0,365,16,83,laion-disco-12m;sleeping-disco-9m;spotify-tracks-dataset,,,DOWNLOADED_ONLY
Gustav Holst,Gustav Holst,3ba68671-e3b5-4263-81dc-76b16b29bbc6,527,0,488,36,3,laion-disco-12m;sleeping-disco-9m;spotify-tracks-dataset,,,DOWNLOADED_ONLY
Neil Diamond,Neil Diamond,a42d3fd5-55de-4206-86c3-4fbb5404018f,192,0,147,44,1,laion-disco-12m;sleeping-disco-9m;spotify-tracks-dataset,,,DOWNLOADED_ONLY
Marija Šerifović,Marija Šerifović,e65269b6-f260-4756-b760-6f0ce938e7de,82,0,82,0,0,laion-disco-12m,,,PRESENT
P. Ramlee,P. Ramlee,6b2f4412-a43f-4d3c-9ed2-43f6d4f153d0,26,0,16,10,0,laion-disco-12m;sleeping-disco-9m,,,PRESENT
Dan Aykroyd,Dan Aykroyd,295ef8d6-ab0d-48a7-90a5-d264dde5f92c,9,0,5,4,0,laion-disco-12m;sleeping-disco-9m,,,PRESENT
Carla Gugino,Carla Gugino,6ca8eb2b-d0b1-4e24-a809-c596c41e7bfa,2,0,1,1,0,laion-disco-12m;sleeping-disco-9m,,,PRESENT
Guy Pearce,,,0,,,,,,,,NONE
Michelle Trachtenberg,,,0,,,,,,,,NONE
Rita Moreno,Rita Moreno,fb0df491-defa-4468-8818-dd4e0c208fdd,78,0,70,7,1,laion-disco-12m;sleeping-disco-9m;spotify-tracks-dataset,,,DOWNLOADED_ONLY
Herbie Hancock,Herbie Hancock,27613b78-1b9d-4ec3-9db5-fa0743465fdd,342,0,218,122,2,laion-disco-12m;sleeping-disco-9m;spotify-tracks-dataset,,,DOWNLOADED_ONLY
Sertab Erener,Sertab Erener,d138302b-4f57-4d1d-83e3-47f95cb51774,274,0,152,111,11,laion-disco-12m;sleeping-disco-9m;spotify-tracks-dataset,,,DOWNLOADED_ONLY
Goran Bregović,Goran Bregović,883ece23-2779-4091-b527-62eb07ee79d4,167,0,139,28,0,laion-disco-12m;sleeping-disco-9m,,,PRESENT
Tool,Tool,66fc5bf8-daa4-4241-b378-9bc9077939d2,148,0,72,68,8,laion-disco-12m;sleeping-disco-9m;spotify-tracks-dataset,,,DOWNLOADED_ONLY
Linda Ronstadt,Linda Ronstadt,498f2581-be21-4eef-8756-fbb89d79b1c0,344,0,173,170,1,laion-disco-12m;sleeping-disco-9m;spotify-tracks-dataset,,,DOWNLOADED_ONLY
Saint Cecilia,Saint Cecilia,5159bca1-dccc-4a88-a9ce-df8879ca82e5,121,0,86,35,0,laion-disco-12m;sleeping-disco-9m,,,PRESENT
John Barry,John Barry,661e20c8-3d82-4da2-94a2-97d9e11691c0,230,0,178,51,1,laion-disco-12m;sleeping-disco-9m;spotify-tracks-dataset,,,DOWNLOADED_ONLY
Sonic Youth,Sonic Youth,5cbef01b-cc35-4f52-af7b-d0df0c4f61b9,328,0,152,176,0,laion-disco-12m;sleeping-disco-9m,,,PRESENT
Naomi Scott,Naomi Scott,65fc5739-3562-46a0-8b69-1d1f64941a8b,52,0,29,21,2,laion-disco-12m;sleeping-disco-9m;spotify-tracks-dataset,,,DOWNLOADED_ONLY
Def Leppard,Def Leppard,7249b899-8db8-43e7-9e6e-22f1e736024e,253,0,153,90,10,laion-disco-12m;sleeping-disco-9m;spotify-tracks-dataset,,,DOWNLOADED_ONLY
Louis Tomlinson,Louis Tomlinson,6d390061-b3cd-4db3-b905-e56b7f5357fd,120,0,76,43,1,laion-disco-12m;sleeping-disco-9m;spotify-tracks-dataset,,,DOWNLOADED_ONLY
Juliette Lewis,Juliette Lewis,607dec4a-3efc-44ae-ba52-6d5cabcdd1cc,43,0,25,18,0,laion-disco-12m;sleeping-disco-9m,,,PRESENT
Jane Russell,Jane Russell,9fa1c35f-8c88-4e8a-a8d7-7fa461b65d5e,85,0,79,6,0,laion-disco-12m;sleeping-disco-9m,,,PRESENT
Feodor Chaliapin,Feodor Chaliapin,0ffcc552-fc9d-4b79-a6d5-b78912a7cdfb,127,0,122,1,4,laion-disco-12m;sleeping-disco-9m;spotify-tracks-dataset,,,DOWNLOADED_ONLY
Danny Elfman,Danny Elfman,5b24fbab-c58f-4c37-a59d-ab232e2d98c4,366,0,239,127,0,laion-disco-12m;sleeping-disco-9m,,,PRESENT
Destiny's Child,Destiny's Child,a796b92e-c137-4895-9c89-10f900617a4f,317,0,141,176,0,laion-disco-12m;sleeping-disco-9m,,,PRESENT
Glynis Johns,Glynis Johns,35b4d9cc-918a-4496-9b9b-52fac536fbec,13,0,7,4,2,laion-disco-12m;sleeping-disco-9m;spotify-tracks-dataset,,,DOWNLOADED_ONLY
Gorillaz,Gorillaz,e21857d5-3256-4547-afb3-4b6ded592596,348,0,148,193,7,laion-disco-12m;sleeping-disco-9m;spotify-tracks-dataset,,,DOWNLOADED_ONLY
Mark Knopfler,Mark Knopfler,e49f69da-17d5-4c5c-bac0-dadcb0e588f5,301,0,158,143,0,laion-disco-12m;sleeping-disco-9m,,,PRESENT
Fats Domino,Fats Domino,e787de5d-49e2-4b1f-9bde-1fd3a671b971,200,0,112,82,6,laion-disco-12m;sleeping-disco-9m;spotify-tracks-dataset,,,DOWNLOADED_ONLY
Adam Lambert,Adam Lambert,e942594a-91cc-427a-8beb-6815c28e9254,258,0,157,95,6,laion-disco-12m;sleeping-disco-9m;spotify-tracks-dataset,,,DOWNLOADED_ONLY
Dave Brubeck,Dave Brubeck,de0222a6-e1c4-403d-8b01-3f66d505061b,156,0,125,27,4,laion-disco-12m;sleeping-disco-9m;spotify-tracks-dataset,,,DOWNLOADED_ONLY
Jon Lord,Jon Lord,6bf692e0-baac-4428-94c3-423d52508cf0,151,0,134,17,0,laion-disco-12m;sleeping-disco-9m,,,PRESENT
Paul Anka,Paul Anka,420c6768-0885-415a-bb59-d6a275121125,239,1,150,81,7,free-music-archive;laion-disco-12m;sleeping-disco-9m;spotify-tracks-dataset,free-music-archive,Google;Stability AI,USED_BY
Celia Cruz,Celia Cruz,7b8e1188-9ca4-4aa5-8393-172de6fa04de,414,0,261,139,14,laion-disco-12m;sleeping-disco-9m;spotify-tracks-dataset,,,DOWNLOADED_ONLY
Muddy Waters,Muddy Waters,f86f1f07-d182-45ce-ae93-ef610880ca72,311,0,242,68,1,laion-disco-12m;sleeping-disco-9m;spotify-tracks-dataset,,,DOWNLOADED_ONLY
Domenico Modugno,Domenico Modugno,b8e60837-e646-4f18-8f92-27d1173511b0,240,0,141,99,0,laion-disco-12m;sleeping-disco-9m,,,PRESENT
Stevie Ray Vaughan,Stevie Ray Vaughan,f5426431-f490-4678-ad44-a75c71097bb4,215,0,150,61,4,laion-disco-12m;sleeping-disco-9m;spotify-tracks-dataset,,,DOWNLOADED_ONLY
Gus Van Sant,Gus Van Sant,c41bf429-3f3d-4d5c-95c6-a3afb6831146,3,0,0,3,0,sleeping-disco-9m,,,PRESENT
Kang Seul-gi,Kang Seul-gi,ff415d62-f29d-4949-8b36-1dfde54e3737,61,0,40,20,1,laion-disco-12m;sleeping-disco-9m;spotify-tracks-dataset,,,DOWNLOADED_ONLY
Alban Berg,Alban Berg,f61c909a-db95-4a61-bc23-65a86e0d2907,72,0,46,26,0,laion-disco-12m;sleeping-disco-9m,,,PRESENT
Maureen O'Hara,,,0,,,,,,,,NONE
Yann Martel,,,0,,,,,,,,NONE
Joan Collins,Joan Collins,78a88e05-623f-4e4b-9ff2-e55a3b5effbc,1,0,1,0,0,laion-disco-12m,,,PRESENT
Wolfram von Eschenbach,,,0,,,,,,,,NONE
Brenda Song,Brenda Song,a5375dac-6ec1-4d18-b66f-72969ae4534e,2,0,1,1,0,laion-disco-12m;sleeping-disco-9m,,,PRESENT
Jimin,Jimin,d2582c77-6b0f-4b2f-802f-8f3cad1a5fec,27,0,27,0,0,laion-disco-12m,,,PRESENT
Juan Rulfo,,,0,,,,,,,,NONE
Paul Giamatti,Paul Giamatti,3d5203a9-ebd1-4a34-a83e-779440c2731e,2,0,0,2,0,sleeping-disco-9m,,,PRESENT
Imelda Staunton,Imelda Staunton,ddf3af4f-17b3-4a0b-8e3c-dbda6861b393,20,0,12,6,2,laion-disco-12m;sleeping-disco-9m;spotify-tracks-dataset,,,DOWNLOADED_ONLY
Mandy Patinkin,Mandy Patinkin,a118423d-5b0d-4d9c-84a2-438fc7e40181,188,0,148,33,7,laion-disco-12m;sleeping-disco-9m;spotify-tracks-dataset,,,DOWNLOADED_ONLY
Robert Rodriguez,Robert Rodriguez,d3883e2f-691d-48eb-92a6-770c1dcd98d9,10,0,5,5,0,laion-disco-12m;sleeping-disco-9m,,,PRESENT
Lara Flynn Boyle,,,0,,,,,,,,NONE
Sonakshi Sinha,Sonakshi Sinha,4643263f-ebe7-449e-abc2-30661ece822b,14,0,14,0,0,laion-disco-12m,,,PRESENT
Cyd Charisse,Cyd Charisse,4044aa5e-d57b-46a7-9a5b-be8da012a249,28,0,28,0,0,laion-disco-12m,,,PRESENT
Sadie Sink,,,0,,,,,,,,NONE
Mary Elizabeth Winstead,,,0,,,,,,,,NONE
Dannii Minogue,Dannii Minogue,4cab12f3-af12-4a55-ade2-606bd9524425,250,0,139,111,0,laion-disco-12m;sleeping-disco-9m,,,PRESENT
Dianna Agron,,,0,,,,,,,,NONE
Víctor Jara,Víctor Jara,b7e6a7fb-1d38-4ad8-bd97-c125ad4421ab,177,0,153,24,0,laion-disco-12m;sleeping-disco-9m,,,PRESENT
L. Ron Hubbard,,,0,,,,,,,,NONE
Nick Cave,Nick Cave,4aae17a7-9f0c-487b-b60e-f8eafb410b1d,388,0,170,216,2,laion-disco-12m;sleeping-disco-9m;spotify-tracks-dataset,,,DOWNLOADED_ONLY
Charlie Puth,Charlie Puth,525f1f1c-03f0-4bc8-8dfd-e7521f87631b,248,0,108,108,32,laion-disco-12m;sleeping-disco-9m;spotify-tracks-dataset,,,DOWNLOADED_ONLY
Kelly Rowland,Kelly Rowland,31bea673-d23a-4889-8da1-7cb040863268,256,0,142,112,2,laion-disco-12m;sleeping-disco-9m;spotify-tracks-dataset,,,DOWNLOADED_ONLY
Bebe Rexha,Bebe Rexha,db8fad3a-e131-47a1-8782-c2ee93708cdd,332,0,159,145,28,laion-disco-12m;sleeping-disco-9m;spotify-tracks-dataset,,,DOWNLOADED_ONLY
Krist Novoselic,Krist Novoselic,ac05e29f-0561-4445-bb26-5562d2389531,1,0,1,0,0,laion-disco-12m,,,PRESENT
Isaac Hayes,Isaac Hayes,a2361c7d-ddb6-41c1-a9a0-be09fbbb8d21,208,0,153,54,1,laion-disco-12m;sleeping-disco-9m;spotify-tracks-dataset,,,DOWNLOADED_ONLY
Judy Holliday,Judy Holliday,371c89f6-be93-491c-b0e2-c8a85de7240e,72,0,66,6,0,laion-disco-12m;sleeping-disco-9m,,,PRESENT
Jean-Michel Basquiat,,,0,,,,,,,,NONE
Skrillex,Skrillex,ae002c5d-aac6-490b-a39a-30aa9e2edf2b,413,0,205,188,20,laion-disco-12m;sleeping-disco-9m;spotify-tracks-dataset,,,DOWNLOADED_ONLY
Tarja Turunen,Tarja Turunen,1fd8c24b-eaf3-4ee2-9931-b8130099d789,280,0,147,126,7,laion-disco-12m;sleeping-disco-9m;spotify-tracks-dataset,,,DOWNLOADED_ONLY
Jerry Goldsmith,Jerry Goldsmith,db403e3d-4753-45d6-8fcb-94db03e882e1,257,0,182,75,0,laion-disco-12m;sleeping-disco-9m,,,PRESENT
Carole King,Carole King,bf6c29f5-b69f-4842-9031-37f9645d365d,270,0,142,128,0,laion-disco-12m;sleeping-disco-9m,,,PRESENT
Annie Girardot,Annie Girardot,1baeec41-7e83-42f3-af37-03f96313e3d0,3,0,3,0,0,laion-disco-12m,,,PRESENT
John Belushi,John Belushi,31a98c74-54e3-464a-b747-829b89d5f248,3,0,0,3,0,sleeping-disco-9m,,,PRESENT
Lisa Marie Presley,Lisa Marie Presley,4635869b-1f1a-452e-af87-f6c2e2ef6e74,75,0,43,31,1,laion-disco-12m;sleeping-disco-9m;spotify-tracks-dataset,,,DOWNLOADED_ONLY
Stevie Nicks,Stevie Nicks,b7f2cca2-72c6-41fb-ae33-53370fc62fe7,238,0,162,76,0,laion-disco-12m;sleeping-disco-9m,,,PRESENT
Connie Francis,Connie Francis,5fcd7daf-25e1-47fd-9ba1-830b42708f84,177,0,61,107,9,laion-disco-12m;sleeping-disco-9m;spotify-tracks-dataset,,,DOWNLOADED_ONLY
Finn Wolfhard,,,0,,,,,,,,NONE
Placebo,Placebo,847e8284-8582-4b0e-9c26-b042a4f49e57,291,0,145,146,0,laion-disco-12m;sleeping-disco-9m,,,PRESENT
Youssou N’Dour,Youssou N’Dour,af081ea2-7a2c-4fbd-8200-92d62056b5f5,184,0,165,19,0,laion-disco-12m;sleeping-disco-9m,,,PRESENT
Richard Chamberlain,Richard Chamberlain,7ff78a11-3a3a-4f0b-982e-79afa3333d90,7,0,0,7,0,sleeping-disco-9m,,,PRESENT
Carmen Miranda,Carmen Miranda,8aee107e-f22b-40cf-95cb-67fce8fa5fbd,190,0,168,22,0,laion-disco-12m;sleeping-disco-9m,,,PRESENT
Martin Short,Martin Short,32967245-ec7f-49a2-bf9f-3ed659005ffa,59,0,48,9,2,laion-disco-12m;sleeping-disco-9m;spotify-tracks-dataset,,,DOWNLOADED_ONLY
Rekhā,Rekhā,b2918404-8c46-415f-a419-779516c9dfc5,55,0,55,0,0,laion-disco-12m,,,PRESENT
John Carpenter,John Carpenter,06d3fe7f-b5c7-4af9-a96b-5a41675e29ce,316,0,273,43,0,laion-disco-12m;sleeping-disco-9m,,,PRESENT
Tim Conway,,,0,,,,,,,,NONE
Lily James,Lily James,3a214369-9351-4c9f-98d2-e22ffa3c0867,20,0,15,5,0,laion-disco-12m;sleeping-disco-9m,,,PRESENT
Rupert Everett,Rupert Everett,668741d5-97f0-4ebe-af7a-9d3550d52af7,3,0,1,2,0,laion-disco-12m;sleeping-disco-9m,,,PRESENT
John Gielgud,John Gielgud,cfd9af15-def1-4b21-b730-348a24469860,10,0,10,0,0,laion-disco-12m,,,PRESENT
Jane Lynch,Jane Lynch,0f3f2e96-07bc-46f0-9b74-8c68071dc176,27,0,26,1,0,laion-disco-12m;sleeping-disco-9m,,,PRESENT
Julia Sanina,Julia Sanina,f5c9401a-2fbb-4c85-a8f1-6a2c56276769,18,0,17,1,0,laion-disco-12m;sleeping-disco-9m,,,PRESENT
Max Brod,,,0,,,,,,,,NONE
Chinmoy Kumar Ghose,Chinmoy Kumar Ghose,e360a426-71bc-47af-8deb-c1b22e2e9f2e,142,0,142,0,0,laion-disco-12m,,,PRESENT
Larry the Cable Guy,Larry the Cable Guy,b14d8d34-6041-4fda-9557-eb7da046041c,169,0,142,16,11,laion-disco-12m;sleeping-disco-9m;spotify-tracks-dataset,,,DOWNLOADED_ONLY
Asha Bhosle,Asha Bhosle,79c5547a-e098-495c-8dac-7e99546aa46b,1212,0,1145,58,9,laion-disco-12m;sleeping-disco-9m;spotify-tracks-dataset,,,DOWNLOADED_ONLY
John Lee Hooker,John Lee Hooker,b0122194-c49a-46a1-ade7-84d1d76bd8e9,355,0,186,168,1,laion-disco-12m;sleeping-disco-9m;spotify-tracks-dataset,,,DOWNLOADED_ONLY
Bettina von Arnim,Bettina von Arnim,Bettina-von-arnim,3,0,0,3,0,sleeping-disco-9m,,,PRESENT
Oliver Hardy,,,0,,,,,,,,NONE
Ingeborg Bachmann,,,0,,,,,,,,NONE
Park Chan-yeol,Park Chan-yeol,7100af1a-1224-4636-83ad-7f7fcf0973d7,68,0,37,29,2,laion-disco-12m;sleeping-disco-9m;spotify-tracks-dataset,,,DOWNLOADED_ONLY
The Jackson 5,The Jackson 5,e5257dc5-1edd-4fca-b7e6-1158e00522c8,386,0,138,230,18,laion-disco-12m;sleeping-disco-9m;spotify-tracks-dataset,,,DOWNLOADED_ONLY
Cole Porter,Cole Porter,4a94a6cb-e70a-418b-bb53-a37897b950ce,220,0,207,13,0,laion-disco-12m;sleeping-disco-9m,,,PRESENT
Travis Scott,Travis Scott,e4a51f17-a57b-47b1-b37b-f552d0f8e9e6,503,0,219,262,22,laion-disco-12m;sleeping-disco-9m;spotify-tracks-dataset,,,DOWNLOADED_ONLY
Jaden Smith,Jaden Smith,166cb987-3156-4166-b0d3-f1ad5a6c514c,257,0,115,141,1,laion-disco-12m;sleeping-disco-9m;spotify-tracks-dataset,,,DOWNLOADED_ONLY
Inna,Inna,99efca32-eea1-45fb-92cb-8798976a9769,347,0,157,184,6,laion-disco-12m;sleeping-disco-9m;spotify-tracks-dataset,,,DOWNLOADED_ONLY
Debbie Harry,Debbie Harry,2e229823-0fc2-438b-aacb-5de02bd0b9b7,184,0,135,49,0,laion-disco-12m;sleeping-disco-9m,,,PRESENT
DMX,DMX,f3bf61f8-97d4-4e52-a73d-2ddbbe8196c8,408,0,195,206,7,laion-disco-12m;sleeping-disco-9m;spotify-tracks-dataset,,,DOWNLOADED_ONLY
Chick Corea,Chick Corea,8446fcca-109e-4c6d-a2ff-5a269b32b4c2,300,0,233,67,0,laion-disco-12m;sleeping-disco-9m,,,PRESENT
Rosalía,Rosalía,25f3abd9-63b5-471a-bd25-feb9672dfa11,168,0,82,81,5,laion-disco-12m;sleeping-disco-9m;spotify-tracks-dataset,,,DOWNLOADED_ONLY
Helena Paparizou,Helena Paparizou,28a40a67-ecd3-432a-be2f-51490a7743ec,302,0,134,168,0,laion-disco-12m;sleeping-disco-9m,,,PRESENT
Ann-Margret,Ann-Margret,0d6e57aa-f495-460e-a27a-0d6677070914,183,0,159,24,0,laion-disco-12m;sleeping-disco-9m,,,PRESENT
Garbage,Garbage,f9ef7a22-4262-4596-a2a8-1d19345b8e50,215,0,146,69,0,laion-disco-12m;sleeping-disco-9m,,,PRESENT
Joe Jonas,Joe Jonas,79e1bb77-fd8b-42ab-8043-892af5370f0b,48,0,29,19,0,laion-disco-12m;sleeping-disco-9m,,,PRESENT
Sam Shepard,,,0,,,,,,,,NONE
Dana International,Dana International,f92469be-f755-433a-be19-8bd0c9040e5a,70,0,53,17,0,laion-disco-12m;sleeping-disco-9m,,,PRESENT
Karen Black,Karen Black,f3d82d5c-4d16-4931-98bd-c5ae6e8aaf12,17,0,1,16,0,laion-disco-12m;sleeping-disco-9m,,,PRESENT
Jean Anthelme Brillat-Savarin,,,0,,,,,,,,NONE
Beastie Boys,Beastie Boys,9beb62b2-88db-4cea-801e-162cd344ee53,272,1,148,123,0,free-music-archive;laion-disco-12m;sleeping-disco-9m,free-music-archive,Google;Stability AI,USED_BY
Timbaland,Timbaland,daa09819-5da5-4c7a-8bef-eb372bb27ff1,382,0,188,193,1,laion-disco-12m;sleeping-disco-9m;spotify-tracks-dataset,,,DOWNLOADED_ONLY
Snow Patrol,Snow Patrol,a66999a7-ae5c-460e-ba94-1a01143ae847,204,0,124,79,1,laion-disco-12m;sleeping-disco-9m;spotify-tracks-dataset,,,DOWNLOADED_ONLY
Patty Duke,Patty Duke,58b28b91-30a2-4c7e-8469-61c26f63710e,27,0,0,27,0,sleeping-disco-9m,,,PRESENT
Carrot Top,,,0,,,,,,,,NONE
Niall Horan,Niall Horan,55e6074f-ef78-4ec3-8fff-bd1b8cc8c14a,172,0,89,76,7,laion-disco-12m;sleeping-disco-9m;spotify-tracks-dataset,,,DOWNLOADED_ONLY
Cliff Richard,Cliff Richard,b5c2fdfc-d037-45b8-84f9-09ebb7ff8aa1,568,0,234,324,10,laion-disco-12m;sleeping-disco-9m;spotify-tracks-dataset,,,DOWNLOADED_ONLY
Benny Hill,Benny Hill,198dfed2-a0c0-428c-8c4b-29cd7ed02526,56,0,50,6,0,laion-disco-12m;sleeping-disco-9m,,,PRESENT
Pola Negri,Pola Negri,3a07d627-6566-4d50-8568-c5ad52df3c6f,1,0,1,0,0,laion-disco-12m,,,PRESENT
Flea,Flea,2dc7a305-7a8c-4fcc-add4-5e9def0a9a0d,15,0,12,3,0,laion-disco-12m;sleeping-disco-9m,,,PRESENT
ZZ Top,ZZ Top,a81259a0-a2f5-464b-866e-71220f2739f1,188,0,141,40,7,laion-disco-12m;sleeping-disco-9m;spotify-tracks-dataset,,,DOWNLOADED_ONLY
Cher Lloyd,Cher Lloyd,48fbfb0b-92ee-45eb-99c2-0bde4c05962e,95,0,42,52,1,laion-disco-12m;sleeping-disco-9m;spotify-tracks-dataset,,,DOWNLOADED_ONLY
Meghan Trainor,Meghan Trainor,b2029169-2574-4305-820f-252a5fde3697,344,0,160,180,4,laion-disco-12m;sleeping-disco-9m;spotify-tracks-dataset,,,DOWNLOADED_ONLY
Barry Bostwick,Barry Bostwick,acfc12e0-ed7e-4472-9dbf-b69e3c64ef9a,42,0,40,2,0,laion-disco-12m;sleeping-disco-9m,,,PRESENT
Alsou,Alsou,119b77f3-87f4-45e2-a647-5cc21d0d0763,132,0,132,0,0,laion-disco-12m,,,PRESENT
Geri Halliwell,Geri Halliwell,23207c32-6743-4982-9f46-e297b2e4eb14,98,0,67,31,0,laion-disco-12m;sleeping-disco-9m,,,PRESENT
Jim Belushi,Jim Belushi,47613356-289b-411b-afe2-e25785171e5c,1,0,0,1,0,sleeping-disco-9m,,,PRESENT
Zaz,Zaz,e3214827-bd09-4d53-a88c-893d61556352,181,0,128,53,0,laion-disco-12m;sleeping-disco-9m,,,PRESENT
Terrence Howard,Terrence Howard,24f7ec60-33f7-4a17-9b81-3602809651eb,28,0,19,9,0,laion-disco-12m;sleeping-disco-9m,,,PRESENT
John Legend,John Legend,75a72702-a5ef-4513-bca5-c5b944903546,505,0,210,282,13,laion-disco-12m;sleeping-disco-9m;spotify-tracks-dataset,,,DOWNLOADED_ONLY
Sam Cooke,Sam Cooke,6c8fd0be-d961-454c-aee0-4366a6dbc993,309,0,174,135,0,laion-disco-12m;sleeping-disco-9m,,,PRESENT
Danny Kaye,Danny Kaye,7f97c63c-419b-475f-8df7-87e1d2ec3ba2,209,0,188,21,0,laion-disco-12m;sleeping-disco-9m,,,PRESENT
Natalie Cole,Natalie Cole,eb45032c-80da-469c-be20-1d09f08ef37f,269,0,145,122,2,laion-disco-12m;sleeping-disco-9m;spotify-tracks-dataset,,,DOWNLOADED_ONLY
Shreya Ghoshal,Shreya Ghoshal,a8740949-50a8-4e71-8133-17d31b7cf69c,1033,0,761,179,93,laion-disco-12m;sleeping-disco-9m;spotify-tracks-dataset,,,DOWNLOADED_ONLY
Liam Gallagher,Liam Gallagher,1f2345fa-344e-4863-a1d7-3958d57f4301,164,0,113,51,0,laion-disco-12m;sleeping-disco-9m,,,PRESENT
Faith Hill,Faith Hill,406552d4-5ba1-4226-b7c0-367bc50fc767,221,0,125,88,8,laion-disco-12m;sleeping-disco-9m;spotify-tracks-dataset,,,DOWNLOADED_ONLY
Robert Johnson,Robert Johnson,8a8bbba6-72f7-4900-a306-c40b94f2631b,135,0,121,14,0,laion-disco-12m;sleeping-disco-9m,,,PRESENT
Rex Harrison,Rex Harrison,e5153ba3-2e3f-4b82-bda8-166c2aaa17ff,115,0,103,12,0,laion-disco-12m;sleeping-disco-9m,,,PRESENT
Robert Johnson,Robert Johnson,8a8bbba6-72f7-4900-a306-c40b94f2631b,135,0,121,14,0,laion-disco-12m;sleeping-disco-9m,,,PRESENT
Buranovskiye Babushki,Buranovskiye Babushki,328056e7-a317-49ac-9655-5e06ed2eedc2,39,0,39,0,0,laion-disco-12m,,,PRESENT
Sylvia Kristel,Sylvia Kristel,05fb5bee-564b-43f1-a059-9a77c78c59d3,2,0,2,0,0,laion-disco-12m,,,PRESENT
Jaden Smith,Jaden Smith,26f50623-f0bd-4c9f-a8f5-6145767713c8,1,0,0,1,0,sleeping-disco-9m,,,PRESENT
Maurice Béjart,,,0,,,,,,,,NONE
Tessa Thompson,Tessa Thompson,95eb895a-c482-41c5-9bd6-3d53e78c168c,11,0,6,5,0,laion-disco-12m;sleeping-disco-9m,,,PRESENT
Estelle Harris,,,0,,,,,,,,NONE
Tayanna,Tayanna,8fbc8613-30f3-4cfe-a766-701a9449c34b,63,0,46,17,0,laion-disco-12m;sleeping-disco-9m,,,PRESENT
CeeLo Green,CeeLo Green,2c69465c-0f76-45ce-90a2-1ed0fdacc997,412,0,177,234,1,laion-disco-12m;sleeping-disco-9m;spotify-tracks-dataset,,,DOWNLOADED_ONLY
Within Temptation,Within Temptation,eace2373-31c8-4aba-9a5c-7bce22dd140a,288,0,140,127,21,laion-disco-12m;sleeping-disco-9m;spotify-tracks-dataset,,,DOWNLOADED_ONLY
Pete Best,Pete Best,4bf05cf1-556a-48bb-b659-7f8164850b72,1,0,0,1,0,sleeping-disco-9m,,,PRESENT
BoA,BoA,a16d1433-ba89-4f72-a47b-a370add0bb55,129,0,119,10,0,laion-disco-12m;sleeping-disco-9m,,,PRESENT
Talking Heads,Talking Heads,a94a7155-c79d-4409-9fcf-220cb0e4dc3a,229,0,144,81,4,laion-disco-12m;sleeping-disco-9m;spotify-tracks-dataset,,,DOWNLOADED_ONLY
Mélanie Laurent,Mélanie Laurent,91e0ea6c-d168-45d4-b22a-7a57c43c5926,14,0,14,0,0,laion-disco-12m,,,PRESENT
Vanessa-Mae,Vanessa-Mae,c75d637d-bcca-4123-9ffa-fab3c01be71a,165,0,121,44,0,laion-disco-12m;sleeping-disco-9m,,,PRESENT
Susanne Blakeslee,Susanne Blakeslee,cf31f694-831f-4d0e-bf47-595965ed3973,1,0,1,0,0,laion-disco-12m,,,PRESENT
Malin Akerman,Malin Akerman,2omJH5YZGa7zfupZInxACk,1,0,0,1,0,sleeping-disco-9m,,,PRESENT
Apocalyptica,Apocalyptica,788ad31c-bf0c-4a31-83f8-b8b130d79c76,262,0,151,110,1,laion-disco-12m;sleeping-disco-9m;spotify-tracks-dataset,,,DOWNLOADED_ONLY
Ritchie Blackmore,Ritchie Blackmore,fc5f555c-dfa2-4f16-9da5-98342105c23a,18,0,16,2,0,laion-disco-12m;sleeping-disco-9m,,,PRESENT
Lena Horne,Lena Horne,0031bc7a-1b6f-4620-99db-5202405b0749,181,0,126,54,1,laion-disco-12m;sleeping-disco-9m;spotify-tracks-dataset,,,DOWNLOADED_ONLY
Israel Kamakawiwoʻole,Israel Kamakawiwoʻole,e7ae37b1-624f-47b9-bf4f-53b52ef19528,69,0,68,0,1,laion-disco-12m;spotify-tracks-dataset,,,DOWNLOADED_ONLY
Eddie Vedder,Eddie Vedder,1a60d6dd-9d3e-40fc-a66d-3184f9ee0d61,127,0,81,28,18,laion-disco-12m;sleeping-disco-9m;spotify-tracks-dataset,,,DOWNLOADED_ONLY
Art Garfunkel,Art Garfunkel,fc0a5289-4b77-4246-9c8d-857c8b617f5d,157,0,123,34,0,laion-disco-12m;sleeping-disco-9m,,,PRESENT
AnnaSophia Robb,AnnaSophia Robb,813aa384-260d-46f8-a611-fa421b6e118f,1,0,0,1,0,sleeping-disco-9m,,,PRESENT
Arash,Arash,0e34ee8b-ac1f-4c95-aba7-856cca40ffb2,161,0,123,37,1,laion-disco-12m;sleeping-disco-9m;spotify-tracks-dataset,,,DOWNLOADED_ONLY
Noël Coward,Noël Coward,6aa4bb26-36f8-4a96-8328-4810a4e9a617,179,0,163,16,0,laion-disco-12m;sleeping-disco-9m,,,PRESENT
Joan Jett,Joan Jett,f376828a-b438-4fda-bb2e-dcd5fbe81f83,46,0,16,30,0,laion-disco-12m;sleeping-disco-9m,,,PRESENT
N.W.A.,N.W.A.,3a54bffa-2314-44a2-927b-60144119c780,107,0,58,40,9,laion-disco-12m;sleeping-disco-9m;spotify-tracks-dataset,,,DOWNLOADED_ONLY
Bessie Smith,Bessie Smith,ffa28768-ecda-42c6-ac49-6ce5c7d33043,302,1,257,44,0,free-music-archive;laion-disco-12m;sleeping-disco-9m,free-music-archive,Google;Stability AI,USED_BY
Jason Alexander,Jason Alexander,7586ba0f-c745-4978-a1d5-cc0a609c0796,13,0,12,1,0,laion-disco-12m;sleeping-disco-9m,,,PRESENT
Franka Potente,Franka Potente,637b8ab1-7ded-44f5-84de-6faceab403d4,10,0,5,5,0,laion-disco-12m;sleeping-disco-9m,,,PRESENT
Kazi Nazrul Islam,Kazi Nazrul Islam,4HEb93Zc5Da0CfRhOxUak9,34,0,24,10,0,laion-disco-12m;sleeping-disco-9m,,,PRESENT
Ani Lorak,Ani Lorak,29ec65e9-0dcf-4dfa-9155-7f13cef07335,126,0,126,0,0,laion-disco-12m,,,PRESENT
Richard Wright,Richard Wright,6f7e36da-79d8-4219-990d-8e9224d04ebc,6,0,1,5,0,laion-disco-12m;sleeping-disco-9m,,,PRESENT
Keane,Keane,c7020c6d-cae9-4db3-92a7-e5c561cbad50,209,0,146,50,13,laion-disco-12m;sleeping-disco-9m;spotify-tracks-dataset,,,DOWNLOADED_ONLY
Emma Bunton,Emma Bunton,71b03238-e53d-4e1e-9b3a-6ce1dcdf2894,60,0,32,28,0,laion-disco-12m;sleeping-disco-9m,,,PRESENT
Sabaton,Sabaton,39a31de6-763d-48b6-a45c-f7cfad58ffd8,286,0,148,132,6,laion-disco-12m;sleeping-disco-9m;spotify-tracks-dataset,,,DOWNLOADED_ONLY
Lily-Rose Depp,Lily-Rose Depp,f0d1252e-fb06-4790-bba7-78a0f3d1e577,25,0,14,11,0,laion-disco-12m;sleeping-disco-9m,,,PRESENT
Julia Louis-Dreyfus,,,0,,,,,,,,NONE
Fairuz,Fairuz,338bbb53-5b96-447a-9444-8906844a0790,203,0,203,0,0,laion-disco-12m,,,PRESENT
Vanessa Williams,Vanessa Williams,7cce3b8e-623c-4078-b079-837cbcf638c4,234,0,143,91,0,laion-disco-12m;sleeping-disco-9m,,,PRESENT
Donald Glover,Donald Glover,7fb57fba-a6ef-44c2-abab-2fa3bdee607e,299,0,116,183,0,laion-disco-12m;sleeping-disco-9m,,,PRESENT
Sean Paul,Sean Paul,c3da3346-2643-48a7-93cd-011f6834b3d7,512,0,210,238,64,laion-disco-12m;sleeping-disco-9m;spotify-tracks-dataset,,,DOWNLOADED_ONLY
György Ligeti,György Ligeti,da5e774b-026a-4117-82a4-11d246c05a8b,162,0,135,27,0,laion-disco-12m;sleeping-disco-9m,,,PRESENT
Cheryl,Cheryl,2d499150-1c42-4ffb-a90c-1cc635519d33,133,0,86,47,0,laion-disco-12m;sleeping-disco-9m,,,PRESENT
Andy Dick,Andy Dick,2a18326b-450d-4fe0-907c-6d93521e88c1,3,0,0,3,0,sleeping-disco-9m,,,PRESENT
Leona Lewis,Leona Lewis,8d552dfc-648f-401f-90de-e925013ca537,227,0,120,102,5,laion-disco-12m;sleeping-disco-9m;spotify-tracks-dataset,,,DOWNLOADED_ONLY
Otis Redding,Otis Redding,82b1f5fd-cd31-41a9-b5d4-7e33f0eb9751,234,0,150,75,9,laion-disco-12m;sleeping-disco-9m;spotify-tracks-dataset,,,DOWNLOADED_ONLY
Fall Out Boy,Fall Out Boy,516cef4d-0718-4007-9939-f9b38af3f784,313,0,149,138,26,laion-disco-12m;sleeping-disco-9m;spotify-tracks-dataset,,,DOWNLOADED_ONLY
Jackie Gleason,Jackie Gleason,c6d1f982-ed7a-40a8-bfa2-5a1342376636,417,1,364,52,0,free-music-archive;laion-disco-12m;sleeping-disco-9m,free-music-archive,Google;Stability AI,USED_BY
Donald Glover,Donald Glover,1ba01bce-7f32-4d72-a5d9-34930b191656,22,0,13,8,1,laion-disco-12m;sleeping-disco-9m;spotify-tracks-dataset,,,DOWNLOADED_ONLY
Luis Fonsi,Luis Fonsi,d68fda90-ab8d-4799-be56-317ba4ae700f,303,0,158,125,20,laion-disco-12m;sleeping-disco-9m;spotify-tracks-dataset,,,DOWNLOADED_ONLY
Mike Oldfield,Mike Oldfield,a1684a49-feaa-4150-b758-d9412fc59f12,257,0,149,92,16,laion-disco-12m;sleeping-disco-9m;spotify-tracks-dataset,,,DOWNLOADED_ONLY
Kazi Nazrul Islam,Kazi Nazrul Islam,4HEb93Zc5Da0CfRhOxUak9,34,0,24,10,0,laion-disco-12m;sleeping-disco-9m,,,PRESENT
Otto Sander,Otto Sander,f6673326-1fed-4711-a962-16faca0e8e29,2,0,2,0,0,laion-disco-12m,,,PRESENT
Peter Lorre,Peter Lorre,597bbcd0-8975-4123-a6f4-997f590f8d8b,13,0,13,0,0,laion-disco-12m,,,PRESENT
Walter Brennan,Walter Brennan,dd0b7e58-7ad4-4726-afc6-38dc40667004,85,0,77,8,0,laion-disco-12m;sleeping-disco-9m,,,PRESENT
Marco Mengoni,Marco Mengoni,0e9b1b8f-a5ab-43e0-bf63-1ff7a4c3e1db,223,0,133,90,0,laion-disco-12m;sleeping-disco-9m,,,PRESENT
Laura Branigan,Laura Branigan,917976a6-75b1-46af-b57b-71f13de20422,165,0,90,71,4,laion-disco-12m;sleeping-disco-9m;spotify-tracks-dataset,,,DOWNLOADED_ONLY
Leighton Meester,Leighton Meester,03825d6a-e148-4966-a2c5-0b9788d81bcb,39,0,7,32,0,laion-disco-12m;sleeping-disco-9m,,,PRESENT
Edyta Górniak,Edyta Górniak,ca59a38e-cf39-4d95-ac03-b6ca4f43fd8f,131,0,105,26,0,laion-disco-12m;sleeping-disco-9m,,,PRESENT
Nancy Sinatra,Nancy Sinatra,c2e36518-9c3b-4dcb-82ad-a3fc7fe99c67,261,0,150,108,3,laion-disco-12m;sleeping-disco-9m;spotify-tracks-dataset,,,DOWNLOADED_ONLY
Ashlee Simpson,Ashlee Simpson,463c514e-c30d-4a2a-a87b-762535253a80,92,0,52,40,0,laion-disco-12m;sleeping-disco-9m,,,PRESENT
Awkwafina,Awkwafina,f35da7e6-09f1-4dd7-ac7c-bee4c72c3bf5,23,0,3,20,0,laion-disco-12m;sleeping-disco-9m,,,PRESENT
Jeff Bennett,Jeff Bennett,9ba882a0-c40f-4ce7-bf08-3b7b41eb4197,149,0,149,0,0,laion-disco-12m,,,PRESENT
Udo Jürgens,Udo Jürgens,20e903b8-4b5f-414a-a467-dd6e46933d3e,356,0,150,206,0,laion-disco-12m;sleeping-disco-9m,,,PRESENT
Brian Jones,Brian Jones,UCXAIJE8e_y5nC6VQPa3ZjWQ,15,0,15,0,0,laion-disco-12m,,,PRESENT
Ferruccio Busoni,Ferruccio Busoni,cab67e98-340d-424e-baf1-b127902c200b,99,2,76,21,0,free-music-archive;laion-disco-12m;sleeping-disco-9m,free-music-archive,Google;Stability AI,USED_BY
Manuel de Falla,Manuel de Falla,17268036-f51c-427c-a8a2-241fac69d39f,313,0,296,17,0,laion-disco-12m;sleeping-disco-9m,,,PRESENT
Joe Satriani,Joe Satriani,29762c82-bb92-4acd-b1fb-09cc4da250d2,230,0,160,56,14,laion-disco-12m;sleeping-disco-9m;spotify-tracks-dataset,,,DOWNLOADED_ONLY
Missy Elliott,Missy Elliott,a0b8cb9e-7532-45fe-a74c-30e7c4009a39,334,0,182,151,1,laion-disco-12m;sleeping-disco-9m;spotify-tracks-dataset,,,DOWNLOADED_ONLY
Elvis Costello,Elvis Costello,8a338e06-d182-46f2-bd16-30a09bc840ba,471,0,175,255,41,laion-disco-12m;sleeping-disco-9m;spotify-tracks-dataset,,,DOWNLOADED_ONLY
Eazy-E,Eazy-E,c3009d7a-51ac-4c9c-888a-04f5c3c4be0c,129,0,65,57,7,laion-disco-12m;sleeping-disco-9m;spotify-tracks-dataset,,,DOWNLOADED_ONLY
Jimmy Fallon,Jimmy Fallon,78b7c31c-97cb-4f06-be5c-5c2e5a7c87bc,103,0,50,52,1,laion-disco-12m;sleeping-disco-9m;spotify-tracks-dataset,,,DOWNLOADED_ONLY
Matt Bellamy,Matt Bellamy,00fc124e-6645-4530-8d0b-7def83c5ee25,33,0,13,20,0,laion-disco-12m;sleeping-disco-9m,,,PRESENT
João Gilberto,João Gilberto,286ec4c2-b5ca-4f85-b331-280a6d73dd14,250,0,186,41,23,laion-disco-12m;sleeping-disco-9m;spotify-tracks-dataset,,,DOWNLOADED_ONLY
Suga,Suga,b629da42-c668-49d2-be67-498605ee2a13,7,0,3,0,4,laion-disco-12m;spotify-tracks-dataset,,,DOWNLOADED_ONLY
Jason Segel,Jason Segel,3bc62696-429f-478a-96d3-e85d3e3cb43e,27,0,15,12,0,laion-disco-12m;sleeping-disco-9m,,,PRESENT
Katie Melua,Katie Melua,39e32995-6515-40b2-a6f0-841524047edc,201,0,147,54,0,laion-disco-12m;sleeping-disco-9m,,,PRESENT
Billy Ray Cyrus,Billy Ray Cyrus,63e8d6f9-e247-45c9-aaf2-e079cddbdd54,257,0,135,119,3,laion-disco-12m;sleeping-disco-9m;spotify-tracks-dataset,,,DOWNLOADED_ONLY
Ian Gillan,Ian Gillan,ff2a0e30-aec1-44dd-ae06-dc78877f512d,131,0,88,43,0,laion-disco-12m;sleeping-disco-9m,,,PRESENT
Joe Dassin,Joe Dassin,475b7312-4fcb-49a4-8bcc-cf3a679b255a,302,0,156,145,1,laion-disco-12m;sleeping-disco-9m;spotify-tracks-dataset,,,DOWNLOADED_ONLY
Ne-Yo,Ne-Yo,a4a01f5d-18e7-4571-8c3a-76ec0e24e2d7,346,0,183,155,8,laion-disco-12m;sleeping-disco-9m;spotify-tracks-dataset,,,DOWNLOADED_ONLY
Zoë Kravitz,Zoë Kravitz,5eb39d74-e347-47b9-b1c4-729d5bfac577,4,0,1,2,1,laion-disco-12m;sleeping-disco-9m;spotify-tracks-dataset,,,DOWNLOADED_ONLY
François-André Danican Philidor,François-André Danican Philidor,7aea4e09-c5bc-486f-98b6-7c84004c8fff,10,0,7,3,0,laion-disco-12m;sleeping-disco-9m,,,PRESENT
Michel Legrand,Michel Legrand,2c330f54-9245-488b-b678-dc8a236d06b3,248,0,187,58,3,laion-disco-12m;sleeping-disco-9m;spotify-tracks-dataset,,,DOWNLOADED_ONLY
Irene Papas,Irene Papas,ded5d5ce-7814-4aef-b01a-8549c3e803c1,38,0,28,10,0,laion-disco-12m;sleeping-disco-9m,,,PRESENT
Count Basie,Count Basie,0dbd6300-efdc-420b-857e-895e18fad317,518,0,327,190,1,laion-disco-12m;sleeping-disco-9m;spotify-tracks-dataset,,,DOWNLOADED_ONLY
Lauryn Hill,Lauryn Hill,e8414012-4a1c-4ad4-be5e-fc55294e28cc,97,0,64,32,1,laion-disco-12m;sleeping-disco-9m;spotify-tracks-dataset,,,DOWNLOADED_ONLY
Komitas,Komitas,01fbf8ab-34e2-4a0a-8dcc-8d9a8026d782,29,0,29,0,0,laion-disco-12m,,,PRESENT
Idina Menzel,Idina Menzel,929ca8c3-5df3-4fe9-bc59-f8d603780bce,279,0,126,126,27,laion-disco-12m;sleeping-disco-9m;spotify-tracks-dataset,,,DOWNLOADED_ONLY
Charlie Watts,Charlie Watts,f581a3dc-3319-4656-8b97-66d560482f4a,1,0,0,1,0,sleeping-disco-9m,,,PRESENT
Daddy Yankee,Daddy Yankee,2f522f5c-111c-4ce8-8bd0-d82e97c227ad,621,0,303,264,54,laion-disco-12m;sleeping-disco-9m;spotify-tracks-dataset,,,DOWNLOADED_ONLY
Richard Clayderman,Richard Clayderman,0baceb7b-6237-48c4-9550-3a02e9a71f44,175,0,152,23,0,laion-disco-12m;sleeping-disco-9m,,,PRESENT
David Coverdale,David Coverdale,8b26558a-1073-45cf-b9a2-233703654ffb,31,0,2,29,0,laion-disco-12m;sleeping-disco-9m,,,PRESENT
Vera Lynn,Vera Lynn,7d32fa5a-7ccb-483b-87ea-5370b4be4d64,189,0,133,56,0,laion-disco-12m;sleeping-disco-9m,,,PRESENT
Nas,Nas,cfbc0924-0035-4d6c-8197-f024653af823,759,0,302,431,26,laion-disco-12m;sleeping-disco-9m;spotify-tracks-dataset,,,DOWNLOADED_ONLY
Willow Smith,Willow Smith,6bbfc71b-5f18-4e61-82fb-bee0c2a6b5f9,211,0,105,101,5,laion-disco-12m;sleeping-disco-9m;spotify-tracks-dataset,,,DOWNLOADED_ONLY
Avempace,,,0,,,,,,,,NONE
Suga,,,0,,,,,,,,NONE
Suga,Suga,f09d2950-e3c6-47b2-b21c-2bad2cd3f616,56,0,30,26,0,laion-disco-12m;sleeping-disco-9m,,,PRESENT
Pete Townshend,Pete Townshend,fb147b8f-0144-4418-acaa-90b2d9779840,221,0,164,56,1,laion-disco-12m;sleeping-disco-9m;spotify-tracks-dataset,,,DOWNLOADED_ONLY
Marc Anthony,Marc Anthony,25607613-aceb-445a-8519-83a2ee0f8402,319,0,163,126,30,laion-disco-12m;sleeping-disco-9m;spotify-tracks-dataset,,,DOWNLOADED_ONLY
David Spade,David Spade,c02c2519-015f-48c2-b1e1-dbf643c5d8bb,6,0,0,0,6,spotify-tracks-dataset,,,DOWNLOADED_ONLY
Michel Piccoli,Michel Piccoli,dc7205b5-928d-4dce-a52f-ada66b1f8dff,120,0,120,0,0,laion-disco-12m,,,PRESENT
Austin Butler,Austin Butler,8e013f4d-90c8-4d4b-b1be-95543a03fbd2,11,0,0,11,0,sleeping-disco-9m,,,PRESENT
Bill Irwin,,,0,,,,,,,,NONE
Lil Nas X,Lil Nas X,0b30341b-b59d-4979-8130-b66c0e475321,137,0,36,95,6,laion-disco-12m;sleeping-disco-9m;spotify-tracks-dataset,,,DOWNLOADED_ONLY
Jeff Garlin,,,0,,,,,,,,NONE
Troye Sivan,Troye Sivan,e5712ceb-c37a-4c49-a11c-ccf4e21852d4,239,0,141,87,11,laion-disco-12m;sleeping-disco-9m;spotify-tracks-dataset,,,DOWNLOADED_ONLY
Burt Bacharach,Burt Bacharach,2882ffa3-dec9-4055-a842-a950728bcb02,213,0,177,32,4,laion-disco-12m;sleeping-disco-9m;spotify-tracks-dataset,,,DOWNLOADED_ONLY
Tiffany Trump,Tiffany Trump,93cf2aef-8a31-42c3-99a8-bce4e136ca07,4,0,0,4,0,sleeping-disco-9m,,,PRESENT
M.I.A.,M.I.A.,7cf0ea9d-86b9-4dad-ba9e-2355a64899ea,242,0,130,107,5,laion-disco-12m;sleeping-disco-9m;spotify-tracks-dataset,,,DOWNLOADED_ONLY
will.i.am,will.i.am,d574c9bd-46f6-440a-8d6a-8412a283eeb1,247,0,136,110,1,laion-disco-12m;sleeping-disco-9m;spotify-tracks-dataset,,,DOWNLOADED_ONLY
Anna Karina,Anna Karina,bd6155ce-d874-4258-bd27-bbdd77c6f181,8,0,2,6,0,laion-disco-12m;sleeping-disco-9m,,,PRESENT
Helloween,Helloween,765774a0-2060-469b-8b7d-612eea48579b,255,0,142,112,1,laion-disco-12m;sleeping-disco-9m;spotify-tracks-dataset,,,DOWNLOADED_ONLY
Public Enemy,Public Enemy,bf2e15d0-4b77-469e-bfb4-f8414415baca,324,0,163,158,3,laion-disco-12m;sleeping-disco-9m;spotify-tracks-dataset,,,DOWNLOADED_ONLY
Shruti Haasan,Shruti Haasan,d9515233-3fe6-44ef-8bea-45fe75962214,56,0,44,8,4,laion-disco-12m;sleeping-disco-9m;spotify-tracks-dataset,,,DOWNLOADED_ONLY
Joe Hisaishi,Joe Hisaishi,44c64a30-1d58-49c5-b314-6e02fba49526,145,0,134,2,9,laion-disco-12m;sleeping-disco-9m;spotify-tracks-dataset,,,DOWNLOADED_ONLY
Ray Manzarek,Ray Manzarek,fe93a178-183a-42c9-b3c7-53102b8c724d,125,0,123,2,0,laion-disco-12m;sleeping-disco-9m,,,PRESENT
Don Johnson,Don Johnson,35d9971a-6042-4fc2-b7ef-29d76a59e590,42,0,34,8,0,laion-disco-12m;sleeping-disco-9m,,,PRESENT
Bob Geldof,Bob Geldof,b16373b3-bae0-4926-bb17-1d68c4f7b052,105,0,93,12,0,laion-disco-12m;sleeping-disco-9m,,,PRESENT
RM,RM,58f1e354-ecbc-4fd3-aa25-97eb1d9bd8b9,96,0,51,42,3,laion-disco-12m;sleeping-disco-9m;spotify-tracks-dataset,,,DOWNLOADED_ONLY
Disturbed,Disturbed,4bb4e4e4-5f66-4509-98af-62dbb90c45c5,269,0,158,102,9,laion-disco-12m;sleeping-disco-9m;spotify-tracks-dataset,,,DOWNLOADED_ONLY
Katie Cassidy,,,0,,,,,,,,NONE
Kamal Haasan,Kamal Haasan,39d5014d-1707-44b9-bf5f-491ea85ac532,89,0,76,4,9,laion-disco-12m;sleeping-disco-9m;spotify-tracks-dataset,,,DOWNLOADED_ONLY
Super Junior,Super Junior,a13898e2-e488-498e-a89c-d0e920f74d4d,298,0,149,149,0,laion-disco-12m;sleeping-disco-9m,,,PRESENT
Jonathan Rhys Meyers,Jonathan Rhys Meyers,3407dabb-a82d-4e35-a786-9134f8f4a07b,4,0,0,4,0,sleeping-disco-9m,,,PRESENT
Tom Petty,Tom Petty,5ca3f318-d028-4151-ac73-78e2b2d6cdcc,295,0,80,208,7,laion-disco-12m;sleeping-disco-9m;spotify-tracks-dataset,,,DOWNLOADED_ONLY
Mike Dirnt,,,0,,,,,,,,NONE
Wu-Tang Clan,Wu-Tang Clan,0febdcf7-4e1f-4661-9493-b40427de2c13,299,0,148,145,6,laion-disco-12m;sleeping-disco-9m;spotify-tracks-dataset,,,DOWNLOADED_ONLY
Fela Kuti,Fela Kuti,6514cffa-fbe0-4965-ad88-e998ead8a82a,180,0,139,36,5,laion-disco-12m;sleeping-disco-9m;spotify-tracks-dataset,,,DOWNLOADED_ONLY
Busta Rhymes,Busta Rhymes,10a9ff92-9637-4498-afea-7044b2ab0dc0,716,0,300,407,9,laion-disco-12m;sleeping-disco-9m;spotify-tracks-dataset,,,DOWNLOADED_ONLY
Stray Kids,Stray Kids,142b343d-bf5a-428c-a64f-6d1a7566bbe9,383,0,152,208,23,laion-disco-12m;sleeping-disco-9m;spotify-tracks-dataset,,,DOWNLOADED_ONLY
Ornette Coleman,Ornette Coleman,169c0d1b-fcb8-4a43-9097-829aa7b39205,233,0,172,61,0,laion-disco-12m;sleeping-disco-9m,,,PRESENT
Little Big,Little Big,cbe51088-e4d8-463e-9f4e-e83fa64d3f5e,153,0,84,69,0,laion-disco-12m;sleeping-disco-9m,,,PRESENT
"Tyler, the Creator","Tyler, the Creator",f6beac20-5dfe-4d1f-ae02-0b0a740aafd6,366,0,167,198,1,laion-disco-12m;sleeping-disco-9m;spotify-tracks-dataset,,,DOWNLOADED_ONLY
Billy Idol,Billy Idol,47c8f88b-987a-4b64-9175-2b1b57809727,234,0,150,79,5,laion-disco-12m;sleeping-disco-9m;spotify-tracks-dataset,,,DOWNLOADED_ONLY
Twiggy,Twiggy,653d4b7d-2f4d-4627-8e35-da20df1886ca,16,0,14,2,0,laion-disco-12m;sleeping-disco-9m,,,PRESENT
Carmen Amaya,Carmen Amaya,9f8667df-17af-4d8d-9d80-3174c1177bbb,11,0,11,0,0,laion-disco-12m,,,PRESENT
Melanie Martinez,Melanie Martinez,0df563ec-1a79-486e-a46d-5b9862a40311,198,0,84,104,10,laion-disco-12m;sleeping-disco-9m;spotify-tracks-dataset,,,DOWNLOADED_ONLY
Grateful Dead,Grateful Dead,6faa7ca7-0d99-4a5e-bfa6-1fd5037520c6,918,0,293,607,18,laion-disco-12m;sleeping-disco-9m;spotify-tracks-dataset,,,DOWNLOADED_ONLY
Victoria Silvstedt,Victoria Silvstedt,f7108bf2-c411-45cc-8029-a8ea1c57ce10,13,0,0,13,0,sleeping-disco-9m,,,PRESENT
Lea Michele,Lea Michele,6bb57027-e15a-40fe-974e-fa788711cb75,153,0,72,78,3,laion-disco-12m;sleeping-disco-9m;spotify-tracks-dataset,,,DOWNLOADED_ONLY
Dieter Bohlen,Dieter Bohlen,26421c09-e25d-4c3d-8e75-7e9b117d9f81,118,0,113,5,0,laion-disco-12m;sleeping-disco-9m,,,PRESENT
Bulat Okudzhava,Bulat Okudzhava,b63b2ac8-4df4-4038-97a0-c79969b5e29b,145,0,145,0,0,laion-disco-12m,,,PRESENT
Paul Robeson,Paul Robeson,bbc5febe-0321-4bb2-adcd-8dafbf8d8841,192,0,162,30,0,laion-disco-12m;sleeping-disco-9m,,,PRESENT
Su Shi,,,0,,,,,,,,NONE
Mahalia Jackson,Mahalia Jackson,1bebb19e-9305-4da8-a3fd-5dd40a6e517e,235,0,140,95,0,laion-disco-12m;sleeping-disco-9m,,,PRESENT
Sarah Brightman,Sarah Brightman,896f0194-8ab2-4278-81e0-c56a0444b569,194,0,114,69,11,laion-disco-12m;sleeping-disco-9m;spotify-tracks-dataset,,,DOWNLOADED_ONLY
Patsy Cline,Patsy Cline,ad82dd72-0df3-4a09-8d7a-1af9c9e80522,201,0,119,82,0,laion-disco-12m;sleeping-disco-9m,,,PRESENT
Clément Marot,,,0,,,,,,,,NONE
"Tyler, the Creator","Tyler, the Creator",211e4ede-ee85-42cc-b9c3-5282b7b8e4c7,3,0,0,3,0,sleeping-disco-9m,,,PRESENT
will.i.am,will.i.am,4b017da7-d382-47fa-92cc-cbac2225a257,2,0,1,1,0,laion-disco-12m;sleeping-disco-9m,,,PRESENT
Hank Azaria,Hank Azaria,e1c63a0a-d602-4b0d-acf0-869d3367996c,15,0,10,3,2,laion-disco-12m;sleeping-disco-9m;spotify-tracks-dataset,,,DOWNLOADED_ONLY
Chet Baker,Chet Baker,1ba1d493-7114-45e2-b163-a36d49a0c065,618,0,527,86,5,laion-disco-12m;sleeping-disco-9m;spotify-tracks-dataset,,,DOWNLOADED_ONLY
Ewa Farna,Ewa Farna,f5055a31-2d6f-4928-8cb4-a7b8f310d191,163,0,112,51,0,laion-disco-12m;sleeping-disco-9m,,,PRESENT
Kim Seok-jin,Kim Seok-jin,09720eec-3871-49d5-932d-eb7542768cd3,108,0,104,3,1,laion-disco-12m;sleeping-disco-9m;spotify-tracks-dataset,,,DOWNLOADED_ONLY
Trey Parker,Trey Parker,b8e4771f-6156-48cd-ab77-d10bc3fd50d9,15,0,11,4,0,laion-disco-12m;sleeping-disco-9m,,,PRESENT
Trey Parker,Trey Parker,b8e4771f-6156-48cd-ab77-d10bc3fd50d9,15,0,11,4,0,laion-disco-12m;sleeping-disco-9m,,,PRESENT
Nico,Nico,37c61bf2-5fb1-47ae-9605-80025d956958,309,0,203,100,6,laion-disco-12m;sleeping-disco-9m;spotify-tracks-dataset,,,DOWNLOADED_ONLY
Til Schweiger,,,0,,,,,,,,NONE
Gloria Grahame,Gloria Grahame,d27d99b3-9e2c-43fc-b628-1dcb12fe81a4,8,0,5,3,0,laion-disco-12m;sleeping-disco-9m,,,PRESENT
Brandy Norwood,,,0,,,,,,,,NONE
Dieter Bohlen,Dieter Bohlen,26421c09-e25d-4c3d-8e75-7e9b117d9f81,118,0,113,5,0,laion-disco-12m;sleeping-disco-9m,,,PRESENT
Dieter Bohlen,Dieter Bohlen,26421c09-e25d-4c3d-8e75-7e9b117d9f81,118,0,113,5,0,laion-disco-12m;sleeping-disco-9m,,,PRESENT
Dieter Bohlen,Dieter Bohlen,26421c09-e25d-4c3d-8e75-7e9b117d9f81,118,0,113,5,0,laion-disco-12m;sleeping-disco-9m,,,PRESENT
Dieter Bohlen,Dieter Bohlen,26421c09-e25d-4c3d-8e75-7e9b117d9f81,118,0,113,5,0,laion-disco-12m;sleeping-disco-9m,,,PRESENT
Dieter Bohlen,Dieter Bohlen,26421c09-e25d-4c3d-8e75-7e9b117d9f81,118,0,113,5,0,laion-disco-12m;sleeping-disco-9m,,,PRESENT
Dieter Bohlen,Dieter Bohlen,26421c09-e25d-4c3d-8e75-7e9b117d9f81,118,0,113,5,0,laion-disco-12m;sleeping-disco-9m,,,PRESENT
Dieter Bohlen,Dieter Bohlen,26421c09-e25d-4c3d-8e75-7e9b117d9f81,118,0,113,5,0,laion-disco-12m;sleeping-disco-9m,,,PRESENT
Dieter Bohlen,Dieter Bohlen,26421c09-e25d-4c3d-8e75-7e9b117d9f81,118,0,113,5,0,laion-disco-12m;sleeping-disco-9m,,,PRESENT
Dieter Bohlen,Dieter Bohlen,c0f50f0a-3a34-41ee-913e-c10f2c1b768b,1,0,0,1,0,sleeping-disco-9m,,,PRESENT
Dieter Bohlen,Dieter Bohlen,c39387fd-9689-4958-97aa-2ddd5bc22876,1,0,0,1,0,sleeping-disco-9m,,,PRESENT
Dieter Bohlen,Dieter Bohlen,26421c09-e25d-4c3d-8e75-7e9b117d9f81,118,0,113,5,0,laion-disco-12m;sleeping-disco-9m,,,PRESENT
Dieter Bohlen,Dieter Bohlen,26421c09-e25d-4c3d-8e75-7e9b117d9f81,118,0,113,5,0,laion-disco-12m;sleeping-disco-9m,,,PRESENT
Ashley Benson,Ashley Benson,9ebb3633-6d3c-4495-bca7-c8a3db5d03d8,2,0,0,2,0,sleeping-disco-9m,,,PRESENT
Adolphe Adam,Adolphe Adam,ece590a3-ae0e-4311-bcf3-ee07cfb7b4f0,109,0,99,3,7,laion-disco-12m;sleeping-disco-9m;spotify-tracks-dataset,,,DOWNLOADED_ONLY
Ofra Haza,Ofra Haza,7591796a-a545-4b51-ba52-bf2539b90d99,159,0,140,19,0,laion-disco-12m;sleeping-disco-9m,,,PRESENT
Madison Beer,Madison Beer,749ef494-8518-4b49-b685-63d8e728d25c,160,0,76,76,8,laion-disco-12m;sleeping-disco-9m;spotify-tracks-dataset,,,DOWNLOADED_ONLY
Shirley Bassey,Shirley Bassey,05ec70a5-3858-4346-a649-fda0a297b8c1,247,0,165,79,3,laion-disco-12m;sleeping-disco-9m;spotify-tracks-dataset,,,DOWNLOADED_ONLY
Kim Wilde,Kim Wilde,4b462375-c508-432a-8c88-ceeec38b16ae,234,0,153,80,1,laion-disco-12m;sleeping-disco-9m;spotify-tracks-dataset,,,DOWNLOADED_ONLY
Bullet for My Valentine,Bullet for My Valentine,d530dbf9-69b1-404f-98f2-0431104f5a1e,271,0,141,93,37,laion-disco-12m;sleeping-disco-9m;spotify-tracks-dataset,,,DOWNLOADED_ONLY
The Mars Volta,The Mars Volta,20883363-1ea4-4d72-ad72-c0e767038f3e,184,0,106,78,0,laion-disco-12m;sleeping-disco-9m,,,PRESENT
Melissa Joan Hart,,,0,,,,,,,,NONE
Mary J. Blige,Mary J. Blige,db76c5ca-d555-4f09-b1db-baa1b713d875,581,0,169,406,6,laion-disco-12m;sleeping-disco-9m;spotify-tracks-dataset,,,DOWNLOADED_ONLY
Cannibal Corpse,Cannibal Corpse,af8e4cc5-ef54-458d-a194-7b210acf638f,250,0,146,94,10,laion-disco-12m;sleeping-disco-9m;spotify-tracks-dataset,,,DOWNLOADED_ONLY
Rosalind Russell,Rosalind Russell,98abd69e-c247-49af-93ea-0f133369e797,9,0,8,1,0,laion-disco-12m;sleeping-disco-9m,,,PRESENT
Daniel Barenboim,Daniel Barenboim,fac566b2-7a0e-4977-ad92-533f43420975,678,0,635,29,14,laion-disco-12m;sleeping-disco-9m;spotify-tracks-dataset,,,DOWNLOADED_ONLY
Patrick Wilson,Patrick Wilson,273e1390-125a-4a33-a4b8-c628fe573832,8,0,8,0,0,laion-disco-12m,,,PRESENT
The Supremes,The Supremes,c1aa2ec9-53e7-4d90-8d36-bac75832e986,334,0,161,164,9,laion-disco-12m;sleeping-disco-9m;spotify-tracks-dataset,,,DOWNLOADED_ONLY
Anthrax,Anthrax,b616d6f0-ec1f-4c69-8a79-12a97ece7372,273,0,146,124,3,laion-disco-12m;sleeping-disco-9m;spotify-tracks-dataset,,,DOWNLOADED_ONLY
Mercedes Sosa,Mercedes Sosa,324b9329-7be6-491f-9ee1-65bfa10c7577,291,0,168,112,11,laion-disco-12m;sleeping-disco-9m;spotify-tracks-dataset,,,DOWNLOADED_ONLY
Naya Rivera,Naya Rivera,1e2c7f08-f996-4c6d-8706-9234662618da,9,0,1,8,0,laion-disco-12m;sleeping-disco-9m,,,PRESENT
Il Divo,Il Divo,e555f0c3-0a83-4c57-8a67-e657aac27ace,191,0,146,26,19,laion-disco-12m;sleeping-disco-9m;spotify-tracks-dataset,,,DOWNLOADED_ONLY
Ian Curtis,,,0,,,,,,,,NONE
No Doubt,No Doubt,fbd2a255-1d57-4d31-ac11-65b671c19958,223,0,126,91,6,laion-disco-12m;sleeping-disco-9m;spotify-tracks-dataset,,,DOWNLOADED_ONLY
Toni Braxton,Toni Braxton,3c8a8696-e176-4c46-a2d3-48b6b1525c7f,340,0,151,187,2,laion-disco-12m;sleeping-disco-9m;spotify-tracks-dataset,,,DOWNLOADED_ONLY
Ace of Base,Ace of Base,d4a1404d-e00c-4bac-b3ba-e3557f6468d6,259,0,189,70,0,laion-disco-12m;sleeping-disco-9m,,,PRESENT
Mohammed Rafi,Mohammed Rafi,28365249-f3fd-44db-8131-32cb170970c4,857,0,770,79,8,laion-disco-12m;sleeping-disco-9m;spotify-tracks-dataset,,,DOWNLOADED_ONLY
Barry White,Barry White,b904d624-9e05-4398-8f4f-88fbcf022f79,289,0,137,148,4,laion-disco-12m;sleeping-disco-9m;spotify-tracks-dataset,,,DOWNLOADED_ONLY
Chevy Chase,Chevy Chase,7573df58-aa76-4b1c-9035-8a0ed0d4e994,15,0,9,6,0,laion-disco-12m;sleeping-disco-9m,,,PRESENT
Wang Wei,,,0,,,,,,,,NONE
Melanie C,Melanie C,25b509ef-48ad-461b-a0bc-94cdddb8c919,227,0,153,73,1,laion-disco-12m;sleeping-disco-9m;spotify-tracks-dataset,,,DOWNLOADED_ONLY
Johannes Heesters,Johannes Heesters,1a37fa4c-9195-413b-8da2-91135e9518dd,4,0,2,2,0,laion-disco-12m;sleeping-disco-9m,,,PRESENT
Ilona Staller,Ilona Staller,f4b5a0de-d5ab-4104-90f6-14149fcd0b0b,18,0,0,18,0,sleeping-disco-9m,,,PRESENT
Jim Meskimen,Jim Meskimen,0a4ddf83-097f-4e25-adef-5adcf5e56fa6,2,0,0,2,0,sleeping-disco-9m,,,PRESENT
Ezra Miller,Ezra Miller,1tSVTr3121UTPxKqeMy16r,2,0,0,2,0,sleeping-disco-9m,,,PRESENT
George Martin,George Martin,26fa8b67-6c7f-406c-ad64-a1d070092df2,45,0,39,5,1,laion-disco-12m;sleeping-disco-9m;spotify-tracks-dataset,,,DOWNLOADED_ONLY
The Animals,The Animals,4d8afa16-4018-4ca8-8b5e-ede8f9314562,225,0,159,62,4,laion-disco-12m;sleeping-disco-9m;spotify-tracks-dataset,,,DOWNLOADED_ONLY
Itzy,Itzy,bce172fc-51bb-43f7-9a25-b406a0a581d5,209,0,92,110,7,laion-disco-12m;sleeping-disco-9m;spotify-tracks-dataset,,,DOWNLOADED_ONLY
Shirley Jones,Shirley Jones,681cc70d-fa1e-44f5-bfec-a28d18743329,113,0,92,21,0,laion-disco-12m;sleeping-disco-9m,,,PRESENT
Emily Osment,Emily Osment,882728bd-a6b9-464f-beab-23d3e66143b5,44,0,19,25,0,laion-disco-12m;sleeping-disco-9m,,,PRESENT
Ethel Merman,Ethel Merman,a17eed36-fd8f-4d71-898b-2da805ac7492,230,0,207,23,0,laion-disco-12m;sleeping-disco-9m,,,PRESENT
John Paul Jones,John Paul Jones,4490113a-3880-4f5b-a39b-105bfceaed04,14,0,6,8,0,laion-disco-12m;sleeping-disco-9m,,,PRESENT
Megan Thee Stallion,Megan Thee Stallion,ee27b2d8-648c-4a9d-a68c-e55066959975,343,0,172,164,7,laion-disco-12m;sleeping-disco-9m;spotify-tracks-dataset,,,DOWNLOADED_ONLY
Matti Nykänen,Matti Nykänen,ce0681a1-3b72-4a49-8353-c531bdd5cee7,35,0,15,20,0,laion-disco-12m;sleeping-disco-9m,,,PRESENT
Irene,Irene,421c0397-5224-4866-a62d-79d2ec4d5de8,40,0,31,9,0,laion-disco-12m;sleeping-disco-9m,,,PRESENT
Amr Diab,Amr Diab,ba26c1ff-e5e2-42c2-b1d7-b6f82ebc37ac,473,0,150,323,0,laion-disco-12m;sleeping-disco-9m,,,PRESENT
Van Morrison,Van Morrison,a41ac10f-0a56-4672-9161-b83f9b223559,440,0,209,229,2,laion-disco-12m;sleeping-disco-9m;spotify-tracks-dataset,,,DOWNLOADED_ONLY
Minnie Driver,Minnie Driver,ef322d6b-3ffe-4549-8d00-b8f774ff5845,45,0,26,19,0,laion-disco-12m;sleeping-disco-9m,,,PRESENT
Natasha Korolyova,Natasha Korolyova,bfb00581-3cf1-4c17-9bb4-2173940d1084,132,0,132,0,0,laion-disco-12m,,,PRESENT
Steve Harris,,,0,,,,,,,,NONE
SHINee,SHINee,70e5098b-c4ae-4cd7-9799-3c1b9b57c753,305,0,148,157,0,laion-disco-12m;sleeping-disco-9m,,,PRESENT
Beck,Beck,309c62ba-7a22-4277-9f67-4a162526d18a,356,0,166,189,1,laion-disco-12m;sleeping-disco-9m;spotify-tracks-dataset,,,DOWNLOADED_ONLY
The Animals,The Animals,4d8afa16-4018-4ca8-8b5e-ede8f9314562,225,0,159,62,4,laion-disco-12m;sleeping-disco-9m;spotify-tracks-dataset,,,DOWNLOADED_ONLY
Candies,,,0,,,,,,,,NONE
Nikki Reed,Nikki Reed,23d39880-d831-4c39-a5dc-2cef17871970,23,0,14,9,0,laion-disco-12m;sleeping-disco-9m,,,PRESENT
George Burns,George Burns,7fb54851-cd24-4cd5-9fac-19e2dec73be1,4,0,3,1,0,laion-disco-12m;sleeping-disco-9m,,,PRESENT
Sepp Maier,,,0,,,,,,,,NONE
Gigliola Cinquetti,Gigliola Cinquetti,5fd6d882-1461-46f2-b82c-8d33c4084f10,156,0,132,24,0,laion-disco-12m;sleeping-disco-9m,,,PRESENT
Astrud Gilberto,Astrud Gilberto,8d08cabf-03a3-4f38-a815-8197a0984f19,193,0,155,33,5,laion-disco-12m;sleeping-disco-9m;spotify-tracks-dataset,,,DOWNLOADED_ONLY
Birdy,Birdy,1b8bdee5-783a-4eca-88e5-3e9460739546,220,0,141,75,4,laion-disco-12m;sleeping-disco-9m;spotify-tracks-dataset,,,DOWNLOADED_ONLY
Three Days Grace,Three Days Grace,fabb37f8-eb2a-4cc1-a72a-b56935bbb72d,209,0,96,85,28,laion-disco-12m;sleeping-disco-9m;spotify-tracks-dataset,,,DOWNLOADED_ONLY
Grace Jones,Grace Jones,b1c124b3-cf60-41a6-8699-92728c8a3fe0,240,0,143,92,5,laion-disco-12m;sleeping-disco-9m;spotify-tracks-dataset,,,DOWNLOADED_ONLY
Aphex Twin,Aphex Twin,f22942a1-6f70-4f48-866e-238cb2308fbd,207,0,150,45,12,laion-disco-12m;sleeping-disco-9m;spotify-tracks-dataset,,,DOWNLOADED_ONLY
Aphex Twin,Aphex Twin,f22942a1-6f70-4f48-866e-238cb2308fbd,207,0,150,45,12,laion-disco-12m;sleeping-disco-9m;spotify-tracks-dataset,,,DOWNLOADED_ONLY
Anne-Marie,Anne-Marie,e3d5b5ec-101a-4529-9f2d-01dca64cf44e,329,0,161,140,28,laion-disco-12m;sleeping-disco-9m;spotify-tracks-dataset,,,DOWNLOADED_ONLY
Charles Fleischer,Charles Fleischer,ce66d9dc-456d-4216-a5cc-946750412a9b,1,0,0,1,0,sleeping-disco-9m,,,PRESENT
Rose McGowan,Rose McGowan,99997983-01c7-4587-ad3b-f727123cf75c,12,0,0,12,0,sleeping-disco-9m,,,PRESENT
Stuart Sutcliffe,Stuart Sutcliffe,49a51491-650e-44b3-8085-2f07ac2986dd,1,0,0,1,0,sleeping-disco-9m,,,PRESENT
Aphex Twin,Aphex Twin,f22942a1-6f70-4f48-866e-238cb2308fbd,207,0,150,45,12,laion-disco-12m;sleeping-disco-9m;spotify-tracks-dataset,,,DOWNLOADED_ONLY
Aphex Twin,Aphex Twin,f22942a1-6f70-4f48-866e-238cb2308fbd,207,0,150,45,12,laion-disco-12m;sleeping-disco-9m;spotify-tracks-dataset,,,DOWNLOADED_ONLY
Rush,Rush,534ee493-bfac-4575-a44a-0ae41e2c3fe4,244,0,160,81,3,laion-disco-12m;sleeping-disco-9m;spotify-tracks-dataset,,,DOWNLOADED_ONLY
Roberta Flack,Roberta Flack,5298bbcb-7330-49bf-a780-2d757f10a20a,216,0,147,68,1,laion-disco-12m;sleeping-disco-9m;spotify-tracks-dataset,,,DOWNLOADED_ONLY
Gregory Hines,Gregory Hines,13aaa140-a087-42c7-928d-5a158a514f49,31,0,26,5,0,laion-disco-12m;sleeping-disco-9m,,,PRESENT
Alan Silvestri,Alan Silvestri,f4c53778-e48d-4da4-9ddd-cc007f715d64,197,0,150,47,0,laion-disco-12m;sleeping-disco-9m,,,PRESENT
Pixies,Pixies,b6b2bb8d-54a9-491f-9607-7b546023b433,243,0,148,93,2,laion-disco-12m;sleeping-disco-9m;spotify-tracks-dataset,,,DOWNLOADED_ONLY
Amália Rodrigues,Amália Rodrigues,6b605219-90fa-465e-82ae-60d2347bd030,267,0,139,128,0,laion-disco-12m;sleeping-disco-9m,,,PRESENT
Aphex Twin,Aphex Twin,79a09151-f6cc-48f9-9907-3fdd0b68373f,16,0,0,16,0,sleeping-disco-9m,,,PRESENT
Jason Derulo,Jason Derulo,6de0f914-3e60-4418-be3b-42e0feb6eb4d,353,0,179,158,16,laion-disco-12m;sleeping-disco-9m;spotify-tracks-dataset,,,DOWNLOADED_ONLY
Aphex Twin,Aphex Twin,f22942a1-6f70-4f48-866e-238cb2308fbd,207,0,150,45,12,laion-disco-12m;sleeping-disco-9m;spotify-tracks-dataset,,,DOWNLOADED_ONLY
Aphex Twin,Aphex Twin,aaa78ce4-e4fe-43b6-abe1-733dc83f8eb1,15,0,15,0,0,laion-disco-12m,,,PRESENT
Bea Arthur,Bea Arthur,81dca162-351f-424b-8dbb-f7595ec59415,9,0,1,8,0,laion-disco-12m;sleeping-disco-9m,,,PRESENT
Chris Hardwick,Chris Hardwick,19123daf-fb7c-4865-b20d-4a38a91704c9,5,0,0,0,5,spotify-tracks-dataset,,,DOWNLOADED_ONLY
Aphex Twin,Aphex Twin,f22942a1-6f70-4f48-866e-238cb2308fbd,207,0,150,45,12,laion-disco-12m;sleeping-disco-9m;spotify-tracks-dataset,,,DOWNLOADED_ONLY
Karen Carpenter,Karen Carpenter,a98c5fe9-9a5c-41ba-b83d-f1c28b49b604,23,0,13,10,0,laion-disco-12m;sleeping-disco-9m,,,PRESENT
Rosie O'Donnell,Rosie O'Donnell,19d4792a-9d68-420a-b6ae-b99ea005c53e,36,0,20,16,0,laion-disco-12m;sleeping-disco-9m,,,PRESENT
Bourvil,Bourvil,ee827cc0-08b6-4b4b-bd8f-d15616347bf4,181,0,155,26,0,laion-disco-12m;sleeping-disco-9m,,,PRESENT
Cream,Cream,04cd0cfd-bfd1-4c36-bc38-95c35e2c045f,248,0,169,72,7,laion-disco-12m;sleeping-disco-9m;spotify-tracks-dataset,,,DOWNLOADED_ONLY
Alex Turner,Alex Turner,ee953029-6de8-4c50-8d0f-215a1e4e8dd6,49,0,45,4,0,laion-disco-12m;sleeping-disco-9m,,,PRESENT
Christina Grimmie,Christina Grimmie,94d40ba7-2b35-48ae-86f1-66ea06102693,136,0,82,54,0,laion-disco-12m;sleeping-disco-9m,,,PRESENT
Aphex Twin,Aphex Twin,f22942a1-6f70-4f48-866e-238cb2308fbd,207,0,150,45,12,laion-disco-12m;sleeping-disco-9m;spotify-tracks-dataset,,,DOWNLOADED_ONLY
Aphex Twin,Aphex Twin,f22942a1-6f70-4f48-866e-238cb2308fbd,207,0,150,45,12,laion-disco-12m;sleeping-disco-9m;spotify-tracks-dataset,,,DOWNLOADED_ONLY
Robert Trujillo,Robert Trujillo,777038ba-d2b5-41ab-a6c5-57a7e97abdf1,4,0,2,2,0,laion-disco-12m;sleeping-disco-9m,,,PRESENT
Jessie Buckley,Jessie Buckley,f6c60754-d682-4aa9-b158-727b60dc15ed,78,0,40,38,0,laion-disco-12m;sleeping-disco-9m,,,PRESENT
Sezen Aksu,Sezen Aksu,635e2a34-a566-47c4-b61d-fa5d203856aa,396,0,164,224,8,laion-disco-12m;sleeping-disco-9m;spotify-tracks-dataset,,,DOWNLOADED_ONLY
Johnny Logan,Johnny Logan,6f929291-881c-4eb3-8711-54546f52dd01,160,0,141,19,0,laion-disco-12m;sleeping-disco-9m,,,PRESENT
Władysław Szpilman,Władysław Szpilman,130a5367-7ed0-4018-8591-6defccd88bfe,7,0,6,1,0,laion-disco-12m;sleeping-disco-9m,,,PRESENT
Aphex Twin,Aphex Twin,87225a21-c925-41cd-852f-be4b052d0824,2,0,1,1,0,laion-disco-12m;sleeping-disco-9m,,,PRESENT
Patti Page,Patti Page,46bd1529-4301-4d10-9124-17d9e858034e,198,0,136,62,0,laion-disco-12m;sleeping-disco-9m,,,PRESENT
David Crosby,David Crosby,e90f9815-221d-4e10-8675-e75c07988113,226,0,148,78,0,laion-disco-12m;sleeping-disco-9m,,,PRESENT
Rosario Dawson,Rosario Dawson,9facf8dc-df23-4561-85c5-ece75d692f21,16,0,13,2,1,laion-disco-12m;sleeping-disco-9m;spotify-tracks-dataset,,,DOWNLOADED_ONLY
Flo Rida,Flo Rida,4593d49a-7f67-46ba-9ec0-126bd676286f,319,0,166,149,4,laion-disco-12m;sleeping-disco-9m;spotify-tracks-dataset,,,DOWNLOADED_ONLY
Tyrese Gibson,Tyrese Gibson,975d94b4-7ca8-4eec-ae48-1aa4660995d3,205,0,125,80,0,laion-disco-12m;sleeping-disco-9m,,,PRESENT
Kim Soo-hyun,Kim Soo-hyun,542754ff-f1c0-4fe1-bc6e-3cc70f3131ba,8,0,4,4,0,laion-disco-12m;sleeping-disco-9m,,,PRESENT
The Game,The Game,07cc14fb-4784-4a25-804b-2686ed5ef52c,753,0,258,493,2,laion-disco-12m;sleeping-disco-9m;spotify-tracks-dataset,,,DOWNLOADED_ONLY
Patricia Kaas,Patricia Kaas,217794c8-c7e8-4e9b-b5d0-6aeac98e0e08,209,0,139,70,0,laion-disco-12m;sleeping-disco-9m,,,PRESENT
Carol Burnett,Carol Burnett,08f5c64e-52f6-41f3-9d23-cbb9301a2639,100,0,91,9,0,laion-disco-12m;sleeping-disco-9m,,,PRESENT
Bill Haley,Bill Haley,4458d70d-c215-4f06-beea-ebd448dad6ac,247,0,174,69,4,laion-disco-12m;sleeping-disco-9m;spotify-tracks-dataset,,,DOWNLOADED_ONLY
Aphex Twin,Aphex Twin,f22942a1-6f70-4f48-866e-238cb2308fbd,207,0,150,45,12,laion-disco-12m;sleeping-disco-9m;spotify-tracks-dataset,,,DOWNLOADED_ONLY
Aphex Twin,Aphex Twin,f22942a1-6f70-4f48-866e-238cb2308fbd,207,0,150,45,12,laion-disco-12m;sleeping-disco-9m;spotify-tracks-dataset,,,DOWNLOADED_ONLY
Aphex Twin,Aphex Twin,f22942a1-6f70-4f48-866e-238cb2308fbd,207,0,150,45,12,laion-disco-12m;sleeping-disco-9m;spotify-tracks-dataset,,,DOWNLOADED_ONLY
Aphex Twin,Aphex Twin,f22942a1-6f70-4f48-866e-238cb2308fbd,207,0,150,45,12,laion-disco-12m;sleeping-disco-9m;spotify-tracks-dataset,,,DOWNLOADED_ONLY
Aphex Twin,Aphex Twin,f22942a1-6f70-4f48-866e-238cb2308fbd,207,0,150,45,12,laion-disco-12m;sleeping-disco-9m;spotify-tracks-dataset,,,DOWNLOADED_ONLY
Irene Dunne,Irene Dunne,6709714f-10ca-4806-853c-c94ef98ce45d,2,0,0,2,0,sleeping-disco-9m,,,PRESENT
Tyrese Gibson,,,0,,,,,,,,NONE
Shōkō Asahara,,,0,,,,,,,,NONE
Sakis Rouvas,Sakis Rouvas,7cd0c121-76ea-41fe-a2ee-4f9f066f6f1c,176,0,149,27,0,laion-disco-12m;sleeping-disco-9m,,,PRESENT
Bring Me the Horizon,Bring Me the Horizon,074e3847-f67f-49f9-81f1-8c8cea147e8e,332,0,145,134,53,laion-disco-12m;sleeping-disco-9m;spotify-tracks-dataset,,,DOWNLOADED_ONLY
Natasha Bedingfield,Natasha Bedingfield,8b477559-946e-4ef2-9fe1-446cff8fdd79,207,0,128,76,3,laion-disco-12m;sleeping-disco-9m;spotify-tracks-dataset,,,DOWNLOADED_ONLY
Steve Vai,Steve Vai,5e7ccd92-6277-451a-aab9-1efd587c50f3,226,0,151,70,5,laion-disco-12m;sleeping-disco-9m;spotify-tracks-dataset,,,DOWNLOADED_ONLY
Sophie Monk,Sophie Monk,355c2627-e314-40b4-adf0-a0650bfaed9a,14,0,0,14,0,sleeping-disco-9m,,,PRESENT
Rachel Zegler,Rachel Zegler,f491b163-cecd-40e5-a74d-5b379323c951,40,0,16,24,0,laion-disco-12m;sleeping-disco-9m,,,PRESENT
Arch Enemy,Arch Enemy,e631bb92-3e2b-43e3-a2cb-b605e2fb53bd,303,0,144,148,11,laion-disco-12m;sleeping-disco-9m;spotify-tracks-dataset,,,DOWNLOADED_ONLY
PJ Harvey,PJ Harvey,e795e03d-b5d5-4a5f-834d-162cfb308a2c,356,0,175,177,4,laion-disco-12m;sleeping-disco-9m;spotify-tracks-dataset,,,DOWNLOADED_ONLY
Jeff Buckley,Jeff Buckley,e6e879c0-3d56-4f12-b3c5-3ce459661a8e,211,0,146,64,1,laion-disco-12m;sleeping-disco-9m;spotify-tracks-dataset,,,DOWNLOADED_ONLY
Jason Mraz,Jason Mraz,82eb8936-7bf6-4577-8320-a2639465206d,338,0,163,142,33,laion-disco-12m;sleeping-disco-9m;spotify-tracks-dataset,,,DOWNLOADED_ONLY
Duffy,Duffy,2c4dae8c-e591-49e0-9c5a-62b310a15788,73,0,33,37,3,laion-disco-12m;sleeping-disco-9m;spotify-tracks-dataset,,,DOWNLOADED_ONLY
Sofia Carson,Sofia Carson,065bf89f-c15c-49b1-ad06-73524a6dd658,162,0,96,65,1,laion-disco-12m;sleeping-disco-9m;spotify-tracks-dataset,,,DOWNLOADED_ONLY
Alan Watts,Alan Watts,26e149d7-98bb-4d47-aa14-2030b1824376,192,0,143,49,0,laion-disco-12m;sleeping-disco-9m,,,PRESENT
Harry Dean Stanton,,,0,,,,,,,,NONE
Daron Malakian,Daron Malakian,42ba45d2-4938-4bf5-9121-5caffc719c4d,3,0,1,1,1,laion-disco-12m;sleeping-disco-9m;spotify-tracks-dataset,,,DOWNLOADED_ONLY
Alexandre Desplat,Alexandre Desplat,391846f7-f09f-470c-b188-c16b3a2022e4,272,0,211,41,20,laion-disco-12m;sleeping-disco-9m;spotify-tracks-dataset,,,DOWNLOADED_ONLY
Josh Groban,Josh Groban,12be5b16-915f-44bc-978a-8ddfab235b79,352,0,170,149,33,laion-disco-12m;sleeping-disco-9m;spotify-tracks-dataset,,,DOWNLOADED_ONLY
Marianne Faithfull,Marianne Faithfull,14ed9dea-1bb0-4743-ba32-39674a71da89,309,0,141,165,3,laion-disco-12m;sleeping-disco-9m;spotify-tracks-dataset,,,DOWNLOADED_ONLY
Mick Wingert,,,0,,,,,,,,NONE
Hanna Schygulla,,,0,,,,,,,,NONE
5 Seconds of Summer,5 Seconds of Summer,830e5c4e-6b7d-431d-86ab-00c751281dc5,313,0,132,177,4,laion-disco-12m;sleeping-disco-9m;spotify-tracks-dataset,,,DOWNLOADED_ONLY
The Roop,The Roop,052bd081-aa6a-4c1f-ab25-7bbb660ad225,66,0,41,25,0,laion-disco-12m;sleeping-disco-9m,,,PRESENT
Venom,Venom,d2ad8774-9173-4970-8427-06b04df201c1,194,0,145,48,1,laion-disco-12m;sleeping-disco-9m;spotify-tracks-dataset,,,DOWNLOADED_ONLY
Nino Rota,Nino Rota,d52ac009-4ed5-4d01-97d5-8280bb7dd460,258,0,249,9,0,laion-disco-12m;sleeping-disco-9m,,,PRESENT
Peggy Lee,Peggy Lee,5a2463af-eef0-4a22-bc8f-5865fbe9c78e,502,0,195,296,11,laion-disco-12m;sleeping-disco-9m;spotify-tracks-dataset,,,DOWNLOADED_ONLY
Perry Como,Perry Como,0182474b-8a1d-46d0-9d0f-e6df353335ea,422,0,273,147,2,laion-disco-12m;sleeping-disco-9m;spotify-tracks-dataset,,,DOWNLOADED_ONLY
Ryuichi Sakamoto,Ryuichi Sakamoto,a7f7df4a-77d8-4f12-8acd-5c60c93f4de8,308,0,281,5,22,laion-disco-12m;sleeping-disco-9m;spotify-tracks-dataset,,,DOWNLOADED_ONLY
Dick Van Dyke,Dick Van Dyke,33ec3ccd-ae01-42fa-b874-095dfbfd522f,89,0,67,20,2,laion-disco-12m;sleeping-disco-9m;spotify-tracks-dataset,,,DOWNLOADED_ONLY
Charles Boyer,Charles Boyer,6a38a124-7d48-4e2e-9f45-31ac1ce3f99f,39,0,39,0,0,laion-disco-12m,,,PRESENT
Sergey Lazarev,Sergey Lazarev,1c81c012-154f-40f7-99e2-482dae97a50d,147,0,144,3,0,laion-disco-12m;sleeping-disco-9m,,,PRESENT
Dolores del Río,,,0,,,,,,,,NONE
Chris Colfer,,,0,,,,,,,,NONE
Ben E. King,Ben E. King,837555ba-012e-45f1-9a9c-9628da13ee54,169,0,135,30,4,laion-disco-12m;sleeping-disco-9m;spotify-tracks-dataset,,,DOWNLOADED_ONLY
June Allyson,June Allyson,ecb757be-7469-4273-98d0-c0548321577c,13,0,9,4,0,laion-disco-12m;sleeping-disco-9m,,,PRESENT
Simple Plan,Simple Plan,b345af35-205e-4eca-8006-029e5c20127e,216,0,128,73,15,laion-disco-12m;sleeping-disco-9m;spotify-tracks-dataset,,,DOWNLOADED_ONLY
Robert Smith,Robert Smith,7d1a1624-784b-4f89-8ff9-b9b493cd059d,14,0,6,5,3,laion-disco-12m;sleeping-disco-9m;spotify-tracks-dataset,,,DOWNLOADED_ONLY
Panic! at the Disco,Panic! at the Disco,b9472588-93f3-4922-a1a2-74082cdf9ce8,282,0,138,136,8,laion-disco-12m;sleeping-disco-9m;spotify-tracks-dataset,,,DOWNLOADED_ONLY
Lyubov Orlova,Lyubov Orlova,83d658dc-65c4-44b5-a943-c44841573a8c,2,0,2,0,0,laion-disco-12m,,,PRESENT
Sarah Silverman,Sarah Silverman,ebf48614-6b24-41bd-9ebb-a90af8e473b7,146,0,134,12,0,laion-disco-12m;sleeping-disco-9m,,,PRESENT
Shabana Azmi,Shabana Azmi,d2e7bcee-f0f9-4323-ac6a-1f4e255beab0,21,0,21,0,0,laion-disco-12m,,,PRESENT
X Japan,X Japan,3f77449d-48e4-4ceb-b869-69af48da877b,89,0,58,24,7,laion-disco-12m;sleeping-disco-9m;spotify-tracks-dataset,,,DOWNLOADED_ONLY
Robin Gibb,Robin Gibb,71bcb5be-394c-4c04-bb38-35982e8a94d3,191,0,133,58,0,laion-disco-12m;sleeping-disco-9m,,,PRESENT
Rashida Jones,Rashida Jones,4fcb173e-78a8-4e1a-99db-b0052087ed06,1,0,1,0,0,laion-disco-12m,,,PRESENT
Jelena Karleuša,Jelena Karleuša,17210dc4-a182-4717-b8e5-dc7aa9996384,222,0,118,104,0,laion-disco-12m;sleeping-disco-9m,,,PRESENT
Bryan Ferry,Bryan Ferry,4ef7a9e2-2cf5-483a-8616-ef7791a98026,266,0,139,127,0,laion-disco-12m;sleeping-disco-9m,,,PRESENT
Jennette McCurdy,Jennette McCurdy,7f56716c-803a-4901-bf09-42f1d72f454f,24,0,11,13,0,laion-disco-12m;sleeping-disco-9m,,,PRESENT
Ville Valo,Ville Valo,d0169ab3-c719-4a25-be8b-8d707c9a39b7,66,0,35,31,0,laion-disco-12m;sleeping-disco-9m,,,PRESENT
a-ha,a-ha,7364dea6-ca9a-48e3-be01-b44ad0d19897,255,0,140,93,22,laion-disco-12m;sleeping-disco-9m;spotify-tracks-dataset,,,DOWNLOADED_ONLY
Glenn Frey,Glenn Frey,a717be4f-8b3d-4355-b33c-2b84f88fe40d,185,0,140,45,0,laion-disco-12m;sleeping-disco-9m,,,PRESENT
Chris Farley,Chris Farley,10209173-f878-4f08-bca4-87a27adf59b5,1,0,0,1,0,sleeping-disco-9m,,,PRESENT
6ix9ine,6ix9ine,2282c539-05a2-477c-82b7-fe40798d37f3,239,0,95,122,22,laion-disco-12m;sleeping-disco-9m;spotify-tracks-dataset,,,DOWNLOADED_ONLY
Robert Moog,,,0,,,,,,,,NONE
Dionne Warwick,Dionne Warwick,6784ee31-6d79-4a37-9e1f-01d6ef31940e,297,0,178,118,1,laion-disco-12m;sleeping-disco-9m;spotify-tracks-dataset,,,DOWNLOADED_ONLY
Vicki Baum,,,0,,,,,,,,NONE
Jordin Sparks,Jordin Sparks,5508631d-697f-4839-a669-06637e5bcb90,241,0,122,119,0,laion-disco-12m;sleeping-disco-9m,,,PRESENT
Jack White,Jack White,3ae2fb37-8a23-429d-9920-bac811c4fc22,193,0,103,86,4,laion-disco-12m;sleeping-disco-9m;spotify-tracks-dataset,,,DOWNLOADED_ONLY
J-Hope,J-Hope,b3977da4-f899-4328-921b-ecc599a5618a,64,0,31,22,11,laion-disco-12m;sleeping-disco-9m;spotify-tracks-dataset,,,DOWNLOADED_ONLY
Lauren Graham,,,0,,,,,,,,NONE
Edie McClurg,,,0,,,,,,,,NONE
Bartolomeo Cristofori,,,0,,,,,,,,NONE
Andy Samberg,Andy Samberg,8e11d376-651d-4bfe-a4b4-2f47da53b959,4,0,2,2,0,laion-disco-12m;sleeping-disco-9m,,,PRESENT
Cass Elliot,Cass Elliot,22f74ff1-ecec-4ef2-b1f7-44fbb8139f9d,128,0,92,36,0,laion-disco-12m;sleeping-disco-9m,,,PRESENT
Jeff Daniels,Jeff Daniels,11p5UXVo7gJQPRL0ea4KLo,1,0,0,1,0,sleeping-disco-9m,,,PRESENT
Ramin Djawadi,Ramin Djawadi,f089f636-6b85-4e0e-a192-0d30ed2b44d1,232,0,161,52,19,laion-disco-12m;sleeping-disco-9m;spotify-tracks-dataset,,,DOWNLOADED_ONLY
Indila,Indila,eee14992-d2ab-4c46-b1e2-51080504ba50,58,0,25,16,17,laion-disco-12m;sleeping-disco-9m;spotify-tracks-dataset,,,DOWNLOADED_ONLY
Luke Evans,Luke Evans,0cd67368-7bbd-4572-b8d8-180455b61088,68,0,43,23,2,laion-disco-12m;sleeping-disco-9m;spotify-tracks-dataset,,,DOWNLOADED_ONLY
Jamie Dornan,Jamie Dornan,a188a1b5-ded4-4aa6-8c39-50fe7d715c8d,4,0,1,3,0,laion-disco-12m;sleeping-disco-9m,,,PRESENT
Faith No More,Faith No More,b15ebd71-a252-417d-9e1c-3e6863da68f8,224,0,148,69,7,laion-disco-12m;sleeping-disco-9m;spotify-tracks-dataset,,,DOWNLOADED_ONLY
Julie Newmar,,,0,,,,,,,,NONE
Yvonne De Carlo,Yvonne De Carlo,1163dff9-28ef-4657-892f-e807d398d1bf,1,0,0,1,0,sleeping-disco-9m,,,PRESENT
Rob Zombie,Rob Zombie,c995a379-60b9-404b-bd97-a7e2de0751d3,300,0,147,130,23,laion-disco-12m;sleeping-disco-9m;spotify-tracks-dataset,,,DOWNLOADED_ONLY
Asia Argento,Asia Argento,70557fe1-5e95-462c-9570-aa1182c18641,29,0,3,26,0,laion-disco-12m;sleeping-disco-9m,,,PRESENT
Macklemore,Macklemore,b6d7ec94-830c-44dd-b699-ce66556b7e55,202,0,102,95,5,laion-disco-12m;sleeping-disco-9m;spotify-tracks-dataset,,,DOWNLOADED_ONLY
Kate Ryan,Kate Ryan,89d746b8-7d18-4baf-8cee-659b07771568,158,0,133,25,0,laion-disco-12m;sleeping-disco-9m,,,PRESENT
Khaled,Khaled,b4a479aa-4384-4acf-88b0-dee9188faeb5,169,0,167,2,0,laion-disco-12m;sleeping-disco-9m,,,PRESENT
Kim Jong-hyun,Kim Jong-hyun,2cb1105c-5f6d-426f-91a5-7b80f2fc68ff,85,0,51,34,0,laion-disco-12m;sleeping-disco-9m,,,PRESENT
Iryna Bilyk,Iryna Bilyk,2744b6f6-2455-4808-85e7-4ecb79ca1e30,57,0,57,0,0,laion-disco-12m,,,PRESENT
Bon Scott,Bon Scott,0d212894-db54-4cc1-9ded-3cac50183a1d,4,0,3,1,0,laion-disco-12m;sleeping-disco-9m,,,PRESENT
Juice Wrld,Juice Wrld,4e4ebde4-0c56-4dec-844b-6c73adcdd92d,936,0,145,781,10,laion-disco-12m;sleeping-disco-9m;spotify-tracks-dataset,,,DOWNLOADED_ONLY
Xzibit,Xzibit,9e839dc3-55f3-4492-ad0e-a1a2e84275e2,308,0,166,137,5,laion-disco-12m;sleeping-disco-9m;spotify-tracks-dataset,,,DOWNLOADED_ONLY
Zachary Levi,Zachary Levi,290e5513-55d3-426f-a4ba-1ac3ce589107,35,0,26,9,0,laion-disco-12m;sleeping-disco-9m,,,PRESENT
Kings of Leon,Kings of Leon,6ffb8ea9-2370-44d8-b678-e9237bbd347b,205,0,130,75,0,laion-disco-12m;sleeping-disco-9m,,,PRESENT
Rufus Wainwright,Rufus Wainwright,78e46ae5-9bfd-433b-be3f-19e993d67ecc,270,0,166,101,3,laion-disco-12m;sleeping-disco-9m;spotify-tracks-dataset,,,DOWNLOADED_ONLY
Yannick Noah,Yannick Noah,fe87035a-eef5-4cde-9961-747f0492c5d7,224,0,150,74,0,laion-disco-12m;sleeping-disco-9m,,,PRESENT
Bridgit Mendler,Bridgit Mendler,f59f7cee-8f6a-4a6f-b23c-f3b5fdf6208f,79,0,47,32,0,laion-disco-12m;sleeping-disco-9m,,,PRESENT
Chaka Khan,Chaka Khan,900e9144-019d-4043-86cb-ec0e127c39d0,375,0,191,179,5,laion-disco-12m;sleeping-disco-9m;spotify-tracks-dataset,,,DOWNLOADED_ONLY
Joss Stone,Joss Stone,dbbc47a5-1338-4830-9298-a8d0b11c0a46,321,0,161,154,6,laion-disco-12m;sleeping-disco-9m;spotify-tracks-dataset,,,DOWNLOADED_ONLY
Iannis Xenakis,Iannis Xenakis,4083d781-7973-4717-8e1b-0f8786437709,61,0,43,18,0,laion-disco-12m;sleeping-disco-9m,,,PRESENT
Noah Cyrus,Noah Cyrus,5df148ae-78eb-495a-8a0b-d16f3105992d,145,0,81,59,5,laion-disco-12m;sleeping-disco-9m;spotify-tracks-dataset,,,DOWNLOADED_ONLY
T.I.,T.I.,f7ba7fbe-c6bd-4ac0-bee9-c25c558d7d62,660,0,285,374,1,laion-disco-12m;sleeping-disco-9m;spotify-tracks-dataset,,,DOWNLOADED_ONLY
Laurie Anderson,Laurie Anderson,86809b51-cbe2-45f1-804a-e66eed635dea,243,0,145,98,0,laion-disco-12m;sleeping-disco-9m,,,PRESENT
Muslim Magomayev,Muslim Magomayev,37177120-189b-418f-a01c-284ff0ed9d6c,149,0,149,0,0,laion-disco-12m,,,PRESENT
Michael Cera,Michael Cera,8c89b52a-89f1-48cf-9246-fac3591c932c,30,0,19,11,0,laion-disco-12m;sleeping-disco-9m,,,PRESENT
Opeth,Opeth,c14b4180-dc87-481e-b17a-64e4150f90f6,270,0,143,105,22,laion-disco-12m;sleeping-disco-9m;spotify-tracks-dataset,,,DOWNLOADED_ONLY
Arcade Fire,Arcade Fire,52074ba6-e495-4ef3-9bb4-0703888a9f68,184,0,107,77,0,laion-disco-12m;sleeping-disco-9m,,,PRESENT
Jóhanna Guðrún Jónsdóttir,Jóhanna Guðrún Jónsdóttir,fa8b5232-a53a-4e6f-add9-fa0677811d9d,126,0,110,16,0,laion-disco-12m;sleeping-disco-9m,,,PRESENT
Alma Mahler,Alma Mahler,3f96a4b5-4b66-4987-b1e3-444fd5795aa8,28,0,13,15,0,laion-disco-12m;sleeping-disco-9m,,,PRESENT
Ciara,Ciara,03172286-f7ed-4864-a4db-459cd5ca9790,293,0,153,140,0,laion-disco-12m;sleeping-disco-9m,,,PRESENT
Cybill Shepherd,Cybill Shepherd,56fac676-8f6c-489f-9c72-9ef870528372,2,0,0,2,0,sleeping-disco-9m,,,PRESENT
Karol G,Karol G,de22adae-f8ac-414f-b653-b0162611bd60,256,0,123,100,33,laion-disco-12m;sleeping-disco-9m;spotify-tracks-dataset,,,DOWNLOADED_ONLY
Dermot Mulroney,,,0,,,,,,,,NONE
Darren Criss,Darren Criss,989a05be-85e2-4586-a5f4-4207a0a28391,91,0,57,26,8,laion-disco-12m;sleeping-disco-9m;spotify-tracks-dataset,,,DOWNLOADED_ONLY
Nelly,Nelly,811900b2-68fc-4d41-8bad-69b7a1f4d628,322,0,168,153,1,laion-disco-12m;sleeping-disco-9m;spotify-tracks-dataset,,,DOWNLOADED_ONLY
Elizabeth Gillies,Elizabeth Gillies,8d7b2288-dc37-429f-a99a-8ce1e42641db,71,0,31,40,0,laion-disco-12m;sleeping-disco-9m,,,PRESENT
Leslie Cheung,Leslie Cheung,d780609b-eca5-4277-a0c2-801cc0404764,160,0,143,1,16,laion-disco-12m;sleeping-disco-9m;spotify-tracks-dataset,,,DOWNLOADED_ONLY
J. Cole,J. Cole,875203e1-8e58-4b86-8dcb-7190faf411c5,374,0,156,214,4,laion-disco-12m;sleeping-disco-9m;spotify-tracks-dataset,,,DOWNLOADED_ONLY
Armin Mueller-Stahl,,,0,,,,,,,,NONE
Garth Brooks,Garth Brooks,b76645c5-78b0-4e4c-8f95-003f40013a45,142,0,4,138,0,laion-disco-12m;sleeping-disco-9m,,,PRESENT
Anette Olzon,Anette Olzon,39b8f29b-2881-471b-9f33-5a23df6388fc,73,0,38,35,0,laion-disco-12m;sleeping-disco-9m,,,PRESENT
Golshifteh Farahani,Golshifteh Farahani,fa088d46-39c8-4ec5-a2f9-73e4e119f910,6,0,3,3,0,laion-disco-12m;sleeping-disco-9m,,,PRESENT
David Arquette,,,0,,,,,,,,NONE
Telly Savalas,Telly Savalas,b8dc8dc3-5311-454a-aa6b-b2c0ec0b2c56,25,0,23,2,0,laion-disco-12m;sleeping-disco-9m,,,PRESENT
Celeste Holm,Celeste Holm,a4cd9bb8-f04e-4bd4-80ff-e27c06df2978,80,0,77,3,0,laion-disco-12m;sleeping-disco-9m,,,PRESENT
Petula Clark,Petula Clark,40e69149-45a7-4dab-8128-c5a4d9654eeb,181,0,121,59,1,laion-disco-12m;sleeping-disco-9m;spotify-tracks-dataset,,,DOWNLOADED_ONLY
Tia Carrere,Tia Carrere,9d8ba385-c80b-429b-9d45-c4059100e5bc,4,0,0,4,0,sleeping-disco-9m,,,PRESENT
Taraji P. Henson,Taraji P. Henson,89f93b5e-1933-49e1-84ba-bb7061635254,13,0,6,7,0,laion-disco-12m;sleeping-disco-9m,,,PRESENT
Sirusho,Sirusho,fe525302-478a-4629-b439-06299ffd6d73,122,0,96,26,0,laion-disco-12m;sleeping-disco-9m,,,PRESENT
Ike Turner,Ike Turner,b66fa5c1-ebab-402a-865d-26acaf8de3d5,150,0,147,3,0,laion-disco-12m;sleeping-disco-9m,,,PRESENT
Jemaine Clement,Jemaine Clement,b0e84e70-f294-43ab-8025-abc0cd2f5339,10,0,6,4,0,laion-disco-12m;sleeping-disco-9m,,,PRESENT
Bae Suzy,Bae Suzy,72325a65-557b-47d6-8bbb-b374b380bc5c,66,0,62,3,1,laion-disco-12m;sleeping-disco-9m;spotify-tracks-dataset,,,DOWNLOADED_ONLY
RuPaul,RuPaul,15257a48-d9f6-4fd1-b30e-323576b15aca,420,0,151,269,0,laion-disco-12m;sleeping-disco-9m,,,PRESENT
Salif Keita,Salif Keita,b29a24ff-2c55-437e-867b-1456c9f3f73e,137,0,127,5,5,laion-disco-12m;sleeping-disco-9m;spotify-tracks-dataset,,,DOWNLOADED_ONLY
Fanny Ardant,Fanny Ardant,e8750053-93a1-45e5-975d-7a138781c90d,4,0,3,1,0,laion-disco-12m;sleeping-disco-9m,,,PRESENT
Walter Huston,Walter Huston,4ee8c019-7952-427d-af09-378df44c9302,5,0,0,5,0,sleeping-disco-9m,,,PRESENT
Brad Delson,,,0,,,,,,,,NONE
Rhys Ifans,,,0,,,,,,,,NONE
Esther Williams,Esther Williams,cb2baafe-3ea7-449b-979c-e79ccda4079b,46,0,44,2,0,laion-disco-12m;sleeping-disco-9m,,,PRESENT
Esther Williams,Esther Williams,cb2baafe-3ea7-449b-979c-e79ccda4079b,46,0,44,2,0,laion-disco-12m;sleeping-disco-9m,,,PRESENT
Elsa Lanchester,,,0,,,,,,,,NONE
Elsa Lanchester,,,0,,,,,,,,NONE
Éric-Emmanuel Schmitt,,,0,,,,,,,,NONE
Jamie Campbell Bower,Jamie Campbell Bower,6be5009b-f40f-402e-9a2b-80a7a064ce99,10,0,6,4,0,laion-disco-12m;sleeping-disco-9m,,,PRESENT
Falco,Falco,dcd95aa4-f3ff-492d-a621-8518ada0f58b,218,0,143,75,0,laion-disco-12m;sleeping-disco-9m,,,PRESENT
Jeff Hardy,Jeff Hardy,123a1d95-7829-4735-a520-64d08bf7d854,90,0,59,31,0,laion-disco-12m;sleeping-disco-9m,,,PRESENT
Jeff Hardy,Jeff Hardy,123a1d95-7829-4735-a520-64d08bf7d854,90,0,59,31,0,laion-disco-12m;sleeping-disco-9m,,,PRESENT
Jamie Lynn Spears,Jamie Lynn Spears,0b27d203-4760-40f4-82c2-8a4047d6cf86,19,0,7,12,0,laion-disco-12m;sleeping-disco-9m,,,PRESENT
Kurt Weill,Kurt Weill,0e738f68-783c-4a6a-80ae-4f7500861060,189,0,151,38,0,laion-disco-12m;sleeping-disco-9m,,,PRESENT
Verka Serduchka,Verka Serduchka,10f87b54-0e95-4268-9857-e2660367c305,68,0,68,0,0,laion-disco-12m,,,PRESENT
Suzanne Vega,Suzanne Vega,cf119120-7df5-47d7-9dec-49f8837a4e40,185,0,125,60,0,laion-disco-12m;sleeping-disco-9m,,,PRESENT
Christina Perri,Christina Perri,38d363c7-fdcb-4308-9474-a0d14ab8d9b7,209,0,128,71,10,laion-disco-12m;sleeping-disco-9m;spotify-tracks-dataset,,,DOWNLOADED_ONLY
Whitesnake,Whitesnake,5dedf5cf-a598-4408-9556-3bf3f149f3ba,261,0,147,104,10,laion-disco-12m;sleeping-disco-9m;spotify-tracks-dataset,,,DOWNLOADED_ONLY
Sanjay Dutt,Sanjay Dutt,bc90bd20-c5ed-425d-a2b6-6e81a39b6c12,38,0,37,1,0,laion-disco-12m;sleeping-disco-9m,,,PRESENT
Craig David,Craig David,89e39f67-65cc-4f90-b145-b1b56c209f8a,284,0,170,101,13,laion-disco-12m;sleeping-disco-9m;spotify-tracks-dataset,,,DOWNLOADED_ONLY
Randy Newman,Randy Newman,da7bb7d8-557d-4635-9ca1-e6e985525bd5,317,0,159,101,57,laion-disco-12m;sleeping-disco-9m;spotify-tracks-dataset,,,DOWNLOADED_ONLY
Loretta Lynn,Loretta Lynn,613260c3-d620-4645-94cd-33cd55f29b1e,532,0,170,354,8,laion-disco-12m;sleeping-disco-9m;spotify-tracks-dataset,,,DOWNLOADED_ONLY
Korpiklaani,Korpiklaani,50eec634-7c42-41ee-9b1f-b41d9ca28b26,206,0,150,56,0,laion-disco-12m;sleeping-disco-9m,,,PRESENT
Dusty Springfield,Dusty Springfield,b896aa8c-2761-40ce-b485-0e1fffd26167,231,0,134,90,7,laion-disco-12m;sleeping-disco-9m;spotify-tracks-dataset,,,DOWNLOADED_ONLY
Chris Jericho,Chris Jericho,205ee1a9-83d5-4df6-aef0-23e00d5bec54,6,0,2,4,0,laion-disco-12m;sleeping-disco-9m,,,PRESENT
James Newton Howard,James Newton Howard,f6580b26-77f7-4a7b-8513-6db0476e8f21,366,0,175,187,4,laion-disco-12m;sleeping-disco-9m;spotify-tracks-dataset,,,DOWNLOADED_ONLY
Toše Proeski,Toše Proeski,a61f8004-ccc9-4154-b45a-f677d5869b46,233,0,150,83,0,laion-disco-12m;sleeping-disco-9m,,,PRESENT
Erykah Badu,Erykah Badu,321531fc-db73-4ffa-a959-61a61a2908c1,252,0,129,123,0,laion-disco-12m;sleeping-disco-9m,,,PRESENT
Jeremy Zucker,Jeremy Zucker,e116e0be-c371-4d57-bc09-e2d762d82540,197,0,91,92,14,laion-disco-12m;sleeping-disco-9m;spotify-tracks-dataset,,,DOWNLOADED_ONLY
Sarah Vaughan,Sarah Vaughan,351d8bdf-33a1-45e2-8c04-c85fad20da55,518,0,358,158,2,laion-disco-12m;sleeping-disco-9m;spotify-tracks-dataset,,,DOWNLOADED_ONLY
Mira Furlan,,,0,,,,,,,,NONE
Rosemary Clooney,Rosemary Clooney,b6f69ada-cb4f-4083-913f-a00f47bfbe4b,219,0,169,50,0,laion-disco-12m;sleeping-disco-9m,,,PRESENT
Lulu,Lulu,002e9f6e-13af-4347-83c5-f5ace70e0ec4,168,0,130,37,1,laion-disco-12m;sleeping-disco-9m;spotify-tracks-dataset,,,DOWNLOADED_ONLY
Boris Christoff,Boris Christoff,5306aa52-87a5-4216-8cd7-a1fa2470c550,8,0,8,0,0,laion-disco-12m,,,PRESENT
Bathory,Bathory,d292b4cd-37bd-4a88-a823-8710f273cc31,175,0,92,76,7,laion-disco-12m;sleeping-disco-9m;spotify-tracks-dataset,,,DOWNLOADED_ONLY
Wilhelm Friedemann Bach,Wilhelm Friedemann Bach,4af324c6-0a7c-4c84-b7ce-c60ffe4a8f33,14,0,14,0,0,laion-disco-12m,,,PRESENT
INXS,INXS,481bf5f9-2e7c-4c44-b08a-05b32bc7c00d,225,0,157,66,2,laion-disco-12m;sleeping-disco-9m;spotify-tracks-dataset,,,DOWNLOADED_ONLY
William Katt,,,0,,,,,,,,NONE
In Flames,In Flames,31745282-b1ea-4d62-939f-226b14d68e7c,309,0,151,136,22,laion-disco-12m;sleeping-disco-9m;spotify-tracks-dataset,,,DOWNLOADED_ONLY
Papa Roach,Papa Roach,c5eb9407-caeb-4303-b383-6929aa94021c,253,0,150,98,5,laion-disco-12m;sleeping-disco-9m;spotify-tracks-dataset,,,DOWNLOADED_ONLY
Nena,Nena,38bfaa7f-ee98-48cb-acd0-946d7aeecd76,22,0,14,8,0,laion-disco-12m;sleeping-disco-9m,,,PRESENT
Good Charlotte,Good Charlotte,b267ca80-034e-4dc1-9ed4-ec45f1fed41d,172,0,147,24,1,laion-disco-12m;sleeping-disco-9m;spotify-tracks-dataset,,,DOWNLOADED_ONLY
Wayne Knight,,,0,,,,,,,,NONE
Samuel Barber,Samuel Barber,74ed34ce-ee95-44e9-a87d-4d2d5056c24a,483,0,449,33,1,laion-disco-12m;sleeping-disco-9m;spotify-tracks-dataset,,,DOWNLOADED_ONLY
Cory Monteith,,,0,,,,,,,,NONE
Bobby McFerrin,Bobby McFerrin,a996b5bd-db99-4257-b036-336f63448aa2,63,0,15,48,0,laion-disco-12m;sleeping-disco-9m,,,PRESENT
Verka Serduchka,Verka Serduchka,10f87b54-0e95-4268-9857-e2660367c305,68,0,68,0,0,laion-disco-12m,,,PRESENT
Gilberto Gil,Gilberto Gil,cf6b70f6-2616-481c-912c-0263cabfc974,345,1,200,124,20,free-music-archive;laion-disco-12m;sleeping-disco-9m;spotify-tracks-dataset,free-music-archive,Google;Stability AI,USED_BY
Dimitrie Cantemir,,,0,,,,,,,,NONE
Peng Liyuan,Peng Liyuan,9358ac97-1028-4756-8726-fa1b8c4e1f90,102,0,102,0,0,laion-disco-12m,,,PRESENT
Jesse McCartney,Jesse McCartney,9d075d6e-9492-4343-ac95-93a808f61477,192,0,118,74,0,laion-disco-12m;sleeping-disco-9m,,,PRESENT
Boy George,Boy George,2787bddf-6439-4c73-8162-5f4a1e5fa030,232,0,169,60,3,laion-disco-12m;sleeping-disco-9m;spotify-tracks-dataset,,,DOWNLOADED_ONLY
Violeta Parra,Violeta Parra,bb92cd9f-0446-42bb-adc7-b6f7c5bea2e3,178,0,157,21,0,laion-disco-12m;sleeping-disco-9m,,,PRESENT
ASAP Rocky,ASAP Rocky,25b7b584-d952-4662-a8b9-dd8cdfbfeb64,416,0,181,228,7,laion-disco-12m;sleeping-disco-9m;spotify-tracks-dataset,,,DOWNLOADED_ONLY
Gerard Way,Gerard Way,53dc88bd-cdcb-440d-81aa-51a40ef07848,42,0,22,19,1,laion-disco-12m;sleeping-disco-9m;spotify-tracks-dataset,,,DOWNLOADED_ONLY
Melissa Benoist,Melissa Benoist,14ba7057-dee0-44f6-b1aa-f0311e5c2a6c,3,0,1,2,0,laion-disco-12m;sleeping-disco-9m,,,PRESENT
Janelle Monáe,Janelle Monáe,ee190f6b-7d98-43ec-b924-da5f8018eca0,244,0,146,95,3,laion-disco-12m;sleeping-disco-9m;spotify-tracks-dataset,,,DOWNLOADED_ONLY
Juliette Gréco,Juliette Gréco,bb839dd4-94be-4732-b014-135a64c340a6,149,0,130,19,0,laion-disco-12m;sleeping-disco-9m,,,PRESENT
Corry Brokken,Corry Brokken,a0d180db-5990-44d6-b4cf-9fd473ba27d3,8,0,0,8,0,sleeping-disco-9m,,,PRESENT
Boy George,Boy George,2787bddf-6439-4c73-8162-5f4a1e5fa030,232,0,169,60,3,laion-disco-12m;sleeping-disco-9m;spotify-tracks-dataset,,,DOWNLOADED_ONLY
SZA,SZA,272989c8-5535-492d-a25c-9f58803e027f,238,0,104,131,3,laion-disco-12m;sleeping-disco-9m;spotify-tracks-dataset,,,DOWNLOADED_ONLY
Yann Tiersen,Yann Tiersen,12d432a3-feb0-49b1-a107-d20751880764,231,0,187,32,12,laion-disco-12m;sleeping-disco-9m;spotify-tracks-dataset,,,DOWNLOADED_ONLY
Samantha Fox,Samantha Fox,ffdb2b8f-ecbf-427a-abc7-c47f4ebc8ae3,205,0,135,70,0,laion-disco-12m;sleeping-disco-9m,,,PRESENT
Suzi Quatro,Suzi Quatro,2c16cb3f-e85f-4158-889f-ffc038f5792d,246,0,164,82,0,laion-disco-12m;sleeping-disco-9m,,,PRESENT
Richard Kind,Richard Kind,9b298ef9-5cb4-4f35-9e13-b790197e411c,11,0,10,1,0,laion-disco-12m;sleeping-disco-9m,,,PRESENT
Giorgio Moroder,Giorgio Moroder,38dd6337-19ae-4793-ab4b-313eff523457,223,0,177,44,2,laion-disco-12m;sleeping-disco-9m;spotify-tracks-dataset,,,DOWNLOADED_ONLY
Mango,Mango,9298257c-e9b4-4baa-bf4b-a04475d0422c,2,0,0,2,0,sleeping-disco-9m,,,PRESENT
Marie Fredriksson,Marie Fredriksson,3a0373c0-f9c1-4eb3-9c10-53cc18193b07,199,0,144,52,3,laion-disco-12m;sleeping-disco-9m;spotify-tracks-dataset,,,DOWNLOADED_ONLY
Željko Joksimović,Željko Joksimović,380b799f-4aca-44e9-aade-5b0714cadb6c,182,0,105,77,0,laion-disco-12m;sleeping-disco-9m,,,PRESENT
Gracie Abrams,Gracie Abrams,f7441bc7-d7de-4813-a2fc-31a4033d396d,125,0,57,60,8,laion-disco-12m;sleeping-disco-9m;spotify-tracks-dataset,,,DOWNLOADED_ONLY
Chappell Roan,Chappell Roan,56a55378-f155-48de-80a5-d80104221267,62,0,26,36,0,laion-disco-12m;sleeping-disco-9m,,,PRESENT
Evanna Lynch,,,0,,,,,,,,NONE
Sophie Kinsella,,,0,,,,,,,,NONE
Stan Getz,Stan Getz,8f2422ab-0ec6-4c92-80c4-afe9622fab32,601,0,482,114,5,laion-disco-12m;sleeping-disco-9m;spotify-tracks-dataset,,,DOWNLOADED_ONLY
Penn Badgley,,,0,,,,,,,,NONE
Shawn Michaels,Shawn Michaels,8ef83cea-f741-4c17-b7ec-52ea6cfe4e1d,1,0,0,1,0,sleeping-disco-9m,,,PRESENT
Marc-Antoine Charpentier,Marc-Antoine Charpentier,4fddc10d-b218-43b7-8d8d-65500e1402d0,130,0,113,17,0,laion-disco-12m;sleeping-disco-9m,,,PRESENT
Steven Yeun,,,0,,,,,,,,NONE
Peter Weiss,,,0,,,,,,,,NONE
Emile Berliner,Emile Berliner,4de55402-e369-4c48-9850-7248403f507a,1,0,0,1,0,sleeping-disco-9m,,,PRESENT
Emile Berliner,Emile Berliner,4de55402-e369-4c48-9850-7248403f507a,1,0,0,1,0,sleeping-disco-9m,,,PRESENT
Emily Browning,Emily Browning,5358b552-626e-49ee-bc91-0def4ed1178b,29,0,13,16,0,laion-disco-12m;sleeping-disco-9m,,,PRESENT
Die Antwoord,Die Antwoord,7e07ffb5-c0f6-4891-a74d-a5e12a247785,195,0,125,70,0,laion-disco-12m;sleeping-disco-9m,,,PRESENT
Chicago,Chicago,3f5be744-e867-42fb-8913-5fd69e4099b5,560,0,164,390,6,laion-disco-12m;sleeping-disco-9m;spotify-tracks-dataset,,,DOWNLOADED_ONLY
Helene Fischer,Helene Fischer,167e1cd2-4a9e-4f34-bcda-2e0acf0a1797,332,0,162,170,0,laion-disco-12m;sleeping-disco-9m,,,PRESENT
Sammy Davis Jr.,Sammy Davis Jr.,4bc9e8c3-7eae-454f-a56c-bccf96f3926b,233,0,172,59,2,laion-disco-12m;sleeping-disco-9m;spotify-tracks-dataset,,,DOWNLOADED_ONLY
Witold Lutosławski,Witold Lutosławski,af4c43d3-c0e0-421e-ac64-000329af0435,53,0,32,21,0,laion-disco-12m;sleeping-disco-9m,,,PRESENT
Siouxsie and the Banshees,Siouxsie and the Banshees,78ea5ea1-3c4d-4b7e-ac5d-68900319ebe2,144,0,144,0,0,laion-disco-12m,,,PRESENT
Eurythmics,Eurythmics,b4d32cff-f19e-455f-86c4-f347d824ca61,335,0,251,69,15,laion-disco-12m;sleeping-disco-9m;spotify-tracks-dataset,,,DOWNLOADED_ONLY
Sara Bareilles,Sara Bareilles,e54be6b7-5c26-4b47-bb3f-c137429b9b55,265,0,161,95,9,laion-disco-12m;sleeping-disco-9m;spotify-tracks-dataset,,,DOWNLOADED_ONLY
Art Tatum,Art Tatum,e073f6af-d696-4340-b847-e81fabc4d55b,269,0,228,41,0,laion-disco-12m;sleeping-disco-9m,,,PRESENT
Sayat-Nova,Sayat-Nova,Sayat-nova,8,0,0,8,0,sleeping-disco-9m,,,PRESENT
Manu Chao,Manu Chao,7570a0dd-5a67-401b-b19a-261eee01a284,184,0,162,22,0,laion-disco-12m;sleeping-disco-9m,,,PRESENT
Grant Gustin,Grant Gustin,0059a71f-c33a-4c57-b7f3-bb0657f80f1f,25,0,14,11,0,laion-disco-12m;sleeping-disco-9m,,,PRESENT
Loreena McKennitt,Loreena McKennitt,c1e5344e-1bff-4727-9417-a4f55e41b5ff,208,0,144,64,0,laion-disco-12m;sleeping-disco-9m,,,PRESENT
Travis Barker,Travis Barker,3aebd566-7ff8-4b29-b017-051b6ec55861,272,0,158,107,7,laion-disco-12m;sleeping-disco-9m;spotify-tracks-dataset,,,DOWNLOADED_ONLY
Yngwie Malmsteen,Yngwie Malmsteen,8fa5d80d-37e8-4133-9d5c-6bad446c63f0,173,0,142,27,4,laion-disco-12m;sleeping-disco-9m;spotify-tracks-dataset,,,DOWNLOADED_ONLY
The Moody Blues,The Moody Blues,774666d2-2064-4d6c-856c-f8cda0aaf9f0,217,0,150,62,5,laion-disco-12m;sleeping-disco-9m;spotify-tracks-dataset,,,DOWNLOADED_ONLY
Andrés Segovia,Andrés Segovia,443aad48-c7e7-476f-96bf-90f123a4829b,218,0,196,22,0,laion-disco-12m;sleeping-disco-9m,,,PRESENT
Keke Palmer,Keke Palmer,58182588-b18f-4bc4-a7fd-3805c408b04b,192,0,85,107,0,laion-disco-12m;sleeping-disco-9m,,,PRESENT
T-Pain,T-Pain,ce55e49a-32f4-4757-9849-bf04d06d5fcc,471,0,221,245,5,laion-disco-12m;sleeping-disco-9m;spotify-tracks-dataset,,,DOWNLOADED_ONLY
Ricchi e Poveri,Ricchi e Poveri,706fe5d6-96df-4c64-ad42-894db061e3da,142,0,118,23,1,laion-disco-12m;sleeping-disco-9m;spotify-tracks-dataset,,,DOWNLOADED_ONLY
Sandie Shaw,Sandie Shaw,16963107-9288-43a2-946c-81de2f5eddfa,179,0,147,31,1,laion-disco-12m;sleeping-disco-9m;spotify-tracks-dataset,,,DOWNLOADED_ONLY
Sonny Rollins,Sonny Rollins,3b47247e-5b57-49b6-a0ed-bad80243802a,305,0,274,31,0,laion-disco-12m;sleeping-disco-9m,,,PRESENT
Nemo,Nemo,957d2dfc-56ed-4712-9af2-28a158b403b6,4,0,3,1,0,laion-disco-12m;sleeping-disco-9m,,,PRESENT
Jackson Browne,Jackson Browne,88527d26-7496-47c5-8358-ebdb1868a90f,233,0,139,93,1,laion-disco-12m;sleeping-disco-9m;spotify-tracks-dataset,,,DOWNLOADED_ONLY
Lyudmila Gurchenko,Lyudmila Gurchenko,3729211b-ed61-429c-9017-c785aa4e1154,138,0,138,0,0,laion-disco-12m,,,PRESENT
Toni Collette,Toni Collette,b443271d-fef6-44cd-8cb5-bdc8af6bcb3e,3,0,2,1,0,laion-disco-12m;sleeping-disco-9m,,,PRESENT
Tina Karol,Tina Karol,81fdd079-7d05-4ba4-8577-9500df6a8c4c,139,0,24,115,0,laion-disco-12m;sleeping-disco-9m,,,PRESENT
Karel Gott,Karel Gott,c5e0328e-035a-45da-9ae5-908bf22169aa,384,0,358,25,1,laion-disco-12m;sleeping-disco-9m;spotify-tracks-dataset,,,DOWNLOADED_ONLY
Betty Grable,Betty Grable,f77585f0-453d-44c6-b33e-c694c15ed202,157,0,154,3,0,laion-disco-12m;sleeping-disco-9m,,,PRESENT
Lizzo,Lizzo,8fb5370b-9568-4b61-9da5-2aa12c9928db,163,0,86,65,12,laion-disco-12m;sleeping-disco-9m;spotify-tracks-dataset,,,DOWNLOADED_ONLY
Diana Krall,Diana Krall,67d2cb7a-9ddb-4a7f-82bf-5a2d1a038e98,277,0,153,121,3,laion-disco-12m;sleeping-disco-9m;spotify-tracks-dataset,,,DOWNLOADED_ONLY
Andy Williams,Andy Williams,57cb4257-9855-4a42-b1be-bfba1d9b520d,315,0,140,175,0,laion-disco-12m;sleeping-disco-9m,,,PRESENT
Enigma,Enigma,f1d1df24-91af-4d27-83a4-9b4ad29b37eb,222,0,152,20,50,laion-disco-12m;sleeping-disco-9m;spotify-tracks-dataset,,,DOWNLOADED_ONLY
Tré Cool,,,0,,,,,,,,NONE
Ice-T,ICE-T,8a75ce0d-1df3-47cc-b076-ce2f4e8250f0,275,0,168,105,2,laion-disco-12m;sleeping-disco-9m;spotify-tracks-dataset,,,DOWNLOADED_ONLY
Johann Nepomuk Hummel,Johann Nepomuk Hummel,f7ef501b-2bc0-4083-ac52-3518255883a2,152,0,146,6,0,laion-disco-12m;sleeping-disco-9m,,,PRESENT
Ice-T,Ice-T,8a75ce0d-1df3-47cc-b076-ce2f4e8250f0,275,0,168,105,2,laion-disco-12m;sleeping-disco-9m;spotify-tracks-dataset,,,DOWNLOADED_ONLY
Carice van Houten,Carice van Houten,090426e2-fb48-4bd1-a82d-3e3c3f4775f8,17,0,3,14,0,laion-disco-12m;sleeping-disco-9m,,,PRESENT
Becky G,Becky G,eb90c8b8-d733-4c14-a293-105c3d1ba9b3,329,0,169,144,16,laion-disco-12m;sleeping-disco-9m;spotify-tracks-dataset,,,DOWNLOADED_ONLY
Ansel Elgort,Ansel Elgort,75404e30-3674-4f20-9ff2-1d267e3d38e7,31,0,17,14,0,laion-disco-12m;sleeping-disco-9m,,,PRESENT
Rob Halford,Rob Halford,9f0d5967-5b88-44d6-9fa1-7d4bb8b61ed0,173,0,168,5,0,laion-disco-12m;sleeping-disco-9m,,,PRESENT
Massiel,Massiel,d797e11e-f963-48f1-8076-67d5748cc5d6,152,0,143,9,0,laion-disco-12m;sleeping-disco-9m,,,PRESENT
Alida Valli,Alida Valli,4854ea0c-5d3f-4299-9ac7-ea0e87471a97,3,0,3,0,0,laion-disco-12m,,,PRESENT
Corey Taylor,Corey Taylor,15e02679-7a5f-4dd2-850c-5aa6e49d0878,109,0,65,43,1,laion-disco-12m;sleeping-disco-9m;spotify-tracks-dataset,,,DOWNLOADED_ONLY
Charles Mingus,Charles Mingus,f3b8e107-abe8-4743-b6a3-4a4ee995e71f,262,0,200,62,0,laion-disco-12m;sleeping-disco-9m,,,PRESENT
Maluma,Maluma,e8979f75-9110-4df8-ac70-898898d080d1,393,0,189,185,19,laion-disco-12m;sleeping-disco-9m;spotify-tracks-dataset,,,DOWNLOADED_ONLY
Monkhaen Kaenkoon,,,0,,,,,,,,NONE
Amy Irving,Amy Irving,1b9447e1-1a9b-4683-a23d-f9dbab7f9aef,2,0,0,2,0,sleeping-disco-9m,,,PRESENT
Aubrey Beardsley,,,0,,,,,,,,NONE
Nemo,Nemo,77787147-bdda-40f4-bcdd-5e327318c145,47,0,35,12,0,laion-disco-12m;sleeping-disco-9m,,,PRESENT
Nemo,Nemo,77787147-bdda-40f4-bcdd-5e327318c145,47,0,35,12,0,laion-disco-12m;sleeping-disco-9m,,,PRESENT
James Gunn,,,0,,,,,,,,NONE
Udo Kier,Udo Kier,7gxpk53ACZHKNqS0Q82FF3,2,0,1,1,0,laion-disco-12m;sleeping-disco-9m,,,PRESENT
Fanny Cadeo,,,0,,,,,,,,NONE
Roger Daltrey,Roger Daltrey,3896a59d-3058-4797-94b7-864bc58ccd98,203,0,135,68,0,laion-disco-12m;sleeping-disco-9m,,,PRESENT
Stratovarius,Stratovarius,c3d6fdd5-67c5-453e-87e3-d17a00a52879,199,0,147,52,0,laion-disco-12m;sleeping-disco-9m,,,PRESENT
Chyler Leigh,Chyler Leigh,0HqjZQxDCrdByIDbdFOPMQ,1,0,0,1,0,sleeping-disco-9m,,,PRESENT
Mina,Mina,a56f5af0-3e87-4877-b68f-390f62903381,799,0,251,548,0,laion-disco-12m;sleeping-disco-9m,,,PRESENT
Parker Posey,,,0,,,,,,,,NONE
Elliott Smith,Elliott Smith,03ad1736-b7c9-412a-b442-82536d63a5c4,233,0,146,86,1,laion-disco-12m;sleeping-disco-9m;spotify-tracks-dataset,,,DOWNLOADED_ONLY
Status Quo,Status Quo,1884ed9c-6fe1-468d-a7f8-8d19c9c4e441,310,0,152,154,4,laion-disco-12m;sleeping-disco-9m;spotify-tracks-dataset,,,DOWNLOADED_ONLY
Alesha Dixon,Alesha Dixon,b54a3b47-8f52-46fd-85f2-49165ea437b8,131,0,93,38,0,laion-disco-12m;sleeping-disco-9m,,,PRESENT
Seventeen,SEVENTEEN,e04d239e-9fa8-49b3-b9b7-9e439c3cb1d1,156,0,135,7,14,laion-disco-12m;sleeping-disco-9m;spotify-tracks-dataset,,,DOWNLOADED_ONLY
Wynton Marsalis,Wynton Marsalis,0d74dcc7-5684-4695-830f-a9846aad8ba9,382,0,307,75,0,laion-disco-12m;sleeping-disco-9m,,,PRESENT
Kevin Jonas,Kevin Jonas,7b54e7dc-bae3-43f8-992e-10c43b859659,1,0,1,0,0,laion-disco-12m,,,PRESENT
"Earth, Wind & Fire","Earth, Wind & Fire",535afeda-2538-435d-9dd1-5e10be586774,385,0,162,219,4,laion-disco-12m;sleeping-disco-9m;spotify-tracks-dataset,,,DOWNLOADED_ONLY
Hans Krankl,Hans Krankl,2b5eb322-074a-45e5-ae1b-803831442e64,1,0,1,0,0,laion-disco-12m,,,PRESENT
Alicia Witt,Alicia Witt,61cc8cd3-aa05-4c12-b46e-9b4cc51ed98d,4,0,0,4,0,sleeping-disco-9m,,,PRESENT
Andy Lau,Andy Lau,f738bc44-5806-4013-aee4-5469c0c2ec30,167,0,146,1,20,laion-disco-12m;sleeping-disco-9m;spotify-tracks-dataset,,,DOWNLOADED_ONLY
Tom DeLonge,Tom DeLonge,e24b50d5-0e5b-488d-8f72-d80be094ee8b,52,0,48,2,2,laion-disco-12m;sleeping-disco-9m;spotify-tracks-dataset,,,DOWNLOADED_ONLY
Sonata Arctica,Sonata Arctica,319b1175-ced9-438f-986b-9239c3edd92d,207,0,125,82,0,laion-disco-12m;sleeping-disco-9m,,,PRESENT
Hoobastank,Hoobastank,2fa0d3ac-b64c-401a-b0a1-4915ba6cc157,154,0,104,43,7,laion-disco-12m;sleeping-disco-9m;spotify-tracks-dataset,,,DOWNLOADED_ONLY
Sarah Hyland,Sarah Hyland,7d015ab0-a822-4174-b446-3a9b1644099e,12,0,7,4,1,laion-disco-12m;sleeping-disco-9m;spotify-tracks-dataset,,,DOWNLOADED_ONLY
Luciano Berio,Luciano Berio,d61e77cc-80b3-4586-bf4e-91fe7f13165e,30,0,11,19,0,laion-disco-12m;sleeping-disco-9m,,,PRESENT
Cradle of Filth,Cradle of Filth,7e26cbe1-b8f5-4215-af82-e43d5f8ff308,332,0,149,165,18,laion-disco-12m;sleeping-disco-9m;spotify-tracks-dataset,,,DOWNLOADED_ONLY
Tiziano Ferro,Tiziano Ferro,d12b05b0-a0af-4c2c-8c8c-ab8bcf49439e,243,0,159,84,0,laion-disco-12m;sleeping-disco-9m,,,PRESENT
Alan Parsons,Alan Parsons,9774cfd1-8862-42bd-919e-156c31f079b4,161,0,107,54,0,laion-disco-12m;sleeping-disco-9m,,,PRESENT
Bobby Darin,Bobby Darin,1f223eed-aa38-49da-9e76-62ab3adc2e04,265,0,124,132,9,laion-disco-12m;sleeping-disco-9m;spotify-tracks-dataset,,,DOWNLOADED_ONLY
Carol Channing,Carol Channing,1b3004ab-ca43-495e-8b11-88a10773c8d5,12,0,3,9,0,laion-disco-12m;sleeping-disco-9m,,,PRESENT
Moya Brennan,Moya Brennan,51823891-6035-4d6c-a007-b70a86747023,204,0,166,35,3,laion-disco-12m;sleeping-disco-9m;spotify-tracks-dataset,,,DOWNLOADED_ONLY
José Feliciano,José Feliciano,3c004c98-aab6-4b63-a2df-e07c98e73b0a,160,0,138,22,0,laion-disco-12m;sleeping-disco-9m,,,PRESENT
Sharon den Adel,Sharon den Adel,7f4195a2-c1ce-4dae-bbbc-3f5967f077ec,38,0,34,3,1,laion-disco-12m;sleeping-disco-9m;spotify-tracks-dataset,,,DOWNLOADED_ONLY
Anne-Sophie Mutter,Anne-Sophie Mutter,206e3a6b-301f-4a0d-8632-7dfd7927cbcf,195,0,194,0,1,laion-disco-12m;spotify-tracks-dataset,,,DOWNLOADED_ONLY
Tuomas Holopainen,Tuomas Holopainen,ae4c7a2c-fb0f-4bfd-a9be-c815d00030b8,17,0,12,5,0,laion-disco-12m;sleeping-disco-9m,,,PRESENT
Portishead,Portishead,8f6bd1e4-fbe1-4f50-aa9b-94c450ec0f11,134,0,71,47,16,laion-disco-12m;sleeping-disco-9m;spotify-tracks-dataset,,,DOWNLOADED_ONLY
Taylor Hawkins,Taylor Hawkins,f0d35e7c-bbda-4063-a07b-0aa044fa5c8a,62,0,37,25,0,laion-disco-12m;sleeping-disco-9m,,,PRESENT
David Byrne,David Byrne,d4659efb-b8eb-4f03-95e9-f69ce35967a9,377,1,165,210,1,free-music-archive;laion-disco-12m;sleeping-disco-9m;spotify-tracks-dataset,free-music-archive,Google;Stability AI,USED_BY
Arrigo Boito,Arrigo Boito,344d0eae-3b48-4da7-8c56-af771c4f6c1e,16,0,16,0,0,laion-disco-12m,,,PRESENT
Shavo Odadjian,Shavo Odadjian,e68f2984-b0e9-42d7-b132-9570b7c75e29,6,0,5,1,0,laion-disco-12m;sleeping-disco-9m,,,PRESENT
Pixie Lott,Pixie Lott,77de9077-5074-4a07-9fe7-049414715ea9,193,0,123,70,0,laion-disco-12m;sleeping-disco-9m,,,PRESENT
Damon Albarn,Damon Albarn,7d7a5fdd-0d04-4c36-8bee-906feeae239c,176,0,99,75,2,laion-disco-12m;sleeping-disco-9m;spotify-tracks-dataset,,,DOWNLOADED_ONLY
Michelle Branch,Michelle Branch,a10f94a9-2a3c-4166-b9fa-a7bed0bf7d96,125,0,87,38,0,laion-disco-12m;sleeping-disco-9m,,,PRESENT
Massive Attack,Massive Attack,10adbe5e-a2c0-4bf3-8249-2b4cbf6e6ca8,264,0,141,82,41,laion-disco-12m;sleeping-disco-9m;spotify-tracks-dataset,,,DOWNLOADED_ONLY
Ricky Nelson,Ricky Nelson,0b511854-c21c-4af1-9c31-e3fc178ded61,218,0,137,70,11,laion-disco-12m;sleeping-disco-9m;spotify-tracks-dataset,,,DOWNLOADED_ONLY
Dimash Qudaibergen,Dimash Qudaibergen,1582904d-c174-4b36-8608-861360e9325d,53,0,20,25,8,laion-disco-12m;sleeping-disco-9m;spotify-tracks-dataset,,,DOWNLOADED_ONLY
Foreigner,Foreigner,160629ab-ec18-4931-8c95-02cb92d06186,201,0,126,69,6,laion-disco-12m;sleeping-disco-9m;spotify-tracks-dataset,,,DOWNLOADED_ONLY
The Corrs,The Corrs,acf6c776-d0f6-4239-b5a2-a45a613ffa52,199,0,143,55,1,laion-disco-12m;sleeping-disco-9m;spotify-tracks-dataset,,,DOWNLOADED_ONLY
Mario Lanza,Mario Lanza,09fa3805-2477-4944-9d30-e4e75fc92954,289,0,259,27,3,laion-disco-12m;sleeping-disco-9m;spotify-tracks-dataset,,,DOWNLOADED_ONLY
Traci Lords,Traci Lords,e723914e-7ce7-4cbb-ba43-b09d436f6362,21,0,1,20,0,laion-disco-12m;sleeping-disco-9m,,,PRESENT
Hadise,Hadise,812a9440-b8f0-4445-b6c3-0e3da0cbbe41,167,0,90,70,7,laion-disco-12m;sleeping-disco-9m;spotify-tracks-dataset,,,DOWNLOADED_ONLY
Galina Vishnevskaya,Galina Vishnevskaya,e11d1526-e57e-4d75-b38d-1a3014a8c835,38,0,38,0,0,laion-disco-12m,,,PRESENT
LL Cool J,LL Cool J,a4dd0e77-83b8-4e92-89b7-effb0e47fd8c,374,0,169,202,3,laion-disco-12m;sleeping-disco-9m;spotify-tracks-dataset,,,DOWNLOADED_ONLY
Jamiroquai,Jamiroquai,f4857fb9-e255-4dc6-bd01-e4ca7cc68544,230,0,149,81,0,laion-disco-12m;sleeping-disco-9m,,,PRESENT
The Edge,The Edge,a94e530f-4e9f-40e6-b44b-ebec06f7900e,21,0,6,13,2,laion-disco-12m;sleeping-disco-9m;spotify-tracks-dataset,,,DOWNLOADED_ONLY
Im Yoon-ah,Im Yoon-ah,13b8076d-532c-4692-b896-6ecac9d9d8f4,16,0,8,8,0,laion-disco-12m;sleeping-disco-9m,,,PRESENT
Nick Drake,Nick Drake,99ea432a-e3d8-42cb-9d5e-db316a6a8458,145,0,78,58,9,laion-disco-12m;sleeping-disco-9m;spotify-tracks-dataset,,,DOWNLOADED_ONLY
Lil Peep,Lil Peep,92da4329-77a4-425c-8e92-4280110cace9,537,0,177,307,53,laion-disco-12m;sleeping-disco-9m;spotify-tracks-dataset,,,DOWNLOADED_ONLY
Tom Kenny,Tom Kenny,4deae17b-064b-4ab1-aee4-f1f99bf9ef26,22,0,14,7,1,laion-disco-12m;sleeping-disco-9m;spotify-tracks-dataset,,,DOWNLOADED_ONLY
Malcolm Young,,,0,,,,,,,,NONE
Engelbert Humperdinck,Engelbert Humperdinck,62c28bc0-f696-4c50-8e54-5f8e9120bdb8,242,0,131,111,0,laion-disco-12m;sleeping-disco-9m,,,PRESENT
Brian Johnson,Brian Johnson,49acbee5-5fb5-4cf1-868f-67bc01de2d84,8,0,6,2,0,laion-disco-12m;sleeping-disco-9m,,,PRESENT
Rebecca Black,Rebecca Black,312c7cc1-9b5c-4406-963b-9f73f50674c0,127,0,81,46,0,laion-disco-12m;sleeping-disco-9m,,,PRESENT
Tom Odell,Tom Odell,fee6a7fb-80d9-4290-a171-e48f1f20e381,223,0,145,68,10,laion-disco-12m;sleeping-disco-9m;spotify-tracks-dataset,,,DOWNLOADED_ONLY
Cascada,Cascada,04af2581-6692-4f14-a7fe-151a36f20368,321,0,134,177,10,laion-disco-12m;sleeping-disco-9m;spotify-tracks-dataset,,,DOWNLOADED_ONLY
Valentina Monetta,Valentina Monetta,be1c85df-33ee-4694-acea-400517384be2,47,0,41,6,0,laion-disco-12m;sleeping-disco-9m,,,PRESENT
Mike Epps,Mike Epps,7a38eea1-ee60-4dc4-8b11-4a26a811cf5a,64,0,50,8,6,laion-disco-12m;sleeping-disco-9m;spotify-tracks-dataset,,,DOWNLOADED_ONLY
JoJo,JoJo,ed29398b-bbf3-42a0-8eff-8631509c271d,589,0,330,258,1,laion-disco-12m;sleeping-disco-9m;spotify-tracks-dataset,,,DOWNLOADED_ONLY
Sandra Kim,Sandra Kim,60f5e324-d051-42b1-996f-a2a0e4b2c855,5,0,1,4,0,laion-disco-12m;sleeping-disco-9m,,,PRESENT
J Balvin,J Balvin,5bdeb32d-56a5-4b6d-a768-264101fa0a0a,503,0,235,188,80,laion-disco-12m;sleeping-disco-9m;spotify-tracks-dataset,,,DOWNLOADED_ONLY
Dudley Moore,Dudley Moore,2e6ca8b5-ed18-47c2-baa5-e9ea910dea22,2,0,1,1,0,laion-disco-12m;sleeping-disco-9m,,,PRESENT
Jimmy Cliff,Jimmy Cliff,2caa54a7-b08c-41da-b892-3a41abe778be,192,0,136,54,2,laion-disco-12m;sleeping-disco-9m;spotify-tracks-dataset,,,DOWNLOADED_ONLY
Melanie Brown,Melanie Brown,9a6f7310-87f0-4fe0-baf1-a58f719b1f3b,19,0,4,15,0,laion-disco-12m;sleeping-disco-9m,,,PRESENT
Cynthia Erivo,Cynthia Erivo,752bebd2-b44c-41bb-8a21-bdf3cd1b5518,82,0,59,22,1,laion-disco-12m;sleeping-disco-9m;spotify-tracks-dataset,,,DOWNLOADED_ONLY
Ben Barnes,Ben Barnes,3050d86c-16d3-4851-b456-05a45a41aabd,15,0,8,7,0,laion-disco-12m;sleeping-disco-9m,,,PRESENT
Tate McRae,Tate McRae,f9133869-f87c-459c-9aa7-2f176cda7e06,194,0,83,109,2,laion-disco-12m;sleeping-disco-9m;spotify-tracks-dataset,,,DOWNLOADED_ONLY
Rajesh Khanna,Rajesh Khanna,65e9c857-eaea-4200-9049-20758335adfc,19,0,19,0,0,laion-disco-12m,,,PRESENT
Tyla,Tyla,45425c84-9092-4e2c-b732-e1d0280b580a,62,0,28,34,0,laion-disco-12m;sleeping-disco-9m,,,PRESENT
Hans Krankl,Hans Krankl,bf93c665-443e-4fda-a29a-24b578e065e4,3,0,0,3,0,sleeping-disco-9m,,,PRESENT
JJ,JJ,0mmyKBWgn1uLARaLq6y7si,58,0,56,2,0,laion-disco-12m;sleeping-disco-9m,,,PRESENT
Seventeen,Seventeen,4bf4b341-01e9-4905-a321-1024b08bb8fb,3,0,0,3,0,sleeping-disco-9m,,,PRESENT
Seventeen,Seventeen,e04d239e-9fa8-49b3-b9b7-9e439c3cb1d1,156,0,135,7,14,laion-disco-12m;sleeping-disco-9m;spotify-tracks-dataset,,,DOWNLOADED_ONLY
Seventeen,SEVENTEEN,e04d239e-9fa8-49b3-b9b7-9e439c3cb1d1,156,0,135,7,14,laion-disco-12m;sleeping-disco-9m;spotify-tracks-dataset,,,DOWNLOADED_ONLY
Brigitte Nielsen,Brigitte Nielsen,640904da-2b8e-48db-907a-3c5a4989bcae,12,0,1,11,0,laion-disco-12m;sleeping-disco-9m,,,PRESENT
Vytautas Landsbergis,,,0,,,,,,,,NONE
Nora Fatehi,Nora Fatehi,9593902f-8413-4648-a446-688be9e6421c,24,0,11,11,2,laion-disco-12m;sleeping-disco-9m;spotify-tracks-dataset,,,DOWNLOADED_ONLY
Hans Sachs,Hans Sachs,21d5IIJdng68Yu4CHf0ESR,1,0,1,0,0,laion-disco-12m,,,PRESENT
Natalia Tena,,,0,,,,,,,,NONE
Mina,Mina,a56f5af0-3e87-4877-b68f-390f62903381,799,0,251,548,0,laion-disco-12m;sleeping-disco-9m,,,PRESENT
Mina,Mina,a56f5af0-3e87-4877-b68f-390f62903381,799,0,251,548,0,laion-disco-12m;sleeping-disco-9m,,,PRESENT
Mina,Mina,a56f5af0-3e87-4877-b68f-390f62903381,799,0,251,548,0,laion-disco-12m;sleeping-disco-9m,,,PRESENT
Dinä Ğäripevä,Dinä Ğäripevä,bcbab171-ad17-40da-95ea-75d7d37d6dff,9,0,8,1,0,laion-disco-12m;sleeping-disco-9m,,,PRESENT
Totò,TOTO,aab5c954-cabe-432e-899e-1c4f99757327,270,0,202,67,1,laion-disco-12m;sleeping-disco-9m;spotify-tracks-dataset,,,DOWNLOADED_ONLY
Totò,Totò,7afeaec7-baee-41c7-b42e-71f42b77a9df,51,0,51,0,0,laion-disco-12m,,,PRESENT
Zedd,Zedd,56c4b861-0922-4c3a-a9b9-3bfcb00f8274,300,0,138,129,33,laion-disco-12m;sleeping-disco-9m;spotify-tracks-dataset,,,DOWNLOADED_ONLY
Emina Jahoviç,Emina Jahoviç,54a8da32-bfaf-45b3-910d-61884352168d,132,0,83,49,0,laion-disco-12m;sleeping-disco-9m,,,PRESENT
George Sanders,George Sanders,fc85172e-fb31-48c2-abf1-89df7d8466b9,20,0,19,1,0,laion-disco-12m;sleeping-disco-9m,,,PRESENT
Jonathan Pryce,Jonathan Pryce,6d3e5e76-b682-4b6d-a341-8f96e786f57e,68,0,51,17,0,laion-disco-12m;sleeping-disco-9m,,,PRESENT
Marcel Reich-Ranicki,,,0,,,,,,,,NONE
Lidia Ruslanova,Lidia Ruslanova,c303aff7-e117-4921-a5ca-0dd51dbba55e,35,0,35,0,0,laion-disco-12m,,,PRESENT
Eleni Foureira,Eleni Foureira,864f7d43-db8c-4d7c-a20b-1c58d8e6edf9,162,0,76,86,0,laion-disco-12m;sleeping-disco-9m,,,PRESENT
Dimash Qudaibergen,Dimash Qudaibergen,1582904d-c174-4b36-8608-861360e9325d,53,0,20,25,8,laion-disco-12m;sleeping-disco-9m;spotify-tracks-dataset,,,DOWNLOADED_ONLY
Dimash Qudaibergen,Dimash Qudaibergen,1582904d-c174-4b36-8608-861360e9325d,53,0,20,25,8,laion-disco-12m;sleeping-disco-9m;spotify-tracks-dataset,,,DOWNLOADED_ONLY
The Monkees,The Monkees,b8549efe-f4fd-4dc0-8ef1-226e9c400233,295,0,145,141,9,laion-disco-12m;sleeping-disco-9m;spotify-tracks-dataset,,,DOWNLOADED_ONLY
Burl Ives,Burl Ives,086c1936-9eaa-4091-b140-ad33a51a3b71,190,0,155,35,0,laion-disco-12m;sleeping-disco-9m,,,PRESENT
Yma Sumac,Yma Sumac,53d86951-706c-41c8-9053-a713ea972395,235,0,219,16,0,laion-disco-12m;sleeping-disco-9m,,,PRESENT
Rainbow,Rainbow,e3cb4543-210f-499a-b0d1-3882c312dfb9,245,0,180,61,4,laion-disco-12m;sleeping-disco-9m;spotify-tracks-dataset,,,DOWNLOADED_ONLY
David Cross,David Cross,e256d9dd-795b-4771-9e0d-b02ab9db75a3,14,0,2,3,9,laion-disco-12m;sleeping-disco-9m;spotify-tracks-dataset,,,DOWNLOADED_ONLY
Village People,Village People,f19d3d49-be22-4ca6-9903-64d86984fbf2,153,0,97,54,2,laion-disco-12m;sleeping-disco-9m;spotify-tracks-dataset,,,DOWNLOADED_ONLY
Jake Paul,Jake Paul,9d9cebdc-a9fc-4c4b-bb18-a3f635ab5e6e,54,0,13,41,0,laion-disco-12m;sleeping-disco-9m,,,PRESENT
Mac Miller,Mac Miller,a0e8a1b1-5f8f-475a-a253-17415c17d0ff,551,0,175,367,9,laion-disco-12m;sleeping-disco-9m;spotify-tracks-dataset,,,DOWNLOADED_ONLY
Ronnie Wood,Ronnie Wood,92ed8183-8f22-42b2-af4e-d44137610fa0,175,0,147,27,1,laion-disco-12m;sleeping-disco-9m;spotify-tracks-dataset,,,DOWNLOADED_ONLY
Grimes,Grimes,7e5a2a59-6d9f-4a17-b7c2-e1eedb7bd222,172,0,112,58,2,laion-disco-12m;sleeping-disco-9m;spotify-tracks-dataset,,,DOWNLOADED_ONLY
Malena Ernman,Malena Ernman,bcfa2a05-90f6-469a-b25d-b485838f1401,175,0,151,20,4,laion-disco-12m;sleeping-disco-9m;spotify-tracks-dataset,,,DOWNLOADED_ONLY
Kristin Chenoweth,Kristin Chenoweth,9031b393-ced7-4685-9e25-d0b43996158a,194,0,127,53,14,laion-disco-12m;sleeping-disco-9m;spotify-tracks-dataset,,,DOWNLOADED_ONLY
Tove Lo,Tove Lo,56756959-1e78-429c-b897-e1d056cb0225,371,0,166,136,69,laion-disco-12m;sleeping-disco-9m;spotify-tracks-dataset,,,DOWNLOADED_ONLY
Tini Stoessel,Tini Stoessel,95bad1d4-ba1f-4060-940b-d415d66e934e,263,0,151,96,16,laion-disco-12m;sleeping-disco-9m;spotify-tracks-dataset,,,DOWNLOADED_ONLY
Trent Reznor,Trent Reznor,bc880664-6751-4998-984d-ebdbff15d229,185,0,169,16,0,laion-disco-12m;sleeping-disco-9m,,,PRESENT
Gipsy Kings,Gipsy Kings,44a7f7d5-79df-4f44-8f5e-02dfc0626904,164,0,144,20,0,laion-disco-12m;sleeping-disco-9m,,,PRESENT
Linda McCartney,Linda McCartney,10b860bf-f225-4ee0-8c28-e32f1759b4a2,65,0,48,17,0,laion-disco-12m;sleeping-disco-9m,,,PRESENT
Mac Miller,Mac Miller,a0e8a1b1-5f8f-475a-a253-17415c17d0ff,551,0,175,367,9,laion-disco-12m;sleeping-disco-9m;spotify-tracks-dataset,,,DOWNLOADED_ONLY
Maher Zain,Maher Zain,70ac6b1c-6070-4e4b-a752-25ad8beeaddf,135,0,77,58,0,laion-disco-12m;sleeping-disco-9m,,,PRESENT
Pat Benatar,Pat Benatar,6bc658ea-005f-486b-8f94-33a2e40f7a72,245,0,142,103,0,laion-disco-12m;sleeping-disco-9m,,,PRESENT
Belinda Carlisle,Belinda Carlisle,2925aac9-5474-4030-b8a3-4151107010b2,232,0,137,90,5,laion-disco-12m;sleeping-disco-9m;spotify-tracks-dataset,,,DOWNLOADED_ONLY
Hardwell,Hardwell,170d6637-36e0-49dd-a225-c4fd5b77a285,398,0,203,159,36,laion-disco-12m;sleeping-disco-9m;spotify-tracks-dataset,,,DOWNLOADED_ONLY
Regina Spektor,Regina Spektor,fbb375f9-48bb-4635-824e-4120273b3ba7,239,0,147,89,3,laion-disco-12m;sleeping-disco-9m;spotify-tracks-dataset,,,DOWNLOADED_ONLY
Raffaella Carrà,Raffaella Carrà,feeef0f7-33d3-4df7-a269-f811489a4125,147,0,5,142,0,laion-disco-12m;sleeping-disco-9m,,,PRESENT
Irene Cara,Irene Cara,26358fa2-80c2-47b0-a08b-33817caca7e8,122,0,99,19,4,laion-disco-12m;sleeping-disco-9m;spotify-tracks-dataset,,,DOWNLOADED_ONLY
Mac Miller,Mac Miller,828bc20b-932b-4e2a-a936-cd326824e968,13,0,1,12,0,laion-disco-12m;sleeping-disco-9m,,,PRESENT
Ronan Keating,Ronan Keating,f1cd545b-f17b-4d3a-98de-68b695bfe211,229,0,153,76,0,laion-disco-12m;sleeping-disco-9m,,,PRESENT
Andy Griffith,Andy Griffith,771bd654-80dd-44a0-bb77-5e09947c9082,129,0,122,6,1,laion-disco-12m;sleeping-disco-9m;spotify-tracks-dataset,,,DOWNLOADED_ONLY
DJ BoBo,DJ BoBo,4603ee86-4f73-471e-8fc7-4a26549ed119,157,0,135,22,0,laion-disco-12m;sleeping-disco-9m,,,PRESENT
Boyzone,Boyzone,5523ed49-38bc-44fa-8670-2a9c354de0b1,148,0,111,37,0,laion-disco-12m;sleeping-disco-9m,,,PRESENT
Fred Durst,Fred Durst,39c346d7-c098-4b04-ab74-62d59fe4070b,7,0,5,2,0,laion-disco-12m;sleeping-disco-9m,,,PRESENT
Francesco Gabbani,Francesco Gabbani,14f15f56-b064-4c06-be86-97d9525247a1,141,0,99,42,0,laion-disco-12m;sleeping-disco-9m,,,PRESENT
Vicky Leandros,Vicky Leandros,1bf5c15f-692d-44cf-b136-4d36815f6149,164,0,140,23,1,laion-disco-12m;sleeping-disco-9m;spotify-tracks-dataset,,,DOWNLOADED_ONLY
Peter Tosh,Peter Tosh,7db6aae5-6644-4513-9bfc-ca2e79d4469c,175,0,140,32,3,laion-disco-12m;sleeping-disco-9m;spotify-tracks-dataset,,,DOWNLOADED_ONLY
Ross Lynch,Ross Lynch,f52fa002-e926-4e45-b229-b048b91f2c1d,117,0,60,56,1,laion-disco-12m;sleeping-disco-9m;spotify-tracks-dataset,,,DOWNLOADED_ONLY
George Benson,George Benson,467f69b6-8d6d-4d2c-bfad-e89adf2806ff,313,0,166,139,8,laion-disco-12m;sleeping-disco-9m;spotify-tracks-dataset,,,DOWNLOADED_ONLY
Wyclef Jean,Wyclef Jean,4f29ecd7-21a5-4c03-b9ba-d0cfe9488f8c,360,0,189,167,4,laion-disco-12m;sleeping-disco-9m;spotify-tracks-dataset,,,DOWNLOADED_ONLY
Amanda Lear,Amanda Lear,2f2608ed-ff2b-400e-b614-8c648bfaae7b,225,0,152,73,0,laion-disco-12m;sleeping-disco-9m,,,PRESENT
Paul van Dyk,Paul van Dyk,092ca127-2e07-4cbd-9cba-e412b4ddddd9,361,0,258,95,8,laion-disco-12m;sleeping-disco-9m;spotify-tracks-dataset,,,DOWNLOADED_ONLY
RZA,RZA,29c28ac3-27c5-4822-8eb6-0af89a3a7240,310,0,148,157,5,laion-disco-12m;sleeping-disco-9m;spotify-tracks-dataset,,,DOWNLOADED_ONLY
Crispin Glover,Crispin Glover,13rOMazf6oo1Vgix6hm9Jn,10,0,0,10,0,sleeping-disco-9m,,,PRESENT
Robert Fripp,Robert Fripp,898b645e-eed2-490a-8ce2-0e7a4d2d5bc8,215,0,151,64,0,laion-disco-12m;sleeping-disco-9m,,,PRESENT
Billy Preston,Billy Preston,8a7cf497-dc5c-4523-932d-3fcbc9a69d38,203,0,172,28,3,laion-disco-12m;sleeping-disco-9m;spotify-tracks-dataset,,,DOWNLOADED_ONLY
Haley Bennett,Haley Bennett,bbcdb888-dce3-4d40-9e92-6a61c2b8554b,16,0,6,10,0,laion-disco-12m;sleeping-disco-9m,,,PRESENT
Blind Guardian,Blind Guardian,7fa7fc04-1011-4876-8095-ecd232edea87,300,0,146,154,0,laion-disco-12m;sleeping-disco-9m,,,PRESENT
Sulli,,,0,,,,,,,,NONE
Eiza Gonzalez,Eiza Gonzalez,dcbd3fc9-3ef7-46e1-9f59-476e996ac326,42,0,24,18,0,laion-disco-12m;sleeping-disco-9m,,,PRESENT
Stefan Raab,Stefan Raab,db1943f7-1741-46cd-aa4a-494ea3f753c4,47,0,37,10,0,laion-disco-12m;sleeping-disco-9m,,,PRESENT
Park Shin-hye,Park Shin-hye,11c95469-2598-4c64-b330-a4eef05b3836,39,0,39,0,0,laion-disco-12m,,,PRESENT
Hozier,Hozier,b4691384-50c3-4afd-9988-51d3ec5db65d,180,0,84,75,21,laion-disco-12m;sleeping-disco-9m;spotify-tracks-dataset,,,DOWNLOADED_ONLY
Fiona Apple,Fiona Apple,a9ee533f-8871-4f62-a6bb-91eb264abc90,159,0,89,65,5,laion-disco-12m;sleeping-disco-9m;spotify-tracks-dataset,,,DOWNLOADED_ONLY
The Mamas & the Papas,The Mamas & the Papas,ff294730-0315-440d-a543-54005779c15b,138,0,98,34,6,laion-disco-12m;sleeping-disco-9m;spotify-tracks-dataset,,,DOWNLOADED_ONLY
Vinícius de Moraes,Vinícius de Moraes,1c01cf84-07c7-408a-b5a8-7dae0b1312fc,260,0,217,42,1,laion-disco-12m;sleeping-disco-9m;spotify-tracks-dataset,,,DOWNLOADED_ONLY
Andy Kaufman,Andy Kaufman,03bbb0b7-20ff-4253-889e-3c003e05b0e1,2,0,0,2,0,sleeping-disco-9m,,,PRESENT
Rita Wilson,Rita Wilson,beb68abb-51b4-41d1-9645-d0c8306cf588,132,0,101,31,0,laion-disco-12m;sleeping-disco-9m,,,PRESENT
Mac Miller,Mac Miller,a0e8a1b1-5f8f-475a-a253-17415c17d0ff,551,0,175,367,9,laion-disco-12m;sleeping-disco-9m;spotify-tracks-dataset,,,DOWNLOADED_ONLY
Jason Newsted,Jason Newsted,248ead7d-8058-4e0c-b334-fde70c036f8d,4,0,2,2,0,laion-disco-12m;sleeping-disco-9m,,,PRESENT
The Yardbirds,The Yardbirds,191de76f-a224-445d-b041-54df16d65bf7,228,0,176,52,0,laion-disco-12m;sleeping-disco-9m,,,PRESENT
The Stooges,The Stooges,794c6bf2-3241-416f-9b8f-24e2d84a1c4b,139,0,89,48,2,laion-disco-12m;sleeping-disco-9m;spotify-tracks-dataset,,,DOWNLOADED_ONLY
Nicole,Nicole,2adb0ccf-24c5-4b69-85dd-dc5093020db2,138,0,137,1,0,laion-disco-12m;sleeping-disco-9m,,,PRESENT
Park Ji-hyo,Park Ji-hyo,9fc92dfd-8367-4a7e-88f5-18b24baa1b70,21,0,8,13,0,laion-disco-12m;sleeping-disco-9m,,,PRESENT
Nathan Lane,Nathan Lane,6744daab-306b-483c-81c3-d4f7cafd90df,73,0,49,16,8,laion-disco-12m;sleeping-disco-9m;spotify-tracks-dataset,,,DOWNLOADED_ONLY
Dorothy Dandridge,Dorothy Dandridge,fc74743d-ac8a-488a-b3ff-e17cb36b2520,66,0,66,0,0,laion-disco-12m,,,PRESENT
Miklós Rózsa,Miklós Rózsa,0008af7d-2aa1-4b4d-80af-b3b64ee3cac6,32,0,22,10,0,laion-disco-12m;sleeping-disco-9m,,,PRESENT
Layne Staley,,,0,,,,,,,,NONE
Stefan Raab,Stefan Raab,4413aa6d-9057-44a8-b6bb-44af42d2bf65,4,0,2,2,0,laion-disco-12m;sleeping-disco-9m,,,PRESENT
The Stooges,The Stooges,1253e5e9-eaa7-4ce6-81b8-09725e8cee43,52,0,52,0,0,laion-disco-12m,,,PRESENT
Manu Dibango,Manu Dibango,826b488f-5164-45ca-abc4-ab11b3c321eb,166,0,147,7,12,laion-disco-12m;sleeping-disco-9m;spotify-tracks-dataset,,,DOWNLOADED_ONLY
Esma Redžepova,Esma Redžepova,903123a5-f9b0-4cac-aece-747cf0dad732,187,0,186,1,0,laion-disco-12m;sleeping-disco-9m,,,PRESENT
Anna Bergendahl,Anna Bergendahl,1cce195c-0d80-45ce-bcc6-ae9bd30b4207,82,0,62,20,0,laion-disco-12m;sleeping-disco-9m,,,PRESENT
Nick Carter,Nick Carter,d4c94cd6-dd98-48c2-b1d0-6d4620c350d5,100,0,60,40,0,laion-disco-12m;sleeping-disco-9m,,,PRESENT
Mark Ronson,Mark Ronson,c3c82bdc-d9e7-4836-9746-c24ead47ca19,240,0,145,92,3,laion-disco-12m;sleeping-disco-9m;spotify-tracks-dataset,,,DOWNLOADED_ONLY
Kurt Schwitters,Kurt Schwitters,b9b8e858-094a-4286-a248-8dfd00a4dd65,1,0,1,0,0,laion-disco-12m,,,PRESENT
DJ BoBo,DJ BoBo,4603ee86-4f73-471e-8fc7-4a26549ed119,157,0,135,22,0,laion-disco-12m;sleeping-disco-9m,,,PRESENT
Jill Clayburgh,Jill Clayburgh,ccce476d-a6c9-4221-9a6f-acfd49b6c30d,4,0,1,3,0,laion-disco-12m;sleeping-disco-9m,,,PRESENT
Danny Aiello,Danny Aiello,fb4e934c-b191-4e1d-8f73-89476c629b7f,10,0,0,10,0,sleeping-disco-9m,,,PRESENT
Alessandro Baricco,,,0,,,,,,,,NONE
Afanasy Fet,,,0,,,,,,,,NONE
Claude Rains,,,0,,,,,,,,NONE
Claude Rains,,,0,,,,,,,,NONE
Frank Gorshin,,,0,,,,,,,,NONE
Kurt Angle,Kurt Angle,de2d1773-8be9-47a3-b4b8-e464a65306e6,1,0,0,1,0,sleeping-disco-9m,,,PRESENT
Daniella Monet,Daniella Monet,5f71c55e-1244-451a-8b53-16433b6df163,1,0,0,1,0,sleeping-disco-9m,,,PRESENT
Joseph Michel Martelly,Joseph Michel Martelly,1a3d208e-0efd-4b65-8ad1-a5f047354db6,65,0,64,0,1,laion-disco-12m;spotify-tracks-dataset,,,DOWNLOADED_ONLY
Joseph Michel Martelly,Joseph Michel Martelly,519d943d-67e7-4866-abf1-c0fa5ad45541,1,0,1,0,0,laion-disco-12m,,,PRESENT
"Peter, Paul and Mary","Peter, Paul and Mary",3d621c94-2356-4532-ad52-79e0ef73e20c,10,0,10,0,0,laion-disco-12m,,,PRESENT
Stefan Raab,Stefan Raab,db1943f7-1741-46cd-aa4a-494ea3f753c4,47,0,37,10,0,laion-disco-12m;sleeping-disco-9m,,,PRESENT
Sandra,Sandra,acd9ee64-3270-46a7-a1ff-410202067958,1,0,1,0,0,laion-disco-12m,,,PRESENT
Hardwell,Hardwell,170d6637-36e0-49dd-a225-c4fd5b77a285,398,0,203,159,36,laion-disco-12m;sleeping-disco-9m;spotify-tracks-dataset,,,DOWNLOADED_ONLY
George Benson,George Benson,467f69b6-8d6d-4d2c-bfad-e89adf2806ff,313,0,166,139,8,laion-disco-12m;sleeping-disco-9m;spotify-tracks-dataset,,,DOWNLOADED_ONLY
Eric Saade,Eric Saade,17865a2c-2ae2-4ef2-b2b7-acbba56e8a19,136,0,108,28,0,laion-disco-12m;sleeping-disco-9m,,,PRESENT
Kenny G,Kenny G,4cd556a5-db82-43f6-8d55-99598b42da8f,201,0,160,36,5,laion-disco-12m;sleeping-disco-9m;spotify-tracks-dataset,,,DOWNLOADED_ONLY
The Allman Brothers Band,The Allman Brothers Band,72359492-22be-4ed9-aaa0-efa434fb2b01,203,0,129,72,2,laion-disco-12m;sleeping-disco-9m;spotify-tracks-dataset,,,DOWNLOADED_ONLY
AURORA,AURORA,484a4e90-6899-4e4b-a948-a2255d365340,364,0,203,137,24,laion-disco-12m;sleeping-disco-9m;spotify-tracks-dataset,,,DOWNLOADED_ONLY
Izabella Scorupco,Izabella Scorupco,e50b3e3e-6cce-4d33-b651-d151521cd9c9,3,0,0,3,0,sleeping-disco-9m,,,PRESENT
Marija Naumova,Marija Naumova,0207ec72-560d-492c-91b4-72aaa5bafa19,64,0,2,62,0,laion-disco-12m;sleeping-disco-9m,,,PRESENT
Lamb of God,Lamb of God,298909e4-ebcb-47b8-95e9-cc53b087fc65,250,0,131,81,38,laion-disco-12m;sleeping-disco-9m;spotify-tracks-dataset,,,DOWNLOADED_ONLY
Electric Light Orchestra,Electric Light Orchestra,0c502791-4ee9-4c5f-9696-0602b721ff3b,220,0,148,72,0,laion-disco-12m;sleeping-disco-9m,,,PRESENT
Gojira,Gojira,1c5efd53-d6b6-4d63-9d22-a15025cf5f07,224,0,102,92,30,laion-disco-12m;sleeping-disco-9m;spotify-tracks-dataset,,,DOWNLOADED_ONLY
Michel Teló,Michel Teló,6d00cc0d-2027-41d4-be9f-13770037354b,173,0,150,23,0,laion-disco-12m;sleeping-disco-9m,,,PRESENT
Anoushka Shankar,Anoushka Shankar,40ee8fa3-c6d7-4556-b4e2-9f4114565043,177,0,154,21,2,laion-disco-12m;sleeping-disco-9m;spotify-tracks-dataset,,,DOWNLOADED_ONLY
Accept,Accept,41f4d85a-0bd7-4602-a3e3-8c47f36efb0a,312,0,149,134,29,laion-disco-12m;sleeping-disco-9m;spotify-tracks-dataset,,,DOWNLOADED_ONLY
Keith Jarrett,Keith Jarrett,061c4920-3ea6-4835-98f6-02f3b82f5e3a,186,0,105,81,0,laion-disco-12m;sleeping-disco-9m,,,PRESENT
Ken Page,Ken Page,65ec9270-8522-4fa6-abbe-bde953d108d2,14,0,12,2,0,laion-disco-12m;sleeping-disco-9m,,,PRESENT
Rose Marie,Rose Marie,57d92745-b040-40ac-9537-24bff930682b,62,0,62,0,0,laion-disco-12m,,,PRESENT
Jim Cummings,Jim Cummings,de55eda2-95d5-4840-9504-53f3319d3132,29,0,10,17,2,laion-disco-12m;sleeping-disco-9m;spotify-tracks-dataset,,,DOWNLOADED_ONLY
Henryk Mikolaj Górecki,Henryk Mikolaj Górecki,7a837d63-a434-47e8-8b48-1d50e54ebb74,19,0,19,0,0,laion-disco-12m,,,PRESENT
Jordi Savall,Jordi Savall,9a4bb654-35c5-4c88-8460-39d5bb01aa57,795,0,763,31,1,laion-disco-12m;sleeping-disco-9m;spotify-tracks-dataset,,,DOWNLOADED_ONLY
Behemoth,Behemoth,69632f9c-31eb-43d5-a864-e73ac72efc66,224,0,131,73,20,laion-disco-12m;sleeping-disco-9m;spotify-tracks-dataset,,,DOWNLOADED_ONLY
June Carter Cash,June Carter Cash,4ee75011-678b-46e0-b8e1-8ef47e5b7379,146,0,126,19,1,laion-disco-12m;sleeping-disco-9m;spotify-tracks-dataset,,,DOWNLOADED_ONLY
Darkthrone,Darkthrone,af8fd97c-db72-4e30-b2aa-30ebd0c4f1a0,260,0,149,97,14,laion-disco-12m;sleeping-disco-9m;spotify-tracks-dataset,,,DOWNLOADED_ONLY
Blue,Blue,9c79224c-70cd-4367-8d90-35ca99401b75,201,0,133,68,0,laion-disco-12m;sleeping-disco-9m,,,PRESENT
Bill Withers,Bill Withers,fd1a2d9d-9bb6-44de-83a3-41560658aba9,185,0,130,51,4,laion-disco-12m;sleeping-disco-9m;spotify-tracks-dataset,,,DOWNLOADED_ONLY
Byun Baek-hyun,Byun Baek-hyun,7593e0e2-fc1c-4855-a645-731c7504e16b,98,0,60,37,1,laion-disco-12m;sleeping-disco-9m;spotify-tracks-dataset,,,DOWNLOADED_ONLY
Procol Harum,Procol Harum,44119570-4d53-46e7-a447-bd18608c28d8,168,0,143,24,1,laion-disco-12m;sleeping-disco-9m;spotify-tracks-dataset,,,DOWNLOADED_ONLY
Ritchie Valens,Ritchie Valens,5222714d-21ee-4061-87f7-c749f1586790,132,0,111,17,4,laion-disco-12m;sleeping-disco-9m;spotify-tracks-dataset,,,DOWNLOADED_ONLY
Henry Rollins,Henry Rollins,656b39fb-979c-4c57-bb87-61d1a8eb38d1,147,0,144,3,0,laion-disco-12m;sleeping-disco-9m,,,PRESENT
Zakir Hussain,Zakir Hussain,a198b33b-a907-462d-a437-b6cc1b98b8f7,138,0,136,1,1,laion-disco-12m;sleeping-disco-9m;spotify-tracks-dataset,,,DOWNLOADED_ONLY
George Jones,George Jones,f2903be0-79a7-4334-8cc5-e45309482a97,991,0,273,444,274,laion-disco-12m;sleeping-disco-9m;spotify-tracks-dataset,,,DOWNLOADED_ONLY
Googoosh,Googoosh,0d9b88f3-054a-4f53-b447-2f3f503c8290,201,0,150,51,0,laion-disco-12m;sleeping-disco-9m,,,PRESENT
Hyuna,Hyuna,72e54f6a-baab-46e4-9b74-8b481724ac99,62,0,47,13,2,laion-disco-12m;sleeping-disco-9m;spotify-tracks-dataset,,,DOWNLOADED_ONLY
O-Zone,O-Zone,5cb608ea-bd36-4a33-b9a5-822c7fc4194d,62,0,45,17,0,laion-disco-12m;sleeping-disco-9m,,,PRESENT
Fatboy Slim,Fatboy Slim,ba81eb4a-0c89-489f-9982-0154b8083a28,6,0,5,1,0,laion-disco-12m;sleeping-disco-9m,,,PRESENT
Sugababes,Sugababes,dfa715ac-b536-44df-af43-570d3ea3edec,338,0,143,195,0,laion-disco-12m;sleeping-disco-9m,,,PRESENT
Lena Katina,Lena Katina,5f46a984-294d-4d41-9055-0ef628c66f40,94,0,59,35,0,laion-disco-12m;sleeping-disco-9m,,,PRESENT
Lea Salonga,Lea Salonga,67f4ab30-bfe1-483a-a5ae-c6e6067497b8,218,0,159,38,21,laion-disco-12m;sleeping-disco-9m;spotify-tracks-dataset,,,DOWNLOADED_ONLY
Steve Reich,Steve Reich,a3031680-c359-458f-a641-70ccbaec6a74,172,0,150,21,1,laion-disco-12m;sleeping-disco-9m;spotify-tracks-dataset,,,DOWNLOADED_ONLY
Alan Thicke,Alan Thicke,f3a6bf76-bee6-4661-a0f6-9bce4fd5bad7,6,0,0,6,0,sleeping-disco-9m,,,PRESENT
Molly Ringwald,Molly Ringwald,e1f77c73-8ce0-4b6a-aa57-64ce4702c971,11,0,0,11,0,sleeping-disco-9m,,,PRESENT
Isabela Merced,Isabela Merced,52f18401-8d96-4b93-95e0-1463cb05b0a5,35,0,17,17,1,laion-disco-12m;sleeping-disco-9m;spotify-tracks-dataset,,,DOWNLOADED_ONLY
Tom Morello,Tom Morello,42a636a0-dbe4-4d0c-abe2-1590fad9531b,152,0,108,41,3,laion-disco-12m;sleeping-disco-9m;spotify-tracks-dataset,,,DOWNLOADED_ONLY
Bobby Farrell,Bobby Farrell,af221dbe-8908-41aa-a9ef-d692f68d0b63,46,0,44,2,0,laion-disco-12m;sleeping-disco-9m,,,PRESENT
Barry Gibb,Barry Gibb,b02e4ca5-312a-4d2e-b087-30db9d5ec579,73,0,39,33,1,laion-disco-12m;sleeping-disco-9m;spotify-tracks-dataset,,,DOWNLOADED_ONLY
Stephen Sondheim,Stephen Sondheim,bcd6af9f-afa8-43fd-b1be-acbbbb2f7dc7,372,0,217,136,19,laion-disco-12m;sleeping-disco-9m;spotify-tracks-dataset,,,DOWNLOADED_ONLY
Marina Diamandis,Marina Diamandis,7f3d82ee-3817-4367-9eec-f33a312247a1,291,0,190,95,6,laion-disco-12m;sleeping-disco-9m;spotify-tracks-dataset,,,DOWNLOADED_ONLY
Marie Laforêt,Marie Laforêt,24e2bb07-b2b9-4376-860d-352851ef13f4,212,0,148,64,0,laion-disco-12m;sleeping-disco-9m,,,PRESENT
Julia Volkova,Julia Volkova,209bcf5b-552c-4a2a-8baa-cb490c1a4dfe,3,0,0,3,0,sleeping-disco-9m,,,PRESENT
Keri Hilson,Keri Hilson,b76c616a-ec0d-4f0c-b986-f249c4a04d77,115,0,49,66,0,laion-disco-12m;sleeping-disco-9m,,,PRESENT
Deadmau5,deadmau5,4a00ec9d-c635-463a-8cd4-eb61725f0c60,256,0,218,26,12,laion-disco-12m;sleeping-disco-9m;spotify-tracks-dataset,,,DOWNLOADED_ONLY
Jason Schwartzman,Jason Schwartzman,197c5ea8-1fee-4692-9282-bd093852292e,4,0,3,1,0,laion-disco-12m;sleeping-disco-9m,,,PRESENT
Phil LaMarr,Phil LaMarr,e0d4c8e7-f30c-4407-a36b-43009ebca3d2,3,0,0,3,0,sleeping-disco-9m,,,PRESENT
Charles Trenet,Charles Trenet,cf97f8c4-f287-4c0c-a07e-6ca2fdd8e8c2,153,0,147,6,0,laion-disco-12m;sleeping-disco-9m,,,PRESENT
Jake Zyrus,Jake Zyrus,2defacc1-46d0-432d-a01b-7f7d9c6d1d71,133,0,102,31,0,laion-disco-12m;sleeping-disco-9m,,,PRESENT
Kishore Kumar,Kishore Kumar,793b8f58-80ab-49b3-b5ae-d94034dab10c,989,0,901,76,12,laion-disco-12m;sleeping-disco-9m;spotify-tracks-dataset,,,DOWNLOADED_ONLY
Sean Kingston,Sean Kingston,f7eb3be3-1065-4a53-94d4-e2d0c15c0b33,229,0,147,79,3,laion-disco-12m;sleeping-disco-9m;spotify-tracks-dataset,,,DOWNLOADED_ONLY
Chou Tzuyu,Chou Tzuyu,468eaa07-e991-4c9e-bff2-f84be07c290d,6,0,1,5,0,laion-disco-12m;sleeping-disco-9m,,,PRESENT
Fatboy Slim,Fatboy Slim,34c63966-445c-4613-afe1-4f0e1e53ae9a,221,0,175,44,2,laion-disco-12m;sleeping-disco-9m;spotify-tracks-dataset,,,DOWNLOADED_ONLY
Ashanti,Ashanti,a47ed6d5-480e-428c-8ce9-d7a6a571e857,257,0,159,96,2,laion-disco-12m;sleeping-disco-9m;spotify-tracks-dataset,,,DOWNLOADED_ONLY
Jacqueline Boyer,Jacqueline Boyer,26990fd0-f772-4ab1-a5fa-3ac1f2c02d1f,124,0,121,3,0,laion-disco-12m;sleeping-disco-9m,,,PRESENT
Paulina Rubio,Paulina Rubio,5938c629-1d06-480b-9780-859b153af11e,262,0,140,115,7,laion-disco-12m;sleeping-disco-9m;spotify-tracks-dataset,,,DOWNLOADED_ONLY
Albano Carrisi,Albano Carrisi,9ace3c39-0a36-4193-948d-f96b79d24295,360,0,253,107,0,laion-disco-12m;sleeping-disco-9m,,,PRESENT
Ian Anderson,Ian Anderson,12fffb1f-39af-4efe-9426-92e05bb651d1,158,0,117,41,0,laion-disco-12m;sleeping-disco-9m,,,PRESENT
Donald O'Connor,Donald O'Connor,18130042-340e-4303-8464-383b7009e8ec,125,0,122,3,0,laion-disco-12m;sleeping-disco-9m,,,PRESENT
Haifa Wehbe,Haifa Wehbe,4aed3268-3863-4387-b9af-9edb5c4cd087,108,0,108,0,0,laion-disco-12m,,,PRESENT
Brent Spiner,Brent Spiner,5667e451-5eb9-4861-bc55-f0754db44649,30,0,1,29,0,laion-disco-12m;sleeping-disco-9m,,,PRESENT
MØ,MØ,3ab2ee23-1c2f-458c-9c8c-ca4844729120,222,0,126,94,2,laion-disco-12m;sleeping-disco-9m;spotify-tracks-dataset,,,DOWNLOADED_ONLY
Honor Blackman,,,0,,,,,,,,NONE
Geezer Butler,,,0,,,,,,,,NONE
Jesse Spencer,Jesse Spencer,f911f41d-3c8b-42fa-8ce7-2d5506c469b8,3,0,0,3,0,sleeping-disco-9m,,,PRESENT
Machine Gun Kelly,Machine Gun Kelly,f6af669a-56ea-448a-a044-de76181ada33,455,0,168,275,12,laion-disco-12m;sleeping-disco-9m;spotify-tracks-dataset,,,DOWNLOADED_ONLY
Emmanuelle Seigner,Emmanuelle Seigner,4fe7bf12-00d0-4388-90b9-53b8e9f01f3c,61,0,42,19,0,laion-disco-12m;sleeping-disco-9m,,,PRESENT
Lin-Manuel Miranda,Lin-Manuel Miranda,925c7673-0e85-410f-b7e4-d9705a7aa619,292,0,107,149,36,laion-disco-12m;sleeping-disco-9m;spotify-tracks-dataset,,,DOWNLOADED_ONLY
Carly Simon,Carly Simon,c4df30f5-5487-4806-9189-b69c9f27532c,253,0,148,105,0,laion-disco-12m;sleeping-disco-9m,,,PRESENT
Alka Yagnik,Alka Yagnik,52cf0679-e1cf-42ca-b9b5-86e018b36d91,1399,0,1250,61,88,laion-disco-12m;sleeping-disco-9m;spotify-tracks-dataset,,,DOWNLOADED_ONLY
Gojira,Gojira,1c5efd53-d6b6-4d63-9d22-a15025cf5f07,224,0,102,92,30,laion-disco-12m;sleeping-disco-9m;spotify-tracks-dataset,,,DOWNLOADED_ONLY
Adrian Smith,Adrian Smith,4zbs2yiX5FLeiSY5wZt7rM,85,0,85,0,0,laion-disco-12m,,,PRESENT
Jake Wesley Rogers,Jake Wesley Rogers,24f3fde6-c531-4f16-a2d6-210c2f5cc480,52,0,31,21,0,laion-disco-12m;sleeping-disco-9m,,,PRESENT
Zlata Ognevich,Zlata Ognevich,7338000f-8c24-479a-9af8-e4ff720e165f,74,0,48,26,0,laion-disco-12m;sleeping-disco-9m,,,PRESENT
Joe Hahn,Joe Hahn,d07bca29-d980-4100-8cad-065a05f2b343,9,0,1,8,0,laion-disco-12m;sleeping-disco-9m,,,PRESENT
Rob Bourdon,,,0,,,,,,,,NONE
Valeria Bruni-Tedeschi,,,0,,,,,,,,NONE
Jena Malone,Jena Malone,a5a4551c-1609-47e7-bca5-5f318c040019,1,0,0,1,0,sleeping-disco-9m,,,PRESENT
Shu Qi,,,0,,,,,,,,NONE
Billy Boyd,Billy Boyd,f1009e7c-c1b2-45e3-b3fd-711453420e3e,13,0,9,4,0,laion-disco-12m;sleeping-disco-9m,,,PRESENT
Shane Dawson,Shane Dawson,2541febb-0ac2-426f-8ead-8acfd9a5c6b0,26,0,7,19,0,laion-disco-12m;sleeping-disco-9m,,,PRESENT
Tyler Posey,Tyler Posey,ac35e9eb-ad79-437c-b5bc-ac2cbe2c37e9,46,0,36,10,0,laion-disco-12m;sleeping-disco-9m,,,PRESENT
Treat Williams,Treat Williams,51ddcd11-ca2a-414d-bc6c-c2d9aea7c027,5,0,0,5,0,sleeping-disco-9m,,,PRESENT
Salvator Rosa,Salvator Rosa,635c2524-174b-4756-ac1c-8181ba11a7dc,2,0,0,2,0,sleeping-disco-9m,,,PRESENT
Robert Forster,Robert Forster,c790898c-8e86-470c-88de-3d2c7560db10,65,0,0,65,0,sleeping-disco-9m,,,PRESENT
Serhiy Zhadan,,,0,,,,,,,,NONE
Deadmau5,Deadmau5,2c5b541d-b62b-4063-a106-15193dd12b3f,4,0,1,3,0,laion-disco-12m;sleeping-disco-9m,,,PRESENT
Deadmau5,Deadmau5,4a00ec9d-c635-463a-8cd4-eb61725f0c60,256,0,218,26,12,laion-disco-12m;sleeping-disco-9m;spotify-tracks-dataset,,,DOWNLOADED_ONLY
Deadmau5,deadmau5,4a00ec9d-c635-463a-8cd4-eb61725f0c60,256,0,218,26,12,laion-disco-12m;sleeping-disco-9m;spotify-tracks-dataset,,,DOWNLOADED_ONLY
Ricarda Huch,,,0,,,,,,,,NONE
Ri Sol-ju,,,0,,,,,,,,NONE
Amy Madigan,Amy Madigan,bde1b210-0dec-4969-af38-efc07fb759e4,3,0,2,1,0,laion-disco-12m;sleeping-disco-9m,,,PRESENT
Colton Haynes,Colton Haynes,97825556-02ce-4414-a76b-389af4087b0a,4,0,0,4,0,sleeping-disco-9m,,,PRESENT
Grace Slick,Grace Slick,5015d411-eec3-4126-a613-60532e33d5cb,120,0,74,46,0,laion-disco-12m;sleeping-disco-9m,,,PRESENT
Dead Kennedys,Dead Kennedys,37c78aeb-d196-42b5-b991-6afb4fc9bc2e,190,0,135,54,1,laion-disco-12m;sleeping-disco-9m;spotify-tracks-dataset,,,DOWNLOADED_ONLY
Brad Renfro,,,0,,,,,,,,NONE
Immortal,Immortal,b863cf80-19c6-4a87-8e42-6cff7ac8f18f,149,0,91,53,5,laion-disco-12m;sleeping-disco-9m;spotify-tracks-dataset,,,DOWNLOADED_ONLY
Kaiser Chiefs,Kaiser Chiefs,90218af4-4d58-4821-8d41-2ee295ebbe21,161,0,126,33,2,laion-disco-12m;sleeping-disco-9m;spotify-tracks-dataset,,,DOWNLOADED_ONLY
Laibach,Laibach,c779e090-909f-4403-a90e-c1d08cdbb719,224,0,137,87,0,laion-disco-12m;sleeping-disco-9m,,,PRESENT
Lewis Capaldi,Lewis Capaldi,526aab94-697f-44a9-b630-41d1c0505953,124,0,74,49,1,laion-disco-12m;sleeping-disco-9m;spotify-tracks-dataset,,,DOWNLOADED_ONLY
Gore Verbinski,,,0,,,,,,,,NONE
Burna Boy,Burna Boy,78a19169-ac75-4868-b504-7e2e073118e0,440,0,192,191,57,laion-disco-12m;sleeping-disco-9m;spotify-tracks-dataset,,,DOWNLOADED_ONLY
Florence Welch,Florence Welch,88798869-338b-418e-9c47-97365444b734,7,0,2,4,1,laion-disco-12m;sleeping-disco-9m;spotify-tracks-dataset,,,DOWNLOADED_ONLY
Gotye,Gotye,6f6fd596-76e0-4b82-aa37-f558ac2d337b,73,0,38,35,0,laion-disco-12m;sleeping-disco-9m,,,PRESENT
Thin Lizzy,Thin Lizzy,6a726ac6-019e-455c-8bbb-571a77bed52e,219,0,145,72,2,laion-disco-12m;sleeping-disco-9m;spotify-tracks-dataset,,,DOWNLOADED_ONLY
George Chakiris,George Chakiris,8bf7f0dc-30ee-43a0-a096-fdba369132d0,11,0,9,2,0,laion-disco-12m;sleeping-disco-9m,,,PRESENT
Teddy Scholten,Teddy Scholten,1640f3b1-cbef-4f78-9b57-01c9863ab3cf,1,0,0,1,0,sleeping-disco-9m,,,PRESENT
Mumford & Sons,Mumford & Sons,c44e9c22-ef82-4a77-9bcd-af6c958446d6,162,0,115,43,4,laion-disco-12m;sleeping-disco-9m;spotify-tracks-dataset,,,DOWNLOADED_ONLY
Aram Mp3,Aram Mp3,ba5eb5b9-4384-4609-a1c6-01b25fa1894f,47,0,37,10,0,laion-disco-12m;sleeping-disco-9m,,,PRESENT
Tenacious D,Tenacious D,148ddea2-6839-4354-8e2c-5dfadf136b7f,164,0,103,56,5,laion-disco-12m;sleeping-disco-9m;spotify-tracks-dataset,,,DOWNLOADED_ONLY
Maya Rudolph,Maya Rudolph,3c6ca3fd-92e8-400e-bac2-447a9947daef,20,0,11,9,0,laion-disco-12m;sleeping-disco-9m,,,PRESENT
Alfred Newman,Alfred Newman,dbe22c4f-6a21-4b7c-ad09-e4048d1065bc,197,0,180,17,0,laion-disco-12m;sleeping-disco-9m,,,PRESENT
David McCallum,David McCallum,072ee2ba-9a27-4667-b25d-81f64c5c48a0,39,0,27,12,0,laion-disco-12m;sleeping-disco-9m,,,PRESENT
Dead Can Dance,Dead Can Dance,ccda046a-2674-4f7d-97e6-f23d6c156432,204,0,150,54,0,laion-disco-12m;sleeping-disco-9m,,,PRESENT
The Bangles,The Bangles,f31ec2ac-9071-4306-acd1-d2c8321033b5,173,0,124,46,3,laion-disco-12m;sleeping-disco-9m;spotify-tracks-dataset,,,DOWNLOADED_ONLY
Air,Air,cb67438a-7f50-4f2b-a6f1-2bb2729fd538,238,0,146,74,18,laion-disco-12m;sleeping-disco-9m;spotify-tracks-dataset,,,DOWNLOADED_ONLY
Gene Autry,Gene Autry,675b7627-6b5d-4a46-a728-785cb24a299e,197,0,173,24,0,laion-disco-12m;sleeping-disco-9m,,,PRESENT
Sean Lennon,Sean Lennon,722c6718-0c61-4db2-a8bc-993a8c5d2baf,34,0,8,26,0,laion-disco-12m;sleeping-disco-9m,,,PRESENT
Zhao Wei,,,0,,,,,,,,NONE
Max Steiner,Max Steiner,e466fb04-0175-4875-bb39-f50200b66805,177,0,169,8,0,laion-disco-12m;sleeping-disco-9m,,,PRESENT
Caetano Veloso,Caetano Veloso,f07dbc2f-317b-470f-bad4-5f1b0eb6faf1,512,0,247,255,10,laion-disco-12m;sleeping-disco-9m;spotify-tracks-dataset,,,DOWNLOADED_ONLY
Riz Ahmed,Riz Ahmed,c3483823-d932-4208-91cf-70735316e70f,37,0,37,0,0,laion-disco-12m,,,PRESENT
Allu Arjun,Allu Arjun,4rGOogZjLpCyotqO0AN0lz,4,0,4,0,0,laion-disco-12m,,,PRESENT
Cab Calloway,Cab Calloway,315bd083-892b-4e76-a9f0-91a7408168fc,220,0,179,41,0,laion-disco-12m;sleeping-disco-9m,,,PRESENT
Alfred Brendel,Alfred Brendel,4a37c64f-4151-4c4b-ab69-a58450f9967e,223,0,206,16,1,laion-disco-12m;sleeping-disco-9m;spotify-tracks-dataset,,,DOWNLOADED_ONLY
Keith Emerson,Keith Emerson,e1350b4d-286e-40f1-894f-8c88a03351fe,120,0,120,0,0,laion-disco-12m,,,PRESENT
Kitarō,Kitarō,f3d8c154-208d-4efa-b52d-7e9f16adcdae,141,0,123,17,1,laion-disco-12m;sleeping-disco-9m;spotify-tracks-dataset,,,DOWNLOADED_ONLY
Jewel,Jewel,abae8575-ec8a-4736-abc3-1ad5093a68aa,306,0,161,145,0,laion-disco-12m;sleeping-disco-9m,,,PRESENT
Gianni Morandi,Gianni Morandi,11bb0196-0dc3-41fa-be26-671ca78799f2,200,0,147,53,0,laion-disco-12m;sleeping-disco-9m,,,PRESENT
Michael Moorcock,Michael Moorcock,fa668ea9-009b-426a-93bc-fbd1965e6b0e,22,0,0,22,0,sleeping-disco-9m,,,PRESENT
Bo Diddley,Bo Diddley,bf659d74-0b61-488c-8a7d-594f43bed9e0,39,0,17,21,1,laion-disco-12m;sleeping-disco-9m;spotify-tracks-dataset,,,DOWNLOADED_ONLY
Stéphane Grappelli,Stéphane Grappelli,bfc03211-a3a2-4700-8fa3-00968c02c5d0,278,0,270,6,2,laion-disco-12m;sleeping-disco-9m;spotify-tracks-dataset,,,DOWNLOADED_ONLY
Joe Keery,,,0,,,,,,,,NONE
Nichelle Nichols,,,0,,,,,,,,NONE
Bonnie Raitt,Bonnie Raitt,0f0da09c-3940-4cb5-879f-4cea28907810,298,0,158,138,2,laion-disco-12m;sleeping-disco-9m;spotify-tracks-dataset,,,DOWNLOADED_ONLY
Zucchero,Zucchero,00ed154e-8679-42f0-8f42-e59bd7e185af,220,0,155,64,1,laion-disco-12m;sleeping-disco-9m;spotify-tracks-dataset,,,DOWNLOADED_ONLY
Hildegard Knef,Hildegard Knef,fef1e787-e631-41a3-b8f2-a834291d8bd1,202,0,148,54,0,laion-disco-12m;sleeping-disco-9m,,,PRESENT
Amber Benson,Amber Benson,f518869c-5ac3-4f32-9a61-4b49f8eba625,2,0,0,2,0,sleeping-disco-9m,,,PRESENT
Ann Blyth,Ann Blyth,de458fb8-288f-4caa-a98b-c4ec32cb241b,5,0,5,0,0,laion-disco-12m,,,PRESENT
Romina Power,Romina Power,5562addf-0d76-4a9c-8a94-8b57a6aaec5e,91,0,68,23,0,laion-disco-12m;sleeping-disco-9m,,,PRESENT
John Petrucci,John Petrucci,556e6577-24b9-49df-944b-242c9c32bf08,60,0,31,29,0,laion-disco-12m;sleeping-disco-9m,,,PRESENT
Alessia Cara,Alessia Cara,97e69730-3791-423b-9770-287261588854,260,0,151,95,14,laion-disco-12m;sleeping-disco-9m;spotify-tracks-dataset,,,DOWNLOADED_ONLY
Isabelle Aubret,Isabelle Aubret,c52365f9-32ce-4036-8090-ef4b14b3b426,130,0,125,5,0,laion-disco-12m;sleeping-disco-9m,,,PRESENT
Katey Sagal,Katey Sagal,971e2203-5f5c-4ac1-a3e2-210413391d09,63,0,42,21,0,laion-disco-12m;sleeping-disco-9m,,,PRESENT
Glen Campbell,Glen Campbell,57976431-1a5c-4968-a422-b92c5e9b0d4f,352,0,165,184,3,laion-disco-12m;sleeping-disco-9m;spotify-tracks-dataset,,,DOWNLOADED_ONLY
Alexandra Stan,Alexandra Stan,70e6fee5-36b1-4cdb-b573-2132f9566dad,233,0,121,112,0,laion-disco-12m;sleeping-disco-9m,,,PRESENT
Hikaru Utada,Hikaru Utada,b539e453-c4fe-47e3-8a07-8517eac74429,77,0,72,3,2,laion-disco-12m;sleeping-disco-9m;spotify-tracks-dataset,,,DOWNLOADED_ONLY
Poli Genova,Poli Genova,cb587545-5da7-44c1-a7b4-3fc3fca2e5b9,10,0,4,6,0,laion-disco-12m;sleeping-disco-9m,,,PRESENT
Bernadette Peters,Bernadette Peters,87f63ba8-cbdd-49ee-a976-416778f51f43,219,0,151,62,6,laion-disco-12m;sleeping-disco-9m;spotify-tracks-dataset,,,DOWNLOADED_ONLY
Gordon Lightfoot,Gordon Lightfoot,9d97b077-b28d-4ba8-a3d9-c71926e3b2b6,190,0,144,46,0,laion-disco-12m;sleeping-disco-9m,,,PRESENT
Kristian Kostov,Kristian Kostov,99dc8859-30a8-4746-8e49-f2766ffba735,61,0,40,21,0,laion-disco-12m;sleeping-disco-9m,,,PRESENT
Method Man,Method Man,94dbfe2e-ca48-4e08-a5a8-e1e74136c63d,522,0,251,263,8,laion-disco-12m;sleeping-disco-9m;spotify-tracks-dataset,,,DOWNLOADED_ONLY
Iveta Mukuchyan,Iveta Mukuchyan,7eb57432-59b5-4976-a2f2-0695601966da,48,0,40,8,0,laion-disco-12m;sleeping-disco-9m,,,PRESENT
Dexter Gordon,Dexter Gordon,cc1588e1-5ba3-45a6-b80c-b31035c89339,218,0,183,35,0,laion-disco-12m;sleeping-disco-9m,,,PRESENT
Park Bo-gum,,,0,,,,,,,,NONE
Il Volo,Il Volo,0bf8b6a0-8ae4-42f7-ba7a-d66d343c73da,210,0,141,35,34,laion-disco-12m;sleeping-disco-9m;spotify-tracks-dataset,,,DOWNLOADED_ONLY
Dave Farrell,Dave Farrell,c8975bbf-2778-47ae-accf-c584e644450d,1,0,1,0,0,laion-disco-12m,,,PRESENT
Riz Ahmed,Riz Ahmed,f1026164-5b7a-4e4e-9d6a-248cde6ea861,56,0,35,21,0,laion-disco-12m;sleeping-disco-9m,,,PRESENT
Joe Keery,Joe Keery,dc84c3f5-a44c-4a46-bf41-fd1640e3c99d,61,0,31,30,0,laion-disco-12m;sleeping-disco-9m,,,PRESENT
Joe Keery,,,0,,,,,,,,NONE
Sally Kellerman,Sally Kellerman,efd68087-52f1-4716-a8e4-d92fb920d58c,2,0,2,0,0,laion-disco-12m,,,PRESENT
J.J. Cale,J.J. Cale,4b0be624-6b87-47e8-bbf0-588a2c6c0439,236,0,141,88,7,laion-disco-12m;sleeping-disco-9m;spotify-tracks-dataset,,,DOWNLOADED_ONLY
Curd Jürgens,,,0,,,,,,,,NONE
Nina Hoss,Nina Hoss,8d8fae34-af33-4f6c-863a-66e58d0ff404,3,0,1,1,1,laion-disco-12m;sleeping-disco-9m;spotify-tracks-dataset,,,DOWNLOADED_ONLY
Max Schmeling,Max Schmeling,d7eac46d-2bd8-40fd-a264-8e29f957c5a7,1,0,0,1,0,sleeping-disco-9m,,,PRESENT
Graham Greene,Graham Greene,50c2d07b-13ca-41e3-b857-bfd1aef56857,1,0,0,1,0,sleeping-disco-9m,,,PRESENT
Edward Furlong,,,0,,,,,,,,NONE
Journey,Journey,abd506e1-6f2b-4d6f-b937-92c267f6f88b,229,0,137,84,8,laion-disco-12m;sleeping-disco-9m;spotify-tracks-dataset,,,DOWNLOADED_ONLY
Joe Perry,Joe Perry,be797221-0117-45e3-81da-996f8d29db62,23,0,5,18,0,laion-disco-12m;sleeping-disco-9m,,,PRESENT
James Taylor,James Taylor,107d0c22-d051-4d98-8206-4e14de02132a,267,0,153,110,4,laion-disco-12m;sleeping-disco-9m;spotify-tracks-dataset,,,DOWNLOADED_ONLY
Beverly Sills,Beverly Sills,ccdacf81-4116-4555-a676-cd955736ce8b,157,0,157,0,0,laion-disco-12m,,,PRESENT
Supertramp,Supertramp,d2ff6b6b-fc30-48dc-8952-06f9d8fc64f8,175,0,107,62,6,laion-disco-12m;sleeping-disco-9m;spotify-tracks-dataset,,,DOWNLOADED_ONLY
Dave Gahan,Dave Gahan,d547b148-cf1f-421b-9464-ce7411ba44b8,173,0,63,110,0,laion-disco-12m;sleeping-disco-9m,,,PRESENT
Iva Zanicchi,Iva Zanicchi,0b962cba-230c-4a11-ac14-d89f2d46a1c7,162,0,148,14,0,laion-disco-12m;sleeping-disco-9m,,,PRESENT
Gerry Rafferty,Gerry Rafferty,563201cb-721c-4cfb-acca-c1ba69e3d1fb,166,0,130,35,1,laion-disco-12m;sleeping-disco-9m;spotify-tracks-dataset,,,DOWNLOADED_ONLY
Harel Skaat,Harel Skaat,d668af2b-e35c-48d6-ab38-cba591747e6e,119,0,119,0,0,laion-disco-12m,,,PRESENT
Fats Waller,Fats Waller,569fc5bf-bcb6-4bc5-9a00-bd0d258e34f1,165,0,138,27,0,laion-disco-12m;sleeping-disco-9m,,,PRESENT
Brian Molko,Brian Molko,ef7d7e16-e0e2-426c-812b-911c346e8c3c,8,0,5,3,0,laion-disco-12m;sleeping-disco-9m,,,PRESENT
3 Doors Down,3 Doors Down,2386cd66-e923-4e8e-bf14-2eebe2e9b973,232,0,135,81,16,laion-disco-12m;sleeping-disco-9m;spotify-tracks-dataset,,,DOWNLOADED_ONLY
Mike Portnoy,Mike Portnoy,b5f0d80b-d773-44dc-b136-36163e526589,36,0,14,22,0,laion-disco-12m;sleeping-disco-9m,,,PRESENT
Captain Beefheart,Captain Beefheart,a1594afa-2f6b-4596-a156-a35853dca691,83,0,80,3,0,laion-disco-12m;sleeping-disco-9m,,,PRESENT
Sarah McLachlan,Sarah McLachlan,ce58d854-7430-4231-aa44-97f0144b3372,183,0,124,59,0,laion-disco-12m;sleeping-disco-9m,,,PRESENT
The Byrds,The Byrds,2819834e-4e08-47b0-a2c4-b7672318e8f0,240,0,146,91,3,laion-disco-12m;sleeping-disco-9m;spotify-tracks-dataset,,,DOWNLOADED_ONLY
OutKast,OutKast,73fdb566-a9b1-494c-9f32-51768ec9fd27,317,0,148,169,0,laion-disco-12m;sleeping-disco-9m,,,PRESENT
RedOne,RedOne,8c84402d-f282-4afc-8d64-049bdaabb92d,37,0,19,17,1,laion-disco-12m;sleeping-disco-9m;spotify-tracks-dataset,,,DOWNLOADED_ONLY
Al Jarreau,Al Jarreau,3e54ba8b-f4cc-4192-9813-890d570e2b7a,251,0,162,89,0,laion-disco-12m;sleeping-disco-9m,,,PRESENT
G-Dragon,G-Dragon,b4f66d7f-3282-404e-a682-97374d63b5ab,74,0,67,6,1,laion-disco-12m;sleeping-disco-9m;spotify-tracks-dataset,,,DOWNLOADED_ONLY
Mariza,Mariza,8cbb4d57-f44d-433a-90bf-a0892af886e1,203,0,147,56,0,laion-disco-12m;sleeping-disco-9m,,,PRESENT
NOFX,NOFX,dcaa4f81-bfb7-44eb-8594-4e74f004b6e4,213,0,150,62,1,laion-disco-12m;sleeping-disco-9m;spotify-tracks-dataset,,,DOWNLOADED_ONLY
Meshuggah,Meshuggah,cf8b3b8c-118e-4136-8d1d-c37091173413,218,0,136,72,10,laion-disco-12m;sleeping-disco-9m;spotify-tracks-dataset,,,DOWNLOADED_ONLY
DJ Snake,DJ Snake,31445b1e-96f3-4c7f-84ec-dd02e647e690,309,0,140,107,62,laion-disco-12m;sleeping-disco-9m;spotify-tracks-dataset,,,DOWNLOADED_ONLY
Peter Green,Peter Green,9a6adb63-10a9-417a-8cd9-3b0fcf5475c5,85,0,76,9,0,laion-disco-12m;sleeping-disco-9m,,,PRESENT
Farinelli,,,0,,,,,,,,NONE
Elisabeth Schwarzkopf,Elisabeth Schwarzkopf,f17aa6af-8d75-4559-b212-b83b9549758e,445,0,444,1,0,laion-disco-12m;sleeping-disco-9m,,,PRESENT
Bananarama,Bananarama,84d06499-0643-46b8-9e1f-45f743a53f5e,206,0,147,57,2,laion-disco-12m;sleeping-disco-9m;spotify-tracks-dataset,,,DOWNLOADED_ONLY
Finneas O'Connell,Finneas O'Connell,151cd917-1ee2-4702-859f-90899ad897f8,135,0,64,67,4,laion-disco-12m;sleeping-disco-9m;spotify-tracks-dataset,,,DOWNLOADED_ONLY
Keith Moon,,,0,,,,,,,,NONE
Chavela Vargas,Chavela Vargas,77586a91-4586-4962-b836-e496d3a05432,157,0,135,22,0,laion-disco-12m;sleeping-disco-9m,,,PRESENT
Faye Wong,Faye Wong,692e367d-2846-442d-b13d-1177c3681c65,91,0,38,23,30,laion-disco-12m;sleeping-disco-9m;spotify-tracks-dataset,,,DOWNLOADED_ONLY
Jeff Bergman,Jeff Bergman,6945a21f-b573-437c-a689-59aa7dee08a3,1,0,1,0,0,laion-disco-12m,,,PRESENT
Maurice Gibb,Maurice Gibb,00ef990b-098d-4bf6-897b-708e35638854,21,0,19,2,0,laion-disco-12m;sleeping-disco-9m,,,PRESENT
Goo Hara,Goo Hara,526ce891-0659-46d8-b1cb-b2c72ab3dba4,4,0,4,0,0,laion-disco-12m,,,PRESENT
Robyn,Robyn,5a8e07d5-d932-4484-a7f7-e700793a9c94,210,0,122,85,3,laion-disco-12m;sleeping-disco-9m;spotify-tracks-dataset,,,DOWNLOADED_ONLY
Jonathan Groff,Jonathan Groff,f2e11566-b21e-4387-b7f6-e1c24d46fbde,118,0,53,50,15,laion-disco-12m;sleeping-disco-9m;spotify-tracks-dataset,,,DOWNLOADED_ONLY
Gilbert Bécaud,Gilbert Bécaud,e9a4b76a-cf82-46f5-a166-e93473624189,156,0,151,5,0,laion-disco-12m;sleeping-disco-9m,,,PRESENT
Swedish House Mafia,Swedish House Mafia,99075985-0d80-4692-a15e-b16f78831792,200,0,93,83,24,laion-disco-12m;sleeping-disco-9m;spotify-tracks-dataset,,,DOWNLOADED_ONLY
Shaggy,Shaggy,fc63d806-ca89-4ea3-a404-ee6de695743f,411,0,238,164,9,laion-disco-12m;sleeping-disco-9m;spotify-tracks-dataset,,,DOWNLOADED_ONLY
Evgeny Kissin,Evgeny Kissin,5761282a-0965-4ff6-9796-7b9ba0ed70e2,188,0,172,15,1,laion-disco-12m;sleeping-disco-9m;spotify-tracks-dataset,,,DOWNLOADED_ONLY
Brian Cox,Brian Cox,1c08a6ba-8a53-4a06-a86a-a78b83506b06,3,0,0,3,0,sleeping-disco-9m,,,PRESENT
Cypress Hill,Cypress Hill,51508c1f-8d07-4a00-9cf1-26c570fe7b78,326,0,149,174,3,laion-disco-12m;sleeping-disco-9m;spotify-tracks-dataset,,,DOWNLOADED_ONLY
Napalm Death,Napalm Death,ce7bba8b-026b-4aa6-bddb-f98ed6d595e4,304,0,146,85,73,laion-disco-12m;sleeping-disco-9m;spotify-tracks-dataset,,,DOWNLOADED_ONLY
Melanie,Melanie,c8c3beb5-d213-40e6-9ef6-d4e1cad59e12,211,0,135,76,0,laion-disco-12m;sleeping-disco-9m,,,PRESENT
Alison Krauss,Alison Krauss,6b064ead-91a4-4ac8-8076-b1febe4f4aac,419,0,169,210,40,laion-disco-12m;sleeping-disco-9m;spotify-tracks-dataset,,,DOWNLOADED_ONLY
Diahann Carroll,Diahann Carroll,99289589-c6e3-4c9d-8c32-f2f71050c54c,174,0,147,27,0,laion-disco-12m;sleeping-disco-9m,,,PRESENT
Joel Grey,Joel Grey,31e0deaf-7899-4ccf-956a-baaeb6f8513d,24,0,9,12,3,laion-disco-12m;sleeping-disco-9m;spotify-tracks-dataset,,,DOWNLOADED_ONLY
Georges Moustaki,Georges Moustaki,6e6dc19f-cfa9-45e8-aaad-ab1d92c60a80,151,0,130,21,0,laion-disco-12m;sleeping-disco-9m,,,PRESENT
André Previn,André Previn,06538137-47eb-4dd6-bb78-5c8afa1a1885,510,0,492,17,1,laion-disco-12m;sleeping-disco-9m;spotify-tracks-dataset,,,DOWNLOADED_ONLY
Emmylou Harris,Emmylou Harris,35ef61ca-43db-4772-ba27-0489e9ebcb69,559,0,215,342,2,laion-disco-12m;sleeping-disco-9m;spotify-tracks-dataset,,,DOWNLOADED_ONLY
Princess Stéphanie of Monaco,Princess Stéphanie of Monaco,a7ef5c8f-4521-4744-ad78-46ac7ceae75d,83,0,77,5,1,laion-disco-12m;sleeping-disco-9m;spotify-tracks-dataset,,,DOWNLOADED_ONLY
Mýa,Mýa,7c5e39c3-7645-4e37-968d-a4e45cd38c5d,276,0,122,152,2,laion-disco-12m;sleeping-disco-9m;spotify-tracks-dataset,,,DOWNLOADED_ONLY
Chaim Topol,Chaim Topol,e23e3e0e-7327-48ce-96a3-481896b26ca1,15,0,10,5,0,laion-disco-12m;sleeping-disco-9m,,,PRESENT
Alejandro Sanz,Alejandro Sanz,9bacf78f-9132-43da-8873-8a9eb49da0e9,238,0,154,63,21,laion-disco-12m;sleeping-disco-9m;spotify-tracks-dataset,,,DOWNLOADED_ONLY
The Script,The Script,4c98aa1b-34eb-4336-987f-5e50aa059c00,202,0,125,73,4,laion-disco-12m;sleeping-disco-9m;spotify-tracks-dataset,,,DOWNLOADED_ONLY
Gianna Nannini,Gianna Nannini,116ed804-4d04-43fd-809f-24e18b17233c,190,0,150,40,0,laion-disco-12m;sleeping-disco-9m,,,PRESENT
Donovan,Donovan,72d7d717-0837-4f2a-9641-d0f9fdd3acf7,225,0,142,79,4,laion-disco-12m;sleeping-disco-9m;spotify-tracks-dataset,,,DOWNLOADED_ONLY
Hera Björk,Hera Björk,19a151ce-f7fa-4bf5-9abe-18964992cfcb,94,0,86,8,0,laion-disco-12m;sleeping-disco-9m,,,PRESENT
Creed,Creed,4b1a830b-0a1f-42e5-b8d5-1d6743912e99,128,0,83,28,17,laion-disco-12m;sleeping-disco-9m;spotify-tracks-dataset,,,DOWNLOADED_ONLY
Keith Flint,Keith Flint,3efc71ea-3594-4510-b2d5-34c14c8687d4,4,0,3,1,0,laion-disco-12m;sleeping-disco-9m,,,PRESENT
Gina Gershon,Gina Gershon,8f763591-7d78-4dcb-97dd-bdc8b3abbb0f,2,0,2,0,0,laion-disco-12m,,,PRESENT
Anitta,Anitta,d606b860-cc03-4959-a3fd-3a24bccf2560,400,0,199,182,19,laion-disco-12m;sleeping-disco-9m;spotify-tracks-dataset,,,DOWNLOADED_ONLY
Lee Byung-hun,,,0,,,,,,,,NONE
Interpol,Interpol,b23e8a63-8f47-4882-b55b-df2c92ef400e,220,0,135,85,0,laion-disco-12m;sleeping-disco-9m,,,PRESENT
María Elena Walsh,María Elena Walsh,0059d0f1-8d04-4363-a2b2-d79f8b9a29b8,181,0,150,31,0,laion-disco-12m;sleeping-disco-9m,,,PRESENT
La Toya Jackson,La Toya Jackson,7a0a724b-6c98-4a7a-9991-2faf659d3f8b,170,0,116,54,0,laion-disco-12m;sleeping-disco-9m,,,PRESENT
Dominic West,Dominic West,f5b140eb-b624-4aac-8f46-a8d11f4f67a9,1,0,0,1,0,sleeping-disco-9m,,,PRESENT
Lynda Carter,Lynda Carter,702c816c-18fd-4bc3-940c-27ce39b81958,11,0,1,10,0,laion-disco-12m;sleeping-disco-9m,,,PRESENT
Alfred Schnittke,Alfred Schnittke,2382cbc9-dd4e-4fc8-a92e-5391f70bd3b2,114,0,101,13,0,laion-disco-12m;sleeping-disco-9m,,,PRESENT
Rick Ross,Rick Ross,13bcb2bb-db37-4397-baf5-e0f085be2d64,865,0,378,484,3,laion-disco-12m;sleeping-disco-9m;spotify-tracks-dataset,,,DOWNLOADED_ONLY
John Dolmayan,John Dolmayan,f89c1c00-fdcb-4ccb-bd8d-f9c642b27ee3,11,0,9,2,0,laion-disco-12m;sleeping-disco-9m,,,PRESENT
Estelle Parsons,Estelle Parsons,a26ed8e0-1d24-4ea8-a200-1edfdd82f25b,1,0,0,1,0,sleeping-disco-9m,,,PRESENT
Jay Chou,Jay Chou,a223958d-5c56-4b2c-a30a-87e357bc121b,241,0,140,3,98,laion-disco-12m;sleeping-disco-9m;spotify-tracks-dataset,,,DOWNLOADED_ONLY
Captain Beefheart,Captain Beefheart,a1594afa-2f6b-4596-a156-a35853dca691,83,0,80,3,0,laion-disco-12m;sleeping-disco-9m,,,PRESENT
Roger Glover,Roger Glover,583944a8-d43b-42e9-8e3c-29eb89f53587,41,0,23,18,0,laion-disco-12m;sleeping-disco-9m,,,PRESENT
Lindsey Stirling,Lindsey Stirling,53e40f93-f4af-4f8c-819c-7bbe4b6f0a1c,242,0,154,87,1,laion-disco-12m;sleeping-disco-9m;spotify-tracks-dataset,,,DOWNLOADED_ONLY
Vakhtang Kikabidze,Vakhtang Kikabidze,28c22ef6-2200-4cff-a552-1d2ace71117d,130,0,130,0,0,laion-disco-12m,,,PRESENT
Jerome Kern,Jerome Kern,8fb64b2e-db8b-4579-ad08-f324ef1bf494,76,0,65,11,0,laion-disco-12m;sleeping-disco-9m,,,PRESENT
Jonathan Davis,Jonathan Davis,adfa9d07-123c-4dc8-b1bb-99282b166b60,73,0,58,12,3,laion-disco-12m;sleeping-disco-9m;spotify-tracks-dataset,,,DOWNLOADED_ONLY
Miyoshi Umeki,Miyoshi Umeki,51e0d365-1678-402a-9d17-1f8d6060911f,17,0,13,4,0,laion-disco-12m;sleeping-disco-9m,,,PRESENT
Dan Reynolds,Dan Reynolds,d570e140-68fc-40ee-9a7a-0fae7209f784,4,0,0,3,1,sleeping-disco-9m;spotify-tracks-dataset,,,DOWNLOADED_ONLY
Dee Bradley Baker,Dee Bradley Baker,4dc3f46b-bdb4-481b-ac98-141004296a66,2,0,1,1,0,laion-disco-12m;sleeping-disco-9m,,,PRESENT
Boston,Boston,0d8b0d50-e4cf-4da4-965d-f24c58ec3268,141,0,83,55,3,laion-disco-12m;sleeping-disco-9m;spotify-tracks-dataset,,,DOWNLOADED_ONLY
Farhan Akhtar,Farhan Akhtar,a230f44f-7ca1-4b94-9be7-5042b40a3eab,51,0,41,9,1,laion-disco-12m;sleeping-disco-9m;spotify-tracks-dataset,,,DOWNLOADED_ONLY
Deanna Durbin,Deanna Durbin,10b545d0-d861-488a-bf41-0f502dfcaa0f,129,0,113,16,0,laion-disco-12m;sleeping-disco-9m,,,PRESENT
Nino Manfredi,Nino Manfredi,47ad7bac-317b-477d-b466-b6074bb32342,40,0,23,17,0,laion-disco-12m;sleeping-disco-9m,,,PRESENT
Angelo Badalamenti,Angelo Badalamenti,5894dac5-0260-4175-b36e-e34680a859d6,177,0,159,18,0,laion-disco-12m;sleeping-disco-9m,,,PRESENT
Josh Gad,Josh Gad,fde548d0-4dc4-4331-8f1c-ca342911e5ea,75,0,26,40,9,laion-disco-12m;sleeping-disco-9m;spotify-tracks-dataset,,,DOWNLOADED_ONLY
Bill Hader,Bill Hader,e6d7e09b-c022-46f0-97bc-45eb3901815b,1,0,1,0,0,laion-disco-12m,,,PRESENT
Rambo Amadeus,Rambo Amadeus,fd673f97-a906-4eed-89a8-f58fe28ccc30,181,0,146,35,0,laion-disco-12m;sleeping-disco-9m,,,PRESENT
Era Istrefi,Era Istrefi,eded8205-f8ac-4825-af55-8693ddbd7784,76,0,45,30,1,laion-disco-12m;sleeping-disco-9m;spotify-tracks-dataset,,,DOWNLOADED_ONLY
Owl City,Owl City,ad279295-653f-42e1-9aaa-b731df2e78ba,226,0,127,91,8,laion-disco-12m;sleeping-disco-9m;spotify-tracks-dataset,,,DOWNLOADED_ONLY
Mckenna Grace,Mckenna Grace,889267c4-7dcb-4114-a953-5f9269f4563d,46,0,22,24,0,laion-disco-12m;sleeping-disco-9m,,,PRESENT
Jane Krakowski,Jane Krakowski,bc28ded5-5fcf-4144-a0a7-1a976a0f8c3c,54,0,44,10,0,laion-disco-12m;sleeping-disco-9m,,,PRESENT
Fabrizio De André,Fabrizio De André,204db5a8-78f1-4078-801f-ae8f456eeb60,270,0,163,105,2,laion-disco-12m;sleeping-disco-9m;spotify-tracks-dataset,,,DOWNLOADED_ONLY
Mary Elizabeth Mastrantonio,Mary Elizabeth Mastrantonio,1ea0ec95-7dda-46de-8514-4b8d63fa5d0a,8,0,7,1,0,laion-disco-12m;sleeping-disco-9m,,,PRESENT
Sviatoslav Vakarchuk,Sviatoslav Vakarchuk,4cf37a71-081f-459f-8b23-1aa9197f6fcb,39,0,39,0,0,laion-disco-12m,,,PRESENT
Yasmina Reza,,,0,,,,,,,,NONE
Garrett Hedlund,Garrett Hedlund,6acf524d-bf19-434e-ac52-3cada75366ff,14,0,6,8,0,laion-disco-12m;sleeping-disco-9m,,,PRESENT
Eduardo De Filippo,,,0,,,,,,,,NONE
Jack Albertson,Jack Albertson,28241d94-0d9d-4639-852a-f6a36bb1cc5e,3,0,1,2,0,laion-disco-12m;sleeping-disco-9m,,,PRESENT
Aya Nakamura,Aya Nakamura,cf580d82-3f3e-4b86-8874-7e0fbe794f01,191,0,98,92,1,laion-disco-12m;sleeping-disco-9m;spotify-tracks-dataset,,,DOWNLOADED_ONLY
Yasiin Bey,,,0,,,,,,,,NONE
Yasiin Bey,Yasiin Bey,f5c4c27e-5902-4fc0-adfb-7775da3d5363,273,0,148,119,6,laion-disco-12m;sleeping-disco-9m;spotify-tracks-dataset,,,DOWNLOADED_ONLY
Cristin Milioti,Cristin Milioti,56f8bdda-33f6-4bf5-96c4-7c7d4e190d31,9,0,4,4,1,laion-disco-12m;sleeping-disco-9m;spotify-tracks-dataset,,,DOWNLOADED_ONLY
Mario Adorf,Mario Adorf,037f5cc3-2560-4571-9444-957397b6b214,6,0,6,0,0,laion-disco-12m,,,PRESENT
Lena Belkina,,,0,,,,,,,,NONE
Maurice LaMarche,,,0,,,,,,,,NONE
Captain Beefheart,Captain Beefheart,a1594afa-2f6b-4596-a156-a35853dca691,83,0,80,3,0,laion-disco-12m;sleeping-disco-9m,,,PRESENT
Supertramp,Supertramp,d2ff6b6b-fc30-48dc-8952-06f9d8fc64f8,175,0,107,62,6,laion-disco-12m;sleeping-disco-9m;spotify-tracks-dataset,,,DOWNLOADED_ONLY
Miyoshi Umeki,Miyoshi Umeki,51e0d365-1678-402a-9d17-1f8d6060911f,17,0,13,4,0,laion-disco-12m;sleeping-disco-9m,,,PRESENT
Vincent Gallo,Vincent Gallo,59e7ace7-3233-4f56-af78-4765957402cb,12,0,0,12,0,sleeping-disco-9m,,,PRESENT
UB40,UB40,7113aab7-628f-4050-ae49-dbecac110ca8,283,0,144,137,2,laion-disco-12m;sleeping-disco-9m;spotify-tracks-dataset,,,DOWNLOADED_ONLY
Anahí,Anahí,4792522c-9eec-4491-9640-8922d5fbf2c5,44,0,35,7,2,laion-disco-12m;sleeping-disco-9m;spotify-tracks-dataset,,,DOWNLOADED_ONLY
Sérgio Mendes,Sérgio Mendes,6bf591c4-b050-478e-9d9f-167394d66c90,221,0,165,54,2,laion-disco-12m;sleeping-disco-9m;spotify-tracks-dataset,,,DOWNLOADED_ONLY
Röyksopp,Röyksopp,1c70a3fc-fa3c-4be1-8b55-c3192db8a884,257,0,141,78,38,laion-disco-12m;sleeping-disco-9m;spotify-tracks-dataset,,,DOWNLOADED_ONLY
Dr. Alban,Dr. Alban,85a3072a-08eb-43a4-a57d-f7084503ee4c,167,0,139,27,1,laion-disco-12m;sleeping-disco-9m;spotify-tracks-dataset,,,DOWNLOADED_ONLY
Dinah Washington,Dinah Washington,d385947d-c00d-4311-9cf1-a032a1d4040b,341,0,219,116,6,laion-disco-12m;sleeping-disco-9m;spotify-tracks-dataset,,,DOWNLOADED_ONLY
Christine McVie,Christine McVie,21551f7d-93f2-4cb7-ba71-7f260058e923,81,0,48,33,0,laion-disco-12m;sleeping-disco-9m,,,PRESENT
Incubus,Incubus,e3e0abcd-7671-4482-a9d8-462f5acc9be5,247,0,134,106,7,laion-disco-12m;sleeping-disco-9m;spotify-tracks-dataset,,,DOWNLOADED_ONLY
Jürgen Prochnow,,,0,,,,,,,,NONE
LeAnn Rimes,LeAnn Rimes,9092d8e1-9b38-4372-a96d-000b8561a8bc,326,0,158,167,1,laion-disco-12m;sleeping-disco-9m;spotify-tracks-dataset,,,DOWNLOADED_ONLY
Chris Wolstenholme,,,0,,,,,,,,NONE
apl.de.ap,apl.de.ap,1325f8d5-ab22-4dc9-8fdc-f7fa6695c493,19,0,16,3,0,laion-disco-12m;sleeping-disco-9m,,,PRESENT
Kool & The Gang,Kool & The Gang,2469950a-f0ca-425a-bfbc-baf55ea3afde,11,0,11,0,0,laion-disco-12m,,,PRESENT
Chuck Schuldiner,,,0,,,,,,,,NONE
John Dowland,John Dowland,7c6ef060-fe44-4c66-ae6d-a86791abaf09,319,0,292,27,0,laion-disco-12m;sleeping-disco-9m,,,PRESENT
Type O Negative,Type O Negative,a63df8c3-28e4-41db-bac2-c6c6e8ff8f28,160,0,104,45,11,laion-disco-12m;sleeping-disco-9m;spotify-tracks-dataset,,,DOWNLOADED_ONLY
Hans von Bülow,,,0,,,,,,,,NONE
Aly Michalka,Aly Michalka,84b087a6-a86e-4c6f-a207-90b676754ff7,1,0,0,1,0,sleeping-disco-9m,,,PRESENT
Kristína Peláková,Kristína Peláková,a7103e3e-29a0-4fd0-8825-d2a067e94647,72,0,70,2,0,laion-disco-12m;sleeping-disco-9m,,,PRESENT
Taeyeon,Taeyeon,2b786fb3-a116-4163-9b65-cf56f03c8a7f,155,0,141,11,3,laion-disco-12m;sleeping-disco-9m;spotify-tracks-dataset,,,DOWNLOADED_ONLY
Minatozaki Sana,Minatozaki Sana,0330b8ee-e1de-458e-8ca6-f2383cb29cde,80,0,78,2,0,laion-disco-12m;sleeping-disco-9m,,,PRESENT
Vladimir Ashkenazy,Vladimir Ashkenazy,15a30428-87c4-455b-b7e8-71013237fea0,577,0,553,23,1,laion-disco-12m;sleeping-disco-9m;spotify-tracks-dataset,,,DOWNLOADED_ONLY
Sonny Bono,Sonny Bono,c43d2302-02db-487b-b62d-8cb3c57f94c6,7,0,6,1,0,laion-disco-12m;sleeping-disco-9m,,,PRESENT
Aaron Carter,Aaron Carter,4c0bb5bc-95ad-47de-99e3-fbb4fbc5f393,164,0,90,74,0,laion-disco-12m;sleeping-disco-9m,,,PRESENT
Tame Impala,Tame Impala,63aa26c3-d59b-4da4-84ac-716b54f1ef4d,186,0,114,70,2,laion-disco-12m;sleeping-disco-9m;spotify-tracks-dataset,,,DOWNLOADED_ONLY
Jack Johnson,Jack Johnson,ff6e677f-91dd-4986-a174-8db0474b1799,237,0,171,66,0,laion-disco-12m;sleeping-disco-9m,,,PRESENT
Lambert Wilson,Lambert Wilson,6a05a4ea-5bb5-48aa-bee6-1b74647e58c1,137,0,136,1,0,laion-disco-12m;sleeping-disco-9m,,,PRESENT
Kelly Osbourne,Kelly Osbourne,6f54eacf-7ec1-4917-8995-6c2f67b606e6,33,0,0,33,0,sleeping-disco-9m,,,PRESENT
The Verve,The Verve,d4d17620-fd97-4574-92a8-a2cb7e72ce42,164,0,131,31,2,laion-disco-12m;sleeping-disco-9m;spotify-tracks-dataset,,,DOWNLOADED_ONLY
Danielle Darrieux,Danielle Darrieux,b01319ec-5fbf-48ad-b208-6a338f7338be,152,0,149,3,0,laion-disco-12m;sleeping-disco-9m,,,PRESENT
Chico Buarque,Chico Buarque,3a5d1cc7-627e-48ea-aba3-fdd20d782c33,345,0,205,125,15,laion-disco-12m;sleeping-disco-9m;spotify-tracks-dataset,,,DOWNLOADED_ONLY
Skillet,Skillet,16a43d5e-c52d-4eaa-9c3b-00b2c1d8e816,307,0,146,147,14,laion-disco-12m;sleeping-disco-9m;spotify-tracks-dataset,,,DOWNLOADED_ONLY
Bob Sinclar,Bob Sinclar,f9ab44f1-7b19-4ecb-830c-403abcf36cd1,288,0,236,46,6,laion-disco-12m;sleeping-disco-9m;spotify-tracks-dataset,,,DOWNLOADED_ONLY
Yeah Yeah Yeahs,Yeah Yeah Yeahs,584c04d2-4acc-491b-8a0a-e63133f4bfc4,169,0,102,63,4,laion-disco-12m;sleeping-disco-9m;spotify-tracks-dataset,,,DOWNLOADED_ONLY
Maite Perroni,Maite Perroni,898da36d-1d3c-4df5-ba60-928d89c4ce70,193,0,161,30,2,laion-disco-12m;sleeping-disco-9m;spotify-tracks-dataset,,,DOWNLOADED_ONLY
Manic Street Preachers,Manic Street Preachers,32efea44-6cb5-4b4f-bdaa-c8b8f6cef981,278,0,149,129,0,laion-disco-12m;sleeping-disco-9m,,,PRESENT
Smokey Robinson,Smokey Robinson,c19ff12b-058f-44a8-b245-b0efb4752925,295,0,127,162,6,laion-disco-12m;sleeping-disco-9m;spotify-tracks-dataset,,,DOWNLOADED_ONLY
Namie Amuro,Namie Amuro,888994e5-6f53-4f53-bced-b20482aea42a,8,0,0,4,4,sleeping-disco-9m;spotify-tracks-dataset,,,DOWNLOADED_ONLY
Ariana DeBose,Ariana DeBose,fb2aa269-009e-43b5-9423-03617ea300aa,62,0,44,16,2,laion-disco-12m;sleeping-disco-9m;spotify-tracks-dataset,,,DOWNLOADED_ONLY
Katrina and the Waves,Katrina and the Waves,a57505c9-6b43-4861-a498-fe00b349d591,1,0,1,0,0,laion-disco-12m,,,PRESENT
Svetlana Loboda,Svetlana Loboda,8544e819-41a1-47ce-8c78-d8c44ec099e4,207,0,125,82,0,laion-disco-12m;sleeping-disco-9m,,,PRESENT
Sara Montiel,Sara Montiel,686c18e1-c145-483f-bd03-08286eaff543,168,0,148,20,0,laion-disco-12m;sleeping-disco-9m,,,PRESENT
Emmerich Kálmán,Emmerich Kálmán,636ae5e2-15df-4046-8ba1-c30da6365447,53,0,51,0,2,laion-disco-12m;spotify-tracks-dataset,,,DOWNLOADED_ONLY
Bob Sinclar,Bob Sinclar,f9ab44f1-7b19-4ecb-830c-403abcf36cd1,288,0,236,46,6,laion-disco-12m;sleeping-disco-9m;spotify-tracks-dataset,,,DOWNLOADED_ONLY
Andrew Fletcher,,,0,,,,,,,,NONE
Tom Araya,,,0,,,,,,,,NONE
Chris Isaak,Chris Isaak,479497d4-e7c2-4e78-972e-56e78fac3995,163,0,148,15,0,laion-disco-12m;sleeping-disco-9m,,,PRESENT
Simone Simons,Simone Simons,0a99b857-b89a-424f-a83a-47346b0ab4d0,28,0,13,15,0,laion-disco-12m;sleeping-disco-9m,,,PRESENT
Kygo,Kygo,ba0e7638-0cd6-4ff4-8987-c3e224d22c23,310,0,152,130,28,laion-disco-12m;sleeping-disco-9m;spotify-tracks-dataset,,,DOWNLOADED_ONLY
Michael Kamen,Michael Kamen,adcc6c98-0bf1-4d54-84aa-2249cf5e46bf,157,0,137,20,0,laion-disco-12m;sleeping-disco-9m,,,PRESENT
Anouk,Anouk,5e8da504-c75b-4bf5-9dfc-119057c1a9c0,188,0,131,57,0,laion-disco-12m;sleeping-disco-9m,,,PRESENT
Marina Vlady,,,0,,,,,,,,NONE
André Claveau,André Claveau,0c0dee47-ff53-4423-99e3-79c55e27ab60,153,0,150,3,0,laion-disco-12m;sleeping-disco-9m,,,PRESENT
Kasabian,Kasabian,69b39eab-6577-46a4-a9f5-817839092033,218,0,146,64,8,laion-disco-12m;sleeping-disco-9m;spotify-tracks-dataset,,,DOWNLOADED_ONLY
Katharine McPhee,Katharine McPhee,7473425a-05ff-41d2-b375-9b213b8bbde8,134,0,98,35,1,laion-disco-12m;sleeping-disco-9m;spotify-tracks-dataset,,,DOWNLOADED_ONLY
I-dle,I-dle,0068ae6c-7156-40f9-a81f-39294af6a549,183,0,85,93,5,laion-disco-12m;sleeping-disco-9m;spotify-tracks-dataset,,,DOWNLOADED_ONLY
Duff McKagan,Duff McKagan,f2da4752-8db0-4e54-8f30-680acaa8e1cf,136,0,103,33,0,laion-disco-12m;sleeping-disco-9m,,,PRESENT
Solange Knowles,Solange Knowles,410e7fd3-b865-4fa0-bb18-1b7fd53382ca,249,0,168,81,0,laion-disco-12m;sleeping-disco-9m,,,PRESENT
Peter Gallagher,Peter Gallagher,fe5ec64d-267c-4b8d-a405-7c1b67788930,47,0,35,12,0,laion-disco-12m;sleeping-disco-9m,,,PRESENT
Julian Lennon,Julian Lennon,fbe1a6d6-12c9-459e-bf73-fdcc76b14b7e,156,0,121,35,0,laion-disco-12m;sleeping-disco-9m,,,PRESENT
Khatia Buniatishvili,Khatia Buniatishvili,fce26bb5-6332-4cbe-88c1-0b324301ae10,111,0,103,7,1,laion-disco-12m;sleeping-disco-9m;spotify-tracks-dataset,,,DOWNLOADED_ONLY
Delta Goodrem,Delta Goodrem,8c5755b4-2de6-4158-bca9-e354cbf07437,241,0,152,89,0,laion-disco-12m;sleeping-disco-9m,,,PRESENT
Deryck Whibley,Deryck Whibley,4qJK4cVUMM04auRU8oa4bf,1,0,1,0,0,laion-disco-12m,,,PRESENT
Christina Milian,Christina Milian,78e98e0e-f873-4e5e-b4b7-88b7293fd713,121,0,72,49,0,laion-disco-12m;sleeping-disco-9m,,,PRESENT
Azealia Banks,Azealia Banks,0c3505e7-d884-43cf-9028-d318607190a4,199,0,79,120,0,laion-disco-12m;sleeping-disco-9m,,,PRESENT
Jackson Wang,Jackson Wang,993b5a29-a8f1-49d7-9ef3-e05233041454,111,0,61,49,1,laion-disco-12m;sleeping-disco-9m;spotify-tracks-dataset,,,DOWNLOADED_ONLY
Jonny Greenwood,Jonny Greenwood,e9fcfbbf-1743-4f73-8744-ada8da7394ea,213,0,163,49,1,laion-disco-12m;sleeping-disco-9m;spotify-tracks-dataset,,,DOWNLOADED_ONLY
Skylar Grey,Skylar Grey,bd01c9d7-89dd-4cb4-9baa-a43bfa292bed,226,0,126,80,20,laion-disco-12m;sleeping-disco-9m;spotify-tracks-dataset,,,DOWNLOADED_ONLY
Lotte Lenya,Lotte Lenya,244f758f-5154-49c8-b3e1-551491e502f3,166,0,143,23,0,laion-disco-12m;sleeping-disco-9m,,,PRESENT
China Anne McClain,China Anne McClain,3d97031d-65c9-4363-8cce-9c262989f2ae,59,0,28,26,5,laion-disco-12m;sleeping-disco-9m;spotify-tracks-dataset,,,DOWNLOADED_ONLY
Carl Perkins,Carl Perkins,068bd7ab-c38e-4fae-8ed2-cb0c153ed68f,197,0,129,67,1,laion-disco-12m;sleeping-disco-9m;spotify-tracks-dataset,,,DOWNLOADED_ONLY
Li Bingbing,Li Bingbing,0700989c-11ea-4ab2-b5fc-b0d7fb62a71e,12,0,12,0,0,laion-disco-12m,,,PRESENT
21 Savage,21 Savage,37b2cb82-ef79-4d46-a184-a549450aa231,467,0,231,232,4,laion-disco-12m;sleeping-disco-9m;spotify-tracks-dataset,,,DOWNLOADED_ONLY
Dave Murray,,,0,,,,,,,,NONE
Xuxa,Xuxa,cf07508b-4762-4650-990a-23376e023f55,550,0,161,389,0,laion-disco-12m;sleeping-disco-9m,,,PRESENT
Michael Bolton,Michael Bolton,e8bee5d1-a3a5-4c1a-ada4-f1ca22101e84,357,0,156,200,1,laion-disco-12m;sleeping-disco-9m;spotify-tracks-dataset,,,DOWNLOADED_ONLY
Robin Thicke,Robin Thicke,ddfd9b2f-186e-4b2c-ad09-01aa5380c225,296,0,154,141,1,laion-disco-12m;sleeping-disco-9m;spotify-tracks-dataset,,,DOWNLOADED_ONLY
Sami Yusuf,Sami Yusuf,ff084186-8c03-4a84-bdea-039a79b1b2fe,178,0,144,34,0,laion-disco-12m;sleeping-disco-9m,,,PRESENT
Secret Garden,Secret Garden,4ac60dc3-8e50-4c70-be0e-4a4a1298f7ba,188,0,142,36,10,laion-disco-12m;sleeping-disco-9m;spotify-tracks-dataset,,,DOWNLOADED_ONLY
HammerFall,HammerFall,abf5f674-dbad-4219-b3ad-dbd6fb163c8e,237,0,144,79,14,laion-disco-12m;sleeping-disco-9m;spotify-tracks-dataset,,,DOWNLOADED_ONLY
Percy Sledge,Percy Sledge,c2f37fdf-5e8f-4d9c-9a03-219a8239cf5f,167,0,126,36,5,laion-disco-12m;sleeping-disco-9m;spotify-tracks-dataset,,,DOWNLOADED_ONLY
Niamh Kavanagh,Niamh Kavanagh,ed8e9c17-fd4f-4931-bdad-5daadfb8cdf4,7,0,2,5,0,laion-disco-12m;sleeping-disco-9m,,,PRESENT
John Adams,John Adams,94f46f90-f220-458d-acd6-5f14c55ab9b2,132,0,129,2,1,laion-disco-12m;sleeping-disco-9m;spotify-tracks-dataset,,,DOWNLOADED_ONLY
Chubby Checker,Chubby Checker,920febb2-ea05-4339-8a08-17294e60c736,199,0,140,56,3,laion-disco-12m;sleeping-disco-9m;spotify-tracks-dataset,,,DOWNLOADED_ONLY
Divine,Divine,9572db59-da29-4f9d-bc00-0287ee3386e9,26,0,26,0,0,laion-disco-12m,,,PRESENT
Mike Phiromphorn,Mike Phiromphorn,f22c45d4-6ae1-414d-8e63-3e89599c1bb7,155,0,155,0,0,laion-disco-12m,,,PRESENT
Bella Poarch,Bella Poarch,6e29613f-68dd-4a24-add2-9a9962de2523,33,0,10,17,6,laion-disco-12m;sleeping-disco-9m;spotify-tracks-dataset,,,DOWNLOADED_ONLY
Alex Borstein,,,0,,,,,,,,NONE
Inayat Khan,,,0,,,,,,,,NONE
Criss Angel,Criss Angel,06cbaecf-fb0d-4fa3-aba4-b73e4876a480,34,0,15,19,0,laion-disco-12m;sleeping-disco-9m,,,PRESENT
UB40,UB40,7113aab7-628f-4050-ae49-dbecac110ca8,283,0,144,137,2,laion-disco-12m;sleeping-disco-9m;spotify-tracks-dataset,,,DOWNLOADED_ONLY
Tony Goldwyn,,,0,,,,,,,,NONE
Aygün Kazimova,Aygün Kazimova,0d8117e6-f3f6-4a2d-aaa1-2c4d02b4af49,348,0,154,194,0,laion-disco-12m;sleeping-disco-9m,,,PRESENT
Sandra Dee,,,0,,,,,,,,NONE
Peter Stormare,,,0,,,,,,,,NONE
John Cho,John Cho,b29ed479-dfc9-483a-ab8b-f42ee9b5151d,4,0,2,2,0,laion-disco-12m;sleeping-disco-9m,,,PRESENT
Rick Moranis,Rick Moranis,2e6e6258-1ecf-444e-8eba-9c334eee2f1e,57,0,33,24,0,laion-disco-12m;sleeping-disco-9m,,,PRESENT
Patrice Chéreau,,,0,,,,,,,,NONE
Don McLean,Don McLean,fa19ee38-c2a9-4ed1-9b24-a18100cf9db3,272,0,134,135,3,laion-disco-12m;sleeping-disco-9m;spotify-tracks-dataset,,,DOWNLOADED_ONLY
Damiano David,Damiano David,852c198a-75ee-4e2b-9aba-4453c52260b2,2,0,0,2,0,sleeping-disco-9m,,,PRESENT
Sandra Hüller,,,0,,,,,,,,NONE
Hiroyuki Sanada,,,0,,,,,,,,NONE
Gregory of Narek,,,0,,,,,,,,NONE
David Cassidy,David Cassidy,37095068-147b-4c68-8d79-ea25a92b590a,166,0,135,31,0,laion-disco-12m;sleeping-disco-9m,,,PRESENT
Dinah Shore,Dinah Shore,1a329949-6586-47d2-994a-cd64e13cab68,238,0,208,30,0,laion-disco-12m;sleeping-disco-9m,,,PRESENT
Rodion Shchedrin,Rodion Shchedrin,09deb4a5-8746-47f8-b020-cde50023841d,80,0,80,0,0,laion-disco-12m,,,PRESENT
Eric Carmen,Eric Carmen,4e6daf86-a5c9-42ea-9bd2-9482a71c38d4,67,0,53,12,2,laion-disco-12m;sleeping-disco-9m;spotify-tracks-dataset,,,DOWNLOADED_ONLY
