[1/3710] 'FIG Channel' -> USED_BY [internvid;runway-jupiter] (15255)
[2/3710] 'MLB' -> USED_BY [hdvg130m;hdvila100m;internvid;runway-jupiter;vidgen1m;yttemporal-180m] (92435)
[3/3710] 'KBS WORLD TV' -> USED_BY [hdvg130m;hdvila100m;internvid;runway-jupiter;vidgen1m;yttemporal-180m] (19009)
[4/3710] 'WBIR Channel 10' -> USED_BY [internvid;runway-jupiter;yttemporal-180m] (12013)
[5/3710] '1theK (\uc6d0\ub354\ucf00\uc774)' ERROR: 'charmap' codec can't encode characters in position 17-20: character maps to <undefined>
[6/3710] 'CBS New York' -> USED_BY [hdvg130m;hdvila100m;internvid;openvid1m;runway-jupiter;vidgen1m;yttemporal-180m] (11668)
[7/3710] 'PlayStation' -> USED_BY [hdvg130m;hdvila100m;internvid;openvid1m;runway-jupiter;vidgen1m;yttemporal-180m] (14816)
[8/3710] 'NHL' -> USED_BY [hdvg130m;hdvila100m;internvid;runway-jupiter;vidgen1m;yttemporal-180m] (14507)
[9/3710] 'World Rugby' -> USED_BY [hdvg130m;hdvila100m;internvid;openvid1m;runway-jupiter;vidgen1m;yttemporal-180m] (11046)
[10/3710] 'NBA' -> USED_BY [internvid;runway-jupiter;yttemporal-180m] (14787)
[11/3710] 'CBC Sports' -> USED_BY [hdvg130m;hdvila100m;internvid;openvid1m;runway-jupiter;vidgen1m;yttemporal-180m] (7989)
[12/3710] 'wikiHow' -> USED_BY [internvid;runway-jupiter;yttemporal-180m] (12308)
[13/3710] 'Eurosport' -> USED_BY [hdvg130m;hdvila100m;internvid;openvid1m;runway-jupiter;vidgen1m;yttemporal-180m] (6179)
[14/3710] 'FOX' -> USED_BY [hdvg130m;hdvila100m;internvid;openvid1m;runway-jupiter;yttemporal-180m] (7518)
[15/3710] 'KinoCheck.com' -> USED_BY [hdvg130m;hdvila100m;internvid;openvid1m;runway-jupiter;vidgen1m;yttemporal-180m] (6860)
[16/3710] 'ONE Media' -> USED_BY [hdvg130m;hdvila100m;internvid;openvid1m;runway-jupiter;vidgen1m;yttemporal-180m] (9206)
[17/3710] 'Olympics' -> USED_BY [hdvg130m;hdvila100m;internvid;runway-jupiter;vidgen1m;yttemporal-180m] (11569)
[18/3710] 'IBJJF (International Brazilian Jiu-Jitsu Federation)' -> USED_BY [hdvg130m;hdvila100m;internvid;runway-jupiter;vidgen1m;yttemporal-180m] (10326)
[19/3710] 'Skating ISU' -> USED_BY [hdvg130m;hdvila100m;internvid;runway-jupiter;vidgen1m;yttemporal-180m] (5362)
[20/3710] 'Global Cycling Network' -> USED_BY [hdvg130m;hdvila100m;internvid;openvid1m;runway-jupiter;vidgen1m;yttemporal-180m] (11937)
[21/3710] 'Entertainment Access' -> USED_BY [hdvg130m;hdvila100m;internvid;openvid1m;runway-jupiter;vidgen1m;yttemporal-180m] (6769)
[22/3710] 'NFL' -> USED_BY [hdvg130m;hdvila100m;internvid;runway-jupiter;vidgen1m;yttemporal-180m] (24464)
[23/3710] 'Scotty Kilmer' -> USED_BY [hdvg130m;hdvila100m;internvid;openvid1m;runway-jupiter;vidgen1m;yttemporal-180m] (11637)
[24/3710] 'Man City' -> USED_BY [hdvg130m;hdvila100m;internvid;runway-jupiter;vidgen1m;yttemporal-180m] (9627)
[25/3710] 'WWE' -> USED_BY [hdvg130m;hdvila100m;internvid;runway-jupiter;vidgen1m;yttemporal-180m] (14509)
[26/3710] 'Paralympic Games' -> USED_BY [hdvg130m;hdvila100m;internvid;openvid1m;runway-jupiter;vidgen1m;yttemporal-180m] (18258)
[27/3710] 'NCAA Championships' -> USED_BY [internvid;runway-jupiter] (3875)
[28/3710] 'USCAthletics' -> USED_BY [hdvg130m;hdvila100m;internvid;openvid1m;runway-jupiter;vidgen1m;yttemporal-180m] (6357)
[29/3710] 'Eurovision Song Contest' -> USED_BY [hdvg130m;hdvila100m;internvid;openvid1m;runway-jupiter;vidgen1m;yttemporal-180m] (7354)
[30/3710] 'BETNetworks' -> USED_BY [hdvg130m;hdvila100m;internvid;openvid1m;runway-jupiter;vidgen1m;yttemporal-180m] (11685)
[31/3710] 'Shemaroo Comedy' -> USED_BY [hdvg130m;hdvila100m;internvid;runway-jupiter;vidgen1m] (3723)
[32/3710] 'Major League Soccer' -> USED_BY [hdvg130m;hdvila100m;internvid;openvid1m;runway-jupiter;vidgen1m;yttemporal-180m] (21460)
[33/3710] 'DIY Pinto' -> USED_BY [hdvg130m;hdvila100m;internvid;openvid1m;runway-jupiter;yttemporal-180m] (6226)
[34/3710] 'Rubhen925' -> USED_BY [internvid;runway-jupiter] (4599)
[35/3710] 'YRF' -> USED_BY [hdvg130m;hdvila100m;internvid;openvid1m;runway-jupiter;vidgen1m;yttemporal-180m] (5285)
[36/3710] 'FIFA' -> USED_BY [hdvg130m;hdvila100m;internvid;runway-jupiter;vidgen1m;yttemporal-180m] (12662)
[37/3710] 'Variety' -> USED_BY [hdvg130m;hdvila100m;internvid;openvid1m;runway-jupiter;vidgen1m;yttemporal-180m] (6961)
[38/3710] 'Looper' -> USED_BY [hdvg130m;hdvila100m;internvid;openvid1m;runway-jupiter;vidgen1m;yttemporal-180m] (11488)
[39/3710] 'NOW PLAYING' -> USED_BY [internvid;runway-jupiter] (3015)
[40/3710] 'Movieclips' -> USED_BY [hdvg130m;hdvila100m;internvid;openvid1m;runway-jupiter;vidgen1m;yttemporal-180m] (79723)
[41/3710] 'FEI' -> USED_BY [hdvg130m;hdvila100m;internvid;runway-jupiter;vidgen1m;yttemporal-180m] (7419)
[42/3710] 'settime2588' -> USED_BY [hdvg130m;hdvila100m;internvid;openvid1m;runway-jupiter;vidgen1m;yttemporal-180m] (3818)
[43/3710] 'Mango Music' -> USED_BY [runway-jupiter] (5425)
[44/3710] 'Peppa Pig - Official Channel' -> USED_BY [hdvg130m;hdvila100m;internvid;runway-jupiter;vidgen1m;yttemporal-180m] (5653)
[45/3710] 'Liverpool FC' -> USED_BY [hdvg130m;hdvila100m;internvid;openvid1m;runway-jupiter;vidgen1m;yttemporal-180m] (4357)
[46/3710] 'WildBrain Kids' -> USED_BY [hdvila100m;internvid;runway-jupiter;vidgen1m;yttemporal-180m] (3648)
[47/3710] 'MIT OpenCourseWare' -> USED_BY [hdvg130m;hdvila100m;internvid;openvid1m;runway-jupiter;vidgen1m;yttemporal-180m] (7748)
[48/3710] 'CBBC' -> USED_BY [hdvg130m;hdvila100m;internvid;openvid1m;runway-jupiter;yttemporal-180m] (4643)
[49/3710] 'Swissbeatbox' -> USED_BY [hdvg130m;hdvila100m;internvid;openvid1m;runway-jupiter;vidgen1m;yttemporal-180m] (4008)
[50/3710] '5-Minute Crafts' -> USED_BY [hdvg130m;hdvila100m;internvid;openvid1m;runway-jupiter;vidgen1m;yttemporal-180m] (5674)
[51/3710] 'Gezen Adam' -> USED_BY [internvid;runway-jupiter] (2619)
[52/3710] 'SQUASHTV' -> USED_BY [hdvg130m;hdvila100m;internvid;openvid1m;runway-jupiter;vidgen1m;yttemporal-180m] (6067)
[53/3710] 'Nickelodeon UK' -> USED_BY [hdvg130m;hdvila100m;internvid;runway-jupiter;vidgen1m;yttemporal-180m] (3762)
[54/3710] 'Nickelodeon' -> USED_BY [hdvg130m;hdvila100m;internvid;openvid1m;runway-jupiter;vidgen1m;yttemporal-180m] (6905)
[55/3710] 'FilmSpot Trailer' -> USED_BY [hdvg130m;hdvila100m;internvid;openvid1m;runway-jupiter;vidgen1m;yttemporal-180m] (4211)
[56/3710] 'SciShow' -> USED_BY [hdvg130m;hdvila100m;internvid;openvid1m;runway-jupiter;vidgen1m;yttemporal-180m] (5020)
[57/3710] 'J-AutoShow' -> USED_BY [hdvila100m;internvid;runway-jupiter] (4033)
[58/3710] 'Surfers of Bali' -> USED_BY [hdvg130m;hdvila100m;internvid;runway-jupiter;yttemporal-180m] (2421)
[59/3710] "Britain's Got Talent" -> USED_BY [hdvg130m;hdvila100m;internvid;runway-jupiter] (3683)
[60/3710] 'World Archery' -> USED_BY [hdvg130m;hdvila100m;internvid;openvid1m;runway-jupiter;vidgen1m;yttemporal-180m] (7515)
[61/3710] 'All4HimRacingVideos' -> USED_BY [hdvg130m;hdvila100m;internvid;runway-jupiter;vidgen1m;yttemporal-180m] (3090)
[62/3710] 'Cartoon Network' -> USED_BY [hdvg130m;hdvila100m;internvid;openvid1m;runway-jupiter;vidgen1m;yttemporal-180m] (6098)
[63/3710] 'PPA Tour' -> USED_BY [internvid;runway-jupiter] (2242)
[64/3710] 'Rombbb' -> USED_BY [runway-jupiter] (2133)
[65/3710] 'Discovery' -> USED_BY [hdvg130m;hdvila100m;internvid;openvid1m;runway-jupiter;vidgen1m;yttemporal-180m] (13590)
[66/3710] 'Linus Tech Tips' -> USED_BY [hdvg130m;hdvila100m;internvid;openvid1m;runway-jupiter;vidgen1m;yttemporal-180m] (27754)
[67/3710] 'Unisport' -> USED_BY [hdvg130m;hdvila100m;internvid;openvid1m;runway-jupiter;vidgen1m;yttemporal-180m] (5961)
[68/3710] 'DraKulis' -> USED_BY [internvid;runway-jupiter] (2057)
[69/3710] 'Cult Cinema Classics' -> USED_BY [internvid;runway-jupiter] (2043)
[70/3710] 'T-Series' -> USED_BY [hdvg130m;hdvila100m;internvid;openvid1m;runway-jupiter;vidgen1m] (15167)
[71/3710] 'CBC' -> USED_BY [hdvg130m;hdvila100m;internvid;openvid1m;runway-jupiter;vidgen1m;yttemporal-180m] (8449)
[72/3710] 'Global Triathlon Network' -> USED_BY [hdvg130m;hdvila100m;internvid;openvid1m;runway-jupiter;vidgen1m;yttemporal-180m] (4057)
[73/3710] 'PAW Patrol Official & Friends' -> USED_BY [hdvg130m;hdvila100m;internvid;openvid1m;runway-jupiter;vidgen1m;yttemporal-180m] (2708)
[74/3710] 'ACC Digital Network' -> USED_BY [hdvg130m;hdvila100m;internvid;openvid1m;runway-jupiter;vidgen1m;yttemporal-180m] (27098)
[75/3710] 'The Wall Street Journal' -> USED_BY [hdvg130m;hdvila100m;internvid;openvid1m;runway-jupiter;vidgen1m;yttemporal-180m] (45493)
[76/3710] 'Fudgy' -> USED_BY [hdvg130m;hdvila100m;internvid;runway-jupiter;vidgen1m] (2104)
[77/3710] 'NASASpaceflight' -> USED_BY [internvid;runway-jupiter] (2027)
[78/3710] 'Discovery UK' -> USED_BY [internvid;runway-jupiter;yttemporal-180m] (3015)
[79/3710] 'Met Office - UK Weather' -> USED_BY [hdvg130m;hdvila100m;internvid;runway-jupiter;vidgen1m;yttemporal-180m] (7352)
[80/3710] 'Boxoffice Movie Scenes' -> USED_BY [internvid;runway-jupiter] (3700)
[81/3710] 'Howcast' -> USED_BY [hdvg130m;hdvila100m;internvid;openvid1m;runway-jupiter;vidgen1m;yttemporal-180m] (48716)
[82/3710] 'CrossFit' -> USED_BY [hdvg130m;hdvila100m;internvid;runway-jupiter;vidgen1m;yttemporal-180m] (5473)
[83/3710] 'TED' -> USED_BY [hdvg130m;hdvila100m;internvid;openvid1m;runway-jupiter;vidgen1m;yttemporal-180m] (9580)
[84/3710] 'DC Kids' -> USED_BY [hdvg130m;hdvila100m;internvid;openvid1m;runway-jupiter;vidgen1m;yttemporal-180m] (4180)
[85/3710] 'Screen Culture' -> USED_BY [internvid;runway-jupiter] (1763)
[86/3710] 'FIBA3x3 - The 3x3 Basketball Channel' -> USED_BY [hdvg130m;hdvila100m;internvid;runway-jupiter] (8049)
[87/3710] 'Mr. Hand Pay' -> USED_BY [internvid;runway-jupiter] (1705)
[88/3710] 'DIG BMX Official' -> USED_BY [hdvg130m;hdvila100m;internvid;runway-jupiter] (1994)
[89/3710] 'FilmSelect Trailer' -> USED_BY [hdvg130m;hdvila100m;internvid;runway-jupiter;vidgen1m;yttemporal-180m] (1901)
[90/3710] 'Nintendo UK' -> USED_BY [hdvg130m;hdvila100m;internvid;runway-jupiter;vidgen1m] (2042)
[91/3710] 'Big Think' -> USED_BY [hdvg130m;hdvila100m;internvid;runway-jupiter;vidgen1m;yttemporal-180m] (11695)
[92/3710] 'Oscars' -> USED_BY [hdvg130m;hdvila100m;internvid;openvid1m;runway-jupiter;vidgen1m] (3973)
[93/3710] 'Doctor Who' -> USED_BY [hdvg130m;hdvila100m;internvid;openvid1m;runway-jupiter;vidgen1m;yttemporal-180m] (3448)
[94/3710] 'Zee Kids' -> USED_BY [internvid;runway-jupiter] (1625)
[95/3710] 'BabyBus - Kids Songs and Cartoons' -> USED_BY [hdvg130m;hdvila100m;internvid;openvid1m;runway-jupiter;vidgen1m;yttemporal-180m] (2257)
[96/3710] 'Misfit Productions' -> USED_BY [internvid;runway-jupiter] (1657)
[97/3710] 'Matchroom Pool' -> USED_BY [internvid;runway-jupiter] (1584)
[98/3710] 'WaterTube' -> USED_BY [internvid;runway-jupiter] (1517)
[99/3710] 'AA-VFX' -> USED_BY [runway-jupiter] (3407)
[100/3710] 'Monster Energy Supercross' -> USED_BY [hdvg130m;hdvila100m;internvid;openvid1m;runway-jupiter;vidgen1m;yttemporal-180m] (3768)
[101/3710] 'pandapia HD' -> USED_BY [internvid;runway-jupiter] (3574)
[102/3710] 'Stock Video' -> USED_BY [internvid;runway-jupiter] (1597)
[103/3710] 'Rabbit Island Japan' -> USED_BY [runway-jupiter] (1491)
[104/3710] 'Netflix K-Content' -> USED_BY [internvid;runway-jupiter] (2433)
[105/3710] 'Garden Answer' -> USED_BY [hdvg130m;hdvila100m;internvid;openvid1m;runway-jupiter;vidgen1m;yttemporal-180m] (3100)
[106/3710] 'Guinness World Records' -> USED_BY [hdvg130m;hdvila100m;internvid;openvid1m;runway-jupiter;vidgen1m;yttemporal-180m] (2936)
[107/3710] 'Hebbars Kitchen' -> USED_BY [internvid;runway-jupiter] (2017)
[108/3710] 'SnowboardProCamp' -> USED_BY [hdvg130m;hdvila100m;internvid;openvid1m;runway-jupiter;vidgen1m;yttemporal-180m] (3144)
[109/3710] 'JYP Entertainment' -> USED_BY [hdvg130m;hdvila100m;internvid;openvid1m;runway-jupiter;vidgen1m;yttemporal-180m] (2275)
[110/3710] 'Watchfinder & Co.' -> USED_BY [internvid;runway-jupiter] (1413)
[111/3710] "Roberta's Gym" -> USED_BY [hdvg130m;hdvila100m;internvid;runway-jupiter;yttemporal-180m] (1598)
[112/3710] 'Beardbrand' -> USED_BY [hdvg130m;hdvila100m;internvid;openvid1m;runway-jupiter;vidgen1m;yttemporal-180m] (3684)
[113/3710] 'The Modern Rogue' -> USED_BY [hdvg130m;hdvila100m;internvid;openvid1m;runway-jupiter;vidgen1m;yttemporal-180m] (2075)
[114/3710] 'ISSF - International Shooting Sport Federation' -> USED_BY [internvid;runway-jupiter] (2427)
[115/3710] 'Dakar' -> USED_BY [hdvg130m;hdvila100m;internvid;runway-jupiter;vidgen1m] (3711)
[116/3710] 'Best Documentary' -> USED_BY [hdvg130m;hdvila100m;internvid;openvid1m;runway-jupiter;vidgen1m;yttemporal-180m] (1798)
[117/3710] 'The Verge' -> USED_BY [hdvg130m;hdvila100m;internvid;openvid1m;runway-jupiter;vidgen1m;yttemporal-180m] (13931)
[118/3710] 'Dread Central' -> USED_BY [internvid;runway-jupiter] (1774)
[119/3710] 'Peacock Kids' -> USED_BY [hdvg130m;hdvila100m;internvid;openvid1m;runway-jupiter;vidgen1m;yttemporal-180m] (5846)
[120/3710] 'Unreal Engine' -> USED_BY [hdvg130m;hdvila100m;internvid;runway-jupiter] (2116)
[121/3710] 'Wanda Diamond League' -> USED_BY [hdvg130m;hdvila100m;internvid;openvid1m;runway-jupiter;vidgen1m;yttemporal-180m] (3122)
[122/3710] 'Midwest Wrestle' -> USED_BY [internvid;runway-jupiter] (1414)
[123/3710] 'Trashmaster15' -> USED_BY [runway-jupiter] (1277)
[124/3710] 'AirshowStuffVideos' -> USED_BY [hdvg130m;hdvila100m;internvid;runway-jupiter] (1645)
[125/3710] 'ENFANT TERRIBLE' -> USED_BY [runway-jupiter] (1196)
[126/3710] 'Horrid Henry' -> USED_BY [hdvg130m;hdvila100m;runway-jupiter;yttemporal-180m] (1708)
[127/3710] 'Vismai Food' -> USED_BY [internvid;runway-jupiter] (1371)
[128/3710] 'Good Morning America' -> USED_BY [hdvg130m;hdvila100m;internvid;openvid1m;runway-jupiter;vidgen1m;yttemporal-180m] (22331)
[129/3710] 'Paint Life TV' -> USED_BY [hdvg130m;hdvila100m;internvid;openvid1m;runway-jupiter;vidgen1m;yttemporal-180m] (3187)
[130/3710] 'The Geocaching Vlogger' -> USED_BY [hdvila100m;internvid;openvid1m;runway-jupiter;vidgen1m;yttemporal-180m] (1598)
[131/3710] 'CrossFit Games' -> USED_BY [hdvg130m;hdvila100m;internvid;openvid1m;runway-jupiter;vidgen1m] (5011)
[132/3710] 'jacobfuckingjones' -> USED_BY [internvid;runway-jupiter] (1209)
[133/3710] 'Trakin Tech' -> USED_BY [hdvg130m;hdvila100m;internvid;openvid1m;runway-jupiter;vidgen1m] (3556)
[134/3710] 'Goodwood Road & Racing' -> USED_BY [hdvg130m;hdvila100m;internvid;openvid1m;runway-jupiter;vidgen1m;yttemporal-180m] (4652)
[135/3710] 'TabiEats' -> USED_BY [hdvg130m;hdvila100m;internvid;openvid1m;runway-jupiter;vidgen1m;yttemporal-180m] (4320)
[136/3710] 'Global Mountain Bike Network' -> USED_BY [hdvg130m;hdvila100m;internvid;openvid1m;runway-jupiter;vidgen1m;yttemporal-180m] (8928)
[137/3710] 'Hardware Canucks' -> USED_BY [hdvg130m;hdvila100m;internvid;openvid1m;runway-jupiter;vidgen1m;yttemporal-180m] (2010)
[138/3710] 'One Man Wolf Pack' -> USED_BY [internvid;runway-jupiter] (1123)
[139/3710] 'RGR29' -> USED_BY [runway-jupiter] (1688)
[140/3710] 'Kendall Todd TheSilverGuy' -> USED_BY [hdvg130m;hdvila100m;internvid;openvid1m;runway-jupiter;vidgen1m;yttemporal-180m] (2240)
[141/3710] 'Kamp Kenan' -> USED_BY [hdvg130m;hdvila100m;internvid;openvid1m;runway-jupiter;vidgen1m;yttemporal-180m] (3215)
[142/3710] 'Sunny Health & Fitness' -> USED_BY [internvid;runway-jupiter] (1311)
[143/3710] 'Karate Combat' -> USED_BY [internvid;runway-jupiter] (1145)
[144/3710] 'HomeCookingShow' -> USED_BY [hdvg130m;hdvila100m;internvid;openvid1m;runway-jupiter;vidgen1m;yttemporal-180m] (3242)
[145/3710] 'ThrasherMagazine' -> USED_BY [internvid;runway-jupiter;yttemporal-180m] (4924)
[146/3710] 'IRONMAN Triathlon' -> USED_BY [hdvg130m;hdvila100m;internvid;runway-jupiter;vidgen1m] (2004)
[147/3710] 'CrashCourse' -> USED_BY [hdvg130m;hdvila100m;internvid;openvid1m;runway-jupiter;vidgen1m;yttemporal-180m] (6944)
[148/3710] "That's Good Money" -> USED_BY [internvid;runway-jupiter] (1146)
[149/3710] 'Hoonigan' -> USED_BY [hdvg130m;hdvila100m;internvid;openvid1m;runway-jupiter;vidgen1m;yttemporal-180m] (5142)
[150/3710] 'KinoCheck Family' -> USED_BY [internvid;runway-jupiter] (1044)
[151/3710] '\u0411\u0415\u0420\u0418 \u0418 \u0414\u0415\u041b\u0410\u0419' ERROR: 'charmap' codec can't encode characters in position 12-15: character maps to <undefined>
[152/3710] 'Fresh Tracks' -> USED_BY [hdvg130m;hdvila100m;internvid;openvid1m;runway-jupiter;vidgen1m;yttemporal-180m] (2347)
[153/3710] 'BBC Earth' -> USED_BY [hdvg130m;hdvila100m;internvid;openvid1m;runway-jupiter;vidgen1m;yttemporal-180m] (7801)
[154/3710] 'NASA' -> USED_BY [hdvg130m;hdvila100m;internvid;openvid1m;runway-jupiter;vidgen1m;yttemporal-180m] (17254)
[155/3710] 'United Music Events #weareonthemission' -> USED_BY [internvid;runway-jupiter] (1113)
[156/3710] 'MINEE EATS' -> USED_BY [internvid;runway-jupiter] (1137)
[157/3710] 'The Run Experience' -> USED_BY [hdvg130m;hdvila100m;internvid;openvid1m;runway-jupiter;vidgen1m;yttemporal-180m] (2495)
[158/3710] 'Maxkil' -> USED_BY [hdvg130m;hdvila100m;internvid;runway-jupiter;vidgen1m;yttemporal-180m] (1937)
[159/3710] 'Monster Energy' -> USED_BY [hdvg130m;hdvila100m;internvid;openvid1m;runway-jupiter;vidgen1m;yttemporal-180m] (1929)
[160/3710] '4K Relaxation Channel' -> USED_BY [hdvg130m;hdvila100m;internvid;openvid1m;runway-jupiter;vidgen1m;yttemporal-180m] (1014)
[161/3710] 'Jamie Oliver' -> USED_BY [hdvg130m;hdvila100m;internvid;openvid1m;runway-jupiter;vidgen1m;yttemporal-180m] (5586)
[162/3710] 'Epic Volleyball' -> USED_BY [hdvg130m;hdvila100m;internvid;runway-jupiter;vidgen1m;yttemporal-180m] (1049)
[163/3710] 'Chemical Guys' -> USED_BY [hdvg130m;hdvila100m;internvid;openvid1m;runway-jupiter;vidgen1m;yttemporal-180m] (3564)
[164/3710] 'Pompsie Slots' -> USED_BY [internvid;runway-jupiter] (955)
[165/3710] 'Uke Like The Pros' -> USED_BY [hdvila100m;internvid;runway-jupiter;yttemporal-180m] (1162)
[166/3710] 'Crufts' -> USED_BY [hdvg130m;hdvila100m;internvid;openvid1m;runway-jupiter;vidgen1m;yttemporal-180m] (4500)
[167/3710] 'World Triathlon' -> USED_BY [hdvg130m;hdvila100m;internvid;openvid1m;runway-jupiter;vidgen1m;yttemporal-180m] (2375)
[168/3710] 'Supercar Blondie' -> USED_BY [hdvg130m;hdvila100m;internvid;openvid1m;runway-jupiter;vidgen1m;yttemporal-180m] (2567)
[169/3710] 'The Running Channel' -> USED_BY [internvid;runway-jupiter] (983)
[170/3710] 'GoPro' -> USED_BY [hdvg130m;hdvila100m;internvid;openvid1m;runway-jupiter;vidgen1m;yttemporal-180m] (3496)
[171/3710] 'Lacry' -> USED_BY [runway-jupiter] (1090)
[172/3710] 'LIFFORD GREYHOUNDS' -> USED_BY [runway-jupiter] (911)
[173/3710] 'American Standard Dog Training' -> USED_BY [internvid;runway-jupiter] (945)
[174/3710] 'INTER' -> USED_BY [hdvg130m;hdvila100m;internvid;openvid1m;runway-jupiter;vidgen1m;yttemporal-180m] (2143)
[175/3710] 'Wyse Guide' -> USED_BY [hdvg130m;hdvila100m;internvid;openvid1m;runway-jupiter;vidgen1m;yttemporal-180m] (2385)
[176/3710] 'Bayashi TV' -> USED_BY [internvid;runway-jupiter] (1053)
[177/3710] 'Love Nature' -> USED_BY [hdvg130m;hdvila100m;internvid;openvid1m;runway-jupiter;vidgen1m;yttemporal-180m] (1242)
[178/3710] 'Boat Zone' -> USED_BY [internvid;runway-jupiter] (976)
[179/3710] 'CobraEmergency' -> USED_BY [internvid;runway-jupiter] (1637)
[180/3710] 'Tactical Hyve' -> USED_BY [internvid;runway-jupiter] (890)
[181/3710] 'Kackie Reviews Beauty' -> USED_BY [runway-jupiter] (893)
[182/3710] 'TED-Ed' -> USED_BY [hdvg130m;hdvila100m;internvid;openvid1m;runway-jupiter;vidgen1m;yttemporal-180m] (6609)
[183/3710] 'GameSprout' -> USED_BY [internvid;runway-jupiter] (2463)
[184/3710] 'Science Channel' -> USED_BY [hdvg130m;hdvila100m;internvid;openvid1m;runway-jupiter;vidgen1m;yttemporal-180m] (5138)
[185/3710] 'Filmey Box' -> USED_BY [internvid;runway-jupiter] (854)
[186/3710] 'Jubilee' -> USED_BY [hdvg130m;hdvila100m;internvid;openvid1m;runway-jupiter;vidgen1m;yttemporal-180m] (1944)
[187/3710] 'McCann Dog Training' -> USED_BY [hdvg130m;hdvila100m;internvid;openvid1m;runway-jupiter;vidgen1m;yttemporal-180m] (2031)
[188/3710] 'Michael Jiroch' -> USED_BY [hdvg130m;hdvila100m;runway-jupiter;yttemporal-180m] (1172)
[189/3710] 'Austin Evans' -> USED_BY [hdvg130m;hdvila100m;internvid;openvid1m;runway-jupiter;vidgen1m;yttemporal-180m] (9198)
[190/3710] 'MovieGasm.com' -> USED_BY [hdvg130m;hdvila100m;internvid;openvid1m;runway-jupiter;vidgen1m;yttemporal-180m] (2283)
[191/3710] 'Mark Wiens' -> USED_BY [hdvg130m;hdvila100m;internvid;openvid1m;runway-jupiter;vidgen1m;yttemporal-180m] (7475)
[192/3710] 'The Action Lab' -> USED_BY [hdvg130m;hdvila100m;internvid;openvid1m;runway-jupiter;vidgen1m;yttemporal-180m] (2148)
[193/3710] 'Kirk Giordano plastering Inc.' -> USED_BY [hdvg130m;hdvila100m;internvid;runway-jupiter;vidgen1m;yttemporal-180m] (1924)
[194/3710] 'Mondragon Chiropractic' -> USED_BY [runway-jupiter] (824)
[195/3710] 'The Tech Chap' -> USED_BY [hdvg130m;hdvila100m;internvid;openvid1m;runway-jupiter;vidgen1m;yttemporal-180m] (2475)
[196/3710] 'Evike.com Airsoft' -> USED_BY [hdvg130m;hdvila100m;internvid;runway-jupiter;vidgen1m;yttemporal-180m] (1183)
[197/3710] '4K WALK' -> USED_BY [runway-jupiter] (819)
[198/3710] 'Paul Dinning' -> USED_BY [hdvg130m;hdvila100m;internvid;openvid1m;runway-jupiter;vidgen1m;yttemporal-180m] (1711)
[199/3710] 'JomezPro' -> USED_BY [internvid;runway-jupiter] (1433)
[200/3710] 'Hagerty' -> USED_BY [hdvg130m;hdvila100m;internvid;openvid1m;runway-jupiter;vidgen1m;yttemporal-180m] (3496)
[201/3710] 'HEDGEHOG x' -> USED_BY [internvid;runway-jupiter] (804)
[202/3710] 'RESHOEVN8R' -> USED_BY [hdvg130m;hdvila100m;internvid;openvid1m;runway-jupiter;vidgen1m;yttemporal-180m] (1208)
[203/3710] 'thediscgolfguy' -> USED_BY [hdvg130m;hdvila100m;internvid;runway-jupiter;vidgen1m] (1128)
[204/3710] "Vincenzo's Plate" -> USED_BY [hdvg130m;hdvila100m;internvid;openvid1m;runway-jupiter;vidgen1m;yttemporal-180m] (1546)
[205/3710] 'Lahari Music - TSeries' -> USED_BY [internvid;runway-jupiter] (6826)
[206/3710] 'Marble ASMR healing' -> USED_BY [internvid;runway-jupiter] (811)
[207/3710] 'Unbox Therapy' -> USED_BY [hdvg130m;hdvila100m;internvid;openvid1m;runway-jupiter;vidgen1m;yttemporal-180m] (10304)
[208/3710] 'GymRa' -> USED_BY [runway-jupiter;yttemporal-180m] (983)
[209/3710] 'Theme Park POV' -> USED_BY [internvid;runway-jupiter] (843)
[210/3710] 'Terry B' -> USED_BY [internvid;runway-jupiter;yttemporal-180m] (884)
[211/3710] 'Tips Telugu' -> USED_BY [runway-jupiter] (793)
[212/3710] 'Soon Films \uc21c\ud544\ub984' ERROR: 'charmap' codec can't encode characters in position 23-25: character maps to <undefined>
[213/3710] 'Walk_Africa' -> USED_BY [runway-jupiter] (772)
[214/3710] 'Drumeo' -> USED_BY [hdvg130m;hdvila100m;internvid;openvid1m;runway-jupiter;vidgen1m;yttemporal-180m] (3243)
[215/3710] 'TBS' -> USED_BY [hdvg130m;hdvila100m;internvid;openvid1m;runway-jupiter;vidgen1m;yttemporal-180m] (5759)
[216/3710] 'Mordern craft' -> USED_BY [runway-jupiter] (777)
[217/3710] 'CGMeetup' -> USED_BY [hdvg130m;hdvila100m;internvid;runway-jupiter;yttemporal-180m] (997)
[218/3710] 'Shintaro Higashi' -> USED_BY [hdvg130m;hdvila100m;internvid;runway-jupiter;yttemporal-180m] (922)
[219/3710] 'Cocomelon - Nursery Rhymes' -> USED_BY [hdvg130m;hdvila100m;internvid;runway-jupiter;vidgen1m;yttemporal-180m] (1101)
[220/3710] 'Travis Sickle' -> USED_BY [internvid;runway-jupiter] (763)
[221/3710] 'Go Go Go!' -> USED_BY [runway-jupiter] (875)
[222/3710] 'DUST' -> USED_BY [hdvg130m;hdvila100m;internvid;openvid1m;runway-jupiter;vidgen1m;yttemporal-180m] (1296)
[223/3710] 'The Try Guys' -> USED_BY [hdvg130m;hdvila100m;internvid;openvid1m;runway-jupiter;vidgen1m;yttemporal-180m] (2510)
[224/3710] 'DAZN Darts' -> USED_BY [runway-jupiter] (737)
[225/3710] 'REI' -> USED_BY [hdvg130m;hdvila100m;internvid;openvid1m;runway-jupiter;vidgen1m;yttemporal-180m] (2279)
[226/3710] 'fightTIPS' -> USED_BY [hdvg130m;hdvila100m;internvid;openvid1m;runway-jupiter;vidgen1m;yttemporal-180m] (2521)
[227/3710] 'TKOR' -> USED_BY [hdvg130m;hdvila100m;internvid;openvid1m;runway-jupiter;vidgen1m;yttemporal-180m] (6205)
[228/3710] 'Avatar: The Last Airbender' -> USED_BY [internvid;runway-jupiter] (853)
[229/3710] 'Chill & Relax with Visual Effects' -> USED_BY [runway-jupiter] (825)
[230/3710] 'DP World Tour' -> USED_BY [hdvg130m;hdvila100m;internvid;openvid1m;runway-jupiter;vidgen1m;yttemporal-180m] (4099)
[231/3710] 'Relaxing White Noise' -> USED_BY [runway-jupiter] (791)
[232/3710] 'FoodieBoy \ud478\ub514\ubcf4\uc774' ERROR: 'charmap' codec can't encode characters in position 22-25: character maps to <undefined>
[233/3710] 'Factnomenal' -> USED_BY [hdvg130m;hdvila100m;internvid;openvid1m;runway-jupiter;vidgen1m;yttemporal-180m] (1495)
[234/3710] 'CNET' -> USED_BY [hdvg130m;hdvila100m;internvid;openvid1m;runway-jupiter;vidgen1m;yttemporal-180m] (45021)
[235/3710] 'Survival Gear' -> USED_BY [internvid;runway-jupiter] (713)
[236/3710] "Truman's Hardwood Floor Refinishing & Cleaning" -> USED_BY [hdvg130m;hdvila100m;internvid;runway-jupiter;yttemporal-180m] (1965)
[237/3710] 'Little Big Shots' -> USED_BY [hdvg130m;hdvila100m;internvid;openvid1m;runway-jupiter;vidgen1m;yttemporal-180m] (876)
[238/3710] 'SBSKPOP X INKIGAYO' -> USED_BY [hdvila100m;internvid;runway-jupiter] (15576)
[239/3710] 'H1 Unlimited' -> USED_BY [internvid;runway-jupiter] (2728)
[240/3710] 'road.cc' -> USED_BY [hdvg130m;hdvila100m;internvid;runway-jupiter;yttemporal-180m] (915)
[241/3710] 'Giants Live STRONGMAN' -> USED_BY [internvid;runway-jupiter] (814)
[242/3710] 'ExpertVillage Leaf Group' -> USED_BY [hdvg130m;hdvila100m;internvid;openvid1m;runway-jupiter;vidgen1m;yttemporal-180m] (33648)
[243/3710] 'Skallagrim' -> USED_BY [hdvg130m;hdvila100m;internvid;openvid1m;runway-jupiter;vidgen1m;yttemporal-180m] (1489)
[244/3710] 'DJI' -> USED_BY [hdvg130m;hdvila100m;internvid;openvid1m;runway-jupiter;vidgen1m;yttemporal-180m] (2213)
[245/3710] 'Throneful' -> USED_BY [hdvg130m;hdvila100m;internvid;openvid1m;runway-jupiter;vidgen1m] (14405)
[246/3710] "Chandler's Wild Life" -> USED_BY [hdvg130m;hdvila100m;internvid;openvid1m;runway-jupiter;vidgen1m;yttemporal-180m] (1148)
[247/3710] 'Binge Society' -> USED_BY [internvid;runway-jupiter] (5661)
[248/3710] 'MyBackyardBirding' -> USED_BY [hdvg130m;hdvila100m;internvid;openvid1m;runway-jupiter;vidgen1m;yttemporal-180m] (2059)
[249/3710] 'ALTER' -> USED_BY [hdvg130m;hdvila100m;internvid;openvid1m;runway-jupiter;vidgen1m;yttemporal-180m] (898)
[250/3710] 'Triton Trojans' -> USED_BY [runway-jupiter] (1787)
[251/3710] 'The NYC Walking Show' -> USED_BY [runway-jupiter] (1118)
[252/3710] '\uc61b\ub4dc : MBC \uc61b\ub0a0 \ub4dc\ub77c\ub9c8' ERROR: 'charmap' codec can't encode characters in position 12-13: character maps to <undefined>
[253/3710] 'BBC' -> USED_BY [hdvg130m;hdvila100m;internvid;openvid1m;runway-jupiter;vidgen1m;yttemporal-180m] (20120)
[254/3710] 'Goodyear FIA European Truck Racing Championship' -> USED_BY [internvid;runway-jupiter] (765)
[255/3710] 'Still Watching Netflix' -> USED_BY [hdvg130m;hdvila100m;internvid;openvid1m;runway-jupiter;vidgen1m;yttemporal-180m] (6154)
[256/3710] 'Dope Gameplays' -> USED_BY [runway-jupiter] (790)
[257/3710] 'blogilates' -> USED_BY [hdvg130m;hdvila100m;internvid;openvid1m;runway-jupiter;vidgen1m;yttemporal-180m] (2170)
[258/3710] 'Rambalac' -> USED_BY [internvid;runway-jupiter] (1019)
[259/3710] 'Tips Official' -> USED_BY [hdvg130m;hdvila100m;internvid;runway-jupiter;vidgen1m;yttemporal-180m] (4475)
[260/3710] 'LMG Vids' -> USED_BY [hdvg130m;hdvila100m;internvid;runway-jupiter] (1189)
[261/3710] 'Riahs Tie Dye' -> USED_BY [internvid;runway-jupiter] (664)
[262/3710] 'BWF TV' -> USED_BY [hdvg130m;hdvila100m;internvid;openvid1m;runway-jupiter;vidgen1m;yttemporal-180m] (14360)
[263/3710] "Lorien's Toy Box" -> USED_BY [hdvg130m;hdvila100m;runway-jupiter;vidgen1m;yttemporal-180m] (1244)
[264/3710] 'tagesschau' -> USED_BY [internvid;runway-jupiter] (13662)
[265/3710] 'Rick Shiels Golf' -> USED_BY [hdvg130m;hdvila100m;internvid;openvid1m;runway-jupiter;vidgen1m;yttemporal-180m] (4625)
[266/3710] 'NASCAR' -> USED_BY [hdvg130m;hdvila100m;internvid;openvid1m;runway-jupiter;vidgen1m;yttemporal-180m] (26051)
[267/3710] 'DrexFactor Poi' -> USED_BY [hdvg130m;hdvila100m;internvid;runway-jupiter;yttemporal-180m] (1736)
[268/3710] 'Unsharpen' -> USED_BY [hdvg130m;hdvila100m;internvid;runway-jupiter;vidgen1m;yttemporal-180m] (826)
[269/3710] 'Dogumentary TV' -> USED_BY [hdvg130m;hdvila100m;internvid;openvid1m;runway-jupiter;vidgen1m;yttemporal-180m] (1109)
[270/3710] 'Animals Lovely' -> USED_BY [runway-jupiter] (656)
[271/3710] 'WildBrain Superheroes' -> USED_BY [internvid;runway-jupiter] (1916)
[272/3710] 'Washington Post' -> USED_BY [hdvg130m;hdvila100m;internvid;openvid1m;runway-jupiter;vidgen1m;yttemporal-180m] (21926)
[273/3710] '\ub51c\ub77c\uc774\ud2b8 Delight' ERROR: 'charmap' codec can't encode characters in position 12-15: character maps to <undefined>
[274/3710] 'Salomon TV' -> USED_BY [hdvg130m;hdvila100m;internvid;openvid1m;runway-jupiter;vidgen1m;yttemporal-180m] (1200)
[275/3710] 'USA Gymnastics' -> USED_BY [hdvg130m;hdvila100m;internvid;openvid1m;runway-jupiter;vidgen1m;yttemporal-180m] (16683)
[276/3710] 'Fashion Channel' -> USED_BY [hdvg130m;hdvila100m;internvid;openvid1m;runway-jupiter;vidgen1m;yttemporal-180m] (15358)
[277/3710] 'UFC' -> USED_BY [hdvg130m;hdvila100m;internvid;openvid1m;runway-jupiter;vidgen1m;yttemporal-180m] (20281)
[278/3710] 'Madman Films' -> USED_BY [hdvg130m;hdvila100m;internvid;runway-jupiter;yttemporal-180m] (1064)
[279/3710] 'Tony Jeffries' -> USED_BY [internvid;runway-jupiter] (709)
[280/3710] 'Jay Lee Painting' -> USED_BY [hdvila100m;internvid;runway-jupiter;yttemporal-180m] (714)
[281/3710] 'Woodworking Skill' -> USED_BY [internvid;runway-jupiter] (611)
[282/3710] '/\\/\\ MARCHINGSPORT' -> USED_BY [runway-jupiter] (1802)
[283/3710] 'Gallop TV' -> USED_BY [internvid;runway-jupiter] (13225)
[284/3710] 'BKXC' -> USED_BY [hdvg130m;hdvila100m;internvid;openvid1m;runway-jupiter;vidgen1m;yttemporal-180m] (1910)
[285/3710] 'FIA World Rallycross Championship' -> USED_BY [hdvg130m;hdvila100m;internvid;openvid1m;runway-jupiter;vidgen1m;yttemporal-180m] (1282)
[286/3710] 'Shifting Lanes' -> USED_BY [hdvg130m;hdvila100m;internvid;openvid1m;runway-jupiter;vidgen1m;yttemporal-180m] (1727)
[287/3710] "\u571f\u8c46\u306e\u65e5\u8a18Cat's diary" ERROR: 'charmap' codec can't encode characters in position 12-16: character maps to <undefined>
[288/3710] 'FF Channel' -> USED_BY [internvid;runway-jupiter] (9734)
[289/3710] 'Voice of Armwrestling' -> USED_BY [internvid;runway-jupiter] (1577)
[290/3710] 'The Royalty Family' -> USED_BY [hdvg130m;hdvila100m;internvid;openvid1m;runway-jupiter;vidgen1m;yttemporal-180m] (1221)
[291/3710] 'McLaren' -> USED_BY [hdvg130m;hdvila100m;internvid;openvid1m;runway-jupiter;vidgen1m;yttemporal-180m] (896)
[292/3710] 'Home RenoVision DIY' -> USED_BY [hdvg130m;hdvila100m;internvid;openvid1m;runway-jupiter;vidgen1m;yttemporal-180m] (1255)
[293/3710] 'Predatory Fins' -> USED_BY [hdvg130m;hdvila100m;internvid;openvid1m;runway-jupiter;vidgen1m;yttemporal-180m] (1055)
[294/3710] 'Strawberry Shortcake - WildBrain' -> USED_BY [hdvg130m;hdvila100m;openvid1m;runway-jupiter;vidgen1m;yttemporal-180m] (993)
[295/3710] 'Adam Celadin' -> USED_BY [hdvg130m;hdvila100m;internvid;openvid1m;runway-jupiter;yttemporal-180m] (1121)
[296/3710] 'History Latinoamérica' -> USED_BY [runway-jupiter] (12379)
[297/3710] 'Chicago Symphony Orchestra' -> USED_BY [internvid;runway-jupiter] (765)
[298/3710] 'The Smurfs • Official Channel!' -> USED_BY [runway-jupiter] (585)
[299/3710] 'OHEMAA' -> USED_BY [internvid;runway-jupiter] (623)
[300/3710] 'All Action' -> USED_BY [internvid;runway-jupiter] (551)
[301/3710] 'Masters of the Universe: He-Man & She-Ra' -> USED_BY [hdvg130m;hdvila100m;runway-jupiter;yttemporal-180m] (993)
[302/3710] 'BBC Studios' -> USED_BY [hdvg130m;hdvila100m;internvid;openvid1m;runway-jupiter;vidgen1m;yttemporal-180m] (5879)
[303/3710] 'World Table Tennis' -> USED_BY [hdvg130m;hdvila100m;internvid;runway-jupiter;yttemporal-180m] (12455)
[304/3710] 'Mind Pump TV' -> USED_BY [hdvg130m;hdvila100m;internvid;openvid1m;runway-jupiter;yttemporal-180m] (1021)
[305/3710] 'Veyilon Entertainment' -> USED_BY [internvid;runway-jupiter] (592)
[306/3710] 'The Educated Barfly' -> USED_BY [hdvg130m;hdvila100m;internvid;openvid1m;runway-jupiter;vidgen1m;yttemporal-180m] (1204)
[307/3710] 'Bethesda Softworks' -> USED_BY [internvid;runway-jupiter] (835)
[308/3710] 'The Grand Tour' -> USED_BY [hdvg130m;hdvila100m;internvid;openvid1m;runway-jupiter;vidgen1m;yttemporal-180m] (739)
[309/3710] 'Encrypted Duck' -> USED_BY [runway-jupiter] (520)
[310/3710] 'Martha Stewart' -> USED_BY [hdvg130m;hdvila100m;internvid;openvid1m;runway-jupiter;vidgen1m;yttemporal-180m] (4467)
[311/3710] 'Telemundo Deportes' -> USED_BY [hdvg130m;hdvila100m;internvid;openvid1m;runway-jupiter;vidgen1m;yttemporal-180m] (36584)
[312/3710] 'BuzzFeedVideo' -> USED_BY [hdvg130m;hdvila100m;internvid;openvid1m;runway-jupiter;vidgen1m;yttemporal-180m] (14794)
[313/3710] 'TheGodlyNoob' -> USED_BY [internvid;runway-jupiter] (539)
[314/3710] 'Eitan Bernath' -> USED_BY [hdvg130m;hdvila100m;internvid;openvid1m;runway-jupiter;vidgen1m;yttemporal-180m] (831)
[315/3710] 'TGG' -> USED_BY [internvid;runway-jupiter] (560)
[316/3710] 'NBC Sports' -> USED_BY [hdvg130m;hdvila100m;internvid;openvid1m;runway-jupiter;vidgen1m;yttemporal-180m] (15153)
[317/3710] 'Hydraulic Press Channel' -> USED_BY [hdvg130m;hdvila100m;internvid;runway-jupiter;vidgen1m;yttemporal-180m] (908)
[318/3710] 'Aviation International News' -> USED_BY [hdvg130m;hdvila100m;internvid;openvid1m;runway-jupiter;yttemporal-180m] (1025)
[319/3710] 'ONE Media +' -> USED_BY [hdvg130m;hdvila100m;internvid;runway-jupiter;vidgen1m] (9053)
[320/3710] 'Boho Beautiful Yoga' -> USED_BY [hdvg130m;hdvila100m;internvid;openvid1m;runway-jupiter;vidgen1m;yttemporal-180m] (989)
[321/3710] 'CCTV\u7eaa\u5f55' ERROR: 'charmap' codec can't encode characters in position 16-17: character maps to <undefined>
[322/3710] 'Iain Campbell' -> USED_BY [internvid;runway-jupiter] (501)
[323/3710] 'Reuters' -> USED_BY [internvid;runway-jupiter] (11208)
[324/3710] 'Harley-Davidson' -> USED_BY [hdvg130m;hdvila100m;internvid;openvid1m;runway-jupiter;yttemporal-180m] (1302)
[325/3710] 'ThatDudeCanCook' -> USED_BY [internvid;runway-jupiter] (526)
[326/3710] 'Concacaf' -> USED_BY [hdvg130m;hdvila100m;internvid;runway-jupiter;vidgen1m;yttemporal-180m] (12022)
[327/3710] 'The Bearded Butchers' -> USED_BY [hdvg130m;hdvila100m;internvid;runway-jupiter;vidgen1m;yttemporal-180m] (838)
[328/3710] 'Gavin Webber' -> USED_BY [hdvg130m;hdvila100m;openvid1m;runway-jupiter;vidgen1m;yttemporal-180m] (1026)
[329/3710] 'Something About Gorillas \u30b4\u30ea\u30e9\u3063\u3071TV' ERROR: 'charmap' codec can't encode characters in position 37-41: character maps to <undefined>
[330/3710] 'Paul Cuffaro' -> USED_BY [hdvg130m;hdvila100m;internvid;openvid1m;runway-jupiter;vidgen1m;yttemporal-180m] (2544)
[331/3710] 'Popcornflix' -> USED_BY [hdvg130m;hdvila100m;runway-jupiter;yttemporal-180m] (758)
[332/3710] 'Wavy Boats' -> USED_BY [internvid;runway-jupiter] (514)
[333/3710] 'OmarGoshTV' -> USED_BY [hdvg130m;hdvila100m;internvid;openvid1m;runway-jupiter;vidgen1m;yttemporal-180m] (1288)
[334/3710] 'League of Legends' -> USED_BY [hdvg130m;hdvila100m;internvid;runway-jupiter;vidgen1m;yttemporal-180m] (1339)
[335/3710] 'Enduro Life Media' -> USED_BY [internvid;runway-jupiter] (538)
[336/3710] 'Man Flow Yoga' -> USED_BY [internvid;runway-jupiter] (1000)
[337/3710] 'Adam Ragusea' -> USED_BY [hdvg130m;hdvila100m;internvid;openvid1m;runway-jupiter;vidgen1m;yttemporal-180m] (942)
[338/3710] 'Calligraphy Masters' -> USED_BY [hdvila100m;internvid;runway-jupiter;yttemporal-180m] (516)
[339/3710] 'Tedward' -> USED_BY [internvid;runway-jupiter] (731)
[340/3710] 'DaveHax' -> USED_BY [hdvg130m;hdvila100m;internvid;openvid1m;runway-jupiter;vidgen1m;yttemporal-180m] (1630)
[341/3710] 'Throdle' -> USED_BY [internvid;runway-jupiter] (669)
[342/3710] "Let's ask Shogo | Your Japanese friend in Kyoto" -> USED_BY [internvid;runway-jupiter] (591)
[343/3710] "MOLLY'S ARTISTRY" -> USED_BY [internvid;runway-jupiter] (581)
[344/3710] 'Hipyo Tech' -> USED_BY [internvid;runway-jupiter] (476)
[345/3710] 'FIL Luge' -> USED_BY [internvid;runway-jupiter] (480)
[346/3710] 'Clean My Space' -> USED_BY [hdvg130m;hdvila100m;internvid;openvid1m;runway-jupiter;vidgen1m;yttemporal-180m] (2549)
[347/3710] 'Monterey Bay Aquarium' -> USED_BY [hdvg130m;hdvila100m;internvid;openvid1m;runway-jupiter;vidgen1m;yttemporal-180m] (871)
[348/3710] 'Food & Travel with "Danny The Medic"' -> USED_BY [internvid;runway-jupiter] (470)
[349/3710] "Matt's Off Road Recovery" -> USED_BY [internvid;runway-jupiter] (600)
[350/3710] 'Team Liquid CS2 | Counter Strike' -> USED_BY [internvid;runway-jupiter] (718)
[351/3710] 'Australian Open TV' -> USED_BY [hdvg130m;hdvila100m;internvid;openvid1m;runway-jupiter;vidgen1m;yttemporal-180m] (13621)
[352/3710] 'KinoCheck Sci-Fi' -> USED_BY [runway-jupiter] (456)
[353/3710] 'The Relaxed Walker' -> USED_BY [runway-jupiter] (456)
[354/3710] 'Neeves Knives' -> USED_BY [internvid;runway-jupiter] (2108)
[355/3710] 'Intuitive Tennis' -> USED_BY [internvid;runway-jupiter] (517)
[356/3710] 'Mr SunY' -> USED_BY [internvid;runway-jupiter] (698)
[357/3710] '\u273f Kids Diana Show' ERROR: 'charmap' codec can't encode character '\u273f' in position 12: character maps to <undefined>
[358/3710] 'ChessBase India' -> USED_BY [internvid;runway-jupiter] (9525)
[359/3710] 'KeefCooks' -> USED_BY [hdvg130m;hdvila100m;openvid1m;runway-jupiter;vidgen1m;yttemporal-180m] (1444)
[360/3710] 'BabyCenter' -> USED_BY [hdvila100m;internvid;openvid1m;runway-jupiter;vidgen1m;yttemporal-180m] (542)
[361/3710] 'ChuChu TV Nursery Rhymes & Kids Songs' -> USED_BY [hdvg130m;hdvila100m;internvid;runway-jupiter;vidgen1m;yttemporal-180m] (674)
[362/3710] 'megsquats' -> USED_BY [hdvg130m;hdvila100m;internvid;openvid1m;runway-jupiter;vidgen1m;yttemporal-180m] (1314)
[363/3710] 'Itchy Boots' -> USED_BY [internvid;runway-jupiter] (493)
[364/3710] 'Super Simple Songs - Kids Songs' -> USED_BY [hdvg130m;hdvila100m;internvid;openvid1m;runway-jupiter;vidgen1m;yttemporal-180m] (1212)
[365/3710] 'Alpha TV Greece' -> USED_BY [runway-jupiter] (8760)
[366/3710] 'Seoul Walker' -> USED_BY [runway-jupiter] (669)
[367/3710] 'Mai Pham' -> USED_BY [internvid;runway-jupiter] (571)
[368/3710] '2 Guys & A Cooler' -> USED_BY [hdvg130m;hdvila100m;internvid;runway-jupiter;vidgen1m;yttemporal-180m] (545)
[369/3710] 'cricket.com.au' -> USED_BY [hdvg130m;hdvila100m;internvid;openvid1m;runway-jupiter;vidgen1m;yttemporal-180m] (13877)
[370/3710] 'TheCGBros' -> USED_BY [hdvg130m;hdvila100m;internvid;openvid1m;runway-jupiter;vidgen1m;yttemporal-180m] (5306)
[371/3710] 'Netflix Jr.' -> USED_BY [hdvg130m;hdvila100m;internvid;openvid1m;runway-jupiter;vidgen1m;yttemporal-180m] (1992)
[372/3710] 'MOUNTAIN TREKKER' -> USED_BY [hdvg130m;hdvila100m;internvid;openvid1m;runway-jupiter;vidgen1m;yttemporal-180m] (1204)
[373/3710] 'Red Bull' -> USED_BY [hdvg130m;hdvila100m;internvid;openvid1m;runway-jupiter;vidgen1m;yttemporal-180m] (11055)
[374/3710] 'The Fun Squad' -> USED_BY [hdvg130m;hdvila100m;internvid;openvid1m;runway-jupiter;vidgen1m;yttemporal-180m] (847)
[375/3710] 'Sailing La Vagabonde' -> USED_BY [hdvg130m;hdvila100m;internvid;openvid1m;runway-jupiter;vidgen1m;yttemporal-180m] (1201)
[376/3710] 'AlmazanKitchen' -> USED_BY [internvid;runway-jupiter] (513)
[377/3710] 'Autocar' -> USED_BY [hdvg130m;hdvila100m;internvid;openvid1m;runway-jupiter;vidgen1m;yttemporal-180m] (4434)
[378/3710] 'China Chilli' -> USED_BY [internvid;runway-jupiter] (425)
[379/3710] 'Mike The Scavenger' -> USED_BY [internvid;runway-jupiter;yttemporal-180m] (737)
[380/3710] 'Study Buddhism' -> USED_BY [internvid;runway-jupiter] (429)
[381/3710] 'KBS Drama Classic' -> USED_BY [internvid;runway-jupiter] (8557)
[382/3710] 'ARMWRESTLING TV' -> USED_BY [internvid;runway-jupiter] (456)
[383/3710] 'Stefan Drury' -> USED_BY [hdvila100m;internvid;openvid1m;runway-jupiter;yttemporal-180m] (454)
[384/3710] 'Myntra' -> USED_BY [hdvg130m;hdvila100m;internvid;runway-jupiter] (5211)
[385/3710] 'stu crompton' -> USED_BY [hdvg130m;hdvila100m;internvid;openvid1m;runway-jupiter;vidgen1m;yttemporal-180m] (722)
[386/3710] 'Zoos Victoria' -> USED_BY [hdvg130m;hdvila100m;openvid1m;runway-jupiter] (684)
[387/3710] 'Vox' -> USED_BY [hdvg130m;hdvila100m;internvid;openvid1m;runway-jupiter;vidgen1m;yttemporal-180m] (2165)
[388/3710] 'Ryan Williams' -> USED_BY [hdvg130m;hdvila100m;internvid;openvid1m;runway-jupiter;vidgen1m;yttemporal-180m] (1141)
[389/3710] 'DRIVETRIBE' -> USED_BY [hdvg130m;hdvila100m;internvid;openvid1m;runway-jupiter;vidgen1m;yttemporal-180m] (1553)
[390/3710] 'Garage Gym Reviews' -> USED_BY [hdvila100m;internvid;openvid1m;runway-jupiter;yttemporal-180m] (460)
[391/3710] 'Paolo fromTOKYO' -> USED_BY [hdvg130m;hdvila100m;internvid;openvid1m;runway-jupiter;vidgen1m;yttemporal-180m] (2021)
[392/3710] 'Natashas Kitchen' -> USED_BY [hdvg130m;hdvila100m;internvid;openvid1m;runway-jupiter;vidgen1m;yttemporal-180m] (1071)
[393/3710] 'The Lion Whisperer' -> USED_BY [hdvg130m;hdvila100m;internvid;openvid1m;runway-jupiter;vidgen1m;yttemporal-180m] (1517)
[394/3710] 'ART NYC' -> USED_BY [runway-jupiter] (423)
[395/3710] 'Yeung Man Cooking' -> USED_BY [hdvg130m;hdvila100m;internvid;openvid1m;runway-jupiter;vidgen1m;yttemporal-180m] (564)
[396/3710] 'Shaun the Sheep Official' -> USED_BY [hdvila100m;internvid;runway-jupiter;vidgen1m] (724)
[397/3710] 'Williams Sonoma' -> USED_BY [hdvg130m;hdvila100m;internvid;openvid1m;runway-jupiter;vidgen1m;yttemporal-180m] (2450)
[398/3710] 'Skech Art' -> USED_BY [hdvg130m;hdvila100m;internvid;openvid1m;runway-jupiter;vidgen1m;yttemporal-180m] (699)
[399/3710] 'English Heritage' -> USED_BY [hdvg130m;hdvila100m;internvid;openvid1m;runway-jupiter;vidgen1m;yttemporal-180m] (1197)
[400/3710] 'Watched Walker' -> USED_BY [internvid;runway-jupiter;yttemporal-180m] (760)
[401/3710] 'Beach Volleyball World' -> USED_BY [hdvg130m;hdvila100m;internvid;runway-jupiter;yttemporal-180m] (2380)
[402/3710] 'Audiotree' -> USED_BY [internvid;runway-jupiter] (8389)
[403/3710] '4K Urban Life' -> USED_BY [internvid;runway-jupiter] (397)
[404/3710] 'JackJackPlays' -> USED_BY [hdvg130m;hdvila100m;internvid;openvid1m;runway-jupiter;vidgen1m;yttemporal-180m] (1316)
[405/3710] 'dodgerfilms' -> USED_BY [hdvg130m;hdvila100m;internvid;openvid1m;runway-jupiter;vidgen1m;yttemporal-180m] (6125)
[406/3710] 'Letupita' -> USED_BY [internvid;runway-jupiter] (395)
[407/3710] 'Short of the Week' -> USED_BY [internvid;runway-jupiter] (423)
[408/3710] "it's HIS turf" -> USED_BY [hdvg130m;hdvila100m;internvid;runway-jupiter;vidgen1m;yttemporal-180m] (439)
[409/3710] 'National Geographic' -> USED_BY [hdvg130m;hdvila100m;internvid;openvid1m;runway-jupiter;vidgen1m;yttemporal-180m] (19278)
[410/3710] 'Lifetime' -> USED_BY [hdvg130m;hdvila100m;internvid;openvid1m;runway-jupiter;vidgen1m;yttemporal-180m] (8663)
[411/3710] 'ACG' -> USED_BY [hdvg130m;hdvila100m;internvid;runway-jupiter;vidgen1m] (1149)
[412/3710] 'Guilty of Treeson' -> USED_BY [internvid;runway-jupiter] (398)
[413/3710] '\ud480\uc2a4\uc719' ERROR: 'charmap' codec can't encode characters in position 12-14: character maps to <undefined>
[414/3710] 'DrDIYhax' -> USED_BY [runway-jupiter] (390)
[415/3710] 'FoodyTrip \ud478\ub514\ud2b8\ub9bd' ERROR: 'charmap' codec can't encode characters in position 22-25: character maps to <undefined>
[416/3710] 'Cheer Extreme' -> USED_BY [hdvg130m;hdvila100m;internvid;runway-jupiter] (1267)
[417/3710] 'Mastar' -> USED_BY [hdvila100m;internvid;openvid1m;runway-jupiter;yttemporal-180m] (649)
[418/3710] 'Puuung \ud37c\uc5c9' ERROR: 'charmap' codec can't encode characters in position 19-20: character maps to <undefined>
[419/3710] 'AWA Wiffle Ball' -> USED_BY [internvid;runway-jupiter] (755)
[420/3710] 'SLICE' -> USED_BY [hdvg130m;hdvila100m;internvid;runway-jupiter;vidgen1m;yttemporal-180m] (634)
[421/3710] 'ojatro' -> USED_BY [hdvg130m;hdvila100m;internvid;runway-jupiter;vidgen1m;yttemporal-180m] (1159)
[422/3710] 'Ships You Should Know' -> USED_BY [runway-jupiter] (594)
[423/3710] '\u8292\u679cTV\u97f3\u4e50 MangoTV Music' ERROR: 'charmap' codec can't encode characters in position 12-13: character maps to <undefined>
[424/3710] 'The Indian Ambience' -> USED_BY [runway-jupiter] (404)
[425/3710] 'FitnessFAQs' -> USED_BY [internvid;runway-jupiter] (669)
[426/3710] 'ONE Championship' -> USED_BY [internvid;runway-jupiter;yttemporal-180m] (8681)
[427/3710] "Jun's World" -> USED_BY [internvid;runway-jupiter] (409)
[428/3710] 'Nature Soundscapes' -> USED_BY [runway-jupiter] (394)
[429/3710] 'ATHLEAN-X™' -> USED_BY [hdvg130m;hdvila100m;internvid;runway-jupiter;vidgen1m;yttemporal-180m] (1668)
[430/3710] 'NoAnnoyingCommentary' -> USED_BY [runway-jupiter] (752)
[431/3710] 'Machinery Nation' -> USED_BY [internvid;runway-jupiter] (391)
[432/3710] 'The Rose Geek' -> USED_BY [internvid;runway-jupiter] (374)
[433/3710] 'Bonsai Empire' -> USED_BY [hdvg130m;hdvila100m;internvid;openvid1m;runway-jupiter;yttemporal-180m] (510)
[434/3710] 'Come Play With Me' -> USED_BY [hdvg130m;hdvila100m;internvid;openvid1m;runway-jupiter;vidgen1m;yttemporal-180m] (1308)
[435/3710] 'BattleBots' -> USED_BY [hdvila100m;internvid;runway-jupiter] (418)
[436/3710] 'Doro Cubillo' -> USED_BY [hdvila100m;internvid;runway-jupiter;yttemporal-180m] (405)
[437/3710] 'NAB Show' -> USED_BY [internvid;runway-jupiter] (810)
[438/3710] 'Tone and Tighten' -> USED_BY [hdvg130m;hdvila100m;internvid;openvid1m;runway-jupiter;vidgen1m;yttemporal-180m] (822)
[439/3710] 'Guga Foods' -> USED_BY [hdvg130m;hdvila100m;internvid;openvid1m;runway-jupiter;vidgen1m;yttemporal-180m] (740)
[440/3710] 'Clifton Chilli Club' -> USED_BY [hdvg130m;hdvila100m;internvid;openvid1m;runway-jupiter;vidgen1m;yttemporal-180m] (792)
[441/3710] 'AmysCrypt' -> USED_BY [runway-jupiter] (375)
[442/3710] 'DOVADO' -> USED_BY [hdvg130m;hdvila100m;runway-jupiter;vidgen1m] (787)
[443/3710] 'TEQ TV' -> USED_BY [internvid;runway-jupiter] (739)
[444/3710] 'IKAMODA' -> USED_BY [internvid;runway-jupiter] (363)
[445/3710] 'Flight Athletic Academy' -> USED_BY [internvid;runway-jupiter] (694)
[446/3710] 'The New York Times' -> USED_BY [hdvg130m;hdvila100m;internvid;openvid1m;runway-jupiter;vidgen1m;yttemporal-180m] (11590)
[447/3710] 'Tennis TV' -> USED_BY [hdvg130m;hdvila100m;internvid;runway-jupiter;vidgen1m;yttemporal-180m] (8271)
[448/3710] 'Real Ale Craft Beer' -> USED_BY [hdvg130m;hdvila100m;internvid;openvid1m;runway-jupiter;yttemporal-180m] (7641)
[449/3710] 'Natalie and Tara' -> USED_BY [hdvila100m;internvid;openvid1m;runway-jupiter;yttemporal-180m] (432)
[450/3710] 'Dumpster diving momma of 2' -> USED_BY [internvid;runway-jupiter] (613)
[451/3710] 'Boiler Room' -> USED_BY [hdvila100m;internvid;openvid1m;runway-jupiter;vidgen1m;yttemporal-180m] (7196)
[452/3710] 'HBO' -> USED_BY [hdvg130m;hdvila100m;internvid;openvid1m;runway-jupiter;vidgen1m;yttemporal-180m] (11920)
[453/3710] 'GameRiot' -> USED_BY [hdvg130m;hdvila100m;internvid;openvid1m;runway-jupiter;vidgen1m;yttemporal-180m] (7328)
[454/3710] 'All process of world' -> USED_BY [internvid;runway-jupiter] (445)
[455/3710] 'Sauce Stache' -> USED_BY [hdvg130m;hdvila100m;internvid;openvid1m;runway-jupiter;vidgen1m;yttemporal-180m] (687)
[456/3710] 'Stern Pinball' -> USED_BY [hdvila100m;internvid;runway-jupiter;vidgen1m] (450)
[457/3710] 'Olympics Figure Skating' -> USED_BY [internvid;runway-jupiter] (389)
[458/3710] 'Deep Marine Scenes' -> USED_BY [internvid;runway-jupiter;yttemporal-180m] (474)
[459/3710] 'TEDx Talks' -> USED_BY [hdvg130m;hdvila100m;internvid;openvid1m;runway-jupiter;vidgen1m;yttemporal-180m] (147142)
[460/3710] 'Polenar Tactical' -> USED_BY [hdvg130m;hdvila100m;internvid;openvid1m;runway-jupiter;vidgen1m;yttemporal-180m] (663)
[461/3710] 'YouGoProBaseball' -> USED_BY [hdvg130m;hdvila100m;internvid;runway-jupiter;yttemporal-180m] (1244)
[462/3710] 'TD BRICKS' -> USED_BY [hdvg130m;hdvila100m;internvid;runway-jupiter;yttemporal-180m] (496)
[463/3710] 'Asia Jackson' -> USED_BY [hdvg130m;hdvila100m;internvid;openvid1m;runway-jupiter;vidgen1m;yttemporal-180m] (395)
[464/3710] 'AMC Theatres' -> USED_BY [hdvg130m;hdvila100m;internvid;openvid1m;runway-jupiter;vidgen1m;yttemporal-180m] (16450)
[465/3710] 'Totally TV' -> USED_BY [hdvg130m;hdvila100m;internvid;openvid1m;runway-jupiter;vidgen1m;yttemporal-180m] (2004)
[466/3710] 'Marvel Entertainment' -> USED_BY [hdvg130m;hdvila100m;internvid;openvid1m;runway-jupiter;vidgen1m;yttemporal-180m] (12554)
[467/3710] 'Tom Leeman' -> USED_BY [hdvg130m;hdvila100m;internvid;runway-jupiter;vidgen1m;yttemporal-180m] (8667)
[468/3710] 'YT Object' -> USED_BY [internvid;runway-jupiter] (341)
[469/3710] 'FOX Soccer' -> USED_BY [hdvg130m;hdvila100m;internvid;runway-jupiter;vidgen1m;yttemporal-180m] (11616)
[470/3710] 'J.Harvey Stonework' -> USED_BY [runway-jupiter] (364)
[471/3710] 'Red Bull Rally' -> USED_BY [hdvg130m;hdvila100m;internvid;openvid1m;runway-jupiter;vidgen1m;yttemporal-180m] (849)
[472/3710] 'Mind Travels' -> USED_BY [runway-jupiter] (552)
[473/3710] 'Innovative Techs' -> USED_BY [hdvg130m;hdvila100m;internvid;openvid1m;runway-jupiter;vidgen1m] (746)
[474/3710] 'Motorcycle.com' -> USED_BY [hdvg130m;hdvila100m;internvid;openvid1m;runway-jupiter;vidgen1m;yttemporal-180m] (2978)
[475/3710] 'John Z Wetmore' -> USED_BY [internvid;runway-jupiter] (676)
[476/3710] 'CJ Pony Parts' -> USED_BY [hdvg130m;hdvila100m;internvid;openvid1m;runway-jupiter;vidgen1m;yttemporal-180m] (5768)
[477/3710] 'My Self Reliance' -> USED_BY [hdvg130m;hdvila100m;internvid;openvid1m;runway-jupiter;vidgen1m;yttemporal-180m] (984)
[478/3710] 'Manish Malhotra' -> USED_BY [internvid;runway-jupiter] (351)
[479/3710] 'Cooking with Dog' -> USED_BY [hdvg130m;hdvila100m;internvid;openvid1m;runway-jupiter;vidgen1m;yttemporal-180m] (1293)
[480/3710] 'Berm Peak' -> USED_BY [hdvg130m;hdvila100m;internvid;openvid1m;runway-jupiter;vidgen1m;yttemporal-180m] (1590)
[481/3710] 'Nick’s Seasonal Décor' -> USED_BY [runway-jupiter;yttemporal-180m] (355)
[482/3710] 'Tosa Bebe Pet' -> USED_BY [internvid;runway-jupiter] (383)
[483/3710] 'Raptor' -> USED_BY [hdvg130m;hdvila100m;internvid;runway-jupiter;vidgen1m;yttemporal-180m] (7056)
[484/3710] 'CoasterFan2105' -> USED_BY [hdvg130m;hdvila100m;internvid;openvid1m;runway-jupiter;vidgen1m;yttemporal-180m] (945)
[485/3710] 'HISTORY' -> USED_BY [hdvg130m;hdvila100m;internvid;openvid1m;runway-jupiter;vidgen1m;yttemporal-180m] (8242)
[486/3710] 'European Southern Observatory (ESO)' -> USED_BY [hdvg130m;hdvila100m;internvid;openvid1m;runway-jupiter;vidgen1m] (912)
[487/3710] 'WhatCulture' -> USED_BY [hdvg130m;hdvila100m;internvid;openvid1m;runway-jupiter;vidgen1m;yttemporal-180m] (7066)
[488/3710] 'Flying The Nest' -> USED_BY [hdvg130m;hdvila100m;internvid;openvid1m;runway-jupiter;vidgen1m;yttemporal-180m] (3643)
[489/3710] 'Aikido Shinburenseijuku - \u5408\u6c17\u9053\u795e\u6b66\u932c\u6210\u587e' ERROR: 'charmap' codec can't encode characters in position 38-45: character maps to <undefined>
[490/3710] 'CCTV\u6625\u665a' ERROR: 'charmap' codec can't encode characters in position 16-17: character maps to <undefined>
[491/3710] 'Dr. Grace Lee' -> USED_BY [internvid;runway-jupiter] (344)
[492/3710] 'How Ridiculous' -> USED_BY [hdvg130m;hdvila100m;internvid;openvid1m;runway-jupiter;vidgen1m;yttemporal-180m] (1112)
[493/3710] "Iqra's happy life" -> USED_BY [runway-jupiter] (335)
[494/3710] '\u611f\u52d5\u732b\u52d5\u753b' ERROR: 'charmap' codec can't encode characters in position 12-16: character maps to <undefined>
[495/3710] 'Crushing Experiments' -> USED_BY [runway-jupiter] (318)
[496/3710] 'THENX' -> USED_BY [hdvg130m;hdvila100m;internvid;openvid1m;runway-jupiter;vidgen1m;yttemporal-180m] (997)
[497/3710] 'The Tonight Show Starring Jimmy Fallon' -> USED_BY [hdvg130m;hdvila100m;internvid;openvid1m;runway-jupiter;vidgen1m;yttemporal-180m] (21188)
[498/3710] 'Fast & Easy Recipes' -> USED_BY [internvid;runway-jupiter] (320)
[499/3710] 'HowToBBQRight' -> USED_BY [hdvg130m;hdvila100m;internvid;openvid1m;runway-jupiter;vidgen1m;yttemporal-180m] (1728)
[500/3710] 'TICK Entertainment NXT' -> USED_BY [runway-jupiter] (357)
[501/3710] 'VideoFromSpace' -> USED_BY [hdvg130m;hdvila100m;internvid;openvid1m;runway-jupiter;vidgen1m;yttemporal-180m] (7184)
[502/3710] 'Jesse Enkamp' -> USED_BY [hdvg130m;hdvila100m;internvid;openvid1m;runway-jupiter;vidgen1m;yttemporal-180m] (979)
[503/3710] 'Pathways' -> USED_BY [hdvg130m;hdvila100m;internvid;runway-jupiter;yttemporal-180m] (408)
[504/3710] 'Volvo Trucks' -> USED_BY [hdvg130m;hdvila100m;internvid;openvid1m;runway-jupiter;vidgen1m;yttemporal-180m] (911)
[505/3710] 'Rinske Douna' -> USED_BY [hdvg130m;hdvila100m;internvid;runway-jupiter;vidgen1m;yttemporal-180m] (558)
[506/3710] 'Chiropractic Medicine' -> USED_BY [runway-jupiter] (323)
[507/3710] 'Slugterra - WildBrain' -> USED_BY [runway-jupiter] (692)
[508/3710] "Skills N' Talents (swimming)" -> USED_BY [hdvg130m;hdvila100m;internvid;runway-jupiter;vidgen1m;yttemporal-180m] (791)
[509/3710] 'Nicktoons' -> USED_BY [hdvg130m;hdvila100m;internvid;runway-jupiter;vidgen1m;yttemporal-180m] (1532)
[510/3710] 'The North Face' -> USED_BY [hdvg130m;hdvila100m;internvid;openvid1m;runway-jupiter;vidgen1m;yttemporal-180m] (437)
[511/3710] 'Travel Tips by Laurie' -> USED_BY [hdvg130m;hdvila100m;internvid;openvid1m;runway-jupiter;vidgen1m;yttemporal-180m] (429)
[512/3710] 'PBR' -> USED_BY [hdvg130m;hdvila100m;internvid;runway-jupiter;vidgen1m;yttemporal-180m] (12091)
[513/3710] 'AmusementForce' -> USED_BY [hdvg130m;hdvila100m;internvid;runway-jupiter;yttemporal-180m] (5998)
[514/3710] 'European Coffee Trip' -> USED_BY [hdvg130m;hdvila100m;internvid;openvid1m;runway-jupiter;vidgen1m;yttemporal-180m] (443)
[515/3710] 'JustGameplay_YT' -> USED_BY [internvid;runway-jupiter] (2031)
[516/3710] 'Andrew Masters' -> USED_BY [internvid;runway-jupiter] (304)
[517/3710] 'Street Soccer International' -> USED_BY [hdvila100m;internvid;runway-jupiter] (615)
[518/3710] 'Pyrography Made Easy' -> USED_BY [internvid;runway-jupiter] (350)
[519/3710] 'WILDERNESS COOKING' -> USED_BY [internvid;runway-jupiter] (324)
[520/3710] 'Andrew Camarata' -> USED_BY [hdvg130m;hdvila100m;internvid;openvid1m;runway-jupiter;vidgen1m;yttemporal-180m] (570)
[521/3710] 'Nobadaddiction' -> USED_BY [internvid;runway-jupiter] (364)
[522/3710] 'MotoGP' -> USED_BY [internvid;runway-jupiter;yttemporal-180m] (7205)
[523/3710] 'Josh Cahill' -> USED_BY [hdvg130m;hdvila100m;internvid;openvid1m;runway-jupiter;vidgen1m;yttemporal-180m] (929)
[524/3710] 'MrBeast' -> USED_BY [hdvg130m;hdvila100m;internvid;openvid1m;runway-jupiter;vidgen1m;yttemporal-180m] (1434)
[525/3710] 'GTA Series Videos' -> USED_BY [hdvg130m;hdvila100m;internvid;openvid1m;runway-jupiter;vidgen1m] (5104)
[526/3710] 'FORMULA 1' -> USED_BY [internvid;runway-jupiter;yttemporal-180m] (5896)
[527/3710] 'NautiStyles' -> USED_BY [internvid;runway-jupiter] (293)
[528/3710] 'Mason The Mason' -> USED_BY [internvid;runway-jupiter] (315)
[529/3710] 'California Through My Lens' -> USED_BY [hdvila100m;internvid;openvid1m;runway-jupiter;yttemporal-180m] (372)
[530/3710] 'Abdul Malik Fareed' -> USED_BY [internvid;runway-jupiter] (465)
[531/3710] 'Cut' -> USED_BY [hdvg130m;hdvila100m;internvid;openvid1m;runway-jupiter;vidgen1m;yttemporal-180m] (3738)
[532/3710] 'CrossFit Mayhem' -> USED_BY [hdvg130m;hdvila100m;internvid;runway-jupiter] (1011)
[533/3710] 'eHowFitness' -> USED_BY [hdvg130m;hdvila100m;internvid;openvid1m;runway-jupiter;vidgen1m;yttemporal-180m] (14933)
[534/3710] 'Exploring Alternatives' -> USED_BY [hdvg130m;hdvila100m;internvid;openvid1m;runway-jupiter;vidgen1m;yttemporal-180m] (1037)
[535/3710] 'Real Wild' -> USED_BY [hdvg130m;hdvila100m;internvid;openvid1m;runway-jupiter;vidgen1m;yttemporal-180m] (2202)
[536/3710] "Joe's Classic Video Games" -> USED_BY [hdvg130m;hdvila100m;internvid;runway-jupiter;vidgen1m;yttemporal-180m] (963)
[537/3710] 'Sarah Jeffery / Team Recorder' -> USED_BY [hdvg130m;hdvila100m;internvid;runway-jupiter;vidgen1m;yttemporal-180m] (591)
[538/3710] 'Jungle Survival' -> USED_BY [internvid;runway-jupiter] (301)
[539/3710] 'BlueWorldTV' -> USED_BY [hdvg130m;hdvila100m;internvid;openvid1m;runway-jupiter;vidgen1m;yttemporal-180m] (1204)
[540/3710] 'SBS \uc61b\ub0a0 \ub4dc\ub77c\ub9c8 - \ube7d\ub4dc' ERROR: 'charmap' codec can't encode characters in position 16-17: character maps to <undefined>
[541/3710] 'Gojzer' -> USED_BY [hdvg130m;hdvila100m;internvid;runway-jupiter;vidgen1m] (440)
[542/3710] 'Dashcam Roadshow' -> USED_BY [runway-jupiter] (295)
[543/3710] 'Mix with the Masters' -> USED_BY [internvid;runway-jupiter] (363)
[544/3710] '4WD 24-7' -> USED_BY [hdvg130m;hdvila100m;internvid;runway-jupiter;vidgen1m;yttemporal-180m] (544)
[545/3710] 'Kaelyn Grace Apple' -> USED_BY [internvid;runway-jupiter] (375)
[546/3710] 'Dale Stone' -> USED_BY [internvid;runway-jupiter] (282)
[547/3710] 'WALKS and the CITY' -> USED_BY [runway-jupiter] (275)
[548/3710] 'Saturday Night Live' -> USED_BY [hdvg130m;hdvila100m;internvid;openvid1m;runway-jupiter;vidgen1m;yttemporal-180m] (7494)
[549/3710] 'MrAJWorks' -> USED_BY [internvid;runway-jupiter] (314)
[550/3710] 'GameEdged' -> USED_BY [runway-jupiter] (5928)
[551/3710] 'Grant The Knight' -> USED_BY [runway-jupiter] (274)
[552/3710] 'Janit Hewag' -> USED_BY [runway-jupiter] (277)
[553/3710] 'NBCU Academy' -> USED_BY [runway-jupiter] (280)
[554/3710] 'Johnny Test - WildBrain' -> USED_BY [runway-jupiter] (398)
[555/3710] 'The Relaxing Town' -> USED_BY [runway-jupiter] (269)
[556/3710] 'Rashida Hussain' -> USED_BY [internvid;runway-jupiter] (554)
[557/3710] 'Hallmark' -> USED_BY [hdvg130m;hdvila100m;internvid;openvid1m;runway-jupiter;yttemporal-180m] (1142)
[558/3710] 'Amazing Shots' -> USED_BY [runway-jupiter] (266)
[559/3710] 'Cannondale Bicycles' -> USED_BY [hdvg130m;hdvila100m;runway-jupiter] (594)
[560/3710] 'Visit Dubai' -> USED_BY [hdvg130m;hdvila100m;internvid;openvid1m;runway-jupiter;vidgen1m;yttemporal-180m] (687)
[561/3710] 'Hessischer Rundfunk' -> USED_BY [internvid;runway-jupiter;yttemporal-180m] (5929)
[562/3710] 'Oahu Surf Films' -> USED_BY [internvid;runway-jupiter] (275)
[563/3710] 'Family Flicks' -> USED_BY [internvid;runway-jupiter] (264)
[564/3710] 'The Local Project' -> USED_BY [internvid;runway-jupiter] (346)
[565/3710] 'Mainely Flies' -> USED_BY [internvid;runway-jupiter] (298)
[566/3710] 'FOBOS PLANET' -> USED_BY [runway-jupiter] (260)
[567/3710] 'Airsoft CamMan' -> USED_BY [hdvg130m;hdvila100m;internvid;runway-jupiter;vidgen1m;yttemporal-180m] (340)
[568/3710] 'Roma Fedorov' -> USED_BY [runway-jupiter] (260)
[569/3710] 'DuckTravel\u8d70\u9d28\u65c5\u884c' ERROR: 'charmap' codec can't encode characters in position 22-25: character maps to <undefined>
[570/3710] 'Astrum' -> USED_BY [internvid;runway-jupiter] (298)
[571/3710] 'belmontvision' -> USED_BY [internvid;runway-jupiter] (621)
[572/3710] 'theRadBrad' -> USED_BY [hdvg130m;hdvila100m;internvid;runway-jupiter] (6526)
[573/3710] 'Barker' -> USED_BY [hdvg130m;hdvila100m;internvid;openvid1m;runway-jupiter;vidgen1m;yttemporal-180m] (354)
[574/3710] 'TheRussianGenius' -> USED_BY [internvid;runway-jupiter;yttemporal-180m] (400)
[575/3710] 'Noal Farm' -> USED_BY [internvid;runway-jupiter] (423)
[576/3710] 'Venus Movies' -> USED_BY [internvid;runway-jupiter] (1544)
[577/3710] 'WOLFPACK ADVENTURES' -> USED_BY [internvid;runway-jupiter] (327)
[578/3710] 'Nightmare PB' -> USED_BY [hdvg130m;hdvila100m;internvid;openvid1m;runway-jupiter;vidgen1m;yttemporal-180m] (576)
[579/3710] "Gentleman's Gazette" -> USED_BY [hdvg130m;hdvila100m;internvid;openvid1m;runway-jupiter;vidgen1m;yttemporal-180m] (1516)
[580/3710] 'Maths Town' -> USED_BY [runway-jupiter] (260)
[581/3710] 'Adult Swim' -> USED_BY [hdvg130m;hdvila100m;internvid;openvid1m;runway-jupiter;vidgen1m;yttemporal-180m] (8066)
[582/3710] 'Horse Network' -> USED_BY [internvid;runway-jupiter] (5240)
[583/3710] 'World Athletics' -> USED_BY [hdvg130m;hdvila100m;internvid;openvid1m;runway-jupiter;vidgen1m;yttemporal-180m] (7482)
[584/3710] 'Don Joewon Song' -> USED_BY [internvid;openvid1m;runway-jupiter] (479)
[585/3710] 'Pawsitive Vybe' -> USED_BY [hdvila100m;internvid;runway-jupiter] (1028)
[586/3710] "Gamer's Little Playground" -> USED_BY [hdvg130m;hdvila100m;internvid;openvid1m;runway-jupiter;vidgen1m] (4302)
[587/3710] 'Cartoon Network UK' -> USED_BY [internvid;runway-jupiter] (3878)
[588/3710] 'WildBrain Max' -> USED_BY [internvid;runway-jupiter] (398)
[589/3710] 'Peter Santenello' -> USED_BY [internvid;runway-jupiter] (261)
[590/3710] 'Airliners & Ships Channel' -> USED_BY [runway-jupiter] (251)
[591/3710] 'Insider' -> USED_BY [hdvg130m;hdvila100m;internvid;openvid1m;runway-jupiter;vidgen1m;yttemporal-180m] (8643)
[592/3710] 'Fashion and Style Edit' -> USED_BY [internvid;runway-jupiter] (359)
[593/3710] 'mr taster' -> USED_BY [runway-jupiter] (614)
[594/3710] 'Eddie van der Meer' -> USED_BY [internvid;runway-jupiter] (344)
[595/3710] 'JerseyGroovyFilms' -> USED_BY [internvid;runway-jupiter] (326)
[596/3710] 'Artisti Coffee Roasters.' -> USED_BY [hdvg130m;hdvila100m;internvid;runway-jupiter;yttemporal-180m] (374)
[597/3710] 'Jonathan Katz-Moses' -> USED_BY [hdvg130m;hdvila100m;internvid;openvid1m;runway-jupiter;vidgen1m;yttemporal-180m] (647)
[598/3710] 'Top Gear' -> USED_BY [hdvg130m;hdvila100m;internvid;openvid1m;runway-jupiter;vidgen1m;yttemporal-180m] (5802)
[599/3710] 'The Supa Strikas - Kids Soccer Cartoon' -> USED_BY [internvid;runway-jupiter] (948)
[600/3710] 'SPRAY DAILY' -> USED_BY [internvid;runway-jupiter] (615)
[601/3710] 'NHRA' -> USED_BY [internvid;runway-jupiter] (4719)
[602/3710] 'OceanX' -> USED_BY [internvid;runway-jupiter] (258)
[603/3710] 'Drift HQ' -> USED_BY [internvid;runway-jupiter] (251)
[604/3710] 'Shoe Shine Street ASMR' -> USED_BY [internvid;runway-jupiter] (268)
[605/3710] 'Chelsea DeNofa' -> USED_BY [hdvg130m;hdvila100m;openvid1m;runway-jupiter;vidgen1m;yttemporal-180m] (312)
[606/3710] 'Obi Vincent' -> USED_BY [internvid;runway-jupiter] (256)
[607/3710] 'Top Notch Lawn Care' -> USED_BY [hdvg130m;hdvila100m;internvid;openvid1m;runway-jupiter;vidgen1m;yttemporal-180m] (729)
[608/3710] 'Gizmo Drones' -> USED_BY [runway-jupiter] (243)
[609/3710] 'Netflix' -> USED_BY [hdvg130m;hdvila100m;internvid;openvid1m;runway-jupiter;yttemporal-180m] (5999)
[610/3710] 'Premium Footage Planet' -> USED_BY [runway-jupiter] (240)
[611/3710] 'Oliver Sjostrom' -> USED_BY [internvid;runway-jupiter] (238)
[612/3710] 'FLAGRANT' -> USED_BY [runway-jupiter] (334)
[613/3710] 'BYOT' -> USED_BY [hdvg130m;hdvila100m;internvid;openvid1m;runway-jupiter;vidgen1m;yttemporal-180m] (390)
[614/3710] 'Hollow' -> USED_BY [hdvg130m;hdvila100m;internvid;openvid1m;runway-jupiter;vidgen1m] (4986)
[615/3710] 'nonoASMR' -> USED_BY [runway-jupiter] (235)
[616/3710] 'Pack Hacker' -> USED_BY [hdvg130m;hdvila100m;internvid;openvid1m;runway-jupiter;vidgen1m;yttemporal-180m] (1024)
[617/3710] 'Island Hopper TV' -> USED_BY [hdvg130m;hdvila100m;internvid;openvid1m;runway-jupiter;vidgen1m;yttemporal-180m] (1182)
[618/3710] 'Teo Crawford' -> USED_BY [internvid;runway-jupiter] (258)
[619/3710] 'TIFF x DAN' -> USED_BY [internvid;runway-jupiter] (323)
[620/3710] 'Doctor Eye Health' -> USED_BY [internvid;runway-jupiter] (287)
[621/3710] 'The McKibbin Brothers' -> USED_BY [hdvg130m;hdvila100m;internvid;openvid1m;runway-jupiter;vidgen1m;yttemporal-180m] (489)
[622/3710] 'Starboard Windsurfing' -> USED_BY [hdvg130m;hdvila100m;internvid;openvid1m;runway-jupiter;vidgen1m;yttemporal-180m] (510)
[623/3710] 'The Kennedy Center' -> USED_BY [hdvg130m;hdvila100m;internvid;runway-jupiter] (4812)
[624/3710] 'Unicorn Academy - Official Channel' -> USED_BY [runway-jupiter] (232)
[625/3710] 'Xavier Kickz' -> USED_BY [internvid;runway-jupiter] (232)
[626/3710] 'Ph\u01b0\u01a1ng - Harvesting' ERROR: 'charmap' codec can't encode characters in position 14-15: character maps to <undefined>
[627/3710] 'Rémy Métailler' -> USED_BY [internvid;runway-jupiter] (388)
[628/3710] 'Learning the Harp' -> USED_BY [hdvg130m;hdvila100m;internvid;runway-jupiter;yttemporal-180m] (380)
[629/3710] 'Russell Tree Experts' -> USED_BY [internvid;runway-jupiter] (245)
[630/3710] 'Drone Snap' -> USED_BY [internvid;runway-jupiter] (278)
[631/3710] 'YEL\u0130Z GÜNAY TATTOO' ERROR: 'charmap' codec can't encode character '\u0130' in position 15: character maps to <undefined>
[632/3710] 'Blippi Toys' -> USED_BY [hdvg130m;hdvila100m;internvid;openvid1m;runway-jupiter;vidgen1m;yttemporal-180m] (889)
[633/3710] 'Cornelius Quiring' -> USED_BY [internvid;runway-jupiter] (236)
[634/3710] 'FortNine' -> USED_BY [hdvg130m;hdvila100m;internvid;openvid1m;runway-jupiter;vidgen1m;yttemporal-180m] (1340)
[635/3710] 'ChrisFix' -> USED_BY [hdvg130m;hdvila100m;internvid;openvid1m;runway-jupiter;vidgen1m;yttemporal-180m] (2162)
[636/3710] 'MKIceAndFire' -> USED_BY [internvid;runway-jupiter] (5665)
[637/3710] 'DOST-PAGASA Weather Report' -> USED_BY [internvid;runway-jupiter] (4765)
[638/3710] 'Grassroots Motorsports' -> USED_BY [hdvg130m;hdvila100m;internvid;runway-jupiter;vidgen1m;yttemporal-180m] (438)
[639/3710] 'Fraser Wilson' -> USED_BY [hdvg130m;hdvila100m;internvid;openvid1m;runway-jupiter;vidgen1m;yttemporal-180m] (601)
[640/3710] 'Status Coup News' -> USED_BY [internvid;runway-jupiter] (4272)
[641/3710] 'City Walks' -> USED_BY [runway-jupiter] (447)
[642/3710] 'Make Something' -> USED_BY [hdvg130m;hdvila100m;internvid;openvid1m;runway-jupiter;vidgen1m;yttemporal-180m] (774)
[643/3710] 'kend I\u015fleri' ERROR: 'charmap' codec can't encode character '\u015f' in position 18: character maps to <undefined>
[644/3710] '9 Story Fun' -> USED_BY [runway-jupiter] (230)
[645/3710] 'Cake Making' -> USED_BY [runway-jupiter] (269)
[646/3710] 'Everyday Astronaut' -> USED_BY [hdvg130m;hdvila100m;internvid;openvid1m;runway-jupiter;vidgen1m;yttemporal-180m] (580)
[647/3710] 'Lifestyle Hal' -> USED_BY [internvid;runway-jupiter] (246)
[648/3710] 'growwithjo' -> USED_BY [internvid;runway-jupiter] (325)
[649/3710] 'Makeup' -> USED_BY [hdvg130m;hdvila100m;internvid;openvid1m;runway-jupiter;vidgen1m;yttemporal-180m] (664)
[650/3710] 'KaaLel' -> USED_BY [runway-jupiter] (545)
[651/3710] 'Eoin Reardon' -> USED_BY [internvid;runway-jupiter] (223)
[652/3710] 'Flybubble Paragliding' -> USED_BY [hdvg130m;hdvila100m;internvid;openvid1m;runway-jupiter;vidgen1m;yttemporal-180m] (649)
[653/3710] 'Top Rank Boxing' -> USED_BY [hdvg130m;hdvila100m;internvid;openvid1m;runway-jupiter;vidgen1m;yttemporal-180m] (6440)
[654/3710] 'Odell Complete Concrete' -> USED_BY [hdvg130m;hdvila100m;internvid;runway-jupiter;vidgen1m;yttemporal-180m] (982)
[655/3710] 'Samuel Goldwyn Films' -> USED_BY [hdvila100m;internvid;runway-jupiter] (366)
[656/3710] 'Rachard Johnson' -> USED_BY [internvid;runway-jupiter] (276)
[657/3710] '\u7ecf\u5178\u5927\u672c\u8425' ERROR: 'charmap' codec can't encode characters in position 12-16: character maps to <undefined>
[658/3710] 'Regal' -> USED_BY [hdvg130m;hdvila100m;runway-jupiter;vidgen1m;yttemporal-180m] (4747)
[659/3710] 'takahashi taiyou' -> USED_BY [internvid;runway-jupiter] (220)
[660/3710] 'ShowtimeWeb' -> USED_BY [hdvg130m;hdvila100m;internvid;runway-jupiter] (4765)
[661/3710] 'Food Network' -> USED_BY [hdvg130m;hdvila100m;internvid;openvid1m;runway-jupiter;vidgen1m;yttemporal-180m] (9375)
[662/3710] 'Kicking World Kicking Camps' -> USED_BY [hdvila100m;internvid;runway-jupiter] (588)
[663/3710] 'Handimania' -> USED_BY [hdvila100m;internvid;openvid1m;runway-jupiter] (283)
[664/3710] 'Wonder World' -> USED_BY [hdvg130m;hdvila100m;internvid;openvid1m;runway-jupiter;vidgen1m;yttemporal-180m] (592)
[665/3710] 'The Paranormal Files (Official Channel)' -> USED_BY [hdvg130m;hdvila100m;openvid1m;runway-jupiter;vidgen1m;yttemporal-180m] (375)
[666/3710] 'Gordon Ramsay' -> USED_BY [hdvg130m;hdvila100m;internvid;openvid1m;runway-jupiter;vidgen1m;yttemporal-180m] (3296)
[667/3710] 'RESK 12' -> USED_BY [internvid;runway-jupiter] (350)
[668/3710] 'Business Insider' -> USED_BY [hdvg130m;hdvila100m;internvid;openvid1m;runway-jupiter;vidgen1m;yttemporal-180m] (10192)
[669/3710] 'Luxy Hair' -> USED_BY [hdvg130m;hdvila100m;internvid;openvid1m;runway-jupiter;vidgen1m;yttemporal-180m] (789)
[670/3710] 'Wade Papenfus - Offshore Tales' -> USED_BY [internvid;runway-jupiter] (221)
[671/3710] 'Apartment Therapy' -> USED_BY [hdvg130m;hdvila100m;internvid;openvid1m;runway-jupiter;vidgen1m;yttemporal-180m] (477)
[672/3710] 'The Fixer' -> USED_BY [hdvg130m;hdvila100m;internvid;runway-jupiter;vidgen1m;yttemporal-180m] (290)
[673/3710] 'F.C. København' -> USED_BY [hdvg130m;hdvila100m;internvid;openvid1m;runway-jupiter;vidgen1m] (4560)
[674/3710] 'Yummy Yammy' -> USED_BY [internvid;runway-jupiter;yttemporal-180m] (809)
[675/3710] 'GK Pro Disc Golf' -> USED_BY [runway-jupiter] (969)
[676/3710] 'Priyanka Tiwari' -> USED_BY [internvid;runway-jupiter] (266)
[677/3710] 'Wanderlust Travel Videos' -> USED_BY [runway-jupiter] (236)
[678/3710] 'Nintendo of America' -> USED_BY [hdvg130m;hdvila100m;internvid;openvid1m;runway-jupiter;vidgen1m] (4926)
[679/3710] 'The Crosbys' -> USED_BY [internvid;runway-jupiter;yttemporal-180m] (355)
[680/3710] 'The Food Ranger' -> USED_BY [hdvg130m;hdvila100m;internvid;openvid1m;runway-jupiter;vidgen1m;yttemporal-180m] (1402)
[681/3710] 'CareerOneStop' -> USED_BY [internvid;runway-jupiter] (964)
[682/3710] 'Kurzgesagt – In a Nutshell' -> USED_BY [hdvg130m;hdvila100m;internvid;openvid1m;runway-jupiter;vidgen1m;yttemporal-180m] (441)
[683/3710] 'Exotic Black TV' -> USED_BY [internvid;runway-jupiter] (212)
[684/3710] '\u4e50\u89c6\u89c6\u9891\u5b98\u65b9\u9891\u9053 Letv Official Channel' ERROR: 'charmap' codec can't encode characters in position 12-19: character maps to <undefined>
[685/3710] 'Olympics Gymnastics' -> USED_BY [internvid;runway-jupiter] (340)
[686/3710] 'Cleaning The Dirtiest' -> USED_BY [runway-jupiter] (209)
[687/3710] 'hdRunners' -> USED_BY [hdvila100m;internvid;runway-jupiter;yttemporal-180m] (4405)
[688/3710] 'Jaw-Dropping Facts' -> USED_BY [internvid;runway-jupiter] (234)
[689/3710] 'Haugen Racing' -> USED_BY [internvid;runway-jupiter] (456)
[690/3710] 'lilsimsie' -> USED_BY [internvid;runway-jupiter] (2074)
[691/3710] 'Luge \u0421hannel' ERROR: 'charmap' codec can't encode character '\u0421' in position 17: character maps to <undefined>
[692/3710] 'Kidibli (Kinder Spielzeug Kanal)' -> USED_BY [hdvg130m;hdvila100m;internvid;openvid1m;runway-jupiter;vidgen1m;yttemporal-180m] (1485)
[693/3710] 'Downshiftology' -> USED_BY [hdvg130m;hdvila100m;internvid;openvid1m;runway-jupiter;vidgen1m;yttemporal-180m] (545)
[694/3710] 'The Key of Awesome' -> USED_BY [hdvg130m;hdvila100m;internvid;openvid1m;runway-jupiter;vidgen1m;yttemporal-180m] (940)
[695/3710] 'DRAMA Voyage' -> USED_BY [internvid;runway-jupiter] (4278)
[696/3710] 'DIY Garden Ideas' -> USED_BY [internvid;runway-jupiter] (222)
[697/3710] 'Gaming with Abyss' -> USED_BY [internvid;openvid1m;runway-jupiter] (4436)
[698/3710] 'THE TABLE' -> USED_BY [internvid;runway-jupiter] (1232)
[699/3710] 'B Bryant Films' -> USED_BY [runway-jupiter] (252)
[700/3710] 'kimdao' -> USED_BY [hdvg130m;hdvila100m;internvid;runway-jupiter;vidgen1m;yttemporal-180m] (409)
[701/3710] 'Gumbal' -> USED_BY [hdvg130m;hdvila100m;internvid;openvid1m;runway-jupiter;vidgen1m;yttemporal-180m] (4016)
[702/3710] 'Men With The Pot' -> USED_BY [internvid;runway-jupiter] (321)
[703/3710] 'TGG - Global Emergency Responses' -> USED_BY [runway-jupiter] (530)
[704/3710] 'Silver Cymbal' -> USED_BY [hdvg130m;hdvila100m;internvid;openvid1m;runway-jupiter;vidgen1m;yttemporal-180m] (526)
[705/3710] 'LRN2DIY' -> USED_BY [hdvg130m;hdvila100m;internvid;openvid1m;runway-jupiter;vidgen1m;yttemporal-180m] (548)
[706/3710] 'Talks at Google' -> USED_BY [hdvg130m;hdvila100m;internvid;openvid1m;runway-jupiter;vidgen1m;yttemporal-180m] (4516)
[707/3710] 'Racing TV' -> USED_BY [hdvg130m;hdvila100m;internvid;openvid1m;runway-jupiter;vidgen1m;yttemporal-180m] (5279)
[708/3710] 'Hair And Beard' -> USED_BY [runway-jupiter] (265)
[709/3710] 'Dream Trips' -> USED_BY [internvid;runway-jupiter] (473)
[710/3710] 'Partridge Exterior Cleaning' -> USED_BY [internvid;runway-jupiter] (244)
[711/3710] 'Cartoon Hangover' -> USED_BY [hdvg130m;hdvila100m;openvid1m;runway-jupiter;vidgen1m;yttemporal-180m] (439)
[712/3710] "Weed 'em & Reap" -> USED_BY [hdvg130m;hdvila100m;internvid;openvid1m;runway-jupiter;vidgen1m;yttemporal-180m] (2691)
[713/3710] 'Tasty' -> USED_BY [hdvg130m;hdvila100m;internvid;openvid1m;runway-jupiter;vidgen1m;yttemporal-180m] (7660)
[714/3710] 'Debrup Travel & Films' -> USED_BY [internvid;runway-jupiter] (201)
[715/3710] 'Chao Coffee and Tea' -> USED_BY [internvid;runway-jupiter] (694)
[716/3710] 'ZDFheute Nachrichten' -> USED_BY [internvid;runway-jupiter] (4198)
[717/3710] 'Galileo' -> USED_BY [hdvg130m;hdvila100m;internvid;runway-jupiter] (4975)
[718/3710] 'Spark' -> USED_BY [hdvg130m;hdvila100m;internvid;runway-jupiter;vidgen1m;yttemporal-180m] (627)
[719/3710] 'Baby Shark - Pinkfong Kids’ Songs & Stories' -> USED_BY [hdvg130m;hdvila100m;internvid;openvid1m;runway-jupiter;vidgen1m;yttemporal-180m] (2902)
[720/3710] 'Garden Up' -> USED_BY [hdvg130m;hdvila100m;internvid;openvid1m;runway-jupiter;vidgen1m;yttemporal-180m] (307)
[721/3710] 'The Q' -> USED_BY [hdvg130m;hdvila100m;internvid;openvid1m;runway-jupiter;vidgen1m;yttemporal-180m] (687)
[722/3710] 'Hardman Fishing Adventures' -> USED_BY [internvid;runway-jupiter] (207)
[723/3710] 'BETTER Clocks' -> USED_BY [internvid;runway-jupiter] (3900)
[724/3710] 'Dark Arts TV (PARANORMAL)' -> USED_BY [hdvila100m;runway-jupiter;vidgen1m;yttemporal-180m] (343)
[725/3710] 'Veteran Tree Service' -> USED_BY [runway-jupiter] (244)
[726/3710] 'Daniele Vitale Sax' -> USED_BY [internvid;runway-jupiter] (316)
[727/3710] 'National Centre for Circus Arts' -> USED_BY [internvid;runway-jupiter] (366)
[728/3710] 'TulipColorCrafts' -> USED_BY [hdvg130m;hdvila100m;internvid;openvid1m;runway-jupiter;vidgen1m;yttemporal-180m] (1246)
[729/3710] 'Tottenham Hotspur' -> USED_BY [internvid;runway-jupiter;yttemporal-180m] (4060)
[730/3710] 'Girl Talks Fish' -> USED_BY [hdvg130m;hdvila100m;internvid;runway-jupiter;yttemporal-180m] (226)
[731/3710] 'Highlight Heaven' -> USED_BY [hdvg130m;hdvila100m;internvid;openvid1m;runway-jupiter;vidgen1m;yttemporal-180m] (5335)
[732/3710] 'Zumba Class' -> USED_BY [internvid;runway-jupiter] (196)
[733/3710] '8K Paradise' -> USED_BY [runway-jupiter] (187)
[734/3710] 'TheRelaxingEnd' -> USED_BY [hdvg130m;hdvila100m;internvid;runway-jupiter;vidgen1m] (3176)
[735/3710] 'Wimbledon' -> USED_BY [hdvg130m;hdvila100m;internvid;openvid1m;runway-jupiter;vidgen1m;yttemporal-180m] (6369)
[736/3710] 'Cate Food Travel \u51f1\u7279\u98df\u65c5' ERROR: 'charmap' codec can't encode characters in position 29-32: character maps to <undefined>
[737/3710] 'Review Machines Worldwide' -> USED_BY [hdvg130m;hdvila100m;internvid;openvid1m;runway-jupiter;vidgen1m;yttemporal-180m] (320)
[738/3710] 'Maupin Farrier Co' -> USED_BY [internvid;runway-jupiter] (269)
[739/3710] 'Motorsports on NBC' -> USED_BY [hdvg130m;hdvila100m;internvid;openvid1m;runway-jupiter;vidgen1m;yttemporal-180m] (5022)
[740/3710] 'Glassblowing with Grant Garmezy' -> USED_BY [internvid;runway-jupiter] (226)
[741/3710] 'K\u0259nd H\u0259yat\u0131' ERROR: 'charmap' codec can't encode character '\u0259' in position 13: character maps to <undefined>
[742/3710] 'The Buddymoon' -> USED_BY [internvid;runway-jupiter] (219)
[743/3710] 'Monster High' -> USED_BY [hdvg130m;hdvila100m;internvid;runway-jupiter;vidgen1m;yttemporal-180m] (4449)
[744/3710] 'Burn Savvy' -> USED_BY [internvid;runway-jupiter] (197)
[745/3710] 'World Poker Tour' -> USED_BY [hdvg130m;hdvila100m;internvid;openvid1m;runway-jupiter;vidgen1m;yttemporal-180m] (3654)
[746/3710] 'Sony Pictures Entertainment' -> USED_BY [hdvila100m;internvid;runway-jupiter;yttemporal-180m] (3896)
[747/3710] '\u0423\u043a\u0440\u0430\u0457\u043d\u0430 \u043c\u0430\u0454 \u0442\u0430\u043b\u0430\u043d\u0442' ERROR: 'charmap' codec can't encode characters in position 12-18: character maps to <undefined>
[748/3710] 'Recording Academy / GRAMMYs' -> USED_BY [hdvg130m;hdvila100m;internvid;runway-jupiter;vidgen1m] (4097)
[749/3710] 'Plastering For Beginners' -> USED_BY [internvid;runway-jupiter;yttemporal-180m] (235)
[750/3710] 'MTV' -> USED_BY [hdvg130m;hdvila100m;internvid;runway-jupiter;vidgen1m;yttemporal-180m] (4167)
[751/3710] 'Jamila Musayeva' -> USED_BY [internvid;runway-jupiter] (202)
[752/3710] 'Dog Grooming by Diana Paiva' -> USED_BY [internvid;runway-jupiter] (236)
[753/3710] 'Golden Salt' -> USED_BY [internvid;runway-jupiter] (179)
[754/3710] 'Renbricks' -> USED_BY [runway-jupiter] (525)
[755/3710] 'Speed Academy' -> USED_BY [hdvg130m;hdvila100m;internvid;openvid1m;runway-jupiter;vidgen1m;yttemporal-180m] (3329)
[756/3710] 'POUSE around the HOUSE' -> USED_BY [hdvg130m;hdvila100m;internvid;openvid1m;runway-jupiter;vidgen1m;yttemporal-180m] (438)
[757/3710] 'Kai W' -> USED_BY [hdvg130m;hdvila100m;internvid;openvid1m;runway-jupiter;vidgen1m;yttemporal-180m] (1062)
[758/3710] 'Nature Walks' -> USED_BY [internvid;runway-jupiter] (210)
[759/3710] 'FX Networks' -> USED_BY [internvid;runway-jupiter] (3806)
[760/3710] 'Military Archive' -> USED_BY [internvid;runway-jupiter] (189)
[761/3710] 'Mobile Instinct' -> USED_BY [internvid;runway-jupiter] (246)
[762/3710] 'RGYMRUSSIA' -> USED_BY [internvid;runway-jupiter] (3722)
[763/3710] 'Robin Greenfield' -> USED_BY [hdvg130m;hdvila100m;internvid;openvid1m;runway-jupiter;vidgen1m;yttemporal-180m] (307)
[764/3710] 'AnimeSelect' -> USED_BY [runway-jupiter] (175)
[765/3710] 'British Gymnastics' -> USED_BY [hdvg130m;hdvila100m;internvid;openvid1m;runway-jupiter;vidgen1m;yttemporal-180m] (4419)
[766/3710] 'MOVE Dance Studio' -> USED_BY [internvid;runway-jupiter] (4046)
[767/3710] '30X40 Design Workshop' -> USED_BY [hdvg130m;hdvila100m;internvid;openvid1m;runway-jupiter;yttemporal-180m] (319)
[768/3710] 'H Carpenter' -> USED_BY [internvid;runway-jupiter] (259)
[769/3710] 'AudioknapMusic' -> USED_BY [runway-jupiter] (172)
[770/3710] '\u0421\u043e\u0432\u0435\u0442\u0441\u043a\u0438\u0435 \u0444\u0438\u043b\u044c\u043c\u044b' ERROR: 'charmap' codec can't encode characters in position 12-20: character maps to <undefined>
[771/3710] '\u0441\u043f\u0435\u043a\u0442\u0430\u043a\u043b\u0438 \u0438 \u0442\u0435\u043b\u0435\u043f\u0435\u0440\u0435\u0434\u0430\u0447\u0438' ERROR: 'charmap' codec can't encode characters in position 12-20: character maps to <undefined>
[772/3710] 'SHOWTIME' -> USED_BY [hdvg130m;hdvila100m;internvid;runway-jupiter;vidgen1m;yttemporal-180m] (3959)
[773/3710] 'Scary Bear Attacks' -> USED_BY [internvid;runway-jupiter] (240)
[774/3710] 'Engineering Knits' -> USED_BY [internvid;runway-jupiter] (175)
[775/3710] 'Cornell Lab Bird Cams' -> USED_BY [hdvg130m;hdvila100m;internvid;runway-jupiter;vidgen1m;yttemporal-180m] (3741)
[776/3710] 'mineralblu' -> USED_BY [internvid;runway-jupiter] (185)
[777/3710] 'Coke Studio India' -> USED_BY [internvid;runway-jupiter] (570)
[778/3710] 'Tai Chi with Dr. Andrew von Plitt' -> USED_BY [internvid;runway-jupiter] (319)
[779/3710] 'Rotten Tomatoes Family' -> USED_BY [internvid;runway-jupiter] (1611)
[780/3710] 'ActionKid' -> USED_BY [internvid;runway-jupiter] (3782)
[781/3710] "Christie's" -> USED_BY [hdvg130m;hdvila100m;internvid;runway-jupiter;yttemporal-180m] (1011)
[782/3710] 'Shifter' -> USED_BY [internvid;openvid1m;runway-jupiter;yttemporal-180m] (207)
[783/3710] 'Max' -> USED_BY [hdvg130m;hdvila100m;internvid;runway-jupiter;vidgen1m;yttemporal-180m] (4208)
[784/3710] 'Aviation Base' -> USED_BY [internvid;runway-jupiter] (178)
[785/3710] 'djstrains' -> USED_BY [internvid;runway-jupiter] (291)
[786/3710] 'Drift Masters' -> USED_BY [internvid;runway-jupiter] (253)
[787/3710] 'Crowne Prince' -> USED_BY [hdvila100m;internvid;runway-jupiter] (245)
[788/3710] '8K VIDEOS ULTRA HD' -> USED_BY [internvid;runway-jupiter] (371)
[789/3710] 'the Brazil Show' -> USED_BY [runway-jupiter] (195)
[790/3710] 'Essential Craftsman' -> USED_BY [hdvg130m;hdvila100m;internvid;openvid1m;runway-jupiter;vidgen1m;yttemporal-180m] (1935)
[791/3710] 'GLORY Kickboxing' -> USED_BY [hdvg130m;hdvila100m;internvid;openvid1m;runway-jupiter;vidgen1m;yttemporal-180m] (5058)
[792/3710] 'Henry Repeating Arms' -> USED_BY [runway-jupiter] (164)
[793/3710] 'Relaxing Nature In 4K' -> USED_BY [runway-jupiter] (164)
[794/3710] 'Marques Brownlee' -> USED_BY [hdvg130m;hdvila100m;internvid;openvid1m;runway-jupiter;vidgen1m;yttemporal-180m] (6426)
[795/3710] 'withwendy' -> USED_BY [hdvila100m;internvid;runway-jupiter;vidgen1m;yttemporal-180m] (322)
[796/3710] 'Street Style Stockholm' -> USED_BY [internvid;runway-jupiter] (167)
[797/3710] 'FOX Sports' -> USED_BY [hdvg130m;hdvila100m;internvid;runway-jupiter;vidgen1m;yttemporal-180m] (6334)
[798/3710] 'Flight Time' -> USED_BY [hdvila100m;internvid;runway-jupiter;yttemporal-180m] (182)
[799/3710] 'ASMR Shoeshine&Repair Dratewka' -> USED_BY [runway-jupiter] (162)
[800/3710] 'Taylor Tries' -> USED_BY [internvid;runway-jupiter] (240)
[801/3710] 'Relaxing Melody' -> USED_BY [runway-jupiter] (162)
[802/3710] 'Foldable Flight' -> USED_BY [hdvg130m;hdvila100m;internvid;runway-jupiter;yttemporal-180m] (219)
[803/3710] 'SPOTLIGHT' -> USED_BY [internvid;runway-jupiter] (188)
[804/3710] 'MrDalekJD' -> USED_BY [hdvg130m;hdvila100m;internvid;openvid1m;runway-jupiter;vidgen1m] (3515)
[805/3710] 'Nature Relaxation Films' -> USED_BY [hdvila100m;runway-jupiter;yttemporal-180m] (452)
[806/3710] 'Nintendo Official Channel (Southeast Asia)' -> USED_BY [runway-jupiter] (161)
[807/3710] '123 GO!' -> USED_BY [hdvg130m;hdvila100m;internvid;openvid1m;runway-jupiter;vidgen1m;yttemporal-180m] (997)
[808/3710] 'letsdig18' -> USED_BY [hdvg130m;hdvila100m;internvid;runway-jupiter;vidgen1m;yttemporal-180m] (3140)
[809/3710] 'Slow-Mo Tennis' -> USED_BY [internvid;runway-jupiter] (212)
[810/3710] 'USA Thrill' -> USED_BY [runway-jupiter] (158)
[811/3710] 'Mighty Mike' -> USED_BY [runway-jupiter] (200)
[812/3710] 'Seoul Street View' -> USED_BY [runway-jupiter] (260)
[813/3710] 'Waves of the World' -> USED_BY [hdvg130m;hdvila100m;internvid;runway-jupiter;vidgen1m;yttemporal-180m] (2028)
[814/3710] 'BikeBlogger' -> USED_BY [hdvg130m;hdvila100m;internvid;runway-jupiter;vidgen1m;yttemporal-180m] (910)
[815/3710] 'Cloudbabies' -> USED_BY [hdvg130m;hdvila100m;openvid1m;runway-jupiter;vidgen1m;yttemporal-180m] (1094)
[816/3710] 'World Of Luxury' -> USED_BY [internvid;runway-jupiter] (157)
[817/3710] 'FISU' -> USED_BY [internvid;runway-jupiter] (3476)
[818/3710] 'Moszen' -> USED_BY [runway-jupiter] (163)
[819/3710] 'Ross McCallum' -> USED_BY [hdvg130m;hdvila100m;internvid;openvid1m;runway-jupiter;vidgen1m;yttemporal-180m] (460)
[820/3710] 'EpicTV' -> USED_BY [hdvg130m;hdvila100m;internvid;openvid1m;runway-jupiter;vidgen1m;yttemporal-180m] (7616)
[821/3710] 'Roman Fox' -> USED_BY [internvid;runway-jupiter] (158)
[822/3710] 'Göran Winblad' -> USED_BY [internvid;runway-jupiter] (280)
[823/3710] 'You Suck At Cooking' -> USED_BY [hdvg130m;hdvila100m;internvid;openvid1m;runway-jupiter;vidgen1m;yttemporal-180m] (554)
[824/3710] 'SpongeBob SquarePants Official' -> USED_BY [hdvila100m;internvid;openvid1m;runway-jupiter;yttemporal-180m] (1341)
[825/3710] "Let's Go Dream Dolls" -> USED_BY [internvid;runway-jupiter] (301)
[826/3710] "Chris' NYC Hot Dog Stands & More!" -> USED_BY [internvid;runway-jupiter] (274)
[827/3710] 'BlacktipH' -> USED_BY [hdvg130m;hdvila100m;internvid;openvid1m;runway-jupiter;vidgen1m;yttemporal-180m] (1610)
[828/3710] 'Power Slap' -> USED_BY [runway-jupiter] (650)
[829/3710] 'Wisecrack' -> USED_BY [hdvg130m;hdvila100m;internvid;openvid1m;runway-jupiter;vidgen1m;yttemporal-180m] (977)
[830/3710] 'U.S. Association of Blind Athletes' -> USED_BY [internvid;runway-jupiter] (281)
[831/3710] 'Professional Darts Corporation' -> USED_BY [hdvg130m;hdvila100m;internvid;runway-jupiter] (3134)
[832/3710] 'Cyberpunk 2077' -> USED_BY [internvid;runway-jupiter] (163)
[833/3710] 'JoBlo Movie Clips' -> USED_BY [hdvg130m;hdvila100m;internvid;openvid1m;runway-jupiter;vidgen1m;yttemporal-180m] (4922)
[834/3710] 'NJShoreBeachLife' -> USED_BY [internvid;runway-jupiter] (2552)
[835/3710] 'Secrets of Organ Playing' -> USED_BY [hdvg130m;hdvila100m;internvid;runway-jupiter;yttemporal-180m] (3077)
[836/3710] 'SpaceX' -> USED_BY [hdvg130m;hdvila100m;internvid;openvid1m;runway-jupiter;vidgen1m;yttemporal-180m] (765)
[837/3710] 'What If' -> USED_BY [hdvg130m;hdvila100m;internvid;openvid1m;runway-jupiter;vidgen1m;yttemporal-180m] (3584)
[838/3710] 'One Tree Planted' -> USED_BY [internvid;runway-jupiter;yttemporal-180m] (256)
[839/3710] 'Netflix India' -> USED_BY [internvid;runway-jupiter] (3428)
[840/3710] '\u6b63\u5348\u9633\u5149\u5b98\u65b9\u9891\u9053' ERROR: 'charmap' codec can't encode characters in position 12-19: character maps to <undefined>
[841/3710] 'Kuma Films' -> USED_BY [hdvg130m;hdvila100m;internvid;runway-jupiter;yttemporal-180m] (238)
[842/3710] 'Walk China \u884c\u8d70\u4e2d\u56fd' ERROR: 'charmap' codec can't encode characters in position 23-26: character maps to <undefined>
[843/3710] 'AR12Gaming' -> USED_BY [hdvg130m;hdvila100m;internvid;openvid1m;runway-jupiter;vidgen1m] (3554)
[844/3710] 'Theme Park Worldwide' -> USED_BY [hdvg130m;hdvila100m;internvid;openvid1m;runway-jupiter;vidgen1m;yttemporal-180m] (4005)
[845/3710] 'Zurich The Best City In The World' -> USED_BY [runway-jupiter] (152)
[846/3710] 'Paper Planes Channel' -> USED_BY [internvid;runway-jupiter] (154)
[847/3710] 'SMTOWN' -> USED_BY [hdvg130m;hdvila100m;internvid;openvid1m;runway-jupiter;vidgen1m] (4643)
[848/3710] 'Hoop Sports' -> USED_BY [runway-jupiter] (250)
[849/3710] 'Skizone' -> USED_BY [runway-jupiter] (144)
[850/3710] '\ub529\uace0 \ubba4\uc9c1 / dingo music' ERROR: 'charmap' codec can't encode characters in position 12-13: character maps to <undefined>
[851/3710] 'AllAttack' -> USED_BY [hdvg130m;hdvila100m;internvid;openvid1m;runway-jupiter;vidgen1m;yttemporal-180m] (489)
[852/3710] 'Birder King' -> USED_BY [runway-jupiter] (144)
[853/3710] 'Gam3 4 Lif3' -> USED_BY [runway-jupiter] (882)
[854/3710] 'Happy Toy Dolls' -> USED_BY [runway-jupiter] (143)
[855/3710] 'Sesame Street' -> USED_BY [hdvg130m;hdvila100m;internvid;openvid1m;runway-jupiter;vidgen1m;yttemporal-180m] (4388)
[856/3710] 'Alpha Beta Gamer' -> USED_BY [internvid;runway-jupiter] (3121)
[857/3710] 'Universal Pictures Australia' -> USED_BY [internvid;runway-jupiter] (742)
[858/3710] 'nearLucid' -> USED_BY [internvid;runway-jupiter] (160)
[859/3710] 'Smith & Wesson' -> USED_BY [internvid;runway-jupiter] (222)
[860/3710] 'NorthernBrewerTV' -> USED_BY [hdvg130m;hdvila100m;internvid;openvid1m;runway-jupiter;vidgen1m;yttemporal-180m] (399)
[861/3710] 'Barbie' -> USED_BY [hdvg130m;hdvila100m;internvid;openvid1m;runway-jupiter;vidgen1m;yttemporal-180m] (3828)
[862/3710] 'World Aquatics' -> USED_BY [hdvg130m;hdvila100m;internvid;openvid1m;runway-jupiter;vidgen1m;yttemporal-180m] (3371)
[863/3710] 'Chuck Black' -> USED_BY [internvid;runway-jupiter;yttemporal-180m] (183)
[864/3710] 'Monzonation' -> USED_BY [runway-jupiter] (172)
[865/3710] 'Great Big Story' -> USED_BY [hdvg130m;hdvila100m;internvid;openvid1m;runway-jupiter;vidgen1m;yttemporal-180m] (3915)
[866/3710] '\ubca0\ud2f0\ubc84 \ub9ac\uc0ac\uc774\ud074 \uc2a4\ud29c\ub514\uc624 VETIVER Recycle Studio' ERROR: 'charmap' codec can't encode characters in position 12-14: character maps to <undefined>
[867/3710] 'Stanford' -> USED_BY [hdvg130m;hdvila100m;internvid;openvid1m;runway-jupiter;vidgen1m;yttemporal-180m] (5923)
[868/3710] 'Ollie Craig - Primal Pursuit' -> USED_BY [internvid;runway-jupiter] (141)
[869/3710] 'Semide ASMR' -> USED_BY [runway-jupiter] (144)
[870/3710] 'Trifecta Pilates' -> USED_BY [runway-jupiter] (151)
[871/3710] 'PBS KIDS' -> USED_BY [hdvg130m;hdvila100m;internvid;openvid1m;runway-jupiter;vidgen1m;yttemporal-180m] (3190)
[872/3710] 'Harvard University' -> USED_BY [hdvg130m;hdvila100m;internvid;openvid1m;runway-jupiter;vidgen1m;yttemporal-180m] (2849)
[873/3710] 'jackfrags' -> USED_BY [hdvg130m;hdvila100m;internvid;openvid1m;runway-jupiter;vidgen1m] (2975)
[874/3710] 'Petzl Sport' -> USED_BY [hdvg130m;hdvila100m;internvid;openvid1m;runway-jupiter;vidgen1m;yttemporal-180m] (288)
[875/3710] 'Simply Hiking' -> USED_BY [internvid;runway-jupiter] (147)
[876/3710] "Gonzo's Pinball Flipperama" -> USED_BY [runway-jupiter] (207)
[877/3710] 'Animenz Piano Sheets' -> USED_BY [internvid;runway-jupiter] (195)
[878/3710] 'SeniorShape Fitness' -> USED_BY [internvid;runway-jupiter] (179)
[879/3710] 'Hadyn Wiseman' -> USED_BY [internvid;openvid1m;runway-jupiter] (189)
[880/3710] 'Sifu Kuttel' -> USED_BY [hdvg130m;hdvila100m;internvid;runway-jupiter;yttemporal-180m] (392)
[881/3710] 'Alpsport' -> USED_BY [runway-jupiter] (137)
[882/3710] 'Little Star CC' -> USED_BY [internvid;runway-jupiter] (143)
[883/3710] 'Joey Helms' -> USED_BY [runway-jupiter] (142)
[884/3710] 'Monster World by KinoCheck' -> USED_BY [runway-jupiter] (137)
[885/3710] 'Walk East' -> USED_BY [internvid;runway-jupiter] (334)
[886/3710] 'Sagonia Lazarof' -> USED_BY [internvid;runway-jupiter] (143)
[887/3710] 'Wheels' -> USED_BY [hdvg130m;hdvila100m;internvid;openvid1m;runway-jupiter;vidgen1m;yttemporal-180m] (3341)
[888/3710] "Ben's Watch Club" -> USED_BY [internvid;runway-jupiter] (141)
[889/3710] 'HD1080ide' -> USED_BY [internvid;runway-jupiter] (351)
[890/3710] 'KHelga' -> USED_BY [internvid;runway-jupiter] (209)
[891/3710] 'SUMO PRIME TIME' -> USED_BY [internvid;runway-jupiter] (140)
[892/3710] 'Tips and Hacks' -> USED_BY [internvid;runway-jupiter] (136)
[893/3710] 'Olympics Aquatics' -> USED_BY [internvid;runway-jupiter] (235)
[894/3710] 'FILM.UA Group' -> USED_BY [internvid;runway-jupiter] (2890)
[895/3710] 'Delish' -> USED_BY [hdvg130m;hdvila100m;internvid;openvid1m;runway-jupiter;vidgen1m;yttemporal-180m] (3196)
[896/3710] 'Vogue' -> USED_BY [hdvg130m;hdvila100m;internvid;openvid1m;runway-jupiter;vidgen1m;yttemporal-180m] (4097)
[897/3710] 'Fancy Cakes' -> USED_BY [internvid;runway-jupiter] (2724)
[898/3710] 'NATIONAL - Farming Documentary' -> USED_BY [runway-jupiter] (133)
[899/3710] 'The Piano Guys' -> USED_BY [internvid;runway-jupiter] (203)
[900/3710] 'Sony | Camera Channel' -> USED_BY [hdvg130m;hdvila100m;internvid;openvid1m;runway-jupiter;vidgen1m;yttemporal-180m] (658)
[901/3710] 'TangoNuevo TV' -> USED_BY [internvid;runway-jupiter] (414)
[902/3710] 'Travel World XP' -> USED_BY [runway-jupiter] (133)
[903/3710] 'KRAV MAGA TRAINING' -> USED_BY [internvid;runway-jupiter] (162)
[904/3710] 'Audemars Piguet' -> USED_BY [hdvg130m;hdvila100m;internvid;runway-jupiter] (289)
[905/3710] 'TNA Wrestling' -> USED_BY [hdvila100m;internvid;runway-jupiter;vidgen1m;yttemporal-180m] (3128)
[906/3710] 'Warner Bros. Pictures' -> USED_BY [hdvg130m;hdvila100m;internvid;runway-jupiter;vidgen1m;yttemporal-180m] (2195)
[907/3710] 'BackPacker Steve' -> USED_BY [hdvg130m;hdvila100m;openvid1m;runway-jupiter;vidgen1m;yttemporal-180m] (1261)
[908/3710] 'Like Olga' -> USED_BY [runway-jupiter] (132)
[909/3710] 'Red Bull BC One' -> USED_BY [hdvg130m;hdvila100m;internvid;openvid1m;runway-jupiter;vidgen1m;yttemporal-180m] (2747)
[910/3710] 'Westie' -> USED_BY [hdvg130m;hdvila100m;internvid;runway-jupiter;vidgen1m] (2621)
[911/3710] 'Smash Time Productions' -> USED_BY [runway-jupiter] (2661)
[912/3710] 'AirPano VR' -> USED_BY [hdvg130m;hdvila100m;internvid;runway-jupiter;vidgen1m;yttemporal-180m] (266)
[913/3710] 'Aerial Landscapes' -> USED_BY [runway-jupiter] (228)
[914/3710] 'RailCowGirl' -> USED_BY [runway-jupiter] (151)
[915/3710] 'Badminton Ham' -> USED_BY [internvid;runway-jupiter] (751)
[916/3710] 'Antonelli Baseball' -> USED_BY [hdvg130m;hdvila100m;internvid;openvid1m;runway-jupiter;vidgen1m;yttemporal-180m] (4255)
[917/3710] 'Curling Canada' -> USED_BY [hdvila100m;internvid;openvid1m;runway-jupiter] (2766)
[918/3710] 'NoahJ456' -> USED_BY [internvid;runway-jupiter] (3312)
[919/3710] 'International Rocket Launches' -> USED_BY [runway-jupiter] (129)
[920/3710] 'The Loud House' -> USED_BY [hdvg130m;hdvila100m;internvid;runway-jupiter;vidgen1m;yttemporal-180m] (735)
[921/3710] 'Crazy About Fly Fishing' -> USED_BY [internvid;runway-jupiter] (140)
[922/3710] 'Vic Firth' -> USED_BY [hdvg130m;hdvila100m;internvid;openvid1m;runway-jupiter;vidgen1m;yttemporal-180m] (3279)
[923/3710] 'Ultimate Gamerz' -> USED_BY [internvid;runway-jupiter] (2593)
[924/3710] 'Aaron Mott' -> USED_BY [runway-jupiter] (1995)
[925/3710] 'United Taps - Tap Dance Lessons' -> USED_BY [runway-jupiter] (753)
[926/3710] 'Yacht Addiction' -> USED_BY [runway-jupiter] (128)
[927/3710] 'National Geographic India' -> USED_BY [internvid;runway-jupiter;yttemporal-180m] (2274)
[928/3710] 'djxatlanta' -> USED_BY [hdvg130m;hdvila100m;openvid1m;runway-jupiter;vidgen1m;yttemporal-180m] (2492)
[929/3710] 'El Escoces gamer' -> USED_BY [runway-jupiter] (2954)
[930/3710] 'Hair Hood' -> USED_BY [internvid;runway-jupiter] (149)
[931/3710] 'Saikanth Krishna' -> USED_BY [runway-jupiter] (127)
[932/3710] 'DreamWorksTV World' -> USED_BY [hdvg130m;hdvila100m;internvid;openvid1m;runway-jupiter;vidgen1m;yttemporal-180m] (1520)
[933/3710] 'LFA Fights' -> USED_BY [runway-jupiter] (127)
[934/3710] 'WIRED' -> USED_BY [hdvg130m;hdvila100m;internvid;openvid1m;runway-jupiter;vidgen1m;yttemporal-180m] (8245)
[935/3710] 'Nintendo DE' -> USED_BY [hdvg130m;hdvila100m;internvid;runway-jupiter;vidgen1m] (2739)
[936/3710] 'MovieLoad' -> USED_BY [runway-jupiter] (136)
[937/3710] 'Adam’s English Lessons · engVid' -> USED_BY [hdvg130m;hdvila100m;internvid;runway-jupiter;yttemporal-180m] (269)
[938/3710] 'Mountain Rug Cleaning' -> USED_BY [internvid;runway-jupiter] (220)
[939/3710] 'Nicole Coenen' -> USED_BY [runway-jupiter] (208)
[940/3710] 'PokerStars' -> USED_BY [hdvg130m;hdvila100m;internvid;openvid1m;runway-jupiter] (3228)
[941/3710] 'Learn How to Sign' -> USED_BY [internvid;runway-jupiter] (188)
[942/3710] '\ud504\ub85c\uc138\uc2a4 \ucf00\uc774 Process K' ERROR: 'charmap' codec can't encode characters in position 12-15: character maps to <undefined>
[943/3710] 'AEROBIC DANCE' -> USED_BY [internvid;runway-jupiter] (136)
[944/3710] 'PsycheTruth' -> USED_BY [hdvg130m;hdvila100m;internvid;openvid1m;runway-jupiter;vidgen1m;yttemporal-180m] (5426)
[945/3710] 'Steven Ndukwu' -> USED_BY [runway-jupiter] (148)
[946/3710] 'Flix For Free' -> USED_BY [runway-jupiter] (122)
[947/3710] 'Emojoie' -> USED_BY [internvid;openvid1m;runway-jupiter;yttemporal-180m] (201)
[948/3710] 'DAS Bookbinding' -> USED_BY [internvid;runway-jupiter] (144)
[949/3710] 'Jadon Grundy' -> USED_BY [hdvila100m;internvid;runway-jupiter;vidgen1m;yttemporal-180m] (262)
[950/3710] '20th Century Studios' -> USED_BY [hdvila100m;internvid;runway-jupiter;yttemporal-180m] (2179)
[951/3710] 'Kid vs. Kat - WildBrain' -> USED_BY [runway-jupiter] (172)
[952/3710] 'Art Painting Workshop' -> USED_BY [runway-jupiter] (182)
[953/3710] 'Jackson Hole Mountain Resort' -> USED_BY [hdvg130m;hdvila100m;internvid;openvid1m;runway-jupiter;vidgen1m;yttemporal-180m] (542)
[954/3710] 'NW Fishing Secrets' -> USED_BY [internvid;runway-jupiter] (121)
[955/3710] 'Plant Based Bistro' -> USED_BY [runway-jupiter] (119)
[956/3710] 'Red Bull Bike' -> USED_BY [hdvg130m;hdvila100m;internvid;openvid1m;runway-jupiter;vidgen1m;yttemporal-180m] (2749)
[957/3710] 'Natural Beauty & Scenes' -> USED_BY [internvid;runway-jupiter] (2388)
[958/3710] 'Polo Fields Lawn Service' -> USED_BY [internvid;runway-jupiter] (136)
[959/3710] 'Zurik 23M' -> USED_BY [internvid;runway-jupiter] (276)
[960/3710] 'Ivanhoe Cycles' -> USED_BY [hdvg130m;hdvila100m;internvid;openvid1m;runway-jupiter;yttemporal-180m] (333)
[961/3710] 'PrettyNflawed' -> USED_BY [hdvg130m;hdvila100m;internvid;openvid1m;runway-jupiter;vidgen1m;yttemporal-180m] (3420)
[962/3710] '60 Minutes' -> USED_BY [internvid;runway-jupiter] (2670)
[963/3710] 'Untold History' -> USED_BY [internvid;runway-jupiter] (342)
[964/3710] 'Nick Fry' -> USED_BY [hdvg130m;hdvila100m;internvid;openvid1m;runway-jupiter;vidgen1m;yttemporal-180m] (235)
[965/3710] 'Jake Paul' -> USED_BY [internvid;openvid1m;runway-jupiter;yttemporal-180m] (1735)
[966/3710] 'Danny Gevirtz' -> USED_BY [runway-jupiter] (162)
[967/3710] 'ESL Counter-Strike' -> USED_BY [internvid;runway-jupiter] (2469)
[968/3710] 'Andy Simon' -> USED_BY [internvid;runway-jupiter] (2677)
[969/3710] 'Marty Music' -> USED_BY [hdvg130m;hdvila100m;internvid;openvid1m;runway-jupiter;vidgen1m;yttemporal-180m] (5730)
[970/3710] 'King Creative Official' -> USED_BY [runway-jupiter] (710)
[971/3710] 'VIVIENNE & TAMAS' -> USED_BY [internvid;runway-jupiter] (130)
[972/3710] 'Brandon Li' -> USED_BY [hdvg130m;hdvila100m;internvid;openvid1m;runway-jupiter;vidgen1m;yttemporal-180m] (483)
[973/3710] 'A ROD' -> USED_BY [internvid;runway-jupiter] (127)
[974/3710] 'Women Hooping' -> USED_BY [internvid;runway-jupiter] (2678)
[975/3710] 'HenleyRoyalRegatta' -> USED_BY [hdvg130m;hdvila100m;internvid;openvid1m;runway-jupiter;vidgen1m;yttemporal-180m] (4573)
[976/3710] 'SonyMusicIndiaVEVO' -> USED_BY [internvid;runway-jupiter] (2843)
[977/3710] 'Japan BackpackersXpress' -> USED_BY [internvid;runway-jupiter] (622)
[978/3710] 'Amazon Prime Video UK & IE' -> USED_BY [internvid;runway-jupiter] (2230)
[979/3710] 'Blacksmith Girl' -> USED_BY [runway-jupiter] (114)
[980/3710] 'Gamer Max Channel' -> USED_BY [runway-jupiter] (3049)
[981/3710] 'Foot and Ankle Associates of North Texas' -> USED_BY [internvid;runway-jupiter;yttemporal-180m] (205)
[982/3710] 'Kraig Adams' -> USED_BY [hdvg130m;hdvila100m;internvid;openvid1m;runway-jupiter;vidgen1m;yttemporal-180m] (545)
[983/3710] 'Coaster Studios' -> USED_BY [hdvg130m;hdvila100m;internvid;openvid1m;runway-jupiter;vidgen1m;yttemporal-180m] (3963)
[984/3710] 'FloRacing' -> USED_BY [internvid;runway-jupiter] (2306)
[985/3710] 'Florian Gadsby' -> USED_BY [internvid;runway-jupiter] (431)
[986/3710] 'Stacked Homes' -> USED_BY [internvid;runway-jupiter] (378)
[987/3710] '\u9f99\u6885\u6885Longmeimei' ERROR: 'charmap' codec can't encode characters in position 12-14: character maps to <undefined>
[988/3710] 'FloBikes' -> USED_BY [internvid;runway-jupiter] (2630)
[989/3710] 'fastpitchmedia' -> USED_BY [runway-jupiter] (2453)
[990/3710] 'GlamourDDive' -> USED_BY [internvid;runway-jupiter] (125)
[991/3710] 'TeenVee' -> USED_BY [runway-jupiter] (315)
[992/3710] 'Below the Plains' -> USED_BY [runway-jupiter] (111)
[993/3710] 'Nintendo \u516c\u5f0f\u30c1\u30e3\u30f3\u30cd\u30eb' ERROR: 'charmap' codec can't encode characters in position 21-27: character maps to <undefined>
[994/3710] 'MindFlex' -> USED_BY [runway-jupiter] (110)
[995/3710] 'Dope As Yola' -> USED_BY [internvid;runway-jupiter] (344)
[996/3710] 'SXSW' -> USED_BY [internvid;runway-jupiter] (2439)
[997/3710] 'Netflix Philippines' -> USED_BY [internvid;runway-jupiter] (2657)
[998/3710] 'ECD Lacrosse' -> USED_BY [hdvg130m;hdvila100m;internvid;openvid1m;runway-jupiter;vidgen1m;yttemporal-180m] (2669)
[999/3710] 'JaidenAnimations' -> USED_BY [hdvg130m;hdvila100m;internvid;runway-jupiter;vidgen1m;yttemporal-180m] (493)
[1000/3710] 'WB Kids' -> USED_BY [hdvg130m;hdvila100m;internvid;openvid1m;runway-jupiter;vidgen1m;yttemporal-180m] (5531)
[1001/3710] 'Blender Studio' -> USED_BY [internvid;runway-jupiter] (121)
[1002/3710] 'Theme Park Review' -> USED_BY [hdvg130m;hdvila100m;internvid;openvid1m;runway-jupiter;vidgen1m;yttemporal-180m] (3037)
[1003/3710] 'chad kauten' -> USED_BY [internvid;runway-jupiter] (2588)
[1004/3710] 'Nintendo España' -> USED_BY [hdvg130m;hdvila100m;internvid;runway-jupiter;vidgen1m] (2470)
[1005/3710] 'UCI' -> USED_BY [hdvg130m;hdvila100m;internvid;openvid1m;runway-jupiter;vidgen1m;yttemporal-180m] (4937)
[1006/3710] 'Mark Rober' -> USED_BY [hdvg130m;hdvila100m;internvid;openvid1m;runway-jupiter;vidgen1m;yttemporal-180m] (566)
[1007/3710] 'Motor Yacht Loon' -> USED_BY [runway-jupiter] (115)
[1008/3710] 'BIG CHEF COOKING' -> USED_BY [internvid;runway-jupiter] (281)
[1009/3710] 'Pick Up Limes' -> USED_BY [hdvg130m;hdvila100m;internvid;openvid1m;runway-jupiter;vidgen1m;yttemporal-180m] (546)
[1010/3710] 'SlamBall' -> USED_BY [runway-jupiter] (798)
[1011/3710] 'Skylite Productions' -> USED_BY [runway-jupiter] (2349)
[1012/3710] 'JoBlo Animated Videos' -> USED_BY [hdvg130m;hdvila100m;internvid;openvid1m;runway-jupiter;vidgen1m;yttemporal-180m] (3255)
[1013/3710] 'Balance Beam' -> USED_BY [runway-jupiter] (2355)
[1014/3710] 'Tuyet Aerobics' -> USED_BY [internvid;runway-jupiter] (110)
[1015/3710] 'Tipsy Bartender' -> USED_BY [hdvg130m;hdvila100m;internvid;openvid1m;runway-jupiter;vidgen1m;yttemporal-180m] (5796)
[1016/3710] '\uba54\uac00\ud504\ub85c\uc138\uc2a4 Mega Process' ERROR: 'charmap' codec can't encode characters in position 13-18: character maps to <undefined>
[1017/3710] 'Railway Emotions' -> USED_BY [runway-jupiter] (106)
[1018/3710] 'BBC Strictly Come Dancing' -> USED_BY [internvid;runway-jupiter] (2072)
[1019/3710] 'Power Volleyball' -> USED_BY [hdvg130m;hdvila100m;internvid;runway-jupiter;vidgen1m;yttemporal-180m] (2564)
[1020/3710] 'Mike Shake' -> USED_BY [internvid;runway-jupiter] (147)
[1021/3710] 'Go Groomer' -> USED_BY [hdvila100m;internvid;runway-jupiter;vidgen1m;yttemporal-180m] (259)
[1022/3710] 'World Dance New York' -> USED_BY [hdvg130m;hdvila100m;internvid;runway-jupiter;yttemporal-180m] (570)
[1023/3710] 'GLID Gaming' -> USED_BY [runway-jupiter] (187)
[1024/3710] 'ECG WORSHIP SONGS' -> USED_BY [internvid;runway-jupiter] (295)
[1025/3710] 'TRIBE OF JUDAH' -> USED_BY [internvid;runway-jupiter] (295)
[1026/3710] 'StorylineOnline' -> USED_BY [hdvila100m;internvid;runway-jupiter;vidgen1m;yttemporal-180m] (155)
[1027/3710] 'Mr Bean TV' -> USED_BY [internvid;runway-jupiter] (1767)
[1028/3710] 'Ichika Nito' -> USED_BY [internvid;runway-jupiter] (328)
[1029/3710] 'Sand Castle Building - Andy Hancock' -> USED_BY [hdvg130m;hdvila100m;internvid;openvid1m;runway-jupiter;vidgen1m;yttemporal-180m] (285)
[1030/3710] 'Didge Project' -> USED_BY [hdvg130m;hdvila100m;internvid;runway-jupiter;yttemporal-180m] (188)
[1031/3710] 'Cecilia Blomdahl' -> USED_BY [internvid;runway-jupiter] (299)
[1032/3710] 'This Old House' -> USED_BY [hdvg130m;hdvila100m;internvid;openvid1m;runway-jupiter;vidgen1m;yttemporal-180m] (6436)
[1033/3710] "Sotheby's" -> USED_BY [hdvg130m;hdvila100m;internvid;runway-jupiter;vidgen1m] (2331)
[1034/3710] 'Windies Cricket' -> USED_BY [hdvg130m;hdvila100m;internvid;runway-jupiter;vidgen1m;yttemporal-180m] (2273)
[1035/3710] '\u6e56\u5357\u56fd\u9645\u9891\u9053 Hunan TV International  Official Channel' ERROR: 'charmap' codec can't encode characters in position 13-18: character maps to <undefined>
[1036/3710] 'Formula DRIFT' -> USED_BY [hdvg130m;hdvila100m;internvid;runway-jupiter;vidgen1m] (2524)
[1037/3710] 'Nomads With A Purpose: Adventure Travel Family' -> USED_BY [internvid;runway-jupiter] (325)
[1038/3710] 'JSHorsemanship' -> USED_BY [internvid;runway-jupiter] (114)
[1039/3710] 'CHANEL' -> USED_BY [hdvg130m;hdvila100m;internvid;openvid1m;runway-jupiter] (1155)
[1040/3710] 'Fitment Industries' -> USED_BY [hdvg130m;hdvila100m;internvid;openvid1m;runway-jupiter;vidgen1m;yttemporal-180m] (4265)
[1041/3710] 'ClaireCats' -> USED_BY [runway-jupiter] (106)
[1042/3710] 'hickok45' -> USED_BY [hdvg130m;hdvila100m;internvid;openvid1m;runway-jupiter;vidgen1m;yttemporal-180m] (4650)
[1043/3710] 'Nintendo France' -> USED_BY [internvid;runway-jupiter] (2598)
[1044/3710] 'Joseph Solomon' -> USED_BY [internvid;runway-jupiter] (130)
[1045/3710] 'Daily Dose Of Laughs' -> USED_BY [runway-jupiter] (101)
[1046/3710] 'Corning Museum of Glass' -> USED_BY [hdvg130m;hdvila100m;internvid;runway-jupiter;vidgen1m;yttemporal-180m] (1235)
[1047/3710] 'AQHA Video' -> USED_BY [hdvg130m;hdvila100m;internvid;runway-jupiter;vidgen1m;yttemporal-180m] (2217)
[1048/3710] "America's Test Kitchen" -> USED_BY [hdvg130m;hdvila100m;internvid;openvid1m;runway-jupiter;vidgen1m;yttemporal-180m] (6169)
[1049/3710] 'Komar Project' -> USED_BY [internvid;runway-jupiter] (117)
[1050/3710] 'ROPE WORK' -> USED_BY [runway-jupiter] (100)
[1051/3710] 'Screamfest' -> USED_BY [internvid;runway-jupiter] (328)
[1052/3710] "Kay's Clay" -> USED_BY [internvid;runway-jupiter] (105)
[1053/3710] 'CelloDeck \uccbc\ub85c\ub301' ERROR: 'charmap' codec can't encode characters in position 23-25: character maps to <undefined>
[1054/3710] 'Elite WalkThroughs' -> USED_BY [runway-jupiter] (100)
[1055/3710] 'amc+' -> USED_BY [internvid;runway-jupiter] (2361)
[1056/3710] 'YumYum\uc58c\uc58c' ERROR: 'charmap' codec can't encode characters in position 19-20: character maps to <undefined>
[1057/3710] 'Hulu' -> USED_BY [internvid;runway-jupiter] (2240)
[1058/3710] 'World Curling' -> USED_BY [hdvg130m;hdvila100m;internvid;runway-jupiter;vidgen1m] (2472)
[1059/3710] 'People Are Awesome' -> USED_BY [hdvg130m;hdvila100m;internvid;runway-jupiter;vidgen1m;yttemporal-180m] (2317)
[1060/3710] 'Sissy Spaces' -> USED_BY [runway-jupiter] (103)
[1061/3710] '321 Relaxing - Meditation Relax Clips' -> USED_BY [runway-jupiter] (153)
[1062/3710] 'Black Mandala Films' -> USED_BY [runway-jupiter] (98)
[1063/3710] 'Joel Howley' -> USED_BY [internvid;runway-jupiter] (109)
[1064/3710] 'ELLE' -> USED_BY [hdvg130m;hdvila100m;internvid;openvid1m;runway-jupiter;vidgen1m;yttemporal-180m] (3987)
[1065/3710] 'The Ingham Family' -> USED_BY [hdvg130m;hdvila100m;internvid;openvid1m;runway-jupiter;vidgen1m;yttemporal-180m] (3707)
[1066/3710] 'bigtractorpower' -> USED_BY [hdvg130m;hdvila100m;internvid;openvid1m;runway-jupiter;vidgen1m;yttemporal-180m] (3217)
[1067/3710] '5rova' -> USED_BY [runway-jupiter] (98)
[1068/3710] 'Konstantin Baum - Master of Wine' -> USED_BY [internvid;runway-jupiter] (157)
[1069/3710] 'Silo Entertainment' -> USED_BY [hdvg130m;hdvila100m;internvid;openvid1m;runway-jupiter;vidgen1m;yttemporal-180m] (368)
[1070/3710] 'SVF TV “Stock Video Footage TV”' -> USED_BY [runway-jupiter] (461)
[1071/3710] 'Little Chinese Everywhere' -> USED_BY [internvid;runway-jupiter] (98)
[1072/3710] 'Kustorez' -> USED_BY [runway-jupiter] (112)
[1073/3710] 'COMPUTER BILD' -> USED_BY [hdvg130m;hdvila100m;internvid;openvid1m;runway-jupiter;vidgen1m] (2546)
[1074/3710] 'Hop Hop the Owl' -> USED_BY [internvid;runway-jupiter] (135)
[1075/3710] 'Flying with Rich' -> USED_BY [runway-jupiter] (101)
[1076/3710] 'Glamour' -> USED_BY [hdvg130m;hdvila100m;internvid;openvid1m;runway-jupiter;vidgen1m;yttemporal-180m] (1789)
[1077/3710] 'EvanEraTV' -> USED_BY [hdvg130m;hdvila100m;internvid;openvid1m;runway-jupiter;vidgen1m;yttemporal-180m] (2798)
[1078/3710] 'Costantino Carrara Music' -> USED_BY [internvid;runway-jupiter] (152)
[1079/3710] 'JP - Mansion Tours' -> USED_BY [internvid;runway-jupiter] (125)
[1080/3710] '19Bozzy92' -> USED_BY [hdvg130m;hdvila100m;internvid;runway-jupiter;yttemporal-180m] (1825)
[1081/3710] 'IBSF Bobsleigh & Skeleton' -> USED_BY [hdvg130m;hdvila100m;internvid;openvid1m;runway-jupiter;vidgen1m;yttemporal-180m] (2840)
[1082/3710] 'The Deep' -> USED_BY [runway-jupiter] (136)
[1083/3710] 'Insect hunting' -> USED_BY [runway-jupiter] (93)
[1084/3710] 'MasterChef On FOX' -> USED_BY [hdvg130m;hdvila100m;openvid1m;runway-jupiter;yttemporal-180m] (2329)
[1085/3710] 'Emma.Equestrian' -> USED_BY [internvid;runway-jupiter] (1828)
[1086/3710] 'House & Home' -> USED_BY [hdvg130m;hdvila100m;internvid;openvid1m;runway-jupiter;vidgen1m;yttemporal-180m] (3175)
[1087/3710] 'Floret Flower Farm' -> USED_BY [runway-jupiter] (94)
[1088/3710] 'DAZN Fußball International' -> USED_BY [internvid;runway-jupiter] (1843)
[1089/3710] 'carwow' -> USED_BY [hdvg130m;hdvila100m;internvid;openvid1m;runway-jupiter;vidgen1m;yttemporal-180m] (11311)
[1090/3710] 'Ayberk MusiC' -> USED_BY [internvid;runway-jupiter] (106)
[1091/3710] 'Fazal Sharif' -> USED_BY [internvid;runway-jupiter] (133)
[1092/3710] 'Refinery29' -> USED_BY [hdvg130m;hdvila100m;internvid;openvid1m;runway-jupiter;vidgen1m;yttemporal-180m] (5550)
[1093/3710] 'Pro Motocross Championship' -> USED_BY [hdvg130m;hdvila100m;internvid;openvid1m;runway-jupiter;vidgen1m] (1861)
[1094/3710] 'Lackadaisy' -> USED_BY [internvid;runway-jupiter] (113)
[1095/3710] 'Studio McGee' -> USED_BY [hdvg130m;hdvila100m;internvid;openvid1m;runway-jupiter;vidgen1m;yttemporal-180m] (756)
[1096/3710] 'NPR Music' -> USED_BY [hdvg130m;hdvila100m;internvid;openvid1m;runway-jupiter;vidgen1m;yttemporal-180m] (2459)
[1097/3710] 'Love of Grooming' -> USED_BY [hdvg130m;hdvila100m;internvid;runway-jupiter;vidgen1m;yttemporal-180m] (328)
[1098/3710] 'PLAY SPORT' -> USED_BY [runway-jupiter] (89)
[1099/3710] 'Relaxing Walks' -> USED_BY [runway-jupiter] (127)
[1100/3710] 'Rocket Swimming' -> USED_BY [hdvg130m;hdvila100m;internvid;runway-jupiter;vidgen1m;yttemporal-180m] (120)
[1101/3710] '4K Clips And Trailers' -> USED_BY [runway-jupiter] (307)
[1102/3710] 'Thomas & Friends' -> USED_BY [hdvg130m;hdvila100m;internvid;runway-jupiter;vidgen1m] (1912)
[1103/3710] 'MindYourGames' -> USED_BY [runway-jupiter] (2072)
[1104/3710] 'Strong Media' -> USED_BY [runway-jupiter] (1499)
[1105/3710] 'BikeRadar' -> USED_BY [hdvg130m;hdvila100m;internvid;openvid1m;runway-jupiter;vidgen1m;yttemporal-180m] (5613)
[1106/3710] 'Hai Anh Aerobics' -> USED_BY [runway-jupiter] (91)
[1107/3710] 'Disney Plus' -> USED_BY [internvid;runway-jupiter] (903)
[1108/3710] 'Moonbug Kids - Robot Cartoons' -> USED_BY [runway-jupiter] (234)
[1109/3710] 'NOWNESS' -> USED_BY [hdvg130m;hdvila100m;internvid;openvid1m;runway-jupiter;vidgen1m;yttemporal-180m] (2080)
[1110/3710] 'Ukulele Wine Time' -> USED_BY [runway-jupiter] (88)
[1111/3710] 'SurferToday' -> USED_BY [hdvg130m;hdvila100m;internvid;runway-jupiter;vidgen1m] (547)
[1112/3710] 'Caroline Girvan' -> USED_BY [internvid;runway-jupiter] (480)
[1113/3710] 'Voyage' -> USED_BY [hdvila100m;internvid;runway-jupiter] (779)
[1114/3710] 'Disney XD' -> USED_BY [hdvg130m;hdvila100m;internvid;openvid1m;runway-jupiter;vidgen1m;yttemporal-180m] (3398)
[1115/3710] 'Worker with hands' -> USED_BY [runway-jupiter] (151)
[1116/3710] 'TeaserPlay' -> USED_BY [internvid;runway-jupiter] (93)
[1117/3710] 'MARSHALLTOWN' -> USED_BY [hdvg130m;hdvila100m;internvid;runway-jupiter] (144)
[1118/3710] 'Khelpedia ®' -> USED_BY [runway-jupiter] (1059)
[1119/3710] 'Filmsupply' -> USED_BY [runway-jupiter] (103)
[1120/3710] 'GOBELINS Paris' -> USED_BY [hdvg130m;hdvila100m;internvid;runway-jupiter] (551)
[1121/3710] 'Titi Toys and Dolls' -> USED_BY [hdvg130m;hdvila100m;internvid;openvid1m;runway-jupiter;vidgen1m;yttemporal-180m] (2422)
[1122/3710] 'Airsoft Alfonse' -> USED_BY [internvid;runway-jupiter] (153)
[1123/3710] 'Random Things' -> USED_BY [internvid;runway-jupiter] (174)
[1124/3710] 'ErikTheElectric' -> USED_BY [hdvg130m;hdvila100m;internvid;openvid1m;runway-jupiter;vidgen1m;yttemporal-180m] (2532)
[1125/3710] 'Big Muscles' -> USED_BY [internvid;runway-jupiter] (89)
[1126/3710] 'SpeedoInternational' -> USED_BY [hdvila100m;internvid;runway-jupiter;yttemporal-180m] (380)
[1127/3710] '99Techspot' -> USED_BY [internvid;runway-jupiter] (87)
[1128/3710] 'Wood Mood' -> USED_BY [internvid;runway-jupiter] (2261)
[1129/3710] 'Cali Condor' -> USED_BY [internvid;runway-jupiter] (1749)
[1130/3710] 'Rare Earth' -> USED_BY [internvid;openvid1m;runway-jupiter] (184)
[1131/3710] '1320video' -> USED_BY [hdvg130m;hdvila100m;internvid;openvid1m;runway-jupiter;vidgen1m;yttemporal-180m] (4473)
[1132/3710] 'PeterBjorck' -> USED_BY [internvid;runway-jupiter] (140)
[1133/3710] 'Essen Recipes' -> USED_BY [internvid;runway-jupiter] (411)
[1134/3710] 'blue hippo films' -> USED_BY [internvid;runway-jupiter] (1528)
[1135/3710] 'Emily Noel' -> USED_BY [hdvg130m;hdvila100m;internvid;openvid1m;runway-jupiter;vidgen1m;yttemporal-180m] (2662)
[1136/3710] 'Art Theory' -> USED_BY [internvid;runway-jupiter] (88)
[1137/3710] 'Adam Ondra' -> USED_BY [hdvg130m;hdvila100m;internvid;openvid1m;runway-jupiter;vidgen1m;yttemporal-180m] (431)
[1138/3710] 'HP DIY Farming' -> USED_BY [runway-jupiter] (83)
[1139/3710] 'Outperform' -> USED_BY [internvid;runway-jupiter] (136)
[1140/3710] 'Vlad and Niki' -> USED_BY [internvid;runway-jupiter;yttemporal-180m] (838)
[1141/3710] 'GTX 1050 Ti' -> USED_BY [runway-jupiter] (1640)
[1142/3710] 'Metallica' -> USED_BY [hdvg130m;hdvila100m;internvid;openvid1m;runway-jupiter;vidgen1m;yttemporal-180m] (1753)
[1143/3710] 'Amazing Scenic Drives' -> USED_BY [runway-jupiter] (172)
[1144/3710] 'Bobby White' -> USED_BY [internvid;runway-jupiter] (93)
[1145/3710] 'The Sims' -> USED_BY [hdvg130m;hdvila100m;internvid;openvid1m;runway-jupiter] (356)
[1146/3710] 'EpicTV Climbing Daily' -> USED_BY [hdvg130m;hdvila100m;internvid;openvid1m;runway-jupiter;vidgen1m;yttemporal-180m] (4210)
[1147/3710] 'Martijn Doolaard' -> USED_BY [internvid;runway-jupiter] (96)
[1148/3710] 'Claws' -> USED_BY [internvid;runway-jupiter] (204)
[1149/3710] 'Jake Frew' -> USED_BY [internvid;runway-jupiter] (84)
[1150/3710] 'Soft White Underbelly' -> USED_BY [internvid;runway-jupiter] (1434)
[1151/3710] 'Kerala Tourism' -> USED_BY [internvid;runway-jupiter] (1924)
[1152/3710] 'TheBruSho' -> USED_BY [internvid;runway-jupiter] (128)
[1153/3710] 'TheOdd1sOut' -> USED_BY [hdvg130m;hdvila100m;internvid;openvid1m;runway-jupiter;vidgen1m;yttemporal-180m] (542)
[1154/3710] 'DVDFilmBonus' -> USED_BY [runway-jupiter] (119)
[1155/3710] 'Netflix After School' -> USED_BY [hdvg130m;hdvila100m;internvid;openvid1m;runway-jupiter;vidgen1m;yttemporal-180m] (2160)
[1156/3710] '\u817e\u8baf\u89c6\u9891 - \u7eaa\u5f55\u7247 - Get the WeTV APP' ERROR: 'charmap' codec can't encode characters in position 13-16: character maps to <undefined>
[1157/3710] 'Troom Troom SELECT' -> USED_BY [hdvg130m;hdvila100m;internvid;openvid1m;runway-jupiter;vidgen1m;yttemporal-180m] (3819)
[1158/3710] 'Lionsgate Movies' -> USED_BY [hdvila100m;internvid;runway-jupiter;yttemporal-180m] (1687)
[1159/3710] 'Universal Pictures' -> USED_BY [hdvg130m;hdvila100m;internvid;openvid1m;runway-jupiter;vidgen1m;yttemporal-180m] (1853)
[1160/3710] 'MCN - Motorcyclenews.com' -> USED_BY [internvid;runway-jupiter;yttemporal-180m] (1995)
[1161/3710] 'eHowSports' -> USED_BY [hdvg130m;hdvila100m;internvid;openvid1m;runway-jupiter;vidgen1m;yttemporal-180m] (5269)
[1162/3710] 'Delack Media Group' -> USED_BY [runway-jupiter] (245)
[1163/3710] 'Self Defense Tutorials' -> USED_BY [internvid;runway-jupiter;yttemporal-180m] (127)
[1164/3710] 'Cake Cake' -> USED_BY [internvid;runway-jupiter] (923)
[1165/3710] 'The Walking Dead' -> USED_BY [hdvg130m;hdvila100m;openvid1m;runway-jupiter;yttemporal-180m] (2542)
[1166/3710] 'Columbia University Irving Medical Center' -> USED_BY [internvid;runway-jupiter] (134)
[1167/3710] 'Foxes - Raw & Wild' -> USED_BY [runway-jupiter] (342)
[1168/3710] 'FreeDawkins' -> USED_BY [hdvila100m;internvid;runway-jupiter;yttemporal-180m] (1486)
[1169/3710] 'Greyhound Racing' -> USED_BY [runway-jupiter] (1946)
[1170/3710] 'Abroad and Hungry' -> USED_BY [internvid;runway-jupiter] (80)
[1171/3710] 'Camp Lakebottom - 9 Story' -> USED_BY [internvid;runway-jupiter] (491)
[1172/3710] 'Ride with Clara' -> USED_BY [runway-jupiter] (98)
[1173/3710] 'Regular Show' -> USED_BY [runway-jupiter] (77)
[1174/3710] 'Netflix Anime' -> USED_BY [internvid;runway-jupiter] (1446)
[1175/3710] 'Lost Lakes' -> USED_BY [internvid;runway-jupiter] (140)
[1176/3710] 'NASA Goddard' -> USED_BY [hdvg130m;hdvila100m;internvid;openvid1m;runway-jupiter;vidgen1m;yttemporal-180m] (4127)
[1177/3710] 'Squat University' -> USED_BY [internvid;runway-jupiter] (1861)
[1178/3710] 'Psychedelic Zen' -> USED_BY [runway-jupiter] (254)
[1179/3710] 'Cinderella Sew' -> USED_BY [hdvg130m;hdvila100m;internvid;runway-jupiter;vidgen1m;yttemporal-180m] (472)
[1180/3710] 'TUK Crafts' -> USED_BY [internvid;runway-jupiter] (157)
[1181/3710] 'Nikolai Schirmer' -> USED_BY [internvid;runway-jupiter] (76)
[1182/3710] 'Peaceful Relaxation 4K' -> USED_BY [runway-jupiter] (75)
[1183/3710] 'Beauty of Science' -> USED_BY [runway-jupiter] (76)
[1184/3710] '\ubaa9\uacf5TV' ERROR: 'charmap' codec can't encode characters in position 13-14: character maps to <undefined>
[1185/3710] 'Call of Duty' -> USED_BY [hdvg130m;hdvila100m;internvid;openvid1m;runway-jupiter;yttemporal-180m] (1511)
[1186/3710] 'Munchies' -> USED_BY [hdvg130m;hdvila100m;internvid;openvid1m;runway-jupiter;vidgen1m;yttemporal-180m] (3829)
[1187/3710] 'The Cincinnati Zoo & Botanical Garden' -> USED_BY [hdvg130m;hdvila100m;openvid1m;runway-jupiter;vidgen1m;yttemporal-180m] (5568)
[1188/3710] 'Disc Golf Pro Tour' -> USED_BY [hdvg130m;hdvila100m;internvid;openvid1m;runway-jupiter;yttemporal-180m] (1983)
[1189/3710] 'Playing For Change' -> USED_BY [internvid;runway-jupiter] (495)
[1190/3710] 'Unicycle.com (UK)' -> USED_BY [hdvg130m;hdvila100m;internvid;runway-jupiter;vidgen1m;yttemporal-180m] (148)
[1191/3710] '\u6ec7\u897f\u5c0f\u54e5 Dianxi Xiaoge' ERROR: 'charmap' codec can't encode characters in position 13-16: character maps to <undefined>
[1192/3710] "Harper's BAZAAR" -> USED_BY [hdvg130m;hdvila100m;internvid;openvid1m;runway-jupiter;vidgen1m;yttemporal-180m] (1577)
[1193/3710] 'Adam LZ' -> USED_BY [hdvg130m;hdvila100m;internvid;openvid1m;runway-jupiter;vidgen1m;yttemporal-180m] (5024)
[1194/3710] '10GALLEN81' -> USED_BY [internvid;runway-jupiter] (1707)
[1195/3710] 'Doughnuts' -> USED_BY [runway-jupiter] (1768)
[1196/3710] 'NSSF—The Firearm Industry Trade Association' -> USED_BY [hdvg130m;hdvila100m;internvid;openvid1m;runway-jupiter;vidgen1m;yttemporal-180m] (749)
[1197/3710] 'vkgoeswild' -> USED_BY [hdvg130m;hdvila100m;internvid;runway-jupiter;vidgen1m;yttemporal-180m] (900)
[1198/3710] 'WaxFraud' -> USED_BY [runway-jupiter] (405)
[1199/3710] 'Bricksane' -> USED_BY [runway-jupiter] (88)
[1200/3710] 'AMPISOUND' -> USED_BY [internvid;runway-jupiter] (129)
[1201/3710] 'Eater' -> USED_BY [hdvg130m;hdvila100m;internvid;openvid1m;runway-jupiter;vidgen1m;yttemporal-180m] (4133)
[1202/3710] 'CWSA' -> USED_BY [runway-jupiter] (1497)
[1203/3710] 'ARRIChannel' -> USED_BY [hdvg130m;hdvila100m;internvid;runway-jupiter;vidgen1m] (934)
[1204/3710] 'London Symphony Orchestra' -> USED_BY [runway-jupiter] (713)
[1205/3710] 'Clarence' -> USED_BY [internvid;runway-jupiter;yttemporal-180m] (84)
[1206/3710] 'Allie Sherlock' -> USED_BY [hdvila100m;internvid;runway-jupiter;vidgen1m;yttemporal-180m] (1265)
[1207/3710] 'The Waterski Broadcasting Company' -> USED_BY [hdvila100m;internvid;runway-jupiter] (1510)
[1208/3710] 'Tim Milgram' -> USED_BY [hdvg130m;hdvila100m;internvid;openvid1m;runway-jupiter;yttemporal-180m] (413)
[1209/3710] 'Wild Kratts - 9 Story' -> USED_BY [hdvg130m;hdvila100m;internvid;runway-jupiter;vidgen1m;yttemporal-180m] (1602)
[1210/3710] 'iLL Flow' -> USED_BY [runway-jupiter] (1536)
[1211/3710] 'DisneyMusicVEVO' -> USED_BY [hdvg130m;hdvila100m;internvid;openvid1m;runway-jupiter;vidgen1m;yttemporal-180m] (2090)
[1212/3710] 'S\u01a1n Thôn' ERROR: 'charmap' codec can't encode character '\u01a1' in position 14: character maps to <undefined>
[1213/3710] 'Erik Aanderaa' -> USED_BY [internvid;runway-jupiter] (71)
[1214/3710] 'Focus Features' -> USED_BY [internvid;runway-jupiter] (1370)
[1215/3710] 'HYBE LABELS' -> USED_BY [hdvg130m;hdvila100m;internvid;openvid1m;runway-jupiter;vidgen1m;yttemporal-180m] (1769)
[1216/3710] 'Irgendwas mit ARTE und Kultur' -> USED_BY [internvid;runway-jupiter] (1216)
[1217/3710] 'College Bound Jocks' -> USED_BY [runway-jupiter] (1712)
[1218/3710] 'GDK Stock Video' -> USED_BY [runway-jupiter] (1356)
[1219/3710] 'ARTEde' -> USED_BY [internvid;runway-jupiter] (1421)
[1220/3710] 'Tomorrowland' -> USED_BY [hdvg130m;hdvila100m;internvid;runway-jupiter;yttemporal-180m] (1618)
[1221/3710] 'UNTRODDEN WORLD' -> USED_BY [runway-jupiter] (1485)
[1222/3710] 'Everyday Food' -> USED_BY [hdvg130m;hdvila100m;internvid;openvid1m;runway-jupiter;vidgen1m;yttemporal-180m] (5741)
[1223/3710] 'Aerial Earth \U0001f30e' ERROR: 'charmap' codec can't encode character '\U0001f30e' in position 26: character maps to <undefined>
[1224/3710] 'Her 86m2' -> USED_BY [internvid;runway-jupiter] (159)
[1225/3710] 'FunForLouis' -> USED_BY [hdvg130m;hdvila100m;internvid;openvid1m;runway-jupiter;vidgen1m;yttemporal-180m] (4627)
[1226/3710] 'SAM THE COOKING GUY' -> USED_BY [hdvg130m;hdvila100m;internvid;openvid1m;runway-jupiter;vidgen1m;yttemporal-180m] (4095)
[1227/3710] '\u76f8\u4fe1\u97f3\u6a02BinMusic' ERROR: 'charmap' codec can't encode characters in position 13-16: character maps to <undefined>
[1228/3710] 'HCL Poker Clips' -> USED_BY [internvid;runway-jupiter] (1305)
[1229/3710] 'NewYork-Presbyterian Hospital' -> USED_BY [internvid;runway-jupiter] (985)
[1230/3710] 'MAGNETFILM' -> USED_BY [hdvg130m;hdvila100m;internvid;openvid1m;runway-jupiter;vidgen1m;yttemporal-180m] (263)
[1231/3710] 'Modern House Cabin' -> USED_BY [internvid;runway-jupiter] (75)
[1232/3710] 'Sealey Tools' -> USED_BY [hdvg130m;hdvila100m;internvid;runway-jupiter;yttemporal-180m] (275)
[1233/3710] 'Sewing at Home Mom' -> USED_BY [internvid;runway-jupiter] (76)
[1234/3710] 'Bé Cá \u0110\u1ed3 Ch\u01a1i' ERROR: 'charmap' codec can't encode characters in position 19-20: character maps to <undefined>
[1235/3710] 'Life with Malamutes' -> USED_BY [hdvg130m;hdvila100m;internvid;openvid1m;runway-jupiter;vidgen1m;yttemporal-180m] (1522)
[1236/3710] 'Citrus' -> USED_BY [hdvg130m;hdvila100m;internvid;openvid1m;runway-jupiter;vidgen1m;yttemporal-180m] (1401)
[1237/3710] 'Stodeh' -> USED_BY [hdvg130m;hdvila100m;internvid;runway-jupiter] (1366)
[1238/3710] 'EARTH STORY' -> USED_BY [runway-jupiter] (177)
[1239/3710] 'Dubai Travel Guide' -> USED_BY [runway-jupiter] (85)
[1240/3710] 'jaybyrdfilms' -> USED_BY [runway-jupiter] (97)
[1241/3710] 'Insider Food' -> USED_BY [hdvg130m;hdvila100m;internvid;openvid1m;runway-jupiter;vidgen1m;yttemporal-180m] (5724)
[1242/3710] 'The Voice' -> USED_BY [internvid;runway-jupiter] (1589)
[1243/3710] 'Vans' -> USED_BY [hdvg130m;hdvila100m;internvid;openvid1m;runway-jupiter;vidgen1m;yttemporal-180m] (3072)
[1244/3710] 'Nobel Prize' -> USED_BY [internvid;runway-jupiter] (1614)
[1245/3710] 'PRIMAL EARTH' -> USED_BY [runway-jupiter] (65)
[1246/3710] 'UnCappedProductions' -> USED_BY [runway-jupiter] (77)
[1247/3710] 'BUSHCRAFT: OUTDOOR ADVENTURES' -> USED_BY [runway-jupiter] (69)
[1248/3710] 'SA Skydiving' -> USED_BY [runway-jupiter] (1556)
[1249/3710] 'Apple TV' -> USED_BY [hdvg130m;hdvila100m;internvid;runway-jupiter;yttemporal-180m] (1520)
[1250/3710] 'Prowalk Tours' -> USED_BY [runway-jupiter;yttemporal-180m] (323)
[1251/3710] 'Chrysler Museum of Art' -> USED_BY [runway-jupiter;yttemporal-180m] (172)
[1252/3710] 'World of Warcraft' -> USED_BY [hdvg130m;hdvila100m;internvid;runway-jupiter] (1215)
[1253/3710] 'Hakan Karahan Do\u011fada' ERROR: 'charmap' codec can't encode character '\u011f' in position 29: character maps to <undefined>
[1254/3710] 'AFH Projects' -> USED_BY [runway-jupiter] (65)
[1255/3710] 'Yar' -> USED_BY [internvid;runway-jupiter] (71)
[1256/3710] 'Calisthenicmovement' -> USED_BY [hdvg130m;hdvila100m;internvid;openvid1m;runway-jupiter;vidgen1m;yttemporal-180m] (725)
[1257/3710] 'Louisiana Channel' -> USED_BY [hdvg130m;hdvila100m;internvid;openvid1m;runway-jupiter;vidgen1m;yttemporal-180m] (1677)
[1258/3710] 'DJ Mag' -> USED_BY [internvid;runway-jupiter] (1552)
[1259/3710] "America's Got Talent" -> USED_BY [hdvg130m;hdvila100m;internvid;openvid1m;runway-jupiter;vidgen1m;yttemporal-180m] (2687)
[1260/3710] 'GameV' -> USED_BY [internvid;runway-jupiter] (1383)
[1261/3710] 'WackenTV' -> USED_BY [internvid;openvid1m;runway-jupiter;yttemporal-180m] (1747)
[1262/3710] 'Yammie Noob' -> USED_BY [hdvg130m;hdvila100m;internvid;openvid1m;runway-jupiter;vidgen1m;yttemporal-180m] (3400)
[1263/3710] 'Outdoor Therapy' -> USED_BY [runway-jupiter] (953)
[1264/3710] 'Handsome Nature' -> USED_BY [runway-jupiter] (1556)
[1265/3710] 'Team USA' -> USED_BY [hdvg130m;hdvila100m;internvid;openvid1m;runway-jupiter;vidgen1m;yttemporal-180m] (2821)
[1266/3710] 'shurap' -> USED_BY [internvid;runway-jupiter] (104)
[1267/3710] 'The Art of Metalsmithing' -> USED_BY [hdvg130m;hdvila100m;internvid;runway-jupiter;yttemporal-180m] (209)
[1268/3710] 'Luke Combs' -> USED_BY [internvid;runway-jupiter] (70)
[1269/3710] 'Mike Tytula' -> USED_BY [hdvg130m;hdvila100m;internvid;openvid1m;runway-jupiter;vidgen1m;yttemporal-180m] (1590)
[1270/3710] 'Kerni FPV' -> USED_BY [runway-jupiter] (63)
[1271/3710] 'Alt Shift X' -> USED_BY [hdvg130m;hdvila100m;internvid;openvid1m;runway-jupiter;vidgen1m;yttemporal-180m] (526)
[1272/3710] 'Q-dance' -> USED_BY [hdvila100m;internvid;runway-jupiter] (1525)
[1273/3710] 'Rocks Cousteau' -> USED_BY [hdvila100m;runway-jupiter;vidgen1m;yttemporal-180m] (1540)
[1274/3710] 'Patagonia' -> USED_BY [hdvg130m;hdvila100m;internvid;runway-jupiter;yttemporal-180m] (1260)
[1275/3710] 'Audrey Victoria' -> USED_BY [hdvila100m;internvid;runway-jupiter;yttemporal-180m] (1162)
[1276/3710] 'SUPER RUGBY PACIFIC & TRC' -> USED_BY [hdvg130m;hdvila100m;internvid;runway-jupiter;vidgen1m;yttemporal-180m] (1584)
[1277/3710] 'Nasjonalparkriket' -> USED_BY [runway-jupiter] (67)
[1278/3710] 'Nintendo Mobile' -> USED_BY [internvid;runway-jupiter] (1187)
[1279/3710] 'Kinderoutdoor Kinderoutdoor' -> USED_BY [internvid;runway-jupiter] (1304)
[1280/3710] "L'AGENCE" -> USED_BY [runway-jupiter] (64)
[1281/3710] 'THE-LOWDOWN.com' -> USED_BY [runway-jupiter] (67)
[1282/3710] 'TechSource' -> USED_BY [hdvg130m;hdvila100m;internvid;openvid1m;runway-jupiter;vidgen1m;yttemporal-180m] (6129)
[1283/3710] "Men's Health" -> USED_BY [hdvg130m;hdvila100m;internvid;openvid1m;runway-jupiter;vidgen1m;yttemporal-180m] (2372)
[1284/3710] '\uba74\uc0c1\ud638[NoodleFighter]' ERROR: 'charmap' codec can't encode characters in position 13-15: character maps to <undefined>
[1285/3710] 'FIS Freestyle Skiing' -> USED_BY [hdvg130m;hdvila100m;internvid;runway-jupiter] (1418)
[1286/3710] 'Rene ASMR' -> USED_BY [runway-jupiter] (60)
[1287/3710] 'VC Adventures' -> USED_BY [hdvg130m;hdvila100m;internvid;openvid1m;runway-jupiter;vidgen1m;yttemporal-180m] (1053)
[1288/3710] 'Nikola Horvat - Tesla' -> USED_BY [runway-jupiter] (110)
[1289/3710] 'Grill Top Experience' -> USED_BY [hdvg130m;hdvila100m;internvid;openvid1m;runway-jupiter;vidgen1m;yttemporal-180m] (342)
[1290/3710] 'April Yang' -> USED_BY [internvid;runway-jupiter] (120)
[1291/3710] 'Smoke' -> USED_BY [internvid;runway-jupiter] (372)
[1292/3710] 'Pixar Cars' -> USED_BY [internvid;runway-jupiter] (425)
[1293/3710] 'BeaverCraft' -> USED_BY [internvid;runway-jupiter] (1551)
[1294/3710] 'FIS Cross Country' -> USED_BY [hdvg130m;hdvila100m;internvid;runway-jupiter;vidgen1m;yttemporal-180m] (1544)
[1295/3710] 'blacksmifh' -> USED_BY [internvid;runway-jupiter] (1410)
[1296/3710] 'ARTE' -> USED_BY [internvid;runway-jupiter] (1328)
[1297/3710] 'Curious George Official' -> USED_BY [internvid;runway-jupiter] (1491)
[1298/3710] 'Justin Lee' -> USED_BY [internvid;runway-jupiter] (1150)
[1299/3710] 'Aniplex USA' -> USED_BY [hdvila100m;internvid;runway-jupiter] (1398)
[1300/3710] 'Iraqveteran8888' -> USED_BY [hdvg130m;hdvila100m;internvid;openvid1m;runway-jupiter;vidgen1m;yttemporal-180m] (1899)
[1301/3710] 'Ed Pratt' -> USED_BY [internvid;runway-jupiter] (168)
[1302/3710] 'DisKirra' -> USED_BY [internvid;runway-jupiter] (78)
[1303/3710] 'Amerra Medical' -> USED_BY [hdvg130m;hdvila100m;internvid;runway-jupiter] (145)
[1304/3710] 'RockThatSwing' -> USED_BY [internvid;runway-jupiter] (606)
[1305/3710] 'Japanese Tools Australia' -> USED_BY [internvid;runway-jupiter] (66)
[1306/3710] 'Masha and The Bear' -> USED_BY [hdvg130m;hdvila100m;internvid;openvid1m;runway-jupiter;vidgen1m;yttemporal-180m] (1300)
[1307/3710] 'Kevin Talbot' -> USED_BY [hdvg130m;hdvila100m;internvid;runway-jupiter;vidgen1m;yttemporal-180m] (1445)
[1308/3710] 'Epicurious' -> USED_BY [hdvg130m;hdvila100m;internvid;openvid1m;runway-jupiter;vidgen1m;yttemporal-180m] (2791)
[1309/3710] 'SomersetCricket' -> USED_BY [internvid;runway-jupiter] (1428)
[1310/3710] 'Olesya & house' -> USED_BY [runway-jupiter] (58)
[1311/3710] 'ActionAdventureTwins' -> USED_BY [internvid;runway-jupiter] (199)
[1312/3710] 'Hitesh KS : Hindi Gaming' -> USED_BY [internvid;runway-jupiter] (1047)
[1313/3710] 'Starting Strength' -> USED_BY [hdvg130m;hdvila100m;internvid;openvid1m;runway-jupiter;vidgen1m;yttemporal-180m] (2269)
[1314/3710] 'TheTopher' -> USED_BY [hdvg130m;hdvila100m;internvid;openvid1m;runway-jupiter;vidgen1m;yttemporal-180m] (1971)
[1315/3710] 'CodyBPyrotechnics' -> USED_BY [internvid;runway-jupiter] (1227)
[1316/3710] 'Mike Less - Farmhand Mike' -> USED_BY [hdvg130m;hdvila100m;internvid;openvid1m;runway-jupiter;yttemporal-180m] (1327)
[1317/3710] 'Africa Travel Channel' -> USED_BY [internvid;runway-jupiter] (1026)
[1318/3710] 'Inside Lacrosse' -> USED_BY [internvid;openvid1m;runway-jupiter;yttemporal-180m] (1136)
[1319/3710] "Dexter's World" -> USED_BY [hdvg130m;hdvila100m;internvid;openvid1m;runway-jupiter;vidgen1m;yttemporal-180m] (2321)
[1320/3710] 'Nick DiGiovanni' -> USED_BY [internvid;runway-jupiter] (698)
[1321/3710] 'Red Bull Snow' -> USED_BY [hdvg130m;hdvila100m;internvid;openvid1m;runway-jupiter;vidgen1m;yttemporal-180m] (969)
[1322/3710] 'Fares Ksebati' -> USED_BY [internvid;runway-jupiter] (1530)
[1323/3710] 'VacLab' -> USED_BY [hdvg130m;hdvila100m;internvid;runway-jupiter;yttemporal-180m] (1170)
[1324/3710] 'Vevo' -> USED_BY [internvid;runway-jupiter] (1277)
[1325/3710] 'ONLY in JAPAN * GO' -> USED_BY [hdvg130m;hdvila100m;internvid;openvid1m;runway-jupiter;vidgen1m;yttemporal-180m] (1464)
[1326/3710] 'Victoria Witthinrich' -> USED_BY [runway-jupiter] (118)
[1327/3710] "Kohl's Kicking Camps" -> USED_BY [hdvila100m;internvid;runway-jupiter] (606)
[1328/3710] 'Screen Junkies' -> USED_BY [hdvg130m;hdvila100m;internvid;openvid1m;runway-jupiter;vidgen1m;yttemporal-180m] (3459)
[1329/3710] "Wang's record" -> USED_BY [runway-jupiter] (60)
[1330/3710] 'Jaume Soler Movies' -> USED_BY [internvid;runway-jupiter] (1394)
[1331/3710] 'SurajFineArts - Abstract ART' -> USED_BY [internvid;runway-jupiter] (1408)
[1332/3710] 'Newsshooter' -> USED_BY [hdvg130m;hdvila100m;openvid1m;runway-jupiter;vidgen1m;yttemporal-180m] (1911)
[1333/3710] 'VIFF' -> USED_BY [internvid;runway-jupiter] (1587)
[1334/3710] 'TeachMeGrappling Coach Brian' -> USED_BY [hdvg130m;hdvila100m;internvid;openvid1m;runway-jupiter;vidgen1m;yttemporal-180m] (2194)
[1335/3710] 'Picture Pulse' -> USED_BY [runway-jupiter] (62)
[1336/3710] 'tugce dumlupinar' -> USED_BY [internvid;runway-jupiter] (63)
[1337/3710] 'ALL in 4K' -> USED_BY [runway-jupiter] (364)
[1338/3710] 'Jurassic World Kids' -> USED_BY [hdvila100m;internvid;openvid1m;runway-jupiter;vidgen1m;yttemporal-180m] (171)
[1339/3710] 'varlamov' -> USED_BY [internvid;runway-jupiter] (1411)
[1340/3710] 'Everyday washing dishes is easy. How to.' -> USED_BY [runway-jupiter] (1105)
[1341/3710] "Lord's Cricket Ground" -> USED_BY [hdvg130m;hdvila100m;internvid;runway-jupiter;vidgen1m;yttemporal-180m] (2351)
[1342/3710] 'NintendoAU' -> USED_BY [hdvila100m;internvid;runway-jupiter] (1226)
[1343/3710] 'ikfchannel' -> USED_BY [internvid;runway-jupiter] (1371)
[1344/3710] 'Liam Brown' -> USED_BY [internvid;runway-jupiter] (61)
[1345/3710] 'More Aquarium Co-Op' -> USED_BY [hdvg130m;hdvila100m;internvid;openvid1m;runway-jupiter;yttemporal-180m] (68)
[1346/3710] 'ThinLineMedia' -> USED_BY [internvid;runway-jupiter] (56)
[1347/3710] 'Ben 10' -> USED_BY [internvid;runway-jupiter] (903)
[1348/3710] 'Roman Hense' -> USED_BY [runway-jupiter] (203)
[1349/3710] 'Dr Joseph Cipriano DC' -> USED_BY [internvid;runway-jupiter] (981)
[1350/3710] 'Dude Perfect' -> USED_BY [hdvg130m;hdvila100m;internvid;openvid1m;runway-jupiter;vidgen1m;yttemporal-180m] (1051)
[1351/3710] 'PPO' -> USED_BY [internvid;runway-jupiter] (112)
[1352/3710] '\u0428\u043a\u043e\u043b\u0430 \u0412\u044f\u0437\u0430\u043d\u0438\u044f \u0441 \u041a\u0430\u0442\u0435\u0440\u0438\u043d\u043e\u0439 \u041c\u0443\u0448\u0438\u043d' ERROR: 'charmap' codec can't encode characters in position 13-17: character maps to <undefined>
[1353/3710] 'Matsimus' -> USED_BY [hdvg130m;hdvila100m;internvid;openvid1m;runway-jupiter;vidgen1m;yttemporal-180m] (1107)
[1354/3710] 'Black Mountain Honey' -> USED_BY [internvid;runway-jupiter] (1107)
[1355/3710] 'Wood By Wright How To' -> USED_BY [hdvila100m;internvid;runway-jupiter;vidgen1m;yttemporal-180m] (886)
[1356/3710] 'Indoor Cycling Videos' -> USED_BY [runway-jupiter] (992)
[1357/3710] 'The New Yorker' -> USED_BY [hdvg130m;hdvila100m;internvid;openvid1m;runway-jupiter;vidgen1m;yttemporal-180m] (2540)
[1358/3710] 'PBS America' -> USED_BY [runway-jupiter] (499)
[1359/3710] 'Explore India' -> USED_BY [runway-jupiter] (66)
[1360/3710] 'wild camp' -> USED_BY [runway-jupiter] (72)
[1361/3710] 'Greyhound Coursing club' -> USED_BY [internvid;runway-jupiter] (1054)
[1362/3710] 'Ali Spagnola' -> USED_BY [hdvg130m;hdvila100m;internvid;openvid1m;runway-jupiter;vidgen1m;yttemporal-180m] (1817)
[1363/3710] 'Skid Kids' -> USED_BY [hdvg130m;hdvila100m;internvid;openvid1m;runway-jupiter;vidgen1m;yttemporal-180m] (1229)
[1364/3710] 'chatpat toy tv' -> USED_BY [internvid;runway-jupiter] (1272)
[1365/3710] 'Gabriel Varga' -> USED_BY [internvid;runway-jupiter] (1161)
[1366/3710] 'First We Feast' -> USED_BY [hdvg130m;hdvila100m;internvid;openvid1m;runway-jupiter;vidgen1m;yttemporal-180m] (2686)
[1367/3710] 'DansTube.TV' -> USED_BY [hdvg130m;hdvila100m;internvid;runway-jupiter;vidgen1m;yttemporal-180m] (1470)
[1368/3710] 'Gingium' -> USED_BY [hdvg130m;hdvila100m;internvid;openvid1m;runway-jupiter;vidgen1m;yttemporal-180m] (3145)
[1369/3710] 'Baby Shark Official' -> USED_BY [internvid;runway-jupiter] (1194)
[1370/3710] 'Excavator Cambodia' -> USED_BY [internvid;runway-jupiter] (1145)
[1371/3710] 'Shiho Masuda' -> USED_BY [hdvila100m;internvid;runway-jupiter;yttemporal-180m] (79)
[1372/3710] 'Northern Wild Harvest' -> USED_BY [runway-jupiter] (96)
[1373/3710] 'Kanishk Gupta' -> USED_BY [runway-jupiter] (87)
[1374/3710] 'StyleLikeU' -> USED_BY [hdvg130m;hdvila100m;internvid;openvid1m;runway-jupiter;vidgen1m;yttemporal-180m] (848)
[1375/3710] 'pigmie' -> USED_BY [hdvg130m;hdvila100m;internvid;runway-jupiter;yttemporal-180m] (1087)
[1376/3710] 'FloMarching' -> USED_BY [runway-jupiter] (1220)
[1377/3710] 'LockPickingLawyer' -> USED_BY [hdvg130m;hdvila100m;internvid;openvid1m;runway-jupiter;vidgen1m;yttemporal-180m] (3990)
[1378/3710] 'Edgar Bombril' -> USED_BY [internvid;runway-jupiter] (1126)
[1379/3710] 'JB ONeill' -> USED_BY [hdvg130m;hdvila100m;internvid;openvid1m;runway-jupiter;vidgen1m;yttemporal-180m] (1328)
[1380/3710] 'Bon Appétit' -> USED_BY [hdvg130m;hdvila100m;internvid;openvid1m;runway-jupiter;vidgen1m;yttemporal-180m] (3707)
[1381/3710] 'COLORS' -> USED_BY [internvid;openvid1m;runway-jupiter;yttemporal-180m] (916)
[1382/3710] 'Relaxing Campfires' -> USED_BY [runway-jupiter] (53)
[1383/3710] 'Rabbids Invasion' -> USED_BY [internvid;runway-jupiter] (438)
[1384/3710] 'Ash and Summer' -> USED_BY [runway-jupiter] (150)
[1385/3710] 'Food52' -> USED_BY [hdvg130m;hdvila100m;internvid;openvid1m;runway-jupiter;vidgen1m;yttemporal-180m] (2090)
[1386/3710] '235FireFly' -> USED_BY [internvid;runway-jupiter] (1200)
[1387/3710] 'RecipeTin Eats' -> USED_BY [internvid;runway-jupiter] (915)
[1388/3710] 'PeruseProject' -> USED_BY [hdvg130m;hdvila100m;internvid;runway-jupiter;vidgen1m] (1046)
[1389/3710] 'Canyon Bicycles' -> USED_BY [hdvg130m;hdvila100m;internvid;runway-jupiter;vidgen1m;yttemporal-180m] (826)
[1390/3710] 'Rajiv Surendra' -> USED_BY [runway-jupiter] (67)
[1391/3710] 'Alessio Lacco' -> USED_BY [runway-jupiter;yttemporal-180m] (73)
[1392/3710] 'DK-Aerial' -> USED_BY [runway-jupiter] (54)
[1393/3710] 'Daybird Sanctuary' -> USED_BY [hdvg130m;hdvila100m;internvid;runway-jupiter;vidgen1m;yttemporal-180m] (962)
[1394/3710] 'Marshal No Commentary' -> USED_BY [runway-jupiter] (755)
[1395/3710] 'Matty Bowman' -> USED_BY [internvid;runway-jupiter] (817)
[1396/3710] 'COOP3RDRUMM3R' -> USED_BY [hdvg130m;hdvila100m;internvid;openvid1m;runway-jupiter;vidgen1m;yttemporal-180m] (1671)
[1397/3710] "JoJo's World" -> USED_BY [internvid;runway-jupiter] (1095)
[1398/3710] 'NIGHTRIDE' -> USED_BY [internvid;runway-jupiter] (395)
[1399/3710] 'Free Stock Footage 89' -> USED_BY [runway-jupiter] (49)
[1400/3710] 'Space Videos' -> USED_BY [hdvg130m;hdvila100m;runway-jupiter;vidgen1m;yttemporal-180m] (114)
[1401/3710] "Children's Hospital Colorado" -> USED_BY [hdvg130m;hdvila100m;internvid;openvid1m;runway-jupiter;vidgen1m;yttemporal-180m] (1758)
[1402/3710] 'World Rowing' -> USED_BY [hdvg130m;hdvila100m;internvid;openvid1m;runway-jupiter;vidgen1m;yttemporal-180m] (1512)
[1403/3710] 'The Amazing World of Gumball' -> USED_BY [hdvg130m;hdvila100m;internvid;openvid1m;runway-jupiter;vidgen1m;yttemporal-180m] (1753)
[1404/3710] 'GoldieMatic' -> USED_BY [runway-jupiter] (1267)
[1405/3710] 'MovieTime Hollywood' -> USED_BY [runway-jupiter] (54)
[1406/3710] 'Mr LuckyFrog' -> USED_BY [internvid;runway-jupiter] (49)
[1407/3710] 'marchingmusicde' -> USED_BY [hdvg130m;hdvila100m;runway-jupiter] (92)
[1408/3710] 'Flyt Foto Creativ' -> USED_BY [runway-jupiter] (64)
[1409/3710] 'Reflections of Life' -> USED_BY [internvid;openvid1m;runway-jupiter;yttemporal-180m] (261)
[1410/3710] 'Humanitas' -> USED_BY [runway-jupiter] (49)
[1411/3710] 'LoungeV Films - Relaxing Music and Nature Sounds' -> USED_BY [runway-jupiter] (67)
[1412/3710] 'Orphaned Wildlife Center' -> USED_BY [hdvg130m;hdvila100m;openvid1m;runway-jupiter;vidgen1m;yttemporal-180m] (1136)
[1413/3710] 'Brennen Taylor' -> USED_BY [hdvg130m;hdvila100m;internvid;openvid1m;runway-jupiter;vidgen1m;yttemporal-180m] (2182)
[1414/3710] 'Polychronis Drone' -> USED_BY [internvid;runway-jupiter] (851)
[1415/3710] "Let's Explore" -> USED_BY [internvid;runway-jupiter] (1064)
[1416/3710] 'Rene ZZ' -> USED_BY [internvid;runway-jupiter] (910)
[1417/3710] 'This Esme' -> USED_BY [hdvg130m;hdvila100m;internvid;openvid1m;runway-jupiter;vidgen1m;yttemporal-180m] (1916)
[1418/3710] 'Parents !' -> USED_BY [internvid;runway-jupiter] (1162)
[1419/3710] 'KayakSessionTV' -> USED_BY [hdvg130m;hdvila100m;internvid;openvid1m;runway-jupiter;vidgen1m;yttemporal-180m] (1063)
[1420/3710] 'Kosmo' -> USED_BY [internvid;runway-jupiter] (139)
[1421/3710] 'Polonez San Diego' -> USED_BY [runway-jupiter] (47)
[1422/3710] 'Red Bull Surfing' -> USED_BY [hdvg130m;hdvila100m;internvid;openvid1m;runway-jupiter;vidgen1m;yttemporal-180m] (1152)
[1423/3710] 'Tactical Rifleman' -> USED_BY [hdvg130m;hdvila100m;internvid;openvid1m;runway-jupiter;vidgen1m;yttemporal-180m] (1202)
[1424/3710] "Lowe's Home Improvement" -> USED_BY [hdvg130m;hdvila100m;internvid;openvid1m;runway-jupiter;vidgen1m;yttemporal-180m] (3158)
[1425/3710] 'iTrain Hockey' -> USED_BY [hdvg130m;hdvila100m;internvid;openvid1m;runway-jupiter;vidgen1m;yttemporal-180m] (1053)
[1426/3710] 'Natali Bullock' -> USED_BY [hdvg130m;hdvila100m;internvid;runway-jupiter;vidgen1m;yttemporal-180m] (953)
[1427/3710] 'Allie Glines' -> USED_BY [hdvg130m;hdvila100m;internvid;openvid1m;runway-jupiter;vidgen1m;yttemporal-180m] (1131)
[1428/3710] 'EchoBeluga' -> USED_BY [hdvg130m;hdvila100m;internvid;runway-jupiter] (1056)
[1429/3710] 'Attractions 360°' -> USED_BY [hdvg130m;hdvila100m;internvid;openvid1m;runway-jupiter;vidgen1m;yttemporal-180m] (1352)
[1430/3710] 'Dustin Williams' -> USED_BY [hdvg130m;hdvila100m;openvid1m;runway-jupiter;vidgen1m;yttemporal-180m] (1192)
[1431/3710] 'Sony India' -> USED_BY [hdvg130m;hdvila100m;runway-jupiter] (912)
[1432/3710] 'Beau Miles' -> USED_BY [internvid;runway-jupiter] (67)
[1433/3710] 'HD Knots' -> USED_BY [runway-jupiter] (46)
[1434/3710] 'Eric - 8K Nature Film' -> USED_BY [runway-jupiter] (48)
[1435/3710] 'Norway with Pål' -> USED_BY [runway-jupiter] (56)
[1436/3710] 'Real Simple' -> USED_BY [hdvg130m;hdvila100m;internvid;openvid1m;runway-jupiter;yttemporal-180m] (1035)
[1437/3710] 'Food Network Canada' -> USED_BY [hdvg130m;hdvila100m;internvid;openvid1m;runway-jupiter;vidgen1m;yttemporal-180m] (1311)
[1438/3710] 'FNATIC' -> USED_BY [internvid;runway-jupiter] (863)
[1439/3710] 'Red Arcade' -> USED_BY [internvid;runway-jupiter] (924)
[1440/3710] 'Relaxing House Sounds' -> USED_BY [internvid;runway-jupiter] (89)
[1441/3710] 'Mr. M' -> USED_BY [internvid;runway-jupiter] (86)
[1442/3710] 'Soothing Nature Escapes' -> USED_BY [runway-jupiter] (45)
[1443/3710] 'DW Documentary' -> USED_BY [hdvg130m;hdvila100m;internvid;openvid1m;runway-jupiter;vidgen1m;yttemporal-180m] (4035)
[1444/3710] 'GUCCI' -> USED_BY [internvid;runway-jupiter] (753)
[1445/3710] 'Relaxing Soundzzz' -> USED_BY [runway-jupiter] (45)
[1446/3710] 'Pogo' -> USED_BY [internvid;runway-jupiter] (1100)
[1447/3710] 'We Bodyboard' -> USED_BY [internvid;runway-jupiter] (768)
[1448/3710] 'HD Melbourne Aviation' -> USED_BY [internvid;runway-jupiter] (1040)
[1449/3710] 'Oggy & his friends' -> USED_BY [runway-jupiter] (1087)
[1450/3710] 'Viator' -> USED_BY [hdvg130m;hdvila100m;internvid;openvid1m;runway-jupiter;vidgen1m;yttemporal-180m] (1087)
[1451/3710] 'New York Philharmonic' -> USED_BY [hdvg130m;hdvila100m;internvid;openvid1m;runway-jupiter] (1106)
[1452/3710] 'Soultone Cymbals' -> USED_BY [internvid;runway-jupiter] (1049)
[1453/3710] 'DirtFish' -> USED_BY [internvid;runway-jupiter] (1105)
[1454/3710] 'NDR Doku' -> USED_BY [internvid;runway-jupiter] (1036)
[1455/3710] 'Shaves and Massages' -> USED_BY [runway-jupiter] (47)
[1456/3710] 'Animated' -> USED_BY [hdvg130m;hdvila100m;internvid;runway-jupiter;vidgen1m;yttemporal-180m] (611)
[1457/3710] 'Airplane Mode Channel' -> USED_BY [runway-jupiter] (48)
[1458/3710] 'Magical Fireplace Flames' -> USED_BY [runway-jupiter] (46)
[1459/3710] '8K Video Art' -> USED_BY [runway-jupiter] (44)
[1460/3710] 'Easy Cooking' -> USED_BY [internvid;runway-jupiter;yttemporal-180m] (215)
[1461/3710] '\u0410\u0420\u0422 \u041a\u043b\u044f\u043a\u0441\u0430' ERROR: 'charmap' codec can't encode characters in position 13-15: character maps to <undefined>
[1462/3710] 'Michael Casagrande' -> USED_BY [runway-jupiter] (1100)
[1463/3710] 'PastimeAthletics' -> USED_BY [internvid;runway-jupiter] (1068)
[1464/3710] 'GameClips' -> USED_BY [internvid;runway-jupiter] (1598)
[1465/3710] 'Infinite Visual' -> USED_BY [runway-jupiter] (678)
[1466/3710] 'A Concord Carpenter / ToolBoxBuzz' -> USED_BY [hdvg130m;hdvila100m;internvid;openvid1m;runway-jupiter;vidgen1m;yttemporal-180m] (1385)
[1467/3710] 'TDi Media' -> USED_BY [hdvila100m;internvid;runway-jupiter;vidgen1m;yttemporal-180m] (866)
[1468/3710] '\ud558\uc774\ud478\ub514 HiFoodie' ERROR: 'charmap' codec can't encode characters in position 13-16: character maps to <undefined>
[1469/3710] '\uc57c\ubbf8\ubcf4\uc774 Yummyboy' ERROR: 'charmap' codec can't encode characters in position 13-16: character maps to <undefined>
[1470/3710] 'Flexshow' -> USED_BY [internvid;runway-jupiter] (259)
[1471/3710] 'STORROR' -> USED_BY [internvid;runway-jupiter] (532)
[1472/3710] 'Peter McKinnon' -> USED_BY [hdvg130m;hdvila100m;internvid;openvid1m;runway-jupiter;vidgen1m;yttemporal-180m] (1424)
[1473/3710] 'Fairyland Cottage' -> USED_BY [hdvg130m;hdvila100m;internvid;openvid1m;runway-jupiter;vidgen1m;yttemporal-180m] (410)
[1474/3710] 'Safari Wonders 4K' -> USED_BY [runway-jupiter] (43)
[1475/3710] 'PbNation Paintball' -> USED_BY [hdvg130m;hdvila100m;internvid;openvid1m;runway-jupiter;vidgen1m;yttemporal-180m] (1266)
[1476/3710] 'TheStradman' -> USED_BY [hdvg130m;hdvila100m;internvid;openvid1m;runway-jupiter;vidgen1m;yttemporal-180m] (3511)
[1477/3710] 'International Federation of Sport Climbing' -> USED_BY [hdvg130m;hdvila100m;internvid;openvid1m;runway-jupiter;vidgen1m;yttemporal-180m] (1649)
[1478/3710] 'Farming Fixing & Fabricating' -> USED_BY [hdvg130m;hdvila100m;internvid;openvid1m;runway-jupiter;vidgen1m;yttemporal-180m] (1157)
[1479/3710] 'KickinTheirBASSTV' -> USED_BY [hdvg130m;hdvila100m;internvid;openvid1m;runway-jupiter;vidgen1m;yttemporal-180m] (1877)
[1480/3710] 'Simply Railway' -> USED_BY [runway-jupiter] (308)
[1481/3710] 'Finny The Shark' -> USED_BY [internvid;runway-jupiter] (60)
[1482/3710] 'World Footvolley' -> USED_BY [internvid;runway-jupiter] (53)
[1483/3710] 'Eugenia Diaz' -> USED_BY [internvid;runway-jupiter] (44)
[1484/3710] 'Sur Ronster' -> USED_BY [internvid;runway-jupiter] (249)
[1485/3710] 'Adventures with BENG!' -> USED_BY [runway-jupiter] (121)
[1486/3710] 'Go To Space' -> USED_BY [internvid;runway-jupiter] (143)
[1487/3710] 'Chef Grandma Cooking' -> USED_BY [runway-jupiter] (153)
[1488/3710] 'Adrian Sanso-Ali' -> USED_BY [runway-jupiter] (74)
[1489/3710] 'Jon Olsson' -> USED_BY [hdvg130m;hdvila100m;internvid;openvid1m;runway-jupiter;vidgen1m;yttemporal-180m] (2536)
[1490/3710] 'Lakewood Church' -> USED_BY [internvid;runway-jupiter] (976)
[1491/3710] 'SilentMike' -> USED_BY [internvid;runway-jupiter] (689)
[1492/3710] 'Amp World' -> USED_BY [internvid;runway-jupiter] (805)
[1493/3710] 'MAX' -> USED_BY [hdvg130m;hdvila100m;internvid;runway-jupiter;vidgen1m;yttemporal-180m] (4208)
[1494/3710] 'Sharp Tamil Gaming' -> USED_BY [internvid;runway-jupiter] (725)
[1495/3710] 'Give it a Grow' -> USED_BY [hdvg130m;hdvila100m;internvid;openvid1m;runway-jupiter;vidgen1m;yttemporal-180m] (1608)
[1496/3710] 'Mrwhosetheboss' -> USED_BY [hdvg130m;hdvila100m;internvid;openvid1m;runway-jupiter;vidgen1m;yttemporal-180m] (6480)
[1497/3710] 'Aamchi Mumbai' -> USED_BY [internvid;runway-jupiter] (915)
[1498/3710] 'Dokter Gigi Tri Putra' -> USED_BY [internvid;runway-jupiter] (702)
[1499/3710] 'Vania Mania French' -> USED_BY [internvid;runway-jupiter] (709)
[1500/3710] 'Japanese Bakery Tour' -> USED_BY [runway-jupiter] (53)
[1501/3710] 'Relaxing Scenes - Driving' -> USED_BY [runway-jupiter] (42)
[1502/3710] 'Prop Clear' -> USED_BY [runway-jupiter] (46)
[1503/3710] 'Ottawa Public Health' -> USED_BY [internvid;runway-jupiter] (495)
[1504/3710] 'STREAM WARS' -> USED_BY [internvid;runway-jupiter] (749)
[1505/3710] 'NBCivicTheatre' -> USED_BY [runway-jupiter] (847)
[1506/3710] 'BeyondGrappling' -> USED_BY [internvid;runway-jupiter;yttemporal-180m] (771)
[1507/3710] 'IndianRaga' -> USED_BY [hdvila100m;internvid;runway-jupiter] (772)
[1508/3710] 'AudioPhil' -> USED_BY [internvid;runway-jupiter] (987)
[1509/3710] 'Red Chillies Entertainment' -> USED_BY [internvid;runway-jupiter;yttemporal-180m] (907)
[1510/3710] 'THE ENCHANTED VILLAGE OF PINOCCHIO' -> USED_BY [runway-jupiter] (40)
[1511/3710] 'MILAN ON TREND' -> USED_BY [runway-jupiter] (40)
[1512/3710] 'Major League Paintball' -> USED_BY [internvid;runway-jupiter] (797)
[1513/3710] '\u0627\u0644\u0627\u0633\u0637\u064a ELOSTA' ERROR: 'charmap' codec can't encode characters in position 13-18: character maps to <undefined>
[1514/3710] 'Guangdong Lightful laser (Kitty Lyu)' -> USED_BY [internvid;runway-jupiter] (52)
[1515/3710] 'Outdoor Boys' -> USED_BY [hdvg130m;hdvila100m;internvid;openvid1m;runway-jupiter;vidgen1m;yttemporal-180m] (783)
[1516/3710] 'Ahmad Tea' -> USED_BY [hdvg130m;hdvila100m;internvid;runway-jupiter;yttemporal-180m] (88)
[1517/3710] 'Mike Day Concrete (Everything About Concrete)' -> USED_BY [hdvg130m;hdvila100m;internvid;runway-jupiter;yttemporal-180m] (977)
[1518/3710] 'Kirsten Dirksen' -> USED_BY [hdvg130m;hdvila100m;internvid;openvid1m;runway-jupiter;vidgen1m;yttemporal-180m] (2040)
[1519/3710] 'Quiksilver' -> USED_BY [hdvg130m;hdvila100m;internvid;runway-jupiter;vidgen1m] (1092)
[1520/3710] 'Xureila' -> USED_BY [internvid;runway-jupiter] (791)
[1521/3710] 'Rhia Official' -> USED_BY [internvid;runway-jupiter] (707)
[1522/3710] 'Lebanese Weddings' -> USED_BY [runway-jupiter] (855)
[1523/3710] 'Mr JWW' -> USED_BY [hdvg130m;hdvila100m;internvid;openvid1m;runway-jupiter;vidgen1m;yttemporal-180m] (2986)
[1524/3710] 'NOVA PBS Official' -> USED_BY [hdvg130m;hdvila100m;internvid;openvid1m;runway-jupiter;vidgen1m] (847)
[1525/3710] 'KAZAN' -> USED_BY [internvid;runway-jupiter] (760)
[1526/3710] 'Gardening Australia' -> USED_BY [internvid;runway-jupiter] (720)
[1527/3710] 'Paul Stamets' -> USED_BY [internvid;runway-jupiter;yttemporal-180m] (101)
[1528/3710] 'Forest Film Studio' -> USED_BY [runway-jupiter] (44)
[1529/3710] 'Dead Sound' -> USED_BY [internvid;runway-jupiter] (68)
[1530/3710] 'The House Bowling' -> USED_BY [internvid;runway-jupiter] (594)
[1531/3710] 'Jog for Joy' -> USED_BY [runway-jupiter] (74)
[1532/3710] 'Jago Hazzard' -> USED_BY [internvid;runway-jupiter] (606)
[1533/3710] "Arc'teryx" -> USED_BY [hdvila100m;internvid;runway-jupiter;yttemporal-180m] (822)
[1534/3710] 'American Ninja Warrior' -> USED_BY [hdvg130m;hdvila100m;openvid1m;runway-jupiter;yttemporal-180m] (1184)
[1535/3710] 'Zak George’s Dog Training Revolution' -> USED_BY [hdvg130m;hdvila100m;internvid;openvid1m;runway-jupiter;vidgen1m;yttemporal-180m] (1078)
[1536/3710] "Marion's Kitchen" -> USED_BY [hdvg130m;hdvila100m;internvid;openvid1m;runway-jupiter;vidgen1m;yttemporal-180m] (1938)
[1537/3710] 'Juggernaut Training Systems' -> USED_BY [hdvg130m;hdvila100m;internvid;runway-jupiter;vidgen1m;yttemporal-180m] (1172)
[1538/3710] 'Coco der Neugierige Affe' -> USED_BY [internvid;runway-jupiter] (831)
[1539/3710] 'Marvel HQ' -> USED_BY [hdvg130m;hdvila100m;internvid;openvid1m;runway-jupiter;vidgen1m;yttemporal-180m] (1380)
[1540/3710] 'WOW Bear - Official Channel' -> USED_BY [runway-jupiter] (649)
[1541/3710] 'VMS Construction' -> USED_BY [runway-jupiter] (941)
[1542/3710] 'ThirstyHyena' -> USED_BY [hdvg130m;hdvila100m;runway-jupiter;vidgen1m] (804)
[1543/3710] 'Animal Shelter' -> USED_BY [internvid;runway-jupiter] (840)
[1544/3710] 'Teton Gravity Research' -> USED_BY [hdvg130m;hdvila100m;internvid;openvid1m;runway-jupiter;vidgen1m;yttemporal-180m] (1720)
[1545/3710] 'Clippedinandfree' -> USED_BY [runway-jupiter] (68)
[1546/3710] 'Coffee Breaks & Soundscapes' -> USED_BY [runway-jupiter] (72)
[1547/3710] 'Art21' -> USED_BY [hdvg130m;hdvila100m;internvid;runway-jupiter;vidgen1m;yttemporal-180m] (761)
[1548/3710] 'J Utah' -> USED_BY [hdvila100m;runway-jupiter;yttemporal-180m] (552)
[1549/3710] 'Joy Of Gaming' -> USED_BY [internvid;runway-jupiter] (878)
[1550/3710] 'CaseyNeistat' -> USED_BY [hdvg130m;hdvila100m;internvid;openvid1m;runway-jupiter;vidgen1m;yttemporal-180m] (2883)
[1551/3710] 'Egameplay4U' -> USED_BY [runway-jupiter] (923)
[1552/3710] 'Tomasz Strzelczyk ODDASZFARTUCHA' -> USED_BY [runway-jupiter] (829)
[1553/3710] 'Dr. Shereene Idriss' -> USED_BY [internvid;runway-jupiter] (869)
[1554/3710] 'George Mouse' -> USED_BY [runway-jupiter] (475)
[1555/3710] 'Nitro Circus' -> USED_BY [hdvg130m;hdvila100m;internvid;openvid1m;runway-jupiter;vidgen1m;yttemporal-180m] (2240)
[1556/3710] 'Modern Movement Creative Inc' -> USED_BY [runway-jupiter] (66)
[1557/3710] 'Woodworking Tools' -> USED_BY [internvid;runway-jupiter] (259)
[1558/3710] 'André Musgrove' -> USED_BY [runway-jupiter] (38)
[1559/3710] 'How To Sand A Floor' -> USED_BY [hdvg130m;hdvila100m;internvid;runway-jupiter;yttemporal-180m] (83)
[1560/3710] 'Tractor Ted' -> USED_BY [internvid;runway-jupiter] (146)
[1561/3710] 'The TRY Channel' -> USED_BY [hdvila100m;internvid;openvid1m;runway-jupiter;yttemporal-180m] (896)
[1562/3710] 'DKGames' -> USED_BY [internvid;runway-jupiter] (567)
[1563/3710] 'Sros Yummy Cooking Vlogs' -> USED_BY [internvid;runway-jupiter] (910)
[1564/3710] 'TODES' -> USED_BY [internvid;runway-jupiter] (752)
[1565/3710] 'efood' -> USED_BY [runway-jupiter] (966)
[1566/3710] 'Atlantis Sports' -> USED_BY [internvid;runway-jupiter] (695)
[1567/3710] 'Keila Roque' -> USED_BY [internvid;runway-jupiter] (810)
[1568/3710] 'Crazy Frog' -> USED_BY [internvid;runway-jupiter;yttemporal-180m] (50)
[1569/3710] 'FullHDvideos4me' -> USED_BY [hdvila100m;runway-jupiter] (572)
[1570/3710] 'Michael the Dentist' -> USED_BY [internvid;runway-jupiter] (53)
[1571/3710] 'No Laying Up' -> USED_BY [hdvg130m;hdvila100m;internvid;openvid1m;runway-jupiter;vidgen1m;yttemporal-180m] (543)
[1572/3710] 'Sci-Fi Central' -> USED_BY [runway-jupiter] (671)
[1573/3710] 'Toads N Frogs' -> USED_BY [runway-jupiter] (45)
[1574/3710] 'The Salon Life' -> USED_BY [internvid;runway-jupiter;yttemporal-180m] (826)
[1575/3710] 'Good Housekeeping' -> USED_BY [internvid;runway-jupiter;yttemporal-180m] (794)
[1576/3710] 'kristabrusso' -> USED_BY [internvid;runway-jupiter] (1019)
[1577/3710] 'MRXHindiGaming' -> USED_BY [internvid;runway-jupiter] (840)
[1578/3710] 'BrainPilot' -> USED_BY [internvid;runway-jupiter;yttemporal-180m] (1013)
[1579/3710] 'The Craft Beer Channel' -> USED_BY [hdvg130m;hdvila100m;internvid;openvid1m;runway-jupiter;vidgen1m;yttemporal-180m] (833)
[1580/3710] 'Teddy Baldassarre' -> USED_BY [hdvg130m;hdvila100m;internvid;openvid1m;runway-jupiter;vidgen1m;yttemporal-180m] (1142)
[1581/3710] 'BBC Earth Science' -> USED_BY [hdvg130m;hdvila100m;internvid;openvid1m;runway-jupiter;vidgen1m;yttemporal-180m] (2920)
[1582/3710] 'Mrs macarons\ub9c8\uce74\ub871\uc5ec\uc0ac' ERROR: 'charmap' codec can't encode characters in position 25-29: character maps to <undefined>
[1583/3710] '8K Relaxation Channel \uc2dc\ub124\ub9c8\ud2f1\uc544\uce74\uc774\ube0c' ERROR: 'charmap' codec can't encode characters in position 35-42: character maps to <undefined>
[1584/3710] 'Provincial Health Services Authority (PHSA)' -> USED_BY [internvid;runway-jupiter] (465)
[1585/3710] 'Liam Pattison Photography' -> USED_BY [runway-jupiter] (578)
[1586/3710] 'Washington Life' -> USED_BY [internvid;runway-jupiter] (871)
[1587/3710] 'Dodgeball Seattle' -> USED_BY [runway-jupiter] (792)
[1588/3710] 'Our BMX' -> USED_BY [hdvg130m;hdvila100m;internvid;openvid1m;runway-jupiter;vidgen1m;yttemporal-180m] (845)
[1589/3710] 'Steve the Bartender' -> USED_BY [hdvg130m;hdvila100m;internvid;openvid1m;runway-jupiter;vidgen1m;yttemporal-180m] (1148)
[1590/3710] 'Wandering Momentz' -> USED_BY [runway-jupiter] (562)
[1591/3710] 'Comedy Talkies' -> USED_BY [runway-jupiter] (859)
[1592/3710] 'SwimUp' -> USED_BY [hdvg130m;hdvila100m;internvid;runway-jupiter;vidgen1m;yttemporal-180m] (116)
[1593/3710] 'William Hanson' -> USED_BY [internvid;runway-jupiter;yttemporal-180m] (103)
[1594/3710] 'Cyber Landscaping' -> USED_BY [internvid;runway-jupiter] (46)
[1595/3710] 'Team Liquid Honda: League of Legends' -> USED_BY [internvid;runway-jupiter] (226)
[1596/3710] 'Branch Education' -> USED_BY [hdvila100m;internvid;runway-jupiter;yttemporal-180m] (56)
[1597/3710] 'Amelia Newcomb Dressage' -> USED_BY [hdvg130m;hdvila100m;internvid;runway-jupiter;vidgen1m;yttemporal-180m] (1135)
[1598/3710] 'My personal journal outdoor' -> USED_BY [runway-jupiter] (35)
[1599/3710] 'Architectural Digest' -> USED_BY [hdvg130m;hdvila100m;internvid;openvid1m;runway-jupiter;vidgen1m;yttemporal-180m] (771)
[1600/3710] 'Best Ever Food Review Show' -> USED_BY [hdvg130m;hdvila100m;internvid;openvid1m;runway-jupiter;vidgen1m;yttemporal-180m] (3374)
[1601/3710] 'Victoria and Albert Museum' -> USED_BY [hdvg130m;hdvila100m;internvid;runway-jupiter;yttemporal-180m] (512)
[1602/3710] 'Huw Richards' -> USED_BY [hdvg130m;hdvila100m;internvid;openvid1m;runway-jupiter;vidgen1m;yttemporal-180m] (1202)
[1603/3710] 'allthingsbbq' -> USED_BY [hdvg130m;hdvila100m;internvid;openvid1m;runway-jupiter;vidgen1m;yttemporal-180m] (3148)
[1604/3710] 'Zach Choi ASMR' -> USED_BY [hdvg130m;hdvila100m;internvid;runway-jupiter;vidgen1m;yttemporal-180m] (1033)
[1605/3710] 'YAKfilms' -> USED_BY [hdvg130m;hdvila100m;internvid;openvid1m;runway-jupiter] (702)
[1606/3710] 'Well Go USA Entertainment' -> USED_BY [internvid;runway-jupiter] (629)
[1607/3710] "I'mJette" -> USED_BY [hdvg130m;hdvila100m;internvid;runway-jupiter] (635)
[1608/3710] 'Elphick.Event.Ponies' -> USED_BY [internvid;runway-jupiter;yttemporal-180m] (695)
[1609/3710] '\ud478\ub4dc\uc2a4\ud1a0\ub9ac FoodStory' ERROR: 'charmap' codec can't encode characters in position 13-17: character maps to <undefined>
[1610/3710] 'Nintendo HK\u5b98\u65b9\u983b\u9053' ERROR: 'charmap' codec can't encode characters in position 24-27: character maps to <undefined>
[1611/3710] 'MeatEater' -> USED_BY [hdvg130m;hdvila100m;internvid;openvid1m;runway-jupiter;vidgen1m;yttemporal-180m] (798)
[1612/3710] 'Walks & Wall Street' -> USED_BY [runway-jupiter] (827)
[1613/3710] 'SimplySoccer' -> USED_BY [hdvila100m;internvid;runway-jupiter;yttemporal-180m] (771)
[1614/3710] 'TechZone' -> USED_BY [hdvg130m;hdvila100m;internvid;runway-jupiter;vidgen1m;yttemporal-180m] (1735)
[1615/3710] 'Wheels to Wander' -> USED_BY [internvid;runway-jupiter] (109)
[1616/3710] 'Andraz Egart' -> USED_BY [runway-jupiter] (43)
[1617/3710] 'Roadtrip Ramblers' -> USED_BY [runway-jupiter] (89)
[1618/3710] 'Ninja Frog' -> USED_BY [internvid;runway-jupiter] (71)
[1619/3710] 'Three Little Goats Homestead' -> USED_BY [hdvg130m;hdvila100m;openvid1m;runway-jupiter;vidgen1m;yttemporal-180m] (573)
[1620/3710] 'Fix This House' -> USED_BY [internvid;runway-jupiter] (358)
[1621/3710] 'AniClimax' -> USED_BY [internvid;runway-jupiter] (35)
[1622/3710] 'Hausgemachte Rezepte' -> USED_BY [internvid;runway-jupiter] (301)
[1623/3710] 'Peak Performance' -> USED_BY [internvid;runway-jupiter] (446)
[1624/3710] 'DW Classical Music' -> USED_BY [hdvg130m;hdvila100m;internvid;openvid1m;runway-jupiter;vidgen1m;yttemporal-180m] (537)
[1625/3710] 'GreekReporter' -> USED_BY [hdvila100m;runway-jupiter] (741)
[1626/3710] 'darbarfestival' -> USED_BY [hdvg130m;hdvila100m;internvid;openvid1m;runway-jupiter] (672)
[1627/3710] 'Punish' -> USED_BY [internvid;runway-jupiter] (731)
[1628/3710] 'Steven Universe' -> USED_BY [hdvg130m;hdvila100m;internvid;runway-jupiter;yttemporal-180m] (808)
[1629/3710] 'Vietnam Travel Guide' -> USED_BY [runway-jupiter] (583)
[1630/3710] 'ASMR shoe shine Fausto Arizmendi' -> USED_BY [internvid;runway-jupiter] (819)
[1631/3710] 'Blogothèque' -> USED_BY [internvid;runway-jupiter] (958)
[1632/3710] 'MySwimPro' -> USED_BY [internvid;runway-jupiter] (614)
[1633/3710] 'ACTIVE FPV' -> USED_BY [runway-jupiter] (653)
[1634/3710] 'MarioPartyGaming' -> USED_BY [internvid;runway-jupiter] (685)
[1635/3710] 'Discover Nippon' -> USED_BY [internvid;runway-jupiter] (346)
[1636/3710] 'Glendale Fire Training Videos' -> USED_BY [internvid;runway-jupiter] (59)
[1637/3710] 'INTO THE WORLD 4K' -> USED_BY [runway-jupiter] (62)
[1638/3710] 'DTeK' -> USED_BY [internvid;runway-jupiter] (46)
[1639/3710] 'Shopping On Champagne' -> USED_BY [internvid;runway-jupiter] (111)
[1640/3710] 'amabelle' -> USED_BY [internvid;runway-jupiter] (38)
[1641/3710] 'Expedition Evans' -> USED_BY [internvid;runway-jupiter] (146)
[1642/3710] 'Dead by Daylight' -> USED_BY [internvid;runway-jupiter] (503)
[1643/3710] 'This Does Not Compute' -> USED_BY [hdvg130m;hdvila100m;internvid;openvid1m;runway-jupiter;vidgen1m;yttemporal-180m] (467)
[1644/3710] 'Uuden Musiikin Kilpailu' -> USED_BY [runway-jupiter] (282)
[1645/3710] 'Arizona Ambience' -> USED_BY [runway-jupiter] (331)
[1646/3710] 'Motorsport UK' -> USED_BY [runway-jupiter] (710)
[1647/3710] 'Avengers Racing' -> USED_BY [internvid;runway-jupiter] (736)
[1648/3710] 'Adventure Time' -> USED_BY [hdvg130m;hdvila100m;internvid;runway-jupiter;yttemporal-180m] (750)
[1649/3710] 'Indian Food Explorer' -> USED_BY [runway-jupiter] (582)
[1650/3710] 'Andy Cooks' -> USED_BY [internvid;runway-jupiter] (689)
[1651/3710] 'Tanner Shuck' -> USED_BY [internvid;runway-jupiter] (677)
[1652/3710] 'MadFit' -> USED_BY [hdvg130m;hdvila100m;internvid;runway-jupiter;yttemporal-180m] (1049)
[1653/3710] 'The Land Before Time' -> USED_BY [hdvg130m;hdvila100m;internvid;openvid1m;runway-jupiter;vidgen1m;yttemporal-180m] (857)
[1654/3710] 'Apfelwelt' -> USED_BY [runway-jupiter] (647)
[1655/3710] 'Riding Zone' -> USED_BY [hdvg130m;hdvila100m;internvid;runway-jupiter;vidgen1m;yttemporal-180m] (1037)
[1656/3710] 'WooHoo WHOA' -> USED_BY [internvid;runway-jupiter] (804)
[1657/3710] 'iKnowReview' -> USED_BY [hdvg130m;hdvila100m;internvid;openvid1m;runway-jupiter;vidgen1m] (799)
[1658/3710] 'BBC Earth Unplugged' -> USED_BY [hdvg130m;hdvila100m;internvid;openvid1m;runway-jupiter;vidgen1m;yttemporal-180m] (2979)
[1659/3710] 'Throw Back TV' -> USED_BY [internvid;runway-jupiter] (635)
[1660/3710] 'UE Sound' -> USED_BY [runway-jupiter] (43)
[1661/3710] 'Snoopy' -> USED_BY [internvid;runway-jupiter] (481)
[1662/3710] 'My Microscopic World' -> USED_BY [runway-jupiter] (32)
[1663/3710] "Jamie's Journey" -> USED_BY [hdvg130m;hdvila100m;internvid;openvid1m;runway-jupiter;vidgen1m;yttemporal-180m] (873)
[1664/3710] 'Ultra Relief' -> USED_BY [runway-jupiter] (32)
[1665/3710] 'DyingLlama' -> USED_BY [runway-jupiter] (36)
[1666/3710] 'FNF Entertainment' -> USED_BY [hdvg130m;hdvila100m;internvid;runway-jupiter;vidgen1m;yttemporal-180m] (209)
[1667/3710] 'Gillette' -> USED_BY [hdvg130m;hdvila100m;internvid;openvid1m;runway-jupiter;vidgen1m;yttemporal-180m] (138)
[1668/3710] 'Kids2Kids' -> USED_BY [internvid;openvid1m;runway-jupiter] (510)
[1669/3710] 'HeavyDSparks' -> USED_BY [internvid;runway-jupiter] (538)
[1670/3710] 'Cargospotter' -> USED_BY [internvid;runway-jupiter] (899)
[1671/3710] 'Judo Highlights' -> USED_BY [internvid;runway-jupiter] (628)
[1672/3710] 'Official Pink Panther' -> USED_BY [hdvg130m;hdvila100m;internvid;runway-jupiter;vidgen1m;yttemporal-180m] (2004)
[1673/3710] 'Transit bites' -> USED_BY [internvid;runway-jupiter] (540)
[1674/3710] 'FishAholic Fishing' -> USED_BY [hdvg130m;hdvila100m;internvid;openvid1m;runway-jupiter;vidgen1m;yttemporal-180m] (1344)
[1675/3710] 'Winds of Love' -> USED_BY [runway-jupiter] (819)
[1676/3710] 'K9 Clipz - Dog Grooming tips' -> USED_BY [internvid;runway-jupiter] (690)
[1677/3710] 'Michelle Briehler' -> USED_BY [internvid;runway-jupiter] (697)
[1678/3710] 'NickandCarrie' -> USED_BY [internvid;runway-jupiter] (806)
[1679/3710] 'RobCosman.com' -> USED_BY [internvid;runway-jupiter;yttemporal-180m] (661)
[1680/3710] '\u0415\u0434\u0430 \u043d\u0430 \u043b\u044e\u0431\u043e\u0439 \u0432\u043a\u0443\u0441' ERROR: 'charmap' codec can't encode characters in position 13-15: character maps to <undefined>
[1681/3710] 'Paul Birder' -> USED_BY [runway-jupiter] (39)
[1682/3710] 'Hollywood Ambience' -> USED_BY [runway-jupiter] (63)
[1683/3710] 'Rusty Shades Restoration' -> USED_BY [internvid;runway-jupiter] (35)
[1684/3710] 'PlayOverwatch' -> USED_BY [internvid;runway-jupiter] (643)
[1685/3710] 'Gears and Gasoline' -> USED_BY [hdvg130m;hdvila100m;internvid;openvid1m;runway-jupiter;vidgen1m;yttemporal-180m] (1258)
[1686/3710] 'Atomic Skiing' -> USED_BY [hdvg130m;hdvila100m;internvid;openvid1m;runway-jupiter;vidgen1m;yttemporal-180m] (966)
[1687/3710] 'Fun Endeavors' -> USED_BY [internvid;runway-jupiter] (491)
[1688/3710] 'Cowboy Kent Rollins' -> USED_BY [hdvg130m;hdvila100m;internvid;openvid1m;runway-jupiter;vidgen1m;yttemporal-180m] (1495)
[1689/3710] "Jiggin' With Jordan" -> USED_BY [hdvg130m;hdvila100m;internvid;openvid1m;runway-jupiter;vidgen1m;yttemporal-180m] (2158)
[1690/3710] 'scottbrothersduo' -> USED_BY [internvid;runway-jupiter] (486)
[1691/3710] '\uac15\ud615\uc6b1\uc758 \ubcf4\ub4ecTV' ERROR: 'charmap' codec can't encode characters in position 13-16: character maps to <undefined>
[1692/3710] "The Children's Museum of Indianapolis" -> USED_BY [hdvg130m;hdvila100m;internvid;openvid1m;runway-jupiter;yttemporal-180m] (780)
[1693/3710] 'JINESH GAMING' -> USED_BY [runway-jupiter] (615)
[1694/3710] 'Peacock jr' -> USED_BY [internvid;runway-jupiter] (798)
[1695/3710] 'DutchMotorsport' -> USED_BY [internvid;runway-jupiter] (705)
[1696/3710] 'Beautiful Relaxation' -> USED_BY [runway-jupiter] (243)
[1697/3710] 'miromiro' -> USED_BY [runway-jupiter] (44)
[1698/3710] 'Beautiful Destinations' -> USED_BY [hdvg130m;hdvila100m;internvid;runway-jupiter;vidgen1m;yttemporal-180m] (132)
[1699/3710] 'DW History and Culture' -> USED_BY [runway-jupiter] (381)
[1700/3710] 'DreamWorks Madagascar' -> USED_BY [hdvg130m;hdvila100m;internvid;openvid1m;runway-jupiter;vidgen1m;yttemporal-180m] (925)
[1701/3710] 'Down2Mob Overland' -> USED_BY [internvid;runway-jupiter;yttemporal-180m] (555)
[1702/3710] 'TheStraightPipes' -> USED_BY [hdvg130m;hdvila100m;internvid;openvid1m;runway-jupiter;vidgen1m;yttemporal-180m] (2416)
[1703/3710] 'Bike Magazine' -> USED_BY [hdvg130m;hdvila100m;internvid;openvid1m;runway-jupiter;vidgen1m;yttemporal-180m] (631)
[1704/3710] 'UP wood art' -> USED_BY [internvid;runway-jupiter] (594)
[1705/3710] 'Paul Fey' -> USED_BY [internvid;runway-jupiter] (669)
[1706/3710] 'Total Running Productions' -> USED_BY [hdvg130m;hdvila100m;internvid;runway-jupiter;vidgen1m;yttemporal-180m] (1013)
[1707/3710] 'Kali Center' -> USED_BY [hdvg130m;hdvila100m;internvid;openvid1m;runway-jupiter;vidgen1m;yttemporal-180m] (1151)
[1708/3710] 'Recipe30' -> USED_BY [hdvila100m;internvid;openvid1m;runway-jupiter;yttemporal-180m] (764)
[1709/3710] 'Nick Bare' -> USED_BY [hdvg130m;hdvila100m;internvid;openvid1m;runway-jupiter;vidgen1m;yttemporal-180m] (773)
[1710/3710] 'Los Angeles Chess Club' -> USED_BY [internvid;runway-jupiter] (569)
[1711/3710] 'MotorPowerForce' -> USED_BY [runway-jupiter] (447)
[1712/3710] 'Russel Orhii' -> USED_BY [hdvila100m;internvid;runway-jupiter;yttemporal-180m] (682)
[1713/3710] 'Babish Culinary Universe' -> USED_BY [hdvg130m;hdvila100m;internvid;openvid1m;runway-jupiter;vidgen1m;yttemporal-180m] (1294)
[1714/3710] 'TC2' -> USED_BY [hdvg130m;hdvila100m;internvid;openvid1m;runway-jupiter;vidgen1m;yttemporal-180m] (1703)
[1715/3710] '\u7f8e\u98df\u4f5c\u5bb6\u738b\u521a' ERROR: 'charmap' codec can't encode characters in position 13-18: character maps to <undefined>
[1716/3710] 'Montreux Jazz Festival' -> USED_BY [internvid;runway-jupiter] (559)
[1717/3710] 'Pinball Shenanigans' -> USED_BY [internvid;runway-jupiter] (765)
[1718/3710] 'ForbesWomen' -> USED_BY [internvid;runway-jupiter;yttemporal-180m] (611)
[1719/3710] 'The Reptile Zoo' -> USED_BY [runway-jupiter] (713)
[1720/3710] 'TEO Garden' -> USED_BY [internvid;runway-jupiter] (263)
[1721/3710] 'Amakandu' -> USED_BY [internvid;runway-jupiter] (169)
[1722/3710] 'Bella Coco' -> USED_BY [hdvg130m;hdvila100m;internvid;openvid1m;runway-jupiter;vidgen1m;yttemporal-180m] (1333)
[1723/3710] 'Maroon 5' -> USED_BY [hdvg130m;hdvila100m;internvid;runway-jupiter;yttemporal-180m] (189)
[1724/3710] 'SensiblePrepper' -> USED_BY [hdvg130m;hdvila100m;internvid;openvid1m;runway-jupiter;vidgen1m;yttemporal-180m] (962)
[1725/3710] 'Coachella' -> USED_BY [internvid;runway-jupiter] (616)
[1726/3710] "Matt's Ice Cream Show" -> USED_BY [runway-jupiter] (183)
[1727/3710] 'Seoul Travel Walker' -> USED_BY [runway-jupiter] (443)
[1728/3710] 'growingannanas' -> USED_BY [internvid;runway-jupiter] (692)
[1729/3710] 'Shadiversity' -> USED_BY [hdvg130m;hdvila100m;internvid;openvid1m;runway-jupiter;vidgen1m;yttemporal-180m] (736)
[1730/3710] 'Buildofy' -> USED_BY [internvid;runway-jupiter] (538)
[1731/3710] 'Legendary Productions' -> USED_BY [internvid;runway-jupiter] (474)
[1732/3710] 'GreatFlyer' -> USED_BY [hdvg130m;hdvila100m;internvid;runway-jupiter;vidgen1m;yttemporal-180m] (680)
[1733/3710] 'Monster Mike Fishing' -> USED_BY [hdvg130m;hdvila100m;internvid;openvid1m;runway-jupiter;vidgen1m;yttemporal-180m] (1568)
[1734/3710] 'Will Atherton Canine Training' -> USED_BY [internvid;runway-jupiter] (579)
[1735/3710] 'Aviation Attract' -> USED_BY [runway-jupiter] (774)
[1736/3710] 'Jonas Falk' -> USED_BY [hdvg130m;hdvila100m;runway-jupiter] (710)
[1737/3710] 'FightCamp' -> USED_BY [internvid;runway-jupiter] (567)
[1738/3710] 'Rail Spike Productions' -> USED_BY [runway-jupiter] (558)
[1739/3710] 'Free Spirit Equestrian' -> USED_BY [internvid;runway-jupiter] (551)
[1740/3710] 'Charlie Berens' -> USED_BY [internvid;runway-jupiter] (619)
[1741/3710] 'Ultimate Military Channel' -> USED_BY [hdvila100m;internvid;runway-jupiter] (617)
[1742/3710] '\ubd09\uae38\uc774 Bonggil' ERROR: 'charmap' codec can't encode characters in position 13-15: character maps to <undefined>
[1743/3710] 'The Dog Daddy' -> USED_BY [hdvg130m;hdvila100m;internvid;runway-jupiter;vidgen1m;yttemporal-180m] (764)
[1744/3710] '\ud55c\uc2dd\uc9c4\ud765\uc6d0_ Korean Food Promotion Institute' ERROR: 'charmap' codec can't encode characters in position 13-17: character maps to <undefined>
[1745/3710] 'GadgetByte' -> USED_BY [hdvila100m;internvid;runway-jupiter;vidgen1m] (732)
[1746/3710] 'Centre for Independent Studies' -> USED_BY [internvid;runway-jupiter] (687)
[1747/3710] 'Movie Recaps' -> USED_BY [internvid;runway-jupiter] (641)
[1748/3710] 'How to tie a tie' -> USED_BY [internvid;runway-jupiter] (117)
[1749/3710] 'DancingBacons' -> USED_BY [hdvg130m;hdvila100m;internvid;openvid1m;runway-jupiter;vidgen1m;yttemporal-180m] (907)
[1750/3710] 'World of Dinosaurs' -> USED_BY [runway-jupiter] (581)
[1751/3710] 'Switzerland' -> USED_BY [internvid;runway-jupiter] (82)
[1752/3710] 'Shudder' -> USED_BY [internvid;runway-jupiter] (663)
[1753/3710] 'MidwayUSA' -> USED_BY [internvid;runway-jupiter] (583)
[1754/3710] 'jezvlog' -> USED_BY [internvid;runway-jupiter] (682)
[1755/3710] 'Mooresville Ripfest Diving Club' -> USED_BY [internvid;runway-jupiter] (527)
[1756/3710] 'DreamToon Show' -> USED_BY [runway-jupiter] (596)
[1757/3710] 'Reptiliatus' -> USED_BY [hdvg130m;hdvila100m;internvid;openvid1m;runway-jupiter;vidgen1m;yttemporal-180m] (641)
[1758/3710] 'Windsurfing.TV' -> USED_BY [hdvg130m;hdvila100m;internvid;openvid1m;runway-jupiter;vidgen1m;yttemporal-180m] (996)
[1759/3710] 'Greg Blanchard' -> USED_BY [runway-jupiter;yttemporal-180m] (691)
[1760/3710] 'Bluey - Official Channel' -> USED_BY [internvid;runway-jupiter] (614)
[1761/3710] 'XSRAtv / Xtreme Speedway Racing Action' -> USED_BY [internvid;runway-jupiter] (456)
[1762/3710] 'Syncopated Ladies by Chloe Arnold' -> USED_BY [runway-jupiter] (452)
[1763/3710] 'Peter Rabbit' -> USED_BY [hdvg130m;hdvila100m;internvid;openvid1m;runway-jupiter;vidgen1m;yttemporal-180m] (1918)
[1764/3710] 'PexBell' -> USED_BY [runway-jupiter] (432)
[1765/3710] 'ProWater' -> USED_BY [runway-jupiter] (668)
[1766/3710] 'Slap Fighting Championship' -> USED_BY [internvid;runway-jupiter] (129)
[1767/3710] 'Red Bull Cliff Diving' -> USED_BY [hdvg130m;hdvila100m;internvid;openvid1m;runway-jupiter;vidgen1m;yttemporal-180m] (686)
[1768/3710] 'Teenage Mutant Ninja Turtles' -> USED_BY [internvid;runway-jupiter;yttemporal-180m] (329)
[1769/3710] 'Anton somewhere' -> USED_BY [internvid;runway-jupiter] (29)
[1770/3710] 'Kara and Nate' -> USED_BY [hdvg130m;hdvila100m;internvid;openvid1m;runway-jupiter;vidgen1m;yttemporal-180m] (5108)
[1771/3710] 'Martin Fabian' -> USED_BY [internvid;runway-jupiter] (37)
[1772/3710] 'Shirazi village vlogs' -> USED_BY [runway-jupiter] (27)
[1773/3710] 'Discovery Relaxation' -> USED_BY [runway-jupiter] (40)
[1774/3710] 'IJA Jugglers' -> USED_BY [internvid;runway-jupiter] (536)
[1775/3710] 'Patrick Adair Designs' -> USED_BY [hdvg130m;hdvila100m;internvid;runway-jupiter;vidgen1m;yttemporal-180m] (274)
[1776/3710] 'Omeleto' -> USED_BY [hdvg130m;hdvila100m;internvid;openvid1m;runway-jupiter;vidgen1m;yttemporal-180m] (1264)
[1777/3710] 'Poland Travel' -> USED_BY [internvid;runway-jupiter] (511)
[1778/3710] 'On Ice Perspectives' -> USED_BY [internvid;runway-jupiter] (564)
[1779/3710] 'Stock Footage by Fearless Media' -> USED_BY [runway-jupiter] (652)
[1780/3710] 'Underground Explorer UK' -> USED_BY [runway-jupiter] (659)
[1781/3710] 'Strength Side' -> USED_BY [hdvg130m;hdvila100m;internvid;runway-jupiter] (547)
[1782/3710] 'Preppy Kitchen' -> USED_BY [hdvg130m;hdvila100m;internvid;openvid1m;runway-jupiter;vidgen1m;yttemporal-180m] (1863)
[1783/3710] 'MLW Wiffle Ball' -> USED_BY [internvid;runway-jupiter] (469)
[1784/3710] 'American Dental Association (ADA)' -> USED_BY [hdvg130m;hdvila100m;internvid;openvid1m;runway-jupiter;yttemporal-180m] (431)
[1785/3710] 'Retro Ralph' -> USED_BY [runway-jupiter] (551)
[1786/3710] 'Nick Pro' -> USED_BY [internvid;runway-jupiter] (593)
[1787/3710] 'Charlie Follows' -> USED_BY [runway-jupiter] (532)
[1788/3710] 'Alan Thrall (Untamed Strength)' -> USED_BY [hdvg130m;hdvila100m;internvid;openvid1m;runway-jupiter;yttemporal-180m] (546)
[1789/3710] 'Piggy Soap ASMR' -> USED_BY [internvid;runway-jupiter] (480)
[1790/3710] 'The Fish Guys' -> USED_BY [hdvg130m;hdvila100m;internvid;runway-jupiter;vidgen1m;yttemporal-180m] (536)
[1791/3710] 'Keep It Weird' -> USED_BY [internvid;runway-jupiter] (621)
[1792/3710] 'THE GARFIELD SHOW OFFICIAL \U0001f1fa\U0001f1f8' ERROR: 'charmap' codec can't encode characters in position 40-41: character maps to <undefined>
[1793/3710] 'AnimalWised' -> USED_BY [hdvg130m;hdvila100m;internvid;openvid1m;runway-jupiter;vidgen1m;yttemporal-180m] (2233)
[1794/3710] 'Basteln mit Papier' -> USED_BY [internvid;runway-jupiter] (523)
[1795/3710] 'DrDaveBilliards' -> USED_BY [hdvg130m;hdvila100m;internvid;runway-jupiter;yttemporal-180m] (633)
[1796/3710] 'Walt Disney Animation Studios' -> USED_BY [hdvg130m;hdvila100m;internvid;openvid1m;runway-jupiter;vidgen1m;yttemporal-180m] (979)
[1797/3710] 'Seattle Tree Care' -> USED_BY [runway-jupiter] (119)
[1798/3710] 'Enes Yilmazer' -> USED_BY [internvid;runway-jupiter] (200)
[1799/3710] 'Wind Walk Travel Videos \u02ac' ERROR: 'charmap' codec can't encode character '\u02ac' in position 37: character maps to <undefined>
[1800/3710] 'Matt Steffanina' -> USED_BY [hdvg130m;hdvila100m;internvid;openvid1m;runway-jupiter;vidgen1m;yttemporal-180m] (606)
[1801/3710] 'England Netball' -> USED_BY [hdvila100m;internvid;runway-jupiter;yttemporal-180m] (468)
[1802/3710] 'Clean That Up' -> USED_BY [internvid;runway-jupiter] (502)
[1803/3710] 'Isle of Man TT Races' -> USED_BY [internvid;runway-jupiter] (351)
[1804/3710] 'Joshua Weissman' -> USED_BY [hdvg130m;hdvila100m;internvid;openvid1m;runway-jupiter;vidgen1m;yttemporal-180m] (790)
[1805/3710] 'Canada in the Rough' -> USED_BY [internvid;runway-jupiter] (623)
[1806/3710] 'Brittany Vasseur' -> USED_BY [hdvg130m;hdvila100m;internvid;openvid1m;runway-jupiter;vidgen1m;yttemporal-180m] (1205)
[1807/3710] 'Zeelicious Foods' -> USED_BY [hdvg130m;hdvila100m;internvid;openvid1m;runway-jupiter;vidgen1m;yttemporal-180m] (875)
[1808/3710] 'Ninja Training TV' -> USED_BY [internvid;runway-jupiter;yttemporal-180m] (639)
[1809/3710] 'Mega Moments' -> USED_BY [runway-jupiter] (440)
[1810/3710] 'North Country Trains' -> USED_BY [runway-jupiter] (500)
[1811/3710] 'FASHION' -> USED_BY [internvid;runway-jupiter;yttemporal-180m] (581)
[1812/3710] 'Clever Hacks' -> USED_BY [runway-jupiter] (464)
[1813/3710] 'Die Maus' -> USED_BY [internvid;runway-jupiter] (446)
[1814/3710] 'Animalogic' -> USED_BY [hdvg130m;hdvila100m;internvid;openvid1m;runway-jupiter;vidgen1m;yttemporal-180m] (1225)
[1815/3710] 'tzuyang\ucbd4\uc591' ERROR: 'charmap' codec can't encode characters in position 20-21: character maps to <undefined>
[1816/3710] 'the Luxury Travel Expert' -> USED_BY [internvid;runway-jupiter] (411)
[1817/3710] 'DRD Vacuums' -> USED_BY [runway-jupiter] (357)
[1818/3710] 'Go Wild' -> USED_BY [internvid;runway-jupiter] (533)
[1819/3710] 'The Bioneer' -> USED_BY [internvid;runway-jupiter] (407)
[1820/3710] 'gm__golf' -> USED_BY [hdvg130m;hdvila100m;internvid;openvid1m;runway-jupiter;vidgen1m;yttemporal-180m] (995)
[1821/3710] 'iDest' -> USED_BY [runway-jupiter] (602)
[1822/3710] 'Hammarby Fotboll' -> USED_BY [hdvg130m;hdvila100m;runway-jupiter] (893)
[1823/3710] 'Rick Bayless' -> USED_BY [hdvg130m;hdvila100m;internvid;openvid1m;runway-jupiter;vidgen1m;yttemporal-180m] (1033)
[1824/3710] 'BENIDORM TOURIST TODAY' -> USED_BY [runway-jupiter] (25)
[1825/3710] 'wrapping gift' -> USED_BY [runway-jupiter] (25)
[1826/3710] 'Pablo Cimadevila' -> USED_BY [internvid;runway-jupiter;yttemporal-180m] (44)
[1827/3710] 'PEACEFUL MIND' -> USED_BY [internvid;runway-jupiter] (245)
[1828/3710] '\ucc10\ud478\ub4dc JJin Food' ERROR: 'charmap' codec can't encode characters in position 13-15: character maps to <undefined>
[1829/3710] 'Seeweb FPV' -> USED_BY [runway-jupiter] (155)
[1830/3710] 'Spotting Point TV 4K' -> USED_BY [runway-jupiter] (25)
[1831/3710] 'Chef Jack Ovens' -> USED_BY [internvid;runway-jupiter] (506)
[1832/3710] "Heiva i Paris - HiP's League" -> USED_BY [runway-jupiter] (395)
[1833/3710] 'Not What You Think' -> USED_BY [internvid;runway-jupiter] (617)
[1834/3710] 'VIRTUAL JAPAN' -> USED_BY [runway-jupiter] (501)
[1835/3710] 'Tasty Inside' -> USED_BY [internvid;runway-jupiter] (385)
[1836/3710] 'BenDeen' -> USED_BY [hdvg130m;hdvila100m;internvid;openvid1m;runway-jupiter;vidgen1m;yttemporal-180m] (834)
[1837/3710] 'Tucker Gott' -> USED_BY [hdvg130m;hdvila100m;internvid;openvid1m;runway-jupiter;vidgen1m;yttemporal-180m] (1395)
[1838/3710] 'Red Bull Air Race' -> USED_BY [hdvg130m;hdvila100m;internvid;openvid1m;runway-jupiter] (641)
[1839/3710] 'LONDON CITY WALK' -> USED_BY [runway-jupiter] (730)
[1840/3710] 'HD Video Library - No Copyright Footage' -> USED_BY [runway-jupiter] (532)
[1841/3710] 'Fulling Mill Fly Fishing' -> USED_BY [runway-jupiter] (307)
[1842/3710] 'Flying Master' -> USED_BY [internvid;runway-jupiter] (503)
[1843/3710] 'MasterChef Pankaj Bhadouria' -> USED_BY [internvid;runway-jupiter;yttemporal-180m] (601)
[1844/3710] 'Vogue UA' -> USED_BY [internvid;runway-jupiter] (398)
[1845/3710] 'Sony Pictures SA' -> USED_BY [hdvg130m;hdvila100m;runway-jupiter] (374)
[1846/3710] '\uc124\uae30\uc591SULGI' ERROR: 'charmap' codec can't encode characters in position 13-15: character maps to <undefined>
[1847/3710] 'Jesse James West' -> USED_BY [internvid;runway-jupiter] (492)
[1848/3710] 'The Trapeze Net' -> USED_BY [internvid;runway-jupiter] (426)
[1849/3710] 'And 5678 Line Dance Class' -> USED_BY [runway-jupiter] (400)
[1850/3710] 'Monster Hunter' -> USED_BY [hdvg130m;hdvila100m;internvid;runway-jupiter;vidgen1m;yttemporal-180m] (456)
[1851/3710] 'ALFIE EATS' -> USED_BY [internvid;runway-jupiter] (497)
[1852/3710] 'Canon Solutions America' -> USED_BY [internvid;runway-jupiter] (467)
[1853/3710] 'FA GAMEZ' -> USED_BY [runway-jupiter] (695)
[1854/3710] 'Darren Tang' -> USED_BY [internvid;runway-jupiter] (502)
[1855/3710] 'Average Rob' -> USED_BY [internvid;runway-jupiter] (93)
[1856/3710] 'Village Carpathian cuisine' -> USED_BY [runway-jupiter] (26)
[1857/3710] 'Jason Momoa' -> USED_BY [runway-jupiter] (52)
[1858/3710] 'devinsupertramp' -> USED_BY [hdvg130m;hdvila100m;internvid;openvid1m;runway-jupiter;vidgen1m;yttemporal-180m] (583)
[1859/3710] 'Sridevi Nrithyalaya' -> USED_BY [runway-jupiter] (739)
[1860/3710] 'Vito Iacopelli' -> USED_BY [hdvg130m;hdvila100m;internvid;openvid1m;runway-jupiter;vidgen1m;yttemporal-180m] (589)
[1861/3710] '7mlc' -> USED_BY [hdvila100m;internvid;runway-jupiter;yttemporal-180m] (604)
[1862/3710] 'THAI FIGHT INTERNATIONAL' -> USED_BY [runway-jupiter] (408)
[1863/3710] 'Entertaining With Beth' -> USED_BY [hdvg130m;hdvila100m;internvid;openvid1m;runway-jupiter;vidgen1m;yttemporal-180m] (1851)
[1864/3710] 'Pixadisc' -> USED_BY [runway-jupiter] (365)
[1865/3710] 'Jerome Mervelet' -> USED_BY [runway-jupiter] (453)
[1866/3710] 'My Happy Pets' -> USED_BY [internvid;runway-jupiter] (449)
[1867/3710] 'OZZNER' -> USED_BY [runway-jupiter] (388)
[1868/3710] 'The Handyman' -> USED_BY [hdvg130m;hdvila100m;internvid;openvid1m;runway-jupiter;vidgen1m;yttemporal-180m] (1335)
[1869/3710] 'Blue Cactus Dairy Goats' -> USED_BY [hdvg130m;hdvila100m;internvid;runway-jupiter;yttemporal-180m] (652)
[1870/3710] 'Fishing With YakPak' -> USED_BY [hdvg130m;hdvila100m;openvid1m;runway-jupiter;vidgen1m;yttemporal-180m] (972)
[1871/3710] 'sgprolab' -> USED_BY [runway-jupiter] (580)
[1872/3710] 'Leo Lausemaus' -> USED_BY [runway-jupiter] (448)
[1873/3710] 'The Luxury Home Show' -> USED_BY [internvid;runway-jupiter] (472)
[1874/3710] 'Tomographic' -> USED_BY [internvid;runway-jupiter] (461)
[1875/3710] 'Gimbal God' -> USED_BY [internvid;runway-jupiter] (544)
[1876/3710] 'davidsjones' -> USED_BY [hdvg130m;hdvila100m;internvid;openvid1m;runway-jupiter;vidgen1m;yttemporal-180m] (1385)
[1877/3710] 'NYT Cooking' -> USED_BY [hdvg130m;hdvila100m;internvid;openvid1m;runway-jupiter;vidgen1m;yttemporal-180m] (427)
[1878/3710] 'Knot Master' -> USED_BY [runway-jupiter] (398)
[1879/3710] 'Pizza and Luna' -> USED_BY [internvid;runway-jupiter] (547)
[1880/3710] '\u0421\u0412\u0406\u0422 \u041d\u0410\u0412\u0418\u0412\u041e\u0420\u0406\u0422' ERROR: 'charmap' codec can't encode characters in position 13-16: character maps to <undefined>
[1881/3710] 'Caitlin Shoemaker' -> USED_BY [hdvg130m;hdvila100m;internvid;openvid1m;runway-jupiter;vidgen1m;yttemporal-180m] (1621)
[1882/3710] 'hv apex' -> USED_BY [runway-jupiter] (575)
[1883/3710] '4K Flights' -> USED_BY [runway-jupiter] (23)
[1884/3710] '8K Exotic Animals' -> USED_BY [runway-jupiter] (23)
[1885/3710] 'BioNetwork' -> USED_BY [hdvg130m;hdvila100m;internvid;openvid1m;runway-jupiter;vidgen1m;yttemporal-180m] (164)
[1886/3710] 'Keith Johnson Woodworking' -> USED_BY [runway-jupiter] (46)
[1887/3710] '4K Ocean World' -> USED_BY [runway-jupiter] (23)
[1888/3710] 'Epic Gardening' -> USED_BY [hdvg130m;hdvila100m;internvid;openvid1m;runway-jupiter;vidgen1m;yttemporal-180m] (906)
[1889/3710] 'Kitesurfing Official' -> USED_BY [internvid;runway-jupiter] (529)
[1890/3710] 'Jeff Nippard' -> USED_BY [hdvg130m;hdvila100m;internvid;openvid1m;runway-jupiter;vidgen1m;yttemporal-180m] (1204)
[1891/3710] 'Pacific Northwest Ballet' -> USED_BY [hdvg130m;hdvila100m;internvid;runway-jupiter;vidgen1m;yttemporal-180m] (597)
[1892/3710] 'AQUAHOLIC' -> USED_BY [hdvg130m;hdvila100m;internvid;openvid1m;runway-jupiter;vidgen1m;yttemporal-180m] (975)
[1893/3710] 'UKClimbing' -> USED_BY [internvid;runway-jupiter] (657)
[1894/3710] 'bluetvsports' -> USED_BY [internvid;runway-jupiter;yttemporal-180m] (346)
[1895/3710] 'Zip Zip [English Official]' -> USED_BY [internvid;runway-jupiter] (484)
[1896/3710] 'Dubai Sotheby’s International Realty' -> USED_BY [runway-jupiter] (406)
[1897/3710] '123 GO! SCHOOL German' -> USED_BY [internvid;runway-jupiter] (457)
[1898/3710] 'Free 4K Stock Videos' -> USED_BY [runway-jupiter] (361)
[1899/3710] 'Free Stock Footage' -> USED_BY [runway-jupiter] (649)
[1900/3710] 'Phillips' -> USED_BY [hdvg130m;hdvila100m;internvid;runway-jupiter;vidgen1m] (555)
[1901/3710] '\ubb38\ubcf5\ud76c Eat with Boki' ERROR: 'charmap' codec can't encode characters in position 13-15: character maps to <undefined>
[1902/3710] "Johnny's War Stories" -> USED_BY [internvid;runway-jupiter] (508)
[1903/3710] 'CaptainHook TreeClimbing' -> USED_BY [internvid;runway-jupiter] (308)
[1904/3710] 'Little P’s World' -> USED_BY [internvid;runway-jupiter] (344)
[1905/3710] 'Alexa Real' -> USED_BY [internvid;runway-jupiter] (614)
[1906/3710] 'Clau Reads Books' -> USED_BY [hdvila100m;internvid;runway-jupiter] (384)
[1907/3710] 'RAWWFishing' -> USED_BY [hdvg130m;hdvila100m;internvid;openvid1m;runway-jupiter;vidgen1m;yttemporal-180m] (1356)
[1908/3710] 'Go Places Pro' -> USED_BY [runway-jupiter] (416)
[1909/3710] 'Freshly Charged' -> USED_BY [internvid;runway-jupiter] (552)
[1910/3710] 'Bengali Fish & Fishing' -> USED_BY [runway-jupiter] (24)
[1911/3710] 'TPM Travel Documentary Films' -> USED_BY [runway-jupiter] (28)
[1912/3710] 'Halloween Eye' -> USED_BY [runway-jupiter] (227)
[1913/3710] 'Zenso Relaxation' -> USED_BY [internvid;runway-jupiter] (45)
[1914/3710] 'Cinema Calendar' -> USED_BY [runway-jupiter] (302)
[1915/3710] 'The New Reality Paranormal' -> USED_BY [runway-jupiter] (194)
[1916/3710] 'Kite Flying and Kite Festivals' -> USED_BY [runway-jupiter] (530)
[1917/3710] 'RESAKS GRAFFITI' -> USED_BY [internvid;runway-jupiter] (289)
[1918/3710] 'April Wilkerson' -> USED_BY [hdvg130m;hdvila100m;internvid;openvid1m;runway-jupiter;vidgen1m;yttemporal-180m] (738)
[1919/3710] 'Drummond Golf' -> USED_BY [runway-jupiter] (424)
[1920/3710] '\uc288\uc564\ud2b8\ub9ac SHU AND TREE' ERROR: 'charmap' codec can't encode characters in position 13-16: character maps to <undefined>
[1921/3710] 'RoyaltyFree — Videos for content creators' -> USED_BY [runway-jupiter] (456)
[1922/3710] 'Fooster' -> USED_BY [runway-jupiter] (670)
[1923/3710] 'Miarti - Sewing Tips' -> USED_BY [runway-jupiter] (439)
[1924/3710] 'NEVER TOO SMALL' -> USED_BY [hdvg130m;hdvila100m;internvid;runway-jupiter;yttemporal-180m] (253)
[1925/3710] 'Rokolee DIY' -> USED_BY [hdvg130m;hdvila100m;internvid;runway-jupiter;vidgen1m;yttemporal-180m] (504)
[1926/3710] 'CFL Highlights' -> USED_BY [internvid;runway-jupiter] (627)
[1927/3710] 'Matchroom Multi Sport' -> USED_BY [internvid;runway-jupiter] (582)
[1928/3710] 'Freeride Inc. Austria Mountainbike - Ski - Vanlife' -> USED_BY [runway-jupiter] (574)
[1929/3710] 'Krypto Trekker' -> USED_BY [runway-jupiter] (686)
[1930/3710] 'Healthy Feet Podiatry' -> USED_BY [internvid;runway-jupiter] (533)
[1931/3710] 'Animation World Network' -> USED_BY [runway-jupiter] (595)
[1932/3710] 'ASMR Mass Massage' -> USED_BY [internvid;runway-jupiter] (546)
[1933/3710] 'SENSEI' -> USED_BY [hdvg130m;hdvila100m;internvid;runway-jupiter] (445)
[1934/3710] 'Design Seed' -> USED_BY [internvid;runway-jupiter] (394)
[1935/3710] 'HowToBasic' -> USED_BY [hdvg130m;hdvila100m;internvid;runway-jupiter;vidgen1m;yttemporal-180m] (662)
[1936/3710] 'Disney Princess' -> USED_BY [hdvg130m;hdvila100m;internvid;openvid1m;runway-jupiter;vidgen1m;yttemporal-180m] (1249)
[1937/3710] 'KamovRider' -> USED_BY [internvid;runway-jupiter] (553)
[1938/3710] 'Ultimate Baseball Training' -> USED_BY [hdvg130m;hdvila100m;internvid;openvid1m;runway-jupiter;vidgen1m;yttemporal-180m] (1246)
[1939/3710] 'Nika Ritshel' -> USED_BY [internvid;runway-jupiter] (283)
[1940/3710] '\uc190\ub9db\ud560\uba38\ub2c8 sonmat' ERROR: 'charmap' codec can't encode characters in position 13-17: character maps to <undefined>
[1941/3710] 'UMF TV' -> USED_BY [runway-jupiter] (377)
[1942/3710] 'Short Frame: Award Winning Short Films' -> USED_BY [runway-jupiter] (41)
[1943/3710] 'GlamFam Hair & Beauty' -> USED_BY [hdvg130m;hdvila100m;internvid;openvid1m;runway-jupiter;vidgen1m;yttemporal-180m] (778)
[1944/3710] 'Hello Sewing' -> USED_BY [internvid;runway-jupiter] (335)
[1945/3710] 'FUJIFILM X Series' -> USED_BY [internvid;runway-jupiter] (470)
[1946/3710] 'JavaJazzFest' -> USED_BY [internvid;runway-jupiter] (436)
[1947/3710] 'Louis Vuitton' -> USED_BY [internvid;runway-jupiter] (405)
[1948/3710] 'Aaron Palmer | Low n Slow Basics' -> USED_BY [internvid;runway-jupiter] (388)
[1949/3710] 'Official Sahi hai' -> USED_BY [runway-jupiter] (422)
[1950/3710] 'Easy Paper Origami' -> USED_BY [internvid;runway-jupiter] (434)
[1951/3710] 'Asian Cricket Council' -> USED_BY [internvid;runway-jupiter] (545)
[1952/3710] 'Bluegabe' -> USED_BY [internvid;runway-jupiter] (388)
[1953/3710] 'IBEX Training' -> USED_BY [runway-jupiter] (358)
[1954/3710] 'Sakramel' -> USED_BY [internvid;runway-jupiter] (432)
[1955/3710] 'ROC NYC' -> USED_BY [internvid;runway-jupiter] (422)
[1956/3710] 'RedExions' -> USED_BY [runway-jupiter] (431)
[1957/3710] 'Traxxas' -> USED_BY [hdvila100m;internvid;runway-jupiter] (485)
[1958/3710] 'Robbie Hislop Shearing School' -> USED_BY [internvid;runway-jupiter] (434)
[1959/3710] "Pierre's Elite Performance" -> USED_BY [internvid;runway-jupiter] (414)
[1960/3710] 'China Cultural Center in Copenhagen' -> USED_BY [internvid;runway-jupiter] (469)
[1961/3710] 'Life in Canada by Lusy' -> USED_BY [runway-jupiter] (485)
[1962/3710] 'Mostly Walking' -> USED_BY [runway-jupiter] (427)
[1963/3710] 'The Gardening Channel With James Prigioni' -> USED_BY [hdvg130m;hdvila100m;internvid;openvid1m;runway-jupiter;vidgen1m;yttemporal-180m] (790)
[1964/3710] 'Sam Chui' -> USED_BY [hdvg130m;hdvila100m;internvid;openvid1m;runway-jupiter;vidgen1m;yttemporal-180m] (1206)
[1965/3710] 'Ralph Lauren' -> USED_BY [internvid;runway-jupiter] (503)
[1966/3710] 'EmiratesTeamNZ' -> USED_BY [hdvg130m;hdvila100m;openvid1m;runway-jupiter] (559)
[1967/3710] '\ub300\ud55c\uc591\uad81\ud611\ud68c Korea Archery' ERROR: 'charmap' codec can't encode characters in position 13-18: character maps to <undefined>
[1968/3710] 'Muskoka Freerider' -> USED_BY [internvid;runway-jupiter] (355)
[1969/3710] 'SimFlightPro // SimWorldPro' -> USED_BY [internvid;runway-jupiter] (428)
[1970/3710] 'BLK BOX' -> USED_BY [runway-jupiter] (399)
[1971/3710] 'Cheesy Buzz' -> USED_BY [runway-jupiter] (385)
[1972/3710] 'Fibers_art' -> USED_BY [runway-jupiter] (27)
[1973/3710] 'JLNRaw' -> USED_BY [runway-jupiter] (250)
[1974/3710] 'Thomas Flight' -> USED_BY [internvid;runway-jupiter] (128)
[1975/3710] 'TheSilentWatcher' -> USED_BY [runway-jupiter] (75)
[1976/3710] 'Yoga With Adriene' -> USED_BY [hdvg130m;hdvila100m;internvid;openvid1m;runway-jupiter;vidgen1m;yttemporal-180m] (1088)
[1977/3710] 'Random Golf Club' -> USED_BY [internvid;runway-jupiter] (318)
[1978/3710] 'Adventure Racing World Series' -> USED_BY [hdvg130m;hdvila100m;internvid;runway-jupiter;yttemporal-180m] (327)
[1979/3710] 'Sydney Opera House' -> USED_BY [hdvg130m;hdvila100m;internvid;openvid1m;runway-jupiter;vidgen1m;yttemporal-180m] (928)
[1980/3710] 'Jp Stephens' -> USED_BY [runway-jupiter] (557)
[1981/3710] 'David Erick Ramos - Ocarina' -> USED_BY [hdvg130m;hdvila100m;internvid;runway-jupiter;yttemporal-180m] (538)
[1982/3710] 'El Estepario Siberiano' -> USED_BY [internvid;runway-jupiter] (585)
[1983/3710] 'BlueStone' -> USED_BY [internvid;runway-jupiter] (412)
[1984/3710] 'SHREDBOTS OFFICIAL' -> USED_BY [hdvg130m;hdvila100m;internvid;openvid1m;runway-jupiter;vidgen1m;yttemporal-180m] (361)
[1985/3710] 'playpoi' -> USED_BY [hdvila100m;internvid;runway-jupiter;yttemporal-180m] (594)
[1986/3710] 'Kentucky Ballistics' -> USED_BY [internvid;runway-jupiter;yttemporal-180m] (494)
[1987/3710] 'InsecthausTV (Insecthaus)' -> USED_BY [runway-jupiter] (437)
[1988/3710] 'Val Thorens' -> USED_BY [hdvg130m;hdvila100m;internvid;runway-jupiter] (400)
[1989/3710] 'Amber Scholl' -> USED_BY [hdvg130m;hdvila100m;internvid;openvid1m;runway-jupiter;vidgen1m;yttemporal-180m] (1465)
[1990/3710] 'TrailerSpot' -> USED_BY [internvid;runway-jupiter] (676)
[1991/3710] 'HUBLOT' -> USED_BY [runway-jupiter] (584)
[1992/3710] 'SFD' -> USED_BY [runway-jupiter] (511)
[1993/3710] 'Amazing Fishing Boss' -> USED_BY [runway-jupiter] (301)
[1994/3710] 'Moto Doggo' -> USED_BY [runway-jupiter] (574)
[1995/3710] 'Perfect Pair' -> USED_BY [internvid;runway-jupiter] (473)
[1996/3710] 'Flower Joos' -> USED_BY [hdvg130m;hdvila100m;internvid;openvid1m;runway-jupiter;vidgen1m;yttemporal-180m] (671)
[1997/3710] '\u0410\u043d\u0430\u0441\u0442\u0430\u0441\u0438\u044f \u0412\u0438\u043d\u0442\u0430\u0436' ERROR: 'charmap' codec can't encode characters in position 13-21: character maps to <undefined>
[1998/3710] 'Musclecars Universe' -> USED_BY [internvid;runway-jupiter] (424)
[1999/3710] 'Adam Botkin' -> USED_BY [runway-jupiter] (368)
[2000/3710] 'Derek Lunsford' -> USED_BY [runway-jupiter] (298)
[2001/3710] 'olympicvancouver2010' -> USED_BY [internvid;runway-jupiter] (575)
[2002/3710] 'Inchcape Audi' -> USED_BY [hdvg130m;hdvila100m;runway-jupiter] (370)
[2003/3710] "Genevieve's Playhouse - Learning Videos for Kids" -> USED_BY [hdvg130m;hdvila100m;internvid;openvid1m;runway-jupiter;vidgen1m;yttemporal-180m] (2750)
[2004/3710] 'Illumination' -> USED_BY [internvid;runway-jupiter] (367)
[2005/3710] 'Elina Fedorova' -> USED_BY [internvid;runway-jupiter] (391)
[2006/3710] 'BeardMeatsFood' -> USED_BY [hdvg130m;hdvila100m;internvid;runway-jupiter;yttemporal-180m] (547)
[2007/3710] 'JAPANESE SHAMPOO ASMR' -> USED_BY [internvid;runway-jupiter] (383)
[2008/3710] 'Maria Draganova' -> USED_BY [internvid;runway-jupiter] (456)
[2009/3710] 'KRAZAM' -> USED_BY [runway-jupiter] (20)
[2010/3710] 'VALORANT' -> USED_BY [internvid;runway-jupiter] (194)
[2011/3710] 'HowNOT2' -> USED_BY [hdvg130m;hdvila100m;internvid;openvid1m;runway-jupiter;vidgen1m;yttemporal-180m] (494)
[2012/3710] 'DOCUMENTARY TUBE' -> USED_BY [hdvg130m;hdvila100m;internvid;runway-jupiter;vidgen1m;yttemporal-180m] (238)
[2013/3710] 'Huyana Beauty' -> USED_BY [internvid;runway-jupiter] (94)
[2014/3710] 'FSLL' -> USED_BY [runway-jupiter] (154)
[2015/3710] 'Vadim in the WILD' -> USED_BY [runway-jupiter] (22)
[2016/3710] 'Sarah Homfray Embroidery' -> USED_BY [hdvg130m;hdvila100m;internvid;openvid1m;runway-jupiter;yttemporal-180m] (524)
[2017/3710] 'Kaleigh Cohen Strength' -> USED_BY [runway-jupiter] (314)
[2018/3710] 'Chef Raphael' -> USED_BY [hdvg130m;hdvila100m;internvid;openvid1m;runway-jupiter;vidgen1m;yttemporal-180m] (429)
[2019/3710] 'EliasVFishing' -> USED_BY [hdvg130m;hdvila100m;internvid;openvid1m;runway-jupiter;vidgen1m;yttemporal-180m] (894)
[2020/3710] 'Matt Jones' -> USED_BY [hdvg130m;hdvila100m;internvid;openvid1m;runway-jupiter;vidgen1m;yttemporal-180m] (1073)
[2021/3710] 'Strolling The City' -> USED_BY [runway-jupiter] (458)
[2022/3710] 'Double Fault' -> USED_BY [internvid;runway-jupiter] (325)
[2023/3710] 'KidKrappie' -> USED_BY [internvid;runway-jupiter] (523)
[2024/3710] 'Piano Relaxing' -> USED_BY [runway-jupiter] (175)
[2025/3710] 'ForFilm Creation' -> USED_BY [runway-jupiter] (462)
[2026/3710] 'Red Summit RF' -> USED_BY [runway-jupiter] (351)
[2027/3710] 'CALINA BROTHERS' -> USED_BY [runway-jupiter] (423)
[2028/3710] 'FOOD DILEX' -> USED_BY [internvid;runway-jupiter] (323)
[2029/3710] 'Jessica Valant Pilates' -> USED_BY [internvid;runway-jupiter] (344)
[2030/3710] 'Stefan Langer' -> USED_BY [hdvg130m;hdvila100m;internvid;openvid1m;runway-jupiter;vidgen1m;yttemporal-180m] (338)
[2031/3710] 'Ryan Knorr Lawn Care' -> USED_BY [hdvg130m;hdvila100m;internvid;openvid1m;runway-jupiter;vidgen1m;yttemporal-180m] (807)
[2032/3710] 'hard2hurt' -> USED_BY [internvid;runway-jupiter] (427)
[2033/3710] 'MonsterTruckLord' -> USED_BY [runway-jupiter] (373)
[2034/3710] 'Silas Noyes' -> USED_BY [internvid;runway-jupiter] (387)
[2035/3710] 'YBS Youngbloods' -> USED_BY [hdvg130m;hdvila100m;internvid;openvid1m;runway-jupiter;vidgen1m;yttemporal-180m] (871)
[2036/3710] 'Joey Suggs' -> USED_BY [runway-jupiter] (278)
[2037/3710] 'Tee Cee' -> USED_BY [internvid;runway-jupiter] (334)
[2038/3710] 'Rebels Wrestling' -> USED_BY [internvid;runway-jupiter] (241)
[2039/3710] 'Jurassic World' -> USED_BY [internvid;runway-jupiter] (262)
[2040/3710] 'Lydia Tomlinson' -> USED_BY [hdvg130m;hdvila100m;internvid;openvid1m;runway-jupiter;vidgen1m;yttemporal-180m] (833)
[2041/3710] 'YG ENTERTAINMENT' -> USED_BY [internvid;runway-jupiter] (454)
[2042/3710] 'DezoDrones' -> USED_BY [runway-jupiter] (281)
[2043/3710] 'Hello Korea' -> USED_BY [internvid;runway-jupiter] (385)
[2044/3710] 'Infobells - Hindi' -> USED_BY [internvid;runway-jupiter] (514)
[2045/3710] 'Chef Neha Deepak Shah' -> USED_BY [runway-jupiter] (369)
[2046/3710] 'MonsterTruckReels' -> USED_BY [runway-jupiter] (366)
[2047/3710] 'Crafty Concepts with Erin' -> USED_BY [internvid;runway-jupiter] (350)
[2048/3710] 'Champion de Chile' -> USED_BY [internvid;runway-jupiter] (494)
[2049/3710] 'Dirk Schouten' -> USED_BY [runway-jupiter] (341)
[2050/3710] 'UWH NEWS' -> USED_BY [internvid;runway-jupiter] (385)
[2051/3710] 'Crashed it' -> USED_BY [internvid;runway-jupiter] (439)
[2052/3710] 'Sondre & Tanya' -> USED_BY [internvid;runway-jupiter] (485)
[2053/3710] 'washing dishes' -> USED_BY [runway-jupiter] (18)
[2054/3710] 'Will Streets' -> USED_BY [internvid;runway-jupiter] (46)
[2055/3710] 'Benjamin Ortega' -> USED_BY [runway-jupiter] (46)
[2056/3710] 'Naked Science' -> USED_BY [hdvg130m;hdvila100m;internvid;openvid1m;runway-jupiter;vidgen1m;yttemporal-180m] (742)
[2057/3710] 'V is for Vino Wine Show' -> USED_BY [internvid;runway-jupiter] (163)
[2058/3710] 'GymnasticsAddicted' -> USED_BY [runway-jupiter] (20)
[2059/3710] 'Jeff Pelletier' -> USED_BY [internvid;runway-jupiter] (115)
[2060/3710] 'Victor Poulin' -> USED_BY [hdvila100m;internvid;runway-jupiter;yttemporal-180m] (389)
[2061/3710] 'Arm Historian' -> USED_BY [runway-jupiter] (27)
[2062/3710] 'Nomadic Ambience' -> USED_BY [runway-jupiter] (212)
[2063/3710] 'IVM Sky Animals' -> USED_BY [internvid;runway-jupiter] (300)
[2064/3710] 'Forza' -> USED_BY [hdvg130m;hdvila100m;internvid;runway-jupiter] (367)
[2065/3710] 'Planet Fungi' -> USED_BY [runway-jupiter] (30)
[2066/3710] 'Knight Jiu-Jitsu' -> USED_BY [hdvg130m;hdvila100m;internvid;openvid1m;runway-jupiter;vidgen1m;yttemporal-180m] (799)
[2067/3710] 'Theme Park Shark' -> USED_BY [internvid;runway-jupiter] (340)
[2068/3710] 'Blake Ridder' -> USED_BY [internvid;runway-jupiter] (371)
[2069/3710] 'Desi Cooking Secrets UK' -> USED_BY [runway-jupiter] (329)
[2070/3710] 'Nathan Florence' -> USED_BY [internvid;runway-jupiter] (392)
[2071/3710] 'Girl With The Dogs' -> USED_BY [internvid;runway-jupiter] (438)
[2072/3710] 'J. Kenji López-Alt' -> USED_BY [hdvg130m;hdvila100m;internvid;openvid1m;runway-jupiter;vidgen1m;yttemporal-180m] (627)
[2073/3710] 'YCImaging' -> USED_BY [internvid;runway-jupiter] (478)
[2074/3710] 'YS 24 Handball Video' -> USED_BY [internvid;runway-jupiter] (246)
[2075/3710] 'Tanya Khanijow' -> USED_BY [hdvg130m;hdvila100m;internvid;openvid1m;runway-jupiter;vidgen1m;yttemporal-180m] (447)
[2076/3710] 'Traveller In The Whole World' -> USED_BY [runway-jupiter] (551)
[2077/3710] '\u041b\u0456\u043b\u0456\u044f \u0426\u0432\u0456\u0442' ERROR: 'charmap' codec can't encode characters in position 13-17: character maps to <undefined>
[2078/3710] 'Daniel Silva' -> USED_BY [internvid;runway-jupiter] (396)
[2079/3710] 'Fraser Yachts' -> USED_BY [internvid;runway-jupiter] (376)
[2080/3710] 'NSH Aviation' -> USED_BY [runway-jupiter] (320)
[2081/3710] 'Versace' -> USED_BY [internvid;runway-jupiter] (343)
[2082/3710] "Thrash 'N' Trash Productions" -> USED_BY [internvid;runway-jupiter] (349)
[2083/3710] 'Tech Tesseract' -> USED_BY [hdvg130m;hdvila100m;internvid;runway-jupiter;vidgen1m;yttemporal-180m] (301)
[2084/3710] 'Vic Firth Marching' -> USED_BY [internvid;runway-jupiter] (398)
[2085/3710] 'Curb YourTube' -> USED_BY [internvid;runway-jupiter] (387)
[2086/3710] 'Journey to the Microcosmos' -> USED_BY [hdvg130m;hdvila100m;internvid;openvid1m;runway-jupiter;vidgen1m;yttemporal-180m] (421)
[2087/3710] 'Throw and Athletics' -> USED_BY [runway-jupiter] (24)
[2088/3710] 'Bike Teacher' -> USED_BY [hdvg130m;hdvila100m;internvid;openvid1m;runway-jupiter;vidgen1m;yttemporal-180m] (492)
[2089/3710] 'Hayls World' -> USED_BY [hdvg130m;hdvila100m;internvid;runway-jupiter;yttemporal-180m] (309)
[2090/3710] 'Make Sushi 1' -> USED_BY [hdvg130m;hdvila100m;internvid;openvid1m;runway-jupiter;vidgen1m;yttemporal-180m] (1146)
[2091/3710] 'The Barbecue Lab' -> USED_BY [runway-jupiter] (190)
[2092/3710] 'ROYALTY FREE 4K VIDEOS' -> USED_BY [runway-jupiter] (90)
[2093/3710] 'SweetPotatoSoul' -> USED_BY [hdvg130m;hdvila100m;internvid;openvid1m;runway-jupiter;vidgen1m;yttemporal-180m] (695)
[2094/3710] 'Piano Jazz Cafe' -> USED_BY [runway-jupiter] (17)
[2095/3710] 'Jay Siemens' -> USED_BY [hdvg130m;hdvila100m;internvid;openvid1m;runway-jupiter;vidgen1m;yttemporal-180m] (637)
[2096/3710] 'Salzburger Land' -> USED_BY [internvid;runway-jupiter] (404)
[2097/3710] 'Wiens Sauce' -> USED_BY [runway-jupiter] (387)
[2098/3710] 'A24' -> USED_BY [hdvg130m;hdvila100m;internvid;openvid1m;runway-jupiter;vidgen1m;yttemporal-180m] (1603)
[2099/3710] 'Intents Festival' -> USED_BY [hdvg130m;hdvila100m;internvid;runway-jupiter] (392)
[2100/3710] 'Real Life India' -> USED_BY [runway-jupiter] (367)
[2101/3710] 'MusicalFare Theatre' -> USED_BY [runway-jupiter] (212)
[2102/3710] 'Being Wushu' -> USED_BY [internvid;runway-jupiter] (612)
[2103/3710] 'Guga' -> USED_BY [internvid;runway-jupiter] (259)
[2104/3710] 'MadMan Review' -> USED_BY [internvid;runway-jupiter] (400)
[2105/3710] 'DreamWorks Madagascar em Português' -> USED_BY [runway-jupiter] (388)
[2106/3710] 'Laini Ozark' -> USED_BY [internvid;runway-jupiter] (352)
[2107/3710] 'RoboVacParty' -> USED_BY [runway-jupiter] (508)
[2108/3710] 'Yachts For Sale' -> USED_BY [hdvg130m;hdvila100m;internvid;openvid1m;runway-jupiter;vidgen1m;yttemporal-180m] (1160)
[2109/3710] 'Triyom Tamil' -> USED_BY [runway-jupiter] (293)
[2110/3710] 'TRIP XTREME' -> USED_BY [internvid;runway-jupiter] (446)
[2111/3710] 'Dane Jackson' -> USED_BY [hdvg130m;hdvila100m;internvid;openvid1m;runway-jupiter;vidgen1m;yttemporal-180m] (444)
[2112/3710] 'Our World' -> USED_BY [internvid;runway-jupiter] (384)
[2113/3710] 'Levi Allen' -> USED_BY [hdvg130m;hdvila100m;internvid;runway-jupiter;yttemporal-180m] (385)
[2114/3710] 'TagMachine' -> USED_BY [internvid;runway-jupiter] (395)
[2115/3710] 'Outdoor Chef Life' -> USED_BY [hdvg130m;hdvila100m;internvid;openvid1m;runway-jupiter;vidgen1m;yttemporal-180m] (634)
[2116/3710] 'Animal Watch' -> USED_BY [hdvg130m;hdvila100m;internvid;openvid1m;runway-jupiter;vidgen1m;yttemporal-180m] (898)
[2117/3710] 'Alex' -> USED_BY [hdvg130m;hdvila100m;internvid;openvid1m;runway-jupiter;vidgen1m;yttemporal-180m] (2166)
[2118/3710] 'National Trumpet Competition' -> USED_BY [internvid;runway-jupiter] (552)
[2119/3710] 'Filip Poon' -> USED_BY [runway-jupiter] (355)
[2120/3710] 'jakenbakeLIVE' -> USED_BY [runway-jupiter] (466)
[2121/3710] 'Bigstock - Professional Reels' -> USED_BY [runway-jupiter] (500)
[2122/3710] 'Throttle House' -> USED_BY [hdvg130m;hdvila100m;internvid;openvid1m;runway-jupiter;vidgen1m;yttemporal-180m] (1386)
[2123/3710] 'Laurastar' -> USED_BY [internvid;runway-jupiter] (472)
[2124/3710] '\ubb34\ub2c8\ud0a4\uce5cMoonyKitchen' ERROR: 'charmap' codec can't encode characters in position 13-16: character maps to <undefined>
[2125/3710] '(Motor)Bike' -> USED_BY [internvid;runway-jupiter] (460)
[2126/3710] 'Miska Haakana' -> USED_BY [runway-jupiter] (426)
[2127/3710] 'jamie griffin' -> USED_BY [internvid;runway-jupiter] (131)
[2128/3710] 'Friends & Adventures Cartoons' -> USED_BY [runway-jupiter] (23)
[2129/3710] 'Output' -> USED_BY [internvid;runway-jupiter;yttemporal-180m] (367)
[2130/3710] 'Zaviyar Creation Official' -> USED_BY [runway-jupiter] (16)
[2131/3710] '4K HDR WALK' -> USED_BY [runway-jupiter] (16)
[2132/3710] 'Federico Malagutti HEMA' -> USED_BY [internvid;runway-jupiter] (280)
[2133/3710] 'MBARI (Monterey Bay Aquarium Research Institute)' -> USED_BY [hdvg130m;hdvila100m;internvid;runway-jupiter;yttemporal-180m] (335)
[2134/3710] 'Ed Sheeran' -> USED_BY [internvid;runway-jupiter] (429)
[2135/3710] 'Origami Princess' -> USED_BY [internvid;runway-jupiter] (123)
[2136/3710] 'Becca De La Plants' -> USED_BY [internvid;runway-jupiter] (403)
[2137/3710] 'Dezinefun With Michelle' -> USED_BY [hdvg130m;hdvila100m;internvid;openvid1m;runway-jupiter;vidgen1m;yttemporal-180m] (539)
[2138/3710] 'Jarno Cordia - Wingsuit Pilot in' -> USED_BY [runway-jupiter] (381)
[2139/3710] 'Manny Khoshbin' -> USED_BY [hdvg130m;hdvila100m;internvid;openvid1m;runway-jupiter;vidgen1m;yttemporal-180m] (716)
[2140/3710] 'Eisenbahn.tv' -> USED_BY [runway-jupiter] (388)
[2141/3710] 'Rescue Moving Services' -> USED_BY [internvid;runway-jupiter] (321)
[2142/3710] 'Jason Dornstar' -> USED_BY [hdvila100m;internvid;runway-jupiter;yttemporal-180m] (332)
[2143/3710] 'Levic Bricks' -> USED_BY [internvid;runway-jupiter] (328)
[2144/3710] 'Apex Clips' -> USED_BY [internvid;runway-jupiter] (249)
[2145/3710] "that's a bad idea" -> USED_BY [runway-jupiter] (307)
[2146/3710] 'Harry Collins Photography' -> USED_BY [runway-jupiter] (412)
[2147/3710] 'Pixar' -> USED_BY [hdvg130m;hdvila100m;internvid;openvid1m;runway-jupiter;vidgen1m;yttemporal-180m] (1447)
[2148/3710] 'Video For Need-Royalty Free Videos' -> USED_BY [runway-jupiter] (198)
[2149/3710] 'Fergus Crawley' -> USED_BY [internvid;runway-jupiter] (228)
[2150/3710] 'Halloweird' -> USED_BY [runway-jupiter] (349)
[2151/3710] 'GKIDS Films' -> USED_BY [internvid;runway-jupiter] (450)
[2152/3710] 'Vuhlandes' -> USED_BY [hdvg130m;hdvila100m;internvid;runway-jupiter;yttemporal-180m] (307)
[2153/3710] 'Kevin Lee Jacobs' -> USED_BY [hdvg130m;hdvila100m;internvid;openvid1m;runway-jupiter;vidgen1m;yttemporal-180m] (606)
[2154/3710] 'Way2go \u0ba4\u0bae\u0bbf\u0bb4\u0bcd' ERROR: 'charmap' codec can't encode characters in position 20-24: character maps to <undefined>
[2155/3710] 'Peachy Queen' -> USED_BY [runway-jupiter] (448)
[2156/3710] 'SkateLyfe TV' -> USED_BY [internvid;runway-jupiter] (514)
[2157/3710] 'RED Digital Cinema' -> USED_BY [hdvg130m;hdvila100m;internvid;runway-jupiter;vidgen1m] (243)
[2158/3710] 'Mac84' -> USED_BY [runway-jupiter] (341)
[2159/3710] 'Mateo.zielonka' -> USED_BY [runway-jupiter] (318)
[2160/3710] 'Nick Symmonds' -> USED_BY [hdvg130m;hdvila100m;internvid;openvid1m;runway-jupiter;vidgen1m;yttemporal-180m] (624)
[2161/3710] 'Ethan Chlebowski' -> USED_BY [hdvg130m;hdvila100m;internvid;openvid1m;runway-jupiter;vidgen1m;yttemporal-180m] (373)
[2162/3710] 'Aidin Robbins' -> USED_BY [hdvg130m;hdvila100m;internvid;runway-jupiter;yttemporal-180m] (390)
[2163/3710] 'Bass fishing Productions' -> USED_BY [hdvg130m;hdvila100m;internvid;openvid1m;runway-jupiter;vidgen1m;yttemporal-180m] (465)
[2164/3710] 'Vancouver Carpenter' -> USED_BY [hdvg130m;hdvila100m;internvid;openvid1m;runway-jupiter;vidgen1m;yttemporal-180m] (791)
[2165/3710] 'Negative4' -> USED_BY [internvid;runway-jupiter] (226)
[2166/3710] 'Mastering Tricking' -> USED_BY [internvid;runway-jupiter] (499)
[2167/3710] 'Pyrography & Wood Carving' -> USED_BY [runway-jupiter] (26)
[2168/3710] 'ASMR by Simone' -> USED_BY [internvid;runway-jupiter] (343)
[2169/3710] 'THE MAD WATCH COLLECTOR' -> USED_BY [internvid;runway-jupiter] (253)
[2170/3710] 'Zoonicorn Official' -> USED_BY [runway-jupiter] (88)
[2171/3710] 'The Bare Female' -> USED_BY [runway-jupiter] (122)
[2172/3710] 'Jim Dempsey - Fundraising' -> USED_BY [runway-jupiter] (282)
[2173/3710] 'WatchGecko' -> USED_BY [internvid;runway-jupiter;yttemporal-180m] (286)
[2174/3710] 'melodysheep' -> USED_BY [hdvg130m;hdvila100m;internvid;runway-jupiter;yttemporal-180m] (121)
[2175/3710] 'Rapier Duello \ub808\uc774\ud53c\uc5b4 \ub4c0\uc5d8\ub85c' ERROR: 'charmap' codec can't encode characters in position 27-30: character maps to <undefined>
[2176/3710] 'MY CLICK SUPPORT' -> USED_BY [internvid;runway-jupiter] (330)
[2177/3710] 'practical shooting' -> USED_BY [internvid;runway-jupiter] (490)
[2178/3710] 'Lovely Baby' -> USED_BY [internvid;runway-jupiter] (423)
[2179/3710] 'IBX Running' -> USED_BY [internvid;runway-jupiter] (247)
[2180/3710] 'marineinsight' -> USED_BY [internvid;runway-jupiter] (272)
[2181/3710] 'Brian Lagerstrom' -> USED_BY [internvid;runway-jupiter] (251)
[2182/3710] 'Nails By Key' -> USED_BY [runway-jupiter] (308)
[2183/3710] 'Jess Rona Grooming' -> USED_BY [runway-jupiter] (202)
[2184/3710] 'Roadtrip Indonesia' -> USED_BY [internvid;runway-jupiter] (322)
[2185/3710] 'cinetrove' -> USED_BY [runway-jupiter] (353)
[2186/3710] 'More Marshal No Commentary' -> USED_BY [runway-jupiter] (266)
[2187/3710] 'Pingu - Official Channel' -> USED_BY [internvid;runway-jupiter] (461)
[2188/3710] 'Global Martial Arts University' -> USED_BY [internvid;runway-jupiter] (413)
[2189/3710] '12 STOREEZ' -> USED_BY [internvid;runway-jupiter] (287)
[2190/3710] 'SmallTownUSA' -> USED_BY [runway-jupiter] (348)
[2191/3710] 'Przepisy od Katarzyny' -> USED_BY [internvid;runway-jupiter] (255)
[2192/3710] 'M. REX Screen Time' -> USED_BY [runway-jupiter] (329)
[2193/3710] 'Hybrid Calisthenics' -> USED_BY [internvid;runway-jupiter] (341)
[2194/3710] 'DJ Carlo' -> USED_BY [internvid;runway-jupiter] (394)
[2195/3710] 'The Animation Workshop' -> USED_BY [internvid;runway-jupiter] (349)
[2196/3710] 'Senders' -> USED_BY [hdvg130m;hdvila100m;internvid;openvid1m;runway-jupiter;vidgen1m;yttemporal-180m] (423)
[2197/3710] 'Keep It Reet' -> USED_BY [runway-jupiter] (398)
[2198/3710] 'GoTraveler' -> USED_BY [hdvg130m;hdvila100m;internvid;openvid1m;runway-jupiter;vidgen1m] (400)
[2199/3710] 'Chilli Jasmine' -> USED_BY [internvid;runway-jupiter] (291)
[2200/3710] 'lolo BSD' -> USED_BY [internvid;runway-jupiter] (237)
[2201/3710] 'VTR LIVE SPORT' -> USED_BY [runway-jupiter] (306)
[2202/3710] 'MadeByFate' -> USED_BY [internvid;runway-jupiter] (470)
[2203/3710] 'Hockey Training' -> USED_BY [hdvg130m;hdvila100m;internvid;openvid1m;runway-jupiter;vidgen1m;yttemporal-180m] (531)
[2204/3710] '5NationsBRX' -> USED_BY [runway-jupiter] (306)
[2205/3710] 'Chinese Cooking Demystified' -> USED_BY [hdvg130m;hdvila100m;internvid;openvid1m;runway-jupiter;vidgen1m;yttemporal-180m] (461)
[2206/3710] 'Michael Houghton' -> USED_BY [runway-jupiter] (369)
[2207/3710] 'Oliur / UltraLinx' -> USED_BY [hdvg130m;hdvila100m;internvid;openvid1m;runway-jupiter;vidgen1m;yttemporal-180m] (630)
[2208/3710] '4K JAPAN' -> USED_BY [runway-jupiter] (318)
[2209/3710] '4K Animals Relaxation' -> USED_BY [runway-jupiter] (14)
[2210/3710] 'Space Matters' -> USED_BY [runway-jupiter] (64)
[2211/3710] "L'Oréal USA For Women In Science" -> USED_BY [runway-jupiter] (55)
[2212/3710] 'Armies Power' -> USED_BY [internvid;runway-jupiter] (73)
[2213/3710] 'Cinematic Videos Library - 4K' -> USED_BY [runway-jupiter] (58)
[2214/3710] 'Taiwan Walker' -> USED_BY [runway-jupiter] (415)
[2215/3710] 'Clayton Schick Outdoors' -> USED_BY [runway-jupiter] (295)
[2216/3710] 'Oculus Films' -> USED_BY [runway-jupiter] (125)
[2217/3710] 'Coldplay' -> USED_BY [internvid;runway-jupiter] (374)
[2218/3710] 'DiscoverGreece.com' -> USED_BY [runway-jupiter] (187)
[2219/3710] 'Studio_groompets' -> USED_BY [runway-jupiter] (225)
[2220/3710] 'The Samurai Carpenter' -> USED_BY [hdvg130m;hdvila100m;internvid;openvid1m;runway-jupiter;vidgen1m;yttemporal-180m] (605)
[2221/3710] '66Samus' -> USED_BY [hdvg130m;hdvila100m;internvid;openvid1m;runway-jupiter;vidgen1m;yttemporal-180m] (577)
[2222/3710] 'Nivel Delicia' -> USED_BY [internvid;runway-jupiter] (307)
[2223/3710] 'Tuttle Twins' -> USED_BY [runway-jupiter] (250)
[2224/3710] 'Breath Diving' -> USED_BY [runway-jupiter] (23)
[2225/3710] 'HardcoreRC' -> USED_BY [runway-jupiter] (184)
[2226/3710] 'RAZR' -> USED_BY [internvid;runway-jupiter] (173)
[2227/3710] 'How To Drink' -> USED_BY [hdvg130m;hdvila100m;internvid;openvid1m;runway-jupiter;vidgen1m;yttemporal-180m] (663)
[2228/3710] 'Primal Outdoors - Camping and Overlanding' -> USED_BY [hdvg130m;hdvila100m;internvid;openvid1m;runway-jupiter;vidgen1m;yttemporal-180m] (419)
[2229/3710] 'Rockstar Games' -> USED_BY [hdvila100m;internvid;runway-jupiter] (269)
[2230/3710] 'ROLEX' -> USED_BY [hdvg130m;hdvila100m;internvid;runway-jupiter;vidgen1m;yttemporal-180m] (435)
[2231/3710] 'Niklaus prosper' -> USED_BY [runway-jupiter] (285)
[2232/3710] 'Molten Immersive Art' -> USED_BY [internvid;runway-jupiter] (404)
[2233/3710] 'Taylor Swift' -> USED_BY [hdvg130m;hdvila100m;internvid;openvid1m;runway-jupiter;vidgen1m;yttemporal-180m] (324)
[2234/3710] 'TaylorSwiftVEVO' -> USED_BY [hdvila100m;internvid;runway-jupiter;yttemporal-180m] (377)
[2235/3710] 'Dom.e Wingsuit' -> USED_BY [internvid;runway-jupiter] (264)
[2236/3710] 'The West Country Kitchen' -> USED_BY [runway-jupiter] (265)
[2237/3710] 'Proven Progression' -> USED_BY [internvid;runway-jupiter] (151)
[2238/3710] 'InstrumentManiac' -> USED_BY [internvid;runway-jupiter] (327)
[2239/3710] 'More Best Ever Food Review Show' -> USED_BY [hdvg130m;hdvila100m;internvid;openvid1m;runway-jupiter;vidgen1m;yttemporal-180m] (344)
[2240/3710] 'flugsnug' -> USED_BY [internvid;runway-jupiter] (364)
[2241/3710] 'This Gemini' -> USED_BY [runway-jupiter] (298)
[2242/3710] 'Video Gallery - No Copyright Footage' -> USED_BY [runway-jupiter] (430)
[2243/3710] '\ucfe0\ud0b9\ud558\ub8e8 Cooking Haru :)' ERROR: 'charmap' codec can't encode characters in position 13-16: character maps to <undefined>
[2244/3710] 'Stock Video Footages' -> USED_BY [runway-jupiter] (275)
[2245/3710] 'Bang & Olufsen' -> USED_BY [internvid;runway-jupiter] (259)
[2246/3710] 'the Dronalist' -> USED_BY [runway-jupiter] (311)
[2247/3710] 'Cuboss' -> USED_BY [runway-jupiter] (279)
[2248/3710] 'Boston Ballet' -> USED_BY [hdvila100m;internvid;runway-jupiter] (454)
[2249/3710] 'NDYakAngler' -> USED_BY [hdvg130m;hdvila100m;internvid;openvid1m;runway-jupiter;vidgen1m;yttemporal-180m] (552)
[2250/3710] 'Ben Pollack' -> USED_BY [internvid;runway-jupiter] (235)
[2251/3710] 'Ben Morris' -> USED_BY [internvid;runway-jupiter;yttemporal-180m] (433)
[2252/3710] 'Sailing Zatara' -> USED_BY [hdvg130m;hdvila100m;internvid;openvid1m;runway-jupiter;vidgen1m;yttemporal-180m] (757)
[2253/3710] "Snooker's Home" -> USED_BY [runway-jupiter] (211)
[2254/3710] 'Fallow' -> USED_BY [runway-jupiter] (292)
[2255/3710] 'theTurtleRoom' -> USED_BY [hdvg130m;hdvila100m;internvid;openvid1m;runway-jupiter;vidgen1m;yttemporal-180m] (366)
[2256/3710] 'FailArmy' -> USED_BY [hdvg130m;hdvila100m;internvid;runway-jupiter;vidgen1m;yttemporal-180m] (879)
[2257/3710] 'Mr. Frog' -> USED_BY [runway-jupiter] (323)
[2258/3710] 'Accordion and Saxophone music' -> USED_BY [runway-jupiter] (283)
[2259/3710] 'Jumping With Ivy' -> USED_BY [runway-jupiter] (371)
[2260/3710] 'Origami World' -> USED_BY [internvid;runway-jupiter] (313)
[2261/3710] '12kgp-Tennis' -> USED_BY [runway-jupiter] (322)
[2262/3710] 'CantrellCaving' -> USED_BY [runway-jupiter] (42)
[2263/3710] 'AR on AR' -> USED_BY [internvid;runway-jupiter] (25)
[2264/3710] 'SpaceWave - Cosmic Relaxation' -> USED_BY [runway-jupiter] (293)
[2265/3710] 'Harmony Hounds - Relaxing Music for Dogs' -> USED_BY [runway-jupiter] (13)
[2266/3710] 'Movie Matinee - Short Films Every Thursday' -> USED_BY [runway-jupiter] (55)
[2267/3710] 'World Netball' -> USED_BY [runway-jupiter] (262)
[2268/3710] 'TAPP Channel' -> USED_BY [runway-jupiter] (269)
[2269/3710] 'Dog Playgroup Stories' -> USED_BY [runway-jupiter] (81)
[2270/3710] 'PrimeTime Pickleball' -> USED_BY [internvid;runway-jupiter] (237)
[2271/3710] 'Hannah Morris Bouldering' -> USED_BY [internvid;runway-jupiter] (148)
[2272/3710] "Let's ask Shogo | Katana" -> USED_BY [internvid;runway-jupiter] (27)
[2273/3710] 'Budo' -> USED_BY [internvid;runway-jupiter] (28)
[2274/3710] '& Kimono' -> USED_BY [internvid;runway-jupiter] (27)
[2275/3710] 'JackoUni' -> USED_BY [runway-jupiter] (67)
[2276/3710] 'Butcher Wizard' -> USED_BY [internvid;runway-jupiter] (60)
[2277/3710] "GP Woodworking & Designs - Greg's Channel" -> USED_BY [runway-jupiter;yttemporal-180m] (296)
[2278/3710] 'DOXRAW2' -> USED_BY [runway-jupiter] (13)
[2279/3710] 'The Beauty Of' -> USED_BY [runway-jupiter] (286)
[2280/3710] 'Gorakh Bista' -> USED_BY [runway-jupiter] (172)
[2281/3710] 'Chuds BBQ' -> USED_BY [internvid;runway-jupiter] (322)
[2282/3710] 'King Pictures' -> USED_BY [runway-jupiter] (421)
[2283/3710] 'Reno Air Racing Association' -> USED_BY [internvid;runway-jupiter] (170)
[2284/3710] 'ArnieTex' -> USED_BY [hdvg130m;hdvila100m;internvid;openvid1m;runway-jupiter;vidgen1m;yttemporal-180m] (328)
[2285/3710] 'CoverswithCassidy' -> USED_BY [runway-jupiter] (380)
[2286/3710] 'thep00lguy ML' -> USED_BY [internvid;runway-jupiter] (284)
[2287/3710] 'Tyngre' -> USED_BY [runway-jupiter] (274)
[2288/3710] 'Lionel Sanders' -> USED_BY [internvid;runway-jupiter] (248)
[2289/3710] 'Oliver Porter' -> USED_BY [hdvg130m;hdvila100m;internvid;runway-jupiter;vidgen1m;yttemporal-180m] (439)
[2290/3710] 'Hockey Trend' -> USED_BY [internvid;runway-jupiter] (346)
[2291/3710] 'Blowy' -> USED_BY [internvid;runway-jupiter] (215)
[2292/3710] 'Der Elefant' -> USED_BY [internvid;runway-jupiter] (253)
[2293/3710] 'vanzai' -> USED_BY [internvid;runway-jupiter] (334)
[2294/3710] '\u8996\u754cMeetWorld' ERROR: 'charmap' codec can't encode characters in position 13-14: character maps to <undefined>
[2295/3710] '\u0411\u0430\u043b\u0435\u0442 \u0418\u0433\u043e\u0440\u044f \u041c\u043e\u0438\u0441\u0435\u0435\u0432\u0430' ERROR: 'charmap' codec can't encode characters in position 13-17: character maps to <undefined>
[2296/3710] 'Junrey Navarra' -> USED_BY [runway-jupiter] (213)
[2297/3710] 'Handyman Hal' -> USED_BY [internvid;runway-jupiter] (375)
[2298/3710] 'ANOC World Beach Games' -> USED_BY [internvid;runway-jupiter] (217)
[2299/3710] 'Tamil gameplay' -> USED_BY [runway-jupiter] (377)
[2300/3710] 'MR PORTER' -> USED_BY [hdvg130m;hdvila100m;internvid;openvid1m;runway-jupiter;vidgen1m;yttemporal-180m] (511)
[2301/3710] 'MAJ' -> USED_BY [runway-jupiter] (242)
[2302/3710] 'Flexyart Contortion' -> USED_BY [runway-jupiter] (196)
[2303/3710] 'The Lexi Bunch' -> USED_BY [runway-jupiter] (295)
[2304/3710] 'The Funny Carpenter' -> USED_BY [internvid;runway-jupiter] (161)
[2305/3710] 'StockVid - Royalty Free Footage' -> USED_BY [runway-jupiter] (189)
[2306/3710] 'Yurara Sarara' -> USED_BY [runway-jupiter] (251)
[2307/3710] 'Xevozy' -> USED_BY [internvid;runway-jupiter] (224)
[2308/3710] 'Wag Entertainment' -> USED_BY [internvid;runway-jupiter] (250)
[2309/3710] 'Byte Review' -> USED_BY [internvid;runway-jupiter] (232)
[2310/3710] 'Paola Carosella' -> USED_BY [internvid;runway-jupiter] (235)
[2311/3710] 'Back 2 Basics Adventures' -> USED_BY [internvid;runway-jupiter] (238)
[2312/3710] 'MorningLightMusic' -> USED_BY [internvid;runway-jupiter] (262)
[2313/3710] 'Go4x4' -> USED_BY [internvid;runway-jupiter] (111)
[2314/3710] 'Kids Fun Play' -> USED_BY [internvid;runway-jupiter] (68)
[2315/3710] 'Daniel Kurganov' -> USED_BY [internvid;runway-jupiter] (388)
[2316/3710] 'Violinist' -> USED_BY [internvid;runway-jupiter] (393)
[2317/3710] 'SevenFifty Daily' -> USED_BY [runway-jupiter] (18)
[2318/3710] 'Timothy Dyck' -> USED_BY [internvid;runway-jupiter] (207)
[2319/3710] 'beerlifehack' -> USED_BY [runway-jupiter] (12)
[2320/3710] 'GraffitiBloq' -> USED_BY [hdvila100m;internvid;runway-jupiter] (170)
[2321/3710] 'Anime Philosopher' -> USED_BY [internvid;runway-jupiter] (15)
[2322/3710] 'GolgappaY Kites' -> USED_BY [internvid;runway-jupiter] (176)
[2323/3710] 'Maisy Leigh' -> USED_BY [internvid;runway-jupiter] (256)
[2324/3710] 'WildBeare' -> USED_BY [internvid;runway-jupiter] (126)
[2325/3710] 'The Cozy Hospital ASMR' -> USED_BY [runway-jupiter] (235)
[2326/3710] 'Indlondlo Zulu Dancers' -> USED_BY [runway-jupiter] (135)
[2327/3710] "Citrine's Animations" -> USED_BY [runway-jupiter] (159)
[2328/3710] 'Saltfix Fishing' -> USED_BY [runway-jupiter] (334)
[2329/3710] 'Earth Uncut TV' -> USED_BY [hdvg130m;hdvila100m;runway-jupiter] (381)
[2330/3710] 'Buff Dudes Workouts' -> USED_BY [internvid;runway-jupiter] (275)
[2331/3710] 'Kochi' -> USED_BY [runway-jupiter;yttemporal-180m] (263)
[2332/3710] 'Rallye TV' -> USED_BY [runway-jupiter] (289)
[2333/3710] 'Ryan Serhant' -> USED_BY [internvid;runway-jupiter] (316)
[2334/3710] 'SchwaaFilms' -> USED_BY [runway-jupiter] (288)
[2335/3710] 'Mackenzie Marie' -> USED_BY [internvid;runway-jupiter] (279)
[2336/3710] 'Smile Dental Turkey' -> USED_BY [runway-jupiter] (251)
[2337/3710] 'World Travel' -> USED_BY [internvid;runway-jupiter] (320)
[2338/3710] 'TRAVOH' -> USED_BY [runway-jupiter] (388)
[2339/3710] 'Neoxi' -> USED_BY [hdvg130m;hdvila100m;internvid;openvid1m;runway-jupiter;vidgen1m;yttemporal-180m] (692)
[2340/3710] 'Trout and Coffee' -> USED_BY [runway-jupiter] (196)
[2341/3710] 'Deep Asmr' -> USED_BY [runway-jupiter] (204)
[2342/3710] 'The Garden of Bob' -> USED_BY [runway-jupiter] (175)
[2343/3710] 'Animal Behavior Corner' -> USED_BY [runway-jupiter] (314)
[2344/3710] 'Patrick Watkins' -> USED_BY [runway-jupiter] (194)
[2345/3710] 'Max Family' -> USED_BY [internvid;runway-jupiter] (217)
[2346/3710] '3DM Bunker_FPV' -> USED_BY [runway-jupiter] (298)
[2347/3710] 'The Midnight Screening' -> USED_BY [runway-jupiter] (205)
[2348/3710] 'Walking Alice' -> USED_BY [runway-jupiter] (270)
[2349/3710] 'Amelia Dimoldenberg' -> USED_BY [internvid;runway-jupiter] (198)
[2350/3710] 'Oana' -> USED_BY [internvid;runway-jupiter] (371)
[2351/3710] 'Seanthesheepman' -> USED_BY [runway-jupiter] (184)
[2352/3710] 'wildfern' -> USED_BY [internvid;runway-jupiter] (400)
[2353/3710] 'MegRem Softball' -> USED_BY [internvid;runway-jupiter] (293)
[2354/3710] 'Bratz' -> USED_BY [hdvg130m;hdvila100m;runway-jupiter;vidgen1m;yttemporal-180m] (267)
[2355/3710] 'Ernesto Sue Photography' -> USED_BY [runway-jupiter] (214)
[2356/3710] 'Zhirelle' -> USED_BY [hdvg130m;hdvila100m;internvid;runway-jupiter;vidgen1m;yttemporal-180m] (413)
[2357/3710] 'Marco y Sara Bachata' -> USED_BY [runway-jupiter] (256)
[2358/3710] 'Dev Moore' -> USED_BY [runway-jupiter] (137)
[2359/3710] 'Wands and Wings' -> USED_BY [runway-jupiter] (173)
[2360/3710] 'AnitaCooks' -> USED_BY [hdvg130m;hdvila100m;internvid;openvid1m;runway-jupiter;vidgen1m;yttemporal-180m] (1144)
[2361/3710] 'MotoJitsu®' -> USED_BY [internvid;openvid1m;runway-jupiter] (331)
[2362/3710] '1kb construction' -> USED_BY [internvid;runway-jupiter] (396)
[2363/3710] 'UltimateiDeviceVids' -> USED_BY [internvid;runway-jupiter] (362)
[2364/3710] 'Clock TV' -> USED_BY [internvid;runway-jupiter] (281)
[2365/3710] '7810 Diaries' -> USED_BY [internvid;runway-jupiter] (213)
[2366/3710] 'Wild Weather' -> USED_BY [runway-jupiter] (239)
[2367/3710] 'Beastly' -> USED_BY [hdvg130m;hdvila100m;internvid;openvid1m;runway-jupiter;vidgen1m;yttemporal-180m] (1007)
[2368/3710] 'The Ultimate Gymnasts' -> USED_BY [hdvg130m;hdvila100m;internvid;openvid1m;runway-jupiter;vidgen1m;yttemporal-180m] (297)
[2369/3710] 'Christopher Hiedeman' -> USED_BY [hdvg130m;hdvila100m;internvid;runway-jupiter;yttemporal-180m] (310)
[2370/3710] 'Aurikatariina' -> USED_BY [internvid;runway-jupiter] (194)
[2371/3710] 'SHINOBU HASHIMOTO' -> USED_BY [internvid;runway-jupiter] (276)
[2372/3710] 'Race Of Champions' -> USED_BY [runway-jupiter] (298)
[2373/3710] 'Clawhammer Supply' -> USED_BY [hdvg130m;hdvila100m;internvid;openvid1m;runway-jupiter;vidgen1m;yttemporal-180m] (530)
[2374/3710] 'Textile Indie' -> USED_BY [internvid;runway-jupiter] (177)
[2375/3710] 'Airrosti Rehab Centers' -> USED_BY [hdvg130m;hdvila100m;internvid;runway-jupiter;yttemporal-180m] (261)
[2376/3710] 'Beautiful World 4k' -> USED_BY [runway-jupiter] (409)
[2377/3710] 'Gee Milner' -> USED_BY [internvid;runway-jupiter] (374)
[2378/3710] 'Full Time Filmmaker' -> USED_BY [hdvg130m;hdvila100m;internvid;openvid1m;runway-jupiter;vidgen1m;yttemporal-180m] (465)
[2379/3710] 'FADED CULTURE' -> USED_BY [internvid;runway-jupiter] (267)
[2380/3710] 'Shorts by Cas' -> USED_BY [runway-jupiter] (226)
[2381/3710] 'Love Hockey' -> USED_BY [hdvila100m;internvid;runway-jupiter;vidgen1m;yttemporal-180m] (184)
[2382/3710] 'American Jump Rope Federation' -> USED_BY [runway-jupiter] (162)
[2383/3710] '4K Ocean Wonders' -> USED_BY [runway-jupiter] (11)
[2384/3710] 'Aardman' -> USED_BY [internvid;runway-jupiter] (256)
[2385/3710] 'SEA' -> USED_BY [internvid;runway-jupiter] (100)
[2386/3710] 'HAXMAN' -> USED_BY [internvid;runway-jupiter] (107)
[2387/3710] 'MW Restoration' -> USED_BY [internvid;runway-jupiter] (65)
[2388/3710] 'Fatty Soprano' -> USED_BY [runway-jupiter] (108)
[2389/3710] 'Marc Brunet' -> USED_BY [hdvg130m;hdvila100m;internvid;runway-jupiter;yttemporal-180m] (237)
[2390/3710] 'Pavel Ivo Sedlacek' -> USED_BY [runway-jupiter] (173)
[2391/3710] 'Cooking with Coit' -> USED_BY [internvid;runway-jupiter] (183)
[2392/3710] 'Ally Safety' -> USED_BY [internvid;runway-jupiter] (107)
[2393/3710] 'Eric Floberg' -> USED_BY [internvid;runway-jupiter;yttemporal-180m] (163)
[2394/3710] 'Foxtail Catering Service & Training Videos' -> USED_BY [internvid;runway-jupiter] (14)
[2395/3710] 'Sadie Miller' -> USED_BY [internvid;runway-jupiter] (279)
[2396/3710] '52Kards' -> USED_BY [hdvg130m;hdvila100m;internvid;runway-jupiter;vidgen1m;yttemporal-180m] (448)
[2397/3710] 'Massage Sloth' -> USED_BY [hdvg130m;hdvila100m;internvid;openvid1m;runway-jupiter;yttemporal-180m] (241)
[2398/3710] 'RJL Gardens' -> USED_BY [internvid;runway-jupiter] (138)
[2399/3710] 'Primitive Skate' -> USED_BY [runway-jupiter] (249)
[2400/3710] 'Madonna' -> USED_BY [internvid;runway-jupiter;yttemporal-180m] (327)
[2401/3710] 'Quixel' -> USED_BY [internvid;runway-jupiter] (207)
[2402/3710] 'The Baseball Bat Bros' -> USED_BY [internvid;runway-jupiter] (296)
[2403/3710] 'Taeha Types' -> USED_BY [internvid;runway-jupiter] (335)
[2404/3710] '\uace8\ub4e0\ucea3\uce20' ERROR: 'charmap' codec can't encode characters in position 13-16: character maps to <undefined>
[2405/3710] 'Yohan Kim' -> USED_BY [internvid;runway-jupiter] (286)
[2406/3710] 'Kiteboarding St Petersburg' -> USED_BY [runway-jupiter] (243)
[2407/3710] 'Angelo Shoe Shine' -> USED_BY [internvid;runway-jupiter] (191)
[2408/3710] 'ILOVEGRAFFITI.DE' -> USED_BY [internvid;runway-jupiter] (147)
[2409/3710] 'Really Tall Tree Guy' -> USED_BY [runway-jupiter] (222)
[2410/3710] 'THE PROPOSAL' -> USED_BY [internvid;runway-jupiter] (207)
[2411/3710] 'Tirbert' -> USED_BY [runway-jupiter] (222)
[2412/3710] 'Madam Luy cooking' -> USED_BY [runway-jupiter] (209)
[2413/3710] 'VideoMap' -> USED_BY [runway-jupiter] (187)
[2414/3710] 'Ryan Cook Carvin' -> USED_BY [internvid;runway-jupiter] (261)
[2415/3710] 'Ancient Rome Live' -> USED_BY [internvid;runway-jupiter] (234)
[2416/3710] 'OnlineFabricStore' -> USED_BY [hdvg130m;hdvila100m;internvid;openvid1m;runway-jupiter;vidgen1m;yttemporal-180m] (895)
[2417/3710] '1ROAD' -> USED_BY [hdvg130m;hdvila100m;internvid;openvid1m;runway-jupiter;vidgen1m;yttemporal-180m] (412)
[2418/3710] 'Aviation101' -> USED_BY [hdvg130m;hdvila100m;internvid;openvid1m;runway-jupiter;vidgen1m;yttemporal-180m] (357)
[2419/3710] 'The Schoeller Family' -> USED_BY [internvid;runway-jupiter] (369)
[2420/3710] 'Adventures On the Gorge' -> USED_BY [internvid;runway-jupiter] (167)
[2421/3710] 'ARTPIX' -> USED_BY [runway-jupiter] (186)
[2422/3710] 'DayDream Gaming' -> USED_BY [runway-jupiter] (412)
[2423/3710] 'PearFleur' -> USED_BY [hdvg130m;hdvila100m;internvid;runway-jupiter;vidgen1m;yttemporal-180m] (203)
[2424/3710] 'Cat Trumpet' -> USED_BY [runway-jupiter] (301)
[2425/3710] 'Einfache Rezepte' -> USED_BY [internvid;runway-jupiter] (333)
[2426/3710] 'Utoi Anime Talk TV' -> USED_BY [internvid;runway-jupiter] (196)
[2427/3710] 'HDShots' -> USED_BY [runway-jupiter] (140)
[2428/3710] 'Shoot From The Hip' -> USED_BY [runway-jupiter] (194)
[2429/3710] 'DiscoverTheHorse' -> USED_BY [internvid;runway-jupiter] (330)
[2430/3710] 'Gymnastics Forever' -> USED_BY [internvid;runway-jupiter] (274)
[2431/3710] 'Uszatkowe Rady' -> USED_BY [runway-jupiter] (242)
[2432/3710] 'Nick Wammes' -> USED_BY [runway-jupiter] (135)
[2433/3710] 'La Famille Ventura' -> USED_BY [internvid;runway-jupiter] (269)
[2434/3710] 'HD Film Tributes' -> USED_BY [internvid;runway-jupiter] (242)
[2435/3710] 'Eddie Bauer' -> USED_BY [hdvg130m;hdvila100m;runway-jupiter;yttemporal-180m] (146)
[2436/3710] 'Yuu' -> USED_BY [hdvila100m;internvid;runway-jupiter] (177)
[2437/3710] 'BNT' -> USED_BY [runway-jupiter] (365)
[2438/3710] 'EBS - Krump World Championship' -> USED_BY [internvid;runway-jupiter] (450)
[2439/3710] 'Walt (oneminmicro)' -> USED_BY [internvid;runway-jupiter] (192)
[2440/3710] 'iFlight FPV' -> USED_BY [internvid;runway-jupiter] (176)
[2441/3710] 'Analog Resurgence' -> USED_BY [internvid;runway-jupiter] (184)
[2442/3710] 'Recipe Fairy' -> USED_BY [runway-jupiter] (63)
[2443/3710] 'By Bonnie Jewelry' -> USED_BY [internvid;runway-jupiter] (343)
[2444/3710] 'Jeremy T. Grant' -> USED_BY [internvid;runway-jupiter] (191)
[2445/3710] 'Bonsai Heirloom' -> USED_BY [runway-jupiter] (164)
[2446/3710] 'TexasHighDef' -> USED_BY [runway-jupiter] (357)
[2447/3710] 'Zoddronite' -> USED_BY [runway-jupiter] (167)
[2448/3710] 'Wheelchair Basketball Canada' -> USED_BY [internvid;runway-jupiter] (270)
[2449/3710] 'Kyle McDougall' -> USED_BY [hdvg130m;hdvila100m;internvid;openvid1m;runway-jupiter;vidgen1m;yttemporal-180m] (215)
[2450/3710] 'Deus Ex Machina' -> USED_BY [internvid;runway-jupiter] (198)
[2451/3710] 'Artfully Rogue' -> USED_BY [hdvg130m;hdvila100m;internvid;openvid1m;runway-jupiter;vidgen1m;yttemporal-180m] (335)
[2452/3710] '\u041c\u0443\u0441\u043b\u0438\u043c \u041a\u0430\u043c\u0431\u0443\u043b\u0430\u0442\u043e\u0432' ERROR: 'charmap' codec can't encode characters in position 13-18: character maps to <undefined>
[2453/3710] 'I Like Woodworking' -> USED_BY [internvid;runway-jupiter] (242)
[2454/3710] 'WSJ. Style' -> USED_BY [internvid;runway-jupiter;yttemporal-180m] (112)
[2455/3710] 'High Pressure Aviation Films' -> USED_BY [internvid;runway-jupiter] (96)
[2456/3710] 'Asturia Quartet' -> USED_BY [internvid;runway-jupiter] (62)
[2457/3710] 'GlobeAir • Private Jet' -> USED_BY [runway-jupiter] (151)
[2458/3710] 'Minibricks' -> USED_BY [internvid;runway-jupiter] (51)
[2459/3710] 'Scribal Work Shop' -> USED_BY [runway-jupiter] (174)
[2460/3710] 'Brady Bessette' -> USED_BY [internvid;runway-jupiter] (154)
[2461/3710] 'Maroon5VEVO' -> USED_BY [internvid;runway-jupiter] (148)
[2462/3710] 'Broncs and Donks' -> USED_BY [hdvg130m;hdvila100m;internvid;openvid1m;runway-jupiter;vidgen1m;yttemporal-180m] (144)
[2463/3710] 'MABO' -> USED_BY [hdvila100m;internvid;runway-jupiter;yttemporal-180m] (151)
[2464/3710] 'Cosmic Perspective' -> USED_BY [internvid;runway-jupiter] (130)
[2465/3710] 'soeslife' -> USED_BY [internvid;runway-jupiter] (91)
[2466/3710] 'Betco' -> USED_BY [runway-jupiter] (164)
[2467/3710] 'Bugs and Biology' -> USED_BY [runway-jupiter] (154)
[2468/3710] 'Todays Movie Recap' -> USED_BY [runway-jupiter] (154)
[2469/3710] 'Riva Yacht' -> USED_BY [internvid;runway-jupiter] (285)
[2470/3710] 'Red Sled Santa' -> USED_BY [runway-jupiter] (120)
[2471/3710] 'Nick Keomahavong' -> USED_BY [internvid;runway-jupiter] (294)
[2472/3710] 'Matthias Malmedie' -> USED_BY [hdvg130m;hdvila100m;openvid1m;runway-jupiter;vidgen1m;yttemporal-180m] (376)
[2473/3710] 'KiKiDo Campus France' -> USED_BY [internvid;runway-jupiter] (265)
[2474/3710] 'SamDoesArts' -> USED_BY [internvid;runway-jupiter] (169)
[2475/3710] 'Razgriz Flight & Spotting' -> USED_BY [runway-jupiter] (207)
[2476/3710] 'Building with Budd' -> USED_BY [internvid;runway-jupiter] (214)
[2477/3710] 'Christian Caniff' -> USED_BY [runway-jupiter] (192)
[2478/3710] 'How-to and Reviews' -> USED_BY [internvid;runway-jupiter] (173)
[2479/3710] 'Night Lights Films - Adrien Mauduit' -> USED_BY [runway-jupiter;yttemporal-180m] (117)
[2480/3710] 'Dr Matches' -> USED_BY [runway-jupiter] (155)
[2481/3710] 'Think Make Push' -> USED_BY [runway-jupiter] (225)
[2482/3710] 'Kimi Elias' -> USED_BY [runway-jupiter] (204)
[2483/3710] 'Tech Vision' -> USED_BY [internvid;runway-jupiter] (199)
[2484/3710] 'FlywithKay' -> USED_BY [internvid;runway-jupiter] (252)
[2485/3710] 'BlackSheep Studios' -> USED_BY [internvid;runway-jupiter] (291)
[2486/3710] 'Cameron Das Racing' -> USED_BY [internvid;runway-jupiter] (264)
[2487/3710] 'Danny Mcgee' -> USED_BY [runway-jupiter] (232)
[2488/3710] 'BullyJuice' -> USED_BY [internvid;runway-jupiter] (293)
[2489/3710] 'BBC Earth Kids' -> USED_BY [internvid;runway-jupiter] (237)
[2490/3710] 'FIGHTER CHANNEL 3' -> USED_BY [runway-jupiter] (211)
[2491/3710] 'Corter Leather' -> USED_BY [internvid;runway-jupiter] (286)
[2492/3710] 'Leartes Studios' -> USED_BY [runway-jupiter] (196)
[2493/3710] 'Board Archive' -> USED_BY [hdvg130m;hdvila100m;internvid;openvid1m;runway-jupiter;vidgen1m;yttemporal-180m] (488)
[2494/3710] 'Dino DC' -> USED_BY [runway-jupiter] (148)
[2495/3710] 'The Armoury' -> USED_BY [internvid;runway-jupiter] (376)
[2496/3710] '\U0001d5e0\U0001d5e5.\U0001d5d5\U0001d5d8\U0001d5e1\U0001d5dc\U0001d5d7\U0001d5e2\U0001d5e5\U0001d5e0' ERROR: 'charmap' codec can't encode characters in position 13-14: character maps to <undefined>
[2497/3710] 'Johnny Ro [4K]' -> USED_BY [runway-jupiter] (133)
[2498/3710] 'PaddleTV' -> USED_BY [hdvg130m;hdvila100m;internvid;openvid1m;runway-jupiter;vidgen1m;yttemporal-180m] (1141)
[2499/3710] "Dottie's Toys" -> USED_BY [runway-jupiter] (243)
[2500/3710] 'The Weeknd' -> USED_BY [internvid;runway-jupiter;yttemporal-180m] (140)
[2501/3710] 'Adrien Raza' -> USED_BY [internvid;runway-jupiter] (265)
[2502/3710] 'The Hamilton Collection' -> USED_BY [internvid;runway-jupiter] (150)
[2503/3710] 'iRacer3' -> USED_BY [internvid;runway-jupiter] (257)
[2504/3710] 'Ride With The Knights' -> USED_BY [internvid;runway-jupiter] (156)
[2505/3710] 'shawneydepp' -> USED_BY [hdvg130m;hdvila100m;internvid;openvid1m;runway-jupiter;vidgen1m;yttemporal-180m] (449)
[2506/3710] 'Agora Gallery' -> USED_BY [hdvg130m;hdvila100m;internvid;runway-jupiter;vidgen1m;yttemporal-180m] (317)
[2507/3710] 'Fish and Forage' -> USED_BY [runway-jupiter] (90)
[2508/3710] '\ub304\uc11c\uc2a4\uc7a1 DJ' ERROR: 'charmap' codec can't encode characters in position 13-16: character maps to <undefined>
[2509/3710] 'Wan Smolbag Theatre' -> USED_BY [internvid;runway-jupiter] (149)
[2510/3710] '\u820c\u5c16\u4e0a\u7684\u4e2d\u570b\u5b98\u65b9\u983b\u9053 A Bite of China Official Channel' ERROR: 'charmap' codec can't encode characters in position 13-22: character maps to <undefined>
[2511/3710] 'The Asylum Movie Channel' -> USED_BY [runway-jupiter] (255)
[2512/3710] 'WILD LIFE' -> USED_BY [internvid;runway-jupiter] (338)
[2513/3710] 'James Andrews' -> USED_BY [internvid;runway-jupiter] (216)
[2514/3710] 'Kyle Nutt' -> USED_BY [internvid;runway-jupiter] (293)
[2515/3710] 'Free Documentary - Nature' -> USED_BY [hdvg130m;hdvila100m;openvid1m;runway-jupiter;vidgen1m] (1153)
[2516/3710] 'BENETEAU America' -> USED_BY [hdvg130m;hdvila100m;internvid;runway-jupiter;vidgen1m] (334)
[2517/3710] 'Revere Overland' -> USED_BY [internvid;runway-jupiter] (203)
[2518/3710] 'TaeKeyboards' -> USED_BY [hdvg130m;hdvila100m;internvid;runway-jupiter;vidgen1m;yttemporal-180m] (226)
[2519/3710] 'FleurEstelleClasses' -> USED_BY [internvid;runway-jupiter] (153)
[2520/3710] 'AutoPack\u5bcc\u63da\u6676\u6a5f' ERROR: 'charmap' codec can't encode characters in position 21-24: character maps to <undefined>
[2521/3710] 'Mercedes-Benz Trucks' -> USED_BY [runway-jupiter] (198)
[2522/3710] 'Jeremy Ethier' -> USED_BY [hdvg130m;hdvila100m;internvid;openvid1m;runway-jupiter;vidgen1m;yttemporal-180m] (560)
[2523/3710] 'DekoideenReich' -> USED_BY [hdvg130m;hdvila100m;internvid;runway-jupiter;yttemporal-180m] (219)
[2524/3710] 'CRAIG SCHULER' -> USED_BY [runway-jupiter] (9)
[2525/3710] 'macrofying' -> USED_BY [runway-jupiter] (31)
[2526/3710] 'Architectural Digest Germany' -> USED_BY [internvid;runway-jupiter] (125)
[2527/3710] 'The Metalist' -> USED_BY [internvid;runway-jupiter] (68)
[2528/3710] 'Trippers' -> USED_BY [runway-jupiter] (30)
[2529/3710] 'Maya' -> USED_BY [hdvila100m;internvid;runway-jupiter;yttemporal-180m] (225)
[2530/3710] 'Electric Love Festival' -> USED_BY [internvid;runway-jupiter] (261)
[2531/3710] 'Florida Ski Riders' -> USED_BY [internvid;runway-jupiter] (182)
[2532/3710] 'Sip and Feast' -> USED_BY [internvid;runway-jupiter] (214)
[2533/3710] 'omw' -> USED_BY [runway-jupiter] (77)
[2534/3710] 'Chanty Marie' -> USED_BY [hdvg130m;hdvila100m;internvid;openvid1m;runway-jupiter;vidgen1m;yttemporal-180m] (352)
[2535/3710] 'Richard Lindesay' -> USED_BY [runway-jupiter] (151)
[2536/3710] 'The Streetz Football' -> USED_BY [runway-jupiter] (182)
[2537/3710] 'Shuttle Strong' -> USED_BY [internvid;runway-jupiter] (94)
[2538/3710] 'Aksel Orstavik' -> USED_BY [runway-jupiter] (17)
[2539/3710] 'Swiss Running TV' -> USED_BY [runway-jupiter] (107)
[2540/3710] 'EVERYDAY BETTER. EVERYDAY STRONGER.' -> USED_BY [hdvila100m;openvid1m;runway-jupiter] (169)
[2541/3710] 'Red Squirrel Studios' -> USED_BY [runway-jupiter] (123)
[2542/3710] 'Valspire Family' -> USED_BY [runway-jupiter] (96)
[2543/3710] 'Cosmosapiens' -> USED_BY [runway-jupiter] (50)
[2544/3710] 'The Rain Driver' -> USED_BY [runway-jupiter] (134)
[2545/3710] 'Harmen Hoek' -> USED_BY [runway-jupiter] (29)
[2546/3710] 'The Boring Channel' -> USED_BY [runway-jupiter] (92)
[2547/3710] 'underwatercam stock footage' -> USED_BY [runway-jupiter] (148)
[2548/3710] 'NZ Mountain Safety Council' -> USED_BY [internvid;runway-jupiter] (102)
[2549/3710] 'Filmbilder & Friends' -> USED_BY [hdvg130m;hdvila100m;internvid;openvid1m;runway-jupiter;vidgen1m;yttemporal-180m] (263)
[2550/3710] 'Alexandre Lino - Terramidia3D' -> USED_BY [runway-jupiter] (125)
[2551/3710] 'The Anazala Family' -> USED_BY [internvid;runway-jupiter] (114)
[2552/3710] 'GrowVeg' -> USED_BY [hdvg130m;hdvila100m;internvid;openvid1m;runway-jupiter;vidgen1m;yttemporal-180m] (956)
[2553/3710] 'CIAO ITALY' -> USED_BY [runway-jupiter] (302)
[2554/3710] 'Outside the Levees' -> USED_BY [internvid;runway-jupiter] (141)
[2555/3710] 'Simon Rohrich' -> USED_BY [internvid;runway-jupiter] (116)
[2556/3710] 'MyTraining App' -> USED_BY [internvid;runway-jupiter] (96)
[2557/3710] 'Bike the World' -> USED_BY [runway-jupiter] (187)
[2558/3710] 'Kenworth Truck Co.' -> USED_BY [runway-jupiter] (188)
[2559/3710] 'International Aerobatic Club' -> USED_BY [runway-jupiter] (122)
[2560/3710] 'Gaz Oakley' -> USED_BY [hdvg130m;hdvila100m;internvid;openvid1m;runway-jupiter;vidgen1m;yttemporal-180m] (383)
[2561/3710] 'Magnus Midtbø' -> USED_BY [internvid;runway-jupiter] (298)
[2562/3710] 'Buddhism' -> USED_BY [internvid;runway-jupiter] (261)
[2563/3710] 'Marble Movie Makers' -> USED_BY [internvid;runway-jupiter] (236)
[2564/3710] 'Jordan Teaches Jiujitsu' -> USED_BY [internvid;runway-jupiter] (236)
[2565/3710] 'YouAligned' -> USED_BY [hdvg130m;hdvila100m;internvid;openvid1m;runway-jupiter;vidgen1m;yttemporal-180m] (497)
[2566/3710] 'MIZI' -> USED_BY [internvid;runway-jupiter] (184)
[2567/3710] '\ud558\ubbf8\ub9c8\ubbf8 Hamimommy' ERROR: 'charmap' codec can't encode characters in position 13-16: character maps to <undefined>
[2568/3710] 'Son of a Bear: Foraging' -> USED_BY [hdvila100m;internvid;openvid1m;runway-jupiter;yttemporal-180m] (262)
[2569/3710] 'Village Cooking Channel' -> USED_BY [hdvg130m;hdvila100m;internvid;openvid1m;runway-jupiter;vidgen1m] (458)
[2570/3710] 'CobraEmergency | North America' -> USED_BY [runway-jupiter] (267)
[2571/3710] 'Christy Anne Jones' -> USED_BY [internvid;runway-jupiter;yttemporal-180m] (203)
[2572/3710] 'River Line Productions' -> USED_BY [runway-jupiter] (261)
[2573/3710] 'Scott Young' -> USED_BY [hdvg130m;hdvila100m;internvid;runway-jupiter;yttemporal-180m] (126)
[2574/3710] 'KWOOWK' -> USED_BY [internvid;runway-jupiter] (230)
[2575/3710] 'T.Milly TV' -> USED_BY [hdvila100m;runway-jupiter;yttemporal-180m] (117)
[2576/3710] "Bass'N'Trout" -> USED_BY [internvid;runway-jupiter] (237)
[2577/3710] 'Pyrocrafters' -> USED_BY [internvid;runway-jupiter] (219)
[2578/3710] 'LLC.' -> USED_BY [hdvg130m;hdvila100m;internvid;openvid1m;runway-jupiter;vidgen1m;yttemporal-180m] (431)
[2579/3710] 'Deeper Than Hair TV' -> USED_BY [hdvg130m;hdvila100m;internvid;openvid1m;runway-jupiter;vidgen1m;yttemporal-180m] (446)
[2580/3710] 'Juice & Toya' -> USED_BY [internvid;runway-jupiter] (213)
[2581/3710] 'Saftige Küche' -> USED_BY [runway-jupiter] (113)
[2582/3710] '\u041c\u0438\u0440 \u041a\u0443\u0431\u0438\u043a\u043e\u0432' ERROR: 'charmap' codec can't encode characters in position 13-15: character maps to <undefined>
[2583/3710] 'Tractors Chemer' -> USED_BY [internvid;runway-jupiter] (238)
[2584/3710] 'ENDEVR' -> USED_BY [internvid;runway-jupiter] (284)
[2585/3710] 'Clean ASMR Try Better' -> USED_BY [runway-jupiter] (111)
[2586/3710] 'Daan Verhoeven' -> USED_BY [hdvg130m;hdvila100m;internvid;runway-jupiter;yttemporal-180m] (193)
[2587/3710] 'Dadacafe\ub2e4\ub2e4\uce74\ud398' ERROR: 'charmap' codec can't encode characters in position 21-24: character maps to <undefined>
[2588/3710] 'Detroit Symphony Orchestra' -> USED_BY [hdvila100m;runway-jupiter] (382)
[2589/3710] 'Jesse Drent' -> USED_BY [internvid;runway-jupiter] (199)
[2590/3710] 'BAT | Hamptons Luxury Real Estate' -> USED_BY [runway-jupiter] (142)
[2591/3710] 'LSD Tie Dye TV' -> USED_BY [internvid;runway-jupiter] (173)
[2592/3710] 'The Hobby Bird' -> USED_BY [runway-jupiter] (129)
[2593/3710] 'Anna Hazelnutt' -> USED_BY [internvid;runway-jupiter] (225)
[2594/3710] 'Rubbermaid Commercial Products' -> USED_BY [internvid;runway-jupiter] (170)
[2595/3710] 'Swim University' -> USED_BY [hdvg130m;hdvila100m;internvid;openvid1m;runway-jupiter;yttemporal-180m] (516)
[2596/3710] 'Printer Insider' -> USED_BY [runway-jupiter] (230)
[2597/3710] 'Planetkind Rabbitat' -> USED_BY [runway-jupiter] (224)
[2598/3710] 'Benn TK' -> USED_BY [hdvg130m;hdvila100m;internvid;openvid1m;runway-jupiter;vidgen1m;yttemporal-180m] (195)
[2599/3710] 'Mathias Hove Johansen' -> USED_BY [internvid;runway-jupiter] (181)
[2600/3710] 'Amazing Contruction News' -> USED_BY [internvid;runway-jupiter] (298)
[2601/3710] 'Simi and Chapchap' -> USED_BY [runway-jupiter] (116)
[2602/3710] 'George Cuevas' -> USED_BY [hdvg130m;hdvila100m;runway-jupiter;vidgen1m;yttemporal-180m] (324)
[2603/3710] 'Sam and Victor' -> USED_BY [internvid;runway-jupiter] (129)
[2604/3710] 'Daniel Marsh' -> USED_BY [hdvg130m;hdvila100m;openvid1m;runway-jupiter;vidgen1m;yttemporal-180m] (1007)
[2605/3710] 'The Christian Hardscaper' -> USED_BY [internvid;runway-jupiter] (245)
[2606/3710] 'Bebefinn - Nursery Rhymes & Kids Songs' -> USED_BY [internvid;runway-jupiter] (379)
[2607/3710] 'Jordan Yeoh Fitness' -> USED_BY [hdvila100m;internvid;runway-jupiter;yttemporal-180m] (266)
[2608/3710] 'BEEFS T.V.' -> USED_BY [hdvg130m;hdvila100m;internvid;runway-jupiter;vidgen1m;yttemporal-180m] (322)
[2609/3710] 'One Floor Up' -> USED_BY [runway-jupiter] (145)
[2610/3710] 'TG Planet' -> USED_BY [hdvila100m;internvid;runway-jupiter;yttemporal-180m] (122)
[2611/3710] 'Through My Lens' -> USED_BY [hdvg130m;hdvila100m;internvid;openvid1m;runway-jupiter;vidgen1m;yttemporal-180m] (197)
[2612/3710] 'SZAVEVO' -> USED_BY [internvid;runway-jupiter] (90)
[2613/3710] 'IWWF' -> USED_BY [runway-jupiter] (206)
[2614/3710] 'NEON' -> USED_BY [internvid;runway-jupiter;yttemporal-180m] (231)
[2615/3710] 'Automate System Sales & Services' -> USED_BY [internvid;runway-jupiter] (148)
[2616/3710] 'Cole Combat Science' -> USED_BY [runway-jupiter] (118)
[2617/3710] 'Kung Fu Panda' -> USED_BY [hdvg130m;hdvila100m;openvid1m;runway-jupiter;vidgen1m;yttemporal-180m] (185)
[2618/3710] 'Black Flag Leather Goods' -> USED_BY [internvid;runway-jupiter] (89)
[2619/3710] 'CinemaSectors' -> USED_BY [runway-jupiter] (14)
[2620/3710] 'Carcode' -> USED_BY [runway-jupiter] (70)
[2621/3710] 'Tom Fidgen' -> USED_BY [internvid;runway-jupiter] (119)
[2622/3710] 'TheAMaazing' -> USED_BY [hdvg130m;hdvila100m;internvid;openvid1m;runway-jupiter;vidgen1m;yttemporal-180m] (142)
[2623/3710] 'AKONIWORLD' -> USED_BY [runway-jupiter] (8)
[2624/3710] 'Stef Hoffer' -> USED_BY [hdvg130m;hdvila100m;internvid;openvid1m;runway-jupiter;vidgen1m;yttemporal-180m] (156)
[2625/3710] 'Life in Yakutia' -> USED_BY [internvid;runway-jupiter] (44)
[2626/3710] 'HertzbergerTV' -> USED_BY [internvid;runway-jupiter] (138)
[2627/3710] 'Greg McCahon' -> USED_BY [runway-jupiter] (14)
[2628/3710] 'OMG Weddings' -> USED_BY [internvid;runway-jupiter] (208)
[2629/3710] 'Voice Body Connection with Elissa Weinzimmer' -> USED_BY [hdvg130m;hdvila100m;internvid;runway-jupiter;yttemporal-180m] (95)
[2630/3710] 'Norrøna' -> USED_BY [internvid;runway-jupiter] (114)
[2631/3710] 'Tim Dessaint' -> USED_BY [hdvg130m;hdvila100m;internvid;openvid1m;runway-jupiter;vidgen1m;yttemporal-180m] (272)
[2632/3710] 'The Loam Ranger' -> USED_BY [hdvg130m;hdvila100m;internvid;openvid1m;runway-jupiter;vidgen1m;yttemporal-180m] (737)
[2633/3710] 'Sally McRae' -> USED_BY [runway-jupiter] (34)
[2634/3710] 'MAFFiO GLOBAL' -> USED_BY [runway-jupiter] (45)
[2635/3710] 'Avi Creates' -> USED_BY [runway-jupiter] (61)
[2636/3710] 'Pride Bodyboards TV' -> USED_BY [internvid;runway-jupiter] (102)
[2637/3710] 'Oscar Owen Magic' -> USED_BY [internvid;runway-jupiter] (212)
[2638/3710] 'Practically Home' -> USED_BY [internvid;runway-jupiter] (108)
[2639/3710] 'NBedits' -> USED_BY [internvid;runway-jupiter] (221)
[2640/3710] '\u5468\u6770\u502b Jay Chou' ERROR: 'charmap' codec can't encode characters in position 13-15: character maps to <undefined>
[2641/3710] '8K Xplore' -> USED_BY [runway-jupiter] (183)
[2642/3710] 'Rainy Bedroom' -> USED_BY [runway-jupiter] (130)
[2643/3710] 'Little ELF Products' -> USED_BY [internvid;runway-jupiter] (274)
[2644/3710] 'Inc.' -> USED_BY [hdvg130m;hdvila100m;internvid;openvid1m;runway-jupiter;vidgen1m;yttemporal-180m] (11864)
[2645/3710] 'The Dog Transformation' -> USED_BY [internvid;runway-jupiter] (237)
[2646/3710] 'The Boat Race' -> USED_BY [runway-jupiter] (174)
[2647/3710] 'Blu-Ray Maniacs Info' -> USED_BY [runway-jupiter] (193)
[2648/3710] 'kickingmustang' -> USED_BY [hdvila100m;internvid;runway-jupiter;vidgen1m;yttemporal-180m] (257)
[2649/3710] 'Gamebred Bareknuckle MMA' -> USED_BY [runway-jupiter] (189)
[2650/3710] 'Nicole Eddy' -> USED_BY [hdvg130m;hdvila100m;internvid;openvid1m;runway-jupiter;vidgen1m;yttemporal-180m] (394)
[2651/3710] '\u015awiat Futbolu' ERROR: 'charmap' codec can't encode character '\u015a' in position 13: character maps to <undefined>
[2652/3710] 'Yuni Marimba \uc720\ub2c8 \ub9c8\ub9bc\ubc14' ERROR: 'charmap' codec can't encode characters in position 26-27: character maps to <undefined>
[2653/3710] 'Amy Turk' -> USED_BY [internvid;runway-jupiter] (120)
[2654/3710] 'Koji Kobura' -> USED_BY [runway-jupiter] (286)
[2655/3710] 'Mr. DeMaio' -> USED_BY [runway-jupiter] (98)
[2656/3710] 'Relaxing Ambience ASMR' -> USED_BY [runway-jupiter] (132)
[2657/3710] 'Art by Louris' -> USED_BY [runway-jupiter] (149)
[2658/3710] 'Scenic Relaxation' -> USED_BY [runway-jupiter] (161)
[2659/3710] 'rdilley USCA Croquet' -> USED_BY [runway-jupiter] (225)
[2660/3710] 'KYLE HANAGAMI' -> USED_BY [internvid;runway-jupiter] (181)
[2661/3710] 'Free Footage' -> USED_BY [runway-jupiter] (142)
[2662/3710] '\u5c0f\u9ad8\u59d0\u7684 Magic Ingredients' ERROR: 'charmap' codec can't encode characters in position 13-16: character maps to <undefined>
[2663/3710] 'BSD BMX' -> USED_BY [runway-jupiter] (212)
[2664/3710] '\uc2a4\ucfe0\ubc84 \uc544\uc800\uc528' ERROR: 'charmap' codec can't encode characters in position 13-15: character maps to <undefined>
[2665/3710] 'The Flying Dutchman' -> USED_BY [runway-jupiter] (171)
[2666/3710] 'AMF_AMAZING_D1' -> USED_BY [internvid;runway-jupiter] (128)
[2667/3710] 'Ph\u01b0\u01a1ng - Free Bushcraft' ERROR: 'charmap' codec can't encode characters in position 15-16: character maps to <undefined>
[2668/3710] "Ron's Trains N Things" -> USED_BY [hdvila100m;internvid;runway-jupiter;yttemporal-180m] (231)
[2669/3710] 'Everglades Holiday Park Airboat Tours and Rides' -> USED_BY [runway-jupiter] (80)
[2670/3710] 'XS Progression' -> USED_BY [runway-jupiter] (216)
[2671/3710] 'CHRIS HERIA' -> USED_BY [internvid;runway-jupiter;yttemporal-180m] (279)
[2672/3710] 'Wingsuit' -> USED_BY [internvid;runway-jupiter] (98)
[2673/3710] 'Noah Kane' -> USED_BY [internvid;runway-jupiter] (203)
[2674/3710] 'flutesiva' -> USED_BY [runway-jupiter] (160)
[2675/3710] 'Michael Outside' -> USED_BY [runway-jupiter] (193)
[2676/3710] 'clips no copyright' -> USED_BY [runway-jupiter] (156)
[2677/3710] 'Peso Pluma' -> USED_BY [runway-jupiter] (112)
[2678/3710] 'viele Rezepte' -> USED_BY [internvid;runway-jupiter] (214)
[2679/3710] 'DudeLuck23' -> USED_BY [internvid;runway-jupiter] (253)
[2680/3710] 'No Rolls Barred' -> USED_BY [internvid;runway-jupiter] (294)
[2681/3710] '\uc2dd\ud0c1\uc77c\uae30 table diary' ERROR: 'charmap' codec can't encode characters in position 13-16: character maps to <undefined>
[2682/3710] 'ONDO STUDIO' -> USED_BY [internvid;runway-jupiter] (265)
[2683/3710] 'Surf Kawela Hawaii' -> USED_BY [runway-jupiter] (211)
[2684/3710] 'Cambridge Tigers Korfball Club' -> USED_BY [runway-jupiter] (63)
[2685/3710] 'Bulldozer Channel' -> USED_BY [runway-jupiter] (167)
[2686/3710] "International Footbag Players' Association" -> USED_BY [internvid;runway-jupiter] (193)
[2687/3710] 'Timothy Hines' -> USED_BY [runway-jupiter] (110)
[2688/3710] 'Pure Music' -> USED_BY [internvid;runway-jupiter] (70)
[2689/3710] 'Trippy Everything' -> USED_BY [runway-jupiter] (165)
[2690/3710] 'Piesologia' -> USED_BY [runway-jupiter] (199)
[2691/3710] 'RAMUNI - Viking Crafts and Reenactment' -> USED_BY [runway-jupiter] (58)
[2692/3710] 'Prada' -> USED_BY [hdvila100m;internvid;runway-jupiter] (319)
[2693/3710] 'Superbon - \u0e0b\u0e38\u0e1b\u0e40\u0e1b\u0e2d\u0e23\u0e4c\u0e1a\u0e2d\u0e19' ERROR: 'charmap' codec can't encode characters in position 24-34: character maps to <undefined>
[2694/3710] 'Lewis Potts' -> USED_BY [internvid;runway-jupiter] (25)
[2695/3710] 'Khalid Al Ameri' -> USED_BY [runway-jupiter] (107)
[2696/3710] 'Farm World' -> USED_BY [runway-jupiter] (7)
[2697/3710] 'Andrew Millison' -> USED_BY [internvid;runway-jupiter;yttemporal-180m] (137)
[2698/3710] 'Michael Shainblum' -> USED_BY [hdvg130m;hdvila100m;internvid;openvid1m;runway-jupiter;vidgen1m;yttemporal-180m] (279)
[2699/3710] 'So Chateaux (in English)' -> USED_BY [runway-jupiter] (31)
[2700/3710] 'Interesting & Creative Designs' -> USED_BY [internvid;runway-jupiter] (92)
[2701/3710] 'vfx asto' -> USED_BY [runway-jupiter] (126)
[2702/3710] 'Andrea Ghidini' -> USED_BY [internvid;runway-jupiter] (141)
[2703/3710] 'Crafty Art' -> USED_BY [internvid;runway-jupiter] (13)
[2704/3710] 'Pamela Reif' -> USED_BY [internvid;runway-jupiter] (304)
[2705/3710] 'Anime Recap Time' -> USED_BY [runway-jupiter] (49)
[2706/3710] 'Bernardo Bacalhau' -> USED_BY [runway-jupiter] (65)
[2707/3710] 'WRAPSIR' -> USED_BY [internvid;runway-jupiter] (158)
[2708/3710] 'Chef Tyler' -> USED_BY [runway-jupiter] (208)
[2709/3710] 'Gulfstream Aerospace Corporation' -> USED_BY [internvid;runway-jupiter] (156)
[2710/3710] '140journos' -> USED_BY [runway-jupiter] (173)
[2711/3710] 'David Zhang' -> USED_BY [hdvg130m;hdvila100m;internvid;openvid1m;runway-jupiter;yttemporal-180m] (233)
[2712/3710] 'Clarke Boys Hunting' -> USED_BY [internvid;runway-jupiter] (118)
[2713/3710] 'Larry Warden' -> USED_BY [internvid;runway-jupiter] (202)
[2714/3710] 'COMET RESTORATION' -> USED_BY [internvid;runway-jupiter] (94)
[2715/3710] 'Diana Vingert' -> USED_BY [internvid;runway-jupiter] (155)
[2716/3710] 'Exploropia' -> USED_BY [internvid;runway-jupiter] (216)
[2717/3710] 'est living' -> USED_BY [runway-jupiter] (45)
[2718/3710] 'Food Impromptu' -> USED_BY [hdvg130m;hdvila100m;internvid;runway-jupiter;yttemporal-180m] (130)
[2719/3710] 'Fog City ASMR' -> USED_BY [runway-jupiter] (121)
[2720/3710] 'Megan Tan' -> USED_BY [runway-jupiter] (152)
[2721/3710] 'Stanny' -> USED_BY [internvid;runway-jupiter] (79)
[2722/3710] 'Rodian Builds' -> USED_BY [hdvila100m;internvid;runway-jupiter;vidgen1m;yttemporal-180m] (213)
[2723/3710] 'Saluki_Race' -> USED_BY [internvid;runway-jupiter] (190)
[2724/3710] 'Dr Debox' -> USED_BY [internvid;runway-jupiter] (173)
[2725/3710] 'Othervrbarry' -> USED_BY [runway-jupiter] (116)
[2726/3710] 'Svensk Golf' -> USED_BY [runway-jupiter] (193)
[2727/3710] 'Felts by Philippa' -> USED_BY [internvid;runway-jupiter] (193)
[2728/3710] 'Spoiler Lab' -> USED_BY [internvid;runway-jupiter] (248)
[2729/3710] 'Legendy Polskiej Muzyki' -> USED_BY [runway-jupiter] (236)
[2730/3710] 'Sky Zone Ultimate Dodgeball' -> USED_BY [hdvg130m;hdvila100m;internvid;openvid1m;runway-jupiter;vidgen1m;yttemporal-180m] (188)
[2731/3710] 'Egypturk' -> USED_BY [runway-jupiter] (200)
[2732/3710] 'SugarStar' -> USED_BY [runway-jupiter] (129)
[2733/3710] 'House & Garden' -> USED_BY [internvid;runway-jupiter] (217)
[2734/3710] 'Mr. Video' -> USED_BY [internvid;runway-jupiter] (97)
[2735/3710] 'Rainy Day' -> USED_BY [internvid;runway-jupiter] (138)
[2736/3710] 'Billy Yang' -> USED_BY [internvid;runway-jupiter] (125)
[2737/3710] 'Spotty Dotty Show' -> USED_BY [internvid;runway-jupiter] (115)
[2738/3710] 'Steven Richter' -> USED_BY [internvid;runway-jupiter] (167)
[2739/3710] 'mgk' -> USED_BY [hdvg130m;hdvila100m;internvid;runway-jupiter;yttemporal-180m] (270)
[2740/3710] 'HG Virtual Tour' -> USED_BY [runway-jupiter] (152)
[2741/3710] 'PFC Pillow Fight Championship' -> USED_BY [internvid;runway-jupiter] (145)
[2742/3710] 'Airplane Academy' -> USED_BY [internvid;runway-jupiter] (130)
[2743/3710] 'Szko\u0142a Ta\u0144ca Wedding Dance Agnieszka Bodziony' ERROR: 'charmap' codec can't encode character '\u0142' in position 17: character maps to <undefined>
[2744/3710] 'Sago Mini' -> USED_BY [runway-jupiter] (195)
[2745/3710] 'Woodturning Crazy' -> USED_BY [runway-jupiter] (160)
[2746/3710] 'Daryl Gilbert Outdoors' -> USED_BY [runway-jupiter] (99)
[2747/3710] '\u042f\u043d\u0430 \u041e\u0441\u0430\u0434\u0447\u0430\u044f' ERROR: 'charmap' codec can't encode characters in position 13-15: character maps to <undefined>
[2748/3710] 'DUBAI WALKERS' -> USED_BY [runway-jupiter] (85)
[2749/3710] 'NJ Paper Crafts' -> USED_BY [internvid;runway-jupiter] (109)
[2750/3710] 'Flag Nation' -> USED_BY [runway-jupiter] (163)
[2751/3710] 'Poisabloom ASMR' -> USED_BY [runway-jupiter] (272)
[2752/3710] 'Copa Truck' -> USED_BY [runway-jupiter] (187)
[2753/3710] '\uafc0\uc8fc\ubd80 Honeyjubu' ERROR: 'charmap' codec can't encode characters in position 13-15: character maps to <undefined>
[2754/3710] '2DAY DANCE' -> USED_BY [runway-jupiter] (150)
[2755/3710] 'Emmy Kalia' -> USED_BY [internvid;runway-jupiter;yttemporal-180m] (158)
[2756/3710] 'Kratts Series' -> USED_BY [runway-jupiter] (142)
[2757/3710] 'Vizoli Art' -> USED_BY [internvid;runway-jupiter] (54)
[2758/3710] 'Metro Transit Sandblasting (MTS)' -> USED_BY [runway-jupiter] (140)
[2759/3710] 'Tina Mini Cooking' -> USED_BY [runway-jupiter] (65)
[2760/3710] 'Names Nicco' -> USED_BY [internvid;runway-jupiter] (197)
[2761/3710] 'Serious Runner' -> USED_BY [internvid;runway-jupiter] (135)
[2762/3710] 'Croquet Victoria' -> USED_BY [internvid;runway-jupiter] (107)
[2763/3710] 'Hideki Shiota / FILM EI' -> USED_BY [runway-jupiter] (128)
[2764/3710] 'AHW LLC' -> USED_BY [hdvila100m;runway-jupiter;yttemporal-180m] (203)
[2765/3710] 'Lotus Lens Asmr' -> USED_BY [internvid;runway-jupiter] (226)
[2766/3710] 'Guldies' -> USED_BY [internvid;runway-jupiter] (107)
[2767/3710] 'TheCottageFairy' -> USED_BY [internvid;runway-jupiter] (157)
[2768/3710] 'DAR Animal Rescue' -> USED_BY [internvid;runway-jupiter] (156)
[2769/3710] 'Ghost Theory' -> USED_BY [runway-jupiter] (95)
[2770/3710] 'TheWeekndVEVO' -> USED_BY [hdvg130m;hdvila100m;internvid;runway-jupiter;vidgen1m;yttemporal-180m] (215)
[2771/3710] '\u674e\u5b50\u67d2 Liziqi' ERROR: 'charmap' codec can't encode characters in position 13-15: character maps to <undefined>
[2772/3710] 'Donavan Barrett' -> USED_BY [internvid;runway-jupiter;yttemporal-180m] (133)
[2773/3710] 'HarmonyMartialArts' -> USED_BY [runway-jupiter] (214)
[2774/3710] 'Gymnastics Tips' -> USED_BY [internvid;runway-jupiter] (123)
[2775/3710] 'Dimes' -> USED_BY [internvid;runway-jupiter] (115)
[2776/3710] 'Miley Cyrus' -> USED_BY [internvid;runway-jupiter;yttemporal-180m] (136)
[2777/3710] 'Deus Ex Machina - Temple of Enthusiasm' -> USED_BY [runway-jupiter] (61)
[2778/3710] 'Of Two Lands' -> USED_BY [runway-jupiter] (191)
[2779/3710] 'The Traveler' -> USED_BY [runway-jupiter] (147)
[2780/3710] 'Minsk Cycling Club' -> USED_BY [hdvg130m;hdvila100m;internvid;runway-jupiter;vidgen1m;yttemporal-180m] (313)
[2781/3710] 'Lofi Girl' -> USED_BY [internvid;runway-jupiter] (119)
[2782/3710] '310 Pilot' -> USED_BY [internvid;runway-jupiter] (149)
[2783/3710] 'FilmRise Movies' -> USED_BY [runway-jupiter] (316)
[2784/3710] 'Equinologee' -> USED_BY [hdvg130m;hdvila100m;internvid;runway-jupiter;vidgen1m;yttemporal-180m] (209)
[2785/3710] 'Panos Ioannidis' -> USED_BY [runway-jupiter] (87)
[2786/3710] 'Melior Studios' -> USED_BY [runway-jupiter] (126)
[2787/3710] 'Ryan Morie' -> USED_BY [hdvg130m;hdvila100m;internvid;openvid1m;runway-jupiter;vidgen1m;yttemporal-180m] (285)
[2788/3710] 'John Manalo' -> USED_BY [hdvg130m;hdvila100m;internvid;runway-jupiter;yttemporal-180m] (176)
[2789/3710] 'Lawn Care Juggernaut' -> USED_BY [internvid;runway-jupiter] (143)
[2790/3710] 'Kevin Bruns' -> USED_BY [runway-jupiter] (172)
[2791/3710] 'Livinleggings' -> USED_BY [runway-jupiter] (184)
[2792/3710] 'LukeCombsVEVO' -> USED_BY [internvid;runway-jupiter;yttemporal-180m] (151)
[2793/3710] 'I AM BUILDER' -> USED_BY [runway-jupiter] (113)
[2794/3710] 'Buhurt Tech' -> USED_BY [internvid;runway-jupiter] (182)
[2795/3710] 'MOONSHINE ANIMATIONS' -> USED_BY [hdvila100m;runway-jupiter] (148)
[2796/3710] 'Ho & Pringle Productions' -> USED_BY [hdvila100m;internvid;runway-jupiter;vidgen1m;yttemporal-180m] (224)
[2797/3710] 'Taylor Bell' -> USED_BY [internvid;runway-jupiter] (72)
[2798/3710] 'Yaroslav Nedodaiev' -> USED_BY [internvid;runway-jupiter] (102)
[2799/3710] 'John Downer Productions' -> USED_BY [internvid;runway-jupiter] (193)
[2800/3710] 'Mor Movement' -> USED_BY [runway-jupiter] (38)
[2801/3710] 'Wondastic Tech' -> USED_BY [internvid;runway-jupiter] (108)
[2802/3710] 'Ayan Banerjee - Films' -> USED_BY [runway-jupiter] (70)
[2803/3710] 'Start Making (Woodworking)' -> USED_BY [runway-jupiter] (44)
[2804/3710] 'Brandon William' -> USED_BY [hdvila100m;internvid;runway-jupiter;yttemporal-180m] (158)
[2805/3710] 'Only Stock' -> USED_BY [runway-jupiter] (7)
[2806/3710] 'A Modern Homestead' -> USED_BY [runway-jupiter] (40)
[2807/3710] 'Matty Conrad' -> USED_BY [internvid;runway-jupiter] (38)
[2808/3710] 'Pete R. - BucketListly Blog' -> USED_BY [runway-jupiter] (35)
[2809/3710] 'Life By The Bow' -> USED_BY [internvid;runway-jupiter] (124)
[2810/3710] 'Yadu Tv 8K' -> USED_BY [runway-jupiter] (8)
[2811/3710] 'Apple Singapore' -> USED_BY [runway-jupiter] (114)
[2812/3710] 'MrRescue' -> USED_BY [internvid;runway-jupiter] (60)
[2813/3710] 'Bruno Mars' -> USED_BY [internvid;runway-jupiter] (119)
[2814/3710] 'Magnet VFX' -> USED_BY [runway-jupiter] (142)
[2815/3710] 'Natural World Facts' -> USED_BY [hdvg130m;hdvila100m;internvid;runway-jupiter;vidgen1m;yttemporal-180m] (300)
[2816/3710] 'Alexander The Guest' -> USED_BY [runway-jupiter] (53)
[2817/3710] 'Mossy Earth' -> USED_BY [internvid;runway-jupiter] (83)
[2818/3710] 'Black Coral Wax' -> USED_BY [internvid;runway-jupiter] (78)
[2819/3710] 'Alone in Dubai' -> USED_BY [runway-jupiter] (135)
[2820/3710] 'Midwest Magic Cleaning' -> USED_BY [runway-jupiter] (100)
[2821/3710] 'LIGHTS ARE OFF' -> USED_BY [internvid;runway-jupiter] (101)
[2822/3710] "That's Amazing" -> USED_BY [hdvg130m;hdvila100m;internvid;openvid1m;runway-jupiter;vidgen1m;yttemporal-180m] (197)
[2823/3710] '\uc7ac\ud638 - Fitness' ERROR: 'charmap' codec can't encode characters in position 13-14: character maps to <undefined>
[2824/3710] "Fill's Lawn Care" -> USED_BY [internvid;runway-jupiter] (106)
[2825/3710] 'Blacktail Studio' -> USED_BY [internvid;runway-jupiter;yttemporal-180m] (116)
[2826/3710] 'Uilian Garcez' -> USED_BY [runway-jupiter] (117)
[2827/3710] 'MAKE FILMS' -> USED_BY [runway-jupiter] (57)
[2828/3710] 'Padel Drive' -> USED_BY [runway-jupiter] (79)
[2829/3710] 'Build Brick Robots' -> USED_BY [runway-jupiter] (83)
[2830/3710] 'Jay Palfrey' -> USED_BY [internvid;runway-jupiter] (128)
[2831/3710] 'RYUCAMP' -> USED_BY [internvid;runway-jupiter] (86)
[2832/3710] 'ProBeautykz' -> USED_BY [internvid;runway-jupiter] (166)
[2833/3710] 'Rémy Métailler RAW' -> USED_BY [internvid;runway-jupiter] (115)
[2834/3710] 'gokitinggr' -> USED_BY [internvid;runway-jupiter] (271)
[2835/3710] 'BravestWarriors' -> USED_BY [runway-jupiter] (81)
[2836/3710] 'Reel Coastal' -> USED_BY [runway-jupiter] (220)
[2837/3710] 'Martin Flindt' -> USED_BY [runway-jupiter] (189)
[2838/3710] 'ASMR U R STAR' -> USED_BY [internvid;runway-jupiter] (254)
[2839/3710] 'World Nate' -> USED_BY [runway-jupiter;yttemporal-180m] (201)
[2840/3710] 'Reading With Asha' -> USED_BY [runway-jupiter] (59)
[2841/3710] 'FeidVEVO' -> USED_BY [runway-jupiter] (118)
[2842/3710] 'Craig Smith' -> USED_BY [internvid;runway-jupiter;yttemporal-180m] (93)
[2843/3710] 'Briggsy Sport Fishing' -> USED_BY [hdvg130m;hdvila100m;internvid;runway-jupiter;yttemporal-180m] (141)
[2844/3710] 'Faizal Westcott' -> USED_BY [internvid;runway-jupiter] (100)
[2845/3710] 'Ditz TV' -> USED_BY [runway-jupiter] (114)
[2846/3710] 'Jimmy Sax' -> USED_BY [internvid;runway-jupiter] (105)
[2847/3710] 'Kuga\u304f\u304c' ERROR: 'charmap' codec can't encode characters in position 17-18: character maps to <undefined>
[2848/3710] 'acdcVEVO' -> USED_BY [internvid;runway-jupiter] (214)
[2849/3710] 'Nature Harmony TV' -> USED_BY [runway-jupiter] (133)
[2850/3710] 'MTN BUILT' -> USED_BY [runway-jupiter] (142)
[2851/3710] 'NSmodeler24' -> USED_BY [hdvg130m;hdvila100m;runway-jupiter;yttemporal-180m] (181)
[2852/3710] 'ABI Interiors' -> USED_BY [internvid;runway-jupiter] (153)
[2853/3710] 'Fruits Cutting' -> USED_BY [runway-jupiter] (100)
[2854/3710] '\u039a\u03c1\u03ae\u03c4\u03b5\u03c2 \u039b\u03b1\u03bf\u03b3\u03c1\u03b1\u03c6\u03b9\u03ba\u03cc\u03c2 \u03a7\u03bf\u03c1\u03b5\u03c5\u03c4\u03b9\u03ba\u03cc\u03c2 \u038c\u03bc\u03b9\u03bb\u03bf\u03c2' ERROR: 'charmap' codec can't encode characters in position 13-18: character maps to <undefined>
[2855/3710] '22X22' -> USED_BY [internvid;runway-jupiter] (231)
[2856/3710] 'Lucasfilm' -> USED_BY [internvid;runway-jupiter] (107)
[2857/3710] 'JABBAWOCKEEZ OFFICIAL' -> USED_BY [internvid;runway-jupiter] (172)
[2858/3710] 'Israel Pitchford' -> USED_BY [runway-jupiter] (90)
[2859/3710] 'Bertram - Craft and Wilderness' -> USED_BY [internvid;runway-jupiter] (61)
[2860/3710] 'Art Space' -> USED_BY [internvid;runway-jupiter] (165)
[2861/3710] 'Grant Horvat Golf' -> USED_BY [internvid;runway-jupiter] (164)
[2862/3710] '\ud50c\ub77c\uc774 \uc6d0_FLY ONE' ERROR: 'charmap' codec can't encode characters in position 13-15: character maps to <undefined>
[2863/3710] 'Drax Dietz' -> USED_BY [runway-jupiter] (157)
[2864/3710] 'Cheer UP Athletics' -> USED_BY [runway-jupiter] (93)
[2865/3710] "Stone's World" -> USED_BY [runway-jupiter] (121)
[2866/3710] 'Viktor Kee' -> USED_BY [runway-jupiter] (93)
[2867/3710] 'The Handyman Business' -> USED_BY [hdvg130m;hdvila100m;internvid;runway-jupiter;yttemporal-180m] (124)
[2868/3710] 'Beam Queen' -> USED_BY [runway-jupiter] (186)
[2869/3710] 'Timelab Pro' -> USED_BY [internvid;runway-jupiter] (73)
[2870/3710] '\ub0a8\ud654\uc5f0 \ud55c\uad6d\ubb34\uc6a9\ubc30\uc6b0\uae30 koreadance' ERROR: 'charmap' codec can't encode characters in position 13-15: character maps to <undefined>
[2871/3710] 'Southeast Trombone Symposium' -> USED_BY [runway-jupiter] (131)
[2872/3710] 'Mangli Official' -> USED_BY [internvid;runway-jupiter] (59)
[2873/3710] 'Torkel Stillefors' -> USED_BY [internvid;runway-jupiter] (183)
[2874/3710] 'Reading is' -> USED_BY [runway-jupiter] (113)
[2875/3710] 'The Magic Ball Man' -> USED_BY [internvid;runway-jupiter] (210)
[2876/3710] 'Dua Lipa' -> USED_BY [internvid;runway-jupiter] (219)
[2877/3710] 'Songbird Ocarina' -> USED_BY [runway-jupiter] (178)
[2878/3710] 'Restoration of Everything' -> USED_BY [internvid;runway-jupiter] (177)
[2879/3710] 'Speed On The Water' -> USED_BY [runway-jupiter] (143)
[2880/3710] 'Yehslacks' -> USED_BY [internvid;runway-jupiter] (247)
[2881/3710] 'Wild Oak Films' -> USED_BY [runway-jupiter] (110)
[2882/3710] 'Gymnasts Inspire' -> USED_BY [internvid;runway-jupiter] (234)
[2883/3710] 'Tish Wonders' -> USED_BY [hdvg130m;hdvila100m;openvid1m;runway-jupiter;vidgen1m;yttemporal-180m] (235)
[2884/3710] 'World Nomads' -> USED_BY [hdvg130m;hdvila100m;internvid;openvid1m;runway-jupiter;vidgen1m;yttemporal-180m] (753)
[2885/3710] 'vincjom' -> USED_BY [runway-jupiter] (150)
[2886/3710] 'Tree House Brewing Company' -> USED_BY [internvid;runway-jupiter] (118)
[2887/3710] 'Ryan Luth' -> USED_BY [runway-jupiter] (61)
[2888/3710] 'Photoguide' -> USED_BY [runway-jupiter] (135)
[2889/3710] 'Shortest Blockbusters' -> USED_BY [internvid;runway-jupiter] (147)
[2890/3710] '\u041d\u0430\u0443\u0447\u043d\u043e-\u043f\u043e\u043f\u0443\u043b\u044f\u0440\u043d\u044b\u0435 \u0444\u0438\u043b\u044c\u043c\u044b' ERROR: 'charmap' codec can't encode characters in position 13-18: character maps to <undefined>
[2891/3710] 'Northern Mudlarks' -> USED_BY [runway-jupiter] (174)
[2892/3710] 'Bachata Dance Academy' -> USED_BY [internvid;runway-jupiter] (115)
[2893/3710] 'Bodyboard Holidays' -> USED_BY [hdvg130m;hdvila100m;internvid;openvid1m;runway-jupiter;vidgen1m;yttemporal-180m] (243)
[2894/3710] 'Foundation Group' -> USED_BY [runway-jupiter] (99)
[2895/3710] 'Home' -> USED_BY [hdvg130m;hdvila100m;internvid;runway-jupiter;yttemporal-180m] (223)
[2896/3710] 'Robert Mak\u0142owicz' ERROR: 'charmap' codec can't encode character '\u0142' in position 23: character maps to <undefined>
[2897/3710] 'Ninja Walking' -> USED_BY [internvid;runway-jupiter] (42)
[2898/3710] 'Gold Smith Jack' -> USED_BY [internvid;runway-jupiter] (135)
[2899/3710] 'Bagpipe Master' -> USED_BY [hdvg130m;hdvila100m;internvid;runway-jupiter] (57)
[2900/3710] 'sixstringJIB' -> USED_BY [runway-jupiter] (129)
[2901/3710] 'JR Alli' -> USED_BY [hdvg130m;hdvila100m;openvid1m;runway-jupiter;yttemporal-180m] (135)
[2902/3710] 'Tenjuro Kamado' -> USED_BY [runway-jupiter] (80)
[2903/3710] 'Sadiel Gomez' -> USED_BY [runway-jupiter] (21)
[2904/3710] 'Xander Budnick' -> USED_BY [runway-jupiter] (105)
[2905/3710] 'vewn' -> USED_BY [internvid;runway-jupiter] (14)
[2906/3710] 'Architectural Digest India' -> USED_BY [runway-jupiter] (170)
[2907/3710] 'Erik Van Conover' -> USED_BY [hdvg130m;hdvila100m;internvid;openvid1m;runway-jupiter;vidgen1m;yttemporal-180m] (433)
[2908/3710] 'Movie Car Chases HD' -> USED_BY [internvid;runway-jupiter] (62)
[2909/3710] 'Panda Story' -> USED_BY [runway-jupiter] (5)
[2910/3710] 'Mitchell Thayne' -> USED_BY [runway-jupiter] (58)
[2911/3710] 'Timestorm Films' -> USED_BY [runway-jupiter] (71)
[2912/3710] 'Fitness For Transformation' -> USED_BY [internvid;runway-jupiter] (149)
[2913/3710] 'Josh Neuman' -> USED_BY [internvid;runway-jupiter] (135)
[2914/3710] 'Heile Welt' -> USED_BY [runway-jupiter] (118)
[2915/3710] 'Nerd Clips HD' -> USED_BY [runway-jupiter] (60)
[2916/3710] 'Moon Prod' -> USED_BY [runway-jupiter] (16)
[2917/3710] 'Purpose Built Moto' -> USED_BY [internvid;runway-jupiter] (121)
[2918/3710] 'The British Short Film Awards' -> USED_BY [runway-jupiter] (22)
[2919/3710] 'Anif G' -> USED_BY [internvid;runway-jupiter] (104)
[2920/3710] 'Andy To' -> USED_BY [internvid;runway-jupiter] (148)
[2921/3710] 'honeysada' -> USED_BY [internvid;runway-jupiter] (67)
[2922/3710] 'NamibiaCam' -> USED_BY [runway-jupiter] (150)
[2923/3710] 'Rahul Thakuri' -> USED_BY [runway-jupiter] (107)
[2924/3710] 'Jacob + Katie Schwarz' -> USED_BY [runway-jupiter] (31)
[2925/3710] 'Move With Nicole' -> USED_BY [internvid;runway-jupiter] (150)
[2926/3710] 'Nick Coulter' -> USED_BY [hdvg130m;hdvila100m;openvid1m;runway-jupiter;vidgen1m;yttemporal-180m] (93)
[2927/3710] 'Marvelous Movie Clips 4K HDR' -> USED_BY [runway-jupiter] (173)
[2928/3710] 'The Dutch Farmer' -> USED_BY [internvid;runway-jupiter] (42)
[2929/3710] 'Divyansh Shrivastava flutist' -> USED_BY [runway-jupiter] (84)
[2930/3710] 'Adam Woodhams' -> USED_BY [hdvg130m;hdvila100m;internvid;runway-jupiter;yttemporal-180m] (198)
[2931/3710] 'Live Cycling' -> USED_BY [runway-jupiter] (85)
[2932/3710] 'dulevoz' -> USED_BY [runway-jupiter] (142)
[2933/3710] '\uc96c\ub124\uc77cJOUNAIL' ERROR: 'charmap' codec can't encode characters in position 13-15: character maps to <undefined>
[2934/3710] 'El Yuyu' -> USED_BY [internvid;runway-jupiter] (100)
[2935/3710] 'StuntsAmazing' -> USED_BY [hdvg130m;hdvila100m;internvid;runway-jupiter;yttemporal-180m] (236)
[2936/3710] 'LegoMe_TheOG' -> USED_BY [runway-jupiter] (106)
[2937/3710] 'Christian Fischer' -> USED_BY [runway-jupiter] (120)
[2938/3710] 'Everyday Ballet' -> USED_BY [internvid;runway-jupiter] (89)
[2939/3710] 'Henbu' -> USED_BY [internvid;runway-jupiter] (79)
[2940/3710] 'Nico Felich' -> USED_BY [internvid;runway-jupiter] (164)
[2941/3710] 'MyLifeOutdoors' -> USED_BY [internvid;runway-jupiter] (160)
[2942/3710] 'DACH PRO' -> USED_BY [internvid;runway-jupiter] (237)
[2943/3710] 'Poetry Of Slow Life' -> USED_BY [runway-jupiter] (111)
[2944/3710] 'IsaWelly' -> USED_BY [runway-jupiter] (167)
[2945/3710] 'Skydive Dubai' -> USED_BY [internvid;runway-jupiter] (174)
[2946/3710] 'SKYCHRIO' -> USED_BY [runway-jupiter] (94)
[2947/3710] 'Odd Animal Specimens' -> USED_BY [internvid;runway-jupiter] (144)
[2948/3710] 'Real Science' -> USED_BY [internvid;runway-jupiter] (108)
[2949/3710] 'Shoe Shine with Kat' -> USED_BY [internvid;runway-jupiter] (160)
[2950/3710] 'Brick Science' -> USED_BY [internvid;runway-jupiter] (183)
[2951/3710] 'Leduc Lethwei' -> USED_BY [internvid;runway-jupiter] (100)
[2952/3710] '\ud574\uc724 HAEYOON' ERROR: 'charmap' codec can't encode characters in position 13-14: character maps to <undefined>
[2953/3710] 'justin styvly' -> USED_BY [runway-jupiter] (78)
[2954/3710] "Ben Willis The Fisherman'S Killer" -> USED_BY [runway-jupiter] (97)
[2955/3710] 'Nadav Art and Wood' -> USED_BY [runway-jupiter] (203)
[2956/3710] 'Feid' -> USED_BY [runway-jupiter] (108)
[2957/3710] 'League of Pigs' -> USED_BY [runway-jupiter] (85)
[2958/3710] '1\u5c0f\u70b9\u7684 Sweet Taste Kitchen' ERROR: 'charmap' codec can't encode characters in position 14-16: character maps to <undefined>
[2959/3710] 'Essence and Science' -> USED_BY [runway-jupiter] (156)
[2960/3710] 'Around The World 4K' -> USED_BY [runway-jupiter] (60)
[2961/3710] 'Freddie The Whippet' -> USED_BY [runway-jupiter] (65)
[2962/3710] 'Diton King' -> USED_BY [runway-jupiter] (122)
[2963/3710] 'Lily Yo Fire' -> USED_BY [internvid;runway-jupiter] (88)
[2964/3710] 'Fox Loki' -> USED_BY [runway-jupiter] (112)
[2965/3710] 'Blissfully Asleep' -> USED_BY [runway-jupiter] (61)
[2966/3710] 'Suomi Lätkä' -> USED_BY [runway-jupiter] (100)
[2967/3710] 'Kinetochore1917' -> USED_BY [internvid;runway-jupiter] (134)
[2968/3710] 'Ryan Norberg' -> USED_BY [internvid;runway-jupiter] (157)
[2969/3710] 'Teen Titans Clips' -> USED_BY [internvid;runway-jupiter] (191)
[2970/3710] 'KrakeKids' -> USED_BY [runway-jupiter] (179)
[2971/3710] 'Lastborn Farm' -> USED_BY [runway-jupiter] (89)
[2972/3710] '\u0410\u043d\u0442\u043e\u043d \u041f\u0442\u0443\u0448\u043a\u0456\u043d' ERROR: 'charmap' codec can't encode characters in position 13-17: character maps to <undefined>
[2973/3710] 'Jasirah Bellydance' -> USED_BY [internvid;runway-jupiter] (220)
[2974/3710] 'Manilla Athletics' -> USED_BY [runway-jupiter] (77)
[2975/3710] 'Dean Schneider' -> USED_BY [hdvg130m;hdvila100m;internvid;openvid1m;runway-jupiter;vidgen1m] (170)
[2976/3710] 'Skydiving in Paradise' -> USED_BY [internvid;runway-jupiter;yttemporal-180m] (58)
[2977/3710] 'The Stuttering Skater' -> USED_BY [runway-jupiter] (111)
[2978/3710] 'Cool Bike Projects' -> USED_BY [internvid;runway-jupiter] (68)
[2979/3710] 'All Video Free' -> USED_BY [runway-jupiter] (73)
[2980/3710] 'Dark Isle Bagpiper' -> USED_BY [internvid;runway-jupiter] (101)
[2981/3710] 'Brutal Bikes' -> USED_BY [runway-jupiter] (149)
[2982/3710] 'The Green Witch' -> USED_BY [internvid;runway-jupiter] (126)
[2983/3710] 'Hawaii HammaHs' -> USED_BY [internvid;runway-jupiter] (43)
[2984/3710] 'Chaddwick Fincher' -> USED_BY [runway-jupiter] (156)
[2985/3710] 'Brad Burns' -> USED_BY [internvid;runway-jupiter] (84)
[2986/3710] 'Chris Rogers' -> USED_BY [hdvg130m;hdvila100m;runway-jupiter;vidgen1m;yttemporal-180m] (149)
[2987/3710] 'Hinata' -> USED_BY [internvid;runway-jupiter] (129)
[2988/3710] 'Ice Cream Meltdown' -> USED_BY [runway-jupiter] (188)
[2989/3710] 'Enes Plus' -> USED_BY [internvid;runway-jupiter] (86)
[2990/3710] 'Copyright Free Videos' -> USED_BY [runway-jupiter] (50)
[2991/3710] 'Zoo Tours' -> USED_BY [internvid;runway-jupiter] (139)
[2992/3710] 'barparildar' -> USED_BY [runway-jupiter] (100)
[2993/3710] 'touropia' -> USED_BY [hdvg130m;hdvila100m;internvid;openvid1m;runway-jupiter;vidgen1m;yttemporal-180m] (615)
[2994/3710] 'Repair & Restoration' -> USED_BY [runway-jupiter] (125)
[2995/3710] 'Futurescapes - Sci Fi Ambience' -> USED_BY [runway-jupiter] (79)
[2996/3710] 'FuryTV' -> USED_BY [internvid;runway-jupiter] (157)
[2997/3710] 'Liz Knights' -> USED_BY [internvid;runway-jupiter] (91)
[2998/3710] '5hysWorld' -> USED_BY [runway-jupiter] (61)
[2999/3710] 'BeachTennis Channel' -> USED_BY [internvid;runway-jupiter] (54)
[3000/3710] 'watermagic' -> USED_BY [internvid;runway-jupiter] (116)
[3001/3710] 'Rerolling Inline' -> USED_BY [internvid;runway-jupiter] (57)
[3002/3710] "Pharaoh's Wildlife Kingdom" -> USED_BY [runway-jupiter] (60)
[3003/3710] 'Roach RC' -> USED_BY [internvid;runway-jupiter] (89)
[3004/3710] 'Willem Verbeeck' -> USED_BY [hdvg130m;hdvila100m;internvid;openvid1m;runway-jupiter;vidgen1m;yttemporal-180m] (463)
[3005/3710] '\ub0e5\uc232nyangsoop' ERROR: 'charmap' codec can't encode characters in position 13-14: character maps to <undefined>
[3006/3710] 'Tibet Travel ( Tibet Vista )' -> USED_BY [internvid;runway-jupiter] (130)
[3007/3710] 'WouterKellerman' -> USED_BY [runway-jupiter] (120)
[3008/3710] 'Beautiful Bird Videos' -> USED_BY [runway-jupiter] (98)
[3009/3710] 'Metro Boomin' -> USED_BY [internvid;runway-jupiter] (88)
[3010/3710] 'Huck City' -> USED_BY [runway-jupiter] (66)
[3011/3710] 'Groom House' -> USED_BY [internvid;runway-jupiter] (139)
[3012/3710] 'Brandon Brule' -> USED_BY [runway-jupiter] (69)
[3013/3710] 'The Story Till Now' -> USED_BY [runway-jupiter] (213)
[3014/3710] 'Paul Carrillo' -> USED_BY [runway-jupiter] (30)
[3015/3710] 'Ocean’s globe trotter' -> USED_BY [runway-jupiter] (89)
[3016/3710] 'CultureClashCroatia' -> USED_BY [runway-jupiter] (20)
[3017/3710] 'SALEX' -> USED_BY [internvid;runway-jupiter] (128)
[3018/3710] 'Highland World' -> USED_BY [runway-jupiter] (4)
[3019/3710] 'Thomas Martinez' -> USED_BY [runway-jupiter] (112)
[3020/3710] 'In feel furniture' -> USED_BY [runway-jupiter] (19)
[3021/3710] 'Rollon Food' -> USED_BY [runway-jupiter] (27)
[3022/3710] 'Special Scene' -> USED_BY [runway-jupiter] (5)
[3023/3710] 'Quicksand Flooring' -> USED_BY [runway-jupiter] (59)
[3024/3710] 'REEL ROCK' -> USED_BY [hdvg130m;hdvila100m;internvid;runway-jupiter;vidgen1m;yttemporal-180m] (75)
[3025/3710] 'NCC Culinary' -> USED_BY [hdvg130m;hdvila100m;internvid;runway-jupiter;yttemporal-180m] (109)
[3026/3710] 'Reptile Channel' -> USED_BY [hdvg130m;hdvila100m;internvid;runway-jupiter;vidgen1m;yttemporal-180m] (303)
[3027/3710] 'Artur Carvalho' -> USED_BY [runway-jupiter] (59)
[3028/3710] 'Pattern Scout' -> USED_BY [internvid;runway-jupiter] (81)
[3029/3710] 'Chrome and Car Restoration' -> USED_BY [runway-jupiter] (55)
[3030/3710] 'Coffee to Art' -> USED_BY [internvid;runway-jupiter] (120)
[3031/3710] 'nadawalk' -> USED_BY [runway-jupiter] (108)
[3032/3710] 'teemu.mp4' -> USED_BY [internvid;runway-jupiter] (58)
[3033/3710] '8K VIDEOS HDR' -> USED_BY [runway-jupiter] (63)
[3034/3710] 'Lopside Animation' -> USED_BY [runway-jupiter] (22)
[3035/3710] 'Juzzie Smith' -> USED_BY [runway-jupiter] (87)
[3036/3710] 'Vy' -> USED_BY [runway-jupiter] (72)
[3037/3710] 'Industrial Light & Magic' -> USED_BY [runway-jupiter] (141)
[3038/3710] 'Master Song Kung Fu' -> USED_BY [internvid;runway-jupiter] (158)
[3039/3710] 'Bose' -> USED_BY [runway-jupiter] (101)
[3040/3710] 'Athar Jaber' -> USED_BY [internvid;runway-jupiter] (99)
[3041/3710] 'Tom Strojnik' -> USED_BY [runway-jupiter] (91)
[3042/3710] 'adidas TERREX' -> USED_BY [runway-jupiter] (87)
[3043/3710] 'NEA ZIXNH' -> USED_BY [internvid;runway-jupiter] (131)
[3044/3710] 'RAAW Mountain Bikes' -> USED_BY [runway-jupiter] (49)
[3045/3710] '4K DRIVE' -> USED_BY [runway-jupiter] (104)
[3046/3710] 'Paulie B' -> USED_BY [runway-jupiter] (118)
[3047/3710] 'Bryan Boyle' -> USED_BY [internvid;runway-jupiter] (74)
[3048/3710] 'Malcolm Moore' -> USED_BY [internvid;runway-jupiter] (117)
[3049/3710] 'Cercle' -> USED_BY [runway-jupiter] (138)
[3050/3710] 'The Wired Gourmet' -> USED_BY [internvid;runway-jupiter] (63)
[3051/3710] 'Rose' -> USED_BY [hdvg130m;hdvila100m;internvid;runway-jupiter;yttemporal-180m] (124)
[3052/3710] 'Seaboard Central' -> USED_BY [runway-jupiter] (133)
[3053/3710] 'Yle Pikku Kakkonen' -> USED_BY [runway-jupiter] (114)
[3054/3710] 'NB Productions' -> USED_BY [runway-jupiter] (92)
[3055/3710] 'Vojta Stolbenko' -> USED_BY [runway-jupiter] (83)
[3056/3710] 'Roberto Channel' -> USED_BY [hdvg130m;hdvila100m;openvid1m;runway-jupiter;vidgen1m;yttemporal-180m] (178)
[3057/3710] 'Keepitcity' -> USED_BY [runway-jupiter] (59)
[3058/3710] 'TKD-NEWS' -> USED_BY [internvid;runway-jupiter] (109)
[3059/3710] 'Sand Castle University' -> USED_BY [runway-jupiter] (87)
[3060/3710] 'Bruno Pisani' -> USED_BY [internvid;runway-jupiter] (56)
[3061/3710] 'Parker Sheppard' -> USED_BY [runway-jupiter] (97)
[3062/3710] 'Explore Somalia with Said Fadhaye' -> USED_BY [runway-jupiter] (43)
[3063/3710] 'RainbowStar _gift wrapping' -> USED_BY [internvid;runway-jupiter] (130)
[3064/3710] 'MONOSKIS SNOWGUNZ' -> USED_BY [internvid;runway-jupiter] (73)
[3065/3710] 'PROJECT FEAR' -> USED_BY [runway-jupiter] (51)
[3066/3710] 'Progress - Science Documentaries' -> USED_BY [runway-jupiter] (148)
[3067/3710] 'Allison Anderson' -> USED_BY [hdvg130m;hdvila100m;internvid;openvid1m;runway-jupiter;vidgen1m;yttemporal-180m] (459)
[3068/3710] '1000+ Free Stock Video Footage' -> USED_BY [runway-jupiter] (66)
[3069/3710] 'Malmesbury Education' -> USED_BY [hdvila100m;internvid;runway-jupiter;yttemporal-180m] (81)
[3070/3710] 'The Elegant Oxford' -> USED_BY [internvid;runway-jupiter] (151)
[3071/3710] 'Jonas Puidokas' -> USED_BY [runway-jupiter] (105)
[3072/3710] 'PlantingTree' -> USED_BY [internvid;runway-jupiter] (59)
[3073/3710] 'Hungry for Goodies' -> USED_BY [hdvg130m;hdvila100m;openvid1m;runway-jupiter;vidgen1m;yttemporal-180m] (341)
[3074/3710] 'The \u041b\u044e\u0434\u0438' ERROR: 'charmap' codec can't encode characters in position 17-20: character maps to <undefined>
[3075/3710] 'redfox creatives' -> USED_BY [runway-jupiter] (54)
[3076/3710] 'Daniel Mann' -> USED_BY [hdvg130m;hdvila100m;internvid;runway-jupiter;vidgen1m;yttemporal-180m] (164)
[3077/3710] 'MANIAC Team!' -> USED_BY [runway-jupiter] (24)
[3078/3710] 'Media Hub Trailer' -> USED_BY [runway-jupiter] (56)
[3079/3710] 'Holly Obee' -> USED_BY [runway-jupiter] (56)
[3080/3710] 'Mumbo' -> USED_BY [hdvg130m;hdvila100m;openvid1m;runway-jupiter;vidgen1m;yttemporal-180m] (224)
[3081/3710] 'MileyCyrusVEVO' -> USED_BY [internvid;openvid1m;runway-jupiter] (138)
[3082/3710] 'TV Walsum Aldenrade 07' -> USED_BY [runway-jupiter] (77)
[3083/3710] 'Dirt Road Dancing' -> USED_BY [internvid;runway-jupiter] (192)
[3084/3710] 'Elaine Cuzner' -> USED_BY [hdvg130m;hdvila100m;runway-jupiter;vidgen1m;yttemporal-180m] (91)
[3085/3710] 'Free HD videos - no copyright' -> USED_BY [internvid;runway-jupiter] (231)
[3086/3710] 'Sugoii Japan' -> USED_BY [runway-jupiter] (127)
[3087/3710] 'BestClips' -> USED_BY [internvid;runway-jupiter] (122)
[3088/3710] 'Baxter of California' -> USED_BY [internvid;runway-jupiter] (114)
[3089/3710] 'SB Mowing' -> USED_BY [internvid;runway-jupiter] (99)
[3090/3710] 'Park Junkie' -> USED_BY [internvid;runway-jupiter] (66)
[3091/3710] 'Apple Pea Fern Sea' -> USED_BY [internvid;runway-jupiter] (65)
[3092/3710] 'Fantastic' -> USED_BY [internvid;runway-jupiter] (93)
[3093/3710] 'Xylophone Girl 101' -> USED_BY [runway-jupiter] (31)
[3094/3710] 'Harry Potter Clips' -> USED_BY [internvid;runway-jupiter] (155)
[3095/3710] '\u5c0fP\u770b\u718a\u732b\u56e2\u5b50' ERROR: 'charmap' codec can't encode character '\u5c0f' in position 13: character maps to <undefined>
[3096/3710] 'Cameron Marti' -> USED_BY [internvid;runway-jupiter] (113)
[3097/3710] 'Ballet Beautiful' -> USED_BY [internvid;runway-jupiter] (135)
[3098/3710] 'Finding treasures' -> USED_BY [runway-jupiter] (168)
[3099/3710] 'OPEN SPACE' -> USED_BY [internvid;runway-jupiter] (39)
[3100/3710] 'Flatbush Cats' -> USED_BY [internvid;runway-jupiter] (170)
[3101/3710] 'superdog' -> USED_BY [internvid;runway-jupiter] (44)
[3102/3710] 'The Card Tricks' -> USED_BY [hdvg130m;hdvila100m;internvid;openvid1m;runway-jupiter;vidgen1m;yttemporal-180m] (102)
[3103/3710] 'SPIRIT OF THE RIVER' -> USED_BY [runway-jupiter] (74)
[3104/3710] 'Friendshipismagic' -> USED_BY [runway-jupiter] (79)
[3105/3710] 'Discover Kyoto' -> USED_BY [runway-jupiter] (91)
[3106/3710] 'YoYoMaVEVO' -> USED_BY [runway-jupiter] (65)
[3107/3710] 'XINSURANCE Sports' -> USED_BY [runway-jupiter] (75)
[3108/3710] 'Andrea Love' -> USED_BY [runway-jupiter] (38)
[3109/3710] 'Nike Football' -> USED_BY [internvid;runway-jupiter] (101)
[3110/3710] 'marimekko' -> USED_BY [runway-jupiter] (72)
[3111/3710] 'Yoflaminga - Yoga with Jenny Hirtz' -> USED_BY [runway-jupiter] (121)
[3112/3710] 'SCARPA North America' -> USED_BY [runway-jupiter] (157)
[3113/3710] 'Mavericks Awards' -> USED_BY [internvid;runway-jupiter] (122)
[3114/3710] 'footbag jaworzno' -> USED_BY [runway-jupiter] (88)
[3115/3710] 'The Letter Loft' -> USED_BY [runway-jupiter] (103)
[3116/3710] 'ArchiPro' -> USED_BY [internvid;runway-jupiter] (119)
[3117/3710] 'Aquatic Apes' -> USED_BY [internvid;runway-jupiter] (224)
[3118/3710] 'Awesome Machi' -> USED_BY [runway-jupiter] (134)
[3119/3710] 'Erick Jacquin' -> USED_BY [internvid;runway-jupiter] (117)
[3120/3710] 'ArmWrestleNation' -> USED_BY [runway-jupiter] (36)
[3121/3710] 'Breuninger' -> USED_BY [runway-jupiter] (71)
[3122/3710] 'ITFBeachTennis' -> USED_BY [internvid;runway-jupiter] (79)
[3123/3710] "Oreo's little black editor" -> USED_BY [runway-jupiter] (197)
[3124/3710] 'Samurai Matcha' -> USED_BY [internvid;runway-jupiter] (90)
[3125/3710] 'benjiplant' -> USED_BY [internvid;runway-jupiter] (101)
[3126/3710] 'Abe Kislevitz' -> USED_BY [hdvg130m;hdvila100m;openvid1m;runway-jupiter;vidgen1m;yttemporal-180m] (174)
[3127/3710] 'ShoreBoarders' -> USED_BY [runway-jupiter] (63)
[3128/3710] 'Total Dramarama Official' -> USED_BY [runway-jupiter] (153)
[3129/3710] 'House Dad Life' -> USED_BY [internvid;runway-jupiter] (129)
[3130/3710] 'officialpsy' -> USED_BY [internvid;runway-jupiter] (133)
[3131/3710] 'Cine para la noche' -> USED_BY [runway-jupiter] (26)
[3132/3710] 'Footage Kontor' -> USED_BY [runway-jupiter] (56)
[3133/3710] 'SuperBike Racer' -> USED_BY [internvid;runway-jupiter] (220)
[3134/3710] 'Tour Tamu Africa' -> USED_BY [runway-jupiter] (33)
[3135/3710] 'Aerial Photography Ireland' -> USED_BY [runway-jupiter] (16)
[3136/3710] 'Folding And Art Tutorial' -> USED_BY [internvid;runway-jupiter] (159)
[3137/3710] 'Maarten Nauta' -> USED_BY [runway-jupiter] (67)
[3138/3710] 'Anders Botnmark (Aphotography)' -> USED_BY [runway-jupiter] (69)
[3139/3710] 'Modern Juggling' -> USED_BY [internvid;runway-jupiter] (112)
[3140/3710] 'Brett Vercoe' -> USED_BY [runway-jupiter] (77)
[3141/3710] 'Ich mische lecker' -> USED_BY [runway-jupiter] (165)
[3142/3710] 'Judo live' -> USED_BY [runway-jupiter] (72)
[3143/3710] 'VISUALDON' -> USED_BY [runway-jupiter] (111)
[3144/3710] 'Foxtrot Alpha' -> USED_BY [internvid;runway-jupiter] (108)
[3145/3710] 'Benjamin Hardman' -> USED_BY [runway-jupiter] (63)
[3146/3710] 'Ermia Ramez' -> USED_BY [runway-jupiter] (11)
[3147/3710] 'Jacob Toniolo' -> USED_BY [runway-jupiter] (9)
[3148/3710] 'Audible Hands' -> USED_BY [internvid;runway-jupiter] (27)
[3149/3710] 'Movie Man' -> USED_BY [internvid;runway-jupiter] (28)
[3150/3710] 'Denis Barbas' -> USED_BY [runway-jupiter] (63)
[3151/3710] 'Team Running Husky' -> USED_BY [internvid;runway-jupiter] (46)
[3152/3710] 'Fables & Fells' -> USED_BY [internvid;runway-jupiter] (20)
[3153/3710] "Vindi's Kitchen" -> USED_BY [runway-jupiter] (48)
[3154/3710] 'SNO-GO Ski Bikes' -> USED_BY [runway-jupiter] (38)
[3155/3710] 'Jay Alvarrez' -> USED_BY [runway-jupiter] (26)
[3156/3710] 'Run & Jump' -> USED_BY [internvid;runway-jupiter] (36)
[3157/3710] 'Apollo Mission Documentaries' -> USED_BY [runway-jupiter] (9)
[3158/3710] 'Scenic Scenes' -> USED_BY [runway-jupiter] (106)
[3159/3710] 'Leaf of Life' -> USED_BY [internvid;runway-jupiter] (65)
[3160/3710] 'TravelPixified' -> USED_BY [runway-jupiter] (52)
[3161/3710] 'ISHITANI FURNITURE' -> USED_BY [internvid;runway-jupiter] (63)
[3162/3710] 'Go Explore Greece' -> USED_BY [runway-jupiter] (31)
[3163/3710] 'Sunset Drive California' -> USED_BY [runway-jupiter] (58)
[3164/3710] 'NZ Trucks And Trailers' -> USED_BY [runway-jupiter] (45)
[3165/3710] 'ROLL Recovery' -> USED_BY [internvid;runway-jupiter] (113)
[3166/3710] 'NightmarePB' -> USED_BY [internvid;runway-jupiter] (6)
[3167/3710] 'HuuHa Woodart' -> USED_BY [runway-jupiter] (12)
[3168/3710] 'Paper Dolls\u270f\ufe0f\U0001f3a8' ERROR: 'charmap' codec can't encode characters in position 24-26: character maps to <undefined>
[3169/3710] 'Kiun B' -> USED_BY [internvid;runway-jupiter] (60)
[3170/3710] 'Hugo Moussy' -> USED_BY [internvid;runway-jupiter] (30)
[3171/3710] 'Maria og skogen' -> USED_BY [runway-jupiter] (64)
[3172/3710] 'Katy James' -> USED_BY [runway-jupiter] (55)
[3173/3710] 'Lucy Cao' -> USED_BY [runway-jupiter] (58)
[3174/3710] 'Anime Luna' -> USED_BY [runway-jupiter] (52)
[3175/3710] 'full-swing' -> USED_BY [internvid;runway-jupiter] (10)
[3176/3710] 'Bart Blom' -> USED_BY [runway-jupiter] (78)
[3177/3710] 'Simply Three' -> USED_BY [internvid;runway-jupiter] (87)
[3178/3710] 'Clairmont' -> USED_BY [runway-jupiter] (66)
[3179/3710] 'Sax Spy' -> USED_BY [runway-jupiter] (178)
[3180/3710] 'The Carpentry Life' -> USED_BY [runway-jupiter] (79)
[3181/3710] 'Jiya Kapur Films' -> USED_BY [internvid;runway-jupiter] (45)
[3182/3710] 'Avatar Legends' -> USED_BY [internvid;runway-jupiter] (8)
[3183/3710] 'ANDBERY | Andrei Beresnev' -> USED_BY [internvid;runway-jupiter] (31)
[3184/3710] 'Give Cheese a Chance' -> USED_BY [runway-jupiter] (28)
[3185/3710] 'Sheepdog Trials' -> USED_BY [internvid;runway-jupiter] (57)
[3186/3710] 'A Working Catalogue' -> USED_BY [runway-jupiter] (196)
[3187/3710] 'Christian F. Puglisi' -> USED_BY [runway-jupiter] (56)
[3188/3710] 'JUST MICHELLE' -> USED_BY [runway-jupiter] (84)
[3189/3710] 'Ignited Flames' -> USED_BY [runway-jupiter] (45)
[3190/3710] 'Red Panda - Morty' -> USED_BY [runway-jupiter] (88)
[3191/3710] 'Domenic Biagini' -> USED_BY [runway-jupiter] (125)
[3192/3710] 'Parte Graff' -> USED_BY [runway-jupiter] (72)
[3193/3710] 'YZR' -> USED_BY [runway-jupiter] (73)
[3194/3710] 'Shah Bappu London cycling' -> USED_BY [runway-jupiter] (49)
[3195/3710] 'Extreme Tricks' -> USED_BY [internvid;runway-jupiter] (36)
[3196/3710] 'Crafty Girl Shirin' -> USED_BY [runway-jupiter] (69)
[3197/3710] '2CELLOS' -> USED_BY [internvid;runway-jupiter] (190)
[3198/3710] 'KAFRI' -> USED_BY [runway-jupiter] (96)
[3199/3710] 'Colorful World' -> USED_BY [internvid;runway-jupiter] (50)
[3200/3710] 'lemoncholy' -> USED_BY [runway-jupiter] (14)
[3201/3710] 'The Dragon Prince' -> USED_BY [internvid;runway-jupiter] (24)
[3202/3710] 'Imperial Potato' -> USED_BY [runway-jupiter] (71)
[3203/3710] 'Coach Micah B.' -> USED_BY [runway-jupiter] (76)
[3204/3710] 'Momo Journal ASMR' -> USED_BY [runway-jupiter] (45)
[3205/3710] 'EMEDE MEOS' -> USED_BY [runway-jupiter] (36)
[3206/3710] 'HP Walking Tours' -> USED_BY [runway-jupiter] (84)
[3207/3710] 'inkpacked Stock Footage' -> USED_BY [runway-jupiter] (20)
[3208/3710] 'Soma Fotography™ official' -> USED_BY [runway-jupiter] (72)
[3209/3710] 'MOJO hookah lounge' -> USED_BY [internvid;runway-jupiter;yttemporal-180m] (141)
[3210/3710] 'CartoonBrew.com Official' -> USED_BY [runway-jupiter] (85)
[3211/3710] 'Abitibi Sled Dogs' -> USED_BY [runway-jupiter] (77)
[3212/3710] 'Invasion Of The Stickers' -> USED_BY [runway-jupiter] (95)
[3213/3710] 'Max the Greyhound' -> USED_BY [runway-jupiter] (55)
[3214/3710] 'Valrtin' -> USED_BY [runway-jupiter] (69)
[3215/3710] 'Gravity Official' -> USED_BY [runway-jupiter] (49)
[3216/3710] 'Karl Shakur' -> USED_BY [runway-jupiter] (85)
[3217/3710] 'Meaning' -> USED_BY [internvid;runway-jupiter] (113)
[3218/3710] '\ud504\ub86c\ub354\ucda4 • From the \ucda4' ERROR: 'charmap' codec can't encode characters in position 13-16: character maps to <undefined>
[3219/3710] 'Sanna Vaara' -> USED_BY [runway-jupiter] (44)
[3220/3710] 'thevirts' -> USED_BY [internvid;runway-jupiter;yttemporal-180m] (67)
[3221/3710] 'Airbender Dogs' -> USED_BY [runway-jupiter] (8)
[3222/3710] 'NV STUDIOZ' -> USED_BY [runway-jupiter] (101)
[3223/3710] 'SERA MEDIA' -> USED_BY [internvid;runway-jupiter;yttemporal-180m] (49)
[3224/3710] 'Joe Wilson' -> USED_BY [runway-jupiter] (56)
[3225/3710] 'Relaxing Sounds Of Nature' -> USED_BY [runway-jupiter] (83)
[3226/3710] 'Slow Waves' -> USED_BY [internvid;runway-jupiter] (55)
[3227/3710] 'We Bare Bears Hindi' -> USED_BY [internvid;runway-jupiter] (50)
[3228/3710] 'Sounds Like Greece' -> USED_BY [runway-jupiter] (92)
[3229/3710] 'Lewis Wilby' -> USED_BY [runway-jupiter] (55)
[3230/3710] 'BIT - BASE inspired travels' -> USED_BY [internvid;runway-jupiter] (81)
[3231/3710] 'Extra Throttle House' -> USED_BY [internvid;runway-jupiter] (68)
[3232/3710] 'Yo-Yo Ma' -> USED_BY [runway-jupiter] (40)
[3233/3710] 'Mike Gray' -> USED_BY [internvid;runway-jupiter] (75)
[3234/3710] 'Fishing & Adventure TV' -> USED_BY [internvid;runway-jupiter] (98)
[3235/3710] 'Main Track Trains' -> USED_BY [runway-jupiter] (94)
[3236/3710] 'Murlykin Yaroslav' -> USED_BY [runway-jupiter] (45)
[3237/3710] 'Flow Mayhem' -> USED_BY [runway-jupiter;yttemporal-180m] (91)
[3238/3710] 'Kierran Allen' -> USED_BY [runway-jupiter] (60)
[3239/3710] 'Kyle Erickson' -> USED_BY [internvid;runway-jupiter] (135)
[3240/3710] 'Listening to Earth LLC' -> USED_BY [runway-jupiter] (24)
[3241/3710] 'AJ Hackett Bungy NZ' -> USED_BY [runway-jupiter] (90)
[3242/3710] 'Cleaning Concept' -> USED_BY [runway-jupiter] (64)
[3243/3710] 'Caveman Hikes' -> USED_BY [internvid;runway-jupiter] (41)
[3244/3710] '\uc2dc\uace8\ud560\ub9e4 Sigol Halmae' ERROR: 'charmap' codec can't encode characters in position 13-16: character maps to <undefined>
[3245/3710] 'RelaxCorner ASMR' -> USED_BY [runway-jupiter] (133)
[3246/3710] 'Cinewatch' -> USED_BY [runway-jupiter] (32)
[3247/3710] 'Brice Savina' -> USED_BY [internvid;runway-jupiter] (39)
[3248/3710] 'DDAKS \ub531\uc2a4 - Shoe shine ASMR \uad6c\ub450\ub2e6\uae30' ERROR: 'charmap' codec can't encode characters in position 19-20: character maps to <undefined>
[3249/3710] 'Incredible Mission' -> USED_BY [runway-jupiter] (51)
[3250/3710] 'AC/DC' -> USED_BY [internvid;runway-jupiter] (153)
[3251/3710] 'hirokazu yokohara' -> USED_BY [runway-jupiter] (72)
[3252/3710] 'Future Proof' -> USED_BY [internvid;runway-jupiter] (106)
[3253/3710] 'Primitive Technology Idea' -> USED_BY [internvid;openvid1m;runway-jupiter] (176)
[3254/3710] 'jung de gung "Housekeeping Pemula"' -> USED_BY [internvid;runway-jupiter] (186)
[3255/3710] 'adventuremore' -> USED_BY [runway-jupiter] (30)
[3256/3710] 'Geoff Sobering' -> USED_BY [runway-jupiter] (78)
[3257/3710] 'Shot By Enis' -> USED_BY [runway-jupiter] (22)
[3258/3710] 'Medalcore - Paintball' -> USED_BY [runway-jupiter] (48)
[3259/3710] 'Szalagavató Videózás' -> USED_BY [runway-jupiter] (154)
[3260/3710] 'Leo Torres' -> USED_BY [internvid;runway-jupiter] (74)
[3261/3710] 'Starry Sky' -> USED_BY [internvid;runway-jupiter] (90)
[3262/3710] 'MajorTom' -> USED_BY [runway-jupiter] (100)
[3263/3710] 'Steve Booker' -> USED_BY [hdvg130m;hdvila100m;openvid1m;runway-jupiter;vidgen1m;yttemporal-180m] (331)
[3264/3710] 'TACTYC Studio' -> USED_BY [runway-jupiter] (45)
[3265/3710] 'TraceLynn Films' -> USED_BY [runway-jupiter] (55)
[3266/3710] 'Alejandro Torres' -> USED_BY [runway-jupiter;yttemporal-180m] (36)
[3267/3710] '\u30d2\u30b2\u3068\u308f\u305f\u3057' ERROR: 'charmap' codec can't encode characters in position 13-18: character maps to <undefined>
[3268/3710] 'Dashcam Stockholm - Random Adventures' -> USED_BY [runway-jupiter] (33)
[3269/3710] 'CP Media' -> USED_BY [internvid;runway-jupiter] (45)
[3270/3710] 'EJ’s Training Camp' -> USED_BY [runway-jupiter] (76)
[3271/3710] 'Tim Spisar' -> USED_BY [runway-jupiter] (28)
[3272/3710] 'iconicfilms' -> USED_BY [runway-jupiter] (63)
[3273/3710] 'Terrace Garden' -> USED_BY [internvid;runway-jupiter] (120)
[3274/3710] 'Sky High Flying Canines' -> USED_BY [internvid;runway-jupiter] (215)
[3275/3710] "Goat Daddy's" -> USED_BY [runway-jupiter] (121)
[3276/3710] 'CHASSE EMBARQUEE' -> USED_BY [internvid;runway-jupiter] (32)
[3277/3710] 'SirM Productions' -> USED_BY [runway-jupiter] (38)
[3278/3710] 'Beach Walk' -> USED_BY [runway-jupiter] (46)
[3279/3710] 'Curious Archive' -> USED_BY [runway-jupiter] (78)
[3280/3710] 'ShortClips' -> USED_BY [hdvg130m;hdvila100m;internvid;openvid1m;runway-jupiter;vidgen1m;yttemporal-180m] (220)
[3281/3710] 'MetroBoominVEVO' -> USED_BY [internvid;runway-jupiter] (28)
[3282/3710] 'lotusinhand' -> USED_BY [internvid;runway-jupiter] (70)
[3283/3710] 'The Modern House' -> USED_BY [internvid;runway-jupiter] (89)
[3284/3710] 'Tim Kellner' -> USED_BY [runway-jupiter] (38)
[3285/3710] '824am' -> USED_BY [runway-jupiter] (33)
[3286/3710] 'Fujimaru Sharpener' -> USED_BY [runway-jupiter] (45)
[3287/3710] 'LanaDelReyVEVO' -> USED_BY [internvid;runway-jupiter] (81)
[3288/3710] 'Mediawan Kids & Family' -> USED_BY [runway-jupiter] (78)
[3289/3710] 'Vicitori arts' -> USED_BY [runway-jupiter] (98)
[3290/3710] 'Matt Horne Pottery' -> USED_BY [internvid;runway-jupiter] (49)
[3291/3710] 'ComicaL TV' -> USED_BY [internvid;runway-jupiter] (79)
[3292/3710] 'Nayan Bashar' -> USED_BY [runway-jupiter] (18)
[3293/3710] 'Pharrell Williams' -> USED_BY [runway-jupiter] (59)
[3294/3710] 'Malabar Gold and Diamonds' -> USED_BY [runway-jupiter] (81)
[3295/3710] 'dronujemy_com' -> USED_BY [runway-jupiter] (57)
[3296/3710] 'ROUND III' -> USED_BY [internvid;runway-jupiter] (21)
[3297/3710] 'Naomi SV' -> USED_BY [internvid;runway-jupiter] (55)
[3298/3710] 'All Things Foxes' -> USED_BY [internvid;runway-jupiter] (45)
[3299/3710] 'Ellis van Jason' -> USED_BY [runway-jupiter] (38)
[3300/3710] 'Mack Trucks' -> USED_BY [runway-jupiter] (124)
[3301/3710] 'Fruity Tech' -> USED_BY [runway-jupiter] (56)
[3302/3710] 'MAWI United' -> USED_BY [runway-jupiter] (83)
[3303/3710] 'Pa\u0144stwowy Zespó\u0142 Ludowy Pie\u015bni i Ta\u0144ca "Mazowsze"' ERROR: 'charmap' codec can't encode character '\u0144' in position 15: character maps to <undefined>
[3304/3710] 'AnnaLapwoodVEVO' -> USED_BY [runway-jupiter] (20)
[3305/3710] 'ACMofficial' -> USED_BY [internvid;runway-jupiter] (126)
[3306/3710] 'Vintage Wine Estates' -> USED_BY [runway-jupiter] (78)
[3307/3710] 'BalloonArtOnline' -> USED_BY [internvid;runway-jupiter;yttemporal-180m] (66)
[3308/3710] 'Kai Mother' -> USED_BY [runway-jupiter] (79)
[3309/3710] 'Team Dogracing' -> USED_BY [runway-jupiter] (53)
[3310/3710] 'Reynard Lowell' -> USED_BY [internvid;runway-jupiter] (117)
[3311/3710] 'Badminutiae' -> USED_BY [runway-jupiter] (56)
[3312/3710] 'Andy B' -> USED_BY [runway-jupiter;yttemporal-180m] (59)
[3313/3710] 'Beauty Herbs & Tea' -> USED_BY [runway-jupiter] (59)
[3314/3710] '15-Minute Learning with Baby Shark & Pinkfong' -> USED_BY [runway-jupiter] (65)
[3315/3710] 'Sofles' -> USED_BY [runway-jupiter] (65)
[3316/3710] 'The Solomon Society' -> USED_BY [runway-jupiter] (46)
[3317/3710] 'Whispering Willow Wild Care' -> USED_BY [runway-jupiter] (56)
[3318/3710] 'Liene Andreta Kalnciema' -> USED_BY [runway-jupiter] (20)
[3319/3710] 'Jack Evans' -> USED_BY [runway-jupiter] (55)
[3320/3710] 'Giga Ovgod' -> USED_BY [internvid;runway-jupiter] (76)
[3321/3710] 'Trickline Collective' -> USED_BY [internvid;runway-jupiter] (30)
[3322/3710] 'Relaxation Film' -> USED_BY [runway-jupiter] (79)
[3323/3710] 'INFINITY MAXX' -> USED_BY [runway-jupiter] (49)
[3324/3710] 'free stock video hf' -> USED_BY [runway-jupiter] (42)
[3325/3710] 'Owen Farmer - Unicyclist' -> USED_BY [runway-jupiter] (41)
[3326/3710] 'Anna Lapwood' -> USED_BY [internvid;runway-jupiter] (95)
[3327/3710] 'Blackened Shadow' -> USED_BY [runway-jupiter] (36)
[3328/3710] 'Rebel Massage' -> USED_BY [hdvg130m;hdvila100m;internvid;openvid1m;runway-jupiter;vidgen1m;yttemporal-180m] (238)
[3329/3710] 'Joe Greer' -> USED_BY [runway-jupiter] (25)
[3330/3710] 'lavapix' -> USED_BY [runway-jupiter] (129)
[3331/3710] 'Mountain Unicycling Network International MUNI' -> USED_BY [runway-jupiter] (16)
[3332/3710] 'Rashid Freestyler' -> USED_BY [runway-jupiter] (71)
[3333/3710] 'Ahmad Anwar' -> USED_BY [runway-jupiter] (13)
[3334/3710] 'Northey Films' -> USED_BY [runway-jupiter] (91)
[3335/3710] 'Jet Tech' -> USED_BY [internvid;runway-jupiter] (50)
[3336/3710] 'Tadas Travel' -> USED_BY [internvid;runway-jupiter] (31)
[3337/3710] 'Unicycle School' -> USED_BY [internvid;runway-jupiter] (36)
[3338/3710] 'Eric Packer' -> USED_BY [internvid;runway-jupiter] (9)
[3339/3710] '8K Earth' -> USED_BY [runway-jupiter] (186)
[3340/3710] 'Aris Papaspyros' -> USED_BY [runway-jupiter] (38)
[3341/3710] 'Matthew Encina' -> USED_BY [hdvg130m;hdvila100m;internvid;runway-jupiter;vidgen1m;yttemporal-180m] (68)
[3342/3710] 'Team Liquid CSGO' -> USED_BY [runway-jupiter] (4)
[3343/3710] 'Moskoni' -> USED_BY [runway-jupiter] (8)
[3344/3710] 'Boyan Georgiev' -> USED_BY [runway-jupiter] (9)
[3345/3710] 'Liam Vickers Animation' -> USED_BY [runway-jupiter] (16)
[3346/3710] 'Tight Loops' -> USED_BY [internvid;runway-jupiter] (35)
[3347/3710] 'Alyne Media' -> USED_BY [runway-jupiter] (23)
[3348/3710] 'SandCastle Building - Andy Hancock' -> USED_BY [internvid;runway-jupiter] (4)
[3349/3710] 'Nathan McBride' -> USED_BY [runway-jupiter] (60)
[3350/3710] 'Manuel Bravo' -> USED_BY [internvid;runway-jupiter] (51)
[3351/3710] 'antoine janssens' -> USED_BY [hdvila100m;runway-jupiter;yttemporal-180m] (23)
[3352/3710] 'FarmBox Foods' -> USED_BY [runway-jupiter] (13)
[3353/3710] 'Life On Top' -> USED_BY [runway-jupiter] (2)
[3354/3710] 'GameNews' -> USED_BY [hdvila100m;runway-jupiter] (12)
[3355/3710] 'Canoe The North' -> USED_BY [runway-jupiter] (21)
[3356/3710] 'graincheck' -> USED_BY [runway-jupiter] (27)
[3357/3710] 'Warner Bros.' -> USED_BY [internvid;runway-jupiter] (9)
[3358/3710] 'OneStopChop' -> USED_BY [internvid;runway-jupiter] (104)
[3359/3710] 'Four Keys Book Arts' -> USED_BY [internvid;runway-jupiter] (47)
[3360/3710] 'Lostranquility' -> USED_BY [runway-jupiter] (30)
[3361/3710] 'Dan Noakes' -> USED_BY [internvid;runway-jupiter] (74)
[3362/3710] 'Lahari Music | T-Series' -> USED_BY [internvid;runway-jupiter] (8)
[3363/3710] 'AwesomeTech' -> USED_BY [internvid;runway-jupiter] (74)
[3364/3710] 'Miranda Productions' -> USED_BY [runway-jupiter] (14)
[3365/3710] 'PUREFILMS' -> USED_BY [internvid;runway-jupiter] (20)
[3366/3710] 'DownUnderDutchie' -> USED_BY [runway-jupiter] (31)
[3367/3710] 'Now or Never Travel' -> USED_BY [runway-jupiter] (43)
[3368/3710] 'OWL Rehab' -> USED_BY [runway-jupiter] (79)
[3369/3710] 'Vitaly Tesh' -> USED_BY [internvid;runway-jupiter] (96)
[3370/3710] 'African Penguin & Seabird Sanctuary' -> USED_BY [runway-jupiter] (30)
[3371/3710] 'Laser Pictures' -> USED_BY [runway-jupiter] (23)
[3372/3710] 'Brushstroke Painting Guides' -> USED_BY [runway-jupiter] (34)
[3373/3710] 'J Yom' -> USED_BY [runway-jupiter] (49)
[3374/3710] 'Tom Park' -> USED_BY [internvid;runway-jupiter] (157)
[3375/3710] 'Sheepdog Trials Live' -> USED_BY [internvid;runway-jupiter] (85)
[3376/3710] 'UniquelyNYC' -> USED_BY [runway-jupiter] (18)
[3377/3710] 'Best Cat Games & Videos' -> USED_BY [runway-jupiter] (84)
[3378/3710] 'Alex Rogers' -> USED_BY [runway-jupiter] (46)
[3379/3710] 'Adolfo Folk' -> USED_BY [runway-jupiter] (77)
[3380/3710] 'Kristian Pletten' -> USED_BY [runway-jupiter] (67)
[3381/3710] 'ttzach123' -> USED_BY [runway-jupiter] (91)
[3382/3710] 'Amethyst Vazquez' -> USED_BY [runway-jupiter] (89)
[3383/3710] "Cooper's Ferry Site" -> USED_BY [runway-jupiter] (88)
[3384/3710] 'SUNDS Media' -> USED_BY [runway-jupiter] (34)
[3385/3710] 'serr' -> USED_BY [internvid;runway-jupiter] (31)
[3386/3710] 'MorganWallenVEVO' -> USED_BY [internvid;runway-jupiter] (82)
[3387/3710] 'Sea N Surf Bali' -> USED_BY [runway-jupiter] (80)
[3388/3710] 'Ollie Media' -> USED_BY [runway-jupiter] (47)
[3389/3710] 'IURETA e' -> USED_BY [runway-jupiter] (43)
[3390/3710] 'Craig of the Creek' -> USED_BY [runway-jupiter] (75)
[3391/3710] 'Riona Moon' -> USED_BY [runway-jupiter] (69)
[3392/3710] 'Advanced Sheep Shearing' -> USED_BY [runway-jupiter] (28)
[3393/3710] 'Sam Newton' -> USED_BY [internvid;runway-jupiter] (84)
[3394/3710] 'Jared Henderson' -> USED_BY [runway-jupiter] (48)
[3395/3710] 'Great Escapes' -> USED_BY [runway-jupiter] (21)
[3396/3710] "Max's Massage" -> USED_BY [runway-jupiter] (14)
[3397/3710] 'THE SPOTTING CHANNEL' -> USED_BY [internvid;runway-jupiter] (36)
[3398/3710] 'Croquet Innovations' -> USED_BY [runway-jupiter] (47)
[3399/3710] 'Joshua Turner' -> USED_BY [runway-jupiter] (46)
[3400/3710] 'XDubai' -> USED_BY [internvid;runway-jupiter] (29)
[3401/3710] '4K Clips HDR' -> USED_BY [internvid;runway-jupiter] (75)
[3402/3710] 'Dudes With Attitude' -> USED_BY [runway-jupiter] (17)
[3403/3710] 'ArborJason' -> USED_BY [internvid;runway-jupiter] (84)
[3404/3710] 'Sea kayaking Cornwall' -> USED_BY [runway-jupiter] (54)
[3405/3710] 'InkwellMedia' -> USED_BY [internvid;runway-jupiter] (33)
[3406/3710] 'Life Of Riza' -> USED_BY [runway-jupiter] (32)
[3407/3710] 'Duga Brow studio' -> USED_BY [internvid;runway-jupiter] (27)
[3408/3710] 'Adrian Preda' -> USED_BY [internvid;runway-jupiter] (48)
[3409/3710] 'Secrets of Solo' -> USED_BY [internvid;runway-jupiter] (50)
[3410/3710] 'Morgan Wallen' -> USED_BY [internvid;runway-jupiter] (77)
[3411/3710] 'thelifeofnello' -> USED_BY [runway-jupiter] (44)
[3412/3710] 'HR BOX' -> USED_BY [runway-jupiter] (19)
[3413/3710] 'WELT Space' -> USED_BY [runway-jupiter] (129)
[3414/3710] 'Gaming Let Loose' -> USED_BY [runway-jupiter] (66)
[3415/3710] 'Taylor Morgan' -> USED_BY [hdvg130m;hdvila100m;openvid1m;runway-jupiter;vidgen1m;yttemporal-180m] (29)
[3416/3710] 'Tom Mulligan' -> USED_BY [internvid;runway-jupiter] (47)
[3417/3710] 'Caden Novikoff' -> USED_BY [internvid;runway-jupiter] (40)
[3418/3710] 'Weyland' -> USED_BY [hdvg130m;hdvila100m;runway-jupiter] (49)
[3419/3710] 'SchoolArtisanFood' -> USED_BY [hdvila100m;openvid1m;runway-jupiter;vidgen1m;yttemporal-180m] (60)
[3420/3710] 'Joshua Wann' -> USED_BY [runway-jupiter] (21)
[3421/3710] 'BRO COOLING' -> USED_BY [internvid;runway-jupiter] (78)
[3422/3710] 'Desmond Yuen' -> USED_BY [runway-jupiter] (82)
[3423/3710] 'Simon Kim' -> USED_BY [internvid;runway-jupiter] (50)
[3424/3710] '\u0418\u0432\u0430\u043d \u0423\u0441\u0430\u043d\u043e\u0432' ERROR: 'charmap' codec can't encode characters in position 13-16: character maps to <undefined>
[3425/3710] 'Gatewood Brown' -> USED_BY [internvid;runway-jupiter] (61)
[3426/3710] 'Ouzz FPV' -> USED_BY [runway-jupiter] (53)
[3427/3710] 'Recap-kun' -> USED_BY [runway-jupiter] (88)
[3428/3710] 'Workshop Insider' -> USED_BY [runway-jupiter] (54)
[3429/3710] 'JoHannes | Wingsuit' -> USED_BY [internvid;runway-jupiter] (116)
[3430/3710] 'Elliot Grafton' -> USED_BY [runway-jupiter] (30)
[3431/3710] 'RJ Knits' -> USED_BY [hdvg130m;hdvila100m;internvid;openvid1m;runway-jupiter;vidgen1m;yttemporal-180m] (170)
[3432/3710] 'Full 15 Sumo' -> USED_BY [runway-jupiter] (49)
[3433/3710] 'Virtual Running Adventures' -> USED_BY [runway-jupiter] (52)
[3434/3710] 'Ghost Protocol' -> USED_BY [runway-jupiter] (18)
[3435/3710] 'Boxing Legacy' -> USED_BY [runway-jupiter] (39)
[3436/3710] 'Vikram Neeham' -> USED_BY [runway-jupiter] (27)
[3437/3710] 'Taiflow' -> USED_BY [internvid;runway-jupiter] (106)
[3438/3710] 'Bentz Productions' -> USED_BY [internvid;runway-jupiter] (36)
[3439/3710] 'MGKVEVO' -> USED_BY [internvid;runway-jupiter] (113)
[3440/3710] 'THE WAKE CHANNEL' -> USED_BY [internvid;runway-jupiter] (97)
[3441/3710] 'Dylan Ayala' -> USED_BY [runway-jupiter] (54)
[3442/3710] 'Simon YAOJIA Folder Gluer' -> USED_BY [runway-jupiter] (18)
[3443/3710] 'All Clean Power Wash' -> USED_BY [runway-jupiter] (60)
[3444/3710] 'Robbie Maynard' -> USED_BY [runway-jupiter] (68)
[3445/3710] 'Virtual Running Videos' -> USED_BY [runway-jupiter] (115)
[3446/3710] 'BogdanovStas' -> USED_BY [internvid;runway-jupiter] (141)
[3447/3710] 'kurage0814' -> USED_BY [internvid;runway-jupiter] (81)
[3448/3710] 'Osamu Hasegawa Films' -> USED_BY [runway-jupiter] (63)
[3449/3710] 'ChelseaKauai' -> USED_BY [runway-jupiter] (59)
[3450/3710] 'BROOKI' -> USED_BY [hdvila100m;internvid;runway-jupiter] (93)
[3451/3710] 'Will Darbyshire' -> USED_BY [runway-jupiter] (51)
[3452/3710] 'Exotic Rubber' -> USED_BY [internvid;runway-jupiter] (73)
[3453/3710] 'Alexandra Ilieva' -> USED_BY [runway-jupiter] (25)
[3454/3710] 'aconofficial' -> USED_BY [internvid;runway-jupiter] (70)
[3455/3710] 'tbs.johansson' -> USED_BY [runway-jupiter] (10)
[3456/3710] 'Stray Paws Clips' -> USED_BY [runway-jupiter] (81)
[3457/3710] 'Danny Strasser' -> USED_BY [hdvila100m;internvid;runway-jupiter;vidgen1m] (116)
[3458/3710] 'Cristian Ramírez' -> USED_BY [runway-jupiter] (9)
[3459/3710] 'Dive Hard' -> USED_BY [runway-jupiter] (39)
[3460/3710] 'PROJECT1' -> USED_BY [runway-jupiter] (45)
[3461/3710] 'Sumit At Sea' -> USED_BY [internvid;runway-jupiter] (21)
[3462/3710] 'Foxstar Media' -> USED_BY [runway-jupiter] (98)
[3463/3710] 'Eighty20 Barber Academy' -> USED_BY [runway-jupiter] (80)
[3464/3710] 'KNtheRabbit' -> USED_BY [runway-jupiter] (50)
[3465/3710] 'Andrew Bernard | The Nard Dog Cooks' -> USED_BY [internvid;runway-jupiter] (88)
[3466/3710] 'Zeddyzi' -> USED_BY [runway-jupiter] (54)
[3467/3710] 'Mind Society' -> USED_BY [runway-jupiter] (76)
[3468/3710] 'Ardagh Sheepdogs' -> USED_BY [internvid;runway-jupiter] (55)
[3469/3710] 'Gabriel Andre' -> USED_BY [runway-jupiter] (26)
[3470/3710] 'Joe Garth' -> USED_BY [runway-jupiter] (63)
[3471/3710] 'Dan Foley' -> USED_BY [internvid;runway-jupiter] (44)
[3472/3710] 'AmbaViation' -> USED_BY [runway-jupiter] (39)
[3473/3710] 'Mystique Movement' -> USED_BY [runway-jupiter] (32)
[3474/3710] 'viewfindings' -> USED_BY [runway-jupiter] (34)
[3475/3710] 'Dominique Domingo' -> USED_BY [runway-jupiter] (22)
[3476/3710] 'Wafrika Disc Dog' -> USED_BY [internvid;runway-jupiter] (51)
[3477/3710] 'Portage : BlottiContreMoi' -> USED_BY [runway-jupiter] (56)
[3478/3710] 'Vincent MITSINDO' -> USED_BY [runway-jupiter] (36)
[3479/3710] 'Over & Out' -> USED_BY [internvid;runway-jupiter] (74)
[3480/3710] 'RS. art crafts design' -> USED_BY [internvid;runway-jupiter] (80)
[3481/3710] 'Nainoa Langer' -> USED_BY [runway-jupiter] (42)
[3482/3710] 'Leon Faraday' -> USED_BY [internvid;runway-jupiter] (44)
[3483/3710] 'Scientific Animations' -> USED_BY [internvid;runway-jupiter] (101)
[3484/3710] 'Karol Plucinski' -> USED_BY [runway-jupiter] (37)
[3485/3710] 'juniorpetjua' -> USED_BY [runway-jupiter] (44)
[3486/3710] 'Blacksmith Nung An - Vietnam' -> USED_BY [runway-jupiter] (35)
[3487/3710] 'Harukawa Film Works' -> USED_BY [runway-jupiter] (53)
[3488/3710] 'AstroTV' -> USED_BY [runway-jupiter] (54)
[3489/3710] 'Lana Del Rey' -> USED_BY [internvid;runway-jupiter] (35)
[3490/3710] 'England Korfball' -> USED_BY [internvid;runway-jupiter] (55)
[3491/3710] 'DRY STONE TV' -> USED_BY [runway-jupiter] (50)
[3492/3710] 'GoCleanCo' -> USED_BY [runway-jupiter] (93)
[3493/3710] 'Abhishek Sachidanandan' -> USED_BY [runway-jupiter] (64)
[3494/3710] 'Survival Food' -> USED_BY [runway-jupiter] (40)
[3495/3710] 'Nestor' -> USED_BY [internvid;runway-jupiter] (25)
[3496/3710] 'Oxymap' -> USED_BY [runway-jupiter] (36)
[3497/3710] 'James Graves' -> USED_BY [hdvila100m;runway-jupiter;vidgen1m] (55)
[3498/3710] 'StripHair Gentle Groomer' -> USED_BY [internvid;runway-jupiter] (53)
[3499/3710] 'Benedikt Meyer' -> USED_BY [runway-jupiter] (26)
[3500/3710] 'Tyler Karow' -> USED_BY [runway-jupiter] (74)
[3501/3710] 'Mr. Oh' -> USED_BY [internvid;runway-jupiter] (42)
[3502/3710] 'CrazyAccordion Trio' -> USED_BY [internvid;runway-jupiter] (47)
[3503/3710] 'CozyClouds ASMR' -> USED_BY [runway-jupiter] (67)
[3504/3710] 'Bryan Birks' -> USED_BY [runway-jupiter] (56)
[3505/3710] 'Santosh Zung Rana' -> USED_BY [internvid;runway-jupiter] (20)
[3506/3710] 'Dr Jessica Gomez' -> USED_BY [runway-jupiter] (94)
[3507/3710] 'Bukketball' -> USED_BY [runway-jupiter] (25)
[3508/3710] 'Dutch The Hooligan' -> USED_BY [hdvg130m;hdvila100m;internvid;openvid1m;runway-jupiter;vidgen1m;yttemporal-180m] (328)
[3509/3710] 'Motorcycle World' -> USED_BY [internvid;runway-jupiter] (58)
[3510/3710] 'chislon' -> USED_BY [runway-jupiter] (17)
[3511/3710] 'Samuel Elkins' -> USED_BY [hdvg130m;hdvila100m;internvid;openvid1m;runway-jupiter;vidgen1m;yttemporal-180m] (283)
[3512/3710] 'Sea Turtles Documentary HD' -> USED_BY [runway-jupiter] (30)
[3513/3710] 'Morten Rustad' -> USED_BY [hdvg130m;hdvila100m;openvid1m;runway-jupiter;vidgen1m;yttemporal-180m] (299)
[3514/3710] 'Ty Cottle' -> USED_BY [runway-jupiter] (116)
[3515/3710] 'Sondre Taubøll' -> USED_BY [runway-jupiter] (28)
[3516/3710] 'Ben Little' -> USED_BY [runway-jupiter] (80)
[3517/3710] 'Adorea Olomouc' -> USED_BY [internvid;runway-jupiter] (69)
[3518/3710] 'VaRaces Chase Database' -> USED_BY [runway-jupiter] (40)
[3519/3710] 'Callie Waldschmidt' -> USED_BY [runway-jupiter] (65)
[3520/3710] 'Glasgow Korfball' -> USED_BY [runway-jupiter] (38)
[3521/3710] 'Pool elementary' -> USED_BY [internvid;runway-jupiter] (75)
[3522/3710] 'Ecole MoPA' -> USED_BY [runway-jupiter] (109)
[3523/3710] 'Yogalily | Yoga Taichi Qigong Wellness' -> USED_BY [internvid;runway-jupiter] (34)
[3524/3710] 'S3' -> USED_BY [runway-jupiter] (57)
[3525/3710] 'Food Gasm' -> USED_BY [internvid;runway-jupiter] (91)
[3526/3710] 'Gazillion Bubble Show' -> USED_BY [runway-jupiter] (50)
[3527/3710] 'Sergei Ivanis' -> USED_BY [runway-jupiter] (5)
[3528/3710] 'Maor Benezri' -> USED_BY [runway-jupiter] (11)
[3529/3710] 'Morgsm.' -> USED_BY [runway-jupiter] (6)
[3530/3710] 'Stock Footages World' -> USED_BY [runway-jupiter] (5)
[3531/3710] 'David de Rijcke' -> USED_BY [runway-jupiter] (18)
[3532/3710] 'Luke Penner Aerobatics' -> USED_BY [internvid;runway-jupiter] (44)
[3533/3710] 'Roastedstix' -> USED_BY [runway-jupiter] (20)
[3534/3710] 'Insider Business' -> USED_BY [internvid;runway-jupiter] (14)
[3535/3710] 'Movie Matinee - Short Films Every Week' -> USED_BY [internvid;runway-jupiter] (2)
[3536/3710] 'Comic Pundit' -> USED_BY [runway-jupiter] (34)
[3537/3710] 'MrBrynnorth' -> USED_BY [hdvila100m;internvid;runway-jupiter;yttemporal-180m] (34)
[3538/3710] 'Dima tarakanof' -> USED_BY [runway-jupiter] (57)
[3539/3710] 'PINK DOLL' -> USED_BY [internvid;runway-jupiter] (81)
[3540/3710] 'Jurrien Wiss' -> USED_BY [internvid;runway-jupiter] (9)
[3541/3710] 'kold' -> USED_BY [hdvila100m;internvid;openvid1m;runway-jupiter;yttemporal-180m] (63)
[3542/3710] 'Solo 360' -> USED_BY [runway-jupiter] (21)
[3543/3710] 'Max Planck Institute of Quantum Optics' -> USED_BY [runway-jupiter] (30)
[3544/3710] 'Anton Domin' -> USED_BY [runway-jupiter] (7)
[3545/3710] 'Matt Byrn' -> USED_BY [runway-jupiter] (32)
[3546/3710] 'Nicholas Yee' -> USED_BY [runway-jupiter] (75)
[3547/3710] 'Wall Street Journal' -> USED_BY [internvid;runway-jupiter] (44)
[3548/3710] "Pinkfong Baby Shark - Kids' Songs & Stories" -> USED_BY [runway-jupiter] (3)
[3549/3710] 'Maria Solko' -> USED_BY [internvid;runway-jupiter] (2)
[3550/3710] 'Top Branch' -> USED_BY [internvid;runway-jupiter;yttemporal-180m] (67)
[3551/3710] 'StreetlugePDX' -> USED_BY [internvid;runway-jupiter] (37)
[3552/3710] 'TheParryGod' -> USED_BY [internvid;runway-jupiter] (20)
[3553/3710] 'vuhfilms' -> USED_BY [runway-jupiter] (13)
[3554/3710] 'Flip Cooks' -> USED_BY [runway-jupiter] (9)
[3555/3710] 'Miyoko Schinner' -> USED_BY [runway-jupiter;yttemporal-180m] (52)
[3556/3710] 'Pacific Pictures' -> USED_BY [runway-jupiter] (62)
[3557/3710] 'Click Clack' -> USED_BY [internvid;runway-jupiter] (69)
[3558/3710] 'Schneider Lighting' -> USED_BY [runway-jupiter] (12)
[3559/3710] 'Beneath The Boughs' -> USED_BY [runway-jupiter] (24)
[3560/3710] 'MortenSvane' -> USED_BY [runway-jupiter] (27)
[3561/3710] 'INDUSTRY INSIDER' -> USED_BY [runway-jupiter] (33)
[3562/3710] 'Free Stock Videos' -> USED_BY [internvid;runway-jupiter] (79)
[3563/3710] 'Eugene Belsky' -> USED_BY [runway-jupiter] (63)
[3564/3710] 'Hartnett Media' -> USED_BY [runway-jupiter] (77)
[3565/3710] 'Kutty Story' -> USED_BY [internvid;runway-jupiter] (114)
[3566/3710] 'Justin Cosplay' -> USED_BY [internvid;runway-jupiter] (108)
[3567/3710] 'The Art of Documentary' -> USED_BY [internvid;runway-jupiter] (8)
[3568/3710] 'Jacek Drofiak' -> USED_BY [runway-jupiter] (41)
[3569/3710] 'Little King Goods' -> USED_BY [internvid;runway-jupiter] (84)
[3570/3710] 'Kyle Kotajarvi' -> USED_BY [runway-jupiter] (31)
[3571/3710] 'Captain Vanover' -> USED_BY [runway-jupiter] (101)
[3572/3710] 'Woodpeckers Recorder Quartet' -> USED_BY [runway-jupiter] (18)
[3573/3710] 'mri215' -> USED_BY [runway-jupiter] (54)
[3574/3710] 'KCMGN' -> USED_BY [runway-jupiter] (64)
[3575/3710] 'Peder Kongshaug' -> USED_BY [internvid;runway-jupiter] (9)
[3576/3710] 'LuxDalet' -> USED_BY [runway-jupiter] (22)
[3577/3710] 'Arina Kim - Cinematic Vlog' -> USED_BY [runway-jupiter] (24)
[3578/3710] 'Columbus Kryptonite' -> USED_BY [internvid;runway-jupiter] (14)
[3579/3710] 'Kevin Reyes' -> USED_BY [runway-jupiter] (38)
[3580/3710] 'Anton Nordstrand' -> USED_BY [runway-jupiter] (31)
[3581/3710] 'Peaceful Relaxation' -> USED_BY [runway-jupiter] (62)
[3582/3710] 'Shaun Tan Films' -> USED_BY [runway-jupiter] (45)
[3583/3710] 'Charlie Gee' -> USED_BY [runway-jupiter] (16)
[3584/3710] 'PeliManía' -> USED_BY [runway-jupiter] (7)
[3585/3710] 'Ariel Black' -> USED_BY [internvid;runway-jupiter] (41)
[3586/3710] 'Moody Ambience' -> USED_BY [runway-jupiter] (57)
[3587/3710] 'Luke Up High' -> USED_BY [runway-jupiter] (25)
[3588/3710] 'Bad Lip Reading' -> USED_BY [hdvg130m;hdvila100m;internvid;openvid1m;runway-jupiter;vidgen1m;yttemporal-180m] (489)
[3589/3710] 'LaserArena Cybertag' -> USED_BY [internvid;runway-jupiter] (28)
[3590/3710] 'David Hood' -> USED_BY [runway-jupiter] (8)
[3591/3710] 'OranjeMovies' -> USED_BY [runway-jupiter] (25)
[3592/3710] 'a field of blue - underwater video' -> USED_BY [runway-jupiter] (109)
[3593/3710] 'EstudioMovie' -> USED_BY [runway-jupiter] (45)
[3594/3710] 'daryadarcy' -> USED_BY [internvid;runway-jupiter] (64)
[3595/3710] 'Jacques Crafford' -> USED_BY [internvid;runway-jupiter] (68)
[3596/3710] 'Violin Archive' -> USED_BY [runway-jupiter] (6)
[3597/3710] 'TA-nit' -> USED_BY [runway-jupiter] (22)
[3598/3710] 'Drone Profs' -> USED_BY [runway-jupiter] (72)
[3599/3710] 'KEISUKE HARADA' -> USED_BY [runway-jupiter] (28)
[3600/3710] 'Damian Horan' -> USED_BY [internvid;runway-jupiter] (20)
[3601/3710] 'MaffioVEVO' -> USED_BY [internvid;runway-jupiter] (43)
[3602/3710] 'JazzyFeet' -> USED_BY [internvid;runway-jupiter] (11)
[3603/3710] 'Duncan Bonnifay' -> USED_BY [runway-jupiter] (18)
[3604/3710] 'Hays Porter' -> USED_BY [runway-jupiter] (45)
[3605/3710] 'The PWHL' -> USED_BY [runway-jupiter] (105)
[3606/3710] 'Matthew Edgeworth' -> USED_BY [internvid;runway-jupiter] (34)
[3607/3710] 'The Pedestrian' -> USED_BY [runway-jupiter] (29)
[3608/3710] 'HEALING THEATER' -> USED_BY [runway-jupiter] (15)
[3609/3710] 'WestWood Cheer' -> USED_BY [runway-jupiter] (18)
[3610/3710] 'Journey with Chong' -> USED_BY [runway-jupiter] (44)
[3611/3710] 'FREEDOMCONSERVATION' -> USED_BY [runway-jupiter] (44)
[3612/3710] 'SweetM&M' -> USED_BY [runway-jupiter] (45)
[3613/3710] 'Clips Arena' -> USED_BY [runway-jupiter] (48)
[3614/3710] 'The Traditional Life' -> USED_BY [internvid;runway-jupiter] (20)
[3615/3710] 'Studious GR86' -> USED_BY [runway-jupiter] (15)
[3616/3710] '095 - Paka Pictures' -> USED_BY [runway-jupiter] (45)
[3617/3710] 'vAustinL' -> USED_BY [runway-jupiter] (34)
[3618/3710] 'Simran Sivakumar' -> USED_BY [runway-jupiter] (19)
[3619/3710] 'Balboa Dragon Boat' -> USED_BY [runway-jupiter] (20)
[3620/3710] 'Benham Films - Wedding and Elopement Videography' -> USED_BY [runway-jupiter] (47)
[3621/3710] 'Jordan A Dudek' -> USED_BY [runway-jupiter] (10)
[3622/3710] 'Bad Axe Throwing' -> USED_BY [runway-jupiter] (23)
[3623/3710] 'SZA' -> USED_BY [internvid;runway-jupiter] (18)
[3624/3710] 'Gavin' -> USED_BY [internvid;runway-jupiter;yttemporal-180m] (37)
[3625/3710] 'Wind Boulevard' -> USED_BY [internvid;runway-jupiter] (28)
[3626/3710] 'Hollywood English Collection' -> USED_BY [runway-jupiter] (51)
[3627/3710] 'WildThing' -> USED_BY [runway-jupiter] (45)
[3628/3710] 'Macro Room' -> USED_BY [internvid;runway-jupiter] (24)
[3629/3710] 'Pavel Matveev' -> USED_BY [internvid;runway-jupiter] (24)
[3630/3710] 'Cincinnati Underwater Hockey' -> USED_BY [runway-jupiter] (14)
[3631/3710] 'Raf Ratay' -> USED_BY [runway-jupiter] (79)
[3632/3710] 'solly baby' -> USED_BY [runway-jupiter;yttemporal-180m] (48)
[3633/3710] 'OtherWorld_VFX' -> USED_BY [runway-jupiter] (20)
[3634/3710] '\u5341\u53f7shihao' ERROR: 'charmap' codec can't encode characters in position 13-14: character maps to <undefined>
[3635/3710] 'Juan Carlos Ribas' -> USED_BY [runway-jupiter] (21)
[3636/3710] 'Great Canadian Bungee' -> USED_BY [internvid;runway-jupiter] (89)
[3637/3710] 'Andrey Teterlev' -> USED_BY [runway-jupiter] (37)
[3638/3710] 'The Glass Toe - Shoe Shine' -> USED_BY [internvid;runway-jupiter] (35)
[3639/3710] 'MB Nails' -> USED_BY [runway-jupiter] (21)
[3640/3710] 'WorkHub Channel' -> USED_BY [runway-jupiter] (42)
[3641/3710] 'NLS MODELS' -> USED_BY [runway-jupiter] (22)
[3642/3710] 'Greek TV' -> USED_BY [runway-jupiter] (76)
[3643/3710] 'Every Frame a Painting' -> USED_BY [hdvg130m;hdvila100m;internvid;runway-jupiter;yttemporal-180m] (50)
[3644/3710] 'Strider Trees' -> USED_BY [internvid;runway-jupiter] (86)
[3645/3710] 'Christopher Lehmann | Cinematic Video' -> USED_BY [runway-jupiter] (16)
[3646/3710] 'Blockbuster English Movies' -> USED_BY [runway-jupiter] (28)
[3647/3710] 'NITVShorts' -> USED_BY [internvid;runway-jupiter] (17)
[3648/3710] 'Ricardo Brancal' -> USED_BY [internvid;runway-jupiter] (40)
[3649/3710] 'bitter melon bindery' -> USED_BY [internvid;runway-jupiter] (90)
[3650/3710] 'space station' -> USED_BY [runway-jupiter] (11)
[3651/3710] 'Barry J. Briggs' -> USED_BY [runway-jupiter] (30)
[3652/3710] 'Lost Signal TV' -> USED_BY [runway-jupiter] (12)
[3653/3710] 'Blue Sky Channel' -> USED_BY [runway-jupiter] (3)
[3654/3710] 'Erik Hedenfalk' -> USED_BY [runway-jupiter] (20)
[3655/3710] 'MADONNAVEVO' -> USED_BY [internvid;runway-jupiter] (35)
[3656/3710] 'Fish Huntress Club' -> USED_BY [runway-jupiter] (14)
[3657/3710] "Boar's Head" -> USED_BY [runway-jupiter;yttemporal-180m] (33)
[3658/3710] 'Albert Lindberg' -> USED_BY [runway-jupiter] (9)
[3659/3710] 'watchluke' -> USED_BY [runway-jupiter] (5)
[3660/3710] 'Alaska Cabin Adventures' -> USED_BY [internvid;runway-jupiter] (47)
[3661/3710] 'AkhiL_AshoK_WilD' -> USED_BY [runway-jupiter] (50)
[3662/3710] 'Working With Wildlife' -> USED_BY [runway-jupiter] (15)
[3663/3710] 'The Bearded Mechanic' -> USED_BY [runway-jupiter] (48)
[3664/3710] 'We Love Bears' -> USED_BY [runway-jupiter] (56)
[3665/3710] "Berry's Art" -> USED_BY [runway-jupiter] (16)
[3666/3710] 'Univers Kite' -> USED_BY [hdvg130m;hdvila100m;internvid;runway-jupiter;yttemporal-180m] (40)
[3667/3710] 'LOVE DEATH ROBOTS' -> USED_BY [runway-jupiter] (24)
[3668/3710] 'Broncs and Donks Extended: Ch 2' -> USED_BY [internvid;runway-jupiter] (25)
[3669/3710] '\u661f\u7403\u7814\u7a76\u6240Institute for Planets' ERROR: 'charmap' codec can't encode characters in position 13-17: character maps to <undefined>
[3670/3710] 'Justin Clough' -> USED_BY [runway-jupiter] (24)
[3671/3710] 'Armadas' -> USED_BY [hdvg130m;hdvila100m;openvid1m;runway-jupiter;yttemporal-180m] (56)
[3672/3710] 'Bad Wolf Horizon' -> USED_BY [runway-jupiter] (46)
[3673/3710] 'Norman Baggio' -> USED_BY [runway-jupiter] (79)
[3674/3710] 'Fuchsia Dance' -> USED_BY [runway-jupiter] (41)
[3675/3710] 'Hydro Thunder NZ Series' -> USED_BY [runway-jupiter] (46)
[3676/3710] 'Ryan Navazio' -> USED_BY [runway-jupiter] (39)
[3677/3710] 'shigeki nishikawa' -> USED_BY [runway-jupiter] (23)
[3678/3710] 'Artur Homan' -> USED_BY [hdvg130m;hdvila100m;runway-jupiter;yttemporal-180m] (72)
[3679/3710] 'Ninho' -> USED_BY [internvid;runway-jupiter] (71)
[3680/3710] 'John Luke Calderon' -> USED_BY [runway-jupiter] (13)
[3681/3710] 'Philip Au' -> USED_BY [runway-jupiter] (19)
[3682/3710] 'timtimfed' -> USED_BY [runway-jupiter] (49)
[3683/3710] 'Cyberstein Robotics' -> USED_BY [runway-jupiter] (41)
[3684/3710] 'ACE' -> USED_BY [hdvg130m;hdvila100m;internvid;runway-jupiter] (117)
[3685/3710] 'Johann.' -> USED_BY [runway-jupiter] (16)
[3686/3710] 'Will Gadd' -> USED_BY [runway-jupiter] (23)
[3687/3710] 'oliSUNvia' -> USED_BY [runway-jupiter] (34)
[3688/3710] 'Life Reels' -> USED_BY [internvid;runway-jupiter] (43)
[3689/3710] 'Dylan Rimpault' -> USED_BY [runway-jupiter] (18)
[3690/3710] 'ZoiTube' -> USED_BY [runway-jupiter] (21)
[3691/3710] 'filmsbytaylr' -> USED_BY [runway-jupiter] (31)
[3692/3710] 'Frank H. - New Entertainment Pictures' -> USED_BY [runway-jupiter] (41)
[3693/3710] 'Kabalik' -> USED_BY [runway-jupiter] (79)
[3694/3710] 'Pneumatic Arts' -> USED_BY [internvid;runway-jupiter] (22)
[3695/3710] 'Turn & Burn' -> USED_BY [runway-jupiter] (68)
[3696/3710] 'SwissCham Singapore' -> USED_BY [runway-jupiter] (43)
[3697/3710] 'Susan Bird (Way of the Whale)' -> USED_BY [runway-jupiter] (60)
[3698/3710] 'MagicalPowers' -> USED_BY [runway-jupiter] (15)
[3699/3710] 'John Freele' -> USED_BY [runway-jupiter] (18)
[3700/3710] 'KD Production' -> USED_BY [runway-jupiter] (50)
[3701/3710] 'Chris Burkard Studio' -> USED_BY [hdvg130m;hdvila100m;runway-jupiter;vidgen1m;yttemporal-180m] (69)
[3702/3710] 'ghazal music' -> USED_BY [runway-jupiter] (54)
[3703/3710] 'Cleaning How To' -> USED_BY [hdvila100m;internvid;runway-jupiter;yttemporal-180m] (123)
[3704/3710] 'Kitchen Alpha' -> USED_BY [hdvg130m;hdvila100m;internvid;runway-jupiter;vidgen1m;yttemporal-180m] (113)
[3705/3710] 'iDecimate' -> USED_BY [runway-jupiter] (29)
[3706/3710] 'Sébastien Varlet' -> USED_BY [runway-jupiter] (35)
[3707/3710] 'Micha\u0142 Palikot' ERROR: 'charmap' codec can't encode character '\u0142' in position 18: character maps to <undefined>
[3708/3710] 'Vili Pertti' -> USED_BY [runway-jupiter] (38)
[3709/3710] 'Sydney Hunter' -> USED_BY [runway-jupiter] (37)
[3710/3710] 'MAGMA' -> USED_BY [runway-jupiter] (27)

Done [video]. USED_BY-flagged this run: 3710.
NOTE: 1 dataset(s) still UNKNOWN in datasets_config.py -> those appearances show as PRESENT_UNCLASSIFIED: youtube8m
