query_name,matched_name,creator_id,total_results,count__runway-jupiter,count__yttemporal-180m,count__internvid,count__panda70m,count__hdvila100m,count__koala36m,count__howto100m,count__hdvg130m,count__openvid1m,count__vidgen1m,count__youtube8m,present_datasets,used_by_datasets,used_by_companies,flag
FIG Channel,FIG Channel,,15255,15125,0,91,0,0,0,0,0,0,0,39,internvid;runway-jupiter;youtube8m,internvid;runway-jupiter,ByteDance;Runway;Stability AI,USED_BY
MLB,MLB,,92435,12065,31945,459,16741,16732,1,35,11003,0,3175,279,hdvg130m;hdvila100m;howto100m;internvid;koala36m;panda70m;runway-jupiter;vidgen1m;youtube8m;yttemporal-180m,hdvg130m;hdvila100m;internvid;runway-jupiter;vidgen1m;yttemporal-180m,Allen Institute for AI;Amazon;ByteDance;Meta;Nvidia;Runway;Snap;Stability AI;Tencent;University of Washington,USED_BY
KBS WORLD TV,KBS WORLD TV,,19009,11753,3404,541,1093,1074,3,33,677,0,203,228,hdvg130m;hdvila100m;howto100m;internvid;koala36m;panda70m;runway-jupiter;vidgen1m;youtube8m;yttemporal-180m,hdvg130m;hdvila100m;internvid;runway-jupiter;vidgen1m;yttemporal-180m,Allen Institute for AI;Amazon;ByteDance;Meta;Nvidia;Runway;Snap;Stability AI;Tencent;University of Washington,USED_BY
WBIR Channel 10,WBIR Channel 10,,12013,11918,2,89,2,0,0,2,0,0,0,0,howto100m;internvid;panda70m;runway-jupiter;yttemporal-180m,internvid;runway-jupiter;yttemporal-180m,Allen Institute for AI;ByteDance;Runway;Stability AI;University of Washington,USED_BY
1theK (원더케이),1theK (원더케이),,15472,14821,13,428,24,2,1,22,1,4,0,156,hdvg130m;hdvila100m;howto100m;internvid;koala36m;openvid1m;panda70m;runway-jupiter;youtube8m;yttemporal-180m,hdvg130m;hdvila100m;internvid;openvid1m;runway-jupiter;yttemporal-180m,Allen Institute for AI;Amazon;ByteDance;Kuaishou;Meta;Microsoft;Nvidia;Runway;Snap;Stability AI;Tencent;University of Washington,USED_BY
CBS New York,CBS New York,,11668,10372,116,628,167,56,54,156,38,26,7,48,hdvg130m;hdvila100m;howto100m;internvid;koala36m;openvid1m;panda70m;runway-jupiter;vidgen1m;youtube8m;yttemporal-180m,hdvg130m;hdvila100m;internvid;openvid1m;runway-jupiter;vidgen1m;yttemporal-180m,Allen Institute for AI;Amazon;ByteDance;Kuaishou;Meta;Microsoft;Nvidia;Runway;Snap;Stability AI;Tencent;University of Washington,USED_BY
PlayStation,PlayStation,,14816,14130,58,123,99,98,82,1,62,22,9,132,hdvg130m;hdvila100m;howto100m;internvid;koala36m;openvid1m;panda70m;runway-jupiter;vidgen1m;youtube8m;yttemporal-180m,hdvg130m;hdvila100m;internvid;openvid1m;runway-jupiter;vidgen1m;yttemporal-180m,Allen Institute for AI;Amazon;ByteDance;Kuaishou;Meta;Microsoft;Nvidia;Runway;Snap;Stability AI;Tencent;University of Washington,USED_BY
NHL,NHL,,14507,14115,2,66,2,1,0,1,1,0,1,318,hdvg130m;hdvila100m;howto100m;internvid;panda70m;runway-jupiter;vidgen1m;youtube8m;yttemporal-180m,hdvg130m;hdvila100m;internvid;runway-jupiter;vidgen1m;yttemporal-180m,Allen Institute for AI;Amazon;ByteDance;Meta;Nvidia;Runway;Snap;Stability AI;Tencent;University of Washington,USED_BY
World Rugby,World Rugby,,11046,7079,1168,195,641,642,581,2,402,74,104,158,hdvg130m;hdvila100m;howto100m;internvid;koala36m;openvid1m;panda70m;runway-jupiter;vidgen1m;youtube8m;yttemporal-180m,hdvg130m;hdvila100m;internvid;openvid1m;runway-jupiter;vidgen1m;yttemporal-180m,Allen Institute for AI;Amazon;ByteDance;Kuaishou;Meta;Microsoft;Nvidia;Runway;Snap;Stability AI;Tencent;University of Washington,USED_BY
NBA,NBA,,14787,13825,70,340,1,0,0,1,0,0,0,550,howto100m;internvid;panda70m;runway-jupiter;youtube8m;yttemporal-180m,internvid;runway-jupiter;yttemporal-180m,Allen Institute for AI;ByteDance;Runway;Stability AI;University of Washington,USED_BY
CBC Sports,CBC Sports,,7989,6890,320,31,193,193,159,0,127,52,23,1,hdvg130m;hdvila100m;internvid;koala36m;openvid1m;panda70m;runway-jupiter;vidgen1m;youtube8m;yttemporal-180m,hdvg130m;hdvila100m;internvid;openvid1m;runway-jupiter;vidgen1m;yttemporal-180m,Allen Institute for AI;Amazon;ByteDance;Kuaishou;Meta;Microsoft;Nvidia;Runway;Snap;Stability AI;Tencent;University of Washington,USED_BY
wikiHow,wikiHow,,12308,12060,1,239,4,0,0,4,0,0,0,0,howto100m;internvid;panda70m;runway-jupiter;yttemporal-180m,internvid;runway-jupiter;yttemporal-180m,Allen Institute for AI;ByteDance;Runway;Stability AI;University of Washington,USED_BY
Eurosport,Eurosport,,6179,5635,157,30,95,95,67,1,58,22,16,3,hdvg130m;hdvila100m;howto100m;internvid;koala36m;openvid1m;panda70m;runway-jupiter;vidgen1m;youtube8m;yttemporal-180m,hdvg130m;hdvila100m;internvid;openvid1m;runway-jupiter;vidgen1m;yttemporal-180m,Allen Institute for AI;Amazon;ByteDance;Kuaishou;Meta;Microsoft;Nvidia;Runway;Snap;Stability AI;Tencent;University of Washington,USED_BY
FOX,FOX,,7518,5719,1178,7,205,205,1,1,132,56,0,14,hdvg130m;hdvila100m;howto100m;internvid;koala36m;openvid1m;panda70m;runway-jupiter;youtube8m;yttemporal-180m,hdvg130m;hdvila100m;internvid;openvid1m;runway-jupiter;yttemporal-180m,Allen Institute for AI;Amazon;ByteDance;Kuaishou;Meta;Microsoft;Nvidia;Runway;Snap;Stability AI;Tencent;University of Washington,USED_BY
KinoCheck.com,KinoCheck.com,,6860,4987,1046,34,235,234,129,1,157,22,10,5,hdvg130m;hdvila100m;howto100m;internvid;koala36m;openvid1m;panda70m;runway-jupiter;vidgen1m;youtube8m;yttemporal-180m,hdvg130m;hdvila100m;internvid;openvid1m;runway-jupiter;vidgen1m;yttemporal-180m,Allen Institute for AI;Amazon;ByteDance;Kuaishou;Meta;Microsoft;Nvidia;Runway;Snap;Stability AI;Tencent;University of Washington,USED_BY
ONE Media,ONE Media,,9206,5586,1054,17,876,890,143,0,581,14,37,8,hdvg130m;hdvila100m;internvid;koala36m;openvid1m;panda70m;runway-jupiter;vidgen1m;youtube8m;yttemporal-180m,hdvg130m;hdvila100m;internvid;openvid1m;runway-jupiter;vidgen1m;yttemporal-180m,Allen Institute for AI;Amazon;ByteDance;Kuaishou;Meta;Microsoft;Nvidia;Runway;Snap;Stability AI;Tencent;University of Washington,USED_BY
Olympics,Olympics,,11569,10132,114,916,79,75,0,5,41,0,15,192,hdvg130m;hdvila100m;howto100m;internvid;panda70m;runway-jupiter;vidgen1m;youtube8m;yttemporal-180m,hdvg130m;hdvila100m;internvid;runway-jupiter;vidgen1m;yttemporal-180m,Allen Institute for AI;Amazon;ByteDance;Meta;Nvidia;Runway;Snap;Stability AI;Tencent;University of Washington,USED_BY
IBJJF (International Brazilian Jiu-Jitsu Federation),IBJJF (International Brazilian Jiu-Jitsu Federation),,10326,10129,62,3,30,30,30,0,22,0,11,9,hdvg130m;hdvila100m;internvid;koala36m;panda70m;runway-jupiter;vidgen1m;youtube8m;yttemporal-180m,hdvg130m;hdvila100m;internvid;runway-jupiter;vidgen1m;yttemporal-180m,Allen Institute for AI;Amazon;ByteDance;Meta;Nvidia;Runway;Snap;Stability AI;Tencent;University of Washington,USED_BY
Skating ISU,Skating ISU,,5362,4987,135,65,64,64,4,0,29,0,2,12,hdvg130m;hdvila100m;internvid;koala36m;panda70m;runway-jupiter;vidgen1m;youtube8m;yttemporal-180m,hdvg130m;hdvila100m;internvid;runway-jupiter;vidgen1m;yttemporal-180m,Allen Institute for AI;Amazon;ByteDance;Meta;Nvidia;Runway;Snap;Stability AI;Tencent;University of Washington,USED_BY
Global Cycling Network,Global Cycling Network,,11937,5846,1435,307,1050,887,837,312,551,414,182,116,hdvg130m;hdvila100m;howto100m;internvid;koala36m;openvid1m;panda70m;runway-jupiter;vidgen1m;youtube8m;yttemporal-180m,hdvg130m;hdvila100m;internvid;openvid1m;runway-jupiter;vidgen1m;yttemporal-180m,Allen Institute for AI;Amazon;ByteDance;Kuaishou;Meta;Microsoft;Nvidia;Runway;Snap;Stability AI;Tencent;University of Washington,USED_BY
Entertainment Access,Entertainment Access,,6769,4766,1000,21,267,266,179,3,171,60,36,0,hdvg130m;hdvila100m;howto100m;internvid;koala36m;openvid1m;panda70m;runway-jupiter;vidgen1m;yttemporal-180m,hdvg130m;hdvila100m;internvid;openvid1m;runway-jupiter;vidgen1m;yttemporal-180m,Allen Institute for AI;Amazon;ByteDance;Kuaishou;Meta;Microsoft;Nvidia;Runway;Snap;Stability AI;Tencent;University of Washington,USED_BY
NFL,NFL,,24464,10868,5168,480,2787,2782,0,9,1760,0,563,47,hdvg130m;hdvila100m;howto100m;internvid;panda70m;runway-jupiter;vidgen1m;youtube8m;yttemporal-180m,hdvg130m;hdvila100m;internvid;runway-jupiter;vidgen1m;yttemporal-180m,Allen Institute for AI;Amazon;ByteDance;Meta;Nvidia;Runway;Snap;Stability AI;Tencent;University of Washington,USED_BY
Scotty Kilmer,Scotty Kilmer,,11637,4459,1218,192,1194,1088,1057,335,737,1014,311,32,hdvg130m;hdvila100m;howto100m;internvid;koala36m;openvid1m;panda70m;runway-jupiter;vidgen1m;youtube8m;yttemporal-180m,hdvg130m;hdvila100m;internvid;openvid1m;runway-jupiter;vidgen1m;yttemporal-180m,Allen Institute for AI;Amazon;ByteDance;Kuaishou;Meta;Microsoft;Nvidia;Runway;Snap;Stability AI;Tencent;University of Washington,USED_BY
Man City,Man City,,9627,6629,1032,54,621,623,0,0,425,0,90,153,hdvg130m;hdvila100m;internvid;panda70m;runway-jupiter;vidgen1m;youtube8m;yttemporal-180m,hdvg130m;hdvila100m;internvid;runway-jupiter;vidgen1m;yttemporal-180m,Allen Institute for AI;Amazon;ByteDance;Meta;Nvidia;Runway;Snap;Stability AI;Tencent;University of Washington,USED_BY
WWE,WWE,,14509,12190,194,640,126,125,0,3,72,0,21,1138,hdvg130m;hdvila100m;howto100m;internvid;panda70m;runway-jupiter;vidgen1m;youtube8m;yttemporal-180m,hdvg130m;hdvila100m;internvid;runway-jupiter;vidgen1m;yttemporal-180m,Allen Institute for AI;Amazon;ByteDance;Meta;Nvidia;Runway;Snap;Stability AI;Tencent;University of Washington,USED_BY
Paralympic Games,Paralympic Games,,18258,13823,1535,162,695,696,650,0,444,52,138,63,hdvg130m;hdvila100m;internvid;koala36m;openvid1m;panda70m;runway-jupiter;vidgen1m;youtube8m;yttemporal-180m,hdvg130m;hdvila100m;internvid;openvid1m;runway-jupiter;vidgen1m;yttemporal-180m,Allen Institute for AI;Amazon;ByteDance;Kuaishou;Meta;Microsoft;Nvidia;Runway;Snap;Stability AI;Tencent;University of Washington,USED_BY
NCAA Championships,NCAA Championships,,3875,3776,0,99,0,0,0,0,0,0,0,0,internvid;runway-jupiter,internvid;runway-jupiter,ByteDance;Runway;Stability AI,USED_BY
USCAthletics,USCAthletics,,6357,6167,1,4,28,26,25,2,14,4,2,84,hdvg130m;hdvila100m;howto100m;internvid;koala36m;openvid1m;panda70m;runway-jupiter;vidgen1m;youtube8m;yttemporal-180m,hdvg130m;hdvila100m;internvid;openvid1m;runway-jupiter;vidgen1m;yttemporal-180m,Allen Institute for AI;Amazon;ByteDance;Kuaishou;Meta;Microsoft;Nvidia;Runway;Snap;Stability AI;Tencent;University of Washington,USED_BY
Eurovision Song Contest,Eurovision Song Contest,,7354,5788,622,110,191,191,182,0,128,14,16,112,hdvg130m;hdvila100m;internvid;koala36m;openvid1m;panda70m;runway-jupiter;vidgen1m;youtube8m;yttemporal-180m,hdvg130m;hdvila100m;internvid;openvid1m;runway-jupiter;vidgen1m;yttemporal-180m,Allen Institute for AI;Amazon;ByteDance;Kuaishou;Meta;Microsoft;Nvidia;Runway;Snap;Stability AI;Tencent;University of Washington,USED_BY
BETNetworks,BETNetworks,,11685,7328,1921,69,636,633,527,7,428,104,31,1,hdvg130m;hdvila100m;howto100m;internvid;koala36m;openvid1m;panda70m;runway-jupiter;vidgen1m;youtube8m;yttemporal-180m,hdvg130m;hdvila100m;internvid;openvid1m;runway-jupiter;vidgen1m;yttemporal-180m,Allen Institute for AI;Amazon;ByteDance;Kuaishou;Meta;Microsoft;Nvidia;Runway;Snap;Stability AI;Tencent;University of Washington,USED_BY
Shemaroo Comedy,Shemaroo Comedy,,3723,3679,0,3,9,9,0,0,6,0,2,15,hdvg130m;hdvila100m;internvid;panda70m;runway-jupiter;vidgen1m;youtube8m,hdvg130m;hdvila100m;internvid;runway-jupiter;vidgen1m,Amazon;ByteDance;Meta;Nvidia;Runway;Snap;Stability AI;Tencent,USED_BY
Major League Soccer,Major League Soccer,,21460,14848,2674,32,1219,1220,33,1,780,14,236,403,hdvg130m;hdvila100m;howto100m;internvid;koala36m;openvid1m;panda70m;runway-jupiter;vidgen1m;youtube8m;yttemporal-180m,hdvg130m;hdvila100m;internvid;openvid1m;runway-jupiter;vidgen1m;yttemporal-180m,Allen Institute for AI;Amazon;ByteDance;Kuaishou;Meta;Microsoft;Nvidia;Runway;Snap;Stability AI;Tencent;University of Washington,USED_BY
DIY Pinto,DIY Pinto,,6226,5883,41,83,73,30,26,73,13,4,0,0,hdvg130m;hdvila100m;howto100m;internvid;koala36m;openvid1m;panda70m;runway-jupiter;yttemporal-180m,hdvg130m;hdvila100m;internvid;openvid1m;runway-jupiter;yttemporal-180m,Allen Institute for AI;Amazon;ByteDance;Kuaishou;Meta;Microsoft;Nvidia;Runway;Snap;Stability AI;Tencent;University of Washington,USED_BY
Rubhen925,Rubhen925,,4599,4589,0,4,3,0,0,3,0,0,0,0,howto100m;internvid;panda70m;runway-jupiter,internvid;runway-jupiter,ByteDance;Runway;Stability AI,USED_BY
YRF,YRF,,5285,3254,184,63,474,475,342,5,313,38,25,112,hdvg130m;hdvila100m;howto100m;internvid;koala36m;openvid1m;panda70m;runway-jupiter;vidgen1m;youtube8m;yttemporal-180m,hdvg130m;hdvila100m;internvid;openvid1m;runway-jupiter;vidgen1m;yttemporal-180m,Allen Institute for AI;Amazon;ByteDance;Kuaishou;Meta;Microsoft;Nvidia;Runway;Snap;Stability AI;Tencent;University of Washington,USED_BY
FIFA,FIFA,,12662,9011,1471,167,663,664,0,0,452,0,55,179,hdvg130m;hdvila100m;internvid;panda70m;runway-jupiter;vidgen1m;youtube8m;yttemporal-180m,hdvg130m;hdvila100m;internvid;runway-jupiter;vidgen1m;yttemporal-180m,Allen Institute for AI;Amazon;ByteDance;Meta;Nvidia;Runway;Snap;Stability AI;Tencent;University of Washington,USED_BY
Variety,Variety,,6961,4431,1049,34,362,364,340,1,229,114,28,9,hdvg130m;hdvila100m;howto100m;internvid;koala36m;openvid1m;panda70m;runway-jupiter;vidgen1m;youtube8m;yttemporal-180m,hdvg130m;hdvila100m;internvid;openvid1m;runway-jupiter;vidgen1m;yttemporal-180m,Allen Institute for AI;Amazon;ByteDance;Kuaishou;Meta;Microsoft;Nvidia;Runway;Snap;Stability AI;Tencent;University of Washington,USED_BY
Looper,Looper,,11488,6644,1725,81,706,676,651,46,449,280,228,2,hdvg130m;hdvila100m;howto100m;internvid;koala36m;openvid1m;panda70m;runway-jupiter;vidgen1m;youtube8m;yttemporal-180m,hdvg130m;hdvila100m;internvid;openvid1m;runway-jupiter;vidgen1m;yttemporal-180m,Allen Institute for AI;Amazon;ByteDance;Kuaishou;Meta;Microsoft;Nvidia;Runway;Snap;Stability AI;Tencent;University of Washington,USED_BY
NOW PLAYING,NOW PLAYING,,3015,2994,0,21,0,0,0,0,0,0,0,0,internvid;runway-jupiter,internvid;runway-jupiter,ByteDance;Runway;Stability AI,USED_BY
Movieclips,Movieclips,,79723,16528,6099,764,14907,14937,12557,228,9543,1692,1069,1399,hdvg130m;hdvila100m;howto100m;internvid;koala36m;openvid1m;panda70m;runway-jupiter;vidgen1m;youtube8m;yttemporal-180m,hdvg130m;hdvila100m;internvid;openvid1m;runway-jupiter;vidgen1m;yttemporal-180m,Allen Institute for AI;Amazon;ByteDance;Kuaishou;Meta;Microsoft;Nvidia;Runway;Snap;Stability AI;Tencent;University of Washington,USED_BY
FEI,FEI,,7419,5133,803,94,453,451,0,3,285,0,129,68,hdvg130m;hdvila100m;howto100m;internvid;panda70m;runway-jupiter;vidgen1m;youtube8m;yttemporal-180m,hdvg130m;hdvila100m;internvid;runway-jupiter;vidgen1m;yttemporal-180m,Allen Institute for AI;Amazon;ByteDance;Meta;Nvidia;Runway;Snap;Stability AI;Tencent;University of Washington,USED_BY
settime2588,settime2588,,3818,3624,16,37,30,17,16,13,13,8,4,40,hdvg130m;hdvila100m;howto100m;internvid;koala36m;openvid1m;panda70m;runway-jupiter;vidgen1m;youtube8m;yttemporal-180m,hdvg130m;hdvila100m;internvid;openvid1m;runway-jupiter;vidgen1m;yttemporal-180m,Allen Institute for AI;Amazon;ByteDance;Kuaishou;Meta;Microsoft;Nvidia;Runway;Snap;Stability AI;Tencent;University of Washington,USED_BY
Mango Music,Mango Music,,5425,5411,0,0,0,0,0,0,0,0,0,14,runway-jupiter;youtube8m,runway-jupiter,Runway,USED_BY
Peppa Pig - Official Channel,Peppa Pig - Official Channel,,5653,2909,82,42,821,824,0,7,557,0,409,2,hdvg130m;hdvila100m;howto100m;internvid;panda70m;runway-jupiter;vidgen1m;youtube8m;yttemporal-180m,hdvg130m;hdvila100m;internvid;runway-jupiter;vidgen1m;yttemporal-180m,Allen Institute for AI;Amazon;ByteDance;Meta;Nvidia;Runway;Snap;Stability AI;Tencent;University of Washington,USED_BY
Liverpool FC,Liverpool FC,,4357,3183,371,108,166,166,158,1,94,70,18,22,hdvg130m;hdvila100m;howto100m;internvid;koala36m;openvid1m;panda70m;runway-jupiter;vidgen1m;youtube8m;yttemporal-180m,hdvg130m;hdvila100m;internvid;openvid1m;runway-jupiter;vidgen1m;yttemporal-180m,Allen Institute for AI;Amazon;ByteDance;Kuaishou;Meta;Microsoft;Nvidia;Runway;Snap;Stability AI;Tencent;University of Washington,USED_BY
WildBrain Kids,WildBrain Kids,,3648,3625,3,5,6,1,1,6,0,0,1,0,hdvila100m;howto100m;internvid;koala36m;panda70m;runway-jupiter;vidgen1m;yttemporal-180m,hdvila100m;internvid;runway-jupiter;vidgen1m;yttemporal-180m,Allen Institute for AI;Amazon;ByteDance;Meta;Nvidia;Runway;Snap;Stability AI;Tencent;University of Washington,USED_BY
MIT OpenCourseWare,MIT OpenCourseWare,,7748,5818,498,82,369,362,276,16,252,38,21,16,hdvg130m;hdvila100m;howto100m;internvid;koala36m;openvid1m;panda70m;runway-jupiter;vidgen1m;youtube8m;yttemporal-180m,hdvg130m;hdvila100m;internvid;openvid1m;runway-jupiter;vidgen1m;yttemporal-180m,Allen Institute for AI;Amazon;ByteDance;Kuaishou;Meta;Microsoft;Nvidia;Runway;Snap;Stability AI;Tencent;University of Washington,USED_BY
CBBC,CBBC,,4643,4509,2,22,38,7,6,31,6,4,0,18,hdvg130m;hdvila100m;howto100m;internvid;koala36m;openvid1m;panda70m;runway-jupiter;youtube8m;yttemporal-180m,hdvg130m;hdvila100m;internvid;openvid1m;runway-jupiter;yttemporal-180m,Allen Institute for AI;Amazon;ByteDance;Kuaishou;Meta;Microsoft;Nvidia;Runway;Snap;Stability AI;Tencent;University of Washington,USED_BY
Swissbeatbox,Swissbeatbox,,4008,3735,77,97,25,25,23,0,13,6,5,2,hdvg130m;hdvila100m;internvid;koala36m;openvid1m;panda70m;runway-jupiter;vidgen1m;youtube8m;yttemporal-180m,hdvg130m;hdvila100m;internvid;openvid1m;runway-jupiter;vidgen1m;yttemporal-180m,Allen Institute for AI;Amazon;ByteDance;Kuaishou;Meta;Microsoft;Nvidia;Runway;Snap;Stability AI;Tencent;University of Washington,USED_BY
5-Minute Crafts,5-Minute Crafts,,5674,5332,27,217,32,9,8,26,5,16,2,0,hdvg130m;hdvila100m;howto100m;internvid;koala36m;openvid1m;panda70m;runway-jupiter;vidgen1m;yttemporal-180m,hdvg130m;hdvila100m;internvid;openvid1m;runway-jupiter;vidgen1m;yttemporal-180m,Allen Institute for AI;Amazon;ByteDance;Kuaishou;Meta;Microsoft;Nvidia;Runway;Snap;Stability AI;Tencent;University of Washington,USED_BY
Gezen Adam,Gezen Adam,,2619,2581,0,36,0,0,0,0,0,0,0,2,internvid;runway-jupiter;youtube8m,internvid;runway-jupiter,ByteDance;Runway;Stability AI,USED_BY
SQUASHTV,SQUASHTV,,6067,4674,400,99,238,236,224,3,160,14,18,1,hdvg130m;hdvila100m;howto100m;internvid;koala36m;openvid1m;panda70m;runway-jupiter;vidgen1m;youtube8m;yttemporal-180m,hdvg130m;hdvila100m;internvid;openvid1m;runway-jupiter;vidgen1m;yttemporal-180m,Allen Institute for AI;Amazon;ByteDance;Kuaishou;Meta;Microsoft;Nvidia;Runway;Snap;Stability AI;Tencent;University of Washington,USED_BY
Nickelodeon UK,Nickelodeon UK,,3762,2594,559,35,217,214,2,3,131,0,6,1,hdvg130m;hdvila100m;howto100m;internvid;koala36m;panda70m;runway-jupiter;vidgen1m;youtube8m;yttemporal-180m,hdvg130m;hdvila100m;internvid;runway-jupiter;vidgen1m;yttemporal-180m,Allen Institute for AI;Amazon;ByteDance;Meta;Nvidia;Runway;Snap;Stability AI;Tencent;University of Washington,USED_BY
Nickelodeon,Nickelodeon,,6905,3988,1253,163,421,376,308,62,218,80,30,6,hdvg130m;hdvila100m;howto100m;internvid;koala36m;openvid1m;panda70m;runway-jupiter;vidgen1m;youtube8m;yttemporal-180m,hdvg130m;hdvila100m;internvid;openvid1m;runway-jupiter;vidgen1m;yttemporal-180m,Allen Institute for AI;Amazon;ByteDance;Kuaishou;Meta;Microsoft;Nvidia;Runway;Snap;Stability AI;Tencent;University of Washington,USED_BY
FilmSpot Trailer,FilmSpot Trailer,,4211,2768,450,14,354,354,11,1,238,2,19,0,hdvg130m;hdvila100m;howto100m;internvid;koala36m;openvid1m;panda70m;runway-jupiter;vidgen1m;yttemporal-180m,hdvg130m;hdvila100m;internvid;openvid1m;runway-jupiter;vidgen1m;yttemporal-180m,Allen Institute for AI;Amazon;ByteDance;Kuaishou;Meta;Microsoft;Nvidia;Runway;Snap;Stability AI;Tencent;University of Washington,USED_BY
SciShow,SciShow,,5020,2957,310,163,333,300,294,150,211,210,61,31,hdvg130m;hdvila100m;howto100m;internvid;koala36m;openvid1m;panda70m;runway-jupiter;vidgen1m;youtube8m;yttemporal-180m,hdvg130m;hdvila100m;internvid;openvid1m;runway-jupiter;vidgen1m;yttemporal-180m,Allen Institute for AI;Amazon;ByteDance;Kuaishou;Meta;Microsoft;Nvidia;Runway;Snap;Stability AI;Tencent;University of Washington,USED_BY
J-AutoShow,J-AutoShow,,4033,4016,0,10,1,1,1,0,0,0,0,4,hdvila100m;internvid;koala36m;panda70m;runway-jupiter;youtube8m,hdvila100m;internvid;runway-jupiter,ByteDance;Meta;Runway;Snap;Stability AI;Tencent,USED_BY
Surfers of Bali,Surfers of Bali,,2421,2354,1,61,1,1,1,0,2,0,0,0,hdvg130m;hdvila100m;internvid;koala36m;panda70m;runway-jupiter;yttemporal-180m,hdvg130m;hdvila100m;internvid;runway-jupiter;yttemporal-180m,Allen Institute for AI;ByteDance;Meta;Nvidia;Runway;Snap;Stability AI;Tencent;University of Washington,USED_BY
Britain's Got Talent,Britain's Got Talent,,3683,3451,0,176,1,1,1,0,2,0,0,51,hdvg130m;hdvila100m;internvid;koala36m;panda70m;runway-jupiter;youtube8m,hdvg130m;hdvila100m;internvid;runway-jupiter,ByteDance;Meta;Nvidia;Runway;Snap;Stability AI;Tencent,USED_BY
World Archery,World Archery,,7515,5448,646,37,348,350,335,0,231,52,43,25,hdvg130m;hdvila100m;internvid;koala36m;openvid1m;panda70m;runway-jupiter;vidgen1m;youtube8m;yttemporal-180m,hdvg130m;hdvila100m;internvid;openvid1m;runway-jupiter;vidgen1m;yttemporal-180m,Allen Institute for AI;Amazon;ByteDance;Kuaishou;Meta;Microsoft;Nvidia;Runway;Snap;Stability AI;Tencent;University of Washington,USED_BY
All4HimRacingVideos,All4HimRacingVideos,,3090,2666,130,6,83,78,52,9,50,0,12,4,hdvg130m;hdvila100m;howto100m;internvid;koala36m;panda70m;runway-jupiter;vidgen1m;youtube8m;yttemporal-180m,hdvg130m;hdvila100m;internvid;runway-jupiter;vidgen1m;yttemporal-180m,Allen Institute for AI;Amazon;ByteDance;Meta;Nvidia;Runway;Snap;Stability AI;Tencent;University of Washington,USED_BY
Cartoon Network,Cartoon Network,,6098,4123,917,57,263,258,224,7,172,10,32,35,hdvg130m;hdvila100m;howto100m;internvid;koala36m;openvid1m;panda70m;runway-jupiter;vidgen1m;youtube8m;yttemporal-180m,hdvg130m;hdvila100m;internvid;openvid1m;runway-jupiter;vidgen1m;yttemporal-180m,Allen Institute for AI;Amazon;ByteDance;Kuaishou;Meta;Microsoft;Nvidia;Runway;Snap;Stability AI;Tencent;University of Washington,USED_BY
PPA Tour,PPA Tour,,2242,2241,0,1,0,0,0,0,0,0,0,0,internvid;runway-jupiter,internvid;runway-jupiter,ByteDance;Runway;Stability AI,USED_BY
Rombbb,Rombbb,,2133,2133,0,0,0,0,0,0,0,0,0,0,runway-jupiter,runway-jupiter,Runway,USED_BY
Discovery,Discovery,,13590,7028,2904,103,940,880,744,81,600,192,118,0,hdvg130m;hdvila100m;howto100m;internvid;koala36m;openvid1m;panda70m;runway-jupiter;vidgen1m;yttemporal-180m,hdvg130m;hdvila100m;internvid;openvid1m;runway-jupiter;vidgen1m;yttemporal-180m,Allen Institute for AI;Amazon;ByteDance;Kuaishou;Meta;Microsoft;Nvidia;Runway;Snap;Stability AI;Tencent;University of Washington,USED_BY
Linus Tech Tips,Linus Tech Tips,,27754,6111,2189,154,4701,4700,4471,123,3029,1058,1042,176,hdvg130m;hdvila100m;howto100m;internvid;koala36m;openvid1m;panda70m;runway-jupiter;vidgen1m;youtube8m;yttemporal-180m,hdvg130m;hdvila100m;internvid;openvid1m;runway-jupiter;vidgen1m;yttemporal-180m,Allen Institute for AI;Amazon;ByteDance;Kuaishou;Meta;Microsoft;Nvidia;Runway;Snap;Stability AI;Tencent;University of Washington,USED_BY
Unisport,Unisport,,5961,2689,889,219,515,516,504,6,352,150,91,30,hdvg130m;hdvila100m;howto100m;internvid;koala36m;openvid1m;panda70m;runway-jupiter;vidgen1m;youtube8m;yttemporal-180m,hdvg130m;hdvila100m;internvid;openvid1m;runway-jupiter;vidgen1m;yttemporal-180m,Allen Institute for AI;Amazon;ByteDance;Kuaishou;Meta;Microsoft;Nvidia;Runway;Snap;Stability AI;Tencent;University of Washington,USED_BY
DraKulis,DraKulis,,2057,2053,0,4,0,0,0,0,0,0,0,0,internvid;runway-jupiter,internvid;runway-jupiter,ByteDance;Runway;Stability AI,USED_BY
Cult Cinema Classics,Cult Cinema Classics,,2043,2038,0,5,0,0,0,0,0,0,0,0,internvid;runway-jupiter,internvid;runway-jupiter,ByteDance;Runway;Stability AI,USED_BY
T-Series,T-Series,,15167,14330,0,151,198,205,129,3,135,12,4,0,hdvg130m;hdvila100m;howto100m;internvid;koala36m;openvid1m;panda70m;runway-jupiter;vidgen1m,hdvg130m;hdvila100m;internvid;openvid1m;runway-jupiter;vidgen1m,Amazon;ByteDance;Kuaishou;Meta;Microsoft;Nvidia;Runway;Snap;Stability AI;Tencent,USED_BY
CBC,CBC,,8449,5251,1368,18,434,429,340,23,307,162,52,65,hdvg130m;hdvila100m;howto100m;internvid;koala36m;openvid1m;panda70m;runway-jupiter;vidgen1m;youtube8m;yttemporal-180m,hdvg130m;hdvila100m;internvid;openvid1m;runway-jupiter;vidgen1m;yttemporal-180m,Allen Institute for AI;Amazon;ByteDance;Kuaishou;Meta;Microsoft;Nvidia;Runway;Snap;Stability AI;Tencent;University of Washington,USED_BY
Global Triathlon Network,Global Triathlon Network,,4057,2184,463,226,262,258,250,14,163,180,57,0,hdvg130m;hdvila100m;howto100m;internvid;koala36m;openvid1m;panda70m;runway-jupiter;vidgen1m;yttemporal-180m,hdvg130m;hdvila100m;internvid;openvid1m;runway-jupiter;vidgen1m;yttemporal-180m,Allen Institute for AI;Amazon;ByteDance;Kuaishou;Meta;Microsoft;Nvidia;Runway;Snap;Stability AI;Tencent;University of Washington,USED_BY
PAW Patrol Official & Friends,PAW Patrol Official & Friends,,2708,2070,261,11,88,88,84,0,58,32,16,0,hdvg130m;hdvila100m;internvid;koala36m;openvid1m;panda70m;runway-jupiter;vidgen1m;yttemporal-180m,hdvg130m;hdvila100m;internvid;openvid1m;runway-jupiter;vidgen1m;yttemporal-180m,Allen Institute for AI;Amazon;ByteDance;Kuaishou;Meta;Microsoft;Nvidia;Runway;Snap;Stability AI;Tencent;University of Washington,USED_BY
ACC Digital Network,ACC Digital Network,,27098,12821,4718,24,2476,2480,2292,0,1615,122,420,130,hdvg130m;hdvila100m;internvid;koala36m;openvid1m;panda70m;runway-jupiter;vidgen1m;youtube8m;yttemporal-180m,hdvg130m;hdvila100m;internvid;openvid1m;runway-jupiter;vidgen1m;yttemporal-180m,Allen Institute for AI;Amazon;ByteDance;Kuaishou;Meta;Microsoft;Nvidia;Runway;Snap;Stability AI;Tencent;University of Washington,USED_BY
The Wall Street Journal,The Wall Street Journal,,45493,16741,8996,501,4882,4892,4539,0,3166,1098,358,320,hdvg130m;hdvila100m;internvid;koala36m;openvid1m;panda70m;runway-jupiter;vidgen1m;youtube8m;yttemporal-180m,hdvg130m;hdvila100m;internvid;openvid1m;runway-jupiter;vidgen1m;yttemporal-180m,Allen Institute for AI;Amazon;ByteDance;Kuaishou;Meta;Microsoft;Nvidia;Runway;Snap;Stability AI;Tencent;University of Washington,USED_BY
Fudgy,Fudgy,,2104,2030,0,49,9,3,1,6,3,0,1,2,hdvg130m;hdvila100m;howto100m;internvid;koala36m;panda70m;runway-jupiter;vidgen1m;youtube8m,hdvg130m;hdvila100m;internvid;runway-jupiter;vidgen1m,Amazon;ByteDance;Meta;Nvidia;Runway;Snap;Stability AI;Tencent,USED_BY
NASASpaceflight,NASASpaceflight,,2027,2013,0,14,0,0,0,0,0,0,0,0,internvid;runway-jupiter,internvid;runway-jupiter,ByteDance;Runway;Stability AI,USED_BY
Discovery UK,Discovery UK,,3015,2879,7,92,1,0,0,1,0,0,0,35,howto100m;internvid;panda70m;runway-jupiter;youtube8m;yttemporal-180m,internvid;runway-jupiter;yttemporal-180m,Allen Institute for AI;ByteDance;Runway;Stability AI;University of Washington,USED_BY
Met Office - UK Weather,Met Office - UK Weather,,7352,7220,9,72,12,6,2,9,4,0,1,17,hdvg130m;hdvila100m;howto100m;internvid;koala36m;panda70m;runway-jupiter;vidgen1m;youtube8m;yttemporal-180m,hdvg130m;hdvila100m;internvid;runway-jupiter;vidgen1m;yttemporal-180m,Allen Institute for AI;Amazon;ByteDance;Meta;Nvidia;Runway;Snap;Stability AI;Tencent;University of Washington,USED_BY
Boxoffice Movie Scenes,Boxoffice Movie Scenes,,3700,3691,0,9,0,0,0,0,0,0,0,0,internvid;runway-jupiter,internvid;runway-jupiter,ByteDance;Runway;Stability AI,USED_BY
Howcast,Howcast,,48716,17430,9008,872,6516,3450,3202,4166,2233,710,321,808,hdvg130m;hdvila100m;howto100m;internvid;koala36m;openvid1m;panda70m;runway-jupiter;vidgen1m;youtube8m;yttemporal-180m,hdvg130m;hdvila100m;internvid;openvid1m;runway-jupiter;vidgen1m;yttemporal-180m,Allen Institute for AI;Amazon;ByteDance;Kuaishou;Meta;Microsoft;Nvidia;Runway;Snap;Stability AI;Tencent;University of Washington,USED_BY
CrossFit,CrossFit,,5473,5269,10,74,14,6,5,11,5,0,1,78,hdvg130m;hdvila100m;howto100m;internvid;koala36m;panda70m;runway-jupiter;vidgen1m;youtube8m;yttemporal-180m,hdvg130m;hdvila100m;internvid;runway-jupiter;vidgen1m;yttemporal-180m,Allen Institute for AI;Amazon;ByteDance;Meta;Nvidia;Runway;Snap;Stability AI;Tencent;University of Washington,USED_BY
TED,TED,,9580,4224,1025,1259,760,610,588,217,412,244,222,19,hdvg130m;hdvila100m;howto100m;internvid;koala36m;openvid1m;panda70m;runway-jupiter;vidgen1m;youtube8m;yttemporal-180m,hdvg130m;hdvila100m;internvid;openvid1m;runway-jupiter;vidgen1m;yttemporal-180m,Allen Institute for AI;Amazon;ByteDance;Kuaishou;Meta;Microsoft;Nvidia;Runway;Snap;Stability AI;Tencent;University of Washington,USED_BY
DC Kids,DC Kids,,4180,1859,484,38,447,448,424,0,324,22,132,2,hdvg130m;hdvila100m;internvid;koala36m;openvid1m;panda70m;runway-jupiter;vidgen1m;youtube8m;yttemporal-180m,hdvg130m;hdvila100m;internvid;openvid1m;runway-jupiter;vidgen1m;yttemporal-180m,Allen Institute for AI;Amazon;ByteDance;Kuaishou;Meta;Microsoft;Nvidia;Runway;Snap;Stability AI;Tencent;University of Washington,USED_BY
Screen Culture,Screen Culture,,1763,1727,0,36,0,0,0,0,0,0,0,0,internvid;runway-jupiter,internvid;runway-jupiter,ByteDance;Runway;Stability AI,USED_BY
FIBA3x3 - The 3x3 Basketball Channel,FIBA3x3 - The 3x3 Basketball Channel,,8049,7885,0,124,5,5,4,0,4,0,0,22,hdvg130m;hdvila100m;internvid;koala36m;panda70m;runway-jupiter;youtube8m,hdvg130m;hdvila100m;internvid;runway-jupiter,ByteDance;Meta;Nvidia;Runway;Snap;Stability AI;Tencent,USED_BY
Mr. Hand Pay,Mr. Hand Pay,,1705,1704,0,1,0,0,0,0,0,0,0,0,internvid;runway-jupiter,internvid;runway-jupiter,ByteDance;Runway;Stability AI,USED_BY
DIG BMX Official,DIG BMX Official,,1994,1952,0,30,1,1,1,0,2,0,0,7,hdvg130m;hdvila100m;internvid;koala36m;panda70m;runway-jupiter;youtube8m,hdvg130m;hdvila100m;internvid;runway-jupiter,ByteDance;Meta;Nvidia;Runway;Snap;Stability AI;Tencent,USED_BY
FilmSelect Trailer,FilmSelect Trailer,,1901,1590,216,2,29,29,17,0,14,0,4,0,hdvg130m;hdvila100m;internvid;koala36m;panda70m;runway-jupiter;vidgen1m;yttemporal-180m,hdvg130m;hdvila100m;internvid;runway-jupiter;vidgen1m;yttemporal-180m,Allen Institute for AI;Amazon;ByteDance;Meta;Nvidia;Runway;Snap;Stability AI;Tencent;University of Washington,USED_BY
Nintendo UK,Nintendo UK,,2042,2002,0,12,5,5,4,0,3,0,1,10,hdvg130m;hdvila100m;internvid;koala36m;panda70m;runway-jupiter;vidgen1m;youtube8m,hdvg130m;hdvila100m;internvid;runway-jupiter;vidgen1m,Amazon;ByteDance;Meta;Nvidia;Runway;Snap;Stability AI;Tencent,USED_BY
Big Think,Big Think,,11695,7286,1230,204,1103,1074,0,51,667,0,23,57,hdvg130m;hdvila100m;howto100m;internvid;panda70m;runway-jupiter;vidgen1m;youtube8m;yttemporal-180m,hdvg130m;hdvila100m;internvid;runway-jupiter;vidgen1m;yttemporal-180m,Allen Institute for AI;Amazon;ByteDance;Meta;Nvidia;Runway;Snap;Stability AI;Tencent;University of Washington,USED_BY
Oscars,Oscars,,3973,3725,0,56,9,9,5,0,6,4,1,158,hdvg130m;hdvila100m;internvid;koala36m;openvid1m;panda70m;runway-jupiter;vidgen1m;youtube8m,hdvg130m;hdvila100m;internvid;openvid1m;runway-jupiter;vidgen1m,Amazon;ByteDance;Kuaishou;Meta;Microsoft;Nvidia;Runway;Snap;Stability AI;Tencent,USED_BY
Doctor Who,Doctor Who,,3448,2214,630,28,131,129,119,2,100,50,7,38,hdvg130m;hdvila100m;howto100m;internvid;koala36m;openvid1m;panda70m;runway-jupiter;vidgen1m;youtube8m;yttemporal-180m,hdvg130m;hdvila100m;internvid;openvid1m;runway-jupiter;vidgen1m;yttemporal-180m,Allen Institute for AI;Amazon;ByteDance;Kuaishou;Meta;Microsoft;Nvidia;Runway;Snap;Stability AI;Tencent;University of Washington,USED_BY
Zee Kids,Zee Kids,,1625,1622,0,3,0,0,0,0,0,0,0,0,internvid;runway-jupiter,internvid;runway-jupiter,ByteDance;Runway;Stability AI,USED_BY
BabyBus - Kids Songs and Cartoons,BabyBus - Kids Songs and Cartoons,,2257,1797,62,105,78,57,56,24,34,14,30,0,hdvg130m;hdvila100m;howto100m;internvid;koala36m;openvid1m;panda70m;runway-jupiter;vidgen1m;yttemporal-180m,hdvg130m;hdvila100m;internvid;openvid1m;runway-jupiter;vidgen1m;yttemporal-180m,Allen Institute for AI;Amazon;ByteDance;Kuaishou;Meta;Microsoft;Nvidia;Runway;Snap;Stability AI;Tencent;University of Washington,USED_BY
Misfit Productions,Misfit Productions,,1657,1656,0,1,0,0,0,0,0,0,0,0,internvid;runway-jupiter,internvid;runway-jupiter,ByteDance;Runway;Stability AI,USED_BY
Matchroom Pool,Matchroom Pool,,1584,1573,0,10,0,0,0,0,0,0,0,1,internvid;runway-jupiter;youtube8m,internvid;runway-jupiter,ByteDance;Runway;Stability AI,USED_BY
WaterTube,WaterTube,,1517,1510,0,7,0,0,0,0,0,0,0,0,internvid;runway-jupiter,internvid;runway-jupiter,ByteDance;Runway;Stability AI,USED_BY
AA-VFX,AA-VFX,,3407,3404,0,0,0,0,0,0,0,0,0,3,runway-jupiter;youtube8m,runway-jupiter,Runway,USED_BY
Monster Energy Supercross,Monster Energy Supercross,,3768,3569,1,9,26,26,26,1,17,8,5,80,hdvg130m;hdvila100m;howto100m;internvid;koala36m;openvid1m;panda70m;runway-jupiter;vidgen1m;youtube8m;yttemporal-180m,hdvg130m;hdvila100m;internvid;openvid1m;runway-jupiter;vidgen1m;yttemporal-180m,Allen Institute for AI;Amazon;ByteDance;Kuaishou;Meta;Microsoft;Nvidia;Runway;Snap;Stability AI;Tencent;University of Washington,USED_BY
pandapia HD,pandapia HD,,3574,3568,0,6,0,0,0,0,0,0,0,0,internvid;runway-jupiter,internvid;runway-jupiter,ByteDance;Runway;Stability AI,USED_BY
Stock Video,Stock Video,,1597,1596,0,1,0,0,0,0,0,0,0,0,internvid;runway-jupiter,internvid;runway-jupiter,ByteDance;Runway;Stability AI,USED_BY
Rabbit Island Japan,Rabbit Island Japan,,1491,1491,0,0,0,0,0,0,0,0,0,0,runway-jupiter,runway-jupiter,Runway,USED_BY
Netflix K-Content,Netflix K-Content,,2433,2227,0,206,0,0,0,0,0,0,0,0,internvid;runway-jupiter,internvid;runway-jupiter,ByteDance;Runway;Stability AI,USED_BY
Garden Answer,Garden Answer,,3100,1810,211,123,251,86,85,251,52,202,24,5,hdvg130m;hdvila100m;howto100m;internvid;koala36m;openvid1m;panda70m;runway-jupiter;vidgen1m;youtube8m;yttemporal-180m,hdvg130m;hdvila100m;internvid;openvid1m;runway-jupiter;vidgen1m;yttemporal-180m,Allen Institute for AI;Amazon;ByteDance;Kuaishou;Meta;Microsoft;Nvidia;Runway;Snap;Stability AI;Tencent;University of Washington,USED_BY
Guinness World Records,Guinness World Records,,2936,1718,444,78,172,160,150,20,104,54,27,9,hdvg130m;hdvila100m;howto100m;internvid;koala36m;openvid1m;panda70m;runway-jupiter;vidgen1m;youtube8m;yttemporal-180m,hdvg130m;hdvila100m;internvid;openvid1m;runway-jupiter;vidgen1m;yttemporal-180m,Allen Institute for AI;Amazon;ByteDance;Kuaishou;Meta;Microsoft;Nvidia;Runway;Snap;Stability AI;Tencent;University of Washington,USED_BY
Hebbars Kitchen,Hebbars Kitchen,,2017,1987,0,26,2,0,0,2,0,0,0,0,howto100m;internvid;panda70m;runway-jupiter,internvid;runway-jupiter,ByteDance;Runway;Stability AI,USED_BY
SnowboardProCamp,SnowboardProCamp,,3144,1529,410,39,240,229,222,14,153,222,73,13,hdvg130m;hdvila100m;howto100m;internvid;koala36m;openvid1m;panda70m;runway-jupiter;vidgen1m;youtube8m;yttemporal-180m,hdvg130m;hdvila100m;internvid;openvid1m;runway-jupiter;vidgen1m;yttemporal-180m,Allen Institute for AI;Amazon;ByteDance;Kuaishou;Meta;Microsoft;Nvidia;Runway;Snap;Stability AI;Tencent;University of Washington,USED_BY
JYP Entertainment,JYP Entertainment,,2275,1653,1,124,132,132,100,1,66,30,23,13,hdvg130m;hdvila100m;howto100m;internvid;koala36m;openvid1m;panda70m;runway-jupiter;vidgen1m;youtube8m;yttemporal-180m,hdvg130m;hdvila100m;internvid;openvid1m;runway-jupiter;vidgen1m;yttemporal-180m,Allen Institute for AI;Amazon;ByteDance;Kuaishou;Meta;Microsoft;Nvidia;Runway;Snap;Stability AI;Tencent;University of Washington,USED_BY
Watchfinder & Co.,Watchfinder & Co.,,1413,1388,0,23,1,0,0,1,0,0,0,0,howto100m;internvid;panda70m;runway-jupiter,internvid;runway-jupiter,ByteDance;Runway;Stability AI,USED_BY
Roberta's Gym,Roberta's Gym,,1598,1545,5,35,3,3,3,0,3,0,0,1,hdvg130m;hdvila100m;internvid;koala36m;panda70m;runway-jupiter;youtube8m;yttemporal-180m,hdvg130m;hdvila100m;internvid;runway-jupiter;yttemporal-180m,Allen Institute for AI;ByteDance;Meta;Nvidia;Runway;Snap;Stability AI;Tencent;University of Washington,USED_BY
Beardbrand,Beardbrand,,3684,1587,648,49,293,266,258,37,174,266,101,5,hdvg130m;hdvila100m;howto100m;internvid;koala36m;openvid1m;panda70m;runway-jupiter;vidgen1m;youtube8m;yttemporal-180m,hdvg130m;hdvila100m;internvid;openvid1m;runway-jupiter;vidgen1m;yttemporal-180m,Allen Institute for AI;Amazon;ByteDance;Kuaishou;Meta;Microsoft;Nvidia;Runway;Snap;Stability AI;Tencent;University of Washington,USED_BY
The Modern Rogue,The Modern Rogue,,2075,1433,196,10,93,65,61,36,46,114,21,0,hdvg130m;hdvila100m;howto100m;internvid;koala36m;openvid1m;panda70m;runway-jupiter;vidgen1m;yttemporal-180m,hdvg130m;hdvila100m;internvid;openvid1m;runway-jupiter;vidgen1m;yttemporal-180m,Allen Institute for AI;Amazon;ByteDance;Kuaishou;Meta;Microsoft;Nvidia;Runway;Snap;Stability AI;Tencent;University of Washington,USED_BY
ISSF - International Shooting Sport Federation,ISSF - International Shooting Sport Federation,,2427,2423,0,3,0,0,0,0,0,0,0,1,internvid;runway-jupiter;youtube8m,internvid;runway-jupiter,ByteDance;Runway;Stability AI,USED_BY
Dakar,Dakar,,3711,3588,0,12,7,7,0,0,3,0,1,93,hdvg130m;hdvila100m;internvid;panda70m;runway-jupiter;vidgen1m;youtube8m,hdvg130m;hdvila100m;internvid;runway-jupiter;vidgen1m,Amazon;ByteDance;Meta;Nvidia;Runway;Snap;Stability AI;Tencent,USED_BY
Best Documentary,Best Documentary,,1798,1395,118,8,72,72,63,0,46,10,14,0,hdvg130m;hdvila100m;internvid;koala36m;openvid1m;panda70m;runway-jupiter;vidgen1m;yttemporal-180m,hdvg130m;hdvila100m;internvid;openvid1m;runway-jupiter;vidgen1m;yttemporal-180m,Allen Institute for AI;Amazon;ByteDance;Kuaishou;Meta;Microsoft;Nvidia;Runway;Snap;Stability AI;Tencent;University of Washington,USED_BY
The Verge,The Verge,,13931,4124,1988,43,1891,1889,1779,42,1231,580,296,68,hdvg130m;hdvila100m;howto100m;internvid;koala36m;openvid1m;panda70m;runway-jupiter;vidgen1m;youtube8m;yttemporal-180m,hdvg130m;hdvila100m;internvid;openvid1m;runway-jupiter;vidgen1m;yttemporal-180m,Allen Institute for AI;Amazon;ByteDance;Kuaishou;Meta;Microsoft;Nvidia;Runway;Snap;Stability AI;Tencent;University of Washington,USED_BY
Dread Central,Dread Central,,1774,1773,0,1,0,0,0,0,0,0,0,0,internvid;runway-jupiter,internvid;runway-jupiter,ByteDance;Runway;Stability AI,USED_BY
Peacock Kids,Peacock Kids,,5846,2715,718,42,588,574,490,52,353,144,104,66,hdvg130m;hdvila100m;howto100m;internvid;koala36m;openvid1m;panda70m;runway-jupiter;vidgen1m;youtube8m;yttemporal-180m,hdvg130m;hdvila100m;internvid;openvid1m;runway-jupiter;vidgen1m;yttemporal-180m,Allen Institute for AI;Amazon;ByteDance;Kuaishou;Meta;Microsoft;Nvidia;Runway;Snap;Stability AI;Tencent;University of Washington,USED_BY
Unreal Engine,Unreal Engine,,2116,2015,0,42,15,10,3,5,9,0,0,17,hdvg130m;hdvila100m;howto100m;internvid;koala36m;panda70m;runway-jupiter;youtube8m,hdvg130m;hdvila100m;internvid;runway-jupiter,ByteDance;Meta;Nvidia;Runway;Snap;Stability AI;Tencent,USED_BY
Wanda Diamond League,Wanda Diamond League,,3122,2502,204,32,100,100,96,0,71,4,12,1,hdvg130m;hdvila100m;internvid;koala36m;openvid1m;panda70m;runway-jupiter;vidgen1m;youtube8m;yttemporal-180m,hdvg130m;hdvila100m;internvid;openvid1m;runway-jupiter;vidgen1m;yttemporal-180m,Allen Institute for AI;Amazon;ByteDance;Kuaishou;Meta;Microsoft;Nvidia;Runway;Snap;Stability AI;Tencent;University of Washington,USED_BY
Midwest Wrestle,Midwest Wrestle,,1414,1407,0,7,0,0,0,0,0,0,0,0,internvid;runway-jupiter,internvid;runway-jupiter,ByteDance;Runway;Stability AI,USED_BY
Trashmaster15,Trashmaster15,,1277,1276,0,0,0,0,0,0,0,0,0,1,runway-jupiter;youtube8m,runway-jupiter,Runway,USED_BY
AirshowStuffVideos,AirshowStuffVideos,,1645,1608,0,13,3,3,3,0,2,0,0,13,hdvg130m;hdvila100m;internvid;koala36m;panda70m;runway-jupiter;youtube8m,hdvg130m;hdvila100m;internvid;runway-jupiter,ByteDance;Meta;Nvidia;Runway;Snap;Stability AI;Tencent,USED_BY
ENFANT TERRIBLE,ENFANT TERRIBLE,,1196,1196,0,0,0,0,0,0,0,0,0,0,runway-jupiter,runway-jupiter,Runway,USED_BY
Horrid Henry,Horrid Henry,,1708,1679,1,0,6,5,5,2,4,0,0,6,hdvg130m;hdvila100m;howto100m;koala36m;panda70m;runway-jupiter;youtube8m;yttemporal-180m,hdvg130m;hdvila100m;runway-jupiter;yttemporal-180m,Allen Institute for AI;ByteDance;Meta;Nvidia;Runway;Snap;Tencent;University of Washington,USED_BY
Vismai Food,Vismai Food,,1371,1344,0,4,11,0,0,12,0,0,0,0,howto100m;internvid;panda70m;runway-jupiter,internvid;runway-jupiter,ByteDance;Runway;Stability AI,USED_BY
Good Morning America,Good Morning America,,22331,12727,3907,471,1276,1277,1175,0,824,588,86,0,hdvg130m;hdvila100m;internvid;koala36m;openvid1m;panda70m;runway-jupiter;vidgen1m;yttemporal-180m,hdvg130m;hdvila100m;internvid;openvid1m;runway-jupiter;vidgen1m;yttemporal-180m,Allen Institute for AI;Amazon;ByteDance;Kuaishou;Meta;Microsoft;Nvidia;Runway;Snap;Stability AI;Tencent;University of Washington,USED_BY
Paint Life TV,Paint Life TV,,3187,1470,403,38,388,188,180,333,136,18,14,19,hdvg130m;hdvila100m;howto100m;internvid;koala36m;openvid1m;panda70m;runway-jupiter;vidgen1m;youtube8m;yttemporal-180m,hdvg130m;hdvila100m;internvid;openvid1m;runway-jupiter;vidgen1m;yttemporal-180m,Allen Institute for AI;Amazon;ByteDance;Kuaishou;Meta;Microsoft;Nvidia;Runway;Snap;Stability AI;Tencent;University of Washington,USED_BY
The Geocaching Vlogger,The Geocaching Vlogger,,1598,1526,1,34,2,2,2,1,0,2,1,27,hdvila100m;howto100m;internvid;koala36m;openvid1m;panda70m;runway-jupiter;vidgen1m;youtube8m;yttemporal-180m,hdvila100m;internvid;openvid1m;runway-jupiter;vidgen1m;yttemporal-180m,Allen Institute for AI;Amazon;ByteDance;Kuaishou;Meta;Microsoft;Nvidia;Runway;Snap;Stability AI;Tencent;University of Washington,USED_BY
CrossFit Games,CrossFit Games,,5011,4951,0,29,4,4,4,0,4,2,1,12,hdvg130m;hdvila100m;internvid;koala36m;openvid1m;panda70m;runway-jupiter;vidgen1m;youtube8m,hdvg130m;hdvila100m;internvid;openvid1m;runway-jupiter;vidgen1m,Amazon;ByteDance;Kuaishou;Meta;Microsoft;Nvidia;Runway;Snap;Stability AI;Tencent,USED_BY
jacobfuckingjones,jacobfuckingjones,,1209,1176,0,33,0,0,0,0,0,0,0,0,internvid;runway-jupiter,internvid;runway-jupiter,ByteDance;Runway;Stability AI,USED_BY
Trakin Tech,Trakin Tech,,3556,3012,0,49,126,126,124,0,81,20,18,0,hdvg130m;hdvila100m;internvid;koala36m;openvid1m;panda70m;runway-jupiter;vidgen1m,hdvg130m;hdvila100m;internvid;openvid1m;runway-jupiter;vidgen1m,Amazon;ByteDance;Kuaishou;Meta;Microsoft;Nvidia;Runway;Snap;Stability AI;Tencent,USED_BY
Goodwood Road & Racing,Goodwood Road & Racing,,4652,2659,463,25,355,358,335,0,228,134,73,22,hdvg130m;hdvila100m;internvid;koala36m;openvid1m;panda70m;runway-jupiter;vidgen1m;youtube8m;yttemporal-180m,hdvg130m;hdvila100m;internvid;openvid1m;runway-jupiter;vidgen1m;yttemporal-180m,Allen Institute for AI;Amazon;ByteDance;Kuaishou;Meta;Microsoft;Nvidia;Runway;Snap;Stability AI;Tencent;University of Washington,USED_BY
TabiEats,TabiEats,,4320,1450,641,23,478,321,314,244,208,492,140,9,hdvg130m;hdvila100m;howto100m;internvid;koala36m;openvid1m;panda70m;runway-jupiter;vidgen1m;youtube8m;yttemporal-180m,hdvg130m;hdvila100m;internvid;openvid1m;runway-jupiter;vidgen1m;yttemporal-180m,Allen Institute for AI;Amazon;ByteDance;Kuaishou;Meta;Microsoft;Nvidia;Runway;Snap;Stability AI;Tencent;University of Washington,USED_BY
Global Mountain Bike Network,Global Mountain Bike Network,,8928,4201,1177,229,744,682,656,126,435,462,202,14,hdvg130m;hdvila100m;howto100m;internvid;koala36m;openvid1m;panda70m;runway-jupiter;vidgen1m;youtube8m;yttemporal-180m,hdvg130m;hdvila100m;internvid;openvid1m;runway-jupiter;vidgen1m;yttemporal-180m,Allen Institute for AI;Amazon;ByteDance;Kuaishou;Meta;Microsoft;Nvidia;Runway;Snap;Stability AI;Tencent;University of Washington,USED_BY
Hardware Canucks,Hardware Canucks,,2010,1694,10,49,51,49,48,12,24,26,11,36,hdvg130m;hdvila100m;howto100m;internvid;koala36m;openvid1m;panda70m;runway-jupiter;vidgen1m;youtube8m;yttemporal-180m,hdvg130m;hdvila100m;internvid;openvid1m;runway-jupiter;vidgen1m;yttemporal-180m,Allen Institute for AI;Amazon;ByteDance;Kuaishou;Meta;Microsoft;Nvidia;Runway;Snap;Stability AI;Tencent;University of Washington,USED_BY
One Man Wolf Pack,One Man Wolf Pack,,1123,1122,0,1,0,0,0,0,0,0,0,0,internvid;runway-jupiter,internvid;runway-jupiter,ByteDance;Runway;Stability AI,USED_BY
RGR29,RGR29,,1688,1688,0,0,0,0,0,0,0,0,0,0,runway-jupiter,runway-jupiter,Runway,USED_BY
Kendall Todd TheSilverGuy,Kendall Todd TheSilverGuy,,2240,1159,245,18,204,191,169,49,146,12,47,0,hdvg130m;hdvila100m;howto100m;internvid;koala36m;openvid1m;panda70m;runway-jupiter;vidgen1m;yttemporal-180m,hdvg130m;hdvila100m;internvid;openvid1m;runway-jupiter;vidgen1m;yttemporal-180m,Allen Institute for AI;Amazon;ByteDance;Kuaishou;Meta;Microsoft;Nvidia;Runway;Snap;Stability AI;Tencent;University of Washington,USED_BY
Kamp Kenan,Kamp Kenan,,3215,1157,406,3,372,373,354,21,246,94,186,3,hdvg130m;hdvila100m;howto100m;internvid;koala36m;openvid1m;panda70m;runway-jupiter;vidgen1m;youtube8m;yttemporal-180m,hdvg130m;hdvila100m;internvid;openvid1m;runway-jupiter;vidgen1m;yttemporal-180m,Allen Institute for AI;Amazon;ByteDance;Kuaishou;Meta;Microsoft;Nvidia;Runway;Snap;Stability AI;Tencent;University of Washington,USED_BY
Sunny Health & Fitness,Sunny Health & Fitness,,1311,1259,0,52,0,0,0,0,0,0,0,0,internvid;runway-jupiter,internvid;runway-jupiter,ByteDance;Runway;Stability AI,USED_BY
Karate Combat,Karate Combat,,1145,1139,0,6,0,0,0,0,0,0,0,0,internvid;runway-jupiter,internvid;runway-jupiter,ByteDance;Runway;Stability AI,USED_BY
HomeCookingShow,HomeCookingShow,,3242,2094,245,12,282,90,78,281,68,54,20,18,hdvg130m;hdvila100m;howto100m;internvid;koala36m;openvid1m;panda70m;runway-jupiter;vidgen1m;youtube8m;yttemporal-180m,hdvg130m;hdvila100m;internvid;openvid1m;runway-jupiter;vidgen1m;yttemporal-180m,Allen Institute for AI;Amazon;ByteDance;Kuaishou;Meta;Microsoft;Nvidia;Runway;Snap;Stability AI;Tencent;University of Washington,USED_BY
ThrasherMagazine,ThrasherMagazine,,4924,4882,18,24,0,0,0,0,0,0,0,0,internvid;runway-jupiter;yttemporal-180m,internvid;runway-jupiter;yttemporal-180m,Allen Institute for AI;ByteDance;Runway;Stability AI;University of Washington,USED_BY
IRONMAN Triathlon,IRONMAN Triathlon,,2004,1984,0,2,3,3,3,0,3,0,1,5,hdvg130m;hdvila100m;internvid;koala36m;panda70m;runway-jupiter;vidgen1m;youtube8m,hdvg130m;hdvila100m;internvid;runway-jupiter;vidgen1m,Amazon;ByteDance;Meta;Nvidia;Runway;Snap;Stability AI;Tencent,USED_BY
CrashCourse,CrashCourse,,6944,1461,916,269,897,873,849,123,589,772,193,2,hdvg130m;hdvila100m;howto100m;internvid;koala36m;openvid1m;panda70m;runway-jupiter;vidgen1m;youtube8m;yttemporal-180m,hdvg130m;hdvila100m;internvid;openvid1m;runway-jupiter;vidgen1m;yttemporal-180m,Allen Institute for AI;Amazon;ByteDance;Kuaishou;Meta;Microsoft;Nvidia;Runway;Snap;Stability AI;Tencent;University of Washington,USED_BY
That's Good Money,That's Good Money,,1146,1136,0,10,0,0,0,0,0,0,0,0,internvid;runway-jupiter,internvid;runway-jupiter,ByteDance;Runway;Stability AI,USED_BY
Hoonigan,Hoonigan,,5142,1103,411,23,776,775,747,18,463,522,299,5,hdvg130m;hdvila100m;howto100m;internvid;koala36m;openvid1m;panda70m;runway-jupiter;vidgen1m;youtube8m;yttemporal-180m,hdvg130m;hdvila100m;internvid;openvid1m;runway-jupiter;vidgen1m;yttemporal-180m,Allen Institute for AI;Amazon;ByteDance;Kuaishou;Meta;Microsoft;Nvidia;Runway;Snap;Stability AI;Tencent;University of Washington,USED_BY
KinoCheck Family,KinoCheck Family,,1044,1041,0,3,0,0,0,0,0,0,0,0,internvid;runway-jupiter,internvid;runway-jupiter,ByteDance;Runway;Stability AI,USED_BY
БЕРИ И ДЕЛАЙ,БЕРИ И ДЕЛАЙ,,4806,4651,0,155,0,0,0,0,0,0,0,0,internvid;runway-jupiter,internvid;runway-jupiter,ByteDance;Runway;Stability AI,USED_BY
Fresh Tracks,Fresh Tracks,,2347,1424,346,20,121,112,104,10,69,106,35,0,hdvg130m;hdvila100m;howto100m;internvid;koala36m;openvid1m;panda70m;runway-jupiter;vidgen1m;yttemporal-180m,hdvg130m;hdvila100m;internvid;openvid1m;runway-jupiter;vidgen1m;yttemporal-180m,Allen Institute for AI;Amazon;ByteDance;Kuaishou;Meta;Microsoft;Nvidia;Runway;Snap;Stability AI;Tencent;University of Washington,USED_BY
BBC Earth,BBC Earth,,7801,2358,555,158,1122,1123,1062,1,709,238,392,83,hdvg130m;hdvila100m;howto100m;internvid;koala36m;openvid1m;panda70m;runway-jupiter;vidgen1m;youtube8m;yttemporal-180m,hdvg130m;hdvila100m;internvid;openvid1m;runway-jupiter;vidgen1m;yttemporal-180m,Allen Institute for AI;Amazon;ByteDance;Kuaishou;Meta;Microsoft;Nvidia;Runway;Snap;Stability AI;Tencent;University of Washington,USED_BY
NASA,NASA,,17254,5109,961,27,2780,2786,2380,1,1836,822,452,100,hdvg130m;hdvila100m;howto100m;internvid;koala36m;openvid1m;panda70m;runway-jupiter;vidgen1m;youtube8m;yttemporal-180m,hdvg130m;hdvila100m;internvid;openvid1m;runway-jupiter;vidgen1m;yttemporal-180m,Allen Institute for AI;Amazon;ByteDance;Kuaishou;Meta;Microsoft;Nvidia;Runway;Snap;Stability AI;Tencent;University of Washington,USED_BY
United Music Events #weareonthemission,United Music Events #weareonthemission,,1113,1109,0,4,0,0,0,0,0,0,0,0,internvid;runway-jupiter,internvid;runway-jupiter,ByteDance;Runway;Stability AI,USED_BY
MINEE EATS,MINEE EATS,,1137,1132,0,5,0,0,0,0,0,0,0,0,internvid;runway-jupiter,internvid;runway-jupiter,ByteDance;Runway;Stability AI,USED_BY
The Run Experience,The Run Experience,,2495,1102,401,63,229,229,221,3,129,92,22,4,hdvg130m;hdvila100m;howto100m;internvid;koala36m;openvid1m;panda70m;runway-jupiter;vidgen1m;youtube8m;yttemporal-180m,hdvg130m;hdvila100m;internvid;openvid1m;runway-jupiter;vidgen1m;yttemporal-180m,Allen Institute for AI;Amazon;ByteDance;Kuaishou;Meta;Microsoft;Nvidia;Runway;Snap;Stability AI;Tencent;University of Washington,USED_BY
Maxkil,Maxkil,,1937,1678,68,15,56,32,32,27,19,0,10,0,hdvg130m;hdvila100m;howto100m;internvid;koala36m;panda70m;runway-jupiter;vidgen1m;yttemporal-180m,hdvg130m;hdvila100m;internvid;runway-jupiter;vidgen1m;yttemporal-180m,Allen Institute for AI;Amazon;ByteDance;Meta;Nvidia;Runway;Snap;Stability AI;Tencent;University of Washington,USED_BY
Monster Energy,Monster Energy,,1929,1237,221,28,101,99,90,3,63,42,30,15,hdvg130m;hdvila100m;howto100m;internvid;koala36m;openvid1m;panda70m;runway-jupiter;vidgen1m;youtube8m;yttemporal-180m,hdvg130m;hdvila100m;internvid;openvid1m;runway-jupiter;vidgen1m;yttemporal-180m,Allen Institute for AI;Amazon;ByteDance;Kuaishou;Meta;Microsoft;Nvidia;Runway;Snap;Stability AI;Tencent;University of Washington,USED_BY
4K Relaxation Channel,4K Relaxation Channel,,1014,985,4,4,4,4,4,0,2,4,3,0,hdvg130m;hdvila100m;internvid;koala36m;openvid1m;panda70m;runway-jupiter;vidgen1m;yttemporal-180m,hdvg130m;hdvila100m;internvid;openvid1m;runway-jupiter;vidgen1m;yttemporal-180m,Allen Institute for AI;Amazon;ByteDance;Kuaishou;Meta;Microsoft;Nvidia;Runway;Snap;Stability AI;Tencent;University of Washington,USED_BY
Jamie Oliver,Jamie Oliver,,5586,1847,812,38,844,314,294,761,206,304,114,52,hdvg130m;hdvila100m;howto100m;internvid;koala36m;openvid1m;panda70m;runway-jupiter;vidgen1m;youtube8m;yttemporal-180m,hdvg130m;hdvila100m;internvid;openvid1m;runway-jupiter;vidgen1m;yttemporal-180m,Allen Institute for AI;Amazon;ByteDance;Kuaishou;Meta;Microsoft;Nvidia;Runway;Snap;Stability AI;Tencent;University of Washington,USED_BY
Epic Volleyball,Epic Volleyball,,1049,964,14,45,7,7,7,0,3,0,2,0,hdvg130m;hdvila100m;internvid;koala36m;panda70m;runway-jupiter;vidgen1m;yttemporal-180m,hdvg130m;hdvila100m;internvid;runway-jupiter;vidgen1m;yttemporal-180m,Allen Institute for AI;Amazon;ByteDance;Meta;Nvidia;Runway;Snap;Stability AI;Tencent;University of Washington,USED_BY
Chemical Guys,Chemical Guys,,3564,1605,264,49,349,267,258,331,185,166,67,23,hdvg130m;hdvila100m;howto100m;internvid;koala36m;openvid1m;panda70m;runway-jupiter;vidgen1m;youtube8m;yttemporal-180m,hdvg130m;hdvila100m;internvid;openvid1m;runway-jupiter;vidgen1m;yttemporal-180m,Allen Institute for AI;Amazon;ByteDance;Kuaishou;Meta;Microsoft;Nvidia;Runway;Snap;Stability AI;Tencent;University of Washington,USED_BY
Pompsie Slots,Pompsie Slots,,955,952,0,3,0,0,0,0,0,0,0,0,internvid;runway-jupiter,internvid;runway-jupiter,ByteDance;Runway;Stability AI,USED_BY
Uke Like The Pros,Uke Like The Pros,,1162,1153,2,1,2,1,1,2,0,0,0,0,hdvila100m;howto100m;internvid;koala36m;panda70m;runway-jupiter;yttemporal-180m,hdvila100m;internvid;runway-jupiter;yttemporal-180m,Allen Institute for AI;ByteDance;Meta;Runway;Snap;Stability AI;Tencent;University of Washington,USED_BY
Crufts,Crufts,,4500,2647,401,27,337,341,317,1,238,64,81,46,hdvg130m;hdvila100m;howto100m;internvid;koala36m;openvid1m;panda70m;runway-jupiter;vidgen1m;youtube8m;yttemporal-180m,hdvg130m;hdvila100m;internvid;openvid1m;runway-jupiter;vidgen1m;yttemporal-180m,Allen Institute for AI;Amazon;ByteDance;Kuaishou;Meta;Microsoft;Nvidia;Runway;Snap;Stability AI;Tencent;University of Washington,USED_BY
World Triathlon,World Triathlon,,2375,1407,319,13,161,161,150,0,106,14,42,2,hdvg130m;hdvila100m;internvid;koala36m;openvid1m;panda70m;runway-jupiter;vidgen1m;youtube8m;yttemporal-180m,hdvg130m;hdvila100m;internvid;openvid1m;runway-jupiter;vidgen1m;yttemporal-180m,Allen Institute for AI;Amazon;ByteDance;Kuaishou;Meta;Microsoft;Nvidia;Runway;Snap;Stability AI;Tencent;University of Washington,USED_BY
Supercar Blondie,Supercar Blondie,,2567,944,172,42,307,308,298,0,174,164,158,0,hdvg130m;hdvila100m;internvid;koala36m;openvid1m;panda70m;runway-jupiter;vidgen1m;yttemporal-180m,hdvg130m;hdvila100m;internvid;openvid1m;runway-jupiter;vidgen1m;yttemporal-180m,Allen Institute for AI;Amazon;ByteDance;Kuaishou;Meta;Microsoft;Nvidia;Runway;Snap;Stability AI;Tencent;University of Washington,USED_BY
The Running Channel,The Running Channel,,983,922,0,61,0,0,0,0,0,0,0,0,internvid;runway-jupiter,internvid;runway-jupiter,ByteDance;Runway;Stability AI,USED_BY
GoPro,GoPro,,3496,2272,299,101,187,181,173,7,106,42,60,68,hdvg130m;hdvila100m;howto100m;internvid;koala36m;openvid1m;panda70m;runway-jupiter;vidgen1m;youtube8m;yttemporal-180m,hdvg130m;hdvila100m;internvid;openvid1m;runway-jupiter;vidgen1m;yttemporal-180m,Allen Institute for AI;Amazon;ByteDance;Kuaishou;Meta;Microsoft;Nvidia;Runway;Snap;Stability AI;Tencent;University of Washington,USED_BY
Lacry,Lacry,,1090,1090,0,0,0,0,0,0,0,0,0,0,runway-jupiter,runway-jupiter,Runway,USED_BY
LIFFORD GREYHOUNDS,LIFFORD GREYHOUNDS,,911,911,0,0,0,0,0,0,0,0,0,0,runway-jupiter,runway-jupiter,Runway,USED_BY
American Standard Dog Training,American Standard Dog Training,,945,910,0,35,0,0,0,0,0,0,0,0,internvid;runway-jupiter,internvid;runway-jupiter,ByteDance;Runway;Stability AI,USED_BY
INTER,INTER,,2143,1045,584,12,91,93,79,0,54,26,9,150,hdvg130m;hdvila100m;internvid;koala36m;openvid1m;panda70m;runway-jupiter;vidgen1m;youtube8m;yttemporal-180m,hdvg130m;hdvila100m;internvid;openvid1m;runway-jupiter;vidgen1m;yttemporal-180m,Allen Institute for AI;Amazon;ByteDance;Kuaishou;Meta;Microsoft;Nvidia;Runway;Snap;Stability AI;Tencent;University of Washington,USED_BY
Wyse Guide,Wyse Guide,,2385,1101,270,47,249,107,104,226,57,160,51,13,hdvg130m;hdvila100m;howto100m;internvid;koala36m;openvid1m;panda70m;runway-jupiter;vidgen1m;youtube8m;yttemporal-180m,hdvg130m;hdvila100m;internvid;openvid1m;runway-jupiter;vidgen1m;yttemporal-180m,Allen Institute for AI;Amazon;ByteDance;Kuaishou;Meta;Microsoft;Nvidia;Runway;Snap;Stability AI;Tencent;University of Washington,USED_BY
Bayashi TV,Bayashi TV,,1053,994,0,59,0,0,0,0,0,0,0,0,internvid;runway-jupiter,internvid;runway-jupiter,ByteDance;Runway;Stability AI,USED_BY
Love Nature,Love Nature,,1242,885,64,14,62,62,61,0,45,28,21,0,hdvg130m;hdvila100m;internvid;koala36m;openvid1m;panda70m;runway-jupiter;vidgen1m;yttemporal-180m,hdvg130m;hdvila100m;internvid;openvid1m;runway-jupiter;vidgen1m;yttemporal-180m,Allen Institute for AI;Amazon;ByteDance;Kuaishou;Meta;Microsoft;Nvidia;Runway;Snap;Stability AI;Tencent;University of Washington,USED_BY
Boat Zone,Boat Zone,,976,968,0,8,0,0,0,0,0,0,0,0,internvid;runway-jupiter,internvid;runway-jupiter,ByteDance;Runway;Stability AI,USED_BY
CobraEmergency,CobraEmergency,,1637,1629,0,5,0,0,0,0,0,0,0,3,internvid;runway-jupiter;youtube8m,internvid;runway-jupiter,ByteDance;Runway;Stability AI,USED_BY
Tactical Hyve,Tactical Hyve,,890,877,0,13,0,0,0,0,0,0,0,0,internvid;runway-jupiter,internvid;runway-jupiter,ByteDance;Runway;Stability AI,USED_BY
Kackie Reviews Beauty,Kackie Reviews Beauty,,893,893,0,0,0,0,0,0,0,0,0,0,runway-jupiter,runway-jupiter,Runway,USED_BY
TED-Ed,TED-Ed,,6609,1969,803,650,842,763,675,151,503,68,159,26,hdvg130m;hdvila100m;howto100m;internvid;koala36m;openvid1m;panda70m;runway-jupiter;vidgen1m;youtube8m;yttemporal-180m,hdvg130m;hdvila100m;internvid;openvid1m;runway-jupiter;vidgen1m;yttemporal-180m,Allen Institute for AI;Amazon;ByteDance;Kuaishou;Meta;Microsoft;Nvidia;Runway;Snap;Stability AI;Tencent;University of Washington,USED_BY
GameSprout,GameSprout,,2463,2363,0,17,1,0,0,1,0,0,0,81,howto100m;internvid;panda70m;runway-jupiter;youtube8m,internvid;runway-jupiter,ByteDance;Runway;Stability AI,USED_BY
Science Channel,Science Channel,,5138,1979,978,89,540,490,451,89,301,144,77,0,hdvg130m;hdvila100m;howto100m;internvid;koala36m;openvid1m;panda70m;runway-jupiter;vidgen1m;yttemporal-180m,hdvg130m;hdvila100m;internvid;openvid1m;runway-jupiter;vidgen1m;yttemporal-180m,Allen Institute for AI;Amazon;ByteDance;Kuaishou;Meta;Microsoft;Nvidia;Runway;Snap;Stability AI;Tencent;University of Washington,USED_BY
Filmey Box,Filmey Box,,854,851,0,3,0,0,0,0,0,0,0,0,internvid;runway-jupiter,internvid;runway-jupiter,ByteDance;Runway;Stability AI,USED_BY
Jubilee,Jubilee,,1944,994,318,65,133,126,113,9,90,68,25,3,hdvg130m;hdvila100m;howto100m;internvid;koala36m;openvid1m;panda70m;runway-jupiter;vidgen1m;youtube8m;yttemporal-180m,hdvg130m;hdvila100m;internvid;openvid1m;runway-jupiter;vidgen1m;yttemporal-180m,Allen Institute for AI;Amazon;ByteDance;Kuaishou;Meta;Microsoft;Nvidia;Runway;Snap;Stability AI;Tencent;University of Washington,USED_BY
McCann Dog Training,McCann Dog Training,,2031,1033,191,69,184,183,175,19,118,22,35,2,hdvg130m;hdvila100m;howto100m;internvid;koala36m;openvid1m;panda70m;runway-jupiter;vidgen1m;youtube8m;yttemporal-180m,hdvg130m;hdvila100m;internvid;openvid1m;runway-jupiter;vidgen1m;yttemporal-180m,Allen Institute for AI;Amazon;ByteDance;Kuaishou;Meta;Microsoft;Nvidia;Runway;Snap;Stability AI;Tencent;University of Washington,USED_BY
Michael Jiroch,Michael Jiroch,,1172,1160,3,0,2,2,2,0,2,0,0,1,hdvg130m;hdvila100m;koala36m;panda70m;runway-jupiter;youtube8m;yttemporal-180m,hdvg130m;hdvila100m;runway-jupiter;yttemporal-180m,Allen Institute for AI;ByteDance;Meta;Nvidia;Runway;Snap;Tencent;University of Washington,USED_BY
Austin Evans,Austin Evans,,9198,1975,701,12,1529,1535,1326,9,1026,764,248,73,hdvg130m;hdvila100m;howto100m;internvid;koala36m;openvid1m;panda70m;runway-jupiter;vidgen1m;youtube8m;yttemporal-180m,hdvg130m;hdvila100m;internvid;openvid1m;runway-jupiter;vidgen1m;yttemporal-180m,Allen Institute for AI;Amazon;ByteDance;Kuaishou;Meta;Microsoft;Nvidia;Runway;Snap;Stability AI;Tencent;University of Washington,USED_BY
MovieGasm.com,MovieGasm.com,,2283,1154,293,3,234,235,170,0,160,6,28,0,hdvg130m;hdvila100m;internvid;koala36m;openvid1m;panda70m;runway-jupiter;vidgen1m;yttemporal-180m,hdvg130m;hdvila100m;internvid;openvid1m;runway-jupiter;vidgen1m;yttemporal-180m,Allen Institute for AI;Amazon;ByteDance;Kuaishou;Meta;Microsoft;Nvidia;Runway;Snap;Stability AI;Tencent;University of Washington,USED_BY
Mark Wiens,Mark Wiens,,7475,1328,552,11,980,950,926,274,626,1476,318,34,hdvg130m;hdvila100m;howto100m;internvid;koala36m;openvid1m;panda70m;runway-jupiter;vidgen1m;youtube8m;yttemporal-180m,hdvg130m;hdvila100m;internvid;openvid1m;runway-jupiter;vidgen1m;yttemporal-180m,Allen Institute for AI;Amazon;ByteDance;Kuaishou;Meta;Microsoft;Nvidia;Runway;Snap;Stability AI;Tencent;University of Washington,USED_BY
The Action Lab,The Action Lab,,2148,839,431,70,245,153,150,133,97,14,16,0,hdvg130m;hdvila100m;howto100m;internvid;koala36m;openvid1m;panda70m;runway-jupiter;vidgen1m;yttemporal-180m,hdvg130m;hdvila100m;internvid;openvid1m;runway-jupiter;vidgen1m;yttemporal-180m,Allen Institute for AI;Amazon;ByteDance;Kuaishou;Meta;Microsoft;Nvidia;Runway;Snap;Stability AI;Tencent;University of Washington,USED_BY
Kirk Giordano plastering Inc.,Kirk Giordano plastering Inc.,,1924,879,206,15,277,85,83,268,60,0,7,44,hdvg130m;hdvila100m;howto100m;internvid;koala36m;panda70m;runway-jupiter;vidgen1m;youtube8m;yttemporal-180m,hdvg130m;hdvila100m;internvid;runway-jupiter;vidgen1m;yttemporal-180m,Allen Institute for AI;Amazon;ByteDance;Meta;Nvidia;Runway;Snap;Stability AI;Tencent;University of Washington,USED_BY
Mondragon Chiropractic,Mondragon Chiropractic,,824,824,0,0,0,0,0,0,0,0,0,0,runway-jupiter,runway-jupiter,Runway,USED_BY
The Tech Chap,The Tech Chap,,2475,886,320,16,301,300,287,6,181,122,55,1,hdvg130m;hdvila100m;howto100m;internvid;koala36m;openvid1m;panda70m;runway-jupiter;vidgen1m;youtube8m;yttemporal-180m,hdvg130m;hdvila100m;internvid;openvid1m;runway-jupiter;vidgen1m;yttemporal-180m,Allen Institute for AI;Amazon;ByteDance;Kuaishou;Meta;Microsoft;Nvidia;Runway;Snap;Stability AI;Tencent;University of Washington,USED_BY
Evike.com Airsoft,Evike.com Airsoft,,1183,1167,1,6,2,1,1,2,1,0,1,1,hdvg130m;hdvila100m;howto100m;internvid;koala36m;panda70m;runway-jupiter;vidgen1m;youtube8m;yttemporal-180m,hdvg130m;hdvila100m;internvid;runway-jupiter;vidgen1m;yttemporal-180m,Allen Institute for AI;Amazon;ByteDance;Meta;Nvidia;Runway;Snap;Stability AI;Tencent;University of Washington,USED_BY
4K WALK,4K WALK,,819,819,0,0,0,0,0,0,0,0,0,0,runway-jupiter,runway-jupiter,Runway,USED_BY
Paul Dinning,Paul Dinning,,1711,1655,8,5,8,8,8,0,3,2,1,13,hdvg130m;hdvila100m;internvid;koala36m;openvid1m;panda70m;runway-jupiter;vidgen1m;youtube8m;yttemporal-180m,hdvg130m;hdvila100m;internvid;openvid1m;runway-jupiter;vidgen1m;yttemporal-180m,Allen Institute for AI;Amazon;ByteDance;Kuaishou;Meta;Microsoft;Nvidia;Runway;Snap;Stability AI;Tencent;University of Washington,USED_BY
JomezPro,JomezPro,,1433,1423,0,10,0,0,0,0,0,0,0,0,internvid;runway-jupiter,internvid;runway-jupiter,ByteDance;Runway;Stability AI,USED_BY
Hagerty,Hagerty,,3496,1166,406,27,399,391,371,17,261,332,113,13,hdvg130m;hdvila100m;howto100m;internvid;koala36m;openvid1m;panda70m;runway-jupiter;vidgen1m;youtube8m;yttemporal-180m,hdvg130m;hdvila100m;internvid;openvid1m;runway-jupiter;vidgen1m;yttemporal-180m,Allen Institute for AI;Amazon;ByteDance;Kuaishou;Meta;Microsoft;Nvidia;Runway;Snap;Stability AI;Tencent;University of Washington,USED_BY
HEDGEHOG x,HEDGEHOG x,,804,803,0,1,0,0,0,0,0,0,0,0,internvid;runway-jupiter,internvid;runway-jupiter,ByteDance;Runway;Stability AI,USED_BY
RESHOEVN8R,RESHOEVN8R,,1208,1017,30,26,32,13,12,31,10,28,8,1,hdvg130m;hdvila100m;howto100m;internvid;koala36m;openvid1m;panda70m;runway-jupiter;vidgen1m;youtube8m;yttemporal-180m,hdvg130m;hdvila100m;internvid;openvid1m;runway-jupiter;vidgen1m;yttemporal-180m,Allen Institute for AI;Amazon;ByteDance;Kuaishou;Meta;Microsoft;Nvidia;Runway;Snap;Stability AI;Tencent;University of Washington,USED_BY
thediscgolfguy,thediscgolfguy,,1128,1097,0,2,4,4,4,0,2,0,1,14,hdvg130m;hdvila100m;internvid;koala36m;panda70m;runway-jupiter;vidgen1m;youtube8m,hdvg130m;hdvila100m;internvid;runway-jupiter;vidgen1m,Amazon;ByteDance;Meta;Nvidia;Runway;Snap;Stability AI;Tencent,USED_BY
Vincenzo's Plate,Vincenzo's Plate,,1546,892,113,25,141,45,43,143,25,98,12,9,hdvg130m;hdvila100m;howto100m;internvid;koala36m;openvid1m;panda70m;runway-jupiter;vidgen1m;youtube8m;yttemporal-180m,hdvg130m;hdvila100m;internvid;openvid1m;runway-jupiter;vidgen1m;yttemporal-180m,Allen Institute for AI;Amazon;ByteDance;Kuaishou;Meta;Microsoft;Nvidia;Runway;Snap;Stability AI;Tencent;University of Washington,USED_BY
Lahari Music - TSeries,Lahari Music - TSeries,,6826,6817,0,8,0,0,0,0,0,0,0,1,internvid;runway-jupiter;youtube8m,internvid;runway-jupiter,ByteDance;Runway;Stability AI,USED_BY
Marble ASMR healing,Marble ASMR healing,,811,785,0,26,0,0,0,0,0,0,0,0,internvid;runway-jupiter,internvid;runway-jupiter,ByteDance;Runway;Stability AI,USED_BY
Unbox Therapy,Unbox Therapy,,10304,2054,1047,31,1548,1548,1496,87,1036,970,423,64,hdvg130m;hdvila100m;howto100m;internvid;koala36m;openvid1m;panda70m;runway-jupiter;vidgen1m;youtube8m;yttemporal-180m,hdvg130m;hdvila100m;internvid;openvid1m;runway-jupiter;vidgen1m;yttemporal-180m,Allen Institute for AI;Amazon;ByteDance;Kuaishou;Meta;Microsoft;Nvidia;Runway;Snap;Stability AI;Tencent;University of Washington,USED_BY
GymRa,GymRa,,983,978,1,0,2,0,0,2,0,0,0,0,howto100m;panda70m;runway-jupiter;yttemporal-180m,runway-jupiter;yttemporal-180m,Allen Institute for AI;Runway;University of Washington,USED_BY
Theme Park POV,Theme Park POV,,843,842,0,1,0,0,0,0,0,0,0,0,internvid;runway-jupiter,internvid;runway-jupiter,ByteDance;Runway;Stability AI,USED_BY
Terry B,Terry B,,884,871,2,5,3,0,0,3,0,0,0,0,howto100m;internvid;panda70m;runway-jupiter;yttemporal-180m,internvid;runway-jupiter;yttemporal-180m,Allen Institute for AI;ByteDance;Runway;Stability AI;University of Washington,USED_BY
Tips Telugu,Tips Telugu,,793,793,0,0,0,0,0,0,0,0,0,0,runway-jupiter,runway-jupiter,Runway,USED_BY
Soon Films 순필름,Soon Films 순필름,,908,876,1,24,1,1,1,0,2,2,0,0,hdvg130m;hdvila100m;internvid;koala36m;openvid1m;panda70m;runway-jupiter;yttemporal-180m,hdvg130m;hdvila100m;internvid;openvid1m;runway-jupiter;yttemporal-180m,Allen Institute for AI;Amazon;ByteDance;Kuaishou;Meta;Microsoft;Nvidia;Runway;Snap;Stability AI;Tencent;University of Washington,USED_BY
Walk_Africa,Walk_Africa,,772,772,0,0,0,0,0,0,0,0,0,0,runway-jupiter,runway-jupiter,Runway,USED_BY
Drumeo,Drumeo,,3243,1439,448,35,310,304,291,19,186,102,77,32,hdvg130m;hdvila100m;howto100m;internvid;koala36m;openvid1m;panda70m;runway-jupiter;vidgen1m;youtube8m;yttemporal-180m,hdvg130m;hdvila100m;internvid;openvid1m;runway-jupiter;vidgen1m;yttemporal-180m,Allen Institute for AI;Amazon;ByteDance;Kuaishou;Meta;Microsoft;Nvidia;Runway;Snap;Stability AI;Tencent;University of Washington,USED_BY
TBS,TBS,,5759,3691,983,77,272,276,232,0,172,30,11,15,hdvg130m;hdvila100m;internvid;koala36m;openvid1m;panda70m;runway-jupiter;vidgen1m;youtube8m;yttemporal-180m,hdvg130m;hdvila100m;internvid;openvid1m;runway-jupiter;vidgen1m;yttemporal-180m,Allen Institute for AI;Amazon;ByteDance;Kuaishou;Meta;Microsoft;Nvidia;Runway;Snap;Stability AI;Tencent;University of Washington,USED_BY
Mordern craft,Mordern craft,,777,777,0,0,0,0,0,0,0,0,0,0,runway-jupiter,runway-jupiter,Runway,USED_BY
CGMeetup,CGMeetup,,997,962,1,23,2,2,2,1,1,0,0,3,hdvg130m;hdvila100m;howto100m;internvid;koala36m;panda70m;runway-jupiter;youtube8m;yttemporal-180m,hdvg130m;hdvila100m;internvid;runway-jupiter;yttemporal-180m,Allen Institute for AI;ByteDance;Meta;Nvidia;Runway;Snap;Stability AI;Tencent;University of Washington,USED_BY
Shintaro Higashi,Shintaro Higashi,,922,788,34,18,20,19,19,1,23,0,0,0,hdvg130m;hdvila100m;howto100m;internvid;koala36m;panda70m;runway-jupiter;yttemporal-180m,hdvg130m;hdvila100m;internvid;runway-jupiter;yttemporal-180m,Allen Institute for AI;ByteDance;Meta;Nvidia;Runway;Snap;Stability AI;Tencent;University of Washington,USED_BY
Cocomelon - Nursery Rhymes,Cocomelon - Nursery Rhymes,,1101,887,1,205,1,1,1,0,1,0,1,3,hdvg130m;hdvila100m;internvid;koala36m;panda70m;runway-jupiter;vidgen1m;youtube8m;yttemporal-180m,hdvg130m;hdvila100m;internvid;runway-jupiter;vidgen1m;yttemporal-180m,Allen Institute for AI;Amazon;ByteDance;Meta;Nvidia;Runway;Snap;Stability AI;Tencent;University of Washington,USED_BY
Travis Sickle,Travis Sickle,,763,737,0,26,0,0,0,0,0,0,0,0,internvid;runway-jupiter,internvid;runway-jupiter,ByteDance;Runway;Stability AI,USED_BY
Go Go Go!,Go Go Go!,,875,875,0,0,0,0,0,0,0,0,0,0,runway-jupiter,runway-jupiter,Runway,USED_BY
DUST,DUST,,1296,757,113,15,95,95,85,0,57,46,33,0,hdvg130m;hdvila100m;internvid;koala36m;openvid1m;panda70m;runway-jupiter;vidgen1m;yttemporal-180m,hdvg130m;hdvila100m;internvid;openvid1m;runway-jupiter;vidgen1m;yttemporal-180m,Allen Institute for AI;Amazon;ByteDance;Kuaishou;Meta;Microsoft;Nvidia;Runway;Snap;Stability AI;Tencent;University of Washington,USED_BY
The Try Guys,The Try Guys,,2510,731,14,40,335,334,325,20,235,356,120,0,hdvg130m;hdvila100m;howto100m;internvid;koala36m;openvid1m;panda70m;runway-jupiter;vidgen1m;yttemporal-180m,hdvg130m;hdvila100m;internvid;openvid1m;runway-jupiter;vidgen1m;yttemporal-180m,Allen Institute for AI;Amazon;ByteDance;Kuaishou;Meta;Microsoft;Nvidia;Runway;Snap;Stability AI;Tencent;University of Washington,USED_BY
DAZN Darts,DAZN Darts,,737,737,0,0,0,0,0,0,0,0,0,0,runway-jupiter,runway-jupiter,Runway,USED_BY
REI,REI,,2279,1016,342,71,204,178,170,49,133,78,30,8,hdvg130m;hdvila100m;howto100m;internvid;koala36m;openvid1m;panda70m;runway-jupiter;vidgen1m;youtube8m;yttemporal-180m,hdvg130m;hdvila100m;internvid;openvid1m;runway-jupiter;vidgen1m;yttemporal-180m,Allen Institute for AI;Amazon;ByteDance;Kuaishou;Meta;Microsoft;Nvidia;Runway;Snap;Stability AI;Tencent;University of Washington,USED_BY
fightTIPS,fightTIPS,,2521,1072,436,83,247,228,217,29,155,22,16,16,hdvg130m;hdvila100m;howto100m;internvid;koala36m;openvid1m;panda70m;runway-jupiter;vidgen1m;youtube8m;yttemporal-180m,hdvg130m;hdvila100m;internvid;openvid1m;runway-jupiter;vidgen1m;yttemporal-180m,Allen Institute for AI;Amazon;ByteDance;Kuaishou;Meta;Microsoft;Nvidia;Runway;Snap;Stability AI;Tencent;University of Washington,USED_BY
TKOR,TKOR,,6205,1412,851,67,883,814,786,402,518,140,319,13,hdvg130m;hdvila100m;howto100m;internvid;koala36m;openvid1m;panda70m;runway-jupiter;vidgen1m;youtube8m;yttemporal-180m,hdvg130m;hdvila100m;internvid;openvid1m;runway-jupiter;vidgen1m;yttemporal-180m,Allen Institute for AI;Amazon;ByteDance;Kuaishou;Meta;Microsoft;Nvidia;Runway;Snap;Stability AI;Tencent;University of Washington,USED_BY
Avatar: The Last Airbender,Avatar: The Last Airbender,,853,835,0,18,0,0,0,0,0,0,0,0,internvid;runway-jupiter,internvid;runway-jupiter,ByteDance;Runway;Stability AI,USED_BY
Chill & Relax with Visual Effects,Chill & Relax with Visual Effects,,825,825,0,0,0,0,0,0,0,0,0,0,runway-jupiter,runway-jupiter,Runway,USED_BY
DP World Tour,DP World Tour,,4099,2703,422,86,228,228,215,1,154,12,47,3,hdvg130m;hdvila100m;howto100m;internvid;koala36m;openvid1m;panda70m;runway-jupiter;vidgen1m;youtube8m;yttemporal-180m,hdvg130m;hdvila100m;internvid;openvid1m;runway-jupiter;vidgen1m;yttemporal-180m,Allen Institute for AI;Amazon;ByteDance;Kuaishou;Meta;Microsoft;Nvidia;Runway;Snap;Stability AI;Tencent;University of Washington,USED_BY
Relaxing White Noise,Relaxing White Noise,,791,791,0,0,0,0,0,0,0,0,0,0,runway-jupiter,runway-jupiter,Runway,USED_BY
FoodieBoy 푸디보이,FoodieBoy 푸디보이,,1934,1551,0,16,83,82,79,1,44,52,26,0,hdvg130m;hdvila100m;howto100m;internvid;koala36m;openvid1m;panda70m;runway-jupiter;vidgen1m,hdvg130m;hdvila100m;internvid;openvid1m;runway-jupiter;vidgen1m,Amazon;ByteDance;Kuaishou;Meta;Microsoft;Nvidia;Runway;Snap;Stability AI;Tencent,USED_BY
Factnomenal,Factnomenal,,1495,686,150,9,131,130,121,9,87,132,40,0,hdvg130m;hdvila100m;howto100m;internvid;koala36m;openvid1m;panda70m;runway-jupiter;vidgen1m;yttemporal-180m,hdvg130m;hdvila100m;internvid;openvid1m;runway-jupiter;vidgen1m;yttemporal-180m,Allen Institute for AI;Amazon;ByteDance;Kuaishou;Meta;Microsoft;Nvidia;Runway;Snap;Stability AI;Tencent;University of Washington,USED_BY
CNET,CNET,,45021,16317,7273,320,5243,5197,4830,149,3431,932,686,643,hdvg130m;hdvila100m;howto100m;internvid;koala36m;openvid1m;panda70m;runway-jupiter;vidgen1m;youtube8m;yttemporal-180m,hdvg130m;hdvila100m;internvid;openvid1m;runway-jupiter;vidgen1m;yttemporal-180m,Allen Institute for AI;Amazon;ByteDance;Kuaishou;Meta;Microsoft;Nvidia;Runway;Snap;Stability AI;Tencent;University of Washington,USED_BY
Survival Gear,Survival Gear,,713,688,0,25,0,0,0,0,0,0,0,0,internvid;runway-jupiter,internvid;runway-jupiter,ByteDance;Runway;Stability AI,USED_BY
Truman's Hardwood Floor Refinishing & Cleaning,Truman's Hardwood Floor Refinishing & Cleaning,,1965,1812,22,16,48,6,5,50,6,0,0,0,hdvg130m;hdvila100m;howto100m;internvid;koala36m;panda70m;runway-jupiter;yttemporal-180m,hdvg130m;hdvila100m;internvid;runway-jupiter;yttemporal-180m,Allen Institute for AI;ByteDance;Meta;Nvidia;Runway;Snap;Stability AI;Tencent;University of Washington,USED_BY
Little Big Shots,Little Big Shots,,876,676,76,16,30,29,23,1,20,4,1,0,hdvg130m;hdvila100m;howto100m;internvid;koala36m;openvid1m;panda70m;runway-jupiter;vidgen1m;yttemporal-180m,hdvg130m;hdvila100m;internvid;openvid1m;runway-jupiter;vidgen1m;yttemporal-180m,Allen Institute for AI;Amazon;ByteDance;Kuaishou;Meta;Microsoft;Nvidia;Runway;Snap;Stability AI;Tencent;University of Washington,USED_BY
SBSKPOP X INKIGAYO,SBSKPOP X INKIGAYO,,15576,14468,0,236,1,1,0,0,0,0,0,870,hdvila100m;internvid;panda70m;runway-jupiter;youtube8m,hdvila100m;internvid;runway-jupiter,ByteDance;Meta;Runway;Snap;Stability AI;Tencent,USED_BY
H1 Unlimited,H1 Unlimited,,2728,2703,0,24,0,0,0,0,0,0,0,1,internvid;runway-jupiter;youtube8m,internvid;runway-jupiter,ByteDance;Runway;Stability AI,USED_BY
road.cc,road.cc,,915,892,2,7,2,1,1,2,1,0,0,7,hdvg130m;hdvila100m;howto100m;internvid;koala36m;panda70m;runway-jupiter;youtube8m;yttemporal-180m,hdvg130m;hdvila100m;internvid;runway-jupiter;yttemporal-180m,Allen Institute for AI;ByteDance;Meta;Nvidia;Runway;Snap;Stability AI;Tencent;University of Washington,USED_BY
Giants Live STRONGMAN,Giants Live STRONGMAN,,814,795,0,17,0,0,0,0,0,0,0,2,internvid;runway-jupiter;youtube8m,internvid;runway-jupiter,ByteDance;Runway;Stability AI,USED_BY
ExpertVillage Leaf Group,ExpertVillage Leaf Group,,33648,14247,8842,1068,3920,561,528,3455,374,22,22,609,hdvg130m;hdvila100m;howto100m;internvid;koala36m;openvid1m;panda70m;runway-jupiter;vidgen1m;youtube8m;yttemporal-180m,hdvg130m;hdvila100m;internvid;openvid1m;runway-jupiter;vidgen1m;yttemporal-180m,Allen Institute for AI;Amazon;ByteDance;Kuaishou;Meta;Microsoft;Nvidia;Runway;Snap;Stability AI;Tencent;University of Washington,USED_BY
Skallagrim,Skallagrim,,1489,1157,46,20,72,34,32,63,29,14,9,13,hdvg130m;hdvila100m;howto100m;internvid;koala36m;openvid1m;panda70m;runway-jupiter;vidgen1m;youtube8m;yttemporal-180m,hdvg130m;hdvila100m;internvid;openvid1m;runway-jupiter;vidgen1m;yttemporal-180m,Allen Institute for AI;Amazon;ByteDance;Kuaishou;Meta;Microsoft;Nvidia;Runway;Snap;Stability AI;Tencent;University of Washington,USED_BY
DJI,DJI,,2213,1073,239,21,229,228,183,1,154,30,25,30,hdvg130m;hdvila100m;howto100m;internvid;koala36m;openvid1m;panda70m;runway-jupiter;vidgen1m;youtube8m;yttemporal-180m,hdvg130m;hdvila100m;internvid;openvid1m;runway-jupiter;vidgen1m;yttemporal-180m,Allen Institute for AI;Amazon;ByteDance;Kuaishou;Meta;Microsoft;Nvidia;Runway;Snap;Stability AI;Tencent;University of Washington,USED_BY
Throneful,Throneful,,14405,13922,0,30,48,47,33,1,37,4,13,270,hdvg130m;hdvila100m;howto100m;internvid;koala36m;openvid1m;panda70m;runway-jupiter;vidgen1m;youtube8m,hdvg130m;hdvila100m;internvid;openvid1m;runway-jupiter;vidgen1m,Amazon;ByteDance;Kuaishou;Meta;Microsoft;Nvidia;Runway;Snap;Stability AI;Tencent,USED_BY
Chandler's Wild Life,Chandler's Wild Life,,1148,676,191,4,67,64,60,3,44,6,33,0,hdvg130m;hdvila100m;howto100m;internvid;koala36m;openvid1m;panda70m;runway-jupiter;vidgen1m;yttemporal-180m,hdvg130m;hdvila100m;internvid;openvid1m;runway-jupiter;vidgen1m;yttemporal-180m,Allen Institute for AI;Amazon;ByteDance;Kuaishou;Meta;Microsoft;Nvidia;Runway;Snap;Stability AI;Tencent;University of Washington,USED_BY
Binge Society,Binge Society,,5661,5570,0,91,0,0,0,0,0,0,0,0,internvid;runway-jupiter,internvid;runway-jupiter,ByteDance;Runway;Stability AI,USED_BY
MyBackyardBirding,MyBackyardBirding,,2059,1875,38,8,35,35,33,0,20,2,6,7,hdvg130m;hdvila100m;internvid;koala36m;openvid1m;panda70m;runway-jupiter;vidgen1m;youtube8m;yttemporal-180m,hdvg130m;hdvila100m;internvid;openvid1m;runway-jupiter;vidgen1m;yttemporal-180m,Allen Institute for AI;Amazon;ByteDance;Kuaishou;Meta;Microsoft;Nvidia;Runway;Snap;Stability AI;Tencent;University of Washington,USED_BY
ALTER,ALTER,,898,661,45,24,40,40,38,0,22,10,16,2,hdvg130m;hdvila100m;internvid;koala36m;openvid1m;panda70m;runway-jupiter;vidgen1m;youtube8m;yttemporal-180m,hdvg130m;hdvila100m;internvid;openvid1m;runway-jupiter;vidgen1m;yttemporal-180m,Allen Institute for AI;Amazon;ByteDance;Kuaishou;Meta;Microsoft;Nvidia;Runway;Snap;Stability AI;Tencent;University of Washington,USED_BY
Triton Trojans,Triton Trojans,,1787,1787,0,0,0,0,0,0,0,0,0,0,runway-jupiter,runway-jupiter,Runway,USED_BY
The NYC Walking Show,The NYC Walking Show,,1118,1118,0,0,0,0,0,0,0,0,0,0,runway-jupiter,runway-jupiter,Runway,USED_BY
옛드 : MBC 옛날 드라마,옛드 : MBC 옛날 드라마,,15512,14781,1,337,21,20,19,1,16,6,2,308,hdvg130m;hdvila100m;howto100m;internvid;koala36m;openvid1m;panda70m;runway-jupiter;vidgen1m;youtube8m;yttemporal-180m,hdvg130m;hdvila100m;internvid;openvid1m;runway-jupiter;vidgen1m;yttemporal-180m,Allen Institute for AI;Amazon;ByteDance;Kuaishou;Meta;Microsoft;Nvidia;Runway;Snap;Stability AI;Tencent;University of Washington,USED_BY
BBC,BBC,,20120,14489,2145,375,600,589,554,15,408,206,70,669,hdvg130m;hdvila100m;howto100m;internvid;koala36m;openvid1m;panda70m;runway-jupiter;vidgen1m;youtube8m;yttemporal-180m,hdvg130m;hdvila100m;internvid;openvid1m;runway-jupiter;vidgen1m;yttemporal-180m,Allen Institute for AI;Amazon;ByteDance;Kuaishou;Meta;Microsoft;Nvidia;Runway;Snap;Stability AI;Tencent;University of Washington,USED_BY
Goodyear FIA European Truck Racing Championship,Goodyear FIA European Truck Racing Championship,,765,763,0,2,0,0,0,0,0,0,0,0,internvid;runway-jupiter,internvid;runway-jupiter,ByteDance;Runway;Stability AI,USED_BY
Still Watching Netflix,Still Watching Netflix,,6154,5834,100,135,23,23,22,0,11,2,4,0,hdvg130m;hdvila100m;internvid;koala36m;openvid1m;panda70m;runway-jupiter;vidgen1m;yttemporal-180m,hdvg130m;hdvila100m;internvid;openvid1m;runway-jupiter;vidgen1m;yttemporal-180m,Allen Institute for AI;Amazon;ByteDance;Kuaishou;Meta;Microsoft;Nvidia;Runway;Snap;Stability AI;Tencent;University of Washington,USED_BY
Dope Gameplays,Dope Gameplays,,790,790,0,0,0,0,0,0,0,0,0,0,runway-jupiter,runway-jupiter,Runway,USED_BY
blogilates,blogilates,,2170,1071,317,58,193,136,133,92,85,38,36,11,hdvg130m;hdvila100m;howto100m;internvid;koala36m;openvid1m;panda70m;runway-jupiter;vidgen1m;youtube8m;yttemporal-180m,hdvg130m;hdvila100m;internvid;openvid1m;runway-jupiter;vidgen1m;yttemporal-180m,Allen Institute for AI;Amazon;ByteDance;Kuaishou;Meta;Microsoft;Nvidia;Runway;Snap;Stability AI;Tencent;University of Washington,USED_BY
Rambalac,Rambalac,,1019,1018,0,1,0,0,0,0,0,0,0,0,internvid;runway-jupiter,internvid;runway-jupiter,ByteDance;Runway;Stability AI,USED_BY
Tips Official,Tips Official,,4475,4283,37,24,21,21,6,0,13,0,1,69,hdvg130m;hdvila100m;internvid;koala36m;panda70m;runway-jupiter;vidgen1m;youtube8m;yttemporal-180m,hdvg130m;hdvila100m;internvid;runway-jupiter;vidgen1m;yttemporal-180m,Allen Institute for AI;Amazon;ByteDance;Meta;Nvidia;Runway;Snap;Stability AI;Tencent;University of Washington,USED_BY
LMG Vids,LMG Vids,,1189,1171,0,1,2,2,2,0,1,0,0,10,hdvg130m;hdvila100m;internvid;koala36m;panda70m;runway-jupiter;youtube8m,hdvg130m;hdvila100m;internvid;runway-jupiter,ByteDance;Meta;Nvidia;Runway;Snap;Stability AI;Tencent,USED_BY
Riahs Tie Dye,Riahs Tie Dye,,664,636,0,28,0,0,0,0,0,0,0,0,internvid;runway-jupiter,internvid;runway-jupiter,ByteDance;Runway;Stability AI,USED_BY
BWF TV,BWF TV,,14360,13214,317,29,198,199,188,0,136,18,33,28,hdvg130m;hdvila100m;internvid;koala36m;openvid1m;panda70m;runway-jupiter;vidgen1m;youtube8m;yttemporal-180m,hdvg130m;hdvila100m;internvid;openvid1m;runway-jupiter;vidgen1m;yttemporal-180m,Allen Institute for AI;Amazon;ByteDance;Kuaishou;Meta;Microsoft;Nvidia;Runway;Snap;Stability AI;Tencent;University of Washington,USED_BY
Lorien's Toy Box,Lorien's Toy Box,,1244,1173,3,0,5,2,2,5,2,0,1,51,hdvg130m;hdvila100m;howto100m;koala36m;panda70m;runway-jupiter;vidgen1m;youtube8m;yttemporal-180m,hdvg130m;hdvila100m;runway-jupiter;vidgen1m;yttemporal-180m,Allen Institute for AI;Amazon;ByteDance;Meta;Nvidia;Runway;Snap;Tencent;University of Washington,USED_BY
tagesschau,tagesschau,,13662,13609,0,52,0,0,0,0,0,0,0,1,internvid;runway-jupiter;youtube8m,internvid;runway-jupiter,ByteDance;Runway;Stability AI,USED_BY
Rick Shiels Golf,Rick Shiels Golf,,4625,1954,808,129,439,430,393,17,280,76,89,10,hdvg130m;hdvila100m;howto100m;internvid;koala36m;openvid1m;panda70m;runway-jupiter;vidgen1m;youtube8m;yttemporal-180m,hdvg130m;hdvila100m;internvid;openvid1m;runway-jupiter;vidgen1m;yttemporal-180m,Allen Institute for AI;Amazon;ByteDance;Kuaishou;Meta;Microsoft;Nvidia;Runway;Snap;Stability AI;Tencent;University of Washington,USED_BY
NASCAR,NASCAR,,26051,14705,3963,57,1855,1863,1704,2,1177,186,452,87,hdvg130m;hdvila100m;howto100m;internvid;koala36m;openvid1m;panda70m;runway-jupiter;vidgen1m;youtube8m;yttemporal-180m,hdvg130m;hdvila100m;internvid;openvid1m;runway-jupiter;vidgen1m;yttemporal-180m,Allen Institute for AI;Amazon;ByteDance;Kuaishou;Meta;Microsoft;Nvidia;Runway;Snap;Stability AI;Tencent;University of Washington,USED_BY
DrexFactor Poi,DrexFactor Poi,,1736,1545,3,151,8,3,3,5,1,0,0,17,hdvg130m;hdvila100m;howto100m;internvid;koala36m;panda70m;runway-jupiter;youtube8m;yttemporal-180m,hdvg130m;hdvila100m;internvid;runway-jupiter;yttemporal-180m,Allen Institute for AI;ByteDance;Meta;Nvidia;Runway;Snap;Stability AI;Tencent;University of Washington,USED_BY
Unsharpen,Unsharpen,,826,697,16,10,30,13,12,30,15,0,3,0,hdvg130m;hdvila100m;howto100m;internvid;koala36m;panda70m;runway-jupiter;vidgen1m;yttemporal-180m,hdvg130m;hdvila100m;internvid;runway-jupiter;vidgen1m;yttemporal-180m,Allen Institute for AI;Amazon;ByteDance;Meta;Nvidia;Runway;Snap;Stability AI;Tencent;University of Washington,USED_BY
Dogumentary TV,Dogumentary TV,,1109,1015,7,18,9,6,6,9,8,8,4,19,hdvg130m;hdvila100m;howto100m;internvid;koala36m;openvid1m;panda70m;runway-jupiter;vidgen1m;youtube8m;yttemporal-180m,hdvg130m;hdvila100m;internvid;openvid1m;runway-jupiter;vidgen1m;yttemporal-180m,Allen Institute for AI;Amazon;ByteDance;Kuaishou;Meta;Microsoft;Nvidia;Runway;Snap;Stability AI;Tencent;University of Washington,USED_BY
Animals Lovely,Animals Lovely,,656,656,0,0,0,0,0,0,0,0,0,0,runway-jupiter,runway-jupiter,Runway,USED_BY
WildBrain Superheroes,WildBrain Superheroes,,1916,1909,0,5,1,0,0,1,0,0,0,0,howto100m;internvid;panda70m;runway-jupiter,internvid;runway-jupiter,ByteDance;Runway;Stability AI,USED_BY
Washington Post,Washington Post,,21926,14221,2834,259,1128,1123,1033,14,714,458,115,27,hdvg130m;hdvila100m;howto100m;internvid;koala36m;openvid1m;panda70m;runway-jupiter;vidgen1m;youtube8m;yttemporal-180m,hdvg130m;hdvila100m;internvid;openvid1m;runway-jupiter;vidgen1m;yttemporal-180m,Allen Institute for AI;Amazon;ByteDance;Kuaishou;Meta;Microsoft;Nvidia;Runway;Snap;Stability AI;Tencent;University of Washington,USED_BY
딜라이트 Delight,딜라이트 Delight,,1836,968,0,21,160,160,155,0,94,200,78,0,hdvg130m;hdvila100m;internvid;koala36m;openvid1m;panda70m;runway-jupiter;vidgen1m,hdvg130m;hdvila100m;internvid;openvid1m;runway-jupiter;vidgen1m,Amazon;ByteDance;Kuaishou;Meta;Microsoft;Nvidia;Runway;Snap;Stability AI;Tencent,USED_BY
Salomon TV,Salomon TV,,1200,777,130,18,67,66,60,1,41,26,13,1,hdvg130m;hdvila100m;howto100m;internvid;koala36m;openvid1m;panda70m;runway-jupiter;vidgen1m;youtube8m;yttemporal-180m,hdvg130m;hdvila100m;internvid;openvid1m;runway-jupiter;vidgen1m;yttemporal-180m,Allen Institute for AI;Amazon;ByteDance;Kuaishou;Meta;Microsoft;Nvidia;Runway;Snap;Stability AI;Tencent;University of Washington,USED_BY
USA Gymnastics,USA Gymnastics,,16683,13904,1416,35,365,365,300,0,227,6,65,0,hdvg130m;hdvila100m;internvid;koala36m;openvid1m;panda70m;runway-jupiter;vidgen1m;yttemporal-180m,hdvg130m;hdvila100m;internvid;openvid1m;runway-jupiter;vidgen1m;yttemporal-180m,Allen Institute for AI;Amazon;ByteDance;Kuaishou;Meta;Microsoft;Nvidia;Runway;Snap;Stability AI;Tencent;University of Washington,USED_BY
Fashion Channel,Fashion Channel,,15358,14133,457,12,160,160,123,0,104,6,14,189,hdvg130m;hdvila100m;internvid;koala36m;openvid1m;panda70m;runway-jupiter;vidgen1m;youtube8m;yttemporal-180m,hdvg130m;hdvila100m;internvid;openvid1m;runway-jupiter;vidgen1m;yttemporal-180m,Allen Institute for AI;Amazon;ByteDance;Kuaishou;Meta;Microsoft;Nvidia;Runway;Snap;Stability AI;Tencent;University of Washington,USED_BY
UFC,UFC,,20281,13195,2236,144,1225,1228,1089,0,737,202,210,15,hdvg130m;hdvila100m;internvid;koala36m;openvid1m;panda70m;runway-jupiter;vidgen1m;youtube8m;yttemporal-180m,hdvg130m;hdvila100m;internvid;openvid1m;runway-jupiter;vidgen1m;yttemporal-180m,Allen Institute for AI;Amazon;ByteDance;Kuaishou;Meta;Microsoft;Nvidia;Runway;Snap;Stability AI;Tencent;University of Washington,USED_BY
Madman Films,Madman Films,,1064,1040,5,4,2,2,1,0,2,0,0,8,hdvg130m;hdvila100m;internvid;koala36m;panda70m;runway-jupiter;youtube8m;yttemporal-180m,hdvg130m;hdvila100m;internvid;runway-jupiter;yttemporal-180m,Allen Institute for AI;ByteDance;Meta;Nvidia;Runway;Snap;Stability AI;Tencent;University of Washington,USED_BY
Tony Jeffries,Tony Jeffries,,709,663,0,45,0,0,0,0,0,0,0,1,internvid;runway-jupiter;youtube8m,internvid;runway-jupiter,ByteDance;Runway;Stability AI,USED_BY
Jay Lee Painting,Jay Lee Painting,,714,677,2,28,2,2,2,0,0,0,0,1,hdvila100m;internvid;koala36m;panda70m;runway-jupiter;youtube8m;yttemporal-180m,hdvila100m;internvid;runway-jupiter;yttemporal-180m,Allen Institute for AI;ByteDance;Meta;Runway;Snap;Stability AI;Tencent;University of Washington,USED_BY
Woodworking Skill,Woodworking Skill,,611,595,0,16,0,0,0,0,0,0,0,0,internvid;runway-jupiter,internvid;runway-jupiter,ByteDance;Runway;Stability AI,USED_BY
/\/\ MARCHINGSPORT,/\/\ MARCHINGSPORT,,1802,1748,0,0,0,0,0,0,0,0,0,54,runway-jupiter;youtube8m,runway-jupiter,Runway,USED_BY
Gallop TV,Gallop TV,,13225,13215,0,10,0,0,0,0,0,0,0,0,internvid;runway-jupiter,internvid;runway-jupiter,ByteDance;Runway;Stability AI,USED_BY
BKXC,BKXC,,1910,770,342,18,167,164,160,3,121,84,81,0,hdvg130m;hdvila100m;howto100m;internvid;koala36m;openvid1m;panda70m;runway-jupiter;vidgen1m;yttemporal-180m,hdvg130m;hdvila100m;internvid;openvid1m;runway-jupiter;vidgen1m;yttemporal-180m,Allen Institute for AI;Amazon;ByteDance;Kuaishou;Meta;Microsoft;Nvidia;Runway;Snap;Stability AI;Tencent;University of Washington,USED_BY
FIA World Rallycross Championship,FIA World Rallycross Championship,,1282,843,128,8,75,75,68,0,51,10,5,19,hdvg130m;hdvila100m;internvid;koala36m;openvid1m;panda70m;runway-jupiter;vidgen1m;youtube8m;yttemporal-180m,hdvg130m;hdvila100m;internvid;openvid1m;runway-jupiter;vidgen1m;yttemporal-180m,Allen Institute for AI;Amazon;ByteDance;Kuaishou;Meta;Microsoft;Nvidia;Runway;Snap;Stability AI;Tencent;University of Washington,USED_BY
Shifting Lanes,Shifting Lanes,,1727,864,156,3,150,150,145,1,88,124,46,0,hdvg130m;hdvila100m;howto100m;internvid;koala36m;openvid1m;panda70m;runway-jupiter;vidgen1m;yttemporal-180m,hdvg130m;hdvila100m;internvid;openvid1m;runway-jupiter;vidgen1m;yttemporal-180m,Allen Institute for AI;Amazon;ByteDance;Kuaishou;Meta;Microsoft;Nvidia;Runway;Snap;Stability AI;Tencent;University of Washington,USED_BY
土豆の日記Cat's diary,土豆の日記Cat's diary,,586,586,0,0,0,0,0,0,0,0,0,0,runway-jupiter,runway-jupiter,Runway,USED_BY
FF Channel,FF Channel,,9734,9680,0,31,0,0,0,0,0,0,0,23,internvid;runway-jupiter;youtube8m,internvid;runway-jupiter,ByteDance;Runway;Stability AI,USED_BY
Voice of Armwrestling,Voice of Armwrestling,,1577,1556,0,21,0,0,0,0,0,0,0,0,internvid;runway-jupiter,internvid;runway-jupiter,ByteDance;Runway;Stability AI,USED_BY
The Royalty Family,The Royalty Family,,1221,646,192,94,64,63,59,1,42,28,32,0,hdvg130m;hdvila100m;howto100m;internvid;koala36m;openvid1m;panda70m;runway-jupiter;vidgen1m;yttemporal-180m,hdvg130m;hdvila100m;internvid;openvid1m;runway-jupiter;vidgen1m;yttemporal-180m,Allen Institute for AI;Amazon;ByteDance;Kuaishou;Meta;Microsoft;Nvidia;Runway;Snap;Stability AI;Tencent;University of Washington,USED_BY
McLaren,McLaren,,896,847,1,4,7,7,7,1,5,6,1,10,hdvg130m;hdvila100m;howto100m;internvid;koala36m;openvid1m;panda70m;runway-jupiter;vidgen1m;youtube8m;yttemporal-180m,hdvg130m;hdvila100m;internvid;openvid1m;runway-jupiter;vidgen1m;yttemporal-180m,Allen Institute for AI;Amazon;ByteDance;Kuaishou;Meta;Microsoft;Nvidia;Runway;Snap;Stability AI;Tencent;University of Washington,USED_BY
Home RenoVision DIY,Home RenoVision DIY,,1255,696,155,53,128,54,12,103,32,2,20,0,hdvg130m;hdvila100m;howto100m;internvid;koala36m;openvid1m;panda70m;runway-jupiter;vidgen1m;yttemporal-180m,hdvg130m;hdvila100m;internvid;openvid1m;runway-jupiter;vidgen1m;yttemporal-180m,Allen Institute for AI;Amazon;ByteDance;Kuaishou;Meta;Microsoft;Nvidia;Runway;Snap;Stability AI;Tencent;University of Washington,USED_BY
Predatory Fins,Predatory Fins,,1055,609,106,4,75,75,74,0,56,20,36,0,hdvg130m;hdvila100m;internvid;koala36m;openvid1m;panda70m;runway-jupiter;vidgen1m;yttemporal-180m,hdvg130m;hdvila100m;internvid;openvid1m;runway-jupiter;vidgen1m;yttemporal-180m,Allen Institute for AI;Amazon;ByteDance;Kuaishou;Meta;Microsoft;Nvidia;Runway;Snap;Stability AI;Tencent;University of Washington,USED_BY
Strawberry Shortcake - WildBrain,Strawberry Shortcake - WildBrain,,993,924,3,0,14,8,7,9,3,16,3,6,hdvg130m;hdvila100m;howto100m;koala36m;openvid1m;panda70m;runway-jupiter;vidgen1m;youtube8m;yttemporal-180m,hdvg130m;hdvila100m;openvid1m;runway-jupiter;vidgen1m;yttemporal-180m,Allen Institute for AI;Amazon;ByteDance;Kuaishou;Meta;Microsoft;Nvidia;Runway;Snap;Tencent;University of Washington,USED_BY
Adam Celadin,Adam Celadin,,1121,1050,9,25,13,3,3,13,1,2,0,2,hdvg130m;hdvila100m;howto100m;internvid;koala36m;openvid1m;panda70m;runway-jupiter;youtube8m;yttemporal-180m,hdvg130m;hdvila100m;internvid;openvid1m;runway-jupiter;yttemporal-180m,Allen Institute for AI;Amazon;ByteDance;Kuaishou;Meta;Microsoft;Nvidia;Runway;Snap;Stability AI;Tencent;University of Washington,USED_BY
History Latinoamérica,History Latinoamérica,,12379,12376,0,0,0,0,0,0,0,0,0,3,runway-jupiter;youtube8m,runway-jupiter,Runway,USED_BY
Chicago Symphony Orchestra,Chicago Symphony Orchestra,,765,758,0,3,0,0,0,0,0,0,0,4,internvid;runway-jupiter;youtube8m,internvid;runway-jupiter,ByteDance;Runway;Stability AI,USED_BY
The Smurfs • Official Channel!,The Smurfs • Official Channel!,,585,584,0,0,0,0,0,0,0,0,0,1,runway-jupiter;youtube8m,runway-jupiter,Runway,USED_BY
OHEMAA,OHEMAA,,623,620,0,3,0,0,0,0,0,0,0,0,internvid;runway-jupiter,internvid;runway-jupiter,ByteDance;Runway;Stability AI,USED_BY
All Action,All Action,,551,543,0,8,0,0,0,0,0,0,0,0,internvid;runway-jupiter,internvid;runway-jupiter,ByteDance;Runway;Stability AI,USED_BY
Masters of the Universe: He-Man & She-Ra,Masters of the Universe: He-Man & She-Ra,,993,966,8,0,2,2,2,0,3,0,0,10,hdvg130m;hdvila100m;koala36m;panda70m;runway-jupiter;youtube8m;yttemporal-180m,hdvg130m;hdvila100m;runway-jupiter;yttemporal-180m,Allen Institute for AI;ByteDance;Meta;Nvidia;Runway;Snap;Tencent;University of Washington,USED_BY
BBC Studios,BBC Studios,,5879,4256,764,59,107,107,104,0,65,30,20,367,hdvg130m;hdvila100m;internvid;koala36m;openvid1m;panda70m;runway-jupiter;vidgen1m;youtube8m;yttemporal-180m,hdvg130m;hdvila100m;internvid;openvid1m;runway-jupiter;vidgen1m;yttemporal-180m,Allen Institute for AI;Amazon;ByteDance;Kuaishou;Meta;Microsoft;Nvidia;Runway;Snap;Stability AI;Tencent;University of Washington,USED_BY
World Table Tennis,World Table Tennis,,12455,12206,1,64,1,1,1,0,1,0,0,180,hdvg130m;hdvila100m;internvid;koala36m;panda70m;runway-jupiter;youtube8m;yttemporal-180m,hdvg130m;hdvila100m;internvid;runway-jupiter;yttemporal-180m,Allen Institute for AI;ByteDance;Meta;Nvidia;Runway;Snap;Stability AI;Tencent;University of Washington,USED_BY
Mind Pump TV,Mind Pump TV,,1021,967,3,38,3,2,2,3,1,2,0,0,hdvg130m;hdvila100m;howto100m;internvid;koala36m;openvid1m;panda70m;runway-jupiter;yttemporal-180m,hdvg130m;hdvila100m;internvid;openvid1m;runway-jupiter;yttemporal-180m,Allen Institute for AI;Amazon;ByteDance;Kuaishou;Meta;Microsoft;Nvidia;Runway;Snap;Stability AI;Tencent;University of Washington,USED_BY
Veyilon Entertainment,Veyilon Entertainment,,592,589,0,3,0,0,0,0,0,0,0,0,internvid;runway-jupiter,internvid;runway-jupiter,ByteDance;Runway;Stability AI,USED_BY
The Educated Barfly,The Educated Barfly,,1204,824,72,11,80,27,27,80,17,64,2,0,hdvg130m;hdvila100m;howto100m;internvid;koala36m;openvid1m;panda70m;runway-jupiter;vidgen1m;yttemporal-180m,hdvg130m;hdvila100m;internvid;openvid1m;runway-jupiter;vidgen1m;yttemporal-180m,Allen Institute for AI;Amazon;ByteDance;Kuaishou;Meta;Microsoft;Nvidia;Runway;Snap;Stability AI;Tencent;University of Washington,USED_BY
Bethesda Softworks,Bethesda Softworks,,835,809,0,15,1,0,0,1,0,0,0,9,howto100m;internvid;panda70m;runway-jupiter;youtube8m,internvid;runway-jupiter,ByteDance;Runway;Stability AI,USED_BY
The Grand Tour,The Grand Tour,,739,527,75,22,28,28,25,0,19,14,1,0,hdvg130m;hdvila100m;internvid;koala36m;openvid1m;panda70m;runway-jupiter;vidgen1m;yttemporal-180m,hdvg130m;hdvila100m;internvid;openvid1m;runway-jupiter;vidgen1m;yttemporal-180m,Allen Institute for AI;Amazon;ByteDance;Kuaishou;Meta;Microsoft;Nvidia;Runway;Snap;Stability AI;Tencent;University of Washington,USED_BY
Encrypted Duck,Encrypted Duck,,520,520,0,0,0,0,0,0,0,0,0,0,runway-jupiter,runway-jupiter,Runway,USED_BY
Martha Stewart,Martha Stewart,,4467,2594,787,41,245,245,218,0,153,62,35,87,hdvg130m;hdvila100m;internvid;koala36m;openvid1m;panda70m;runway-jupiter;vidgen1m;youtube8m;yttemporal-180m,hdvg130m;hdvila100m;internvid;openvid1m;runway-jupiter;vidgen1m;yttemporal-180m,Allen Institute for AI;Amazon;ByteDance;Kuaishou;Meta;Microsoft;Nvidia;Runway;Snap;Stability AI;Tencent;University of Washington,USED_BY
Telemundo Deportes,Telemundo Deportes,,36584,12321,8261,9,4259,4264,3310,0,2845,956,294,65,hdvg130m;hdvila100m;internvid;koala36m;openvid1m;panda70m;runway-jupiter;vidgen1m;youtube8m;yttemporal-180m,hdvg130m;hdvila100m;internvid;openvid1m;runway-jupiter;vidgen1m;yttemporal-180m,Allen Institute for AI;Amazon;ByteDance;Kuaishou;Meta;Microsoft;Nvidia;Runway;Snap;Stability AI;Tencent;University of Washington,USED_BY
BuzzFeedVideo,BuzzFeedVideo,,14794,6581,2508,225,1460,1131,1040,519,701,450,137,42,hdvg130m;hdvila100m;howto100m;internvid;koala36m;openvid1m;panda70m;runway-jupiter;vidgen1m;youtube8m;yttemporal-180m,hdvg130m;hdvila100m;internvid;openvid1m;runway-jupiter;vidgen1m;yttemporal-180m,Allen Institute for AI;Amazon;ByteDance;Kuaishou;Meta;Microsoft;Nvidia;Runway;Snap;Stability AI;Tencent;University of Washington,USED_BY
TheGodlyNoob,TheGodlyNoob,,539,538,0,1,0,0,0,0,0,0,0,0,internvid;runway-jupiter,internvid;runway-jupiter,ByteDance;Runway;Stability AI,USED_BY
Eitan Bernath,Eitan Bernath,,831,704,19,8,19,9,9,19,8,30,6,0,hdvg130m;hdvila100m;howto100m;internvid;koala36m;openvid1m;panda70m;runway-jupiter;vidgen1m;yttemporal-180m,hdvg130m;hdvila100m;internvid;openvid1m;runway-jupiter;vidgen1m;yttemporal-180m,Allen Institute for AI;Amazon;ByteDance;Kuaishou;Meta;Microsoft;Nvidia;Runway;Snap;Stability AI;Tencent;University of Washington,USED_BY
TGG,TGG,,560,542,0,18,0,0,0,0,0,0,0,0,internvid;runway-jupiter,internvid;runway-jupiter,ByteDance;Runway;Stability AI,USED_BY
NBC Sports,NBC Sports,,15153,11576,1703,63,569,570,179,0,355,98,29,11,hdvg130m;hdvila100m;internvid;koala36m;openvid1m;panda70m;runway-jupiter;vidgen1m;youtube8m;yttemporal-180m,hdvg130m;hdvila100m;internvid;openvid1m;runway-jupiter;vidgen1m;yttemporal-180m,Allen Institute for AI;Amazon;ByteDance;Kuaishou;Meta;Microsoft;Nvidia;Runway;Snap;Stability AI;Tencent;University of Washington,USED_BY
Hydraulic Press Channel,Hydraulic Press Channel,,908,598,58,25,62,56,56,9,40,0,4,0,hdvg130m;hdvila100m;howto100m;internvid;koala36m;panda70m;runway-jupiter;vidgen1m;yttemporal-180m,hdvg130m;hdvila100m;internvid;runway-jupiter;vidgen1m;yttemporal-180m,Allen Institute for AI;Amazon;ByteDance;Meta;Nvidia;Runway;Snap;Stability AI;Tencent;University of Washington,USED_BY
Aviation International News,Aviation International News,,1025,985,1,6,5,5,5,1,4,4,0,9,hdvg130m;hdvila100m;howto100m;internvid;koala36m;openvid1m;panda70m;runway-jupiter;youtube8m;yttemporal-180m,hdvg130m;hdvila100m;internvid;openvid1m;runway-jupiter;yttemporal-180m,Allen Institute for AI;Amazon;ByteDance;Kuaishou;Meta;Microsoft;Nvidia;Runway;Snap;Stability AI;Tencent;University of Washington,USED_BY
ONE Media +,ONE Media +,,9053,8630,0,2,88,87,2,1,52,0,12,179,hdvg130m;hdvila100m;howto100m;internvid;koala36m;panda70m;runway-jupiter;vidgen1m;youtube8m,hdvg130m;hdvila100m;internvid;runway-jupiter;vidgen1m,Amazon;ByteDance;Meta;Nvidia;Runway;Snap;Stability AI;Tencent,USED_BY
Boho Beautiful Yoga,Boho Beautiful Yoga,,989,505,157,34,75,63,61,16,36,26,16,0,hdvg130m;hdvila100m;howto100m;internvid;koala36m;openvid1m;panda70m;runway-jupiter;vidgen1m;yttemporal-180m,hdvg130m;hdvila100m;internvid;openvid1m;runway-jupiter;vidgen1m;yttemporal-180m,Allen Institute for AI;Amazon;ByteDance;Kuaishou;Meta;Microsoft;Nvidia;Runway;Snap;Stability AI;Tencent;University of Washington,USED_BY
CCTV纪录,CCTV纪录,,11401,10974,0,427,0,0,0,0,0,0,0,0,internvid;runway-jupiter,internvid;runway-jupiter,ByteDance;Runway;Stability AI,USED_BY
Iain Campbell,Iain Campbell,,501,496,0,5,0,0,0,0,0,0,0,0,internvid;runway-jupiter,internvid;runway-jupiter,ByteDance;Runway;Stability AI,USED_BY
Reuters,Reuters,,11208,10694,0,514,0,0,0,0,0,0,0,0,internvid;runway-jupiter,internvid;runway-jupiter,ByteDance;Runway;Stability AI,USED_BY
Harley-Davidson,Harley-Davidson,,1302,1281,1,7,3,2,1,2,1,2,0,2,hdvg130m;hdvila100m;howto100m;internvid;koala36m;openvid1m;panda70m;runway-jupiter;youtube8m;yttemporal-180m,hdvg130m;hdvila100m;internvid;openvid1m;runway-jupiter;yttemporal-180m,Allen Institute for AI;Amazon;ByteDance;Kuaishou;Meta;Microsoft;Nvidia;Runway;Snap;Stability AI;Tencent;University of Washington,USED_BY
ThatDudeCanCook,ThatDudeCanCook,,526,488,0,38,0,0,0,0,0,0,0,0,internvid;runway-jupiter,internvid;runway-jupiter,ByteDance;Runway;Stability AI,USED_BY
Concacaf,Concacaf,,12022,10647,635,3,231,231,0,0,146,0,17,112,hdvg130m;hdvila100m;internvid;panda70m;runway-jupiter;vidgen1m;youtube8m;yttemporal-180m,hdvg130m;hdvila100m;internvid;runway-jupiter;vidgen1m;yttemporal-180m,Allen Institute for AI;Amazon;ByteDance;Meta;Nvidia;Runway;Snap;Stability AI;Tencent;University of Washington,USED_BY
The Bearded Butchers,The Bearded Butchers,,838,768,9,14,12,7,6,12,5,0,5,0,hdvg130m;hdvila100m;howto100m;internvid;koala36m;panda70m;runway-jupiter;vidgen1m;yttemporal-180m,hdvg130m;hdvila100m;internvid;runway-jupiter;vidgen1m;yttemporal-180m,Allen Institute for AI;Amazon;ByteDance;Meta;Nvidia;Runway;Snap;Stability AI;Tencent;University of Washington,USED_BY
Gavin Webber,Gavin Webber,,1026,662,70,0,103,26,26,103,15,20,1,0,hdvg130m;hdvila100m;howto100m;koala36m;openvid1m;panda70m;runway-jupiter;vidgen1m;yttemporal-180m,hdvg130m;hdvila100m;openvid1m;runway-jupiter;vidgen1m;yttemporal-180m,Allen Institute for AI;Amazon;ByteDance;Kuaishou;Meta;Microsoft;Nvidia;Runway;Snap;Tencent;University of Washington,USED_BY
Something About Gorillas ゴリラっぱTV,Something About Gorillas ゴリラっぱTV,,629,629,0,0,0,0,0,0,0,0,0,0,runway-jupiter,runway-jupiter,Runway,USED_BY
Paul Cuffaro,Paul Cuffaro,,2544,886,437,21,282,264,256,26,177,36,159,0,hdvg130m;hdvila100m;howto100m;internvid;koala36m;openvid1m;panda70m;runway-jupiter;vidgen1m;yttemporal-180m,hdvg130m;hdvila100m;internvid;openvid1m;runway-jupiter;vidgen1m;yttemporal-180m,Allen Institute for AI;Amazon;ByteDance;Kuaishou;Meta;Microsoft;Nvidia;Runway;Snap;Stability AI;Tencent;University of Washington,USED_BY
Popcornflix,Popcornflix,,758,646,65,0,15,15,7,0,10,0,0,0,hdvg130m;hdvila100m;koala36m;panda70m;runway-jupiter;yttemporal-180m,hdvg130m;hdvila100m;runway-jupiter;yttemporal-180m,Allen Institute for AI;ByteDance;Meta;Nvidia;Runway;Snap;Tencent;University of Washington,USED_BY
Wavy Boats,Wavy Boats,,514,487,0,27,0,0,0,0,0,0,0,0,internvid;runway-jupiter,internvid;runway-jupiter,ByteDance;Runway;Stability AI,USED_BY
OmarGoshTV,OmarGoshTV,,1288,571,189,3,124,107,104,30,76,42,34,8,hdvg130m;hdvila100m;howto100m;internvid;koala36m;openvid1m;panda70m;runway-jupiter;vidgen1m;youtube8m;yttemporal-180m,hdvg130m;hdvila100m;internvid;openvid1m;runway-jupiter;vidgen1m;yttemporal-180m,Allen Institute for AI;Amazon;ByteDance;Kuaishou;Meta;Microsoft;Nvidia;Runway;Snap;Stability AI;Tencent;University of Washington,USED_BY
League of Legends,League of Legends,,1339,1145,1,58,32,26,17,7,15,0,1,37,hdvg130m;hdvila100m;howto100m;internvid;koala36m;panda70m;runway-jupiter;vidgen1m;youtube8m;yttemporal-180m,hdvg130m;hdvila100m;internvid;runway-jupiter;vidgen1m;yttemporal-180m,Allen Institute for AI;Amazon;ByteDance;Meta;Nvidia;Runway;Snap;Stability AI;Tencent;University of Washington,USED_BY
Enduro Life Media,Enduro Life Media,,538,506,0,32,0,0,0,0,0,0,0,0,internvid;runway-jupiter,internvid;runway-jupiter,ByteDance;Runway;Stability AI,USED_BY
Man Flow Yoga,Man Flow Yoga,,1000,990,0,7,1,0,0,1,0,0,0,1,howto100m;internvid;panda70m;runway-jupiter;youtube8m,internvid;runway-jupiter,ByteDance;Runway;Stability AI,USED_BY
Adam Ragusea,Adam Ragusea,,942,488,120,54,54,54,53,1,39,48,31,0,hdvg130m;hdvila100m;howto100m;internvid;koala36m;openvid1m;panda70m;runway-jupiter;vidgen1m;yttemporal-180m,hdvg130m;hdvila100m;internvid;openvid1m;runway-jupiter;vidgen1m;yttemporal-180m,Allen Institute for AI;Amazon;ByteDance;Kuaishou;Meta;Microsoft;Nvidia;Runway;Snap;Stability AI;Tencent;University of Washington,USED_BY
Calligraphy Masters,Calligraphy Masters,,516,492,2,12,4,1,1,4,0,0,0,0,hdvila100m;howto100m;internvid;koala36m;panda70m;runway-jupiter;yttemporal-180m,hdvila100m;internvid;runway-jupiter;yttemporal-180m,Allen Institute for AI;ByteDance;Meta;Runway;Snap;Stability AI;Tencent;University of Washington,USED_BY
Tedward,Tedward,,731,726,0,5,0,0,0,0,0,0,0,0,internvid;runway-jupiter,internvid;runway-jupiter,ByteDance;Runway;Stability AI,USED_BY
DaveHax,DaveHax,,1630,591,231,36,246,97,93,218,67,36,14,1,hdvg130m;hdvila100m;howto100m;internvid;koala36m;openvid1m;panda70m;runway-jupiter;vidgen1m;youtube8m;yttemporal-180m,hdvg130m;hdvila100m;internvid;openvid1m;runway-jupiter;vidgen1m;yttemporal-180m,Allen Institute for AI;Amazon;ByteDance;Kuaishou;Meta;Microsoft;Nvidia;Runway;Snap;Stability AI;Tencent;University of Washington,USED_BY
Throdle,Throdle,,669,667,0,2,0,0,0,0,0,0,0,0,internvid;runway-jupiter,internvid;runway-jupiter,ByteDance;Runway;Stability AI,USED_BY
Let's ask Shogo | Your Japanese friend in Kyoto,Let's ask Shogo | Your Japanese friend in Kyoto,,591,560,0,31,0,0,0,0,0,0,0,0,internvid;runway-jupiter,internvid;runway-jupiter,ByteDance;Runway;Stability AI,USED_BY
MOLLY'S ARTISTRY,MOLLY'S ARTISTRY,,581,561,0,20,0,0,0,0,0,0,0,0,internvid;runway-jupiter,internvid;runway-jupiter,ByteDance;Runway;Stability AI,USED_BY
Hipyo Tech,Hipyo Tech,,476,470,0,5,0,0,0,0,0,0,0,1,internvid;runway-jupiter;youtube8m,internvid;runway-jupiter,ByteDance;Runway;Stability AI,USED_BY
FIL Luge,FIL Luge,,480,470,0,10,0,0,0,0,0,0,0,0,internvid;runway-jupiter,internvid;runway-jupiter,ByteDance;Runway;Stability AI,USED_BY
Clean My Space,Clean My Space,,2549,849,385,94,386,146,142,348,96,52,26,25,hdvg130m;hdvila100m;howto100m;internvid;koala36m;openvid1m;panda70m;runway-jupiter;vidgen1m;youtube8m;yttemporal-180m,hdvg130m;hdvila100m;internvid;openvid1m;runway-jupiter;vidgen1m;yttemporal-180m,Allen Institute for AI;Amazon;ByteDance;Kuaishou;Meta;Microsoft;Nvidia;Runway;Snap;Stability AI;Tencent;University of Washington,USED_BY
Monterey Bay Aquarium,Monterey Bay Aquarium,,871,706,41,1,33,33,29,0,23,2,3,0,hdvg130m;hdvila100m;internvid;koala36m;openvid1m;panda70m;runway-jupiter;vidgen1m;yttemporal-180m,hdvg130m;hdvila100m;internvid;openvid1m;runway-jupiter;vidgen1m;yttemporal-180m,Allen Institute for AI;Amazon;ByteDance;Kuaishou;Meta;Microsoft;Nvidia;Runway;Snap;Stability AI;Tencent;University of Washington,USED_BY
"Food & Travel with ""Danny The Medic""","Food & Travel with ""Danny The Medic""",,470,469,0,1,0,0,0,0,0,0,0,0,internvid;runway-jupiter,internvid;runway-jupiter,ByteDance;Runway;Stability AI,USED_BY
Matt's Off Road Recovery,Matt's Off Road Recovery,,600,583,0,17,0,0,0,0,0,0,0,0,internvid;runway-jupiter,internvid;runway-jupiter,ByteDance;Runway;Stability AI,USED_BY
Team Liquid CS2 | Counter Strike,Team Liquid CS2 | Counter Strike,,718,716,0,2,0,0,0,0,0,0,0,0,internvid;runway-jupiter,internvid;runway-jupiter,ByteDance;Runway;Stability AI,USED_BY
Australian Open TV,Australian Open TV,,13621,10543,961,33,523,524,474,0,331,72,65,95,hdvg130m;hdvila100m;internvid;koala36m;openvid1m;panda70m;runway-jupiter;vidgen1m;youtube8m;yttemporal-180m,hdvg130m;hdvila100m;internvid;openvid1m;runway-jupiter;vidgen1m;yttemporal-180m,Allen Institute for AI;Amazon;ByteDance;Kuaishou;Meta;Microsoft;Nvidia;Runway;Snap;Stability AI;Tencent;University of Washington,USED_BY
KinoCheck Sci-Fi,KinoCheck Sci-Fi,,456,456,0,0,0,0,0,0,0,0,0,0,runway-jupiter,runway-jupiter,Runway,USED_BY
The Relaxed Walker,The Relaxed Walker,,456,456,0,0,0,0,0,0,0,0,0,0,runway-jupiter,runway-jupiter,Runway,USED_BY
Neeves Knives,Neeves Knives,,2108,2086,0,22,0,0,0,0,0,0,0,0,internvid;runway-jupiter,internvid;runway-jupiter,ByteDance;Runway;Stability AI,USED_BY
Intuitive Tennis,Intuitive Tennis,,517,478,0,39,0,0,0,0,0,0,0,0,internvid;runway-jupiter,internvid;runway-jupiter,ByteDance;Runway;Stability AI,USED_BY
Mr SunY,Mr SunY,,698,694,0,4,0,0,0,0,0,0,0,0,internvid;runway-jupiter,internvid;runway-jupiter,ByteDance;Runway;Stability AI,USED_BY
✿ Kids Diana Show,✿ Kids Diana Show,,4327,1104,0,253,613,612,582,5,383,622,152,1,hdvg130m;hdvila100m;howto100m;internvid;koala36m;openvid1m;panda70m;runway-jupiter;vidgen1m;youtube8m,hdvg130m;hdvila100m;internvid;openvid1m;runway-jupiter;vidgen1m,Amazon;ByteDance;Kuaishou;Meta;Microsoft;Nvidia;Runway;Snap;Stability AI;Tencent,USED_BY
ChessBase India,ChessBase India,,9525,9479,0,46,0,0,0,0,0,0,0,0,internvid;runway-jupiter,internvid;runway-jupiter,ByteDance;Runway;Stability AI,USED_BY
KeefCooks,KeefCooks,,1444,518,179,0,199,62,60,200,43,170,12,1,hdvg130m;hdvila100m;howto100m;koala36m;openvid1m;panda70m;runway-jupiter;vidgen1m;youtube8m;yttemporal-180m,hdvg130m;hdvila100m;openvid1m;runway-jupiter;vidgen1m;yttemporal-180m,Allen Institute for AI;Amazon;ByteDance;Kuaishou;Meta;Microsoft;Nvidia;Runway;Snap;Tencent;University of Washington,USED_BY
BabyCenter,BabyCenter,,542,496,4,25,4,2,2,4,0,4,1,0,hdvila100m;howto100m;internvid;koala36m;openvid1m;panda70m;runway-jupiter;vidgen1m;yttemporal-180m,hdvila100m;internvid;openvid1m;runway-jupiter;vidgen1m;yttemporal-180m,Allen Institute for AI;Amazon;ByteDance;Kuaishou;Meta;Microsoft;Nvidia;Runway;Snap;Stability AI;Tencent;University of Washington,USED_BY
ChuChu TV Nursery Rhymes & Kids Songs,ChuChu TV Nursery Rhymes & Kids Songs,,674,586,6,51,9,6,6,4,4,0,2,0,hdvg130m;hdvila100m;howto100m;internvid;koala36m;panda70m;runway-jupiter;vidgen1m;yttemporal-180m,hdvg130m;hdvila100m;internvid;runway-jupiter;vidgen1m;yttemporal-180m,Allen Institute for AI;Amazon;ByteDance;Meta;Nvidia;Runway;Snap;Stability AI;Tencent;University of Washington,USED_BY
megsquats,megsquats,,1314,590,260,14,107,105,104,3,64,20,43,4,hdvg130m;hdvila100m;howto100m;internvid;koala36m;openvid1m;panda70m;runway-jupiter;vidgen1m;youtube8m;yttemporal-180m,hdvg130m;hdvila100m;internvid;openvid1m;runway-jupiter;vidgen1m;yttemporal-180m,Allen Institute for AI;Amazon;ByteDance;Kuaishou;Meta;Microsoft;Nvidia;Runway;Snap;Stability AI;Tencent;University of Washington,USED_BY
Itchy Boots,Itchy Boots,,493,490,0,3,0,0,0,0,0,0,0,0,internvid;runway-jupiter,internvid;runway-jupiter,ByteDance;Runway;Stability AI,USED_BY
Super Simple Songs - Kids Songs,Super Simple Songs - Kids Songs,,1212,653,80,96,118,44,43,89,22,44,18,5,hdvg130m;hdvila100m;howto100m;internvid;koala36m;openvid1m;panda70m;runway-jupiter;vidgen1m;youtube8m;yttemporal-180m,hdvg130m;hdvila100m;internvid;openvid1m;runway-jupiter;vidgen1m;yttemporal-180m,Allen Institute for AI;Amazon;ByteDance;Kuaishou;Meta;Microsoft;Nvidia;Runway;Snap;Stability AI;Tencent;University of Washington,USED_BY
Alpha TV Greece,Alpha TV Greece,,8760,8760,0,0,0,0,0,0,0,0,0,0,runway-jupiter,runway-jupiter,Runway,USED_BY
Seoul Walker,Seoul Walker,,669,669,0,0,0,0,0,0,0,0,0,0,runway-jupiter,runway-jupiter,Runway,USED_BY
Mai Pham,Mai Pham,,571,554,0,11,2,0,0,2,0,0,0,2,howto100m;internvid;panda70m;runway-jupiter;youtube8m,internvid;runway-jupiter,ByteDance;Runway;Stability AI,USED_BY
2 Guys & A Cooler,2 Guys & A Cooler,,545,452,10,17,27,4,4,27,3,0,1,0,hdvg130m;hdvila100m;howto100m;internvid;koala36m;panda70m;runway-jupiter;vidgen1m;yttemporal-180m,hdvg130m;hdvila100m;internvid;runway-jupiter;vidgen1m;yttemporal-180m,Allen Institute for AI;Amazon;ByteDance;Meta;Nvidia;Runway;Snap;Stability AI;Tencent;University of Washington,USED_BY
cricket.com.au,cricket.com.au,,13877,9774,1530,117,710,710,268,0,471,26,111,160,hdvg130m;hdvila100m;internvid;koala36m;openvid1m;panda70m;runway-jupiter;vidgen1m;youtube8m;yttemporal-180m,hdvg130m;hdvila100m;internvid;openvid1m;runway-jupiter;vidgen1m;yttemporal-180m,Allen Institute for AI;Amazon;ByteDance;Kuaishou;Meta;Microsoft;Nvidia;Runway;Snap;Stability AI;Tencent;University of Washington,USED_BY
TheCGBros,TheCGBros,,5306,4033,251,23,244,242,182,6,162,34,36,93,hdvg130m;hdvila100m;howto100m;internvid;koala36m;openvid1m;panda70m;runway-jupiter;vidgen1m;youtube8m;yttemporal-180m,hdvg130m;hdvila100m;internvid;openvid1m;runway-jupiter;vidgen1m;yttemporal-180m,Allen Institute for AI;Amazon;ByteDance;Kuaishou;Meta;Microsoft;Nvidia;Runway;Snap;Stability AI;Tencent;University of Washington,USED_BY
Netflix Jr.,Netflix Jr.,,1992,1815,31,34,27,27,27,0,14,10,7,0,hdvg130m;hdvila100m;internvid;koala36m;openvid1m;panda70m;runway-jupiter;vidgen1m;yttemporal-180m,hdvg130m;hdvila100m;internvid;openvid1m;runway-jupiter;vidgen1m;yttemporal-180m,Allen Institute for AI;Amazon;ByteDance;Kuaishou;Meta;Microsoft;Nvidia;Runway;Snap;Stability AI;Tencent;University of Washington,USED_BY
MOUNTAIN TREKKER,MOUNTAIN TREKKER,,1204,516,158,1,127,127,123,2,84,16,50,0,hdvg130m;hdvila100m;howto100m;internvid;koala36m;openvid1m;panda70m;runway-jupiter;vidgen1m;yttemporal-180m,hdvg130m;hdvila100m;internvid;openvid1m;runway-jupiter;vidgen1m;yttemporal-180m,Allen Institute for AI;Amazon;ByteDance;Kuaishou;Meta;Microsoft;Nvidia;Runway;Snap;Stability AI;Tencent;University of Washington,USED_BY
Red Bull,Red Bull,,11055,5134,1704,208,933,928,820,20,606,244,247,211,hdvg130m;hdvila100m;howto100m;internvid;koala36m;openvid1m;panda70m;runway-jupiter;vidgen1m;youtube8m;yttemporal-180m,hdvg130m;hdvila100m;internvid;openvid1m;runway-jupiter;vidgen1m;yttemporal-180m,Allen Institute for AI;Amazon;ByteDance;Kuaishou;Meta;Microsoft;Nvidia;Runway;Snap;Stability AI;Tencent;University of Washington,USED_BY
The Fun Squad,The Fun Squad,,847,429,112,34,50,46,46,8,33,68,21,0,hdvg130m;hdvila100m;howto100m;internvid;koala36m;openvid1m;panda70m;runway-jupiter;vidgen1m;yttemporal-180m,hdvg130m;hdvila100m;internvid;openvid1m;runway-jupiter;vidgen1m;yttemporal-180m,Allen Institute for AI;Amazon;ByteDance;Kuaishou;Meta;Microsoft;Nvidia;Runway;Snap;Stability AI;Tencent;University of Washington,USED_BY
Sailing La Vagabonde,Sailing La Vagabonde,,1201,482,136,6,113,111,108,8,70,114,53,0,hdvg130m;hdvila100m;howto100m;internvid;koala36m;openvid1m;panda70m;runway-jupiter;vidgen1m;yttemporal-180m,hdvg130m;hdvila100m;internvid;openvid1m;runway-jupiter;vidgen1m;yttemporal-180m,Allen Institute for AI;Amazon;ByteDance;Kuaishou;Meta;Microsoft;Nvidia;Runway;Snap;Stability AI;Tencent;University of Washington,USED_BY
AlmazanKitchen,AlmazanKitchen,,513,499,0,10,2,0,0,2,0,0,0,0,howto100m;internvid;panda70m;runway-jupiter,internvid;runway-jupiter,ByteDance;Runway;Stability AI,USED_BY
Autocar,Autocar,,4434,1303,611,13,556,557,528,1,350,312,144,59,hdvg130m;hdvila100m;howto100m;internvid;koala36m;openvid1m;panda70m;runway-jupiter;vidgen1m;youtube8m;yttemporal-180m,hdvg130m;hdvila100m;internvid;openvid1m;runway-jupiter;vidgen1m;yttemporal-180m,Allen Institute for AI;Amazon;ByteDance;Kuaishou;Meta;Microsoft;Nvidia;Runway;Snap;Stability AI;Tencent;University of Washington,USED_BY
China Chilli,China Chilli,,425,423,0,2,0,0,0,0,0,0,0,0,internvid;runway-jupiter,internvid;runway-jupiter,ByteDance;Runway;Stability AI,USED_BY
Mike The Scavenger,Mike The Scavenger,,737,727,1,5,2,0,0,2,0,0,0,0,howto100m;internvid;panda70m;runway-jupiter;yttemporal-180m,internvid;runway-jupiter;yttemporal-180m,Allen Institute for AI;ByteDance;Runway;Stability AI;University of Washington,USED_BY
Study Buddhism,Study Buddhism,,429,420,0,9,0,0,0,0,0,0,0,0,internvid;runway-jupiter,internvid;runway-jupiter,ByteDance;Runway;Stability AI,USED_BY
KBS Drama Classic,KBS Drama Classic,,8557,8449,0,108,0,0,0,0,0,0,0,0,internvid;runway-jupiter,internvid;runway-jupiter,ByteDance;Runway;Stability AI,USED_BY
ARMWRESTLING TV,ARMWRESTLING TV,,456,430,0,26,0,0,0,0,0,0,0,0,internvid;runway-jupiter,internvid;runway-jupiter,ByteDance;Runway;Stability AI,USED_BY
Stefan Drury,Stefan Drury,,454,434,1,9,3,1,1,3,0,2,0,0,hdvila100m;howto100m;internvid;koala36m;openvid1m;panda70m;runway-jupiter;yttemporal-180m,hdvila100m;internvid;openvid1m;runway-jupiter;yttemporal-180m,Allen Institute for AI;Amazon;ByteDance;Kuaishou;Meta;Microsoft;Nvidia;Runway;Snap;Stability AI;Tencent;University of Washington,USED_BY
Myntra,Myntra,,5211,5179,0,5,4,2,2,2,3,0,0,14,hdvg130m;hdvila100m;howto100m;internvid;koala36m;panda70m;runway-jupiter;youtube8m,hdvg130m;hdvila100m;internvid;runway-jupiter,ByteDance;Meta;Nvidia;Runway;Snap;Stability AI;Tencent,USED_BY
stu crompton,stu crompton,,722,523,32,20,41,13,13,41,10,22,6,1,hdvg130m;hdvila100m;howto100m;internvid;koala36m;openvid1m;panda70m;runway-jupiter;vidgen1m;youtube8m;yttemporal-180m,hdvg130m;hdvila100m;internvid;openvid1m;runway-jupiter;vidgen1m;yttemporal-180m,Allen Institute for AI;Amazon;ByteDance;Kuaishou;Meta;Microsoft;Nvidia;Runway;Snap;Stability AI;Tencent;University of Washington,USED_BY
Zoos Victoria,Zoos Victoria,,684,675,0,0,1,1,1,0,1,2,0,3,hdvg130m;hdvila100m;koala36m;openvid1m;panda70m;runway-jupiter;youtube8m,hdvg130m;hdvila100m;openvid1m;runway-jupiter,Amazon;ByteDance;Kuaishou;Meta;Microsoft;Nvidia;Runway;Snap;Tencent,USED_BY
Vox,Vox,,2165,1435,118,217,126,43,37,112,31,30,7,9,hdvg130m;hdvila100m;howto100m;internvid;koala36m;openvid1m;panda70m;runway-jupiter;vidgen1m;youtube8m;yttemporal-180m,hdvg130m;hdvila100m;internvid;openvid1m;runway-jupiter;vidgen1m;yttemporal-180m,Allen Institute for AI;Amazon;ByteDance;Kuaishou;Meta;Microsoft;Nvidia;Runway;Snap;Stability AI;Tencent;University of Washington,USED_BY
Ryan Williams,Ryan Williams,,1141,548,231,13,83,78,75,8,53,8,31,13,hdvg130m;hdvila100m;howto100m;internvid;koala36m;openvid1m;panda70m;runway-jupiter;vidgen1m;youtube8m;yttemporal-180m,hdvg130m;hdvila100m;internvid;openvid1m;runway-jupiter;vidgen1m;yttemporal-180m,Allen Institute for AI;Amazon;ByteDance;Kuaishou;Meta;Microsoft;Nvidia;Runway;Snap;Stability AI;Tencent;University of Washington,USED_BY
DRIVETRIBE,DRIVETRIBE,,1553,491,200,29,185,185,177,0,129,132,25,0,hdvg130m;hdvila100m;internvid;koala36m;openvid1m;panda70m;runway-jupiter;vidgen1m;yttemporal-180m,hdvg130m;hdvila100m;internvid;openvid1m;runway-jupiter;vidgen1m;yttemporal-180m,Allen Institute for AI;Amazon;ByteDance;Kuaishou;Meta;Microsoft;Nvidia;Runway;Snap;Stability AI;Tencent;University of Washington,USED_BY
Garage Gym Reviews,Garage Gym Reviews,,460,437,3,8,3,2,2,3,0,2,0,0,hdvila100m;howto100m;internvid;koala36m;openvid1m;panda70m;runway-jupiter;yttemporal-180m,hdvila100m;internvid;openvid1m;runway-jupiter;yttemporal-180m,Allen Institute for AI;Amazon;ByteDance;Kuaishou;Meta;Microsoft;Nvidia;Runway;Snap;Stability AI;Tencent;University of Washington,USED_BY
Paolo fromTOKYO,Paolo fromTOKYO,,2021,406,187,69,247,246,242,7,163,376,78,0,hdvg130m;hdvila100m;howto100m;internvid;koala36m;openvid1m;panda70m;runway-jupiter;vidgen1m;yttemporal-180m,hdvg130m;hdvila100m;internvid;openvid1m;runway-jupiter;vidgen1m;yttemporal-180m,Allen Institute for AI;Amazon;ByteDance;Kuaishou;Meta;Microsoft;Nvidia;Runway;Snap;Stability AI;Tencent;University of Washington,USED_BY
Natashas Kitchen,Natashas Kitchen,,1071,413,113,59,137,44,44,137,31,72,19,2,hdvg130m;hdvila100m;howto100m;internvid;koala36m;openvid1m;panda70m;runway-jupiter;vidgen1m;youtube8m;yttemporal-180m,hdvg130m;hdvila100m;internvid;openvid1m;runway-jupiter;vidgen1m;yttemporal-180m,Allen Institute for AI;Amazon;ByteDance;Kuaishou;Meta;Microsoft;Nvidia;Runway;Snap;Stability AI;Tencent;University of Washington,USED_BY
The Lion Whisperer,The Lion Whisperer,,1517,500,195,1,185,185,177,1,120,50,99,4,hdvg130m;hdvila100m;howto100m;internvid;koala36m;openvid1m;panda70m;runway-jupiter;vidgen1m;youtube8m;yttemporal-180m,hdvg130m;hdvila100m;internvid;openvid1m;runway-jupiter;vidgen1m;yttemporal-180m,Allen Institute for AI;Amazon;ByteDance;Kuaishou;Meta;Microsoft;Nvidia;Runway;Snap;Stability AI;Tencent;University of Washington,USED_BY
ART NYC,ART NYC,,423,423,0,0,0,0,0,0,0,0,0,0,runway-jupiter,runway-jupiter,Runway,USED_BY
Yeung Man Cooking,Yeung Man Cooking,,564,422,17,13,43,3,3,43,1,16,3,0,hdvg130m;hdvila100m;howto100m;internvid;koala36m;openvid1m;panda70m;runway-jupiter;vidgen1m;yttemporal-180m,hdvg130m;hdvila100m;internvid;openvid1m;runway-jupiter;vidgen1m;yttemporal-180m,Allen Institute for AI;Amazon;ByteDance;Kuaishou;Meta;Microsoft;Nvidia;Runway;Snap;Stability AI;Tencent;University of Washington,USED_BY
Shaun the Sheep Official,Shaun the Sheep Official,,724,674,0,43,1,1,1,0,0,0,1,3,hdvila100m;internvid;koala36m;panda70m;runway-jupiter;vidgen1m;youtube8m,hdvila100m;internvid;runway-jupiter;vidgen1m,Amazon;ByteDance;Meta;Nvidia;Runway;Snap;Stability AI;Tencent,USED_BY
Williams Sonoma,Williams Sonoma,,2450,1106,367,9,292,105,98,234,64,130,14,31,hdvg130m;hdvila100m;howto100m;internvid;koala36m;openvid1m;panda70m;runway-jupiter;vidgen1m;youtube8m;yttemporal-180m,hdvg130m;hdvila100m;internvid;openvid1m;runway-jupiter;vidgen1m;yttemporal-180m,Allen Institute for AI;Amazon;ByteDance;Kuaishou;Meta;Microsoft;Nvidia;Runway;Snap;Stability AI;Tencent;University of Washington,USED_BY
Skech Art,Skech Art,,699,409,61,11,76,21,21,76,14,8,2,0,hdvg130m;hdvila100m;howto100m;internvid;koala36m;openvid1m;panda70m;runway-jupiter;vidgen1m;yttemporal-180m,hdvg130m;hdvila100m;internvid;openvid1m;runway-jupiter;vidgen1m;yttemporal-180m,Allen Institute for AI;Amazon;ByteDance;Kuaishou;Meta;Microsoft;Nvidia;Runway;Snap;Stability AI;Tencent;University of Washington,USED_BY
English Heritage,English Heritage,,1197,538,210,11,115,80,70,41,48,72,11,1,hdvg130m;hdvila100m;howto100m;internvid;koala36m;openvid1m;panda70m;runway-jupiter;vidgen1m;youtube8m;yttemporal-180m,hdvg130m;hdvila100m;internvid;openvid1m;runway-jupiter;vidgen1m;yttemporal-180m,Allen Institute for AI;Amazon;ByteDance;Kuaishou;Meta;Microsoft;Nvidia;Runway;Snap;Stability AI;Tencent;University of Washington,USED_BY
Watched Walker,Watched Walker,,760,758,1,1,0,0,0,0,0,0,0,0,internvid;runway-jupiter;yttemporal-180m,internvid;runway-jupiter;yttemporal-180m,Allen Institute for AI;ByteDance;Runway;Stability AI;University of Washington,USED_BY
Beach Volleyball World,Beach Volleyball World,,2380,2302,7,57,4,4,4,0,2,0,0,0,hdvg130m;hdvila100m;internvid;koala36m;panda70m;runway-jupiter;yttemporal-180m,hdvg130m;hdvila100m;internvid;runway-jupiter;yttemporal-180m,Allen Institute for AI;ByteDance;Meta;Nvidia;Runway;Snap;Stability AI;Tencent;University of Washington,USED_BY
Audiotree,Audiotree,,8389,8297,0,29,0,0,0,0,0,0,0,63,internvid;runway-jupiter;youtube8m,internvid;runway-jupiter,ByteDance;Runway;Stability AI,USED_BY
4K Urban Life,4K Urban Life,,397,396,0,1,0,0,0,0,0,0,0,0,internvid;runway-jupiter,internvid;runway-jupiter,ByteDance;Runway;Stability AI,USED_BY
JackJackPlays,JackJackPlays,,1316,545,281,8,101,99,92,4,58,70,57,1,hdvg130m;hdvila100m;howto100m;internvid;koala36m;openvid1m;panda70m;runway-jupiter;vidgen1m;youtube8m;yttemporal-180m,hdvg130m;hdvila100m;internvid;openvid1m;runway-jupiter;vidgen1m;yttemporal-180m,Allen Institute for AI;Amazon;ByteDance;Kuaishou;Meta;Microsoft;Nvidia;Runway;Snap;Stability AI;Tencent;University of Washington,USED_BY
dodgerfilms,dodgerfilms,,6125,2315,1118,29,621,621,423,2,415,244,336,1,hdvg130m;hdvila100m;howto100m;internvid;koala36m;openvid1m;panda70m;runway-jupiter;vidgen1m;youtube8m;yttemporal-180m,hdvg130m;hdvila100m;internvid;openvid1m;runway-jupiter;vidgen1m;yttemporal-180m,Allen Institute for AI;Amazon;ByteDance;Kuaishou;Meta;Microsoft;Nvidia;Runway;Snap;Stability AI;Tencent;University of Washington,USED_BY
Letupita,Letupita,,395,394,0,1,0,0,0,0,0,0,0,0,internvid;runway-jupiter,internvid;runway-jupiter,ByteDance;Runway;Stability AI,USED_BY
Short of the Week,Short of the Week,,423,412,0,11,0,0,0,0,0,0,0,0,internvid;runway-jupiter,internvid;runway-jupiter,ByteDance;Runway;Stability AI,USED_BY
it's HIS turf,it's HIS turf,,439,407,5,10,5,2,2,5,2,0,1,0,hdvg130m;hdvila100m;howto100m;internvid;koala36m;panda70m;runway-jupiter;vidgen1m;yttemporal-180m,hdvg130m;hdvila100m;internvid;runway-jupiter;vidgen1m;yttemporal-180m,Allen Institute for AI;Amazon;ByteDance;Meta;Nvidia;Runway;Snap;Stability AI;Tencent;University of Washington,USED_BY
National Geographic,National Geographic,,19278,8605,1730,345,2104,2006,1780,150,1327,606,387,238,hdvg130m;hdvila100m;howto100m;internvid;koala36m;openvid1m;panda70m;runway-jupiter;vidgen1m;youtube8m;yttemporal-180m,hdvg130m;hdvila100m;internvid;openvid1m;runway-jupiter;vidgen1m;yttemporal-180m,Allen Institute for AI;Amazon;ByteDance;Kuaishou;Meta;Microsoft;Nvidia;Runway;Snap;Stability AI;Tencent;University of Washington,USED_BY
Lifetime,Lifetime,,8663,8149,120,98,48,45,42,4,29,30,8,90,hdvg130m;hdvila100m;howto100m;internvid;koala36m;openvid1m;panda70m;runway-jupiter;vidgen1m;youtube8m;yttemporal-180m,hdvg130m;hdvila100m;internvid;openvid1m;runway-jupiter;vidgen1m;yttemporal-180m,Allen Institute for AI;Amazon;ByteDance;Kuaishou;Meta;Microsoft;Nvidia;Runway;Snap;Stability AI;Tencent;University of Washington,USED_BY
ACG,ACG,,1149,1074,0,8,16,16,13,0,9,0,1,12,hdvg130m;hdvila100m;internvid;koala36m;panda70m;runway-jupiter;vidgen1m;youtube8m,hdvg130m;hdvila100m;internvid;runway-jupiter;vidgen1m,Amazon;ByteDance;Meta;Nvidia;Runway;Snap;Stability AI;Tencent,USED_BY
Guilty of Treeson,Guilty of Treeson,,398,394,0,4,0,0,0,0,0,0,0,0,internvid;runway-jupiter,internvid;runway-jupiter,ByteDance;Runway;Stability AI,USED_BY
풀스윙,풀스윙,,576,560,0,16,0,0,0,0,0,0,0,0,internvid;runway-jupiter,internvid;runway-jupiter,ByteDance;Runway;Stability AI,USED_BY
DrDIYhax,DrDIYhax,,390,390,0,0,0,0,0,0,0,0,0,0,runway-jupiter,runway-jupiter,Runway,USED_BY
FoodyTrip 푸디트립,FoodyTrip 푸디트립,,442,429,0,13,0,0,0,0,0,0,0,0,internvid;runway-jupiter,internvid;runway-jupiter,ByteDance;Runway;Stability AI,USED_BY
Cheer Extreme,Cheer Extreme,,1267,1215,0,4,2,2,2,0,2,0,0,40,hdvg130m;hdvila100m;internvid;koala36m;panda70m;runway-jupiter;youtube8m,hdvg130m;hdvila100m;internvid;runway-jupiter,ByteDance;Meta;Nvidia;Runway;Snap;Stability AI;Tencent,USED_BY
Mastar,Mastar,,649,640,1,2,1,1,1,1,0,2,0,0,hdvila100m;howto100m;internvid;koala36m;openvid1m;panda70m;runway-jupiter;yttemporal-180m,hdvila100m;internvid;openvid1m;runway-jupiter;yttemporal-180m,Allen Institute for AI;Amazon;ByteDance;Kuaishou;Meta;Microsoft;Nvidia;Runway;Snap;Stability AI;Tencent;University of Washington,USED_BY
Puuung 퍼엉,Puuung 퍼엉,,391,390,0,1,0,0,0,0,0,0,0,0,internvid;runway-jupiter,internvid;runway-jupiter,ByteDance;Runway;Stability AI,USED_BY
AWA Wiffle Ball,AWA Wiffle Ball,,755,724,0,31,0,0,0,0,0,0,0,0,internvid;runway-jupiter,internvid;runway-jupiter,ByteDance;Runway;Stability AI,USED_BY
SLICE,SLICE,,634,531,12,55,10,4,4,7,3,0,2,6,hdvg130m;hdvila100m;howto100m;internvid;koala36m;panda70m;runway-jupiter;vidgen1m;youtube8m;yttemporal-180m,hdvg130m;hdvila100m;internvid;runway-jupiter;vidgen1m;yttemporal-180m,Allen Institute for AI;Amazon;ByteDance;Meta;Nvidia;Runway;Snap;Stability AI;Tencent;University of Washington,USED_BY
ojatro,ojatro,,1159,914,44,1,42,40,39,2,29,0,13,35,hdvg130m;hdvila100m;howto100m;internvid;koala36m;panda70m;runway-jupiter;vidgen1m;youtube8m;yttemporal-180m,hdvg130m;hdvila100m;internvid;runway-jupiter;vidgen1m;yttemporal-180m,Allen Institute for AI;Amazon;ByteDance;Meta;Nvidia;Runway;Snap;Stability AI;Tencent;University of Washington,USED_BY
Ships You Should Know,Ships You Should Know,,594,586,0,0,0,0,0,0,0,0,0,8,runway-jupiter;youtube8m,runway-jupiter,Runway,USED_BY
芒果TV音乐 MangoTV Music,芒果TV音乐 MangoTV Music,,9322,8749,0,573,0,0,0,0,0,0,0,0,internvid;runway-jupiter,internvid;runway-jupiter,ByteDance;Runway;Stability AI,USED_BY
The Indian Ambience,The Indian Ambience,,404,404,0,0,0,0,0,0,0,0,0,0,runway-jupiter,runway-jupiter,Runway,USED_BY
FitnessFAQs,FitnessFAQs,,669,631,0,32,0,0,0,0,0,0,0,6,internvid;runway-jupiter;youtube8m,internvid;runway-jupiter,ByteDance;Runway;Stability AI,USED_BY
ONE Championship,ONE Championship,,8681,8567,6,108,0,0,0,0,0,0,0,0,internvid;runway-jupiter;yttemporal-180m,internvid;runway-jupiter;yttemporal-180m,Allen Institute for AI;ByteDance;Runway;Stability AI;University of Washington,USED_BY
Jun's World,Jun's World,,409,391,0,18,0,0,0,0,0,0,0,0,internvid;runway-jupiter,internvid;runway-jupiter,ByteDance;Runway;Stability AI,USED_BY
Nature Soundscapes,Nature Soundscapes,,394,394,0,0,0,0,0,0,0,0,0,0,runway-jupiter,runway-jupiter,Runway,USED_BY
ATHLEAN-X™,ATHLEAN-X™,,1668,1144,61,139,97,43,40,83,22,0,4,35,hdvg130m;hdvila100m;howto100m;internvid;koala36m;panda70m;runway-jupiter;vidgen1m;youtube8m;yttemporal-180m,hdvg130m;hdvila100m;internvid;runway-jupiter;vidgen1m;yttemporal-180m,Allen Institute for AI;Amazon;ByteDance;Meta;Nvidia;Runway;Snap;Stability AI;Tencent;University of Washington,USED_BY
NoAnnoyingCommentary,NoAnnoyingCommentary,,752,751,0,0,0,0,0,0,0,0,0,1,runway-jupiter;youtube8m,runway-jupiter,Runway,USED_BY
Machinery Nation,Machinery Nation,,391,387,0,4,0,0,0,0,0,0,0,0,internvid;runway-jupiter,internvid;runway-jupiter,ByteDance;Runway;Stability AI,USED_BY
The Rose Geek,The Rose Geek,,374,370,0,4,0,0,0,0,0,0,0,0,internvid;runway-jupiter,internvid;runway-jupiter,ByteDance;Runway;Stability AI,USED_BY
Bonsai Empire,Bonsai Empire,,510,434,16,6,17,5,5,17,2,8,0,0,hdvg130m;hdvila100m;howto100m;internvid;koala36m;openvid1m;panda70m;runway-jupiter;yttemporal-180m,hdvg130m;hdvila100m;internvid;openvid1m;runway-jupiter;yttemporal-180m,Allen Institute for AI;Amazon;ByteDance;Kuaishou;Meta;Microsoft;Nvidia;Runway;Snap;Stability AI;Tencent;University of Washington,USED_BY
Come Play With Me,Come Play With Me,,1308,411,214,85,153,78,76,108,49,100,33,1,hdvg130m;hdvila100m;howto100m;internvid;koala36m;openvid1m;panda70m;runway-jupiter;vidgen1m;youtube8m;yttemporal-180m,hdvg130m;hdvila100m;internvid;openvid1m;runway-jupiter;vidgen1m;yttemporal-180m,Allen Institute for AI;Amazon;ByteDance;Kuaishou;Meta;Microsoft;Nvidia;Runway;Snap;Stability AI;Tencent;University of Washington,USED_BY
BattleBots,BattleBots,,418,390,0,22,1,1,1,0,0,0,0,3,hdvila100m;internvid;koala36m;panda70m;runway-jupiter;youtube8m,hdvila100m;internvid;runway-jupiter,ByteDance;Meta;Runway;Snap;Stability AI;Tencent,USED_BY
Doro Cubillo,Doro Cubillo,,405,377,4,12,5,1,1,5,0,0,0,0,hdvila100m;howto100m;internvid;koala36m;panda70m;runway-jupiter;yttemporal-180m,hdvila100m;internvid;runway-jupiter;yttemporal-180m,Allen Institute for AI;ByteDance;Meta;Runway;Snap;Stability AI;Tencent;University of Washington,USED_BY
NAB Show,NAB Show,,810,806,0,1,0,0,0,0,0,0,0,3,internvid;runway-jupiter;youtube8m,internvid;runway-jupiter,ByteDance;Runway;Stability AI,USED_BY
Tone and Tighten,Tone and Tighten,,822,437,124,82,44,41,38,3,27,18,7,1,hdvg130m;hdvila100m;howto100m;internvid;koala36m;openvid1m;panda70m;runway-jupiter;vidgen1m;youtube8m;yttemporal-180m,hdvg130m;hdvila100m;internvid;openvid1m;runway-jupiter;vidgen1m;yttemporal-180m,Allen Institute for AI;Amazon;ByteDance;Kuaishou;Meta;Microsoft;Nvidia;Runway;Snap;Stability AI;Tencent;University of Washington,USED_BY
Guga Foods,Guga Foods,,740,375,94,25,71,30,28,56,16,36,9,0,hdvg130m;hdvila100m;howto100m;internvid;koala36m;openvid1m;panda70m;runway-jupiter;vidgen1m;yttemporal-180m,hdvg130m;hdvila100m;internvid;openvid1m;runway-jupiter;vidgen1m;yttemporal-180m,Allen Institute for AI;Amazon;ByteDance;Kuaishou;Meta;Microsoft;Nvidia;Runway;Snap;Stability AI;Tencent;University of Washington,USED_BY
Clifton Chilli Club,Clifton Chilli Club,,792,605,29,3,45,15,14,44,12,12,3,10,hdvg130m;hdvila100m;howto100m;internvid;koala36m;openvid1m;panda70m;runway-jupiter;vidgen1m;youtube8m;yttemporal-180m,hdvg130m;hdvila100m;internvid;openvid1m;runway-jupiter;vidgen1m;yttemporal-180m,Allen Institute for AI;Amazon;ByteDance;Kuaishou;Meta;Microsoft;Nvidia;Runway;Snap;Stability AI;Tencent;University of Washington,USED_BY
AmysCrypt,AmysCrypt,,375,375,0,0,0,0,0,0,0,0,0,0,runway-jupiter,runway-jupiter,Runway,USED_BY
DOVADO,DOVADO,,787,764,0,0,5,5,5,0,4,0,1,3,hdvg130m;hdvila100m;koala36m;panda70m;runway-jupiter;vidgen1m;youtube8m,hdvg130m;hdvila100m;runway-jupiter;vidgen1m,Amazon;ByteDance;Meta;Nvidia;Runway;Snap;Tencent,USED_BY
TEQ TV,TEQ TV,,739,738,0,1,0,0,0,0,0,0,0,0,internvid;runway-jupiter,internvid;runway-jupiter,ByteDance;Runway;Stability AI,USED_BY
IKAMODA,IKAMODA,,363,362,0,1,0,0,0,0,0,0,0,0,internvid;runway-jupiter,internvid;runway-jupiter,ByteDance;Runway;Stability AI,USED_BY
Flight Athletic Academy,Flight Athletic Academy,,694,686,0,8,0,0,0,0,0,0,0,0,internvid;runway-jupiter,internvid;runway-jupiter,ByteDance;Runway;Stability AI,USED_BY
The New York Times,The New York Times,,11590,8167,1411,150,356,354,326,2,256,118,44,406,hdvg130m;hdvila100m;howto100m;internvid;koala36m;openvid1m;panda70m;runway-jupiter;vidgen1m;youtube8m;yttemporal-180m,hdvg130m;hdvila100m;internvid;openvid1m;runway-jupiter;vidgen1m;yttemporal-180m,Allen Institute for AI;Amazon;ByteDance;Kuaishou;Meta;Microsoft;Nvidia;Runway;Snap;Stability AI;Tencent;University of Washington,USED_BY
Tennis TV,Tennis TV,,8271,7197,393,122,193,193,0,0,112,0,37,24,hdvg130m;hdvila100m;internvid;panda70m;runway-jupiter;vidgen1m;youtube8m;yttemporal-180m,hdvg130m;hdvila100m;internvid;runway-jupiter;vidgen1m;yttemporal-180m,Allen Institute for AI;Amazon;ByteDance;Meta;Nvidia;Runway;Snap;Stability AI;Tencent;University of Washington,USED_BY
Real Ale Craft Beer,Real Ale Craft Beer,,7641,7442,39,10,48,16,16,45,6,2,0,17,hdvg130m;hdvila100m;howto100m;internvid;koala36m;openvid1m;panda70m;runway-jupiter;youtube8m;yttemporal-180m,hdvg130m;hdvila100m;internvid;openvid1m;runway-jupiter;yttemporal-180m,Allen Institute for AI;Amazon;ByteDance;Kuaishou;Meta;Microsoft;Nvidia;Runway;Snap;Stability AI;Tencent;University of Washington,USED_BY
Natalie and Tara,Natalie and Tara,,432,409,5,4,5,1,1,5,0,2,0,0,hdvila100m;howto100m;internvid;koala36m;openvid1m;panda70m;runway-jupiter;yttemporal-180m,hdvila100m;internvid;openvid1m;runway-jupiter;yttemporal-180m,Allen Institute for AI;Amazon;ByteDance;Kuaishou;Meta;Microsoft;Nvidia;Runway;Snap;Stability AI;Tencent;University of Washington,USED_BY
Dumpster diving momma of 2,Dumpster diving momma of 2,,613,609,0,4,0,0,0,0,0,0,0,0,internvid;runway-jupiter,internvid;runway-jupiter,ByteDance;Runway;Stability AI,USED_BY
Boiler Room,Boiler Room,,7196,7159,13,2,1,1,1,0,0,2,1,16,hdvila100m;internvid;koala36m;openvid1m;panda70m;runway-jupiter;vidgen1m;youtube8m;yttemporal-180m,hdvila100m;internvid;openvid1m;runway-jupiter;vidgen1m;yttemporal-180m,Allen Institute for AI;Amazon;ByteDance;Kuaishou;Meta;Microsoft;Nvidia;Runway;Snap;Stability AI;Tencent;University of Washington,USED_BY
HBO,HBO,,11920,7906,2166,31,557,580,84,0,392,158,6,40,hdvg130m;hdvila100m;internvid;koala36m;openvid1m;panda70m;runway-jupiter;vidgen1m;youtube8m;yttemporal-180m,hdvg130m;hdvila100m;internvid;openvid1m;runway-jupiter;vidgen1m;yttemporal-180m,Allen Institute for AI;Amazon;ByteDance;Kuaishou;Meta;Microsoft;Nvidia;Runway;Snap;Stability AI;Tencent;University of Washington,USED_BY
GameRiot,GameRiot,,7328,7120,18,10,42,37,25,6,27,2,6,35,hdvg130m;hdvila100m;howto100m;internvid;koala36m;openvid1m;panda70m;runway-jupiter;vidgen1m;youtube8m;yttemporal-180m,hdvg130m;hdvila100m;internvid;openvid1m;runway-jupiter;vidgen1m;yttemporal-180m,Allen Institute for AI;Amazon;ByteDance;Kuaishou;Meta;Microsoft;Nvidia;Runway;Snap;Stability AI;Tencent;University of Washington,USED_BY
All process of world,All process of world,,445,355,0,90,0,0,0,0,0,0,0,0,internvid;runway-jupiter,internvid;runway-jupiter,ByteDance;Runway;Stability AI,USED_BY
Sauce Stache,Sauce Stache,,687,355,62,9,69,13,12,69,9,84,5,0,hdvg130m;hdvila100m;howto100m;internvid;koala36m;openvid1m;panda70m;runway-jupiter;vidgen1m;yttemporal-180m,hdvg130m;hdvila100m;internvid;openvid1m;runway-jupiter;vidgen1m;yttemporal-180m,Allen Institute for AI;Amazon;ByteDance;Kuaishou;Meta;Microsoft;Nvidia;Runway;Snap;Stability AI;Tencent;University of Washington,USED_BY
Stern Pinball,Stern Pinball,,450,434,0,3,3,3,3,0,0,0,1,3,hdvila100m;internvid;koala36m;panda70m;runway-jupiter;vidgen1m;youtube8m,hdvila100m;internvid;runway-jupiter;vidgen1m,Amazon;ByteDance;Meta;Nvidia;Runway;Snap;Stability AI;Tencent,USED_BY
Olympics Figure Skating,Olympics Figure Skating,,389,379,0,10,0,0,0,0,0,0,0,0,internvid;runway-jupiter,internvid;runway-jupiter,ByteDance;Runway;Stability AI,USED_BY
Deep Marine Scenes,Deep Marine Scenes,,474,465,1,6,1,0,0,1,0,0,0,0,howto100m;internvid;panda70m;runway-jupiter;yttemporal-180m,internvid;runway-jupiter;yttemporal-180m,Allen Institute for AI;ByteDance;Runway;Stability AI;University of Washington,USED_BY
TEDx Talks,TEDx Talks,,147142,8157,30983,3865,26396,26235,25311,493,16930,3206,5477,89,hdvg130m;hdvila100m;howto100m;internvid;koala36m;openvid1m;panda70m;runway-jupiter;vidgen1m;youtube8m;yttemporal-180m,hdvg130m;hdvila100m;internvid;openvid1m;runway-jupiter;vidgen1m;yttemporal-180m,Allen Institute for AI;Amazon;ByteDance;Kuaishou;Meta;Microsoft;Nvidia;Runway;Snap;Stability AI;Tencent;University of Washington,USED_BY
Polenar Tactical,Polenar Tactical,,663,451,64,7,25,38,24,2,28,18,5,1,hdvg130m;hdvila100m;howto100m;internvid;koala36m;openvid1m;panda70m;runway-jupiter;vidgen1m;youtube8m;yttemporal-180m,hdvg130m;hdvila100m;internvid;openvid1m;runway-jupiter;vidgen1m;yttemporal-180m,Allen Institute for AI;Amazon;ByteDance;Kuaishou;Meta;Microsoft;Nvidia;Runway;Snap;Stability AI;Tencent;University of Washington,USED_BY
YouGoProBaseball,YouGoProBaseball,,1244,1055,21,66,34,10,8,30,9,0,0,11,hdvg130m;hdvila100m;howto100m;internvid;koala36m;panda70m;runway-jupiter;youtube8m;yttemporal-180m,hdvg130m;hdvila100m;internvid;runway-jupiter;yttemporal-180m,Allen Institute for AI;ByteDance;Meta;Nvidia;Runway;Snap;Stability AI;Tencent;University of Washington,USED_BY
TD BRICKS,TD BRICKS,,496,449,6,18,8,3,2,8,2,0,0,0,hdvg130m;hdvila100m;howto100m;internvid;koala36m;panda70m;runway-jupiter;yttemporal-180m,hdvg130m;hdvila100m;internvid;runway-jupiter;yttemporal-180m,Allen Institute for AI;ByteDance;Meta;Nvidia;Runway;Snap;Stability AI;Tencent;University of Washington,USED_BY
Asia Jackson,Asia Jackson,,395,357,6,1,11,2,2,10,2,2,1,1,hdvg130m;hdvila100m;howto100m;internvid;koala36m;openvid1m;panda70m;runway-jupiter;vidgen1m;youtube8m;yttemporal-180m,hdvg130m;hdvila100m;internvid;openvid1m;runway-jupiter;vidgen1m;yttemporal-180m,Allen Institute for AI;Amazon;ByteDance;Kuaishou;Meta;Microsoft;Nvidia;Runway;Snap;Stability AI;Tencent;University of Washington,USED_BY
AMC Theatres,AMC Theatres,,16450,8404,3680,4,1255,1264,692,0,788,26,113,224,hdvg130m;hdvila100m;internvid;koala36m;openvid1m;panda70m;runway-jupiter;vidgen1m;youtube8m;yttemporal-180m,hdvg130m;hdvila100m;internvid;openvid1m;runway-jupiter;vidgen1m;yttemporal-180m,Allen Institute for AI;Amazon;ByteDance;Kuaishou;Meta;Microsoft;Nvidia;Runway;Snap;Stability AI;Tencent;University of Washington,USED_BY
Totally TV,Totally TV,,2004,805,423,7,175,145,140,37,105,128,38,1,hdvg130m;hdvila100m;howto100m;internvid;koala36m;openvid1m;panda70m;runway-jupiter;vidgen1m;youtube8m;yttemporal-180m,hdvg130m;hdvila100m;internvid;openvid1m;runway-jupiter;vidgen1m;yttemporal-180m,Allen Institute for AI;Amazon;ByteDance;Kuaishou;Meta;Microsoft;Nvidia;Runway;Snap;Stability AI;Tencent;University of Washington,USED_BY
Marvel Entertainment,Marvel Entertainment,,12554,7234,2049,77,808,811,640,8,544,208,74,101,hdvg130m;hdvila100m;howto100m;internvid;koala36m;openvid1m;panda70m;runway-jupiter;vidgen1m;youtube8m;yttemporal-180m,hdvg130m;hdvila100m;internvid;openvid1m;runway-jupiter;vidgen1m;yttemporal-180m,Allen Institute for AI;Amazon;ByteDance;Kuaishou;Meta;Microsoft;Nvidia;Runway;Snap;Stability AI;Tencent;University of Washington,USED_BY
Tom Leeman,Tom Leeman,,8667,8542,11,42,14,4,4,14,3,0,3,30,hdvg130m;hdvila100m;howto100m;internvid;koala36m;panda70m;runway-jupiter;vidgen1m;youtube8m;yttemporal-180m,hdvg130m;hdvila100m;internvid;runway-jupiter;vidgen1m;yttemporal-180m,Allen Institute for AI;Amazon;ByteDance;Meta;Nvidia;Runway;Snap;Stability AI;Tencent;University of Washington,USED_BY
YT Object,YT Object,,341,339,0,2,0,0,0,0,0,0,0,0,internvid;runway-jupiter,internvid;runway-jupiter,ByteDance;Runway;Stability AI,USED_BY
FOX Soccer,FOX Soccer,,11616,7911,1740,6,732,733,1,0,421,0,54,18,hdvg130m;hdvila100m;internvid;koala36m;panda70m;runway-jupiter;vidgen1m;youtube8m;yttemporal-180m,hdvg130m;hdvila100m;internvid;runway-jupiter;vidgen1m;yttemporal-180m,Allen Institute for AI;Amazon;ByteDance;Meta;Nvidia;Runway;Snap;Stability AI;Tencent;University of Washington,USED_BY
J.Harvey Stonework,J.Harvey Stonework,,364,364,0,0,0,0,0,0,0,0,0,0,runway-jupiter,runway-jupiter,Runway,USED_BY
Red Bull Rally,Red Bull Rally,,849,660,47,29,25,25,23,0,18,16,6,0,hdvg130m;hdvila100m;internvid;koala36m;openvid1m;panda70m;runway-jupiter;vidgen1m;yttemporal-180m,hdvg130m;hdvila100m;internvid;openvid1m;runway-jupiter;vidgen1m;yttemporal-180m,Allen Institute for AI;Amazon;ByteDance;Kuaishou;Meta;Microsoft;Nvidia;Runway;Snap;Stability AI;Tencent;University of Washington,USED_BY
Mind Travels,Mind Travels,,552,552,0,0,0,0,0,0,0,0,0,0,runway-jupiter,runway-jupiter,Runway,USED_BY
Innovative Techs,Innovative Techs,,746,350,0,10,82,82,80,0,35,68,39,0,hdvg130m;hdvila100m;internvid;koala36m;openvid1m;panda70m;runway-jupiter;vidgen1m,hdvg130m;hdvila100m;internvid;openvid1m;runway-jupiter;vidgen1m,Amazon;ByteDance;Kuaishou;Meta;Microsoft;Nvidia;Runway;Snap;Stability AI;Tencent,USED_BY
Motorcycle.com,Motorcycle.com,,2978,838,405,2,337,338,330,0,220,338,129,41,hdvg130m;hdvila100m;internvid;koala36m;openvid1m;panda70m;runway-jupiter;vidgen1m;youtube8m;yttemporal-180m,hdvg130m;hdvila100m;internvid;openvid1m;runway-jupiter;vidgen1m;yttemporal-180m,Allen Institute for AI;Amazon;ByteDance;Kuaishou;Meta;Microsoft;Nvidia;Runway;Snap;Stability AI;Tencent;University of Washington,USED_BY
John Z Wetmore,John Z Wetmore,,676,675,0,1,0,0,0,0,0,0,0,0,internvid;runway-jupiter,internvid;runway-jupiter,ByteDance;Runway;Stability AI,USED_BY
CJ Pony Parts,CJ Pony Parts,,5768,1662,746,4,727,708,684,108,479,516,91,43,hdvg130m;hdvila100m;howto100m;internvid;koala36m;openvid1m;panda70m;runway-jupiter;vidgen1m;youtube8m;yttemporal-180m,hdvg130m;hdvila100m;internvid;openvid1m;runway-jupiter;vidgen1m;yttemporal-180m,Allen Institute for AI;Amazon;ByteDance;Kuaishou;Meta;Microsoft;Nvidia;Runway;Snap;Stability AI;Tencent;University of Washington,USED_BY
My Self Reliance,My Self Reliance,,984,475,110,7,93,54,53,52,44,78,18,0,hdvg130m;hdvila100m;howto100m;internvid;koala36m;openvid1m;panda70m;runway-jupiter;vidgen1m;yttemporal-180m,hdvg130m;hdvila100m;internvid;openvid1m;runway-jupiter;vidgen1m;yttemporal-180m,Allen Institute for AI;Amazon;ByteDance;Kuaishou;Meta;Microsoft;Nvidia;Runway;Snap;Stability AI;Tencent;University of Washington,USED_BY
Manish Malhotra,Manish Malhotra,,351,349,0,2,0,0,0,0,0,0,0,0,internvid;runway-jupiter,internvid;runway-jupiter,ByteDance;Runway;Stability AI,USED_BY
Cooking with Dog,Cooking with Dog,,1293,355,133,4,220,60,59,214,44,146,35,23,hdvg130m;hdvila100m;howto100m;internvid;koala36m;openvid1m;panda70m;runway-jupiter;vidgen1m;youtube8m;yttemporal-180m,hdvg130m;hdvila100m;internvid;openvid1m;runway-jupiter;vidgen1m;yttemporal-180m,Allen Institute for AI;Amazon;ByteDance;Kuaishou;Meta;Microsoft;Nvidia;Runway;Snap;Stability AI;Tencent;University of Washington,USED_BY
Berm Peak,Berm Peak,,1590,445,302,44,195,153,150,65,101,94,38,3,hdvg130m;hdvila100m;howto100m;internvid;koala36m;openvid1m;panda70m;runway-jupiter;vidgen1m;youtube8m;yttemporal-180m,hdvg130m;hdvila100m;internvid;openvid1m;runway-jupiter;vidgen1m;yttemporal-180m,Allen Institute for AI;Amazon;ByteDance;Kuaishou;Meta;Microsoft;Nvidia;Runway;Snap;Stability AI;Tencent;University of Washington,USED_BY
Nick’s Seasonal Décor,Nick’s Seasonal Décor,,355,352,1,0,1,0,0,1,0,0,0,0,howto100m;panda70m;runway-jupiter;yttemporal-180m,runway-jupiter;yttemporal-180m,Allen Institute for AI;Runway;University of Washington,USED_BY
Tosa Bebe Pet,Tosa Bebe Pet,,383,358,0,25,0,0,0,0,0,0,0,0,internvid;runway-jupiter,internvid;runway-jupiter,ByteDance;Runway;Stability AI,USED_BY
Raptor,Raptor,,7056,6984,2,4,14,13,6,1,7,0,1,24,hdvg130m;hdvila100m;howto100m;internvid;koala36m;panda70m;runway-jupiter;vidgen1m;youtube8m;yttemporal-180m,hdvg130m;hdvila100m;internvid;runway-jupiter;vidgen1m;yttemporal-180m,Allen Institute for AI;Amazon;ByteDance;Meta;Nvidia;Runway;Snap;Stability AI;Tencent;University of Washington,USED_BY
CoasterFan2105,CoasterFan2105,,945,734,45,4,39,39,37,4,22,18,3,0,hdvg130m;hdvila100m;howto100m;internvid;koala36m;openvid1m;panda70m;runway-jupiter;vidgen1m;yttemporal-180m,hdvg130m;hdvila100m;internvid;openvid1m;runway-jupiter;vidgen1m;yttemporal-180m,Allen Institute for AI;Amazon;ByteDance;Kuaishou;Meta;Microsoft;Nvidia;Runway;Snap;Stability AI;Tencent;University of Washington,USED_BY
HISTORY,HISTORY,,8242,7332,242,189,100,98,83,3,66,34,15,80,hdvg130m;hdvila100m;howto100m;internvid;koala36m;openvid1m;panda70m;runway-jupiter;vidgen1m;youtube8m;yttemporal-180m,hdvg130m;hdvila100m;internvid;openvid1m;runway-jupiter;vidgen1m;yttemporal-180m,Allen Institute for AI;Amazon;ByteDance;Kuaishou;Meta;Microsoft;Nvidia;Runway;Snap;Stability AI;Tencent;University of Washington,USED_BY
European Southern Observatory (ESO),European Southern Observatory (ESO),,912,877,0,2,6,5,5,1,2,8,1,5,hdvg130m;hdvila100m;howto100m;internvid;koala36m;openvid1m;panda70m;runway-jupiter;vidgen1m;youtube8m,hdvg130m;hdvila100m;internvid;openvid1m;runway-jupiter;vidgen1m,Amazon;ByteDance;Kuaishou;Meta;Microsoft;Nvidia;Runway;Snap;Stability AI;Tencent,USED_BY
WhatCulture,WhatCulture,,7066,3849,1380,12,450,450,401,4,285,174,59,2,hdvg130m;hdvila100m;howto100m;internvid;koala36m;openvid1m;panda70m;runway-jupiter;vidgen1m;youtube8m;yttemporal-180m,hdvg130m;hdvila100m;internvid;openvid1m;runway-jupiter;vidgen1m;yttemporal-180m,Allen Institute for AI;Amazon;ByteDance;Kuaishou;Meta;Microsoft;Nvidia;Runway;Snap;Stability AI;Tencent;University of Washington,USED_BY
Flying The Nest,Flying The Nest,,3643,1159,745,13,385,384,377,6,251,158,165,0,hdvg130m;hdvila100m;howto100m;internvid;koala36m;openvid1m;panda70m;runway-jupiter;vidgen1m;yttemporal-180m,hdvg130m;hdvila100m;internvid;openvid1m;runway-jupiter;vidgen1m;yttemporal-180m,Allen Institute for AI;Amazon;ByteDance;Kuaishou;Meta;Microsoft;Nvidia;Runway;Snap;Stability AI;Tencent;University of Washington,USED_BY
Aikido Shinburenseijuku - 合気道神武錬成塾,Aikido Shinburenseijuku - 合気道神武錬成塾,,687,617,0,55,0,0,0,0,0,0,0,15,internvid;runway-jupiter;youtube8m,internvid;runway-jupiter,ByteDance;Runway;Stability AI,USED_BY
CCTV春晚,CCTV春晚,,7464,7196,0,265,0,0,0,0,0,0,0,3,internvid;runway-jupiter;youtube8m,internvid;runway-jupiter,ByteDance;Runway;Stability AI,USED_BY
Dr. Grace Lee,Dr. Grace Lee,,344,324,0,20,0,0,0,0,0,0,0,0,internvid;runway-jupiter,internvid;runway-jupiter,ByteDance;Runway;Stability AI,USED_BY
How Ridiculous,How Ridiculous,,1112,424,165,72,113,90,84,34,55,48,23,4,hdvg130m;hdvila100m;howto100m;internvid;koala36m;openvid1m;panda70m;runway-jupiter;vidgen1m;youtube8m;yttemporal-180m,hdvg130m;hdvila100m;internvid;openvid1m;runway-jupiter;vidgen1m;yttemporal-180m,Allen Institute for AI;Amazon;ByteDance;Kuaishou;Meta;Microsoft;Nvidia;Runway;Snap;Stability AI;Tencent;University of Washington,USED_BY
Iqra's happy life,Iqra's happy life,,335,335,0,0,0,0,0,0,0,0,0,0,runway-jupiter,runway-jupiter,Runway,USED_BY
感動猫動画,感動猫動画,,6889,6790,0,35,18,18,16,0,9,0,3,0,hdvg130m;hdvila100m;internvid;koala36m;panda70m;runway-jupiter;vidgen1m,hdvg130m;hdvila100m;internvid;runway-jupiter;vidgen1m,Amazon;ByteDance;Meta;Nvidia;Runway;Snap;Stability AI;Tencent,USED_BY
Crushing Experiments,Crushing Experiments,,318,318,0,0,0,0,0,0,0,0,0,0,runway-jupiter,runway-jupiter,Runway,USED_BY
THENX,THENX,,997,366,172,39,97,92,88,8,52,20,63,0,hdvg130m;hdvila100m;howto100m;internvid;koala36m;openvid1m;panda70m;runway-jupiter;vidgen1m;yttemporal-180m,hdvg130m;hdvila100m;internvid;openvid1m;runway-jupiter;vidgen1m;yttemporal-180m,Allen Institute for AI;Amazon;ByteDance;Kuaishou;Meta;Microsoft;Nvidia;Runway;Snap;Stability AI;Tencent;University of Washington,USED_BY
The Tonight Show Starring Jimmy Fallon,The Tonight Show Starring Jimmy Fallon,,21188,8357,426,350,2874,2873,2759,54,1875,1214,377,29,hdvg130m;hdvila100m;howto100m;internvid;koala36m;openvid1m;panda70m;runway-jupiter;vidgen1m;youtube8m;yttemporal-180m,hdvg130m;hdvila100m;internvid;openvid1m;runway-jupiter;vidgen1m;yttemporal-180m,Allen Institute for AI;Amazon;ByteDance;Kuaishou;Meta;Microsoft;Nvidia;Runway;Snap;Stability AI;Tencent;University of Washington,USED_BY
Fast & Easy Recipes,Fast & Easy Recipes,,320,314,0,6,0,0,0,0,0,0,0,0,internvid;runway-jupiter,internvid;runway-jupiter,ByteDance;Runway;Stability AI,USED_BY
HowToBBQRight,HowToBBQRight,,1728,559,299,11,255,107,101,203,52,82,45,14,hdvg130m;hdvila100m;howto100m;internvid;koala36m;openvid1m;panda70m;runway-jupiter;vidgen1m;youtube8m;yttemporal-180m,hdvg130m;hdvila100m;internvid;openvid1m;runway-jupiter;vidgen1m;yttemporal-180m,Allen Institute for AI;Amazon;ByteDance;Kuaishou;Meta;Microsoft;Nvidia;Runway;Snap;Stability AI;Tencent;University of Washington,USED_BY
TICK Entertainment NXT,TICK Entertainment NXT,,357,357,0,0,0,0,0,0,0,0,0,0,runway-jupiter,runway-jupiter,Runway,USED_BY
VideoFromSpace,VideoFromSpace,,7184,6750,9,56,72,68,60,12,47,4,12,94,hdvg130m;hdvila100m;howto100m;internvid;koala36m;openvid1m;panda70m;runway-jupiter;vidgen1m;youtube8m;yttemporal-180m,hdvg130m;hdvila100m;internvid;openvid1m;runway-jupiter;vidgen1m;yttemporal-180m,Allen Institute for AI;Amazon;ByteDance;Kuaishou;Meta;Microsoft;Nvidia;Runway;Snap;Stability AI;Tencent;University of Washington,USED_BY
Jesse Enkamp,Jesse Enkamp,,979,574,113,34,60,55,54,8,40,20,17,4,hdvg130m;hdvila100m;howto100m;internvid;koala36m;openvid1m;panda70m;runway-jupiter;vidgen1m;youtube8m;yttemporal-180m,hdvg130m;hdvila100m;internvid;openvid1m;runway-jupiter;vidgen1m;yttemporal-180m,Allen Institute for AI;Amazon;ByteDance;Kuaishou;Meta;Microsoft;Nvidia;Runway;Snap;Stability AI;Tencent;University of Washington,USED_BY
Pathways,Pathways,,408,381,3,15,3,1,1,3,1,0,0,0,hdvg130m;hdvila100m;howto100m;internvid;koala36m;panda70m;runway-jupiter;yttemporal-180m,hdvg130m;hdvila100m;internvid;runway-jupiter;yttemporal-180m,Allen Institute for AI;ByteDance;Meta;Nvidia;Runway;Snap;Stability AI;Tencent;University of Washington,USED_BY
Volvo Trucks,Volvo Trucks,,911,771,2,23,22,21,21,3,10,12,4,22,hdvg130m;hdvila100m;howto100m;internvid;koala36m;openvid1m;panda70m;runway-jupiter;vidgen1m;youtube8m;yttemporal-180m,hdvg130m;hdvila100m;internvid;openvid1m;runway-jupiter;vidgen1m;yttemporal-180m,Allen Institute for AI;Amazon;ByteDance;Kuaishou;Meta;Microsoft;Nvidia;Runway;Snap;Stability AI;Tencent;University of Washington,USED_BY
Rinske Douna,Rinske Douna,,558,354,63,11,33,33,32,0,18,0,14,0,hdvg130m;hdvila100m;internvid;koala36m;panda70m;runway-jupiter;vidgen1m;yttemporal-180m,hdvg130m;hdvila100m;internvid;runway-jupiter;vidgen1m;yttemporal-180m,Allen Institute for AI;Amazon;ByteDance;Meta;Nvidia;Runway;Snap;Stability AI;Tencent;University of Washington,USED_BY
Chiropractic Medicine,Chiropractic Medicine,,323,323,0,0,0,0,0,0,0,0,0,0,runway-jupiter,runway-jupiter,Runway,USED_BY
Slugterra - WildBrain,Slugterra - WildBrain,,692,692,0,0,0,0,0,0,0,0,0,0,runway-jupiter,runway-jupiter,Runway,USED_BY
Skills N' Talents (swimming),Skills N' Talents (swimming),,791,305,133,90,72,67,66,6,42,0,10,0,hdvg130m;hdvila100m;howto100m;internvid;koala36m;panda70m;runway-jupiter;vidgen1m;yttemporal-180m,hdvg130m;hdvila100m;internvid;runway-jupiter;vidgen1m;yttemporal-180m,Allen Institute for AI;Amazon;ByteDance;Meta;Nvidia;Runway;Snap;Stability AI;Tencent;University of Washington,USED_BY
Nicktoons,Nicktoons,,1532,1463,20,19,9,6,6,4,2,0,3,0,hdvg130m;hdvila100m;howto100m;internvid;koala36m;panda70m;runway-jupiter;vidgen1m;yttemporal-180m,hdvg130m;hdvila100m;internvid;runway-jupiter;vidgen1m;yttemporal-180m,Allen Institute for AI;Amazon;ByteDance;Meta;Nvidia;Runway;Snap;Stability AI;Tencent;University of Washington,USED_BY
The North Face,The North Face,,437,308,47,3,20,20,16,0,18,2,3,0,hdvg130m;hdvila100m;internvid;koala36m;openvid1m;panda70m;runway-jupiter;vidgen1m;yttemporal-180m,hdvg130m;hdvila100m;internvid;openvid1m;runway-jupiter;vidgen1m;yttemporal-180m,Allen Institute for AI;Amazon;ByteDance;Kuaishou;Meta;Microsoft;Nvidia;Runway;Snap;Stability AI;Tencent;University of Washington,USED_BY
Travel Tips by Laurie,Travel Tips by Laurie,,429,325,52,10,15,5,5,10,2,4,1,0,hdvg130m;hdvila100m;howto100m;internvid;koala36m;openvid1m;panda70m;runway-jupiter;vidgen1m;yttemporal-180m,hdvg130m;hdvila100m;internvid;openvid1m;runway-jupiter;vidgen1m;yttemporal-180m,Allen Institute for AI;Amazon;ByteDance;Kuaishou;Meta;Microsoft;Nvidia;Runway;Snap;Stability AI;Tencent;University of Washington,USED_BY
PBR,PBR,,12091,6735,1707,43,928,928,826,0,585,0,307,32,hdvg130m;hdvila100m;internvid;koala36m;panda70m;runway-jupiter;vidgen1m;youtube8m;yttemporal-180m,hdvg130m;hdvila100m;internvid;runway-jupiter;vidgen1m;yttemporal-180m,Allen Institute for AI;Amazon;ByteDance;Meta;Nvidia;Runway;Snap;Stability AI;Tencent;University of Washington,USED_BY
AmusementForce,AmusementForce,,5998,5973,2,5,1,1,1,0,1,0,0,14,hdvg130m;hdvila100m;internvid;koala36m;panda70m;runway-jupiter;youtube8m;yttemporal-180m,hdvg130m;hdvila100m;internvid;runway-jupiter;yttemporal-180m,Allen Institute for AI;ByteDance;Meta;Nvidia;Runway;Snap;Stability AI;Tencent;University of Washington,USED_BY
European Coffee Trip,European Coffee Trip,,443,332,14,34,16,5,4,16,1,18,2,1,hdvg130m;hdvila100m;howto100m;internvid;koala36m;openvid1m;panda70m;runway-jupiter;vidgen1m;youtube8m;yttemporal-180m,hdvg130m;hdvila100m;internvid;openvid1m;runway-jupiter;vidgen1m;yttemporal-180m,Allen Institute for AI;Amazon;ByteDance;Kuaishou;Meta;Microsoft;Nvidia;Runway;Snap;Stability AI;Tencent;University of Washington,USED_BY
JustGameplay_YT,JustGameplay_YT,,2031,2030,0,1,0,0,0,0,0,0,0,0,internvid;runway-jupiter,internvid;runway-jupiter,ByteDance;Runway;Stability AI,USED_BY
Andrew Masters,Andrew Masters,,304,301,0,3,0,0,0,0,0,0,0,0,internvid;runway-jupiter,internvid;runway-jupiter,ByteDance;Runway;Stability AI,USED_BY
Street Soccer International,Street Soccer International,,615,586,0,20,1,1,1,0,0,0,0,6,hdvila100m;internvid;koala36m;panda70m;runway-jupiter;youtube8m,hdvila100m;internvid;runway-jupiter,ByteDance;Meta;Runway;Snap;Stability AI;Tencent,USED_BY
Pyrography Made Easy,Pyrography Made Easy,,350,294,0,56,0,0,0,0,0,0,0,0,internvid;runway-jupiter,internvid;runway-jupiter,ByteDance;Runway;Stability AI,USED_BY
WILDERNESS COOKING,WILDERNESS COOKING,,324,294,0,30,0,0,0,0,0,0,0,0,internvid;runway-jupiter,internvid;runway-jupiter,ByteDance;Runway;Stability AI,USED_BY
Andrew Camarata,Andrew Camarata,,570,469,14,5,22,14,14,22,5,2,3,0,hdvg130m;hdvila100m;howto100m;internvid;koala36m;openvid1m;panda70m;runway-jupiter;vidgen1m;yttemporal-180m,hdvg130m;hdvila100m;internvid;openvid1m;runway-jupiter;vidgen1m;yttemporal-180m,Allen Institute for AI;Amazon;ByteDance;Kuaishou;Meta;Microsoft;Nvidia;Runway;Snap;Stability AI;Tencent;University of Washington,USED_BY
Nobadaddiction,Nobadaddiction,,364,362,0,2,0,0,0,0,0,0,0,0,internvid;runway-jupiter,internvid;runway-jupiter,ByteDance;Runway;Stability AI,USED_BY
MotoGP,MotoGP,,7205,6939,3,205,0,0,0,0,0,0,0,58,internvid;runway-jupiter;youtube8m;yttemporal-180m,internvid;runway-jupiter;yttemporal-180m,Allen Institute for AI;ByteDance;Runway;Stability AI;University of Washington,USED_BY
Josh Cahill,Josh Cahill,,929,299,116,8,105,105,102,0,61,84,49,0,hdvg130m;hdvila100m;internvid;koala36m;openvid1m;panda70m;runway-jupiter;vidgen1m;yttemporal-180m,hdvg130m;hdvila100m;internvid;openvid1m;runway-jupiter;vidgen1m;yttemporal-180m,Allen Institute for AI;Amazon;ByteDance;Kuaishou;Meta;Microsoft;Nvidia;Runway;Snap;Stability AI;Tencent;University of Washington,USED_BY
MrBeast,MrBeast,,1434,687,237,159,100,66,61,44,37,22,19,2,hdvg130m;hdvila100m;howto100m;internvid;koala36m;openvid1m;panda70m;runway-jupiter;vidgen1m;youtube8m;yttemporal-180m,hdvg130m;hdvila100m;internvid;openvid1m;runway-jupiter;vidgen1m;yttemporal-180m,Allen Institute for AI;Amazon;ByteDance;Kuaishou;Meta;Microsoft;Nvidia;Runway;Snap;Stability AI;Tencent;University of Washington,USED_BY
GTA Series Videos,GTA Series Videos,,5104,4651,0,34,65,63,48,3,26,6,1,207,hdvg130m;hdvila100m;howto100m;internvid;koala36m;openvid1m;panda70m;runway-jupiter;vidgen1m;youtube8m,hdvg130m;hdvila100m;internvid;openvid1m;runway-jupiter;vidgen1m,Amazon;ByteDance;Kuaishou;Meta;Microsoft;Nvidia;Runway;Snap;Stability AI;Tencent,USED_BY
FORMULA 1,FORMULA 1,,5896,5600,3,283,0,0,0,0,0,0,0,10,internvid;runway-jupiter;youtube8m;yttemporal-180m,internvid;runway-jupiter;yttemporal-180m,Allen Institute for AI;ByteDance;Runway;Stability AI;University of Washington,USED_BY
NautiStyles,NautiStyles,,293,290,0,3,0,0,0,0,0,0,0,0,internvid;runway-jupiter,internvid;runway-jupiter,ByteDance;Runway;Stability AI,USED_BY
Mason The Mason,Mason The Mason,,315,314,0,1,0,0,0,0,0,0,0,0,internvid;runway-jupiter,internvid;runway-jupiter,ByteDance;Runway;Stability AI,USED_BY
California Through My Lens,California Through My Lens,,372,356,2,6,2,1,1,2,0,2,0,0,hdvila100m;howto100m;internvid;koala36m;openvid1m;panda70m;runway-jupiter;yttemporal-180m,hdvila100m;internvid;openvid1m;runway-jupiter;yttemporal-180m,Allen Institute for AI;Amazon;ByteDance;Kuaishou;Meta;Microsoft;Nvidia;Runway;Snap;Stability AI;Tencent;University of Washington,USED_BY
Abdul Malik Fareed,Abdul Malik Fareed,,465,442,0,23,0,0,0,0,0,0,0,0,internvid;runway-jupiter,internvid;runway-jupiter,ByteDance;Runway;Stability AI,USED_BY
Cut,Cut,,3738,1869,655,174,243,211,206,37,152,170,16,5,hdvg130m;hdvila100m;howto100m;internvid;koala36m;openvid1m;panda70m;runway-jupiter;vidgen1m;youtube8m;yttemporal-180m,hdvg130m;hdvila100m;internvid;openvid1m;runway-jupiter;vidgen1m;yttemporal-180m,Allen Institute for AI;Amazon;ByteDance;Kuaishou;Meta;Microsoft;Nvidia;Runway;Snap;Stability AI;Tencent;University of Washington,USED_BY
CrossFit Mayhem,CrossFit Mayhem,,1011,999,0,2,2,2,2,0,2,0,0,2,hdvg130m;hdvila100m;internvid;koala36m;panda70m;runway-jupiter;youtube8m,hdvg130m;hdvila100m;internvid;runway-jupiter,ByteDance;Meta;Nvidia;Runway;Snap;Stability AI;Tencent,USED_BY
eHowFitness,eHowFitness,,14933,6119,2867,94,1498,1469,1426,47,975,166,162,110,hdvg130m;hdvila100m;howto100m;internvid;koala36m;openvid1m;panda70m;runway-jupiter;vidgen1m;youtube8m;yttemporal-180m,hdvg130m;hdvila100m;internvid;openvid1m;runway-jupiter;vidgen1m;yttemporal-180m,Allen Institute for AI;Amazon;ByteDance;Kuaishou;Meta;Microsoft;Nvidia;Runway;Snap;Stability AI;Tencent;University of Washington,USED_BY
Exploring Alternatives,Exploring Alternatives,,1037,335,182,24,109,63,62,61,39,134,27,1,hdvg130m;hdvila100m;howto100m;internvid;koala36m;openvid1m;panda70m;runway-jupiter;vidgen1m;youtube8m;yttemporal-180m,hdvg130m;hdvila100m;internvid;openvid1m;runway-jupiter;vidgen1m;yttemporal-180m,Allen Institute for AI;Amazon;ByteDance;Kuaishou;Meta;Microsoft;Nvidia;Runway;Snap;Stability AI;Tencent;University of Washington,USED_BY
Real Wild,Real Wild,,2202,671,48,4,329,330,304,0,221,162,133,0,hdvg130m;hdvila100m;internvid;koala36m;openvid1m;panda70m;runway-jupiter;vidgen1m;yttemporal-180m,hdvg130m;hdvila100m;internvid;openvid1m;runway-jupiter;vidgen1m;yttemporal-180m,Allen Institute for AI;Amazon;ByteDance;Kuaishou;Meta;Microsoft;Nvidia;Runway;Snap;Stability AI;Tencent;University of Washington,USED_BY
Joe's Classic Video Games,Joe's Classic Video Games,,963,948,3,1,3,3,3,0,1,0,1,0,hdvg130m;hdvila100m;internvid;koala36m;panda70m;runway-jupiter;vidgen1m;yttemporal-180m,hdvg130m;hdvila100m;internvid;runway-jupiter;vidgen1m;yttemporal-180m,Allen Institute for AI;Amazon;ByteDance;Meta;Nvidia;Runway;Snap;Stability AI;Tencent;University of Washington,USED_BY
Sarah Jeffery / Team Recorder,Sarah Jeffery / Team Recorder,,591,315,68,12,53,52,52,2,31,0,6,0,hdvg130m;hdvila100m;howto100m;internvid;koala36m;panda70m;runway-jupiter;vidgen1m;yttemporal-180m,hdvg130m;hdvila100m;internvid;runway-jupiter;vidgen1m;yttemporal-180m,Allen Institute for AI;Amazon;ByteDance;Meta;Nvidia;Runway;Snap;Stability AI;Tencent;University of Washington,USED_BY
Jungle Survival,Jungle Survival,,301,284,0,17,0,0,0,0,0,0,0,0,internvid;runway-jupiter,internvid;runway-jupiter,ByteDance;Runway;Stability AI,USED_BY
BlueWorldTV,BlueWorldTV,,1204,378,191,28,132,125,117,12,92,66,59,4,hdvg130m;hdvila100m;howto100m;internvid;koala36m;openvid1m;panda70m;runway-jupiter;vidgen1m;youtube8m;yttemporal-180m,hdvg130m;hdvila100m;internvid;openvid1m;runway-jupiter;vidgen1m;yttemporal-180m,Allen Institute for AI;Amazon;ByteDance;Kuaishou;Meta;Microsoft;Nvidia;Runway;Snap;Stability AI;Tencent;University of Washington,USED_BY
SBS 옛날 드라마 - 빽드,SBS 옛날 드라마 - 빽드,,6407,6382,0,25,0,0,0,0,0,0,0,0,internvid;runway-jupiter,internvid;runway-jupiter,ByteDance;Runway;Stability AI,USED_BY
Gojzer,Gojzer,,440,311,0,6,33,33,29,0,21,0,7,0,hdvg130m;hdvila100m;internvid;koala36m;panda70m;runway-jupiter;vidgen1m,hdvg130m;hdvila100m;internvid;runway-jupiter;vidgen1m,Amazon;ByteDance;Meta;Nvidia;Runway;Snap;Stability AI;Tencent,USED_BY
Dashcam Roadshow,Dashcam Roadshow,,295,295,0,0,0,0,0,0,0,0,0,0,runway-jupiter,runway-jupiter,Runway,USED_BY
Mix with the Masters,Mix with the Masters,,363,330,0,33,0,0,0,0,0,0,0,0,internvid;runway-jupiter,internvid;runway-jupiter,ByteDance;Runway;Stability AI,USED_BY
4WD 24-7,4WD 24-7,,544,519,2,6,3,3,3,2,2,0,1,3,hdvg130m;hdvila100m;howto100m;internvid;koala36m;panda70m;runway-jupiter;vidgen1m;youtube8m;yttemporal-180m,hdvg130m;hdvila100m;internvid;runway-jupiter;vidgen1m;yttemporal-180m,Allen Institute for AI;Amazon;ByteDance;Meta;Nvidia;Runway;Snap;Stability AI;Tencent;University of Washington,USED_BY
Kaelyn Grace Apple,Kaelyn Grace Apple,,375,370,0,5,0,0,0,0,0,0,0,0,internvid;runway-jupiter,internvid;runway-jupiter,ByteDance;Runway;Stability AI,USED_BY
Dale Stone,Dale Stone,,282,281,0,1,0,0,0,0,0,0,0,0,internvid;runway-jupiter,internvid;runway-jupiter,ByteDance;Runway;Stability AI,USED_BY
WALKS and the CITY,WALKS and the CITY,,275,275,0,0,0,0,0,0,0,0,0,0,runway-jupiter,runway-jupiter,Runway,USED_BY
Saturday Night Live,Saturday Night Live,,7494,6701,160,144,79,47,45,45,37,44,10,182,hdvg130m;hdvila100m;howto100m;internvid;koala36m;openvid1m;panda70m;runway-jupiter;vidgen1m;youtube8m;yttemporal-180m,hdvg130m;hdvila100m;internvid;openvid1m;runway-jupiter;vidgen1m;yttemporal-180m,Allen Institute for AI;Amazon;ByteDance;Kuaishou;Meta;Microsoft;Nvidia;Runway;Snap;Stability AI;Tencent;University of Washington,USED_BY
MrAJWorks,MrAJWorks,,314,306,0,8,0,0,0,0,0,0,0,0,internvid;runway-jupiter,internvid;runway-jupiter,ByteDance;Runway;Stability AI,USED_BY
GameEdged,GameEdged,,5928,5922,0,0,3,0,0,3,0,0,0,0,howto100m;panda70m;runway-jupiter,runway-jupiter,Runway,USED_BY
Grant The Knight,Grant The Knight,,274,274,0,0,0,0,0,0,0,0,0,0,runway-jupiter,runway-jupiter,Runway,USED_BY
Janit Hewag,Janit Hewag,,277,277,0,0,0,0,0,0,0,0,0,0,runway-jupiter,runway-jupiter,Runway,USED_BY
NBCU Academy,NBCU Academy,,280,280,0,0,0,0,0,0,0,0,0,0,runway-jupiter,runway-jupiter,Runway,USED_BY
Johnny Test - WildBrain,Johnny Test - WildBrain,,398,398,0,0,0,0,0,0,0,0,0,0,runway-jupiter,runway-jupiter,Runway,USED_BY
The Relaxing Town,The Relaxing Town,,269,269,0,0,0,0,0,0,0,0,0,0,runway-jupiter,runway-jupiter,Runway,USED_BY
Rashida Hussain,Rashida Hussain,,554,541,0,13,0,0,0,0,0,0,0,0,internvid;runway-jupiter,internvid;runway-jupiter,ByteDance;Runway;Stability AI,USED_BY
Hallmark,Hallmark,,1142,1016,26,4,31,11,9,31,5,8,0,1,hdvg130m;hdvila100m;howto100m;internvid;koala36m;openvid1m;panda70m;runway-jupiter;youtube8m;yttemporal-180m,hdvg130m;hdvila100m;internvid;openvid1m;runway-jupiter;yttemporal-180m,Allen Institute for AI;Amazon;ByteDance;Kuaishou;Meta;Microsoft;Nvidia;Runway;Snap;Stability AI;Tencent;University of Washington,USED_BY
Amazing Shots,Amazing Shots,,266,266,0,0,0,0,0,0,0,0,0,0,runway-jupiter,runway-jupiter,Runway,USED_BY
Cannondale Bicycles,Cannondale Bicycles,,594,567,0,0,1,1,1,0,2,0,0,22,hdvg130m;hdvila100m;koala36m;panda70m;runway-jupiter;youtube8m,hdvg130m;hdvila100m;runway-jupiter,ByteDance;Meta;Nvidia;Runway;Snap;Tencent,USED_BY
Visit Dubai,Visit Dubai,,687,265,101,3,92,97,57,1,59,8,3,1,hdvg130m;hdvila100m;howto100m;internvid;koala36m;openvid1m;panda70m;runway-jupiter;vidgen1m;youtube8m;yttemporal-180m,hdvg130m;hdvila100m;internvid;openvid1m;runway-jupiter;vidgen1m;yttemporal-180m,Allen Institute for AI;Amazon;ByteDance;Kuaishou;Meta;Microsoft;Nvidia;Runway;Snap;Stability AI;Tencent;University of Washington,USED_BY
Hessischer Rundfunk,Hessischer Rundfunk,,5929,5899,5,19,0,0,0,0,0,0,0,6,internvid;runway-jupiter;youtube8m;yttemporal-180m,internvid;runway-jupiter;yttemporal-180m,Allen Institute for AI;ByteDance;Runway;Stability AI;University of Washington,USED_BY
Oahu Surf Films,Oahu Surf Films,,275,274,0,1,0,0,0,0,0,0,0,0,internvid;runway-jupiter,internvid;runway-jupiter,ByteDance;Runway;Stability AI,USED_BY
Family Flicks,Family Flicks,,264,262,0,2,0,0,0,0,0,0,0,0,internvid;runway-jupiter,internvid;runway-jupiter,ByteDance;Runway;Stability AI,USED_BY
The Local Project,The Local Project,,346,266,0,80,0,0,0,0,0,0,0,0,internvid;runway-jupiter,internvid;runway-jupiter,ByteDance;Runway;Stability AI,USED_BY
Mainely Flies,Mainely Flies,,298,290,0,8,0,0,0,0,0,0,0,0,internvid;runway-jupiter,internvid;runway-jupiter,ByteDance;Runway;Stability AI,USED_BY
FOBOS PLANET,FOBOS PLANET,,260,260,0,0,0,0,0,0,0,0,0,0,runway-jupiter,runway-jupiter,Runway,USED_BY
Airsoft CamMan,Airsoft CamMan,,340,326,1,4,2,1,1,2,2,0,1,0,hdvg130m;hdvila100m;howto100m;internvid;koala36m;panda70m;runway-jupiter;vidgen1m;yttemporal-180m,hdvg130m;hdvila100m;internvid;runway-jupiter;vidgen1m;yttemporal-180m,Allen Institute for AI;Amazon;ByteDance;Meta;Nvidia;Runway;Snap;Stability AI;Tencent;University of Washington,USED_BY
Roma Fedorov,Roma Fedorov,,260,260,0,0,0,0,0,0,0,0,0,0,runway-jupiter,runway-jupiter,Runway,USED_BY
DuckTravel走鴨旅行,DuckTravel走鴨旅行,,271,271,0,0,0,0,0,0,0,0,0,0,runway-jupiter,runway-jupiter,Runway,USED_BY
Astrum,Astrum,,298,279,0,16,1,0,0,1,0,0,0,1,howto100m;internvid;panda70m;runway-jupiter;youtube8m,internvid;runway-jupiter,ByteDance;Runway;Stability AI,USED_BY
belmontvision,belmontvision,,621,618,0,1,1,0,0,1,0,0,0,0,howto100m;internvid;panda70m;runway-jupiter,internvid;runway-jupiter,ByteDance;Runway;Stability AI,USED_BY
theRadBrad,theRadBrad,,6526,6474,0,7,12,9,7,3,5,0,0,9,hdvg130m;hdvila100m;howto100m;internvid;koala36m;panda70m;runway-jupiter;youtube8m,hdvg130m;hdvila100m;internvid;runway-jupiter,ByteDance;Meta;Nvidia;Runway;Snap;Stability AI;Tencent,USED_BY
Barker,Barker,,354,263,32,10,12,12,12,0,7,2,4,0,hdvg130m;hdvila100m;internvid;koala36m;openvid1m;panda70m;runway-jupiter;vidgen1m;yttemporal-180m,hdvg130m;hdvila100m;internvid;openvid1m;runway-jupiter;vidgen1m;yttemporal-180m,Allen Institute for AI;Amazon;ByteDance;Kuaishou;Meta;Microsoft;Nvidia;Runway;Snap;Stability AI;Tencent;University of Washington,USED_BY
TheRussianGenius,TheRussianGenius,,400,336,1,6,26,0,0,26,0,0,0,5,howto100m;internvid;panda70m;runway-jupiter;youtube8m;yttemporal-180m,internvid;runway-jupiter;yttemporal-180m,Allen Institute for AI;ByteDance;Runway;Stability AI;University of Washington,USED_BY
Noal Farm,Noal Farm,,423,265,0,152,3,0,0,3,0,0,0,0,howto100m;internvid;panda70m;runway-jupiter,internvid;runway-jupiter,ByteDance;Runway;Stability AI,USED_BY
Venus Movies,Venus Movies,,1544,1499,0,4,0,0,0,0,0,0,0,41,internvid;runway-jupiter;youtube8m,internvid;runway-jupiter,ByteDance;Runway;Stability AI,USED_BY
WOLFPACK ADVENTURES,WOLFPACK ADVENTURES,,327,323,0,4,0,0,0,0,0,0,0,0,internvid;runway-jupiter,internvid;runway-jupiter,ByteDance;Runway;Stability AI,USED_BY
Nightmare PB,Nightmare PB,,576,302,91,5,43,52,42,1,29,2,8,1,hdvg130m;hdvila100m;howto100m;internvid;koala36m;openvid1m;panda70m;runway-jupiter;vidgen1m;youtube8m;yttemporal-180m,hdvg130m;hdvila100m;internvid;openvid1m;runway-jupiter;vidgen1m;yttemporal-180m,Allen Institute for AI;Amazon;ByteDance;Kuaishou;Meta;Microsoft;Nvidia;Runway;Snap;Stability AI;Tencent;University of Washington,USED_BY
Gentleman's Gazette,Gentleman's Gazette,,1516,819,74,83,130,34,33,129,20,182,9,3,hdvg130m;hdvila100m;howto100m;internvid;koala36m;openvid1m;panda70m;runway-jupiter;vidgen1m;youtube8m;yttemporal-180m,hdvg130m;hdvila100m;internvid;openvid1m;runway-jupiter;vidgen1m;yttemporal-180m,Allen Institute for AI;Amazon;ByteDance;Kuaishou;Meta;Microsoft;Nvidia;Runway;Snap;Stability AI;Tencent;University of Washington,USED_BY
Maths Town,Maths Town,,260,260,0,0,0,0,0,0,0,0,0,0,runway-jupiter,runway-jupiter,Runway,USED_BY
Adult Swim,Adult Swim,,8066,6195,1107,44,173,175,151,2,114,32,17,56,hdvg130m;hdvila100m;howto100m;internvid;koala36m;openvid1m;panda70m;runway-jupiter;vidgen1m;youtube8m;yttemporal-180m,hdvg130m;hdvila100m;internvid;openvid1m;runway-jupiter;vidgen1m;yttemporal-180m,Allen Institute for AI;Amazon;ByteDance;Kuaishou;Meta;Microsoft;Nvidia;Runway;Snap;Stability AI;Tencent;University of Washington,USED_BY
Horse Network,Horse Network,,5240,5237,0,2,0,0,0,0,0,0,0,1,internvid;runway-jupiter;youtube8m,internvid;runway-jupiter,ByteDance;Runway;Stability AI,USED_BY
World Athletics,World Athletics,,7482,5584,669,117,379,379,68,0,237,10,32,7,hdvg130m;hdvila100m;internvid;koala36m;openvid1m;panda70m;runway-jupiter;vidgen1m;youtube8m;yttemporal-180m,hdvg130m;hdvila100m;internvid;openvid1m;runway-jupiter;vidgen1m;yttemporal-180m,Allen Institute for AI;Amazon;ByteDance;Kuaishou;Meta;Microsoft;Nvidia;Runway;Snap;Stability AI;Tencent;University of Washington,USED_BY
Don Joewon Song,Don Joewon Song,,479,471,0,4,1,0,0,1,0,2,0,0,howto100m;internvid;openvid1m;panda70m;runway-jupiter,internvid;openvid1m;runway-jupiter,Amazon;ByteDance;Kuaishou;Microsoft;Nvidia;Runway;Stability AI,USED_BY
Pawsitive Vybe,Pawsitive Vybe,,1028,1022,0,1,0,1,0,0,0,0,0,4,hdvila100m;internvid;runway-jupiter;youtube8m,hdvila100m;internvid;runway-jupiter,ByteDance;Meta;Runway;Snap;Stability AI;Tencent,USED_BY
Gamer's Little Playground,Gamer's Little Playground,,4302,4248,0,13,8,6,6,2,2,2,3,12,hdvg130m;hdvila100m;howto100m;internvid;koala36m;openvid1m;panda70m;runway-jupiter;vidgen1m;youtube8m,hdvg130m;hdvila100m;internvid;openvid1m;runway-jupiter;vidgen1m,Amazon;ByteDance;Kuaishou;Meta;Microsoft;Nvidia;Runway;Snap;Stability AI;Tencent,USED_BY
Cartoon Network UK,Cartoon Network UK,,3878,3830,0,42,0,0,0,0,0,0,0,6,internvid;runway-jupiter;youtube8m,internvid;runway-jupiter,ByteDance;Runway;Stability AI,USED_BY
WildBrain Max,WildBrain Max,,398,397,0,1,0,0,0,0,0,0,0,0,internvid;runway-jupiter,internvid;runway-jupiter,ByteDance;Runway;Stability AI,USED_BY
Peter Santenello,Peter Santenello,,261,260,0,1,0,0,0,0,0,0,0,0,internvid;runway-jupiter,internvid;runway-jupiter,ByteDance;Runway;Stability AI,USED_BY
Airliners & Ships Channel,Airliners & Ships Channel,,251,251,0,0,0,0,0,0,0,0,0,0,runway-jupiter,runway-jupiter,Runway,USED_BY
Insider,Insider,,8643,6110,667,222,424,398,340,73,234,116,59,0,hdvg130m;hdvila100m;howto100m;internvid;koala36m;openvid1m;panda70m;runway-jupiter;vidgen1m;yttemporal-180m,hdvg130m;hdvila100m;internvid;openvid1m;runway-jupiter;vidgen1m;yttemporal-180m,Allen Institute for AI;Amazon;ByteDance;Kuaishou;Meta;Microsoft;Nvidia;Runway;Snap;Stability AI;Tencent;University of Washington,USED_BY
Fashion and Style Edit,Fashion and Style Edit,,359,353,0,6,0,0,0,0,0,0,0,0,internvid;runway-jupiter,internvid;runway-jupiter,ByteDance;Runway;Stability AI,USED_BY
mr taster,mr taster,,614,614,0,0,0,0,0,0,0,0,0,0,runway-jupiter,runway-jupiter,Runway,USED_BY
Eddie van der Meer,Eddie van der Meer,,344,332,0,10,0,0,0,0,0,0,0,2,internvid;runway-jupiter;youtube8m,internvid;runway-jupiter,ByteDance;Runway;Stability AI,USED_BY
JerseyGroovyFilms,JerseyGroovyFilms,,326,293,0,33,0,0,0,0,0,0,0,0,internvid;runway-jupiter,internvid;runway-jupiter,ByteDance;Runway;Stability AI,USED_BY
Artisti Coffee Roasters.,Artisti Coffee Roasters.,,374,353,2,13,2,1,0,2,1,0,0,0,hdvg130m;hdvila100m;howto100m;internvid;panda70m;runway-jupiter;yttemporal-180m,hdvg130m;hdvila100m;internvid;runway-jupiter;yttemporal-180m,Allen Institute for AI;ByteDance;Meta;Nvidia;Runway;Snap;Stability AI;Tencent;University of Washington,USED_BY
Jonathan Katz-Moses,Jonathan Katz-Moses,,647,258,118,19,59,48,47,16,26,36,20,0,hdvg130m;hdvila100m;howto100m;internvid;koala36m;openvid1m;panda70m;runway-jupiter;vidgen1m;yttemporal-180m,hdvg130m;hdvila100m;internvid;openvid1m;runway-jupiter;vidgen1m;yttemporal-180m,Allen Institute for AI;Amazon;ByteDance;Kuaishou;Meta;Microsoft;Nvidia;Runway;Snap;Stability AI;Tencent;University of Washington,USED_BY
Top Gear,Top Gear,,5802,1704,779,112,712,714,663,1,461,472,132,52,hdvg130m;hdvila100m;howto100m;internvid;koala36m;openvid1m;panda70m;runway-jupiter;vidgen1m;youtube8m;yttemporal-180m,hdvg130m;hdvila100m;internvid;openvid1m;runway-jupiter;vidgen1m;yttemporal-180m,Allen Institute for AI;Amazon;ByteDance;Kuaishou;Meta;Microsoft;Nvidia;Runway;Snap;Stability AI;Tencent;University of Washington,USED_BY
The Supa Strikas - Kids Soccer Cartoon,The Supa Strikas - Kids Soccer Cartoon,,948,944,0,2,0,0,0,0,0,0,0,2,internvid;runway-jupiter;youtube8m,internvid;runway-jupiter,ByteDance;Runway;Stability AI,USED_BY
SPRAY DAILY,SPRAY DAILY,,615,608,0,6,0,0,0,0,0,0,0,1,internvid;runway-jupiter;youtube8m,internvid;runway-jupiter,ByteDance;Runway;Stability AI,USED_BY
NHRA,NHRA,,4719,4680,0,4,0,0,0,0,0,0,0,35,internvid;runway-jupiter;youtube8m,internvid;runway-jupiter,ByteDance;Runway;Stability AI,USED_BY
OceanX,OceanX,,258,256,0,2,0,0,0,0,0,0,0,0,internvid;runway-jupiter,internvid;runway-jupiter,ByteDance;Runway;Stability AI,USED_BY
Drift HQ,Drift HQ,,251,248,0,3,0,0,0,0,0,0,0,0,internvid;runway-jupiter,internvid;runway-jupiter,ByteDance;Runway;Stability AI,USED_BY
Shoe Shine Street ASMR,Shoe Shine Street ASMR,,268,248,0,20,0,0,0,0,0,0,0,0,internvid;runway-jupiter,internvid;runway-jupiter,ByteDance;Runway;Stability AI,USED_BY
Chelsea DeNofa,Chelsea DeNofa,,312,285,4,0,4,4,4,4,1,4,1,1,hdvg130m;hdvila100m;howto100m;koala36m;openvid1m;panda70m;runway-jupiter;vidgen1m;youtube8m;yttemporal-180m,hdvg130m;hdvila100m;openvid1m;runway-jupiter;vidgen1m;yttemporal-180m,Allen Institute for AI;Amazon;ByteDance;Kuaishou;Meta;Microsoft;Nvidia;Runway;Snap;Tencent;University of Washington,USED_BY
Obi Vincent,Obi Vincent,,256,245,0,11,0,0,0,0,0,0,0,0,internvid;runway-jupiter,internvid;runway-jupiter,ByteDance;Runway;Stability AI,USED_BY
Top Notch Lawn Care,Top Notch Lawn Care,,729,568,29,5,35,15,15,31,12,4,6,9,hdvg130m;hdvila100m;howto100m;internvid;koala36m;openvid1m;panda70m;runway-jupiter;vidgen1m;youtube8m;yttemporal-180m,hdvg130m;hdvila100m;internvid;openvid1m;runway-jupiter;vidgen1m;yttemporal-180m,Allen Institute for AI;Amazon;ByteDance;Kuaishou;Meta;Microsoft;Nvidia;Runway;Snap;Stability AI;Tencent;University of Washington,USED_BY
Gizmo Drones,Gizmo Drones,,243,243,0,0,0,0,0,0,0,0,0,0,runway-jupiter,runway-jupiter,Runway,USED_BY
Netflix,Netflix,,5999,5468,198,229,28,26,20,2,10,14,0,4,hdvg130m;hdvila100m;howto100m;internvid;koala36m;openvid1m;panda70m;runway-jupiter;youtube8m;yttemporal-180m,hdvg130m;hdvila100m;internvid;openvid1m;runway-jupiter;yttemporal-180m,Allen Institute for AI;Amazon;ByteDance;Kuaishou;Meta;Microsoft;Nvidia;Runway;Snap;Stability AI;Tencent;University of Washington,USED_BY
Premium Footage Planet,Premium Footage Planet,,240,240,0,0,0,0,0,0,0,0,0,0,runway-jupiter,runway-jupiter,Runway,USED_BY
Oliver Sjostrom,Oliver Sjostrom,,238,237,0,1,0,0,0,0,0,0,0,0,internvid;runway-jupiter,internvid;runway-jupiter,ByteDance;Runway;Stability AI,USED_BY
FLAGRANT,FLAGRANT,,334,334,0,0,0,0,0,0,0,0,0,0,runway-jupiter,runway-jupiter,Runway,USED_BY
BYOT,BYOT,,390,278,21,19,22,8,7,22,8,2,3,0,hdvg130m;hdvila100m;howto100m;internvid;koala36m;openvid1m;panda70m;runway-jupiter;vidgen1m;yttemporal-180m,hdvg130m;hdvila100m;internvid;openvid1m;runway-jupiter;vidgen1m;yttemporal-180m,Allen Institute for AI;Amazon;ByteDance;Kuaishou;Meta;Microsoft;Nvidia;Runway;Snap;Stability AI;Tencent;University of Washington,USED_BY
Hollow,Hollow,,4986,4848,0,4,36,31,6,5,23,2,2,29,hdvg130m;hdvila100m;howto100m;internvid;koala36m;openvid1m;panda70m;runway-jupiter;vidgen1m;youtube8m,hdvg130m;hdvila100m;internvid;openvid1m;runway-jupiter;vidgen1m,Amazon;ByteDance;Kuaishou;Meta;Microsoft;Nvidia;Runway;Snap;Stability AI;Tencent,USED_BY
nonoASMR,nonoASMR,,235,235,0,0,0,0,0,0,0,0,0,0,runway-jupiter,runway-jupiter,Runway,USED_BY
Pack Hacker,Pack Hacker,,1024,401,102,31,97,96,94,13,71,68,51,0,hdvg130m;hdvila100m;howto100m;internvid;koala36m;openvid1m;panda70m;runway-jupiter;vidgen1m;yttemporal-180m,hdvg130m;hdvila100m;internvid;openvid1m;runway-jupiter;vidgen1m;yttemporal-180m,Allen Institute for AI;Amazon;ByteDance;Kuaishou;Meta;Microsoft;Nvidia;Runway;Snap;Stability AI;Tencent;University of Washington,USED_BY
Island Hopper TV,Island Hopper TV,,1182,856,68,11,62,63,61,0,41,8,12,0,hdvg130m;hdvila100m;internvid;koala36m;openvid1m;panda70m;runway-jupiter;vidgen1m;yttemporal-180m,hdvg130m;hdvila100m;internvid;openvid1m;runway-jupiter;vidgen1m;yttemporal-180m,Allen Institute for AI;Amazon;ByteDance;Kuaishou;Meta;Microsoft;Nvidia;Runway;Snap;Stability AI;Tencent;University of Washington,USED_BY
Teo Crawford,Teo Crawford,,258,255,0,3,0,0,0,0,0,0,0,0,internvid;runway-jupiter,internvid;runway-jupiter,ByteDance;Runway;Stability AI,USED_BY
TIFF x DAN,TIFF x DAN,,323,320,0,3,0,0,0,0,0,0,0,0,internvid;runway-jupiter,internvid;runway-jupiter,ByteDance;Runway;Stability AI,USED_BY
Doctor Eye Health,Doctor Eye Health,,287,245,0,42,0,0,0,0,0,0,0,0,internvid;runway-jupiter,internvid;runway-jupiter,ByteDance;Runway;Stability AI,USED_BY
The McKibbin Brothers,The McKibbin Brothers,,489,261,65,23,32,32,32,0,19,16,9,0,hdvg130m;hdvila100m;internvid;koala36m;openvid1m;panda70m;runway-jupiter;vidgen1m;yttemporal-180m,hdvg130m;hdvila100m;internvid;openvid1m;runway-jupiter;vidgen1m;yttemporal-180m,Allen Institute for AI;Amazon;ByteDance;Kuaishou;Meta;Microsoft;Nvidia;Runway;Snap;Stability AI;Tencent;University of Washington,USED_BY
Starboard Windsurfing,Starboard Windsurfing,,510,388,45,9,16,16,15,0,14,2,4,1,hdvg130m;hdvila100m;internvid;koala36m;openvid1m;panda70m;runway-jupiter;vidgen1m;youtube8m;yttemporal-180m,hdvg130m;hdvila100m;internvid;openvid1m;runway-jupiter;vidgen1m;yttemporal-180m,Allen Institute for AI;Amazon;ByteDance;Kuaishou;Meta;Microsoft;Nvidia;Runway;Snap;Stability AI;Tencent;University of Washington,USED_BY
The Kennedy Center,The Kennedy Center,,4812,4761,0,26,5,4,4,1,4,0,0,7,hdvg130m;hdvila100m;howto100m;internvid;koala36m;panda70m;runway-jupiter;youtube8m,hdvg130m;hdvila100m;internvid;runway-jupiter,ByteDance;Meta;Nvidia;Runway;Snap;Stability AI;Tencent,USED_BY
Unicorn Academy - Official Channel,Unicorn Academy - Official Channel,,232,232,0,0,0,0,0,0,0,0,0,0,runway-jupiter,runway-jupiter,Runway,USED_BY
Xavier Kickz,Xavier Kickz,,232,231,0,1,0,0,0,0,0,0,0,0,internvid;runway-jupiter,internvid;runway-jupiter,ByteDance;Runway;Stability AI,USED_BY
Phương - Harvesting,Phương - Harvesting,,230,230,0,0,0,0,0,0,0,0,0,0,runway-jupiter,runway-jupiter,Runway,USED_BY
Rémy Métailler,Rémy Métailler,,388,378,0,5,0,0,0,0,0,0,0,5,internvid;runway-jupiter;youtube8m,internvid;runway-jupiter,ByteDance;Runway;Stability AI,USED_BY
Learning the Harp,Learning the Harp,,380,350,4,5,5,4,4,5,2,0,0,1,hdvg130m;hdvila100m;howto100m;internvid;koala36m;panda70m;runway-jupiter;youtube8m;yttemporal-180m,hdvg130m;hdvila100m;internvid;runway-jupiter;yttemporal-180m,Allen Institute for AI;ByteDance;Meta;Nvidia;Runway;Snap;Stability AI;Tencent;University of Washington,USED_BY
Russell Tree Experts,Russell Tree Experts,,245,244,0,1,0,0,0,0,0,0,0,0,internvid;runway-jupiter,internvid;runway-jupiter,ByteDance;Runway;Stability AI,USED_BY
Drone Snap,Drone Snap,,278,277,0,1,0,0,0,0,0,0,0,0,internvid;runway-jupiter,internvid;runway-jupiter,ByteDance;Runway;Stability AI,USED_BY
YELİZ GÜNAY TATTOO,YELİZ GÜNAY TATTOO,,240,239,0,1,0,0,0,0,0,0,0,0,internvid;runway-jupiter,internvid;runway-jupiter,ByteDance;Runway;Stability AI,USED_BY
Blippi Toys,Blippi Toys,,889,631,44,16,48,44,44,9,26,12,14,1,hdvg130m;hdvila100m;howto100m;internvid;koala36m;openvid1m;panda70m;runway-jupiter;vidgen1m;youtube8m;yttemporal-180m,hdvg130m;hdvila100m;internvid;openvid1m;runway-jupiter;vidgen1m;yttemporal-180m,Allen Institute for AI;Amazon;ByteDance;Kuaishou;Meta;Microsoft;Nvidia;Runway;Snap;Stability AI;Tencent;University of Washington,USED_BY
Cornelius Quiring,Cornelius Quiring,,236,232,0,2,1,0,0,1,0,0,0,0,howto100m;internvid;panda70m;runway-jupiter,internvid;runway-jupiter,ByteDance;Runway;Stability AI,USED_BY
FortNine,FortNine,,1340,382,187,31,161,155,150,12,98,118,46,0,hdvg130m;hdvila100m;howto100m;internvid;koala36m;openvid1m;panda70m;runway-jupiter;vidgen1m;yttemporal-180m,hdvg130m;hdvila100m;internvid;openvid1m;runway-jupiter;vidgen1m;yttemporal-180m,Allen Institute for AI;Amazon;ByteDance;Kuaishou;Meta;Microsoft;Nvidia;Runway;Snap;Stability AI;Tencent;University of Washington,USED_BY
ChrisFix,ChrisFix,,2162,375,218,31,323,316,308,216,217,28,114,16,hdvg130m;hdvila100m;howto100m;internvid;koala36m;openvid1m;panda70m;runway-jupiter;vidgen1m;youtube8m;yttemporal-180m,hdvg130m;hdvila100m;internvid;openvid1m;runway-jupiter;vidgen1m;yttemporal-180m,Allen Institute for AI;Amazon;ByteDance;Kuaishou;Meta;Microsoft;Nvidia;Runway;Snap;Stability AI;Tencent;University of Washington,USED_BY
MKIceAndFire,MKIceAndFire,,5665,5652,0,4,1,0,0,1,0,0,0,7,howto100m;internvid;panda70m;runway-jupiter;youtube8m,internvid;runway-jupiter,ByteDance;Runway;Stability AI,USED_BY
DOST-PAGASA Weather Report,DOST-PAGASA Weather Report,,4765,4748,0,17,0,0,0,0,0,0,0,0,internvid;runway-jupiter,internvid;runway-jupiter,ByteDance;Runway;Stability AI,USED_BY
Grassroots Motorsports,Grassroots Motorsports,,438,405,1,4,5,5,5,1,3,0,3,6,hdvg130m;hdvila100m;howto100m;internvid;koala36m;panda70m;runway-jupiter;vidgen1m;youtube8m;yttemporal-180m,hdvg130m;hdvila100m;internvid;runway-jupiter;vidgen1m;yttemporal-180m,Allen Institute for AI;Amazon;ByteDance;Meta;Nvidia;Runway;Snap;Stability AI;Tencent;University of Washington,USED_BY
Fraser Wilson,Fraser Wilson,,601,314,130,6,36,35,33,3,22,8,14,0,hdvg130m;hdvila100m;howto100m;internvid;koala36m;openvid1m;panda70m;runway-jupiter;vidgen1m;yttemporal-180m,hdvg130m;hdvila100m;internvid;openvid1m;runway-jupiter;vidgen1m;yttemporal-180m,Allen Institute for AI;Amazon;ByteDance;Kuaishou;Meta;Microsoft;Nvidia;Runway;Snap;Stability AI;Tencent;University of Washington,USED_BY
Status Coup News,Status Coup News,,4272,4267,0,5,0,0,0,0,0,0,0,0,internvid;runway-jupiter,internvid;runway-jupiter,ByteDance;Runway;Stability AI,USED_BY
City Walks,City Walks,,447,447,0,0,0,0,0,0,0,0,0,0,runway-jupiter,runway-jupiter,Runway,USED_BY
Make Something,Make Something,,774,351,80,27,90,30,30,90,34,24,13,5,hdvg130m;hdvila100m;howto100m;internvid;koala36m;openvid1m;panda70m;runway-jupiter;vidgen1m;youtube8m;yttemporal-180m,hdvg130m;hdvila100m;internvid;openvid1m;runway-jupiter;vidgen1m;yttemporal-180m,Allen Institute for AI;Amazon;ByteDance;Kuaishou;Meta;Microsoft;Nvidia;Runway;Snap;Stability AI;Tencent;University of Washington,USED_BY
kend Işleri,kend Işleri,,234,234,0,0,0,0,0,0,0,0,0,0,runway-jupiter,runway-jupiter,Runway,USED_BY
9 Story Fun,9 Story Fun,,230,230,0,0,0,0,0,0,0,0,0,0,runway-jupiter,runway-jupiter,Runway,USED_BY
Cake Making,Cake Making,,269,269,0,0,0,0,0,0,0,0,0,0,runway-jupiter,runway-jupiter,Runway,USED_BY
Everyday Astronaut,Everyday Astronaut,,580,340,46,2,43,43,42,0,22,32,10,0,hdvg130m;hdvila100m;internvid;koala36m;openvid1m;panda70m;runway-jupiter;vidgen1m;yttemporal-180m,hdvg130m;hdvila100m;internvid;openvid1m;runway-jupiter;vidgen1m;yttemporal-180m,Allen Institute for AI;Amazon;ByteDance;Kuaishou;Meta;Microsoft;Nvidia;Runway;Snap;Stability AI;Tencent;University of Washington,USED_BY
Lifestyle Hal,Lifestyle Hal,,246,245,0,1,0,0,0,0,0,0,0,0,internvid;runway-jupiter,internvid;runway-jupiter,ByteDance;Runway;Stability AI,USED_BY
growwithjo,growwithjo,,325,302,0,23,0,0,0,0,0,0,0,0,internvid;runway-jupiter,internvid;runway-jupiter,ByteDance;Runway;Stability AI,USED_BY
Makeup,Makeup,,664,225,82,12,94,38,38,83,34,38,8,12,hdvg130m;hdvila100m;howto100m;internvid;koala36m;openvid1m;panda70m;runway-jupiter;vidgen1m;youtube8m;yttemporal-180m,hdvg130m;hdvila100m;internvid;openvid1m;runway-jupiter;vidgen1m;yttemporal-180m,Allen Institute for AI;Amazon;ByteDance;Kuaishou;Meta;Microsoft;Nvidia;Runway;Snap;Stability AI;Tencent;University of Washington,USED_BY
KaaLel,KaaLel,,545,545,0,0,0,0,0,0,0,0,0,0,runway-jupiter,runway-jupiter,Runway,USED_BY
Eoin Reardon,Eoin Reardon,,223,219,0,4,0,0,0,0,0,0,0,0,internvid;runway-jupiter,internvid;runway-jupiter,ByteDance;Runway;Stability AI,USED_BY
Flybubble Paragliding,Flybubble Paragliding,,649,302,95,7,54,54,53,0,41,22,15,6,hdvg130m;hdvila100m;internvid;koala36m;openvid1m;panda70m;runway-jupiter;vidgen1m;youtube8m;yttemporal-180m,hdvg130m;hdvila100m;internvid;openvid1m;runway-jupiter;vidgen1m;yttemporal-180m,Allen Institute for AI;Amazon;ByteDance;Kuaishou;Meta;Microsoft;Nvidia;Runway;Snap;Stability AI;Tencent;University of Washington,USED_BY
Top Rank Boxing,Top Rank Boxing,,6440,4562,622,29,306,306,270,0,209,74,41,21,hdvg130m;hdvila100m;internvid;koala36m;openvid1m;panda70m;runway-jupiter;vidgen1m;youtube8m;yttemporal-180m,hdvg130m;hdvila100m;internvid;openvid1m;runway-jupiter;vidgen1m;yttemporal-180m,Allen Institute for AI;Amazon;ByteDance;Kuaishou;Meta;Microsoft;Nvidia;Runway;Snap;Stability AI;Tencent;University of Washington,USED_BY
Odell Complete Concrete,Odell Complete Concrete,,982,518,90,28,119,36,34,119,28,0,10,0,hdvg130m;hdvila100m;howto100m;internvid;koala36m;panda70m;runway-jupiter;vidgen1m;yttemporal-180m,hdvg130m;hdvila100m;internvid;runway-jupiter;vidgen1m;yttemporal-180m,Allen Institute for AI;Amazon;ByteDance;Meta;Nvidia;Runway;Snap;Stability AI;Tencent;University of Washington,USED_BY
Samuel Goldwyn Films,Samuel Goldwyn Films,,366,361,0,1,1,1,1,0,0,0,0,1,hdvila100m;internvid;koala36m;panda70m;runway-jupiter;youtube8m,hdvila100m;internvid;runway-jupiter,ByteDance;Meta;Runway;Snap;Stability AI;Tencent,USED_BY
Rachard Johnson,Rachard Johnson,,276,275,0,1,0,0,0,0,0,0,0,0,internvid;runway-jupiter,internvid;runway-jupiter,ByteDance;Runway;Stability AI,USED_BY
经典大本营,经典大本营,,4728,4626,0,102,0,0,0,0,0,0,0,0,internvid;runway-jupiter,internvid;runway-jupiter,ByteDance;Runway;Stability AI,USED_BY
Regal,Regal,,4747,4636,1,0,18,17,9,1,6,0,2,57,hdvg130m;hdvila100m;howto100m;koala36m;panda70m;runway-jupiter;vidgen1m;youtube8m;yttemporal-180m,hdvg130m;hdvila100m;runway-jupiter;vidgen1m;yttemporal-180m,Allen Institute for AI;Amazon;ByteDance;Meta;Nvidia;Runway;Snap;Tencent;University of Washington,USED_BY
takahashi taiyou,takahashi taiyou,,220,216,0,4,0,0,0,0,0,0,0,0,internvid;runway-jupiter,internvid;runway-jupiter,ByteDance;Runway;Stability AI,USED_BY
ShowtimeWeb,ShowtimeWeb,,4765,4720,0,3,3,3,3,0,1,0,0,32,hdvg130m;hdvila100m;internvid;koala36m;panda70m;runway-jupiter;youtube8m,hdvg130m;hdvila100m;internvid;runway-jupiter,ByteDance;Meta;Nvidia;Runway;Snap;Stability AI;Tencent,USED_BY
Food Network,Food Network,,9375,5117,1368,55,858,380,328,627,249,284,106,3,hdvg130m;hdvila100m;howto100m;internvid;koala36m;openvid1m;panda70m;runway-jupiter;vidgen1m;youtube8m;yttemporal-180m,hdvg130m;hdvila100m;internvid;openvid1m;runway-jupiter;vidgen1m;yttemporal-180m,Allen Institute for AI;Amazon;ByteDance;Kuaishou;Meta;Microsoft;Nvidia;Runway;Snap;Stability AI;Tencent;University of Washington,USED_BY
Kicking World Kicking Camps,Kicking World Kicking Camps,,588,569,0,9,2,2,2,0,0,0,0,4,hdvila100m;internvid;koala36m;panda70m;runway-jupiter;youtube8m,hdvila100m;internvid;runway-jupiter,ByteDance;Meta;Runway;Snap;Stability AI;Tencent,USED_BY
Handimania,Handimania,,283,261,0,9,3,1,1,2,0,2,0,4,hdvila100m;howto100m;internvid;koala36m;openvid1m;panda70m;runway-jupiter;youtube8m,hdvila100m;internvid;openvid1m;runway-jupiter,Amazon;ByteDance;Kuaishou;Meta;Microsoft;Nvidia;Runway;Snap;Stability AI;Tencent,USED_BY
Wonder World,Wonder World,,592,226,106,72,46,43,42,8,27,10,12,0,hdvg130m;hdvila100m;howto100m;internvid;koala36m;openvid1m;panda70m;runway-jupiter;vidgen1m;yttemporal-180m,hdvg130m;hdvila100m;internvid;openvid1m;runway-jupiter;vidgen1m;yttemporal-180m,Allen Institute for AI;Amazon;ByteDance;Kuaishou;Meta;Microsoft;Nvidia;Runway;Snap;Stability AI;Tencent;University of Washington,USED_BY
The Paranormal Files (Official Channel),The Paranormal Files (Official Channel),,375,232,59,0,21,20,18,1,12,2,10,0,hdvg130m;hdvila100m;howto100m;koala36m;openvid1m;panda70m;runway-jupiter;vidgen1m;yttemporal-180m,hdvg130m;hdvila100m;openvid1m;runway-jupiter;vidgen1m;yttemporal-180m,Allen Institute for AI;Amazon;ByteDance;Kuaishou;Meta;Microsoft;Nvidia;Runway;Snap;Tencent;University of Washington,USED_BY
Gordon Ramsay,Gordon Ramsay,,3296,1477,625,97,347,147,117,300,78,50,36,22,hdvg130m;hdvila100m;howto100m;internvid;koala36m;openvid1m;panda70m;runway-jupiter;vidgen1m;youtube8m;yttemporal-180m,hdvg130m;hdvila100m;internvid;openvid1m;runway-jupiter;vidgen1m;yttemporal-180m,Allen Institute for AI;Amazon;ByteDance;Kuaishou;Meta;Microsoft;Nvidia;Runway;Snap;Stability AI;Tencent;University of Washington,USED_BY
RESK 12,RESK 12,,350,338,0,12,0,0,0,0,0,0,0,0,internvid;runway-jupiter,internvid;runway-jupiter,ByteDance;Runway;Stability AI,USED_BY
Business Insider,Business Insider,,10192,5139,1180,380,902,871,744,84,554,264,61,13,hdvg130m;hdvila100m;howto100m;internvid;koala36m;openvid1m;panda70m;runway-jupiter;vidgen1m;youtube8m;yttemporal-180m,hdvg130m;hdvila100m;internvid;openvid1m;runway-jupiter;vidgen1m;yttemporal-180m,Allen Institute for AI;Amazon;ByteDance;Kuaishou;Meta;Microsoft;Nvidia;Runway;Snap;Stability AI;Tencent;University of Washington,USED_BY
Luxy Hair,Luxy Hair,,789,490,56,7,75,24,24,71,15,4,3,20,hdvg130m;hdvila100m;howto100m;internvid;koala36m;openvid1m;panda70m;runway-jupiter;vidgen1m;youtube8m;yttemporal-180m,hdvg130m;hdvila100m;internvid;openvid1m;runway-jupiter;vidgen1m;yttemporal-180m,Allen Institute for AI;Amazon;ByteDance;Kuaishou;Meta;Microsoft;Nvidia;Runway;Snap;Stability AI;Tencent;University of Washington,USED_BY
Wade Papenfus - Offshore Tales,Wade Papenfus - Offshore Tales,,221,219,0,2,0,0,0,0,0,0,0,0,internvid;runway-jupiter,internvid;runway-jupiter,ByteDance;Runway;Stability AI,USED_BY
Apartment Therapy,Apartment Therapy,,477,318,25,12,31,14,14,31,12,12,8,0,hdvg130m;hdvila100m;howto100m;internvid;koala36m;openvid1m;panda70m;runway-jupiter;vidgen1m;yttemporal-180m,hdvg130m;hdvila100m;internvid;openvid1m;runway-jupiter;vidgen1m;yttemporal-180m,Allen Institute for AI;Amazon;ByteDance;Kuaishou;Meta;Microsoft;Nvidia;Runway;Snap;Stability AI;Tencent;University of Washington,USED_BY
The Fixer,The Fixer,,290,236,6,17,9,4,4,9,3,0,2,0,hdvg130m;hdvila100m;howto100m;internvid;koala36m;panda70m;runway-jupiter;vidgen1m;yttemporal-180m,hdvg130m;hdvila100m;internvid;runway-jupiter;vidgen1m;yttemporal-180m,Allen Institute for AI;Amazon;ByteDance;Meta;Nvidia;Runway;Snap;Stability AI;Tencent;University of Washington,USED_BY
F.C. København,F.C. København,,4560,4383,0,1,15,15,14,0,7,8,2,115,hdvg130m;hdvila100m;internvid;koala36m;openvid1m;panda70m;runway-jupiter;vidgen1m;youtube8m,hdvg130m;hdvila100m;internvid;openvid1m;runway-jupiter;vidgen1m,Amazon;ByteDance;Kuaishou;Meta;Microsoft;Nvidia;Runway;Snap;Stability AI;Tencent,USED_BY
Yummy Yammy,Yummy Yammy,,809,765,3,33,4,0,0,4,0,0,0,0,howto100m;internvid;panda70m;runway-jupiter;yttemporal-180m,internvid;runway-jupiter;yttemporal-180m,Allen Institute for AI;ByteDance;Runway;Stability AI;University of Washington,USED_BY
GK Pro Disc Golf,GK Pro Disc Golf,,969,969,0,0,0,0,0,0,0,0,0,0,runway-jupiter,runway-jupiter,Runway,USED_BY
Priyanka Tiwari,Priyanka Tiwari,,266,263,0,3,0,0,0,0,0,0,0,0,internvid;runway-jupiter,internvid;runway-jupiter,ByteDance;Runway;Stability AI,USED_BY
Wanderlust Travel Videos,Wanderlust Travel Videos,,236,236,0,0,0,0,0,0,0,0,0,0,runway-jupiter,runway-jupiter,Runway,USED_BY
Nintendo of America,Nintendo of America,,4926,4772,0,69,15,14,8,2,8,2,2,34,hdvg130m;hdvila100m;howto100m;internvid;koala36m;openvid1m;panda70m;runway-jupiter;vidgen1m;youtube8m,hdvg130m;hdvila100m;internvid;openvid1m;runway-jupiter;vidgen1m,Amazon;ByteDance;Kuaishou;Meta;Microsoft;Nvidia;Runway;Snap;Stability AI;Tencent,USED_BY
The Crosbys,The Crosbys,,355,338,1,14,1,0,0,1,0,0,0,0,howto100m;internvid;panda70m;runway-jupiter;yttemporal-180m,internvid;runway-jupiter;yttemporal-180m,Allen Institute for AI;ByteDance;Runway;Stability AI;University of Washington,USED_BY
The Food Ranger,The Food Ranger,,1402,350,154,3,176,143,141,66,91,222,53,3,hdvg130m;hdvila100m;howto100m;internvid;koala36m;openvid1m;panda70m;runway-jupiter;vidgen1m;youtube8m;yttemporal-180m,hdvg130m;hdvila100m;internvid;openvid1m;runway-jupiter;vidgen1m;yttemporal-180m,Allen Institute for AI;Amazon;ByteDance;Kuaishou;Meta;Microsoft;Nvidia;Runway;Snap;Stability AI;Tencent;University of Washington,USED_BY
CareerOneStop,CareerOneStop,,964,933,0,31,0,0,0,0,0,0,0,0,internvid;runway-jupiter,internvid;runway-jupiter,ByteDance;Runway;Stability AI,USED_BY
Kurzgesagt – In a Nutshell,Kurzgesagt – In a Nutshell,,441,210,20,77,36,22,18,36,12,2,6,2,hdvg130m;hdvila100m;howto100m;internvid;koala36m;openvid1m;panda70m;runway-jupiter;vidgen1m;youtube8m;yttemporal-180m,hdvg130m;hdvila100m;internvid;openvid1m;runway-jupiter;vidgen1m;yttemporal-180m,Allen Institute for AI;Amazon;ByteDance;Kuaishou;Meta;Microsoft;Nvidia;Runway;Snap;Stability AI;Tencent;University of Washington,USED_BY
Exotic Black TV,Exotic Black TV,,212,210,0,2,0,0,0,0,0,0,0,0,internvid;runway-jupiter,internvid;runway-jupiter,ByteDance;Runway;Stability AI,USED_BY
乐视视频官方频道 Letv Official Channel,乐视视频官方频道 Letv Official Channel,,4601,4589,0,12,0,0,0,0,0,0,0,0,internvid;runway-jupiter,internvid;runway-jupiter,ByteDance;Runway;Stability AI,USED_BY
Olympics Gymnastics,Olympics Gymnastics,,340,335,0,5,0,0,0,0,0,0,0,0,internvid;runway-jupiter,internvid;runway-jupiter,ByteDance;Runway;Stability AI,USED_BY
Cleaning The Dirtiest,Cleaning The Dirtiest,,209,209,0,0,0,0,0,0,0,0,0,0,runway-jupiter,runway-jupiter,Runway,USED_BY
hdRunners,hdRunners,,4405,4388,7,6,1,1,1,0,0,0,0,1,hdvila100m;internvid;koala36m;panda70m;runway-jupiter;youtube8m;yttemporal-180m,hdvila100m;internvid;runway-jupiter;yttemporal-180m,Allen Institute for AI;ByteDance;Meta;Runway;Snap;Stability AI;Tencent;University of Washington,USED_BY
Jaw-Dropping Facts,Jaw-Dropping Facts,,234,208,0,26,0,0,0,0,0,0,0,0,internvid;runway-jupiter,internvid;runway-jupiter,ByteDance;Runway;Stability AI,USED_BY
Haugen Racing,Haugen Racing,,456,454,0,2,0,0,0,0,0,0,0,0,internvid;runway-jupiter,internvid;runway-jupiter,ByteDance;Runway;Stability AI,USED_BY
lilsimsie,lilsimsie,,2074,2041,0,19,7,0,0,7,0,0,0,0,howto100m;internvid;panda70m;runway-jupiter,internvid;runway-jupiter,ByteDance;Runway;Stability AI,USED_BY
Luge Сhannel,Luge Сhannel,,214,212,0,2,0,0,0,0,0,0,0,0,internvid;runway-jupiter,internvid;runway-jupiter,ByteDance;Runway;Stability AI,USED_BY
Kidibli (Kinder Spielzeug Kanal),Kidibli (Kinder Spielzeug Kanal),,1485,951,212,56,64,64,63,0,38,20,17,0,hdvg130m;hdvila100m;internvid;koala36m;openvid1m;panda70m;runway-jupiter;vidgen1m;yttemporal-180m,hdvg130m;hdvila100m;internvid;openvid1m;runway-jupiter;vidgen1m;yttemporal-180m,Allen Institute for AI;Amazon;ByteDance;Kuaishou;Meta;Microsoft;Nvidia;Runway;Snap;Stability AI;Tencent;University of Washington,USED_BY
Downshiftology,Downshiftology,,545,210,60,29,69,30,28,69,13,32,5,0,hdvg130m;hdvila100m;howto100m;internvid;koala36m;openvid1m;panda70m;runway-jupiter;vidgen1m;yttemporal-180m,hdvg130m;hdvila100m;internvid;openvid1m;runway-jupiter;vidgen1m;yttemporal-180m,Allen Institute for AI;Amazon;ByteDance;Kuaishou;Meta;Microsoft;Nvidia;Runway;Snap;Stability AI;Tencent;University of Washington,USED_BY
The Key of Awesome,The Key of Awesome,,940,844,5,4,16,4,4,14,2,12,1,34,hdvg130m;hdvila100m;howto100m;internvid;koala36m;openvid1m;panda70m;runway-jupiter;vidgen1m;youtube8m;yttemporal-180m,hdvg130m;hdvila100m;internvid;openvid1m;runway-jupiter;vidgen1m;yttemporal-180m,Allen Institute for AI;Amazon;ByteDance;Kuaishou;Meta;Microsoft;Nvidia;Runway;Snap;Stability AI;Tencent;University of Washington,USED_BY
DRAMA Voyage,DRAMA Voyage,,4278,4219,0,59,0,0,0,0,0,0,0,0,internvid;runway-jupiter,internvid;runway-jupiter,ByteDance;Runway;Stability AI,USED_BY
DIY Garden Ideas,DIY Garden Ideas,,222,205,0,17,0,0,0,0,0,0,0,0,internvid;runway-jupiter,internvid;runway-jupiter,ByteDance;Runway;Stability AI,USED_BY
Gaming with Abyss,Gaming with Abyss,,4436,4405,0,27,1,0,0,1,0,2,0,0,howto100m;internvid;openvid1m;panda70m;runway-jupiter,internvid;openvid1m;runway-jupiter,Amazon;ByteDance;Kuaishou;Microsoft;Nvidia;Runway;Stability AI,USED_BY
THE TABLE,THE TABLE,,1232,1231,0,1,0,0,0,0,0,0,0,0,internvid;runway-jupiter,internvid;runway-jupiter,ByteDance;Runway;Stability AI,USED_BY
B Bryant Films,B Bryant Films,,252,252,0,0,0,0,0,0,0,0,0,0,runway-jupiter,runway-jupiter,Runway,USED_BY
kimdao,kimdao,,409,339,24,3,8,7,7,1,3,0,1,16,hdvg130m;hdvila100m;howto100m;internvid;koala36m;panda70m;runway-jupiter;vidgen1m;youtube8m;yttemporal-180m,hdvg130m;hdvila100m;internvid;runway-jupiter;vidgen1m;yttemporal-180m,Allen Institute for AI;Amazon;ByteDance;Meta;Nvidia;Runway;Snap;Stability AI;Tencent;University of Washington,USED_BY
Gumbal,Gumbal,,4016,3878,1,6,3,3,3,0,1,2,1,118,hdvg130m;hdvila100m;internvid;koala36m;openvid1m;panda70m;runway-jupiter;vidgen1m;youtube8m;yttemporal-180m,hdvg130m;hdvila100m;internvid;openvid1m;runway-jupiter;vidgen1m;yttemporal-180m,Allen Institute for AI;Amazon;ByteDance;Kuaishou;Meta;Microsoft;Nvidia;Runway;Snap;Stability AI;Tencent;University of Washington,USED_BY
Men With The Pot,Men With The Pot,,321,311,0,10,0,0,0,0,0,0,0,0,internvid;runway-jupiter,internvid;runway-jupiter,ByteDance;Runway;Stability AI,USED_BY
TGG - Global Emergency Responses,TGG - Global Emergency Responses,,530,530,0,0,0,0,0,0,0,0,0,0,runway-jupiter,runway-jupiter,Runway,USED_BY
Silver Cymbal,Silver Cymbal,,526,347,22,82,25,6,6,25,2,8,3,0,hdvg130m;hdvila100m;howto100m;internvid;koala36m;openvid1m;panda70m;runway-jupiter;vidgen1m;yttemporal-180m,hdvg130m;hdvila100m;internvid;openvid1m;runway-jupiter;vidgen1m;yttemporal-180m,Allen Institute for AI;Amazon;ByteDance;Kuaishou;Meta;Microsoft;Nvidia;Runway;Snap;Stability AI;Tencent;University of Washington,USED_BY
LRN2DIY,LRN2DIY,,548,244,65,16,58,39,39,41,24,14,4,4,hdvg130m;hdvila100m;howto100m;internvid;koala36m;openvid1m;panda70m;runway-jupiter;vidgen1m;youtube8m;yttemporal-180m,hdvg130m;hdvila100m;internvid;openvid1m;runway-jupiter;vidgen1m;yttemporal-180m,Allen Institute for AI;Amazon;ByteDance;Kuaishou;Meta;Microsoft;Nvidia;Runway;Snap;Stability AI;Tencent;University of Washington,USED_BY
Talks at Google,Talks at Google,,4516,4410,25,1,24,18,16,6,9,4,3,0,hdvg130m;hdvila100m;howto100m;internvid;koala36m;openvid1m;panda70m;runway-jupiter;vidgen1m;yttemporal-180m,hdvg130m;hdvila100m;internvid;openvid1m;runway-jupiter;vidgen1m;yttemporal-180m,Allen Institute for AI;Amazon;ByteDance;Kuaishou;Meta;Microsoft;Nvidia;Runway;Snap;Stability AI;Tencent;University of Washington,USED_BY
Racing TV,Racing TV,,5279,4485,257,53,141,140,54,1,83,10,11,44,hdvg130m;hdvila100m;howto100m;internvid;koala36m;openvid1m;panda70m;runway-jupiter;vidgen1m;youtube8m;yttemporal-180m,hdvg130m;hdvila100m;internvid;openvid1m;runway-jupiter;vidgen1m;yttemporal-180m,Allen Institute for AI;Amazon;ByteDance;Kuaishou;Meta;Microsoft;Nvidia;Runway;Snap;Stability AI;Tencent;University of Washington,USED_BY
Hair And Beard,Hair And Beard,,265,265,0,0,0,0,0,0,0,0,0,0,runway-jupiter,runway-jupiter,Runway,USED_BY
Dream Trips,Dream Trips,,473,472,0,1,0,0,0,0,0,0,0,0,internvid;runway-jupiter,internvid;runway-jupiter,ByteDance;Runway;Stability AI,USED_BY
Partridge Exterior Cleaning,Partridge Exterior Cleaning,,244,223,0,21,0,0,0,0,0,0,0,0,internvid;runway-jupiter,internvid;runway-jupiter,ByteDance;Runway;Stability AI,USED_BY
Cartoon Hangover,Cartoon Hangover,,439,381,3,0,15,7,5,10,5,4,1,8,hdvg130m;hdvila100m;howto100m;koala36m;openvid1m;panda70m;runway-jupiter;vidgen1m;youtube8m;yttemporal-180m,hdvg130m;hdvila100m;openvid1m;runway-jupiter;vidgen1m;yttemporal-180m,Allen Institute for AI;Amazon;ByteDance;Kuaishou;Meta;Microsoft;Nvidia;Runway;Snap;Tencent;University of Washington,USED_BY
Weed 'em & Reap,Weed 'em & Reap,,2691,753,403,9,319,316,306,25,186,232,142,0,hdvg130m;hdvila100m;howto100m;internvid;koala36m;openvid1m;panda70m;runway-jupiter;vidgen1m;yttemporal-180m,hdvg130m;hdvila100m;internvid;openvid1m;runway-jupiter;vidgen1m;yttemporal-180m,Allen Institute for AI;Amazon;ByteDance;Kuaishou;Meta;Microsoft;Nvidia;Runway;Snap;Stability AI;Tencent;University of Washington,USED_BY
Tasty,Tasty,,7660,4192,398,127,743,596,561,260,365,278,137,3,hdvg130m;hdvila100m;howto100m;internvid;koala36m;openvid1m;panda70m;runway-jupiter;vidgen1m;youtube8m;yttemporal-180m,hdvg130m;hdvila100m;internvid;openvid1m;runway-jupiter;vidgen1m;yttemporal-180m,Allen Institute for AI;Amazon;ByteDance;Kuaishou;Meta;Microsoft;Nvidia;Runway;Snap;Stability AI;Tencent;University of Washington,USED_BY
Debrup Travel & Films,Debrup Travel & Films,,201,197,0,3,0,0,0,0,0,0,0,1,internvid;runway-jupiter;youtube8m,internvid;runway-jupiter,ByteDance;Runway;Stability AI,USED_BY
Chao Coffee and Tea,Chao Coffee and Tea,,694,665,0,29,0,0,0,0,0,0,0,0,internvid;runway-jupiter,internvid;runway-jupiter,ByteDance;Runway;Stability AI,USED_BY
ZDFheute Nachrichten,ZDFheute Nachrichten,,4198,4193,0,5,0,0,0,0,0,0,0,0,internvid;runway-jupiter,internvid;runway-jupiter,ByteDance;Runway;Stability AI,USED_BY
Galileo,Galileo,,4975,4752,0,193,2,2,2,0,1,0,0,23,hdvg130m;hdvila100m;internvid;koala36m;panda70m;runway-jupiter;youtube8m,hdvg130m;hdvila100m;internvid;runway-jupiter,ByteDance;Meta;Nvidia;Runway;Snap;Stability AI;Tencent,USED_BY
Spark,Spark,,627,578,9,4,9,9,9,0,5,0,2,2,hdvg130m;hdvila100m;internvid;koala36m;panda70m;runway-jupiter;vidgen1m;youtube8m;yttemporal-180m,hdvg130m;hdvila100m;internvid;runway-jupiter;vidgen1m;yttemporal-180m,Allen Institute for AI;Amazon;ByteDance;Meta;Nvidia;Runway;Snap;Stability AI;Tencent;University of Washington,USED_BY
Baby Shark - Pinkfong Kids’ Songs & Stories,Baby Shark - Pinkfong Kids’ Songs & Stories,,2902,2484,65,125,49,58,42,1,41,8,23,6,hdvg130m;hdvila100m;howto100m;internvid;koala36m;openvid1m;panda70m;runway-jupiter;vidgen1m;youtube8m;yttemporal-180m,hdvg130m;hdvila100m;internvid;openvid1m;runway-jupiter;vidgen1m;yttemporal-180m,Allen Institute for AI;Amazon;ByteDance;Kuaishou;Meta;Microsoft;Nvidia;Runway;Snap;Stability AI;Tencent;University of Washington,USED_BY
Garden Up,Garden Up,,307,197,18,22,21,7,7,21,5,6,3,0,hdvg130m;hdvila100m;howto100m;internvid;koala36m;openvid1m;panda70m;runway-jupiter;vidgen1m;yttemporal-180m,hdvg130m;hdvila100m;internvid;openvid1m;runway-jupiter;vidgen1m;yttemporal-180m,Allen Institute for AI;Amazon;ByteDance;Kuaishou;Meta;Microsoft;Nvidia;Runway;Snap;Stability AI;Tencent;University of Washington,USED_BY
The Q,The Q,,687,258,4,36,93,93,90,0,58,26,29,0,hdvg130m;hdvila100m;internvid;koala36m;openvid1m;panda70m;runway-jupiter;vidgen1m;yttemporal-180m,hdvg130m;hdvila100m;internvid;openvid1m;runway-jupiter;vidgen1m;yttemporal-180m,Allen Institute for AI;Amazon;ByteDance;Kuaishou;Meta;Microsoft;Nvidia;Runway;Snap;Stability AI;Tencent;University of Washington,USED_BY
Hardman Fishing Adventures,Hardman Fishing Adventures,,207,194,0,13,0,0,0,0,0,0,0,0,internvid;runway-jupiter,internvid;runway-jupiter,ByteDance;Runway;Stability AI,USED_BY
BETTER Clocks,BETTER Clocks,,3900,3898,0,2,0,0,0,0,0,0,0,0,internvid;runway-jupiter,internvid;runway-jupiter,ByteDance;Runway;Stability AI,USED_BY
Dark Arts TV (PARANORMAL),Dark Arts TV (PARANORMAL),,343,324,9,0,3,3,3,0,0,0,1,0,hdvila100m;koala36m;panda70m;runway-jupiter;vidgen1m;yttemporal-180m,hdvila100m;runway-jupiter;vidgen1m;yttemporal-180m,Allen Institute for AI;Amazon;ByteDance;Meta;Nvidia;Runway;Snap;Tencent;University of Washington,USED_BY
Veteran Tree Service,Veteran Tree Service,,244,244,0,0,0,0,0,0,0,0,0,0,runway-jupiter,runway-jupiter,Runway,USED_BY
Daniele Vitale Sax,Daniele Vitale Sax,,316,313,0,3,0,0,0,0,0,0,0,0,internvid;runway-jupiter,internvid;runway-jupiter,ByteDance;Runway;Stability AI,USED_BY
National Centre for Circus Arts,National Centre for Circus Arts,,366,360,0,4,0,0,0,0,0,0,0,2,internvid;runway-jupiter;youtube8m,internvid;runway-jupiter,ByteDance;Runway;Stability AI,USED_BY
TulipColorCrafts,TulipColorCrafts,,1246,736,107,2,130,40,33,122,30,14,3,29,hdvg130m;hdvila100m;howto100m;internvid;koala36m;openvid1m;panda70m;runway-jupiter;vidgen1m;youtube8m;yttemporal-180m,hdvg130m;hdvila100m;internvid;openvid1m;runway-jupiter;vidgen1m;yttemporal-180m,Allen Institute for AI;Amazon;ByteDance;Kuaishou;Meta;Microsoft;Nvidia;Runway;Snap;Stability AI;Tencent;University of Washington,USED_BY
Tottenham Hotspur,Tottenham Hotspur,,4060,3993,5,44,0,0,0,0,0,0,0,18,internvid;runway-jupiter;youtube8m;yttemporal-180m,internvid;runway-jupiter;yttemporal-180m,Allen Institute for AI;ByteDance;Runway;Stability AI;University of Washington,USED_BY
Girl Talks Fish,Girl Talks Fish,,226,192,5,7,6,4,3,6,3,0,0,0,hdvg130m;hdvila100m;howto100m;internvid;koala36m;panda70m;runway-jupiter;yttemporal-180m,hdvg130m;hdvila100m;internvid;runway-jupiter;yttemporal-180m,Allen Institute for AI;ByteDance;Meta;Nvidia;Runway;Snap;Stability AI;Tencent;University of Washington,USED_BY
Highlight Heaven,Highlight Heaven,,5335,4271,405,76,173,172,36,1,128,2,71,0,hdvg130m;hdvila100m;howto100m;internvid;koala36m;openvid1m;panda70m;runway-jupiter;vidgen1m;yttemporal-180m,hdvg130m;hdvila100m;internvid;openvid1m;runway-jupiter;vidgen1m;yttemporal-180m,Allen Institute for AI;Amazon;ByteDance;Kuaishou;Meta;Microsoft;Nvidia;Runway;Snap;Stability AI;Tencent;University of Washington,USED_BY
Zumba Class,Zumba Class,,196,189,0,7,0,0,0,0,0,0,0,0,internvid;runway-jupiter,internvid;runway-jupiter,ByteDance;Runway;Stability AI,USED_BY
8K Paradise,8K Paradise,,187,187,0,0,0,0,0,0,0,0,0,0,runway-jupiter,runway-jupiter,Runway,USED_BY
TheRelaxingEnd,TheRelaxingEnd,,3176,3075,0,13,11,10,2,1,8,0,2,54,hdvg130m;hdvila100m;howto100m;internvid;koala36m;panda70m;runway-jupiter;vidgen1m;youtube8m,hdvg130m;hdvila100m;internvid;runway-jupiter;vidgen1m,Amazon;ByteDance;Meta;Nvidia;Runway;Snap;Stability AI;Tencent,USED_BY
Wimbledon,Wimbledon,,6369,4274,617,42,347,349,319,0,213,74,45,89,hdvg130m;hdvila100m;internvid;koala36m;openvid1m;panda70m;runway-jupiter;vidgen1m;youtube8m;yttemporal-180m,hdvg130m;hdvila100m;internvid;openvid1m;runway-jupiter;vidgen1m;yttemporal-180m,Allen Institute for AI;Amazon;ByteDance;Kuaishou;Meta;Microsoft;Nvidia;Runway;Snap;Stability AI;Tencent;University of Washington,USED_BY
Cate Food Travel 凱特食旅,Cate Food Travel 凱特食旅,,285,279,0,6,0,0,0,0,0,0,0,0,internvid;runway-jupiter,internvid;runway-jupiter,ByteDance;Runway;Stability AI,USED_BY
Review Machines Worldwide,Review Machines Worldwide,,320,199,20,7,18,18,17,0,18,10,13,0,hdvg130m;hdvila100m;internvid;koala36m;openvid1m;panda70m;runway-jupiter;vidgen1m;yttemporal-180m,hdvg130m;hdvila100m;internvid;openvid1m;runway-jupiter;vidgen1m;yttemporal-180m,Allen Institute for AI;Amazon;ByteDance;Kuaishou;Meta;Microsoft;Nvidia;Runway;Snap;Stability AI;Tencent;University of Washington,USED_BY
Maupin Farrier Co,Maupin Farrier Co,,269,267,0,2,0,0,0,0,0,0,0,0,internvid;runway-jupiter,internvid;runway-jupiter,ByteDance;Runway;Stability AI,USED_BY
Motorsports on NBC,Motorsports on NBC,,5022,4160,296,13,143,143,110,0,89,28,40,0,hdvg130m;hdvila100m;internvid;koala36m;openvid1m;panda70m;runway-jupiter;vidgen1m;yttemporal-180m,hdvg130m;hdvila100m;internvid;openvid1m;runway-jupiter;vidgen1m;yttemporal-180m,Allen Institute for AI;Amazon;ByteDance;Kuaishou;Meta;Microsoft;Nvidia;Runway;Snap;Stability AI;Tencent;University of Washington,USED_BY
Glassblowing with Grant Garmezy,Glassblowing with Grant Garmezy,,226,224,0,1,0,0,0,0,0,0,0,1,internvid;runway-jupiter;youtube8m,internvid;runway-jupiter,ByteDance;Runway;Stability AI,USED_BY
Kənd Həyatı,Kənd Həyatı,,395,338,0,57,0,0,0,0,0,0,0,0,internvid;runway-jupiter,internvid;runway-jupiter,ByteDance;Runway;Stability AI,USED_BY
The Buddymoon,The Buddymoon,,219,218,0,1,0,0,0,0,0,0,0,0,internvid;runway-jupiter,internvid;runway-jupiter,ByteDance;Runway;Stability AI,USED_BY
Monster High,Monster High,,4449,4241,2,8,10,7,5,4,5,0,1,166,hdvg130m;hdvila100m;howto100m;internvid;koala36m;panda70m;runway-jupiter;vidgen1m;youtube8m;yttemporal-180m,hdvg130m;hdvila100m;internvid;runway-jupiter;vidgen1m;yttemporal-180m,Allen Institute for AI;Amazon;ByteDance;Meta;Nvidia;Runway;Snap;Stability AI;Tencent;University of Washington,USED_BY
Burn Savvy,Burn Savvy,,197,193,0,4,0,0,0,0,0,0,0,0,internvid;runway-jupiter,internvid;runway-jupiter,ByteDance;Runway;Stability AI,USED_BY
World Poker Tour,World Poker Tour,,3654,3532,4,14,20,14,14,7,7,4,2,36,hdvg130m;hdvila100m;howto100m;internvid;koala36m;openvid1m;panda70m;runway-jupiter;vidgen1m;youtube8m;yttemporal-180m,hdvg130m;hdvila100m;internvid;openvid1m;runway-jupiter;vidgen1m;yttemporal-180m,Allen Institute for AI;Amazon;ByteDance;Kuaishou;Meta;Microsoft;Nvidia;Runway;Snap;Stability AI;Tencent;University of Washington,USED_BY
Sony Pictures Entertainment,Sony Pictures Entertainment,,3896,3756,45,43,1,1,0,0,0,0,0,50,hdvila100m;internvid;panda70m;runway-jupiter;youtube8m;yttemporal-180m,hdvila100m;internvid;runway-jupiter;yttemporal-180m,Allen Institute for AI;ByteDance;Meta;Runway;Snap;Stability AI;Tencent;University of Washington,USED_BY
Україна має талант,Україна має талант,,1529,1516,0,13,0,0,0,0,0,0,0,0,internvid;runway-jupiter,internvid;runway-jupiter,ByteDance;Runway;Stability AI,USED_BY
Recording Academy / GRAMMYs,Recording Academy / GRAMMYs,,4097,4037,0,30,4,4,4,0,1,0,1,16,hdvg130m;hdvila100m;internvid;koala36m;panda70m;runway-jupiter;vidgen1m;youtube8m,hdvg130m;hdvila100m;internvid;runway-jupiter;vidgen1m,Amazon;ByteDance;Meta;Nvidia;Runway;Snap;Stability AI;Tencent,USED_BY
Plastering For Beginners,Plastering For Beginners,,235,203,1,27,2,0,0,2,0,0,0,0,howto100m;internvid;panda70m;runway-jupiter;yttemporal-180m,internvid;runway-jupiter;yttemporal-180m,Allen Institute for AI;ByteDance;Runway;Stability AI;University of Washington,USED_BY
MTV,MTV,,4167,3808,130,41,62,51,0,14,34,0,5,22,hdvg130m;hdvila100m;howto100m;internvid;panda70m;runway-jupiter;vidgen1m;youtube8m;yttemporal-180m,hdvg130m;hdvila100m;internvid;runway-jupiter;vidgen1m;yttemporal-180m,Allen Institute for AI;Amazon;ByteDance;Meta;Nvidia;Runway;Snap;Stability AI;Tencent;University of Washington,USED_BY
Jamila Musayeva,Jamila Musayeva,,202,197,0,5,0,0,0,0,0,0,0,0,internvid;runway-jupiter,internvid;runway-jupiter,ByteDance;Runway;Stability AI,USED_BY
Dog Grooming by Diana Paiva,Dog Grooming by Diana Paiva,,236,233,0,3,0,0,0,0,0,0,0,0,internvid;runway-jupiter,internvid;runway-jupiter,ByteDance;Runway;Stability AI,USED_BY
Golden Salt,Golden Salt,,179,178,0,1,0,0,0,0,0,0,0,0,internvid;runway-jupiter,internvid;runway-jupiter,ByteDance;Runway;Stability AI,USED_BY
Renbricks,Renbricks,,525,525,0,0,0,0,0,0,0,0,0,0,runway-jupiter,runway-jupiter,Runway,USED_BY
Speed Academy,Speed Academy,,3329,844,423,4,412,406,397,21,257,424,136,5,hdvg130m;hdvila100m;howto100m;internvid;koala36m;openvid1m;panda70m;runway-jupiter;vidgen1m;youtube8m;yttemporal-180m,hdvg130m;hdvila100m;internvid;openvid1m;runway-jupiter;vidgen1m;yttemporal-180m,Allen Institute for AI;Amazon;ByteDance;Kuaishou;Meta;Microsoft;Nvidia;Runway;Snap;Stability AI;Tencent;University of Washington,USED_BY
POUSE around the HOUSE,POUSE around the HOUSE,,438,183,48,10,61,25,25,61,17,2,6,0,hdvg130m;hdvila100m;howto100m;internvid;koala36m;openvid1m;panda70m;runway-jupiter;vidgen1m;yttemporal-180m,hdvg130m;hdvila100m;internvid;openvid1m;runway-jupiter;vidgen1m;yttemporal-180m,Allen Institute for AI;Amazon;ByteDance;Kuaishou;Meta;Microsoft;Nvidia;Runway;Snap;Stability AI;Tencent;University of Washington,USED_BY
Kai W,Kai W,,1062,327,137,3,129,129,125,0,96,62,51,3,hdvg130m;hdvila100m;internvid;koala36m;openvid1m;panda70m;runway-jupiter;vidgen1m;youtube8m;yttemporal-180m,hdvg130m;hdvila100m;internvid;openvid1m;runway-jupiter;vidgen1m;yttemporal-180m,Allen Institute for AI;Amazon;ByteDance;Kuaishou;Meta;Microsoft;Nvidia;Runway;Snap;Stability AI;Tencent;University of Washington,USED_BY
Nature Walks,Nature Walks,,210,209,0,1,0,0,0,0,0,0,0,0,internvid;runway-jupiter,internvid;runway-jupiter,ByteDance;Runway;Stability AI,USED_BY
FX Networks,FX Networks,,3806,3782,0,24,0,0,0,0,0,0,0,0,internvid;runway-jupiter,internvid;runway-jupiter,ByteDance;Runway;Stability AI,USED_BY
Military Archive,Military Archive,,189,176,0,13,0,0,0,0,0,0,0,0,internvid;runway-jupiter,internvid;runway-jupiter,ByteDance;Runway;Stability AI,USED_BY
Mobile Instinct,Mobile Instinct,,246,243,0,3,0,0,0,0,0,0,0,0,internvid;runway-jupiter,internvid;runway-jupiter,ByteDance;Runway;Stability AI,USED_BY
RGYMRUSSIA,RGYMRUSSIA,,3722,3713,0,9,0,0,0,0,0,0,0,0,internvid;runway-jupiter,internvid;runway-jupiter,ByteDance;Runway;Stability AI,USED_BY
Robin Greenfield,Robin Greenfield,,307,233,9,7,14,9,9,13,7,4,2,0,hdvg130m;hdvila100m;howto100m;internvid;koala36m;openvid1m;panda70m;runway-jupiter;vidgen1m;yttemporal-180m,hdvg130m;hdvila100m;internvid;openvid1m;runway-jupiter;vidgen1m;yttemporal-180m,Allen Institute for AI;Amazon;ByteDance;Kuaishou;Meta;Microsoft;Nvidia;Runway;Snap;Stability AI;Tencent;University of Washington,USED_BY
AnimeSelect,AnimeSelect,,175,175,0,0,0,0,0,0,0,0,0,0,runway-jupiter,runway-jupiter,Runway,USED_BY
British Gymnastics,British Gymnastics,,4419,3724,262,17,100,100,84,1,71,6,14,40,hdvg130m;hdvila100m;howto100m;internvid;koala36m;openvid1m;panda70m;runway-jupiter;vidgen1m;youtube8m;yttemporal-180m,hdvg130m;hdvila100m;internvid;openvid1m;runway-jupiter;vidgen1m;yttemporal-180m,Allen Institute for AI;Amazon;ByteDance;Kuaishou;Meta;Microsoft;Nvidia;Runway;Snap;Stability AI;Tencent;University of Washington,USED_BY
MOVE Dance Studio,MOVE Dance Studio,,4046,4035,0,11,0,0,0,0,0,0,0,0,internvid;runway-jupiter,internvid;runway-jupiter,ByteDance;Runway;Stability AI,USED_BY
30X40 Design Workshop,30X40 Design Workshop,,319,226,9,27,15,8,7,15,6,6,0,0,hdvg130m;hdvila100m;howto100m;internvid;koala36m;openvid1m;panda70m;runway-jupiter;yttemporal-180m,hdvg130m;hdvila100m;internvid;openvid1m;runway-jupiter;yttemporal-180m,Allen Institute for AI;Amazon;ByteDance;Kuaishou;Meta;Microsoft;Nvidia;Runway;Snap;Stability AI;Tencent;University of Washington,USED_BY
H Carpenter,H Carpenter,,259,256,0,3,0,0,0,0,0,0,0,0,internvid;runway-jupiter,internvid;runway-jupiter,ByteDance;Runway;Stability AI,USED_BY
AudioknapMusic,AudioknapMusic,,172,172,0,0,0,0,0,0,0,0,0,0,runway-jupiter,runway-jupiter,Runway,USED_BY
Советские фильмы,Советские фильмы,,3839,3818,0,21,0,0,0,0,0,0,0,0,internvid;runway-jupiter,internvid;runway-jupiter,ByteDance;Runway;Stability AI,USED_BY
спектакли и телепередачи,спектакли и телепередачи,,3839,3818,0,21,0,0,0,0,0,0,0,0,internvid;runway-jupiter,internvid;runway-jupiter,ByteDance;Runway;Stability AI,USED_BY
SHOWTIME,SHOWTIME,,3959,3883,19,17,10,9,2,2,2,0,2,13,hdvg130m;hdvila100m;howto100m;internvid;koala36m;panda70m;runway-jupiter;vidgen1m;youtube8m;yttemporal-180m,hdvg130m;hdvila100m;internvid;runway-jupiter;vidgen1m;yttemporal-180m,Allen Institute for AI;Amazon;ByteDance;Meta;Nvidia;Runway;Snap;Stability AI;Tencent;University of Washington,USED_BY
Scary Bear Attacks,Scary Bear Attacks,,240,237,0,3,0,0,0,0,0,0,0,0,internvid;runway-jupiter,internvid;runway-jupiter,ByteDance;Runway;Stability AI,USED_BY
Engineering Knits,Engineering Knits,,175,172,0,3,0,0,0,0,0,0,0,0,internvid;runway-jupiter,internvid;runway-jupiter,ByteDance;Runway;Stability AI,USED_BY
Cornell Lab Bird Cams,Cornell Lab Bird Cams,,3741,3724,4,2,3,3,3,0,1,0,1,0,hdvg130m;hdvila100m;internvid;koala36m;panda70m;runway-jupiter;vidgen1m;yttemporal-180m,hdvg130m;hdvila100m;internvid;runway-jupiter;vidgen1m;yttemporal-180m,Allen Institute for AI;Amazon;ByteDance;Meta;Nvidia;Runway;Snap;Stability AI;Tencent;University of Washington,USED_BY
mineralblu,mineralblu,,185,181,0,4,0,0,0,0,0,0,0,0,internvid;runway-jupiter,internvid;runway-jupiter,ByteDance;Runway;Stability AI,USED_BY
Coke Studio India,Coke Studio India,,570,557,0,7,1,0,0,1,0,0,0,4,howto100m;internvid;panda70m;runway-jupiter;youtube8m,internvid;runway-jupiter,ByteDance;Runway;Stability AI,USED_BY
Tai Chi with Dr. Andrew von Plitt,Tai Chi with Dr. Andrew von Plitt,,319,315,0,4,0,0,0,0,0,0,0,0,internvid;runway-jupiter,internvid;runway-jupiter,ByteDance;Runway;Stability AI,USED_BY
Rotten Tomatoes Family,Rotten Tomatoes Family,,1611,1578,0,33,0,0,0,0,0,0,0,0,internvid;runway-jupiter,internvid;runway-jupiter,ByteDance;Runway;Stability AI,USED_BY
ActionKid,ActionKid,,3782,3778,0,4,0,0,0,0,0,0,0,0,internvid;runway-jupiter,internvid;runway-jupiter,ByteDance;Runway;Stability AI,USED_BY
Christie's,Christie's,,1011,956,6,19,7,2,2,7,1,0,0,11,hdvg130m;hdvila100m;howto100m;internvid;koala36m;panda70m;runway-jupiter;youtube8m;yttemporal-180m,hdvg130m;hdvila100m;internvid;runway-jupiter;yttemporal-180m,Allen Institute for AI;ByteDance;Meta;Nvidia;Runway;Snap;Stability AI;Tencent;University of Washington,USED_BY
Shifter,Shifter,,207,192,1,9,1,0,0,1,0,2,0,1,howto100m;internvid;openvid1m;panda70m;runway-jupiter;youtube8m;yttemporal-180m,internvid;openvid1m;runway-jupiter;yttemporal-180m,Allen Institute for AI;Amazon;ByteDance;Kuaishou;Microsoft;Nvidia;Runway;Stability AI;University of Washington,USED_BY
Max,Max,,4208,3901,34,96,19,17,12,5,14,0,2,108,hdvg130m;hdvila100m;howto100m;internvid;koala36m;panda70m;runway-jupiter;vidgen1m;youtube8m;yttemporal-180m,hdvg130m;hdvila100m;internvid;runway-jupiter;vidgen1m;yttemporal-180m,Allen Institute for AI;Amazon;ByteDance;Meta;Nvidia;Runway;Snap;Stability AI;Tencent;University of Washington,USED_BY
Aviation Base,Aviation Base,,178,166,0,12,0,0,0,0,0,0,0,0,internvid;runway-jupiter,internvid;runway-jupiter,ByteDance;Runway;Stability AI,USED_BY
djstrains,djstrains,,291,273,0,5,0,0,0,0,0,0,0,13,internvid;runway-jupiter;youtube8m,internvid;runway-jupiter,ByteDance;Runway;Stability AI,USED_BY
Drift Masters,Drift Masters,,253,251,0,1,0,0,0,0,0,0,0,1,internvid;runway-jupiter;youtube8m,internvid;runway-jupiter,ByteDance;Runway;Stability AI,USED_BY
Crowne Prince,Crowne Prince,,245,240,0,1,1,1,1,0,0,0,0,1,hdvila100m;internvid;koala36m;panda70m;runway-jupiter;youtube8m,hdvila100m;internvid;runway-jupiter,ByteDance;Meta;Runway;Snap;Stability AI;Tencent,USED_BY
8K VIDEOS ULTRA HD,8K VIDEOS ULTRA HD,,371,369,0,2,0,0,0,0,0,0,0,0,internvid;runway-jupiter,internvid;runway-jupiter,ByteDance;Runway;Stability AI,USED_BY
the Brazil Show,the Brazil Show,,195,195,0,0,0,0,0,0,0,0,0,0,runway-jupiter,runway-jupiter,Runway,USED_BY
Essential Craftsman,Essential Craftsman,,1935,614,245,33,235,235,228,18,142,106,79,0,hdvg130m;hdvila100m;howto100m;internvid;koala36m;openvid1m;panda70m;runway-jupiter;vidgen1m;yttemporal-180m,hdvg130m;hdvila100m;internvid;openvid1m;runway-jupiter;vidgen1m;yttemporal-180m,Allen Institute for AI;Amazon;ByteDance;Kuaishou;Meta;Microsoft;Nvidia;Runway;Snap;Stability AI;Tencent;University of Washington,USED_BY
GLORY Kickboxing,GLORY Kickboxing,,5058,3419,516,12,283,282,248,1,147,78,47,25,hdvg130m;hdvila100m;howto100m;internvid;koala36m;openvid1m;panda70m;runway-jupiter;vidgen1m;youtube8m;yttemporal-180m,hdvg130m;hdvila100m;internvid;openvid1m;runway-jupiter;vidgen1m;yttemporal-180m,Allen Institute for AI;Amazon;ByteDance;Kuaishou;Meta;Microsoft;Nvidia;Runway;Snap;Stability AI;Tencent;University of Washington,USED_BY
Henry Repeating Arms,Henry Repeating Arms,,164,164,0,0,0,0,0,0,0,0,0,0,runway-jupiter,runway-jupiter,Runway,USED_BY
Relaxing Nature In 4K,Relaxing Nature In 4K,,164,164,0,0,0,0,0,0,0,0,0,0,runway-jupiter,runway-jupiter,Runway,USED_BY
Marques Brownlee,Marques Brownlee,,6426,1543,508,47,1121,1125,907,14,734,210,158,59,hdvg130m;hdvila100m;howto100m;internvid;koala36m;openvid1m;panda70m;runway-jupiter;vidgen1m;youtube8m;yttemporal-180m,hdvg130m;hdvila100m;internvid;openvid1m;runway-jupiter;vidgen1m;yttemporal-180m,Allen Institute for AI;Amazon;ByteDance;Kuaishou;Meta;Microsoft;Nvidia;Runway;Snap;Stability AI;Tencent;University of Washington,USED_BY
withwendy,withwendy,,322,264,13,3,16,2,2,16,0,0,1,5,hdvila100m;howto100m;internvid;koala36m;panda70m;runway-jupiter;vidgen1m;youtube8m;yttemporal-180m,hdvila100m;internvid;runway-jupiter;vidgen1m;yttemporal-180m,Allen Institute for AI;Amazon;ByteDance;Meta;Nvidia;Runway;Snap;Stability AI;Tencent;University of Washington,USED_BY
Street Style Stockholm,Street Style Stockholm,,167,166,0,1,0,0,0,0,0,0,0,0,internvid;runway-jupiter,internvid;runway-jupiter,ByteDance;Runway;Stability AI,USED_BY
FOX Sports,FOX Sports,,6334,4151,835,54,456,460,1,0,292,0,64,21,hdvg130m;hdvila100m;internvid;koala36m;panda70m;runway-jupiter;vidgen1m;youtube8m;yttemporal-180m,hdvg130m;hdvila100m;internvid;runway-jupiter;vidgen1m;yttemporal-180m,Allen Institute for AI;Amazon;ByteDance;Meta;Nvidia;Runway;Snap;Stability AI;Tencent;University of Washington,USED_BY
Flight Time,Flight Time,,182,177,1,1,1,1,1,0,0,0,0,0,hdvila100m;internvid;koala36m;panda70m;runway-jupiter;yttemporal-180m,hdvila100m;internvid;runway-jupiter;yttemporal-180m,Allen Institute for AI;ByteDance;Meta;Runway;Snap;Stability AI;Tencent;University of Washington,USED_BY
ASMR Shoeshine&Repair Dratewka,ASMR Shoeshine&Repair Dratewka,,162,162,0,0,0,0,0,0,0,0,0,0,runway-jupiter,runway-jupiter,Runway,USED_BY
Taylor Tries,Taylor Tries,,240,216,0,21,0,0,0,0,0,0,0,3,internvid;runway-jupiter;youtube8m,internvid;runway-jupiter,ByteDance;Runway;Stability AI,USED_BY
Relaxing Melody,Relaxing Melody,,162,162,0,0,0,0,0,0,0,0,0,0,runway-jupiter,runway-jupiter,Runway,USED_BY
Foldable Flight,Foldable Flight,,219,176,2,31,2,2,2,2,2,0,0,0,hdvg130m;hdvila100m;howto100m;internvid;koala36m;panda70m;runway-jupiter;yttemporal-180m,hdvg130m;hdvila100m;internvid;runway-jupiter;yttemporal-180m,Allen Institute for AI;ByteDance;Meta;Nvidia;Runway;Snap;Stability AI;Tencent;University of Washington,USED_BY
SPOTLIGHT,SPOTLIGHT,,188,174,0,14,0,0,0,0,0,0,0,0,internvid;runway-jupiter,internvid;runway-jupiter,ByteDance;Runway;Stability AI,USED_BY
MrDalekJD,MrDalekJD,,3515,3259,0,23,68,45,19,23,24,2,5,47,hdvg130m;hdvila100m;howto100m;internvid;koala36m;openvid1m;panda70m;runway-jupiter;vidgen1m;youtube8m,hdvg130m;hdvila100m;internvid;openvid1m;runway-jupiter;vidgen1m,Amazon;ByteDance;Kuaishou;Meta;Microsoft;Nvidia;Runway;Snap;Stability AI;Tencent,USED_BY
Nature Relaxation Films,Nature Relaxation Films,,452,442,1,0,1,1,0,0,0,0,0,7,hdvila100m;panda70m;runway-jupiter;youtube8m;yttemporal-180m,hdvila100m;runway-jupiter;yttemporal-180m,Allen Institute for AI;ByteDance;Meta;Runway;Snap;Tencent;University of Washington,USED_BY
Nintendo Official Channel (Southeast Asia),Nintendo Official Channel (Southeast Asia),,161,161,0,0,0,0,0,0,0,0,0,0,runway-jupiter,runway-jupiter,Runway,USED_BY
123 GO!,123 GO!,,997,698,92,53,32,32,29,0,17,36,8,0,hdvg130m;hdvila100m;internvid;koala36m;openvid1m;panda70m;runway-jupiter;vidgen1m;yttemporal-180m,hdvg130m;hdvila100m;internvid;openvid1m;runway-jupiter;vidgen1m;yttemporal-180m,Allen Institute for AI;Amazon;ByteDance;Kuaishou;Meta;Microsoft;Nvidia;Runway;Snap;Stability AI;Tencent;University of Washington,USED_BY
letsdig18,letsdig18,,3140,2960,5,22,18,13,11,10,5,0,3,93,hdvg130m;hdvila100m;howto100m;internvid;koala36m;panda70m;runway-jupiter;vidgen1m;youtube8m;yttemporal-180m,hdvg130m;hdvila100m;internvid;runway-jupiter;vidgen1m;yttemporal-180m,Allen Institute for AI;Amazon;ByteDance;Meta;Nvidia;Runway;Snap;Stability AI;Tencent;University of Washington,USED_BY
Slow-Mo Tennis,Slow-Mo Tennis,,212,210,0,2,0,0,0,0,0,0,0,0,internvid;runway-jupiter,internvid;runway-jupiter,ByteDance;Runway;Stability AI,USED_BY
USA Thrill,USA Thrill,,158,158,0,0,0,0,0,0,0,0,0,0,runway-jupiter,runway-jupiter,Runway,USED_BY
Mighty Mike,Mighty Mike,,200,199,0,0,0,0,0,0,0,0,0,1,runway-jupiter;youtube8m,runway-jupiter,Runway,USED_BY
Seoul Street View,Seoul Street View,,260,260,0,0,0,0,0,0,0,0,0,0,runway-jupiter,runway-jupiter,Runway,USED_BY
Waves of the World,Waves of the World,,2028,1961,2,50,3,3,3,0,2,0,2,2,hdvg130m;hdvila100m;internvid;koala36m;panda70m;runway-jupiter;vidgen1m;youtube8m;yttemporal-180m,hdvg130m;hdvila100m;internvid;runway-jupiter;vidgen1m;yttemporal-180m,Allen Institute for AI;Amazon;ByteDance;Meta;Nvidia;Runway;Snap;Stability AI;Tencent;University of Washington,USED_BY
BikeBlogger,BikeBlogger,,910,778,27,7,36,9,8,37,4,0,3,1,hdvg130m;hdvila100m;howto100m;internvid;koala36m;panda70m;runway-jupiter;vidgen1m;youtube8m;yttemporal-180m,hdvg130m;hdvila100m;internvid;runway-jupiter;vidgen1m;yttemporal-180m,Allen Institute for AI;Amazon;ByteDance;Meta;Nvidia;Runway;Snap;Stability AI;Tencent;University of Washington,USED_BY
Cloudbabies,Cloudbabies,,1094,785,104,0,39,39,38,0,23,36,27,3,hdvg130m;hdvila100m;koala36m;openvid1m;panda70m;runway-jupiter;vidgen1m;youtube8m;yttemporal-180m,hdvg130m;hdvila100m;openvid1m;runway-jupiter;vidgen1m;yttemporal-180m,Allen Institute for AI;Amazon;ByteDance;Kuaishou;Meta;Microsoft;Nvidia;Runway;Snap;Tencent;University of Washington,USED_BY
World Of Luxury,World Of Luxury,,157,154,0,3,0,0,0,0,0,0,0,0,internvid;runway-jupiter,internvid;runway-jupiter,ByteDance;Runway;Stability AI,USED_BY
FISU,FISU,,3476,3434,0,12,0,0,0,0,0,0,0,30,internvid;runway-jupiter;youtube8m,internvid;runway-jupiter,ByteDance;Runway;Stability AI,USED_BY
Moszen,Moszen,,163,163,0,0,0,0,0,0,0,0,0,0,runway-jupiter,runway-jupiter,Runway,USED_BY
Ross McCallum,Ross McCallum,,460,195,57,5,53,53,53,0,35,4,1,4,hdvg130m;hdvila100m;internvid;koala36m;openvid1m;panda70m;runway-jupiter;vidgen1m;youtube8m;yttemporal-180m,hdvg130m;hdvila100m;internvid;openvid1m;runway-jupiter;vidgen1m;yttemporal-180m,Allen Institute for AI;Amazon;ByteDance;Kuaishou;Meta;Microsoft;Nvidia;Runway;Snap;Stability AI;Tencent;University of Washington,USED_BY
EpicTV,EpicTV,,7616,3292,1208,34,725,720,694,11,491,144,124,173,hdvg130m;hdvila100m;howto100m;internvid;koala36m;openvid1m;panda70m;runway-jupiter;vidgen1m;youtube8m;yttemporal-180m,hdvg130m;hdvila100m;internvid;openvid1m;runway-jupiter;vidgen1m;yttemporal-180m,Allen Institute for AI;Amazon;ByteDance;Kuaishou;Meta;Microsoft;Nvidia;Runway;Snap;Stability AI;Tencent;University of Washington,USED_BY
Roman Fox,Roman Fox,,158,152,0,6,0,0,0,0,0,0,0,0,internvid;runway-jupiter,internvid;runway-jupiter,ByteDance;Runway;Stability AI,USED_BY
Göran Winblad,Göran Winblad,,280,266,0,14,0,0,0,0,0,0,0,0,internvid;runway-jupiter,internvid;runway-jupiter,ByteDance;Runway;Stability AI,USED_BY
You Suck At Cooking,You Suck At Cooking,,554,182,82,8,82,47,44,62,31,4,12,0,hdvg130m;hdvila100m;howto100m;internvid;koala36m;openvid1m;panda70m;runway-jupiter;vidgen1m;yttemporal-180m,hdvg130m;hdvila100m;internvid;openvid1m;runway-jupiter;vidgen1m;yttemporal-180m,Allen Institute for AI;Amazon;ByteDance;Kuaishou;Meta;Microsoft;Nvidia;Runway;Snap;Stability AI;Tencent;University of Washington,USED_BY
SpongeBob SquarePants Official,SpongeBob SquarePants Official,,1341,1134,7,170,13,1,1,13,0,2,0,0,hdvila100m;howto100m;internvid;koala36m;openvid1m;panda70m;runway-jupiter;yttemporal-180m,hdvila100m;internvid;openvid1m;runway-jupiter;yttemporal-180m,Allen Institute for AI;Amazon;ByteDance;Kuaishou;Meta;Microsoft;Nvidia;Runway;Snap;Stability AI;Tencent;University of Washington,USED_BY
Let's Go Dream Dolls,Let's Go Dream Dolls,,301,299,0,2,0,0,0,0,0,0,0,0,internvid;runway-jupiter,internvid;runway-jupiter,ByteDance;Runway;Stability AI,USED_BY
Chris' NYC Hot Dog Stands & More!,Chris' NYC Hot Dog Stands & More!,,274,272,0,2,0,0,0,0,0,0,0,0,internvid;runway-jupiter,internvid;runway-jupiter,ByteDance;Runway;Stability AI,USED_BY
BlacktipH,BlacktipH,,1610,586,264,26,149,144,141,8,103,108,68,13,hdvg130m;hdvila100m;howto100m;internvid;koala36m;openvid1m;panda70m;runway-jupiter;vidgen1m;youtube8m;yttemporal-180m,hdvg130m;hdvila100m;internvid;openvid1m;runway-jupiter;vidgen1m;yttemporal-180m,Allen Institute for AI;Amazon;ByteDance;Kuaishou;Meta;Microsoft;Nvidia;Runway;Snap;Stability AI;Tencent;University of Washington,USED_BY
Power Slap,Power Slap,,650,650,0,0,0,0,0,0,0,0,0,0,runway-jupiter,runway-jupiter,Runway,USED_BY
Wisecrack,Wisecrack,,977,856,5,16,25,18,15,13,11,2,1,15,hdvg130m;hdvila100m;howto100m;internvid;koala36m;openvid1m;panda70m;runway-jupiter;vidgen1m;youtube8m;yttemporal-180m,hdvg130m;hdvila100m;internvid;openvid1m;runway-jupiter;vidgen1m;yttemporal-180m,Allen Institute for AI;Amazon;ByteDance;Kuaishou;Meta;Microsoft;Nvidia;Runway;Snap;Stability AI;Tencent;University of Washington,USED_BY
U.S. Association of Blind Athletes,U.S. Association of Blind Athletes,,281,279,0,2,0,0,0,0,0,0,0,0,internvid;runway-jupiter,internvid;runway-jupiter,ByteDance;Runway;Stability AI,USED_BY
Professional Darts Corporation,Professional Darts Corporation,,3134,3032,0,27,8,8,8,0,5,0,0,46,hdvg130m;hdvila100m;internvid;koala36m;panda70m;runway-jupiter;youtube8m,hdvg130m;hdvila100m;internvid;runway-jupiter,ByteDance;Meta;Nvidia;Runway;Snap;Stability AI;Tencent,USED_BY
Cyberpunk 2077,Cyberpunk 2077,,163,150,0,13,0,0,0,0,0,0,0,0,internvid;runway-jupiter,internvid;runway-jupiter,ByteDance;Runway;Stability AI,USED_BY
JoBlo Movie Clips,JoBlo Movie Clips,,4922,3276,332,35,319,320,298,1,215,60,66,0,hdvg130m;hdvila100m;howto100m;internvid;koala36m;openvid1m;panda70m;runway-jupiter;vidgen1m;yttemporal-180m,hdvg130m;hdvila100m;internvid;openvid1m;runway-jupiter;vidgen1m;yttemporal-180m,Allen Institute for AI;Amazon;ByteDance;Kuaishou;Meta;Microsoft;Nvidia;Runway;Snap;Stability AI;Tencent;University of Washington,USED_BY
NJShoreBeachLife,NJShoreBeachLife,,2552,2540,0,12,0,0,0,0,0,0,0,0,internvid;runway-jupiter,internvid;runway-jupiter,ByteDance;Runway;Stability AI,USED_BY
Secrets of Organ Playing,Secrets of Organ Playing,,3077,3066,1,4,1,1,1,1,1,0,0,1,hdvg130m;hdvila100m;howto100m;internvid;koala36m;panda70m;runway-jupiter;youtube8m;yttemporal-180m,hdvg130m;hdvila100m;internvid;runway-jupiter;yttemporal-180m,Allen Institute for AI;ByteDance;Meta;Nvidia;Runway;Snap;Stability AI;Tencent;University of Washington,USED_BY
SpaceX,SpaceX,,765,346,17,32,94,94,89,0,68,8,12,5,hdvg130m;hdvila100m;internvid;koala36m;openvid1m;panda70m;runway-jupiter;vidgen1m;youtube8m;yttemporal-180m,hdvg130m;hdvila100m;internvid;openvid1m;runway-jupiter;vidgen1m;yttemporal-180m,Allen Institute for AI;Amazon;ByteDance;Kuaishou;Meta;Microsoft;Nvidia;Runway;Snap;Stability AI;Tencent;University of Washington,USED_BY
What If,What If,,3584,1047,287,56,488,488,473,1,282,288,174,0,hdvg130m;hdvila100m;howto100m;internvid;koala36m;openvid1m;panda70m;runway-jupiter;vidgen1m;yttemporal-180m,hdvg130m;hdvila100m;internvid;openvid1m;runway-jupiter;vidgen1m;yttemporal-180m,Allen Institute for AI;Amazon;ByteDance;Kuaishou;Meta;Microsoft;Nvidia;Runway;Snap;Stability AI;Tencent;University of Washington,USED_BY
One Tree Planted,One Tree Planted,,256,248,1,3,2,0,0,2,0,0,0,0,howto100m;internvid;panda70m;runway-jupiter;yttemporal-180m,internvid;runway-jupiter;yttemporal-180m,Allen Institute for AI;ByteDance;Runway;Stability AI;University of Washington,USED_BY
Netflix India,Netflix India,,3428,3398,0,30,0,0,0,0,0,0,0,0,internvid;runway-jupiter,internvid;runway-jupiter,ByteDance;Runway;Stability AI,USED_BY
正午阳光官方频道,正午阳光官方频道,,3408,3385,0,23,0,0,0,0,0,0,0,0,internvid;runway-jupiter,internvid;runway-jupiter,ByteDance;Runway;Stability AI,USED_BY
Kuma Films,Kuma Films,,238,199,3,18,3,2,2,3,2,0,0,6,hdvg130m;hdvila100m;howto100m;internvid;koala36m;panda70m;runway-jupiter;youtube8m;yttemporal-180m,hdvg130m;hdvila100m;internvid;runway-jupiter;yttemporal-180m,Allen Institute for AI;ByteDance;Meta;Nvidia;Runway;Snap;Stability AI;Tencent;University of Washington,USED_BY
Walk China 行走中国,Walk China 行走中国,,213,213,0,0,0,0,0,0,0,0,0,0,runway-jupiter,runway-jupiter,Runway,USED_BY
AR12Gaming,AR12Gaming,,3554,3307,0,25,63,52,18,11,22,10,6,40,hdvg130m;hdvila100m;howto100m;internvid;koala36m;openvid1m;panda70m;runway-jupiter;vidgen1m;youtube8m,hdvg130m;hdvila100m;internvid;openvid1m;runway-jupiter;vidgen1m,Amazon;ByteDance;Kuaishou;Meta;Microsoft;Nvidia;Runway;Snap;Stability AI;Tencent,USED_BY
Theme Park Worldwide,Theme Park Worldwide,,4005,3162,172,5,159,159,150,0,106,36,20,36,hdvg130m;hdvila100m;internvid;koala36m;openvid1m;panda70m;runway-jupiter;vidgen1m;youtube8m;yttemporal-180m,hdvg130m;hdvila100m;internvid;openvid1m;runway-jupiter;vidgen1m;yttemporal-180m,Allen Institute for AI;Amazon;ByteDance;Kuaishou;Meta;Microsoft;Nvidia;Runway;Snap;Stability AI;Tencent;University of Washington,USED_BY
Zurich The Best City In The World,Zurich The Best City In The World,,152,152,0,0,0,0,0,0,0,0,0,0,runway-jupiter,runway-jupiter,Runway,USED_BY
Paper Planes Channel,Paper Planes Channel,,154,145,0,9,0,0,0,0,0,0,0,0,internvid;runway-jupiter,internvid;runway-jupiter,ByteDance;Runway;Stability AI,USED_BY
SMTOWN,SMTOWN,,4643,3426,0,211,263,264,217,0,168,28,31,35,hdvg130m;hdvila100m;internvid;koala36m;openvid1m;panda70m;runway-jupiter;vidgen1m;youtube8m,hdvg130m;hdvila100m;internvid;openvid1m;runway-jupiter;vidgen1m,Amazon;ByteDance;Kuaishou;Meta;Microsoft;Nvidia;Runway;Snap;Stability AI;Tencent,USED_BY
Hoop Sports,Hoop Sports,,250,250,0,0,0,0,0,0,0,0,0,0,runway-jupiter,runway-jupiter,Runway,USED_BY
Skizone,Skizone,,144,144,0,0,0,0,0,0,0,0,0,0,runway-jupiter,runway-jupiter,Runway,USED_BY
딩고 뮤직 / dingo music,딩고 뮤직 / dingo music,,1813,1771,0,42,0,0,0,0,0,0,0,0,internvid;runway-jupiter,internvid;runway-jupiter,ByteDance;Runway;Stability AI,USED_BY
AllAttack,AllAttack,,489,187,73,61,44,43,39,1,28,4,7,2,hdvg130m;hdvila100m;howto100m;internvid;koala36m;openvid1m;panda70m;runway-jupiter;vidgen1m;youtube8m;yttemporal-180m,hdvg130m;hdvila100m;internvid;openvid1m;runway-jupiter;vidgen1m;yttemporal-180m,Allen Institute for AI;Amazon;ByteDance;Kuaishou;Meta;Microsoft;Nvidia;Runway;Snap;Stability AI;Tencent;University of Washington,USED_BY
Birder King,Birder King,,144,144,0,0,0,0,0,0,0,0,0,0,runway-jupiter,runway-jupiter,Runway,USED_BY
Gam3 4 Lif3,Gam3 4 Lif3,,882,882,0,0,0,0,0,0,0,0,0,0,runway-jupiter,runway-jupiter,Runway,USED_BY
Happy Toy Dolls,Happy Toy Dolls,,143,143,0,0,0,0,0,0,0,0,0,0,runway-jupiter,runway-jupiter,Runway,USED_BY
Sesame Street,Sesame Street,,4388,3068,598,69,168,127,94,45,82,40,16,81,hdvg130m;hdvila100m;howto100m;internvid;koala36m;openvid1m;panda70m;runway-jupiter;vidgen1m;youtube8m;yttemporal-180m,hdvg130m;hdvila100m;internvid;openvid1m;runway-jupiter;vidgen1m;yttemporal-180m,Allen Institute for AI;Amazon;ByteDance;Kuaishou;Meta;Microsoft;Nvidia;Runway;Snap;Stability AI;Tencent;University of Washington,USED_BY
Alpha Beta Gamer,Alpha Beta Gamer,,3121,3111,0,9,0,0,0,0,0,0,0,1,internvid;runway-jupiter;youtube8m,internvid;runway-jupiter,ByteDance;Runway;Stability AI,USED_BY
Universal Pictures Australia,Universal Pictures Australia,,742,722,0,2,0,0,0,0,0,0,0,18,internvid;runway-jupiter;youtube8m,internvid;runway-jupiter,ByteDance;Runway;Stability AI,USED_BY
nearLucid,nearLucid,,160,158,0,2,0,0,0,0,0,0,0,0,internvid;runway-jupiter,internvid;runway-jupiter,ByteDance;Runway;Stability AI,USED_BY
Smith & Wesson,Smith & Wesson,,222,220,0,1,0,0,0,0,0,0,0,1,internvid;runway-jupiter;youtube8m,internvid;runway-jupiter,ByteDance;Runway;Stability AI,USED_BY
NorthernBrewerTV,NorthernBrewerTV,,399,265,19,5,29,14,12,26,9,10,4,6,hdvg130m;hdvila100m;howto100m;internvid;koala36m;openvid1m;panda70m;runway-jupiter;vidgen1m;youtube8m;yttemporal-180m,hdvg130m;hdvila100m;internvid;openvid1m;runway-jupiter;vidgen1m;yttemporal-180m,Allen Institute for AI;Amazon;ByteDance;Kuaishou;Meta;Microsoft;Nvidia;Runway;Snap;Stability AI;Tencent;University of Washington,USED_BY
Barbie,Barbie,,3828,2688,354,34,162,153,142,11,107,92,47,38,hdvg130m;hdvila100m;howto100m;internvid;koala36m;openvid1m;panda70m;runway-jupiter;vidgen1m;youtube8m;yttemporal-180m,hdvg130m;hdvila100m;internvid;openvid1m;runway-jupiter;vidgen1m;yttemporal-180m,Allen Institute for AI;Amazon;ByteDance;Kuaishou;Meta;Microsoft;Nvidia;Runway;Snap;Stability AI;Tencent;University of Washington,USED_BY
World Aquatics,World Aquatics,,3371,2791,172,35,95,95,86,0,79,6,7,5,hdvg130m;hdvila100m;internvid;koala36m;openvid1m;panda70m;runway-jupiter;vidgen1m;youtube8m;yttemporal-180m,hdvg130m;hdvila100m;internvid;openvid1m;runway-jupiter;vidgen1m;yttemporal-180m,Allen Institute for AI;Amazon;ByteDance;Kuaishou;Meta;Microsoft;Nvidia;Runway;Snap;Stability AI;Tencent;University of Washington,USED_BY
Chuck Black,Chuck Black,,183,173,1,3,3,0,0,3,0,0,0,0,howto100m;internvid;panda70m;runway-jupiter;yttemporal-180m,internvid;runway-jupiter;yttemporal-180m,Allen Institute for AI;ByteDance;Runway;Stability AI;University of Washington,USED_BY
Monzonation,Monzonation,,172,172,0,0,0,0,0,0,0,0,0,0,runway-jupiter,runway-jupiter,Runway,USED_BY
Great Big Story,Great Big Story,,3915,2444,340,129,277,189,168,137,117,86,28,0,hdvg130m;hdvila100m;howto100m;internvid;koala36m;openvid1m;panda70m;runway-jupiter;vidgen1m;yttemporal-180m,hdvg130m;hdvila100m;internvid;openvid1m;runway-jupiter;vidgen1m;yttemporal-180m,Allen Institute for AI;Amazon;ByteDance;Kuaishou;Meta;Microsoft;Nvidia;Runway;Snap;Stability AI;Tencent;University of Washington,USED_BY
베티버 리사이클 스튜디오 VETIVER Recycle Studio,베티버 리사이클 스튜디오 VETIVER Recycle Studio,,152,147,0,5,0,0,0,0,0,0,0,0,internvid;runway-jupiter,internvid;runway-jupiter,ByteDance;Runway;Stability AI,USED_BY
Stanford,Stanford,,5923,3243,606,18,520,519,484,8,325,142,35,23,hdvg130m;hdvila100m;howto100m;internvid;koala36m;openvid1m;panda70m;runway-jupiter;vidgen1m;youtube8m;yttemporal-180m,hdvg130m;hdvila100m;internvid;openvid1m;runway-jupiter;vidgen1m;yttemporal-180m,Allen Institute for AI;Amazon;ByteDance;Kuaishou;Meta;Microsoft;Nvidia;Runway;Snap;Stability AI;Tencent;University of Washington,USED_BY
Ollie Craig - Primal Pursuit,Ollie Craig - Primal Pursuit,,141,140,0,1,0,0,0,0,0,0,0,0,internvid;runway-jupiter,internvid;runway-jupiter,ByteDance;Runway;Stability AI,USED_BY
Semide ASMR,Semide ASMR,,144,144,0,0,0,0,0,0,0,0,0,0,runway-jupiter,runway-jupiter,Runway,USED_BY
Trifecta Pilates,Trifecta Pilates,,151,151,0,0,0,0,0,0,0,0,0,0,runway-jupiter,runway-jupiter,Runway,USED_BY
PBS KIDS,PBS KIDS,,3190,2854,130,8,61,62,9,0,40,12,2,12,hdvg130m;hdvila100m;internvid;koala36m;openvid1m;panda70m;runway-jupiter;vidgen1m;youtube8m;yttemporal-180m,hdvg130m;hdvila100m;internvid;openvid1m;runway-jupiter;vidgen1m;yttemporal-180m,Allen Institute for AI;Amazon;ByteDance;Kuaishou;Meta;Microsoft;Nvidia;Runway;Snap;Stability AI;Tencent;University of Washington,USED_BY
Harvard University,Harvard University,,2849,2737,2,26,19,11,9,9,7,2,1,26,hdvg130m;hdvila100m;howto100m;internvid;koala36m;openvid1m;panda70m;runway-jupiter;vidgen1m;youtube8m;yttemporal-180m,hdvg130m;hdvila100m;internvid;openvid1m;runway-jupiter;vidgen1m;yttemporal-180m,Allen Institute for AI;Amazon;ByteDance;Kuaishou;Meta;Microsoft;Nvidia;Runway;Snap;Stability AI;Tencent;University of Washington,USED_BY
jackfrags,jackfrags,,2975,2808,0,23,34,34,12,0,18,2,3,41,hdvg130m;hdvila100m;internvid;koala36m;openvid1m;panda70m;runway-jupiter;vidgen1m;youtube8m,hdvg130m;hdvila100m;internvid;openvid1m;runway-jupiter;vidgen1m,Amazon;ByteDance;Kuaishou;Meta;Microsoft;Nvidia;Runway;Snap;Stability AI;Tencent,USED_BY
Petzl Sport,Petzl Sport,,288,217,23,10,7,7,6,0,5,4,4,5,hdvg130m;hdvila100m;internvid;koala36m;openvid1m;panda70m;runway-jupiter;vidgen1m;youtube8m;yttemporal-180m,hdvg130m;hdvila100m;internvid;openvid1m;runway-jupiter;vidgen1m;yttemporal-180m,Allen Institute for AI;Amazon;ByteDance;Kuaishou;Meta;Microsoft;Nvidia;Runway;Snap;Stability AI;Tencent;University of Washington,USED_BY
Simply Hiking,Simply Hiking,,147,146,0,1,0,0,0,0,0,0,0,0,internvid;runway-jupiter,internvid;runway-jupiter,ByteDance;Runway;Stability AI,USED_BY
Gonzo's Pinball Flipperama,Gonzo's Pinball Flipperama,,207,207,0,0,0,0,0,0,0,0,0,0,runway-jupiter,runway-jupiter,Runway,USED_BY
Animenz Piano Sheets,Animenz Piano Sheets,,195,175,0,12,0,0,0,0,0,0,0,8,internvid;runway-jupiter;youtube8m,internvid;runway-jupiter,ByteDance;Runway;Stability AI,USED_BY
SeniorShape Fitness,SeniorShape Fitness,,179,176,0,3,0,0,0,0,0,0,0,0,internvid;runway-jupiter,internvid;runway-jupiter,ByteDance;Runway;Stability AI,USED_BY
Hadyn Wiseman,Hadyn Wiseman,,189,180,0,3,1,0,0,1,0,2,0,2,howto100m;internvid;openvid1m;panda70m;runway-jupiter;youtube8m,internvid;openvid1m;runway-jupiter,Amazon;ByteDance;Kuaishou;Microsoft;Nvidia;Runway;Stability AI,USED_BY
Sifu Kuttel,Sifu Kuttel,,392,375,3,3,3,1,1,3,2,0,0,1,hdvg130m;hdvila100m;howto100m;internvid;koala36m;panda70m;runway-jupiter;youtube8m;yttemporal-180m,hdvg130m;hdvila100m;internvid;runway-jupiter;yttemporal-180m,Allen Institute for AI;ByteDance;Meta;Nvidia;Runway;Snap;Stability AI;Tencent;University of Washington,USED_BY
Alpsport,Alpsport,,137,137,0,0,0,0,0,0,0,0,0,0,runway-jupiter,runway-jupiter,Runway,USED_BY
Little Star CC,Little Star CC,,143,137,0,6,0,0,0,0,0,0,0,0,internvid;runway-jupiter,internvid;runway-jupiter,ByteDance;Runway;Stability AI,USED_BY
Joey Helms,Joey Helms,,142,142,0,0,0,0,0,0,0,0,0,0,runway-jupiter,runway-jupiter,Runway,USED_BY
Monster World by KinoCheck,Monster World by KinoCheck,,137,137,0,0,0,0,0,0,0,0,0,0,runway-jupiter,runway-jupiter,Runway,USED_BY
Walk East,Walk East,,334,333,0,1,0,0,0,0,0,0,0,0,internvid;runway-jupiter,internvid;runway-jupiter,ByteDance;Runway;Stability AI,USED_BY
Sagonia Lazarof,Sagonia Lazarof,,143,137,0,6,0,0,0,0,0,0,0,0,internvid;runway-jupiter,internvid;runway-jupiter,ByteDance;Runway;Stability AI,USED_BY
Wheels,Wheels,,3341,3022,80,60,47,46,27,1,36,2,19,1,hdvg130m;hdvila100m;howto100m;internvid;koala36m;openvid1m;panda70m;runway-jupiter;vidgen1m;youtube8m;yttemporal-180m,hdvg130m;hdvila100m;internvid;openvid1m;runway-jupiter;vidgen1m;yttemporal-180m,Allen Institute for AI;Amazon;ByteDance;Kuaishou;Meta;Microsoft;Nvidia;Runway;Snap;Stability AI;Tencent;University of Washington,USED_BY
Ben's Watch Club,Ben's Watch Club,,141,135,0,6,0,0,0,0,0,0,0,0,internvid;runway-jupiter,internvid;runway-jupiter,ByteDance;Runway;Stability AI,USED_BY
HD1080ide,HD1080ide,,351,327,0,13,0,0,0,0,0,0,0,11,internvid;runway-jupiter;youtube8m,internvid;runway-jupiter,ByteDance;Runway;Stability AI,USED_BY
KHelga,KHelga,,209,194,0,15,0,0,0,0,0,0,0,0,internvid;runway-jupiter,internvid;runway-jupiter,ByteDance;Runway;Stability AI,USED_BY
SUMO PRIME TIME,SUMO PRIME TIME,,140,135,0,5,0,0,0,0,0,0,0,0,internvid;runway-jupiter,internvid;runway-jupiter,ByteDance;Runway;Stability AI,USED_BY
Tips and Hacks,Tips and Hacks,,136,134,0,2,0,0,0,0,0,0,0,0,internvid;runway-jupiter,internvid;runway-jupiter,ByteDance;Runway;Stability AI,USED_BY
Olympics Aquatics,Olympics Aquatics,,235,217,0,18,0,0,0,0,0,0,0,0,internvid;runway-jupiter,internvid;runway-jupiter,ByteDance;Runway;Stability AI,USED_BY
FILM.UA Group,FILM.UA Group,,2890,2883,0,7,0,0,0,0,0,0,0,0,internvid;runway-jupiter,internvid;runway-jupiter,ByteDance;Runway;Stability AI,USED_BY
Delish,Delish,,3196,2691,137,22,79,56,50,30,42,74,15,0,hdvg130m;hdvila100m;howto100m;internvid;koala36m;openvid1m;panda70m;runway-jupiter;vidgen1m;yttemporal-180m,hdvg130m;hdvila100m;internvid;openvid1m;runway-jupiter;vidgen1m;yttemporal-180m,Allen Institute for AI;Amazon;ByteDance;Kuaishou;Meta;Microsoft;Nvidia;Runway;Snap;Stability AI;Tencent;University of Washington,USED_BY
Vogue,Vogue,,4097,2803,464,100,188,162,134,33,118,34,14,47,hdvg130m;hdvila100m;howto100m;internvid;koala36m;openvid1m;panda70m;runway-jupiter;vidgen1m;youtube8m;yttemporal-180m,hdvg130m;hdvila100m;internvid;openvid1m;runway-jupiter;vidgen1m;yttemporal-180m,Allen Institute for AI;Amazon;ByteDance;Kuaishou;Meta;Microsoft;Nvidia;Runway;Snap;Stability AI;Tencent;University of Washington,USED_BY
Fancy Cakes,Fancy Cakes,,2724,2713,0,11,0,0,0,0,0,0,0,0,internvid;runway-jupiter,internvid;runway-jupiter,ByteDance;Runway;Stability AI,USED_BY
NATIONAL - Farming Documentary,NATIONAL - Farming Documentary,,133,133,0,0,0,0,0,0,0,0,0,0,runway-jupiter,runway-jupiter,Runway,USED_BY
The Piano Guys,The Piano Guys,,203,187,0,11,0,0,0,0,0,0,0,5,internvid;runway-jupiter;youtube8m,internvid;runway-jupiter,ByteDance;Runway;Stability AI,USED_BY
Sony | Camera Channel,Sony | Camera Channel,,658,414,51,5,48,48,42,0,39,6,3,2,hdvg130m;hdvila100m;internvid;koala36m;openvid1m;panda70m;runway-jupiter;vidgen1m;youtube8m;yttemporal-180m,hdvg130m;hdvila100m;internvid;openvid1m;runway-jupiter;vidgen1m;yttemporal-180m,Allen Institute for AI;Amazon;ByteDance;Kuaishou;Meta;Microsoft;Nvidia;Runway;Snap;Stability AI;Tencent;University of Washington,USED_BY
TangoNuevo TV,TangoNuevo TV,,414,411,0,3,0,0,0,0,0,0,0,0,internvid;runway-jupiter,internvid;runway-jupiter,ByteDance;Runway;Stability AI,USED_BY
Travel World XP,Travel World XP,,133,133,0,0,0,0,0,0,0,0,0,0,runway-jupiter,runway-jupiter,Runway,USED_BY
KRAV MAGA TRAINING,KRAV MAGA TRAINING,,162,134,0,26,0,0,0,0,0,0,0,2,internvid;runway-jupiter;youtube8m,internvid;runway-jupiter,ByteDance;Runway;Stability AI,USED_BY
Audemars Piguet,Audemars Piguet,,289,280,0,1,1,1,1,0,1,0,0,4,hdvg130m;hdvila100m;internvid;koala36m;panda70m;runway-jupiter;youtube8m,hdvg130m;hdvila100m;internvid;runway-jupiter,ByteDance;Meta;Nvidia;Runway;Snap;Stability AI;Tencent,USED_BY
TNA Wrestling,TNA Wrestling,,3128,3011,1,26,4,4,3,1,0,0,2,76,hdvila100m;howto100m;internvid;koala36m;panda70m;runway-jupiter;vidgen1m;youtube8m;yttemporal-180m,hdvila100m;internvid;runway-jupiter;vidgen1m;yttemporal-180m,Allen Institute for AI;Amazon;ByteDance;Meta;Nvidia;Runway;Snap;Stability AI;Tencent;University of Washington,USED_BY
Warner Bros. Pictures,Warner Bros. Pictures,,2195,2081,22,23,14,6,4,9,1,0,1,34,hdvg130m;hdvila100m;howto100m;internvid;koala36m;panda70m;runway-jupiter;vidgen1m;youtube8m;yttemporal-180m,hdvg130m;hdvila100m;internvid;runway-jupiter;vidgen1m;yttemporal-180m,Allen Institute for AI;Amazon;ByteDance;Meta;Nvidia;Runway;Snap;Stability AI;Tencent;University of Washington,USED_BY
BackPacker Steve,BackPacker Steve,,1261,268,110,0,202,202,185,4,134,122,30,4,hdvg130m;hdvila100m;howto100m;koala36m;openvid1m;panda70m;runway-jupiter;vidgen1m;youtube8m;yttemporal-180m,hdvg130m;hdvila100m;openvid1m;runway-jupiter;vidgen1m;yttemporal-180m,Allen Institute for AI;Amazon;ByteDance;Kuaishou;Meta;Microsoft;Nvidia;Runway;Snap;Tencent;University of Washington,USED_BY
Like Olga,Like Olga,,132,132,0,0,0,0,0,0,0,0,0,0,runway-jupiter,runway-jupiter,Runway,USED_BY
Red Bull BC One,Red Bull BC One,,2747,2148,232,12,78,78,73,0,62,8,5,51,hdvg130m;hdvila100m;internvid;koala36m;openvid1m;panda70m;runway-jupiter;vidgen1m;youtube8m;yttemporal-180m,hdvg130m;hdvila100m;internvid;openvid1m;runway-jupiter;vidgen1m;yttemporal-180m,Allen Institute for AI;Amazon;ByteDance;Kuaishou;Meta;Microsoft;Nvidia;Runway;Snap;Stability AI;Tencent;University of Washington,USED_BY
Westie,Westie,,2621,2473,0,6,38,37,6,1,16,0,6,38,hdvg130m;hdvila100m;howto100m;internvid;koala36m;panda70m;runway-jupiter;vidgen1m;youtube8m,hdvg130m;hdvila100m;internvid;runway-jupiter;vidgen1m,Amazon;ByteDance;Meta;Nvidia;Runway;Snap;Stability AI;Tencent,USED_BY
Smash Time Productions,Smash Time Productions,,2661,2661,0,0,0,0,0,0,0,0,0,0,runway-jupiter,runway-jupiter,Runway,USED_BY
AirPano VR,AirPano VR,,266,152,26,3,20,24,19,0,14,0,4,4,hdvg130m;hdvila100m;internvid;koala36m;panda70m;runway-jupiter;vidgen1m;youtube8m;yttemporal-180m,hdvg130m;hdvila100m;internvid;runway-jupiter;vidgen1m;yttemporal-180m,Allen Institute for AI;Amazon;ByteDance;Meta;Nvidia;Runway;Snap;Stability AI;Tencent;University of Washington,USED_BY
Aerial Landscapes,Aerial Landscapes,,228,228,0,0,0,0,0,0,0,0,0,0,runway-jupiter,runway-jupiter,Runway,USED_BY
RailCowGirl,RailCowGirl,,151,151,0,0,0,0,0,0,0,0,0,0,runway-jupiter,runway-jupiter,Runway,USED_BY
Badminton Ham,Badminton Ham,,751,722,0,29,0,0,0,0,0,0,0,0,internvid;runway-jupiter,internvid;runway-jupiter,ByteDance;Runway;Stability AI,USED_BY
Antonelli Baseball,Antonelli Baseball,,4255,2494,580,46,319,317,267,2,201,6,18,5,hdvg130m;hdvila100m;howto100m;internvid;koala36m;openvid1m;panda70m;runway-jupiter;vidgen1m;youtube8m;yttemporal-180m,hdvg130m;hdvila100m;internvid;openvid1m;runway-jupiter;vidgen1m;yttemporal-180m,Allen Institute for AI;Amazon;ByteDance;Kuaishou;Meta;Microsoft;Nvidia;Runway;Snap;Stability AI;Tencent;University of Washington,USED_BY
Curling Canada,Curling Canada,,2766,2730,0,7,1,1,1,0,0,2,0,24,hdvila100m;internvid;koala36m;openvid1m;panda70m;runway-jupiter;youtube8m,hdvila100m;internvid;openvid1m;runway-jupiter,Amazon;ByteDance;Kuaishou;Meta;Microsoft;Nvidia;Runway;Snap;Stability AI;Tencent,USED_BY
NoahJ456,NoahJ456,,3312,3182,0,11,9,0,0,9,0,0,0,101,howto100m;internvid;panda70m;runway-jupiter;youtube8m,internvid;runway-jupiter,ByteDance;Runway;Stability AI,USED_BY
International Rocket Launches,International Rocket Launches,,129,129,0,0,0,0,0,0,0,0,0,0,runway-jupiter,runway-jupiter,Runway,USED_BY
The Loud House,The Loud House,,735,644,25,33,8,7,7,3,5,0,3,0,hdvg130m;hdvila100m;howto100m;internvid;koala36m;panda70m;runway-jupiter;vidgen1m;yttemporal-180m,hdvg130m;hdvila100m;internvid;runway-jupiter;vidgen1m;yttemporal-180m,Allen Institute for AI;Amazon;ByteDance;Meta;Nvidia;Runway;Snap;Stability AI;Tencent;University of Washington,USED_BY
Crazy About Fly Fishing,Crazy About Fly Fishing,,140,136,0,4,0,0,0,0,0,0,0,0,internvid;runway-jupiter,internvid;runway-jupiter,ByteDance;Runway;Stability AI,USED_BY
Vic Firth,Vic Firth,,3279,2964,4,10,47,42,42,6,24,2,4,134,hdvg130m;hdvila100m;howto100m;internvid;koala36m;openvid1m;panda70m;runway-jupiter;vidgen1m;youtube8m;yttemporal-180m,hdvg130m;hdvila100m;internvid;openvid1m;runway-jupiter;vidgen1m;yttemporal-180m,Allen Institute for AI;Amazon;ByteDance;Kuaishou;Meta;Microsoft;Nvidia;Runway;Snap;Stability AI;Tencent;University of Washington,USED_BY
Ultimate Gamerz,Ultimate Gamerz,,2593,2592,0,1,0,0,0,0,0,0,0,0,internvid;runway-jupiter,internvid;runway-jupiter,ByteDance;Runway;Stability AI,USED_BY
Aaron Mott,Aaron Mott,,1995,1994,0,0,0,0,0,0,0,0,0,1,runway-jupiter;youtube8m,runway-jupiter,Runway,USED_BY
United Taps - Tap Dance Lessons,United Taps - Tap Dance Lessons,,753,744,0,0,0,0,0,0,0,0,0,9,runway-jupiter;youtube8m,runway-jupiter,Runway,USED_BY
Yacht Addiction,Yacht Addiction,,128,128,0,0,0,0,0,0,0,0,0,0,runway-jupiter,runway-jupiter,Runway,USED_BY
National Geographic India,National Geographic India,,2274,2270,1,1,1,0,0,1,0,0,0,0,howto100m;internvid;panda70m;runway-jupiter;yttemporal-180m,internvid;runway-jupiter;yttemporal-180m,Allen Institute for AI;ByteDance;Runway;Stability AI;University of Washington,USED_BY
djxatlanta,djxatlanta,,2492,2420,1,0,13,13,11,1,9,2,4,18,hdvg130m;hdvila100m;howto100m;koala36m;openvid1m;panda70m;runway-jupiter;vidgen1m;youtube8m;yttemporal-180m,hdvg130m;hdvila100m;openvid1m;runway-jupiter;vidgen1m;yttemporal-180m,Allen Institute for AI;Amazon;ByteDance;Kuaishou;Meta;Microsoft;Nvidia;Runway;Snap;Tencent;University of Washington,USED_BY
El Escoces gamer,El Escoces gamer,,2954,2954,0,0,0,0,0,0,0,0,0,0,runway-jupiter,runway-jupiter,Runway,USED_BY
Hair Hood,Hair Hood,,149,147,0,2,0,0,0,0,0,0,0,0,internvid;runway-jupiter,internvid;runway-jupiter,ByteDance;Runway;Stability AI,USED_BY
Saikanth Krishna,Saikanth Krishna,,127,127,0,0,0,0,0,0,0,0,0,0,runway-jupiter,runway-jupiter,Runway,USED_BY
DreamWorksTV World,DreamWorksTV World,,1520,1191,102,12,55,55,50,0,30,12,13,0,hdvg130m;hdvila100m;internvid;koala36m;openvid1m;panda70m;runway-jupiter;vidgen1m;yttemporal-180m,hdvg130m;hdvila100m;internvid;openvid1m;runway-jupiter;vidgen1m;yttemporal-180m,Allen Institute for AI;Amazon;ByteDance;Kuaishou;Meta;Microsoft;Nvidia;Runway;Snap;Stability AI;Tencent;University of Washington,USED_BY
LFA Fights,LFA Fights,,127,127,0,0,0,0,0,0,0,0,0,0,runway-jupiter,runway-jupiter,Runway,USED_BY
WIRED,WIRED,,8245,3289,1329,183,841,811,755,74,498,240,155,70,hdvg130m;hdvila100m;howto100m;internvid;koala36m;openvid1m;panda70m;runway-jupiter;vidgen1m;youtube8m;yttemporal-180m,hdvg130m;hdvila100m;internvid;openvid1m;runway-jupiter;vidgen1m;yttemporal-180m,Allen Institute for AI;Amazon;ByteDance;Kuaishou;Meta;Microsoft;Nvidia;Runway;Snap;Stability AI;Tencent;University of Washington,USED_BY
Nintendo DE,Nintendo DE,,2739,2642,0,2,15,15,13,0,9,0,2,41,hdvg130m;hdvila100m;internvid;koala36m;panda70m;runway-jupiter;vidgen1m;youtube8m,hdvg130m;hdvila100m;internvid;runway-jupiter;vidgen1m,Amazon;ByteDance;Meta;Nvidia;Runway;Snap;Stability AI;Tencent,USED_BY
MovieLoad,MovieLoad,,136,136,0,0,0,0,0,0,0,0,0,0,runway-jupiter,runway-jupiter,Runway,USED_BY
Adam’s English Lessons · engVid,Adam’s English Lessons · engVid,,269,185,4,53,10,4,0,10,2,0,0,1,hdvg130m;hdvila100m;howto100m;internvid;panda70m;runway-jupiter;youtube8m;yttemporal-180m,hdvg130m;hdvila100m;internvid;runway-jupiter;yttemporal-180m,Allen Institute for AI;ByteDance;Meta;Nvidia;Runway;Snap;Stability AI;Tencent;University of Washington,USED_BY
Mountain Rug Cleaning,Mountain Rug Cleaning,,220,212,0,8,0,0,0,0,0,0,0,0,internvid;runway-jupiter,internvid;runway-jupiter,ByteDance;Runway;Stability AI,USED_BY
Nicole Coenen,Nicole Coenen,,208,208,0,0,0,0,0,0,0,0,0,0,runway-jupiter,runway-jupiter,Runway,USED_BY
PokerStars,PokerStars,,3228,3085,0,29,20,18,17,2,17,10,0,30,hdvg130m;hdvila100m;howto100m;internvid;koala36m;openvid1m;panda70m;runway-jupiter;youtube8m,hdvg130m;hdvila100m;internvid;openvid1m;runway-jupiter,Amazon;ByteDance;Kuaishou;Meta;Microsoft;Nvidia;Runway;Snap;Stability AI;Tencent,USED_BY
Learn How to Sign,Learn How to Sign,,188,185,0,3,0,0,0,0,0,0,0,0,internvid;runway-jupiter,internvid;runway-jupiter,ByteDance;Runway;Stability AI,USED_BY
프로세스 케이 Process K,프로세스 케이 Process K,,132,124,0,8,0,0,0,0,0,0,0,0,internvid;runway-jupiter,internvid;runway-jupiter,ByteDance;Runway;Stability AI,USED_BY
AEROBIC DANCE,AEROBIC DANCE,,136,124,0,12,0,0,0,0,0,0,0,0,internvid;runway-jupiter,internvid;runway-jupiter,ByteDance;Runway;Stability AI,USED_BY
PsycheTruth,PsycheTruth,,5426,3039,861,42,415,388,294,45,250,48,16,28,hdvg130m;hdvila100m;howto100m;internvid;koala36m;openvid1m;panda70m;runway-jupiter;vidgen1m;youtube8m;yttemporal-180m,hdvg130m;hdvila100m;internvid;openvid1m;runway-jupiter;vidgen1m;yttemporal-180m,Allen Institute for AI;Amazon;ByteDance;Kuaishou;Meta;Microsoft;Nvidia;Runway;Snap;Stability AI;Tencent;University of Washington,USED_BY
Steven Ndukwu,Steven Ndukwu,,148,148,0,0,0,0,0,0,0,0,0,0,runway-jupiter,runway-jupiter,Runway,USED_BY
Flix For Free,Flix For Free,,122,122,0,0,0,0,0,0,0,0,0,0,runway-jupiter,runway-jupiter,Runway,USED_BY
Emojoie,Emojoie,,201,175,1,13,3,0,0,3,0,2,0,4,howto100m;internvid;openvid1m;panda70m;runway-jupiter;youtube8m;yttemporal-180m,internvid;openvid1m;runway-jupiter;yttemporal-180m,Allen Institute for AI;Amazon;ByteDance;Kuaishou;Microsoft;Nvidia;Runway;Stability AI;University of Washington,USED_BY
DAS Bookbinding,DAS Bookbinding,,144,138,0,6,0,0,0,0,0,0,0,0,internvid;runway-jupiter,internvid;runway-jupiter,ByteDance;Runway;Stability AI,USED_BY
Jadon Grundy,Jadon Grundy,,262,254,1,3,1,1,0,1,0,0,1,0,hdvila100m;howto100m;internvid;panda70m;runway-jupiter;vidgen1m;yttemporal-180m,hdvila100m;internvid;runway-jupiter;vidgen1m;yttemporal-180m,Allen Institute for AI;Amazon;ByteDance;Meta;Nvidia;Runway;Snap;Stability AI;Tencent;University of Washington,USED_BY
20th Century Studios,20th Century Studios,,2179,2117,3,30,4,3,2,2,0,0,0,18,hdvila100m;howto100m;internvid;koala36m;panda70m;runway-jupiter;youtube8m;yttemporal-180m,hdvila100m;internvid;runway-jupiter;yttemporal-180m,Allen Institute for AI;ByteDance;Meta;Runway;Snap;Stability AI;Tencent;University of Washington,USED_BY
Kid vs. Kat - WildBrain,Kid vs. Kat - WildBrain,,172,172,0,0,0,0,0,0,0,0,0,0,runway-jupiter,runway-jupiter,Runway,USED_BY
Art Painting Workshop,Art Painting Workshop,,182,182,0,0,0,0,0,0,0,0,0,0,runway-jupiter,runway-jupiter,Runway,USED_BY
Jackson Hole Mountain Resort,Jackson Hole Mountain Resort,,542,413,46,3,16,16,16,0,11,4,2,15,hdvg130m;hdvila100m;internvid;koala36m;openvid1m;panda70m;runway-jupiter;vidgen1m;youtube8m;yttemporal-180m,hdvg130m;hdvila100m;internvid;openvid1m;runway-jupiter;vidgen1m;yttemporal-180m,Allen Institute for AI;Amazon;ByteDance;Kuaishou;Meta;Microsoft;Nvidia;Runway;Snap;Stability AI;Tencent;University of Washington,USED_BY
NW Fishing Secrets,NW Fishing Secrets,,121,119,0,2,0,0,0,0,0,0,0,0,internvid;runway-jupiter,internvid;runway-jupiter,ByteDance;Runway;Stability AI,USED_BY
Plant Based Bistro,Plant Based Bistro,,119,119,0,0,0,0,0,0,0,0,0,0,runway-jupiter,runway-jupiter,Runway,USED_BY
Red Bull Bike,Red Bull Bike,,2749,1389,386,70,211,210,204,5,129,76,61,8,hdvg130m;hdvila100m;howto100m;internvid;koala36m;openvid1m;panda70m;runway-jupiter;vidgen1m;youtube8m;yttemporal-180m,hdvg130m;hdvila100m;internvid;openvid1m;runway-jupiter;vidgen1m;yttemporal-180m,Allen Institute for AI;Amazon;ByteDance;Kuaishou;Meta;Microsoft;Nvidia;Runway;Snap;Stability AI;Tencent;University of Washington,USED_BY
Natural Beauty & Scenes,Natural Beauty & Scenes,,2388,2385,0,3,0,0,0,0,0,0,0,0,internvid;runway-jupiter,internvid;runway-jupiter,ByteDance;Runway;Stability AI,USED_BY
Polo Fields Lawn Service,Polo Fields Lawn Service,,136,132,0,4,0,0,0,0,0,0,0,0,internvid;runway-jupiter,internvid;runway-jupiter,ByteDance;Runway;Stability AI,USED_BY
Zurik 23M,Zurik 23M,,276,263,0,7,0,0,0,0,0,0,0,6,internvid;runway-jupiter;youtube8m,internvid;runway-jupiter,ByteDance;Runway;Stability AI,USED_BY
Ivanhoe Cycles,Ivanhoe Cycles,,333,313,2,2,4,2,2,4,1,2,0,1,hdvg130m;hdvila100m;howto100m;internvid;koala36m;openvid1m;panda70m;runway-jupiter;youtube8m;yttemporal-180m,hdvg130m;hdvila100m;internvid;openvid1m;runway-jupiter;yttemporal-180m,Allen Institute for AI;Amazon;ByteDance;Kuaishou;Meta;Microsoft;Nvidia;Runway;Snap;Stability AI;Tencent;University of Washington,USED_BY
PrettyNflawed,PrettyNflawed,,3420,2413,376,6,158,148,145,11,101,18,44,0,hdvg130m;hdvila100m;howto100m;internvid;koala36m;openvid1m;panda70m;runway-jupiter;vidgen1m;yttemporal-180m,hdvg130m;hdvila100m;internvid;openvid1m;runway-jupiter;vidgen1m;yttemporal-180m,Allen Institute for AI;Amazon;ByteDance;Kuaishou;Meta;Microsoft;Nvidia;Runway;Snap;Stability AI;Tencent;University of Washington,USED_BY
60 Minutes,60 Minutes,,2670,2587,0,80,0,0,0,0,0,0,0,3,internvid;runway-jupiter;youtube8m,internvid;runway-jupiter,ByteDance;Runway;Stability AI,USED_BY
Untold History,Untold History,,342,339,0,3,0,0,0,0,0,0,0,0,internvid;runway-jupiter,internvid;runway-jupiter,ByteDance;Runway;Stability AI,USED_BY
Nick Fry,Nick Fry,,235,117,35,2,17,14,14,5,14,10,7,0,hdvg130m;hdvila100m;howto100m;internvid;koala36m;openvid1m;panda70m;runway-jupiter;vidgen1m;yttemporal-180m,hdvg130m;hdvila100m;internvid;openvid1m;runway-jupiter;vidgen1m;yttemporal-180m,Allen Institute for AI;Amazon;ByteDance;Kuaishou;Meta;Microsoft;Nvidia;Runway;Snap;Stability AI;Tencent;University of Washington,USED_BY
Jake Paul,Jake Paul,,1735,1090,431,8,85,0,0,85,0,34,0,2,howto100m;internvid;openvid1m;panda70m;runway-jupiter;youtube8m;yttemporal-180m,internvid;openvid1m;runway-jupiter;yttemporal-180m,Allen Institute for AI;Amazon;ByteDance;Kuaishou;Microsoft;Nvidia;Runway;Stability AI;University of Washington,USED_BY
Danny Gevirtz,Danny Gevirtz,,162,162,0,0,0,0,0,0,0,0,0,0,runway-jupiter,runway-jupiter,Runway,USED_BY
ESL Counter-Strike,ESL Counter-Strike,,2469,2464,0,5,0,0,0,0,0,0,0,0,internvid;runway-jupiter,internvid;runway-jupiter,ByteDance;Runway;Stability AI,USED_BY
Andy Simon,Andy Simon,,2677,2662,0,15,0,0,0,0,0,0,0,0,internvid;runway-jupiter,internvid;runway-jupiter,ByteDance;Runway;Stability AI,USED_BY
Marty Music,Marty Music,,5730,2672,756,55,533,518,496,28,332,310,30,0,hdvg130m;hdvila100m;howto100m;internvid;koala36m;openvid1m;panda70m;runway-jupiter;vidgen1m;yttemporal-180m,hdvg130m;hdvila100m;internvid;openvid1m;runway-jupiter;vidgen1m;yttemporal-180m,Allen Institute for AI;Amazon;ByteDance;Kuaishou;Meta;Microsoft;Nvidia;Runway;Snap;Stability AI;Tencent;University of Washington,USED_BY
King Creative Official,King Creative Official,,710,710,0,0,0,0,0,0,0,0,0,0,runway-jupiter,runway-jupiter,Runway,USED_BY
VIVIENNE & TAMAS,VIVIENNE & TAMAS,,130,129,0,1,0,0,0,0,0,0,0,0,internvid;runway-jupiter,internvid;runway-jupiter,ByteDance;Runway;Stability AI,USED_BY
Brandon Li,Brandon Li,,483,187,62,3,58,58,58,1,33,14,9,0,hdvg130m;hdvila100m;howto100m;internvid;koala36m;openvid1m;panda70m;runway-jupiter;vidgen1m;yttemporal-180m,hdvg130m;hdvila100m;internvid;openvid1m;runway-jupiter;vidgen1m;yttemporal-180m,Allen Institute for AI;Amazon;ByteDance;Kuaishou;Meta;Microsoft;Nvidia;Runway;Snap;Stability AI;Tencent;University of Washington,USED_BY
A ROD,A ROD,,127,125,0,1,0,0,0,0,0,0,0,1,internvid;runway-jupiter;youtube8m,internvid;runway-jupiter,ByteDance;Runway;Stability AI,USED_BY
Women Hooping,Women Hooping,,2678,2664,0,14,0,0,0,0,0,0,0,0,internvid;runway-jupiter,internvid;runway-jupiter,ByteDance;Runway;Stability AI,USED_BY
HenleyRoyalRegatta,HenleyRoyalRegatta,,4573,2379,688,4,388,392,375,0,243,16,77,11,hdvg130m;hdvila100m;internvid;koala36m;openvid1m;panda70m;runway-jupiter;vidgen1m;youtube8m;yttemporal-180m,hdvg130m;hdvila100m;internvid;openvid1m;runway-jupiter;vidgen1m;yttemporal-180m,Allen Institute for AI;Amazon;ByteDance;Kuaishou;Meta;Microsoft;Nvidia;Runway;Snap;Stability AI;Tencent;University of Washington,USED_BY
SonyMusicIndiaVEVO,SonyMusicIndiaVEVO,,2843,2780,0,24,0,0,0,0,0,0,0,39,internvid;runway-jupiter;youtube8m,internvid;runway-jupiter,ByteDance;Runway;Stability AI,USED_BY
Japan BackpackersXpress,Japan BackpackersXpress,,622,621,0,1,0,0,0,0,0,0,0,0,internvid;runway-jupiter,internvid;runway-jupiter,ByteDance;Runway;Stability AI,USED_BY
Amazon Prime Video UK & IE,Amazon Prime Video UK & IE,,2230,2203,0,18,0,0,0,0,0,0,0,9,internvid;runway-jupiter;youtube8m,internvid;runway-jupiter,ByteDance;Runway;Stability AI,USED_BY
Blacksmith Girl,Blacksmith Girl,,114,114,0,0,0,0,0,0,0,0,0,0,runway-jupiter,runway-jupiter,Runway,USED_BY
Gamer Max Channel,Gamer Max Channel,,3049,3049,0,0,0,0,0,0,0,0,0,0,runway-jupiter,runway-jupiter,Runway,USED_BY
Foot and Ankle Associates of North Texas,Foot and Ankle Associates of North Texas,,205,194,1,6,2,0,0,2,0,0,0,0,howto100m;internvid;panda70m;runway-jupiter;yttemporal-180m,internvid;runway-jupiter;yttemporal-180m,Allen Institute for AI;ByteDance;Runway;Stability AI;University of Washington,USED_BY
Kraig Adams,Kraig Adams,,545,168,80,5,69,69,65,0,38,38,13,0,hdvg130m;hdvila100m;internvid;koala36m;openvid1m;panda70m;runway-jupiter;vidgen1m;yttemporal-180m,hdvg130m;hdvila100m;internvid;openvid1m;runway-jupiter;vidgen1m;yttemporal-180m,Allen Institute for AI;Amazon;ByteDance;Kuaishou;Meta;Microsoft;Nvidia;Runway;Snap;Stability AI;Tencent;University of Washington,USED_BY
Coaster Studios,Coaster Studios,,3963,2673,535,13,173,172,149,7,121,52,45,23,hdvg130m;hdvila100m;howto100m;internvid;koala36m;openvid1m;panda70m;runway-jupiter;vidgen1m;youtube8m;yttemporal-180m,hdvg130m;hdvila100m;internvid;openvid1m;runway-jupiter;vidgen1m;yttemporal-180m,Allen Institute for AI;Amazon;ByteDance;Kuaishou;Meta;Microsoft;Nvidia;Runway;Snap;Stability AI;Tencent;University of Washington,USED_BY
FloRacing,FloRacing,,2306,2288,0,18,0,0,0,0,0,0,0,0,internvid;runway-jupiter,internvid;runway-jupiter,ByteDance;Runway;Stability AI,USED_BY
Florian Gadsby,Florian Gadsby,,431,407,0,24,0,0,0,0,0,0,0,0,internvid;runway-jupiter,internvid;runway-jupiter,ByteDance;Runway;Stability AI,USED_BY
Stacked Homes,Stacked Homes,,378,353,0,25,0,0,0,0,0,0,0,0,internvid;runway-jupiter,internvid;runway-jupiter,ByteDance;Runway;Stability AI,USED_BY
龙梅梅Longmeimei,龙梅梅Longmeimei,,238,186,0,52,0,0,0,0,0,0,0,0,internvid;runway-jupiter,internvid;runway-jupiter,ByteDance;Runway;Stability AI,USED_BY
FloBikes,FloBikes,,2630,2619,0,11,0,0,0,0,0,0,0,0,internvid;runway-jupiter,internvid;runway-jupiter,ByteDance;Runway;Stability AI,USED_BY
fastpitchmedia,fastpitchmedia,,2453,2451,0,0,0,0,0,0,0,0,0,2,runway-jupiter;youtube8m,runway-jupiter,Runway,USED_BY
GlamourDDive,GlamourDDive,,125,117,0,8,0,0,0,0,0,0,0,0,internvid;runway-jupiter,internvid;runway-jupiter,ByteDance;Runway;Stability AI,USED_BY
TeenVee,TeenVee,,315,315,0,0,0,0,0,0,0,0,0,0,runway-jupiter,runway-jupiter,Runway,USED_BY
Below the Plains,Below the Plains,,111,111,0,0,0,0,0,0,0,0,0,0,runway-jupiter,runway-jupiter,Runway,USED_BY
Nintendo 公式チャンネル,Nintendo 公式チャンネル,,2387,2324,0,42,1,1,1,0,0,0,0,18,hdvila100m;internvid;koala36m;panda70m;runway-jupiter;youtube8m,hdvila100m;internvid;runway-jupiter,ByteDance;Meta;Runway;Snap;Stability AI;Tencent,USED_BY
MindFlex,MindFlex,,110,110,0,0,0,0,0,0,0,0,0,0,runway-jupiter,runway-jupiter,Runway,USED_BY
Dope As Yola,Dope As Yola,,344,339,0,5,0,0,0,0,0,0,0,0,internvid;runway-jupiter,internvid;runway-jupiter,ByteDance;Runway;Stability AI,USED_BY
SXSW,SXSW,,2439,2428,0,1,0,0,0,0,0,0,0,10,internvid;runway-jupiter;youtube8m,internvid;runway-jupiter,ByteDance;Runway;Stability AI,USED_BY
Netflix Philippines,Netflix Philippines,,2657,2636,0,21,0,0,0,0,0,0,0,0,internvid;runway-jupiter,internvid;runway-jupiter,ByteDance;Runway;Stability AI,USED_BY
ECD Lacrosse,ECD Lacrosse,,2669,2443,28,9,49,23,23,44,14,4,1,31,hdvg130m;hdvila100m;howto100m;internvid;koala36m;openvid1m;panda70m;runway-jupiter;vidgen1m;youtube8m;yttemporal-180m,hdvg130m;hdvila100m;internvid;openvid1m;runway-jupiter;vidgen1m;yttemporal-180m,Allen Institute for AI;Amazon;ByteDance;Kuaishou;Meta;Microsoft;Nvidia;Runway;Snap;Stability AI;Tencent;University of Washington,USED_BY
JaidenAnimations,JaidenAnimations,,493,121,42,11,83,80,66,20,54,0,11,5,hdvg130m;hdvila100m;howto100m;internvid;koala36m;panda70m;runway-jupiter;vidgen1m;youtube8m;yttemporal-180m,hdvg130m;hdvila100m;internvid;runway-jupiter;vidgen1m;yttemporal-180m,Allen Institute for AI;Amazon;ByteDance;Meta;Nvidia;Runway;Snap;Stability AI;Tencent;University of Washington,USED_BY
WB Kids,WB Kids,,5531,1910,289,30,891,893,674,0,589,18,237,0,hdvg130m;hdvila100m;internvid;koala36m;openvid1m;panda70m;runway-jupiter;vidgen1m;yttemporal-180m,hdvg130m;hdvila100m;internvid;openvid1m;runway-jupiter;vidgen1m;yttemporal-180m,Allen Institute for AI;Amazon;ByteDance;Kuaishou;Meta;Microsoft;Nvidia;Runway;Snap;Stability AI;Tencent;University of Washington,USED_BY
Blender Studio,Blender Studio,,121,118,0,3,0,0,0,0,0,0,0,0,internvid;runway-jupiter,internvid;runway-jupiter,ByteDance;Runway;Stability AI,USED_BY
Theme Park Review,Theme Park Review,,3037,2241,171,7,139,137,126,2,86,16,24,88,hdvg130m;hdvila100m;howto100m;internvid;koala36m;openvid1m;panda70m;runway-jupiter;vidgen1m;youtube8m;yttemporal-180m,hdvg130m;hdvila100m;internvid;openvid1m;runway-jupiter;vidgen1m;yttemporal-180m,Allen Institute for AI;Amazon;ByteDance;Kuaishou;Meta;Microsoft;Nvidia;Runway;Snap;Stability AI;Tencent;University of Washington,USED_BY
chad kauten,chad kauten,,2588,2584,0,2,0,0,0,0,0,0,0,2,internvid;runway-jupiter;youtube8m,internvid;runway-jupiter,ByteDance;Runway;Stability AI,USED_BY
Nintendo España,Nintendo España,,2470,2389,0,5,14,14,11,0,12,0,2,23,hdvg130m;hdvila100m;internvid;koala36m;panda70m;runway-jupiter;vidgen1m;youtube8m,hdvg130m;hdvila100m;internvid;runway-jupiter;vidgen1m,Amazon;ByteDance;Meta;Nvidia;Runway;Snap;Stability AI;Tencent,USED_BY
UCI,UCI,,4937,3100,537,36,295,295,275,0,207,70,63,59,hdvg130m;hdvila100m;internvid;koala36m;openvid1m;panda70m;runway-jupiter;vidgen1m;youtube8m;yttemporal-180m,hdvg130m;hdvila100m;internvid;openvid1m;runway-jupiter;vidgen1m;yttemporal-180m,Allen Institute for AI;Amazon;ByteDance;Kuaishou;Meta;Microsoft;Nvidia;Runway;Snap;Stability AI;Tencent;University of Washington,USED_BY
Mark Rober,Mark Rober,,566,145,37,22,86,72,71,45,38,40,10,0,hdvg130m;hdvila100m;howto100m;internvid;koala36m;openvid1m;panda70m;runway-jupiter;vidgen1m;yttemporal-180m,hdvg130m;hdvila100m;internvid;openvid1m;runway-jupiter;vidgen1m;yttemporal-180m,Allen Institute for AI;Amazon;ByteDance;Kuaishou;Meta;Microsoft;Nvidia;Runway;Snap;Stability AI;Tencent;University of Washington,USED_BY
Motor Yacht Loon,Motor Yacht Loon,,115,115,0,0,0,0,0,0,0,0,0,0,runway-jupiter,runway-jupiter,Runway,USED_BY
BIG CHEF COOKING,BIG CHEF COOKING,,281,276,0,5,0,0,0,0,0,0,0,0,internvid;runway-jupiter,internvid;runway-jupiter,ByteDance;Runway;Stability AI,USED_BY
Pick Up Limes,Pick Up Limes,,546,188,95,29,55,27,25,34,20,62,11,0,hdvg130m;hdvila100m;howto100m;internvid;koala36m;openvid1m;panda70m;runway-jupiter;vidgen1m;yttemporal-180m,hdvg130m;hdvila100m;internvid;openvid1m;runway-jupiter;vidgen1m;yttemporal-180m,Allen Institute for AI;Amazon;ByteDance;Kuaishou;Meta;Microsoft;Nvidia;Runway;Snap;Stability AI;Tencent;University of Washington,USED_BY
SlamBall,SlamBall,,798,794,0,0,0,0,0,0,0,0,0,4,runway-jupiter;youtube8m,runway-jupiter,Runway,USED_BY
Skylite Productions,Skylite Productions,,2349,2349,0,0,0,0,0,0,0,0,0,0,runway-jupiter,runway-jupiter,Runway,USED_BY
JoBlo Animated Videos,JoBlo Animated Videos,,3255,2622,125,13,120,120,108,0,78,22,47,0,hdvg130m;hdvila100m;internvid;koala36m;openvid1m;panda70m;runway-jupiter;vidgen1m;yttemporal-180m,hdvg130m;hdvila100m;internvid;openvid1m;runway-jupiter;vidgen1m;yttemporal-180m,Allen Institute for AI;Amazon;ByteDance;Kuaishou;Meta;Microsoft;Nvidia;Runway;Snap;Stability AI;Tencent;University of Washington,USED_BY
Balance Beam,Balance Beam,,2355,2355,0,0,0,0,0,0,0,0,0,0,runway-jupiter,runway-jupiter,Runway,USED_BY
Tuyet Aerobics,Tuyet Aerobics,,110,109,0,1,0,0,0,0,0,0,0,0,internvid;runway-jupiter,internvid;runway-jupiter,ByteDance;Runway;Stability AI,USED_BY
Tipsy Bartender,Tipsy Bartender,,5796,2345,657,45,810,255,241,821,147,440,28,7,hdvg130m;hdvila100m;howto100m;internvid;koala36m;openvid1m;panda70m;runway-jupiter;vidgen1m;youtube8m;yttemporal-180m,hdvg130m;hdvila100m;internvid;openvid1m;runway-jupiter;vidgen1m;yttemporal-180m,Allen Institute for AI;Amazon;ByteDance;Kuaishou;Meta;Microsoft;Nvidia;Runway;Snap;Stability AI;Tencent;University of Washington,USED_BY
메가프로세스 Mega Process,메가프로세스 Mega Process,,124,106,0,18,0,0,0,0,0,0,0,0,internvid;runway-jupiter,internvid;runway-jupiter,ByteDance;Runway;Stability AI,USED_BY
Railway Emotions,Railway Emotions,,106,106,0,0,0,0,0,0,0,0,0,0,runway-jupiter,runway-jupiter,Runway,USED_BY
BBC Strictly Come Dancing,BBC Strictly Come Dancing,,2072,1983,0,82,0,0,0,0,0,0,0,7,internvid;runway-jupiter;youtube8m,internvid;runway-jupiter,ByteDance;Runway;Stability AI,USED_BY
Power Volleyball,Power Volleyball,,2564,2237,52,169,26,26,23,0,18,0,13,0,hdvg130m;hdvila100m;internvid;koala36m;panda70m;runway-jupiter;vidgen1m;yttemporal-180m,hdvg130m;hdvila100m;internvid;runway-jupiter;vidgen1m;yttemporal-180m,Allen Institute for AI;Amazon;ByteDance;Meta;Nvidia;Runway;Snap;Stability AI;Tencent;University of Washington,USED_BY
Mike Shake,Mike Shake,,147,105,0,42,0,0,0,0,0,0,0,0,internvid;runway-jupiter,internvid;runway-jupiter,ByteDance;Runway;Stability AI,USED_BY
Go Groomer,Go Groomer,,259,239,1,12,2,1,1,2,0,0,1,0,hdvila100m;howto100m;internvid;koala36m;panda70m;runway-jupiter;vidgen1m;yttemporal-180m,hdvila100m;internvid;runway-jupiter;vidgen1m;yttemporal-180m,Allen Institute for AI;Amazon;ByteDance;Meta;Nvidia;Runway;Snap;Stability AI;Tencent;University of Washington,USED_BY
World Dance New York,World Dance New York,,570,520,1,5,7,6,2,1,8,0,0,20,hdvg130m;hdvila100m;howto100m;internvid;koala36m;panda70m;runway-jupiter;youtube8m;yttemporal-180m,hdvg130m;hdvila100m;internvid;runway-jupiter;yttemporal-180m,Allen Institute for AI;ByteDance;Meta;Nvidia;Runway;Snap;Stability AI;Tencent;University of Washington,USED_BY
GLID Gaming,GLID Gaming,,187,187,0,0,0,0,0,0,0,0,0,0,runway-jupiter,runway-jupiter,Runway,USED_BY
ECG WORSHIP SONGS,ECG WORSHIP SONGS,,295,292,0,3,0,0,0,0,0,0,0,0,internvid;runway-jupiter,internvid;runway-jupiter,ByteDance;Runway;Stability AI,USED_BY
TRIBE OF JUDAH,TRIBE OF JUDAH,,295,292,0,3,0,0,0,0,0,0,0,0,internvid;runway-jupiter,internvid;runway-jupiter,ByteDance;Runway;Stability AI,USED_BY
StorylineOnline,StorylineOnline,,155,106,3,28,6,2,2,5,0,0,1,2,hdvila100m;howto100m;internvid;koala36m;panda70m;runway-jupiter;vidgen1m;youtube8m;yttemporal-180m,hdvila100m;internvid;runway-jupiter;vidgen1m;yttemporal-180m,Allen Institute for AI;Amazon;ByteDance;Meta;Nvidia;Runway;Snap;Stability AI;Tencent;University of Washington,USED_BY
Mr Bean TV,Mr Bean TV,,1767,1766,0,1,0,0,0,0,0,0,0,0,internvid;runway-jupiter,internvid;runway-jupiter,ByteDance;Runway;Stability AI,USED_BY
Ichika Nito,Ichika Nito,,328,321,0,7,0,0,0,0,0,0,0,0,internvid;runway-jupiter,internvid;runway-jupiter,ByteDance;Runway;Stability AI,USED_BY
Sand Castle Building - Andy Hancock,Sand Castle Building - Andy Hancock,,285,215,17,3,18,3,3,18,3,4,1,0,hdvg130m;hdvila100m;howto100m;internvid;koala36m;openvid1m;panda70m;runway-jupiter;vidgen1m;yttemporal-180m,hdvg130m;hdvila100m;internvid;openvid1m;runway-jupiter;vidgen1m;yttemporal-180m,Allen Institute for AI;Amazon;ByteDance;Kuaishou;Meta;Microsoft;Nvidia;Runway;Snap;Stability AI;Tencent;University of Washington,USED_BY
Didge Project,Didge Project,,188,162,1,20,1,1,1,1,1,0,0,0,hdvg130m;hdvila100m;howto100m;internvid;koala36m;panda70m;runway-jupiter;yttemporal-180m,hdvg130m;hdvila100m;internvid;runway-jupiter;yttemporal-180m,Allen Institute for AI;ByteDance;Meta;Nvidia;Runway;Snap;Stability AI;Tencent;University of Washington,USED_BY
Cecilia Blomdahl,Cecilia Blomdahl,,299,297,0,2,0,0,0,0,0,0,0,0,internvid;runway-jupiter,internvid;runway-jupiter,ByteDance;Runway;Stability AI,USED_BY
This Old House,This Old House,,6436,2317,1045,185,839,386,358,671,254,242,74,65,hdvg130m;hdvila100m;howto100m;internvid;koala36m;openvid1m;panda70m;runway-jupiter;vidgen1m;youtube8m;yttemporal-180m,hdvg130m;hdvila100m;internvid;openvid1m;runway-jupiter;vidgen1m;yttemporal-180m,Allen Institute for AI;Amazon;ByteDance;Kuaishou;Meta;Microsoft;Nvidia;Runway;Snap;Stability AI;Tencent;University of Washington,USED_BY
Sotheby's,Sotheby's,,2331,2270,0,16,6,6,5,0,5,0,1,22,hdvg130m;hdvila100m;internvid;koala36m;panda70m;runway-jupiter;vidgen1m;youtube8m,hdvg130m;hdvila100m;internvid;runway-jupiter;vidgen1m,Amazon;ByteDance;Meta;Nvidia;Runway;Snap;Stability AI;Tencent,USED_BY
Windies Cricket,Windies Cricket,,2273,2007,102,11,58,58,0,0,32,0,5,0,hdvg130m;hdvila100m;internvid;panda70m;runway-jupiter;vidgen1m;yttemporal-180m,hdvg130m;hdvila100m;internvid;runway-jupiter;vidgen1m;yttemporal-180m,Allen Institute for AI;Amazon;ByteDance;Meta;Nvidia;Runway;Snap;Stability AI;Tencent;University of Washington,USED_BY
湖南国际频道 Hunan TV International  Official Channel,湖南国际频道 Hunan TV International  Official Channel,,2196,2153,0,43,0,0,0,0,0,0,0,0,internvid;runway-jupiter,internvid;runway-jupiter,ByteDance;Runway;Stability AI,USED_BY
Formula DRIFT,Formula DRIFT,,2524,2460,0,6,8,8,8,0,7,0,3,24,hdvg130m;hdvila100m;internvid;koala36m;panda70m;runway-jupiter;vidgen1m;youtube8m,hdvg130m;hdvila100m;internvid;runway-jupiter;vidgen1m,Amazon;ByteDance;Meta;Nvidia;Runway;Snap;Stability AI;Tencent,USED_BY
Nomads With A Purpose: Adventure Travel Family,Nomads With A Purpose: Adventure Travel Family,,325,324,0,1,0,0,0,0,0,0,0,0,internvid;runway-jupiter,internvid;runway-jupiter,ByteDance;Runway;Stability AI,USED_BY
JSHorsemanship,JSHorsemanship,,114,103,0,11,0,0,0,0,0,0,0,0,internvid;runway-jupiter,internvid;runway-jupiter,ByteDance;Runway;Stability AI,USED_BY
CHANEL,CHANEL,,1155,1105,0,23,4,4,3,0,1,2,0,13,hdvg130m;hdvila100m;internvid;koala36m;openvid1m;panda70m;runway-jupiter;youtube8m,hdvg130m;hdvila100m;internvid;openvid1m;runway-jupiter,Amazon;ByteDance;Kuaishou;Meta;Microsoft;Nvidia;Runway;Snap;Stability AI;Tencent,USED_BY
Fitment Industries,Fitment Industries,,4265,1996,456,28,388,389,376,8,257,276,91,0,hdvg130m;hdvila100m;howto100m;internvid;koala36m;openvid1m;panda70m;runway-jupiter;vidgen1m;yttemporal-180m,hdvg130m;hdvila100m;internvid;openvid1m;runway-jupiter;vidgen1m;yttemporal-180m,Allen Institute for AI;Amazon;ByteDance;Kuaishou;Meta;Microsoft;Nvidia;Runway;Snap;Stability AI;Tencent;University of Washington,USED_BY
ClaireCats,ClaireCats,,106,106,0,0,0,0,0,0,0,0,0,0,runway-jupiter,runway-jupiter,Runway,USED_BY
hickok45,hickok45,,4650,2285,728,10,417,381,370,58,243,28,123,7,hdvg130m;hdvila100m;howto100m;internvid;koala36m;openvid1m;panda70m;runway-jupiter;vidgen1m;youtube8m;yttemporal-180m,hdvg130m;hdvila100m;internvid;openvid1m;runway-jupiter;vidgen1m;yttemporal-180m,Allen Institute for AI;Amazon;ByteDance;Kuaishou;Meta;Microsoft;Nvidia;Runway;Snap;Stability AI;Tencent;University of Washington,USED_BY
Nintendo France,Nintendo France,,2598,2568,0,5,0,0,0,0,0,0,0,25,internvid;runway-jupiter;youtube8m,internvid;runway-jupiter,ByteDance;Runway;Stability AI,USED_BY
Joseph Solomon,Joseph Solomon,,130,127,0,3,0,0,0,0,0,0,0,0,internvid;runway-jupiter,internvid;runway-jupiter,ByteDance;Runway;Stability AI,USED_BY
Daily Dose Of Laughs,Daily Dose Of Laughs,,101,101,0,0,0,0,0,0,0,0,0,0,runway-jupiter,runway-jupiter,Runway,USED_BY
Corning Museum of Glass,Corning Museum of Glass,,1235,1129,9,5,22,11,9,17,10,0,3,20,hdvg130m;hdvila100m;howto100m;internvid;koala36m;panda70m;runway-jupiter;vidgen1m;youtube8m;yttemporal-180m,hdvg130m;hdvila100m;internvid;runway-jupiter;vidgen1m;yttemporal-180m,Allen Institute for AI;Amazon;ByteDance;Meta;Nvidia;Runway;Snap;Stability AI;Tencent;University of Washington,USED_BY
AQHA Video,AQHA Video,,2217,2142,2,23,10,10,9,2,7,0,1,11,hdvg130m;hdvila100m;howto100m;internvid;koala36m;panda70m;runway-jupiter;vidgen1m;youtube8m;yttemporal-180m,hdvg130m;hdvila100m;internvid;runway-jupiter;vidgen1m;yttemporal-180m,Allen Institute for AI;Amazon;ByteDance;Meta;Nvidia;Runway;Snap;Stability AI;Tencent;University of Washington,USED_BY
America's Test Kitchen,America's Test Kitchen,,6169,2311,708,63,706,509,475,332,344,580,132,9,hdvg130m;hdvila100m;howto100m;internvid;koala36m;openvid1m;panda70m;runway-jupiter;vidgen1m;youtube8m;yttemporal-180m,hdvg130m;hdvila100m;internvid;openvid1m;runway-jupiter;vidgen1m;yttemporal-180m,Allen Institute for AI;Amazon;ByteDance;Kuaishou;Meta;Microsoft;Nvidia;Runway;Snap;Stability AI;Tencent;University of Washington,USED_BY
Komar Project,Komar Project,,117,103,0,12,1,0,0,1,0,0,0,0,howto100m;internvid;panda70m;runway-jupiter,internvid;runway-jupiter,ByteDance;Runway;Stability AI,USED_BY
ROPE WORK,ROPE WORK,,100,100,0,0,0,0,0,0,0,0,0,0,runway-jupiter,runway-jupiter,Runway,USED_BY
Screamfest,Screamfest,,328,327,0,1,0,0,0,0,0,0,0,0,internvid;runway-jupiter,internvid;runway-jupiter,ByteDance;Runway;Stability AI,USED_BY
Kay's Clay,Kay's Clay,,105,100,0,5,0,0,0,0,0,0,0,0,internvid;runway-jupiter,internvid;runway-jupiter,ByteDance;Runway;Stability AI,USED_BY
CelloDeck 첼로댁,CelloDeck 첼로댁,,215,188,0,26,0,0,0,0,0,0,0,1,internvid;runway-jupiter;youtube8m,internvid;runway-jupiter,ByteDance;Runway;Stability AI,USED_BY
Elite WalkThroughs,Elite WalkThroughs,,100,100,0,0,0,0,0,0,0,0,0,0,runway-jupiter,runway-jupiter,Runway,USED_BY
amc+,amc+,,2361,2325,0,6,0,0,0,0,0,0,0,30,internvid;runway-jupiter;youtube8m,internvid;runway-jupiter,ByteDance;Runway;Stability AI,USED_BY
YumYum얌얌,YumYum얌얌,,704,678,0,26,0,0,0,0,0,0,0,0,internvid;runway-jupiter,internvid;runway-jupiter,ByteDance;Runway;Stability AI,USED_BY
Hulu,Hulu,,2240,2218,0,19,0,0,0,0,0,0,0,3,internvid;runway-jupiter;youtube8m,internvid;runway-jupiter,ByteDance;Runway;Stability AI,USED_BY
World Curling,World Curling,,2472,2340,0,34,12,12,12,0,8,0,5,49,hdvg130m;hdvila100m;internvid;koala36m;panda70m;runway-jupiter;vidgen1m;youtube8m,hdvg130m;hdvila100m;internvid;runway-jupiter;vidgen1m,Amazon;ByteDance;Meta;Nvidia;Runway;Snap;Stability AI;Tencent,USED_BY
People Are Awesome,People Are Awesome,,2317,2165,58,34,22,22,0,0,9,0,4,3,hdvg130m;hdvila100m;internvid;panda70m;runway-jupiter;vidgen1m;youtube8m;yttemporal-180m,hdvg130m;hdvila100m;internvid;runway-jupiter;vidgen1m;yttemporal-180m,Allen Institute for AI;Amazon;ByteDance;Meta;Nvidia;Runway;Snap;Stability AI;Tencent;University of Washington,USED_BY
Sissy Spaces,Sissy Spaces,,103,103,0,0,0,0,0,0,0,0,0,0,runway-jupiter,runway-jupiter,Runway,USED_BY
321 Relaxing - Meditation Relax Clips,321 Relaxing - Meditation Relax Clips,,153,153,0,0,0,0,0,0,0,0,0,0,runway-jupiter,runway-jupiter,Runway,USED_BY
Black Mandala Films,Black Mandala Films,,98,98,0,0,0,0,0,0,0,0,0,0,runway-jupiter,runway-jupiter,Runway,USED_BY
Joel Howley,Joel Howley,,109,107,0,1,0,0,0,0,0,0,0,1,internvid;runway-jupiter;youtube8m,internvid;runway-jupiter,ByteDance;Runway;Stability AI,USED_BY
ELLE,ELLE,,3987,2314,722,60,215,212,189,5,142,48,24,56,hdvg130m;hdvila100m;howto100m;internvid;koala36m;openvid1m;panda70m;runway-jupiter;vidgen1m;youtube8m;yttemporal-180m,hdvg130m;hdvila100m;internvid;openvid1m;runway-jupiter;vidgen1m;yttemporal-180m,Allen Institute for AI;Amazon;ByteDance;Kuaishou;Meta;Microsoft;Nvidia;Runway;Snap;Stability AI;Tencent;University of Washington,USED_BY
The Ingham Family,The Ingham Family,,3707,2267,474,5,200,194,186,7,107,164,103,0,hdvg130m;hdvila100m;howto100m;internvid;koala36m;openvid1m;panda70m;runway-jupiter;vidgen1m;yttemporal-180m,hdvg130m;hdvila100m;internvid;openvid1m;runway-jupiter;vidgen1m;yttemporal-180m,Allen Institute for AI;Amazon;ByteDance;Kuaishou;Meta;Microsoft;Nvidia;Runway;Snap;Stability AI;Tencent;University of Washington,USED_BY
bigtractorpower,bigtractorpower,,3217,2056,221,69,211,211,206,10,128,8,43,54,hdvg130m;hdvila100m;howto100m;internvid;koala36m;openvid1m;panda70m;runway-jupiter;vidgen1m;youtube8m;yttemporal-180m,hdvg130m;hdvila100m;internvid;openvid1m;runway-jupiter;vidgen1m;yttemporal-180m,Allen Institute for AI;Amazon;ByteDance;Kuaishou;Meta;Microsoft;Nvidia;Runway;Snap;Stability AI;Tencent;University of Washington,USED_BY
5rova,5rova,,98,98,0,0,0,0,0,0,0,0,0,0,runway-jupiter,runway-jupiter,Runway,USED_BY
Konstantin Baum - Master of Wine,Konstantin Baum - Master of Wine,,157,138,0,19,0,0,0,0,0,0,0,0,internvid;runway-jupiter,internvid;runway-jupiter,ByteDance;Runway;Stability AI,USED_BY
Silo Entertainment,Silo Entertainment,,368,302,6,23,12,5,5,7,2,2,1,3,hdvg130m;hdvila100m;howto100m;internvid;koala36m;openvid1m;panda70m;runway-jupiter;vidgen1m;youtube8m;yttemporal-180m,hdvg130m;hdvila100m;internvid;openvid1m;runway-jupiter;vidgen1m;yttemporal-180m,Allen Institute for AI;Amazon;ByteDance;Kuaishou;Meta;Microsoft;Nvidia;Runway;Snap;Stability AI;Tencent;University of Washington,USED_BY
SVF TV “Stock Video Footage TV”,SVF TV “Stock Video Footage TV”,,461,461,0,0,0,0,0,0,0,0,0,0,runway-jupiter,runway-jupiter,Runway,USED_BY
Little Chinese Everywhere,Little Chinese Everywhere,,98,97,0,1,0,0,0,0,0,0,0,0,internvid;runway-jupiter,internvid;runway-jupiter,ByteDance;Runway;Stability AI,USED_BY
Kustorez,Kustorez,,112,112,0,0,0,0,0,0,0,0,0,0,runway-jupiter,runway-jupiter,Runway,USED_BY
COMPUTER BILD,COMPUTER BILD,,2546,2403,0,14,25,25,25,0,19,4,3,28,hdvg130m;hdvila100m;internvid;koala36m;openvid1m;panda70m;runway-jupiter;vidgen1m;youtube8m,hdvg130m;hdvila100m;internvid;openvid1m;runway-jupiter;vidgen1m,Amazon;ByteDance;Kuaishou;Meta;Microsoft;Nvidia;Runway;Snap;Stability AI;Tencent,USED_BY
Hop Hop the Owl,Hop Hop the Owl,,135,133,0,2,0,0,0,0,0,0,0,0,internvid;runway-jupiter,internvid;runway-jupiter,ByteDance;Runway;Stability AI,USED_BY
Flying with Rich,Flying with Rich,,101,101,0,0,0,0,0,0,0,0,0,0,runway-jupiter,runway-jupiter,Runway,USED_BY
Glamour,Glamour,,1789,1596,16,56,25,13,12,17,9,10,2,33,hdvg130m;hdvila100m;howto100m;internvid;koala36m;openvid1m;panda70m;runway-jupiter;vidgen1m;youtube8m;yttemporal-180m,hdvg130m;hdvila100m;internvid;openvid1m;runway-jupiter;vidgen1m;yttemporal-180m,Allen Institute for AI;Amazon;ByteDance;Kuaishou;Meta;Microsoft;Nvidia;Runway;Snap;Stability AI;Tencent;University of Washington,USED_BY
EvanEraTV,EvanEraTV,,2798,1928,234,8,136,96,91,61,63,132,49,0,hdvg130m;hdvila100m;howto100m;internvid;koala36m;openvid1m;panda70m;runway-jupiter;vidgen1m;yttemporal-180m,hdvg130m;hdvila100m;internvid;openvid1m;runway-jupiter;vidgen1m;yttemporal-180m,Allen Institute for AI;Amazon;ByteDance;Kuaishou;Meta;Microsoft;Nvidia;Runway;Snap;Stability AI;Tencent;University of Washington,USED_BY
Costantino Carrara Music,Costantino Carrara Music,,152,148,0,1,0,0,0,0,0,0,0,3,internvid;runway-jupiter;youtube8m,internvid;runway-jupiter,ByteDance;Runway;Stability AI,USED_BY
JP - Mansion Tours,JP - Mansion Tours,,125,121,0,4,0,0,0,0,0,0,0,0,internvid;runway-jupiter,internvid;runway-jupiter,ByteDance;Runway;Stability AI,USED_BY
19Bozzy92,19Bozzy92,,1825,1772,1,5,1,1,1,0,1,0,0,43,hdvg130m;hdvila100m;internvid;koala36m;panda70m;runway-jupiter;youtube8m;yttemporal-180m,hdvg130m;hdvila100m;internvid;runway-jupiter;yttemporal-180m,Allen Institute for AI;ByteDance;Meta;Nvidia;Runway;Snap;Stability AI;Tencent;University of Washington,USED_BY
IBSF Bobsleigh & Skeleton,IBSF Bobsleigh & Skeleton,,2840,2233,207,5,114,114,82,0,62,6,9,8,hdvg130m;hdvila100m;internvid;koala36m;openvid1m;panda70m;runway-jupiter;vidgen1m;youtube8m;yttemporal-180m,hdvg130m;hdvila100m;internvid;openvid1m;runway-jupiter;vidgen1m;yttemporal-180m,Allen Institute for AI;Amazon;ByteDance;Kuaishou;Meta;Microsoft;Nvidia;Runway;Snap;Stability AI;Tencent;University of Washington,USED_BY
The Deep,The Deep,,136,136,0,0,0,0,0,0,0,0,0,0,runway-jupiter,runway-jupiter,Runway,USED_BY
Insect hunting,Insect hunting,,93,93,0,0,0,0,0,0,0,0,0,0,runway-jupiter,runway-jupiter,Runway,USED_BY
MasterChef On FOX,MasterChef On FOX,,2329,1467,591,0,104,94,0,12,59,2,0,0,hdvg130m;hdvila100m;howto100m;openvid1m;panda70m;runway-jupiter;yttemporal-180m,hdvg130m;hdvila100m;openvid1m;runway-jupiter;yttemporal-180m,Allen Institute for AI;Amazon;ByteDance;Kuaishou;Meta;Microsoft;Nvidia;Runway;Snap;Tencent;University of Washington,USED_BY
Emma.Equestrian,Emma.Equestrian,,1828,1827,0,1,0,0,0,0,0,0,0,0,internvid;runway-jupiter,internvid;runway-jupiter,ByteDance;Runway;Stability AI,USED_BY
House & Home,House & Home,,3175,1052,645,21,412,282,271,225,168,52,18,29,hdvg130m;hdvila100m;howto100m;internvid;koala36m;openvid1m;panda70m;runway-jupiter;vidgen1m;youtube8m;yttemporal-180m,hdvg130m;hdvila100m;internvid;openvid1m;runway-jupiter;vidgen1m;yttemporal-180m,Allen Institute for AI;Amazon;ByteDance;Kuaishou;Meta;Microsoft;Nvidia;Runway;Snap;Stability AI;Tencent;University of Washington,USED_BY
Floret Flower Farm,Floret Flower Farm,,94,94,0,0,0,0,0,0,0,0,0,0,runway-jupiter,runway-jupiter,Runway,USED_BY
DAZN Fußball International,DAZN Fußball International,,1843,1842,0,1,0,0,0,0,0,0,0,0,internvid;runway-jupiter,internvid;runway-jupiter,ByteDance;Runway;Stability AI,USED_BY
carwow,carwow,,11311,2423,940,124,1553,1555,1495,14,1038,1804,365,0,hdvg130m;hdvila100m;howto100m;internvid;koala36m;openvid1m;panda70m;runway-jupiter;vidgen1m;yttemporal-180m,hdvg130m;hdvila100m;internvid;openvid1m;runway-jupiter;vidgen1m;yttemporal-180m,Allen Institute for AI;Amazon;ByteDance;Kuaishou;Meta;Microsoft;Nvidia;Runway;Snap;Stability AI;Tencent;University of Washington,USED_BY
Ayberk MusiC,Ayberk MusiC,,106,105,0,1,0,0,0,0,0,0,0,0,internvid;runway-jupiter,internvid;runway-jupiter,ByteDance;Runway;Stability AI,USED_BY
Fazal Sharif,Fazal Sharif,,133,132,0,1,0,0,0,0,0,0,0,0,internvid;runway-jupiter,internvid;runway-jupiter,ByteDance;Runway;Stability AI,USED_BY
Refinery29,Refinery29,,5550,2258,1106,55,515,472,451,66,328,200,83,16,hdvg130m;hdvila100m;howto100m;internvid;koala36m;openvid1m;panda70m;runway-jupiter;vidgen1m;youtube8m;yttemporal-180m,hdvg130m;hdvila100m;internvid;openvid1m;runway-jupiter;vidgen1m;yttemporal-180m,Allen Institute for AI;Amazon;ByteDance;Kuaishou;Meta;Microsoft;Nvidia;Runway;Snap;Stability AI;Tencent;University of Washington,USED_BY
Pro Motocross Championship,Pro Motocross Championship,,1861,1767,0,4,14,14,13,0,7,4,8,30,hdvg130m;hdvila100m;internvid;koala36m;openvid1m;panda70m;runway-jupiter;vidgen1m;youtube8m,hdvg130m;hdvila100m;internvid;openvid1m;runway-jupiter;vidgen1m,Amazon;ByteDance;Kuaishou;Meta;Microsoft;Nvidia;Runway;Snap;Stability AI;Tencent,USED_BY
Lackadaisy,Lackadaisy,,113,112,0,1,0,0,0,0,0,0,0,0,internvid;runway-jupiter,internvid;runway-jupiter,ByteDance;Runway;Stability AI,USED_BY
Studio McGee,Studio McGee,,756,476,110,9,41,37,34,9,19,14,7,0,hdvg130m;hdvila100m;howto100m;internvid;koala36m;openvid1m;panda70m;runway-jupiter;vidgen1m;yttemporal-180m,hdvg130m;hdvila100m;internvid;openvid1m;runway-jupiter;vidgen1m;yttemporal-180m,Allen Institute for AI;Amazon;ByteDance;Kuaishou;Meta;Microsoft;Nvidia;Runway;Snap;Stability AI;Tencent;University of Washington,USED_BY
NPR Music,NPR Music,,2459,1964,172,40,66,62,56,4,30,34,15,16,hdvg130m;hdvila100m;howto100m;internvid;koala36m;openvid1m;panda70m;runway-jupiter;vidgen1m;youtube8m;yttemporal-180m,hdvg130m;hdvila100m;internvid;openvid1m;runway-jupiter;vidgen1m;yttemporal-180m,Allen Institute for AI;Amazon;ByteDance;Kuaishou;Meta;Microsoft;Nvidia;Runway;Snap;Stability AI;Tencent;University of Washington,USED_BY
Love of Grooming,Love of Grooming,,328,130,34,3,37,32,25,37,23,0,7,0,hdvg130m;hdvila100m;howto100m;internvid;koala36m;panda70m;runway-jupiter;vidgen1m;yttemporal-180m,hdvg130m;hdvila100m;internvid;runway-jupiter;vidgen1m;yttemporal-180m,Allen Institute for AI;Amazon;ByteDance;Meta;Nvidia;Runway;Snap;Stability AI;Tencent;University of Washington,USED_BY
PLAY SPORT,PLAY SPORT,,89,89,0,0,0,0,0,0,0,0,0,0,runway-jupiter,runway-jupiter,Runway,USED_BY
Relaxing Walks,Relaxing Walks,,127,127,0,0,0,0,0,0,0,0,0,0,runway-jupiter,runway-jupiter,Runway,USED_BY
Rocket Swimming,Rocket Swimming,,120,98,6,11,1,1,1,0,1,0,1,0,hdvg130m;hdvila100m;internvid;koala36m;panda70m;runway-jupiter;vidgen1m;yttemporal-180m,hdvg130m;hdvila100m;internvid;runway-jupiter;vidgen1m;yttemporal-180m,Allen Institute for AI;Amazon;ByteDance;Meta;Nvidia;Runway;Snap;Stability AI;Tencent;University of Washington,USED_BY
4K Clips And Trailers,4K Clips And Trailers,,307,307,0,0,0,0,0,0,0,0,0,0,runway-jupiter,runway-jupiter,Runway,USED_BY
Thomas & Friends,Thomas & Friends,,1912,1805,0,9,20,19,18,1,8,0,4,28,hdvg130m;hdvila100m;howto100m;internvid;koala36m;panda70m;runway-jupiter;vidgen1m;youtube8m,hdvg130m;hdvila100m;internvid;runway-jupiter;vidgen1m,Amazon;ByteDance;Meta;Nvidia;Runway;Snap;Stability AI;Tencent,USED_BY
MindYourGames,MindYourGames,,2072,2072,0,0,0,0,0,0,0,0,0,0,runway-jupiter,runway-jupiter,Runway,USED_BY
Strong Media,Strong Media,,1499,1499,0,0,0,0,0,0,0,0,0,0,runway-jupiter,runway-jupiter,Runway,USED_BY
BikeRadar,BikeRadar,,5613,2212,976,35,564,540,491,41,367,224,94,69,hdvg130m;hdvila100m;howto100m;internvid;koala36m;openvid1m;panda70m;runway-jupiter;vidgen1m;youtube8m;yttemporal-180m,hdvg130m;hdvila100m;internvid;openvid1m;runway-jupiter;vidgen1m;yttemporal-180m,Allen Institute for AI;Amazon;ByteDance;Kuaishou;Meta;Microsoft;Nvidia;Runway;Snap;Stability AI;Tencent;University of Washington,USED_BY
Hai Anh Aerobics,Hai Anh Aerobics,,91,91,0,0,0,0,0,0,0,0,0,0,runway-jupiter,runway-jupiter,Runway,USED_BY
Disney Plus,Disney Plus,,903,900,0,3,0,0,0,0,0,0,0,0,internvid;runway-jupiter,internvid;runway-jupiter,ByteDance;Runway;Stability AI,USED_BY
Moonbug Kids - Robot Cartoons,Moonbug Kids - Robot Cartoons,,234,234,0,0,0,0,0,0,0,0,0,0,runway-jupiter,runway-jupiter,Runway,USED_BY
NOWNESS,NOWNESS,,2080,1998,4,17,7,7,6,4,4,2,2,29,hdvg130m;hdvila100m;howto100m;internvid;koala36m;openvid1m;panda70m;runway-jupiter;vidgen1m;youtube8m;yttemporal-180m,hdvg130m;hdvila100m;internvid;openvid1m;runway-jupiter;vidgen1m;yttemporal-180m,Allen Institute for AI;Amazon;ByteDance;Kuaishou;Meta;Microsoft;Nvidia;Runway;Snap;Stability AI;Tencent;University of Washington,USED_BY
Ukulele Wine Time,Ukulele Wine Time,,88,88,0,0,0,0,0,0,0,0,0,0,runway-jupiter,runway-jupiter,Runway,USED_BY
SurferToday,SurferToday,,547,525,0,9,2,2,2,0,3,0,1,3,hdvg130m;hdvila100m;internvid;koala36m;panda70m;runway-jupiter;vidgen1m;youtube8m,hdvg130m;hdvila100m;internvid;runway-jupiter;vidgen1m,Amazon;ByteDance;Meta;Nvidia;Runway;Snap;Stability AI;Tencent,USED_BY
Caroline Girvan,Caroline Girvan,,480,471,0,9,0,0,0,0,0,0,0,0,internvid;runway-jupiter,internvid;runway-jupiter,ByteDance;Runway;Stability AI,USED_BY
Voyage,Voyage,,779,736,0,40,1,1,0,0,0,0,0,1,hdvila100m;internvid;panda70m;runway-jupiter;youtube8m,hdvila100m;internvid;runway-jupiter,ByteDance;Meta;Runway;Snap;Stability AI;Tencent,USED_BY
Disney XD,Disney XD,,3398,2131,622,17,159,163,129,0,104,38,23,12,hdvg130m;hdvila100m;internvid;koala36m;openvid1m;panda70m;runway-jupiter;vidgen1m;youtube8m;yttemporal-180m,hdvg130m;hdvila100m;internvid;openvid1m;runway-jupiter;vidgen1m;yttemporal-180m,Allen Institute for AI;Amazon;ByteDance;Kuaishou;Meta;Microsoft;Nvidia;Runway;Snap;Stability AI;Tencent;University of Washington,USED_BY
Worker with hands,Worker with hands,,151,151,0,0,0,0,0,0,0,0,0,0,runway-jupiter,runway-jupiter,Runway,USED_BY
TeaserPlay,TeaserPlay,,93,92,0,1,0,0,0,0,0,0,0,0,internvid;runway-jupiter,internvid;runway-jupiter,ByteDance;Runway;Stability AI,USED_BY
MARSHALLTOWN,MARSHALLTOWN,,144,138,0,1,1,1,1,0,2,0,0,0,hdvg130m;hdvila100m;internvid;koala36m;panda70m;runway-jupiter,hdvg130m;hdvila100m;internvid;runway-jupiter,ByteDance;Meta;Nvidia;Runway;Snap;Stability AI;Tencent,USED_BY
Khelpedia ®,Khelpedia ®,,1059,1058,0,0,0,0,0,0,0,0,0,1,runway-jupiter;youtube8m,runway-jupiter,Runway,USED_BY
Filmsupply,Filmsupply,,103,103,0,0,0,0,0,0,0,0,0,0,runway-jupiter,runway-jupiter,Runway,USED_BY
GOBELINS Paris,GOBELINS Paris,,551,541,0,5,1,1,1,0,1,0,0,1,hdvg130m;hdvila100m;internvid;koala36m;panda70m;runway-jupiter;youtube8m,hdvg130m;hdvila100m;internvid;runway-jupiter,ByteDance;Meta;Nvidia;Runway;Snap;Stability AI;Tencent,USED_BY
Titi Toys and Dolls,Titi Toys and Dolls,,2422,872,507,32,196,147,140,68,101,282,77,0,hdvg130m;hdvila100m;howto100m;internvid;koala36m;openvid1m;panda70m;runway-jupiter;vidgen1m;yttemporal-180m,hdvg130m;hdvila100m;internvid;openvid1m;runway-jupiter;vidgen1m;yttemporal-180m,Allen Institute for AI;Amazon;ByteDance;Kuaishou;Meta;Microsoft;Nvidia;Runway;Snap;Stability AI;Tencent;University of Washington,USED_BY
Airsoft Alfonse,Airsoft Alfonse,,153,143,0,10,0,0,0,0,0,0,0,0,internvid;runway-jupiter,internvid;runway-jupiter,ByteDance;Runway;Stability AI,USED_BY
Random Things,Random Things,,174,161,0,11,1,0,0,1,0,0,0,0,howto100m;internvid;panda70m;runway-jupiter,internvid;runway-jupiter,ByteDance;Runway;Stability AI,USED_BY
ErikTheElectric,ErikTheElectric,,2532,903,523,11,248,236,228,18,158,130,74,3,hdvg130m;hdvila100m;howto100m;internvid;koala36m;openvid1m;panda70m;runway-jupiter;vidgen1m;youtube8m;yttemporal-180m,hdvg130m;hdvila100m;internvid;openvid1m;runway-jupiter;vidgen1m;yttemporal-180m,Allen Institute for AI;Amazon;ByteDance;Kuaishou;Meta;Microsoft;Nvidia;Runway;Snap;Stability AI;Tencent;University of Washington,USED_BY
Big Muscles,Big Muscles,,89,86,0,3,0,0,0,0,0,0,0,0,internvid;runway-jupiter,internvid;runway-jupiter,ByteDance;Runway;Stability AI,USED_BY
SpeedoInternational,SpeedoInternational,,380,339,2,25,3,1,1,2,0,0,0,7,hdvila100m;howto100m;internvid;koala36m;panda70m;runway-jupiter;youtube8m;yttemporal-180m,hdvila100m;internvid;runway-jupiter;yttemporal-180m,Allen Institute for AI;ByteDance;Meta;Runway;Snap;Stability AI;Tencent;University of Washington,USED_BY
99Techspot,99Techspot,,87,86,0,1,0,0,0,0,0,0,0,0,internvid;runway-jupiter,internvid;runway-jupiter,ByteDance;Runway;Stability AI,USED_BY
Wood Mood,Wood Mood,,2261,2241,0,20,0,0,0,0,0,0,0,0,internvid;runway-jupiter,internvid;runway-jupiter,ByteDance;Runway;Stability AI,USED_BY
Cali Condor,Cali Condor,,1749,1748,0,1,0,0,0,0,0,0,0,0,internvid;runway-jupiter,internvid;runway-jupiter,ByteDance;Runway;Stability AI,USED_BY
Rare Earth,Rare Earth,,184,172,0,4,3,0,0,3,0,2,0,0,howto100m;internvid;openvid1m;panda70m;runway-jupiter,internvid;openvid1m;runway-jupiter,Amazon;ByteDance;Kuaishou;Microsoft;Nvidia;Runway;Stability AI,USED_BY
1320video,1320video,,4473,2058,462,22,461,450,436,22,299,110,120,33,hdvg130m;hdvila100m;howto100m;internvid;koala36m;openvid1m;panda70m;runway-jupiter;vidgen1m;youtube8m;yttemporal-180m,hdvg130m;hdvila100m;internvid;openvid1m;runway-jupiter;vidgen1m;yttemporal-180m,Allen Institute for AI;Amazon;ByteDance;Kuaishou;Meta;Microsoft;Nvidia;Runway;Snap;Stability AI;Tencent;University of Washington,USED_BY
PeterBjorck,PeterBjorck,,140,129,0,6,0,0,0,0,0,0,0,5,internvid;runway-jupiter;youtube8m,internvid;runway-jupiter,ByteDance;Runway;Stability AI,USED_BY
Essen Recipes,Essen Recipes,,411,390,0,21,0,0,0,0,0,0,0,0,internvid;runway-jupiter,internvid;runway-jupiter,ByteDance;Runway;Stability AI,USED_BY
blue hippo films,blue hippo films,,1528,1518,0,10,0,0,0,0,0,0,0,0,internvid;runway-jupiter,internvid;runway-jupiter,ByteDance;Runway;Stability AI,USED_BY
Emily Noel,Emily Noel,,2662,1943,292,4,108,93,92,19,55,2,23,31,hdvg130m;hdvila100m;howto100m;internvid;koala36m;openvid1m;panda70m;runway-jupiter;vidgen1m;youtube8m;yttemporal-180m,hdvg130m;hdvila100m;internvid;openvid1m;runway-jupiter;vidgen1m;yttemporal-180m,Allen Institute for AI;Amazon;ByteDance;Kuaishou;Meta;Microsoft;Nvidia;Runway;Snap;Stability AI;Tencent;University of Washington,USED_BY
Art Theory,Art Theory,,88,84,0,4,0,0,0,0,0,0,0,0,internvid;runway-jupiter,internvid;runway-jupiter,ByteDance;Runway;Stability AI,USED_BY
Adam Ondra,Adam Ondra,,431,209,61,8,32,32,30,0,24,18,17,0,hdvg130m;hdvila100m;internvid;koala36m;openvid1m;panda70m;runway-jupiter;vidgen1m;yttemporal-180m,hdvg130m;hdvila100m;internvid;openvid1m;runway-jupiter;vidgen1m;yttemporal-180m,Allen Institute for AI;Amazon;ByteDance;Kuaishou;Meta;Microsoft;Nvidia;Runway;Snap;Stability AI;Tencent;University of Washington,USED_BY
HP DIY Farming,HP DIY Farming,,83,83,0,0,0,0,0,0,0,0,0,0,runway-jupiter,runway-jupiter,Runway,USED_BY
Outperform,Outperform,,136,109,0,27,0,0,0,0,0,0,0,0,internvid;runway-jupiter,internvid;runway-jupiter,ByteDance;Runway;Stability AI,USED_BY
Vlad and Niki,Vlad and Niki,,838,608,1,227,1,0,0,1,0,0,0,0,howto100m;internvid;panda70m;runway-jupiter;yttemporal-180m,internvid;runway-jupiter;yttemporal-180m,Allen Institute for AI;ByteDance;Runway;Stability AI;University of Washington,USED_BY
GTX 1050 Ti,GTX 1050 Ti,,1640,1639,0,0,0,0,0,0,0,0,0,1,runway-jupiter;youtube8m,runway-jupiter,Runway,USED_BY
Metallica,Metallica,,1753,1571,97,25,15,14,14,1,3,2,3,8,hdvg130m;hdvila100m;howto100m;internvid;koala36m;openvid1m;panda70m;runway-jupiter;vidgen1m;youtube8m;yttemporal-180m,hdvg130m;hdvila100m;internvid;openvid1m;runway-jupiter;vidgen1m;yttemporal-180m,Allen Institute for AI;Amazon;ByteDance;Kuaishou;Meta;Microsoft;Nvidia;Runway;Snap;Stability AI;Tencent;University of Washington,USED_BY
Amazing Scenic Drives,Amazing Scenic Drives,,172,172,0,0,0,0,0,0,0,0,0,0,runway-jupiter,runway-jupiter,Runway,USED_BY
Bobby White,Bobby White,,93,83,0,10,0,0,0,0,0,0,0,0,internvid;runway-jupiter,internvid;runway-jupiter,ByteDance;Runway;Stability AI,USED_BY
The Sims,The Sims,,356,320,0,6,6,4,4,3,3,2,0,8,hdvg130m;hdvila100m;howto100m;internvid;koala36m;openvid1m;panda70m;runway-jupiter;youtube8m,hdvg130m;hdvila100m;internvid;openvid1m;runway-jupiter,Amazon;ByteDance;Kuaishou;Meta;Microsoft;Nvidia;Runway;Snap;Stability AI;Tencent,USED_BY
EpicTV Climbing Daily,EpicTV Climbing Daily,,4210,1904,672,40,368,367,363,5,235,142,96,18,hdvg130m;hdvila100m;howto100m;internvid;koala36m;openvid1m;panda70m;runway-jupiter;vidgen1m;youtube8m;yttemporal-180m,hdvg130m;hdvila100m;internvid;openvid1m;runway-jupiter;vidgen1m;yttemporal-180m,Allen Institute for AI;Amazon;ByteDance;Kuaishou;Meta;Microsoft;Nvidia;Runway;Snap;Stability AI;Tencent;University of Washington,USED_BY
Martijn Doolaard,Martijn Doolaard,,96,94,0,2,0,0,0,0,0,0,0,0,internvid;runway-jupiter,internvid;runway-jupiter,ByteDance;Runway;Stability AI,USED_BY
Claws,Claws,,204,193,0,9,0,0,0,0,0,0,0,2,internvid;runway-jupiter;youtube8m,internvid;runway-jupiter,ByteDance;Runway;Stability AI,USED_BY
Jake Frew,Jake Frew,,84,82,0,2,0,0,0,0,0,0,0,0,internvid;runway-jupiter,internvid;runway-jupiter,ByteDance;Runway;Stability AI,USED_BY
Soft White Underbelly,Soft White Underbelly,,1434,1432,0,2,0,0,0,0,0,0,0,0,internvid;runway-jupiter,internvid;runway-jupiter,ByteDance;Runway;Stability AI,USED_BY
Kerala Tourism,Kerala Tourism,,1924,1900,0,7,1,0,0,1,0,0,0,15,howto100m;internvid;panda70m;runway-jupiter;youtube8m,internvid;runway-jupiter,ByteDance;Runway;Stability AI,USED_BY
TheBruSho,TheBruSho,,128,110,0,18,0,0,0,0,0,0,0,0,internvid;runway-jupiter,internvid;runway-jupiter,ByteDance;Runway;Stability AI,USED_BY
TheOdd1sOut,TheOdd1sOut,,542,135,43,19,82,79,71,31,55,2,23,2,hdvg130m;hdvila100m;howto100m;internvid;koala36m;openvid1m;panda70m;runway-jupiter;vidgen1m;youtube8m;yttemporal-180m,hdvg130m;hdvila100m;internvid;openvid1m;runway-jupiter;vidgen1m;yttemporal-180m,Allen Institute for AI;Amazon;ByteDance;Kuaishou;Meta;Microsoft;Nvidia;Runway;Snap;Stability AI;Tencent;University of Washington,USED_BY
DVDFilmBonus,DVDFilmBonus,,119,119,0,0,0,0,0,0,0,0,0,0,runway-jupiter,runway-jupiter,Runway,USED_BY
Netflix After School,Netflix After School,,2160,1945,83,31,24,24,23,0,17,12,1,0,hdvg130m;hdvila100m;internvid;koala36m;openvid1m;panda70m;runway-jupiter;vidgen1m;yttemporal-180m,hdvg130m;hdvila100m;internvid;openvid1m;runway-jupiter;vidgen1m;yttemporal-180m,Allen Institute for AI;Amazon;ByteDance;Kuaishou;Meta;Microsoft;Nvidia;Runway;Snap;Stability AI;Tencent;University of Washington,USED_BY
腾讯视频 - 纪录片 - Get the WeTV APP,腾讯视频 - 纪录片 - Get the WeTV APP,,1570,1556,0,14,0,0,0,0,0,0,0,0,internvid;runway-jupiter,internvid;runway-jupiter,ByteDance;Runway;Stability AI,USED_BY
Troom Troom SELECT,Troom Troom SELECT,,3819,1698,665,42,318,288,281,58,215,136,118,0,hdvg130m;hdvila100m;howto100m;internvid;koala36m;openvid1m;panda70m;runway-jupiter;vidgen1m;yttemporal-180m,hdvg130m;hdvila100m;internvid;openvid1m;runway-jupiter;vidgen1m;yttemporal-180m,Allen Institute for AI;Amazon;ByteDance;Kuaishou;Meta;Microsoft;Nvidia;Runway;Snap;Stability AI;Tencent;University of Washington,USED_BY
Lionsgate Movies,Lionsgate Movies,,1687,1652,1,26,1,1,1,0,0,0,0,5,hdvila100m;internvid;koala36m;panda70m;runway-jupiter;youtube8m;yttemporal-180m,hdvila100m;internvid;runway-jupiter;yttemporal-180m,Allen Institute for AI;ByteDance;Meta;Runway;Snap;Stability AI;Tencent;University of Washington,USED_BY
Universal Pictures,Universal Pictures,,1853,1637,45,92,14,14,13,0,13,6,3,16,hdvg130m;hdvila100m;internvid;koala36m;openvid1m;panda70m;runway-jupiter;vidgen1m;youtube8m;yttemporal-180m,hdvg130m;hdvila100m;internvid;openvid1m;runway-jupiter;vidgen1m;yttemporal-180m,Allen Institute for AI;Amazon;ByteDance;Kuaishou;Meta;Microsoft;Nvidia;Runway;Snap;Stability AI;Tencent;University of Washington,USED_BY
MCN - Motorcyclenews.com,MCN - Motorcyclenews.com,,1995,1884,18,2,0,0,0,0,0,0,0,91,internvid;runway-jupiter;youtube8m;yttemporal-180m,internvid;runway-jupiter;yttemporal-180m,Allen Institute for AI;ByteDance;Runway;Stability AI;University of Washington,USED_BY
eHowSports,eHowSports,,5269,2292,905,59,541,457,439,120,294,44,44,74,hdvg130m;hdvila100m;howto100m;internvid;koala36m;openvid1m;panda70m;runway-jupiter;vidgen1m;youtube8m;yttemporal-180m,hdvg130m;hdvila100m;internvid;openvid1m;runway-jupiter;vidgen1m;yttemporal-180m,Allen Institute for AI;Amazon;ByteDance;Kuaishou;Meta;Microsoft;Nvidia;Runway;Snap;Stability AI;Tencent;University of Washington,USED_BY
Delack Media Group,Delack Media Group,,245,241,0,0,0,0,0,0,0,0,0,4,runway-jupiter;youtube8m,runway-jupiter,Runway,USED_BY
Self Defense Tutorials,Self Defense Tutorials,,127,121,1,3,1,0,0,1,0,0,0,0,howto100m;internvid;panda70m;runway-jupiter;yttemporal-180m,internvid;runway-jupiter;yttemporal-180m,Allen Institute for AI;ByteDance;Runway;Stability AI;University of Washington,USED_BY
Cake Cake,Cake Cake,,923,919,0,4,0,0,0,0,0,0,0,0,internvid;runway-jupiter,internvid;runway-jupiter,ByteDance;Runway;Stability AI,USED_BY
The Walking Dead,The Walking Dead,,2542,1872,433,0,70,71,0,0,47,24,0,25,hdvg130m;hdvila100m;openvid1m;panda70m;runway-jupiter;youtube8m;yttemporal-180m,hdvg130m;hdvila100m;openvid1m;runway-jupiter;yttemporal-180m,Allen Institute for AI;Amazon;ByteDance;Kuaishou;Meta;Microsoft;Nvidia;Runway;Snap;Tencent;University of Washington,USED_BY
Columbia University Irving Medical Center,Columbia University Irving Medical Center,,134,129,0,5,0,0,0,0,0,0,0,0,internvid;runway-jupiter,internvid;runway-jupiter,ByteDance;Runway;Stability AI,USED_BY
Foxes - Raw & Wild,Foxes - Raw & Wild,,342,342,0,0,0,0,0,0,0,0,0,0,runway-jupiter,runway-jupiter,Runway,USED_BY
FreeDawkins,FreeDawkins,,1486,1467,1,15,1,1,1,0,0,0,0,0,hdvila100m;internvid;koala36m;panda70m;runway-jupiter;yttemporal-180m,hdvila100m;internvid;runway-jupiter;yttemporal-180m,Allen Institute for AI;ByteDance;Meta;Runway;Snap;Stability AI;Tencent;University of Washington,USED_BY
Greyhound Racing,Greyhound Racing,,1946,1946,0,0,0,0,0,0,0,0,0,0,runway-jupiter,runway-jupiter,Runway,USED_BY
Abroad and Hungry,Abroad and Hungry,,80,78,0,2,0,0,0,0,0,0,0,0,internvid;runway-jupiter,internvid;runway-jupiter,ByteDance;Runway;Stability AI,USED_BY
Camp Lakebottom - 9 Story,Camp Lakebottom - 9 Story,,491,485,0,6,0,0,0,0,0,0,0,0,internvid;runway-jupiter,internvid;runway-jupiter,ByteDance;Runway;Stability AI,USED_BY
Ride with Clara,Ride with Clara,,98,98,0,0,0,0,0,0,0,0,0,0,runway-jupiter,runway-jupiter,Runway,USED_BY
Regular Show,Regular Show,,77,77,0,0,0,0,0,0,0,0,0,0,runway-jupiter,runway-jupiter,Runway,USED_BY
Netflix Anime,Netflix Anime,,1446,1414,0,32,0,0,0,0,0,0,0,0,internvid;runway-jupiter,internvid;runway-jupiter,ByteDance;Runway;Stability AI,USED_BY
Lost Lakes,Lost Lakes,,140,138,0,2,0,0,0,0,0,0,0,0,internvid;runway-jupiter,internvid;runway-jupiter,ByteDance;Runway;Stability AI,USED_BY
NASA Goddard,NASA Goddard,,4127,1805,472,21,462,460,391,4,284,94,82,52,hdvg130m;hdvila100m;howto100m;internvid;koala36m;openvid1m;panda70m;runway-jupiter;vidgen1m;youtube8m;yttemporal-180m,hdvg130m;hdvila100m;internvid;openvid1m;runway-jupiter;vidgen1m;yttemporal-180m,Allen Institute for AI;Amazon;ByteDance;Kuaishou;Meta;Microsoft;Nvidia;Runway;Snap;Stability AI;Tencent;University of Washington,USED_BY
Squat University,Squat University,,1861,1721,0,138,1,0,0,1,0,0,0,0,howto100m;internvid;panda70m;runway-jupiter,internvid;runway-jupiter,ByteDance;Runway;Stability AI,USED_BY
Psychedelic Zen,Psychedelic Zen,,254,254,0,0,0,0,0,0,0,0,0,0,runway-jupiter,runway-jupiter,Runway,USED_BY
Cinderella Sew,Cinderella Sew,,472,158,70,4,86,22,21,85,20,0,4,2,hdvg130m;hdvila100m;howto100m;internvid;koala36m;panda70m;runway-jupiter;vidgen1m;youtube8m;yttemporal-180m,hdvg130m;hdvila100m;internvid;runway-jupiter;vidgen1m;yttemporal-180m,Allen Institute for AI;Amazon;ByteDance;Meta;Nvidia;Runway;Snap;Stability AI;Tencent;University of Washington,USED_BY
TUK Crafts,TUK Crafts,,157,146,0,5,1,0,0,1,0,0,0,4,howto100m;internvid;panda70m;runway-jupiter;youtube8m,internvid;runway-jupiter,ByteDance;Runway;Stability AI,USED_BY
Nikolai Schirmer,Nikolai Schirmer,,76,75,0,1,0,0,0,0,0,0,0,0,internvid;runway-jupiter,internvid;runway-jupiter,ByteDance;Runway;Stability AI,USED_BY
Peaceful Relaxation 4K,Peaceful Relaxation 4K,,75,75,0,0,0,0,0,0,0,0,0,0,runway-jupiter,runway-jupiter,Runway,USED_BY
Beauty of Science,Beauty of Science,,76,76,0,0,0,0,0,0,0,0,0,0,runway-jupiter,runway-jupiter,Runway,USED_BY
목공TV,목공TV,,93,76,0,17,0,0,0,0,0,0,0,0,internvid;runway-jupiter,internvid;runway-jupiter,ByteDance;Runway;Stability AI,USED_BY
Call of Duty,Call of Duty,,1511,1407,11,12,14,14,10,0,16,2,0,25,hdvg130m;hdvila100m;internvid;koala36m;openvid1m;panda70m;runway-jupiter;youtube8m;yttemporal-180m,hdvg130m;hdvila100m;internvid;openvid1m;runway-jupiter;yttemporal-180m,Allen Institute for AI;Amazon;ByteDance;Kuaishou;Meta;Microsoft;Nvidia;Runway;Snap;Stability AI;Tencent;University of Washington,USED_BY
Munchies,Munchies,,3829,1516,578,46,449,182,173,361,111,354,46,13,hdvg130m;hdvila100m;howto100m;internvid;koala36m;openvid1m;panda70m;runway-jupiter;vidgen1m;youtube8m;yttemporal-180m,hdvg130m;hdvila100m;internvid;openvid1m;runway-jupiter;vidgen1m;yttemporal-180m,Allen Institute for AI;Amazon;ByteDance;Kuaishou;Meta;Microsoft;Nvidia;Runway;Snap;Stability AI;Tencent;University of Washington,USED_BY
The Cincinnati Zoo & Botanical Garden,The Cincinnati Zoo & Botanical Garden,,5568,1890,388,0,853,854,806,3,541,74,146,13,hdvg130m;hdvila100m;howto100m;koala36m;openvid1m;panda70m;runway-jupiter;vidgen1m;youtube8m;yttemporal-180m,hdvg130m;hdvila100m;openvid1m;runway-jupiter;vidgen1m;yttemporal-180m,Allen Institute for AI;Amazon;ByteDance;Kuaishou;Meta;Microsoft;Nvidia;Runway;Snap;Tencent;University of Washington,USED_BY
Disc Golf Pro Tour,Disc Golf Pro Tour,,1983,1774,52,47,31,31,30,0,16,2,0,0,hdvg130m;hdvila100m;internvid;koala36m;openvid1m;panda70m;runway-jupiter;yttemporal-180m,hdvg130m;hdvila100m;internvid;openvid1m;runway-jupiter;yttemporal-180m,Allen Institute for AI;Amazon;ByteDance;Kuaishou;Meta;Microsoft;Nvidia;Runway;Snap;Stability AI;Tencent;University of Washington,USED_BY
Playing For Change,Playing For Change,,495,414,0,63,3,0,0,3,0,0,0,12,howto100m;internvid;panda70m;runway-jupiter;youtube8m,internvid;runway-jupiter,ByteDance;Runway;Stability AI,USED_BY
Unicycle.com (UK),Unicycle.com (UK),,148,121,4,1,6,3,3,6,1,0,1,2,hdvg130m;hdvila100m;howto100m;internvid;koala36m;panda70m;runway-jupiter;vidgen1m;youtube8m;yttemporal-180m,hdvg130m;hdvila100m;internvid;runway-jupiter;vidgen1m;yttemporal-180m,Allen Institute for AI;Amazon;ByteDance;Meta;Nvidia;Runway;Snap;Stability AI;Tencent;University of Washington,USED_BY
滇西小哥 Dianxi Xiaoge,滇西小哥 Dianxi Xiaoge,,596,417,34,110,6,6,6,0,4,10,3,0,hdvg130m;hdvila100m;internvid;koala36m;openvid1m;panda70m;runway-jupiter;vidgen1m;yttemporal-180m,hdvg130m;hdvila100m;internvid;openvid1m;runway-jupiter;vidgen1m;yttemporal-180m,Allen Institute for AI;Amazon;ByteDance;Kuaishou;Meta;Microsoft;Nvidia;Runway;Snap;Stability AI;Tencent;University of Washington,USED_BY
Harper's BAZAAR,Harper's BAZAAR,,1577,1516,5,16,10,3,3,8,4,6,1,5,hdvg130m;hdvila100m;howto100m;internvid;koala36m;openvid1m;panda70m;runway-jupiter;vidgen1m;youtube8m;yttemporal-180m,hdvg130m;hdvila100m;internvid;openvid1m;runway-jupiter;vidgen1m;yttemporal-180m,Allen Institute for AI;Amazon;ByteDance;Kuaishou;Meta;Microsoft;Nvidia;Runway;Snap;Stability AI;Tencent;University of Washington,USED_BY
Adam LZ,Adam LZ,,5024,1616,712,6,558,553,542,15,356,358,294,14,hdvg130m;hdvila100m;howto100m;internvid;koala36m;openvid1m;panda70m;runway-jupiter;vidgen1m;youtube8m;yttemporal-180m,hdvg130m;hdvila100m;internvid;openvid1m;runway-jupiter;vidgen1m;yttemporal-180m,Allen Institute for AI;Amazon;ByteDance;Kuaishou;Meta;Microsoft;Nvidia;Runway;Snap;Stability AI;Tencent;University of Washington,USED_BY
10GALLEN81,10GALLEN81,,1707,1692,0,15,0,0,0,0,0,0,0,0,internvid;runway-jupiter,internvid;runway-jupiter,ByteDance;Runway;Stability AI,USED_BY
Doughnuts,Doughnuts,,1768,1768,0,0,0,0,0,0,0,0,0,0,runway-jupiter,runway-jupiter,Runway,USED_BY
NSSF—The Firearm Industry Trade Association,NSSF—The Firearm Industry Trade Association,,749,577,12,56,23,15,14,15,12,6,3,16,hdvg130m;hdvila100m;howto100m;internvid;koala36m;openvid1m;panda70m;runway-jupiter;vidgen1m;youtube8m;yttemporal-180m,hdvg130m;hdvila100m;internvid;openvid1m;runway-jupiter;vidgen1m;yttemporal-180m,Allen Institute for AI;Amazon;ByteDance;Kuaishou;Meta;Microsoft;Nvidia;Runway;Snap;Stability AI;Tencent;University of Washington,USED_BY
vkgoeswild,vkgoeswild,,900,802,10,1,7,7,6,0,5,0,1,61,hdvg130m;hdvila100m;internvid;koala36m;panda70m;runway-jupiter;vidgen1m;youtube8m;yttemporal-180m,hdvg130m;hdvila100m;internvid;runway-jupiter;vidgen1m;yttemporal-180m,Allen Institute for AI;Amazon;ByteDance;Meta;Nvidia;Runway;Snap;Stability AI;Tencent;University of Washington,USED_BY
WaxFraud,WaxFraud,,405,405,0,0,0,0,0,0,0,0,0,0,runway-jupiter,runway-jupiter,Runway,USED_BY
Bricksane,Bricksane,,88,88,0,0,0,0,0,0,0,0,0,0,runway-jupiter,runway-jupiter,Runway,USED_BY
AMPISOUND,AMPISOUND,,129,107,0,19,0,0,0,0,0,0,0,3,internvid;runway-jupiter;youtube8m,internvid;runway-jupiter,ByteDance;Runway;Stability AI,USED_BY
Eater,Eater,,4133,1737,585,97,456,247,218,295,163,290,32,13,hdvg130m;hdvila100m;howto100m;internvid;koala36m;openvid1m;panda70m;runway-jupiter;vidgen1m;youtube8m;yttemporal-180m,hdvg130m;hdvila100m;internvid;openvid1m;runway-jupiter;vidgen1m;yttemporal-180m,Allen Institute for AI;Amazon;ByteDance;Kuaishou;Meta;Microsoft;Nvidia;Runway;Snap;Stability AI;Tencent;University of Washington,USED_BY
CWSA,CWSA,,1497,1497,0,0,0,0,0,0,0,0,0,0,runway-jupiter,runway-jupiter,Runway,USED_BY
ARRIChannel,ARRIChannel,,934,891,0,4,7,7,7,0,5,0,1,12,hdvg130m;hdvila100m;internvid;koala36m;panda70m;runway-jupiter;vidgen1m;youtube8m,hdvg130m;hdvila100m;internvid;runway-jupiter;vidgen1m,Amazon;ByteDance;Meta;Nvidia;Runway;Snap;Stability AI;Tencent,USED_BY
London Symphony Orchestra,London Symphony Orchestra,,713,704,0,0,0,0,0,0,0,0,0,9,runway-jupiter;youtube8m,runway-jupiter,Runway,USED_BY
Clarence,Clarence,,84,72,1,8,1,0,0,1,0,0,0,1,howto100m;internvid;panda70m;runway-jupiter;youtube8m;yttemporal-180m,internvid;runway-jupiter;yttemporal-180m,Allen Institute for AI;ByteDance;Runway;Stability AI;University of Washington,USED_BY
Allie Sherlock,Allie Sherlock,,1265,1203,40,18,1,1,1,0,0,0,1,0,hdvila100m;internvid;koala36m;panda70m;runway-jupiter;vidgen1m;yttemporal-180m,hdvila100m;internvid;runway-jupiter;vidgen1m;yttemporal-180m,Allen Institute for AI;Amazon;ByteDance;Meta;Nvidia;Runway;Snap;Stability AI;Tencent;University of Washington,USED_BY
The Waterski Broadcasting Company,The Waterski Broadcasting Company,,1510,1495,0,1,2,2,2,0,0,0,0,8,hdvila100m;internvid;koala36m;panda70m;runway-jupiter;youtube8m,hdvila100m;internvid;runway-jupiter,ByteDance;Meta;Runway;Snap;Stability AI;Tencent,USED_BY
Tim Milgram,Tim Milgram,,413,306,43,3,16,16,14,0,11,2,0,2,hdvg130m;hdvila100m;internvid;koala36m;openvid1m;panda70m;runway-jupiter;youtube8m;yttemporal-180m,hdvg130m;hdvila100m;internvid;openvid1m;runway-jupiter;yttemporal-180m,Allen Institute for AI;Amazon;ByteDance;Kuaishou;Meta;Microsoft;Nvidia;Runway;Snap;Stability AI;Tencent;University of Washington,USED_BY
Wild Kratts - 9 Story,Wild Kratts - 9 Story,,1602,662,192,1,178,178,173,0,122,0,95,1,hdvg130m;hdvila100m;internvid;koala36m;panda70m;runway-jupiter;vidgen1m;youtube8m;yttemporal-180m,hdvg130m;hdvila100m;internvid;runway-jupiter;vidgen1m;yttemporal-180m,Allen Institute for AI;Amazon;ByteDance;Meta;Nvidia;Runway;Snap;Stability AI;Tencent;University of Washington,USED_BY
iLL Flow,iLL Flow,,1536,1491,0,0,0,0,0,0,0,0,0,45,runway-jupiter;youtube8m,runway-jupiter,Runway,USED_BY
DisneyMusicVEVO,DisneyMusicVEVO,,2090,1777,63,185,16,10,7,6,8,4,1,13,hdvg130m;hdvila100m;howto100m;internvid;koala36m;openvid1m;panda70m;runway-jupiter;vidgen1m;youtube8m;yttemporal-180m,hdvg130m;hdvila100m;internvid;openvid1m;runway-jupiter;vidgen1m;yttemporal-180m,Allen Institute for AI;Amazon;ByteDance;Kuaishou;Meta;Microsoft;Nvidia;Runway;Snap;Stability AI;Tencent;University of Washington,USED_BY
Sơn Thôn,Sơn Thôn,,83,75,0,8,0,0,0,0,0,0,0,0,internvid;runway-jupiter,internvid;runway-jupiter,ByteDance;Runway;Stability AI,USED_BY
Erik Aanderaa,Erik Aanderaa,,71,70,0,1,0,0,0,0,0,0,0,0,internvid;runway-jupiter,internvid;runway-jupiter,ByteDance;Runway;Stability AI,USED_BY
Focus Features,Focus Features,,1370,1339,0,19,0,0,0,0,0,0,0,12,internvid;runway-jupiter;youtube8m,internvid;runway-jupiter,ByteDance;Runway;Stability AI,USED_BY
HYBE LABELS,HYBE LABELS,,1769,1388,2,161,58,57,37,3,35,12,12,4,hdvg130m;hdvila100m;howto100m;internvid;koala36m;openvid1m;panda70m;runway-jupiter;vidgen1m;youtube8m;yttemporal-180m,hdvg130m;hdvila100m;internvid;openvid1m;runway-jupiter;vidgen1m;yttemporal-180m,Allen Institute for AI;Amazon;ByteDance;Kuaishou;Meta;Microsoft;Nvidia;Runway;Snap;Stability AI;Tencent;University of Washington,USED_BY
Irgendwas mit ARTE und Kultur,Irgendwas mit ARTE und Kultur,,1216,1205,0,11,0,0,0,0,0,0,0,0,internvid;runway-jupiter,internvid;runway-jupiter,ByteDance;Runway;Stability AI,USED_BY
College Bound Jocks,College Bound Jocks,,1712,1710,0,0,0,0,0,0,0,0,0,2,runway-jupiter;youtube8m,runway-jupiter,Runway,USED_BY
GDK Stock Video,GDK Stock Video,,1356,1356,0,0,0,0,0,0,0,0,0,0,runway-jupiter,runway-jupiter,Runway,USED_BY
ARTEde,ARTEde,,1421,1409,0,12,0,0,0,0,0,0,0,0,internvid;runway-jupiter,internvid;runway-jupiter,ByteDance;Runway;Stability AI,USED_BY
Tomorrowland,Tomorrowland,,1618,1599,3,1,1,1,1,0,1,0,0,11,hdvg130m;hdvila100m;internvid;koala36m;panda70m;runway-jupiter;youtube8m;yttemporal-180m,hdvg130m;hdvila100m;internvid;runway-jupiter;yttemporal-180m,Allen Institute for AI;ByteDance;Meta;Nvidia;Runway;Snap;Stability AI;Tencent;University of Washington,USED_BY
UNTRODDEN WORLD,UNTRODDEN WORLD,,1485,1485,0,0,0,0,0,0,0,0,0,0,runway-jupiter,runway-jupiter,Runway,USED_BY
Everyday Food,Everyday Food,,5741,1809,1226,55,543,543,523,0,360,374,184,124,hdvg130m;hdvila100m;internvid;koala36m;openvid1m;panda70m;runway-jupiter;vidgen1m;youtube8m;yttemporal-180m,hdvg130m;hdvila100m;internvid;openvid1m;runway-jupiter;vidgen1m;yttemporal-180m,Allen Institute for AI;Amazon;ByteDance;Kuaishou;Meta;Microsoft;Nvidia;Runway;Snap;Stability AI;Tencent;University of Washington,USED_BY
Aerial Earth 🌎,Aerial Earth 🌎,,73,73,0,0,0,0,0,0,0,0,0,0,runway-jupiter,runway-jupiter,Runway,USED_BY
Her 86m2,Her 86m2,,159,132,0,27,0,0,0,0,0,0,0,0,internvid;runway-jupiter,internvid;runway-jupiter,ByteDance;Runway;Stability AI,USED_BY
FunForLouis,FunForLouis,,4627,1776,1189,5,356,349,335,9,219,194,188,7,hdvg130m;hdvila100m;howto100m;internvid;koala36m;openvid1m;panda70m;runway-jupiter;vidgen1m;youtube8m;yttemporal-180m,hdvg130m;hdvila100m;internvid;openvid1m;runway-jupiter;vidgen1m;yttemporal-180m,Allen Institute for AI;Amazon;ByteDance;Kuaishou;Meta;Microsoft;Nvidia;Runway;Snap;Stability AI;Tencent;University of Washington,USED_BY
SAM THE COOKING GUY,SAM THE COOKING GUY,,4095,1554,653,39,504,224,215,410,150,238,108,0,hdvg130m;hdvila100m;howto100m;internvid;koala36m;openvid1m;panda70m;runway-jupiter;vidgen1m;yttemporal-180m,hdvg130m;hdvila100m;internvid;openvid1m;runway-jupiter;vidgen1m;yttemporal-180m,Allen Institute for AI;Amazon;ByteDance;Kuaishou;Meta;Microsoft;Nvidia;Runway;Snap;Stability AI;Tencent;University of Washington,USED_BY
相信音樂BinMusic,相信音樂BinMusic,,1964,1760,0,172,0,0,0,0,0,0,0,32,internvid;runway-jupiter;youtube8m,internvid;runway-jupiter,ByteDance;Runway;Stability AI,USED_BY
HCL Poker Clips,HCL Poker Clips,,1305,1300,0,5,0,0,0,0,0,0,0,0,internvid;runway-jupiter,internvid;runway-jupiter,ByteDance;Runway;Stability AI,USED_BY
NewYork-Presbyterian Hospital,NewYork-Presbyterian Hospital,,985,966,0,12,0,0,0,0,0,0,0,7,internvid;runway-jupiter;youtube8m,internvid;runway-jupiter,ByteDance;Runway;Stability AI,USED_BY
MAGNETFILM,MAGNETFILM,,263,211,9,4,8,8,8,0,6,6,2,1,hdvg130m;hdvila100m;internvid;koala36m;openvid1m;panda70m;runway-jupiter;vidgen1m;youtube8m;yttemporal-180m,hdvg130m;hdvila100m;internvid;openvid1m;runway-jupiter;vidgen1m;yttemporal-180m,Allen Institute for AI;Amazon;ByteDance;Kuaishou;Meta;Microsoft;Nvidia;Runway;Snap;Stability AI;Tencent;University of Washington,USED_BY
Modern House Cabin,Modern House Cabin,,75,73,0,2,0,0,0,0,0,0,0,0,internvid;runway-jupiter,internvid;runway-jupiter,ByteDance;Runway;Stability AI,USED_BY
Sealey Tools,Sealey Tools,,275,243,3,9,5,3,3,4,4,0,0,1,hdvg130m;hdvila100m;howto100m;internvid;koala36m;panda70m;runway-jupiter;youtube8m;yttemporal-180m,hdvg130m;hdvila100m;internvid;runway-jupiter;yttemporal-180m,Allen Institute for AI;ByteDance;Meta;Nvidia;Runway;Snap;Stability AI;Tencent;University of Washington,USED_BY
Sewing at Home Mom,Sewing at Home Mom,,76,75,0,1,0,0,0,0,0,0,0,0,internvid;runway-jupiter,internvid;runway-jupiter,ByteDance;Runway;Stability AI,USED_BY
Bé Cá Đồ Chơi,Bé Cá Đồ Chơi,,333,333,0,0,0,0,0,0,0,0,0,0,runway-jupiter,runway-jupiter,Runway,USED_BY
Life with Malamutes,Life with Malamutes,,1522,1332,58,13,28,28,28,0,15,8,12,0,hdvg130m;hdvila100m;internvid;koala36m;openvid1m;panda70m;runway-jupiter;vidgen1m;yttemporal-180m,hdvg130m;hdvila100m;internvid;openvid1m;runway-jupiter;vidgen1m;yttemporal-180m,Allen Institute for AI;Amazon;ByteDance;Kuaishou;Meta;Microsoft;Nvidia;Runway;Snap;Stability AI;Tencent;University of Washington,USED_BY
Citrus,Citrus,,1401,1331,1,17,10,7,7,4,4,2,2,16,hdvg130m;hdvila100m;howto100m;internvid;koala36m;openvid1m;panda70m;runway-jupiter;vidgen1m;youtube8m;yttemporal-180m,hdvg130m;hdvila100m;internvid;openvid1m;runway-jupiter;vidgen1m;yttemporal-180m,Allen Institute for AI;Amazon;ByteDance;Kuaishou;Meta;Microsoft;Nvidia;Runway;Snap;Stability AI;Tencent;University of Washington,USED_BY
Stodeh,Stodeh,,1366,1342,0,4,5,5,1,0,2,0,0,7,hdvg130m;hdvila100m;internvid;koala36m;panda70m;runway-jupiter;youtube8m,hdvg130m;hdvila100m;internvid;runway-jupiter,ByteDance;Meta;Nvidia;Runway;Snap;Stability AI;Tencent,USED_BY
EARTH STORY,EARTH STORY,,177,177,0,0,0,0,0,0,0,0,0,0,runway-jupiter,runway-jupiter,Runway,USED_BY
Dubai Travel Guide,Dubai Travel Guide,,85,85,0,0,0,0,0,0,0,0,0,0,runway-jupiter,runway-jupiter,Runway,USED_BY
jaybyrdfilms,jaybyrdfilms,,97,97,0,0,0,0,0,0,0,0,0,0,runway-jupiter,runway-jupiter,Runway,USED_BY
Insider Food,Insider Food,,5724,1732,455,94,725,718,670,89,480,574,187,0,hdvg130m;hdvila100m;howto100m;internvid;koala36m;openvid1m;panda70m;runway-jupiter;vidgen1m;yttemporal-180m,hdvg130m;hdvila100m;internvid;openvid1m;runway-jupiter;vidgen1m;yttemporal-180m,Allen Institute for AI;Amazon;ByteDance;Kuaishou;Meta;Microsoft;Nvidia;Runway;Snap;Stability AI;Tencent;University of Washington,USED_BY
The Voice,The Voice,,1589,1557,0,27,0,0,0,0,0,0,0,5,internvid;runway-jupiter;youtube8m,internvid;runway-jupiter,ByteDance;Runway;Stability AI,USED_BY
Vans,Vans,,3072,1673,416,15,223,222,185,5,147,58,44,84,hdvg130m;hdvila100m;howto100m;internvid;koala36m;openvid1m;panda70m;runway-jupiter;vidgen1m;youtube8m;yttemporal-180m,hdvg130m;hdvila100m;internvid;openvid1m;runway-jupiter;vidgen1m;yttemporal-180m,Allen Institute for AI;Amazon;ByteDance;Kuaishou;Meta;Microsoft;Nvidia;Runway;Snap;Stability AI;Tencent;University of Washington,USED_BY
Nobel Prize,Nobel Prize,,1614,1594,0,14,1,0,0,1,0,0,0,4,howto100m;internvid;panda70m;runway-jupiter;youtube8m,internvid;runway-jupiter,ByteDance;Runway;Stability AI,USED_BY
PRIMAL EARTH,PRIMAL EARTH,,65,65,0,0,0,0,0,0,0,0,0,0,runway-jupiter,runway-jupiter,Runway,USED_BY
UnCappedProductions,UnCappedProductions,,77,77,0,0,0,0,0,0,0,0,0,0,runway-jupiter,runway-jupiter,Runway,USED_BY
BUSHCRAFT: OUTDOOR ADVENTURES,BUSHCRAFT: OUTDOOR ADVENTURES,,69,69,0,0,0,0,0,0,0,0,0,0,runway-jupiter,runway-jupiter,Runway,USED_BY
SA Skydiving,SA Skydiving,,1556,1556,0,0,0,0,0,0,0,0,0,0,runway-jupiter,runway-jupiter,Runway,USED_BY
Apple TV,Apple TV,,1520,1363,50,47,21,21,10,0,8,0,0,0,hdvg130m;hdvila100m;internvid;koala36m;panda70m;runway-jupiter;yttemporal-180m,hdvg130m;hdvila100m;internvid;runway-jupiter;yttemporal-180m,Allen Institute for AI;ByteDance;Meta;Nvidia;Runway;Snap;Stability AI;Tencent;University of Washington,USED_BY
Prowalk Tours,Prowalk Tours,,323,322,1,0,0,0,0,0,0,0,0,0,runway-jupiter;yttemporal-180m,runway-jupiter;yttemporal-180m,Allen Institute for AI;Runway;University of Washington,USED_BY
Chrysler Museum of Art,Chrysler Museum of Art,,172,168,1,0,1,0,0,1,0,0,0,1,howto100m;panda70m;runway-jupiter;youtube8m;yttemporal-180m,runway-jupiter;yttemporal-180m,Allen Institute for AI;Runway;University of Washington,USED_BY
World of Warcraft,World of Warcraft,,1215,1174,0,10,7,6,4,1,3,0,0,10,hdvg130m;hdvila100m;howto100m;internvid;koala36m;panda70m;runway-jupiter;youtube8m,hdvg130m;hdvila100m;internvid;runway-jupiter,ByteDance;Meta;Nvidia;Runway;Snap;Stability AI;Tencent,USED_BY
Hakan Karahan Doğada,Hakan Karahan Doğada,,105,104,0,1,0,0,0,0,0,0,0,0,internvid;runway-jupiter,internvid;runway-jupiter,ByteDance;Runway;Stability AI,USED_BY
AFH Projects,AFH Projects,,65,65,0,0,0,0,0,0,0,0,0,0,runway-jupiter,runway-jupiter,Runway,USED_BY
Yar,Yar,,71,65,0,5,0,0,0,0,0,0,0,1,internvid;runway-jupiter;youtube8m,internvid;runway-jupiter,ByteDance;Runway;Stability AI,USED_BY
Calisthenicmovement,Calisthenicmovement,,725,295,103,57,62,60,60,2,38,22,19,7,hdvg130m;hdvila100m;howto100m;internvid;koala36m;openvid1m;panda70m;runway-jupiter;vidgen1m;youtube8m;yttemporal-180m,hdvg130m;hdvila100m;internvid;openvid1m;runway-jupiter;vidgen1m;yttemporal-180m,Allen Institute for AI;Amazon;ByteDance;Kuaishou;Meta;Microsoft;Nvidia;Runway;Snap;Stability AI;Tencent;University of Washington,USED_BY
Louisiana Channel,Louisiana Channel,,1677,963,182,7,128,122,116,12,72,64,8,3,hdvg130m;hdvila100m;howto100m;internvid;koala36m;openvid1m;panda70m;runway-jupiter;vidgen1m;youtube8m;yttemporal-180m,hdvg130m;hdvila100m;internvid;openvid1m;runway-jupiter;vidgen1m;yttemporal-180m,Allen Institute for AI;Amazon;ByteDance;Kuaishou;Meta;Microsoft;Nvidia;Runway;Snap;Stability AI;Tencent;University of Washington,USED_BY
DJ Mag,DJ Mag,,1552,1536,0,6,0,0,0,0,0,0,0,10,internvid;runway-jupiter;youtube8m,internvid;runway-jupiter,ByteDance;Runway;Stability AI,USED_BY
America's Got Talent,America's Got Talent,,2687,1532,479,88,155,153,130,9,94,30,17,0,hdvg130m;hdvila100m;howto100m;internvid;koala36m;openvid1m;panda70m;runway-jupiter;vidgen1m;yttemporal-180m,hdvg130m;hdvila100m;internvid;openvid1m;runway-jupiter;vidgen1m;yttemporal-180m,Allen Institute for AI;Amazon;ByteDance;Kuaishou;Meta;Microsoft;Nvidia;Runway;Snap;Stability AI;Tencent;University of Washington,USED_BY
GameV,GameV,,1383,1382,0,1,0,0,0,0,0,0,0,0,internvid;runway-jupiter,internvid;runway-jupiter,ByteDance;Runway;Stability AI,USED_BY
WackenTV,WackenTV,,1747,1720,1,13,1,0,0,1,0,2,0,9,howto100m;internvid;openvid1m;panda70m;runway-jupiter;youtube8m;yttemporal-180m,internvid;openvid1m;runway-jupiter;yttemporal-180m,Allen Institute for AI;Amazon;ByteDance;Kuaishou;Microsoft;Nvidia;Runway;Stability AI;University of Washington,USED_BY
Yammie Noob,Yammie Noob,,3400,1510,343,21,316,315,291,15,173,268,148,0,hdvg130m;hdvila100m;howto100m;internvid;koala36m;openvid1m;panda70m;runway-jupiter;vidgen1m;yttemporal-180m,hdvg130m;hdvila100m;internvid;openvid1m;runway-jupiter;vidgen1m;yttemporal-180m,Allen Institute for AI;Amazon;ByteDance;Kuaishou;Meta;Microsoft;Nvidia;Runway;Snap;Stability AI;Tencent;University of Washington,USED_BY
Outdoor Therapy,Outdoor Therapy,,953,953,0,0,0,0,0,0,0,0,0,0,runway-jupiter,runway-jupiter,Runway,USED_BY
Handsome Nature,Handsome Nature,,1556,1556,0,0,0,0,0,0,0,0,0,0,runway-jupiter,runway-jupiter,Runway,USED_BY
Team USA,Team USA,,2821,1491,401,21,231,233,196,3,160,36,43,6,hdvg130m;hdvila100m;howto100m;internvid;koala36m;openvid1m;panda70m;runway-jupiter;vidgen1m;youtube8m;yttemporal-180m,hdvg130m;hdvila100m;internvid;openvid1m;runway-jupiter;vidgen1m;yttemporal-180m,Allen Institute for AI;Amazon;ByteDance;Kuaishou;Meta;Microsoft;Nvidia;Runway;Snap;Stability AI;Tencent;University of Washington,USED_BY
shurap,shurap,,104,88,0,15,0,0,0,0,0,0,0,1,internvid;runway-jupiter;youtube8m,internvid;runway-jupiter,ByteDance;Runway;Stability AI,USED_BY
The Art of Metalsmithing,The Art of Metalsmithing,,209,185,3,9,3,2,2,3,2,0,0,0,hdvg130m;hdvila100m;howto100m;internvid;koala36m;panda70m;runway-jupiter;yttemporal-180m,hdvg130m;hdvila100m;internvid;runway-jupiter;yttemporal-180m,Allen Institute for AI;ByteDance;Meta;Nvidia;Runway;Snap;Stability AI;Tencent;University of Washington,USED_BY
Luke Combs,Luke Combs,,70,68,0,2,0,0,0,0,0,0,0,0,internvid;runway-jupiter,internvid;runway-jupiter,ByteDance;Runway;Stability AI,USED_BY
Mike Tytula,Mike Tytula,,1590,604,208,2,186,178,174,19,94,52,64,9,hdvg130m;hdvila100m;howto100m;internvid;koala36m;openvid1m;panda70m;runway-jupiter;vidgen1m;youtube8m;yttemporal-180m,hdvg130m;hdvila100m;internvid;openvid1m;runway-jupiter;vidgen1m;yttemporal-180m,Allen Institute for AI;Amazon;ByteDance;Kuaishou;Meta;Microsoft;Nvidia;Runway;Snap;Stability AI;Tencent;University of Washington,USED_BY
Kerni FPV,Kerni FPV,,63,63,0,0,0,0,0,0,0,0,0,0,runway-jupiter,runway-jupiter,Runway,USED_BY
Alt Shift X,Alt Shift X,,526,161,84,4,80,82,57,2,48,2,6,0,hdvg130m;hdvila100m;howto100m;internvid;koala36m;openvid1m;panda70m;runway-jupiter;vidgen1m;yttemporal-180m,hdvg130m;hdvila100m;internvid;openvid1m;runway-jupiter;vidgen1m;yttemporal-180m,Allen Institute for AI;Amazon;ByteDance;Kuaishou;Meta;Microsoft;Nvidia;Runway;Snap;Stability AI;Tencent;University of Washington,USED_BY
Q-dance,Q-dance,,1525,1508,0,8,1,1,1,0,0,0,0,6,hdvila100m;internvid;koala36m;panda70m;runway-jupiter;youtube8m,hdvila100m;internvid;runway-jupiter,ByteDance;Meta;Runway;Snap;Stability AI;Tencent,USED_BY
Rocks Cousteau,Rocks Cousteau,,1540,1498,8,0,12,5,4,12,0,0,1,0,hdvila100m;howto100m;koala36m;panda70m;runway-jupiter;vidgen1m;yttemporal-180m,hdvila100m;runway-jupiter;vidgen1m;yttemporal-180m,Allen Institute for AI;Amazon;ByteDance;Meta;Nvidia;Runway;Snap;Tencent;University of Washington,USED_BY
Patagonia,Patagonia,,1260,1198,9,15,9,6,6,9,6,0,0,2,hdvg130m;hdvila100m;howto100m;internvid;koala36m;panda70m;runway-jupiter;youtube8m;yttemporal-180m,hdvg130m;hdvila100m;internvid;runway-jupiter;yttemporal-180m,Allen Institute for AI;ByteDance;Meta;Nvidia;Runway;Snap;Stability AI;Tencent;University of Washington,USED_BY
Audrey Victoria,Audrey Victoria,,1162,1123,2,27,3,2,2,3,0,0,0,0,hdvila100m;howto100m;internvid;koala36m;panda70m;runway-jupiter;yttemporal-180m,hdvila100m;internvid;runway-jupiter;yttemporal-180m,Allen Institute for AI;ByteDance;Meta;Runway;Snap;Stability AI;Tencent;University of Washington,USED_BY
SUPER RUGBY PACIFIC & TRC,SUPER RUGBY PACIFIC & TRC,,1584,1511,39,5,10,10,1,0,7,0,1,0,hdvg130m;hdvila100m;internvid;koala36m;panda70m;runway-jupiter;vidgen1m;yttemporal-180m,hdvg130m;hdvila100m;internvid;runway-jupiter;vidgen1m;yttemporal-180m,Allen Institute for AI;Amazon;ByteDance;Meta;Nvidia;Runway;Snap;Stability AI;Tencent;University of Washington,USED_BY
Nasjonalparkriket,Nasjonalparkriket,,67,67,0,0,0,0,0,0,0,0,0,0,runway-jupiter,runway-jupiter,Runway,USED_BY
Nintendo Mobile,Nintendo Mobile,,1187,1183,0,4,0,0,0,0,0,0,0,0,internvid;runway-jupiter,internvid;runway-jupiter,ByteDance;Runway;Stability AI,USED_BY
Kinderoutdoor Kinderoutdoor,Kinderoutdoor Kinderoutdoor,,1304,1294,0,10,0,0,0,0,0,0,0,0,internvid;runway-jupiter,internvid;runway-jupiter,ByteDance;Runway;Stability AI,USED_BY
L'AGENCE,L'AGENCE,,64,64,0,0,0,0,0,0,0,0,0,0,runway-jupiter,runway-jupiter,Runway,USED_BY
THE-LOWDOWN.com,THE-LOWDOWN.com,,67,67,0,0,0,0,0,0,0,0,0,0,runway-jupiter,runway-jupiter,Runway,USED_BY
TechSource,TechSource,,6129,1520,8,23,1035,1040,992,10,677,642,163,19,hdvg130m;hdvila100m;howto100m;internvid;koala36m;openvid1m;panda70m;runway-jupiter;vidgen1m;youtube8m;yttemporal-180m,hdvg130m;hdvila100m;internvid;openvid1m;runway-jupiter;vidgen1m;yttemporal-180m,Allen Institute for AI;Amazon;ByteDance;Kuaishou;Meta;Microsoft;Nvidia;Runway;Snap;Stability AI;Tencent;University of Washington,USED_BY
Men's Health,Men's Health,,2372,1435,386,12,125,123,114,2,98,54,23,0,hdvg130m;hdvila100m;howto100m;internvid;koala36m;openvid1m;panda70m;runway-jupiter;vidgen1m;yttemporal-180m,hdvg130m;hdvila100m;internvid;openvid1m;runway-jupiter;vidgen1m;yttemporal-180m,Allen Institute for AI;Amazon;ByteDance;Kuaishou;Meta;Microsoft;Nvidia;Runway;Snap;Stability AI;Tencent;University of Washington,USED_BY
면상호[NoodleFighter],면상호[NoodleFighter],,1204,1203,0,1,0,0,0,0,0,0,0,0,internvid;runway-jupiter,internvid;runway-jupiter,ByteDance;Runway;Stability AI,USED_BY
FIS Freestyle Skiing,FIS Freestyle Skiing,,1418,1393,0,17,2,2,0,0,1,0,0,3,hdvg130m;hdvila100m;internvid;panda70m;runway-jupiter;youtube8m,hdvg130m;hdvila100m;internvid;runway-jupiter,ByteDance;Meta;Nvidia;Runway;Snap;Stability AI;Tencent,USED_BY
Rene ASMR,Rene ASMR,,60,60,0,0,0,0,0,0,0,0,0,0,runway-jupiter,runway-jupiter,Runway,USED_BY
VC Adventures,VC Adventures,,1053,497,180,2,92,88,85,7,56,24,20,2,hdvg130m;hdvila100m;howto100m;internvid;koala36m;openvid1m;panda70m;runway-jupiter;vidgen1m;youtube8m;yttemporal-180m,hdvg130m;hdvila100m;internvid;openvid1m;runway-jupiter;vidgen1m;yttemporal-180m,Allen Institute for AI;Amazon;ByteDance;Kuaishou;Meta;Microsoft;Nvidia;Runway;Snap;Stability AI;Tencent;University of Washington,USED_BY
Nikola Horvat - Tesla,Nikola Horvat - Tesla,,110,110,0,0,0,0,0,0,0,0,0,0,runway-jupiter,runway-jupiter,Runway,USED_BY
Grill Top Experience,Grill Top Experience,,342,201,28,8,34,9,9,34,10,8,1,0,hdvg130m;hdvila100m;howto100m;internvid;koala36m;openvid1m;panda70m;runway-jupiter;vidgen1m;yttemporal-180m,hdvg130m;hdvila100m;internvid;openvid1m;runway-jupiter;vidgen1m;yttemporal-180m,Allen Institute for AI;Amazon;ByteDance;Kuaishou;Meta;Microsoft;Nvidia;Runway;Snap;Stability AI;Tencent;University of Washington,USED_BY
April Yang,April Yang,,120,117,0,3,0,0,0,0,0,0,0,0,internvid;runway-jupiter,internvid;runway-jupiter,ByteDance;Runway;Stability AI,USED_BY
Smoke,Smoke,,372,365,0,5,0,0,0,0,0,0,0,2,internvid;runway-jupiter;youtube8m,internvid;runway-jupiter,ByteDance;Runway;Stability AI,USED_BY
Pixar Cars,Pixar Cars,,425,406,0,19,0,0,0,0,0,0,0,0,internvid;runway-jupiter,internvid;runway-jupiter,ByteDance;Runway;Stability AI,USED_BY
BeaverCraft,BeaverCraft,,1551,1533,0,18,0,0,0,0,0,0,0,0,internvid;runway-jupiter,internvid;runway-jupiter,ByteDance;Runway;Stability AI,USED_BY
FIS Cross Country,FIS Cross Country,,1544,1246,126,25,49,49,0,0,27,0,3,19,hdvg130m;hdvila100m;internvid;panda70m;runway-jupiter;vidgen1m;youtube8m;yttemporal-180m,hdvg130m;hdvila100m;internvid;runway-jupiter;vidgen1m;yttemporal-180m,Allen Institute for AI;Amazon;ByteDance;Meta;Nvidia;Runway;Snap;Stability AI;Tencent;University of Washington,USED_BY
blacksmifh,blacksmifh,,1410,1406,0,4,0,0,0,0,0,0,0,0,internvid;runway-jupiter,internvid;runway-jupiter,ByteDance;Runway;Stability AI,USED_BY
ARTE,ARTE,,1328,1300,0,25,0,0,0,0,0,0,0,3,internvid;runway-jupiter;youtube8m,internvid;runway-jupiter,ByteDance;Runway;Stability AI,USED_BY
Curious George Official,Curious George Official,,1491,1471,0,18,1,0,0,1,0,0,0,0,howto100m;internvid;panda70m;runway-jupiter,internvid;runway-jupiter,ByteDance;Runway;Stability AI,USED_BY
Justin Lee,Justin Lee,,1150,1126,0,20,0,0,0,0,0,0,0,4,internvid;runway-jupiter;youtube8m,internvid;runway-jupiter,ByteDance;Runway;Stability AI,USED_BY
Aniplex USA,Aniplex USA,,1398,1380,0,10,1,1,1,0,0,0,0,5,hdvila100m;internvid;koala36m;panda70m;runway-jupiter;youtube8m,hdvila100m;internvid;runway-jupiter,ByteDance;Meta;Runway;Snap;Stability AI;Tencent,USED_BY
Iraqveteran8888,Iraqveteran8888,,1899,1704,26,22,36,25,21,36,18,8,3,0,hdvg130m;hdvila100m;howto100m;internvid;koala36m;openvid1m;panda70m;runway-jupiter;vidgen1m;yttemporal-180m,hdvg130m;hdvila100m;internvid;openvid1m;runway-jupiter;vidgen1m;yttemporal-180m,Allen Institute for AI;Amazon;ByteDance;Kuaishou;Meta;Microsoft;Nvidia;Runway;Snap;Stability AI;Tencent;University of Washington,USED_BY
Ed Pratt,Ed Pratt,,168,165,0,1,1,0,0,1,0,0,0,0,howto100m;internvid;panda70m;runway-jupiter,internvid;runway-jupiter,ByteDance;Runway;Stability AI,USED_BY
DisKirra,DisKirra,,78,76,0,2,0,0,0,0,0,0,0,0,internvid;runway-jupiter,internvid;runway-jupiter,ByteDance;Runway;Stability AI,USED_BY
Amerra Medical,Amerra Medical,,145,131,0,7,2,1,1,1,1,0,0,1,hdvg130m;hdvila100m;howto100m;internvid;koala36m;panda70m;runway-jupiter;youtube8m,hdvg130m;hdvila100m;internvid;runway-jupiter,ByteDance;Meta;Nvidia;Runway;Snap;Stability AI;Tencent,USED_BY
RockThatSwing,RockThatSwing,,606,582,0,15,0,0,0,0,0,0,0,9,internvid;runway-jupiter;youtube8m,internvid;runway-jupiter,ByteDance;Runway;Stability AI,USED_BY
Japanese Tools Australia,Japanese Tools Australia,,66,64,0,2,0,0,0,0,0,0,0,0,internvid;runway-jupiter,internvid;runway-jupiter,ByteDance;Runway;Stability AI,USED_BY
Masha and The Bear,Masha and The Bear,,1300,1123,28,78,21,13,7,8,9,6,6,1,hdvg130m;hdvila100m;howto100m;internvid;koala36m;openvid1m;panda70m;runway-jupiter;vidgen1m;youtube8m;yttemporal-180m,hdvg130m;hdvila100m;internvid;openvid1m;runway-jupiter;vidgen1m;yttemporal-180m,Allen Institute for AI;Amazon;ByteDance;Kuaishou;Meta;Microsoft;Nvidia;Runway;Snap;Stability AI;Tencent;University of Washington,USED_BY
Kevin Talbot,Kevin Talbot,,1445,1399,3,27,5,2,2,5,1,0,1,0,hdvg130m;hdvila100m;howto100m;internvid;koala36m;panda70m;runway-jupiter;vidgen1m;yttemporal-180m,hdvg130m;hdvila100m;internvid;runway-jupiter;vidgen1m;yttemporal-180m,Allen Institute for AI;Amazon;ByteDance;Meta;Nvidia;Runway;Snap;Stability AI;Tencent;University of Washington,USED_BY
Epicurious,Epicurious,,2791,1343,410,63,326,78,73,311,62,74,15,36,hdvg130m;hdvila100m;howto100m;internvid;koala36m;openvid1m;panda70m;runway-jupiter;vidgen1m;youtube8m;yttemporal-180m,hdvg130m;hdvila100m;internvid;openvid1m;runway-jupiter;vidgen1m;yttemporal-180m,Allen Institute for AI;Amazon;ByteDance;Kuaishou;Meta;Microsoft;Nvidia;Runway;Snap;Stability AI;Tencent;University of Washington,USED_BY
SomersetCricket,SomersetCricket,,1428,1427,0,1,0,0,0,0,0,0,0,0,internvid;runway-jupiter,internvid;runway-jupiter,ByteDance;Runway;Stability AI,USED_BY
Olesya & house,Olesya & house,,58,58,0,0,0,0,0,0,0,0,0,0,runway-jupiter,runway-jupiter,Runway,USED_BY
ActionAdventureTwins,ActionAdventureTwins,,199,197,0,2,0,0,0,0,0,0,0,0,internvid;runway-jupiter,internvid;runway-jupiter,ByteDance;Runway;Stability AI,USED_BY
Hitesh KS : Hindi Gaming,Hitesh KS : Hindi Gaming,,1047,1046,0,1,0,0,0,0,0,0,0,0,internvid;runway-jupiter,internvid;runway-jupiter,ByteDance;Runway;Stability AI,USED_BY
Starting Strength,Starting Strength,,2269,1595,182,14,117,136,107,3,81,22,8,4,hdvg130m;hdvila100m;howto100m;internvid;koala36m;openvid1m;panda70m;runway-jupiter;vidgen1m;youtube8m;yttemporal-180m,hdvg130m;hdvila100m;internvid;openvid1m;runway-jupiter;vidgen1m;yttemporal-180m,Allen Institute for AI;Amazon;ByteDance;Kuaishou;Meta;Microsoft;Nvidia;Runway;Snap;Stability AI;Tencent;University of Washington,USED_BY
TheTopher,TheTopher,,1971,1239,139,5,133,133,130,1,95,28,66,2,hdvg130m;hdvila100m;howto100m;internvid;koala36m;openvid1m;panda70m;runway-jupiter;vidgen1m;youtube8m;yttemporal-180m,hdvg130m;hdvila100m;internvid;openvid1m;runway-jupiter;vidgen1m;yttemporal-180m,Allen Institute for AI;Amazon;ByteDance;Kuaishou;Meta;Microsoft;Nvidia;Runway;Snap;Stability AI;Tencent;University of Washington,USED_BY
CodyBPyrotechnics,CodyBPyrotechnics,,1227,1224,0,3,0,0,0,0,0,0,0,0,internvid;runway-jupiter,internvid;runway-jupiter,ByteDance;Runway;Stability AI,USED_BY
Mike Less - Farmhand Mike,Mike Less - Farmhand Mike,,1327,1251,5,28,8,5,4,8,5,8,0,5,hdvg130m;hdvila100m;howto100m;internvid;koala36m;openvid1m;panda70m;runway-jupiter;youtube8m;yttemporal-180m,hdvg130m;hdvila100m;internvid;openvid1m;runway-jupiter;yttemporal-180m,Allen Institute for AI;Amazon;ByteDance;Kuaishou;Meta;Microsoft;Nvidia;Runway;Snap;Stability AI;Tencent;University of Washington,USED_BY
Africa Travel Channel,Africa Travel Channel,,1026,1004,0,2,0,0,0,0,0,0,0,20,internvid;runway-jupiter;youtube8m,internvid;runway-jupiter,ByteDance;Runway;Stability AI,USED_BY
Inside Lacrosse,Inside Lacrosse,,1136,1109,1,2,1,0,0,1,0,2,0,20,howto100m;internvid;openvid1m;panda70m;runway-jupiter;youtube8m;yttemporal-180m,internvid;openvid1m;runway-jupiter;yttemporal-180m,Allen Institute for AI;Amazon;ByteDance;Kuaishou;Microsoft;Nvidia;Runway;Stability AI;University of Washington,USED_BY
Dexter's World,Dexter's World,,2321,836,264,37,249,244,236,15,150,188,102,0,hdvg130m;hdvila100m;howto100m;internvid;koala36m;openvid1m;panda70m;runway-jupiter;vidgen1m;yttemporal-180m,hdvg130m;hdvila100m;internvid;openvid1m;runway-jupiter;vidgen1m;yttemporal-180m,Allen Institute for AI;Amazon;ByteDance;Kuaishou;Meta;Microsoft;Nvidia;Runway;Snap;Stability AI;Tencent;University of Washington,USED_BY
Nick DiGiovanni,Nick DiGiovanni,,698,617,0,81,0,0,0,0,0,0,0,0,internvid;runway-jupiter,internvid;runway-jupiter,ByteDance;Runway;Stability AI,USED_BY
Red Bull Snow,Red Bull Snow,,969,899,3,29,8,6,6,2,5,4,2,5,hdvg130m;hdvila100m;howto100m;internvid;koala36m;openvid1m;panda70m;runway-jupiter;vidgen1m;youtube8m;yttemporal-180m,hdvg130m;hdvila100m;internvid;openvid1m;runway-jupiter;vidgen1m;yttemporal-180m,Allen Institute for AI;Amazon;ByteDance;Kuaishou;Meta;Microsoft;Nvidia;Runway;Snap;Stability AI;Tencent;University of Washington,USED_BY
Fares Ksebati,Fares Ksebati,,1530,1411,0,117,1,0,0,1,0,0,0,0,howto100m;internvid;panda70m;runway-jupiter,internvid;runway-jupiter,ByteDance;Runway;Stability AI,USED_BY
VacLab,VacLab,,1170,1140,3,2,8,3,3,10,1,0,0,0,hdvg130m;hdvila100m;howto100m;internvid;koala36m;panda70m;runway-jupiter;yttemporal-180m,hdvg130m;hdvila100m;internvid;runway-jupiter;yttemporal-180m,Allen Institute for AI;ByteDance;Meta;Nvidia;Runway;Snap;Stability AI;Tencent;University of Washington,USED_BY
Vevo,Vevo,,1277,1269,0,2,0,0,0,0,0,0,0,6,internvid;runway-jupiter;youtube8m,internvid;runway-jupiter,ByteDance;Runway;Stability AI,USED_BY
ONLY in JAPAN * GO,ONLY in JAPAN * GO,,1464,1296,75,4,20,18,16,3,14,10,8,0,hdvg130m;hdvila100m;howto100m;internvid;koala36m;openvid1m;panda70m;runway-jupiter;vidgen1m;yttemporal-180m,hdvg130m;hdvila100m;internvid;openvid1m;runway-jupiter;vidgen1m;yttemporal-180m,Allen Institute for AI;Amazon;ByteDance;Kuaishou;Meta;Microsoft;Nvidia;Runway;Snap;Stability AI;Tencent;University of Washington,USED_BY
Victoria Witthinrich,Victoria Witthinrich,,118,118,0,0,0,0,0,0,0,0,0,0,runway-jupiter,runway-jupiter,Runway,USED_BY
Kohl's Kicking Camps,Kohl's Kicking Camps,,606,588,0,6,2,2,1,0,0,0,0,7,hdvila100m;internvid;koala36m;panda70m;runway-jupiter;youtube8m,hdvila100m;internvid;runway-jupiter,ByteDance;Meta;Runway;Snap;Stability AI;Tencent,USED_BY
Screen Junkies,Screen Junkies,,3459,1172,505,5,451,448,398,9,308,92,50,21,hdvg130m;hdvila100m;howto100m;internvid;koala36m;openvid1m;panda70m;runway-jupiter;vidgen1m;youtube8m;yttemporal-180m,hdvg130m;hdvila100m;internvid;openvid1m;runway-jupiter;vidgen1m;yttemporal-180m,Allen Institute for AI;Amazon;ByteDance;Kuaishou;Meta;Microsoft;Nvidia;Runway;Snap;Stability AI;Tencent;University of Washington,USED_BY
Wang's record,Wang's record,,60,60,0,0,0,0,0,0,0,0,0,0,runway-jupiter,runway-jupiter,Runway,USED_BY
Jaume Soler Movies,Jaume Soler Movies,,1394,1353,0,19,0,0,0,0,0,0,0,22,internvid;runway-jupiter;youtube8m,internvid;runway-jupiter,ByteDance;Runway;Stability AI,USED_BY
SurajFineArts - Abstract ART,SurajFineArts - Abstract ART,,1408,1404,0,4,0,0,0,0,0,0,0,0,internvid;runway-jupiter,internvid;runway-jupiter,ByteDance;Runway;Stability AI,USED_BY
Newsshooter,Newsshooter,,1911,1102,175,0,168,168,163,0,102,12,21,0,hdvg130m;hdvila100m;koala36m;openvid1m;panda70m;runway-jupiter;vidgen1m;yttemporal-180m,hdvg130m;hdvila100m;openvid1m;runway-jupiter;vidgen1m;yttemporal-180m,Allen Institute for AI;Amazon;ByteDance;Kuaishou;Meta;Microsoft;Nvidia;Runway;Snap;Tencent;University of Washington,USED_BY
VIFF,VIFF,,1587,1586,0,1,0,0,0,0,0,0,0,0,internvid;runway-jupiter,internvid;runway-jupiter,ByteDance;Runway;Stability AI,USED_BY
TeachMeGrappling Coach Brian,TeachMeGrappling Coach Brian,,2194,1453,229,9,123,123,121,0,96,2,36,2,hdvg130m;hdvila100m;internvid;koala36m;openvid1m;panda70m;runway-jupiter;vidgen1m;youtube8m;yttemporal-180m,hdvg130m;hdvila100m;internvid;openvid1m;runway-jupiter;vidgen1m;yttemporal-180m,Allen Institute for AI;Amazon;ByteDance;Kuaishou;Meta;Microsoft;Nvidia;Runway;Snap;Stability AI;Tencent;University of Washington,USED_BY
Picture Pulse,Picture Pulse,,62,62,0,0,0,0,0,0,0,0,0,0,runway-jupiter,runway-jupiter,Runway,USED_BY
tugce dumlupinar,tugce dumlupinar,,63,62,0,1,0,0,0,0,0,0,0,0,internvid;runway-jupiter,internvid;runway-jupiter,ByteDance;Runway;Stability AI,USED_BY
ALL in 4K,ALL in 4K,,364,364,0,0,0,0,0,0,0,0,0,0,runway-jupiter,runway-jupiter,Runway,USED_BY
Jurassic World Kids,Jurassic World Kids,,171,139,10,3,4,2,2,4,0,6,1,0,hdvila100m;howto100m;internvid;koala36m;openvid1m;panda70m;runway-jupiter;vidgen1m;yttemporal-180m,hdvila100m;internvid;openvid1m;runway-jupiter;vidgen1m;yttemporal-180m,Allen Institute for AI;Amazon;ByteDance;Kuaishou;Meta;Microsoft;Nvidia;Runway;Snap;Stability AI;Tencent;University of Washington,USED_BY
varlamov,varlamov,,1411,1345,0,63,1,0,0,1,0,0,0,1,howto100m;internvid;panda70m;runway-jupiter;youtube8m,internvid;runway-jupiter,ByteDance;Runway;Stability AI,USED_BY
Everyday washing dishes is easy. How to.,Everyday washing dishes is easy. How to.,,1105,1105,0,0,0,0,0,0,0,0,0,0,runway-jupiter,runway-jupiter,Runway,USED_BY
Lord's Cricket Ground,Lord's Cricket Ground,,2351,1315,409,11,215,216,0,1,135,0,23,26,hdvg130m;hdvila100m;howto100m;internvid;panda70m;runway-jupiter;vidgen1m;youtube8m;yttemporal-180m,hdvg130m;hdvila100m;internvid;runway-jupiter;vidgen1m;yttemporal-180m,Allen Institute for AI;Amazon;ByteDance;Meta;Nvidia;Runway;Snap;Stability AI;Tencent;University of Washington,USED_BY
NintendoAU,NintendoAU,,1226,1201,0,6,3,3,2,0,0,0,0,11,hdvila100m;internvid;koala36m;panda70m;runway-jupiter;youtube8m,hdvila100m;internvid;runway-jupiter,ByteDance;Meta;Runway;Snap;Stability AI;Tencent,USED_BY
ikfchannel,ikfchannel,,1371,1316,0,52,0,0,0,0,0,0,0,3,internvid;runway-jupiter;youtube8m,internvid;runway-jupiter,ByteDance;Runway;Stability AI,USED_BY
Liam Brown,Liam Brown,,61,54,0,6,0,0,0,0,0,0,0,1,internvid;runway-jupiter;youtube8m,internvid;runway-jupiter,ByteDance;Runway;Stability AI,USED_BY
More Aquarium Co-Op,More Aquarium Co-Op,,68,55,2,2,2,1,1,2,1,2,0,0,hdvg130m;hdvila100m;howto100m;internvid;koala36m;openvid1m;panda70m;runway-jupiter;yttemporal-180m,hdvg130m;hdvila100m;internvid;openvid1m;runway-jupiter;yttemporal-180m,Allen Institute for AI;Amazon;ByteDance;Kuaishou;Meta;Microsoft;Nvidia;Runway;Snap;Stability AI;Tencent;University of Washington,USED_BY
ThinLineMedia,ThinLineMedia,,56,55,0,1,0,0,0,0,0,0,0,0,internvid;runway-jupiter,internvid;runway-jupiter,ByteDance;Runway;Stability AI,USED_BY
Ben 10,Ben 10,,903,898,0,5,0,0,0,0,0,0,0,0,internvid;runway-jupiter,internvid;runway-jupiter,ByteDance;Runway;Stability AI,USED_BY
Roman Hense,Roman Hense,,203,203,0,0,0,0,0,0,0,0,0,0,runway-jupiter,runway-jupiter,Runway,USED_BY
Dr Joseph Cipriano DC,Dr Joseph Cipriano DC,,981,970,0,11,0,0,0,0,0,0,0,0,internvid;runway-jupiter,internvid;runway-jupiter,ByteDance;Runway;Stability AI,USED_BY
Dude Perfect,Dude Perfect,,1051,334,109,79,126,70,69,103,51,78,22,10,hdvg130m;hdvila100m;howto100m;internvid;koala36m;openvid1m;panda70m;runway-jupiter;vidgen1m;youtube8m;yttemporal-180m,hdvg130m;hdvila100m;internvid;openvid1m;runway-jupiter;vidgen1m;yttemporal-180m,Allen Institute for AI;Amazon;ByteDance;Kuaishou;Meta;Microsoft;Nvidia;Runway;Snap;Stability AI;Tencent;University of Washington,USED_BY
PPO,PPO,,112,87,0,20,2,0,0,2,0,0,0,1,howto100m;internvid;panda70m;runway-jupiter;youtube8m,internvid;runway-jupiter,ByteDance;Runway;Stability AI,USED_BY
Школа Вязания с Катериной Мушин,Школа Вязания с Катериной Мушин,,990,983,0,7,0,0,0,0,0,0,0,0,internvid;runway-jupiter,internvid;runway-jupiter,ByteDance;Runway;Stability AI,USED_BY
Matsimus,Matsimus,,1107,1024,12,6,16,10,9,16,7,2,5,0,hdvg130m;hdvila100m;howto100m;internvid;koala36m;openvid1m;panda70m;runway-jupiter;vidgen1m;yttemporal-180m,hdvg130m;hdvila100m;internvid;openvid1m;runway-jupiter;vidgen1m;yttemporal-180m,Allen Institute for AI;Amazon;ByteDance;Kuaishou;Meta;Microsoft;Nvidia;Runway;Snap;Stability AI;Tencent;University of Washington,USED_BY
Black Mountain Honey,Black Mountain Honey,,1107,1100,0,7,0,0,0,0,0,0,0,0,internvid;runway-jupiter,internvid;runway-jupiter,ByteDance;Runway;Stability AI,USED_BY
Wood By Wright How To,Wood By Wright How To,,886,869,1,11,1,1,1,1,0,0,1,0,hdvila100m;howto100m;internvid;koala36m;panda70m;runway-jupiter;vidgen1m;yttemporal-180m,hdvila100m;internvid;runway-jupiter;vidgen1m;yttemporal-180m,Allen Institute for AI;Amazon;ByteDance;Meta;Nvidia;Runway;Snap;Stability AI;Tencent;University of Washington,USED_BY
Indoor Cycling Videos,Indoor Cycling Videos,,992,992,0,0,0,0,0,0,0,0,0,0,runway-jupiter,runway-jupiter,Runway,USED_BY
The New Yorker,The New Yorker,,2540,1202,403,20,226,223,197,8,145,78,29,9,hdvg130m;hdvila100m;howto100m;internvid;koala36m;openvid1m;panda70m;runway-jupiter;vidgen1m;youtube8m;yttemporal-180m,hdvg130m;hdvila100m;internvid;openvid1m;runway-jupiter;vidgen1m;yttemporal-180m,Allen Institute for AI;Amazon;ByteDance;Kuaishou;Meta;Microsoft;Nvidia;Runway;Snap;Stability AI;Tencent;University of Washington,USED_BY
PBS America,PBS America,,499,499,0,0,0,0,0,0,0,0,0,0,runway-jupiter,runway-jupiter,Runway,USED_BY
Explore India,Explore India,,66,66,0,0,0,0,0,0,0,0,0,0,runway-jupiter,runway-jupiter,Runway,USED_BY
wild camp,wild camp,,72,72,0,0,0,0,0,0,0,0,0,0,runway-jupiter,runway-jupiter,Runway,USED_BY
Greyhound Coursing club,Greyhound Coursing club,,1054,1042,0,12,0,0,0,0,0,0,0,0,internvid;runway-jupiter,internvid;runway-jupiter,ByteDance;Runway;Stability AI,USED_BY
Ali Spagnola,Ali Spagnola,,1817,1076,213,3,131,131,116,7,82,28,30,0,hdvg130m;hdvila100m;howto100m;internvid;koala36m;openvid1m;panda70m;runway-jupiter;vidgen1m;yttemporal-180m,hdvg130m;hdvila100m;internvid;openvid1m;runway-jupiter;vidgen1m;yttemporal-180m,Allen Institute for AI;Amazon;ByteDance;Kuaishou;Meta;Microsoft;Nvidia;Runway;Snap;Stability AI;Tencent;University of Washington,USED_BY
Skid Kids,Skid Kids,,1229,1072,35,39,16,16,16,0,8,12,15,0,hdvg130m;hdvila100m;internvid;koala36m;openvid1m;panda70m;runway-jupiter;vidgen1m;yttemporal-180m,hdvg130m;hdvila100m;internvid;openvid1m;runway-jupiter;vidgen1m;yttemporal-180m,Allen Institute for AI;Amazon;ByteDance;Kuaishou;Meta;Microsoft;Nvidia;Runway;Snap;Stability AI;Tencent;University of Washington,USED_BY
chatpat toy tv,chatpat toy tv,,1272,1222,0,50,0,0,0,0,0,0,0,0,internvid;runway-jupiter,internvid;runway-jupiter,ByteDance;Runway;Stability AI,USED_BY
Gabriel Varga,Gabriel Varga,,1161,1150,0,11,0,0,0,0,0,0,0,0,internvid;runway-jupiter,internvid;runway-jupiter,ByteDance;Runway;Stability AI,USED_BY
First We Feast,First We Feast,,2686,1308,303,9,242,120,109,156,86,308,43,2,hdvg130m;hdvila100m;howto100m;internvid;koala36m;openvid1m;panda70m;runway-jupiter;vidgen1m;youtube8m;yttemporal-180m,hdvg130m;hdvila100m;internvid;openvid1m;runway-jupiter;vidgen1m;yttemporal-180m,Allen Institute for AI;Amazon;ByteDance;Kuaishou;Meta;Microsoft;Nvidia;Runway;Snap;Stability AI;Tencent;University of Washington,USED_BY
DansTube.TV,DansTube.TV,,1470,1350,2,1,24,24,23,2,13,0,3,28,hdvg130m;hdvila100m;howto100m;internvid;koala36m;panda70m;runway-jupiter;vidgen1m;youtube8m;yttemporal-180m,hdvg130m;hdvila100m;internvid;runway-jupiter;vidgen1m;yttemporal-180m,Allen Institute for AI;Amazon;ByteDance;Meta;Nvidia;Runway;Snap;Stability AI;Tencent;University of Washington,USED_BY
Gingium,Gingium,,3145,1225,351,5,312,309,296,11,190,322,122,2,hdvg130m;hdvila100m;howto100m;internvid;koala36m;openvid1m;panda70m;runway-jupiter;vidgen1m;youtube8m;yttemporal-180m,hdvg130m;hdvila100m;internvid;openvid1m;runway-jupiter;vidgen1m;yttemporal-180m,Allen Institute for AI;Amazon;ByteDance;Kuaishou;Meta;Microsoft;Nvidia;Runway;Snap;Stability AI;Tencent;University of Washington,USED_BY
Baby Shark Official,Baby Shark Official,,1194,1178,0,16,0,0,0,0,0,0,0,0,internvid;runway-jupiter,internvid;runway-jupiter,ByteDance;Runway;Stability AI,USED_BY
Excavator Cambodia,Excavator Cambodia,,1145,1141,0,4,0,0,0,0,0,0,0,0,internvid;runway-jupiter,internvid;runway-jupiter,ByteDance;Runway;Stability AI,USED_BY
Shiho Masuda,Shiho Masuda,,79,70,1,4,1,1,1,1,0,0,0,0,hdvila100m;howto100m;internvid;koala36m;panda70m;runway-jupiter;yttemporal-180m,hdvila100m;internvid;runway-jupiter;yttemporal-180m,Allen Institute for AI;ByteDance;Meta;Runway;Snap;Stability AI;Tencent;University of Washington,USED_BY
Northern Wild Harvest,Northern Wild Harvest,,96,96,0,0,0,0,0,0,0,0,0,0,runway-jupiter,runway-jupiter,Runway,USED_BY
Kanishk Gupta,Kanishk Gupta,,87,87,0,0,0,0,0,0,0,0,0,0,runway-jupiter,runway-jupiter,Runway,USED_BY
StyleLikeU,StyleLikeU,,848,789,2,1,7,5,5,2,4,4,3,26,hdvg130m;hdvila100m;howto100m;internvid;koala36m;openvid1m;panda70m;runway-jupiter;vidgen1m;youtube8m;yttemporal-180m,hdvg130m;hdvila100m;internvid;openvid1m;runway-jupiter;vidgen1m;yttemporal-180m,Allen Institute for AI;Amazon;ByteDance;Kuaishou;Meta;Microsoft;Nvidia;Runway;Snap;Stability AI;Tencent;University of Washington,USED_BY
pigmie,pigmie,,1087,986,10,55,14,2,2,13,1,0,0,4,hdvg130m;hdvila100m;howto100m;internvid;koala36m;panda70m;runway-jupiter;youtube8m;yttemporal-180m,hdvg130m;hdvila100m;internvid;runway-jupiter;yttemporal-180m,Allen Institute for AI;ByteDance;Meta;Nvidia;Runway;Snap;Stability AI;Tencent;University of Washington,USED_BY
FloMarching,FloMarching,,1220,1220,0,0,0,0,0,0,0,0,0,0,runway-jupiter,runway-jupiter,Runway,USED_BY
LockPickingLawyer,LockPickingLawyer,,3990,1365,545,66,529,520,511,20,342,16,76,0,hdvg130m;hdvila100m;howto100m;internvid;koala36m;openvid1m;panda70m;runway-jupiter;vidgen1m;yttemporal-180m,hdvg130m;hdvila100m;internvid;openvid1m;runway-jupiter;vidgen1m;yttemporal-180m,Allen Institute for AI;Amazon;ByteDance;Kuaishou;Meta;Microsoft;Nvidia;Runway;Snap;Stability AI;Tencent;University of Washington,USED_BY
Edgar Bombril,Edgar Bombril,,1126,1113,0,13,0,0,0,0,0,0,0,0,internvid;runway-jupiter,internvid;runway-jupiter,ByteDance;Runway;Stability AI,USED_BY
JB ONeill,JB ONeill,,1328,1034,82,5,48,48,48,0,28,10,20,5,hdvg130m;hdvila100m;internvid;koala36m;openvid1m;panda70m;runway-jupiter;vidgen1m;youtube8m;yttemporal-180m,hdvg130m;hdvila100m;internvid;openvid1m;runway-jupiter;vidgen1m;yttemporal-180m,Allen Institute for AI;Amazon;ByteDance;Kuaishou;Meta;Microsoft;Nvidia;Runway;Snap;Stability AI;Tencent;University of Washington,USED_BY
Bon Appétit,Bon Appétit,,3707,1396,562,62,421,241,205,287,159,288,64,22,hdvg130m;hdvila100m;howto100m;internvid;koala36m;openvid1m;panda70m;runway-jupiter;vidgen1m;youtube8m;yttemporal-180m,hdvg130m;hdvila100m;internvid;openvid1m;runway-jupiter;vidgen1m;yttemporal-180m,Allen Institute for AI;Amazon;ByteDance;Kuaishou;Meta;Microsoft;Nvidia;Runway;Snap;Stability AI;Tencent;University of Washington,USED_BY
COLORS,COLORS,,916,791,55,47,10,0,0,10,0,2,0,1,howto100m;internvid;openvid1m;panda70m;runway-jupiter;youtube8m;yttemporal-180m,internvid;openvid1m;runway-jupiter;yttemporal-180m,Allen Institute for AI;Amazon;ByteDance;Kuaishou;Microsoft;Nvidia;Runway;Stability AI;University of Washington,USED_BY
Relaxing Campfires,Relaxing Campfires,,53,53,0,0,0,0,0,0,0,0,0,0,runway-jupiter,runway-jupiter,Runway,USED_BY
Rabbids Invasion,Rabbids Invasion,,438,428,0,10,0,0,0,0,0,0,0,0,internvid;runway-jupiter,internvid;runway-jupiter,ByteDance;Runway;Stability AI,USED_BY
Ash and Summer,Ash and Summer,,150,150,0,0,0,0,0,0,0,0,0,0,runway-jupiter,runway-jupiter,Runway,USED_BY
Food52,Food52,,2090,1582,98,14,124,27,27,122,20,66,6,4,hdvg130m;hdvila100m;howto100m;internvid;koala36m;openvid1m;panda70m;runway-jupiter;vidgen1m;youtube8m;yttemporal-180m,hdvg130m;hdvila100m;internvid;openvid1m;runway-jupiter;vidgen1m;yttemporal-180m,Allen Institute for AI;Amazon;ByteDance;Kuaishou;Meta;Microsoft;Nvidia;Runway;Snap;Stability AI;Tencent;University of Washington,USED_BY
235FireFly,235FireFly,,1200,1194,0,3,0,0,0,0,0,0,0,3,internvid;runway-jupiter;youtube8m,internvid;runway-jupiter,ByteDance;Runway;Stability AI,USED_BY
RecipeTin Eats,RecipeTin Eats,,915,900,0,15,0,0,0,0,0,0,0,0,internvid;runway-jupiter,internvid;runway-jupiter,ByteDance;Runway;Stability AI,USED_BY
PeruseProject,PeruseProject,,1046,954,0,3,17,17,17,0,13,0,2,23,hdvg130m;hdvila100m;internvid;koala36m;panda70m;runway-jupiter;vidgen1m;youtube8m,hdvg130m;hdvila100m;internvid;runway-jupiter;vidgen1m,Amazon;ByteDance;Meta;Nvidia;Runway;Snap;Stability AI;Tencent,USED_BY
Canyon Bicycles,Canyon Bicycles,,826,772,4,3,7,4,4,4,3,0,2,23,hdvg130m;hdvila100m;howto100m;internvid;koala36m;panda70m;runway-jupiter;vidgen1m;youtube8m;yttemporal-180m,hdvg130m;hdvila100m;internvid;runway-jupiter;vidgen1m;yttemporal-180m,Allen Institute for AI;Amazon;ByteDance;Meta;Nvidia;Runway;Snap;Stability AI;Tencent;University of Washington,USED_BY
Rajiv Surendra,Rajiv Surendra,,67,67,0,0,0,0,0,0,0,0,0,0,runway-jupiter,runway-jupiter,Runway,USED_BY
Alessio Lacco,Alessio Lacco,,73,70,1,0,1,0,0,1,0,0,0,0,howto100m;panda70m;runway-jupiter;yttemporal-180m,runway-jupiter;yttemporal-180m,Allen Institute for AI;Runway;University of Washington,USED_BY
DK-Aerial,DK-Aerial,,54,54,0,0,0,0,0,0,0,0,0,0,runway-jupiter,runway-jupiter,Runway,USED_BY
Daybird Sanctuary,Daybird Sanctuary,,962,901,9,2,12,9,9,12,3,0,5,0,hdvg130m;hdvila100m;howto100m;internvid;koala36m;panda70m;runway-jupiter;vidgen1m;yttemporal-180m,hdvg130m;hdvila100m;internvid;runway-jupiter;vidgen1m;yttemporal-180m,Allen Institute for AI;Amazon;ByteDance;Meta;Nvidia;Runway;Snap;Stability AI;Tencent;University of Washington,USED_BY
Marshal No Commentary,Marshal No Commentary,,755,755,0,0,0,0,0,0,0,0,0,0,runway-jupiter,runway-jupiter,Runway,USED_BY
Matty Bowman,Matty Bowman,,817,814,0,3,0,0,0,0,0,0,0,0,internvid;runway-jupiter,internvid;runway-jupiter,ByteDance;Runway;Stability AI,USED_BY
COOP3RDRUMM3R,COOP3RDRUMM3R,,1671,1017,185,16,104,100,97,5,65,10,14,58,hdvg130m;hdvila100m;howto100m;internvid;koala36m;openvid1m;panda70m;runway-jupiter;vidgen1m;youtube8m;yttemporal-180m,hdvg130m;hdvila100m;internvid;openvid1m;runway-jupiter;vidgen1m;yttemporal-180m,Allen Institute for AI;Amazon;ByteDance;Kuaishou;Meta;Microsoft;Nvidia;Runway;Snap;Stability AI;Tencent;University of Washington,USED_BY
JoJo's World,JoJo's World,,1095,1092,0,3,0,0,0,0,0,0,0,0,internvid;runway-jupiter,internvid;runway-jupiter,ByteDance;Runway;Stability AI,USED_BY
NIGHTRIDE,NIGHTRIDE,,395,392,0,2,0,0,0,0,0,0,0,1,internvid;runway-jupiter;youtube8m,internvid;runway-jupiter,ByteDance;Runway;Stability AI,USED_BY
Free Stock Footage 89,Free Stock Footage 89,,49,49,0,0,0,0,0,0,0,0,0,0,runway-jupiter,runway-jupiter,Runway,USED_BY
Space Videos,Space Videos,,114,75,2,0,11,11,5,0,7,0,2,1,hdvg130m;hdvila100m;koala36m;panda70m;runway-jupiter;vidgen1m;youtube8m;yttemporal-180m,hdvg130m;hdvila100m;runway-jupiter;vidgen1m;yttemporal-180m,Allen Institute for AI;Amazon;ByteDance;Meta;Nvidia;Runway;Snap;Tencent;University of Washington,USED_BY
Children's Hospital Colorado,Children's Hospital Colorado,,1758,831,201,29,168,169,150,2,113,80,15,0,hdvg130m;hdvila100m;howto100m;internvid;koala36m;openvid1m;panda70m;runway-jupiter;vidgen1m;yttemporal-180m,hdvg130m;hdvila100m;internvid;openvid1m;runway-jupiter;vidgen1m;yttemporal-180m,Allen Institute for AI;Amazon;ByteDance;Kuaishou;Meta;Microsoft;Nvidia;Runway;Snap;Stability AI;Tencent;University of Washington,USED_BY
World Rowing,World Rowing,,1512,1141,117,14,55,55,52,0,36,26,4,12,hdvg130m;hdvila100m;internvid;koala36m;openvid1m;panda70m;runway-jupiter;vidgen1m;youtube8m;yttemporal-180m,hdvg130m;hdvila100m;internvid;openvid1m;runway-jupiter;vidgen1m;yttemporal-180m,Allen Institute for AI;Amazon;ByteDance;Kuaishou;Meta;Microsoft;Nvidia;Runway;Snap;Stability AI;Tencent;University of Washington,USED_BY
The Amazing World of Gumball,The Amazing World of Gumball,,1753,1013,256,94,97,96,93,1,70,4,28,1,hdvg130m;hdvila100m;howto100m;internvid;koala36m;openvid1m;panda70m;runway-jupiter;vidgen1m;youtube8m;yttemporal-180m,hdvg130m;hdvila100m;internvid;openvid1m;runway-jupiter;vidgen1m;yttemporal-180m,Allen Institute for AI;Amazon;ByteDance;Kuaishou;Meta;Microsoft;Nvidia;Runway;Snap;Stability AI;Tencent;University of Washington,USED_BY
GoldieMatic,GoldieMatic,,1267,1267,0,0,0,0,0,0,0,0,0,0,runway-jupiter,runway-jupiter,Runway,USED_BY
MovieTime Hollywood,MovieTime Hollywood,,54,54,0,0,0,0,0,0,0,0,0,0,runway-jupiter,runway-jupiter,Runway,USED_BY
Mr LuckyFrog,Mr LuckyFrog,,49,48,0,1,0,0,0,0,0,0,0,0,internvid;runway-jupiter,internvid;runway-jupiter,ByteDance;Runway;Stability AI,USED_BY
marchingmusicde,marchingmusicde,,92,80,0,0,2,2,2,0,2,0,0,4,hdvg130m;hdvila100m;koala36m;panda70m;runway-jupiter;youtube8m,hdvg130m;hdvila100m;runway-jupiter,ByteDance;Meta;Nvidia;Runway;Snap;Tencent,USED_BY
Flyt Foto Creativ,Flyt Foto Creativ,,64,64,0,0,0,0,0,0,0,0,0,0,runway-jupiter,runway-jupiter,Runway,USED_BY
Reflections of Life,Reflections of Life,,261,242,2,9,2,0,0,2,0,2,0,2,howto100m;internvid;openvid1m;panda70m;runway-jupiter;youtube8m;yttemporal-180m,internvid;openvid1m;runway-jupiter;yttemporal-180m,Allen Institute for AI;Amazon;ByteDance;Kuaishou;Microsoft;Nvidia;Runway;Stability AI;University of Washington,USED_BY
Humanitas,Humanitas,,49,49,0,0,0,0,0,0,0,0,0,0,runway-jupiter,runway-jupiter,Runway,USED_BY
LoungeV Films - Relaxing Music and Nature Sounds,LoungeV Films - Relaxing Music and Nature Sounds,,67,65,0,0,0,0,0,0,0,0,0,2,runway-jupiter;youtube8m,runway-jupiter,Runway,USED_BY
Orphaned Wildlife Center,Orphaned Wildlife Center,,1136,1109,6,0,4,4,4,0,6,2,1,0,hdvg130m;hdvila100m;koala36m;openvid1m;panda70m;runway-jupiter;vidgen1m;yttemporal-180m,hdvg130m;hdvila100m;openvid1m;runway-jupiter;vidgen1m;yttemporal-180m,Allen Institute for AI;Amazon;ByteDance;Kuaishou;Meta;Microsoft;Nvidia;Runway;Snap;Tencent;University of Washington,USED_BY
Brennen Taylor,Brennen Taylor,,2182,982,484,2,170,168,161,3,98,36,78,0,hdvg130m;hdvila100m;howto100m;internvid;koala36m;openvid1m;panda70m;runway-jupiter;vidgen1m;yttemporal-180m,hdvg130m;hdvila100m;internvid;openvid1m;runway-jupiter;vidgen1m;yttemporal-180m,Allen Institute for AI;Amazon;ByteDance;Kuaishou;Meta;Microsoft;Nvidia;Runway;Snap;Stability AI;Tencent;University of Washington,USED_BY
Polychronis Drone,Polychronis Drone,,851,850,0,1,0,0,0,0,0,0,0,0,internvid;runway-jupiter,internvid;runway-jupiter,ByteDance;Runway;Stability AI,USED_BY
Let's Explore,Let's Explore,,1064,1054,0,10,0,0,0,0,0,0,0,0,internvid;runway-jupiter,internvid;runway-jupiter,ByteDance;Runway;Stability AI,USED_BY
Rene ZZ,Rene ZZ,,910,907,0,3,0,0,0,0,0,0,0,0,internvid;runway-jupiter,internvid;runway-jupiter,ByteDance;Runway;Stability AI,USED_BY
This Esme,This Esme,,1916,928,163,25,160,154,151,24,109,138,64,0,hdvg130m;hdvila100m;howto100m;internvid;koala36m;openvid1m;panda70m;runway-jupiter;vidgen1m;yttemporal-180m,hdvg130m;hdvila100m;internvid;openvid1m;runway-jupiter;vidgen1m;yttemporal-180m,Allen Institute for AI;Amazon;ByteDance;Kuaishou;Meta;Microsoft;Nvidia;Runway;Snap;Stability AI;Tencent;University of Washington,USED_BY
Parents !,Parents !,,1162,1110,0,52,0,0,0,0,0,0,0,0,internvid;runway-jupiter,internvid;runway-jupiter,ByteDance;Runway;Stability AI,USED_BY
KayakSessionTV,KayakSessionTV,,1063,959,35,9,11,11,10,0,9,2,4,13,hdvg130m;hdvila100m;internvid;koala36m;openvid1m;panda70m;runway-jupiter;vidgen1m;youtube8m;yttemporal-180m,hdvg130m;hdvila100m;internvid;openvid1m;runway-jupiter;vidgen1m;yttemporal-180m,Allen Institute for AI;Amazon;ByteDance;Kuaishou;Meta;Microsoft;Nvidia;Runway;Snap;Stability AI;Tencent;University of Washington,USED_BY
Kosmo,Kosmo,,139,87,0,52,0,0,0,0,0,0,0,0,internvid;runway-jupiter,internvid;runway-jupiter,ByteDance;Runway;Stability AI,USED_BY
Polonez San Diego,Polonez San Diego,,47,47,0,0,0,0,0,0,0,0,0,0,runway-jupiter,runway-jupiter,Runway,USED_BY
Red Bull Surfing,Red Bull Surfing,,1152,805,93,7,48,49,46,0,37,30,31,6,hdvg130m;hdvila100m;internvid;koala36m;openvid1m;panda70m;runway-jupiter;vidgen1m;youtube8m;yttemporal-180m,hdvg130m;hdvila100m;internvid;openvid1m;runway-jupiter;vidgen1m;yttemporal-180m,Allen Institute for AI;Amazon;ByteDance;Kuaishou;Meta;Microsoft;Nvidia;Runway;Snap;Stability AI;Tencent;University of Washington,USED_BY
Tactical Rifleman,Tactical Rifleman,,1202,662,199,13,81,67,66,17,37,50,10,0,hdvg130m;hdvila100m;howto100m;internvid;koala36m;openvid1m;panda70m;runway-jupiter;vidgen1m;yttemporal-180m,hdvg130m;hdvila100m;internvid;openvid1m;runway-jupiter;vidgen1m;yttemporal-180m,Allen Institute for AI;Amazon;ByteDance;Kuaishou;Meta;Microsoft;Nvidia;Runway;Snap;Stability AI;Tencent;University of Washington,USED_BY
Lowe's Home Improvement,Lowe's Home Improvement,,3158,1152,557,61,415,215,191,287,153,62,30,35,hdvg130m;hdvila100m;howto100m;internvid;koala36m;openvid1m;panda70m;runway-jupiter;vidgen1m;youtube8m;yttemporal-180m,hdvg130m;hdvila100m;internvid;openvid1m;runway-jupiter;vidgen1m;yttemporal-180m,Allen Institute for AI;Amazon;ByteDance;Kuaishou;Meta;Microsoft;Nvidia;Runway;Snap;Stability AI;Tencent;University of Washington,USED_BY
iTrain Hockey,iTrain Hockey,,1053,958,21,18,13,13,13,1,7,2,2,5,hdvg130m;hdvila100m;howto100m;internvid;koala36m;openvid1m;panda70m;runway-jupiter;vidgen1m;youtube8m;yttemporal-180m,hdvg130m;hdvila100m;internvid;openvid1m;runway-jupiter;vidgen1m;yttemporal-180m,Allen Institute for AI;Amazon;ByteDance;Kuaishou;Meta;Microsoft;Nvidia;Runway;Snap;Stability AI;Tencent;University of Washington,USED_BY
Natali Bullock,Natali Bullock,,953,937,3,3,3,1,1,3,1,0,1,0,hdvg130m;hdvila100m;howto100m;internvid;koala36m;panda70m;runway-jupiter;vidgen1m;yttemporal-180m,hdvg130m;hdvila100m;internvid;runway-jupiter;vidgen1m;yttemporal-180m,Allen Institute for AI;Amazon;ByteDance;Meta;Nvidia;Runway;Snap;Stability AI;Tencent;University of Washington,USED_BY
Allie Glines,Allie Glines,,1131,925,69,6,36,34,33,2,14,2,10,0,hdvg130m;hdvila100m;howto100m;internvid;koala36m;openvid1m;panda70m;runway-jupiter;vidgen1m;yttemporal-180m,hdvg130m;hdvila100m;internvid;openvid1m;runway-jupiter;vidgen1m;yttemporal-180m,Allen Institute for AI;Amazon;ByteDance;Kuaishou;Meta;Microsoft;Nvidia;Runway;Snap;Stability AI;Tencent;University of Washington,USED_BY
EchoBeluga,EchoBeluga,,1056,1037,0,3,1,1,1,0,2,0,0,11,hdvg130m;hdvila100m;internvid;koala36m;panda70m;runway-jupiter;youtube8m,hdvg130m;hdvila100m;internvid;runway-jupiter,ByteDance;Meta;Nvidia;Runway;Snap;Stability AI;Tencent,USED_BY
Attractions 360°,Attractions 360°,,1352,1046,16,21,66,66,62,0,36,10,7,22,hdvg130m;hdvila100m;internvid;koala36m;openvid1m;panda70m;runway-jupiter;vidgen1m;youtube8m;yttemporal-180m,hdvg130m;hdvila100m;internvid;openvid1m;runway-jupiter;vidgen1m;yttemporal-180m,Allen Institute for AI;Amazon;ByteDance;Kuaishou;Meta;Microsoft;Nvidia;Runway;Snap;Stability AI;Tencent;University of Washington,USED_BY
Dustin Williams,Dustin Williams,,1192,1116,10,0,14,9,9,10,8,2,3,11,hdvg130m;hdvila100m;howto100m;koala36m;openvid1m;panda70m;runway-jupiter;vidgen1m;youtube8m;yttemporal-180m,hdvg130m;hdvila100m;openvid1m;runway-jupiter;vidgen1m;yttemporal-180m,Allen Institute for AI;Amazon;ByteDance;Kuaishou;Meta;Microsoft;Nvidia;Runway;Snap;Tencent;University of Washington,USED_BY
Sony India,Sony India,,912,902,0,0,2,2,2,0,2,0,0,2,hdvg130m;hdvila100m;koala36m;panda70m;runway-jupiter;youtube8m,hdvg130m;hdvila100m;runway-jupiter,ByteDance;Meta;Nvidia;Runway;Snap;Tencent,USED_BY
Beau Miles,Beau Miles,,67,58,0,9,0,0,0,0,0,0,0,0,internvid;runway-jupiter,internvid;runway-jupiter,ByteDance;Runway;Stability AI,USED_BY
HD Knots,HD Knots,,46,46,0,0,0,0,0,0,0,0,0,0,runway-jupiter,runway-jupiter,Runway,USED_BY
Eric - 8K Nature Film,Eric - 8K Nature Film,,48,48,0,0,0,0,0,0,0,0,0,0,runway-jupiter,runway-jupiter,Runway,USED_BY
Norway with Pål,Norway with Pål,,56,56,0,0,0,0,0,0,0,0,0,0,runway-jupiter,runway-jupiter,Runway,USED_BY
Real Simple,Real Simple,,1035,813,52,17,61,7,7,60,7,4,0,7,hdvg130m;hdvila100m;howto100m;internvid;koala36m;openvid1m;panda70m;runway-jupiter;youtube8m;yttemporal-180m,hdvg130m;hdvila100m;internvid;openvid1m;runway-jupiter;yttemporal-180m,Allen Institute for AI;Amazon;ByteDance;Kuaishou;Meta;Microsoft;Nvidia;Runway;Snap;Stability AI;Tencent;University of Washington,USED_BY
Food Network Canada,Food Network Canada,,1311,1092,45,5,48,16,15,49,13,20,6,2,hdvg130m;hdvila100m;howto100m;internvid;koala36m;openvid1m;panda70m;runway-jupiter;vidgen1m;youtube8m;yttemporal-180m,hdvg130m;hdvila100m;internvid;openvid1m;runway-jupiter;vidgen1m;yttemporal-180m,Allen Institute for AI;Amazon;ByteDance;Kuaishou;Meta;Microsoft;Nvidia;Runway;Snap;Stability AI;Tencent;University of Washington,USED_BY
FNATIC,FNATIC,,863,861,0,2,0,0,0,0,0,0,0,0,internvid;runway-jupiter,internvid;runway-jupiter,ByteDance;Runway;Stability AI,USED_BY
Red Arcade,Red Arcade,,924,921,0,2,0,0,0,0,0,0,0,1,internvid;runway-jupiter;youtube8m,internvid;runway-jupiter,ByteDance;Runway;Stability AI,USED_BY
Relaxing House Sounds,Relaxing House Sounds,,89,88,0,1,0,0,0,0,0,0,0,0,internvid;runway-jupiter,internvid;runway-jupiter,ByteDance;Runway;Stability AI,USED_BY
Mr. M,Mr. M,,86,78,0,7,0,0,0,0,0,0,0,1,internvid;runway-jupiter;youtube8m,internvid;runway-jupiter,ByteDance;Runway;Stability AI,USED_BY
Soothing Nature Escapes,Soothing Nature Escapes,,45,45,0,0,0,0,0,0,0,0,0,0,runway-jupiter,runway-jupiter,Runway,USED_BY
DW Documentary,DW Documentary,,4035,925,211,18,546,548,518,1,367,674,227,0,hdvg130m;hdvila100m;howto100m;internvid;koala36m;openvid1m;panda70m;runway-jupiter;vidgen1m;yttemporal-180m,hdvg130m;hdvila100m;internvid;openvid1m;runway-jupiter;vidgen1m;yttemporal-180m,Allen Institute for AI;Amazon;ByteDance;Kuaishou;Meta;Microsoft;Nvidia;Runway;Snap;Stability AI;Tencent;University of Washington,USED_BY
GUCCI,GUCCI,,753,740,0,6,0,0,0,0,0,0,0,7,internvid;runway-jupiter;youtube8m,internvid;runway-jupiter,ByteDance;Runway;Stability AI,USED_BY
Relaxing Soundzzz,Relaxing Soundzzz,,45,45,0,0,0,0,0,0,0,0,0,0,runway-jupiter,runway-jupiter,Runway,USED_BY
Pogo,Pogo,,1100,1095,0,2,0,0,0,0,0,0,0,3,internvid;runway-jupiter;youtube8m,internvid;runway-jupiter,ByteDance;Runway;Stability AI,USED_BY
We Bodyboard,We Bodyboard,,768,767,0,1,0,0,0,0,0,0,0,0,internvid;runway-jupiter,internvid;runway-jupiter,ByteDance;Runway;Stability AI,USED_BY
HD Melbourne Aviation,HD Melbourne Aviation,,1040,1038,0,2,0,0,0,0,0,0,0,0,internvid;runway-jupiter,internvid;runway-jupiter,ByteDance;Runway;Stability AI,USED_BY
Oggy & his friends,Oggy & his friends,,1087,1087,0,0,0,0,0,0,0,0,0,0,runway-jupiter,runway-jupiter,Runway,USED_BY
Viator,Viator,,1087,993,5,14,14,14,10,5,12,6,1,13,hdvg130m;hdvila100m;howto100m;internvid;koala36m;openvid1m;panda70m;runway-jupiter;vidgen1m;youtube8m;yttemporal-180m,hdvg130m;hdvila100m;internvid;openvid1m;runway-jupiter;vidgen1m;yttemporal-180m,Allen Institute for AI;Amazon;ByteDance;Kuaishou;Meta;Microsoft;Nvidia;Runway;Snap;Stability AI;Tencent;University of Washington,USED_BY
New York Philharmonic,New York Philharmonic,,1106,1058,0,3,4,4,4,0,5,2,0,26,hdvg130m;hdvila100m;internvid;koala36m;openvid1m;panda70m;runway-jupiter;youtube8m,hdvg130m;hdvila100m;internvid;openvid1m;runway-jupiter,Amazon;ByteDance;Kuaishou;Meta;Microsoft;Nvidia;Runway;Snap;Stability AI;Tencent,USED_BY
Soultone Cymbals,Soultone Cymbals,,1049,999,0,4,0,0,0,0,0,0,0,46,internvid;runway-jupiter;youtube8m,internvid;runway-jupiter,ByteDance;Runway;Stability AI,USED_BY
DirtFish,DirtFish,,1105,1082,0,23,0,0,0,0,0,0,0,0,internvid;runway-jupiter,internvid;runway-jupiter,ByteDance;Runway;Stability AI,USED_BY
NDR Doku,NDR Doku,,1036,1035,0,1,0,0,0,0,0,0,0,0,internvid;runway-jupiter,internvid;runway-jupiter,ByteDance;Runway;Stability AI,USED_BY
Shaves and Massages,Shaves and Massages,,47,47,0,0,0,0,0,0,0,0,0,0,runway-jupiter,runway-jupiter,Runway,USED_BY
Animated,Animated,,611,424,48,3,46,45,21,1,19,0,4,0,hdvg130m;hdvila100m;howto100m;internvid;koala36m;panda70m;runway-jupiter;vidgen1m;yttemporal-180m,hdvg130m;hdvila100m;internvid;runway-jupiter;vidgen1m;yttemporal-180m,Allen Institute for AI;Amazon;ByteDance;Meta;Nvidia;Runway;Snap;Stability AI;Tencent;University of Washington,USED_BY
Airplane Mode Channel,Airplane Mode Channel,,48,48,0,0,0,0,0,0,0,0,0,0,runway-jupiter,runway-jupiter,Runway,USED_BY
Magical Fireplace Flames,Magical Fireplace Flames,,46,46,0,0,0,0,0,0,0,0,0,0,runway-jupiter,runway-jupiter,Runway,USED_BY
8K Video Art,8K Video Art,,44,44,0,0,0,0,0,0,0,0,0,0,runway-jupiter,runway-jupiter,Runway,USED_BY
Easy Cooking,Easy Cooking,,215,201,1,1,6,0,0,6,0,0,0,0,howto100m;internvid;panda70m;runway-jupiter;yttemporal-180m,internvid;runway-jupiter;yttemporal-180m,Allen Institute for AI;ByteDance;Runway;Stability AI;University of Washington,USED_BY
АРТ Клякса,АРТ Клякса,,730,719,0,11,0,0,0,0,0,0,0,0,internvid;runway-jupiter,internvid;runway-jupiter,ByteDance;Runway;Stability AI,USED_BY
Michael Casagrande,Michael Casagrande,,1100,1072,0,0,0,0,0,0,0,0,0,28,runway-jupiter;youtube8m,runway-jupiter,Runway,USED_BY
PastimeAthletics,PastimeAthletics,,1068,1061,0,7,0,0,0,0,0,0,0,0,internvid;runway-jupiter,internvid;runway-jupiter,ByteDance;Runway;Stability AI,USED_BY
GameClips,GameClips,,1598,1578,0,20,0,0,0,0,0,0,0,0,internvid;runway-jupiter,internvid;runway-jupiter,ByteDance;Runway;Stability AI,USED_BY
Infinite Visual,Infinite Visual,,678,678,0,0,0,0,0,0,0,0,0,0,runway-jupiter,runway-jupiter,Runway,USED_BY
A Concord Carpenter / ToolBoxBuzz,A Concord Carpenter / ToolBoxBuzz,,1385,991,66,12,82,44,43,79,33,6,2,27,hdvg130m;hdvila100m;howto100m;internvid;koala36m;openvid1m;panda70m;runway-jupiter;vidgen1m;youtube8m;yttemporal-180m,hdvg130m;hdvila100m;internvid;openvid1m;runway-jupiter;vidgen1m;yttemporal-180m,Allen Institute for AI;Amazon;ByteDance;Kuaishou;Meta;Microsoft;Nvidia;Runway;Snap;Stability AI;Tencent;University of Washington,USED_BY
TDi Media,TDi Media,,866,838,2,12,3,3,3,2,0,0,2,1,hdvila100m;howto100m;internvid;koala36m;panda70m;runway-jupiter;vidgen1m;youtube8m;yttemporal-180m,hdvila100m;internvid;runway-jupiter;vidgen1m;yttemporal-180m,Allen Institute for AI;Amazon;ByteDance;Meta;Nvidia;Runway;Snap;Stability AI;Tencent;University of Washington,USED_BY
하이푸디 HiFoodie,하이푸디 HiFoodie,,768,754,0,14,0,0,0,0,0,0,0,0,internvid;runway-jupiter,internvid;runway-jupiter,ByteDance;Runway;Stability AI,USED_BY
야미보이 Yummyboy,야미보이 Yummyboy,,931,872,0,59,0,0,0,0,0,0,0,0,internvid;runway-jupiter,internvid;runway-jupiter,ByteDance;Runway;Stability AI,USED_BY
Flexshow,Flexshow,,259,257,0,2,0,0,0,0,0,0,0,0,internvid;runway-jupiter,internvid;runway-jupiter,ByteDance;Runway;Stability AI,USED_BY
STORROR,STORROR,,532,501,0,19,0,0,0,0,0,0,0,12,internvid;runway-jupiter;youtube8m,internvid;runway-jupiter,ByteDance;Runway;Stability AI,USED_BY
Peter McKinnon,Peter McKinnon,,1424,621,260,34,119,104,103,29,61,52,41,0,hdvg130m;hdvila100m;howto100m;internvid;koala36m;openvid1m;panda70m;runway-jupiter;vidgen1m;yttemporal-180m,hdvg130m;hdvila100m;internvid;openvid1m;runway-jupiter;vidgen1m;yttemporal-180m,Allen Institute for AI;Amazon;ByteDance;Kuaishou;Meta;Microsoft;Nvidia;Runway;Snap;Stability AI;Tencent;University of Washington,USED_BY
Fairyland Cottage,Fairyland Cottage,,410,233,36,4,42,20,17,42,8,4,4,0,hdvg130m;hdvila100m;howto100m;internvid;koala36m;openvid1m;panda70m;runway-jupiter;vidgen1m;yttemporal-180m,hdvg130m;hdvila100m;internvid;openvid1m;runway-jupiter;vidgen1m;yttemporal-180m,Allen Institute for AI;Amazon;ByteDance;Kuaishou;Meta;Microsoft;Nvidia;Runway;Snap;Stability AI;Tencent;University of Washington,USED_BY
Safari Wonders 4K,Safari Wonders 4K,,43,43,0,0,0,0,0,0,0,0,0,0,runway-jupiter,runway-jupiter,Runway,USED_BY
PbNation Paintball,PbNation Paintball,,1266,783,165,8,79,78,72,5,57,4,10,5,hdvg130m;hdvila100m;howto100m;internvid;koala36m;openvid1m;panda70m;runway-jupiter;vidgen1m;youtube8m;yttemporal-180m,hdvg130m;hdvila100m;internvid;openvid1m;runway-jupiter;vidgen1m;yttemporal-180m,Allen Institute for AI;Amazon;ByteDance;Kuaishou;Meta;Microsoft;Nvidia;Runway;Snap;Stability AI;Tencent;University of Washington,USED_BY
TheStradman,TheStradman,,3511,982,470,9,446,446,433,2,302,182,230,9,hdvg130m;hdvila100m;howto100m;internvid;koala36m;openvid1m;panda70m;runway-jupiter;vidgen1m;youtube8m;yttemporal-180m,hdvg130m;hdvila100m;internvid;openvid1m;runway-jupiter;vidgen1m;yttemporal-180m,Allen Institute for AI;Amazon;ByteDance;Kuaishou;Meta;Microsoft;Nvidia;Runway;Snap;Stability AI;Tencent;University of Washington,USED_BY
International Federation of Sport Climbing,International Federation of Sport Climbing,,1649,1174,159,2,78,78,73,0,55,12,11,7,hdvg130m;hdvila100m;internvid;koala36m;openvid1m;panda70m;runway-jupiter;vidgen1m;youtube8m;yttemporal-180m,hdvg130m;hdvila100m;internvid;openvid1m;runway-jupiter;vidgen1m;yttemporal-180m,Allen Institute for AI;Amazon;ByteDance;Kuaishou;Meta;Microsoft;Nvidia;Runway;Snap;Stability AI;Tencent;University of Washington,USED_BY
Farming Fixing & Fabricating,Farming Fixing & Fabricating,,1157,922,58,4,40,39,38,2,27,8,17,2,hdvg130m;hdvila100m;howto100m;internvid;koala36m;openvid1m;panda70m;runway-jupiter;vidgen1m;youtube8m;yttemporal-180m,hdvg130m;hdvila100m;internvid;openvid1m;runway-jupiter;vidgen1m;yttemporal-180m,Allen Institute for AI;Amazon;ByteDance;Kuaishou;Meta;Microsoft;Nvidia;Runway;Snap;Stability AI;Tencent;University of Washington,USED_BY
KickinTheirBASSTV,KickinTheirBASSTV,,1877,996,395,2,118,117,109,6,66,24,36,8,hdvg130m;hdvila100m;howto100m;internvid;koala36m;openvid1m;panda70m;runway-jupiter;vidgen1m;youtube8m;yttemporal-180m,hdvg130m;hdvila100m;internvid;openvid1m;runway-jupiter;vidgen1m;yttemporal-180m,Allen Institute for AI;Amazon;ByteDance;Kuaishou;Meta;Microsoft;Nvidia;Runway;Snap;Stability AI;Tencent;University of Washington,USED_BY
Simply Railway,Simply Railway,,308,308,0,0,0,0,0,0,0,0,0,0,runway-jupiter,runway-jupiter,Runway,USED_BY
Finny The Shark,Finny The Shark,,60,56,0,4,0,0,0,0,0,0,0,0,internvid;runway-jupiter,internvid;runway-jupiter,ByteDance;Runway;Stability AI,USED_BY
World Footvolley,World Footvolley,,53,43,0,10,0,0,0,0,0,0,0,0,internvid;runway-jupiter,internvid;runway-jupiter,ByteDance;Runway;Stability AI,USED_BY
Eugenia Diaz,Eugenia Diaz,,44,43,0,1,0,0,0,0,0,0,0,0,internvid;runway-jupiter,internvid;runway-jupiter,ByteDance;Runway;Stability AI,USED_BY
Sur Ronster,Sur Ronster,,249,246,0,3,0,0,0,0,0,0,0,0,internvid;runway-jupiter,internvid;runway-jupiter,ByteDance;Runway;Stability AI,USED_BY
Adventures with BENG!,Adventures with BENG!,,121,121,0,0,0,0,0,0,0,0,0,0,runway-jupiter,runway-jupiter,Runway,USED_BY
Go To Space,Go To Space,,143,137,0,6,0,0,0,0,0,0,0,0,internvid;runway-jupiter,internvid;runway-jupiter,ByteDance;Runway;Stability AI,USED_BY
Chef Grandma Cooking,Chef Grandma Cooking,,153,153,0,0,0,0,0,0,0,0,0,0,runway-jupiter,runway-jupiter,Runway,USED_BY
Adrian Sanso-Ali,Adrian Sanso-Ali,,74,74,0,0,0,0,0,0,0,0,0,0,runway-jupiter,runway-jupiter,Runway,USED_BY
Jon Olsson,Jon Olsson,,2536,945,600,7,213,212,208,1,132,114,97,7,hdvg130m;hdvila100m;howto100m;internvid;koala36m;openvid1m;panda70m;runway-jupiter;vidgen1m;youtube8m;yttemporal-180m,hdvg130m;hdvila100m;internvid;openvid1m;runway-jupiter;vidgen1m;yttemporal-180m,Allen Institute for AI;Amazon;ByteDance;Kuaishou;Meta;Microsoft;Nvidia;Runway;Snap;Stability AI;Tencent;University of Washington,USED_BY
Lakewood Church,Lakewood Church,,976,974,0,2,0,0,0,0,0,0,0,0,internvid;runway-jupiter,internvid;runway-jupiter,ByteDance;Runway;Stability AI,USED_BY
SilentMike,SilentMike,,689,685,0,4,0,0,0,0,0,0,0,0,internvid;runway-jupiter,internvid;runway-jupiter,ByteDance;Runway;Stability AI,USED_BY
Amp World,Amp World,,805,796,0,9,0,0,0,0,0,0,0,0,internvid;runway-jupiter,internvid;runway-jupiter,ByteDance;Runway;Stability AI,USED_BY
MAX,MAX,,4208,3901,34,96,19,17,12,5,14,0,2,108,hdvg130m;hdvila100m;howto100m;internvid;koala36m;panda70m;runway-jupiter;vidgen1m;youtube8m;yttemporal-180m,hdvg130m;hdvila100m;internvid;runway-jupiter;vidgen1m;yttemporal-180m,Allen Institute for AI;Amazon;ByteDance;Meta;Nvidia;Runway;Snap;Stability AI;Tencent;University of Washington,USED_BY
Sharp Tamil Gaming,Sharp Tamil Gaming,,725,722,0,3,0,0,0,0,0,0,0,0,internvid;runway-jupiter,internvid;runway-jupiter,ByteDance;Runway;Stability AI,USED_BY
Give it a Grow,Give it a Grow,,1608,1035,100,18,136,59,58,137,33,20,12,0,hdvg130m;hdvila100m;howto100m;internvid;koala36m;openvid1m;panda70m;runway-jupiter;vidgen1m;yttemporal-180m,hdvg130m;hdvila100m;internvid;openvid1m;runway-jupiter;vidgen1m;yttemporal-180m,Allen Institute for AI;Amazon;ByteDance;Kuaishou;Meta;Microsoft;Nvidia;Runway;Snap;Stability AI;Tencent;University of Washington,USED_BY
Mrwhosetheboss,Mrwhosetheboss,,6480,1570,525,68,1060,1058,1008,15,706,282,158,30,hdvg130m;hdvila100m;howto100m;internvid;koala36m;openvid1m;panda70m;runway-jupiter;vidgen1m;youtube8m;yttemporal-180m,hdvg130m;hdvila100m;internvid;openvid1m;runway-jupiter;vidgen1m;yttemporal-180m,Allen Institute for AI;Amazon;ByteDance;Kuaishou;Meta;Microsoft;Nvidia;Runway;Snap;Stability AI;Tencent;University of Washington,USED_BY
Aamchi Mumbai,Aamchi Mumbai,,915,896,0,19,0,0,0,0,0,0,0,0,internvid;runway-jupiter,internvid;runway-jupiter,ByteDance;Runway;Stability AI,USED_BY
Dokter Gigi Tri Putra,Dokter Gigi Tri Putra,,702,699,0,3,0,0,0,0,0,0,0,0,internvid;runway-jupiter,internvid;runway-jupiter,ByteDance;Runway;Stability AI,USED_BY
Vania Mania French,Vania Mania French,,709,708,0,1,0,0,0,0,0,0,0,0,internvid;runway-jupiter,internvid;runway-jupiter,ByteDance;Runway;Stability AI,USED_BY
Japanese Bakery Tour,Japanese Bakery Tour,,53,53,0,0,0,0,0,0,0,0,0,0,runway-jupiter,runway-jupiter,Runway,USED_BY
Relaxing Scenes - Driving,Relaxing Scenes - Driving,,42,42,0,0,0,0,0,0,0,0,0,0,runway-jupiter,runway-jupiter,Runway,USED_BY
Prop Clear,Prop Clear,,46,46,0,0,0,0,0,0,0,0,0,0,runway-jupiter,runway-jupiter,Runway,USED_BY
Ottawa Public Health,Ottawa Public Health,,495,482,0,13,0,0,0,0,0,0,0,0,internvid;runway-jupiter,internvid;runway-jupiter,ByteDance;Runway;Stability AI,USED_BY
STREAM WARS,STREAM WARS,,749,737,0,12,0,0,0,0,0,0,0,0,internvid;runway-jupiter,internvid;runway-jupiter,ByteDance;Runway;Stability AI,USED_BY
NBCivicTheatre,NBCivicTheatre,,847,847,0,0,0,0,0,0,0,0,0,0,runway-jupiter,runway-jupiter,Runway,USED_BY
BeyondGrappling,BeyondGrappling,,771,752,1,7,4,0,0,4,0,0,0,3,howto100m;internvid;panda70m;runway-jupiter;youtube8m;yttemporal-180m,internvid;runway-jupiter;yttemporal-180m,Allen Institute for AI;ByteDance;Runway;Stability AI;University of Washington,USED_BY
IndianRaga,IndianRaga,,772,760,0,1,1,1,1,0,0,0,0,8,hdvila100m;internvid;koala36m;panda70m;runway-jupiter;youtube8m,hdvila100m;internvid;runway-jupiter,ByteDance;Meta;Runway;Snap;Stability AI;Tencent,USED_BY
AudioPhil,AudioPhil,,987,986,0,1,0,0,0,0,0,0,0,0,internvid;runway-jupiter,internvid;runway-jupiter,ByteDance;Runway;Stability AI,USED_BY
Red Chillies Entertainment,Red Chillies Entertainment,,907,895,1,4,2,0,0,2,0,0,0,3,howto100m;internvid;panda70m;runway-jupiter;youtube8m;yttemporal-180m,internvid;runway-jupiter;yttemporal-180m,Allen Institute for AI;ByteDance;Runway;Stability AI;University of Washington,USED_BY
THE ENCHANTED VILLAGE OF PINOCCHIO,THE ENCHANTED VILLAGE OF PINOCCHIO,,40,40,0,0,0,0,0,0,0,0,0,0,runway-jupiter,runway-jupiter,Runway,USED_BY
MILAN ON TREND,MILAN ON TREND,,40,40,0,0,0,0,0,0,0,0,0,0,runway-jupiter,runway-jupiter,Runway,USED_BY
Major League Paintball,Major League Paintball,,797,796,0,1,0,0,0,0,0,0,0,0,internvid;runway-jupiter,internvid;runway-jupiter,ByteDance;Runway;Stability AI,USED_BY
الاسطي ELOSTA,الاسطي ELOSTA,,303,274,0,29,0,0,0,0,0,0,0,0,internvid;runway-jupiter,internvid;runway-jupiter,ByteDance;Runway;Stability AI,USED_BY
Guangdong Lightful laser (Kitty Lyu),Guangdong Lightful laser (Kitty Lyu),,52,51,0,1,0,0,0,0,0,0,0,0,internvid;runway-jupiter,internvid;runway-jupiter,ByteDance;Runway;Stability AI,USED_BY
Outdoor Boys,Outdoor Boys,,783,374,134,13,61,46,45,21,26,42,21,0,hdvg130m;hdvila100m;howto100m;internvid;koala36m;openvid1m;panda70m;runway-jupiter;vidgen1m;yttemporal-180m,hdvg130m;hdvila100m;internvid;openvid1m;runway-jupiter;vidgen1m;yttemporal-180m,Allen Institute for AI;Amazon;ByteDance;Kuaishou;Meta;Microsoft;Nvidia;Runway;Snap;Stability AI;Tencent;University of Washington,USED_BY
Ahmad Tea,Ahmad Tea,,88,72,2,3,3,1,1,3,2,0,0,1,hdvg130m;hdvila100m;howto100m;internvid;koala36m;panda70m;runway-jupiter;youtube8m;yttemporal-180m,hdvg130m;hdvila100m;internvid;runway-jupiter;yttemporal-180m,Allen Institute for AI;ByteDance;Meta;Nvidia;Runway;Snap;Stability AI;Tencent;University of Washington,USED_BY
Mike Day Concrete (Everything About Concrete),Mike Day Concrete (Everything About Concrete),,977,928,2,39,2,1,1,2,2,0,0,0,hdvg130m;hdvila100m;howto100m;internvid;koala36m;panda70m;runway-jupiter;yttemporal-180m,hdvg130m;hdvila100m;internvid;runway-jupiter;yttemporal-180m,Allen Institute for AI;ByteDance;Meta;Nvidia;Runway;Snap;Stability AI;Tencent;University of Washington,USED_BY
Kirsten Dirksen,Kirsten Dirksen,,2040,950,291,11,222,117,114,140,77,62,38,18,hdvg130m;hdvila100m;howto100m;internvid;koala36m;openvid1m;panda70m;runway-jupiter;vidgen1m;youtube8m;yttemporal-180m,hdvg130m;hdvila100m;internvid;openvid1m;runway-jupiter;vidgen1m;yttemporal-180m,Allen Institute for AI;Amazon;ByteDance;Kuaishou;Meta;Microsoft;Nvidia;Runway;Snap;Stability AI;Tencent;University of Washington,USED_BY
Quiksilver,Quiksilver,,1092,971,0,5,14,14,14,0,9,0,1,64,hdvg130m;hdvila100m;internvid;koala36m;panda70m;runway-jupiter;vidgen1m;youtube8m,hdvg130m;hdvila100m;internvid;runway-jupiter;vidgen1m,Amazon;ByteDance;Meta;Nvidia;Runway;Snap;Stability AI;Tencent,USED_BY
Xureila,Xureila,,791,788,0,1,1,0,0,1,0,0,0,0,howto100m;internvid;panda70m;runway-jupiter,internvid;runway-jupiter,ByteDance;Runway;Stability AI,USED_BY
Rhia Official,Rhia Official,,707,691,0,16,0,0,0,0,0,0,0,0,internvid;runway-jupiter,internvid;runway-jupiter,ByteDance;Runway;Stability AI,USED_BY
Lebanese Weddings,Lebanese Weddings,,855,855,0,0,0,0,0,0,0,0,0,0,runway-jupiter,runway-jupiter,Runway,USED_BY
Mr JWW,Mr JWW,,2986,798,367,10,334,335,323,0,222,442,155,0,hdvg130m;hdvila100m;internvid;koala36m;openvid1m;panda70m;runway-jupiter;vidgen1m;yttemporal-180m,hdvg130m;hdvila100m;internvid;openvid1m;runway-jupiter;vidgen1m;yttemporal-180m,Allen Institute for AI;Amazon;ByteDance;Kuaishou;Meta;Microsoft;Nvidia;Runway;Snap;Stability AI;Tencent;University of Washington,USED_BY
NOVA PBS Official,NOVA PBS Official,,847,798,0,14,5,5,4,0,2,2,1,16,hdvg130m;hdvila100m;internvid;koala36m;openvid1m;panda70m;runway-jupiter;vidgen1m;youtube8m,hdvg130m;hdvila100m;internvid;openvid1m;runway-jupiter;vidgen1m,Amazon;ByteDance;Kuaishou;Meta;Microsoft;Nvidia;Runway;Snap;Stability AI;Tencent,USED_BY
KAZAN,KAZAN,,760,755,0,5,0,0,0,0,0,0,0,0,internvid;runway-jupiter,internvid;runway-jupiter,ByteDance;Runway;Stability AI,USED_BY
Gardening Australia,Gardening Australia,,720,662,0,58,0,0,0,0,0,0,0,0,internvid;runway-jupiter,internvid;runway-jupiter,ByteDance;Runway;Stability AI,USED_BY
Paul Stamets,Paul Stamets,,101,93,1,2,1,0,0,1,0,0,0,3,howto100m;internvid;panda70m;runway-jupiter;youtube8m;yttemporal-180m,internvid;runway-jupiter;yttemporal-180m,Allen Institute for AI;ByteDance;Runway;Stability AI;University of Washington,USED_BY
Forest Film Studio,Forest Film Studio,,44,44,0,0,0,0,0,0,0,0,0,0,runway-jupiter,runway-jupiter,Runway,USED_BY
Dead Sound,Dead Sound,,68,66,0,2,0,0,0,0,0,0,0,0,internvid;runway-jupiter,internvid;runway-jupiter,ByteDance;Runway;Stability AI,USED_BY
The House Bowling,The House Bowling,,594,571,0,23,0,0,0,0,0,0,0,0,internvid;runway-jupiter,internvid;runway-jupiter,ByteDance;Runway;Stability AI,USED_BY
Jog for Joy,Jog for Joy,,74,74,0,0,0,0,0,0,0,0,0,0,runway-jupiter,runway-jupiter,Runway,USED_BY
Jago Hazzard,Jago Hazzard,,606,603,0,3,0,0,0,0,0,0,0,0,internvid;runway-jupiter,internvid;runway-jupiter,ByteDance;Runway;Stability AI,USED_BY
Arc'teryx,Arc'teryx,,822,800,5,7,2,1,0,1,0,0,0,6,hdvila100m;howto100m;internvid;panda70m;runway-jupiter;youtube8m;yttemporal-180m,hdvila100m;internvid;runway-jupiter;yttemporal-180m,Allen Institute for AI;ByteDance;Meta;Runway;Snap;Stability AI;Tencent;University of Washington,USED_BY
American Ninja Warrior,American Ninja Warrior,,1184,797,279,0,41,41,3,0,21,2,0,0,hdvg130m;hdvila100m;koala36m;openvid1m;panda70m;runway-jupiter;yttemporal-180m,hdvg130m;hdvila100m;openvid1m;runway-jupiter;yttemporal-180m,Allen Institute for AI;Amazon;ByteDance;Kuaishou;Meta;Microsoft;Nvidia;Runway;Snap;Tencent;University of Washington,USED_BY
Zak George’s Dog Training Revolution,Zak George’s Dog Training Revolution,,1078,721,45,43,52,44,42,50,39,16,22,4,hdvg130m;hdvila100m;howto100m;internvid;koala36m;openvid1m;panda70m;runway-jupiter;vidgen1m;youtube8m;yttemporal-180m,hdvg130m;hdvila100m;internvid;openvid1m;runway-jupiter;vidgen1m;yttemporal-180m,Allen Institute for AI;Amazon;ByteDance;Kuaishou;Meta;Microsoft;Nvidia;Runway;Snap;Stability AI;Tencent;University of Washington,USED_BY
Marion's Kitchen,Marion's Kitchen,,1938,898,272,26,159,114,109,64,84,170,42,0,hdvg130m;hdvila100m;howto100m;internvid;koala36m;openvid1m;panda70m;runway-jupiter;vidgen1m;yttemporal-180m,hdvg130m;hdvila100m;internvid;openvid1m;runway-jupiter;vidgen1m;yttemporal-180m,Allen Institute for AI;Amazon;ByteDance;Kuaishou;Meta;Microsoft;Nvidia;Runway;Snap;Stability AI;Tencent;University of Washington,USED_BY
Juggernaut Training Systems,Juggernaut Training Systems,,1172,1125,1,12,5,5,5,1,2,0,1,15,hdvg130m;hdvila100m;howto100m;internvid;koala36m;panda70m;runway-jupiter;vidgen1m;youtube8m;yttemporal-180m,hdvg130m;hdvila100m;internvid;runway-jupiter;vidgen1m;yttemporal-180m,Allen Institute for AI;Amazon;ByteDance;Meta;Nvidia;Runway;Snap;Stability AI;Tencent;University of Washington,USED_BY
Coco der Neugierige Affe,Coco der Neugierige Affe,,831,829,0,2,0,0,0,0,0,0,0,0,internvid;runway-jupiter,internvid;runway-jupiter,ByteDance;Runway;Stability AI,USED_BY
Marvel HQ,Marvel HQ,,1380,868,185,5,90,89,66,1,56,6,14,0,hdvg130m;hdvila100m;howto100m;internvid;koala36m;openvid1m;panda70m;runway-jupiter;vidgen1m;yttemporal-180m,hdvg130m;hdvila100m;internvid;openvid1m;runway-jupiter;vidgen1m;yttemporal-180m,Allen Institute for AI;Amazon;ByteDance;Kuaishou;Meta;Microsoft;Nvidia;Runway;Snap;Stability AI;Tencent;University of Washington,USED_BY
WOW Bear - Official Channel,WOW Bear - Official Channel,,649,649,0,0,0,0,0,0,0,0,0,0,runway-jupiter,runway-jupiter,Runway,USED_BY
VMS Construction,VMS Construction,,941,941,0,0,0,0,0,0,0,0,0,0,runway-jupiter,runway-jupiter,Runway,USED_BY
ThirstyHyena,ThirstyHyena,,804,748,0,0,11,11,11,0,8,0,2,13,hdvg130m;hdvila100m;koala36m;panda70m;runway-jupiter;vidgen1m;youtube8m,hdvg130m;hdvila100m;runway-jupiter;vidgen1m,Amazon;ByteDance;Meta;Nvidia;Runway;Snap;Tencent,USED_BY
Animal Shelter,Animal Shelter,,840,828,0,12,0,0,0,0,0,0,0,0,internvid;runway-jupiter,internvid;runway-jupiter,ByteDance;Runway;Stability AI,USED_BY
Teton Gravity Research,Teton Gravity Research,,1720,1037,235,4,107,106,95,2,58,22,17,37,hdvg130m;hdvila100m;howto100m;internvid;koala36m;openvid1m;panda70m;runway-jupiter;vidgen1m;youtube8m;yttemporal-180m,hdvg130m;hdvila100m;internvid;openvid1m;runway-jupiter;vidgen1m;yttemporal-180m,Allen Institute for AI;Amazon;ByteDance;Kuaishou;Meta;Microsoft;Nvidia;Runway;Snap;Stability AI;Tencent;University of Washington,USED_BY
Clippedinandfree,Clippedinandfree,,68,68,0,0,0,0,0,0,0,0,0,0,runway-jupiter,runway-jupiter,Runway,USED_BY
Coffee Breaks & Soundscapes,Coffee Breaks & Soundscapes,,72,72,0,0,0,0,0,0,0,0,0,0,runway-jupiter,runway-jupiter,Runway,USED_BY
Art21,Art21,,761,693,2,9,7,6,6,2,3,0,2,31,hdvg130m;hdvila100m;howto100m;internvid;koala36m;panda70m;runway-jupiter;vidgen1m;youtube8m;yttemporal-180m,hdvg130m;hdvila100m;internvid;runway-jupiter;vidgen1m;yttemporal-180m,Allen Institute for AI;Amazon;ByteDance;Meta;Nvidia;Runway;Snap;Stability AI;Tencent;University of Washington,USED_BY
J Utah,J Utah,,552,548,1,0,1,1,1,0,0,0,0,0,hdvila100m;koala36m;panda70m;runway-jupiter;yttemporal-180m,hdvila100m;runway-jupiter;yttemporal-180m,Allen Institute for AI;ByteDance;Meta;Runway;Snap;Tencent;University of Washington,USED_BY
Joy Of Gaming,Joy Of Gaming,,878,874,0,4,0,0,0,0,0,0,0,0,internvid;runway-jupiter,internvid;runway-jupiter,ByteDance;Runway;Stability AI,USED_BY
CaseyNeistat,CaseyNeistat,,2883,991,615,14,307,291,280,25,173,88,91,8,hdvg130m;hdvila100m;howto100m;internvid;koala36m;openvid1m;panda70m;runway-jupiter;vidgen1m;youtube8m;yttemporal-180m,hdvg130m;hdvila100m;internvid;openvid1m;runway-jupiter;vidgen1m;yttemporal-180m,Allen Institute for AI;Amazon;ByteDance;Kuaishou;Meta;Microsoft;Nvidia;Runway;Snap;Stability AI;Tencent;University of Washington,USED_BY
Egameplay4U,Egameplay4U,,923,923,0,0,0,0,0,0,0,0,0,0,runway-jupiter,runway-jupiter,Runway,USED_BY
Tomasz Strzelczyk ODDASZFARTUCHA,Tomasz Strzelczyk ODDASZFARTUCHA,,829,829,0,0,0,0,0,0,0,0,0,0,runway-jupiter,runway-jupiter,Runway,USED_BY
Dr. Shereene Idriss,Dr. Shereene Idriss,,869,863,0,6,0,0,0,0,0,0,0,0,internvid;runway-jupiter,internvid;runway-jupiter,ByteDance;Runway;Stability AI,USED_BY
George Mouse,George Mouse,,475,475,0,0,0,0,0,0,0,0,0,0,runway-jupiter,runway-jupiter,Runway,USED_BY
Nitro Circus,Nitro Circus,,2240,1089,381,16,185,183,173,5,131,42,25,10,hdvg130m;hdvila100m;howto100m;internvid;koala36m;openvid1m;panda70m;runway-jupiter;vidgen1m;youtube8m;yttemporal-180m,hdvg130m;hdvila100m;internvid;openvid1m;runway-jupiter;vidgen1m;yttemporal-180m,Allen Institute for AI;Amazon;ByteDance;Kuaishou;Meta;Microsoft;Nvidia;Runway;Snap;Stability AI;Tencent;University of Washington,USED_BY
Modern Movement Creative Inc,Modern Movement Creative Inc,,66,66,0,0,0,0,0,0,0,0,0,0,runway-jupiter,runway-jupiter,Runway,USED_BY
Woodworking Tools,Woodworking Tools,,259,253,0,6,0,0,0,0,0,0,0,0,internvid;runway-jupiter,internvid;runway-jupiter,ByteDance;Runway;Stability AI,USED_BY
André Musgrove,André Musgrove,,38,37,0,0,0,0,0,0,0,0,0,1,runway-jupiter;youtube8m,runway-jupiter,Runway,USED_BY
How To Sand A Floor,How To Sand A Floor,,83,44,7,3,9,4,4,9,3,0,0,0,hdvg130m;hdvila100m;howto100m;internvid;koala36m;panda70m;runway-jupiter;yttemporal-180m,hdvg130m;hdvila100m;internvid;runway-jupiter;yttemporal-180m,Allen Institute for AI;ByteDance;Meta;Nvidia;Runway;Snap;Stability AI;Tencent;University of Washington,USED_BY
Tractor Ted,Tractor Ted,,146,144,0,1,0,0,0,0,0,0,0,1,internvid;runway-jupiter;youtube8m,internvid;runway-jupiter,ByteDance;Runway;Stability AI,USED_BY
The TRY Channel,The TRY Channel,,896,834,16,5,18,1,0,18,0,4,0,0,hdvila100m;howto100m;internvid;openvid1m;panda70m;runway-jupiter;yttemporal-180m,hdvila100m;internvid;openvid1m;runway-jupiter;yttemporal-180m,Allen Institute for AI;Amazon;ByteDance;Kuaishou;Meta;Microsoft;Nvidia;Runway;Snap;Stability AI;Tencent;University of Washington,USED_BY
DKGames,DKGames,,567,562,0,2,0,0,0,0,0,0,0,3,internvid;runway-jupiter;youtube8m,internvid;runway-jupiter,ByteDance;Runway;Stability AI,USED_BY
Sros Yummy Cooking Vlogs,Sros Yummy Cooking Vlogs,,910,825,0,85,0,0,0,0,0,0,0,0,internvid;runway-jupiter,internvid;runway-jupiter,ByteDance;Runway;Stability AI,USED_BY
TODES,TODES,,752,728,0,1,0,0,0,0,0,0,0,23,internvid;runway-jupiter;youtube8m,internvid;runway-jupiter,ByteDance;Runway;Stability AI,USED_BY
efood,efood,,966,965,0,0,0,0,0,0,0,0,0,1,runway-jupiter;youtube8m,runway-jupiter,Runway,USED_BY
Atlantis Sports,Atlantis Sports,,695,693,0,2,0,0,0,0,0,0,0,0,internvid;runway-jupiter,internvid;runway-jupiter,ByteDance;Runway;Stability AI,USED_BY
Keila Roque,Keila Roque,,810,800,0,10,0,0,0,0,0,0,0,0,internvid;runway-jupiter,internvid;runway-jupiter,ByteDance;Runway;Stability AI,USED_BY
Crazy Frog,Crazy Frog,,50,37,3,9,0,0,0,0,0,0,0,1,internvid;runway-jupiter;youtube8m;yttemporal-180m,internvid;runway-jupiter;yttemporal-180m,Allen Institute for AI;ByteDance;Runway;Stability AI;University of Washington,USED_BY
FullHDvideos4me,FullHDvideos4me,,572,565,0,0,1,1,1,0,0,0,0,4,hdvila100m;koala36m;panda70m;runway-jupiter;youtube8m,hdvila100m;runway-jupiter,ByteDance;Meta;Runway;Snap;Tencent,USED_BY
Michael the Dentist,Michael the Dentist,,53,51,0,2,0,0,0,0,0,0,0,0,internvid;runway-jupiter,internvid;runway-jupiter,ByteDance;Runway;Stability AI,USED_BY
No Laying Up,No Laying Up,,543,350,34,10,31,31,29,0,22,26,10,0,hdvg130m;hdvila100m;internvid;koala36m;openvid1m;panda70m;runway-jupiter;vidgen1m;yttemporal-180m,hdvg130m;hdvila100m;internvid;openvid1m;runway-jupiter;vidgen1m;yttemporal-180m,Allen Institute for AI;Amazon;ByteDance;Kuaishou;Meta;Microsoft;Nvidia;Runway;Snap;Stability AI;Tencent;University of Washington,USED_BY
Sci-Fi Central,Sci-Fi Central,,671,671,0,0,0,0,0,0,0,0,0,0,runway-jupiter,runway-jupiter,Runway,USED_BY
Toads N Frogs,Toads N Frogs,,45,45,0,0,0,0,0,0,0,0,0,0,runway-jupiter,runway-jupiter,Runway,USED_BY
The Salon Life,The Salon Life,,826,810,1,7,4,0,0,4,0,0,0,0,howto100m;internvid;panda70m;runway-jupiter;yttemporal-180m,internvid;runway-jupiter;yttemporal-180m,Allen Institute for AI;ByteDance;Runway;Stability AI;University of Washington,USED_BY
Good Housekeeping,Good Housekeeping,,794,764,1,25,0,0,0,0,0,0,0,4,internvid;runway-jupiter;youtube8m;yttemporal-180m,internvid;runway-jupiter;yttemporal-180m,Allen Institute for AI;ByteDance;Runway;Stability AI;University of Washington,USED_BY
kristabrusso,kristabrusso,,1019,1018,0,1,0,0,0,0,0,0,0,0,internvid;runway-jupiter,internvid;runway-jupiter,ByteDance;Runway;Stability AI,USED_BY
MRXHindiGaming,MRXHindiGaming,,840,839,0,1,0,0,0,0,0,0,0,0,internvid;runway-jupiter,internvid;runway-jupiter,ByteDance;Runway;Stability AI,USED_BY
BrainPilot,BrainPilot,,1013,1003,1,7,1,0,0,1,0,0,0,0,howto100m;internvid;panda70m;runway-jupiter;yttemporal-180m,internvid;runway-jupiter;yttemporal-180m,Allen Institute for AI;ByteDance;Runway;Stability AI;University of Washington,USED_BY
The Craft Beer Channel,The Craft Beer Channel,,833,649,32,6,39,13,12,33,11,22,5,11,hdvg130m;hdvila100m;howto100m;internvid;koala36m;openvid1m;panda70m;runway-jupiter;vidgen1m;youtube8m;yttemporal-180m,hdvg130m;hdvila100m;internvid;openvid1m;runway-jupiter;vidgen1m;yttemporal-180m,Allen Institute for AI;Amazon;ByteDance;Kuaishou;Meta;Microsoft;Nvidia;Runway;Snap;Stability AI;Tencent;University of Washington,USED_BY
Teddy Baldassarre,Teddy Baldassarre,,1142,758,138,8,53,53,51,0,34,24,23,0,hdvg130m;hdvila100m;internvid;koala36m;openvid1m;panda70m;runway-jupiter;vidgen1m;yttemporal-180m,hdvg130m;hdvila100m;internvid;openvid1m;runway-jupiter;vidgen1m;yttemporal-180m,Allen Institute for AI;Amazon;ByteDance;Kuaishou;Meta;Microsoft;Nvidia;Runway;Snap;Stability AI;Tencent;University of Washington,USED_BY
BBC Earth Science,BBC Earth Science,,2920,1045,638,51,282,279,270,5,177,118,29,26,hdvg130m;hdvila100m;howto100m;internvid;koala36m;openvid1m;panda70m;runway-jupiter;vidgen1m;youtube8m;yttemporal-180m,hdvg130m;hdvila100m;internvid;openvid1m;runway-jupiter;vidgen1m;yttemporal-180m,Allen Institute for AI;Amazon;ByteDance;Kuaishou;Meta;Microsoft;Nvidia;Runway;Snap;Stability AI;Tencent;University of Washington,USED_BY
Mrs macarons마카롱여사,Mrs macarons마카롱여사,,786,763,0,23,0,0,0,0,0,0,0,0,internvid;runway-jupiter,internvid;runway-jupiter,ByteDance;Runway;Stability AI,USED_BY
8K Relaxation Channel 시네마틱아카이브,8K Relaxation Channel 시네마틱아카이브,,747,744,0,3,0,0,0,0,0,0,0,0,internvid;runway-jupiter,internvid;runway-jupiter,ByteDance;Runway;Stability AI,USED_BY
Provincial Health Services Authority (PHSA),Provincial Health Services Authority (PHSA),,465,459,0,6,0,0,0,0,0,0,0,0,internvid;runway-jupiter,internvid;runway-jupiter,ByteDance;Runway;Stability AI,USED_BY
Liam Pattison Photography,Liam Pattison Photography,,578,577,0,0,0,0,0,0,0,0,0,1,runway-jupiter;youtube8m,runway-jupiter,Runway,USED_BY
Washington Life,Washington Life,,871,870,0,1,0,0,0,0,0,0,0,0,internvid;runway-jupiter,internvid;runway-jupiter,ByteDance;Runway;Stability AI,USED_BY
Dodgeball Seattle,Dodgeball Seattle,,792,792,0,0,0,0,0,0,0,0,0,0,runway-jupiter,runway-jupiter,Runway,USED_BY
Our BMX,Our BMX,,845,766,16,24,10,10,10,0,2,2,5,0,hdvg130m;hdvila100m;internvid;koala36m;openvid1m;panda70m;runway-jupiter;vidgen1m;yttemporal-180m,hdvg130m;hdvila100m;internvid;openvid1m;runway-jupiter;vidgen1m;yttemporal-180m,Allen Institute for AI;Amazon;ByteDance;Kuaishou;Meta;Microsoft;Nvidia;Runway;Snap;Stability AI;Tencent;University of Washington,USED_BY
Steve the Bartender,Steve the Bartender,,1148,564,128,11,143,52,51,144,30,22,3,0,hdvg130m;hdvila100m;howto100m;internvid;koala36m;openvid1m;panda70m;runway-jupiter;vidgen1m;yttemporal-180m,hdvg130m;hdvila100m;internvid;openvid1m;runway-jupiter;vidgen1m;yttemporal-180m,Allen Institute for AI;Amazon;ByteDance;Kuaishou;Meta;Microsoft;Nvidia;Runway;Snap;Stability AI;Tencent;University of Washington,USED_BY
Wandering Momentz,Wandering Momentz,,562,562,0,0,0,0,0,0,0,0,0,0,runway-jupiter,runway-jupiter,Runway,USED_BY
Comedy Talkies,Comedy Talkies,,859,859,0,0,0,0,0,0,0,0,0,0,runway-jupiter,runway-jupiter,Runway,USED_BY
SwimUp,SwimUp,,116,37,16,19,11,11,10,0,4,0,8,0,hdvg130m;hdvila100m;internvid;koala36m;panda70m;runway-jupiter;vidgen1m;yttemporal-180m,hdvg130m;hdvila100m;internvid;runway-jupiter;vidgen1m;yttemporal-180m,Allen Institute for AI;Amazon;ByteDance;Meta;Nvidia;Runway;Snap;Stability AI;Tencent;University of Washington,USED_BY
William Hanson,William Hanson,,103,93,1,4,2,0,0,2,0,0,0,1,howto100m;internvid;panda70m;runway-jupiter;youtube8m;yttemporal-180m,internvid;runway-jupiter;yttemporal-180m,Allen Institute for AI;ByteDance;Runway;Stability AI;University of Washington,USED_BY
Cyber Landscaping,Cyber Landscaping,,46,40,0,6,0,0,0,0,0,0,0,0,internvid;runway-jupiter,internvid;runway-jupiter,ByteDance;Runway;Stability AI,USED_BY
Team Liquid Honda: League of Legends,Team Liquid Honda: League of Legends,,226,225,0,1,0,0,0,0,0,0,0,0,internvid;runway-jupiter,internvid;runway-jupiter,ByteDance;Runway;Stability AI,USED_BY
Branch Education,Branch Education,,56,39,1,12,1,1,1,1,0,0,0,0,hdvila100m;howto100m;internvid;koala36m;panda70m;runway-jupiter;yttemporal-180m,hdvila100m;internvid;runway-jupiter;yttemporal-180m,Allen Institute for AI;ByteDance;Meta;Runway;Snap;Stability AI;Tencent;University of Washington,USED_BY
Amelia Newcomb Dressage,Amelia Newcomb Dressage,,1135,675,99,25,90,88,88,3,57,0,10,0,hdvg130m;hdvila100m;howto100m;internvid;koala36m;panda70m;runway-jupiter;vidgen1m;yttemporal-180m,hdvg130m;hdvila100m;internvid;runway-jupiter;vidgen1m;yttemporal-180m,Allen Institute for AI;Amazon;ByteDance;Meta;Nvidia;Runway;Snap;Stability AI;Tencent;University of Washington,USED_BY
My personal journal outdoor,My personal journal outdoor,,35,35,0,0,0,0,0,0,0,0,0,0,runway-jupiter,runway-jupiter,Runway,USED_BY
Architectural Digest,Architectural Digest,,771,649,11,39,19,11,11,15,4,6,1,5,hdvg130m;hdvila100m;howto100m;internvid;koala36m;openvid1m;panda70m;runway-jupiter;vidgen1m;youtube8m;yttemporal-180m,hdvg130m;hdvila100m;internvid;openvid1m;runway-jupiter;vidgen1m;yttemporal-180m,Allen Institute for AI;Amazon;ByteDance;Kuaishou;Meta;Microsoft;Nvidia;Runway;Snap;Stability AI;Tencent;University of Washington,USED_BY
Best Ever Food Review Show,Best Ever Food Review Show,,3374,634,288,58,420,418,399,49,258,694,156,0,hdvg130m;hdvila100m;howto100m;internvid;koala36m;openvid1m;panda70m;runway-jupiter;vidgen1m;yttemporal-180m,hdvg130m;hdvila100m;internvid;openvid1m;runway-jupiter;vidgen1m;yttemporal-180m,Allen Institute for AI;Amazon;ByteDance;Kuaishou;Meta;Microsoft;Nvidia;Runway;Snap;Stability AI;Tencent;University of Washington,USED_BY
Victoria and Albert Museum,Victoria and Albert Museum,,512,476,4,6,6,4,4,5,2,0,0,5,hdvg130m;hdvila100m;howto100m;internvid;koala36m;panda70m;runway-jupiter;youtube8m;yttemporal-180m,hdvg130m;hdvila100m;internvid;runway-jupiter;yttemporal-180m,Allen Institute for AI;ByteDance;Meta;Nvidia;Runway;Snap;Stability AI;Tencent;University of Washington,USED_BY
Huw Richards,Huw Richards,,1202,585,120,63,155,36,12,153,34,20,3,21,hdvg130m;hdvila100m;howto100m;internvid;koala36m;openvid1m;panda70m;runway-jupiter;vidgen1m;youtube8m;yttemporal-180m,hdvg130m;hdvila100m;internvid;openvid1m;runway-jupiter;vidgen1m;yttemporal-180m,Allen Institute for AI;Amazon;ByteDance;Kuaishou;Meta;Microsoft;Nvidia;Runway;Snap;Stability AI;Tencent;University of Washington,USED_BY
allthingsbbq,allthingsbbq,,3148,833,339,14,341,321,304,155,213,452,175,1,hdvg130m;hdvila100m;howto100m;internvid;koala36m;openvid1m;panda70m;runway-jupiter;vidgen1m;youtube8m;yttemporal-180m,hdvg130m;hdvila100m;internvid;openvid1m;runway-jupiter;vidgen1m;yttemporal-180m,Allen Institute for AI;Amazon;ByteDance;Kuaishou;Meta;Microsoft;Nvidia;Runway;Snap;Stability AI;Tencent;University of Washington,USED_BY
Zach Choi ASMR,Zach Choi ASMR,,1033,908,18,41,23,10,9,14,8,0,2,0,hdvg130m;hdvila100m;howto100m;internvid;koala36m;panda70m;runway-jupiter;vidgen1m;yttemporal-180m,hdvg130m;hdvila100m;internvid;runway-jupiter;vidgen1m;yttemporal-180m,Allen Institute for AI;Amazon;ByteDance;Meta;Nvidia;Runway;Snap;Stability AI;Tencent;University of Washington,USED_BY
YAKfilms,YAKfilms,,702,632,0,5,2,2,1,0,1,2,0,57,hdvg130m;hdvila100m;internvid;koala36m;openvid1m;panda70m;runway-jupiter;youtube8m,hdvg130m;hdvila100m;internvid;openvid1m;runway-jupiter,Amazon;ByteDance;Kuaishou;Meta;Microsoft;Nvidia;Runway;Snap;Stability AI;Tencent,USED_BY
Well Go USA Entertainment,Well Go USA Entertainment,,629,624,0,3,0,0,0,0,0,0,0,2,internvid;runway-jupiter;youtube8m,internvid;runway-jupiter,ByteDance;Runway;Stability AI,USED_BY
I'mJette,I'mJette,,635,623,0,3,1,1,1,0,1,0,0,5,hdvg130m;hdvila100m;internvid;koala36m;panda70m;runway-jupiter;youtube8m,hdvg130m;hdvila100m;internvid;runway-jupiter,ByteDance;Meta;Nvidia;Runway;Snap;Stability AI;Tencent,USED_BY
Elphick.Event.Ponies,Elphick.Event.Ponies,,695,687,3,5,0,0,0,0,0,0,0,0,internvid;runway-jupiter;yttemporal-180m,internvid;runway-jupiter;yttemporal-180m,Allen Institute for AI;ByteDance;Runway;Stability AI;University of Washington,USED_BY
푸드스토리 FoodStory,푸드스토리 FoodStory,,645,630,0,15,0,0,0,0,0,0,0,0,internvid;runway-jupiter,internvid;runway-jupiter,ByteDance;Runway;Stability AI,USED_BY
Nintendo HK官方頻道,Nintendo HK官方頻道,,728,718,0,9,0,0,0,0,0,0,0,1,internvid;runway-jupiter;youtube8m,internvid;runway-jupiter,ByteDance;Runway;Stability AI,USED_BY
MeatEater,MeatEater,,798,659,23,9,31,12,12,30,8,8,2,4,hdvg130m;hdvila100m;howto100m;internvid;koala36m;openvid1m;panda70m;runway-jupiter;vidgen1m;youtube8m;yttemporal-180m,hdvg130m;hdvila100m;internvid;openvid1m;runway-jupiter;vidgen1m;yttemporal-180m,Allen Institute for AI;Amazon;ByteDance;Kuaishou;Meta;Microsoft;Nvidia;Runway;Snap;Stability AI;Tencent;University of Washington,USED_BY
Walks & Wall Street,Walks & Wall Street,,827,827,0,0,0,0,0,0,0,0,0,0,runway-jupiter,runway-jupiter,Runway,USED_BY
SimplySoccer,SimplySoccer,,771,703,2,56,2,2,2,2,0,0,0,2,hdvila100m;howto100m;internvid;koala36m;panda70m;runway-jupiter;youtube8m;yttemporal-180m,hdvila100m;internvid;runway-jupiter;yttemporal-180m,Allen Institute for AI;ByteDance;Meta;Runway;Snap;Stability AI;Tencent;University of Washington,USED_BY
TechZone,TechZone,,1735,731,240,200,170,167,43,3,120,0,61,0,hdvg130m;hdvila100m;howto100m;internvid;koala36m;panda70m;runway-jupiter;vidgen1m;yttemporal-180m,hdvg130m;hdvila100m;internvid;runway-jupiter;vidgen1m;yttemporal-180m,Allen Institute for AI;Amazon;ByteDance;Meta;Nvidia;Runway;Snap;Stability AI;Tencent;University of Washington,USED_BY
Wheels to Wander,Wheels to Wander,,109,108,0,1,0,0,0,0,0,0,0,0,internvid;runway-jupiter,internvid;runway-jupiter,ByteDance;Runway;Stability AI,USED_BY
Andraz Egart,Andraz Egart,,43,43,0,0,0,0,0,0,0,0,0,0,runway-jupiter,runway-jupiter,Runway,USED_BY
Roadtrip Ramblers,Roadtrip Ramblers,,89,89,0,0,0,0,0,0,0,0,0,0,runway-jupiter,runway-jupiter,Runway,USED_BY
Ninja Frog,Ninja Frog,,71,70,0,1,0,0,0,0,0,0,0,0,internvid;runway-jupiter,internvid;runway-jupiter,ByteDance;Runway;Stability AI,USED_BY
Three Little Goats Homestead,Three Little Goats Homestead,,573,456,21,0,27,15,15,26,7,2,1,3,hdvg130m;hdvila100m;howto100m;koala36m;openvid1m;panda70m;runway-jupiter;vidgen1m;youtube8m;yttemporal-180m,hdvg130m;hdvila100m;openvid1m;runway-jupiter;vidgen1m;yttemporal-180m,Allen Institute for AI;Amazon;ByteDance;Kuaishou;Meta;Microsoft;Nvidia;Runway;Snap;Tencent;University of Washington,USED_BY
Fix This House,Fix This House,,358,324,0,34,0,0,0,0,0,0,0,0,internvid;runway-jupiter,internvid;runway-jupiter,ByteDance;Runway;Stability AI,USED_BY
AniClimax,AniClimax,,35,34,0,1,0,0,0,0,0,0,0,0,internvid;runway-jupiter,internvid;runway-jupiter,ByteDance;Runway;Stability AI,USED_BY
Hausgemachte Rezepte,Hausgemachte Rezepte,,301,294,0,7,0,0,0,0,0,0,0,0,internvid;runway-jupiter,internvid;runway-jupiter,ByteDance;Runway;Stability AI,USED_BY
Peak Performance,Peak Performance,,446,441,0,1,0,0,0,0,0,0,0,4,internvid;runway-jupiter;youtube8m,internvid;runway-jupiter,ByteDance;Runway;Stability AI,USED_BY
DW Classical Music,DW Classical Music,,537,404,30,18,20,20,19,0,14,6,6,0,hdvg130m;hdvila100m;internvid;koala36m;openvid1m;panda70m;runway-jupiter;vidgen1m;yttemporal-180m,hdvg130m;hdvila100m;internvid;openvid1m;runway-jupiter;vidgen1m;yttemporal-180m,Allen Institute for AI;Amazon;ByteDance;Kuaishou;Meta;Microsoft;Nvidia;Runway;Snap;Stability AI;Tencent;University of Washington,USED_BY
GreekReporter,GreekReporter,,741,734,0,0,1,1,1,0,0,0,0,4,hdvila100m;koala36m;panda70m;runway-jupiter;youtube8m,hdvila100m;runway-jupiter,ByteDance;Meta;Runway;Snap;Tencent,USED_BY
darbarfestival,darbarfestival,,672,649,0,5,2,2,2,0,2,2,0,8,hdvg130m;hdvila100m;internvid;koala36m;openvid1m;panda70m;runway-jupiter;youtube8m,hdvg130m;hdvila100m;internvid;openvid1m;runway-jupiter,Amazon;ByteDance;Kuaishou;Meta;Microsoft;Nvidia;Runway;Snap;Stability AI;Tencent,USED_BY
Punish,Punish,,731,729,0,2,0,0,0,0,0,0,0,0,internvid;runway-jupiter,internvid;runway-jupiter,ByteDance;Runway;Stability AI,USED_BY
Steven Universe,Steven Universe,,808,768,1,31,1,1,1,1,1,0,0,3,hdvg130m;hdvila100m;howto100m;internvid;koala36m;panda70m;runway-jupiter;youtube8m;yttemporal-180m,hdvg130m;hdvila100m;internvid;runway-jupiter;yttemporal-180m,Allen Institute for AI;ByteDance;Meta;Nvidia;Runway;Snap;Stability AI;Tencent;University of Washington,USED_BY
Vietnam Travel Guide,Vietnam Travel Guide,,583,582,0,0,0,0,0,0,0,0,0,1,runway-jupiter;youtube8m,runway-jupiter,Runway,USED_BY
ASMR shoe shine Fausto Arizmendi,ASMR shoe shine Fausto Arizmendi,,819,802,0,17,0,0,0,0,0,0,0,0,internvid;runway-jupiter,internvid;runway-jupiter,ByteDance;Runway;Stability AI,USED_BY
Blogothèque,Blogothèque,,958,907,0,28,0,0,0,0,0,0,0,23,internvid;runway-jupiter;youtube8m,internvid;runway-jupiter,ByteDance;Runway;Stability AI,USED_BY
MySwimPro,MySwimPro,,614,612,0,2,0,0,0,0,0,0,0,0,internvid;runway-jupiter,internvid;runway-jupiter,ByteDance;Runway;Stability AI,USED_BY
ACTIVE FPV,ACTIVE FPV,,653,653,0,0,0,0,0,0,0,0,0,0,runway-jupiter,runway-jupiter,Runway,USED_BY
MarioPartyGaming,MarioPartyGaming,,685,684,0,1,0,0,0,0,0,0,0,0,internvid;runway-jupiter,internvid;runway-jupiter,ByteDance;Runway;Stability AI,USED_BY
Discover Nippon,Discover Nippon,,346,335,0,1,0,0,0,0,0,0,0,10,internvid;runway-jupiter;youtube8m,internvid;runway-jupiter,ByteDance;Runway;Stability AI,USED_BY
Glendale Fire Training Videos,Glendale Fire Training Videos,,59,58,0,1,0,0,0,0,0,0,0,0,internvid;runway-jupiter,internvid;runway-jupiter,ByteDance;Runway;Stability AI,USED_BY
INTO THE WORLD 4K,INTO THE WORLD 4K,,62,62,0,0,0,0,0,0,0,0,0,0,runway-jupiter,runway-jupiter,Runway,USED_BY
DTeK,DTeK,,46,45,0,1,0,0,0,0,0,0,0,0,internvid;runway-jupiter,internvid;runway-jupiter,ByteDance;Runway;Stability AI,USED_BY
Shopping On Champagne,Shopping On Champagne,,111,110,0,1,0,0,0,0,0,0,0,0,internvid;runway-jupiter,internvid;runway-jupiter,ByteDance;Runway;Stability AI,USED_BY
amabelle,amabelle,,38,33,0,5,0,0,0,0,0,0,0,0,internvid;runway-jupiter,internvid;runway-jupiter,ByteDance;Runway;Stability AI,USED_BY
Expedition Evans,Expedition Evans,,146,138,0,8,0,0,0,0,0,0,0,0,internvid;runway-jupiter,internvid;runway-jupiter,ByteDance;Runway;Stability AI,USED_BY
Dead by Daylight,Dead by Daylight,,503,495,0,8,0,0,0,0,0,0,0,0,internvid;runway-jupiter,internvid;runway-jupiter,ByteDance;Runway;Stability AI,USED_BY
This Does Not Compute,This Does Not Compute,,467,417,3,3,10,7,7,6,5,6,1,2,hdvg130m;hdvila100m;howto100m;internvid;koala36m;openvid1m;panda70m;runway-jupiter;vidgen1m;youtube8m;yttemporal-180m,hdvg130m;hdvila100m;internvid;openvid1m;runway-jupiter;vidgen1m;yttemporal-180m,Allen Institute for AI;Amazon;ByteDance;Kuaishou;Meta;Microsoft;Nvidia;Runway;Snap;Stability AI;Tencent;University of Washington,USED_BY
Uuden Musiikin Kilpailu,Uuden Musiikin Kilpailu,,282,282,0,0,0,0,0,0,0,0,0,0,runway-jupiter,runway-jupiter,Runway,USED_BY
Arizona Ambience,Arizona Ambience,,331,331,0,0,0,0,0,0,0,0,0,0,runway-jupiter,runway-jupiter,Runway,USED_BY
Motorsport UK,Motorsport UK,,710,710,0,0,0,0,0,0,0,0,0,0,runway-jupiter,runway-jupiter,Runway,USED_BY
Avengers Racing,Avengers Racing,,736,734,0,2,0,0,0,0,0,0,0,0,internvid;runway-jupiter,internvid;runway-jupiter,ByteDance;Runway;Stability AI,USED_BY
Adventure Time,Adventure Time,,750,721,3,10,4,3,3,4,1,0,0,1,hdvg130m;hdvila100m;howto100m;internvid;koala36m;panda70m;runway-jupiter;youtube8m;yttemporal-180m,hdvg130m;hdvila100m;internvid;runway-jupiter;yttemporal-180m,Allen Institute for AI;ByteDance;Meta;Nvidia;Runway;Snap;Stability AI;Tencent;University of Washington,USED_BY
Indian Food Explorer,Indian Food Explorer,,582,582,0,0,0,0,0,0,0,0,0,0,runway-jupiter,runway-jupiter,Runway,USED_BY
Andy Cooks,Andy Cooks,,689,664,0,25,0,0,0,0,0,0,0,0,internvid;runway-jupiter,internvid;runway-jupiter,ByteDance;Runway;Stability AI,USED_BY
Tanner Shuck,Tanner Shuck,,677,675,0,2,0,0,0,0,0,0,0,0,internvid;runway-jupiter,internvid;runway-jupiter,ByteDance;Runway;Stability AI,USED_BY
MadFit,MadFit,,1049,713,115,74,41,41,39,0,26,0,0,0,hdvg130m;hdvila100m;internvid;koala36m;panda70m;runway-jupiter;yttemporal-180m,hdvg130m;hdvila100m;internvid;runway-jupiter;yttemporal-180m,Allen Institute for AI;ByteDance;Meta;Nvidia;Runway;Snap;Stability AI;Tencent;University of Washington,USED_BY
The Land Before Time,The Land Before Time,,857,791,13,2,12,12,11,0,5,4,7,0,hdvg130m;hdvila100m;internvid;koala36m;openvid1m;panda70m;runway-jupiter;vidgen1m;yttemporal-180m,hdvg130m;hdvila100m;internvid;openvid1m;runway-jupiter;vidgen1m;yttemporal-180m,Allen Institute for AI;Amazon;ByteDance;Kuaishou;Meta;Microsoft;Nvidia;Runway;Snap;Stability AI;Tencent;University of Washington,USED_BY
Apfelwelt,Apfelwelt,,647,647,0,0,0,0,0,0,0,0,0,0,runway-jupiter,runway-jupiter,Runway,USED_BY
Riding Zone,Riding Zone,,1037,943,19,33,10,10,10,0,8,0,4,0,hdvg130m;hdvila100m;internvid;koala36m;panda70m;runway-jupiter;vidgen1m;yttemporal-180m,hdvg130m;hdvila100m;internvid;runway-jupiter;vidgen1m;yttemporal-180m,Allen Institute for AI;Amazon;ByteDance;Meta;Nvidia;Runway;Snap;Stability AI;Tencent;University of Washington,USED_BY
WooHoo WHOA,WooHoo WHOA,,804,795,0,9,0,0,0,0,0,0,0,0,internvid;runway-jupiter,internvid;runway-jupiter,ByteDance;Runway;Stability AI,USED_BY
iKnowReview,iKnowReview,,799,754,0,4,9,9,8,0,5,2,2,6,hdvg130m;hdvila100m;internvid;koala36m;openvid1m;panda70m;runway-jupiter;vidgen1m;youtube8m,hdvg130m;hdvila100m;internvid;openvid1m;runway-jupiter;vidgen1m,Amazon;ByteDance;Kuaishou;Meta;Microsoft;Nvidia;Runway;Snap;Stability AI;Tencent,USED_BY
BBC Earth Unplugged,BBC Earth Unplugged,,2979,701,468,11,444,444,419,1,266,108,86,31,hdvg130m;hdvila100m;howto100m;internvid;koala36m;openvid1m;panda70m;runway-jupiter;vidgen1m;youtube8m;yttemporal-180m,hdvg130m;hdvila100m;internvid;openvid1m;runway-jupiter;vidgen1m;yttemporal-180m,Allen Institute for AI;Amazon;ByteDance;Kuaishou;Meta;Microsoft;Nvidia;Runway;Snap;Stability AI;Tencent;University of Washington,USED_BY
Throw Back TV,Throw Back TV,,635,634,0,1,0,0,0,0,0,0,0,0,internvid;runway-jupiter,internvid;runway-jupiter,ByteDance;Runway;Stability AI,USED_BY
UE Sound,UE Sound,,43,43,0,0,0,0,0,0,0,0,0,0,runway-jupiter,runway-jupiter,Runway,USED_BY
Snoopy,Snoopy,,481,474,0,7,0,0,0,0,0,0,0,0,internvid;runway-jupiter,internvid;runway-jupiter,ByteDance;Runway;Stability AI,USED_BY
My Microscopic World,My Microscopic World,,32,32,0,0,0,0,0,0,0,0,0,0,runway-jupiter,runway-jupiter,Runway,USED_BY
Jamie's Journey,Jamie's Journey,,873,454,125,1,74,52,52,34,36,24,21,0,hdvg130m;hdvila100m;howto100m;internvid;koala36m;openvid1m;panda70m;runway-jupiter;vidgen1m;yttemporal-180m,hdvg130m;hdvila100m;internvid;openvid1m;runway-jupiter;vidgen1m;yttemporal-180m,Allen Institute for AI;Amazon;ByteDance;Kuaishou;Meta;Microsoft;Nvidia;Runway;Snap;Stability AI;Tencent;University of Washington,USED_BY
Ultra Relief,Ultra Relief,,32,32,0,0,0,0,0,0,0,0,0,0,runway-jupiter,runway-jupiter,Runway,USED_BY
DyingLlama,DyingLlama,,36,36,0,0,0,0,0,0,0,0,0,0,runway-jupiter,runway-jupiter,Runway,USED_BY
FNF Entertainment,FNF Entertainment,,209,183,11,1,3,3,3,0,3,0,2,0,hdvg130m;hdvila100m;internvid;koala36m;panda70m;runway-jupiter;vidgen1m;yttemporal-180m,hdvg130m;hdvila100m;internvid;runway-jupiter;vidgen1m;yttemporal-180m,Allen Institute for AI;Amazon;ByteDance;Meta;Nvidia;Runway;Snap;Stability AI;Tencent;University of Washington,USED_BY
Gillette,Gillette,,138,70,12,4,14,5,5,14,3,6,2,3,hdvg130m;hdvila100m;howto100m;internvid;koala36m;openvid1m;panda70m;runway-jupiter;vidgen1m;youtube8m;yttemporal-180m,hdvg130m;hdvila100m;internvid;openvid1m;runway-jupiter;vidgen1m;yttemporal-180m,Allen Institute for AI;Amazon;ByteDance;Kuaishou;Meta;Microsoft;Nvidia;Runway;Snap;Stability AI;Tencent;University of Washington,USED_BY
Kids2Kids,Kids2Kids,,510,503,0,3,1,0,0,1,0,2,0,0,howto100m;internvid;openvid1m;panda70m;runway-jupiter,internvid;openvid1m;runway-jupiter,Amazon;ByteDance;Kuaishou;Microsoft;Nvidia;Runway;Stability AI,USED_BY
HeavyDSparks,HeavyDSparks,,538,535,0,3,0,0,0,0,0,0,0,0,internvid;runway-jupiter,internvid;runway-jupiter,ByteDance;Runway;Stability AI,USED_BY
Cargospotter,Cargospotter,,899,877,0,9,0,0,0,0,0,0,0,13,internvid;runway-jupiter;youtube8m,internvid;runway-jupiter,ByteDance;Runway;Stability AI,USED_BY
Judo Highlights,Judo Highlights,,628,599,0,29,0,0,0,0,0,0,0,0,internvid;runway-jupiter,internvid;runway-jupiter,ByteDance;Runway;Stability AI,USED_BY
Official Pink Panther,Official Pink Panther,,2004,687,88,16,336,334,164,8,231,0,131,9,hdvg130m;hdvila100m;howto100m;internvid;koala36m;panda70m;runway-jupiter;vidgen1m;youtube8m;yttemporal-180m,hdvg130m;hdvila100m;internvid;runway-jupiter;vidgen1m;yttemporal-180m,Allen Institute for AI;Amazon;ByteDance;Meta;Nvidia;Runway;Snap;Stability AI;Tencent;University of Washington,USED_BY
Transit bites,Transit bites,,540,539,0,1,0,0,0,0,0,0,0,0,internvid;runway-jupiter,internvid;runway-jupiter,ByteDance;Runway;Stability AI,USED_BY
FishAholic Fishing,FishAholic Fishing,,1344,625,208,4,126,124,118,3,72,10,51,3,hdvg130m;hdvila100m;howto100m;internvid;koala36m;openvid1m;panda70m;runway-jupiter;vidgen1m;youtube8m;yttemporal-180m,hdvg130m;hdvila100m;internvid;openvid1m;runway-jupiter;vidgen1m;yttemporal-180m,Allen Institute for AI;Amazon;ByteDance;Kuaishou;Meta;Microsoft;Nvidia;Runway;Snap;Stability AI;Tencent;University of Washington,USED_BY
Winds of Love,Winds of Love,,819,819,0,0,0,0,0,0,0,0,0,0,runway-jupiter,runway-jupiter,Runway,USED_BY
K9 Clipz - Dog Grooming tips,K9 Clipz - Dog Grooming tips,,690,689,0,1,0,0,0,0,0,0,0,0,internvid;runway-jupiter,internvid;runway-jupiter,ByteDance;Runway;Stability AI,USED_BY
Michelle Briehler,Michelle Briehler,,697,696,0,1,0,0,0,0,0,0,0,0,internvid;runway-jupiter,internvid;runway-jupiter,ByteDance;Runway;Stability AI,USED_BY
NickandCarrie,NickandCarrie,,806,795,0,11,0,0,0,0,0,0,0,0,internvid;runway-jupiter,internvid;runway-jupiter,ByteDance;Runway;Stability AI,USED_BY
RobCosman.com,RobCosman.com,,661,624,6,8,10,0,0,10,0,0,0,3,howto100m;internvid;panda70m;runway-jupiter;youtube8m;yttemporal-180m,internvid;runway-jupiter;yttemporal-180m,Allen Institute for AI;ByteDance;Runway;Stability AI;University of Washington,USED_BY
Еда на любой вкус,Еда на любой вкус,,979,905,0,74,0,0,0,0,0,0,0,0,internvid;runway-jupiter,internvid;runway-jupiter,ByteDance;Runway;Stability AI,USED_BY
Paul Birder,Paul Birder,,39,39,0,0,0,0,0,0,0,0,0,0,runway-jupiter,runway-jupiter,Runway,USED_BY
Hollywood Ambience,Hollywood Ambience,,63,63,0,0,0,0,0,0,0,0,0,0,runway-jupiter,runway-jupiter,Runway,USED_BY
Rusty Shades Restoration,Rusty Shades Restoration,,35,33,0,2,0,0,0,0,0,0,0,0,internvid;runway-jupiter,internvid;runway-jupiter,ByteDance;Runway;Stability AI,USED_BY
PlayOverwatch,PlayOverwatch,,643,630,0,11,1,0,0,1,0,0,0,0,howto100m;internvid;panda70m;runway-jupiter,internvid;runway-jupiter,ByteDance;Runway;Stability AI,USED_BY
Gears and Gasoline,Gears and Gasoline,,1258,436,138,9,128,128,126,3,94,162,34,0,hdvg130m;hdvila100m;howto100m;internvid;koala36m;openvid1m;panda70m;runway-jupiter;vidgen1m;yttemporal-180m,hdvg130m;hdvila100m;internvid;openvid1m;runway-jupiter;vidgen1m;yttemporal-180m,Allen Institute for AI;Amazon;ByteDance;Kuaishou;Meta;Microsoft;Nvidia;Runway;Snap;Stability AI;Tencent;University of Washington,USED_BY
Atomic Skiing,Atomic Skiing,,966,602,113,6,60,60,53,0,42,14,9,7,hdvg130m;hdvila100m;internvid;koala36m;openvid1m;panda70m;runway-jupiter;vidgen1m;youtube8m;yttemporal-180m,hdvg130m;hdvila100m;internvid;openvid1m;runway-jupiter;vidgen1m;yttemporal-180m,Allen Institute for AI;Amazon;ByteDance;Kuaishou;Meta;Microsoft;Nvidia;Runway;Snap;Stability AI;Tencent;University of Washington,USED_BY
Fun Endeavors,Fun Endeavors,,491,482,0,9,0,0,0,0,0,0,0,0,internvid;runway-jupiter,internvid;runway-jupiter,ByteDance;Runway;Stability AI,USED_BY
Cowboy Kent Rollins,Cowboy Kent Rollins,,1495,547,221,17,169,72,69,137,48,180,34,1,hdvg130m;hdvila100m;howto100m;internvid;koala36m;openvid1m;panda70m;runway-jupiter;vidgen1m;youtube8m;yttemporal-180m,hdvg130m;hdvila100m;internvid;openvid1m;runway-jupiter;vidgen1m;yttemporal-180m,Allen Institute for AI;Amazon;ByteDance;Kuaishou;Meta;Microsoft;Nvidia;Runway;Snap;Stability AI;Tencent;University of Washington,USED_BY
Jiggin' With Jordan,Jiggin' With Jordan,,2158,633,379,12,215,215,206,1,135,260,102,0,hdvg130m;hdvila100m;howto100m;internvid;koala36m;openvid1m;panda70m;runway-jupiter;vidgen1m;yttemporal-180m,hdvg130m;hdvila100m;internvid;openvid1m;runway-jupiter;vidgen1m;yttemporal-180m,Allen Institute for AI;Amazon;ByteDance;Kuaishou;Meta;Microsoft;Nvidia;Runway;Snap;Stability AI;Tencent;University of Washington,USED_BY
scottbrothersduo,scottbrothersduo,,486,470,0,13,0,0,0,0,0,0,0,3,internvid;runway-jupiter;youtube8m,internvid;runway-jupiter,ByteDance;Runway;Stability AI,USED_BY
강형욱의 보듬TV,강형욱의 보듬TV,,836,748,0,88,0,0,0,0,0,0,0,0,internvid;runway-jupiter,internvid;runway-jupiter,ByteDance;Runway;Stability AI,USED_BY
The Children's Museum of Indianapolis,The Children's Museum of Indianapolis,,780,751,1,3,5,4,4,2,5,2,0,3,hdvg130m;hdvila100m;howto100m;internvid;koala36m;openvid1m;panda70m;runway-jupiter;youtube8m;yttemporal-180m,hdvg130m;hdvila100m;internvid;openvid1m;runway-jupiter;yttemporal-180m,Allen Institute for AI;Amazon;ByteDance;Kuaishou;Meta;Microsoft;Nvidia;Runway;Snap;Stability AI;Tencent;University of Washington,USED_BY
JINESH GAMING,JINESH GAMING,,615,615,0,0,0,0,0,0,0,0,0,0,runway-jupiter,runway-jupiter,Runway,USED_BY
Peacock jr,Peacock jr,,798,784,0,11,0,0,0,0,0,0,0,3,internvid;runway-jupiter;youtube8m,internvid;runway-jupiter,ByteDance;Runway;Stability AI,USED_BY
DutchMotorsport,DutchMotorsport,,705,703,0,2,0,0,0,0,0,0,0,0,internvid;runway-jupiter,internvid;runway-jupiter,ByteDance;Runway;Stability AI,USED_BY
Beautiful Relaxation,Beautiful Relaxation,,243,239,0,0,0,0,0,0,0,0,0,4,runway-jupiter;youtube8m,runway-jupiter,Runway,USED_BY
miromiro,miromiro,,44,44,0,0,0,0,0,0,0,0,0,0,runway-jupiter,runway-jupiter,Runway,USED_BY
Beautiful Destinations,Beautiful Destinations,,132,98,16,3,4,4,3,0,3,0,1,0,hdvg130m;hdvila100m;internvid;koala36m;panda70m;runway-jupiter;vidgen1m;yttemporal-180m,hdvg130m;hdvila100m;internvid;runway-jupiter;vidgen1m;yttemporal-180m,Allen Institute for AI;Amazon;ByteDance;Meta;Nvidia;Runway;Snap;Stability AI;Tencent;University of Washington,USED_BY
DW History and Culture,DW History and Culture,,381,381,0,0,0,0,0,0,0,0,0,0,runway-jupiter,runway-jupiter,Runway,USED_BY
DreamWorks Madagascar,DreamWorks Madagascar,,925,566,63,9,62,62,60,0,45,24,32,2,hdvg130m;hdvila100m;internvid;koala36m;openvid1m;panda70m;runway-jupiter;vidgen1m;youtube8m;yttemporal-180m,hdvg130m;hdvila100m;internvid;openvid1m;runway-jupiter;vidgen1m;yttemporal-180m,Allen Institute for AI;Amazon;ByteDance;Kuaishou;Meta;Microsoft;Nvidia;Runway;Snap;Stability AI;Tencent;University of Washington,USED_BY
Down2Mob Overland,Down2Mob Overland,,555,550,1,2,1,0,0,1,0,0,0,0,howto100m;internvid;panda70m;runway-jupiter;yttemporal-180m,internvid;runway-jupiter;yttemporal-180m,Allen Institute for AI;ByteDance;Runway;Stability AI;University of Washington,USED_BY
TheStraightPipes,TheStraightPipes,,2416,727,265,9,249,249,241,1,162,400,109,4,hdvg130m;hdvila100m;howto100m;internvid;koala36m;openvid1m;panda70m;runway-jupiter;vidgen1m;youtube8m;yttemporal-180m,hdvg130m;hdvila100m;internvid;openvid1m;runway-jupiter;vidgen1m;yttemporal-180m,Allen Institute for AI;Amazon;ByteDance;Kuaishou;Meta;Microsoft;Nvidia;Runway;Snap;Stability AI;Tencent;University of Washington,USED_BY
Bike Magazine,Bike Magazine,,631,570,2,2,10,9,9,2,6,2,2,17,hdvg130m;hdvila100m;howto100m;internvid;koala36m;openvid1m;panda70m;runway-jupiter;vidgen1m;youtube8m;yttemporal-180m,hdvg130m;hdvila100m;internvid;openvid1m;runway-jupiter;vidgen1m;yttemporal-180m,Allen Institute for AI;Amazon;ByteDance;Kuaishou;Meta;Microsoft;Nvidia;Runway;Snap;Stability AI;Tencent;University of Washington,USED_BY
UP wood art,UP wood art,,594,556,0,38,0,0,0,0,0,0,0,0,internvid;runway-jupiter,internvid;runway-jupiter,ByteDance;Runway;Stability AI,USED_BY
Paul Fey,Paul Fey,,669,668,0,1,0,0,0,0,0,0,0,0,internvid;runway-jupiter,internvid;runway-jupiter,ByteDance;Runway;Stability AI,USED_BY
Total Running Productions,Total Running Productions,,1013,751,83,42,39,39,28,0,24,0,7,0,hdvg130m;hdvila100m;internvid;koala36m;panda70m;runway-jupiter;vidgen1m;yttemporal-180m,hdvg130m;hdvila100m;internvid;runway-jupiter;vidgen1m;yttemporal-180m,Allen Institute for AI;Amazon;ByteDance;Meta;Nvidia;Runway;Snap;Stability AI;Tencent;University of Washington,USED_BY
Kali Center,Kali Center,,1151,773,192,21,46,44,43,5,16,2,7,2,hdvg130m;hdvila100m;howto100m;internvid;koala36m;openvid1m;panda70m;runway-jupiter;vidgen1m;youtube8m;yttemporal-180m,hdvg130m;hdvila100m;internvid;openvid1m;runway-jupiter;vidgen1m;yttemporal-180m,Allen Institute for AI;Amazon;ByteDance;Kuaishou;Meta;Microsoft;Nvidia;Runway;Snap;Stability AI;Tencent;University of Washington,USED_BY
Recipe30,Recipe30,,764,700,11,10,13,1,1,13,0,14,0,1,hdvila100m;howto100m;internvid;koala36m;openvid1m;panda70m;runway-jupiter;youtube8m;yttemporal-180m,hdvila100m;internvid;openvid1m;runway-jupiter;yttemporal-180m,Allen Institute for AI;Amazon;ByteDance;Kuaishou;Meta;Microsoft;Nvidia;Runway;Snap;Stability AI;Tencent;University of Washington,USED_BY
Nick Bare,Nick Bare,,773,718,9,15,9,3,3,9,1,4,1,1,hdvg130m;hdvila100m;howto100m;internvid;koala36m;openvid1m;panda70m;runway-jupiter;vidgen1m;youtube8m;yttemporal-180m,hdvg130m;hdvila100m;internvid;openvid1m;runway-jupiter;vidgen1m;yttemporal-180m,Allen Institute for AI;Amazon;ByteDance;Kuaishou;Meta;Microsoft;Nvidia;Runway;Snap;Stability AI;Tencent;University of Washington,USED_BY
Los Angeles Chess Club,Los Angeles Chess Club,,569,566,0,3,0,0,0,0,0,0,0,0,internvid;runway-jupiter,internvid;runway-jupiter,ByteDance;Runway;Stability AI,USED_BY
MotorPowerForce,MotorPowerForce,,447,447,0,0,0,0,0,0,0,0,0,0,runway-jupiter,runway-jupiter,Runway,USED_BY
Russel Orhii,Russel Orhii,,682,672,1,3,2,1,1,2,0,0,0,0,hdvila100m;howto100m;internvid;koala36m;panda70m;runway-jupiter;yttemporal-180m,hdvila100m;internvid;runway-jupiter;yttemporal-180m,Allen Institute for AI;ByteDance;Meta;Runway;Snap;Stability AI;Tencent;University of Washington,USED_BY
Babish Culinary Universe,Babish Culinary Universe,,1294,586,128,41,149,36,35,143,20,140,16,0,hdvg130m;hdvila100m;howto100m;internvid;koala36m;openvid1m;panda70m;runway-jupiter;vidgen1m;yttemporal-180m,hdvg130m;hdvila100m;internvid;openvid1m;runway-jupiter;vidgen1m;yttemporal-180m,Allen Institute for AI;Amazon;ByteDance;Kuaishou;Meta;Microsoft;Nvidia;Runway;Snap;Stability AI;Tencent;University of Washington,USED_BY
TC2,TC2,,1703,665,375,26,164,149,141,18,114,10,19,22,hdvg130m;hdvila100m;howto100m;internvid;koala36m;openvid1m;panda70m;runway-jupiter;vidgen1m;youtube8m;yttemporal-180m,hdvg130m;hdvila100m;internvid;openvid1m;runway-jupiter;vidgen1m;yttemporal-180m,Allen Institute for AI;Amazon;ByteDance;Kuaishou;Meta;Microsoft;Nvidia;Runway;Snap;Stability AI;Tencent;University of Washington,USED_BY
美食作家王刚,美食作家王刚,,1196,828,0,368,0,0,0,0,0,0,0,0,internvid;runway-jupiter,internvid;runway-jupiter,ByteDance;Runway;Stability AI,USED_BY
Montreux Jazz Festival,Montreux Jazz Festival,,559,546,0,1,2,0,0,2,0,0,0,8,howto100m;internvid;panda70m;runway-jupiter;youtube8m,internvid;runway-jupiter,ByteDance;Runway;Stability AI,USED_BY
Pinball Shenanigans,Pinball Shenanigans,,765,763,0,2,0,0,0,0,0,0,0,0,internvid;runway-jupiter,internvid;runway-jupiter,ByteDance;Runway;Stability AI,USED_BY
ForbesWomen,ForbesWomen,,611,608,2,1,0,0,0,0,0,0,0,0,internvid;runway-jupiter;yttemporal-180m,internvid;runway-jupiter;yttemporal-180m,Allen Institute for AI;ByteDance;Runway;Stability AI;University of Washington,USED_BY
The Reptile Zoo,The Reptile Zoo,,713,713,0,0,0,0,0,0,0,0,0,0,runway-jupiter,runway-jupiter,Runway,USED_BY
TEO Garden,TEO Garden,,263,246,0,17,0,0,0,0,0,0,0,0,internvid;runway-jupiter,internvid;runway-jupiter,ByteDance;Runway;Stability AI,USED_BY
Amakandu,Amakandu,,169,165,0,4,0,0,0,0,0,0,0,0,internvid;runway-jupiter,internvid;runway-jupiter,ByteDance;Runway;Stability AI,USED_BY
Bella Coco,Bella Coco,,1333,533,264,10,148,91,86,79,56,30,35,1,hdvg130m;hdvila100m;howto100m;internvid;koala36m;openvid1m;panda70m;runway-jupiter;vidgen1m;youtube8m;yttemporal-180m,hdvg130m;hdvila100m;internvid;openvid1m;runway-jupiter;vidgen1m;yttemporal-180m,Allen Institute for AI;Amazon;ByteDance;Kuaishou;Meta;Microsoft;Nvidia;Runway;Snap;Stability AI;Tencent;University of Washington,USED_BY
Maroon 5,Maroon 5,,189,144,9,1,10,12,6,0,7,0,0,0,hdvg130m;hdvila100m;internvid;koala36m;panda70m;runway-jupiter;yttemporal-180m,hdvg130m;hdvila100m;internvid;runway-jupiter;yttemporal-180m,Allen Institute for AI;ByteDance;Meta;Nvidia;Runway;Snap;Stability AI;Tencent;University of Washington,USED_BY
SensiblePrepper,SensiblePrepper,,962,642,52,9,59,46,46,56,22,12,13,5,hdvg130m;hdvila100m;howto100m;internvid;koala36m;openvid1m;panda70m;runway-jupiter;vidgen1m;youtube8m;yttemporal-180m,hdvg130m;hdvila100m;internvid;openvid1m;runway-jupiter;vidgen1m;yttemporal-180m,Allen Institute for AI;Amazon;ByteDance;Kuaishou;Meta;Microsoft;Nvidia;Runway;Snap;Stability AI;Tencent;University of Washington,USED_BY
Coachella,Coachella,,616,613,0,2,0,0,0,0,0,0,0,1,internvid;runway-jupiter;youtube8m,internvid;runway-jupiter,ByteDance;Runway;Stability AI,USED_BY
Matt's Ice Cream Show,Matt's Ice Cream Show,,183,183,0,0,0,0,0,0,0,0,0,0,runway-jupiter,runway-jupiter,Runway,USED_BY
Seoul Travel Walker,Seoul Travel Walker,,443,443,0,0,0,0,0,0,0,0,0,0,runway-jupiter,runway-jupiter,Runway,USED_BY
growingannanas,growingannanas,,692,676,0,16,0,0,0,0,0,0,0,0,internvid;runway-jupiter,internvid;runway-jupiter,ByteDance;Runway;Stability AI,USED_BY
Shadiversity,Shadiversity,,736,623,15,5,24,15,15,24,12,2,1,0,hdvg130m;hdvila100m;howto100m;internvid;koala36m;openvid1m;panda70m;runway-jupiter;vidgen1m;yttemporal-180m,hdvg130m;hdvila100m;internvid;openvid1m;runway-jupiter;vidgen1m;yttemporal-180m,Allen Institute for AI;Amazon;ByteDance;Kuaishou;Meta;Microsoft;Nvidia;Runway;Snap;Stability AI;Tencent;University of Washington,USED_BY
Buildofy,Buildofy,,538,535,0,3,0,0,0,0,0,0,0,0,internvid;runway-jupiter,internvid;runway-jupiter,ByteDance;Runway;Stability AI,USED_BY
Legendary Productions,Legendary Productions,,474,470,0,1,0,0,0,0,0,0,0,3,internvid;runway-jupiter;youtube8m,internvid;runway-jupiter,ByteDance;Runway;Stability AI,USED_BY
GreatFlyer,GreatFlyer,,680,606,13,7,9,8,8,1,2,0,2,24,hdvg130m;hdvila100m;howto100m;internvid;koala36m;panda70m;runway-jupiter;vidgen1m;youtube8m;yttemporal-180m,hdvg130m;hdvila100m;internvid;runway-jupiter;vidgen1m;yttemporal-180m,Allen Institute for AI;Amazon;ByteDance;Meta;Nvidia;Runway;Snap;Stability AI;Tencent;University of Washington,USED_BY
Monster Mike Fishing,Monster Mike Fishing,,1568,829,264,11,108,101,98,15,78,16,48,0,hdvg130m;hdvila100m;howto100m;internvid;koala36m;openvid1m;panda70m;runway-jupiter;vidgen1m;yttemporal-180m,hdvg130m;hdvila100m;internvid;openvid1m;runway-jupiter;vidgen1m;yttemporal-180m,Allen Institute for AI;Amazon;ByteDance;Kuaishou;Meta;Microsoft;Nvidia;Runway;Snap;Stability AI;Tencent;University of Washington,USED_BY
Will Atherton Canine Training,Will Atherton Canine Training,,579,551,0,28,0,0,0,0,0,0,0,0,internvid;runway-jupiter,internvid;runway-jupiter,ByteDance;Runway;Stability AI,USED_BY
Aviation Attract,Aviation Attract,,774,774,0,0,0,0,0,0,0,0,0,0,runway-jupiter,runway-jupiter,Runway,USED_BY
Jonas Falk,Jonas Falk,,710,692,0,0,4,4,4,0,3,0,0,3,hdvg130m;hdvila100m;koala36m;panda70m;runway-jupiter;youtube8m,hdvg130m;hdvila100m;runway-jupiter,ByteDance;Meta;Nvidia;Runway;Snap;Tencent,USED_BY
FightCamp,FightCamp,,567,562,0,5,0,0,0,0,0,0,0,0,internvid;runway-jupiter,internvid;runway-jupiter,ByteDance;Runway;Stability AI,USED_BY
Rail Spike Productions,Rail Spike Productions,,558,558,0,0,0,0,0,0,0,0,0,0,runway-jupiter,runway-jupiter,Runway,USED_BY
Free Spirit Equestrian,Free Spirit Equestrian,,551,547,0,4,0,0,0,0,0,0,0,0,internvid;runway-jupiter,internvid;runway-jupiter,ByteDance;Runway;Stability AI,USED_BY
Charlie Berens,Charlie Berens,,619,598,0,21,0,0,0,0,0,0,0,0,internvid;runway-jupiter,internvid;runway-jupiter,ByteDance;Runway;Stability AI,USED_BY
Ultimate Military Channel,Ultimate Military Channel,,617,610,0,3,1,1,1,0,0,0,0,1,hdvila100m;internvid;koala36m;panda70m;runway-jupiter;youtube8m,hdvila100m;internvid;runway-jupiter,ByteDance;Meta;Runway;Snap;Stability AI;Tencent,USED_BY
봉길이 Bonggil,봉길이 Bonggil,,637,619,0,18,0,0,0,0,0,0,0,0,internvid;runway-jupiter,internvid;runway-jupiter,ByteDance;Runway;Stability AI,USED_BY
The Dog Daddy,The Dog Daddy,,764,664,19,15,16,16,15,0,10,0,9,0,hdvg130m;hdvila100m;internvid;koala36m;panda70m;runway-jupiter;vidgen1m;yttemporal-180m,hdvg130m;hdvila100m;internvid;runway-jupiter;vidgen1m;yttemporal-180m,Allen Institute for AI;Amazon;ByteDance;Meta;Nvidia;Runway;Snap;Stability AI;Tencent;University of Washington,USED_BY
한식진흥원_ Korean Food Promotion Institute,한식진흥원_ Korean Food Promotion Institute,,693,682,0,8,0,0,0,0,0,0,0,3,internvid;runway-jupiter;youtube8m,internvid;runway-jupiter,ByteDance;Runway;Stability AI,USED_BY
GadgetByte,GadgetByte,,732,717,0,1,3,3,3,0,0,0,1,4,hdvila100m;internvid;koala36m;panda70m;runway-jupiter;vidgen1m;youtube8m,hdvila100m;internvid;runway-jupiter;vidgen1m,Amazon;ByteDance;Meta;Nvidia;Runway;Snap;Stability AI;Tencent,USED_BY
Centre for Independent Studies,Centre for Independent Studies,,687,685,0,1,0,0,0,0,0,0,0,1,internvid;runway-jupiter;youtube8m,internvid;runway-jupiter,ByteDance;Runway;Stability AI,USED_BY
Movie Recaps,Movie Recaps,,641,567,0,74,0,0,0,0,0,0,0,0,internvid;runway-jupiter,internvid;runway-jupiter,ByteDance;Runway;Stability AI,USED_BY
How to tie a tie,How to tie a tie,,117,78,0,39,0,0,0,0,0,0,0,0,internvid;runway-jupiter,internvid;runway-jupiter,ByteDance;Runway;Stability AI,USED_BY
DancingBacons,DancingBacons,,907,543,1,37,65,65,64,2,44,68,18,0,hdvg130m;hdvila100m;howto100m;internvid;koala36m;openvid1m;panda70m;runway-jupiter;vidgen1m;yttemporal-180m,hdvg130m;hdvila100m;internvid;openvid1m;runway-jupiter;vidgen1m;yttemporal-180m,Allen Institute for AI;Amazon;ByteDance;Kuaishou;Meta;Microsoft;Nvidia;Runway;Snap;Stability AI;Tencent;University of Washington,USED_BY
World of Dinosaurs,World of Dinosaurs,,581,581,0,0,0,0,0,0,0,0,0,0,runway-jupiter,runway-jupiter,Runway,USED_BY
Switzerland,Switzerland,,82,77,0,5,0,0,0,0,0,0,0,0,internvid;runway-jupiter,internvid;runway-jupiter,ByteDance;Runway;Stability AI,USED_BY
Shudder,Shudder,,663,661,0,2,0,0,0,0,0,0,0,0,internvid;runway-jupiter,internvid;runway-jupiter,ByteDance;Runway;Stability AI,USED_BY
MidwayUSA,MidwayUSA,,583,569,0,12,0,0,0,0,0,0,0,2,internvid;runway-jupiter;youtube8m,internvid;runway-jupiter,ByteDance;Runway;Stability AI,USED_BY
jezvlog,jezvlog,,682,680,0,2,0,0,0,0,0,0,0,0,internvid;runway-jupiter,internvid;runway-jupiter,ByteDance;Runway;Stability AI,USED_BY
Mooresville Ripfest Diving Club,Mooresville Ripfest Diving Club,,527,523,0,4,0,0,0,0,0,0,0,0,internvid;runway-jupiter,internvid;runway-jupiter,ByteDance;Runway;Stability AI,USED_BY
DreamToon Show,DreamToon Show,,596,596,0,0,0,0,0,0,0,0,0,0,runway-jupiter,runway-jupiter,Runway,USED_BY
Reptiliatus,Reptiliatus,,641,570,6,4,18,6,6,16,3,4,2,6,hdvg130m;hdvila100m;howto100m;internvid;koala36m;openvid1m;panda70m;runway-jupiter;vidgen1m;youtube8m;yttemporal-180m,hdvg130m;hdvila100m;internvid;openvid1m;runway-jupiter;vidgen1m;yttemporal-180m,Allen Institute for AI;Amazon;ByteDance;Kuaishou;Meta;Microsoft;Nvidia;Runway;Snap;Stability AI;Tencent;University of Washington,USED_BY
Windsurfing.TV,Windsurfing.TV,,996,680,99,6,54,54,52,0,30,2,19,0,hdvg130m;hdvila100m;internvid;koala36m;openvid1m;panda70m;runway-jupiter;vidgen1m;yttemporal-180m,hdvg130m;hdvila100m;internvid;openvid1m;runway-jupiter;vidgen1m;yttemporal-180m,Allen Institute for AI;Amazon;ByteDance;Kuaishou;Meta;Microsoft;Nvidia;Runway;Snap;Stability AI;Tencent;University of Washington,USED_BY
Greg Blanchard,Greg Blanchard,,691,686,1,0,1,0,0,1,0,0,0,2,howto100m;panda70m;runway-jupiter;youtube8m;yttemporal-180m,runway-jupiter;yttemporal-180m,Allen Institute for AI;Runway;University of Washington,USED_BY
Bluey - Official Channel,Bluey - Official Channel,,614,594,0,20,0,0,0,0,0,0,0,0,internvid;runway-jupiter,internvid;runway-jupiter,ByteDance;Runway;Stability AI,USED_BY
XSRAtv / Xtreme Speedway Racing Action,XSRAtv / Xtreme Speedway Racing Action,,456,455,0,1,0,0,0,0,0,0,0,0,internvid;runway-jupiter,internvid;runway-jupiter,ByteDance;Runway;Stability AI,USED_BY
Syncopated Ladies by Chloe Arnold,Syncopated Ladies by Chloe Arnold,,452,449,0,0,0,0,0,0,0,0,0,3,runway-jupiter;youtube8m,runway-jupiter,Runway,USED_BY
Peter Rabbit,Peter Rabbit,,1918,867,171,1,167,167,165,1,107,152,117,3,hdvg130m;hdvila100m;howto100m;internvid;koala36m;openvid1m;panda70m;runway-jupiter;vidgen1m;youtube8m;yttemporal-180m,hdvg130m;hdvila100m;internvid;openvid1m;runway-jupiter;vidgen1m;yttemporal-180m,Allen Institute for AI;Amazon;ByteDance;Kuaishou;Meta;Microsoft;Nvidia;Runway;Snap;Stability AI;Tencent;University of Washington,USED_BY
PexBell,PexBell,,432,432,0,0,0,0,0,0,0,0,0,0,runway-jupiter,runway-jupiter,Runway,USED_BY
ProWater,ProWater,,668,668,0,0,0,0,0,0,0,0,0,0,runway-jupiter,runway-jupiter,Runway,USED_BY
Slap Fighting Championship,Slap Fighting Championship,,129,121,0,8,0,0,0,0,0,0,0,0,internvid;runway-jupiter,internvid;runway-jupiter,ByteDance;Runway;Stability AI,USED_BY
Red Bull Cliff Diving,Red Bull Cliff Diving,,686,401,55,64,38,38,38,0,24,16,5,7,hdvg130m;hdvila100m;internvid;koala36m;openvid1m;panda70m;runway-jupiter;vidgen1m;youtube8m;yttemporal-180m,hdvg130m;hdvila100m;internvid;openvid1m;runway-jupiter;vidgen1m;yttemporal-180m,Allen Institute for AI;Amazon;ByteDance;Kuaishou;Meta;Microsoft;Nvidia;Runway;Snap;Stability AI;Tencent;University of Washington,USED_BY
Teenage Mutant Ninja Turtles,Teenage Mutant Ninja Turtles,,329,318,8,1,0,0,0,0,0,0,0,2,internvid;runway-jupiter;youtube8m;yttemporal-180m,internvid;runway-jupiter;yttemporal-180m,Allen Institute for AI;ByteDance;Runway;Stability AI;University of Washington,USED_BY
Anton somewhere,Anton somewhere,,29,27,0,2,0,0,0,0,0,0,0,0,internvid;runway-jupiter,internvid;runway-jupiter,ByteDance;Runway;Stability AI,USED_BY
Kara and Nate,Kara and Nate,,5108,895,432,28,676,675,649,9,448,1084,212,0,hdvg130m;hdvila100m;howto100m;internvid;koala36m;openvid1m;panda70m;runway-jupiter;vidgen1m;yttemporal-180m,hdvg130m;hdvila100m;internvid;openvid1m;runway-jupiter;vidgen1m;yttemporal-180m,Allen Institute for AI;Amazon;ByteDance;Kuaishou;Meta;Microsoft;Nvidia;Runway;Snap;Stability AI;Tencent;University of Washington,USED_BY
Martin Fabian,Martin Fabian,,37,36,0,1,0,0,0,0,0,0,0,0,internvid;runway-jupiter,internvid;runway-jupiter,ByteDance;Runway;Stability AI,USED_BY
Shirazi village vlogs,Shirazi village vlogs,,27,27,0,0,0,0,0,0,0,0,0,0,runway-jupiter,runway-jupiter,Runway,USED_BY
Discovery Relaxation,Discovery Relaxation,,40,40,0,0,0,0,0,0,0,0,0,0,runway-jupiter,runway-jupiter,Runway,USED_BY
IJA Jugglers,IJA Jugglers,,536,506,0,15,0,0,0,0,0,0,0,15,internvid;runway-jupiter;youtube8m,internvid;runway-jupiter,ByteDance;Runway;Stability AI,USED_BY
Patrick Adair Designs,Patrick Adair Designs,,274,224,10,2,13,3,3,13,3,0,3,0,hdvg130m;hdvila100m;howto100m;internvid;koala36m;panda70m;runway-jupiter;vidgen1m;yttemporal-180m,hdvg130m;hdvila100m;internvid;runway-jupiter;vidgen1m;yttemporal-180m,Allen Institute for AI;Amazon;ByteDance;Meta;Nvidia;Runway;Snap;Stability AI;Tencent;University of Washington,USED_BY
Omeleto,Omeleto,,1264,523,138,23,124,124,117,0,90,88,37,0,hdvg130m;hdvila100m;internvid;koala36m;openvid1m;panda70m;runway-jupiter;vidgen1m;yttemporal-180m,hdvg130m;hdvila100m;internvid;openvid1m;runway-jupiter;vidgen1m;yttemporal-180m,Allen Institute for AI;Amazon;ByteDance;Kuaishou;Meta;Microsoft;Nvidia;Runway;Snap;Stability AI;Tencent;University of Washington,USED_BY
Poland Travel,Poland Travel,,511,508,0,1,0,0,0,0,0,0,0,2,internvid;runway-jupiter;youtube8m,internvid;runway-jupiter,ByteDance;Runway;Stability AI,USED_BY
On Ice Perspectives,On Ice Perspectives,,564,551,0,13,0,0,0,0,0,0,0,0,internvid;runway-jupiter,internvid;runway-jupiter,ByteDance;Runway;Stability AI,USED_BY
Stock Footage by Fearless Media,Stock Footage by Fearless Media,,652,652,0,0,0,0,0,0,0,0,0,0,runway-jupiter,runway-jupiter,Runway,USED_BY
Underground Explorer UK,Underground Explorer UK,,659,659,0,0,0,0,0,0,0,0,0,0,runway-jupiter,runway-jupiter,Runway,USED_BY
Strength Side,Strength Side,,547,516,0,21,2,2,2,0,2,0,0,2,hdvg130m;hdvila100m;internvid;koala36m;panda70m;runway-jupiter;youtube8m,hdvg130m;hdvila100m;internvid;runway-jupiter,ByteDance;Meta;Nvidia;Runway;Snap;Stability AI;Tencent,USED_BY
Preppy Kitchen,Preppy Kitchen,,1863,844,238,60,148,99,97,87,74,184,32,0,hdvg130m;hdvila100m;howto100m;internvid;koala36m;openvid1m;panda70m;runway-jupiter;vidgen1m;yttemporal-180m,hdvg130m;hdvila100m;internvid;openvid1m;runway-jupiter;vidgen1m;yttemporal-180m,Allen Institute for AI;Amazon;ByteDance;Kuaishou;Meta;Microsoft;Nvidia;Runway;Snap;Stability AI;Tencent;University of Washington,USED_BY
MLW Wiffle Ball,MLW Wiffle Ball,,469,433,0,19,0,0,0,0,0,0,0,17,internvid;runway-jupiter;youtube8m,internvid;runway-jupiter,ByteDance;Runway;Stability AI,USED_BY
American Dental Association (ADA),American Dental Association (ADA),,431,388,3,14,6,4,3,5,4,2,0,2,hdvg130m;hdvila100m;howto100m;internvid;koala36m;openvid1m;panda70m;runway-jupiter;youtube8m;yttemporal-180m,hdvg130m;hdvila100m;internvid;openvid1m;runway-jupiter;yttemporal-180m,Allen Institute for AI;Amazon;ByteDance;Kuaishou;Meta;Microsoft;Nvidia;Runway;Snap;Stability AI;Tencent;University of Washington,USED_BY
Retro Ralph,Retro Ralph,,551,549,0,0,1,0,0,1,0,0,0,0,howto100m;panda70m;runway-jupiter,runway-jupiter,Runway,USED_BY
Nick Pro,Nick Pro,,593,549,0,38,1,0,0,1,0,0,0,4,howto100m;internvid;panda70m;runway-jupiter;youtube8m,internvid;runway-jupiter,ByteDance;Runway;Stability AI,USED_BY
Charlie Follows,Charlie Follows,,532,532,0,0,0,0,0,0,0,0,0,0,runway-jupiter,runway-jupiter,Runway,USED_BY
Alan Thrall (Untamed Strength),Alan Thrall (Untamed Strength),,546,500,5,20,6,1,1,6,1,2,0,4,hdvg130m;hdvila100m;howto100m;internvid;koala36m;openvid1m;panda70m;runway-jupiter;youtube8m;yttemporal-180m,hdvg130m;hdvila100m;internvid;openvid1m;runway-jupiter;yttemporal-180m,Allen Institute for AI;Amazon;ByteDance;Kuaishou;Meta;Microsoft;Nvidia;Runway;Snap;Stability AI;Tencent;University of Washington,USED_BY
Piggy Soap ASMR,Piggy Soap ASMR,,480,479,0,1,0,0,0,0,0,0,0,0,internvid;runway-jupiter,internvid;runway-jupiter,ByteDance;Runway;Stability AI,USED_BY
The Fish Guys,The Fish Guys,,536,516,3,5,3,2,2,3,1,0,1,0,hdvg130m;hdvila100m;howto100m;internvid;koala36m;panda70m;runway-jupiter;vidgen1m;yttemporal-180m,hdvg130m;hdvila100m;internvid;runway-jupiter;vidgen1m;yttemporal-180m,Allen Institute for AI;Amazon;ByteDance;Meta;Nvidia;Runway;Snap;Stability AI;Tencent;University of Washington,USED_BY
Keep It Weird,Keep It Weird,,621,620,0,1,0,0,0,0,0,0,0,0,internvid;runway-jupiter,internvid;runway-jupiter,ByteDance;Runway;Stability AI,USED_BY
THE GARFIELD SHOW OFFICIAL 🇺🇸,THE GARFIELD SHOW OFFICIAL 🇺🇸,,535,530,1,0,1,1,1,1,0,0,0,0,hdvila100m;howto100m;koala36m;panda70m;runway-jupiter;yttemporal-180m,hdvila100m;runway-jupiter;yttemporal-180m,Allen Institute for AI;ByteDance;Meta;Runway;Snap;Tencent;University of Washington,USED_BY
AnimalWised,AnimalWised,,2233,817,251,46,245,232,223,34,134,122,129,0,hdvg130m;hdvila100m;howto100m;internvid;koala36m;openvid1m;panda70m;runway-jupiter;vidgen1m;yttemporal-180m,hdvg130m;hdvila100m;internvid;openvid1m;runway-jupiter;vidgen1m;yttemporal-180m,Allen Institute for AI;Amazon;ByteDance;Kuaishou;Meta;Microsoft;Nvidia;Runway;Snap;Stability AI;Tencent;University of Washington,USED_BY
Basteln mit Papier,Basteln mit Papier,,523,486,0,28,0,0,0,0,0,0,0,9,internvid;runway-jupiter;youtube8m,internvid;runway-jupiter,ByteDance;Runway;Stability AI,USED_BY
DrDaveBilliards,DrDaveBilliards,,633,537,3,50,9,5,4,8,4,0,0,13,hdvg130m;hdvila100m;howto100m;internvid;koala36m;panda70m;runway-jupiter;youtube8m;yttemporal-180m,hdvg130m;hdvila100m;internvid;runway-jupiter;yttemporal-180m,Allen Institute for AI;ByteDance;Meta;Nvidia;Runway;Snap;Stability AI;Tencent;University of Washington,USED_BY
Walt Disney Animation Studios,Walt Disney Animation Studios,,979,500,108,17,92,91,78,4,62,8,9,10,hdvg130m;hdvila100m;howto100m;internvid;koala36m;openvid1m;panda70m;runway-jupiter;vidgen1m;youtube8m;yttemporal-180m,hdvg130m;hdvila100m;internvid;openvid1m;runway-jupiter;vidgen1m;yttemporal-180m,Allen Institute for AI;Amazon;ByteDance;Kuaishou;Meta;Microsoft;Nvidia;Runway;Snap;Stability AI;Tencent;University of Washington,USED_BY
Seattle Tree Care,Seattle Tree Care,,119,119,0,0,0,0,0,0,0,0,0,0,runway-jupiter,runway-jupiter,Runway,USED_BY
Enes Yilmazer,Enes Yilmazer,,200,193,0,7,0,0,0,0,0,0,0,0,internvid;runway-jupiter,internvid;runway-jupiter,ByteDance;Runway;Stability AI,USED_BY
Wind Walk Travel Videos ʬ,Wind Walk Travel Videos ʬ,,394,394,0,0,0,0,0,0,0,0,0,0,runway-jupiter,runway-jupiter,Runway,USED_BY
Matt Steffanina,Matt Steffanina,,606,540,35,11,4,4,4,0,3,2,1,2,hdvg130m;hdvila100m;internvid;koala36m;openvid1m;panda70m;runway-jupiter;vidgen1m;youtube8m;yttemporal-180m,hdvg130m;hdvila100m;internvid;openvid1m;runway-jupiter;vidgen1m;yttemporal-180m,Allen Institute for AI;Amazon;ByteDance;Kuaishou;Meta;Microsoft;Nvidia;Runway;Snap;Stability AI;Tencent;University of Washington,USED_BY
England Netball,England Netball,,468,462,1,1,1,1,1,1,0,0,0,0,hdvila100m;howto100m;internvid;koala36m;panda70m;runway-jupiter;yttemporal-180m,hdvila100m;internvid;runway-jupiter;yttemporal-180m,Allen Institute for AI;ByteDance;Meta;Runway;Snap;Stability AI;Tencent;University of Washington,USED_BY
Clean That Up,Clean That Up,,502,484,0,18,0,0,0,0,0,0,0,0,internvid;runway-jupiter,internvid;runway-jupiter,ByteDance;Runway;Stability AI,USED_BY
Isle of Man TT Races,Isle of Man TT Races,,351,345,0,6,0,0,0,0,0,0,0,0,internvid;runway-jupiter,internvid;runway-jupiter,ByteDance;Runway;Stability AI,USED_BY
Joshua Weissman,Joshua Weissman,,790,523,34,101,39,10,9,39,5,28,2,0,hdvg130m;hdvila100m;howto100m;internvid;koala36m;openvid1m;panda70m;runway-jupiter;vidgen1m;yttemporal-180m,hdvg130m;hdvila100m;internvid;openvid1m;runway-jupiter;vidgen1m;yttemporal-180m,Allen Institute for AI;Amazon;ByteDance;Kuaishou;Meta;Microsoft;Nvidia;Runway;Snap;Stability AI;Tencent;University of Washington,USED_BY
Canada in the Rough,Canada in the Rough,,623,621,0,2,0,0,0,0,0,0,0,0,internvid;runway-jupiter,internvid;runway-jupiter,ByteDance;Runway;Stability AI,USED_BY
Brittany Vasseur,Brittany Vasseur,,1205,503,203,23,124,71,69,77,47,60,26,2,hdvg130m;hdvila100m;howto100m;internvid;koala36m;openvid1m;panda70m;runway-jupiter;vidgen1m;youtube8m;yttemporal-180m,hdvg130m;hdvila100m;internvid;openvid1m;runway-jupiter;vidgen1m;yttemporal-180m,Allen Institute for AI;Amazon;ByteDance;Kuaishou;Meta;Microsoft;Nvidia;Runway;Snap;Stability AI;Tencent;University of Washington,USED_BY
Zeelicious Foods,Zeelicious Foods,,875,609,49,17,58,17,15,58,8,36,8,0,hdvg130m;hdvila100m;howto100m;internvid;koala36m;openvid1m;panda70m;runway-jupiter;vidgen1m;yttemporal-180m,hdvg130m;hdvila100m;internvid;openvid1m;runway-jupiter;vidgen1m;yttemporal-180m,Allen Institute for AI;Amazon;ByteDance;Kuaishou;Meta;Microsoft;Nvidia;Runway;Snap;Stability AI;Tencent;University of Washington,USED_BY
Ninja Training TV,Ninja Training TV,,639,614,1,19,2,0,0,2,0,0,0,1,howto100m;internvid;panda70m;runway-jupiter;youtube8m;yttemporal-180m,internvid;runway-jupiter;yttemporal-180m,Allen Institute for AI;ByteDance;Runway;Stability AI;University of Washington,USED_BY
Mega Moments,Mega Moments,,440,440,0,0,0,0,0,0,0,0,0,0,runway-jupiter,runway-jupiter,Runway,USED_BY
North Country Trains,North Country Trains,,500,500,0,0,0,0,0,0,0,0,0,0,runway-jupiter,runway-jupiter,Runway,USED_BY
FASHION,FASHION,,581,564,2,4,5,0,0,5,0,0,0,1,howto100m;internvid;panda70m;runway-jupiter;youtube8m;yttemporal-180m,internvid;runway-jupiter;yttemporal-180m,Allen Institute for AI;ByteDance;Runway;Stability AI;University of Washington,USED_BY
Clever Hacks,Clever Hacks,,464,464,0,0,0,0,0,0,0,0,0,0,runway-jupiter,runway-jupiter,Runway,USED_BY
Die Maus,Die Maus,,446,436,0,10,0,0,0,0,0,0,0,0,internvid;runway-jupiter,internvid;runway-jupiter,ByteDance;Runway;Stability AI,USED_BY
Animalogic,Animalogic,,1225,599,115,8,113,112,108,6,76,42,46,0,hdvg130m;hdvila100m;howto100m;internvid;koala36m;openvid1m;panda70m;runway-jupiter;vidgen1m;yttemporal-180m,hdvg130m;hdvila100m;internvid;openvid1m;runway-jupiter;vidgen1m;yttemporal-180m,Allen Institute for AI;Amazon;ByteDance;Kuaishou;Meta;Microsoft;Nvidia;Runway;Snap;Stability AI;Tencent;University of Washington,USED_BY
tzuyang쯔양,tzuyang쯔양,,620,558,0,62,0,0,0,0,0,0,0,0,internvid;runway-jupiter,internvid;runway-jupiter,ByteDance;Runway;Stability AI,USED_BY
the Luxury Travel Expert,the Luxury Travel Expert,,411,409,0,2,0,0,0,0,0,0,0,0,internvid;runway-jupiter,internvid;runway-jupiter,ByteDance;Runway;Stability AI,USED_BY
DRD Vacuums,DRD Vacuums,,357,357,0,0,0,0,0,0,0,0,0,0,runway-jupiter,runway-jupiter,Runway,USED_BY
Go Wild,Go Wild,,533,532,0,1,0,0,0,0,0,0,0,0,internvid;runway-jupiter,internvid;runway-jupiter,ByteDance;Runway;Stability AI,USED_BY
The Bioneer,The Bioneer,,407,391,0,16,0,0,0,0,0,0,0,0,internvid;runway-jupiter,internvid;runway-jupiter,ByteDance;Runway;Stability AI,USED_BY
gm__golf,gm__golf,,995,714,121,16,36,36,36,0,16,2,18,0,hdvg130m;hdvila100m;internvid;koala36m;openvid1m;panda70m;runway-jupiter;vidgen1m;yttemporal-180m,hdvg130m;hdvila100m;internvid;openvid1m;runway-jupiter;vidgen1m;yttemporal-180m,Allen Institute for AI;Amazon;ByteDance;Kuaishou;Meta;Microsoft;Nvidia;Runway;Snap;Stability AI;Tencent;University of Washington,USED_BY
iDest,iDest,,602,602,0,0,0,0,0,0,0,0,0,0,runway-jupiter,runway-jupiter,Runway,USED_BY
Hammarby Fotboll,Hammarby Fotboll,,893,810,0,0,10,10,9,0,10,0,0,44,hdvg130m;hdvila100m;koala36m;panda70m;runway-jupiter;youtube8m,hdvg130m;hdvila100m;runway-jupiter,ByteDance;Meta;Nvidia;Runway;Snap;Tencent,USED_BY
Rick Bayless,Rick Bayless,,1033,498,153,3,106,44,41,83,30,60,14,1,hdvg130m;hdvila100m;howto100m;internvid;koala36m;openvid1m;panda70m;runway-jupiter;vidgen1m;youtube8m;yttemporal-180m,hdvg130m;hdvila100m;internvid;openvid1m;runway-jupiter;vidgen1m;yttemporal-180m,Allen Institute for AI;Amazon;ByteDance;Kuaishou;Meta;Microsoft;Nvidia;Runway;Snap;Stability AI;Tencent;University of Washington,USED_BY
BENIDORM TOURIST TODAY,BENIDORM TOURIST TODAY,,25,25,0,0,0,0,0,0,0,0,0,0,runway-jupiter,runway-jupiter,Runway,USED_BY
wrapping gift,wrapping gift,,25,25,0,0,0,0,0,0,0,0,0,0,runway-jupiter,runway-jupiter,Runway,USED_BY
Pablo Cimadevila,Pablo Cimadevila,,44,31,1,8,2,0,0,2,0,0,0,0,howto100m;internvid;panda70m;runway-jupiter;yttemporal-180m,internvid;runway-jupiter;yttemporal-180m,Allen Institute for AI;ByteDance;Runway;Stability AI;University of Washington,USED_BY
PEACEFUL MIND,PEACEFUL MIND,,245,243,0,2,0,0,0,0,0,0,0,0,internvid;runway-jupiter,internvid;runway-jupiter,ByteDance;Runway;Stability AI,USED_BY
찐푸드 JJin Food,찐푸드 JJin Food,,587,575,0,12,0,0,0,0,0,0,0,0,internvid;runway-jupiter,internvid;runway-jupiter,ByteDance;Runway;Stability AI,USED_BY
Seeweb FPV,Seeweb FPV,,155,155,0,0,0,0,0,0,0,0,0,0,runway-jupiter,runway-jupiter,Runway,USED_BY
Spotting Point TV 4K,Spotting Point TV 4K,,25,25,0,0,0,0,0,0,0,0,0,0,runway-jupiter,runway-jupiter,Runway,USED_BY
Chef Jack Ovens,Chef Jack Ovens,,506,483,0,23,0,0,0,0,0,0,0,0,internvid;runway-jupiter,internvid;runway-jupiter,ByteDance;Runway;Stability AI,USED_BY
Heiva i Paris - HiP's League,Heiva i Paris - HiP's League,,395,395,0,0,0,0,0,0,0,0,0,0,runway-jupiter,runway-jupiter,Runway,USED_BY
Not What You Think,Not What You Think,,617,562,0,55,0,0,0,0,0,0,0,0,internvid;runway-jupiter,internvid;runway-jupiter,ByteDance;Runway;Stability AI,USED_BY
VIRTUAL JAPAN,VIRTUAL JAPAN,,501,501,0,0,0,0,0,0,0,0,0,0,runway-jupiter,runway-jupiter,Runway,USED_BY
Tasty Inside,Tasty Inside,,385,384,0,1,0,0,0,0,0,0,0,0,internvid;runway-jupiter,internvid;runway-jupiter,ByteDance;Runway;Stability AI,USED_BY
BenDeen,BenDeen,,834,600,87,8,41,30,29,13,19,2,5,0,hdvg130m;hdvila100m;howto100m;internvid;koala36m;openvid1m;panda70m;runway-jupiter;vidgen1m;yttemporal-180m,hdvg130m;hdvila100m;internvid;openvid1m;runway-jupiter;vidgen1m;yttemporal-180m,Allen Institute for AI;Amazon;ByteDance;Kuaishou;Meta;Microsoft;Nvidia;Runway;Snap;Stability AI;Tencent;University of Washington,USED_BY
Tucker Gott,Tucker Gott,,1395,599,292,10,103,103,98,0,71,60,58,1,hdvg130m;hdvila100m;internvid;koala36m;openvid1m;panda70m;runway-jupiter;vidgen1m;youtube8m;yttemporal-180m,hdvg130m;hdvila100m;internvid;openvid1m;runway-jupiter;vidgen1m;yttemporal-180m,Allen Institute for AI;Amazon;ByteDance;Kuaishou;Meta;Microsoft;Nvidia;Runway;Snap;Stability AI;Tencent;University of Washington,USED_BY
Red Bull Air Race,Red Bull Air Race,,641,550,0,27,10,10,10,0,7,4,0,23,hdvg130m;hdvila100m;internvid;koala36m;openvid1m;panda70m;runway-jupiter;youtube8m,hdvg130m;hdvila100m;internvid;openvid1m;runway-jupiter,Amazon;ByteDance;Kuaishou;Meta;Microsoft;Nvidia;Runway;Snap;Stability AI;Tencent,USED_BY
LONDON CITY WALK,LONDON CITY WALK,,730,730,0,0,0,0,0,0,0,0,0,0,runway-jupiter,runway-jupiter,Runway,USED_BY
HD Video Library - No Copyright Footage,HD Video Library - No Copyright Footage,,532,532,0,0,0,0,0,0,0,0,0,0,runway-jupiter,runway-jupiter,Runway,USED_BY
Fulling Mill Fly Fishing,Fulling Mill Fly Fishing,,307,307,0,0,0,0,0,0,0,0,0,0,runway-jupiter,runway-jupiter,Runway,USED_BY
Flying Master,Flying Master,,503,490,0,13,0,0,0,0,0,0,0,0,internvid;runway-jupiter,internvid;runway-jupiter,ByteDance;Runway;Stability AI,USED_BY
MasterChef Pankaj Bhadouria,MasterChef Pankaj Bhadouria,,601,589,1,9,1,0,0,1,0,0,0,0,howto100m;internvid;panda70m;runway-jupiter;yttemporal-180m,internvid;runway-jupiter;yttemporal-180m,Allen Institute for AI;ByteDance;Runway;Stability AI;University of Washington,USED_BY
Vogue UA,Vogue UA,,398,388,0,10,0,0,0,0,0,0,0,0,internvid;runway-jupiter,internvid;runway-jupiter,ByteDance;Runway;Stability AI,USED_BY
Sony Pictures SA,Sony Pictures SA,,374,363,0,0,2,2,2,0,2,0,0,3,hdvg130m;hdvila100m;koala36m;panda70m;runway-jupiter;youtube8m,hdvg130m;hdvila100m;runway-jupiter,ByteDance;Meta;Nvidia;Runway;Snap;Tencent,USED_BY
설기양SULGI,설기양SULGI,,544,524,0,20,0,0,0,0,0,0,0,0,internvid;runway-jupiter,internvid;runway-jupiter,ByteDance;Runway;Stability AI,USED_BY
Jesse James West,Jesse James West,,492,484,0,8,0,0,0,0,0,0,0,0,internvid;runway-jupiter,internvid;runway-jupiter,ByteDance;Runway;Stability AI,USED_BY
The Trapeze Net,The Trapeze Net,,426,423,0,3,0,0,0,0,0,0,0,0,internvid;runway-jupiter,internvid;runway-jupiter,ByteDance;Runway;Stability AI,USED_BY
And 5678 Line Dance Class,And 5678 Line Dance Class,,400,400,0,0,0,0,0,0,0,0,0,0,runway-jupiter,runway-jupiter,Runway,USED_BY
Monster Hunter,Monster Hunter,,456,430,1,2,5,3,3,2,2,0,1,7,hdvg130m;hdvila100m;howto100m;internvid;koala36m;panda70m;runway-jupiter;vidgen1m;youtube8m;yttemporal-180m,hdvg130m;hdvila100m;internvid;runway-jupiter;vidgen1m;yttemporal-180m,Allen Institute for AI;Amazon;ByteDance;Meta;Nvidia;Runway;Snap;Stability AI;Tencent;University of Washington,USED_BY
ALFIE EATS,ALFIE EATS,,497,492,0,5,0,0,0,0,0,0,0,0,internvid;runway-jupiter,internvid;runway-jupiter,ByteDance;Runway;Stability AI,USED_BY
Canon Solutions America,Canon Solutions America,,467,466,0,1,0,0,0,0,0,0,0,0,internvid;runway-jupiter,internvid;runway-jupiter,ByteDance;Runway;Stability AI,USED_BY
FA GAMEZ,FA GAMEZ,,695,695,0,0,0,0,0,0,0,0,0,0,runway-jupiter,runway-jupiter,Runway,USED_BY
Darren Tang,Darren Tang,,502,484,0,18,0,0,0,0,0,0,0,0,internvid;runway-jupiter,internvid;runway-jupiter,ByteDance;Runway;Stability AI,USED_BY
Average Rob,Average Rob,,93,88,0,5,0,0,0,0,0,0,0,0,internvid;runway-jupiter,internvid;runway-jupiter,ByteDance;Runway;Stability AI,USED_BY
Village Carpathian cuisine,Village Carpathian cuisine,,26,26,0,0,0,0,0,0,0,0,0,0,runway-jupiter,runway-jupiter,Runway,USED_BY
Jason Momoa,Jason Momoa,,52,52,0,0,0,0,0,0,0,0,0,0,runway-jupiter,runway-jupiter,Runway,USED_BY
devinsupertramp,devinsupertramp,,583,444,40,33,13,13,11,3,4,6,3,13,hdvg130m;hdvila100m;howto100m;internvid;koala36m;openvid1m;panda70m;runway-jupiter;vidgen1m;youtube8m;yttemporal-180m,hdvg130m;hdvila100m;internvid;openvid1m;runway-jupiter;vidgen1m;yttemporal-180m,Allen Institute for AI;Amazon;ByteDance;Kuaishou;Meta;Microsoft;Nvidia;Runway;Snap;Stability AI;Tencent;University of Washington,USED_BY
Sridevi Nrithyalaya,Sridevi Nrithyalaya,,739,735,0,0,0,0,0,0,0,0,0,4,runway-jupiter;youtube8m,runway-jupiter,Runway,USED_BY
Vito Iacopelli,Vito Iacopelli,,589,477,17,12,31,5,5,31,4,4,1,2,hdvg130m;hdvila100m;howto100m;internvid;koala36m;openvid1m;panda70m;runway-jupiter;vidgen1m;youtube8m;yttemporal-180m,hdvg130m;hdvila100m;internvid;openvid1m;runway-jupiter;vidgen1m;yttemporal-180m,Allen Institute for AI;Amazon;ByteDance;Kuaishou;Meta;Microsoft;Nvidia;Runway;Snap;Stability AI;Tencent;University of Washington,USED_BY
7mlc,7mlc,,604,548,2,46,3,1,1,2,0,0,0,1,hdvila100m;howto100m;internvid;koala36m;panda70m;runway-jupiter;youtube8m;yttemporal-180m,hdvila100m;internvid;runway-jupiter;yttemporal-180m,Allen Institute for AI;ByteDance;Meta;Runway;Snap;Stability AI;Tencent;University of Washington,USED_BY
THAI FIGHT INTERNATIONAL,THAI FIGHT INTERNATIONAL,,408,408,0,0,0,0,0,0,0,0,0,0,runway-jupiter,runway-jupiter,Runway,USED_BY
Entertaining With Beth,Entertaining With Beth,,1851,548,226,5,293,87,86,294,57,200,41,14,hdvg130m;hdvila100m;howto100m;internvid;koala36m;openvid1m;panda70m;runway-jupiter;vidgen1m;youtube8m;yttemporal-180m,hdvg130m;hdvila100m;internvid;openvid1m;runway-jupiter;vidgen1m;yttemporal-180m,Allen Institute for AI;Amazon;ByteDance;Kuaishou;Meta;Microsoft;Nvidia;Runway;Snap;Stability AI;Tencent;University of Washington,USED_BY
Pixadisc,Pixadisc,,365,365,0,0,0,0,0,0,0,0,0,0,runway-jupiter,runway-jupiter,Runway,USED_BY
Jerome Mervelet,Jerome Mervelet,,453,453,0,0,0,0,0,0,0,0,0,0,runway-jupiter,runway-jupiter,Runway,USED_BY
My Happy Pets,My Happy Pets,,449,447,0,2,0,0,0,0,0,0,0,0,internvid;runway-jupiter,internvid;runway-jupiter,ByteDance;Runway;Stability AI,USED_BY
OZZNER,OZZNER,,388,388,0,0,0,0,0,0,0,0,0,0,runway-jupiter,runway-jupiter,Runway,USED_BY
The Handyman,The Handyman,,1335,550,245,81,135,84,76,69,43,24,26,2,hdvg130m;hdvila100m;howto100m;internvid;koala36m;openvid1m;panda70m;runway-jupiter;vidgen1m;youtube8m;yttemporal-180m,hdvg130m;hdvila100m;internvid;openvid1m;runway-jupiter;vidgen1m;yttemporal-180m,Allen Institute for AI;Amazon;ByteDance;Kuaishou;Meta;Microsoft;Nvidia;Runway;Snap;Stability AI;Tencent;University of Washington,USED_BY
Blue Cactus Dairy Goats,Blue Cactus Dairy Goats,,652,637,2,4,2,2,1,2,2,0,0,0,hdvg130m;hdvila100m;howto100m;internvid;koala36m;panda70m;runway-jupiter;yttemporal-180m,hdvg130m;hdvila100m;internvid;runway-jupiter;yttemporal-180m,Allen Institute for AI;ByteDance;Meta;Nvidia;Runway;Snap;Stability AI;Tencent;University of Washington,USED_BY
Fishing With YakPak,Fishing With YakPak,,972,558,148,0,62,62,61,0,33,18,30,0,hdvg130m;hdvila100m;koala36m;openvid1m;panda70m;runway-jupiter;vidgen1m;yttemporal-180m,hdvg130m;hdvila100m;openvid1m;runway-jupiter;vidgen1m;yttemporal-180m,Allen Institute for AI;Amazon;ByteDance;Kuaishou;Meta;Microsoft;Nvidia;Runway;Snap;Tencent;University of Washington,USED_BY
sgprolab,sgprolab,,580,580,0,0,0,0,0,0,0,0,0,0,runway-jupiter,runway-jupiter,Runway,USED_BY
Leo Lausemaus,Leo Lausemaus,,448,448,0,0,0,0,0,0,0,0,0,0,runway-jupiter,runway-jupiter,Runway,USED_BY
The Luxury Home Show,The Luxury Home Show,,472,468,0,4,0,0,0,0,0,0,0,0,internvid;runway-jupiter,internvid;runway-jupiter,ByteDance;Runway;Stability AI,USED_BY
Tomographic,Tomographic,,461,459,0,2,0,0,0,0,0,0,0,0,internvid;runway-jupiter,internvid;runway-jupiter,ByteDance;Runway;Stability AI,USED_BY
Gimbal God,Gimbal God,,544,542,0,2,0,0,0,0,0,0,0,0,internvid;runway-jupiter,internvid;runway-jupiter,ByteDance;Runway;Stability AI,USED_BY
davidsjones,davidsjones,,1385,650,292,14,103,101,95,3,73,14,40,0,hdvg130m;hdvila100m;howto100m;internvid;koala36m;openvid1m;panda70m;runway-jupiter;vidgen1m;yttemporal-180m,hdvg130m;hdvila100m;internvid;openvid1m;runway-jupiter;vidgen1m;yttemporal-180m,Allen Institute for AI;Amazon;ByteDance;Kuaishou;Meta;Microsoft;Nvidia;Runway;Snap;Stability AI;Tencent;University of Washington,USED_BY
NYT Cooking,NYT Cooking,,427,382,9,11,6,6,5,0,2,4,2,0,hdvg130m;hdvila100m;internvid;koala36m;openvid1m;panda70m;runway-jupiter;vidgen1m;yttemporal-180m,hdvg130m;hdvila100m;internvid;openvid1m;runway-jupiter;vidgen1m;yttemporal-180m,Allen Institute for AI;Amazon;ByteDance;Kuaishou;Meta;Microsoft;Nvidia;Runway;Snap;Stability AI;Tencent;University of Washington,USED_BY
Knot Master,Knot Master,,398,398,0,0,0,0,0,0,0,0,0,0,runway-jupiter,runway-jupiter,Runway,USED_BY
Pizza and Luna,Pizza and Luna,,547,546,0,1,0,0,0,0,0,0,0,0,internvid;runway-jupiter,internvid;runway-jupiter,ByteDance;Runway;Stability AI,USED_BY
СВІТ НАВИВОРІТ,СВІТ НАВИВОРІТ,,481,481,0,0,0,0,0,0,0,0,0,0,runway-jupiter,runway-jupiter,Runway,USED_BY
Caitlin Shoemaker,Caitlin Shoemaker,,1621,716,244,1,167,103,101,96,79,86,28,0,hdvg130m;hdvila100m;howto100m;internvid;koala36m;openvid1m;panda70m;runway-jupiter;vidgen1m;yttemporal-180m,hdvg130m;hdvila100m;internvid;openvid1m;runway-jupiter;vidgen1m;yttemporal-180m,Allen Institute for AI;Amazon;ByteDance;Kuaishou;Meta;Microsoft;Nvidia;Runway;Snap;Stability AI;Tencent;University of Washington,USED_BY
hv apex,hv apex,,575,575,0,0,0,0,0,0,0,0,0,0,runway-jupiter,runway-jupiter,Runway,USED_BY
4K Flights,4K Flights,,23,23,0,0,0,0,0,0,0,0,0,0,runway-jupiter,runway-jupiter,Runway,USED_BY
8K Exotic Animals,8K Exotic Animals,,23,23,0,0,0,0,0,0,0,0,0,0,runway-jupiter,runway-jupiter,Runway,USED_BY
BioNetwork,BioNetwork,,164,116,4,7,8,5,5,8,6,2,1,2,hdvg130m;hdvila100m;howto100m;internvid;koala36m;openvid1m;panda70m;runway-jupiter;vidgen1m;youtube8m;yttemporal-180m,hdvg130m;hdvila100m;internvid;openvid1m;runway-jupiter;vidgen1m;yttemporal-180m,Allen Institute for AI;Amazon;ByteDance;Kuaishou;Meta;Microsoft;Nvidia;Runway;Snap;Stability AI;Tencent;University of Washington,USED_BY
Keith Johnson Woodworking,Keith Johnson Woodworking,,46,46,0,0,0,0,0,0,0,0,0,0,runway-jupiter,runway-jupiter,Runway,USED_BY
4K Ocean World,4K Ocean World,,23,23,0,0,0,0,0,0,0,0,0,0,runway-jupiter,runway-jupiter,Runway,USED_BY
Epic Gardening,Epic Gardening,,906,487,44,125,77,30,27,70,20,14,8,4,hdvg130m;hdvila100m;howto100m;internvid;koala36m;openvid1m;panda70m;runway-jupiter;vidgen1m;youtube8m;yttemporal-180m,hdvg130m;hdvila100m;internvid;openvid1m;runway-jupiter;vidgen1m;yttemporal-180m,Allen Institute for AI;Amazon;ByteDance;Kuaishou;Meta;Microsoft;Nvidia;Runway;Snap;Stability AI;Tencent;University of Washington,USED_BY
Kitesurfing Official,Kitesurfing Official,,529,508,0,21,0,0,0,0,0,0,0,0,internvid;runway-jupiter,internvid;runway-jupiter,ByteDance;Runway;Stability AI,USED_BY
Jeff Nippard,Jeff Nippard,,1204,429,227,64,106,104,99,4,64,52,54,1,hdvg130m;hdvila100m;howto100m;internvid;koala36m;openvid1m;panda70m;runway-jupiter;vidgen1m;youtube8m;yttemporal-180m,hdvg130m;hdvila100m;internvid;openvid1m;runway-jupiter;vidgen1m;yttemporal-180m,Allen Institute for AI;Amazon;ByteDance;Kuaishou;Meta;Microsoft;Nvidia;Runway;Snap;Stability AI;Tencent;University of Washington,USED_BY
Pacific Northwest Ballet,Pacific Northwest Ballet,,597,563,1,1,6,5,5,1,1,0,1,13,hdvg130m;hdvila100m;howto100m;internvid;koala36m;panda70m;runway-jupiter;vidgen1m;youtube8m;yttemporal-180m,hdvg130m;hdvila100m;internvid;runway-jupiter;vidgen1m;yttemporal-180m,Allen Institute for AI;Amazon;ByteDance;Meta;Nvidia;Runway;Snap;Stability AI;Tencent;University of Washington,USED_BY
AQUAHOLIC,AQUAHOLIC,,975,725,76,6,36,36,36,0,20,26,14,0,hdvg130m;hdvila100m;internvid;koala36m;openvid1m;panda70m;runway-jupiter;vidgen1m;yttemporal-180m,hdvg130m;hdvila100m;internvid;openvid1m;runway-jupiter;vidgen1m;yttemporal-180m,Allen Institute for AI;Amazon;ByteDance;Kuaishou;Meta;Microsoft;Nvidia;Runway;Snap;Stability AI;Tencent;University of Washington,USED_BY
UKClimbing,UKClimbing,,657,654,0,2,0,0,0,0,0,0,0,1,internvid;runway-jupiter;youtube8m,internvid;runway-jupiter,ByteDance;Runway;Stability AI,USED_BY
bluetvsports,bluetvsports,,346,341,1,4,0,0,0,0,0,0,0,0,internvid;runway-jupiter;yttemporal-180m,internvid;runway-jupiter;yttemporal-180m,Allen Institute for AI;ByteDance;Runway;Stability AI;University of Washington,USED_BY
Zip Zip [English Official],Zip Zip [English Official],,484,471,0,13,0,0,0,0,0,0,0,0,internvid;runway-jupiter,internvid;runway-jupiter,ByteDance;Runway;Stability AI,USED_BY
Dubai Sotheby’s International Realty,Dubai Sotheby’s International Realty,,406,406,0,0,0,0,0,0,0,0,0,0,runway-jupiter,runway-jupiter,Runway,USED_BY
123 GO! SCHOOL German,123 GO! SCHOOL German,,457,455,0,2,0,0,0,0,0,0,0,0,internvid;runway-jupiter,internvid;runway-jupiter,ByteDance;Runway;Stability AI,USED_BY
Free 4K Stock Videos,Free 4K Stock Videos,,361,361,0,0,0,0,0,0,0,0,0,0,runway-jupiter,runway-jupiter,Runway,USED_BY
Free Stock Footage,Free Stock Footage,,649,649,0,0,0,0,0,0,0,0,0,0,runway-jupiter,runway-jupiter,Runway,USED_BY
Phillips,Phillips,,555,544,0,4,1,1,1,0,2,0,1,1,hdvg130m;hdvila100m;internvid;koala36m;panda70m;runway-jupiter;vidgen1m;youtube8m,hdvg130m;hdvila100m;internvid;runway-jupiter;vidgen1m,Amazon;ByteDance;Meta;Nvidia;Runway;Snap;Stability AI;Tencent,USED_BY
문복희 Eat with Boki,문복희 Eat with Boki,,703,662,0,41,0,0,0,0,0,0,0,0,internvid;runway-jupiter,internvid;runway-jupiter,ByteDance;Runway;Stability AI,USED_BY
Johnny's War Stories,Johnny's War Stories,,508,502,0,6,0,0,0,0,0,0,0,0,internvid;runway-jupiter,internvid;runway-jupiter,ByteDance;Runway;Stability AI,USED_BY
CaptainHook TreeClimbing,CaptainHook TreeClimbing,,308,307,0,1,0,0,0,0,0,0,0,0,internvid;runway-jupiter,internvid;runway-jupiter,ByteDance;Runway;Stability AI,USED_BY
Little P’s World,Little P’s World,,344,341,0,3,0,0,0,0,0,0,0,0,internvid;runway-jupiter,internvid;runway-jupiter,ByteDance;Runway;Stability AI,USED_BY
Alexa Real,Alexa Real,,614,611,0,3,0,0,0,0,0,0,0,0,internvid;runway-jupiter,internvid;runway-jupiter,ByteDance;Runway;Stability AI,USED_BY
Clau Reads Books,Clau Reads Books,,384,377,0,1,1,1,1,0,0,0,0,3,hdvila100m;internvid;koala36m;panda70m;runway-jupiter;youtube8m,hdvila100m;internvid;runway-jupiter,ByteDance;Meta;Runway;Snap;Stability AI;Tencent,USED_BY
RAWWFishing,RAWWFishing,,1356,670,245,6,100,97,90,8,72,4,64,0,hdvg130m;hdvila100m;howto100m;internvid;koala36m;openvid1m;panda70m;runway-jupiter;vidgen1m;yttemporal-180m,hdvg130m;hdvila100m;internvid;openvid1m;runway-jupiter;vidgen1m;yttemporal-180m,Allen Institute for AI;Amazon;ByteDance;Kuaishou;Meta;Microsoft;Nvidia;Runway;Snap;Stability AI;Tencent;University of Washington,USED_BY
Go Places Pro,Go Places Pro,,416,416,0,0,0,0,0,0,0,0,0,0,runway-jupiter,runway-jupiter,Runway,USED_BY
Freshly Charged,Freshly Charged,,552,546,0,6,0,0,0,0,0,0,0,0,internvid;runway-jupiter,internvid;runway-jupiter,ByteDance;Runway;Stability AI,USED_BY
Bengali Fish & Fishing,Bengali Fish & Fishing,,24,24,0,0,0,0,0,0,0,0,0,0,runway-jupiter,runway-jupiter,Runway,USED_BY
TPM Travel Documentary Films,TPM Travel Documentary Films,,28,28,0,0,0,0,0,0,0,0,0,0,runway-jupiter,runway-jupiter,Runway,USED_BY
Halloween Eye,Halloween Eye,,227,227,0,0,0,0,0,0,0,0,0,0,runway-jupiter,runway-jupiter,Runway,USED_BY
Zenso Relaxation,Zenso Relaxation,,45,44,0,1,0,0,0,0,0,0,0,0,internvid;runway-jupiter,internvid;runway-jupiter,ByteDance;Runway;Stability AI,USED_BY
Cinema Calendar,Cinema Calendar,,302,302,0,0,0,0,0,0,0,0,0,0,runway-jupiter,runway-jupiter,Runway,USED_BY
The New Reality Paranormal,The New Reality Paranormal,,194,194,0,0,0,0,0,0,0,0,0,0,runway-jupiter,runway-jupiter,Runway,USED_BY
Kite Flying and Kite Festivals,Kite Flying and Kite Festivals,,530,530,0,0,0,0,0,0,0,0,0,0,runway-jupiter,runway-jupiter,Runway,USED_BY
RESAKS GRAFFITI,RESAKS GRAFFITI,,289,283,0,6,0,0,0,0,0,0,0,0,internvid;runway-jupiter,internvid;runway-jupiter,ByteDance;Runway;Stability AI,USED_BY
April Wilkerson,April Wilkerson,,738,410,68,38,75,27,27,52,21,8,6,6,hdvg130m;hdvila100m;howto100m;internvid;koala36m;openvid1m;panda70m;runway-jupiter;vidgen1m;youtube8m;yttemporal-180m,hdvg130m;hdvila100m;internvid;openvid1m;runway-jupiter;vidgen1m;yttemporal-180m,Allen Institute for AI;Amazon;ByteDance;Kuaishou;Meta;Microsoft;Nvidia;Runway;Snap;Stability AI;Tencent;University of Washington,USED_BY
Drummond Golf,Drummond Golf,,424,421,0,0,1,0,0,1,0,0,0,1,howto100m;panda70m;runway-jupiter;youtube8m,runway-jupiter,Runway,USED_BY
슈앤트리 SHU AND TREE,슈앤트리 SHU AND TREE,,519,501,0,18,0,0,0,0,0,0,0,0,internvid;runway-jupiter,internvid;runway-jupiter,ByteDance;Runway;Stability AI,USED_BY
RoyaltyFree — Videos for content creators,RoyaltyFree — Videos for content creators,,456,456,0,0,0,0,0,0,0,0,0,0,runway-jupiter,runway-jupiter,Runway,USED_BY
Fooster,Fooster,,670,670,0,0,0,0,0,0,0,0,0,0,runway-jupiter,runway-jupiter,Runway,USED_BY
Miarti - Sewing Tips,Miarti - Sewing Tips,,439,439,0,0,0,0,0,0,0,0,0,0,runway-jupiter,runway-jupiter,Runway,USED_BY
NEVER TOO SMALL,NEVER TOO SMALL,,253,234,3,7,3,1,1,3,1,0,0,0,hdvg130m;hdvila100m;howto100m;internvid;koala36m;panda70m;runway-jupiter;yttemporal-180m,hdvg130m;hdvila100m;internvid;runway-jupiter;yttemporal-180m,Allen Institute for AI;ByteDance;Meta;Nvidia;Runway;Snap;Stability AI;Tencent;University of Washington,USED_BY
Rokolee DIY,Rokolee DIY,,504,329,33,6,53,12,11,53,6,0,1,0,hdvg130m;hdvila100m;howto100m;internvid;koala36m;panda70m;runway-jupiter;vidgen1m;yttemporal-180m,hdvg130m;hdvila100m;internvid;runway-jupiter;vidgen1m;yttemporal-180m,Allen Institute for AI;Amazon;ByteDance;Meta;Nvidia;Runway;Snap;Stability AI;Tencent;University of Washington,USED_BY
CFL Highlights,CFL Highlights,,627,626,0,1,0,0,0,0,0,0,0,0,internvid;runway-jupiter,internvid;runway-jupiter,ByteDance;Runway;Stability AI,USED_BY
Matchroom Multi Sport,Matchroom Multi Sport,,582,580,0,2,0,0,0,0,0,0,0,0,internvid;runway-jupiter,internvid;runway-jupiter,ByteDance;Runway;Stability AI,USED_BY
Freeride Inc. Austria Mountainbike - Ski - Vanlife,Freeride Inc. Austria Mountainbike - Ski - Vanlife,,574,574,0,0,0,0,0,0,0,0,0,0,runway-jupiter,runway-jupiter,Runway,USED_BY
Krypto Trekker,Krypto Trekker,,686,686,0,0,0,0,0,0,0,0,0,0,runway-jupiter,runway-jupiter,Runway,USED_BY
Healthy Feet Podiatry,Healthy Feet Podiatry,,533,529,0,4,0,0,0,0,0,0,0,0,internvid;runway-jupiter,internvid;runway-jupiter,ByteDance;Runway;Stability AI,USED_BY
Animation World Network,Animation World Network,,595,595,0,0,0,0,0,0,0,0,0,0,runway-jupiter,runway-jupiter,Runway,USED_BY
ASMR Mass Massage,ASMR Mass Massage,,546,542,0,4,0,0,0,0,0,0,0,0,internvid;runway-jupiter,internvid;runway-jupiter,ByteDance;Runway;Stability AI,USED_BY
SENSEI,SENSEI,,445,435,0,2,1,1,1,0,2,0,0,3,hdvg130m;hdvila100m;internvid;koala36m;panda70m;runway-jupiter;youtube8m,hdvg130m;hdvila100m;internvid;runway-jupiter,ByteDance;Meta;Nvidia;Runway;Snap;Stability AI;Tencent,USED_BY
Design Seed,Design Seed,,394,373,0,21,0,0,0,0,0,0,0,0,internvid;runway-jupiter,internvid;runway-jupiter,ByteDance;Runway;Stability AI,USED_BY
HowToBasic,HowToBasic,,662,509,6,41,32,32,23,1,12,0,2,4,hdvg130m;hdvila100m;howto100m;internvid;koala36m;panda70m;runway-jupiter;vidgen1m;youtube8m;yttemporal-180m,hdvg130m;hdvila100m;internvid;runway-jupiter;vidgen1m;yttemporal-180m,Allen Institute for AI;Amazon;ByteDance;Meta;Nvidia;Runway;Snap;Stability AI;Tencent;University of Washington,USED_BY
Disney Princess,Disney Princess,,1249,563,136,18,129,130,97,1,78,62,33,2,hdvg130m;hdvila100m;howto100m;internvid;koala36m;openvid1m;panda70m;runway-jupiter;vidgen1m;youtube8m;yttemporal-180m,hdvg130m;hdvila100m;internvid;openvid1m;runway-jupiter;vidgen1m;yttemporal-180m,Allen Institute for AI;Amazon;ByteDance;Kuaishou;Meta;Microsoft;Nvidia;Runway;Snap;Stability AI;Tencent;University of Washington,USED_BY
KamovRider,KamovRider,,553,530,0,2,0,0,0,0,0,0,0,21,internvid;runway-jupiter;youtube8m,internvid;runway-jupiter,ByteDance;Runway;Stability AI,USED_BY
Ultimate Baseball Training,Ultimate Baseball Training,,1246,475,214,86,122,121,111,1,86,26,4,0,hdvg130m;hdvila100m;howto100m;internvid;koala36m;openvid1m;panda70m;runway-jupiter;vidgen1m;yttemporal-180m,hdvg130m;hdvila100m;internvid;openvid1m;runway-jupiter;vidgen1m;yttemporal-180m,Allen Institute for AI;Amazon;ByteDance;Kuaishou;Meta;Microsoft;Nvidia;Runway;Snap;Stability AI;Tencent;University of Washington,USED_BY
Nika Ritshel,Nika Ritshel,,283,279,0,4,0,0,0,0,0,0,0,0,internvid;runway-jupiter,internvid;runway-jupiter,ByteDance;Runway;Stability AI,USED_BY
손맛할머니 sonmat,손맛할머니 sonmat,,610,605,0,5,0,0,0,0,0,0,0,0,internvid;runway-jupiter,internvid;runway-jupiter,ByteDance;Runway;Stability AI,USED_BY
UMF TV,UMF TV,,377,373,0,0,0,0,0,0,0,0,0,4,runway-jupiter;youtube8m,runway-jupiter,Runway,USED_BY
Short Frame: Award Winning Short Films,Short Frame: Award Winning Short Films,,41,41,0,0,0,0,0,0,0,0,0,0,runway-jupiter,runway-jupiter,Runway,USED_BY
GlamFam Hair & Beauty,GlamFam Hair & Beauty,,778,407,131,13,60,54,52,10,35,6,10,0,hdvg130m;hdvila100m;howto100m;internvid;koala36m;openvid1m;panda70m;runway-jupiter;vidgen1m;yttemporal-180m,hdvg130m;hdvila100m;internvid;openvid1m;runway-jupiter;vidgen1m;yttemporal-180m,Allen Institute for AI;Amazon;ByteDance;Kuaishou;Meta;Microsoft;Nvidia;Runway;Snap;Stability AI;Tencent;University of Washington,USED_BY
Hello Sewing,Hello Sewing,,335,329,0,6,0,0,0,0,0,0,0,0,internvid;runway-jupiter,internvid;runway-jupiter,ByteDance;Runway;Stability AI,USED_BY
FUJIFILM X Series,FUJIFILM X Series,,470,469,0,1,0,0,0,0,0,0,0,0,internvid;runway-jupiter,internvid;runway-jupiter,ByteDance;Runway;Stability AI,USED_BY
JavaJazzFest,JavaJazzFest,,436,417,0,6,0,0,0,0,0,0,0,13,internvid;runway-jupiter;youtube8m,internvid;runway-jupiter,ByteDance;Runway;Stability AI,USED_BY
Louis Vuitton,Louis Vuitton,,405,392,0,11,0,0,0,0,0,0,0,2,internvid;runway-jupiter;youtube8m,internvid;runway-jupiter,ByteDance;Runway;Stability AI,USED_BY
Aaron Palmer | Low n Slow Basics,Aaron Palmer | Low n Slow Basics,,388,386,0,2,0,0,0,0,0,0,0,0,internvid;runway-jupiter,internvid;runway-jupiter,ByteDance;Runway;Stability AI,USED_BY
Official Sahi hai,Official Sahi hai,,422,422,0,0,0,0,0,0,0,0,0,0,runway-jupiter,runway-jupiter,Runway,USED_BY
Easy Paper Origami,Easy Paper Origami,,434,428,0,6,0,0,0,0,0,0,0,0,internvid;runway-jupiter,internvid;runway-jupiter,ByteDance;Runway;Stability AI,USED_BY
Asian Cricket Council,Asian Cricket Council,,545,540,0,2,0,0,0,0,0,0,0,3,internvid;runway-jupiter;youtube8m,internvid;runway-jupiter,ByteDance;Runway;Stability AI,USED_BY
Bluegabe,Bluegabe,,388,386,0,2,0,0,0,0,0,0,0,0,internvid;runway-jupiter,internvid;runway-jupiter,ByteDance;Runway;Stability AI,USED_BY
IBEX Training,IBEX Training,,358,358,0,0,0,0,0,0,0,0,0,0,runway-jupiter,runway-jupiter,Runway,USED_BY
Sakramel,Sakramel,,432,372,0,60,0,0,0,0,0,0,0,0,internvid;runway-jupiter,internvid;runway-jupiter,ByteDance;Runway;Stability AI,USED_BY
ROC NYC,ROC NYC,,422,421,0,1,0,0,0,0,0,0,0,0,internvid;runway-jupiter,internvid;runway-jupiter,ByteDance;Runway;Stability AI,USED_BY
RedExions,RedExions,,431,431,0,0,0,0,0,0,0,0,0,0,runway-jupiter,runway-jupiter,Runway,USED_BY
Traxxas,Traxxas,,485,467,0,9,1,1,0,0,0,0,0,7,hdvila100m;internvid;panda70m;runway-jupiter;youtube8m,hdvila100m;internvid;runway-jupiter,ByteDance;Meta;Runway;Snap;Stability AI;Tencent,USED_BY
Robbie Hislop Shearing School,Robbie Hislop Shearing School,,434,422,0,12,0,0,0,0,0,0,0,0,internvid;runway-jupiter,internvid;runway-jupiter,ByteDance;Runway;Stability AI,USED_BY
Pierre's Elite Performance,Pierre's Elite Performance,,414,408,0,6,0,0,0,0,0,0,0,0,internvid;runway-jupiter,internvid;runway-jupiter,ByteDance;Runway;Stability AI,USED_BY
China Cultural Center in Copenhagen,China Cultural Center in Copenhagen,,469,468,0,1,0,0,0,0,0,0,0,0,internvid;runway-jupiter,internvid;runway-jupiter,ByteDance;Runway;Stability AI,USED_BY
Life in Canada by Lusy,Life in Canada by Lusy,,485,485,0,0,0,0,0,0,0,0,0,0,runway-jupiter,runway-jupiter,Runway,USED_BY
Mostly Walking,Mostly Walking,,427,427,0,0,0,0,0,0,0,0,0,0,runway-jupiter,runway-jupiter,Runway,USED_BY
The Gardening Channel With James Prigioni,The Gardening Channel With James Prigioni,,790,492,47,58,51,21,20,50,11,26,11,3,hdvg130m;hdvila100m;howto100m;internvid;koala36m;openvid1m;panda70m;runway-jupiter;vidgen1m;youtube8m;yttemporal-180m,hdvg130m;hdvila100m;internvid;openvid1m;runway-jupiter;vidgen1m;yttemporal-180m,Allen Institute for AI;Amazon;ByteDance;Kuaishou;Meta;Microsoft;Nvidia;Runway;Snap;Stability AI;Tencent;University of Washington,USED_BY
Sam Chui,Sam Chui,,1206,439,124,34,119,120,111,11,70,116,57,5,hdvg130m;hdvila100m;howto100m;internvid;koala36m;openvid1m;panda70m;runway-jupiter;vidgen1m;youtube8m;yttemporal-180m,hdvg130m;hdvila100m;internvid;openvid1m;runway-jupiter;vidgen1m;yttemporal-180m,Allen Institute for AI;Amazon;ByteDance;Kuaishou;Meta;Microsoft;Nvidia;Runway;Snap;Stability AI;Tencent;University of Washington,USED_BY
Ralph Lauren,Ralph Lauren,,503,494,0,2,0,0,0,0,0,0,0,7,internvid;runway-jupiter;youtube8m,internvid;runway-jupiter,ByteDance;Runway;Stability AI,USED_BY
EmiratesTeamNZ,EmiratesTeamNZ,,559,546,0,0,1,1,1,0,2,2,0,6,hdvg130m;hdvila100m;koala36m;openvid1m;panda70m;runway-jupiter;youtube8m,hdvg130m;hdvila100m;openvid1m;runway-jupiter,Amazon;ByteDance;Kuaishou;Meta;Microsoft;Nvidia;Runway;Snap;Tencent,USED_BY
대한양궁협회 Korea Archery,대한양궁협회 Korea Archery,,404,401,0,3,0,0,0,0,0,0,0,0,internvid;runway-jupiter,internvid;runway-jupiter,ByteDance;Runway;Stability AI,USED_BY
Muskoka Freerider,Muskoka Freerider,,355,351,0,4,0,0,0,0,0,0,0,0,internvid;runway-jupiter,internvid;runway-jupiter,ByteDance;Runway;Stability AI,USED_BY
SimFlightPro // SimWorldPro,SimFlightPro // SimWorldPro,,428,427,0,1,0,0,0,0,0,0,0,0,internvid;runway-jupiter,internvid;runway-jupiter,ByteDance;Runway;Stability AI,USED_BY
BLK BOX,BLK BOX,,399,399,0,0,0,0,0,0,0,0,0,0,runway-jupiter,runway-jupiter,Runway,USED_BY
Cheesy Buzz,Cheesy Buzz,,385,385,0,0,0,0,0,0,0,0,0,0,runway-jupiter,runway-jupiter,Runway,USED_BY
Fibers_art,Fibers_art,,27,27,0,0,0,0,0,0,0,0,0,0,runway-jupiter,runway-jupiter,Runway,USED_BY
JLNRaw,JLNRaw,,250,244,0,0,3,0,0,3,0,0,0,0,howto100m;panda70m;runway-jupiter,runway-jupiter,Runway,USED_BY
Thomas Flight,Thomas Flight,,128,117,0,11,0,0,0,0,0,0,0,0,internvid;runway-jupiter,internvid;runway-jupiter,ByteDance;Runway;Stability AI,USED_BY
TheSilentWatcher,TheSilentWatcher,,75,75,0,0,0,0,0,0,0,0,0,0,runway-jupiter,runway-jupiter,Runway,USED_BY
Yoga With Adriene,Yoga With Adriene,,1088,620,163,39,78,61,61,20,32,6,7,1,hdvg130m;hdvila100m;howto100m;internvid;koala36m;openvid1m;panda70m;runway-jupiter;vidgen1m;youtube8m;yttemporal-180m,hdvg130m;hdvila100m;internvid;openvid1m;runway-jupiter;vidgen1m;yttemporal-180m,Allen Institute for AI;Amazon;ByteDance;Kuaishou;Meta;Microsoft;Nvidia;Runway;Snap;Stability AI;Tencent;University of Washington,USED_BY
Random Golf Club,Random Golf Club,,318,312,0,6,0,0,0,0,0,0,0,0,internvid;runway-jupiter,internvid;runway-jupiter,ByteDance;Runway;Stability AI,USED_BY
Adventure Racing World Series,Adventure Racing World Series,,327,317,1,4,1,1,1,1,1,0,0,0,hdvg130m;hdvila100m;howto100m;internvid;koala36m;panda70m;runway-jupiter;yttemporal-180m,hdvg130m;hdvila100m;internvid;runway-jupiter;yttemporal-180m,Allen Institute for AI;ByteDance;Meta;Nvidia;Runway;Snap;Stability AI;Tencent;University of Washington,USED_BY
Sydney Opera House,Sydney Opera House,,928,459,204,14,65,66,50,0,41,10,2,17,hdvg130m;hdvila100m;internvid;koala36m;openvid1m;panda70m;runway-jupiter;vidgen1m;youtube8m;yttemporal-180m,hdvg130m;hdvila100m;internvid;openvid1m;runway-jupiter;vidgen1m;yttemporal-180m,Allen Institute for AI;Amazon;ByteDance;Kuaishou;Meta;Microsoft;Nvidia;Runway;Snap;Stability AI;Tencent;University of Washington,USED_BY
Jp Stephens,Jp Stephens,,557,557,0,0,0,0,0,0,0,0,0,0,runway-jupiter,runway-jupiter,Runway,USED_BY
David Erick Ramos - Ocarina,David Erick Ramos - Ocarina,,538,506,1,12,1,1,0,1,2,0,0,14,hdvg130m;hdvila100m;howto100m;internvid;panda70m;runway-jupiter;youtube8m;yttemporal-180m,hdvg130m;hdvila100m;internvid;runway-jupiter;yttemporal-180m,Allen Institute for AI;ByteDance;Meta;Nvidia;Runway;Snap;Stability AI;Tencent;University of Washington,USED_BY
El Estepario Siberiano,El Estepario Siberiano,,585,572,0,13,0,0,0,0,0,0,0,0,internvid;runway-jupiter,internvid;runway-jupiter,ByteDance;Runway;Stability AI,USED_BY
BlueStone,BlueStone,,412,410,0,2,0,0,0,0,0,0,0,0,internvid;runway-jupiter,internvid;runway-jupiter,ByteDance;Runway;Stability AI,USED_BY
SHREDBOTS OFFICIAL,SHREDBOTS OFFICIAL,,361,316,12,3,7,7,4,0,2,4,3,3,hdvg130m;hdvila100m;internvid;koala36m;openvid1m;panda70m;runway-jupiter;vidgen1m;youtube8m;yttemporal-180m,hdvg130m;hdvila100m;internvid;openvid1m;runway-jupiter;vidgen1m;yttemporal-180m,Allen Institute for AI;Amazon;ByteDance;Kuaishou;Meta;Microsoft;Nvidia;Runway;Snap;Stability AI;Tencent;University of Washington,USED_BY
playpoi,playpoi,,594,478,4,58,7,1,1,7,0,0,0,38,hdvila100m;howto100m;internvid;koala36m;panda70m;runway-jupiter;youtube8m;yttemporal-180m,hdvila100m;internvid;runway-jupiter;yttemporal-180m,Allen Institute for AI;ByteDance;Meta;Runway;Snap;Stability AI;Tencent;University of Washington,USED_BY
Kentucky Ballistics,Kentucky Ballistics,,494,478,2,10,2,0,0,2,0,0,0,0,howto100m;internvid;panda70m;runway-jupiter;yttemporal-180m,internvid;runway-jupiter;yttemporal-180m,Allen Institute for AI;ByteDance;Runway;Stability AI;University of Washington,USED_BY
InsecthausTV (Insecthaus),InsecthausTV (Insecthaus),,437,437,0,0,0,0,0,0,0,0,0,0,runway-jupiter,runway-jupiter,Runway,USED_BY
Val Thorens,Val Thorens,,400,386,0,1,3,3,3,0,1,0,0,3,hdvg130m;hdvila100m;internvid;koala36m;panda70m;runway-jupiter;youtube8m,hdvg130m;hdvila100m;internvid;runway-jupiter,ByteDance;Meta;Nvidia;Runway;Snap;Stability AI;Tencent,USED_BY
Amber Scholl,Amber Scholl,,1465,584,287,13,139,112,109,42,90,30,59,0,hdvg130m;hdvila100m;howto100m;internvid;koala36m;openvid1m;panda70m;runway-jupiter;vidgen1m;yttemporal-180m,hdvg130m;hdvila100m;internvid;openvid1m;runway-jupiter;vidgen1m;yttemporal-180m,Allen Institute for AI;Amazon;ByteDance;Kuaishou;Meta;Microsoft;Nvidia;Runway;Snap;Stability AI;Tencent;University of Washington,USED_BY
TrailerSpot,TrailerSpot,,676,641,0,2,0,0,0,0,0,0,0,33,internvid;runway-jupiter;youtube8m,internvid;runway-jupiter,ByteDance;Runway;Stability AI,USED_BY
HUBLOT,HUBLOT,,584,583,0,0,0,0,0,0,0,0,0,1,runway-jupiter;youtube8m,runway-jupiter,Runway,USED_BY
SFD,SFD,,511,511,0,0,0,0,0,0,0,0,0,0,runway-jupiter,runway-jupiter,Runway,USED_BY
Amazing Fishing Boss,Amazing Fishing Boss,,301,301,0,0,0,0,0,0,0,0,0,0,runway-jupiter,runway-jupiter,Runway,USED_BY
Moto Doggo,Moto Doggo,,574,574,0,0,0,0,0,0,0,0,0,0,runway-jupiter,runway-jupiter,Runway,USED_BY
Perfect Pair,Perfect Pair,,473,445,0,28,0,0,0,0,0,0,0,0,internvid;runway-jupiter,internvid;runway-jupiter,ByteDance;Runway;Stability AI,USED_BY
Flower Joos,Flower Joos,,671,395,50,15,64,22,22,64,12,26,1,0,hdvg130m;hdvila100m;howto100m;internvid;koala36m;openvid1m;panda70m;runway-jupiter;vidgen1m;yttemporal-180m,hdvg130m;hdvila100m;internvid;openvid1m;runway-jupiter;vidgen1m;yttemporal-180m,Allen Institute for AI;Amazon;ByteDance;Kuaishou;Meta;Microsoft;Nvidia;Runway;Snap;Stability AI;Tencent;University of Washington,USED_BY
Анастасия Винтаж,Анастасия Винтаж,,400,399,0,1,0,0,0,0,0,0,0,0,internvid;runway-jupiter,internvid;runway-jupiter,ByteDance;Runway;Stability AI,USED_BY
Musclecars Universe,Musclecars Universe,,424,423,0,1,0,0,0,0,0,0,0,0,internvid;runway-jupiter,internvid;runway-jupiter,ByteDance;Runway;Stability AI,USED_BY
Adam Botkin,Adam Botkin,,368,368,0,0,0,0,0,0,0,0,0,0,runway-jupiter,runway-jupiter,Runway,USED_BY
Derek Lunsford,Derek Lunsford,,298,298,0,0,0,0,0,0,0,0,0,0,runway-jupiter,runway-jupiter,Runway,USED_BY
olympicvancouver2010,olympicvancouver2010,,575,498,0,39,0,0,0,0,0,0,0,38,internvid;runway-jupiter;youtube8m,internvid;runway-jupiter,ByteDance;Runway;Stability AI,USED_BY
Inchcape Audi,Inchcape Audi,,370,360,0,0,1,1,1,0,2,0,0,5,hdvg130m;hdvila100m;koala36m;panda70m;runway-jupiter;youtube8m,hdvg130m;hdvila100m;runway-jupiter,ByteDance;Meta;Nvidia;Runway;Snap;Tencent,USED_BY
Genevieve's Playhouse - Learning Videos for Kids,Genevieve's Playhouse - Learning Videos for Kids,,2750,564,207,45,394,394,374,11,251,392,118,0,hdvg130m;hdvila100m;howto100m;internvid;koala36m;openvid1m;panda70m;runway-jupiter;vidgen1m;yttemporal-180m,hdvg130m;hdvila100m;internvid;openvid1m;runway-jupiter;vidgen1m;yttemporal-180m,Allen Institute for AI;Amazon;ByteDance;Kuaishou;Meta;Microsoft;Nvidia;Runway;Snap;Stability AI;Tencent;University of Washington,USED_BY
Illumination,Illumination,,367,356,0,8,0,0,0,0,0,0,0,3,internvid;runway-jupiter;youtube8m,internvid;runway-jupiter,ByteDance;Runway;Stability AI,USED_BY
Elina Fedorova,Elina Fedorova,,391,374,0,17,0,0,0,0,0,0,0,0,internvid;runway-jupiter,internvid;runway-jupiter,ByteDance;Runway;Stability AI,USED_BY
BeardMeatsFood,BeardMeatsFood,,547,498,6,17,8,3,3,8,3,0,0,1,hdvg130m;hdvila100m;howto100m;internvid;koala36m;panda70m;runway-jupiter;youtube8m;yttemporal-180m,hdvg130m;hdvila100m;internvid;runway-jupiter;yttemporal-180m,Allen Institute for AI;ByteDance;Meta;Nvidia;Runway;Snap;Stability AI;Tencent;University of Washington,USED_BY
JAPANESE SHAMPOO ASMR,JAPANESE SHAMPOO ASMR,,383,382,0,1,0,0,0,0,0,0,0,0,internvid;runway-jupiter,internvid;runway-jupiter,ByteDance;Runway;Stability AI,USED_BY
Maria Draganova,Maria Draganova,,456,455,0,1,0,0,0,0,0,0,0,0,internvid;runway-jupiter,internvid;runway-jupiter,ByteDance;Runway;Stability AI,USED_BY
KRAZAM,KRAZAM,,20,20,0,0,0,0,0,0,0,0,0,0,runway-jupiter,runway-jupiter,Runway,USED_BY
VALORANT,VALORANT,,194,176,0,18,0,0,0,0,0,0,0,0,internvid;runway-jupiter,internvid;runway-jupiter,ByteDance;Runway;Stability AI,USED_BY
HowNOT2,HowNOT2,,494,470,2,8,3,2,2,3,1,2,1,0,hdvg130m;hdvila100m;howto100m;internvid;koala36m;openvid1m;panda70m;runway-jupiter;vidgen1m;yttemporal-180m,hdvg130m;hdvila100m;internvid;openvid1m;runway-jupiter;vidgen1m;yttemporal-180m,Allen Institute for AI;Amazon;ByteDance;Kuaishou;Meta;Microsoft;Nvidia;Runway;Snap;Stability AI;Tencent;University of Washington,USED_BY
DOCUMENTARY TUBE,DOCUMENTARY TUBE,,238,100,30,2,29,25,24,8,18,0,2,0,hdvg130m;hdvila100m;howto100m;internvid;koala36m;panda70m;runway-jupiter;vidgen1m;yttemporal-180m,hdvg130m;hdvila100m;internvid;runway-jupiter;vidgen1m;yttemporal-180m,Allen Institute for AI;Amazon;ByteDance;Meta;Nvidia;Runway;Snap;Stability AI;Tencent;University of Washington,USED_BY
Huyana Beauty,Huyana Beauty,,94,84,0,10,0,0,0,0,0,0,0,0,internvid;runway-jupiter,internvid;runway-jupiter,ByteDance;Runway;Stability AI,USED_BY
FSLL,FSLL,,154,154,0,0,0,0,0,0,0,0,0,0,runway-jupiter,runway-jupiter,Runway,USED_BY
Vadim in the WILD,Vadim in the WILD,,22,22,0,0,0,0,0,0,0,0,0,0,runway-jupiter,runway-jupiter,Runway,USED_BY
Sarah Homfray Embroidery,Sarah Homfray Embroidery,,524,311,52,6,55,15,14,54,12,4,0,1,hdvg130m;hdvila100m;howto100m;internvid;koala36m;openvid1m;panda70m;runway-jupiter;youtube8m;yttemporal-180m,hdvg130m;hdvila100m;internvid;openvid1m;runway-jupiter;yttemporal-180m,Allen Institute for AI;Amazon;ByteDance;Kuaishou;Meta;Microsoft;Nvidia;Runway;Snap;Stability AI;Tencent;University of Washington,USED_BY
Kaleigh Cohen Strength,Kaleigh Cohen Strength,,314,314,0,0,0,0,0,0,0,0,0,0,runway-jupiter,runway-jupiter,Runway,USED_BY
Chef Raphael,Chef Raphael,,429,331,16,10,19,6,6,19,3,14,2,3,hdvg130m;hdvila100m;howto100m;internvid;koala36m;openvid1m;panda70m;runway-jupiter;vidgen1m;youtube8m;yttemporal-180m,hdvg130m;hdvila100m;internvid;openvid1m;runway-jupiter;vidgen1m;yttemporal-180m,Allen Institute for AI;Amazon;ByteDance;Kuaishou;Meta;Microsoft;Nvidia;Runway;Snap;Stability AI;Tencent;University of Washington,USED_BY
EliasVFishing,EliasVFishing,,894,427,115,3,81,73,71,14,49,12,49,0,hdvg130m;hdvila100m;howto100m;internvid;koala36m;openvid1m;panda70m;runway-jupiter;vidgen1m;yttemporal-180m,hdvg130m;hdvila100m;internvid;openvid1m;runway-jupiter;vidgen1m;yttemporal-180m,Allen Institute for AI;Amazon;ByteDance;Kuaishou;Meta;Microsoft;Nvidia;Runway;Snap;Stability AI;Tencent;University of Washington,USED_BY
Matt Jones,Matt Jones,,1073,559,200,41,64,59,57,6,36,16,26,9,hdvg130m;hdvila100m;howto100m;internvid;koala36m;openvid1m;panda70m;runway-jupiter;vidgen1m;youtube8m;yttemporal-180m,hdvg130m;hdvila100m;internvid;openvid1m;runway-jupiter;vidgen1m;yttemporal-180m,Allen Institute for AI;Amazon;ByteDance;Kuaishou;Meta;Microsoft;Nvidia;Runway;Snap;Stability AI;Tencent;University of Washington,USED_BY
Strolling The City,Strolling The City,,458,458,0,0,0,0,0,0,0,0,0,0,runway-jupiter,runway-jupiter,Runway,USED_BY
Double Fault,Double Fault,,325,324,0,1,0,0,0,0,0,0,0,0,internvid;runway-jupiter,internvid;runway-jupiter,ByteDance;Runway;Stability AI,USED_BY
KidKrappie,KidKrappie,,523,520,0,1,0,0,0,0,0,0,0,2,internvid;runway-jupiter;youtube8m,internvid;runway-jupiter,ByteDance;Runway;Stability AI,USED_BY
Piano Relaxing,Piano Relaxing,,175,175,0,0,0,0,0,0,0,0,0,0,runway-jupiter,runway-jupiter,Runway,USED_BY
ForFilm Creation,ForFilm Creation,,462,462,0,0,0,0,0,0,0,0,0,0,runway-jupiter,runway-jupiter,Runway,USED_BY
Red Summit RF,Red Summit RF,,351,351,0,0,0,0,0,0,0,0,0,0,runway-jupiter,runway-jupiter,Runway,USED_BY
CALINA BROTHERS,CALINA BROTHERS,,423,423,0,0,0,0,0,0,0,0,0,0,runway-jupiter,runway-jupiter,Runway,USED_BY
FOOD DILEX,FOOD DILEX,,323,320,0,3,0,0,0,0,0,0,0,0,internvid;runway-jupiter,internvid;runway-jupiter,ByteDance;Runway;Stability AI,USED_BY
Jessica Valant Pilates,Jessica Valant Pilates,,344,330,0,13,0,0,0,0,0,0,0,1,internvid;runway-jupiter;youtube8m,internvid;runway-jupiter,ByteDance;Runway;Stability AI,USED_BY
Stefan Langer,Stefan Langer,,338,258,19,7,12,12,12,0,6,10,2,0,hdvg130m;hdvila100m;internvid;koala36m;openvid1m;panda70m;runway-jupiter;vidgen1m;yttemporal-180m,hdvg130m;hdvila100m;internvid;openvid1m;runway-jupiter;vidgen1m;yttemporal-180m,Allen Institute for AI;Amazon;ByteDance;Kuaishou;Meta;Microsoft;Nvidia;Runway;Snap;Stability AI;Tencent;University of Washington,USED_BY
Ryan Knorr Lawn Care,Ryan Knorr Lawn Care,,807,511,46,44,50,20,19,50,15,48,4,0,hdvg130m;hdvila100m;howto100m;internvid;koala36m;openvid1m;panda70m;runway-jupiter;vidgen1m;yttemporal-180m,hdvg130m;hdvila100m;internvid;openvid1m;runway-jupiter;vidgen1m;yttemporal-180m,Allen Institute for AI;Amazon;ByteDance;Kuaishou;Meta;Microsoft;Nvidia;Runway;Snap;Stability AI;Tencent;University of Washington,USED_BY
hard2hurt,hard2hurt,,427,404,0,23,0,0,0,0,0,0,0,0,internvid;runway-jupiter,internvid;runway-jupiter,ByteDance;Runway;Stability AI,USED_BY
MonsterTruckLord,MonsterTruckLord,,373,373,0,0,0,0,0,0,0,0,0,0,runway-jupiter,runway-jupiter,Runway,USED_BY
Silas Noyes,Silas Noyes,,387,385,0,2,0,0,0,0,0,0,0,0,internvid;runway-jupiter,internvid;runway-jupiter,ByteDance;Runway;Stability AI,USED_BY
YBS Youngbloods,YBS Youngbloods,,871,360,127,12,65,63,61,2,45,88,48,0,hdvg130m;hdvila100m;howto100m;internvid;koala36m;openvid1m;panda70m;runway-jupiter;vidgen1m;yttemporal-180m,hdvg130m;hdvila100m;internvid;openvid1m;runway-jupiter;vidgen1m;yttemporal-180m,Allen Institute for AI;Amazon;ByteDance;Kuaishou;Meta;Microsoft;Nvidia;Runway;Snap;Stability AI;Tencent;University of Washington,USED_BY
Joey Suggs,Joey Suggs,,278,278,0,0,0,0,0,0,0,0,0,0,runway-jupiter,runway-jupiter,Runway,USED_BY
Tee Cee,Tee Cee,,334,330,0,1,0,0,0,0,0,0,0,3,internvid;runway-jupiter;youtube8m,internvid;runway-jupiter,ByteDance;Runway;Stability AI,USED_BY
Rebels Wrestling,Rebels Wrestling,,241,239,0,2,0,0,0,0,0,0,0,0,internvid;runway-jupiter,internvid;runway-jupiter,ByteDance;Runway;Stability AI,USED_BY
Jurassic World,Jurassic World,,262,257,0,5,0,0,0,0,0,0,0,0,internvid;runway-jupiter,internvid;runway-jupiter,ByteDance;Runway;Stability AI,USED_BY
Lydia Tomlinson,Lydia Tomlinson,,833,684,45,18,20,20,19,0,16,8,3,0,hdvg130m;hdvila100m;internvid;koala36m;openvid1m;panda70m;runway-jupiter;vidgen1m;yttemporal-180m,hdvg130m;hdvila100m;internvid;openvid1m;runway-jupiter;vidgen1m;yttemporal-180m,Allen Institute for AI;Amazon;ByteDance;Kuaishou;Meta;Microsoft;Nvidia;Runway;Snap;Stability AI;Tencent;University of Washington,USED_BY
YG ENTERTAINMENT,YG ENTERTAINMENT,,454,417,0,27,0,0,0,0,0,0,0,10,internvid;runway-jupiter;youtube8m,internvid;runway-jupiter,ByteDance;Runway;Stability AI,USED_BY
DezoDrones,DezoDrones,,281,281,0,0,0,0,0,0,0,0,0,0,runway-jupiter,runway-jupiter,Runway,USED_BY
Hello Korea,Hello Korea,,385,379,0,6,0,0,0,0,0,0,0,0,internvid;runway-jupiter,internvid;runway-jupiter,ByteDance;Runway;Stability AI,USED_BY
Infobells - Hindi,Infobells - Hindi,,514,502,0,12,0,0,0,0,0,0,0,0,internvid;runway-jupiter,internvid;runway-jupiter,ByteDance;Runway;Stability AI,USED_BY
Chef Neha Deepak Shah,Chef Neha Deepak Shah,,369,369,0,0,0,0,0,0,0,0,0,0,runway-jupiter,runway-jupiter,Runway,USED_BY
MonsterTruckReels,MonsterTruckReels,,366,366,0,0,0,0,0,0,0,0,0,0,runway-jupiter,runway-jupiter,Runway,USED_BY
Crafty Concepts with Erin,Crafty Concepts with Erin,,350,348,0,2,0,0,0,0,0,0,0,0,internvid;runway-jupiter,internvid;runway-jupiter,ByteDance;Runway;Stability AI,USED_BY
Champion de Chile,Champion de Chile,,494,467,0,27,0,0,0,0,0,0,0,0,internvid;runway-jupiter,internvid;runway-jupiter,ByteDance;Runway;Stability AI,USED_BY
Dirk Schouten,Dirk Schouten,,341,341,0,0,0,0,0,0,0,0,0,0,runway-jupiter,runway-jupiter,Runway,USED_BY
UWH NEWS,UWH NEWS,,385,376,0,9,0,0,0,0,0,0,0,0,internvid;runway-jupiter,internvid;runway-jupiter,ByteDance;Runway;Stability AI,USED_BY
Crashed it,Crashed it,,439,438,0,1,0,0,0,0,0,0,0,0,internvid;runway-jupiter,internvid;runway-jupiter,ByteDance;Runway;Stability AI,USED_BY
Sondre & Tanya,Sondre & Tanya,,485,481,0,4,0,0,0,0,0,0,0,0,internvid;runway-jupiter,internvid;runway-jupiter,ByteDance;Runway;Stability AI,USED_BY
washing dishes,washing dishes,,18,18,0,0,0,0,0,0,0,0,0,0,runway-jupiter,runway-jupiter,Runway,USED_BY
Will Streets,Will Streets,,46,43,0,1,0,0,0,0,0,0,0,2,internvid;runway-jupiter;youtube8m,internvid;runway-jupiter,ByteDance;Runway;Stability AI,USED_BY
Benjamin Ortega,Benjamin Ortega,,46,46,0,0,0,0,0,0,0,0,0,0,runway-jupiter,runway-jupiter,Runway,USED_BY
Naked Science,Naked Science,,742,357,81,6,75,77,68,3,47,10,17,1,hdvg130m;hdvila100m;howto100m;internvid;koala36m;openvid1m;panda70m;runway-jupiter;vidgen1m;youtube8m;yttemporal-180m,hdvg130m;hdvila100m;internvid;openvid1m;runway-jupiter;vidgen1m;yttemporal-180m,Allen Institute for AI;Amazon;ByteDance;Kuaishou;Meta;Microsoft;Nvidia;Runway;Snap;Stability AI;Tencent;University of Washington,USED_BY
V is for Vino Wine Show,V is for Vino Wine Show,,163,157,0,6,0,0,0,0,0,0,0,0,internvid;runway-jupiter,internvid;runway-jupiter,ByteDance;Runway;Stability AI,USED_BY
GymnasticsAddicted,GymnasticsAddicted,,20,20,0,0,0,0,0,0,0,0,0,0,runway-jupiter,runway-jupiter,Runway,USED_BY
Jeff Pelletier,Jeff Pelletier,,115,112,0,3,0,0,0,0,0,0,0,0,internvid;runway-jupiter,internvid;runway-jupiter,ByteDance;Runway;Stability AI,USED_BY
Victor Poulin,Victor Poulin,,389,344,6,2,11,2,1,10,0,0,0,13,hdvila100m;howto100m;internvid;koala36m;panda70m;runway-jupiter;youtube8m;yttemporal-180m,hdvila100m;internvid;runway-jupiter;yttemporal-180m,Allen Institute for AI;ByteDance;Meta;Runway;Snap;Stability AI;Tencent;University of Washington,USED_BY
Arm Historian,Arm Historian,,27,27,0,0,0,0,0,0,0,0,0,0,runway-jupiter,runway-jupiter,Runway,USED_BY
Nomadic Ambience,Nomadic Ambience,,212,212,0,0,0,0,0,0,0,0,0,0,runway-jupiter,runway-jupiter,Runway,USED_BY
IVM Sky Animals,IVM Sky Animals,,300,280,0,20,0,0,0,0,0,0,0,0,internvid;runway-jupiter,internvid;runway-jupiter,ByteDance;Runway;Stability AI,USED_BY
Forza,Forza,,367,360,0,1,1,1,1,0,2,0,0,1,hdvg130m;hdvila100m;internvid;koala36m;panda70m;runway-jupiter;youtube8m,hdvg130m;hdvila100m;internvid;runway-jupiter,ByteDance;Meta;Nvidia;Runway;Snap;Stability AI;Tencent,USED_BY
Planet Fungi,Planet Fungi,,30,30,0,0,0,0,0,0,0,0,0,0,runway-jupiter,runway-jupiter,Runway,USED_BY
Knight Jiu-Jitsu,Knight Jiu-Jitsu,,799,417,113,22,63,61,60,3,49,4,7,0,hdvg130m;hdvila100m;howto100m;internvid;koala36m;openvid1m;panda70m;runway-jupiter;vidgen1m;yttemporal-180m,hdvg130m;hdvila100m;internvid;openvid1m;runway-jupiter;vidgen1m;yttemporal-180m,Allen Institute for AI;Amazon;ByteDance;Kuaishou;Meta;Microsoft;Nvidia;Runway;Snap;Stability AI;Tencent;University of Washington,USED_BY
Theme Park Shark,Theme Park Shark,,340,339,0,1,0,0,0,0,0,0,0,0,internvid;runway-jupiter,internvid;runway-jupiter,ByteDance;Runway;Stability AI,USED_BY
Blake Ridder,Blake Ridder,,371,370,0,1,0,0,0,0,0,0,0,0,internvid;runway-jupiter,internvid;runway-jupiter,ByteDance;Runway;Stability AI,USED_BY
Desi Cooking Secrets UK,Desi Cooking Secrets UK,,329,329,0,0,0,0,0,0,0,0,0,0,runway-jupiter,runway-jupiter,Runway,USED_BY
Nathan Florence,Nathan Florence,,392,389,0,3,0,0,0,0,0,0,0,0,internvid;runway-jupiter,internvid;runway-jupiter,ByteDance;Runway;Stability AI,USED_BY
Girl With The Dogs,Girl With The Dogs,,438,388,0,50,0,0,0,0,0,0,0,0,internvid;runway-jupiter,internvid;runway-jupiter,ByteDance;Runway;Stability AI,USED_BY
J. Kenji López-Alt,J. Kenji López-Alt,,627,413,38,14,41,23,21,42,10,18,7,0,hdvg130m;hdvila100m;howto100m;internvid;koala36m;openvid1m;panda70m;runway-jupiter;vidgen1m;yttemporal-180m,hdvg130m;hdvila100m;internvid;openvid1m;runway-jupiter;vidgen1m;yttemporal-180m,Allen Institute for AI;Amazon;ByteDance;Kuaishou;Meta;Microsoft;Nvidia;Runway;Snap;Stability AI;Tencent;University of Washington,USED_BY
YCImaging,YCImaging,,478,476,0,2,0,0,0,0,0,0,0,0,internvid;runway-jupiter,internvid;runway-jupiter,ByteDance;Runway;Stability AI,USED_BY
YS 24 Handball Video,YS 24 Handball Video,,246,243,0,3,0,0,0,0,0,0,0,0,internvid;runway-jupiter,internvid;runway-jupiter,ByteDance;Runway;Stability AI,USED_BY
Tanya Khanijow,Tanya Khanijow,,447,332,23,9,19,20,18,0,14,6,6,0,hdvg130m;hdvila100m;internvid;koala36m;openvid1m;panda70m;runway-jupiter;vidgen1m;yttemporal-180m,hdvg130m;hdvila100m;internvid;openvid1m;runway-jupiter;vidgen1m;yttemporal-180m,Allen Institute for AI;Amazon;ByteDance;Kuaishou;Meta;Microsoft;Nvidia;Runway;Snap;Stability AI;Tencent;University of Washington,USED_BY
Traveller In The Whole World,Traveller In The Whole World,,551,551,0,0,0,0,0,0,0,0,0,0,runway-jupiter,runway-jupiter,Runway,USED_BY
Лілія Цвіт,Лілія Цвіт,,478,476,0,2,0,0,0,0,0,0,0,0,internvid;runway-jupiter,internvid;runway-jupiter,ByteDance;Runway;Stability AI,USED_BY
Daniel Silva,Daniel Silva,,396,376,0,4,0,0,0,0,0,0,0,16,internvid;runway-jupiter;youtube8m,internvid;runway-jupiter,ByteDance;Runway;Stability AI,USED_BY
Fraser Yachts,Fraser Yachts,,376,369,0,3,0,0,0,0,0,0,0,4,internvid;runway-jupiter;youtube8m,internvid;runway-jupiter,ByteDance;Runway;Stability AI,USED_BY
NSH Aviation,NSH Aviation,,320,320,0,0,0,0,0,0,0,0,0,0,runway-jupiter,runway-jupiter,Runway,USED_BY
Versace,Versace,,343,333,0,10,0,0,0,0,0,0,0,0,internvid;runway-jupiter,internvid;runway-jupiter,ByteDance;Runway;Stability AI,USED_BY
Thrash 'N' Trash Productions,Thrash 'N' Trash Productions,,349,330,0,3,0,0,0,0,0,0,0,16,internvid;runway-jupiter;youtube8m,internvid;runway-jupiter,ByteDance;Runway;Stability AI,USED_BY
Tech Tesseract,Tech Tesseract,,301,284,2,6,2,1,1,2,2,0,1,0,hdvg130m;hdvila100m;howto100m;internvid;koala36m;panda70m;runway-jupiter;vidgen1m;yttemporal-180m,hdvg130m;hdvila100m;internvid;runway-jupiter;vidgen1m;yttemporal-180m,Allen Institute for AI;Amazon;ByteDance;Meta;Nvidia;Runway;Snap;Stability AI;Tencent;University of Washington,USED_BY
Vic Firth Marching,Vic Firth Marching,,398,396,0,2,0,0,0,0,0,0,0,0,internvid;runway-jupiter,internvid;runway-jupiter,ByteDance;Runway;Stability AI,USED_BY
Curb YourTube,Curb YourTube,,387,353,0,34,0,0,0,0,0,0,0,0,internvid;runway-jupiter,internvid;runway-jupiter,ByteDance;Runway;Stability AI,USED_BY
Journey to the Microcosmos,Journey to the Microcosmos,,421,253,34,3,30,30,30,0,29,4,8,0,hdvg130m;hdvila100m;internvid;koala36m;openvid1m;panda70m;runway-jupiter;vidgen1m;yttemporal-180m,hdvg130m;hdvila100m;internvid;openvid1m;runway-jupiter;vidgen1m;yttemporal-180m,Allen Institute for AI;Amazon;ByteDance;Kuaishou;Meta;Microsoft;Nvidia;Runway;Snap;Stability AI;Tencent;University of Washington,USED_BY
Throw and Athletics,Throw and Athletics,,24,24,0,0,0,0,0,0,0,0,0,0,runway-jupiter,runway-jupiter,Runway,USED_BY
Bike Teacher,Bike Teacher,,492,417,15,8,18,5,4,18,1,4,2,0,hdvg130m;hdvila100m;howto100m;internvid;koala36m;openvid1m;panda70m;runway-jupiter;vidgen1m;yttemporal-180m,hdvg130m;hdvila100m;internvid;openvid1m;runway-jupiter;vidgen1m;yttemporal-180m,Allen Institute for AI;Amazon;ByteDance;Kuaishou;Meta;Microsoft;Nvidia;Runway;Snap;Stability AI;Tencent;University of Washington,USED_BY
Hayls World,Hayls World,,309,291,2,8,2,1,1,2,2,0,0,0,hdvg130m;hdvila100m;howto100m;internvid;koala36m;panda70m;runway-jupiter;yttemporal-180m,hdvg130m;hdvila100m;internvid;runway-jupiter;yttemporal-180m,Allen Institute for AI;ByteDance;Meta;Nvidia;Runway;Snap;Stability AI;Tencent;University of Washington,USED_BY
Make Sushi 1,Make Sushi 1,,1146,283,187,7,185,105,103,149,60,30,27,10,hdvg130m;hdvila100m;howto100m;internvid;koala36m;openvid1m;panda70m;runway-jupiter;vidgen1m;youtube8m;yttemporal-180m,hdvg130m;hdvila100m;internvid;openvid1m;runway-jupiter;vidgen1m;yttemporal-180m,Allen Institute for AI;Amazon;ByteDance;Kuaishou;Meta;Microsoft;Nvidia;Runway;Snap;Stability AI;Tencent;University of Washington,USED_BY
The Barbecue Lab,The Barbecue Lab,,190,190,0,0,0,0,0,0,0,0,0,0,runway-jupiter,runway-jupiter,Runway,USED_BY
ROYALTY FREE 4K VIDEOS,ROYALTY FREE 4K VIDEOS,,90,90,0,0,0,0,0,0,0,0,0,0,runway-jupiter,runway-jupiter,Runway,USED_BY
SweetPotatoSoul,SweetPotatoSoul,,695,347,70,1,80,25,24,81,11,40,9,7,hdvg130m;hdvila100m;howto100m;internvid;koala36m;openvid1m;panda70m;runway-jupiter;vidgen1m;youtube8m;yttemporal-180m,hdvg130m;hdvila100m;internvid;openvid1m;runway-jupiter;vidgen1m;yttemporal-180m,Allen Institute for AI;Amazon;ByteDance;Kuaishou;Meta;Microsoft;Nvidia;Runway;Snap;Stability AI;Tencent;University of Washington,USED_BY
Piano Jazz Cafe,Piano Jazz Cafe,,17,17,0,0,0,0,0,0,0,0,0,0,runway-jupiter,runway-jupiter,Runway,USED_BY
Jay Siemens,Jay Siemens,,637,328,62,3,51,51,50,2,30,34,26,0,hdvg130m;hdvila100m;howto100m;internvid;koala36m;openvid1m;panda70m;runway-jupiter;vidgen1m;yttemporal-180m,hdvg130m;hdvila100m;internvid;openvid1m;runway-jupiter;vidgen1m;yttemporal-180m,Allen Institute for AI;Amazon;ByteDance;Kuaishou;Meta;Microsoft;Nvidia;Runway;Snap;Stability AI;Tencent;University of Washington,USED_BY
Salzburger Land,Salzburger Land,,404,397,0,3,0,0,0,0,0,0,0,4,internvid;runway-jupiter;youtube8m,internvid;runway-jupiter,ByteDance;Runway;Stability AI,USED_BY
Wiens Sauce,Wiens Sauce,,387,387,0,0,0,0,0,0,0,0,0,0,runway-jupiter,runway-jupiter,Runway,USED_BY
A24,A24,,1603,581,237,9,217,228,143,0,150,22,10,6,hdvg130m;hdvila100m;internvid;koala36m;openvid1m;panda70m;runway-jupiter;vidgen1m;youtube8m;yttemporal-180m,hdvg130m;hdvila100m;internvid;openvid1m;runway-jupiter;vidgen1m;yttemporal-180m,Allen Institute for AI;Amazon;ByteDance;Kuaishou;Meta;Microsoft;Nvidia;Runway;Snap;Stability AI;Tencent;University of Washington,USED_BY
Intents Festival,Intents Festival,,392,379,0,3,1,1,1,0,2,0,0,5,hdvg130m;hdvila100m;internvid;koala36m;panda70m;runway-jupiter;youtube8m,hdvg130m;hdvila100m;internvid;runway-jupiter,ByteDance;Meta;Nvidia;Runway;Snap;Stability AI;Tencent,USED_BY
Real Life India,Real Life India,,367,367,0,0,0,0,0,0,0,0,0,0,runway-jupiter,runway-jupiter,Runway,USED_BY
MusicalFare Theatre,MusicalFare Theatre,,212,212,0,0,0,0,0,0,0,0,0,0,runway-jupiter,runway-jupiter,Runway,USED_BY
Being Wushu,Being Wushu,,612,611,0,1,0,0,0,0,0,0,0,0,internvid;runway-jupiter,internvid;runway-jupiter,ByteDance;Runway;Stability AI,USED_BY
Guga,Guga,,259,248,0,11,0,0,0,0,0,0,0,0,internvid;runway-jupiter,internvid;runway-jupiter,ByteDance;Runway;Stability AI,USED_BY
MadMan Review,MadMan Review,,400,392,0,8,0,0,0,0,0,0,0,0,internvid;runway-jupiter,internvid;runway-jupiter,ByteDance;Runway;Stability AI,USED_BY
DreamWorks Madagascar em Português,DreamWorks Madagascar em Português,,388,388,0,0,0,0,0,0,0,0,0,0,runway-jupiter,runway-jupiter,Runway,USED_BY
Laini Ozark,Laini Ozark,,352,346,0,6,0,0,0,0,0,0,0,0,internvid;runway-jupiter,internvid;runway-jupiter,ByteDance;Runway;Stability AI,USED_BY
RoboVacParty,RoboVacParty,,508,508,0,0,0,0,0,0,0,0,0,0,runway-jupiter,runway-jupiter,Runway,USED_BY
Yachts For Sale,Yachts For Sale,,1160,439,126,4,117,117,114,0,77,130,35,1,hdvg130m;hdvila100m;internvid;koala36m;openvid1m;panda70m;runway-jupiter;vidgen1m;youtube8m;yttemporal-180m,hdvg130m;hdvila100m;internvid;openvid1m;runway-jupiter;vidgen1m;yttemporal-180m,Allen Institute for AI;Amazon;ByteDance;Kuaishou;Meta;Microsoft;Nvidia;Runway;Snap;Stability AI;Tencent;University of Washington,USED_BY
Triyom Tamil,Triyom Tamil,,293,293,0,0,0,0,0,0,0,0,0,0,runway-jupiter,runway-jupiter,Runway,USED_BY
TRIP XTREME,TRIP XTREME,,446,440,0,6,0,0,0,0,0,0,0,0,internvid;runway-jupiter,internvid;runway-jupiter,ByteDance;Runway;Stability AI,USED_BY
Dane Jackson,Dane Jackson,,444,405,14,3,5,5,3,0,1,2,1,5,hdvg130m;hdvila100m;internvid;koala36m;openvid1m;panda70m;runway-jupiter;vidgen1m;youtube8m;yttemporal-180m,hdvg130m;hdvila100m;internvid;openvid1m;runway-jupiter;vidgen1m;yttemporal-180m,Allen Institute for AI;Amazon;ByteDance;Kuaishou;Meta;Microsoft;Nvidia;Runway;Snap;Stability AI;Tencent;University of Washington,USED_BY
Our World,Our World,,384,382,0,2,0,0,0,0,0,0,0,0,internvid;runway-jupiter,internvid;runway-jupiter,ByteDance;Runway;Stability AI,USED_BY
Levi Allen,Levi Allen,,385,373,2,2,2,1,1,2,1,0,0,1,hdvg130m;hdvila100m;howto100m;internvid;koala36m;panda70m;runway-jupiter;youtube8m;yttemporal-180m,hdvg130m;hdvila100m;internvid;runway-jupiter;yttemporal-180m,Allen Institute for AI;ByteDance;Meta;Nvidia;Runway;Snap;Stability AI;Tencent;University of Washington,USED_BY
TagMachine,TagMachine,,395,358,0,37,0,0,0,0,0,0,0,0,internvid;runway-jupiter,internvid;runway-jupiter,ByteDance;Runway;Stability AI,USED_BY
Outdoor Chef Life,Outdoor Chef Life,,634,297,82,7,50,42,41,13,27,48,27,0,hdvg130m;hdvila100m;howto100m;internvid;koala36m;openvid1m;panda70m;runway-jupiter;vidgen1m;yttemporal-180m,hdvg130m;hdvila100m;internvid;openvid1m;runway-jupiter;vidgen1m;yttemporal-180m,Allen Institute for AI;Amazon;ByteDance;Kuaishou;Meta;Microsoft;Nvidia;Runway;Snap;Stability AI;Tencent;University of Washington,USED_BY
Animal Watch,Animal Watch,,898,292,118,7,108,108,100,1,55,72,37,0,hdvg130m;hdvila100m;howto100m;internvid;koala36m;openvid1m;panda70m;runway-jupiter;vidgen1m;yttemporal-180m,hdvg130m;hdvila100m;internvid;openvid1m;runway-jupiter;vidgen1m;yttemporal-180m,Allen Institute for AI;Amazon;ByteDance;Kuaishou;Meta;Microsoft;Nvidia;Runway;Snap;Stability AI;Tencent;University of Washington,USED_BY
Alex,Alex,,2166,476,285,113,277,160,115,172,102,128,42,296,hdvg130m;hdvila100m;howto100m;internvid;koala36m;openvid1m;panda70m;runway-jupiter;vidgen1m;youtube8m;yttemporal-180m,hdvg130m;hdvila100m;internvid;openvid1m;runway-jupiter;vidgen1m;yttemporal-180m,Allen Institute for AI;Amazon;ByteDance;Kuaishou;Meta;Microsoft;Nvidia;Runway;Snap;Stability AI;Tencent;University of Washington,USED_BY
National Trumpet Competition,National Trumpet Competition,,552,536,0,1,0,0,0,0,0,0,0,15,internvid;runway-jupiter;youtube8m,internvid;runway-jupiter,ByteDance;Runway;Stability AI,USED_BY
Filip Poon,Filip Poon,,355,355,0,0,0,0,0,0,0,0,0,0,runway-jupiter,runway-jupiter,Runway,USED_BY
jakenbakeLIVE,jakenbakeLIVE,,466,466,0,0,0,0,0,0,0,0,0,0,runway-jupiter,runway-jupiter,Runway,USED_BY
Bigstock - Professional Reels,Bigstock - Professional Reels,,500,500,0,0,0,0,0,0,0,0,0,0,runway-jupiter,runway-jupiter,Runway,USED_BY
Throttle House,Throttle House,,1386,398,175,5,159,159,155,1,113,160,61,0,hdvg130m;hdvila100m;howto100m;internvid;koala36m;openvid1m;panda70m;runway-jupiter;vidgen1m;yttemporal-180m,hdvg130m;hdvila100m;internvid;openvid1m;runway-jupiter;vidgen1m;yttemporal-180m,Allen Institute for AI;Amazon;ByteDance;Kuaishou;Meta;Microsoft;Nvidia;Runway;Snap;Stability AI;Tencent;University of Washington,USED_BY
Laurastar,Laurastar,,472,443,0,25,0,0,0,0,0,0,0,4,internvid;runway-jupiter;youtube8m,internvid;runway-jupiter,ByteDance;Runway;Stability AI,USED_BY
무니키친MoonyKitchen,무니키친MoonyKitchen,,403,389,0,14,0,0,0,0,0,0,0,0,internvid;runway-jupiter,internvid;runway-jupiter,ByteDance;Runway;Stability AI,USED_BY
(Motor)Bike,(Motor)Bike,,460,459,0,1,0,0,0,0,0,0,0,0,internvid;runway-jupiter,internvid;runway-jupiter,ByteDance;Runway;Stability AI,USED_BY
Miska Haakana,Miska Haakana,,426,425,0,0,0,0,0,0,0,0,0,1,runway-jupiter;youtube8m,runway-jupiter,Runway,USED_BY
jamie griffin,jamie griffin,,131,130,0,1,0,0,0,0,0,0,0,0,internvid;runway-jupiter,internvid;runway-jupiter,ByteDance;Runway;Stability AI,USED_BY
Friends & Adventures Cartoons,Friends & Adventures Cartoons,,23,23,0,0,0,0,0,0,0,0,0,0,runway-jupiter,runway-jupiter,Runway,USED_BY
Output,Output,,367,356,1,8,1,0,0,1,0,0,0,0,howto100m;internvid;panda70m;runway-jupiter;yttemporal-180m,internvid;runway-jupiter;yttemporal-180m,Allen Institute for AI;ByteDance;Runway;Stability AI;University of Washington,USED_BY
Zaviyar Creation Official,Zaviyar Creation Official,,16,16,0,0,0,0,0,0,0,0,0,0,runway-jupiter,runway-jupiter,Runway,USED_BY
4K HDR WALK,4K HDR WALK,,16,16,0,0,0,0,0,0,0,0,0,0,runway-jupiter,runway-jupiter,Runway,USED_BY
Federico Malagutti HEMA,Federico Malagutti HEMA,,280,276,0,4,0,0,0,0,0,0,0,0,internvid;runway-jupiter,internvid;runway-jupiter,ByteDance;Runway;Stability AI,USED_BY
MBARI (Monterey Bay Aquarium Research Institute),MBARI (Monterey Bay Aquarium Research Institute),,335,306,1,4,5,5,5,1,2,0,0,6,hdvg130m;hdvila100m;howto100m;internvid;koala36m;panda70m;runway-jupiter;youtube8m;yttemporal-180m,hdvg130m;hdvila100m;internvid;runway-jupiter;yttemporal-180m,Allen Institute for AI;ByteDance;Meta;Nvidia;Runway;Snap;Stability AI;Tencent;University of Washington,USED_BY
Ed Sheeran,Ed Sheeran,,429,366,0,59,0,0,0,0,0,0,0,4,internvid;runway-jupiter;youtube8m,internvid;runway-jupiter,ByteDance;Runway;Stability AI,USED_BY
Origami Princess,Origami Princess,,123,121,0,2,0,0,0,0,0,0,0,0,internvid;runway-jupiter,internvid;runway-jupiter,ByteDance;Runway;Stability AI,USED_BY
Becca De La Plants,Becca De La Plants,,403,400,0,3,0,0,0,0,0,0,0,0,internvid;runway-jupiter,internvid;runway-jupiter,ByteDance;Runway;Stability AI,USED_BY
Dezinefun With Michelle,Dezinefun With Michelle,,539,267,50,8,61,27,27,61,25,6,7,0,hdvg130m;hdvila100m;howto100m;internvid;koala36m;openvid1m;panda70m;runway-jupiter;vidgen1m;yttemporal-180m,hdvg130m;hdvila100m;internvid;openvid1m;runway-jupiter;vidgen1m;yttemporal-180m,Allen Institute for AI;Amazon;ByteDance;Kuaishou;Meta;Microsoft;Nvidia;Runway;Snap;Stability AI;Tencent;University of Washington,USED_BY
Jarno Cordia - Wingsuit Pilot in,Jarno Cordia - Wingsuit Pilot in,,381,373,0,0,0,0,0,0,0,0,0,8,runway-jupiter;youtube8m,runway-jupiter,Runway,USED_BY
Manny Khoshbin,Manny Khoshbin,,716,307,65,4,62,62,62,0,42,82,29,1,hdvg130m;hdvila100m;internvid;koala36m;openvid1m;panda70m;runway-jupiter;vidgen1m;youtube8m;yttemporal-180m,hdvg130m;hdvila100m;internvid;openvid1m;runway-jupiter;vidgen1m;yttemporal-180m,Allen Institute for AI;Amazon;ByteDance;Kuaishou;Meta;Microsoft;Nvidia;Runway;Snap;Stability AI;Tencent;University of Washington,USED_BY
Eisenbahn.tv,Eisenbahn.tv,,388,381,0,0,0,0,0,0,0,0,0,7,runway-jupiter;youtube8m,runway-jupiter,Runway,USED_BY
Rescue Moving Services,Rescue Moving Services,,321,295,0,20,3,0,0,3,0,0,0,0,howto100m;internvid;panda70m;runway-jupiter,internvid;runway-jupiter,ByteDance;Runway;Stability AI,USED_BY
Jason Dornstar,Jason Dornstar,,332,312,2,8,4,1,1,4,0,0,0,0,hdvila100m;howto100m;internvid;koala36m;panda70m;runway-jupiter;yttemporal-180m,hdvila100m;internvid;runway-jupiter;yttemporal-180m,Allen Institute for AI;ByteDance;Meta;Runway;Snap;Stability AI;Tencent;University of Washington,USED_BY
Levic Bricks,Levic Bricks,,328,319,0,9,0,0,0,0,0,0,0,0,internvid;runway-jupiter,internvid;runway-jupiter,ByteDance;Runway;Stability AI,USED_BY
Apex Clips,Apex Clips,,249,246,0,3,0,0,0,0,0,0,0,0,internvid;runway-jupiter,internvid;runway-jupiter,ByteDance;Runway;Stability AI,USED_BY
that's a bad idea,that's a bad idea,,307,307,0,0,0,0,0,0,0,0,0,0,runway-jupiter,runway-jupiter,Runway,USED_BY
Harry Collins Photography,Harry Collins Photography,,412,412,0,0,0,0,0,0,0,0,0,0,runway-jupiter,runway-jupiter,Runway,USED_BY
Pixar,Pixar,,1447,640,170,17,163,159,117,7,107,36,23,8,hdvg130m;hdvila100m;howto100m;internvid;koala36m;openvid1m;panda70m;runway-jupiter;vidgen1m;youtube8m;yttemporal-180m,hdvg130m;hdvila100m;internvid;openvid1m;runway-jupiter;vidgen1m;yttemporal-180m,Allen Institute for AI;Amazon;ByteDance;Kuaishou;Meta;Microsoft;Nvidia;Runway;Snap;Stability AI;Tencent;University of Washington,USED_BY
Video For Need-Royalty Free Videos,Video For Need-Royalty Free Videos,,198,198,0,0,0,0,0,0,0,0,0,0,runway-jupiter,runway-jupiter,Runway,USED_BY
Fergus Crawley,Fergus Crawley,,228,227,0,1,0,0,0,0,0,0,0,0,internvid;runway-jupiter,internvid;runway-jupiter,ByteDance;Runway;Stability AI,USED_BY
Halloweird,Halloweird,,349,349,0,0,0,0,0,0,0,0,0,0,runway-jupiter,runway-jupiter,Runway,USED_BY
GKIDS Films,GKIDS Films,,450,445,0,4,0,0,0,0,0,0,0,1,internvid;runway-jupiter;youtube8m,internvid;runway-jupiter,ByteDance;Runway;Stability AI,USED_BY
Vuhlandes,Vuhlandes,,307,296,1,5,1,1,1,1,1,0,0,0,hdvg130m;hdvila100m;howto100m;internvid;koala36m;panda70m;runway-jupiter;yttemporal-180m,hdvg130m;hdvila100m;internvid;runway-jupiter;yttemporal-180m,Allen Institute for AI;ByteDance;Meta;Nvidia;Runway;Snap;Stability AI;Tencent;University of Washington,USED_BY
Kevin Lee Jacobs,Kevin Lee Jacobs,,606,408,39,1,43,14,13,43,7,32,6,0,hdvg130m;hdvila100m;howto100m;internvid;koala36m;openvid1m;panda70m;runway-jupiter;vidgen1m;yttemporal-180m,hdvg130m;hdvila100m;internvid;openvid1m;runway-jupiter;vidgen1m;yttemporal-180m,Allen Institute for AI;Amazon;ByteDance;Kuaishou;Meta;Microsoft;Nvidia;Runway;Snap;Stability AI;Tencent;University of Washington,USED_BY
Way2go தமிழ்,Way2go தமிழ்,,365,365,0,0,0,0,0,0,0,0,0,0,runway-jupiter,runway-jupiter,Runway,USED_BY
Peachy Queen,Peachy Queen,,448,448,0,0,0,0,0,0,0,0,0,0,runway-jupiter,runway-jupiter,Runway,USED_BY
SkateLyfe TV,SkateLyfe TV,,514,513,0,1,0,0,0,0,0,0,0,0,internvid;runway-jupiter,internvid;runway-jupiter,ByteDance;Runway;Stability AI,USED_BY
RED Digital Cinema,RED Digital Cinema,,243,232,0,1,1,1,1,0,1,0,1,5,hdvg130m;hdvila100m;internvid;koala36m;panda70m;runway-jupiter;vidgen1m;youtube8m,hdvg130m;hdvila100m;internvid;runway-jupiter;vidgen1m,Amazon;ByteDance;Meta;Nvidia;Runway;Snap;Stability AI;Tencent,USED_BY
Mac84,Mac84,,341,341,0,0,0,0,0,0,0,0,0,0,runway-jupiter,runway-jupiter,Runway,USED_BY
Mateo.zielonka,Mateo.zielonka,,318,318,0,0,0,0,0,0,0,0,0,0,runway-jupiter,runway-jupiter,Runway,USED_BY
Nick Symmonds,Nick Symmonds,,624,391,77,37,30,30,29,0,17,6,7,0,hdvg130m;hdvila100m;internvid;koala36m;openvid1m;panda70m;runway-jupiter;vidgen1m;yttemporal-180m,hdvg130m;hdvila100m;internvid;openvid1m;runway-jupiter;vidgen1m;yttemporal-180m,Allen Institute for AI;Amazon;ByteDance;Kuaishou;Meta;Microsoft;Nvidia;Runway;Snap;Stability AI;Tencent;University of Washington,USED_BY
Ethan Chlebowski,Ethan Chlebowski,,373,308,6,27,8,3,3,8,4,4,2,0,hdvg130m;hdvila100m;howto100m;internvid;koala36m;openvid1m;panda70m;runway-jupiter;vidgen1m;yttemporal-180m,hdvg130m;hdvila100m;internvid;openvid1m;runway-jupiter;vidgen1m;yttemporal-180m,Allen Institute for AI;Amazon;ByteDance;Kuaishou;Meta;Microsoft;Nvidia;Runway;Snap;Stability AI;Tencent;University of Washington,USED_BY
Aidin Robbins,Aidin Robbins,,390,376,2,3,2,2,2,2,1,0,0,0,hdvg130m;hdvila100m;howto100m;internvid;koala36m;panda70m;runway-jupiter;yttemporal-180m,hdvg130m;hdvila100m;internvid;runway-jupiter;yttemporal-180m,Allen Institute for AI;ByteDance;Meta;Nvidia;Runway;Snap;Stability AI;Tencent;University of Washington,USED_BY
Bass fishing Productions,Bass fishing Productions,,465,321,28,2,26,26,26,0,15,6,15,0,hdvg130m;hdvila100m;internvid;koala36m;openvid1m;panda70m;runway-jupiter;vidgen1m;yttemporal-180m,hdvg130m;hdvila100m;internvid;openvid1m;runway-jupiter;vidgen1m;yttemporal-180m,Allen Institute for AI;Amazon;ByteDance;Kuaishou;Meta;Microsoft;Nvidia;Runway;Snap;Stability AI;Tencent;University of Washington,USED_BY
Vancouver Carpenter,Vancouver Carpenter,,791,361,93,43,83,64,64,23,37,8,15,0,hdvg130m;hdvila100m;howto100m;internvid;koala36m;openvid1m;panda70m;runway-jupiter;vidgen1m;yttemporal-180m,hdvg130m;hdvila100m;internvid;openvid1m;runway-jupiter;vidgen1m;yttemporal-180m,Allen Institute for AI;Amazon;ByteDance;Kuaishou;Meta;Microsoft;Nvidia;Runway;Snap;Stability AI;Tencent;University of Washington,USED_BY
Negative4,Negative4,,226,219,0,5,0,0,0,0,0,0,0,2,internvid;runway-jupiter;youtube8m,internvid;runway-jupiter,ByteDance;Runway;Stability AI,USED_BY
Mastering Tricking,Mastering Tricking,,499,492,0,7,0,0,0,0,0,0,0,0,internvid;runway-jupiter,internvid;runway-jupiter,ByteDance;Runway;Stability AI,USED_BY
Pyrography & Wood Carving,Pyrography & Wood Carving,,26,26,0,0,0,0,0,0,0,0,0,0,runway-jupiter,runway-jupiter,Runway,USED_BY
ASMR by Simone,ASMR by Simone,,343,341,0,2,0,0,0,0,0,0,0,0,internvid;runway-jupiter,internvid;runway-jupiter,ByteDance;Runway;Stability AI,USED_BY
THE MAD WATCH COLLECTOR,THE MAD WATCH COLLECTOR,,253,251,0,2,0,0,0,0,0,0,0,0,internvid;runway-jupiter,internvid;runway-jupiter,ByteDance;Runway;Stability AI,USED_BY
Zoonicorn Official,Zoonicorn Official,,88,88,0,0,0,0,0,0,0,0,0,0,runway-jupiter,runway-jupiter,Runway,USED_BY
The Bare Female,The Bare Female,,122,122,0,0,0,0,0,0,0,0,0,0,runway-jupiter,runway-jupiter,Runway,USED_BY
Jim Dempsey - Fundraising,Jim Dempsey - Fundraising,,282,282,0,0,0,0,0,0,0,0,0,0,runway-jupiter,runway-jupiter,Runway,USED_BY
WatchGecko,WatchGecko,,286,279,1,2,2,0,0,2,0,0,0,0,howto100m;internvid;panda70m;runway-jupiter;yttemporal-180m,internvid;runway-jupiter;yttemporal-180m,Allen Institute for AI;ByteDance;Runway;Stability AI;University of Washington,USED_BY
melodysheep,melodysheep,,121,100,1,7,4,1,0,4,2,0,0,2,hdvg130m;hdvila100m;howto100m;internvid;panda70m;runway-jupiter;youtube8m;yttemporal-180m,hdvg130m;hdvila100m;internvid;runway-jupiter;yttemporal-180m,Allen Institute for AI;ByteDance;Meta;Nvidia;Runway;Snap;Stability AI;Tencent;University of Washington,USED_BY
Rapier Duello 레이피어 듀엘로,Rapier Duello 레이피어 듀엘로,,94,90,0,4,0,0,0,0,0,0,0,0,internvid;runway-jupiter,internvid;runway-jupiter,ByteDance;Runway;Stability AI,USED_BY
MY CLICK SUPPORT,MY CLICK SUPPORT,,330,319,0,11,0,0,0,0,0,0,0,0,internvid;runway-jupiter,internvid;runway-jupiter,ByteDance;Runway;Stability AI,USED_BY
practical shooting,practical shooting,,490,468,0,20,0,0,0,0,0,0,0,2,internvid;runway-jupiter;youtube8m,internvid;runway-jupiter,ByteDance;Runway;Stability AI,USED_BY
Lovely Baby,Lovely Baby,,423,419,0,4,0,0,0,0,0,0,0,0,internvid;runway-jupiter,internvid;runway-jupiter,ByteDance;Runway;Stability AI,USED_BY
IBX Running,IBX Running,,247,239,0,8,0,0,0,0,0,0,0,0,internvid;runway-jupiter,internvid;runway-jupiter,ByteDance;Runway;Stability AI,USED_BY
marineinsight,marineinsight,,272,252,0,17,1,0,0,1,0,0,0,1,howto100m;internvid;panda70m;runway-jupiter;youtube8m,internvid;runway-jupiter,ByteDance;Runway;Stability AI,USED_BY
Brian Lagerstrom,Brian Lagerstrom,,251,230,0,21,0,0,0,0,0,0,0,0,internvid;runway-jupiter,internvid;runway-jupiter,ByteDance;Runway;Stability AI,USED_BY
Nails By Key,Nails By Key,,308,308,0,0,0,0,0,0,0,0,0,0,runway-jupiter,runway-jupiter,Runway,USED_BY
Jess Rona Grooming,Jess Rona Grooming,,202,202,0,0,0,0,0,0,0,0,0,0,runway-jupiter,runway-jupiter,Runway,USED_BY
Roadtrip Indonesia,Roadtrip Indonesia,,322,321,0,1,0,0,0,0,0,0,0,0,internvid;runway-jupiter,internvid;runway-jupiter,ByteDance;Runway;Stability AI,USED_BY
cinetrove,cinetrove,,353,353,0,0,0,0,0,0,0,0,0,0,runway-jupiter,runway-jupiter,Runway,USED_BY
More Marshal No Commentary,More Marshal No Commentary,,266,266,0,0,0,0,0,0,0,0,0,0,runway-jupiter,runway-jupiter,Runway,USED_BY
Pingu - Official Channel,Pingu - Official Channel,,461,454,0,2,0,0,0,0,0,0,0,5,internvid;runway-jupiter;youtube8m,internvid;runway-jupiter,ByteDance;Runway;Stability AI,USED_BY
Global Martial Arts University,Global Martial Arts University,,413,408,0,5,0,0,0,0,0,0,0,0,internvid;runway-jupiter,internvid;runway-jupiter,ByteDance;Runway;Stability AI,USED_BY
12 STOREEZ,12 STOREEZ,,287,277,0,10,0,0,0,0,0,0,0,0,internvid;runway-jupiter,internvid;runway-jupiter,ByteDance;Runway;Stability AI,USED_BY
SmallTownUSA,SmallTownUSA,,348,348,0,0,0,0,0,0,0,0,0,0,runway-jupiter,runway-jupiter,Runway,USED_BY
Przepisy od Katarzyny,Przepisy od Katarzyny,,255,254,0,1,0,0,0,0,0,0,0,0,internvid;runway-jupiter,internvid;runway-jupiter,ByteDance;Runway;Stability AI,USED_BY
M. REX Screen Time,M. REX Screen Time,,329,329,0,0,0,0,0,0,0,0,0,0,runway-jupiter,runway-jupiter,Runway,USED_BY
Hybrid Calisthenics,Hybrid Calisthenics,,341,311,0,30,0,0,0,0,0,0,0,0,internvid;runway-jupiter,internvid;runway-jupiter,ByteDance;Runway;Stability AI,USED_BY
DJ Carlo,DJ Carlo,,394,386,0,7,0,0,0,0,0,0,0,1,internvid;runway-jupiter;youtube8m,internvid;runway-jupiter,ByteDance;Runway;Stability AI,USED_BY
The Animation Workshop,The Animation Workshop,,349,343,0,3,0,0,0,0,0,0,0,3,internvid;runway-jupiter;youtube8m,internvid;runway-jupiter,ByteDance;Runway;Stability AI,USED_BY
Senders,Senders,,423,283,60,14,16,16,14,0,8,6,6,0,hdvg130m;hdvila100m;internvid;koala36m;openvid1m;panda70m;runway-jupiter;vidgen1m;yttemporal-180m,hdvg130m;hdvila100m;internvid;openvid1m;runway-jupiter;vidgen1m;yttemporal-180m,Allen Institute for AI;Amazon;ByteDance;Kuaishou;Meta;Microsoft;Nvidia;Runway;Snap;Stability AI;Tencent;University of Washington,USED_BY
Keep It Reet,Keep It Reet,,398,398,0,0,0,0,0,0,0,0,0,0,runway-jupiter,runway-jupiter,Runway,USED_BY
GoTraveler,GoTraveler,,400,362,0,1,7,7,6,0,4,4,1,8,hdvg130m;hdvila100m;internvid;koala36m;openvid1m;panda70m;runway-jupiter;vidgen1m;youtube8m,hdvg130m;hdvila100m;internvid;openvid1m;runway-jupiter;vidgen1m,Amazon;ByteDance;Kuaishou;Meta;Microsoft;Nvidia;Runway;Snap;Stability AI;Tencent,USED_BY
Chilli Jasmine,Chilli Jasmine,,291,290,0,1,0,0,0,0,0,0,0,0,internvid;runway-jupiter,internvid;runway-jupiter,ByteDance;Runway;Stability AI,USED_BY
lolo BSD,lolo BSD,,237,211,0,26,0,0,0,0,0,0,0,0,internvid;runway-jupiter,internvid;runway-jupiter,ByteDance;Runway;Stability AI,USED_BY
VTR LIVE SPORT,VTR LIVE SPORT,,306,306,0,0,0,0,0,0,0,0,0,0,runway-jupiter,runway-jupiter,Runway,USED_BY
MadeByFate,MadeByFate,,470,461,0,5,2,0,0,2,0,0,0,0,howto100m;internvid;panda70m;runway-jupiter,internvid;runway-jupiter,ByteDance;Runway;Stability AI,USED_BY
Hockey Training,Hockey Training,,531,262,86,15,43,42,41,1,22,14,5,0,hdvg130m;hdvila100m;howto100m;internvid;koala36m;openvid1m;panda70m;runway-jupiter;vidgen1m;yttemporal-180m,hdvg130m;hdvila100m;internvid;openvid1m;runway-jupiter;vidgen1m;yttemporal-180m,Allen Institute for AI;Amazon;ByteDance;Kuaishou;Meta;Microsoft;Nvidia;Runway;Snap;Stability AI;Tencent;University of Washington,USED_BY
5NationsBRX,5NationsBRX,,306,306,0,0,0,0,0,0,0,0,0,0,runway-jupiter,runway-jupiter,Runway,USED_BY
Chinese Cooking Demystified,Chinese Cooking Demystified,,461,242,46,13,55,13,12,55,8,12,5,0,hdvg130m;hdvila100m;howto100m;internvid;koala36m;openvid1m;panda70m;runway-jupiter;vidgen1m;yttemporal-180m,hdvg130m;hdvila100m;internvid;openvid1m;runway-jupiter;vidgen1m;yttemporal-180m,Allen Institute for AI;Amazon;ByteDance;Kuaishou;Meta;Microsoft;Nvidia;Runway;Snap;Stability AI;Tencent;University of Washington,USED_BY
Michael Houghton,Michael Houghton,,369,369,0,0,0,0,0,0,0,0,0,0,runway-jupiter,runway-jupiter,Runway,USED_BY
Oliur / UltraLinx,Oliur / UltraLinx,,630,296,67,1,65,64,61,1,36,18,21,0,hdvg130m;hdvila100m;howto100m;internvid;koala36m;openvid1m;panda70m;runway-jupiter;vidgen1m;yttemporal-180m,hdvg130m;hdvila100m;internvid;openvid1m;runway-jupiter;vidgen1m;yttemporal-180m,Allen Institute for AI;Amazon;ByteDance;Kuaishou;Meta;Microsoft;Nvidia;Runway;Snap;Stability AI;Tencent;University of Washington,USED_BY
4K JAPAN,4K JAPAN,,318,318,0,0,0,0,0,0,0,0,0,0,runway-jupiter,runway-jupiter,Runway,USED_BY
4K Animals Relaxation,4K Animals Relaxation,,14,14,0,0,0,0,0,0,0,0,0,0,runway-jupiter,runway-jupiter,Runway,USED_BY
Space Matters,Space Matters,,64,64,0,0,0,0,0,0,0,0,0,0,runway-jupiter,runway-jupiter,Runway,USED_BY
L'Oréal USA For Women In Science,L'Oréal USA For Women In Science,,55,55,0,0,0,0,0,0,0,0,0,0,runway-jupiter,runway-jupiter,Runway,USED_BY
Armies Power,Armies Power,,73,71,0,2,0,0,0,0,0,0,0,0,internvid;runway-jupiter,internvid;runway-jupiter,ByteDance;Runway;Stability AI,USED_BY
Cinematic Videos Library - 4K,Cinematic Videos Library - 4K,,58,58,0,0,0,0,0,0,0,0,0,0,runway-jupiter,runway-jupiter,Runway,USED_BY
Taiwan Walker,Taiwan Walker,,415,415,0,0,0,0,0,0,0,0,0,0,runway-jupiter,runway-jupiter,Runway,USED_BY
Clayton Schick Outdoors,Clayton Schick Outdoors,,295,295,0,0,0,0,0,0,0,0,0,0,runway-jupiter,runway-jupiter,Runway,USED_BY
Oculus Films,Oculus Films,,125,124,0,0,0,0,0,0,0,0,0,1,runway-jupiter;youtube8m,runway-jupiter,Runway,USED_BY
Coldplay,Coldplay,,374,322,0,46,0,0,0,0,0,0,0,6,internvid;runway-jupiter;youtube8m,internvid;runway-jupiter,ByteDance;Runway;Stability AI,USED_BY
DiscoverGreece.com,DiscoverGreece.com,,187,187,0,0,0,0,0,0,0,0,0,0,runway-jupiter,runway-jupiter,Runway,USED_BY
Studio_groompets,Studio_groompets,,225,225,0,0,0,0,0,0,0,0,0,0,runway-jupiter,runway-jupiter,Runway,USED_BY
The Samurai Carpenter,The Samurai Carpenter,,605,358,46,8,55,27,26,53,21,2,5,4,hdvg130m;hdvila100m;howto100m;internvid;koala36m;openvid1m;panda70m;runway-jupiter;vidgen1m;youtube8m;yttemporal-180m,hdvg130m;hdvila100m;internvid;openvid1m;runway-jupiter;vidgen1m;yttemporal-180m,Allen Institute for AI;Amazon;ByteDance;Kuaishou;Meta;Microsoft;Nvidia;Runway;Snap;Stability AI;Tencent;University of Washington,USED_BY
66Samus,66Samus,,577,466,34,9,17,17,17,0,6,6,3,2,hdvg130m;hdvila100m;internvid;koala36m;openvid1m;panda70m;runway-jupiter;vidgen1m;youtube8m;yttemporal-180m,hdvg130m;hdvila100m;internvid;openvid1m;runway-jupiter;vidgen1m;yttemporal-180m,Allen Institute for AI;Amazon;ByteDance;Kuaishou;Meta;Microsoft;Nvidia;Runway;Snap;Stability AI;Tencent;University of Washington,USED_BY
Nivel Delicia,Nivel Delicia,,307,303,0,4,0,0,0,0,0,0,0,0,internvid;runway-jupiter,internvid;runway-jupiter,ByteDance;Runway;Stability AI,USED_BY
Tuttle Twins,Tuttle Twins,,250,250,0,0,0,0,0,0,0,0,0,0,runway-jupiter,runway-jupiter,Runway,USED_BY
Breath Diving,Breath Diving,,23,23,0,0,0,0,0,0,0,0,0,0,runway-jupiter,runway-jupiter,Runway,USED_BY
HardcoreRC,HardcoreRC,,184,184,0,0,0,0,0,0,0,0,0,0,runway-jupiter,runway-jupiter,Runway,USED_BY
RAZR,RAZR,,173,169,0,2,1,0,0,1,0,0,0,0,howto100m;internvid;panda70m;runway-jupiter,internvid;runway-jupiter,ByteDance;Runway;Stability AI,USED_BY
How To Drink,How To Drink,,663,359,63,22,72,18,17,72,9,28,3,0,hdvg130m;hdvila100m;howto100m;internvid;koala36m;openvid1m;panda70m;runway-jupiter;vidgen1m;yttemporal-180m,hdvg130m;hdvila100m;internvid;openvid1m;runway-jupiter;vidgen1m;yttemporal-180m,Allen Institute for AI;Amazon;ByteDance;Kuaishou;Meta;Microsoft;Nvidia;Runway;Snap;Stability AI;Tencent;University of Washington,USED_BY
Primal Outdoors - Camping and Overlanding,Primal Outdoors - Camping and Overlanding,,419,385,4,5,6,3,3,5,2,4,1,1,hdvg130m;hdvila100m;howto100m;internvid;koala36m;openvid1m;panda70m;runway-jupiter;vidgen1m;youtube8m;yttemporal-180m,hdvg130m;hdvila100m;internvid;openvid1m;runway-jupiter;vidgen1m;yttemporal-180m,Allen Institute for AI;Amazon;ByteDance;Kuaishou;Meta;Microsoft;Nvidia;Runway;Snap;Stability AI;Tencent;University of Washington,USED_BY
Rockstar Games,Rockstar Games,,269,260,0,3,2,1,0,1,0,0,0,2,hdvila100m;howto100m;internvid;panda70m;runway-jupiter;youtube8m,hdvila100m;internvid;runway-jupiter,ByteDance;Meta;Runway;Snap;Stability AI;Tencent,USED_BY
ROLEX,ROLEX,,435,404,8,9,4,4,3,0,1,0,1,1,hdvg130m;hdvila100m;internvid;koala36m;panda70m;runway-jupiter;vidgen1m;youtube8m;yttemporal-180m,hdvg130m;hdvila100m;internvid;runway-jupiter;vidgen1m;yttemporal-180m,Allen Institute for AI;Amazon;ByteDance;Meta;Nvidia;Runway;Snap;Stability AI;Tencent;University of Washington,USED_BY
Niklaus prosper,Niklaus prosper,,285,285,0,0,0,0,0,0,0,0,0,0,runway-jupiter,runway-jupiter,Runway,USED_BY
Molten Immersive Art,Molten Immersive Art,,404,403,0,1,0,0,0,0,0,0,0,0,internvid;runway-jupiter,internvid;runway-jupiter,ByteDance;Runway;Stability AI,USED_BY
Taylor Swift,Taylor Swift,,324,214,24,4,22,21,16,1,11,8,2,1,hdvg130m;hdvila100m;howto100m;internvid;koala36m;openvid1m;panda70m;runway-jupiter;vidgen1m;youtube8m;yttemporal-180m,hdvg130m;hdvila100m;internvid;openvid1m;runway-jupiter;vidgen1m;yttemporal-180m,Allen Institute for AI;Amazon;ByteDance;Kuaishou;Meta;Microsoft;Nvidia;Runway;Snap;Stability AI;Tencent;University of Washington,USED_BY
TaylorSwiftVEVO,TaylorSwiftVEVO,,377,258,2,103,4,1,1,3,0,0,0,5,hdvila100m;howto100m;internvid;koala36m;panda70m;runway-jupiter;youtube8m;yttemporal-180m,hdvila100m;internvid;runway-jupiter;yttemporal-180m,Allen Institute for AI;ByteDance;Meta;Runway;Snap;Stability AI;Tencent;University of Washington,USED_BY
Dom.e Wingsuit,Dom.e Wingsuit,,264,262,0,2,0,0,0,0,0,0,0,0,internvid;runway-jupiter,internvid;runway-jupiter,ByteDance;Runway;Stability AI,USED_BY
The West Country Kitchen,The West Country Kitchen,,265,265,0,0,0,0,0,0,0,0,0,0,runway-jupiter,runway-jupiter,Runway,USED_BY
Proven Progression,Proven Progression,,151,147,0,1,0,0,0,0,0,0,0,3,internvid;runway-jupiter;youtube8m,internvid;runway-jupiter,ByteDance;Runway;Stability AI,USED_BY
InstrumentManiac,InstrumentManiac,,327,308,0,4,0,0,0,0,0,0,0,15,internvid;runway-jupiter;youtube8m,internvid;runway-jupiter,ByteDance;Runway;Stability AI,USED_BY
More Best Ever Food Review Show,More Best Ever Food Review Show,,344,272,13,5,10,10,10,0,7,16,1,0,hdvg130m;hdvila100m;internvid;koala36m;openvid1m;panda70m;runway-jupiter;vidgen1m;yttemporal-180m,hdvg130m;hdvila100m;internvid;openvid1m;runway-jupiter;vidgen1m;yttemporal-180m,Allen Institute for AI;Amazon;ByteDance;Kuaishou;Meta;Microsoft;Nvidia;Runway;Snap;Stability AI;Tencent;University of Washington,USED_BY
flugsnug,flugsnug,,364,361,0,1,0,0,0,0,0,0,0,2,internvid;runway-jupiter;youtube8m,internvid;runway-jupiter,ByteDance;Runway;Stability AI,USED_BY
This Gemini,This Gemini,,298,298,0,0,0,0,0,0,0,0,0,0,runway-jupiter,runway-jupiter,Runway,USED_BY
Video Gallery - No Copyright Footage,Video Gallery - No Copyright Footage,,430,430,0,0,0,0,0,0,0,0,0,0,runway-jupiter,runway-jupiter,Runway,USED_BY
쿠킹하루 Cooking Haru :),쿠킹하루 Cooking Haru :),,208,177,0,31,0,0,0,0,0,0,0,0,internvid;runway-jupiter,internvid;runway-jupiter,ByteDance;Runway;Stability AI,USED_BY
Stock Video Footages,Stock Video Footages,,275,275,0,0,0,0,0,0,0,0,0,0,runway-jupiter,runway-jupiter,Runway,USED_BY
Bang & Olufsen,Bang & Olufsen,,259,257,0,2,0,0,0,0,0,0,0,0,internvid;runway-jupiter,internvid;runway-jupiter,ByteDance;Runway;Stability AI,USED_BY
the Dronalist,the Dronalist,,311,311,0,0,0,0,0,0,0,0,0,0,runway-jupiter,runway-jupiter,Runway,USED_BY
Cuboss,Cuboss,,279,275,0,0,0,0,0,0,0,0,0,4,runway-jupiter;youtube8m,runway-jupiter,Runway,USED_BY
Boston Ballet,Boston Ballet,,454,438,0,3,1,1,1,0,0,0,0,10,hdvila100m;internvid;koala36m;panda70m;runway-jupiter;youtube8m,hdvila100m;internvid;runway-jupiter,ByteDance;Meta;Runway;Snap;Stability AI;Tencent,USED_BY
NDYakAngler,NDYakAngler,,552,319,59,1,41,41,38,0,30,4,17,2,hdvg130m;hdvila100m;internvid;koala36m;openvid1m;panda70m;runway-jupiter;vidgen1m;youtube8m;yttemporal-180m,hdvg130m;hdvila100m;internvid;openvid1m;runway-jupiter;vidgen1m;yttemporal-180m,Allen Institute for AI;Amazon;ByteDance;Kuaishou;Meta;Microsoft;Nvidia;Runway;Snap;Stability AI;Tencent;University of Washington,USED_BY
Ben Pollack,Ben Pollack,,235,231,0,4,0,0,0,0,0,0,0,0,internvid;runway-jupiter,internvid;runway-jupiter,ByteDance;Runway;Stability AI,USED_BY
Ben Morris,Ben Morris,,433,408,1,4,1,0,0,1,0,0,0,18,howto100m;internvid;panda70m;runway-jupiter;youtube8m;yttemporal-180m,internvid;runway-jupiter;yttemporal-180m,Allen Institute for AI;ByteDance;Runway;Stability AI;University of Washington,USED_BY
Sailing Zatara,Sailing Zatara,,757,319,86,5,72,72,70,0,42,66,25,0,hdvg130m;hdvila100m;internvid;koala36m;openvid1m;panda70m;runway-jupiter;vidgen1m;yttemporal-180m,hdvg130m;hdvila100m;internvid;openvid1m;runway-jupiter;vidgen1m;yttemporal-180m,Allen Institute for AI;Amazon;ByteDance;Kuaishou;Meta;Microsoft;Nvidia;Runway;Snap;Stability AI;Tencent;University of Washington,USED_BY
Snooker's Home,Snooker's Home,,211,211,0,0,0,0,0,0,0,0,0,0,runway-jupiter,runway-jupiter,Runway,USED_BY
Fallow,Fallow,,292,292,0,0,0,0,0,0,0,0,0,0,runway-jupiter,runway-jupiter,Runway,USED_BY
theTurtleRoom,theTurtleRoom,,366,308,1,1,13,10,9,4,2,4,4,10,hdvg130m;hdvila100m;howto100m;internvid;koala36m;openvid1m;panda70m;runway-jupiter;vidgen1m;youtube8m;yttemporal-180m,hdvg130m;hdvila100m;internvid;openvid1m;runway-jupiter;vidgen1m;yttemporal-180m,Allen Institute for AI;Amazon;ByteDance;Kuaishou;Meta;Microsoft;Nvidia;Runway;Snap;Stability AI;Tencent;University of Washington,USED_BY
FailArmy,FailArmy,,879,434,8,28,139,139,0,1,84,0,46,0,hdvg130m;hdvila100m;howto100m;internvid;panda70m;runway-jupiter;vidgen1m;yttemporal-180m,hdvg130m;hdvila100m;internvid;runway-jupiter;vidgen1m;yttemporal-180m,Allen Institute for AI;Amazon;ByteDance;Meta;Nvidia;Runway;Snap;Stability AI;Tencent;University of Washington,USED_BY
Mr. Frog,Mr. Frog,,323,323,0,0,0,0,0,0,0,0,0,0,runway-jupiter,runway-jupiter,Runway,USED_BY
Accordion and Saxophone music,Accordion and Saxophone music,,283,283,0,0,0,0,0,0,0,0,0,0,runway-jupiter,runway-jupiter,Runway,USED_BY
Jumping With Ivy,Jumping With Ivy,,371,371,0,0,0,0,0,0,0,0,0,0,runway-jupiter,runway-jupiter,Runway,USED_BY
Origami World,Origami World,,313,312,0,1,0,0,0,0,0,0,0,0,internvid;runway-jupiter,internvid;runway-jupiter,ByteDance;Runway;Stability AI,USED_BY
12kgp-Tennis,12kgp-Tennis,,322,313,0,0,0,0,0,0,0,0,0,9,runway-jupiter;youtube8m,runway-jupiter,Runway,USED_BY
CantrellCaving,CantrellCaving,,42,42,0,0,0,0,0,0,0,0,0,0,runway-jupiter,runway-jupiter,Runway,USED_BY
AR on AR,AR on AR,,25,23,0,2,0,0,0,0,0,0,0,0,internvid;runway-jupiter,internvid;runway-jupiter,ByteDance;Runway;Stability AI,USED_BY
SpaceWave - Cosmic Relaxation,SpaceWave - Cosmic Relaxation,,293,293,0,0,0,0,0,0,0,0,0,0,runway-jupiter,runway-jupiter,Runway,USED_BY
Harmony Hounds - Relaxing Music for Dogs,Harmony Hounds - Relaxing Music for Dogs,,13,13,0,0,0,0,0,0,0,0,0,0,runway-jupiter,runway-jupiter,Runway,USED_BY
Movie Matinee - Short Films Every Thursday,Movie Matinee - Short Films Every Thursday,,55,55,0,0,0,0,0,0,0,0,0,0,runway-jupiter,runway-jupiter,Runway,USED_BY
World Netball,World Netball,,262,262,0,0,0,0,0,0,0,0,0,0,runway-jupiter,runway-jupiter,Runway,USED_BY
TAPP Channel,TAPP Channel,,269,269,0,0,0,0,0,0,0,0,0,0,runway-jupiter,runway-jupiter,Runway,USED_BY
Dog Playgroup Stories,Dog Playgroup Stories,,81,81,0,0,0,0,0,0,0,0,0,0,runway-jupiter,runway-jupiter,Runway,USED_BY
PrimeTime Pickleball,PrimeTime Pickleball,,237,215,0,22,0,0,0,0,0,0,0,0,internvid;runway-jupiter,internvid;runway-jupiter,ByteDance;Runway;Stability AI,USED_BY
Hannah Morris Bouldering,Hannah Morris Bouldering,,148,147,0,1,0,0,0,0,0,0,0,0,internvid;runway-jupiter,internvid;runway-jupiter,ByteDance;Runway;Stability AI,USED_BY
Let's ask Shogo | Katana,Let's ask Shogo | Katana,,27,13,0,14,0,0,0,0,0,0,0,0,internvid;runway-jupiter,internvid;runway-jupiter,ByteDance;Runway;Stability AI,USED_BY
Budo,Budo,,28,13,0,14,0,0,0,0,0,0,0,1,internvid;runway-jupiter;youtube8m,internvid;runway-jupiter,ByteDance;Runway;Stability AI,USED_BY
& Kimono,& Kimono,,27,13,0,14,0,0,0,0,0,0,0,0,internvid;runway-jupiter,internvid;runway-jupiter,ByteDance;Runway;Stability AI,USED_BY
JackoUni,JackoUni,,67,67,0,0,0,0,0,0,0,0,0,0,runway-jupiter,runway-jupiter,Runway,USED_BY
Butcher Wizard,Butcher Wizard,,60,59,0,1,0,0,0,0,0,0,0,0,internvid;runway-jupiter,internvid;runway-jupiter,ByteDance;Runway;Stability AI,USED_BY
GP Woodworking & Designs - Greg's Channel,GP Woodworking & Designs - Greg's Channel,,296,293,1,0,1,0,0,1,0,0,0,0,howto100m;panda70m;runway-jupiter;yttemporal-180m,runway-jupiter;yttemporal-180m,Allen Institute for AI;Runway;University of Washington,USED_BY
DOXRAW2,DOXRAW2,,13,13,0,0,0,0,0,0,0,0,0,0,runway-jupiter,runway-jupiter,Runway,USED_BY
The Beauty Of,The Beauty Of,,286,286,0,0,0,0,0,0,0,0,0,0,runway-jupiter,runway-jupiter,Runway,USED_BY
Gorakh Bista,Gorakh Bista,,172,172,0,0,0,0,0,0,0,0,0,0,runway-jupiter,runway-jupiter,Runway,USED_BY
Chuds BBQ,Chuds BBQ,,322,310,0,12,0,0,0,0,0,0,0,0,internvid;runway-jupiter,internvid;runway-jupiter,ByteDance;Runway;Stability AI,USED_BY
King Pictures,King Pictures,,421,421,0,0,0,0,0,0,0,0,0,0,runway-jupiter,runway-jupiter,Runway,USED_BY
Reno Air Racing Association,Reno Air Racing Association,,170,165,0,5,0,0,0,0,0,0,0,0,internvid;runway-jupiter,internvid;runway-jupiter,ByteDance;Runway;Stability AI,USED_BY
ArnieTex,ArnieTex,,328,304,2,5,3,2,2,3,3,2,2,0,hdvg130m;hdvila100m;howto100m;internvid;koala36m;openvid1m;panda70m;runway-jupiter;vidgen1m;yttemporal-180m,hdvg130m;hdvila100m;internvid;openvid1m;runway-jupiter;vidgen1m;yttemporal-180m,Allen Institute for AI;Amazon;ByteDance;Kuaishou;Meta;Microsoft;Nvidia;Runway;Snap;Stability AI;Tencent;University of Washington,USED_BY
CoverswithCassidy,CoverswithCassidy,,380,380,0,0,0,0,0,0,0,0,0,0,runway-jupiter,runway-jupiter,Runway,USED_BY
thep00lguy ML,thep00lguy ML,,284,265,0,19,0,0,0,0,0,0,0,0,internvid;runway-jupiter,internvid;runway-jupiter,ByteDance;Runway;Stability AI,USED_BY
Tyngre,Tyngre,,274,271,0,0,0,0,0,0,0,0,0,3,runway-jupiter;youtube8m,runway-jupiter,Runway,USED_BY
Lionel Sanders,Lionel Sanders,,248,246,0,2,0,0,0,0,0,0,0,0,internvid;runway-jupiter,internvid;runway-jupiter,ByteDance;Runway;Stability AI,USED_BY
Oliver Porter,Oliver Porter,,439,410,4,2,5,4,4,5,1,0,1,3,hdvg130m;hdvila100m;howto100m;internvid;koala36m;panda70m;runway-jupiter;vidgen1m;youtube8m;yttemporal-180m,hdvg130m;hdvila100m;internvid;runway-jupiter;vidgen1m;yttemporal-180m,Allen Institute for AI;Amazon;ByteDance;Meta;Nvidia;Runway;Snap;Stability AI;Tencent;University of Washington,USED_BY
Hockey Trend,Hockey Trend,,346,344,0,2,0,0,0,0,0,0,0,0,internvid;runway-jupiter,internvid;runway-jupiter,ByteDance;Runway;Stability AI,USED_BY
Blowy,Blowy,,215,211,0,4,0,0,0,0,0,0,0,0,internvid;runway-jupiter,internvid;runway-jupiter,ByteDance;Runway;Stability AI,USED_BY
Der Elefant,Der Elefant,,253,243,0,9,0,0,0,0,0,0,0,1,internvid;runway-jupiter;youtube8m,internvid;runway-jupiter,ByteDance;Runway;Stability AI,USED_BY
vanzai,vanzai,,334,253,0,80,0,0,0,0,0,0,0,1,internvid;runway-jupiter;youtube8m,internvid;runway-jupiter,ByteDance;Runway;Stability AI,USED_BY
視界MeetWorld,視界MeetWorld,,358,358,0,0,0,0,0,0,0,0,0,0,runway-jupiter,runway-jupiter,Runway,USED_BY
Балет Игоря Моисеева,Балет Игоря Моисеева,,337,322,0,14,0,0,0,0,0,0,0,1,internvid;runway-jupiter;youtube8m,internvid;runway-jupiter,ByteDance;Runway;Stability AI,USED_BY
Junrey Navarra,Junrey Navarra,,213,213,0,0,0,0,0,0,0,0,0,0,runway-jupiter,runway-jupiter,Runway,USED_BY
Handyman Hal,Handyman Hal,,375,367,0,8,0,0,0,0,0,0,0,0,internvid;runway-jupiter,internvid;runway-jupiter,ByteDance;Runway;Stability AI,USED_BY
ANOC World Beach Games,ANOC World Beach Games,,217,216,0,1,0,0,0,0,0,0,0,0,internvid;runway-jupiter,internvid;runway-jupiter,ByteDance;Runway;Stability AI,USED_BY
Tamil gameplay,Tamil gameplay,,377,377,0,0,0,0,0,0,0,0,0,0,runway-jupiter,runway-jupiter,Runway,USED_BY
MR PORTER,MR PORTER,,511,391,15,8,26,9,8,21,10,2,2,19,hdvg130m;hdvila100m;howto100m;internvid;koala36m;openvid1m;panda70m;runway-jupiter;vidgen1m;youtube8m;yttemporal-180m,hdvg130m;hdvila100m;internvid;openvid1m;runway-jupiter;vidgen1m;yttemporal-180m,Allen Institute for AI;Amazon;ByteDance;Kuaishou;Meta;Microsoft;Nvidia;Runway;Snap;Stability AI;Tencent;University of Washington,USED_BY
MAJ,MAJ,,242,242,0,0,0,0,0,0,0,0,0,0,runway-jupiter,runway-jupiter,Runway,USED_BY
Flexyart Contortion,Flexyart Contortion,,196,196,0,0,0,0,0,0,0,0,0,0,runway-jupiter,runway-jupiter,Runway,USED_BY
The Lexi Bunch,The Lexi Bunch,,295,295,0,0,0,0,0,0,0,0,0,0,runway-jupiter,runway-jupiter,Runway,USED_BY
The Funny Carpenter,The Funny Carpenter,,161,147,0,14,0,0,0,0,0,0,0,0,internvid;runway-jupiter,internvid;runway-jupiter,ByteDance;Runway;Stability AI,USED_BY
StockVid - Royalty Free Footage,StockVid - Royalty Free Footage,,189,189,0,0,0,0,0,0,0,0,0,0,runway-jupiter,runway-jupiter,Runway,USED_BY
Yurara Sarara,Yurara Sarara,,251,251,0,0,0,0,0,0,0,0,0,0,runway-jupiter,runway-jupiter,Runway,USED_BY
Xevozy,Xevozy,,224,222,0,2,0,0,0,0,0,0,0,0,internvid;runway-jupiter,internvid;runway-jupiter,ByteDance;Runway;Stability AI,USED_BY
Wag Entertainment,Wag Entertainment,,250,239,0,11,0,0,0,0,0,0,0,0,internvid;runway-jupiter,internvid;runway-jupiter,ByteDance;Runway;Stability AI,USED_BY
Byte Review,Byte Review,,232,230,0,2,0,0,0,0,0,0,0,0,internvid;runway-jupiter,internvid;runway-jupiter,ByteDance;Runway;Stability AI,USED_BY
Paola Carosella,Paola Carosella,,235,229,0,6,0,0,0,0,0,0,0,0,internvid;runway-jupiter,internvid;runway-jupiter,ByteDance;Runway;Stability AI,USED_BY
Back 2 Basics Adventures,Back 2 Basics Adventures,,238,232,0,6,0,0,0,0,0,0,0,0,internvid;runway-jupiter,internvid;runway-jupiter,ByteDance;Runway;Stability AI,USED_BY
MorningLightMusic,MorningLightMusic,,262,261,0,1,0,0,0,0,0,0,0,0,internvid;runway-jupiter,internvid;runway-jupiter,ByteDance;Runway;Stability AI,USED_BY
Go4x4,Go4x4,,111,104,0,3,0,0,0,0,0,0,0,4,internvid;runway-jupiter;youtube8m,internvid;runway-jupiter,ByteDance;Runway;Stability AI,USED_BY
Kids Fun Play,Kids Fun Play,,68,63,0,5,0,0,0,0,0,0,0,0,internvid;runway-jupiter,internvid;runway-jupiter,ByteDance;Runway;Stability AI,USED_BY
Daniel Kurganov,Daniel Kurganov,,388,370,0,1,0,0,0,0,0,0,0,17,internvid;runway-jupiter;youtube8m,internvid;runway-jupiter,ByteDance;Runway;Stability AI,USED_BY
Violinist,Violinist,,393,370,0,1,0,0,0,0,0,0,0,22,internvid;runway-jupiter;youtube8m,internvid;runway-jupiter,ByteDance;Runway;Stability AI,USED_BY
SevenFifty Daily,SevenFifty Daily,,18,18,0,0,0,0,0,0,0,0,0,0,runway-jupiter,runway-jupiter,Runway,USED_BY
Timothy Dyck,Timothy Dyck,,207,205,0,2,0,0,0,0,0,0,0,0,internvid;runway-jupiter,internvid;runway-jupiter,ByteDance;Runway;Stability AI,USED_BY
beerlifehack,beerlifehack,,12,12,0,0,0,0,0,0,0,0,0,0,runway-jupiter,runway-jupiter,Runway,USED_BY
GraffitiBloq,GraffitiBloq,,170,161,0,5,1,1,1,0,0,0,0,1,hdvila100m;internvid;koala36m;panda70m;runway-jupiter;youtube8m,hdvila100m;internvid;runway-jupiter,ByteDance;Meta;Runway;Snap;Stability AI;Tencent,USED_BY
Anime Philosopher,Anime Philosopher,,15,14,0,1,0,0,0,0,0,0,0,0,internvid;runway-jupiter,internvid;runway-jupiter,ByteDance;Runway;Stability AI,USED_BY
GolgappaY Kites,GolgappaY Kites,,176,172,0,4,0,0,0,0,0,0,0,0,internvid;runway-jupiter,internvid;runway-jupiter,ByteDance;Runway;Stability AI,USED_BY
Maisy Leigh,Maisy Leigh,,256,253,0,3,0,0,0,0,0,0,0,0,internvid;runway-jupiter,internvid;runway-jupiter,ByteDance;Runway;Stability AI,USED_BY
WildBeare,WildBeare,,126,110,0,16,0,0,0,0,0,0,0,0,internvid;runway-jupiter,internvid;runway-jupiter,ByteDance;Runway;Stability AI,USED_BY
The Cozy Hospital ASMR,The Cozy Hospital ASMR,,235,235,0,0,0,0,0,0,0,0,0,0,runway-jupiter,runway-jupiter,Runway,USED_BY
Indlondlo Zulu Dancers,Indlondlo Zulu Dancers,,135,135,0,0,0,0,0,0,0,0,0,0,runway-jupiter,runway-jupiter,Runway,USED_BY
Citrine's Animations,Citrine's Animations,,159,159,0,0,0,0,0,0,0,0,0,0,runway-jupiter,runway-jupiter,Runway,USED_BY
Saltfix Fishing,Saltfix Fishing,,334,334,0,0,0,0,0,0,0,0,0,0,runway-jupiter,runway-jupiter,Runway,USED_BY
Earth Uncut TV,Earth Uncut TV,,381,366,0,0,2,2,2,0,1,0,0,8,hdvg130m;hdvila100m;koala36m;panda70m;runway-jupiter;youtube8m,hdvg130m;hdvila100m;runway-jupiter,ByteDance;Meta;Nvidia;Runway;Snap;Tencent,USED_BY
Buff Dudes Workouts,Buff Dudes Workouts,,275,268,0,7,0,0,0,0,0,0,0,0,internvid;runway-jupiter,internvid;runway-jupiter,ByteDance;Runway;Stability AI,USED_BY
Kochi,Kochi,,263,262,1,0,0,0,0,0,0,0,0,0,runway-jupiter;yttemporal-180m,runway-jupiter;yttemporal-180m,Allen Institute for AI;Runway;University of Washington,USED_BY
Rallye TV,Rallye TV,,289,289,0,0,0,0,0,0,0,0,0,0,runway-jupiter,runway-jupiter,Runway,USED_BY
Ryan Serhant,Ryan Serhant,,316,306,0,10,0,0,0,0,0,0,0,0,internvid;runway-jupiter,internvid;runway-jupiter,ByteDance;Runway;Stability AI,USED_BY
SchwaaFilms,SchwaaFilms,,288,286,0,0,0,0,0,0,0,0,0,2,runway-jupiter;youtube8m,runway-jupiter,Runway,USED_BY
Mackenzie Marie,Mackenzie Marie,,279,267,0,10,1,0,0,1,0,0,0,0,howto100m;internvid;panda70m;runway-jupiter,internvid;runway-jupiter,ByteDance;Runway;Stability AI,USED_BY
Smile Dental Turkey,Smile Dental Turkey,,251,251,0,0,0,0,0,0,0,0,0,0,runway-jupiter,runway-jupiter,Runway,USED_BY
World Travel,World Travel,,320,318,0,1,0,0,0,0,0,0,0,1,internvid;runway-jupiter;youtube8m,internvid;runway-jupiter,ByteDance;Runway;Stability AI,USED_BY
TRAVOH,TRAVOH,,388,388,0,0,0,0,0,0,0,0,0,0,runway-jupiter,runway-jupiter,Runway,USED_BY
Neoxi,Neoxi,,692,292,83,6,81,81,74,0,54,6,15,0,hdvg130m;hdvila100m;internvid;koala36m;openvid1m;panda70m;runway-jupiter;vidgen1m;yttemporal-180m,hdvg130m;hdvila100m;internvid;openvid1m;runway-jupiter;vidgen1m;yttemporal-180m,Allen Institute for AI;Amazon;ByteDance;Kuaishou;Meta;Microsoft;Nvidia;Runway;Snap;Stability AI;Tencent;University of Washington,USED_BY
Trout and Coffee,Trout and Coffee,,196,196,0,0,0,0,0,0,0,0,0,0,runway-jupiter,runway-jupiter,Runway,USED_BY
Deep Asmr,Deep Asmr,,204,204,0,0,0,0,0,0,0,0,0,0,runway-jupiter,runway-jupiter,Runway,USED_BY
The Garden of Bob,The Garden of Bob,,175,175,0,0,0,0,0,0,0,0,0,0,runway-jupiter,runway-jupiter,Runway,USED_BY
Animal Behavior Corner,Animal Behavior Corner,,314,314,0,0,0,0,0,0,0,0,0,0,runway-jupiter,runway-jupiter,Runway,USED_BY
Patrick Watkins,Patrick Watkins,,194,193,0,0,0,0,0,0,0,0,0,1,runway-jupiter;youtube8m,runway-jupiter,Runway,USED_BY
Max Family,Max Family,,217,214,0,3,0,0,0,0,0,0,0,0,internvid;runway-jupiter,internvid;runway-jupiter,ByteDance;Runway;Stability AI,USED_BY
3DM Bunker_FPV,3DM Bunker_FPV,,298,298,0,0,0,0,0,0,0,0,0,0,runway-jupiter,runway-jupiter,Runway,USED_BY
The Midnight Screening,The Midnight Screening,,205,205,0,0,0,0,0,0,0,0,0,0,runway-jupiter,runway-jupiter,Runway,USED_BY
Walking Alice,Walking Alice,,270,270,0,0,0,0,0,0,0,0,0,0,runway-jupiter,runway-jupiter,Runway,USED_BY
Amelia Dimoldenberg,Amelia Dimoldenberg,,198,195,0,3,0,0,0,0,0,0,0,0,internvid;runway-jupiter,internvid;runway-jupiter,ByteDance;Runway;Stability AI,USED_BY
Oana,Oana,,371,364,0,1,0,0,0,0,0,0,0,6,internvid;runway-jupiter;youtube8m,internvid;runway-jupiter,ByteDance;Runway;Stability AI,USED_BY
Seanthesheepman,Seanthesheepman,,184,184,0,0,0,0,0,0,0,0,0,0,runway-jupiter,runway-jupiter,Runway,USED_BY
wildfern,wildfern,,400,397,0,3,0,0,0,0,0,0,0,0,internvid;runway-jupiter,internvid;runway-jupiter,ByteDance;Runway;Stability AI,USED_BY
MegRem Softball,MegRem Softball,,293,282,0,11,0,0,0,0,0,0,0,0,internvid;runway-jupiter,internvid;runway-jupiter,ByteDance;Runway;Stability AI,USED_BY
Bratz,Bratz,,267,232,7,0,7,3,3,7,4,0,2,2,hdvg130m;hdvila100m;howto100m;koala36m;panda70m;runway-jupiter;vidgen1m;youtube8m;yttemporal-180m,hdvg130m;hdvila100m;runway-jupiter;vidgen1m;yttemporal-180m,Allen Institute for AI;Amazon;ByteDance;Meta;Nvidia;Runway;Snap;Tencent;University of Washington,USED_BY
Ernesto Sue Photography,Ernesto Sue Photography,,214,212,0,0,1,0,0,1,0,0,0,0,howto100m;panda70m;runway-jupiter,runway-jupiter,Runway,USED_BY
Zhirelle,Zhirelle,,413,260,50,20,21,20,20,1,14,0,7,0,hdvg130m;hdvila100m;howto100m;internvid;koala36m;panda70m;runway-jupiter;vidgen1m;yttemporal-180m,hdvg130m;hdvila100m;internvid;runway-jupiter;vidgen1m;yttemporal-180m,Allen Institute for AI;Amazon;ByteDance;Meta;Nvidia;Runway;Snap;Stability AI;Tencent;University of Washington,USED_BY
Marco y Sara Bachata,Marco y Sara Bachata,,256,256,0,0,0,0,0,0,0,0,0,0,runway-jupiter,runway-jupiter,Runway,USED_BY
Dev Moore,Dev Moore,,137,137,0,0,0,0,0,0,0,0,0,0,runway-jupiter,runway-jupiter,Runway,USED_BY
Wands and Wings,Wands and Wings,,173,173,0,0,0,0,0,0,0,0,0,0,runway-jupiter,runway-jupiter,Runway,USED_BY
AnitaCooks,AnitaCooks,,1144,412,148,4,172,54,53,171,30,90,7,3,hdvg130m;hdvila100m;howto100m;internvid;koala36m;openvid1m;panda70m;runway-jupiter;vidgen1m;youtube8m;yttemporal-180m,hdvg130m;hdvila100m;internvid;openvid1m;runway-jupiter;vidgen1m;yttemporal-180m,Allen Institute for AI;Amazon;ByteDance;Kuaishou;Meta;Microsoft;Nvidia;Runway;Snap;Stability AI;Tencent;University of Washington,USED_BY
MotoJitsu®,MotoJitsu®,,331,314,0,13,1,0,0,1,0,2,0,0,howto100m;internvid;openvid1m;panda70m;runway-jupiter,internvid;openvid1m;runway-jupiter,Amazon;ByteDance;Kuaishou;Microsoft;Nvidia;Runway;Stability AI,USED_BY
1kb construction,1kb construction,,396,372,0,24,0,0,0,0,0,0,0,0,internvid;runway-jupiter,internvid;runway-jupiter,ByteDance;Runway;Stability AI,USED_BY
UltimateiDeviceVids,UltimateiDeviceVids,,362,359,0,2,0,0,0,0,0,0,0,1,internvid;runway-jupiter;youtube8m,internvid;runway-jupiter,ByteDance;Runway;Stability AI,USED_BY
Clock TV,Clock TV,,281,270,0,11,0,0,0,0,0,0,0,0,internvid;runway-jupiter,internvid;runway-jupiter,ByteDance;Runway;Stability AI,USED_BY
7810 Diaries,7810 Diaries,,213,211,0,2,0,0,0,0,0,0,0,0,internvid;runway-jupiter,internvid;runway-jupiter,ByteDance;Runway;Stability AI,USED_BY
Wild Weather,Wild Weather,,239,239,0,0,0,0,0,0,0,0,0,0,runway-jupiter,runway-jupiter,Runway,USED_BY
Beastly,Beastly,,1007,287,133,4,125,124,117,10,78,72,57,0,hdvg130m;hdvila100m;howto100m;internvid;koala36m;openvid1m;panda70m;runway-jupiter;vidgen1m;yttemporal-180m,hdvg130m;hdvila100m;internvid;openvid1m;runway-jupiter;vidgen1m;yttemporal-180m,Allen Institute for AI;Amazon;ByteDance;Kuaishou;Meta;Microsoft;Nvidia;Runway;Snap;Stability AI;Tencent;University of Washington,USED_BY
The Ultimate Gymnasts,The Ultimate Gymnasts,,297,267,2,5,6,2,2,6,4,2,1,0,hdvg130m;hdvila100m;howto100m;internvid;koala36m;openvid1m;panda70m;runway-jupiter;vidgen1m;yttemporal-180m,hdvg130m;hdvila100m;internvid;openvid1m;runway-jupiter;vidgen1m;yttemporal-180m,Allen Institute for AI;Amazon;ByteDance;Kuaishou;Meta;Microsoft;Nvidia;Runway;Snap;Stability AI;Tencent;University of Washington,USED_BY
Christopher Hiedeman,Christopher Hiedeman,,310,263,6,17,6,3,3,6,6,0,0,0,hdvg130m;hdvila100m;howto100m;internvid;koala36m;panda70m;runway-jupiter;yttemporal-180m,hdvg130m;hdvila100m;internvid;runway-jupiter;yttemporal-180m,Allen Institute for AI;ByteDance;Meta;Nvidia;Runway;Snap;Stability AI;Tencent;University of Washington,USED_BY
Aurikatariina,Aurikatariina,,194,172,0,22,0,0,0,0,0,0,0,0,internvid;runway-jupiter,internvid;runway-jupiter,ByteDance;Runway;Stability AI,USED_BY
SHINOBU HASHIMOTO,SHINOBU HASHIMOTO,,276,264,0,10,0,0,0,0,0,0,0,2,internvid;runway-jupiter;youtube8m,internvid;runway-jupiter,ByteDance;Runway;Stability AI,USED_BY
Race Of Champions,Race Of Champions,,298,295,0,0,0,0,0,0,0,0,0,3,runway-jupiter;youtube8m,runway-jupiter,Runway,USED_BY
Clawhammer Supply,Clawhammer Supply,,530,331,29,21,35,14,14,35,9,34,8,0,hdvg130m;hdvila100m;howto100m;internvid;koala36m;openvid1m;panda70m;runway-jupiter;vidgen1m;yttemporal-180m,hdvg130m;hdvila100m;internvid;openvid1m;runway-jupiter;vidgen1m;yttemporal-180m,Allen Institute for AI;Amazon;ByteDance;Kuaishou;Meta;Microsoft;Nvidia;Runway;Snap;Stability AI;Tencent;University of Washington,USED_BY
Textile Indie,Textile Indie,,177,173,0,2,1,0,0,1,0,0,0,0,howto100m;internvid;panda70m;runway-jupiter,internvid;runway-jupiter,ByteDance;Runway;Stability AI,USED_BY
Airrosti Rehab Centers,Airrosti Rehab Centers,,261,244,1,11,1,1,1,1,1,0,0,0,hdvg130m;hdvila100m;howto100m;internvid;koala36m;panda70m;runway-jupiter;yttemporal-180m,hdvg130m;hdvila100m;internvid;runway-jupiter;yttemporal-180m,Allen Institute for AI;ByteDance;Meta;Nvidia;Runway;Snap;Stability AI;Tencent;University of Washington,USED_BY
Beautiful World 4k,Beautiful World 4k,,409,409,0,0,0,0,0,0,0,0,0,0,runway-jupiter,runway-jupiter,Runway,USED_BY
Gee Milner,Gee Milner,,374,346,0,28,0,0,0,0,0,0,0,0,internvid;runway-jupiter,internvid;runway-jupiter,ByteDance;Runway;Stability AI,USED_BY
Full Time Filmmaker,Full Time Filmmaker,,465,194,53,14,45,45,43,0,29,28,12,2,hdvg130m;hdvila100m;internvid;koala36m;openvid1m;panda70m;runway-jupiter;vidgen1m;youtube8m;yttemporal-180m,hdvg130m;hdvila100m;internvid;openvid1m;runway-jupiter;vidgen1m;yttemporal-180m,Allen Institute for AI;Amazon;ByteDance;Kuaishou;Meta;Microsoft;Nvidia;Runway;Snap;Stability AI;Tencent;University of Washington,USED_BY
FADED CULTURE,FADED CULTURE,,267,264,0,3,0,0,0,0,0,0,0,0,internvid;runway-jupiter,internvid;runway-jupiter,ByteDance;Runway;Stability AI,USED_BY
Shorts by Cas,Shorts by Cas,,226,226,0,0,0,0,0,0,0,0,0,0,runway-jupiter,runway-jupiter,Runway,USED_BY
Love Hockey,Love Hockey,,184,160,5,14,1,2,1,0,0,0,1,0,hdvila100m;internvid;koala36m;panda70m;runway-jupiter;vidgen1m;yttemporal-180m,hdvila100m;internvid;runway-jupiter;vidgen1m;yttemporal-180m,Allen Institute for AI;Amazon;ByteDance;Meta;Nvidia;Runway;Snap;Stability AI;Tencent;University of Washington,USED_BY
American Jump Rope Federation,American Jump Rope Federation,,162,162,0,0,0,0,0,0,0,0,0,0,runway-jupiter,runway-jupiter,Runway,USED_BY
4K Ocean Wonders,4K Ocean Wonders,,11,11,0,0,0,0,0,0,0,0,0,0,runway-jupiter,runway-jupiter,Runway,USED_BY
Aardman,Aardman,,256,254,0,1,0,0,0,0,0,0,0,1,internvid;runway-jupiter;youtube8m,internvid;runway-jupiter,ByteDance;Runway;Stability AI,USED_BY
SEA,SEA,,100,89,0,9,0,0,0,0,0,0,0,2,internvid;runway-jupiter;youtube8m,internvid;runway-jupiter,ByteDance;Runway;Stability AI,USED_BY
HAXMAN,HAXMAN,,107,96,0,11,0,0,0,0,0,0,0,0,internvid;runway-jupiter,internvid;runway-jupiter,ByteDance;Runway;Stability AI,USED_BY
MW Restoration,MW Restoration,,65,63,0,2,0,0,0,0,0,0,0,0,internvid;runway-jupiter,internvid;runway-jupiter,ByteDance;Runway;Stability AI,USED_BY
Fatty Soprano,Fatty Soprano,,108,108,0,0,0,0,0,0,0,0,0,0,runway-jupiter,runway-jupiter,Runway,USED_BY
Marc Brunet,Marc Brunet,,237,206,1,19,1,1,0,1,1,0,0,7,hdvg130m;hdvila100m;howto100m;internvid;panda70m;runway-jupiter;youtube8m;yttemporal-180m,hdvg130m;hdvila100m;internvid;runway-jupiter;yttemporal-180m,Allen Institute for AI;ByteDance;Meta;Nvidia;Runway;Snap;Stability AI;Tencent;University of Washington,USED_BY
Pavel Ivo Sedlacek,Pavel Ivo Sedlacek,,173,173,0,0,0,0,0,0,0,0,0,0,runway-jupiter,runway-jupiter,Runway,USED_BY
Cooking with Coit,Cooking with Coit,,183,180,0,3,0,0,0,0,0,0,0,0,internvid;runway-jupiter,internvid;runway-jupiter,ByteDance;Runway;Stability AI,USED_BY
Ally Safety,Ally Safety,,107,106,0,1,0,0,0,0,0,0,0,0,internvid;runway-jupiter,internvid;runway-jupiter,ByteDance;Runway;Stability AI,USED_BY
Eric Floberg,Eric Floberg,,163,157,1,1,2,0,0,2,0,0,0,0,howto100m;internvid;panda70m;runway-jupiter;yttemporal-180m,internvid;runway-jupiter;yttemporal-180m,Allen Institute for AI;ByteDance;Runway;Stability AI;University of Washington,USED_BY
Foxtail Catering Service & Training Videos,Foxtail Catering Service & Training Videos,,14,11,0,3,0,0,0,0,0,0,0,0,internvid;runway-jupiter,internvid;runway-jupiter,ByteDance;Runway;Stability AI,USED_BY
Sadie Miller,Sadie Miller,,279,278,0,1,0,0,0,0,0,0,0,0,internvid;runway-jupiter,internvid;runway-jupiter,ByteDance;Runway;Stability AI,USED_BY
52Kards,52Kards,,448,254,25,5,56,16,16,54,9,0,3,10,hdvg130m;hdvila100m;howto100m;internvid;koala36m;panda70m;runway-jupiter;vidgen1m;youtube8m;yttemporal-180m,hdvg130m;hdvila100m;internvid;runway-jupiter;vidgen1m;yttemporal-180m,Allen Institute for AI;Amazon;ByteDance;Meta;Nvidia;Runway;Snap;Stability AI;Tencent;University of Washington,USED_BY
Massage Sloth,Massage Sloth,,241,96,44,18,23,22,22,1,13,2,0,0,hdvg130m;hdvila100m;howto100m;internvid;koala36m;openvid1m;panda70m;runway-jupiter;yttemporal-180m,hdvg130m;hdvila100m;internvid;openvid1m;runway-jupiter;yttemporal-180m,Allen Institute for AI;Amazon;ByteDance;Kuaishou;Meta;Microsoft;Nvidia;Runway;Snap;Stability AI;Tencent;University of Washington,USED_BY
RJL Gardens,RJL Gardens,,138,132,0,6,0,0,0,0,0,0,0,0,internvid;runway-jupiter,internvid;runway-jupiter,ByteDance;Runway;Stability AI,USED_BY
Primitive Skate,Primitive Skate,,249,248,0,0,0,0,0,0,0,0,0,1,runway-jupiter;youtube8m,runway-jupiter,Runway,USED_BY
Madonna,Madonna,,327,280,5,35,0,0,0,0,0,0,0,7,internvid;runway-jupiter;youtube8m;yttemporal-180m,internvid;runway-jupiter;yttemporal-180m,Allen Institute for AI;ByteDance;Runway;Stability AI;University of Washington,USED_BY
Quixel,Quixel,,207,197,0,9,0,0,0,0,0,0,0,1,internvid;runway-jupiter;youtube8m,internvid;runway-jupiter,ByteDance;Runway;Stability AI,USED_BY
The Baseball Bat Bros,The Baseball Bat Bros,,296,273,0,23,0,0,0,0,0,0,0,0,internvid;runway-jupiter,internvid;runway-jupiter,ByteDance;Runway;Stability AI,USED_BY
Taeha Types,Taeha Types,,335,334,0,1,0,0,0,0,0,0,0,0,internvid;runway-jupiter,internvid;runway-jupiter,ByteDance;Runway;Stability AI,USED_BY
골든캣츠,골든캣츠,,144,136,0,8,0,0,0,0,0,0,0,0,internvid;runway-jupiter,internvid;runway-jupiter,ByteDance;Runway;Stability AI,USED_BY
Yohan Kim,Yohan Kim,,286,281,0,5,0,0,0,0,0,0,0,0,internvid;runway-jupiter,internvid;runway-jupiter,ByteDance;Runway;Stability AI,USED_BY
Kiteboarding St Petersburg,Kiteboarding St Petersburg,,243,243,0,0,0,0,0,0,0,0,0,0,runway-jupiter,runway-jupiter,Runway,USED_BY
Angelo Shoe Shine,Angelo Shoe Shine,,191,190,0,1,0,0,0,0,0,0,0,0,internvid;runway-jupiter,internvid;runway-jupiter,ByteDance;Runway;Stability AI,USED_BY
ILOVEGRAFFITI.DE,ILOVEGRAFFITI.DE,,147,144,0,3,0,0,0,0,0,0,0,0,internvid;runway-jupiter,internvid;runway-jupiter,ByteDance;Runway;Stability AI,USED_BY
Really Tall Tree Guy,Really Tall Tree Guy,,222,222,0,0,0,0,0,0,0,0,0,0,runway-jupiter,runway-jupiter,Runway,USED_BY
THE PROPOSAL,THE PROPOSAL,,207,194,0,13,0,0,0,0,0,0,0,0,internvid;runway-jupiter,internvid;runway-jupiter,ByteDance;Runway;Stability AI,USED_BY
Tirbert,Tirbert,,222,222,0,0,0,0,0,0,0,0,0,0,runway-jupiter,runway-jupiter,Runway,USED_BY
Madam Luy cooking,Madam Luy cooking,,209,209,0,0,0,0,0,0,0,0,0,0,runway-jupiter,runway-jupiter,Runway,USED_BY
VideoMap,VideoMap,,187,187,0,0,0,0,0,0,0,0,0,0,runway-jupiter,runway-jupiter,Runway,USED_BY
Ryan Cook Carvin,Ryan Cook Carvin,,261,232,0,29,0,0,0,0,0,0,0,0,internvid;runway-jupiter,internvid;runway-jupiter,ByteDance;Runway;Stability AI,USED_BY
Ancient Rome Live,Ancient Rome Live,,234,232,0,2,0,0,0,0,0,0,0,0,internvid;runway-jupiter,internvid;runway-jupiter,ByteDance;Runway;Stability AI,USED_BY
OnlineFabricStore,OnlineFabricStore,,895,323,116,9,147,45,44,148,29,14,15,5,hdvg130m;hdvila100m;howto100m;internvid;koala36m;openvid1m;panda70m;runway-jupiter;vidgen1m;youtube8m;yttemporal-180m,hdvg130m;hdvila100m;internvid;openvid1m;runway-jupiter;vidgen1m;yttemporal-180m,Allen Institute for AI;Amazon;ByteDance;Kuaishou;Meta;Microsoft;Nvidia;Runway;Snap;Stability AI;Tencent;University of Washington,USED_BY
1ROAD,1ROAD,,412,329,13,8,14,7,7,14,3,14,3,0,hdvg130m;hdvila100m;howto100m;internvid;koala36m;openvid1m;panda70m;runway-jupiter;vidgen1m;yttemporal-180m,hdvg130m;hdvila100m;internvid;openvid1m;runway-jupiter;vidgen1m;yttemporal-180m,Allen Institute for AI;Amazon;ByteDance;Kuaishou;Meta;Microsoft;Nvidia;Runway;Snap;Stability AI;Tencent;University of Washington,USED_BY
Aviation101,Aviation101,,357,206,49,1,25,21,21,6,10,10,8,0,hdvg130m;hdvila100m;howto100m;internvid;koala36m;openvid1m;panda70m;runway-jupiter;vidgen1m;yttemporal-180m,hdvg130m;hdvila100m;internvid;openvid1m;runway-jupiter;vidgen1m;yttemporal-180m,Allen Institute for AI;Amazon;ByteDance;Kuaishou;Meta;Microsoft;Nvidia;Runway;Snap;Stability AI;Tencent;University of Washington,USED_BY
The Schoeller Family,The Schoeller Family,,369,365,0,4,0,0,0,0,0,0,0,0,internvid;runway-jupiter,internvid;runway-jupiter,ByteDance;Runway;Stability AI,USED_BY
Adventures On the Gorge,Adventures On the Gorge,,167,166,0,1,0,0,0,0,0,0,0,0,internvid;runway-jupiter,internvid;runway-jupiter,ByteDance;Runway;Stability AI,USED_BY
ARTPIX,ARTPIX,,186,186,0,0,0,0,0,0,0,0,0,0,runway-jupiter,runway-jupiter,Runway,USED_BY
DayDream Gaming,DayDream Gaming,,412,412,0,0,0,0,0,0,0,0,0,0,runway-jupiter,runway-jupiter,Runway,USED_BY
PearFleur,PearFleur,,203,132,21,4,11,9,9,3,7,0,3,4,hdvg130m;hdvila100m;howto100m;internvid;koala36m;panda70m;runway-jupiter;vidgen1m;youtube8m;yttemporal-180m,hdvg130m;hdvila100m;internvid;runway-jupiter;vidgen1m;yttemporal-180m,Allen Institute for AI;Amazon;ByteDance;Meta;Nvidia;Runway;Snap;Stability AI;Tencent;University of Washington,USED_BY
Cat Trumpet,Cat Trumpet,,301,301,0,0,0,0,0,0,0,0,0,0,runway-jupiter,runway-jupiter,Runway,USED_BY
Einfache Rezepte,Einfache Rezepte,,333,326,0,7,0,0,0,0,0,0,0,0,internvid;runway-jupiter,internvid;runway-jupiter,ByteDance;Runway;Stability AI,USED_BY
Utoi Anime Talk TV,Utoi Anime Talk TV,,196,195,0,1,0,0,0,0,0,0,0,0,internvid;runway-jupiter,internvid;runway-jupiter,ByteDance;Runway;Stability AI,USED_BY
HDShots,HDShots,,140,140,0,0,0,0,0,0,0,0,0,0,runway-jupiter,runway-jupiter,Runway,USED_BY
Shoot From The Hip,Shoot From The Hip,,194,194,0,0,0,0,0,0,0,0,0,0,runway-jupiter,runway-jupiter,Runway,USED_BY
DiscoverTheHorse,DiscoverTheHorse,,330,320,0,10,0,0,0,0,0,0,0,0,internvid;runway-jupiter,internvid;runway-jupiter,ByteDance;Runway;Stability AI,USED_BY
Gymnastics Forever,Gymnastics Forever,,274,270,0,4,0,0,0,0,0,0,0,0,internvid;runway-jupiter,internvid;runway-jupiter,ByteDance;Runway;Stability AI,USED_BY
Uszatkowe Rady,Uszatkowe Rady,,242,242,0,0,0,0,0,0,0,0,0,0,runway-jupiter,runway-jupiter,Runway,USED_BY
Nick Wammes,Nick Wammes,,135,135,0,0,0,0,0,0,0,0,0,0,runway-jupiter,runway-jupiter,Runway,USED_BY
La Famille Ventura,La Famille Ventura,,269,261,0,8,0,0,0,0,0,0,0,0,internvid;runway-jupiter,internvid;runway-jupiter,ByteDance;Runway;Stability AI,USED_BY
HD Film Tributes,HD Film Tributes,,242,237,0,5,0,0,0,0,0,0,0,0,internvid;runway-jupiter,internvid;runway-jupiter,ByteDance;Runway;Stability AI,USED_BY
Eddie Bauer,Eddie Bauer,,146,130,1,0,3,3,3,1,3,0,0,2,hdvg130m;hdvila100m;howto100m;koala36m;panda70m;runway-jupiter;youtube8m;yttemporal-180m,hdvg130m;hdvila100m;runway-jupiter;yttemporal-180m,Allen Institute for AI;ByteDance;Meta;Nvidia;Runway;Snap;Tencent;University of Washington,USED_BY
Yuu,Yuu,,177,167,0,2,0,1,0,0,0,0,0,7,hdvila100m;internvid;runway-jupiter;youtube8m,hdvila100m;internvid;runway-jupiter,ByteDance;Meta;Runway;Snap;Stability AI;Tencent,USED_BY
BNT,BNT,,365,360,0,0,0,0,0,0,0,0,0,5,runway-jupiter;youtube8m,runway-jupiter,Runway,USED_BY
EBS - Krump World Championship,EBS - Krump World Championship,,450,434,0,7,0,0,0,0,0,0,0,9,internvid;runway-jupiter;youtube8m,internvid;runway-jupiter,ByteDance;Runway;Stability AI,USED_BY
Walt (oneminmicro),Walt (oneminmicro),,192,190,0,2,0,0,0,0,0,0,0,0,internvid;runway-jupiter,internvid;runway-jupiter,ByteDance;Runway;Stability AI,USED_BY
iFlight FPV,iFlight FPV,,176,175,0,1,0,0,0,0,0,0,0,0,internvid;runway-jupiter,internvid;runway-jupiter,ByteDance;Runway;Stability AI,USED_BY
Analog Resurgence,Analog Resurgence,,184,181,0,3,0,0,0,0,0,0,0,0,internvid;runway-jupiter,internvid;runway-jupiter,ByteDance;Runway;Stability AI,USED_BY
Recipe Fairy,Recipe Fairy,,63,63,0,0,0,0,0,0,0,0,0,0,runway-jupiter,runway-jupiter,Runway,USED_BY
By Bonnie Jewelry,By Bonnie Jewelry,,343,339,0,4,0,0,0,0,0,0,0,0,internvid;runway-jupiter,internvid;runway-jupiter,ByteDance;Runway;Stability AI,USED_BY
Jeremy T. Grant,Jeremy T. Grant,,191,189,0,2,0,0,0,0,0,0,0,0,internvid;runway-jupiter,internvid;runway-jupiter,ByteDance;Runway;Stability AI,USED_BY
Bonsai Heirloom,Bonsai Heirloom,,164,164,0,0,0,0,0,0,0,0,0,0,runway-jupiter,runway-jupiter,Runway,USED_BY
TexasHighDef,TexasHighDef,,357,354,0,0,0,0,0,0,0,0,0,3,runway-jupiter;youtube8m,runway-jupiter,Runway,USED_BY
Zoddronite,Zoddronite,,167,167,0,0,0,0,0,0,0,0,0,0,runway-jupiter,runway-jupiter,Runway,USED_BY
Wheelchair Basketball Canada,Wheelchair Basketball Canada,,270,262,0,7,0,0,0,0,0,0,0,1,internvid;runway-jupiter;youtube8m,internvid;runway-jupiter,ByteDance;Runway;Stability AI,USED_BY
Kyle McDougall,Kyle McDougall,,215,149,21,4,9,9,9,0,9,4,1,0,hdvg130m;hdvila100m;internvid;koala36m;openvid1m;panda70m;runway-jupiter;vidgen1m;yttemporal-180m,hdvg130m;hdvila100m;internvid;openvid1m;runway-jupiter;vidgen1m;yttemporal-180m,Allen Institute for AI;Amazon;ByteDance;Kuaishou;Meta;Microsoft;Nvidia;Runway;Snap;Stability AI;Tencent;University of Washington,USED_BY
Deus Ex Machina,Deus Ex Machina,,198,195,0,1,0,0,0,0,0,0,0,2,internvid;runway-jupiter;youtube8m,internvid;runway-jupiter,ByteDance;Runway;Stability AI,USED_BY
Artfully Rogue,Artfully Rogue,,335,164,64,2,27,24,24,8,15,2,5,0,hdvg130m;hdvila100m;howto100m;internvid;koala36m;openvid1m;panda70m;runway-jupiter;vidgen1m;yttemporal-180m,hdvg130m;hdvila100m;internvid;openvid1m;runway-jupiter;vidgen1m;yttemporal-180m,Allen Institute for AI;Amazon;ByteDance;Kuaishou;Meta;Microsoft;Nvidia;Runway;Snap;Stability AI;Tencent;University of Washington,USED_BY
Муслим Камбулатов,Муслим Камбулатов,,258,256,0,1,0,0,0,0,0,0,0,1,internvid;runway-jupiter;youtube8m,internvid;runway-jupiter,ByteDance;Runway;Stability AI,USED_BY
I Like Woodworking,I Like Woodworking,,242,237,0,5,0,0,0,0,0,0,0,0,internvid;runway-jupiter,internvid;runway-jupiter,ByteDance;Runway;Stability AI,USED_BY
WSJ. Style,WSJ. Style,,112,106,3,3,0,0,0,0,0,0,0,0,internvid;runway-jupiter;yttemporal-180m,internvid;runway-jupiter;yttemporal-180m,Allen Institute for AI;ByteDance;Runway;Stability AI;University of Washington,USED_BY
High Pressure Aviation Films,High Pressure Aviation Films,,96,92,0,4,0,0,0,0,0,0,0,0,internvid;runway-jupiter,internvid;runway-jupiter,ByteDance;Runway;Stability AI,USED_BY
Asturia Quartet,Asturia Quartet,,62,57,0,1,0,0,0,0,0,0,0,4,internvid;runway-jupiter;youtube8m,internvid;runway-jupiter,ByteDance;Runway;Stability AI,USED_BY
GlobeAir • Private Jet,GlobeAir • Private Jet,,151,151,0,0,0,0,0,0,0,0,0,0,runway-jupiter,runway-jupiter,Runway,USED_BY
Minibricks,Minibricks,,51,47,0,4,0,0,0,0,0,0,0,0,internvid;runway-jupiter,internvid;runway-jupiter,ByteDance;Runway;Stability AI,USED_BY
Scribal Work Shop,Scribal Work Shop,,174,174,0,0,0,0,0,0,0,0,0,0,runway-jupiter,runway-jupiter,Runway,USED_BY
Brady Bessette,Brady Bessette,,154,150,0,4,0,0,0,0,0,0,0,0,internvid;runway-jupiter,internvid;runway-jupiter,ByteDance;Runway;Stability AI,USED_BY
Maroon5VEVO,Maroon5VEVO,,148,106,0,36,1,0,0,1,0,0,0,4,howto100m;internvid;panda70m;runway-jupiter;youtube8m,internvid;runway-jupiter,ByteDance;Runway;Stability AI,USED_BY
Broncs and Donks,Broncs and Donks,,144,84,9,25,6,6,6,0,2,2,4,0,hdvg130m;hdvila100m;internvid;koala36m;openvid1m;panda70m;runway-jupiter;vidgen1m;yttemporal-180m,hdvg130m;hdvila100m;internvid;openvid1m;runway-jupiter;vidgen1m;yttemporal-180m,Allen Institute for AI;Amazon;ByteDance;Kuaishou;Meta;Microsoft;Nvidia;Runway;Snap;Stability AI;Tencent;University of Washington,USED_BY
MABO,MABO,,151,141,4,1,2,2,1,0,0,0,0,0,hdvila100m;internvid;koala36m;panda70m;runway-jupiter;yttemporal-180m,hdvila100m;internvid;runway-jupiter;yttemporal-180m,Allen Institute for AI;ByteDance;Meta;Runway;Snap;Stability AI;Tencent;University of Washington,USED_BY
Cosmic Perspective,Cosmic Perspective,,130,128,0,1,0,0,0,0,0,0,0,1,internvid;runway-jupiter;youtube8m,internvid;runway-jupiter,ByteDance;Runway;Stability AI,USED_BY
soeslife,soeslife,,91,88,0,3,0,0,0,0,0,0,0,0,internvid;runway-jupiter,internvid;runway-jupiter,ByteDance;Runway;Stability AI,USED_BY
Betco,Betco,,164,164,0,0,0,0,0,0,0,0,0,0,runway-jupiter,runway-jupiter,Runway,USED_BY
Bugs and Biology,Bugs and Biology,,154,154,0,0,0,0,0,0,0,0,0,0,runway-jupiter,runway-jupiter,Runway,USED_BY
Todays Movie Recap,Todays Movie Recap,,154,154,0,0,0,0,0,0,0,0,0,0,runway-jupiter,runway-jupiter,Runway,USED_BY
Riva Yacht,Riva Yacht,,285,281,0,1,0,0,0,0,0,0,0,3,internvid;runway-jupiter;youtube8m,internvid;runway-jupiter,ByteDance;Runway;Stability AI,USED_BY
Red Sled Santa,Red Sled Santa,,120,120,0,0,0,0,0,0,0,0,0,0,runway-jupiter,runway-jupiter,Runway,USED_BY
Nick Keomahavong,Nick Keomahavong,,294,283,0,11,0,0,0,0,0,0,0,0,internvid;runway-jupiter,internvid;runway-jupiter,ByteDance;Runway;Stability AI,USED_BY
Matthias Malmedie,Matthias Malmedie,,376,259,22,0,21,21,20,0,13,10,8,2,hdvg130m;hdvila100m;koala36m;openvid1m;panda70m;runway-jupiter;vidgen1m;youtube8m;yttemporal-180m,hdvg130m;hdvila100m;openvid1m;runway-jupiter;vidgen1m;yttemporal-180m,Allen Institute for AI;Amazon;ByteDance;Kuaishou;Meta;Microsoft;Nvidia;Runway;Snap;Tencent;University of Washington,USED_BY
KiKiDo Campus France,KiKiDo Campus France,,265,261,0,4,0,0,0,0,0,0,0,0,internvid;runway-jupiter,internvid;runway-jupiter,ByteDance;Runway;Stability AI,USED_BY
SamDoesArts,SamDoesArts,,169,162,0,7,0,0,0,0,0,0,0,0,internvid;runway-jupiter,internvid;runway-jupiter,ByteDance;Runway;Stability AI,USED_BY
Razgriz Flight & Spotting,Razgriz Flight & Spotting,,207,207,0,0,0,0,0,0,0,0,0,0,runway-jupiter,runway-jupiter,Runway,USED_BY
Building with Budd,Building with Budd,,214,204,0,8,1,0,0,1,0,0,0,0,howto100m;internvid;panda70m;runway-jupiter,internvid;runway-jupiter,ByteDance;Runway;Stability AI,USED_BY
Christian Caniff,Christian Caniff,,192,192,0,0,0,0,0,0,0,0,0,0,runway-jupiter,runway-jupiter,Runway,USED_BY
How-to and Reviews,How-to and Reviews,,173,170,0,3,0,0,0,0,0,0,0,0,internvid;runway-jupiter,internvid;runway-jupiter,ByteDance;Runway;Stability AI,USED_BY
Night Lights Films - Adrien Mauduit,Night Lights Films - Adrien Mauduit,,117,114,1,0,1,0,0,1,0,0,0,0,howto100m;panda70m;runway-jupiter;yttemporal-180m,runway-jupiter;yttemporal-180m,Allen Institute for AI;Runway;University of Washington,USED_BY
Dr Matches,Dr Matches,,155,155,0,0,0,0,0,0,0,0,0,0,runway-jupiter,runway-jupiter,Runway,USED_BY
Think Make Push,Think Make Push,,225,221,0,0,0,0,0,0,0,0,0,4,runway-jupiter;youtube8m,runway-jupiter,Runway,USED_BY
Kimi Elias,Kimi Elias,,204,204,0,0,0,0,0,0,0,0,0,0,runway-jupiter,runway-jupiter,Runway,USED_BY
Tech Vision,Tech Vision,,199,173,0,26,0,0,0,0,0,0,0,0,internvid;runway-jupiter,internvid;runway-jupiter,ByteDance;Runway;Stability AI,USED_BY
FlywithKay,FlywithKay,,252,245,0,7,0,0,0,0,0,0,0,0,internvid;runway-jupiter,internvid;runway-jupiter,ByteDance;Runway;Stability AI,USED_BY
BlackSheep Studios,BlackSheep Studios,,291,290,0,1,0,0,0,0,0,0,0,0,internvid;runway-jupiter,internvid;runway-jupiter,ByteDance;Runway;Stability AI,USED_BY
Cameron Das Racing,Cameron Das Racing,,264,258,0,6,0,0,0,0,0,0,0,0,internvid;runway-jupiter,internvid;runway-jupiter,ByteDance;Runway;Stability AI,USED_BY
Danny Mcgee,Danny Mcgee,,232,232,0,0,0,0,0,0,0,0,0,0,runway-jupiter,runway-jupiter,Runway,USED_BY
BullyJuice,BullyJuice,,293,279,0,14,0,0,0,0,0,0,0,0,internvid;runway-jupiter,internvid;runway-jupiter,ByteDance;Runway;Stability AI,USED_BY
BBC Earth Kids,BBC Earth Kids,,237,233,0,4,0,0,0,0,0,0,0,0,internvid;runway-jupiter,internvid;runway-jupiter,ByteDance;Runway;Stability AI,USED_BY
FIGHTER CHANNEL 3,FIGHTER CHANNEL 3,,211,211,0,0,0,0,0,0,0,0,0,0,runway-jupiter,runway-jupiter,Runway,USED_BY
Corter Leather,Corter Leather,,286,280,0,6,0,0,0,0,0,0,0,0,internvid;runway-jupiter,internvid;runway-jupiter,ByteDance;Runway;Stability AI,USED_BY
Leartes Studios,Leartes Studios,,196,196,0,0,0,0,0,0,0,0,0,0,runway-jupiter,runway-jupiter,Runway,USED_BY
Board Archive,Board Archive,,488,301,69,12,22,22,22,0,18,16,6,0,hdvg130m;hdvila100m;internvid;koala36m;openvid1m;panda70m;runway-jupiter;vidgen1m;yttemporal-180m,hdvg130m;hdvila100m;internvid;openvid1m;runway-jupiter;vidgen1m;yttemporal-180m,Allen Institute for AI;Amazon;ByteDance;Kuaishou;Meta;Microsoft;Nvidia;Runway;Snap;Stability AI;Tencent;University of Washington,USED_BY
Dino DC,Dino DC,,148,147,0,0,0,0,0,0,0,0,0,1,runway-jupiter;youtube8m,runway-jupiter,Runway,USED_BY
The Armoury,The Armoury,,376,373,0,3,0,0,0,0,0,0,0,0,internvid;runway-jupiter,internvid;runway-jupiter,ByteDance;Runway;Stability AI,USED_BY
𝗠𝗥.𝗕𝗘𝗡𝗜𝗗𝗢𝗥𝗠,𝗠𝗥.𝗕𝗘𝗡𝗜𝗗𝗢𝗥𝗠,,237,237,0,0,0,0,0,0,0,0,0,0,runway-jupiter,runway-jupiter,Runway,USED_BY
Johnny Ro [4K],Johnny Ro [4K],,133,133,0,0,0,0,0,0,0,0,0,0,runway-jupiter,runway-jupiter,Runway,USED_BY
PaddleTV,PaddleTV,,1141,470,168,46,96,95,83,4,66,82,28,3,hdvg130m;hdvila100m;howto100m;internvid;koala36m;openvid1m;panda70m;runway-jupiter;vidgen1m;youtube8m;yttemporal-180m,hdvg130m;hdvila100m;internvid;openvid1m;runway-jupiter;vidgen1m;yttemporal-180m,Allen Institute for AI;Amazon;ByteDance;Kuaishou;Meta;Microsoft;Nvidia;Runway;Snap;Stability AI;Tencent;University of Washington,USED_BY
Dottie's Toys,Dottie's Toys,,243,243,0,0,0,0,0,0,0,0,0,0,runway-jupiter,runway-jupiter,Runway,USED_BY
The Weeknd,The Weeknd,,140,129,1,10,0,0,0,0,0,0,0,0,internvid;runway-jupiter;yttemporal-180m,internvid;runway-jupiter;yttemporal-180m,Allen Institute for AI;ByteDance;Runway;Stability AI;University of Washington,USED_BY
Adrien Raza,Adrien Raza,,265,250,0,15,0,0,0,0,0,0,0,0,internvid;runway-jupiter,internvid;runway-jupiter,ByteDance;Runway;Stability AI,USED_BY
The Hamilton Collection,The Hamilton Collection,,150,148,0,2,0,0,0,0,0,0,0,0,internvid;runway-jupiter,internvid;runway-jupiter,ByteDance;Runway;Stability AI,USED_BY
iRacer3,iRacer3,,257,255,0,2,0,0,0,0,0,0,0,0,internvid;runway-jupiter,internvid;runway-jupiter,ByteDance;Runway;Stability AI,USED_BY
Ride With The Knights,Ride With The Knights,,156,155,0,1,0,0,0,0,0,0,0,0,internvid;runway-jupiter,internvid;runway-jupiter,ByteDance;Runway;Stability AI,USED_BY
shawneydepp,shawneydepp,,449,301,47,1,22,22,22,0,18,8,8,0,hdvg130m;hdvila100m;internvid;koala36m;openvid1m;panda70m;runway-jupiter;vidgen1m;yttemporal-180m,hdvg130m;hdvila100m;internvid;openvid1m;runway-jupiter;vidgen1m;yttemporal-180m,Allen Institute for AI;Amazon;ByteDance;Kuaishou;Meta;Microsoft;Nvidia;Runway;Snap;Stability AI;Tencent;University of Washington,USED_BY
Agora Gallery,Agora Gallery,,317,300,1,1,2,2,2,1,1,0,1,6,hdvg130m;hdvila100m;howto100m;internvid;koala36m;panda70m;runway-jupiter;vidgen1m;youtube8m;yttemporal-180m,hdvg130m;hdvila100m;internvid;runway-jupiter;vidgen1m;yttemporal-180m,Allen Institute for AI;Amazon;ByteDance;Meta;Nvidia;Runway;Snap;Stability AI;Tencent;University of Washington,USED_BY
Fish and Forage,Fish and Forage,,90,90,0,0,0,0,0,0,0,0,0,0,runway-jupiter,runway-jupiter,Runway,USED_BY
댄서스잡 DJ,댄서스잡 DJ,,124,124,0,0,0,0,0,0,0,0,0,0,runway-jupiter,runway-jupiter,Runway,USED_BY
Wan Smolbag Theatre,Wan Smolbag Theatre,,149,148,0,1,0,0,0,0,0,0,0,0,internvid;runway-jupiter,internvid;runway-jupiter,ByteDance;Runway;Stability AI,USED_BY
舌尖上的中國官方頻道 A Bite of China Official Channel,舌尖上的中國官方頻道 A Bite of China Official Channel,,211,211,0,0,0,0,0,0,0,0,0,0,runway-jupiter,runway-jupiter,Runway,USED_BY
The Asylum Movie Channel,The Asylum Movie Channel,,255,255,0,0,0,0,0,0,0,0,0,0,runway-jupiter,runway-jupiter,Runway,USED_BY
WILD LIFE,WILD LIFE,,338,328,0,10,0,0,0,0,0,0,0,0,internvid;runway-jupiter,internvid;runway-jupiter,ByteDance;Runway;Stability AI,USED_BY
James Andrews,James Andrews,,216,214,0,1,0,0,0,0,0,0,0,1,internvid;runway-jupiter;youtube8m,internvid;runway-jupiter,ByteDance;Runway;Stability AI,USED_BY
Kyle Nutt,Kyle Nutt,,293,281,0,12,0,0,0,0,0,0,0,0,internvid;runway-jupiter,internvid;runway-jupiter,ByteDance;Runway;Stability AI,USED_BY
Free Documentary - Nature,Free Documentary - Nature,,1153,383,0,0,139,139,134,0,98,168,92,0,hdvg130m;hdvila100m;koala36m;openvid1m;panda70m;runway-jupiter;vidgen1m,hdvg130m;hdvila100m;openvid1m;runway-jupiter;vidgen1m,Amazon;ByteDance;Kuaishou;Meta;Microsoft;Nvidia;Runway;Snap;Tencent,USED_BY
BENETEAU America,BENETEAU America,,334,312,0,1,3,3,1,0,3,0,1,10,hdvg130m;hdvila100m;internvid;koala36m;panda70m;runway-jupiter;vidgen1m;youtube8m,hdvg130m;hdvila100m;internvid;runway-jupiter;vidgen1m,Amazon;ByteDance;Meta;Nvidia;Runway;Snap;Stability AI;Tencent,USED_BY
Revere Overland,Revere Overland,,203,201,0,2,0,0,0,0,0,0,0,0,internvid;runway-jupiter,internvid;runway-jupiter,ByteDance;Runway;Stability AI,USED_BY
TaeKeyboards,TaeKeyboards,,226,193,3,2,8,3,3,8,4,0,2,0,hdvg130m;hdvila100m;howto100m;internvid;koala36m;panda70m;runway-jupiter;vidgen1m;yttemporal-180m,hdvg130m;hdvila100m;internvid;runway-jupiter;vidgen1m;yttemporal-180m,Allen Institute for AI;Amazon;ByteDance;Meta;Nvidia;Runway;Snap;Stability AI;Tencent;University of Washington,USED_BY
FleurEstelleClasses,FleurEstelleClasses,,153,149,0,4,0,0,0,0,0,0,0,0,internvid;runway-jupiter,internvid;runway-jupiter,ByteDance;Runway;Stability AI,USED_BY
AutoPack富揚晶機,AutoPack富揚晶機,,242,231,0,11,0,0,0,0,0,0,0,0,internvid;runway-jupiter,internvid;runway-jupiter,ByteDance;Runway;Stability AI,USED_BY
Mercedes-Benz Trucks,Mercedes-Benz Trucks,,198,198,0,0,0,0,0,0,0,0,0,0,runway-jupiter,runway-jupiter,Runway,USED_BY
Jeremy Ethier,Jeremy Ethier,,560,235,95,77,35,32,29,5,20,24,8,0,hdvg130m;hdvila100m;howto100m;internvid;koala36m;openvid1m;panda70m;runway-jupiter;vidgen1m;yttemporal-180m,hdvg130m;hdvila100m;internvid;openvid1m;runway-jupiter;vidgen1m;yttemporal-180m,Allen Institute for AI;Amazon;ByteDance;Kuaishou;Meta;Microsoft;Nvidia;Runway;Snap;Stability AI;Tencent;University of Washington,USED_BY
DekoideenReich,DekoideenReich,,219,206,1,4,2,1,1,1,1,0,0,2,hdvg130m;hdvila100m;howto100m;internvid;koala36m;panda70m;runway-jupiter;youtube8m;yttemporal-180m,hdvg130m;hdvila100m;internvid;runway-jupiter;yttemporal-180m,Allen Institute for AI;ByteDance;Meta;Nvidia;Runway;Snap;Stability AI;Tencent;University of Washington,USED_BY
CRAIG SCHULER,CRAIG SCHULER,,9,9,0,0,0,0,0,0,0,0,0,0,runway-jupiter,runway-jupiter,Runway,USED_BY
macrofying,macrofying,,31,31,0,0,0,0,0,0,0,0,0,0,runway-jupiter,runway-jupiter,Runway,USED_BY
Architectural Digest Germany,Architectural Digest Germany,,125,124,0,1,0,0,0,0,0,0,0,0,internvid;runway-jupiter,internvid;runway-jupiter,ByteDance;Runway;Stability AI,USED_BY
The Metalist,The Metalist,,68,65,0,1,0,0,0,0,0,0,0,2,internvid;runway-jupiter;youtube8m,internvid;runway-jupiter,ByteDance;Runway;Stability AI,USED_BY
Trippers,Trippers,,30,30,0,0,0,0,0,0,0,0,0,0,runway-jupiter,runway-jupiter,Runway,USED_BY
Maya,Maya,,225,176,1,9,6,6,2,1,0,0,0,24,hdvila100m;howto100m;internvid;koala36m;panda70m;runway-jupiter;youtube8m;yttemporal-180m,hdvila100m;internvid;runway-jupiter;yttemporal-180m,Allen Institute for AI;ByteDance;Meta;Runway;Snap;Stability AI;Tencent;University of Washington,USED_BY
Electric Love Festival,Electric Love Festival,,261,256,0,3,0,0,0,0,0,0,0,2,internvid;runway-jupiter;youtube8m,internvid;runway-jupiter,ByteDance;Runway;Stability AI,USED_BY
Florida Ski Riders,Florida Ski Riders,,182,161,0,21,0,0,0,0,0,0,0,0,internvid;runway-jupiter,internvid;runway-jupiter,ByteDance;Runway;Stability AI,USED_BY
Sip and Feast,Sip and Feast,,214,202,0,12,0,0,0,0,0,0,0,0,internvid;runway-jupiter,internvid;runway-jupiter,ByteDance;Runway;Stability AI,USED_BY
omw,omw,,77,75,0,0,0,0,0,0,0,0,0,2,runway-jupiter;youtube8m,runway-jupiter,Runway,USED_BY
Chanty Marie,Chanty Marie,,352,141,43,1,37,32,31,19,22,18,8,0,hdvg130m;hdvila100m;howto100m;internvid;koala36m;openvid1m;panda70m;runway-jupiter;vidgen1m;yttemporal-180m,hdvg130m;hdvila100m;internvid;openvid1m;runway-jupiter;vidgen1m;yttemporal-180m,Allen Institute for AI;Amazon;ByteDance;Kuaishou;Meta;Microsoft;Nvidia;Runway;Snap;Stability AI;Tencent;University of Washington,USED_BY
Richard Lindesay,Richard Lindesay,,151,151,0,0,0,0,0,0,0,0,0,0,runway-jupiter,runway-jupiter,Runway,USED_BY
The Streetz Football,The Streetz Football,,182,182,0,0,0,0,0,0,0,0,0,0,runway-jupiter,runway-jupiter,Runway,USED_BY
Shuttle Strong,Shuttle Strong,,94,88,0,6,0,0,0,0,0,0,0,0,internvid;runway-jupiter,internvid;runway-jupiter,ByteDance;Runway;Stability AI,USED_BY
Aksel Orstavik,Aksel Orstavik,,17,17,0,0,0,0,0,0,0,0,0,0,runway-jupiter,runway-jupiter,Runway,USED_BY
Swiss Running TV,Swiss Running TV,,107,107,0,0,0,0,0,0,0,0,0,0,runway-jupiter,runway-jupiter,Runway,USED_BY
EVERYDAY BETTER. EVERYDAY STRONGER.,EVERYDAY BETTER. EVERYDAY STRONGER.,,169,157,0,0,2,2,2,0,0,2,0,4,hdvila100m;koala36m;openvid1m;panda70m;runway-jupiter;youtube8m,hdvila100m;openvid1m;runway-jupiter,Amazon;ByteDance;Kuaishou;Meta;Microsoft;Nvidia;Runway;Snap;Tencent,USED_BY
Red Squirrel Studios,Red Squirrel Studios,,123,123,0,0,0,0,0,0,0,0,0,0,runway-jupiter,runway-jupiter,Runway,USED_BY
Valspire Family,Valspire Family,,96,96,0,0,0,0,0,0,0,0,0,0,runway-jupiter,runway-jupiter,Runway,USED_BY
Cosmosapiens,Cosmosapiens,,50,50,0,0,0,0,0,0,0,0,0,0,runway-jupiter,runway-jupiter,Runway,USED_BY
The Rain Driver,The Rain Driver,,134,134,0,0,0,0,0,0,0,0,0,0,runway-jupiter,runway-jupiter,Runway,USED_BY
Harmen Hoek,Harmen Hoek,,29,29,0,0,0,0,0,0,0,0,0,0,runway-jupiter,runway-jupiter,Runway,USED_BY
The Boring Channel,The Boring Channel,,92,92,0,0,0,0,0,0,0,0,0,0,runway-jupiter,runway-jupiter,Runway,USED_BY
underwatercam stock footage,underwatercam stock footage,,148,148,0,0,0,0,0,0,0,0,0,0,runway-jupiter,runway-jupiter,Runway,USED_BY
NZ Mountain Safety Council,NZ Mountain Safety Council,,102,93,0,9,0,0,0,0,0,0,0,0,internvid;runway-jupiter,internvid;runway-jupiter,ByteDance;Runway;Stability AI,USED_BY
Filmbilder & Friends,Filmbilder & Friends,,263,169,15,5,17,17,15,0,7,4,5,9,hdvg130m;hdvila100m;internvid;koala36m;openvid1m;panda70m;runway-jupiter;vidgen1m;youtube8m;yttemporal-180m,hdvg130m;hdvila100m;internvid;openvid1m;runway-jupiter;vidgen1m;yttemporal-180m,Allen Institute for AI;Amazon;ByteDance;Kuaishou;Meta;Microsoft;Nvidia;Runway;Snap;Stability AI;Tencent;University of Washington,USED_BY
Alexandre Lino - Terramidia3D,Alexandre Lino - Terramidia3D,,125,125,0,0,0,0,0,0,0,0,0,0,runway-jupiter,runway-jupiter,Runway,USED_BY
The Anazala Family,The Anazala Family,,114,93,0,21,0,0,0,0,0,0,0,0,internvid;runway-jupiter,internvid;runway-jupiter,ByteDance;Runway;Stability AI,USED_BY
GrowVeg,GrowVeg,,956,412,83,68,125,37,35,124,18,38,8,8,hdvg130m;hdvila100m;howto100m;internvid;koala36m;openvid1m;panda70m;runway-jupiter;vidgen1m;youtube8m;yttemporal-180m,hdvg130m;hdvila100m;internvid;openvid1m;runway-jupiter;vidgen1m;yttemporal-180m,Allen Institute for AI;Amazon;ByteDance;Kuaishou;Meta;Microsoft;Nvidia;Runway;Snap;Stability AI;Tencent;University of Washington,USED_BY
CIAO ITALY,CIAO ITALY,,302,302,0,0,0,0,0,0,0,0,0,0,runway-jupiter,runway-jupiter,Runway,USED_BY
Outside the Levees,Outside the Levees,,141,138,0,3,0,0,0,0,0,0,0,0,internvid;runway-jupiter,internvid;runway-jupiter,ByteDance;Runway;Stability AI,USED_BY
Simon Rohrich,Simon Rohrich,,116,113,0,1,0,0,0,0,0,0,0,2,internvid;runway-jupiter;youtube8m,internvid;runway-jupiter,ByteDance;Runway;Stability AI,USED_BY
MyTraining App,MyTraining App,,96,90,0,6,0,0,0,0,0,0,0,0,internvid;runway-jupiter,internvid;runway-jupiter,ByteDance;Runway;Stability AI,USED_BY
Bike the World,Bike the World,,187,187,0,0,0,0,0,0,0,0,0,0,runway-jupiter,runway-jupiter,Runway,USED_BY
Kenworth Truck Co.,Kenworth Truck Co.,,188,188,0,0,0,0,0,0,0,0,0,0,runway-jupiter,runway-jupiter,Runway,USED_BY
International Aerobatic Club,International Aerobatic Club,,122,122,0,0,0,0,0,0,0,0,0,0,runway-jupiter,runway-jupiter,Runway,USED_BY
Gaz Oakley,Gaz Oakley,,383,162,54,3,36,20,19,25,14,38,12,0,hdvg130m;hdvila100m;howto100m;internvid;koala36m;openvid1m;panda70m;runway-jupiter;vidgen1m;yttemporal-180m,hdvg130m;hdvila100m;internvid;openvid1m;runway-jupiter;vidgen1m;yttemporal-180m,Allen Institute for AI;Amazon;ByteDance;Kuaishou;Meta;Microsoft;Nvidia;Runway;Snap;Stability AI;Tencent;University of Washington,USED_BY
Magnus Midtbø,Magnus Midtbø,,298,294,0,4,0,0,0,0,0,0,0,0,internvid;runway-jupiter,internvid;runway-jupiter,ByteDance;Runway;Stability AI,USED_BY
Buddhism,Buddhism,,261,241,0,20,0,0,0,0,0,0,0,0,internvid;runway-jupiter,internvid;runway-jupiter,ByteDance;Runway;Stability AI,USED_BY
Marble Movie Makers,Marble Movie Makers,,236,231,0,5,0,0,0,0,0,0,0,0,internvid;runway-jupiter,internvid;runway-jupiter,ByteDance;Runway;Stability AI,USED_BY
Jordan Teaches Jiujitsu,Jordan Teaches Jiujitsu,,236,229,0,7,0,0,0,0,0,0,0,0,internvid;runway-jupiter,internvid;runway-jupiter,ByteDance;Runway;Stability AI,USED_BY
YouAligned,YouAligned,,497,279,85,2,34,31,30,7,21,2,6,0,hdvg130m;hdvila100m;howto100m;internvid;koala36m;openvid1m;panda70m;runway-jupiter;vidgen1m;yttemporal-180m,hdvg130m;hdvila100m;internvid;openvid1m;runway-jupiter;vidgen1m;yttemporal-180m,Allen Institute for AI;Amazon;ByteDance;Kuaishou;Meta;Microsoft;Nvidia;Runway;Snap;Stability AI;Tencent;University of Washington,USED_BY
MIZI,MIZI,,184,170,0,14,0,0,0,0,0,0,0,0,internvid;runway-jupiter,internvid;runway-jupiter,ByteDance;Runway;Stability AI,USED_BY
하미마미 Hamimommy,하미마미 Hamimommy,,199,173,0,26,0,0,0,0,0,0,0,0,internvid;runway-jupiter,internvid;runway-jupiter,ByteDance;Runway;Stability AI,USED_BY
Son of a Bear: Foraging,Son of a Bear: Foraging,,262,235,3,8,3,3,3,3,0,4,0,0,hdvila100m;howto100m;internvid;koala36m;openvid1m;panda70m;runway-jupiter;yttemporal-180m,hdvila100m;internvid;openvid1m;runway-jupiter;yttemporal-180m,Allen Institute for AI;Amazon;ByteDance;Kuaishou;Meta;Microsoft;Nvidia;Runway;Snap;Stability AI;Tencent;University of Washington,USED_BY
Village Cooking Channel,Village Cooking Channel,,458,186,0,50,40,39,38,3,23,58,21,0,hdvg130m;hdvila100m;howto100m;internvid;koala36m;openvid1m;panda70m;runway-jupiter;vidgen1m,hdvg130m;hdvila100m;internvid;openvid1m;runway-jupiter;vidgen1m,Amazon;ByteDance;Kuaishou;Meta;Microsoft;Nvidia;Runway;Snap;Stability AI;Tencent,USED_BY
CobraEmergency | North America,CobraEmergency | North America,,267,267,0,0,0,0,0,0,0,0,0,0,runway-jupiter,runway-jupiter,Runway,USED_BY
Christy Anne Jones,Christy Anne Jones,,203,199,1,1,1,0,0,1,0,0,0,0,howto100m;internvid;panda70m;runway-jupiter;yttemporal-180m,internvid;runway-jupiter;yttemporal-180m,Allen Institute for AI;ByteDance;Runway;Stability AI;University of Washington,USED_BY
River Line Productions,River Line Productions,,261,261,0,0,0,0,0,0,0,0,0,0,runway-jupiter,runway-jupiter,Runway,USED_BY
Scott Young,Scott Young,,126,107,2,2,3,1,1,3,2,0,0,5,hdvg130m;hdvila100m;howto100m;internvid;koala36m;panda70m;runway-jupiter;youtube8m;yttemporal-180m,hdvg130m;hdvila100m;internvid;runway-jupiter;yttemporal-180m,Allen Institute for AI;ByteDance;Meta;Nvidia;Runway;Snap;Stability AI;Tencent;University of Washington,USED_BY
KWOOWK,KWOOWK,,230,200,0,30,0,0,0,0,0,0,0,0,internvid;runway-jupiter,internvid;runway-jupiter,ByteDance;Runway;Stability AI,USED_BY
T.Milly TV,T.Milly TV,,117,97,12,0,3,3,2,0,0,0,0,0,hdvila100m;koala36m;panda70m;runway-jupiter;yttemporal-180m,hdvila100m;runway-jupiter;yttemporal-180m,Allen Institute for AI;ByteDance;Meta;Runway;Snap;Tencent;University of Washington,USED_BY
Bass'N'Trout,Bass'N'Trout,,237,236,0,1,0,0,0,0,0,0,0,0,internvid;runway-jupiter,internvid;runway-jupiter,ByteDance;Runway;Stability AI,USED_BY
Pyrocrafters,Pyrocrafters,,219,205,0,14,0,0,0,0,0,0,0,0,internvid;runway-jupiter,internvid;runway-jupiter,ByteDance;Runway;Stability AI,USED_BY
LLC.,LLC.,,431,204,26,39,42,19,18,39,11,6,5,22,hdvg130m;hdvila100m;howto100m;internvid;koala36m;openvid1m;panda70m;runway-jupiter;vidgen1m;youtube8m;yttemporal-180m,hdvg130m;hdvila100m;internvid;openvid1m;runway-jupiter;vidgen1m;yttemporal-180m,Allen Institute for AI;Amazon;ByteDance;Kuaishou;Meta;Microsoft;Nvidia;Runway;Snap;Stability AI;Tencent;University of Washington,USED_BY
Deeper Than Hair TV,Deeper Than Hair TV,,446,190,65,4,48,46,44,4,25,2,17,1,hdvg130m;hdvila100m;howto100m;internvid;koala36m;openvid1m;panda70m;runway-jupiter;vidgen1m;youtube8m;yttemporal-180m,hdvg130m;hdvila100m;internvid;openvid1m;runway-jupiter;vidgen1m;yttemporal-180m,Allen Institute for AI;Amazon;ByteDance;Kuaishou;Meta;Microsoft;Nvidia;Runway;Snap;Stability AI;Tencent;University of Washington,USED_BY
Juice & Toya,Juice & Toya,,213,198,0,15,0,0,0,0,0,0,0,0,internvid;runway-jupiter,internvid;runway-jupiter,ByteDance;Runway;Stability AI,USED_BY
Saftige Küche,Saftige Küche,,113,113,0,0,0,0,0,0,0,0,0,0,runway-jupiter,runway-jupiter,Runway,USED_BY
Мир Кубиков,Мир Кубиков,,209,207,0,2,0,0,0,0,0,0,0,0,internvid;runway-jupiter,internvid;runway-jupiter,ByteDance;Runway;Stability AI,USED_BY
Tractors Chemer,Tractors Chemer,,238,230,0,8,0,0,0,0,0,0,0,0,internvid;runway-jupiter,internvid;runway-jupiter,ByteDance;Runway;Stability AI,USED_BY
ENDEVR,ENDEVR,,284,279,0,5,0,0,0,0,0,0,0,0,internvid;runway-jupiter,internvid;runway-jupiter,ByteDance;Runway;Stability AI,USED_BY
Clean ASMR Try Better,Clean ASMR Try Better,,111,111,0,0,0,0,0,0,0,0,0,0,runway-jupiter,runway-jupiter,Runway,USED_BY
Daan Verhoeven,Daan Verhoeven,,193,168,4,7,2,2,2,0,1,0,0,7,hdvg130m;hdvila100m;internvid;koala36m;panda70m;runway-jupiter;youtube8m;yttemporal-180m,hdvg130m;hdvila100m;internvid;runway-jupiter;yttemporal-180m,Allen Institute for AI;ByteDance;Meta;Nvidia;Runway;Snap;Stability AI;Tencent;University of Washington,USED_BY
Dadacafe다다카페,Dadacafe다다카페,,127,124,0,3,0,0,0,0,0,0,0,0,internvid;runway-jupiter,internvid;runway-jupiter,ByteDance;Runway;Stability AI,USED_BY
Detroit Symphony Orchestra,Detroit Symphony Orchestra,,382,376,0,0,1,1,1,0,0,0,0,3,hdvila100m;koala36m;panda70m;runway-jupiter;youtube8m,hdvila100m;runway-jupiter,ByteDance;Meta;Runway;Snap;Tencent,USED_BY
Jesse Drent,Jesse Drent,,199,195,0,2,0,0,0,0,0,0,0,2,internvid;runway-jupiter;youtube8m,internvid;runway-jupiter,ByteDance;Runway;Stability AI,USED_BY
BAT | Hamptons Luxury Real Estate,BAT | Hamptons Luxury Real Estate,,142,142,0,0,0,0,0,0,0,0,0,0,runway-jupiter,runway-jupiter,Runway,USED_BY
LSD Tie Dye TV,LSD Tie Dye TV,,173,162,0,11,0,0,0,0,0,0,0,0,internvid;runway-jupiter,internvid;runway-jupiter,ByteDance;Runway;Stability AI,USED_BY
The Hobby Bird,The Hobby Bird,,129,129,0,0,0,0,0,0,0,0,0,0,runway-jupiter,runway-jupiter,Runway,USED_BY
Anna Hazelnutt,Anna Hazelnutt,,225,223,0,2,0,0,0,0,0,0,0,0,internvid;runway-jupiter,internvid;runway-jupiter,ByteDance;Runway;Stability AI,USED_BY
Rubbermaid Commercial Products,Rubbermaid Commercial Products,,170,166,0,3,0,0,0,0,0,0,0,1,internvid;runway-jupiter;youtube8m,internvid;runway-jupiter,ByteDance;Runway;Stability AI,USED_BY
Swim University,Swim University,,516,311,25,76,30,13,13,30,10,8,0,0,hdvg130m;hdvila100m;howto100m;internvid;koala36m;openvid1m;panda70m;runway-jupiter;yttemporal-180m,hdvg130m;hdvila100m;internvid;openvid1m;runway-jupiter;yttemporal-180m,Allen Institute for AI;Amazon;ByteDance;Kuaishou;Meta;Microsoft;Nvidia;Runway;Snap;Stability AI;Tencent;University of Washington,USED_BY
Printer Insider,Printer Insider,,230,230,0,0,0,0,0,0,0,0,0,0,runway-jupiter,runway-jupiter,Runway,USED_BY
Planetkind Rabbitat,Planetkind Rabbitat,,224,224,0,0,0,0,0,0,0,0,0,0,runway-jupiter,runway-jupiter,Runway,USED_BY
Benn TK,Benn TK,,195,112,33,4,12,12,10,0,9,2,1,0,hdvg130m;hdvila100m;internvid;koala36m;openvid1m;panda70m;runway-jupiter;vidgen1m;yttemporal-180m,hdvg130m;hdvila100m;internvid;openvid1m;runway-jupiter;vidgen1m;yttemporal-180m,Allen Institute for AI;Amazon;ByteDance;Kuaishou;Meta;Microsoft;Nvidia;Runway;Snap;Stability AI;Tencent;University of Washington,USED_BY
Mathias Hove Johansen,Mathias Hove Johansen,,181,180,0,1,0,0,0,0,0,0,0,0,internvid;runway-jupiter,internvid;runway-jupiter,ByteDance;Runway;Stability AI,USED_BY
Amazing Contruction News,Amazing Contruction News,,298,294,0,4,0,0,0,0,0,0,0,0,internvid;runway-jupiter,internvid;runway-jupiter,ByteDance;Runway;Stability AI,USED_BY
Simi and Chapchap,Simi and Chapchap,,116,116,0,0,0,0,0,0,0,0,0,0,runway-jupiter,runway-jupiter,Runway,USED_BY
George Cuevas,George Cuevas,,324,312,4,0,2,2,2,0,1,0,1,0,hdvg130m;hdvila100m;koala36m;panda70m;runway-jupiter;vidgen1m;yttemporal-180m,hdvg130m;hdvila100m;runway-jupiter;vidgen1m;yttemporal-180m,Allen Institute for AI;Amazon;ByteDance;Meta;Nvidia;Runway;Snap;Tencent;University of Washington,USED_BY
Sam and Victor,Sam and Victor,,129,128,0,1,0,0,0,0,0,0,0,0,internvid;runway-jupiter,internvid;runway-jupiter,ByteDance;Runway;Stability AI,USED_BY
Daniel Marsh,Daniel Marsh,,1007,280,159,0,135,135,130,0,98,28,42,0,hdvg130m;hdvila100m;koala36m;openvid1m;panda70m;runway-jupiter;vidgen1m;yttemporal-180m,hdvg130m;hdvila100m;openvid1m;runway-jupiter;vidgen1m;yttemporal-180m,Allen Institute for AI;Amazon;ByteDance;Kuaishou;Meta;Microsoft;Nvidia;Runway;Snap;Tencent;University of Washington,USED_BY
The Christian Hardscaper,The Christian Hardscaper,,245,237,0,8,0,0,0,0,0,0,0,0,internvid;runway-jupiter,internvid;runway-jupiter,ByteDance;Runway;Stability AI,USED_BY
Bebefinn - Nursery Rhymes & Kids Songs,Bebefinn - Nursery Rhymes & Kids Songs,,379,375,0,4,0,0,0,0,0,0,0,0,internvid;runway-jupiter,internvid;runway-jupiter,ByteDance;Runway;Stability AI,USED_BY
Jordan Yeoh Fitness,Jordan Yeoh Fitness,,266,252,2,3,3,1,1,2,0,0,0,2,hdvila100m;howto100m;internvid;koala36m;panda70m;runway-jupiter;youtube8m;yttemporal-180m,hdvila100m;internvid;runway-jupiter;yttemporal-180m,Allen Institute for AI;ByteDance;Meta;Runway;Snap;Stability AI;Tencent;University of Washington,USED_BY
BEEFS T.V.,BEEFS T.V.,,322,266,15,9,8,8,8,0,2,0,6,0,hdvg130m;hdvila100m;internvid;koala36m;panda70m;runway-jupiter;vidgen1m;yttemporal-180m,hdvg130m;hdvila100m;internvid;runway-jupiter;vidgen1m;yttemporal-180m,Allen Institute for AI;Amazon;ByteDance;Meta;Nvidia;Runway;Snap;Stability AI;Tencent;University of Washington,USED_BY
One Floor Up,One Floor Up,,145,145,0,0,0,0,0,0,0,0,0,0,runway-jupiter,runway-jupiter,Runway,USED_BY
TG Planet,TG Planet,,122,117,1,1,1,1,0,0,0,0,0,1,hdvila100m;internvid;panda70m;runway-jupiter;youtube8m;yttemporal-180m,hdvila100m;internvid;runway-jupiter;yttemporal-180m,Allen Institute for AI;ByteDance;Meta;Runway;Snap;Stability AI;Tencent;University of Washington,USED_BY
Through My Lens,Through My Lens,,197,143,13,4,7,7,6,0,3,12,2,0,hdvg130m;hdvila100m;internvid;koala36m;openvid1m;panda70m;runway-jupiter;vidgen1m;yttemporal-180m,hdvg130m;hdvila100m;internvid;openvid1m;runway-jupiter;vidgen1m;yttemporal-180m,Allen Institute for AI;Amazon;ByteDance;Kuaishou;Meta;Microsoft;Nvidia;Runway;Snap;Stability AI;Tencent;University of Washington,USED_BY
SZAVEVO,SZAVEVO,,90,81,0,9,0,0,0,0,0,0,0,0,internvid;runway-jupiter,internvid;runway-jupiter,ByteDance;Runway;Stability AI,USED_BY
IWWF,IWWF,,206,202,0,0,0,0,0,0,0,0,0,4,runway-jupiter;youtube8m,runway-jupiter,Runway,USED_BY
NEON,NEON,,231,217,1,9,1,0,0,1,0,0,0,2,howto100m;internvid;panda70m;runway-jupiter;youtube8m;yttemporal-180m,internvid;runway-jupiter;yttemporal-180m,Allen Institute for AI;ByteDance;Runway;Stability AI;University of Washington,USED_BY
Automate System Sales & Services,Automate System Sales & Services,,148,146,0,2,0,0,0,0,0,0,0,0,internvid;runway-jupiter,internvid;runway-jupiter,ByteDance;Runway;Stability AI,USED_BY
Cole Combat Science,Cole Combat Science,,118,118,0,0,0,0,0,0,0,0,0,0,runway-jupiter,runway-jupiter,Runway,USED_BY
Kung Fu Panda,Kung Fu Panda,,185,136,12,0,11,10,7,1,5,2,1,0,hdvg130m;hdvila100m;howto100m;koala36m;openvid1m;panda70m;runway-jupiter;vidgen1m;yttemporal-180m,hdvg130m;hdvila100m;openvid1m;runway-jupiter;vidgen1m;yttemporal-180m,Allen Institute for AI;Amazon;ByteDance;Kuaishou;Meta;Microsoft;Nvidia;Runway;Snap;Tencent;University of Washington,USED_BY
Black Flag Leather Goods,Black Flag Leather Goods,,89,87,0,2,0,0,0,0,0,0,0,0,internvid;runway-jupiter,internvid;runway-jupiter,ByteDance;Runway;Stability AI,USED_BY
CinemaSectors,CinemaSectors,,14,14,0,0,0,0,0,0,0,0,0,0,runway-jupiter,runway-jupiter,Runway,USED_BY
Carcode,Carcode,,70,70,0,0,0,0,0,0,0,0,0,0,runway-jupiter,runway-jupiter,Runway,USED_BY
Tom Fidgen,Tom Fidgen,,119,115,0,1,0,0,0,0,0,0,0,3,internvid;runway-jupiter;youtube8m,internvid;runway-jupiter,ByteDance;Runway;Stability AI,USED_BY
TheAMaazing,TheAMaazing,,142,45,20,2,18,18,18,0,13,2,6,0,hdvg130m;hdvila100m;internvid;koala36m;openvid1m;panda70m;runway-jupiter;vidgen1m;yttemporal-180m,hdvg130m;hdvila100m;internvid;openvid1m;runway-jupiter;vidgen1m;yttemporal-180m,Allen Institute for AI;Amazon;ByteDance;Kuaishou;Meta;Microsoft;Nvidia;Runway;Snap;Stability AI;Tencent;University of Washington,USED_BY
AKONIWORLD,AKONIWORLD,,8,8,0,0,0,0,0,0,0,0,0,0,runway-jupiter,runway-jupiter,Runway,USED_BY
Stef Hoffer,Stef Hoffer,,156,98,13,1,10,10,9,0,7,6,1,1,hdvg130m;hdvila100m;internvid;koala36m;openvid1m;panda70m;runway-jupiter;vidgen1m;youtube8m;yttemporal-180m,hdvg130m;hdvila100m;internvid;openvid1m;runway-jupiter;vidgen1m;yttemporal-180m,Allen Institute for AI;Amazon;ByteDance;Kuaishou;Meta;Microsoft;Nvidia;Runway;Snap;Stability AI;Tencent;University of Washington,USED_BY
Life in Yakutia,Life in Yakutia,,44,42,0,2,0,0,0,0,0,0,0,0,internvid;runway-jupiter,internvid;runway-jupiter,ByteDance;Runway;Stability AI,USED_BY
HertzbergerTV,HertzbergerTV,,138,127,0,11,0,0,0,0,0,0,0,0,internvid;runway-jupiter,internvid;runway-jupiter,ByteDance;Runway;Stability AI,USED_BY
Greg McCahon,Greg McCahon,,14,14,0,0,0,0,0,0,0,0,0,0,runway-jupiter,runway-jupiter,Runway,USED_BY
OMG Weddings,OMG Weddings,,208,204,0,4,0,0,0,0,0,0,0,0,internvid;runway-jupiter,internvid;runway-jupiter,ByteDance;Runway;Stability AI,USED_BY
Voice Body Connection with Elissa Weinzimmer,Voice Body Connection with Elissa Weinzimmer,,95,86,1,3,1,1,1,1,1,0,0,0,hdvg130m;hdvila100m;howto100m;internvid;koala36m;panda70m;runway-jupiter;yttemporal-180m,hdvg130m;hdvila100m;internvid;runway-jupiter;yttemporal-180m,Allen Institute for AI;ByteDance;Meta;Nvidia;Runway;Snap;Stability AI;Tencent;University of Washington,USED_BY
Norrøna,Norrøna,,114,104,0,4,0,0,0,0,0,0,0,6,internvid;runway-jupiter;youtube8m,internvid;runway-jupiter,ByteDance;Runway;Stability AI,USED_BY
Tim Dessaint,Tim Dessaint,,272,145,40,16,17,16,16,1,14,6,1,0,hdvg130m;hdvila100m;howto100m;internvid;koala36m;openvid1m;panda70m;runway-jupiter;vidgen1m;yttemporal-180m,hdvg130m;hdvila100m;internvid;openvid1m;runway-jupiter;vidgen1m;yttemporal-180m,Allen Institute for AI;Amazon;ByteDance;Kuaishou;Meta;Microsoft;Nvidia;Runway;Snap;Stability AI;Tencent;University of Washington,USED_BY
The Loam Ranger,The Loam Ranger,,737,254,127,8,78,76,73,2,43,34,42,0,hdvg130m;hdvila100m;howto100m;internvid;koala36m;openvid1m;panda70m;runway-jupiter;vidgen1m;yttemporal-180m,hdvg130m;hdvila100m;internvid;openvid1m;runway-jupiter;vidgen1m;yttemporal-180m,Allen Institute for AI;Amazon;ByteDance;Kuaishou;Meta;Microsoft;Nvidia;Runway;Snap;Stability AI;Tencent;University of Washington,USED_BY
Sally McRae,Sally McRae,,34,34,0,0,0,0,0,0,0,0,0,0,runway-jupiter,runway-jupiter,Runway,USED_BY
MAFFiO GLOBAL,MAFFiO GLOBAL,,45,43,0,0,0,0,0,0,0,0,0,2,runway-jupiter;youtube8m,runway-jupiter,Runway,USED_BY
Avi Creates,Avi Creates,,61,61,0,0,0,0,0,0,0,0,0,0,runway-jupiter,runway-jupiter,Runway,USED_BY
Pride Bodyboards TV,Pride Bodyboards TV,,102,101,0,1,0,0,0,0,0,0,0,0,internvid;runway-jupiter,internvid;runway-jupiter,ByteDance;Runway;Stability AI,USED_BY
Oscar Owen Magic,Oscar Owen Magic,,212,192,0,16,2,0,0,2,0,0,0,0,howto100m;internvid;panda70m;runway-jupiter,internvid;runway-jupiter,ByteDance;Runway;Stability AI,USED_BY
Practically Home,Practically Home,,108,107,0,1,0,0,0,0,0,0,0,0,internvid;runway-jupiter,internvid;runway-jupiter,ByteDance;Runway;Stability AI,USED_BY
NBedits,NBedits,,221,220,0,1,0,0,0,0,0,0,0,0,internvid;runway-jupiter,internvid;runway-jupiter,ByteDance;Runway;Stability AI,USED_BY
周杰倫 Jay Chou,周杰倫 Jay Chou,,411,291,0,102,0,0,0,0,0,0,0,18,internvid;runway-jupiter;youtube8m,internvid;runway-jupiter,ByteDance;Runway;Stability AI,USED_BY
8K Xplore,8K Xplore,,183,183,0,0,0,0,0,0,0,0,0,0,runway-jupiter,runway-jupiter,Runway,USED_BY
Rainy Bedroom,Rainy Bedroom,,130,130,0,0,0,0,0,0,0,0,0,0,runway-jupiter,runway-jupiter,Runway,USED_BY
Little ELF Products,Little ELF Products,,274,273,0,1,0,0,0,0,0,0,0,0,internvid;runway-jupiter,internvid;runway-jupiter,ByteDance;Runway;Stability AI,USED_BY
Inc.,Inc.,,11864,273,2681,1099,2027,1340,1225,1042,898,306,142,831,hdvg130m;hdvila100m;howto100m;internvid;koala36m;openvid1m;panda70m;runway-jupiter;vidgen1m;youtube8m;yttemporal-180m,hdvg130m;hdvila100m;internvid;openvid1m;runway-jupiter;vidgen1m;yttemporal-180m,Allen Institute for AI;Amazon;ByteDance;Kuaishou;Meta;Microsoft;Nvidia;Runway;Snap;Stability AI;Tencent;University of Washington,USED_BY
The Dog Transformation,The Dog Transformation,,237,234,0,3,0,0,0,0,0,0,0,0,internvid;runway-jupiter,internvid;runway-jupiter,ByteDance;Runway;Stability AI,USED_BY
The Boat Race,The Boat Race,,174,170,0,0,0,0,0,0,0,0,0,4,runway-jupiter;youtube8m,runway-jupiter,Runway,USED_BY
Blu-Ray Maniacs Info,Blu-Ray Maniacs Info,,193,193,0,0,0,0,0,0,0,0,0,0,runway-jupiter,runway-jupiter,Runway,USED_BY
kickingmustang,kickingmustang,,257,237,2,9,3,1,1,3,0,0,1,0,hdvila100m;howto100m;internvid;koala36m;panda70m;runway-jupiter;vidgen1m;yttemporal-180m,hdvila100m;internvid;runway-jupiter;vidgen1m;yttemporal-180m,Allen Institute for AI;Amazon;ByteDance;Meta;Nvidia;Runway;Snap;Stability AI;Tencent;University of Washington,USED_BY
Gamebred Bareknuckle MMA,Gamebred Bareknuckle MMA,,189,189,0,0,0,0,0,0,0,0,0,0,runway-jupiter,runway-jupiter,Runway,USED_BY
Nicole Eddy,Nicole Eddy,,394,164,83,2,33,32,31,1,22,10,16,0,hdvg130m;hdvila100m;howto100m;internvid;koala36m;openvid1m;panda70m;runway-jupiter;vidgen1m;yttemporal-180m,hdvg130m;hdvila100m;internvid;openvid1m;runway-jupiter;vidgen1m;yttemporal-180m,Allen Institute for AI;Amazon;ByteDance;Kuaishou;Meta;Microsoft;Nvidia;Runway;Snap;Stability AI;Tencent;University of Washington,USED_BY
Świat Futbolu,Świat Futbolu,,144,144,0,0,0,0,0,0,0,0,0,0,runway-jupiter,runway-jupiter,Runway,USED_BY
Yuni Marimba 유니 마림바,Yuni Marimba 유니 마림바,,134,130,0,4,0,0,0,0,0,0,0,0,internvid;runway-jupiter,internvid;runway-jupiter,ByteDance;Runway;Stability AI,USED_BY
Amy Turk,Amy Turk,,120,116,0,2,0,0,0,0,0,0,0,2,internvid;runway-jupiter;youtube8m,internvid;runway-jupiter,ByteDance;Runway;Stability AI,USED_BY
Koji Kobura,Koji Kobura,,286,286,0,0,0,0,0,0,0,0,0,0,runway-jupiter,runway-jupiter,Runway,USED_BY
Mr. DeMaio,Mr. DeMaio,,98,96,0,0,1,0,0,1,0,0,0,0,howto100m;panda70m;runway-jupiter,runway-jupiter,Runway,USED_BY
Relaxing Ambience ASMR,Relaxing Ambience ASMR,,132,132,0,0,0,0,0,0,0,0,0,0,runway-jupiter,runway-jupiter,Runway,USED_BY
Art by Louris,Art by Louris,,149,149,0,0,0,0,0,0,0,0,0,0,runway-jupiter,runway-jupiter,Runway,USED_BY
Scenic Relaxation,Scenic Relaxation,,161,161,0,0,0,0,0,0,0,0,0,0,runway-jupiter,runway-jupiter,Runway,USED_BY
rdilley USCA Croquet,rdilley USCA Croquet,,225,225,0,0,0,0,0,0,0,0,0,0,runway-jupiter,runway-jupiter,Runway,USED_BY
KYLE HANAGAMI,KYLE HANAGAMI,,181,173,0,5,0,0,0,0,0,0,0,3,internvid;runway-jupiter;youtube8m,internvid;runway-jupiter,ByteDance;Runway;Stability AI,USED_BY
Free Footage,Free Footage,,142,142,0,0,0,0,0,0,0,0,0,0,runway-jupiter,runway-jupiter,Runway,USED_BY
小高姐的 Magic Ingredients,小高姐的 Magic Ingredients,,449,280,4,153,5,0,0,5,0,2,0,0,howto100m;internvid;openvid1m;panda70m;runway-jupiter;yttemporal-180m,internvid;openvid1m;runway-jupiter;yttemporal-180m,Allen Institute for AI;Amazon;ByteDance;Kuaishou;Microsoft;Nvidia;Runway;Stability AI;University of Washington,USED_BY
BSD BMX,BSD BMX,,212,208,0,0,0,0,0,0,0,0,0,4,runway-jupiter;youtube8m,runway-jupiter,Runway,USED_BY
스쿠버 아저씨,스쿠버 아저씨,,156,156,0,0,0,0,0,0,0,0,0,0,runway-jupiter,runway-jupiter,Runway,USED_BY
The Flying Dutchman,The Flying Dutchman,,171,168,0,0,1,0,0,1,0,0,0,1,howto100m;panda70m;runway-jupiter;youtube8m,runway-jupiter,Runway,USED_BY
AMF_AMAZING_D1,AMF_AMAZING_D1,,128,123,0,5,0,0,0,0,0,0,0,0,internvid;runway-jupiter,internvid;runway-jupiter,ByteDance;Runway;Stability AI,USED_BY
Phương - Free Bushcraft,Phương - Free Bushcraft,,237,237,0,0,0,0,0,0,0,0,0,0,runway-jupiter,runway-jupiter,Runway,USED_BY
Ron's Trains N Things,Ron's Trains N Things,,231,209,4,4,4,3,3,4,0,0,0,0,hdvila100m;howto100m;internvid;koala36m;panda70m;runway-jupiter;yttemporal-180m,hdvila100m;internvid;runway-jupiter;yttemporal-180m,Allen Institute for AI;ByteDance;Meta;Runway;Snap;Stability AI;Tencent;University of Washington,USED_BY
Everglades Holiday Park Airboat Tours and Rides,Everglades Holiday Park Airboat Tours and Rides,,80,80,0,0,0,0,0,0,0,0,0,0,runway-jupiter,runway-jupiter,Runway,USED_BY
XS Progression,XS Progression,,216,216,0,0,0,0,0,0,0,0,0,0,runway-jupiter,runway-jupiter,Runway,USED_BY
CHRIS HERIA,CHRIS HERIA,,279,237,1,39,1,0,0,1,0,0,0,0,howto100m;internvid;panda70m;runway-jupiter;yttemporal-180m,internvid;runway-jupiter;yttemporal-180m,Allen Institute for AI;ByteDance;Runway;Stability AI;University of Washington,USED_BY
Wingsuit,Wingsuit,,98,97,0,1,0,0,0,0,0,0,0,0,internvid;runway-jupiter,internvid;runway-jupiter,ByteDance;Runway;Stability AI,USED_BY
Noah Kane,Noah Kane,,203,182,0,21,0,0,0,0,0,0,0,0,internvid;runway-jupiter,internvid;runway-jupiter,ByteDance;Runway;Stability AI,USED_BY
flutesiva,flutesiva,,160,158,0,0,0,0,0,0,0,0,0,2,runway-jupiter;youtube8m,runway-jupiter,Runway,USED_BY
Michael Outside,Michael Outside,,193,193,0,0,0,0,0,0,0,0,0,0,runway-jupiter,runway-jupiter,Runway,USED_BY
clips no copyright,clips no copyright,,156,156,0,0,0,0,0,0,0,0,0,0,runway-jupiter,runway-jupiter,Runway,USED_BY
Peso Pluma,Peso Pluma,,112,112,0,0,0,0,0,0,0,0,0,0,runway-jupiter,runway-jupiter,Runway,USED_BY
viele Rezepte,viele Rezepte,,214,207,0,7,0,0,0,0,0,0,0,0,internvid;runway-jupiter,internvid;runway-jupiter,ByteDance;Runway;Stability AI,USED_BY
DudeLuck23,DudeLuck23,,253,252,0,1,0,0,0,0,0,0,0,0,internvid;runway-jupiter,internvid;runway-jupiter,ByteDance;Runway;Stability AI,USED_BY
No Rolls Barred,No Rolls Barred,,294,286,0,8,0,0,0,0,0,0,0,0,internvid;runway-jupiter,internvid;runway-jupiter,ByteDance;Runway;Stability AI,USED_BY
식탁일기 table diary,식탁일기 table diary,,293,267,0,26,0,0,0,0,0,0,0,0,internvid;runway-jupiter,internvid;runway-jupiter,ByteDance;Runway;Stability AI,USED_BY
ONDO STUDIO,ONDO STUDIO,,265,219,0,46,0,0,0,0,0,0,0,0,internvid;runway-jupiter,internvid;runway-jupiter,ByteDance;Runway;Stability AI,USED_BY
Surf Kawela Hawaii,Surf Kawela Hawaii,,211,211,0,0,0,0,0,0,0,0,0,0,runway-jupiter,runway-jupiter,Runway,USED_BY
Cambridge Tigers Korfball Club,Cambridge Tigers Korfball Club,,63,63,0,0,0,0,0,0,0,0,0,0,runway-jupiter,runway-jupiter,Runway,USED_BY
Bulldozer Channel,Bulldozer Channel,,167,167,0,0,0,0,0,0,0,0,0,0,runway-jupiter,runway-jupiter,Runway,USED_BY
International Footbag Players' Association,International Footbag Players' Association,,193,192,0,1,0,0,0,0,0,0,0,0,internvid;runway-jupiter,internvid;runway-jupiter,ByteDance;Runway;Stability AI,USED_BY
Timothy Hines,Timothy Hines,,110,110,0,0,0,0,0,0,0,0,0,0,runway-jupiter,runway-jupiter,Runway,USED_BY
Pure Music,Pure Music,,70,66,0,4,0,0,0,0,0,0,0,0,internvid;runway-jupiter,internvid;runway-jupiter,ByteDance;Runway;Stability AI,USED_BY
Trippy Everything,Trippy Everything,,165,165,0,0,0,0,0,0,0,0,0,0,runway-jupiter,runway-jupiter,Runway,USED_BY
Piesologia,Piesologia,,199,197,0,0,0,0,0,0,0,0,0,2,runway-jupiter;youtube8m,runway-jupiter,Runway,USED_BY
RAMUNI - Viking Crafts and Reenactment,RAMUNI - Viking Crafts and Reenactment,,58,58,0,0,0,0,0,0,0,0,0,0,runway-jupiter,runway-jupiter,Runway,USED_BY
Prada,Prada,,319,314,0,2,1,1,0,0,0,0,0,1,hdvila100m;internvid;panda70m;runway-jupiter;youtube8m,hdvila100m;internvid;runway-jupiter,ByteDance;Meta;Runway;Snap;Stability AI;Tencent,USED_BY
Superbon - ซุปเปอร์บอน,Superbon - ซุปเปอร์บอน,,194,191,0,3,0,0,0,0,0,0,0,0,internvid;runway-jupiter,internvid;runway-jupiter,ByteDance;Runway;Stability AI,USED_BY
Lewis Potts,Lewis Potts,,25,23,0,2,0,0,0,0,0,0,0,0,internvid;runway-jupiter,internvid;runway-jupiter,ByteDance;Runway;Stability AI,USED_BY
Khalid Al Ameri,Khalid Al Ameri,,107,107,0,0,0,0,0,0,0,0,0,0,runway-jupiter,runway-jupiter,Runway,USED_BY
Farm World,Farm World,,7,7,0,0,0,0,0,0,0,0,0,0,runway-jupiter,runway-jupiter,Runway,USED_BY
Andrew Millison,Andrew Millison,,137,132,1,2,1,0,0,1,0,0,0,0,howto100m;internvid;panda70m;runway-jupiter;yttemporal-180m,internvid;runway-jupiter;yttemporal-180m,Allen Institute for AI;ByteDance;Runway;Stability AI;University of Washington,USED_BY
Michael Shainblum,Michael Shainblum,,279,182,26,1,18,18,12,0,10,6,5,1,hdvg130m;hdvila100m;internvid;koala36m;openvid1m;panda70m;runway-jupiter;vidgen1m;youtube8m;yttemporal-180m,hdvg130m;hdvila100m;internvid;openvid1m;runway-jupiter;vidgen1m;yttemporal-180m,Allen Institute for AI;Amazon;ByteDance;Kuaishou;Meta;Microsoft;Nvidia;Runway;Snap;Stability AI;Tencent;University of Washington,USED_BY
So Chateaux (in English),So Chateaux (in English),,31,31,0,0,0,0,0,0,0,0,0,0,runway-jupiter,runway-jupiter,Runway,USED_BY
Interesting & Creative Designs,Interesting & Creative Designs,,92,83,0,9,0,0,0,0,0,0,0,0,internvid;runway-jupiter,internvid;runway-jupiter,ByteDance;Runway;Stability AI,USED_BY
vfx asto,vfx asto,,126,126,0,0,0,0,0,0,0,0,0,0,runway-jupiter,runway-jupiter,Runway,USED_BY
Andrea Ghidini,Andrea Ghidini,,141,138,0,3,0,0,0,0,0,0,0,0,internvid;runway-jupiter,internvid;runway-jupiter,ByteDance;Runway;Stability AI,USED_BY
Crafty Art,Crafty Art,,13,12,0,1,0,0,0,0,0,0,0,0,internvid;runway-jupiter,internvid;runway-jupiter,ByteDance;Runway;Stability AI,USED_BY
Pamela Reif,Pamela Reif,,304,217,0,87,0,0,0,0,0,0,0,0,internvid;runway-jupiter,internvid;runway-jupiter,ByteDance;Runway;Stability AI,USED_BY
Anime Recap Time,Anime Recap Time,,49,49,0,0,0,0,0,0,0,0,0,0,runway-jupiter,runway-jupiter,Runway,USED_BY
Bernardo Bacalhau,Bernardo Bacalhau,,65,65,0,0,0,0,0,0,0,0,0,0,runway-jupiter,runway-jupiter,Runway,USED_BY
WRAPSIR,WRAPSIR,,158,134,0,24,0,0,0,0,0,0,0,0,internvid;runway-jupiter,internvid;runway-jupiter,ByteDance;Runway;Stability AI,USED_BY
Chef Tyler,Chef Tyler,,208,208,0,0,0,0,0,0,0,0,0,0,runway-jupiter,runway-jupiter,Runway,USED_BY
Gulfstream Aerospace Corporation,Gulfstream Aerospace Corporation,,156,154,0,1,0,0,0,0,0,0,0,1,internvid;runway-jupiter;youtube8m,internvid;runway-jupiter,ByteDance;Runway;Stability AI,USED_BY
140journos,140journos,,173,173,0,0,0,0,0,0,0,0,0,0,runway-jupiter,runway-jupiter,Runway,USED_BY
David Zhang,David Zhang,,233,120,16,21,20,11,11,20,6,4,0,4,hdvg130m;hdvila100m;howto100m;internvid;koala36m;openvid1m;panda70m;runway-jupiter;youtube8m;yttemporal-180m,hdvg130m;hdvila100m;internvid;openvid1m;runway-jupiter;yttemporal-180m,Allen Institute for AI;Amazon;ByteDance;Kuaishou;Meta;Microsoft;Nvidia;Runway;Snap;Stability AI;Tencent;University of Washington,USED_BY
Clarke Boys Hunting,Clarke Boys Hunting,,118,117,0,1,0,0,0,0,0,0,0,0,internvid;runway-jupiter,internvid;runway-jupiter,ByteDance;Runway;Stability AI,USED_BY
Larry Warden,Larry Warden,,202,201,0,1,0,0,0,0,0,0,0,0,internvid;runway-jupiter,internvid;runway-jupiter,ByteDance;Runway;Stability AI,USED_BY
COMET RESTORATION,COMET RESTORATION,,94,86,0,8,0,0,0,0,0,0,0,0,internvid;runway-jupiter,internvid;runway-jupiter,ByteDance;Runway;Stability AI,USED_BY
Diana Vingert,Diana Vingert,,155,152,0,3,0,0,0,0,0,0,0,0,internvid;runway-jupiter,internvid;runway-jupiter,ByteDance;Runway;Stability AI,USED_BY
Exploropia,Exploropia,,216,214,0,2,0,0,0,0,0,0,0,0,internvid;runway-jupiter,internvid;runway-jupiter,ByteDance;Runway;Stability AI,USED_BY
est living,est living,,45,45,0,0,0,0,0,0,0,0,0,0,runway-jupiter,runway-jupiter,Runway,USED_BY
Food Impromptu,Food Impromptu,,130,96,8,2,8,3,3,8,2,0,0,0,hdvg130m;hdvila100m;howto100m;internvid;koala36m;panda70m;runway-jupiter;yttemporal-180m,hdvg130m;hdvila100m;internvid;runway-jupiter;yttemporal-180m,Allen Institute for AI;ByteDance;Meta;Nvidia;Runway;Snap;Stability AI;Tencent;University of Washington,USED_BY
Fog City ASMR,Fog City ASMR,,121,121,0,0,0,0,0,0,0,0,0,0,runway-jupiter,runway-jupiter,Runway,USED_BY
Megan Tan,Megan Tan,,152,152,0,0,0,0,0,0,0,0,0,0,runway-jupiter,runway-jupiter,Runway,USED_BY
Stanny,Stanny,,79,78,0,1,0,0,0,0,0,0,0,0,internvid;runway-jupiter,internvid;runway-jupiter,ByteDance;Runway;Stability AI,USED_BY
Rodian Builds,Rodian Builds,,213,202,1,6,1,1,0,1,0,0,1,0,hdvila100m;howto100m;internvid;panda70m;runway-jupiter;vidgen1m;yttemporal-180m,hdvila100m;internvid;runway-jupiter;vidgen1m;yttemporal-180m,Allen Institute for AI;Amazon;ByteDance;Meta;Nvidia;Runway;Snap;Stability AI;Tencent;University of Washington,USED_BY
Saluki_Race,Saluki_Race,,190,187,0,1,0,0,0,0,0,0,0,2,internvid;runway-jupiter;youtube8m,internvid;runway-jupiter,ByteDance;Runway;Stability AI,USED_BY
Dr Debox,Dr Debox,,173,172,0,1,0,0,0,0,0,0,0,0,internvid;runway-jupiter,internvid;runway-jupiter,ByteDance;Runway;Stability AI,USED_BY
Othervrbarry,Othervrbarry,,116,116,0,0,0,0,0,0,0,0,0,0,runway-jupiter,runway-jupiter,Runway,USED_BY
Svensk Golf,Svensk Golf,,193,193,0,0,0,0,0,0,0,0,0,0,runway-jupiter,runway-jupiter,Runway,USED_BY
Felts by Philippa,Felts by Philippa,,193,191,0,2,0,0,0,0,0,0,0,0,internvid;runway-jupiter,internvid;runway-jupiter,ByteDance;Runway;Stability AI,USED_BY
Spoiler Lab,Spoiler Lab,,248,242,0,6,0,0,0,0,0,0,0,0,internvid;runway-jupiter,internvid;runway-jupiter,ByteDance;Runway;Stability AI,USED_BY
Legendy Polskiej Muzyki,Legendy Polskiej Muzyki,,236,236,0,0,0,0,0,0,0,0,0,0,runway-jupiter,runway-jupiter,Runway,USED_BY
Sky Zone Ultimate Dodgeball,Sky Zone Ultimate Dodgeball,,188,116,21,3,12,12,11,0,9,2,1,1,hdvg130m;hdvila100m;internvid;koala36m;openvid1m;panda70m;runway-jupiter;vidgen1m;youtube8m;yttemporal-180m,hdvg130m;hdvila100m;internvid;openvid1m;runway-jupiter;vidgen1m;yttemporal-180m,Allen Institute for AI;Amazon;ByteDance;Kuaishou;Meta;Microsoft;Nvidia;Runway;Snap;Stability AI;Tencent;University of Washington,USED_BY
Egypturk,Egypturk,,200,200,0,0,0,0,0,0,0,0,0,0,runway-jupiter,runway-jupiter,Runway,USED_BY
SugarStar,SugarStar,,129,129,0,0,0,0,0,0,0,0,0,0,runway-jupiter,runway-jupiter,Runway,USED_BY
House & Garden,House & Garden,,217,210,0,7,0,0,0,0,0,0,0,0,internvid;runway-jupiter,internvid;runway-jupiter,ByteDance;Runway;Stability AI,USED_BY
Mr. Video,Mr. Video,,97,96,0,1,0,0,0,0,0,0,0,0,internvid;runway-jupiter,internvid;runway-jupiter,ByteDance;Runway;Stability AI,USED_BY
Rainy Day,Rainy Day,,138,136,0,2,0,0,0,0,0,0,0,0,internvid;runway-jupiter,internvid;runway-jupiter,ByteDance;Runway;Stability AI,USED_BY
Billy Yang,Billy Yang,,125,122,0,2,0,0,0,0,0,0,0,1,internvid;runway-jupiter;youtube8m,internvid;runway-jupiter,ByteDance;Runway;Stability AI,USED_BY
Spotty Dotty Show,Spotty Dotty Show,,115,112,0,3,0,0,0,0,0,0,0,0,internvid;runway-jupiter,internvid;runway-jupiter,ByteDance;Runway;Stability AI,USED_BY
Steven Richter,Steven Richter,,167,151,0,16,0,0,0,0,0,0,0,0,internvid;runway-jupiter,internvid;runway-jupiter,ByteDance;Runway;Stability AI,USED_BY
mgk,mgk,,270,239,1,10,5,4,1,1,3,0,0,6,hdvg130m;hdvila100m;howto100m;internvid;koala36m;panda70m;runway-jupiter;youtube8m;yttemporal-180m,hdvg130m;hdvila100m;internvid;runway-jupiter;yttemporal-180m,Allen Institute for AI;ByteDance;Meta;Nvidia;Runway;Snap;Stability AI;Tencent;University of Washington,USED_BY
HG Virtual Tour,HG Virtual Tour,,152,152,0,0,0,0,0,0,0,0,0,0,runway-jupiter,runway-jupiter,Runway,USED_BY
PFC Pillow Fight Championship,PFC Pillow Fight Championship,,145,121,0,24,0,0,0,0,0,0,0,0,internvid;runway-jupiter,internvid;runway-jupiter,ByteDance;Runway;Stability AI,USED_BY
Airplane Academy,Airplane Academy,,130,124,0,6,0,0,0,0,0,0,0,0,internvid;runway-jupiter,internvid;runway-jupiter,ByteDance;Runway;Stability AI,USED_BY
Szkoła Tańca Wedding Dance Agnieszka Bodziony,Szkoła Tańca Wedding Dance Agnieszka Bodziony,,152,152,0,0,0,0,0,0,0,0,0,0,runway-jupiter,runway-jupiter,Runway,USED_BY
Sago Mini,Sago Mini,,195,195,0,0,0,0,0,0,0,0,0,0,runway-jupiter,runway-jupiter,Runway,USED_BY
Woodturning Crazy,Woodturning Crazy,,160,160,0,0,0,0,0,0,0,0,0,0,runway-jupiter,runway-jupiter,Runway,USED_BY
Daryl Gilbert Outdoors,Daryl Gilbert Outdoors,,99,99,0,0,0,0,0,0,0,0,0,0,runway-jupiter,runway-jupiter,Runway,USED_BY
Яна Осадчая,Яна Осадчая,,124,119,0,5,0,0,0,0,0,0,0,0,internvid;runway-jupiter,internvid;runway-jupiter,ByteDance;Runway;Stability AI,USED_BY
DUBAI WALKERS,DUBAI WALKERS,,85,85,0,0,0,0,0,0,0,0,0,0,runway-jupiter,runway-jupiter,Runway,USED_BY
NJ Paper Crafts,NJ Paper Crafts,,109,106,0,3,0,0,0,0,0,0,0,0,internvid;runway-jupiter,internvid;runway-jupiter,ByteDance;Runway;Stability AI,USED_BY
Flag Nation,Flag Nation,,163,163,0,0,0,0,0,0,0,0,0,0,runway-jupiter,runway-jupiter,Runway,USED_BY
Poisabloom ASMR,Poisabloom ASMR,,272,272,0,0,0,0,0,0,0,0,0,0,runway-jupiter,runway-jupiter,Runway,USED_BY
Copa Truck,Copa Truck,,187,187,0,0,0,0,0,0,0,0,0,0,runway-jupiter,runway-jupiter,Runway,USED_BY
꿀주부 Honeyjubu,꿀주부 Honeyjubu,,205,165,0,40,0,0,0,0,0,0,0,0,internvid;runway-jupiter,internvid;runway-jupiter,ByteDance;Runway;Stability AI,USED_BY
2DAY DANCE,2DAY DANCE,,150,150,0,0,0,0,0,0,0,0,0,0,runway-jupiter,runway-jupiter,Runway,USED_BY
Emmy Kalia,Emmy Kalia,,158,148,1,3,3,0,0,3,0,0,0,0,howto100m;internvid;panda70m;runway-jupiter;yttemporal-180m,internvid;runway-jupiter;yttemporal-180m,Allen Institute for AI;ByteDance;Runway;Stability AI;University of Washington,USED_BY
Kratts Series,Kratts Series,,142,142,0,0,0,0,0,0,0,0,0,0,runway-jupiter,runway-jupiter,Runway,USED_BY
Vizoli Art,Vizoli Art,,54,53,0,1,0,0,0,0,0,0,0,0,internvid;runway-jupiter,internvid;runway-jupiter,ByteDance;Runway;Stability AI,USED_BY
Metro Transit Sandblasting (MTS),Metro Transit Sandblasting (MTS),,140,140,0,0,0,0,0,0,0,0,0,0,runway-jupiter,runway-jupiter,Runway,USED_BY
Tina Mini Cooking,Tina Mini Cooking,,65,65,0,0,0,0,0,0,0,0,0,0,runway-jupiter,runway-jupiter,Runway,USED_BY
Names Nicco,Names Nicco,,197,189,0,8,0,0,0,0,0,0,0,0,internvid;runway-jupiter,internvid;runway-jupiter,ByteDance;Runway;Stability AI,USED_BY
Serious Runner,Serious Runner,,135,133,0,2,0,0,0,0,0,0,0,0,internvid;runway-jupiter,internvid;runway-jupiter,ByteDance;Runway;Stability AI,USED_BY
Croquet Victoria,Croquet Victoria,,107,106,0,1,0,0,0,0,0,0,0,0,internvid;runway-jupiter,internvid;runway-jupiter,ByteDance;Runway;Stability AI,USED_BY
Hideki Shiota / FILM EI,Hideki Shiota / FILM EI,,128,128,0,0,0,0,0,0,0,0,0,0,runway-jupiter,runway-jupiter,Runway,USED_BY
AHW LLC,AHW LLC,,203,197,1,0,2,1,1,1,0,0,0,0,hdvila100m;howto100m;koala36m;panda70m;runway-jupiter;yttemporal-180m,hdvila100m;runway-jupiter;yttemporal-180m,Allen Institute for AI;ByteDance;Meta;Runway;Snap;Tencent;University of Washington,USED_BY
Lotus Lens Asmr,Lotus Lens Asmr,,226,225,0,1,0,0,0,0,0,0,0,0,internvid;runway-jupiter,internvid;runway-jupiter,ByteDance;Runway;Stability AI,USED_BY
Guldies,Guldies,,107,102,0,2,0,0,0,0,0,0,0,3,internvid;runway-jupiter;youtube8m,internvid;runway-jupiter,ByteDance;Runway;Stability AI,USED_BY
TheCottageFairy,TheCottageFairy,,157,148,0,9,0,0,0,0,0,0,0,0,internvid;runway-jupiter,internvid;runway-jupiter,ByteDance;Runway;Stability AI,USED_BY
DAR Animal Rescue,DAR Animal Rescue,,156,155,0,1,0,0,0,0,0,0,0,0,internvid;runway-jupiter,internvid;runway-jupiter,ByteDance;Runway;Stability AI,USED_BY
Ghost Theory,Ghost Theory,,95,95,0,0,0,0,0,0,0,0,0,0,runway-jupiter,runway-jupiter,Runway,USED_BY
TheWeekndVEVO,TheWeekndVEVO,,215,157,3,40,6,1,1,5,1,0,1,0,hdvg130m;hdvila100m;howto100m;internvid;koala36m;panda70m;runway-jupiter;vidgen1m;yttemporal-180m,hdvg130m;hdvila100m;internvid;runway-jupiter;vidgen1m;yttemporal-180m,Allen Institute for AI;Amazon;ByteDance;Meta;Nvidia;Runway;Snap;Stability AI;Tencent;University of Washington,USED_BY
李子柒 Liziqi,李子柒 Liziqi,,180,112,0,62,2,0,0,2,0,2,0,0,howto100m;internvid;openvid1m;panda70m;runway-jupiter,internvid;openvid1m;runway-jupiter,Amazon;ByteDance;Kuaishou;Microsoft;Nvidia;Runway;Stability AI,USED_BY
Donavan Barrett,Donavan Barrett,,133,129,1,2,0,0,0,1,0,0,0,0,howto100m;internvid;runway-jupiter;yttemporal-180m,internvid;runway-jupiter;yttemporal-180m,Allen Institute for AI;ByteDance;Runway;Stability AI;University of Washington,USED_BY
HarmonyMartialArts,HarmonyMartialArts,,214,214,0,0,0,0,0,0,0,0,0,0,runway-jupiter,runway-jupiter,Runway,USED_BY
Gymnastics Tips,Gymnastics Tips,,123,116,0,7,0,0,0,0,0,0,0,0,internvid;runway-jupiter,internvid;runway-jupiter,ByteDance;Runway;Stability AI,USED_BY
Dimes,Dimes,,115,113,0,2,0,0,0,0,0,0,0,0,internvid;runway-jupiter,internvid;runway-jupiter,ByteDance;Runway;Stability AI,USED_BY
Miley Cyrus,Miley Cyrus,,136,124,6,3,0,0,0,0,0,0,0,3,internvid;runway-jupiter;youtube8m;yttemporal-180m,internvid;runway-jupiter;yttemporal-180m,Allen Institute for AI;ByteDance;Runway;Stability AI;University of Washington,USED_BY
Deus Ex Machina - Temple of Enthusiasm,Deus Ex Machina - Temple of Enthusiasm,,61,61,0,0,0,0,0,0,0,0,0,0,runway-jupiter,runway-jupiter,Runway,USED_BY
Of Two Lands,Of Two Lands,,191,191,0,0,0,0,0,0,0,0,0,0,runway-jupiter,runway-jupiter,Runway,USED_BY
The Traveler,The Traveler,,147,145,0,0,1,0,0,1,0,0,0,0,howto100m;panda70m;runway-jupiter,runway-jupiter,Runway,USED_BY
Minsk Cycling Club,Minsk Cycling Club,,313,276,12,15,2,2,2,0,3,0,1,0,hdvg130m;hdvila100m;internvid;koala36m;panda70m;runway-jupiter;vidgen1m;yttemporal-180m,hdvg130m;hdvila100m;internvid;runway-jupiter;vidgen1m;yttemporal-180m,Allen Institute for AI;Amazon;ByteDance;Meta;Nvidia;Runway;Snap;Stability AI;Tencent;University of Washington,USED_BY
Lofi Girl,Lofi Girl,,119,117,0,2,0,0,0,0,0,0,0,0,internvid;runway-jupiter,internvid;runway-jupiter,ByteDance;Runway;Stability AI,USED_BY
310 Pilot,310 Pilot,,149,146,0,3,0,0,0,0,0,0,0,0,internvid;runway-jupiter,internvid;runway-jupiter,ByteDance;Runway;Stability AI,USED_BY
FilmRise Movies,FilmRise Movies,,316,316,0,0,0,0,0,0,0,0,0,0,runway-jupiter,runway-jupiter,Runway,USED_BY
Equinologee,Equinologee,,209,168,8,6,7,7,7,0,5,0,1,0,hdvg130m;hdvila100m;internvid;koala36m;panda70m;runway-jupiter;vidgen1m;yttemporal-180m,hdvg130m;hdvila100m;internvid;runway-jupiter;vidgen1m;yttemporal-180m,Allen Institute for AI;Amazon;ByteDance;Meta;Nvidia;Runway;Snap;Stability AI;Tencent;University of Washington,USED_BY
Panos Ioannidis,Panos Ioannidis,,87,87,0,0,0,0,0,0,0,0,0,0,runway-jupiter,runway-jupiter,Runway,USED_BY
Melior Studios,Melior Studios,,126,126,0,0,0,0,0,0,0,0,0,0,runway-jupiter,runway-jupiter,Runway,USED_BY
Ryan Morie,Ryan Morie,,285,159,45,1,18,18,18,0,8,10,8,0,hdvg130m;hdvila100m;internvid;koala36m;openvid1m;panda70m;runway-jupiter;vidgen1m;yttemporal-180m,hdvg130m;hdvila100m;internvid;openvid1m;runway-jupiter;vidgen1m;yttemporal-180m,Allen Institute for AI;Amazon;ByteDance;Kuaishou;Meta;Microsoft;Nvidia;Runway;Snap;Stability AI;Tencent;University of Washington,USED_BY
John Manalo,John Manalo,,176,160,1,7,2,1,1,2,1,0,0,1,hdvg130m;hdvila100m;howto100m;internvid;koala36m;panda70m;runway-jupiter;youtube8m;yttemporal-180m,hdvg130m;hdvila100m;internvid;runway-jupiter;yttemporal-180m,Allen Institute for AI;ByteDance;Meta;Nvidia;Runway;Snap;Stability AI;Tencent;University of Washington,USED_BY
Lawn Care Juggernaut,Lawn Care Juggernaut,,143,131,0,12,0,0,0,0,0,0,0,0,internvid;runway-jupiter,internvid;runway-jupiter,ByteDance;Runway;Stability AI,USED_BY
Kevin Bruns,Kevin Bruns,,172,172,0,0,0,0,0,0,0,0,0,0,runway-jupiter,runway-jupiter,Runway,USED_BY
Livinleggings,Livinleggings,,184,184,0,0,0,0,0,0,0,0,0,0,runway-jupiter,runway-jupiter,Runway,USED_BY
LukeCombsVEVO,LukeCombsVEVO,,151,139,1,9,1,0,0,1,0,0,0,0,howto100m;internvid;panda70m;runway-jupiter;yttemporal-180m,internvid;runway-jupiter;yttemporal-180m,Allen Institute for AI;ByteDance;Runway;Stability AI;University of Washington,USED_BY
I AM BUILDER,I AM BUILDER,,113,113,0,0,0,0,0,0,0,0,0,0,runway-jupiter,runway-jupiter,Runway,USED_BY
Buhurt Tech,Buhurt Tech,,182,180,0,1,0,0,0,0,0,0,0,1,internvid;runway-jupiter;youtube8m,internvid;runway-jupiter,ByteDance;Runway;Stability AI,USED_BY
MOONSHINE ANIMATIONS,MOONSHINE ANIMATIONS,,148,145,0,0,0,1,0,0,0,0,0,2,hdvila100m;runway-jupiter;youtube8m,hdvila100m;runway-jupiter,ByteDance;Meta;Runway;Snap;Tencent,USED_BY
Ho & Pringle Productions,Ho & Pringle Productions,,224,216,1,3,1,1,1,0,0,0,1,0,hdvila100m;internvid;koala36m;panda70m;runway-jupiter;vidgen1m;yttemporal-180m,hdvila100m;internvid;runway-jupiter;vidgen1m;yttemporal-180m,Allen Institute for AI;Amazon;ByteDance;Meta;Nvidia;Runway;Snap;Stability AI;Tencent;University of Washington,USED_BY
Taylor Bell,Taylor Bell,,72,67,0,5,0,0,0,0,0,0,0,0,internvid;runway-jupiter,internvid;runway-jupiter,ByteDance;Runway;Stability AI,USED_BY
Yaroslav Nedodaiev,Yaroslav Nedodaiev,,102,101,0,1,0,0,0,0,0,0,0,0,internvid;runway-jupiter,internvid;runway-jupiter,ByteDance;Runway;Stability AI,USED_BY
John Downer Productions,John Downer Productions,,193,186,0,4,0,0,0,0,0,0,0,3,internvid;runway-jupiter;youtube8m,internvid;runway-jupiter,ByteDance;Runway;Stability AI,USED_BY
Mor Movement,Mor Movement,,38,38,0,0,0,0,0,0,0,0,0,0,runway-jupiter,runway-jupiter,Runway,USED_BY
Wondastic Tech,Wondastic Tech,,108,88,0,20,0,0,0,0,0,0,0,0,internvid;runway-jupiter,internvid;runway-jupiter,ByteDance;Runway;Stability AI,USED_BY
Ayan Banerjee - Films,Ayan Banerjee - Films,,70,70,0,0,0,0,0,0,0,0,0,0,runway-jupiter,runway-jupiter,Runway,USED_BY
Start Making (Woodworking),Start Making (Woodworking),,44,44,0,0,0,0,0,0,0,0,0,0,runway-jupiter,runway-jupiter,Runway,USED_BY
Brandon William,Brandon William,,158,143,1,10,1,1,1,1,0,0,0,0,hdvila100m;howto100m;internvid;koala36m;panda70m;runway-jupiter;yttemporal-180m,hdvila100m;internvid;runway-jupiter;yttemporal-180m,Allen Institute for AI;ByteDance;Meta;Runway;Snap;Stability AI;Tencent;University of Washington,USED_BY
Only Stock,Only Stock,,7,7,0,0,0,0,0,0,0,0,0,0,runway-jupiter,runway-jupiter,Runway,USED_BY
A Modern Homestead,A Modern Homestead,,40,40,0,0,0,0,0,0,0,0,0,0,runway-jupiter,runway-jupiter,Runway,USED_BY
Matty Conrad,Matty Conrad,,38,37,0,1,0,0,0,0,0,0,0,0,internvid;runway-jupiter,internvid;runway-jupiter,ByteDance;Runway;Stability AI,USED_BY
Pete R. - BucketListly Blog,Pete R. - BucketListly Blog,,35,35,0,0,0,0,0,0,0,0,0,0,runway-jupiter,runway-jupiter,Runway,USED_BY
Life By The Bow,Life By The Bow,,124,117,0,7,0,0,0,0,0,0,0,0,internvid;runway-jupiter,internvid;runway-jupiter,ByteDance;Runway;Stability AI,USED_BY
Yadu Tv 8K,Yadu Tv 8K,,8,8,0,0,0,0,0,0,0,0,0,0,runway-jupiter,runway-jupiter,Runway,USED_BY
Apple Singapore,Apple Singapore,,114,114,0,0,0,0,0,0,0,0,0,0,runway-jupiter,runway-jupiter,Runway,USED_BY
MrRescue,MrRescue,,60,55,0,5,0,0,0,0,0,0,0,0,internvid;runway-jupiter,internvid;runway-jupiter,ByteDance;Runway;Stability AI,USED_BY
Bruno Mars,Bruno Mars,,119,87,0,28,1,0,0,1,0,0,0,2,howto100m;internvid;panda70m;runway-jupiter;youtube8m,internvid;runway-jupiter,ByteDance;Runway;Stability AI,USED_BY
Magnet VFX,Magnet VFX,,142,142,0,0,0,0,0,0,0,0,0,0,runway-jupiter,runway-jupiter,Runway,USED_BY
Natural World Facts,Natural World Facts,,300,129,35,1,32,33,31,4,24,0,11,0,hdvg130m;hdvila100m;howto100m;internvid;koala36m;panda70m;runway-jupiter;vidgen1m;yttemporal-180m,hdvg130m;hdvila100m;internvid;runway-jupiter;vidgen1m;yttemporal-180m,Allen Institute for AI;Amazon;ByteDance;Meta;Nvidia;Runway;Snap;Stability AI;Tencent;University of Washington,USED_BY
Alexander The Guest,Alexander The Guest,,53,53,0,0,0,0,0,0,0,0,0,0,runway-jupiter,runway-jupiter,Runway,USED_BY
Mossy Earth,Mossy Earth,,83,77,0,6,0,0,0,0,0,0,0,0,internvid;runway-jupiter,internvid;runway-jupiter,ByteDance;Runway;Stability AI,USED_BY
Black Coral Wax,Black Coral Wax,,78,77,0,1,0,0,0,0,0,0,0,0,internvid;runway-jupiter,internvid;runway-jupiter,ByteDance;Runway;Stability AI,USED_BY
Alone in Dubai,Alone in Dubai,,135,135,0,0,0,0,0,0,0,0,0,0,runway-jupiter,runway-jupiter,Runway,USED_BY
Midwest Magic Cleaning,Midwest Magic Cleaning,,100,100,0,0,0,0,0,0,0,0,0,0,runway-jupiter,runway-jupiter,Runway,USED_BY
LIGHTS ARE OFF,LIGHTS ARE OFF,,101,100,0,1,0,0,0,0,0,0,0,0,internvid;runway-jupiter,internvid;runway-jupiter,ByteDance;Runway;Stability AI,USED_BY
That's Amazing,That's Amazing,,197,107,8,48,10,3,3,10,2,4,2,0,hdvg130m;hdvila100m;howto100m;internvid;koala36m;openvid1m;panda70m;runway-jupiter;vidgen1m;yttemporal-180m,hdvg130m;hdvila100m;internvid;openvid1m;runway-jupiter;vidgen1m;yttemporal-180m,Allen Institute for AI;Amazon;ByteDance;Kuaishou;Meta;Microsoft;Nvidia;Runway;Snap;Stability AI;Tencent;University of Washington,USED_BY
재호 - Fitness,재호 - Fitness,,110,107,0,3,0,0,0,0,0,0,0,0,internvid;runway-jupiter,internvid;runway-jupiter,ByteDance;Runway;Stability AI,USED_BY
Fill's Lawn Care,Fill's Lawn Care,,106,102,0,4,0,0,0,0,0,0,0,0,internvid;runway-jupiter,internvid;runway-jupiter,ByteDance;Runway;Stability AI,USED_BY
Blacktail Studio,Blacktail Studio,,116,97,3,10,3,0,0,3,0,0,0,0,howto100m;internvid;panda70m;runway-jupiter;yttemporal-180m,internvid;runway-jupiter;yttemporal-180m,Allen Institute for AI;ByteDance;Runway;Stability AI;University of Washington,USED_BY
Uilian Garcez,Uilian Garcez,,117,117,0,0,0,0,0,0,0,0,0,0,runway-jupiter,runway-jupiter,Runway,USED_BY
MAKE FILMS,MAKE FILMS,,57,57,0,0,0,0,0,0,0,0,0,0,runway-jupiter,runway-jupiter,Runway,USED_BY
Padel Drive,Padel Drive,,79,79,0,0,0,0,0,0,0,0,0,0,runway-jupiter,runway-jupiter,Runway,USED_BY
Build Brick Robots,Build Brick Robots,,83,83,0,0,0,0,0,0,0,0,0,0,runway-jupiter,runway-jupiter,Runway,USED_BY
Jay Palfrey,Jay Palfrey,,128,127,0,1,0,0,0,0,0,0,0,0,internvid;runway-jupiter,internvid;runway-jupiter,ByteDance;Runway;Stability AI,USED_BY
RYUCAMP,RYUCAMP,,86,84,0,2,0,0,0,0,0,0,0,0,internvid;runway-jupiter,internvid;runway-jupiter,ByteDance;Runway;Stability AI,USED_BY
ProBeautykz,ProBeautykz,,166,155,0,11,0,0,0,0,0,0,0,0,internvid;runway-jupiter,internvid;runway-jupiter,ByteDance;Runway;Stability AI,USED_BY
Rémy Métailler RAW,Rémy Métailler RAW,,115,114,0,1,0,0,0,0,0,0,0,0,internvid;runway-jupiter,internvid;runway-jupiter,ByteDance;Runway;Stability AI,USED_BY
gokitinggr,gokitinggr,,271,269,0,1,0,0,0,0,0,0,0,1,internvid;runway-jupiter;youtube8m,internvid;runway-jupiter,ByteDance;Runway;Stability AI,USED_BY
BravestWarriors,BravestWarriors,,81,80,0,0,0,0,0,0,0,0,0,1,runway-jupiter;youtube8m,runway-jupiter,Runway,USED_BY
Reel Coastal,Reel Coastal,,220,220,0,0,0,0,0,0,0,0,0,0,runway-jupiter,runway-jupiter,Runway,USED_BY
Martin Flindt,Martin Flindt,,189,189,0,0,0,0,0,0,0,0,0,0,runway-jupiter,runway-jupiter,Runway,USED_BY
ASMR U R STAR,ASMR U R STAR,,254,248,0,6,0,0,0,0,0,0,0,0,internvid;runway-jupiter,internvid;runway-jupiter,ByteDance;Runway;Stability AI,USED_BY
World Nate,World Nate,,201,198,1,0,1,0,0,1,0,0,0,0,howto100m;panda70m;runway-jupiter;yttemporal-180m,runway-jupiter;yttemporal-180m,Allen Institute for AI;Runway;University of Washington,USED_BY
Reading With Asha,Reading With Asha,,59,59,0,0,0,0,0,0,0,0,0,0,runway-jupiter,runway-jupiter,Runway,USED_BY
FeidVEVO,FeidVEVO,,118,118,0,0,0,0,0,0,0,0,0,0,runway-jupiter,runway-jupiter,Runway,USED_BY
Craig Smith,Craig Smith,,93,81,2,1,2,0,0,2,0,0,0,5,howto100m;internvid;panda70m;runway-jupiter;youtube8m;yttemporal-180m,internvid;runway-jupiter;yttemporal-180m,Allen Institute for AI;ByteDance;Runway;Stability AI;University of Washington,USED_BY
Briggsy Sport Fishing,Briggsy Sport Fishing,,141,133,1,2,1,1,1,1,1,0,0,0,hdvg130m;hdvila100m;howto100m;internvid;koala36m;panda70m;runway-jupiter;yttemporal-180m,hdvg130m;hdvila100m;internvid;runway-jupiter;yttemporal-180m,Allen Institute for AI;ByteDance;Meta;Nvidia;Runway;Snap;Stability AI;Tencent;University of Washington,USED_BY
Faizal Westcott,Faizal Westcott,,100,95,0,5,0,0,0,0,0,0,0,0,internvid;runway-jupiter,internvid;runway-jupiter,ByteDance;Runway;Stability AI,USED_BY
Ditz TV,Ditz TV,,114,114,0,0,0,0,0,0,0,0,0,0,runway-jupiter,runway-jupiter,Runway,USED_BY
Jimmy Sax,Jimmy Sax,,105,102,0,1,0,0,0,0,0,0,0,2,internvid;runway-jupiter;youtube8m,internvid;runway-jupiter,ByteDance;Runway;Stability AI,USED_BY
Kugaくが,Kugaくが,,141,138,0,3,0,0,0,0,0,0,0,0,internvid;runway-jupiter,internvid;runway-jupiter,ByteDance;Runway;Stability AI,USED_BY
acdcVEVO,acdcVEVO,,214,174,0,35,0,0,0,0,0,0,0,5,internvid;runway-jupiter;youtube8m,internvid;runway-jupiter,ByteDance;Runway;Stability AI,USED_BY
Nature Harmony TV,Nature Harmony TV,,133,133,0,0,0,0,0,0,0,0,0,0,runway-jupiter,runway-jupiter,Runway,USED_BY
MTN BUILT,MTN BUILT,,142,142,0,0,0,0,0,0,0,0,0,0,runway-jupiter,runway-jupiter,Runway,USED_BY
NSmodeler24,NSmodeler24,,181,169,2,0,2,1,1,2,1,0,0,3,hdvg130m;hdvila100m;howto100m;koala36m;panda70m;runway-jupiter;youtube8m;yttemporal-180m,hdvg130m;hdvila100m;runway-jupiter;yttemporal-180m,Allen Institute for AI;ByteDance;Meta;Nvidia;Runway;Snap;Tencent;University of Washington,USED_BY
ABI Interiors,ABI Interiors,,153,151,0,2,0,0,0,0,0,0,0,0,internvid;runway-jupiter,internvid;runway-jupiter,ByteDance;Runway;Stability AI,USED_BY
Fruits Cutting,Fruits Cutting,,100,100,0,0,0,0,0,0,0,0,0,0,runway-jupiter,runway-jupiter,Runway,USED_BY
Κρήτες Λαογραφικός Χορευτικός Όμιλος,Κρήτες Λαογραφικός Χορευτικός Όμιλος,,121,121,0,0,0,0,0,0,0,0,0,0,runway-jupiter,runway-jupiter,Runway,USED_BY
22X22,22X22,,231,219,0,12,0,0,0,0,0,0,0,0,internvid;runway-jupiter,internvid;runway-jupiter,ByteDance;Runway;Stability AI,USED_BY
Lucasfilm,Lucasfilm,,107,105,0,2,0,0,0,0,0,0,0,0,internvid;runway-jupiter,internvid;runway-jupiter,ByteDance;Runway;Stability AI,USED_BY
JABBAWOCKEEZ OFFICIAL,JABBAWOCKEEZ OFFICIAL,,172,164,0,7,0,0,0,0,0,0,0,1,internvid;runway-jupiter;youtube8m,internvid;runway-jupiter,ByteDance;Runway;Stability AI,USED_BY
Israel Pitchford,Israel Pitchford,,90,90,0,0,0,0,0,0,0,0,0,0,runway-jupiter,runway-jupiter,Runway,USED_BY
Bertram - Craft and Wilderness,Bertram - Craft and Wilderness,,61,60,0,1,0,0,0,0,0,0,0,0,internvid;runway-jupiter,internvid;runway-jupiter,ByteDance;Runway;Stability AI,USED_BY
Art Space,Art Space,,165,159,0,6,0,0,0,0,0,0,0,0,internvid;runway-jupiter,internvid;runway-jupiter,ByteDance;Runway;Stability AI,USED_BY
Grant Horvat Golf,Grant Horvat Golf,,164,160,0,4,0,0,0,0,0,0,0,0,internvid;runway-jupiter,internvid;runway-jupiter,ByteDance;Runway;Stability AI,USED_BY
플라이 원_FLY ONE,플라이 원_FLY ONE,,190,189,0,1,0,0,0,0,0,0,0,0,internvid;runway-jupiter,internvid;runway-jupiter,ByteDance;Runway;Stability AI,USED_BY
Drax Dietz,Drax Dietz,,157,157,0,0,0,0,0,0,0,0,0,0,runway-jupiter,runway-jupiter,Runway,USED_BY
Cheer UP Athletics,Cheer UP Athletics,,93,93,0,0,0,0,0,0,0,0,0,0,runway-jupiter,runway-jupiter,Runway,USED_BY
Stone's World,Stone's World,,121,121,0,0,0,0,0,0,0,0,0,0,runway-jupiter,runway-jupiter,Runway,USED_BY
Viktor Kee,Viktor Kee,,93,90,0,0,0,0,0,0,0,0,0,3,runway-jupiter;youtube8m,runway-jupiter,Runway,USED_BY
The Handyman Business,The Handyman Business,,124,76,14,3,8,8,7,0,8,0,0,0,hdvg130m;hdvila100m;internvid;koala36m;panda70m;runway-jupiter;yttemporal-180m,hdvg130m;hdvila100m;internvid;runway-jupiter;yttemporal-180m,Allen Institute for AI;ByteDance;Meta;Nvidia;Runway;Snap;Stability AI;Tencent;University of Washington,USED_BY
Beam Queen,Beam Queen,,186,186,0,0,0,0,0,0,0,0,0,0,runway-jupiter,runway-jupiter,Runway,USED_BY
Timelab Pro,Timelab Pro,,73,71,0,2,0,0,0,0,0,0,0,0,internvid;runway-jupiter,internvid;runway-jupiter,ByteDance;Runway;Stability AI,USED_BY
남화연 한국무용배우기 koreadance,남화연 한국무용배우기 koreadance,,143,132,0,11,0,0,0,0,0,0,0,0,internvid;runway-jupiter,internvid;runway-jupiter,ByteDance;Runway;Stability AI,USED_BY
Southeast Trombone Symposium,Southeast Trombone Symposium,,131,128,0,0,0,0,0,0,0,0,0,3,runway-jupiter;youtube8m,runway-jupiter,Runway,USED_BY
Mangli Official,Mangli Official,,59,58,0,1,0,0,0,0,0,0,0,0,internvid;runway-jupiter,internvid;runway-jupiter,ByteDance;Runway;Stability AI,USED_BY
Torkel Stillefors,Torkel Stillefors,,183,182,0,1,0,0,0,0,0,0,0,0,internvid;runway-jupiter,internvid;runway-jupiter,ByteDance;Runway;Stability AI,USED_BY
Reading is,Reading is,,113,113,0,0,0,0,0,0,0,0,0,0,runway-jupiter,runway-jupiter,Runway,USED_BY
The Magic Ball Man,The Magic Ball Man,,210,206,0,4,0,0,0,0,0,0,0,0,internvid;runway-jupiter,internvid;runway-jupiter,ByteDance;Runway;Stability AI,USED_BY
Dua Lipa,Dua Lipa,,219,203,0,16,0,0,0,0,0,0,0,0,internvid;runway-jupiter,internvid;runway-jupiter,ByteDance;Runway;Stability AI,USED_BY
Songbird Ocarina,Songbird Ocarina,,178,173,0,0,0,0,0,0,0,0,0,5,runway-jupiter;youtube8m,runway-jupiter,Runway,USED_BY
Restoration of Everything,Restoration of Everything,,177,173,0,4,0,0,0,0,0,0,0,0,internvid;runway-jupiter,internvid;runway-jupiter,ByteDance;Runway;Stability AI,USED_BY
Speed On The Water,Speed On The Water,,143,142,0,0,0,0,0,0,0,0,0,1,runway-jupiter;youtube8m,runway-jupiter,Runway,USED_BY
Yehslacks,Yehslacks,,247,246,0,1,0,0,0,0,0,0,0,0,internvid;runway-jupiter,internvid;runway-jupiter,ByteDance;Runway;Stability AI,USED_BY
Wild Oak Films,Wild Oak Films,,110,110,0,0,0,0,0,0,0,0,0,0,runway-jupiter,runway-jupiter,Runway,USED_BY
Gymnasts Inspire,Gymnasts Inspire,,234,232,0,2,0,0,0,0,0,0,0,0,internvid;runway-jupiter,internvid;runway-jupiter,ByteDance;Runway;Stability AI,USED_BY
Tish Wonders,Tish Wonders,,235,90,44,0,31,16,16,21,8,4,5,0,hdvg130m;hdvila100m;howto100m;koala36m;openvid1m;panda70m;runway-jupiter;vidgen1m;yttemporal-180m,hdvg130m;hdvila100m;openvid1m;runway-jupiter;vidgen1m;yttemporal-180m,Allen Institute for AI;Amazon;ByteDance;Kuaishou;Meta;Microsoft;Nvidia;Runway;Snap;Tencent;University of Washington,USED_BY
World Nomads,World Nomads,,753,324,107,2,80,80,67,0,64,20,8,1,hdvg130m;hdvila100m;internvid;koala36m;openvid1m;panda70m;runway-jupiter;vidgen1m;youtube8m;yttemporal-180m,hdvg130m;hdvila100m;internvid;openvid1m;runway-jupiter;vidgen1m;yttemporal-180m,Allen Institute for AI;Amazon;ByteDance;Kuaishou;Meta;Microsoft;Nvidia;Runway;Snap;Stability AI;Tencent;University of Washington,USED_BY
vincjom,vincjom,,150,148,0,0,0,0,0,0,0,0,0,2,runway-jupiter;youtube8m,runway-jupiter,Runway,USED_BY
Tree House Brewing Company,Tree House Brewing Company,,118,117,0,1,0,0,0,0,0,0,0,0,internvid;runway-jupiter,internvid;runway-jupiter,ByteDance;Runway;Stability AI,USED_BY
Ryan Luth,Ryan Luth,,61,61,0,0,0,0,0,0,0,0,0,0,runway-jupiter,runway-jupiter,Runway,USED_BY
Photoguide,Photoguide,,135,128,0,0,0,0,0,0,0,0,0,7,runway-jupiter;youtube8m,runway-jupiter,Runway,USED_BY
Shortest Blockbusters,Shortest Blockbusters,,147,145,0,2,0,0,0,0,0,0,0,0,internvid;runway-jupiter,internvid;runway-jupiter,ByteDance;Runway;Stability AI,USED_BY
Научно-популярные фильмы,Научно-популярные фильмы,,96,96,0,0,0,0,0,0,0,0,0,0,runway-jupiter,runway-jupiter,Runway,USED_BY
Northern Mudlarks,Northern Mudlarks,,174,174,0,0,0,0,0,0,0,0,0,0,runway-jupiter,runway-jupiter,Runway,USED_BY
Bachata Dance Academy,Bachata Dance Academy,,115,112,0,3,0,0,0,0,0,0,0,0,internvid;runway-jupiter,internvid;runway-jupiter,ByteDance;Runway;Stability AI,USED_BY
Bodyboard Holidays,Bodyboard Holidays,,243,181,24,2,8,8,8,0,7,2,3,0,hdvg130m;hdvila100m;internvid;koala36m;openvid1m;panda70m;runway-jupiter;vidgen1m;yttemporal-180m,hdvg130m;hdvila100m;internvid;openvid1m;runway-jupiter;vidgen1m;yttemporal-180m,Allen Institute for AI;Amazon;ByteDance;Kuaishou;Meta;Microsoft;Nvidia;Runway;Snap;Stability AI;Tencent;University of Washington,USED_BY
Foundation Group,Foundation Group,,99,99,0,0,0,0,0,0,0,0,0,0,runway-jupiter,runway-jupiter,Runway,USED_BY
Home,Home,,223,147,11,6,18,8,8,17,4,0,0,4,hdvg130m;hdvila100m;howto100m;internvid;koala36m;panda70m;runway-jupiter;youtube8m;yttemporal-180m,hdvg130m;hdvila100m;internvid;runway-jupiter;yttemporal-180m,Allen Institute for AI;ByteDance;Meta;Nvidia;Runway;Snap;Stability AI;Tencent;University of Washington,USED_BY
Robert Makłowicz,Robert Makłowicz,,208,208,0,0,0,0,0,0,0,0,0,0,runway-jupiter,runway-jupiter,Runway,USED_BY
Ninja Walking,Ninja Walking,,42,39,0,3,0,0,0,0,0,0,0,0,internvid;runway-jupiter,internvid;runway-jupiter,ByteDance;Runway;Stability AI,USED_BY
Gold Smith Jack,Gold Smith Jack,,135,130,0,5,0,0,0,0,0,0,0,0,internvid;runway-jupiter,internvid;runway-jupiter,ByteDance;Runway;Stability AI,USED_BY
Bagpipe Master,Bagpipe Master,,57,44,0,8,1,1,1,0,1,0,0,1,hdvg130m;hdvila100m;internvid;koala36m;panda70m;runway-jupiter;youtube8m,hdvg130m;hdvila100m;internvid;runway-jupiter,ByteDance;Meta;Nvidia;Runway;Snap;Stability AI;Tencent,USED_BY
sixstringJIB,sixstringJIB,,129,129,0,0,0,0,0,0,0,0,0,0,runway-jupiter,runway-jupiter,Runway,USED_BY
JR Alli,JR Alli,,135,58,24,0,15,15,14,0,7,2,0,0,hdvg130m;hdvila100m;koala36m;openvid1m;panda70m;runway-jupiter;yttemporal-180m,hdvg130m;hdvila100m;openvid1m;runway-jupiter;yttemporal-180m,Allen Institute for AI;Amazon;ByteDance;Kuaishou;Meta;Microsoft;Nvidia;Runway;Snap;Tencent;University of Washington,USED_BY
Tenjuro Kamado,Tenjuro Kamado,,80,80,0,0,0,0,0,0,0,0,0,0,runway-jupiter,runway-jupiter,Runway,USED_BY
Sadiel Gomez,Sadiel Gomez,,21,21,0,0,0,0,0,0,0,0,0,0,runway-jupiter,runway-jupiter,Runway,USED_BY
Xander Budnick,Xander Budnick,,105,105,0,0,0,0,0,0,0,0,0,0,runway-jupiter,runway-jupiter,Runway,USED_BY
vewn,vewn,,14,13,0,1,0,0,0,0,0,0,0,0,internvid;runway-jupiter,internvid;runway-jupiter,ByteDance;Runway;Stability AI,USED_BY
Architectural Digest India,Architectural Digest India,,170,170,0,0,0,0,0,0,0,0,0,0,runway-jupiter,runway-jupiter,Runway,USED_BY
Erik Van Conover,Erik Van Conover,,433,213,54,12,30,28,27,3,16,36,14,0,hdvg130m;hdvila100m;howto100m;internvid;koala36m;openvid1m;panda70m;runway-jupiter;vidgen1m;yttemporal-180m,hdvg130m;hdvila100m;internvid;openvid1m;runway-jupiter;vidgen1m;yttemporal-180m,Allen Institute for AI;Amazon;ByteDance;Kuaishou;Meta;Microsoft;Nvidia;Runway;Snap;Stability AI;Tencent;University of Washington,USED_BY
Movie Car Chases HD,Movie Car Chases HD,,62,60,0,2,0,0,0,0,0,0,0,0,internvid;runway-jupiter,internvid;runway-jupiter,ByteDance;Runway;Stability AI,USED_BY
Panda Story,Panda Story,,5,5,0,0,0,0,0,0,0,0,0,0,runway-jupiter,runway-jupiter,Runway,USED_BY
Mitchell Thayne,Mitchell Thayne,,58,58,0,0,0,0,0,0,0,0,0,0,runway-jupiter,runway-jupiter,Runway,USED_BY
Timestorm Films,Timestorm Films,,71,70,0,0,0,0,0,0,0,0,0,1,runway-jupiter;youtube8m,runway-jupiter,Runway,USED_BY
Fitness For Transformation,Fitness For Transformation,,149,148,0,1,0,0,0,0,0,0,0,0,internvid;runway-jupiter,internvid;runway-jupiter,ByteDance;Runway;Stability AI,USED_BY
Josh Neuman,Josh Neuman,,135,120,0,15,0,0,0,0,0,0,0,0,internvid;runway-jupiter,internvid;runway-jupiter,ByteDance;Runway;Stability AI,USED_BY
Heile Welt,Heile Welt,,118,118,0,0,0,0,0,0,0,0,0,0,runway-jupiter,runway-jupiter,Runway,USED_BY
Nerd Clips HD,Nerd Clips HD,,60,60,0,0,0,0,0,0,0,0,0,0,runway-jupiter,runway-jupiter,Runway,USED_BY
Moon Prod,Moon Prod,,16,16,0,0,0,0,0,0,0,0,0,0,runway-jupiter,runway-jupiter,Runway,USED_BY
Purpose Built Moto,Purpose Built Moto,,121,119,0,2,0,0,0,0,0,0,0,0,internvid;runway-jupiter,internvid;runway-jupiter,ByteDance;Runway;Stability AI,USED_BY
The British Short Film Awards,The British Short Film Awards,,22,22,0,0,0,0,0,0,0,0,0,0,runway-jupiter,runway-jupiter,Runway,USED_BY
Anif G,Anif G,,104,89,0,15,0,0,0,0,0,0,0,0,internvid;runway-jupiter,internvid;runway-jupiter,ByteDance;Runway;Stability AI,USED_BY
Andy To,Andy To,,148,145,0,1,1,0,0,1,0,0,0,0,howto100m;internvid;panda70m;runway-jupiter,internvid;runway-jupiter,ByteDance;Runway;Stability AI,USED_BY
honeysada,honeysada,,67,66,0,1,0,0,0,0,0,0,0,0,internvid;runway-jupiter,internvid;runway-jupiter,ByteDance;Runway;Stability AI,USED_BY
NamibiaCam,NamibiaCam,,150,150,0,0,0,0,0,0,0,0,0,0,runway-jupiter,runway-jupiter,Runway,USED_BY
Rahul Thakuri,Rahul Thakuri,,107,107,0,0,0,0,0,0,0,0,0,0,runway-jupiter,runway-jupiter,Runway,USED_BY
Jacob + Katie Schwarz,Jacob + Katie Schwarz,,31,30,0,0,0,0,0,0,0,0,0,1,runway-jupiter;youtube8m,runway-jupiter,Runway,USED_BY
Move With Nicole,Move With Nicole,,150,145,0,5,0,0,0,0,0,0,0,0,internvid;runway-jupiter,internvid;runway-jupiter,ByteDance;Runway;Stability AI,USED_BY
Nick Coulter,Nick Coulter,,93,73,5,0,3,3,3,0,1,4,1,0,hdvg130m;hdvila100m;koala36m;openvid1m;panda70m;runway-jupiter;vidgen1m;yttemporal-180m,hdvg130m;hdvila100m;openvid1m;runway-jupiter;vidgen1m;yttemporal-180m,Allen Institute for AI;Amazon;ByteDance;Kuaishou;Meta;Microsoft;Nvidia;Runway;Snap;Tencent;University of Washington,USED_BY
Marvelous Movie Clips 4K HDR,Marvelous Movie Clips 4K HDR,,173,173,0,0,0,0,0,0,0,0,0,0,runway-jupiter,runway-jupiter,Runway,USED_BY
The Dutch Farmer,The Dutch Farmer,,42,37,0,5,0,0,0,0,0,0,0,0,internvid;runway-jupiter,internvid;runway-jupiter,ByteDance;Runway;Stability AI,USED_BY
Divyansh Shrivastava flutist,Divyansh Shrivastava flutist,,84,84,0,0,0,0,0,0,0,0,0,0,runway-jupiter,runway-jupiter,Runway,USED_BY
Adam Woodhams,Adam Woodhams,,198,72,27,1,30,15,14,29,5,0,0,5,hdvg130m;hdvila100m;howto100m;internvid;koala36m;panda70m;runway-jupiter;youtube8m;yttemporal-180m,hdvg130m;hdvila100m;internvid;runway-jupiter;yttemporal-180m,Allen Institute for AI;ByteDance;Meta;Nvidia;Runway;Snap;Stability AI;Tencent;University of Washington,USED_BY
Live Cycling,Live Cycling,,85,85,0,0,0,0,0,0,0,0,0,0,runway-jupiter,runway-jupiter,Runway,USED_BY
dulevoz,dulevoz,,142,142,0,0,0,0,0,0,0,0,0,0,runway-jupiter,runway-jupiter,Runway,USED_BY
쥬네일JOUNAIL,쥬네일JOUNAIL,,120,114,0,6,0,0,0,0,0,0,0,0,internvid;runway-jupiter,internvid;runway-jupiter,ByteDance;Runway;Stability AI,USED_BY
El Yuyu,El Yuyu,,100,98,0,2,0,0,0,0,0,0,0,0,internvid;runway-jupiter,internvid;runway-jupiter,ByteDance;Runway;Stability AI,USED_BY
StuntsAmazing,StuntsAmazing,,236,220,1,8,1,1,1,0,2,0,0,2,hdvg130m;hdvila100m;internvid;koala36m;panda70m;runway-jupiter;youtube8m;yttemporal-180m,hdvg130m;hdvila100m;internvid;runway-jupiter;yttemporal-180m,Allen Institute for AI;ByteDance;Meta;Nvidia;Runway;Snap;Stability AI;Tencent;University of Washington,USED_BY
LegoMe_TheOG,LegoMe_TheOG,,106,106,0,0,0,0,0,0,0,0,0,0,runway-jupiter,runway-jupiter,Runway,USED_BY
Christian Fischer,Christian Fischer,,120,119,0,0,0,0,0,0,0,0,0,1,runway-jupiter;youtube8m,runway-jupiter,Runway,USED_BY
Everyday Ballet,Everyday Ballet,,89,88,0,1,0,0,0,0,0,0,0,0,internvid;runway-jupiter,internvid;runway-jupiter,ByteDance;Runway;Stability AI,USED_BY
Henbu,Henbu,,79,76,0,3,0,0,0,0,0,0,0,0,internvid;runway-jupiter,internvid;runway-jupiter,ByteDance;Runway;Stability AI,USED_BY
Nico Felich,Nico Felich,,164,160,0,4,0,0,0,0,0,0,0,0,internvid;runway-jupiter,internvid;runway-jupiter,ByteDance;Runway;Stability AI,USED_BY
MyLifeOutdoors,MyLifeOutdoors,,160,145,0,14,0,0,0,0,0,0,0,1,internvid;runway-jupiter;youtube8m,internvid;runway-jupiter,ByteDance;Runway;Stability AI,USED_BY
DACH PRO,DACH PRO,,237,236,0,1,0,0,0,0,0,0,0,0,internvid;runway-jupiter,internvid;runway-jupiter,ByteDance;Runway;Stability AI,USED_BY
Poetry Of Slow Life,Poetry Of Slow Life,,111,111,0,0,0,0,0,0,0,0,0,0,runway-jupiter,runway-jupiter,Runway,USED_BY
IsaWelly,IsaWelly,,167,167,0,0,0,0,0,0,0,0,0,0,runway-jupiter,runway-jupiter,Runway,USED_BY
Skydive Dubai,Skydive Dubai,,174,166,0,2,0,0,0,0,0,0,0,6,internvid;runway-jupiter;youtube8m,internvid;runway-jupiter,ByteDance;Runway;Stability AI,USED_BY
SKYCHRIO,SKYCHRIO,,94,94,0,0,0,0,0,0,0,0,0,0,runway-jupiter,runway-jupiter,Runway,USED_BY
Odd Animal Specimens,Odd Animal Specimens,,144,141,0,3,0,0,0,0,0,0,0,0,internvid;runway-jupiter,internvid;runway-jupiter,ByteDance;Runway;Stability AI,USED_BY
Real Science,Real Science,,108,94,0,14,0,0,0,0,0,0,0,0,internvid;runway-jupiter,internvid;runway-jupiter,ByteDance;Runway;Stability AI,USED_BY
Shoe Shine with Kat,Shoe Shine with Kat,,160,146,0,14,0,0,0,0,0,0,0,0,internvid;runway-jupiter,internvid;runway-jupiter,ByteDance;Runway;Stability AI,USED_BY
Brick Science,Brick Science,,183,171,0,12,0,0,0,0,0,0,0,0,internvid;runway-jupiter,internvid;runway-jupiter,ByteDance;Runway;Stability AI,USED_BY
Leduc Lethwei,Leduc Lethwei,,100,91,0,9,0,0,0,0,0,0,0,0,internvid;runway-jupiter,internvid;runway-jupiter,ByteDance;Runway;Stability AI,USED_BY
해윤 HAEYOON,해윤 HAEYOON,,125,125,0,0,0,0,0,0,0,0,0,0,runway-jupiter,runway-jupiter,Runway,USED_BY
justin styvly,justin styvly,,78,78,0,0,0,0,0,0,0,0,0,0,runway-jupiter,runway-jupiter,Runway,USED_BY
Ben Willis The Fisherman'S Killer,Ben Willis The Fisherman'S Killer,,97,97,0,0,0,0,0,0,0,0,0,0,runway-jupiter,runway-jupiter,Runway,USED_BY
Nadav Art and Wood,Nadav Art and Wood,,203,203,0,0,0,0,0,0,0,0,0,0,runway-jupiter,runway-jupiter,Runway,USED_BY
Feid,Feid,,108,107,0,0,0,0,0,0,0,0,0,1,runway-jupiter;youtube8m,runway-jupiter,Runway,USED_BY
League of Pigs,League of Pigs,,85,85,0,0,0,0,0,0,0,0,0,0,runway-jupiter,runway-jupiter,Runway,USED_BY
1小点的 Sweet Taste Kitchen,1小点的 Sweet Taste Kitchen,,143,103,0,40,0,0,0,0,0,0,0,0,internvid;runway-jupiter,internvid;runway-jupiter,ByteDance;Runway;Stability AI,USED_BY
Essence and Science,Essence and Science,,156,156,0,0,0,0,0,0,0,0,0,0,runway-jupiter,runway-jupiter,Runway,USED_BY
Around The World 4K,Around The World 4K,,60,60,0,0,0,0,0,0,0,0,0,0,runway-jupiter,runway-jupiter,Runway,USED_BY
Freddie The Whippet,Freddie The Whippet,,65,65,0,0,0,0,0,0,0,0,0,0,runway-jupiter,runway-jupiter,Runway,USED_BY
Diton King,Diton King,,122,122,0,0,0,0,0,0,0,0,0,0,runway-jupiter,runway-jupiter,Runway,USED_BY
Lily Yo Fire,Lily Yo Fire,,88,83,0,4,0,0,0,0,0,0,0,1,internvid;runway-jupiter;youtube8m,internvid;runway-jupiter,ByteDance;Runway;Stability AI,USED_BY
Fox Loki,Fox Loki,,112,112,0,0,0,0,0,0,0,0,0,0,runway-jupiter,runway-jupiter,Runway,USED_BY
Blissfully Asleep,Blissfully Asleep,,61,61,0,0,0,0,0,0,0,0,0,0,runway-jupiter,runway-jupiter,Runway,USED_BY
Suomi Lätkä,Suomi Lätkä,,100,100,0,0,0,0,0,0,0,0,0,0,runway-jupiter,runway-jupiter,Runway,USED_BY
Kinetochore1917,Kinetochore1917,,134,133,0,1,0,0,0,0,0,0,0,0,internvid;runway-jupiter,internvid;runway-jupiter,ByteDance;Runway;Stability AI,USED_BY
Ryan Norberg,Ryan Norberg,,157,153,0,4,0,0,0,0,0,0,0,0,internvid;runway-jupiter,internvid;runway-jupiter,ByteDance;Runway;Stability AI,USED_BY
Teen Titans Clips,Teen Titans Clips,,191,190,0,1,0,0,0,0,0,0,0,0,internvid;runway-jupiter,internvid;runway-jupiter,ByteDance;Runway;Stability AI,USED_BY
KrakeKids,KrakeKids,,179,179,0,0,0,0,0,0,0,0,0,0,runway-jupiter,runway-jupiter,Runway,USED_BY
Lastborn Farm,Lastborn Farm,,89,89,0,0,0,0,0,0,0,0,0,0,runway-jupiter,runway-jupiter,Runway,USED_BY
Антон Птушкін,Антон Птушкін,,82,75,0,7,0,0,0,0,0,0,0,0,internvid;runway-jupiter,internvid;runway-jupiter,ByteDance;Runway;Stability AI,USED_BY
Jasirah Bellydance,Jasirah Bellydance,,220,212,0,2,0,0,0,0,0,0,0,6,internvid;runway-jupiter;youtube8m,internvid;runway-jupiter,ByteDance;Runway;Stability AI,USED_BY
Manilla Athletics,Manilla Athletics,,77,77,0,0,0,0,0,0,0,0,0,0,runway-jupiter,runway-jupiter,Runway,USED_BY
Dean Schneider,Dean Schneider,,170,100,0,2,12,12,11,0,8,16,9,0,hdvg130m;hdvila100m;internvid;koala36m;openvid1m;panda70m;runway-jupiter;vidgen1m,hdvg130m;hdvila100m;internvid;openvid1m;runway-jupiter;vidgen1m,Amazon;ByteDance;Kuaishou;Meta;Microsoft;Nvidia;Runway;Snap;Stability AI;Tencent,USED_BY
Skydiving in Paradise,Skydiving in Paradise,,58,52,1,1,0,0,0,0,0,0,0,4,internvid;runway-jupiter;youtube8m;yttemporal-180m,internvid;runway-jupiter;yttemporal-180m,Allen Institute for AI;ByteDance;Runway;Stability AI;University of Washington,USED_BY
The Stuttering Skater,The Stuttering Skater,,111,111,0,0,0,0,0,0,0,0,0,0,runway-jupiter,runway-jupiter,Runway,USED_BY
Cool Bike Projects,Cool Bike Projects,,68,66,0,2,0,0,0,0,0,0,0,0,internvid;runway-jupiter,internvid;runway-jupiter,ByteDance;Runway;Stability AI,USED_BY
All Video Free,All Video Free,,73,73,0,0,0,0,0,0,0,0,0,0,runway-jupiter,runway-jupiter,Runway,USED_BY
Dark Isle Bagpiper,Dark Isle Bagpiper,,101,97,0,3,0,0,0,0,0,0,0,1,internvid;runway-jupiter;youtube8m,internvid;runway-jupiter,ByteDance;Runway;Stability AI,USED_BY
Brutal Bikes,Brutal Bikes,,149,149,0,0,0,0,0,0,0,0,0,0,runway-jupiter,runway-jupiter,Runway,USED_BY
The Green Witch,The Green Witch,,126,125,0,1,0,0,0,0,0,0,0,0,internvid;runway-jupiter,internvid;runway-jupiter,ByteDance;Runway;Stability AI,USED_BY
Hawaii HammaHs,Hawaii HammaHs,,43,42,0,1,0,0,0,0,0,0,0,0,internvid;runway-jupiter,internvid;runway-jupiter,ByteDance;Runway;Stability AI,USED_BY
Chaddwick Fincher,Chaddwick Fincher,,156,156,0,0,0,0,0,0,0,0,0,0,runway-jupiter,runway-jupiter,Runway,USED_BY
Brad Burns,Brad Burns,,84,82,0,1,0,0,0,0,0,0,0,1,internvid;runway-jupiter;youtube8m,internvid;runway-jupiter,ByteDance;Runway;Stability AI,USED_BY
Chris Rogers,Chris Rogers,,149,90,16,0,9,8,6,1,6,0,5,8,hdvg130m;hdvila100m;howto100m;koala36m;panda70m;runway-jupiter;vidgen1m;youtube8m;yttemporal-180m,hdvg130m;hdvila100m;runway-jupiter;vidgen1m;yttemporal-180m,Allen Institute for AI;Amazon;ByteDance;Meta;Nvidia;Runway;Snap;Tencent;University of Washington,USED_BY
Hinata,Hinata,,129,116,0,13,0,0,0,0,0,0,0,0,internvid;runway-jupiter,internvid;runway-jupiter,ByteDance;Runway;Stability AI,USED_BY
Ice Cream Meltdown,Ice Cream Meltdown,,188,188,0,0,0,0,0,0,0,0,0,0,runway-jupiter,runway-jupiter,Runway,USED_BY
Enes Plus,Enes Plus,,86,78,0,8,0,0,0,0,0,0,0,0,internvid;runway-jupiter,internvid;runway-jupiter,ByteDance;Runway;Stability AI,USED_BY
Copyright Free Videos,Copyright Free Videos,,50,50,0,0,0,0,0,0,0,0,0,0,runway-jupiter,runway-jupiter,Runway,USED_BY
Zoo Tours,Zoo Tours,,139,138,0,1,0,0,0,0,0,0,0,0,internvid;runway-jupiter,internvid;runway-jupiter,ByteDance;Runway;Stability AI,USED_BY
barparildar,barparildar,,100,100,0,0,0,0,0,0,0,0,0,0,runway-jupiter,runway-jupiter,Runway,USED_BY
touropia,touropia,,615,107,26,15,80,80,75,0,52,142,38,0,hdvg130m;hdvila100m;internvid;koala36m;openvid1m;panda70m;runway-jupiter;vidgen1m;yttemporal-180m,hdvg130m;hdvila100m;internvid;openvid1m;runway-jupiter;vidgen1m;yttemporal-180m,Allen Institute for AI;Amazon;ByteDance;Kuaishou;Meta;Microsoft;Nvidia;Runway;Snap;Stability AI;Tencent;University of Washington,USED_BY
Repair & Restoration,Repair & Restoration,,125,125,0,0,0,0,0,0,0,0,0,0,runway-jupiter,runway-jupiter,Runway,USED_BY
Futurescapes - Sci Fi Ambience,Futurescapes - Sci Fi Ambience,,79,79,0,0,0,0,0,0,0,0,0,0,runway-jupiter,runway-jupiter,Runway,USED_BY
FuryTV,FuryTV,,157,153,0,4,0,0,0,0,0,0,0,0,internvid;runway-jupiter,internvid;runway-jupiter,ByteDance;Runway;Stability AI,USED_BY
Liz Knights,Liz Knights,,91,88,0,2,0,0,0,0,0,0,0,1,internvid;runway-jupiter;youtube8m,internvid;runway-jupiter,ByteDance;Runway;Stability AI,USED_BY
5hysWorld,5hysWorld,,61,61,0,0,0,0,0,0,0,0,0,0,runway-jupiter,runway-jupiter,Runway,USED_BY
BeachTennis Channel,BeachTennis Channel,,54,51,0,2,0,0,0,0,0,0,0,1,internvid;runway-jupiter;youtube8m,internvid;runway-jupiter,ByteDance;Runway;Stability AI,USED_BY
watermagic,watermagic,,116,96,0,20,0,0,0,0,0,0,0,0,internvid;runway-jupiter,internvid;runway-jupiter,ByteDance;Runway;Stability AI,USED_BY
Rerolling Inline,Rerolling Inline,,57,54,0,3,0,0,0,0,0,0,0,0,internvid;runway-jupiter,internvid;runway-jupiter,ByteDance;Runway;Stability AI,USED_BY
Pharaoh's Wildlife Kingdom,Pharaoh's Wildlife Kingdom,,60,60,0,0,0,0,0,0,0,0,0,0,runway-jupiter,runway-jupiter,Runway,USED_BY
Roach RC,Roach RC,,89,88,0,1,0,0,0,0,0,0,0,0,internvid;runway-jupiter,internvid;runway-jupiter,ByteDance;Runway;Stability AI,USED_BY
Willem Verbeeck,Willem Verbeeck,,463,140,66,13,62,62,62,0,24,18,16,0,hdvg130m;hdvila100m;internvid;koala36m;openvid1m;panda70m;runway-jupiter;vidgen1m;yttemporal-180m,hdvg130m;hdvila100m;internvid;openvid1m;runway-jupiter;vidgen1m;yttemporal-180m,Allen Institute for AI;Amazon;ByteDance;Kuaishou;Meta;Microsoft;Nvidia;Runway;Snap;Stability AI;Tencent;University of Washington,USED_BY
냥숲nyangsoop,냥숲nyangsoop,,85,80,0,5,0,0,0,0,0,0,0,0,internvid;runway-jupiter,internvid;runway-jupiter,ByteDance;Runway;Stability AI,USED_BY
Tibet Travel ( Tibet Vista ),Tibet Travel ( Tibet Vista ),,130,129,0,1,0,0,0,0,0,0,0,0,internvid;runway-jupiter,internvid;runway-jupiter,ByteDance;Runway;Stability AI,USED_BY
WouterKellerman,WouterKellerman,,120,116,0,0,0,0,0,0,0,0,0,4,runway-jupiter;youtube8m,runway-jupiter,Runway,USED_BY
Beautiful Bird Videos,Beautiful Bird Videos,,98,98,0,0,0,0,0,0,0,0,0,0,runway-jupiter,runway-jupiter,Runway,USED_BY
Metro Boomin,Metro Boomin,,88,85,0,3,0,0,0,0,0,0,0,0,internvid;runway-jupiter,internvid;runway-jupiter,ByteDance;Runway;Stability AI,USED_BY
Huck City,Huck City,,66,66,0,0,0,0,0,0,0,0,0,0,runway-jupiter,runway-jupiter,Runway,USED_BY
Groom House,Groom House,,139,133,0,6,0,0,0,0,0,0,0,0,internvid;runway-jupiter,internvid;runway-jupiter,ByteDance;Runway;Stability AI,USED_BY
Brandon Brule,Brandon Brule,,69,69,0,0,0,0,0,0,0,0,0,0,runway-jupiter,runway-jupiter,Runway,USED_BY
The Story Till Now,The Story Till Now,,213,213,0,0,0,0,0,0,0,0,0,0,runway-jupiter,runway-jupiter,Runway,USED_BY
Paul Carrillo,Paul Carrillo,,30,29,0,0,0,0,0,0,0,0,0,1,runway-jupiter;youtube8m,runway-jupiter,Runway,USED_BY
Ocean’s globe trotter,Ocean’s globe trotter,,89,89,0,0,0,0,0,0,0,0,0,0,runway-jupiter,runway-jupiter,Runway,USED_BY
CultureClashCroatia,CultureClashCroatia,,20,20,0,0,0,0,0,0,0,0,0,0,runway-jupiter,runway-jupiter,Runway,USED_BY
SALEX,SALEX,,128,107,0,21,0,0,0,0,0,0,0,0,internvid;runway-jupiter,internvid;runway-jupiter,ByteDance;Runway;Stability AI,USED_BY
Highland World,Highland World,,4,4,0,0,0,0,0,0,0,0,0,0,runway-jupiter,runway-jupiter,Runway,USED_BY
Thomas Martinez,Thomas Martinez,,112,111,0,0,0,0,0,0,0,0,0,1,runway-jupiter;youtube8m,runway-jupiter,Runway,USED_BY
In feel furniture,In feel furniture,,19,19,0,0,0,0,0,0,0,0,0,0,runway-jupiter,runway-jupiter,Runway,USED_BY
Rollon Food,Rollon Food,,27,27,0,0,0,0,0,0,0,0,0,0,runway-jupiter,runway-jupiter,Runway,USED_BY
Special Scene,Special Scene,,5,5,0,0,0,0,0,0,0,0,0,0,runway-jupiter,runway-jupiter,Runway,USED_BY
Quicksand Flooring,Quicksand Flooring,,59,59,0,0,0,0,0,0,0,0,0,0,runway-jupiter,runway-jupiter,Runway,USED_BY
REEL ROCK,REEL ROCK,,75,43,12,2,5,5,4,0,3,0,1,0,hdvg130m;hdvila100m;internvid;koala36m;panda70m;runway-jupiter;vidgen1m;yttemporal-180m,hdvg130m;hdvila100m;internvid;runway-jupiter;vidgen1m;yttemporal-180m,Allen Institute for AI;Amazon;ByteDance;Meta;Nvidia;Runway;Snap;Stability AI;Tencent;University of Washington,USED_BY
NCC Culinary,NCC Culinary,,109,76,8,3,8,2,2,8,2,0,0,0,hdvg130m;hdvila100m;howto100m;internvid;koala36m;panda70m;runway-jupiter;yttemporal-180m,hdvg130m;hdvila100m;internvid;runway-jupiter;yttemporal-180m,Allen Institute for AI;ByteDance;Meta;Nvidia;Runway;Snap;Stability AI;Tencent;University of Washington,USED_BY
Reptile Channel,Reptile Channel,,303,105,43,2,40,38,36,3,25,0,11,0,hdvg130m;hdvila100m;howto100m;internvid;koala36m;panda70m;runway-jupiter;vidgen1m;yttemporal-180m,hdvg130m;hdvila100m;internvid;runway-jupiter;vidgen1m;yttemporal-180m,Allen Institute for AI;Amazon;ByteDance;Meta;Nvidia;Runway;Snap;Stability AI;Tencent;University of Washington,USED_BY
Artur Carvalho,Artur Carvalho,,59,59,0,0,0,0,0,0,0,0,0,0,runway-jupiter,runway-jupiter,Runway,USED_BY
Pattern Scout,Pattern Scout,,81,78,0,3,0,0,0,0,0,0,0,0,internvid;runway-jupiter,internvid;runway-jupiter,ByteDance;Runway;Stability AI,USED_BY
Chrome and Car Restoration,Chrome and Car Restoration,,55,55,0,0,0,0,0,0,0,0,0,0,runway-jupiter,runway-jupiter,Runway,USED_BY
Coffee to Art,Coffee to Art,,120,109,0,11,0,0,0,0,0,0,0,0,internvid;runway-jupiter,internvid;runway-jupiter,ByteDance;Runway;Stability AI,USED_BY
nadawalk,nadawalk,,108,108,0,0,0,0,0,0,0,0,0,0,runway-jupiter,runway-jupiter,Runway,USED_BY
teemu.mp4,teemu.mp4,,58,56,0,2,0,0,0,0,0,0,0,0,internvid;runway-jupiter,internvid;runway-jupiter,ByteDance;Runway;Stability AI,USED_BY
8K VIDEOS HDR,8K VIDEOS HDR,,63,63,0,0,0,0,0,0,0,0,0,0,runway-jupiter,runway-jupiter,Runway,USED_BY
Lopside Animation,Lopside Animation,,22,22,0,0,0,0,0,0,0,0,0,0,runway-jupiter,runway-jupiter,Runway,USED_BY
Juzzie Smith,Juzzie Smith,,87,87,0,0,0,0,0,0,0,0,0,0,runway-jupiter,runway-jupiter,Runway,USED_BY
Vy,Vy,,72,71,0,0,0,0,0,0,0,0,0,1,runway-jupiter;youtube8m,runway-jupiter,Runway,USED_BY
Industrial Light & Magic,Industrial Light & Magic,,141,140,0,0,0,0,0,0,0,0,0,1,runway-jupiter;youtube8m,runway-jupiter,Runway,USED_BY
Master Song Kung Fu,Master Song Kung Fu,,158,156,0,2,0,0,0,0,0,0,0,0,internvid;runway-jupiter,internvid;runway-jupiter,ByteDance;Runway;Stability AI,USED_BY
Bose,Bose,,101,93,0,0,0,0,0,0,0,0,0,8,runway-jupiter;youtube8m,runway-jupiter,Runway,USED_BY
Athar Jaber,Athar Jaber,,99,84,0,15,0,0,0,0,0,0,0,0,internvid;runway-jupiter,internvid;runway-jupiter,ByteDance;Runway;Stability AI,USED_BY
Tom Strojnik,Tom Strojnik,,91,91,0,0,0,0,0,0,0,0,0,0,runway-jupiter,runway-jupiter,Runway,USED_BY
adidas TERREX,adidas TERREX,,87,87,0,0,0,0,0,0,0,0,0,0,runway-jupiter,runway-jupiter,Runway,USED_BY
NEA ZIXNH,NEA ZIXNH,,131,116,0,3,0,0,0,0,0,0,0,12,internvid;runway-jupiter;youtube8m,internvid;runway-jupiter,ByteDance;Runway;Stability AI,USED_BY
RAAW Mountain Bikes,RAAW Mountain Bikes,,49,49,0,0,0,0,0,0,0,0,0,0,runway-jupiter,runway-jupiter,Runway,USED_BY
4K DRIVE,4K DRIVE,,104,104,0,0,0,0,0,0,0,0,0,0,runway-jupiter,runway-jupiter,Runway,USED_BY
Paulie B,Paulie B,,118,118,0,0,0,0,0,0,0,0,0,0,runway-jupiter,runway-jupiter,Runway,USED_BY
Bryan Boyle,Bryan Boyle,,74,66,0,8,0,0,0,0,0,0,0,0,internvid;runway-jupiter,internvid;runway-jupiter,ByteDance;Runway;Stability AI,USED_BY
Malcolm Moore,Malcolm Moore,,117,102,0,15,0,0,0,0,0,0,0,0,internvid;runway-jupiter,internvid;runway-jupiter,ByteDance;Runway;Stability AI,USED_BY
Cercle,Cercle,,138,138,0,0,0,0,0,0,0,0,0,0,runway-jupiter,runway-jupiter,Runway,USED_BY
The Wired Gourmet,The Wired Gourmet,,63,61,0,2,0,0,0,0,0,0,0,0,internvid;runway-jupiter,internvid;runway-jupiter,ByteDance;Runway;Stability AI,USED_BY
Rose,Rose,,124,63,4,10,5,2,1,6,2,0,0,31,hdvg130m;hdvila100m;howto100m;internvid;koala36m;panda70m;runway-jupiter;youtube8m;yttemporal-180m,hdvg130m;hdvila100m;internvid;runway-jupiter;yttemporal-180m,Allen Institute for AI;ByteDance;Meta;Nvidia;Runway;Snap;Stability AI;Tencent;University of Washington,USED_BY
Seaboard Central,Seaboard Central,,133,133,0,0,0,0,0,0,0,0,0,0,runway-jupiter,runway-jupiter,Runway,USED_BY
Yle Pikku Kakkonen,Yle Pikku Kakkonen,,114,114,0,0,0,0,0,0,0,0,0,0,runway-jupiter,runway-jupiter,Runway,USED_BY
NB Productions,NB Productions,,92,92,0,0,0,0,0,0,0,0,0,0,runway-jupiter,runway-jupiter,Runway,USED_BY
Vojta Stolbenko,Vojta Stolbenko,,83,81,0,0,0,0,0,0,0,0,0,2,runway-jupiter;youtube8m,runway-jupiter,Runway,USED_BY
Roberto Channel,Roberto Channel,,178,133,23,0,5,5,3,0,2,6,1,0,hdvg130m;hdvila100m;koala36m;openvid1m;panda70m;runway-jupiter;vidgen1m;yttemporal-180m,hdvg130m;hdvila100m;openvid1m;runway-jupiter;vidgen1m;yttemporal-180m,Allen Institute for AI;Amazon;ByteDance;Kuaishou;Meta;Microsoft;Nvidia;Runway;Snap;Tencent;University of Washington,USED_BY
Keepitcity,Keepitcity,,59,59,0,0,0,0,0,0,0,0,0,0,runway-jupiter,runway-jupiter,Runway,USED_BY
TKD-NEWS,TKD-NEWS,,109,107,0,2,0,0,0,0,0,0,0,0,internvid;runway-jupiter,internvid;runway-jupiter,ByteDance;Runway;Stability AI,USED_BY
Sand Castle University,Sand Castle University,,87,87,0,0,0,0,0,0,0,0,0,0,runway-jupiter,runway-jupiter,Runway,USED_BY
Bruno Pisani,Bruno Pisani,,56,54,0,1,0,0,0,0,0,0,0,1,internvid;runway-jupiter;youtube8m,internvid;runway-jupiter,ByteDance;Runway;Stability AI,USED_BY
Parker Sheppard,Parker Sheppard,,97,97,0,0,0,0,0,0,0,0,0,0,runway-jupiter,runway-jupiter,Runway,USED_BY
Explore Somalia with Said Fadhaye,Explore Somalia with Said Fadhaye,,43,43,0,0,0,0,0,0,0,0,0,0,runway-jupiter,runway-jupiter,Runway,USED_BY
RainbowStar _gift wrapping,RainbowStar _gift wrapping,,130,125,0,5,0,0,0,0,0,0,0,0,internvid;runway-jupiter,internvid;runway-jupiter,ByteDance;Runway;Stability AI,USED_BY
MONOSKIS SNOWGUNZ,MONOSKIS SNOWGUNZ,,73,67,0,5,0,0,0,0,0,0,0,1,internvid;runway-jupiter;youtube8m,internvid;runway-jupiter,ByteDance;Runway;Stability AI,USED_BY
PROJECT FEAR,PROJECT FEAR,,51,51,0,0,0,0,0,0,0,0,0,0,runway-jupiter,runway-jupiter,Runway,USED_BY
Progress - Science Documentaries,Progress - Science Documentaries,,148,148,0,0,0,0,0,0,0,0,0,0,runway-jupiter,runway-jupiter,Runway,USED_BY
Allison Anderson,Allison Anderson,,459,182,75,3,48,45,43,4,37,14,6,2,hdvg130m;hdvila100m;howto100m;internvid;koala36m;openvid1m;panda70m;runway-jupiter;vidgen1m;youtube8m;yttemporal-180m,hdvg130m;hdvila100m;internvid;openvid1m;runway-jupiter;vidgen1m;yttemporal-180m,Allen Institute for AI;Amazon;ByteDance;Kuaishou;Meta;Microsoft;Nvidia;Runway;Snap;Stability AI;Tencent;University of Washington,USED_BY
1000+ Free Stock Video Footage,1000+ Free Stock Video Footage,,66,66,0,0,0,0,0,0,0,0,0,0,runway-jupiter,runway-jupiter,Runway,USED_BY
Malmesbury Education,Malmesbury Education,,81,72,1,4,1,1,1,1,0,0,0,0,hdvila100m;howto100m;internvid;koala36m;panda70m;runway-jupiter;yttemporal-180m,hdvila100m;internvid;runway-jupiter;yttemporal-180m,Allen Institute for AI;ByteDance;Meta;Runway;Snap;Stability AI;Tencent;University of Washington,USED_BY
The Elegant Oxford,The Elegant Oxford,,151,136,0,15,0,0,0,0,0,0,0,0,internvid;runway-jupiter,internvid;runway-jupiter,ByteDance;Runway;Stability AI,USED_BY
Jonas Puidokas,Jonas Puidokas,,105,105,0,0,0,0,0,0,0,0,0,0,runway-jupiter,runway-jupiter,Runway,USED_BY
PlantingTree,PlantingTree,,59,58,0,1,0,0,0,0,0,0,0,0,internvid;runway-jupiter,internvid;runway-jupiter,ByteDance;Runway;Stability AI,USED_BY
Hungry for Goodies,Hungry for Goodies,,341,161,51,0,39,19,19,28,14,4,6,0,hdvg130m;hdvila100m;howto100m;koala36m;openvid1m;panda70m;runway-jupiter;vidgen1m;yttemporal-180m,hdvg130m;hdvila100m;openvid1m;runway-jupiter;vidgen1m;yttemporal-180m,Allen Institute for AI;Amazon;ByteDance;Kuaishou;Meta;Microsoft;Nvidia;Runway;Snap;Tencent;University of Washington,USED_BY
The Люди,The Люди,,125,125,0,0,0,0,0,0,0,0,0,0,runway-jupiter,runway-jupiter,Runway,USED_BY
redfox creatives,redfox creatives,,54,54,0,0,0,0,0,0,0,0,0,0,runway-jupiter,runway-jupiter,Runway,USED_BY
Daniel Mann,Daniel Mann,,164,129,5,10,5,3,3,5,2,0,1,1,hdvg130m;hdvila100m;howto100m;internvid;koala36m;panda70m;runway-jupiter;vidgen1m;youtube8m;yttemporal-180m,hdvg130m;hdvila100m;internvid;runway-jupiter;vidgen1m;yttemporal-180m,Allen Institute for AI;Amazon;ByteDance;Meta;Nvidia;Runway;Snap;Stability AI;Tencent;University of Washington,USED_BY
MANIAC Team!,MANIAC Team!,,24,24,0,0,0,0,0,0,0,0,0,0,runway-jupiter,runway-jupiter,Runway,USED_BY
Media Hub Trailer,Media Hub Trailer,,56,56,0,0,0,0,0,0,0,0,0,0,runway-jupiter,runway-jupiter,Runway,USED_BY
Holly Obee,Holly Obee,,56,56,0,0,0,0,0,0,0,0,0,0,runway-jupiter,runway-jupiter,Runway,USED_BY
Mumbo,Mumbo,,224,107,29,0,21,21,20,0,10,8,6,2,hdvg130m;hdvila100m;koala36m;openvid1m;panda70m;runway-jupiter;vidgen1m;youtube8m;yttemporal-180m,hdvg130m;hdvila100m;openvid1m;runway-jupiter;vidgen1m;yttemporal-180m,Allen Institute for AI;Amazon;ByteDance;Kuaishou;Meta;Microsoft;Nvidia;Runway;Snap;Tencent;University of Washington,USED_BY
MileyCyrusVEVO,MileyCyrusVEVO,,138,117,0,14,2,0,0,2,0,2,0,1,howto100m;internvid;openvid1m;panda70m;runway-jupiter;youtube8m,internvid;openvid1m;runway-jupiter,Amazon;ByteDance;Kuaishou;Microsoft;Nvidia;Runway;Stability AI,USED_BY
TV Walsum Aldenrade 07,TV Walsum Aldenrade 07,,77,77,0,0,0,0,0,0,0,0,0,0,runway-jupiter,runway-jupiter,Runway,USED_BY
Dirt Road Dancing,Dirt Road Dancing,,192,184,0,8,0,0,0,0,0,0,0,0,internvid;runway-jupiter,internvid;runway-jupiter,ByteDance;Runway;Stability AI,USED_BY
Elaine Cuzner,Elaine Cuzner,,91,44,9,0,10,5,5,11,5,0,2,0,hdvg130m;hdvila100m;howto100m;koala36m;panda70m;runway-jupiter;vidgen1m;yttemporal-180m,hdvg130m;hdvila100m;runway-jupiter;vidgen1m;yttemporal-180m,Allen Institute for AI;Amazon;ByteDance;Meta;Nvidia;Runway;Snap;Tencent;University of Washington,USED_BY
Free HD videos - no copyright,Free HD videos - no copyright,,231,229,0,2,0,0,0,0,0,0,0,0,internvid;runway-jupiter,internvid;runway-jupiter,ByteDance;Runway;Stability AI,USED_BY
Sugoii Japan,Sugoii Japan,,127,127,0,0,0,0,0,0,0,0,0,0,runway-jupiter,runway-jupiter,Runway,USED_BY
BestClips,BestClips,,122,120,0,2,0,0,0,0,0,0,0,0,internvid;runway-jupiter,internvid;runway-jupiter,ByteDance;Runway;Stability AI,USED_BY
Baxter of California,Baxter of California,,114,113,0,1,0,0,0,0,0,0,0,0,internvid;runway-jupiter,internvid;runway-jupiter,ByteDance;Runway;Stability AI,USED_BY
SB Mowing,SB Mowing,,99,98,0,1,0,0,0,0,0,0,0,0,internvid;runway-jupiter,internvid;runway-jupiter,ByteDance;Runway;Stability AI,USED_BY
Park Junkie,Park Junkie,,66,63,0,3,0,0,0,0,0,0,0,0,internvid;runway-jupiter,internvid;runway-jupiter,ByteDance;Runway;Stability AI,USED_BY
Apple Pea Fern Sea,Apple Pea Fern Sea,,65,64,0,1,0,0,0,0,0,0,0,0,internvid;runway-jupiter,internvid;runway-jupiter,ByteDance;Runway;Stability AI,USED_BY
Fantastic,Fantastic,,93,88,0,4,0,0,0,0,0,0,0,1,internvid;runway-jupiter;youtube8m,internvid;runway-jupiter,ByteDance;Runway;Stability AI,USED_BY
Xylophone Girl 101,Xylophone Girl 101,,31,31,0,0,0,0,0,0,0,0,0,0,runway-jupiter,runway-jupiter,Runway,USED_BY
Harry Potter Clips,Harry Potter Clips,,155,152,0,3,0,0,0,0,0,0,0,0,internvid;runway-jupiter,internvid;runway-jupiter,ByteDance;Runway;Stability AI,USED_BY
小P看熊猫团子,小P看熊猫团子,,75,75,0,0,0,0,0,0,0,0,0,0,runway-jupiter,runway-jupiter,Runway,USED_BY
Cameron Marti,Cameron Marti,,113,112,0,1,0,0,0,0,0,0,0,0,internvid;runway-jupiter,internvid;runway-jupiter,ByteDance;Runway;Stability AI,USED_BY
Ballet Beautiful,Ballet Beautiful,,135,132,0,3,0,0,0,0,0,0,0,0,internvid;runway-jupiter,internvid;runway-jupiter,ByteDance;Runway;Stability AI,USED_BY
Finding treasures,Finding treasures,,168,168,0,0,0,0,0,0,0,0,0,0,runway-jupiter,runway-jupiter,Runway,USED_BY
OPEN SPACE,OPEN SPACE,,39,36,0,2,0,0,0,0,0,0,0,1,internvid;runway-jupiter;youtube8m,internvid;runway-jupiter,ByteDance;Runway;Stability AI,USED_BY
Flatbush Cats,Flatbush Cats,,170,167,0,3,0,0,0,0,0,0,0,0,internvid;runway-jupiter,internvid;runway-jupiter,ByteDance;Runway;Stability AI,USED_BY
superdog,superdog,,44,42,0,2,0,0,0,0,0,0,0,0,internvid;runway-jupiter,internvid;runway-jupiter,ByteDance;Runway;Stability AI,USED_BY
The Card Tricks,The Card Tricks,,102,47,10,1,14,5,4,14,3,2,2,0,hdvg130m;hdvila100m;howto100m;internvid;koala36m;openvid1m;panda70m;runway-jupiter;vidgen1m;yttemporal-180m,hdvg130m;hdvila100m;internvid;openvid1m;runway-jupiter;vidgen1m;yttemporal-180m,Allen Institute for AI;Amazon;ByteDance;Kuaishou;Meta;Microsoft;Nvidia;Runway;Snap;Stability AI;Tencent;University of Washington,USED_BY
SPIRIT OF THE RIVER,SPIRIT OF THE RIVER,,74,74,0,0,0,0,0,0,0,0,0,0,runway-jupiter,runway-jupiter,Runway,USED_BY
Friendshipismagic,Friendshipismagic,,79,79,0,0,0,0,0,0,0,0,0,0,runway-jupiter,runway-jupiter,Runway,USED_BY
Discover Kyoto,Discover Kyoto,,91,89,0,0,0,0,0,0,0,0,0,2,runway-jupiter;youtube8m,runway-jupiter,Runway,USED_BY
YoYoMaVEVO,YoYoMaVEVO,,65,65,0,0,0,0,0,0,0,0,0,0,runway-jupiter,runway-jupiter,Runway,USED_BY
XINSURANCE Sports,XINSURANCE Sports,,75,75,0,0,0,0,0,0,0,0,0,0,runway-jupiter,runway-jupiter,Runway,USED_BY
Andrea Love,Andrea Love,,38,38,0,0,0,0,0,0,0,0,0,0,runway-jupiter,runway-jupiter,Runway,USED_BY
Nike Football,Nike Football,,101,100,0,1,0,0,0,0,0,0,0,0,internvid;runway-jupiter,internvid;runway-jupiter,ByteDance;Runway;Stability AI,USED_BY
marimekko,marimekko,,72,72,0,0,0,0,0,0,0,0,0,0,runway-jupiter,runway-jupiter,Runway,USED_BY
Yoflaminga - Yoga with Jenny Hirtz,Yoflaminga - Yoga with Jenny Hirtz,,121,121,0,0,0,0,0,0,0,0,0,0,runway-jupiter,runway-jupiter,Runway,USED_BY
SCARPA North America,SCARPA North America,,157,156,0,0,0,0,0,0,0,0,0,1,runway-jupiter;youtube8m,runway-jupiter,Runway,USED_BY
Mavericks Awards,Mavericks Awards,,122,121,0,1,0,0,0,0,0,0,0,0,internvid;runway-jupiter,internvid;runway-jupiter,ByteDance;Runway;Stability AI,USED_BY
footbag jaworzno,footbag jaworzno,,88,88,0,0,0,0,0,0,0,0,0,0,runway-jupiter,runway-jupiter,Runway,USED_BY
The Letter Loft,The Letter Loft,,103,103,0,0,0,0,0,0,0,0,0,0,runway-jupiter,runway-jupiter,Runway,USED_BY
ArchiPro,ArchiPro,,119,118,0,1,0,0,0,0,0,0,0,0,internvid;runway-jupiter,internvid;runway-jupiter,ByteDance;Runway;Stability AI,USED_BY
Aquatic Apes,Aquatic Apes,,224,162,0,62,0,0,0,0,0,0,0,0,internvid;runway-jupiter,internvid;runway-jupiter,ByteDance;Runway;Stability AI,USED_BY
Awesome Machi,Awesome Machi,,134,134,0,0,0,0,0,0,0,0,0,0,runway-jupiter,runway-jupiter,Runway,USED_BY
Erick Jacquin,Erick Jacquin,,117,116,0,1,0,0,0,0,0,0,0,0,internvid;runway-jupiter,internvid;runway-jupiter,ByteDance;Runway;Stability AI,USED_BY
ArmWrestleNation,ArmWrestleNation,,36,36,0,0,0,0,0,0,0,0,0,0,runway-jupiter,runway-jupiter,Runway,USED_BY
Breuninger,Breuninger,,71,70,0,0,0,0,0,0,0,0,0,1,runway-jupiter;youtube8m,runway-jupiter,Runway,USED_BY
ITFBeachTennis,ITFBeachTennis,,79,64,0,15,0,0,0,0,0,0,0,0,internvid;runway-jupiter,internvid;runway-jupiter,ByteDance;Runway;Stability AI,USED_BY
Oreo's little black editor,Oreo's little black editor,,197,197,0,0,0,0,0,0,0,0,0,0,runway-jupiter,runway-jupiter,Runway,USED_BY
Samurai Matcha,Samurai Matcha,,90,87,0,3,0,0,0,0,0,0,0,0,internvid;runway-jupiter,internvid;runway-jupiter,ByteDance;Runway;Stability AI,USED_BY
benjiplant,benjiplant,,101,97,0,4,0,0,0,0,0,0,0,0,internvid;runway-jupiter,internvid;runway-jupiter,ByteDance;Runway;Stability AI,USED_BY
Abe Kislevitz,Abe Kislevitz,,174,131,15,0,5,5,5,0,4,2,1,6,hdvg130m;hdvila100m;koala36m;openvid1m;panda70m;runway-jupiter;vidgen1m;youtube8m;yttemporal-180m,hdvg130m;hdvila100m;openvid1m;runway-jupiter;vidgen1m;yttemporal-180m,Allen Institute for AI;Amazon;ByteDance;Kuaishou;Meta;Microsoft;Nvidia;Runway;Snap;Tencent;University of Washington,USED_BY
ShoreBoarders,ShoreBoarders,,63,62,0,0,0,0,0,0,0,0,0,1,runway-jupiter;youtube8m,runway-jupiter,Runway,USED_BY
Total Dramarama Official,Total Dramarama Official,,153,153,0,0,0,0,0,0,0,0,0,0,runway-jupiter,runway-jupiter,Runway,USED_BY
House Dad Life,House Dad Life,,129,126,0,3,0,0,0,0,0,0,0,0,internvid;runway-jupiter,internvid;runway-jupiter,ByteDance;Runway;Stability AI,USED_BY
officialpsy,officialpsy,,133,104,0,27,0,0,0,0,0,0,0,2,internvid;runway-jupiter;youtube8m,internvid;runway-jupiter,ByteDance;Runway;Stability AI,USED_BY
Cine para la noche,Cine para la noche,,26,26,0,0,0,0,0,0,0,0,0,0,runway-jupiter,runway-jupiter,Runway,USED_BY
Footage Kontor,Footage Kontor,,56,56,0,0,0,0,0,0,0,0,0,0,runway-jupiter,runway-jupiter,Runway,USED_BY
SuperBike Racer,SuperBike Racer,,220,213,0,7,0,0,0,0,0,0,0,0,internvid;runway-jupiter,internvid;runway-jupiter,ByteDance;Runway;Stability AI,USED_BY
Tour Tamu Africa,Tour Tamu Africa,,33,33,0,0,0,0,0,0,0,0,0,0,runway-jupiter,runway-jupiter,Runway,USED_BY
Aerial Photography Ireland,Aerial Photography Ireland,,16,16,0,0,0,0,0,0,0,0,0,0,runway-jupiter,runway-jupiter,Runway,USED_BY
Folding And Art Tutorial,Folding And Art Tutorial,,159,133,0,24,0,0,0,0,0,0,0,2,internvid;runway-jupiter;youtube8m,internvid;runway-jupiter,ByteDance;Runway;Stability AI,USED_BY
Maarten Nauta,Maarten Nauta,,67,67,0,0,0,0,0,0,0,0,0,0,runway-jupiter,runway-jupiter,Runway,USED_BY
Anders Botnmark (Aphotography),Anders Botnmark (Aphotography),,69,69,0,0,0,0,0,0,0,0,0,0,runway-jupiter,runway-jupiter,Runway,USED_BY
Modern Juggling,Modern Juggling,,112,105,0,7,0,0,0,0,0,0,0,0,internvid;runway-jupiter,internvid;runway-jupiter,ByteDance;Runway;Stability AI,USED_BY
Brett Vercoe,Brett Vercoe,,77,76,0,0,0,0,0,0,0,0,0,1,runway-jupiter;youtube8m,runway-jupiter,Runway,USED_BY
Ich mische lecker,Ich mische lecker,,165,165,0,0,0,0,0,0,0,0,0,0,runway-jupiter,runway-jupiter,Runway,USED_BY
Judo live,Judo live,,72,72,0,0,0,0,0,0,0,0,0,0,runway-jupiter,runway-jupiter,Runway,USED_BY
VISUALDON,VISUALDON,,111,111,0,0,0,0,0,0,0,0,0,0,runway-jupiter,runway-jupiter,Runway,USED_BY
Foxtrot Alpha,Foxtrot Alpha,,108,105,0,3,0,0,0,0,0,0,0,0,internvid;runway-jupiter,internvid;runway-jupiter,ByteDance;Runway;Stability AI,USED_BY
Benjamin Hardman,Benjamin Hardman,,63,63,0,0,0,0,0,0,0,0,0,0,runway-jupiter,runway-jupiter,Runway,USED_BY
Ermia Ramez,Ermia Ramez,,11,11,0,0,0,0,0,0,0,0,0,0,runway-jupiter,runway-jupiter,Runway,USED_BY
Jacob Toniolo,Jacob Toniolo,,9,9,0,0,0,0,0,0,0,0,0,0,runway-jupiter,runway-jupiter,Runway,USED_BY
Audible Hands,Audible Hands,,27,26,0,1,0,0,0,0,0,0,0,0,internvid;runway-jupiter,internvid;runway-jupiter,ByteDance;Runway;Stability AI,USED_BY
Movie Man,Movie Man,,28,26,0,2,0,0,0,0,0,0,0,0,internvid;runway-jupiter,internvid;runway-jupiter,ByteDance;Runway;Stability AI,USED_BY
Denis Barbas,Denis Barbas,,63,63,0,0,0,0,0,0,0,0,0,0,runway-jupiter,runway-jupiter,Runway,USED_BY
Team Running Husky,Team Running Husky,,46,43,0,3,0,0,0,0,0,0,0,0,internvid;runway-jupiter,internvid;runway-jupiter,ByteDance;Runway;Stability AI,USED_BY
Fables & Fells,Fables & Fells,,20,19,0,1,0,0,0,0,0,0,0,0,internvid;runway-jupiter,internvid;runway-jupiter,ByteDance;Runway;Stability AI,USED_BY
Vindi's Kitchen,Vindi's Kitchen,,48,48,0,0,0,0,0,0,0,0,0,0,runway-jupiter,runway-jupiter,Runway,USED_BY
SNO-GO Ski Bikes,SNO-GO Ski Bikes,,38,38,0,0,0,0,0,0,0,0,0,0,runway-jupiter,runway-jupiter,Runway,USED_BY
Jay Alvarrez,Jay Alvarrez,,26,26,0,0,0,0,0,0,0,0,0,0,runway-jupiter,runway-jupiter,Runway,USED_BY
Run & Jump,Run & Jump,,36,32,0,4,0,0,0,0,0,0,0,0,internvid;runway-jupiter,internvid;runway-jupiter,ByteDance;Runway;Stability AI,USED_BY
Apollo Mission Documentaries,Apollo Mission Documentaries,,9,9,0,0,0,0,0,0,0,0,0,0,runway-jupiter,runway-jupiter,Runway,USED_BY
Scenic Scenes,Scenic Scenes,,106,106,0,0,0,0,0,0,0,0,0,0,runway-jupiter,runway-jupiter,Runway,USED_BY
Leaf of Life,Leaf of Life,,65,62,0,3,0,0,0,0,0,0,0,0,internvid;runway-jupiter,internvid;runway-jupiter,ByteDance;Runway;Stability AI,USED_BY
TravelPixified,TravelPixified,,52,52,0,0,0,0,0,0,0,0,0,0,runway-jupiter,runway-jupiter,Runway,USED_BY
ISHITANI FURNITURE,ISHITANI FURNITURE,,63,58,0,5,0,0,0,0,0,0,0,0,internvid;runway-jupiter,internvid;runway-jupiter,ByteDance;Runway;Stability AI,USED_BY
Go Explore Greece,Go Explore Greece,,31,31,0,0,0,0,0,0,0,0,0,0,runway-jupiter,runway-jupiter,Runway,USED_BY
Sunset Drive California,Sunset Drive California,,58,58,0,0,0,0,0,0,0,0,0,0,runway-jupiter,runway-jupiter,Runway,USED_BY
NZ Trucks And Trailers,NZ Trucks And Trailers,,45,45,0,0,0,0,0,0,0,0,0,0,runway-jupiter,runway-jupiter,Runway,USED_BY
ROLL Recovery,ROLL Recovery,,113,112,0,1,0,0,0,0,0,0,0,0,internvid;runway-jupiter,internvid;runway-jupiter,ByteDance;Runway;Stability AI,USED_BY
NightmarePB,NightmarePB,,6,3,0,3,0,0,0,0,0,0,0,0,internvid;runway-jupiter,internvid;runway-jupiter,ByteDance;Runway;Stability AI,USED_BY
HuuHa Woodart,HuuHa Woodart,,12,12,0,0,0,0,0,0,0,0,0,0,runway-jupiter,runway-jupiter,Runway,USED_BY
Paper Dolls✏️🎨,Paper Dolls✏️🎨,,35,35,0,0,0,0,0,0,0,0,0,0,runway-jupiter,runway-jupiter,Runway,USED_BY
Kiun B,Kiun B,,60,47,0,13,0,0,0,0,0,0,0,0,internvid;runway-jupiter,internvid;runway-jupiter,ByteDance;Runway;Stability AI,USED_BY
Hugo Moussy,Hugo Moussy,,30,29,0,1,0,0,0,0,0,0,0,0,internvid;runway-jupiter,internvid;runway-jupiter,ByteDance;Runway;Stability AI,USED_BY
Maria og skogen,Maria og skogen,,64,64,0,0,0,0,0,0,0,0,0,0,runway-jupiter,runway-jupiter,Runway,USED_BY
Katy James,Katy James,,55,55,0,0,0,0,0,0,0,0,0,0,runway-jupiter,runway-jupiter,Runway,USED_BY
Lucy Cao,Lucy Cao,,58,58,0,0,0,0,0,0,0,0,0,0,runway-jupiter,runway-jupiter,Runway,USED_BY
Anime Luna,Anime Luna,,52,52,0,0,0,0,0,0,0,0,0,0,runway-jupiter,runway-jupiter,Runway,USED_BY
full-swing,full-swing,,10,5,0,5,0,0,0,0,0,0,0,0,internvid;runway-jupiter,internvid;runway-jupiter,ByteDance;Runway;Stability AI,USED_BY
Bart Blom,Bart Blom,,78,78,0,0,0,0,0,0,0,0,0,0,runway-jupiter,runway-jupiter,Runway,USED_BY
Simply Three,Simply Three,,87,84,0,2,0,0,0,0,0,0,0,1,internvid;runway-jupiter;youtube8m,internvid;runway-jupiter,ByteDance;Runway;Stability AI,USED_BY
Clairmont,Clairmont,,66,66,0,0,0,0,0,0,0,0,0,0,runway-jupiter,runway-jupiter,Runway,USED_BY
Sax Spy,Sax Spy,,178,178,0,0,0,0,0,0,0,0,0,0,runway-jupiter,runway-jupiter,Runway,USED_BY
The Carpentry Life,The Carpentry Life,,79,79,0,0,0,0,0,0,0,0,0,0,runway-jupiter,runway-jupiter,Runway,USED_BY
Jiya Kapur Films,Jiya Kapur Films,,45,44,0,1,0,0,0,0,0,0,0,0,internvid;runway-jupiter,internvid;runway-jupiter,ByteDance;Runway;Stability AI,USED_BY
Avatar Legends,Avatar Legends,,8,4,0,4,0,0,0,0,0,0,0,0,internvid;runway-jupiter,internvid;runway-jupiter,ByteDance;Runway;Stability AI,USED_BY
ANDBERY | Andrei Beresnev,ANDBERY | Andrei Beresnev,,31,30,0,1,0,0,0,0,0,0,0,0,internvid;runway-jupiter,internvid;runway-jupiter,ByteDance;Runway;Stability AI,USED_BY
Give Cheese a Chance,Give Cheese a Chance,,28,28,0,0,0,0,0,0,0,0,0,0,runway-jupiter,runway-jupiter,Runway,USED_BY
Sheepdog Trials,Sheepdog Trials,,57,56,0,1,0,0,0,0,0,0,0,0,internvid;runway-jupiter,internvid;runway-jupiter,ByteDance;Runway;Stability AI,USED_BY
A Working Catalogue,A Working Catalogue,,196,194,0,0,1,0,0,1,0,0,0,0,howto100m;panda70m;runway-jupiter,runway-jupiter,Runway,USED_BY
Christian F. Puglisi,Christian F. Puglisi,,56,56,0,0,0,0,0,0,0,0,0,0,runway-jupiter,runway-jupiter,Runway,USED_BY
JUST MICHELLE,JUST MICHELLE,,84,84,0,0,0,0,0,0,0,0,0,0,runway-jupiter,runway-jupiter,Runway,USED_BY
Ignited Flames,Ignited Flames,,45,45,0,0,0,0,0,0,0,0,0,0,runway-jupiter,runway-jupiter,Runway,USED_BY
Red Panda - Morty,Red Panda - Morty,,88,88,0,0,0,0,0,0,0,0,0,0,runway-jupiter,runway-jupiter,Runway,USED_BY
Domenic Biagini,Domenic Biagini,,125,125,0,0,0,0,0,0,0,0,0,0,runway-jupiter,runway-jupiter,Runway,USED_BY
Parte Graff,Parte Graff,,72,72,0,0,0,0,0,0,0,0,0,0,runway-jupiter,runway-jupiter,Runway,USED_BY
YZR,YZR,,73,73,0,0,0,0,0,0,0,0,0,0,runway-jupiter,runway-jupiter,Runway,USED_BY
Shah Bappu London cycling,Shah Bappu London cycling,,49,49,0,0,0,0,0,0,0,0,0,0,runway-jupiter,runway-jupiter,Runway,USED_BY
Extreme Tricks,Extreme Tricks,,36,33,0,3,0,0,0,0,0,0,0,0,internvid;runway-jupiter,internvid;runway-jupiter,ByteDance;Runway;Stability AI,USED_BY
Crafty Girl Shirin,Crafty Girl Shirin,,69,69,0,0,0,0,0,0,0,0,0,0,runway-jupiter,runway-jupiter,Runway,USED_BY
2CELLOS,2CELLOS,,190,170,0,11,0,0,0,0,0,0,0,9,internvid;runway-jupiter;youtube8m,internvid;runway-jupiter,ByteDance;Runway;Stability AI,USED_BY
KAFRI,KAFRI,,96,96,0,0,0,0,0,0,0,0,0,0,runway-jupiter,runway-jupiter,Runway,USED_BY
Colorful World,Colorful World,,50,47,0,3,0,0,0,0,0,0,0,0,internvid;runway-jupiter,internvid;runway-jupiter,ByteDance;Runway;Stability AI,USED_BY
lemoncholy,lemoncholy,,14,14,0,0,0,0,0,0,0,0,0,0,runway-jupiter,runway-jupiter,Runway,USED_BY
The Dragon Prince,The Dragon Prince,,24,23,0,1,0,0,0,0,0,0,0,0,internvid;runway-jupiter,internvid;runway-jupiter,ByteDance;Runway;Stability AI,USED_BY
Imperial Potato,Imperial Potato,,71,71,0,0,0,0,0,0,0,0,0,0,runway-jupiter,runway-jupiter,Runway,USED_BY
Coach Micah B.,Coach Micah B.,,76,76,0,0,0,0,0,0,0,0,0,0,runway-jupiter,runway-jupiter,Runway,USED_BY
Momo Journal ASMR,Momo Journal ASMR,,45,45,0,0,0,0,0,0,0,0,0,0,runway-jupiter,runway-jupiter,Runway,USED_BY
EMEDE MEOS,EMEDE MEOS,,36,36,0,0,0,0,0,0,0,0,0,0,runway-jupiter,runway-jupiter,Runway,USED_BY
HP Walking Tours,HP Walking Tours,,84,84,0,0,0,0,0,0,0,0,0,0,runway-jupiter,runway-jupiter,Runway,USED_BY
inkpacked Stock Footage,inkpacked Stock Footage,,20,20,0,0,0,0,0,0,0,0,0,0,runway-jupiter,runway-jupiter,Runway,USED_BY
Soma Fotography™ official,Soma Fotography™ official,,72,72,0,0,0,0,0,0,0,0,0,0,runway-jupiter,runway-jupiter,Runway,USED_BY
MOJO hookah lounge,MOJO hookah lounge,,141,132,1,6,1,0,0,1,0,0,0,0,howto100m;internvid;panda70m;runway-jupiter;yttemporal-180m,internvid;runway-jupiter;yttemporal-180m,Allen Institute for AI;ByteDance;Runway;Stability AI;University of Washington,USED_BY
CartoonBrew.com Official,CartoonBrew.com Official,,85,85,0,0,0,0,0,0,0,0,0,0,runway-jupiter,runway-jupiter,Runway,USED_BY
Abitibi Sled Dogs,Abitibi Sled Dogs,,77,77,0,0,0,0,0,0,0,0,0,0,runway-jupiter,runway-jupiter,Runway,USED_BY
Invasion Of The Stickers,Invasion Of The Stickers,,95,95,0,0,0,0,0,0,0,0,0,0,runway-jupiter,runway-jupiter,Runway,USED_BY
Max the Greyhound,Max the Greyhound,,55,55,0,0,0,0,0,0,0,0,0,0,runway-jupiter,runway-jupiter,Runway,USED_BY
Valrtin,Valrtin,,69,69,0,0,0,0,0,0,0,0,0,0,runway-jupiter,runway-jupiter,Runway,USED_BY
Gravity Official,Gravity Official,,49,49,0,0,0,0,0,0,0,0,0,0,runway-jupiter,runway-jupiter,Runway,USED_BY
Karl Shakur,Karl Shakur,,85,85,0,0,0,0,0,0,0,0,0,0,runway-jupiter,runway-jupiter,Runway,USED_BY
Meaning,Meaning,,113,110,0,3,0,0,0,0,0,0,0,0,internvid;runway-jupiter,internvid;runway-jupiter,ByteDance;Runway;Stability AI,USED_BY
프롬더춤 • From the 춤,프롬더춤 • From the 춤,,105,105,0,0,0,0,0,0,0,0,0,0,runway-jupiter,runway-jupiter,Runway,USED_BY
Sanna Vaara,Sanna Vaara,,44,44,0,0,0,0,0,0,0,0,0,0,runway-jupiter,runway-jupiter,Runway,USED_BY
thevirts,thevirts,,67,63,1,1,1,0,0,1,0,0,0,0,howto100m;internvid;panda70m;runway-jupiter;yttemporal-180m,internvid;runway-jupiter;yttemporal-180m,Allen Institute for AI;ByteDance;Runway;Stability AI;University of Washington,USED_BY
Airbender Dogs,Airbender Dogs,,8,8,0,0,0,0,0,0,0,0,0,0,runway-jupiter,runway-jupiter,Runway,USED_BY
NV STUDIOZ,NV STUDIOZ,,101,101,0,0,0,0,0,0,0,0,0,0,runway-jupiter,runway-jupiter,Runway,USED_BY
SERA MEDIA,SERA MEDIA,,49,38,1,6,2,0,0,2,0,0,0,0,howto100m;internvid;panda70m;runway-jupiter;yttemporal-180m,internvid;runway-jupiter;yttemporal-180m,Allen Institute for AI;ByteDance;Runway;Stability AI;University of Washington,USED_BY
Joe Wilson,Joe Wilson,,56,50,0,0,0,0,0,0,0,0,0,6,runway-jupiter;youtube8m,runway-jupiter,Runway,USED_BY
Relaxing Sounds Of Nature,Relaxing Sounds Of Nature,,83,83,0,0,0,0,0,0,0,0,0,0,runway-jupiter,runway-jupiter,Runway,USED_BY
Slow Waves,Slow Waves,,55,54,0,1,0,0,0,0,0,0,0,0,internvid;runway-jupiter,internvid;runway-jupiter,ByteDance;Runway;Stability AI,USED_BY
We Bare Bears Hindi,We Bare Bears Hindi,,50,47,0,3,0,0,0,0,0,0,0,0,internvid;runway-jupiter,internvid;runway-jupiter,ByteDance;Runway;Stability AI,USED_BY
Sounds Like Greece,Sounds Like Greece,,92,92,0,0,0,0,0,0,0,0,0,0,runway-jupiter,runway-jupiter,Runway,USED_BY
Lewis Wilby,Lewis Wilby,,55,53,0,0,0,0,0,0,0,0,0,2,runway-jupiter;youtube8m,runway-jupiter,Runway,USED_BY
BIT - BASE inspired travels,BIT - BASE inspired travels,,81,72,0,9,0,0,0,0,0,0,0,0,internvid;runway-jupiter,internvid;runway-jupiter,ByteDance;Runway;Stability AI,USED_BY
Extra Throttle House,Extra Throttle House,,68,67,0,1,0,0,0,0,0,0,0,0,internvid;runway-jupiter,internvid;runway-jupiter,ByteDance;Runway;Stability AI,USED_BY
Yo-Yo Ma,Yo-Yo Ma,,40,40,0,0,0,0,0,0,0,0,0,0,runway-jupiter,runway-jupiter,Runway,USED_BY
Mike Gray,Mike Gray,,75,74,0,1,0,0,0,0,0,0,0,0,internvid;runway-jupiter,internvid;runway-jupiter,ByteDance;Runway;Stability AI,USED_BY
Fishing & Adventure TV,Fishing & Adventure TV,,98,97,0,1,0,0,0,0,0,0,0,0,internvid;runway-jupiter,internvid;runway-jupiter,ByteDance;Runway;Stability AI,USED_BY
Main Track Trains,Main Track Trains,,94,94,0,0,0,0,0,0,0,0,0,0,runway-jupiter,runway-jupiter,Runway,USED_BY
Murlykin Yaroslav,Murlykin Yaroslav,,45,45,0,0,0,0,0,0,0,0,0,0,runway-jupiter,runway-jupiter,Runway,USED_BY
Flow Mayhem,Flow Mayhem,,91,83,2,0,3,0,0,3,0,0,0,0,howto100m;panda70m;runway-jupiter;yttemporal-180m,runway-jupiter;yttemporal-180m,Allen Institute for AI;Runway;University of Washington,USED_BY
Kierran Allen,Kierran Allen,,60,60,0,0,0,0,0,0,0,0,0,0,runway-jupiter,runway-jupiter,Runway,USED_BY
Kyle Erickson,Kyle Erickson,,135,132,0,3,0,0,0,0,0,0,0,0,internvid;runway-jupiter,internvid;runway-jupiter,ByteDance;Runway;Stability AI,USED_BY
Listening to Earth LLC,Listening to Earth LLC,,24,24,0,0,0,0,0,0,0,0,0,0,runway-jupiter,runway-jupiter,Runway,USED_BY
AJ Hackett Bungy NZ,AJ Hackett Bungy NZ,,90,89,0,0,0,0,0,0,0,0,0,1,runway-jupiter;youtube8m,runway-jupiter,Runway,USED_BY
Cleaning Concept,Cleaning Concept,,64,64,0,0,0,0,0,0,0,0,0,0,runway-jupiter,runway-jupiter,Runway,USED_BY
Caveman Hikes,Caveman Hikes,,41,37,0,4,0,0,0,0,0,0,0,0,internvid;runway-jupiter,internvid;runway-jupiter,ByteDance;Runway;Stability AI,USED_BY
시골할매 Sigol Halmae,시골할매 Sigol Halmae,,98,84,0,14,0,0,0,0,0,0,0,0,internvid;runway-jupiter,internvid;runway-jupiter,ByteDance;Runway;Stability AI,USED_BY
RelaxCorner ASMR,RelaxCorner ASMR,,133,133,0,0,0,0,0,0,0,0,0,0,runway-jupiter,runway-jupiter,Runway,USED_BY
Cinewatch,Cinewatch,,32,32,0,0,0,0,0,0,0,0,0,0,runway-jupiter,runway-jupiter,Runway,USED_BY
Brice Savina,Brice Savina,,39,38,0,1,0,0,0,0,0,0,0,0,internvid;runway-jupiter,internvid;runway-jupiter,ByteDance;Runway;Stability AI,USED_BY
DDAKS 딱스 - Shoe shine ASMR 구두닦기,DDAKS 딱스 - Shoe shine ASMR 구두닦기,,58,58,0,0,0,0,0,0,0,0,0,0,runway-jupiter,runway-jupiter,Runway,USED_BY
Incredible Mission,Incredible Mission,,51,51,0,0,0,0,0,0,0,0,0,0,runway-jupiter,runway-jupiter,Runway,USED_BY
AC/DC,AC/DC,,153,152,0,1,0,0,0,0,0,0,0,0,internvid;runway-jupiter,internvid;runway-jupiter,ByteDance;Runway;Stability AI,USED_BY
hirokazu yokohara,hirokazu yokohara,,72,72,0,0,0,0,0,0,0,0,0,0,runway-jupiter,runway-jupiter,Runway,USED_BY
Future Proof,Future Proof,,106,101,0,5,0,0,0,0,0,0,0,0,internvid;runway-jupiter,internvid;runway-jupiter,ByteDance;Runway;Stability AI,USED_BY
Primitive Technology Idea,Primitive Technology Idea,,176,164,0,8,1,0,0,1,0,2,0,0,howto100m;internvid;openvid1m;panda70m;runway-jupiter,internvid;openvid1m;runway-jupiter,Amazon;ByteDance;Kuaishou;Microsoft;Nvidia;Runway;Stability AI,USED_BY
"jung de gung ""Housekeeping Pemula""","jung de gung ""Housekeeping Pemula""",,186,179,0,7,0,0,0,0,0,0,0,0,internvid;runway-jupiter,internvid;runway-jupiter,ByteDance;Runway;Stability AI,USED_BY
adventuremore,adventuremore,,30,29,0,0,0,0,0,0,0,0,0,1,runway-jupiter;youtube8m,runway-jupiter,Runway,USED_BY
Geoff Sobering,Geoff Sobering,,78,78,0,0,0,0,0,0,0,0,0,0,runway-jupiter,runway-jupiter,Runway,USED_BY
Shot By Enis,Shot By Enis,,22,22,0,0,0,0,0,0,0,0,0,0,runway-jupiter,runway-jupiter,Runway,USED_BY
Medalcore - Paintball,Medalcore - Paintball,,48,48,0,0,0,0,0,0,0,0,0,0,runway-jupiter,runway-jupiter,Runway,USED_BY
Szalagavató Videózás,Szalagavató Videózás,,154,154,0,0,0,0,0,0,0,0,0,0,runway-jupiter,runway-jupiter,Runway,USED_BY
Leo Torres,Leo Torres,,74,72,0,1,0,0,0,0,0,0,0,1,internvid;runway-jupiter;youtube8m,internvid;runway-jupiter,ByteDance;Runway;Stability AI,USED_BY
Starry Sky,Starry Sky,,90,89,0,1,0,0,0,0,0,0,0,0,internvid;runway-jupiter,internvid;runway-jupiter,ByteDance;Runway;Stability AI,USED_BY
MajorTom,MajorTom,,100,100,0,0,0,0,0,0,0,0,0,0,runway-jupiter,runway-jupiter,Runway,USED_BY
Steve Booker,Steve Booker,,331,172,71,0,18,17,17,1,11,10,10,4,hdvg130m;hdvila100m;howto100m;koala36m;openvid1m;panda70m;runway-jupiter;vidgen1m;youtube8m;yttemporal-180m,hdvg130m;hdvila100m;openvid1m;runway-jupiter;vidgen1m;yttemporal-180m,Allen Institute for AI;Amazon;ByteDance;Kuaishou;Meta;Microsoft;Nvidia;Runway;Snap;Tencent;University of Washington,USED_BY
TACTYC Studio,TACTYC Studio,,45,45,0,0,0,0,0,0,0,0,0,0,runway-jupiter,runway-jupiter,Runway,USED_BY
TraceLynn Films,TraceLynn Films,,55,55,0,0,0,0,0,0,0,0,0,0,runway-jupiter,runway-jupiter,Runway,USED_BY
Alejandro Torres,Alejandro Torres,,36,30,1,0,1,0,0,1,0,0,0,3,howto100m;panda70m;runway-jupiter;youtube8m;yttemporal-180m,runway-jupiter;yttemporal-180m,Allen Institute for AI;Runway;University of Washington,USED_BY
ヒゲとわたし,ヒゲとわたし,,109,102,0,7,0,0,0,0,0,0,0,0,internvid;runway-jupiter,internvid;runway-jupiter,ByteDance;Runway;Stability AI,USED_BY
Dashcam Stockholm - Random Adventures,Dashcam Stockholm - Random Adventures,,33,33,0,0,0,0,0,0,0,0,0,0,runway-jupiter,runway-jupiter,Runway,USED_BY
CP Media,CP Media,,45,38,0,1,0,0,0,0,0,0,0,6,internvid;runway-jupiter;youtube8m,internvid;runway-jupiter,ByteDance;Runway;Stability AI,USED_BY
EJ’s Training Camp,EJ’s Training Camp,,76,76,0,0,0,0,0,0,0,0,0,0,runway-jupiter,runway-jupiter,Runway,USED_BY
Tim Spisar,Tim Spisar,,28,28,0,0,0,0,0,0,0,0,0,0,runway-jupiter,runway-jupiter,Runway,USED_BY
iconicfilms,iconicfilms,,63,63,0,0,0,0,0,0,0,0,0,0,runway-jupiter,runway-jupiter,Runway,USED_BY
Terrace Garden,Terrace Garden,,120,112,0,8,0,0,0,0,0,0,0,0,internvid;runway-jupiter,internvid;runway-jupiter,ByteDance;Runway;Stability AI,USED_BY
Sky High Flying Canines,Sky High Flying Canines,,215,211,0,3,0,0,0,0,0,0,0,1,internvid;runway-jupiter;youtube8m,internvid;runway-jupiter,ByteDance;Runway;Stability AI,USED_BY
Goat Daddy's,Goat Daddy's,,121,121,0,0,0,0,0,0,0,0,0,0,runway-jupiter,runway-jupiter,Runway,USED_BY
CHASSE EMBARQUEE,CHASSE EMBARQUEE,,32,29,0,1,0,0,0,0,0,0,0,2,internvid;runway-jupiter;youtube8m,internvid;runway-jupiter,ByteDance;Runway;Stability AI,USED_BY
SirM Productions,SirM Productions,,38,38,0,0,0,0,0,0,0,0,0,0,runway-jupiter,runway-jupiter,Runway,USED_BY
Beach Walk,Beach Walk,,46,46,0,0,0,0,0,0,0,0,0,0,runway-jupiter,runway-jupiter,Runway,USED_BY
Curious Archive,Curious Archive,,78,78,0,0,0,0,0,0,0,0,0,0,runway-jupiter,runway-jupiter,Runway,USED_BY
ShortClips,ShortClips,,220,159,13,6,11,11,10,0,5,4,1,0,hdvg130m;hdvila100m;internvid;koala36m;openvid1m;panda70m;runway-jupiter;vidgen1m;yttemporal-180m,hdvg130m;hdvila100m;internvid;openvid1m;runway-jupiter;vidgen1m;yttemporal-180m,Allen Institute for AI;Amazon;ByteDance;Kuaishou;Meta;Microsoft;Nvidia;Runway;Snap;Stability AI;Tencent;University of Washington,USED_BY
MetroBoominVEVO,MetroBoominVEVO,,28,27,0,1,0,0,0,0,0,0,0,0,internvid;runway-jupiter,internvid;runway-jupiter,ByteDance;Runway;Stability AI,USED_BY
lotusinhand,lotusinhand,,70,69,0,1,0,0,0,0,0,0,0,0,internvid;runway-jupiter,internvid;runway-jupiter,ByteDance;Runway;Stability AI,USED_BY
The Modern House,The Modern House,,89,87,0,2,0,0,0,0,0,0,0,0,internvid;runway-jupiter,internvid;runway-jupiter,ByteDance;Runway;Stability AI,USED_BY
Tim Kellner,Tim Kellner,,38,38,0,0,0,0,0,0,0,0,0,0,runway-jupiter,runway-jupiter,Runway,USED_BY
824am,824am,,33,33,0,0,0,0,0,0,0,0,0,0,runway-jupiter,runway-jupiter,Runway,USED_BY
Fujimaru Sharpener,Fujimaru Sharpener,,45,45,0,0,0,0,0,0,0,0,0,0,runway-jupiter,runway-jupiter,Runway,USED_BY
LanaDelReyVEVO,LanaDelReyVEVO,,81,70,0,11,0,0,0,0,0,0,0,0,internvid;runway-jupiter,internvid;runway-jupiter,ByteDance;Runway;Stability AI,USED_BY
Mediawan Kids & Family,Mediawan Kids & Family,,78,78,0,0,0,0,0,0,0,0,0,0,runway-jupiter,runway-jupiter,Runway,USED_BY
Vicitori arts,Vicitori arts,,98,98,0,0,0,0,0,0,0,0,0,0,runway-jupiter,runway-jupiter,Runway,USED_BY
Matt Horne Pottery,Matt Horne Pottery,,49,48,0,1,0,0,0,0,0,0,0,0,internvid;runway-jupiter,internvid;runway-jupiter,ByteDance;Runway;Stability AI,USED_BY
ComicaL TV,ComicaL TV,,79,76,0,3,0,0,0,0,0,0,0,0,internvid;runway-jupiter,internvid;runway-jupiter,ByteDance;Runway;Stability AI,USED_BY
Nayan Bashar,Nayan Bashar,,18,18,0,0,0,0,0,0,0,0,0,0,runway-jupiter,runway-jupiter,Runway,USED_BY
Pharrell Williams,Pharrell Williams,,59,59,0,0,0,0,0,0,0,0,0,0,runway-jupiter,runway-jupiter,Runway,USED_BY
Malabar Gold and Diamonds,Malabar Gold and Diamonds,,81,80,0,0,0,0,0,0,0,0,0,1,runway-jupiter;youtube8m,runway-jupiter,Runway,USED_BY
dronujemy_com,dronujemy_com,,57,57,0,0,0,0,0,0,0,0,0,0,runway-jupiter,runway-jupiter,Runway,USED_BY
ROUND III,ROUND III,,21,20,0,1,0,0,0,0,0,0,0,0,internvid;runway-jupiter,internvid;runway-jupiter,ByteDance;Runway;Stability AI,USED_BY
Naomi SV,Naomi SV,,55,52,0,3,0,0,0,0,0,0,0,0,internvid;runway-jupiter,internvid;runway-jupiter,ByteDance;Runway;Stability AI,USED_BY
All Things Foxes,All Things Foxes,,45,43,0,2,0,0,0,0,0,0,0,0,internvid;runway-jupiter,internvid;runway-jupiter,ByteDance;Runway;Stability AI,USED_BY
Ellis van Jason,Ellis van Jason,,38,38,0,0,0,0,0,0,0,0,0,0,runway-jupiter,runway-jupiter,Runway,USED_BY
Mack Trucks,Mack Trucks,,124,124,0,0,0,0,0,0,0,0,0,0,runway-jupiter,runway-jupiter,Runway,USED_BY
Fruity Tech,Fruity Tech,,56,56,0,0,0,0,0,0,0,0,0,0,runway-jupiter,runway-jupiter,Runway,USED_BY
MAWI United,MAWI United,,83,83,0,0,0,0,0,0,0,0,0,0,runway-jupiter,runway-jupiter,Runway,USED_BY
"Państwowy Zespół Ludowy Pieśni i Tańca ""Mazowsze""","Państwowy Zespół Ludowy Pieśni i Tańca ""Mazowsze""",,78,78,0,0,0,0,0,0,0,0,0,0,runway-jupiter,runway-jupiter,Runway,USED_BY
AnnaLapwoodVEVO,AnnaLapwoodVEVO,,20,20,0,0,0,0,0,0,0,0,0,0,runway-jupiter,runway-jupiter,Runway,USED_BY
ACMofficial,ACMofficial,,126,124,0,2,0,0,0,0,0,0,0,0,internvid;runway-jupiter,internvid;runway-jupiter,ByteDance;Runway;Stability AI,USED_BY
Vintage Wine Estates,Vintage Wine Estates,,78,78,0,0,0,0,0,0,0,0,0,0,runway-jupiter,runway-jupiter,Runway,USED_BY
BalloonArtOnline,BalloonArtOnline,,66,61,1,2,1,0,0,1,0,0,0,0,howto100m;internvid;panda70m;runway-jupiter;yttemporal-180m,internvid;runway-jupiter;yttemporal-180m,Allen Institute for AI;ByteDance;Runway;Stability AI;University of Washington,USED_BY
Kai Mother,Kai Mother,,79,79,0,0,0,0,0,0,0,0,0,0,runway-jupiter,runway-jupiter,Runway,USED_BY
Team Dogracing,Team Dogracing,,53,53,0,0,0,0,0,0,0,0,0,0,runway-jupiter,runway-jupiter,Runway,USED_BY
Reynard Lowell,Reynard Lowell,,117,106,0,11,0,0,0,0,0,0,0,0,internvid;runway-jupiter,internvid;runway-jupiter,ByteDance;Runway;Stability AI,USED_BY
Badminutiae,Badminutiae,,56,56,0,0,0,0,0,0,0,0,0,0,runway-jupiter,runway-jupiter,Runway,USED_BY
Andy B,Andy B,,59,52,1,0,2,0,0,2,0,0,0,2,howto100m;panda70m;runway-jupiter;youtube8m;yttemporal-180m,runway-jupiter;yttemporal-180m,Allen Institute for AI;Runway;University of Washington,USED_BY
Beauty Herbs & Tea,Beauty Herbs & Tea,,59,59,0,0,0,0,0,0,0,0,0,0,runway-jupiter,runway-jupiter,Runway,USED_BY
15-Minute Learning with Baby Shark & Pinkfong,15-Minute Learning with Baby Shark & Pinkfong,,65,65,0,0,0,0,0,0,0,0,0,0,runway-jupiter,runway-jupiter,Runway,USED_BY
Sofles,Sofles,,65,64,0,0,0,0,0,0,0,0,0,1,runway-jupiter;youtube8m,runway-jupiter,Runway,USED_BY
The Solomon Society,The Solomon Society,,46,45,0,0,0,0,0,0,0,0,0,1,runway-jupiter;youtube8m,runway-jupiter,Runway,USED_BY
Whispering Willow Wild Care,Whispering Willow Wild Care,,56,56,0,0,0,0,0,0,0,0,0,0,runway-jupiter,runway-jupiter,Runway,USED_BY
Liene Andreta Kalnciema,Liene Andreta Kalnciema,,20,20,0,0,0,0,0,0,0,0,0,0,runway-jupiter,runway-jupiter,Runway,USED_BY
Jack Evans,Jack Evans,,55,55,0,0,0,0,0,0,0,0,0,0,runway-jupiter,runway-jupiter,Runway,USED_BY
Giga Ovgod,Giga Ovgod,,76,75,0,1,0,0,0,0,0,0,0,0,internvid;runway-jupiter,internvid;runway-jupiter,ByteDance;Runway;Stability AI,USED_BY
Trickline Collective,Trickline Collective,,30,29,0,1,0,0,0,0,0,0,0,0,internvid;runway-jupiter,internvid;runway-jupiter,ByteDance;Runway;Stability AI,USED_BY
Relaxation Film,Relaxation Film,,79,79,0,0,0,0,0,0,0,0,0,0,runway-jupiter,runway-jupiter,Runway,USED_BY
INFINITY MAXX,INFINITY MAXX,,49,49,0,0,0,0,0,0,0,0,0,0,runway-jupiter,runway-jupiter,Runway,USED_BY
free stock video hf,free stock video hf,,42,42,0,0,0,0,0,0,0,0,0,0,runway-jupiter,runway-jupiter,Runway,USED_BY
Owen Farmer - Unicyclist,Owen Farmer - Unicyclist,,41,41,0,0,0,0,0,0,0,0,0,0,runway-jupiter,runway-jupiter,Runway,USED_BY
Anna Lapwood,Anna Lapwood,,95,93,0,2,0,0,0,0,0,0,0,0,internvid;runway-jupiter,internvid;runway-jupiter,ByteDance;Runway;Stability AI,USED_BY
Blackened Shadow,Blackened Shadow,,36,36,0,0,0,0,0,0,0,0,0,0,runway-jupiter,runway-jupiter,Runway,USED_BY
Rebel Massage,Rebel Massage,,238,93,51,8,24,24,24,0,9,2,3,0,hdvg130m;hdvila100m;internvid;koala36m;openvid1m;panda70m;runway-jupiter;vidgen1m;yttemporal-180m,hdvg130m;hdvila100m;internvid;openvid1m;runway-jupiter;vidgen1m;yttemporal-180m,Allen Institute for AI;Amazon;ByteDance;Kuaishou;Meta;Microsoft;Nvidia;Runway;Snap;Stability AI;Tencent;University of Washington,USED_BY
Joe Greer,Joe Greer,,25,25,0,0,0,0,0,0,0,0,0,0,runway-jupiter,runway-jupiter,Runway,USED_BY
lavapix,lavapix,,129,129,0,0,0,0,0,0,0,0,0,0,runway-jupiter,runway-jupiter,Runway,USED_BY
Mountain Unicycling Network International MUNI,Mountain Unicycling Network International MUNI,,16,16,0,0,0,0,0,0,0,0,0,0,runway-jupiter,runway-jupiter,Runway,USED_BY
Rashid Freestyler,Rashid Freestyler,,71,71,0,0,0,0,0,0,0,0,0,0,runway-jupiter,runway-jupiter,Runway,USED_BY
Ahmad Anwar,Ahmad Anwar,,13,13,0,0,0,0,0,0,0,0,0,0,runway-jupiter,runway-jupiter,Runway,USED_BY
Northey Films,Northey Films,,91,91,0,0,0,0,0,0,0,0,0,0,runway-jupiter,runway-jupiter,Runway,USED_BY
Jet Tech,Jet Tech,,50,49,0,1,0,0,0,0,0,0,0,0,internvid;runway-jupiter,internvid;runway-jupiter,ByteDance;Runway;Stability AI,USED_BY
Tadas Travel,Tadas Travel,,31,30,0,1,0,0,0,0,0,0,0,0,internvid;runway-jupiter,internvid;runway-jupiter,ByteDance;Runway;Stability AI,USED_BY
Unicycle School,Unicycle School,,36,33,0,2,0,0,0,0,0,0,0,1,internvid;runway-jupiter;youtube8m,internvid;runway-jupiter,ByteDance;Runway;Stability AI,USED_BY
Eric Packer,Eric Packer,,9,8,0,1,0,0,0,0,0,0,0,0,internvid;runway-jupiter,internvid;runway-jupiter,ByteDance;Runway;Stability AI,USED_BY
8K Earth,8K Earth,,186,186,0,0,0,0,0,0,0,0,0,0,runway-jupiter,runway-jupiter,Runway,USED_BY
Aris Papaspyros,Aris Papaspyros,,38,38,0,0,0,0,0,0,0,0,0,0,runway-jupiter,runway-jupiter,Runway,USED_BY
Matthew Encina,Matthew Encina,,68,44,5,7,3,2,2,1,3,0,1,0,hdvg130m;hdvila100m;howto100m;internvid;koala36m;panda70m;runway-jupiter;vidgen1m;yttemporal-180m,hdvg130m;hdvila100m;internvid;runway-jupiter;vidgen1m;yttemporal-180m,Allen Institute for AI;Amazon;ByteDance;Meta;Nvidia;Runway;Snap;Stability AI;Tencent;University of Washington,USED_BY
Team Liquid CSGO,Team Liquid CSGO,,4,4,0,0,0,0,0,0,0,0,0,0,runway-jupiter,runway-jupiter,Runway,USED_BY
Moskoni,Moskoni,,8,7,0,0,0,0,0,0,0,0,0,1,runway-jupiter;youtube8m,runway-jupiter,Runway,USED_BY
Boyan Georgiev,Boyan Georgiev,,9,8,0,0,0,0,0,0,0,0,0,1,runway-jupiter;youtube8m,runway-jupiter,Runway,USED_BY
Liam Vickers Animation,Liam Vickers Animation,,16,16,0,0,0,0,0,0,0,0,0,0,runway-jupiter,runway-jupiter,Runway,USED_BY
Tight Loops,Tight Loops,,35,34,0,1,0,0,0,0,0,0,0,0,internvid;runway-jupiter,internvid;runway-jupiter,ByteDance;Runway;Stability AI,USED_BY
Alyne Media,Alyne Media,,23,23,0,0,0,0,0,0,0,0,0,0,runway-jupiter,runway-jupiter,Runway,USED_BY
SandCastle Building - Andy Hancock,SandCastle Building - Andy Hancock,,4,3,0,1,0,0,0,0,0,0,0,0,internvid;runway-jupiter,internvid;runway-jupiter,ByteDance;Runway;Stability AI,USED_BY
Nathan McBride,Nathan McBride,,60,60,0,0,0,0,0,0,0,0,0,0,runway-jupiter,runway-jupiter,Runway,USED_BY
Manuel Bravo,Manuel Bravo,,51,48,0,3,0,0,0,0,0,0,0,0,internvid;runway-jupiter,internvid;runway-jupiter,ByteDance;Runway;Stability AI,USED_BY
antoine janssens,antoine janssens,,23,19,1,0,1,1,1,0,0,0,0,0,hdvila100m;koala36m;panda70m;runway-jupiter;yttemporal-180m,hdvila100m;runway-jupiter;yttemporal-180m,Allen Institute for AI;ByteDance;Meta;Runway;Snap;Tencent;University of Washington,USED_BY
FarmBox Foods,FarmBox Foods,,13,13,0,0,0,0,0,0,0,0,0,0,runway-jupiter,runway-jupiter,Runway,USED_BY
Life On Top,Life On Top,,2,2,0,0,0,0,0,0,0,0,0,0,runway-jupiter,runway-jupiter,Runway,USED_BY
GameNews,GameNews,,12,7,0,0,1,1,1,0,0,0,0,2,hdvila100m;koala36m;panda70m;runway-jupiter;youtube8m,hdvila100m;runway-jupiter,ByteDance;Meta;Runway;Snap;Tencent,USED_BY
Canoe The North,Canoe The North,,21,21,0,0,0,0,0,0,0,0,0,0,runway-jupiter,runway-jupiter,Runway,USED_BY
graincheck,graincheck,,27,27,0,0,0,0,0,0,0,0,0,0,runway-jupiter,runway-jupiter,Runway,USED_BY
Warner Bros.,Warner Bros.,,9,5,0,4,0,0,0,0,0,0,0,0,internvid;runway-jupiter,internvid;runway-jupiter,ByteDance;Runway;Stability AI,USED_BY
OneStopChop,OneStopChop,,104,103,0,1,0,0,0,0,0,0,0,0,internvid;runway-jupiter,internvid;runway-jupiter,ByteDance;Runway;Stability AI,USED_BY
Four Keys Book Arts,Four Keys Book Arts,,47,45,0,2,0,0,0,0,0,0,0,0,internvid;runway-jupiter,internvid;runway-jupiter,ByteDance;Runway;Stability AI,USED_BY
Lostranquility,Lostranquility,,30,30,0,0,0,0,0,0,0,0,0,0,runway-jupiter,runway-jupiter,Runway,USED_BY
Dan Noakes,Dan Noakes,,74,73,0,1,0,0,0,0,0,0,0,0,internvid;runway-jupiter,internvid;runway-jupiter,ByteDance;Runway;Stability AI,USED_BY
Lahari Music | T-Series,Lahari Music | T-Series,,8,4,0,4,0,0,0,0,0,0,0,0,internvid;runway-jupiter,internvid;runway-jupiter,ByteDance;Runway;Stability AI,USED_BY
AwesomeTech,AwesomeTech,,74,71,0,3,0,0,0,0,0,0,0,0,internvid;runway-jupiter,internvid;runway-jupiter,ByteDance;Runway;Stability AI,USED_BY
Miranda Productions,Miranda Productions,,14,14,0,0,0,0,0,0,0,0,0,0,runway-jupiter,runway-jupiter,Runway,USED_BY
PUREFILMS,PUREFILMS,,20,18,0,2,0,0,0,0,0,0,0,0,internvid;runway-jupiter,internvid;runway-jupiter,ByteDance;Runway;Stability AI,USED_BY
DownUnderDutchie,DownUnderDutchie,,31,31,0,0,0,0,0,0,0,0,0,0,runway-jupiter,runway-jupiter,Runway,USED_BY
Now or Never Travel,Now or Never Travel,,43,43,0,0,0,0,0,0,0,0,0,0,runway-jupiter,runway-jupiter,Runway,USED_BY
OWL Rehab,OWL Rehab,,79,79,0,0,0,0,0,0,0,0,0,0,runway-jupiter,runway-jupiter,Runway,USED_BY
Vitaly Tesh,Vitaly Tesh,,96,92,0,4,0,0,0,0,0,0,0,0,internvid;runway-jupiter,internvid;runway-jupiter,ByteDance;Runway;Stability AI,USED_BY
African Penguin & Seabird Sanctuary,African Penguin & Seabird Sanctuary,,30,30,0,0,0,0,0,0,0,0,0,0,runway-jupiter,runway-jupiter,Runway,USED_BY
Laser Pictures,Laser Pictures,,23,23,0,0,0,0,0,0,0,0,0,0,runway-jupiter,runway-jupiter,Runway,USED_BY
Brushstroke Painting Guides,Brushstroke Painting Guides,,34,34,0,0,0,0,0,0,0,0,0,0,runway-jupiter,runway-jupiter,Runway,USED_BY
J Yom,J Yom,,49,49,0,0,0,0,0,0,0,0,0,0,runway-jupiter,runway-jupiter,Runway,USED_BY
Tom Park,Tom Park,,157,156,0,1,0,0,0,0,0,0,0,0,internvid;runway-jupiter,internvid;runway-jupiter,ByteDance;Runway;Stability AI,USED_BY
Sheepdog Trials Live,Sheepdog Trials Live,,85,78,0,7,0,0,0,0,0,0,0,0,internvid;runway-jupiter,internvid;runway-jupiter,ByteDance;Runway;Stability AI,USED_BY
UniquelyNYC,UniquelyNYC,,18,18,0,0,0,0,0,0,0,0,0,0,runway-jupiter,runway-jupiter,Runway,USED_BY
Best Cat Games & Videos,Best Cat Games & Videos,,84,84,0,0,0,0,0,0,0,0,0,0,runway-jupiter,runway-jupiter,Runway,USED_BY
Alex Rogers,Alex Rogers,,46,45,0,0,0,0,0,0,0,0,0,1,runway-jupiter;youtube8m,runway-jupiter,Runway,USED_BY
Adolfo Folk,Adolfo Folk,,77,77,0,0,0,0,0,0,0,0,0,0,runway-jupiter,runway-jupiter,Runway,USED_BY
Kristian Pletten,Kristian Pletten,,67,67,0,0,0,0,0,0,0,0,0,0,runway-jupiter,runway-jupiter,Runway,USED_BY
ttzach123,ttzach123,,91,91,0,0,0,0,0,0,0,0,0,0,runway-jupiter,runway-jupiter,Runway,USED_BY
Amethyst Vazquez,Amethyst Vazquez,,89,89,0,0,0,0,0,0,0,0,0,0,runway-jupiter,runway-jupiter,Runway,USED_BY
Cooper's Ferry Site,Cooper's Ferry Site,,88,88,0,0,0,0,0,0,0,0,0,0,runway-jupiter,runway-jupiter,Runway,USED_BY
SUNDS Media,SUNDS Media,,34,34,0,0,0,0,0,0,0,0,0,0,runway-jupiter,runway-jupiter,Runway,USED_BY
serr,serr,,31,29,0,2,0,0,0,0,0,0,0,0,internvid;runway-jupiter,internvid;runway-jupiter,ByteDance;Runway;Stability AI,USED_BY
MorganWallenVEVO,MorganWallenVEVO,,82,71,0,11,0,0,0,0,0,0,0,0,internvid;runway-jupiter,internvid;runway-jupiter,ByteDance;Runway;Stability AI,USED_BY
Sea N Surf Bali,Sea N Surf Bali,,80,80,0,0,0,0,0,0,0,0,0,0,runway-jupiter,runway-jupiter,Runway,USED_BY
Ollie Media,Ollie Media,,47,47,0,0,0,0,0,0,0,0,0,0,runway-jupiter,runway-jupiter,Runway,USED_BY
IURETA e,IURETA e,,43,43,0,0,0,0,0,0,0,0,0,0,runway-jupiter,runway-jupiter,Runway,USED_BY
Craig of the Creek,Craig of the Creek,,75,75,0,0,0,0,0,0,0,0,0,0,runway-jupiter,runway-jupiter,Runway,USED_BY
Riona Moon,Riona Moon,,69,69,0,0,0,0,0,0,0,0,0,0,runway-jupiter,runway-jupiter,Runway,USED_BY
Advanced Sheep Shearing,Advanced Sheep Shearing,,28,28,0,0,0,0,0,0,0,0,0,0,runway-jupiter,runway-jupiter,Runway,USED_BY
Sam Newton,Sam Newton,,84,82,0,1,0,0,0,0,0,0,0,1,internvid;runway-jupiter;youtube8m,internvid;runway-jupiter,ByteDance;Runway;Stability AI,USED_BY
Jared Henderson,Jared Henderson,,48,47,0,0,0,0,0,0,0,0,0,1,runway-jupiter;youtube8m,runway-jupiter,Runway,USED_BY
Great Escapes,Great Escapes,,21,21,0,0,0,0,0,0,0,0,0,0,runway-jupiter,runway-jupiter,Runway,USED_BY
Max's Massage,Max's Massage,,14,14,0,0,0,0,0,0,0,0,0,0,runway-jupiter,runway-jupiter,Runway,USED_BY
THE SPOTTING CHANNEL,THE SPOTTING CHANNEL,,36,35,0,1,0,0,0,0,0,0,0,0,internvid;runway-jupiter,internvid;runway-jupiter,ByteDance;Runway;Stability AI,USED_BY
Croquet Innovations,Croquet Innovations,,47,47,0,0,0,0,0,0,0,0,0,0,runway-jupiter,runway-jupiter,Runway,USED_BY
Joshua Turner,Joshua Turner,,46,45,0,0,0,0,0,0,0,0,0,1,runway-jupiter;youtube8m,runway-jupiter,Runway,USED_BY
XDubai,XDubai,,29,28,0,1,0,0,0,0,0,0,0,0,internvid;runway-jupiter,internvid;runway-jupiter,ByteDance;Runway;Stability AI,USED_BY
4K Clips HDR,4K Clips HDR,,75,74,0,1,0,0,0,0,0,0,0,0,internvid;runway-jupiter,internvid;runway-jupiter,ByteDance;Runway;Stability AI,USED_BY
Dudes With Attitude,Dudes With Attitude,,17,17,0,0,0,0,0,0,0,0,0,0,runway-jupiter,runway-jupiter,Runway,USED_BY
ArborJason,ArborJason,,84,80,0,4,0,0,0,0,0,0,0,0,internvid;runway-jupiter,internvid;runway-jupiter,ByteDance;Runway;Stability AI,USED_BY
Sea kayaking Cornwall,Sea kayaking Cornwall,,54,50,0,0,0,0,0,0,0,0,0,4,runway-jupiter;youtube8m,runway-jupiter,Runway,USED_BY
InkwellMedia,InkwellMedia,,33,32,0,1,0,0,0,0,0,0,0,0,internvid;runway-jupiter,internvid;runway-jupiter,ByteDance;Runway;Stability AI,USED_BY
Life Of Riza,Life Of Riza,,32,32,0,0,0,0,0,0,0,0,0,0,runway-jupiter,runway-jupiter,Runway,USED_BY
Duga Brow studio,Duga Brow studio,,27,25,0,2,0,0,0,0,0,0,0,0,internvid;runway-jupiter,internvid;runway-jupiter,ByteDance;Runway;Stability AI,USED_BY
Adrian Preda,Adrian Preda,,48,47,0,1,0,0,0,0,0,0,0,0,internvid;runway-jupiter,internvid;runway-jupiter,ByteDance;Runway;Stability AI,USED_BY
Secrets of Solo,Secrets of Solo,,50,43,0,7,0,0,0,0,0,0,0,0,internvid;runway-jupiter,internvid;runway-jupiter,ByteDance;Runway;Stability AI,USED_BY
Morgan Wallen,Morgan Wallen,,77,69,0,8,0,0,0,0,0,0,0,0,internvid;runway-jupiter,internvid;runway-jupiter,ByteDance;Runway;Stability AI,USED_BY
thelifeofnello,thelifeofnello,,44,44,0,0,0,0,0,0,0,0,0,0,runway-jupiter,runway-jupiter,Runway,USED_BY
HR BOX,HR BOX,,19,19,0,0,0,0,0,0,0,0,0,0,runway-jupiter,runway-jupiter,Runway,USED_BY
WELT Space,WELT Space,,129,129,0,0,0,0,0,0,0,0,0,0,runway-jupiter,runway-jupiter,Runway,USED_BY
Gaming Let Loose,Gaming Let Loose,,66,66,0,0,0,0,0,0,0,0,0,0,runway-jupiter,runway-jupiter,Runway,USED_BY
Taylor Morgan,Taylor Morgan,,29,16,1,0,2,1,1,2,2,2,1,1,hdvg130m;hdvila100m;howto100m;koala36m;openvid1m;panda70m;runway-jupiter;vidgen1m;youtube8m;yttemporal-180m,hdvg130m;hdvila100m;openvid1m;runway-jupiter;vidgen1m;yttemporal-180m,Allen Institute for AI;Amazon;ByteDance;Kuaishou;Meta;Microsoft;Nvidia;Runway;Snap;Tencent;University of Washington,USED_BY
Tom Mulligan,Tom Mulligan,,47,37,0,9,0,0,0,0,0,0,0,1,internvid;runway-jupiter;youtube8m,internvid;runway-jupiter,ByteDance;Runway;Stability AI,USED_BY
Caden Novikoff,Caden Novikoff,,40,37,0,3,0,0,0,0,0,0,0,0,internvid;runway-jupiter,internvid;runway-jupiter,ByteDance;Runway;Stability AI,USED_BY
Weyland,Weyland,,49,44,0,0,1,1,1,0,2,0,0,0,hdvg130m;hdvila100m;koala36m;panda70m;runway-jupiter,hdvg130m;hdvila100m;runway-jupiter,ByteDance;Meta;Nvidia;Runway;Snap;Tencent,USED_BY
SchoolArtisanFood,SchoolArtisanFood,,60,33,6,0,6,1,1,6,0,6,1,0,hdvila100m;howto100m;koala36m;openvid1m;panda70m;runway-jupiter;vidgen1m;yttemporal-180m,hdvila100m;openvid1m;runway-jupiter;vidgen1m;yttemporal-180m,Allen Institute for AI;Amazon;ByteDance;Kuaishou;Meta;Microsoft;Nvidia;Runway;Snap;Tencent;University of Washington,USED_BY
Joshua Wann,Joshua Wann,,21,21,0,0,0,0,0,0,0,0,0,0,runway-jupiter,runway-jupiter,Runway,USED_BY
BRO COOLING,BRO COOLING,,78,77,0,1,0,0,0,0,0,0,0,0,internvid;runway-jupiter,internvid;runway-jupiter,ByteDance;Runway;Stability AI,USED_BY
Desmond Yuen,Desmond Yuen,,82,82,0,0,0,0,0,0,0,0,0,0,runway-jupiter,runway-jupiter,Runway,USED_BY
Simon Kim,Simon Kim,,50,49,0,1,0,0,0,0,0,0,0,0,internvid;runway-jupiter,internvid;runway-jupiter,ByteDance;Runway;Stability AI,USED_BY
Иван Усанов,Иван Усанов,,32,30,0,2,0,0,0,0,0,0,0,0,internvid;runway-jupiter,internvid;runway-jupiter,ByteDance;Runway;Stability AI,USED_BY
Gatewood Brown,Gatewood Brown,,61,56,0,5,0,0,0,0,0,0,0,0,internvid;runway-jupiter,internvid;runway-jupiter,ByteDance;Runway;Stability AI,USED_BY
Ouzz FPV,Ouzz FPV,,53,53,0,0,0,0,0,0,0,0,0,0,runway-jupiter,runway-jupiter,Runway,USED_BY
Recap-kun,Recap-kun,,88,88,0,0,0,0,0,0,0,0,0,0,runway-jupiter,runway-jupiter,Runway,USED_BY
Workshop Insider,Workshop Insider,,54,54,0,0,0,0,0,0,0,0,0,0,runway-jupiter,runway-jupiter,Runway,USED_BY
JoHannes | Wingsuit,JoHannes | Wingsuit,,116,115,0,1,0,0,0,0,0,0,0,0,internvid;runway-jupiter,internvid;runway-jupiter,ByteDance;Runway;Stability AI,USED_BY
Elliot Grafton,Elliot Grafton,,30,30,0,0,0,0,0,0,0,0,0,0,runway-jupiter,runway-jupiter,Runway,USED_BY
RJ Knits,RJ Knits,,170,76,17,3,21,8,8,19,7,8,2,1,hdvg130m;hdvila100m;howto100m;internvid;koala36m;openvid1m;panda70m;runway-jupiter;vidgen1m;youtube8m;yttemporal-180m,hdvg130m;hdvila100m;internvid;openvid1m;runway-jupiter;vidgen1m;yttemporal-180m,Allen Institute for AI;Amazon;ByteDance;Kuaishou;Meta;Microsoft;Nvidia;Runway;Snap;Stability AI;Tencent;University of Washington,USED_BY
Full 15 Sumo,Full 15 Sumo,,49,49,0,0,0,0,0,0,0,0,0,0,runway-jupiter,runway-jupiter,Runway,USED_BY
Virtual Running Adventures,Virtual Running Adventures,,52,52,0,0,0,0,0,0,0,0,0,0,runway-jupiter,runway-jupiter,Runway,USED_BY
Ghost Protocol,Ghost Protocol,,18,17,0,0,0,0,0,0,0,0,0,1,runway-jupiter;youtube8m,runway-jupiter,Runway,USED_BY
Boxing Legacy,Boxing Legacy,,39,39,0,0,0,0,0,0,0,0,0,0,runway-jupiter,runway-jupiter,Runway,USED_BY
Vikram Neeham,Vikram Neeham,,27,27,0,0,0,0,0,0,0,0,0,0,runway-jupiter,runway-jupiter,Runway,USED_BY
Taiflow,Taiflow,,106,99,0,7,0,0,0,0,0,0,0,0,internvid;runway-jupiter,internvid;runway-jupiter,ByteDance;Runway;Stability AI,USED_BY
Bentz Productions,Bentz Productions,,36,35,0,1,0,0,0,0,0,0,0,0,internvid;runway-jupiter,internvid;runway-jupiter,ByteDance;Runway;Stability AI,USED_BY
MGKVEVO,MGKVEVO,,113,92,0,21,0,0,0,0,0,0,0,0,internvid;runway-jupiter,internvid;runway-jupiter,ByteDance;Runway;Stability AI,USED_BY
THE WAKE CHANNEL,THE WAKE CHANNEL,,97,96,0,1,0,0,0,0,0,0,0,0,internvid;runway-jupiter,internvid;runway-jupiter,ByteDance;Runway;Stability AI,USED_BY
Dylan Ayala,Dylan Ayala,,54,54,0,0,0,0,0,0,0,0,0,0,runway-jupiter,runway-jupiter,Runway,USED_BY
Simon YAOJIA Folder Gluer,Simon YAOJIA Folder Gluer,,18,18,0,0,0,0,0,0,0,0,0,0,runway-jupiter,runway-jupiter,Runway,USED_BY
All Clean Power Wash,All Clean Power Wash,,60,60,0,0,0,0,0,0,0,0,0,0,runway-jupiter,runway-jupiter,Runway,USED_BY
Robbie Maynard,Robbie Maynard,,68,67,0,0,0,0,0,0,0,0,0,1,runway-jupiter;youtube8m,runway-jupiter,Runway,USED_BY
Virtual Running Videos,Virtual Running Videos,,115,115,0,0,0,0,0,0,0,0,0,0,runway-jupiter,runway-jupiter,Runway,USED_BY
BogdanovStas,BogdanovStas,,141,129,0,12,0,0,0,0,0,0,0,0,internvid;runway-jupiter,internvid;runway-jupiter,ByteDance;Runway;Stability AI,USED_BY
kurage0814,kurage0814,,81,79,0,2,0,0,0,0,0,0,0,0,internvid;runway-jupiter,internvid;runway-jupiter,ByteDance;Runway;Stability AI,USED_BY
Osamu Hasegawa Films,Osamu Hasegawa Films,,63,63,0,0,0,0,0,0,0,0,0,0,runway-jupiter,runway-jupiter,Runway,USED_BY
ChelseaKauai,ChelseaKauai,,59,59,0,0,0,0,0,0,0,0,0,0,runway-jupiter,runway-jupiter,Runway,USED_BY
BROOKI,BROOKI,,93,88,0,1,1,1,0,0,0,0,0,2,hdvila100m;internvid;panda70m;runway-jupiter;youtube8m,hdvila100m;internvid;runway-jupiter,ByteDance;Meta;Runway;Snap;Stability AI;Tencent,USED_BY
Will Darbyshire,Will Darbyshire,,51,51,0,0,0,0,0,0,0,0,0,0,runway-jupiter,runway-jupiter,Runway,USED_BY
Exotic Rubber,Exotic Rubber,,73,72,0,1,0,0,0,0,0,0,0,0,internvid;runway-jupiter,internvid;runway-jupiter,ByteDance;Runway;Stability AI,USED_BY
Alexandra Ilieva,Alexandra Ilieva,,25,25,0,0,0,0,0,0,0,0,0,0,runway-jupiter,runway-jupiter,Runway,USED_BY
aconofficial,aconofficial,,70,69,0,1,0,0,0,0,0,0,0,0,internvid;runway-jupiter,internvid;runway-jupiter,ByteDance;Runway;Stability AI,USED_BY
tbs.johansson,tbs.johansson,,10,10,0,0,0,0,0,0,0,0,0,0,runway-jupiter,runway-jupiter,Runway,USED_BY
Stray Paws Clips,Stray Paws Clips,,81,81,0,0,0,0,0,0,0,0,0,0,runway-jupiter,runway-jupiter,Runway,USED_BY
Danny Strasser,Danny Strasser,,116,101,0,6,1,1,1,0,0,0,1,5,hdvila100m;internvid;koala36m;panda70m;runway-jupiter;vidgen1m;youtube8m,hdvila100m;internvid;runway-jupiter;vidgen1m,Amazon;ByteDance;Meta;Nvidia;Runway;Snap;Stability AI;Tencent,USED_BY
Cristian Ramírez,Cristian Ramírez,,9,9,0,0,0,0,0,0,0,0,0,0,runway-jupiter,runway-jupiter,Runway,USED_BY
Dive Hard,Dive Hard,,39,39,0,0,0,0,0,0,0,0,0,0,runway-jupiter,runway-jupiter,Runway,USED_BY
PROJECT1,PROJECT1,,45,44,0,0,0,0,0,0,0,0,0,1,runway-jupiter;youtube8m,runway-jupiter,Runway,USED_BY
Sumit At Sea,Sumit At Sea,,21,20,0,1,0,0,0,0,0,0,0,0,internvid;runway-jupiter,internvid;runway-jupiter,ByteDance;Runway;Stability AI,USED_BY
Foxstar Media,Foxstar Media,,98,98,0,0,0,0,0,0,0,0,0,0,runway-jupiter,runway-jupiter,Runway,USED_BY
Eighty20 Barber Academy,Eighty20 Barber Academy,,80,80,0,0,0,0,0,0,0,0,0,0,runway-jupiter,runway-jupiter,Runway,USED_BY
KNtheRabbit,KNtheRabbit,,50,50,0,0,0,0,0,0,0,0,0,0,runway-jupiter,runway-jupiter,Runway,USED_BY
Andrew Bernard | The Nard Dog Cooks,Andrew Bernard | The Nard Dog Cooks,,88,85,0,3,0,0,0,0,0,0,0,0,internvid;runway-jupiter,internvid;runway-jupiter,ByteDance;Runway;Stability AI,USED_BY
Zeddyzi,Zeddyzi,,54,54,0,0,0,0,0,0,0,0,0,0,runway-jupiter,runway-jupiter,Runway,USED_BY
Mind Society,Mind Society,,76,76,0,0,0,0,0,0,0,0,0,0,runway-jupiter,runway-jupiter,Runway,USED_BY
Ardagh Sheepdogs,Ardagh Sheepdogs,,55,51,0,3,0,0,0,0,0,0,0,1,internvid;runway-jupiter;youtube8m,internvid;runway-jupiter,ByteDance;Runway;Stability AI,USED_BY
Gabriel Andre,Gabriel Andre,,26,26,0,0,0,0,0,0,0,0,0,0,runway-jupiter,runway-jupiter,Runway,USED_BY
Joe Garth,Joe Garth,,63,63,0,0,0,0,0,0,0,0,0,0,runway-jupiter,runway-jupiter,Runway,USED_BY
Dan Foley,Dan Foley,,44,41,0,2,0,0,0,0,0,0,0,1,internvid;runway-jupiter;youtube8m,internvid;runway-jupiter,ByteDance;Runway;Stability AI,USED_BY
AmbaViation,AmbaViation,,39,39,0,0,0,0,0,0,0,0,0,0,runway-jupiter,runway-jupiter,Runway,USED_BY
Mystique Movement,Mystique Movement,,32,32,0,0,0,0,0,0,0,0,0,0,runway-jupiter,runway-jupiter,Runway,USED_BY
viewfindings,viewfindings,,34,34,0,0,0,0,0,0,0,0,0,0,runway-jupiter,runway-jupiter,Runway,USED_BY
Dominique Domingo,Dominique Domingo,,22,22,0,0,0,0,0,0,0,0,0,0,runway-jupiter,runway-jupiter,Runway,USED_BY
Wafrika Disc Dog,Wafrika Disc Dog,,51,45,0,6,0,0,0,0,0,0,0,0,internvid;runway-jupiter,internvid;runway-jupiter,ByteDance;Runway;Stability AI,USED_BY
Portage : BlottiContreMoi,Portage : BlottiContreMoi,,56,56,0,0,0,0,0,0,0,0,0,0,runway-jupiter,runway-jupiter,Runway,USED_BY
Vincent MITSINDO,Vincent MITSINDO,,36,36,0,0,0,0,0,0,0,0,0,0,runway-jupiter,runway-jupiter,Runway,USED_BY
Over & Out,Over & Out,,74,72,0,2,0,0,0,0,0,0,0,0,internvid;runway-jupiter,internvid;runway-jupiter,ByteDance;Runway;Stability AI,USED_BY
RS. art crafts design,RS. art crafts design,,80,78,0,2,0,0,0,0,0,0,0,0,internvid;runway-jupiter,internvid;runway-jupiter,ByteDance;Runway;Stability AI,USED_BY
Nainoa Langer,Nainoa Langer,,42,42,0,0,0,0,0,0,0,0,0,0,runway-jupiter,runway-jupiter,Runway,USED_BY
Leon Faraday,Leon Faraday,,44,41,0,3,0,0,0,0,0,0,0,0,internvid;runway-jupiter,internvid;runway-jupiter,ByteDance;Runway;Stability AI,USED_BY
Scientific Animations,Scientific Animations,,101,98,0,2,0,0,0,0,0,0,0,1,internvid;runway-jupiter;youtube8m,internvid;runway-jupiter,ByteDance;Runway;Stability AI,USED_BY
Karol Plucinski,Karol Plucinski,,37,37,0,0,0,0,0,0,0,0,0,0,runway-jupiter,runway-jupiter,Runway,USED_BY
juniorpetjua,juniorpetjua,,44,43,0,0,0,0,0,0,0,0,0,1,runway-jupiter;youtube8m,runway-jupiter,Runway,USED_BY
Blacksmith Nung An - Vietnam,Blacksmith Nung An - Vietnam,,35,35,0,0,0,0,0,0,0,0,0,0,runway-jupiter,runway-jupiter,Runway,USED_BY
Harukawa Film Works,Harukawa Film Works,,53,53,0,0,0,0,0,0,0,0,0,0,runway-jupiter,runway-jupiter,Runway,USED_BY
AstroTV,AstroTV,,54,53,0,0,0,0,0,0,0,0,0,1,runway-jupiter;youtube8m,runway-jupiter,Runway,USED_BY
Lana Del Rey,Lana Del Rey,,35,31,0,4,0,0,0,0,0,0,0,0,internvid;runway-jupiter,internvid;runway-jupiter,ByteDance;Runway;Stability AI,USED_BY
England Korfball,England Korfball,,55,54,0,1,0,0,0,0,0,0,0,0,internvid;runway-jupiter,internvid;runway-jupiter,ByteDance;Runway;Stability AI,USED_BY
DRY STONE TV,DRY STONE TV,,50,50,0,0,0,0,0,0,0,0,0,0,runway-jupiter,runway-jupiter,Runway,USED_BY
GoCleanCo,GoCleanCo,,93,93,0,0,0,0,0,0,0,0,0,0,runway-jupiter,runway-jupiter,Runway,USED_BY
Abhishek Sachidanandan,Abhishek Sachidanandan,,64,64,0,0,0,0,0,0,0,0,0,0,runway-jupiter,runway-jupiter,Runway,USED_BY
Survival Food,Survival Food,,40,40,0,0,0,0,0,0,0,0,0,0,runway-jupiter,runway-jupiter,Runway,USED_BY
Nestor,Nestor,,25,24,0,1,0,0,0,0,0,0,0,0,internvid;runway-jupiter,internvid;runway-jupiter,ByteDance;Runway;Stability AI,USED_BY
Oxymap,Oxymap,,36,36,0,0,0,0,0,0,0,0,0,0,runway-jupiter,runway-jupiter,Runway,USED_BY
James Graves,James Graves,,55,51,0,0,1,1,0,0,0,0,1,1,hdvila100m;panda70m;runway-jupiter;vidgen1m;youtube8m,hdvila100m;runway-jupiter;vidgen1m,Amazon;ByteDance;Meta;Nvidia;Runway;Snap;Tencent,USED_BY
StripHair Gentle Groomer,StripHair Gentle Groomer,,53,52,0,1,0,0,0,0,0,0,0,0,internvid;runway-jupiter,internvid;runway-jupiter,ByteDance;Runway;Stability AI,USED_BY
Benedikt Meyer,Benedikt Meyer,,26,26,0,0,0,0,0,0,0,0,0,0,runway-jupiter,runway-jupiter,Runway,USED_BY
Tyler Karow,Tyler Karow,,74,74,0,0,0,0,0,0,0,0,0,0,runway-jupiter,runway-jupiter,Runway,USED_BY
Mr. Oh,Mr. Oh,,42,40,0,2,0,0,0,0,0,0,0,0,internvid;runway-jupiter,internvid;runway-jupiter,ByteDance;Runway;Stability AI,USED_BY
CrazyAccordion Trio,CrazyAccordion Trio,,47,43,0,1,0,0,0,0,0,0,0,3,internvid;runway-jupiter;youtube8m,internvid;runway-jupiter,ByteDance;Runway;Stability AI,USED_BY
CozyClouds ASMR,CozyClouds ASMR,,67,67,0,0,0,0,0,0,0,0,0,0,runway-jupiter,runway-jupiter,Runway,USED_BY
Bryan Birks,Bryan Birks,,56,56,0,0,0,0,0,0,0,0,0,0,runway-jupiter,runway-jupiter,Runway,USED_BY
Santosh Zung Rana,Santosh Zung Rana,,20,19,0,1,0,0,0,0,0,0,0,0,internvid;runway-jupiter,internvid;runway-jupiter,ByteDance;Runway;Stability AI,USED_BY
Dr Jessica Gomez,Dr Jessica Gomez,,94,94,0,0,0,0,0,0,0,0,0,0,runway-jupiter,runway-jupiter,Runway,USED_BY
Bukketball,Bukketball,,25,25,0,0,0,0,0,0,0,0,0,0,runway-jupiter,runway-jupiter,Runway,USED_BY
Dutch The Hooligan,Dutch The Hooligan,,328,134,52,5,32,30,29,3,15,12,16,0,hdvg130m;hdvila100m;howto100m;internvid;koala36m;openvid1m;panda70m;runway-jupiter;vidgen1m;yttemporal-180m,hdvg130m;hdvila100m;internvid;openvid1m;runway-jupiter;vidgen1m;yttemporal-180m,Allen Institute for AI;Amazon;ByteDance;Kuaishou;Meta;Microsoft;Nvidia;Runway;Snap;Stability AI;Tencent;University of Washington,USED_BY
Motorcycle World,Motorcycle World,,58,56,0,2,0,0,0,0,0,0,0,0,internvid;runway-jupiter,internvid;runway-jupiter,ByteDance;Runway;Stability AI,USED_BY
chislon,chislon,,17,17,0,0,0,0,0,0,0,0,0,0,runway-jupiter,runway-jupiter,Runway,USED_BY
Samuel Elkins,Samuel Elkins,,283,115,60,1,23,23,23,0,14,14,10,0,hdvg130m;hdvila100m;internvid;koala36m;openvid1m;panda70m;runway-jupiter;vidgen1m;yttemporal-180m,hdvg130m;hdvila100m;internvid;openvid1m;runway-jupiter;vidgen1m;yttemporal-180m,Allen Institute for AI;Amazon;ByteDance;Kuaishou;Meta;Microsoft;Nvidia;Runway;Snap;Stability AI;Tencent;University of Washington,USED_BY
Sea Turtles Documentary HD,Sea Turtles Documentary HD,,30,30,0,0,0,0,0,0,0,0,0,0,runway-jupiter,runway-jupiter,Runway,USED_BY
Morten Rustad,Morten Rustad,,299,71,43,0,39,39,37,0,23,36,10,1,hdvg130m;hdvila100m;koala36m;openvid1m;panda70m;runway-jupiter;vidgen1m;youtube8m;yttemporal-180m,hdvg130m;hdvila100m;openvid1m;runway-jupiter;vidgen1m;yttemporal-180m,Allen Institute for AI;Amazon;ByteDance;Kuaishou;Meta;Microsoft;Nvidia;Runway;Snap;Tencent;University of Washington,USED_BY
Ty Cottle,Ty Cottle,,116,116,0,0,0,0,0,0,0,0,0,0,runway-jupiter,runway-jupiter,Runway,USED_BY
Sondre Taubøll,Sondre Taubøll,,28,27,0,0,0,0,0,0,0,0,0,1,runway-jupiter;youtube8m,runway-jupiter,Runway,USED_BY
Ben Little,Ben Little,,80,80,0,0,0,0,0,0,0,0,0,0,runway-jupiter,runway-jupiter,Runway,USED_BY
Adorea Olomouc,Adorea Olomouc,,69,64,0,4,0,0,0,0,0,0,0,1,internvid;runway-jupiter;youtube8m,internvid;runway-jupiter,ByteDance;Runway;Stability AI,USED_BY
VaRaces Chase Database,VaRaces Chase Database,,40,39,0,0,0,0,0,0,0,0,0,1,runway-jupiter;youtube8m,runway-jupiter,Runway,USED_BY
Callie Waldschmidt,Callie Waldschmidt,,65,65,0,0,0,0,0,0,0,0,0,0,runway-jupiter,runway-jupiter,Runway,USED_BY
Glasgow Korfball,Glasgow Korfball,,38,38,0,0,0,0,0,0,0,0,0,0,runway-jupiter,runway-jupiter,Runway,USED_BY
Pool elementary,Pool elementary,,75,70,0,5,0,0,0,0,0,0,0,0,internvid;runway-jupiter,internvid;runway-jupiter,ByteDance;Runway;Stability AI,USED_BY
Ecole MoPA,Ecole MoPA,,109,109,0,0,0,0,0,0,0,0,0,0,runway-jupiter,runway-jupiter,Runway,USED_BY
Yogalily | Yoga Taichi Qigong Wellness,Yogalily | Yoga Taichi Qigong Wellness,,34,33,0,1,0,0,0,0,0,0,0,0,internvid;runway-jupiter,internvid;runway-jupiter,ByteDance;Runway;Stability AI,USED_BY
S3,S3,,57,57,0,0,0,0,0,0,0,0,0,0,runway-jupiter,runway-jupiter,Runway,USED_BY
Food Gasm,Food Gasm,,91,90,0,1,0,0,0,0,0,0,0,0,internvid;runway-jupiter,internvid;runway-jupiter,ByteDance;Runway;Stability AI,USED_BY
Gazillion Bubble Show,Gazillion Bubble Show,,50,49,0,0,0,0,0,0,0,0,0,1,runway-jupiter;youtube8m,runway-jupiter,Runway,USED_BY
Sergei Ivanis,Sergei Ivanis,,5,5,0,0,0,0,0,0,0,0,0,0,runway-jupiter,runway-jupiter,Runway,USED_BY
Maor Benezri,Maor Benezri,,11,11,0,0,0,0,0,0,0,0,0,0,runway-jupiter,runway-jupiter,Runway,USED_BY
Morgsm.,Morgsm.,,6,6,0,0,0,0,0,0,0,0,0,0,runway-jupiter,runway-jupiter,Runway,USED_BY
Stock Footages World,Stock Footages World,,5,5,0,0,0,0,0,0,0,0,0,0,runway-jupiter,runway-jupiter,Runway,USED_BY
David de Rijcke,David de Rijcke,,18,18,0,0,0,0,0,0,0,0,0,0,runway-jupiter,runway-jupiter,Runway,USED_BY
Luke Penner Aerobatics,Luke Penner Aerobatics,,44,43,0,1,0,0,0,0,0,0,0,0,internvid;runway-jupiter,internvid;runway-jupiter,ByteDance;Runway;Stability AI,USED_BY
Roastedstix,Roastedstix,,20,20,0,0,0,0,0,0,0,0,0,0,runway-jupiter,runway-jupiter,Runway,USED_BY
Insider Business,Insider Business,,14,10,0,4,0,0,0,0,0,0,0,0,internvid;runway-jupiter,internvid;runway-jupiter,ByteDance;Runway;Stability AI,USED_BY
Movie Matinee - Short Films Every Week,Movie Matinee - Short Films Every Week,,2,1,0,1,0,0,0,0,0,0,0,0,internvid;runway-jupiter,internvid;runway-jupiter,ByteDance;Runway;Stability AI,USED_BY
Comic Pundit,Comic Pundit,,34,34,0,0,0,0,0,0,0,0,0,0,runway-jupiter,runway-jupiter,Runway,USED_BY
MrBrynnorth,MrBrynnorth,,34,29,1,1,1,1,1,0,0,0,0,0,hdvila100m;internvid;koala36m;panda70m;runway-jupiter;yttemporal-180m,hdvila100m;internvid;runway-jupiter;yttemporal-180m,Allen Institute for AI;ByteDance;Meta;Runway;Snap;Stability AI;Tencent;University of Washington,USED_BY
Dima tarakanof,Dima tarakanof,,57,57,0,0,0,0,0,0,0,0,0,0,runway-jupiter,runway-jupiter,Runway,USED_BY
PINK DOLL,PINK DOLL,,81,74,0,7,0,0,0,0,0,0,0,0,internvid;runway-jupiter,internvid;runway-jupiter,ByteDance;Runway;Stability AI,USED_BY
Jurrien Wiss,Jurrien Wiss,,9,8,0,1,0,0,0,0,0,0,0,0,internvid;runway-jupiter,internvid;runway-jupiter,ByteDance;Runway;Stability AI,USED_BY
kold,kold,,63,46,9,2,1,1,1,0,0,2,0,1,hdvila100m;internvid;koala36m;openvid1m;panda70m;runway-jupiter;youtube8m;yttemporal-180m,hdvila100m;internvid;openvid1m;runway-jupiter;yttemporal-180m,Allen Institute for AI;Amazon;ByteDance;Kuaishou;Meta;Microsoft;Nvidia;Runway;Snap;Stability AI;Tencent;University of Washington,USED_BY
Solo 360,Solo 360,,21,21,0,0,0,0,0,0,0,0,0,0,runway-jupiter,runway-jupiter,Runway,USED_BY
Max Planck Institute of Quantum Optics,Max Planck Institute of Quantum Optics,,30,30,0,0,0,0,0,0,0,0,0,0,runway-jupiter,runway-jupiter,Runway,USED_BY
Anton Domin,Anton Domin,,7,7,0,0,0,0,0,0,0,0,0,0,runway-jupiter,runway-jupiter,Runway,USED_BY
Matt Byrn,Matt Byrn,,32,32,0,0,0,0,0,0,0,0,0,0,runway-jupiter,runway-jupiter,Runway,USED_BY
Nicholas Yee,Nicholas Yee,,75,74,0,0,0,0,0,0,0,0,0,1,runway-jupiter;youtube8m,runway-jupiter,Runway,USED_BY
Wall Street Journal,Wall Street Journal,,44,41,0,3,0,0,0,0,0,0,0,0,internvid;runway-jupiter,internvid;runway-jupiter,ByteDance;Runway;Stability AI,USED_BY
Pinkfong Baby Shark - Kids' Songs & Stories,Pinkfong Baby Shark - Kids' Songs & Stories,,3,1,0,0,1,0,0,1,0,0,0,0,howto100m;panda70m;runway-jupiter,runway-jupiter,Runway,USED_BY
Maria Solko,Maria Solko,,2,1,0,1,0,0,0,0,0,0,0,0,internvid;runway-jupiter,internvid;runway-jupiter,ByteDance;Runway;Stability AI,USED_BY
Top Branch,Top Branch,,67,60,1,4,1,0,0,1,0,0,0,0,howto100m;internvid;panda70m;runway-jupiter;yttemporal-180m,internvid;runway-jupiter;yttemporal-180m,Allen Institute for AI;ByteDance;Runway;Stability AI;University of Washington,USED_BY
StreetlugePDX,StreetlugePDX,,37,32,0,4,0,0,0,0,0,0,0,1,internvid;runway-jupiter;youtube8m,internvid;runway-jupiter,ByteDance;Runway;Stability AI,USED_BY
TheParryGod,TheParryGod,,20,19,0,1,0,0,0,0,0,0,0,0,internvid;runway-jupiter,internvid;runway-jupiter,ByteDance;Runway;Stability AI,USED_BY
vuhfilms,vuhfilms,,13,13,0,0,0,0,0,0,0,0,0,0,runway-jupiter,runway-jupiter,Runway,USED_BY
Flip Cooks,Flip Cooks,,9,9,0,0,0,0,0,0,0,0,0,0,runway-jupiter,runway-jupiter,Runway,USED_BY
Miyoko Schinner,Miyoko Schinner,,52,43,2,0,3,0,0,3,0,0,0,1,howto100m;panda70m;runway-jupiter;youtube8m;yttemporal-180m,runway-jupiter;yttemporal-180m,Allen Institute for AI;Runway;University of Washington,USED_BY
Pacific Pictures,Pacific Pictures,,62,62,0,0,0,0,0,0,0,0,0,0,runway-jupiter,runway-jupiter,Runway,USED_BY
Click Clack,Click Clack,,69,67,0,1,0,0,0,0,0,0,0,1,internvid;runway-jupiter;youtube8m,internvid;runway-jupiter,ByteDance;Runway;Stability AI,USED_BY
Schneider Lighting,Schneider Lighting,,12,12,0,0,0,0,0,0,0,0,0,0,runway-jupiter,runway-jupiter,Runway,USED_BY
Beneath The Boughs,Beneath The Boughs,,24,24,0,0,0,0,0,0,0,0,0,0,runway-jupiter,runway-jupiter,Runway,USED_BY
MortenSvane,MortenSvane,,27,27,0,0,0,0,0,0,0,0,0,0,runway-jupiter,runway-jupiter,Runway,USED_BY
INDUSTRY INSIDER,INDUSTRY INSIDER,,33,33,0,0,0,0,0,0,0,0,0,0,runway-jupiter,runway-jupiter,Runway,USED_BY
Free Stock Videos,Free Stock Videos,,79,78,0,1,0,0,0,0,0,0,0,0,internvid;runway-jupiter,internvid;runway-jupiter,ByteDance;Runway;Stability AI,USED_BY
Eugene Belsky,Eugene Belsky,,63,63,0,0,0,0,0,0,0,0,0,0,runway-jupiter,runway-jupiter,Runway,USED_BY
Hartnett Media,Hartnett Media,,77,77,0,0,0,0,0,0,0,0,0,0,runway-jupiter,runway-jupiter,Runway,USED_BY
Kutty Story,Kutty Story,,114,113,0,1,0,0,0,0,0,0,0,0,internvid;runway-jupiter,internvid;runway-jupiter,ByteDance;Runway;Stability AI,USED_BY
Justin Cosplay,Justin Cosplay,,108,106,0,2,0,0,0,0,0,0,0,0,internvid;runway-jupiter,internvid;runway-jupiter,ByteDance;Runway;Stability AI,USED_BY
The Art of Documentary,The Art of Documentary,,8,7,0,1,0,0,0,0,0,0,0,0,internvid;runway-jupiter,internvid;runway-jupiter,ByteDance;Runway;Stability AI,USED_BY
Jacek Drofiak,Jacek Drofiak,,41,41,0,0,0,0,0,0,0,0,0,0,runway-jupiter,runway-jupiter,Runway,USED_BY
Little King Goods,Little King Goods,,84,79,0,5,0,0,0,0,0,0,0,0,internvid;runway-jupiter,internvid;runway-jupiter,ByteDance;Runway;Stability AI,USED_BY
Kyle Kotajarvi,Kyle Kotajarvi,,31,31,0,0,0,0,0,0,0,0,0,0,runway-jupiter,runway-jupiter,Runway,USED_BY
Captain Vanover,Captain Vanover,,101,101,0,0,0,0,0,0,0,0,0,0,runway-jupiter,runway-jupiter,Runway,USED_BY
Woodpeckers Recorder Quartet,Woodpeckers Recorder Quartet,,18,18,0,0,0,0,0,0,0,0,0,0,runway-jupiter,runway-jupiter,Runway,USED_BY
mri215,mri215,,54,54,0,0,0,0,0,0,0,0,0,0,runway-jupiter,runway-jupiter,Runway,USED_BY
KCMGN,KCMGN,,64,64,0,0,0,0,0,0,0,0,0,0,runway-jupiter,runway-jupiter,Runway,USED_BY
Peder Kongshaug,Peder Kongshaug,,9,7,0,2,0,0,0,0,0,0,0,0,internvid;runway-jupiter,internvid;runway-jupiter,ByteDance;Runway;Stability AI,USED_BY
LuxDalet,LuxDalet,,22,22,0,0,0,0,0,0,0,0,0,0,runway-jupiter,runway-jupiter,Runway,USED_BY
Arina Kim - Cinematic Vlog,Arina Kim - Cinematic Vlog,,24,24,0,0,0,0,0,0,0,0,0,0,runway-jupiter,runway-jupiter,Runway,USED_BY
Columbus Kryptonite,Columbus Kryptonite,,14,13,0,1,0,0,0,0,0,0,0,0,internvid;runway-jupiter,internvid;runway-jupiter,ByteDance;Runway;Stability AI,USED_BY
Kevin Reyes,Kevin Reyes,,38,38,0,0,0,0,0,0,0,0,0,0,runway-jupiter,runway-jupiter,Runway,USED_BY
Anton Nordstrand,Anton Nordstrand,,31,31,0,0,0,0,0,0,0,0,0,0,runway-jupiter,runway-jupiter,Runway,USED_BY
Peaceful Relaxation,Peaceful Relaxation,,62,62,0,0,0,0,0,0,0,0,0,0,runway-jupiter,runway-jupiter,Runway,USED_BY
Shaun Tan Films,Shaun Tan Films,,45,45,0,0,0,0,0,0,0,0,0,0,runway-jupiter,runway-jupiter,Runway,USED_BY
Charlie Gee,Charlie Gee,,16,16,0,0,0,0,0,0,0,0,0,0,runway-jupiter,runway-jupiter,Runway,USED_BY
PeliManía,PeliManía,,7,7,0,0,0,0,0,0,0,0,0,0,runway-jupiter,runway-jupiter,Runway,USED_BY
Ariel Black,Ariel Black,,41,40,0,1,0,0,0,0,0,0,0,0,internvid;runway-jupiter,internvid;runway-jupiter,ByteDance;Runway;Stability AI,USED_BY
Moody Ambience,Moody Ambience,,57,57,0,0,0,0,0,0,0,0,0,0,runway-jupiter,runway-jupiter,Runway,USED_BY
Luke Up High,Luke Up High,,25,25,0,0,0,0,0,0,0,0,0,0,runway-jupiter,runway-jupiter,Runway,USED_BY
Bad Lip Reading,Bad Lip Reading,,489,118,48,12,73,71,62,22,40,26,13,4,hdvg130m;hdvila100m;howto100m;internvid;koala36m;openvid1m;panda70m;runway-jupiter;vidgen1m;youtube8m;yttemporal-180m,hdvg130m;hdvila100m;internvid;openvid1m;runway-jupiter;vidgen1m;yttemporal-180m,Allen Institute for AI;Amazon;ByteDance;Kuaishou;Meta;Microsoft;Nvidia;Runway;Snap;Stability AI;Tencent;University of Washington,USED_BY
LaserArena Cybertag,LaserArena Cybertag,,28,25,0,3,0,0,0,0,0,0,0,0,internvid;runway-jupiter,internvid;runway-jupiter,ByteDance;Runway;Stability AI,USED_BY
David Hood,David Hood,,8,7,0,0,0,0,0,0,0,0,0,1,runway-jupiter;youtube8m,runway-jupiter,Runway,USED_BY
OranjeMovies,OranjeMovies,,25,25,0,0,0,0,0,0,0,0,0,0,runway-jupiter,runway-jupiter,Runway,USED_BY
a field of blue - underwater video,a field of blue - underwater video,,109,109,0,0,0,0,0,0,0,0,0,0,runway-jupiter,runway-jupiter,Runway,USED_BY
EstudioMovie,EstudioMovie,,45,45,0,0,0,0,0,0,0,0,0,0,runway-jupiter,runway-jupiter,Runway,USED_BY
daryadarcy,daryadarcy,,64,63,0,1,0,0,0,0,0,0,0,0,internvid;runway-jupiter,internvid;runway-jupiter,ByteDance;Runway;Stability AI,USED_BY
Jacques Crafford,Jacques Crafford,,68,65,0,3,0,0,0,0,0,0,0,0,internvid;runway-jupiter,internvid;runway-jupiter,ByteDance;Runway;Stability AI,USED_BY
Violin Archive,Violin Archive,,6,6,0,0,0,0,0,0,0,0,0,0,runway-jupiter,runway-jupiter,Runway,USED_BY
TA-nit,TA-nit,,22,22,0,0,0,0,0,0,0,0,0,0,runway-jupiter,runway-jupiter,Runway,USED_BY
Drone Profs,Drone Profs,,72,72,0,0,0,0,0,0,0,0,0,0,runway-jupiter,runway-jupiter,Runway,USED_BY
KEISUKE HARADA,KEISUKE HARADA,,28,28,0,0,0,0,0,0,0,0,0,0,runway-jupiter,runway-jupiter,Runway,USED_BY
Damian Horan,Damian Horan,,20,18,0,1,0,0,0,0,0,0,0,1,internvid;runway-jupiter;youtube8m,internvid;runway-jupiter,ByteDance;Runway;Stability AI,USED_BY
MaffioVEVO,MaffioVEVO,,43,42,0,1,0,0,0,0,0,0,0,0,internvid;runway-jupiter,internvid;runway-jupiter,ByteDance;Runway;Stability AI,USED_BY
JazzyFeet,JazzyFeet,,11,8,0,3,0,0,0,0,0,0,0,0,internvid;runway-jupiter,internvid;runway-jupiter,ByteDance;Runway;Stability AI,USED_BY
Duncan Bonnifay,Duncan Bonnifay,,18,18,0,0,0,0,0,0,0,0,0,0,runway-jupiter,runway-jupiter,Runway,USED_BY
Hays Porter,Hays Porter,,45,45,0,0,0,0,0,0,0,0,0,0,runway-jupiter,runway-jupiter,Runway,USED_BY
The PWHL,The PWHL,,105,105,0,0,0,0,0,0,0,0,0,0,runway-jupiter,runway-jupiter,Runway,USED_BY
Matthew Edgeworth,Matthew Edgeworth,,34,28,0,6,0,0,0,0,0,0,0,0,internvid;runway-jupiter,internvid;runway-jupiter,ByteDance;Runway;Stability AI,USED_BY
The Pedestrian,The Pedestrian,,29,29,0,0,0,0,0,0,0,0,0,0,runway-jupiter,runway-jupiter,Runway,USED_BY
HEALING THEATER,HEALING THEATER,,15,15,0,0,0,0,0,0,0,0,0,0,runway-jupiter,runway-jupiter,Runway,USED_BY
WestWood Cheer,WestWood Cheer,,18,18,0,0,0,0,0,0,0,0,0,0,runway-jupiter,runway-jupiter,Runway,USED_BY
Journey with Chong,Journey with Chong,,44,44,0,0,0,0,0,0,0,0,0,0,runway-jupiter,runway-jupiter,Runway,USED_BY
FREEDOMCONSERVATION,FREEDOMCONSERVATION,,44,40,0,0,0,0,0,0,0,0,0,4,runway-jupiter;youtube8m,runway-jupiter,Runway,USED_BY
SweetM&M,SweetM&M,,45,45,0,0,0,0,0,0,0,0,0,0,runway-jupiter,runway-jupiter,Runway,USED_BY
Clips Arena,Clips Arena,,48,48,0,0,0,0,0,0,0,0,0,0,runway-jupiter,runway-jupiter,Runway,USED_BY
The Traditional Life,The Traditional Life,,20,19,0,1,0,0,0,0,0,0,0,0,internvid;runway-jupiter,internvid;runway-jupiter,ByteDance;Runway;Stability AI,USED_BY
Studious GR86,Studious GR86,,15,15,0,0,0,0,0,0,0,0,0,0,runway-jupiter,runway-jupiter,Runway,USED_BY
095 - Paka Pictures,095 - Paka Pictures,,45,45,0,0,0,0,0,0,0,0,0,0,runway-jupiter,runway-jupiter,Runway,USED_BY
vAustinL,vAustinL,,34,32,0,0,1,0,0,1,0,0,0,0,howto100m;panda70m;runway-jupiter,runway-jupiter,Runway,USED_BY
Simran Sivakumar,Simran Sivakumar,,19,19,0,0,0,0,0,0,0,0,0,0,runway-jupiter,runway-jupiter,Runway,USED_BY
Balboa Dragon Boat,Balboa Dragon Boat,,20,20,0,0,0,0,0,0,0,0,0,0,runway-jupiter,runway-jupiter,Runway,USED_BY
Benham Films - Wedding and Elopement Videography,Benham Films - Wedding and Elopement Videography,,47,47,0,0,0,0,0,0,0,0,0,0,runway-jupiter,runway-jupiter,Runway,USED_BY
Jordan A Dudek,Jordan A Dudek,,10,10,0,0,0,0,0,0,0,0,0,0,runway-jupiter,runway-jupiter,Runway,USED_BY
Bad Axe Throwing,Bad Axe Throwing,,23,23,0,0,0,0,0,0,0,0,0,0,runway-jupiter,runway-jupiter,Runway,USED_BY
SZA,SZA,,18,17,0,1,0,0,0,0,0,0,0,0,internvid;runway-jupiter,internvid;runway-jupiter,ByteDance;Runway;Stability AI,USED_BY
Gavin,Gavin,,37,31,1,1,2,0,0,2,0,0,0,0,howto100m;internvid;panda70m;runway-jupiter;yttemporal-180m,internvid;runway-jupiter;yttemporal-180m,Allen Institute for AI;ByteDance;Runway;Stability AI;University of Washington,USED_BY
Wind Boulevard,Wind Boulevard,,28,24,0,4,0,0,0,0,0,0,0,0,internvid;runway-jupiter,internvid;runway-jupiter,ByteDance;Runway;Stability AI,USED_BY
Hollywood English Collection,Hollywood English Collection,,51,51,0,0,0,0,0,0,0,0,0,0,runway-jupiter,runway-jupiter,Runway,USED_BY
WildThing,WildThing,,45,45,0,0,0,0,0,0,0,0,0,0,runway-jupiter,runway-jupiter,Runway,USED_BY
Macro Room,Macro Room,,24,21,0,3,0,0,0,0,0,0,0,0,internvid;runway-jupiter,internvid;runway-jupiter,ByteDance;Runway;Stability AI,USED_BY
Pavel Matveev,Pavel Matveev,,24,23,0,1,0,0,0,0,0,0,0,0,internvid;runway-jupiter,internvid;runway-jupiter,ByteDance;Runway;Stability AI,USED_BY
Cincinnati Underwater Hockey,Cincinnati Underwater Hockey,,14,14,0,0,0,0,0,0,0,0,0,0,runway-jupiter,runway-jupiter,Runway,USED_BY
Raf Ratay,Raf Ratay,,79,79,0,0,0,0,0,0,0,0,0,0,runway-jupiter,runway-jupiter,Runway,USED_BY
solly baby,solly baby,,48,45,1,0,1,0,0,1,0,0,0,0,howto100m;panda70m;runway-jupiter;yttemporal-180m,runway-jupiter;yttemporal-180m,Allen Institute for AI;Runway;University of Washington,USED_BY
OtherWorld_VFX,OtherWorld_VFX,,20,20,0,0,0,0,0,0,0,0,0,0,runway-jupiter,runway-jupiter,Runway,USED_BY
十号shihao,十号shihao,,59,57,0,2,0,0,0,0,0,0,0,0,internvid;runway-jupiter,internvid;runway-jupiter,ByteDance;Runway;Stability AI,USED_BY
Juan Carlos Ribas,Juan Carlos Ribas,,21,21,0,0,0,0,0,0,0,0,0,0,runway-jupiter,runway-jupiter,Runway,USED_BY
Great Canadian Bungee,Great Canadian Bungee,,89,85,0,3,0,0,0,0,0,0,0,1,internvid;runway-jupiter;youtube8m,internvid;runway-jupiter,ByteDance;Runway;Stability AI,USED_BY
Andrey Teterlev,Andrey Teterlev,,37,37,0,0,0,0,0,0,0,0,0,0,runway-jupiter,runway-jupiter,Runway,USED_BY
The Glass Toe - Shoe Shine,The Glass Toe - Shoe Shine,,35,34,0,1,0,0,0,0,0,0,0,0,internvid;runway-jupiter,internvid;runway-jupiter,ByteDance;Runway;Stability AI,USED_BY
MB Nails,MB Nails,,21,21,0,0,0,0,0,0,0,0,0,0,runway-jupiter,runway-jupiter,Runway,USED_BY
WorkHub Channel,WorkHub Channel,,42,42,0,0,0,0,0,0,0,0,0,0,runway-jupiter,runway-jupiter,Runway,USED_BY
NLS MODELS,NLS MODELS,,22,22,0,0,0,0,0,0,0,0,0,0,runway-jupiter,runway-jupiter,Runway,USED_BY
Greek TV,Greek TV,,76,76,0,0,0,0,0,0,0,0,0,0,runway-jupiter,runway-jupiter,Runway,USED_BY
Every Frame a Painting,Every Frame a Painting,,50,25,2,4,5,3,2,4,4,0,0,1,hdvg130m;hdvila100m;howto100m;internvid;koala36m;panda70m;runway-jupiter;youtube8m;yttemporal-180m,hdvg130m;hdvila100m;internvid;runway-jupiter;yttemporal-180m,Allen Institute for AI;ByteDance;Meta;Nvidia;Runway;Snap;Stability AI;Tencent;University of Washington,USED_BY
Strider Trees,Strider Trees,,86,82,0,4,0,0,0,0,0,0,0,0,internvid;runway-jupiter,internvid;runway-jupiter,ByteDance;Runway;Stability AI,USED_BY
Christopher Lehmann | Cinematic Video,Christopher Lehmann | Cinematic Video,,16,16,0,0,0,0,0,0,0,0,0,0,runway-jupiter,runway-jupiter,Runway,USED_BY
Blockbuster English Movies,Blockbuster English Movies,,28,28,0,0,0,0,0,0,0,0,0,0,runway-jupiter,runway-jupiter,Runway,USED_BY
NITVShorts,NITVShorts,,17,15,0,2,0,0,0,0,0,0,0,0,internvid;runway-jupiter,internvid;runway-jupiter,ByteDance;Runway;Stability AI,USED_BY
Ricardo Brancal,Ricardo Brancal,,40,39,0,1,0,0,0,0,0,0,0,0,internvid;runway-jupiter,internvid;runway-jupiter,ByteDance;Runway;Stability AI,USED_BY
bitter melon bindery,bitter melon bindery,,90,84,0,6,0,0,0,0,0,0,0,0,internvid;runway-jupiter,internvid;runway-jupiter,ByteDance;Runway;Stability AI,USED_BY
space station,space station,,11,11,0,0,0,0,0,0,0,0,0,0,runway-jupiter,runway-jupiter,Runway,USED_BY
Barry J. Briggs,Barry J. Briggs,,30,30,0,0,0,0,0,0,0,0,0,0,runway-jupiter,runway-jupiter,Runway,USED_BY
Lost Signal TV,Lost Signal TV,,12,12,0,0,0,0,0,0,0,0,0,0,runway-jupiter,runway-jupiter,Runway,USED_BY
Blue Sky Channel,Blue Sky Channel,,3,3,0,0,0,0,0,0,0,0,0,0,runway-jupiter,runway-jupiter,Runway,USED_BY
Erik Hedenfalk,Erik Hedenfalk,,20,20,0,0,0,0,0,0,0,0,0,0,runway-jupiter,runway-jupiter,Runway,USED_BY
MADONNAVEVO,MADONNAVEVO,,35,30,0,5,0,0,0,0,0,0,0,0,internvid;runway-jupiter,internvid;runway-jupiter,ByteDance;Runway;Stability AI,USED_BY
Fish Huntress Club,Fish Huntress Club,,14,14,0,0,0,0,0,0,0,0,0,0,runway-jupiter,runway-jupiter,Runway,USED_BY
Boar's Head,Boar's Head,,33,30,1,0,1,0,0,1,0,0,0,0,howto100m;panda70m;runway-jupiter;yttemporal-180m,runway-jupiter;yttemporal-180m,Allen Institute for AI;Runway;University of Washington,USED_BY
Albert Lindberg,Albert Lindberg,,9,9,0,0,0,0,0,0,0,0,0,0,runway-jupiter,runway-jupiter,Runway,USED_BY
watchluke,watchluke,,5,5,0,0,0,0,0,0,0,0,0,0,runway-jupiter,runway-jupiter,Runway,USED_BY
Alaska Cabin Adventures,Alaska Cabin Adventures,,47,46,0,1,0,0,0,0,0,0,0,0,internvid;runway-jupiter,internvid;runway-jupiter,ByteDance;Runway;Stability AI,USED_BY
AkhiL_AshoK_WilD,AkhiL_AshoK_WilD,,50,50,0,0,0,0,0,0,0,0,0,0,runway-jupiter,runway-jupiter,Runway,USED_BY
Working With Wildlife,Working With Wildlife,,15,15,0,0,0,0,0,0,0,0,0,0,runway-jupiter,runway-jupiter,Runway,USED_BY
The Bearded Mechanic,The Bearded Mechanic,,48,48,0,0,0,0,0,0,0,0,0,0,runway-jupiter,runway-jupiter,Runway,USED_BY
We Love Bears,We Love Bears,,56,56,0,0,0,0,0,0,0,0,0,0,runway-jupiter,runway-jupiter,Runway,USED_BY
Berry's Art,Berry's Art,,16,16,0,0,0,0,0,0,0,0,0,0,runway-jupiter,runway-jupiter,Runway,USED_BY
Univers Kite,Univers Kite,,40,26,2,8,1,1,1,0,1,0,0,0,hdvg130m;hdvila100m;internvid;koala36m;panda70m;runway-jupiter;yttemporal-180m,hdvg130m;hdvila100m;internvid;runway-jupiter;yttemporal-180m,Allen Institute for AI;ByteDance;Meta;Nvidia;Runway;Snap;Stability AI;Tencent;University of Washington,USED_BY
LOVE DEATH ROBOTS,LOVE DEATH ROBOTS,,24,24,0,0,0,0,0,0,0,0,0,0,runway-jupiter,runway-jupiter,Runway,USED_BY
Broncs and Donks Extended: Ch 2,Broncs and Donks Extended: Ch 2,,25,23,0,2,0,0,0,0,0,0,0,0,internvid;runway-jupiter,internvid;runway-jupiter,ByteDance;Runway;Stability AI,USED_BY
星球研究所Institute for Planets,星球研究所Institute for Planets,,84,74,0,10,0,0,0,0,0,0,0,0,internvid;runway-jupiter,internvid;runway-jupiter,ByteDance;Runway;Stability AI,USED_BY
Justin Clough,Justin Clough,,24,18,0,0,0,0,0,0,0,0,0,6,runway-jupiter;youtube8m,runway-jupiter,Runway,USED_BY
Armadas,Armadas,,56,48,1,0,1,1,1,0,2,2,0,0,hdvg130m;hdvila100m;koala36m;openvid1m;panda70m;runway-jupiter;yttemporal-180m,hdvg130m;hdvila100m;openvid1m;runway-jupiter;yttemporal-180m,Allen Institute for AI;Amazon;ByteDance;Kuaishou;Meta;Microsoft;Nvidia;Runway;Snap;Tencent;University of Washington,USED_BY
Bad Wolf Horizon,Bad Wolf Horizon,,46,46,0,0,0,0,0,0,0,0,0,0,runway-jupiter,runway-jupiter,Runway,USED_BY
Norman Baggio,Norman Baggio,,79,79,0,0,0,0,0,0,0,0,0,0,runway-jupiter,runway-jupiter,Runway,USED_BY
Fuchsia Dance,Fuchsia Dance,,41,41,0,0,0,0,0,0,0,0,0,0,runway-jupiter,runway-jupiter,Runway,USED_BY
Hydro Thunder NZ Series,Hydro Thunder NZ Series,,46,46,0,0,0,0,0,0,0,0,0,0,runway-jupiter,runway-jupiter,Runway,USED_BY
Ryan Navazio,Ryan Navazio,,39,37,0,0,0,0,0,0,0,0,0,2,runway-jupiter;youtube8m,runway-jupiter,Runway,USED_BY
shigeki nishikawa,shigeki nishikawa,,23,23,0,0,0,0,0,0,0,0,0,0,runway-jupiter,runway-jupiter,Runway,USED_BY
Artur Homan,Artur Homan,,72,55,7,0,3,2,2,1,1,0,0,1,hdvg130m;hdvila100m;howto100m;koala36m;panda70m;runway-jupiter;youtube8m;yttemporal-180m,hdvg130m;hdvila100m;runway-jupiter;yttemporal-180m,Allen Institute for AI;ByteDance;Meta;Nvidia;Runway;Snap;Tencent;University of Washington,USED_BY
Ninho,Ninho,,71,67,0,4,0,0,0,0,0,0,0,0,internvid;runway-jupiter,internvid;runway-jupiter,ByteDance;Runway;Stability AI,USED_BY
John Luke Calderon,John Luke Calderon,,13,13,0,0,0,0,0,0,0,0,0,0,runway-jupiter,runway-jupiter,Runway,USED_BY
Philip Au,Philip Au,,19,19,0,0,0,0,0,0,0,0,0,0,runway-jupiter,runway-jupiter,Runway,USED_BY
timtimfed,timtimfed,,49,48,0,0,0,0,0,0,0,0,0,1,runway-jupiter;youtube8m,runway-jupiter,Runway,USED_BY
Cyberstein Robotics,Cyberstein Robotics,,41,40,0,0,0,0,0,0,0,0,0,1,runway-jupiter;youtube8m,runway-jupiter,Runway,USED_BY
ACE,ACE,,117,71,0,22,2,2,1,0,2,0,0,17,hdvg130m;hdvila100m;internvid;koala36m;panda70m;runway-jupiter;youtube8m,hdvg130m;hdvila100m;internvid;runway-jupiter,ByteDance;Meta;Nvidia;Runway;Snap;Stability AI;Tencent,USED_BY
Johann.,Johann.,,16,16,0,0,0,0,0,0,0,0,0,0,runway-jupiter,runway-jupiter,Runway,USED_BY
Will Gadd,Will Gadd,,23,22,0,0,0,0,0,0,0,0,0,1,runway-jupiter;youtube8m,runway-jupiter,Runway,USED_BY
oliSUNvia,oliSUNvia,,34,34,0,0,0,0,0,0,0,0,0,0,runway-jupiter,runway-jupiter,Runway,USED_BY
Life Reels,Life Reels,,43,40,0,3,0,0,0,0,0,0,0,0,internvid;runway-jupiter,internvid;runway-jupiter,ByteDance;Runway;Stability AI,USED_BY
Dylan Rimpault,Dylan Rimpault,,18,18,0,0,0,0,0,0,0,0,0,0,runway-jupiter,runway-jupiter,Runway,USED_BY
ZoiTube,ZoiTube,,21,21,0,0,0,0,0,0,0,0,0,0,runway-jupiter,runway-jupiter,Runway,USED_BY
filmsbytaylr,filmsbytaylr,,31,31,0,0,0,0,0,0,0,0,0,0,runway-jupiter,runway-jupiter,Runway,USED_BY
Frank H. - New Entertainment Pictures,Frank H. - New Entertainment Pictures,,41,41,0,0,0,0,0,0,0,0,0,0,runway-jupiter,runway-jupiter,Runway,USED_BY
Kabalik,Kabalik,,79,75,0,0,0,0,0,0,0,0,0,4,runway-jupiter;youtube8m,runway-jupiter,Runway,USED_BY
Pneumatic Arts,Pneumatic Arts,,22,19,0,3,0,0,0,0,0,0,0,0,internvid;runway-jupiter,internvid;runway-jupiter,ByteDance;Runway;Stability AI,USED_BY
Turn & Burn,Turn & Burn,,68,67,0,0,0,0,0,0,0,0,0,1,runway-jupiter;youtube8m,runway-jupiter,Runway,USED_BY
SwissCham Singapore,SwissCham Singapore,,43,43,0,0,0,0,0,0,0,0,0,0,runway-jupiter,runway-jupiter,Runway,USED_BY
Susan Bird (Way of the Whale),Susan Bird (Way of the Whale),,60,60,0,0,0,0,0,0,0,0,0,0,runway-jupiter,runway-jupiter,Runway,USED_BY
MagicalPowers,MagicalPowers,,15,15,0,0,0,0,0,0,0,0,0,0,runway-jupiter,runway-jupiter,Runway,USED_BY
John Freele,John Freele,,18,18,0,0,0,0,0,0,0,0,0,0,runway-jupiter,runway-jupiter,Runway,USED_BY
KD Production,KD Production,,50,50,0,0,0,0,0,0,0,0,0,0,runway-jupiter,runway-jupiter,Runway,USED_BY
Chris Burkard Studio,Chris Burkard Studio,,69,45,13,0,2,2,2,0,1,0,1,3,hdvg130m;hdvila100m;koala36m;panda70m;runway-jupiter;vidgen1m;youtube8m;yttemporal-180m,hdvg130m;hdvila100m;runway-jupiter;vidgen1m;yttemporal-180m,Allen Institute for AI;Amazon;ByteDance;Meta;Nvidia;Runway;Snap;Tencent;University of Washington,USED_BY
ghazal music,ghazal music,,54,54,0,0,0,0,0,0,0,0,0,0,runway-jupiter,runway-jupiter,Runway,USED_BY
Cleaning How To,Cleaning How To,,123,102,1,16,1,1,1,1,0,0,0,0,hdvila100m;howto100m;internvid;koala36m;panda70m;runway-jupiter;yttemporal-180m,hdvila100m;internvid;runway-jupiter;yttemporal-180m,Allen Institute for AI;ByteDance;Meta;Runway;Snap;Stability AI;Tencent;University of Washington,USED_BY
Kitchen Alpha,Kitchen Alpha,,113,69,10,1,13,2,2,13,2,0,1,0,hdvg130m;hdvila100m;howto100m;internvid;koala36m;panda70m;runway-jupiter;vidgen1m;yttemporal-180m,hdvg130m;hdvila100m;internvid;runway-jupiter;vidgen1m;yttemporal-180m,Allen Institute for AI;Amazon;ByteDance;Meta;Nvidia;Runway;Snap;Stability AI;Tencent;University of Washington,USED_BY
iDecimate,iDecimate,,29,29,0,0,0,0,0,0,0,0,0,0,runway-jupiter,runway-jupiter,Runway,USED_BY
Sébastien Varlet,Sébastien Varlet,,35,35,0,0,0,0,0,0,0,0,0,0,runway-jupiter,runway-jupiter,Runway,USED_BY
Michał Palikot,Michał Palikot,,57,57,0,0,0,0,0,0,0,0,0,0,runway-jupiter,runway-jupiter,Runway,USED_BY
Vili Pertti,Vili Pertti,,38,38,0,0,0,0,0,0,0,0,0,0,runway-jupiter,runway-jupiter,Runway,USED_BY
Sydney Hunter,Sydney Hunter,,37,37,0,0,0,0,0,0,0,0,0,0,runway-jupiter,runway-jupiter,Runway,USED_BY
MAGMA,MAGMA,,27,27,0,0,0,0,0,0,0,0,0,0,runway-jupiter,runway-jupiter,Runway,USED_BY
