rank,channel,runway_clip_count,used_by_dataset,used_by_companies,flag
1,FIG Channel,15056,runway-jupiter,Runway,USED_BY
2,MLB,11984,runway-jupiter,Runway,USED_BY
3,KBS WORLD TV,11753,runway-jupiter,Runway,USED_BY
4,WBIR Channel 10,11115,runway-jupiter,Runway,USED_BY
5,1theK (원더케이),11035,runway-jupiter,Runway,USED_BY
6,CBS New York,10372,runway-jupiter,Runway,USED_BY
7,PlayStation,9675,runway-jupiter,Runway,USED_BY
8,NHL,6990,runway-jupiter,Runway,USED_BY
9,World Rugby,6733,runway-jupiter,Runway,USED_BY
10,NBA,6079,runway-jupiter,Runway,USED_BY
11,CBC Sports,5377,runway-jupiter,Runway,USED_BY
12,wikiHow,5261,runway-jupiter,Runway,USED_BY
13,Eurosport,5236,runway-jupiter,Runway,USED_BY
14,FOX,4908,runway-jupiter,Runway,USED_BY
15,KinoCheck.com,4826,runway-jupiter,Runway,USED_BY
16,ONE Media,4763,runway-jupiter,Runway,USED_BY
17,Olympics,4734,runway-jupiter,Runway,USED_BY
18,IBJJF (International Brazilian Jiu-Jitsu Federation),4574,runway-jupiter,Runway,USED_BY
19,Skating ISU,4474,runway-jupiter,Runway,USED_BY
20,Global Cycling Network,4438,runway-jupiter,Runway,USED_BY
21,Entertainment Access,4369,runway-jupiter,Runway,USED_BY
22,NFL,4360,runway-jupiter,Runway,USED_BY
23,Scotty Kilmer,4332,runway-jupiter,Runway,USED_BY
24,Man City,4108,runway-jupiter,Runway,USED_BY
25,WWE,3763,runway-jupiter,Runway,USED_BY
26,Paralympic Games,3690,runway-jupiter,Runway,USED_BY
27,NCAA Championships,3551,runway-jupiter,Runway,USED_BY
28,USCAthletics,3526,runway-jupiter,Runway,USED_BY
29,Eurovision Song Contest,3520,runway-jupiter,Runway,USED_BY
30,BETNetworks,3462,runway-jupiter,Runway,USED_BY
31,Shemaroo Comedy,3420,runway-jupiter,Runway,USED_BY
32,Major League Soccer,3278,runway-jupiter,Runway,USED_BY
33,DIY Pinto,3164,runway-jupiter,Runway,USED_BY
34,Rubhen925,3137,runway-jupiter,Runway,USED_BY
35,YRF,3122,runway-jupiter,Runway,USED_BY
36,FIFA,3073,runway-jupiter,Runway,USED_BY
37,Variety,2975,runway-jupiter,Runway,USED_BY
38,Looper,2973,runway-jupiter,Runway,USED_BY
39,NOW PLAYING,2960,runway-jupiter,Runway,USED_BY
40,Movieclips,2956,runway-jupiter,Runway,USED_BY
41,FEI,2899,runway-jupiter,Runway,USED_BY
42,settime2588,2878,runway-jupiter,Runway,USED_BY
43,Mango Music,2804,runway-jupiter,Runway,USED_BY
44,Peppa Pig - Official Channel,2784,runway-jupiter,Runway,USED_BY
45,Liverpool FC,2714,runway-jupiter,Runway,USED_BY
46,WildBrain Kids,2665,runway-jupiter,Runway,USED_BY
47,MIT OpenCourseWare,2575,runway-jupiter,Runway,USED_BY
48,CBBC,2572,runway-jupiter,Runway,USED_BY
49,Swissbeatbox,2556,runway-jupiter,Runway,USED_BY
50,5-Minute Crafts,2528,runway-jupiter,Runway,USED_BY
51,Gezen Adam,2486,runway-jupiter,Runway,USED_BY
52,SQUASHTV,2406,runway-jupiter,Runway,USED_BY
53,Nickelodeon UK,2361,runway-jupiter,Runway,USED_BY
54,Nickelodeon,2360,runway-jupiter,Runway,USED_BY
55,FilmSpot Trailer,2326,runway-jupiter,Runway,USED_BY
56,SciShow,2303,runway-jupiter,Runway,USED_BY
57,J-AutoShow,2283,runway-jupiter,Runway,USED_BY
58,Surfers of Bali,2252,runway-jupiter,Runway,USED_BY
59,Britain's Got Talent,2238,runway-jupiter,Runway,USED_BY
60,World Archery,2211,runway-jupiter,Runway,USED_BY
61,All4HimRacingVideos,2198,runway-jupiter,Runway,USED_BY
62,Cartoon Network,2162,runway-jupiter,Runway,USED_BY
63,PPA Tour,2146,runway-jupiter,Runway,USED_BY
64,Rombbb,2128,runway-jupiter,Runway,USED_BY
65,Discovery,2109,runway-jupiter,Runway,USED_BY
66,Linus Tech Tips,2095,runway-jupiter,Runway,USED_BY
67,Unisport,2092,runway-jupiter,Runway,USED_BY
68,DraKulis,2024,runway-jupiter,Runway,USED_BY
69,Cult Cinema Classics,2007,runway-jupiter,Runway,USED_BY
70,T-Series,1977,runway-jupiter,Runway,USED_BY
71,CBC,1960,runway-jupiter,Runway,USED_BY
72,Global Triathlon Network,1943,runway-jupiter,Runway,USED_BY
73,PAW Patrol Official & Friends,1934,runway-jupiter,Runway,USED_BY
74,ACC Digital Network,1920,runway-jupiter,Runway,USED_BY
75,The Wall Street Journal,1918,runway-jupiter,Runway,USED_BY
76,Fudgy,1917,runway-jupiter,Runway,USED_BY
77,NASASpaceflight,1911,runway-jupiter,Runway,USED_BY
78,Discovery UK,1911,runway-jupiter,Runway,USED_BY
79,Met Office - UK Weather,1860,runway-jupiter,Runway,USED_BY
80,Boxoffice Movie Scenes,1810,runway-jupiter,Runway,USED_BY
81,Howcast,1797,runway-jupiter,Runway,USED_BY
82,CrossFit,1788,runway-jupiter,Runway,USED_BY
83,TED,1767,runway-jupiter,Runway,USED_BY
84,DC Kids,1719,runway-jupiter,Runway,USED_BY
85,Screen Culture,1719,runway-jupiter,Runway,USED_BY
86,FIBA3x3 - The 3x3 Basketball Channel,1651,runway-jupiter,Runway,USED_BY
87,Mr. Hand Pay,1625,runway-jupiter,Runway,USED_BY
88,DIG BMX Official,1600,runway-jupiter,Runway,USED_BY
89,FilmSelect Trailer,1579,runway-jupiter,Runway,USED_BY
90,Nintendo UK,1574,runway-jupiter,Runway,USED_BY
91,Big Think,1563,runway-jupiter,Runway,USED_BY
92,Oscars,1562,runway-jupiter,Runway,USED_BY
93,Doctor Who,1560,runway-jupiter,Runway,USED_BY
94,Zee Kids,1550,runway-jupiter,Runway,USED_BY
95,BabyBus - Kids Songs and Cartoons,1544,runway-jupiter,Runway,USED_BY
96,Misfit Productions,1537,runway-jupiter,Runway,USED_BY
97,Matchroom Pool,1511,runway-jupiter,Runway,USED_BY
98,WaterTube,1510,runway-jupiter,Runway,USED_BY
99,AA-VFX,1509,runway-jupiter,Runway,USED_BY
100,Monster Energy Supercross,1477,runway-jupiter,Runway,USED_BY
101,pandapia HD,1462,runway-jupiter,Runway,USED_BY
102,Stock Video,1456,runway-jupiter,Runway,USED_BY
103,Rabbit Island Japan,1454,runway-jupiter,Runway,USED_BY
104,Netflix K-Content,1408,runway-jupiter,Runway,USED_BY
105,Garden Answer,1387,runway-jupiter,Runway,USED_BY
106,Guinness World Records,1382,runway-jupiter,Runway,USED_BY
107,Hebbars Kitchen,1381,runway-jupiter,Runway,USED_BY
108,SnowboardProCamp,1380,runway-jupiter,Runway,USED_BY
109,JYP Entertainment,1371,runway-jupiter,Runway,USED_BY
110,Watchfinder & Co.,1367,runway-jupiter,Runway,USED_BY
111,Roberta's Gym,1359,runway-jupiter,Runway,USED_BY
112,Beardbrand,1358,runway-jupiter,Runway,USED_BY
113,The Modern Rogue,1358,runway-jupiter,Runway,USED_BY
114,ISSF - International Shooting Sport Federation,1355,runway-jupiter,Runway,USED_BY
115,Dakar,1320,runway-jupiter,Runway,USED_BY
116,Best Documentary,1308,runway-jupiter,Runway,USED_BY
117,The Verge,1291,runway-jupiter,Runway,USED_BY
118,Dread Central,1290,runway-jupiter,Runway,USED_BY
119,Peacock Kids,1285,runway-jupiter,Runway,USED_BY
120,Unreal Engine,1273,runway-jupiter,Runway,USED_BY
121,Wanda Diamond League,1237,runway-jupiter,Runway,USED_BY
122,Midwest Wrestle,1232,runway-jupiter,Runway,USED_BY
123,Trashmaster15,1217,runway-jupiter,Runway,USED_BY
124,AirshowStuffVideos,1205,runway-jupiter,Runway,USED_BY
125,ENFANT TERRIBLE,1196,runway-jupiter,Runway,USED_BY
126,Horrid Henry,1188,runway-jupiter,Runway,USED_BY
127,Vismai Food,1183,runway-jupiter,Runway,USED_BY
128,Good Morning America,1179,runway-jupiter,Runway,USED_BY
129,Paint Life TV,1178,runway-jupiter,Runway,USED_BY
130,The Geocaching Vlogger,1166,runway-jupiter,Runway,USED_BY
131,CrossFit Games,1155,runway-jupiter,Runway,USED_BY
132,jacobfuckingjones,1141,runway-jupiter,Runway,USED_BY
133,Trakin Tech,1125,runway-jupiter,Runway,USED_BY
134,Goodwood Road & Racing,1120,runway-jupiter,Runway,USED_BY
135,TabiEats,1118,runway-jupiter,Runway,USED_BY
136,Global Mountain Bike Network,1105,runway-jupiter,Runway,USED_BY
137,Hardware Canucks,1100,runway-jupiter,Runway,USED_BY
138,One Man Wolf Pack,1076,runway-jupiter,Runway,USED_BY
139,RGR29,1073,runway-jupiter,Runway,USED_BY
140,Kendall Todd TheSilverGuy,1067,runway-jupiter,Runway,USED_BY
141,Kamp Kenan,1067,runway-jupiter,Runway,USED_BY
142,Sunny Health & Fitness,1062,runway-jupiter,Runway,USED_BY
143,Karate Combat,1057,runway-jupiter,Runway,USED_BY
144,HomeCookingShow,1055,runway-jupiter,Runway,USED_BY
145,ThrasherMagazine,1054,runway-jupiter,Runway,USED_BY
146,IRONMAN Triathlon,1054,runway-jupiter,Runway,USED_BY
147,CrashCourse,1049,runway-jupiter,Runway,USED_BY
148,That's Good Money,1047,runway-jupiter,Runway,USED_BY
149,Hoonigan,1042,runway-jupiter,Runway,USED_BY
150,KinoCheck Family,1041,runway-jupiter,Runway,USED_BY
151,БЕРИ И ДЕЛАЙ,1039,runway-jupiter,Runway,USED_BY
152,Fresh Tracks,1036,runway-jupiter,Runway,USED_BY
153,BBC Earth,1034,runway-jupiter,Runway,USED_BY
154,NASA,1030,runway-jupiter,Runway,USED_BY
155,United Music Events #weareonthemission,1016,runway-jupiter,Runway,USED_BY
156,MINEE EATS,1003,runway-jupiter,Runway,USED_BY
157,The Run Experience,978,runway-jupiter,Runway,USED_BY
158,Maxkil,974,runway-jupiter,Runway,USED_BY
159,Monster Energy,969,runway-jupiter,Runway,USED_BY
160,4K Relaxation Channel,968,runway-jupiter,Runway,USED_BY
161,Jamie Oliver,966,runway-jupiter,Runway,USED_BY
162,Epic Volleyball,964,runway-jupiter,Runway,USED_BY
163,Chemical Guys,955,runway-jupiter,Runway,USED_BY
164,Pompsie Slots,951,runway-jupiter,Runway,USED_BY
165,Uke Like The Pros,941,runway-jupiter,Runway,USED_BY
166,Crufts,941,runway-jupiter,Runway,USED_BY
167,World Triathlon,939,runway-jupiter,Runway,USED_BY
168,Supercar Blondie,936,runway-jupiter,Runway,USED_BY
169,The Running Channel,921,runway-jupiter,Runway,USED_BY
170,GoPro,920,runway-jupiter,Runway,USED_BY
171,Lacry,914,runway-jupiter,Runway,USED_BY
172,LIFFORD GREYHOUNDS,904,runway-jupiter,Runway,USED_BY
173,American Standard Dog Training,890,runway-jupiter,Runway,USED_BY
174,INTER,886,runway-jupiter,Runway,USED_BY
175,Wyse Guide,885,runway-jupiter,Runway,USED_BY
176,Bayashi TV,883,runway-jupiter,Runway,USED_BY
177,Love Nature,881,runway-jupiter,Runway,USED_BY
178,Boat Zone,880,runway-jupiter,Runway,USED_BY
179,CobraEmergency,879,runway-jupiter,Runway,USED_BY
180,Tactical Hyve,877,runway-jupiter,Runway,USED_BY
181,Kackie Reviews Beauty,875,runway-jupiter,Runway,USED_BY
182,TED-Ed,865,runway-jupiter,Runway,USED_BY
183,GameSprout,860,runway-jupiter,Runway,USED_BY
184,Science Channel,860,runway-jupiter,Runway,USED_BY
185,Filmey Box,851,runway-jupiter,Runway,USED_BY
186,Jubilee,842,runway-jupiter,Runway,USED_BY
187,McCann Dog Training,839,runway-jupiter,Runway,USED_BY
188,Michael Jiroch,838,runway-jupiter,Runway,USED_BY
189,Austin Evans,838,runway-jupiter,Runway,USED_BY
190,MovieGasm.com,831,runway-jupiter,Runway,USED_BY
191,Mark Wiens,830,runway-jupiter,Runway,USED_BY
192,The Action Lab,826,runway-jupiter,Runway,USED_BY
193,Kirk Giordano plastering Inc.,822,runway-jupiter,Runway,USED_BY
194,Mondragon Chiropractic,822,runway-jupiter,Runway,USED_BY
195,The Tech Chap,821,runway-jupiter,Runway,USED_BY
196,Evike.com Airsoft,813,runway-jupiter,Runway,USED_BY
197,4K WALK,810,runway-jupiter,Runway,USED_BY
198,Paul Dinning,807,runway-jupiter,Runway,USED_BY
199,JomezPro,801,runway-jupiter,Runway,USED_BY
200,Hagerty,801,runway-jupiter,Runway,USED_BY
201,HEDGEHOG x,794,runway-jupiter,Runway,USED_BY
202,RESHOEVN8R,793,runway-jupiter,Runway,USED_BY
203,thediscgolfguy,792,runway-jupiter,Runway,USED_BY
204,Vincenzo's Plate,791,runway-jupiter,Runway,USED_BY
205,Lahari Music - TSeries,786,runway-jupiter,Runway,USED_BY
206,Marble ASMR healing,785,runway-jupiter,Runway,USED_BY
207,Unbox Therapy,780,runway-jupiter,Runway,USED_BY
208,GymRa,776,runway-jupiter,Runway,USED_BY
209,Theme Park POV,774,runway-jupiter,Runway,USED_BY
210,Terry B,762,runway-jupiter,Runway,USED_BY
211,Tips Telugu,759,runway-jupiter,Runway,USED_BY
212,Soon Films 순필름,755,runway-jupiter,Runway,USED_BY
213,Walk_Africa,753,runway-jupiter,Runway,USED_BY
214,Drumeo,752,runway-jupiter,Runway,USED_BY
215,TBS,750,runway-jupiter,Runway,USED_BY
216,Mordern craft,744,runway-jupiter,Runway,USED_BY
217,CGMeetup,740,runway-jupiter,Runway,USED_BY
218,Shintaro Higashi,738,runway-jupiter,Runway,USED_BY
219,Cocomelon - Nursery Rhymes,732,runway-jupiter,Runway,USED_BY
220,Travis Sickle,732,runway-jupiter,Runway,USED_BY
221,Go Go Go!,731,runway-jupiter,Runway,USED_BY
222,DUST,727,runway-jupiter,Runway,USED_BY
223,The Try Guys,723,runway-jupiter,Runway,USED_BY
224,DAZN Darts,713,runway-jupiter,Runway,USED_BY
225,REI,708,runway-jupiter,Runway,USED_BY
226,fightTIPS,705,runway-jupiter,Runway,USED_BY
227,TKOR,705,runway-jupiter,Runway,USED_BY
228,Avatar: The Last Airbender,703,runway-jupiter,Runway,USED_BY
229,Chill & Relax with Visual Effects,702,runway-jupiter,Runway,USED_BY
230,DP World Tour,699,runway-jupiter,Runway,USED_BY
231,Relaxing White Noise,689,runway-jupiter,Runway,USED_BY
232,FoodieBoy 푸디보이,681,runway-jupiter,Runway,USED_BY
233,Factnomenal,681,runway-jupiter,Runway,USED_BY
234,CNET,681,runway-jupiter,Runway,USED_BY
235,Survival Gear,679,runway-jupiter,Runway,USED_BY
236,Truman's Hardwood Floor Refinishing & Cleaning,677,runway-jupiter,Runway,USED_BY
237,Little Big Shots,676,runway-jupiter,Runway,USED_BY
238,SBSKPOP X INKIGAYO,675,runway-jupiter,Runway,USED_BY
239,H1 Unlimited,673,runway-jupiter,Runway,USED_BY
240,road.cc,672,runway-jupiter,Runway,USED_BY
241,Giants Live STRONGMAN,671,runway-jupiter,Runway,USED_BY
242,ExpertVillage Leaf Group,669,runway-jupiter,Runway,USED_BY
243,Skallagrim,668,runway-jupiter,Runway,USED_BY
244,DJI,668,runway-jupiter,Runway,USED_BY
245,Throneful,667,runway-jupiter,Runway,USED_BY
246,Chandler's Wild Life,660,runway-jupiter,Runway,USED_BY
247,Binge Society,660,runway-jupiter,Runway,USED_BY
248,MyBackyardBirding,657,runway-jupiter,Runway,USED_BY
249,ALTER,654,runway-jupiter,Runway,USED_BY
250,Triton Trojans,652,runway-jupiter,Runway,USED_BY
251,The NYC Walking Show,650,runway-jupiter,Runway,USED_BY
252,옛드 : MBC 옛날 드라마,650,runway-jupiter,Runway,USED_BY
253,BBC,650,runway-jupiter,Runway,USED_BY
254,Goodyear FIA European Truck Racing Championship,646,runway-jupiter,Runway,USED_BY
255,Still Watching Netflix,646,runway-jupiter,Runway,USED_BY
256,Dope Gameplays,645,runway-jupiter,Runway,USED_BY
257,blogilates,645,runway-jupiter,Runway,USED_BY
258,Rambalac,644,runway-jupiter,Runway,USED_BY
259,Tips Official,642,runway-jupiter,Runway,USED_BY
260,LMG Vids,639,runway-jupiter,Runway,USED_BY
261,Riahs Tie Dye,636,runway-jupiter,Runway,USED_BY
262,BWF TV,636,runway-jupiter,Runway,USED_BY
263,Lorien's Toy Box,635,runway-jupiter,Runway,USED_BY
264,tagesschau,631,runway-jupiter,Runway,USED_BY
265,Rick Shiels Golf,630,runway-jupiter,Runway,USED_BY
266,NASCAR,629,runway-jupiter,Runway,USED_BY
267,DrexFactor Poi,628,runway-jupiter,Runway,USED_BY
268,Unsharpen,628,runway-jupiter,Runway,USED_BY
269,Dogumentary TV,624,runway-jupiter,Runway,USED_BY
270,Animals Lovely,623,runway-jupiter,Runway,USED_BY
271,WildBrain Superheroes,623,runway-jupiter,Runway,USED_BY
272,Washington Post,620,runway-jupiter,Runway,USED_BY
273,딜라이트 Delight,616,runway-jupiter,Runway,USED_BY
274,Salomon TV,608,runway-jupiter,Runway,USED_BY
275,USA Gymnastics,608,runway-jupiter,Runway,USED_BY
276,Fashion Channel,604,runway-jupiter,Runway,USED_BY
277,UFC,602,runway-jupiter,Runway,USED_BY
278,Madman Films,595,runway-jupiter,Runway,USED_BY
279,Tony Jeffries,594,runway-jupiter,Runway,USED_BY
280,Jay Lee Painting,593,runway-jupiter,Runway,USED_BY
281,Woodworking Skill,590,runway-jupiter,Runway,USED_BY
282,/\/\ MARCHINGSPORT,590,runway-jupiter,Runway,USED_BY
283,Gallop TV,587,runway-jupiter,Runway,USED_BY
284,BKXC,583,runway-jupiter,Runway,USED_BY
285,FIA World Rallycross Championship,582,runway-jupiter,Runway,USED_BY
286,Shifting Lanes,581,runway-jupiter,Runway,USED_BY
287,土豆の日記Cat's diary,579,runway-jupiter,Runway,USED_BY
288,FF Channel,578,runway-jupiter,Runway,USED_BY
289,Voice of Armwrestling,577,runway-jupiter,Runway,USED_BY
290,The Royalty Family,571,runway-jupiter,Runway,USED_BY
291,McLaren,570,runway-jupiter,Runway,USED_BY
292,Home RenoVision DIY,569,runway-jupiter,Runway,USED_BY
293,Predatory Fins,566,runway-jupiter,Runway,USED_BY
294,Strawberry Shortcake - WildBrain,562,runway-jupiter,Runway,USED_BY
295,Adam Celadin,556,runway-jupiter,Runway,USED_BY
296,History Latinoamérica,552,runway-jupiter,Runway,USED_BY
297,Chicago Symphony Orchestra,551,runway-jupiter,Runway,USED_BY
298,The Smurfs • Official Channel!,549,runway-jupiter,Runway,USED_BY
299,OHEMAA,545,runway-jupiter,Runway,USED_BY
300,All Action,542,runway-jupiter,Runway,USED_BY
301,Masters of the Universe: He-Man & She-Ra,540,runway-jupiter,Runway,USED_BY
302,BBC Studios,540,runway-jupiter,Runway,USED_BY
303,World Table Tennis,540,runway-jupiter,Runway,USED_BY
304,Mind Pump TV,535,runway-jupiter,Runway,USED_BY
305,Veyilon Entertainment,533,runway-jupiter,Runway,USED_BY
306,The Educated Barfly,528,runway-jupiter,Runway,USED_BY
307,Bethesda Softworks,528,runway-jupiter,Runway,USED_BY
308,The Grand Tour,524,runway-jupiter,Runway,USED_BY
309,Encrypted Duck,520,runway-jupiter,Runway,USED_BY
310,Martha Stewart,518,runway-jupiter,Runway,USED_BY
311,Telemundo Deportes,518,runway-jupiter,Runway,USED_BY
312,BuzzFeedVideo,514,runway-jupiter,Runway,USED_BY
313,TheGodlyNoob,511,runway-jupiter,Runway,USED_BY
314,Eitan Bernath,509,runway-jupiter,Runway,USED_BY
315,TGG,505,runway-jupiter,Runway,USED_BY
316,NBC Sports,505,runway-jupiter,Runway,USED_BY
317,Hydraulic Press Channel,504,runway-jupiter,Runway,USED_BY
318,Aviation International News,502,runway-jupiter,Runway,USED_BY
319,ONE Media +,502,runway-jupiter,Runway,USED_BY
320,Boho Beautiful Yoga,499,runway-jupiter,Runway,USED_BY
321,CCTV纪录,497,runway-jupiter,Runway,USED_BY
322,Iain Campbell,492,runway-jupiter,Runway,USED_BY
323,Reuters,491,runway-jupiter,Runway,USED_BY
324,Harley-Davidson,490,runway-jupiter,Runway,USED_BY
325,ThatDudeCanCook,488,runway-jupiter,Runway,USED_BY
326,Concacaf,487,runway-jupiter,Runway,USED_BY
327,The Bearded Butchers,485,runway-jupiter,Runway,USED_BY
328,Gavin Webber,485,runway-jupiter,Runway,USED_BY
329,Something About Gorillas ゴリラっぱTV,484,runway-jupiter,Runway,USED_BY
330,Paul Cuffaro,483,runway-jupiter,Runway,USED_BY
331,Popcornflix,482,runway-jupiter,Runway,USED_BY
332,Wavy Boats,481,runway-jupiter,Runway,USED_BY
333,OmarGoshTV,481,runway-jupiter,Runway,USED_BY
334,League of Legends,481,runway-jupiter,Runway,USED_BY
335,Enduro Life Media,479,runway-jupiter,Runway,USED_BY
336,Man Flow Yoga,479,runway-jupiter,Runway,USED_BY
337,Adam Ragusea,476,runway-jupiter,Runway,USED_BY
338,Calligraphy Masters,475,runway-jupiter,Runway,USED_BY
339,Tedward,471,runway-jupiter,Runway,USED_BY
340,DaveHax,470,runway-jupiter,Runway,USED_BY
341,Throdle,469,runway-jupiter,Runway,USED_BY
342,Let's ask Shogo | Your Japanese friend in Kyoto,469,runway-jupiter,Runway,USED_BY
343,MOLLY'S ARTISTRY,469,runway-jupiter,Runway,USED_BY
344,Hipyo Tech,468,runway-jupiter,Runway,USED_BY
345,FIL Luge,467,runway-jupiter,Runway,USED_BY
346,Clean My Space,465,runway-jupiter,Runway,USED_BY
347,Monterey Bay Aquarium,462,runway-jupiter,Runway,USED_BY
348,"Food & Travel with ""Danny The Medic""",460,runway-jupiter,Runway,USED_BY
349,Matt's Off Road Recovery,460,runway-jupiter,Runway,USED_BY
350,Team Liquid CS2 | Counter Strike,457,runway-jupiter,Runway,USED_BY
351,Australian Open TV,457,runway-jupiter,Runway,USED_BY
352,KinoCheck Sci-Fi,456,runway-jupiter,Runway,USED_BY
353,The Relaxed Walker,456,runway-jupiter,Runway,USED_BY
354,Neeves Knives,455,runway-jupiter,Runway,USED_BY
355,Intuitive Tennis,454,runway-jupiter,Runway,USED_BY
356,Mr SunY,451,runway-jupiter,Runway,USED_BY
357,✿ Kids Diana Show,449,runway-jupiter,Runway,USED_BY
358,ChessBase India,448,runway-jupiter,Runway,USED_BY
359,KeefCooks,447,runway-jupiter,Runway,USED_BY
360,BabyCenter,446,runway-jupiter,Runway,USED_BY
361,ChuChu TV Nursery Rhymes & Kids Songs,444,runway-jupiter,Runway,USED_BY
362,megsquats,444,runway-jupiter,Runway,USED_BY
363,Itchy Boots,444,runway-jupiter,Runway,USED_BY
364,Super Simple Songs - Kids Songs,443,runway-jupiter,Runway,USED_BY
365,Alpha TV Greece,443,runway-jupiter,Runway,USED_BY
366,Seoul Walker,440,runway-jupiter,Runway,USED_BY
367,Mai Pham,440,runway-jupiter,Runway,USED_BY
368,2 Guys & A Cooler,438,runway-jupiter,Runway,USED_BY
369,cricket.com.au,438,runway-jupiter,Runway,USED_BY
370,TheCGBros,437,runway-jupiter,Runway,USED_BY
371,Netflix Jr.,436,runway-jupiter,Runway,USED_BY
372,MOUNTAIN TREKKER,430,runway-jupiter,Runway,USED_BY
373,Red Bull,430,runway-jupiter,Runway,USED_BY
374,The Fun Squad,426,runway-jupiter,Runway,USED_BY
375,Sailing La Vagabonde,424,runway-jupiter,Runway,USED_BY
376,AlmazanKitchen,421,runway-jupiter,Runway,USED_BY
377,Autocar,421,runway-jupiter,Runway,USED_BY
378,China Chilli,421,runway-jupiter,Runway,USED_BY
379,Mike The Scavenger,420,runway-jupiter,Runway,USED_BY
380,Study Buddhism,420,runway-jupiter,Runway,USED_BY
381,KBS Drama Classic,420,runway-jupiter,Runway,USED_BY
382,ARMWRESTLING TV,416,runway-jupiter,Runway,USED_BY
383,Stefan Drury,415,runway-jupiter,Runway,USED_BY
384,Myntra,415,runway-jupiter,Runway,USED_BY
385,stu crompton,414,runway-jupiter,Runway,USED_BY
386,Zoos Victoria,414,runway-jupiter,Runway,USED_BY
387,Vox,413,runway-jupiter,Runway,USED_BY
388,Ryan Williams,410,runway-jupiter,Runway,USED_BY
389,DRIVETRIBE,406,runway-jupiter,Runway,USED_BY
390,Garage Gym Reviews,406,runway-jupiter,Runway,USED_BY
391,Paolo fromTOKYO,405,runway-jupiter,Runway,USED_BY
392,Natashas Kitchen,405,runway-jupiter,Runway,USED_BY
393,The Lion Whisperer,405,runway-jupiter,Runway,USED_BY
394,ART NYC,404,runway-jupiter,Runway,USED_BY
395,Yeung Man Cooking,404,runway-jupiter,Runway,USED_BY
396,Shaun the Sheep Official,403,runway-jupiter,Runway,USED_BY
397,Williams Sonoma,402,runway-jupiter,Runway,USED_BY
398,Skech Art,399,runway-jupiter,Runway,USED_BY
399,English Heritage,398,runway-jupiter,Runway,USED_BY
400,Watched Walker,398,runway-jupiter,Runway,USED_BY
401,Beach Volleyball World,397,runway-jupiter,Runway,USED_BY
402,Audiotree,397,runway-jupiter,Runway,USED_BY
403,4K Urban Life,396,runway-jupiter,Runway,USED_BY
404,JackJackPlays,396,runway-jupiter,Runway,USED_BY
405,dodgerfilms,394,runway-jupiter,Runway,USED_BY
406,Letupita,394,runway-jupiter,Runway,USED_BY
407,Short of the Week,393,runway-jupiter,Runway,USED_BY
408,it's HIS turf,393,runway-jupiter,Runway,USED_BY
409,National Geographic,393,runway-jupiter,Runway,USED_BY
410,Lifetime,393,runway-jupiter,Runway,USED_BY
411,ACG,389,runway-jupiter,Runway,USED_BY
412,Guilty of Treeson,388,runway-jupiter,Runway,USED_BY
413,풀스윙,388,runway-jupiter,Runway,USED_BY
414,DrDIYhax,387,runway-jupiter,Runway,USED_BY
415,FoodyTrip 푸디트립,385,runway-jupiter,Runway,USED_BY
416,Cheer Extreme,383,runway-jupiter,Runway,USED_BY
417,Mastar,382,runway-jupiter,Runway,USED_BY
418,Puuung 퍼엉,381,runway-jupiter,Runway,USED_BY
419,AWA Wiffle Ball,378,runway-jupiter,Runway,USED_BY
420,SLICE,377,runway-jupiter,Runway,USED_BY
421,ojatro,377,runway-jupiter,Runway,USED_BY
422,Ships You Should Know,377,runway-jupiter,Runway,USED_BY
423,芒果TV音乐 MangoTV Music,377,runway-jupiter,Runway,USED_BY
424,The Indian Ambience,376,runway-jupiter,Runway,USED_BY
425,FitnessFAQs,376,runway-jupiter,Runway,USED_BY
426,ONE Championship,376,runway-jupiter,Runway,USED_BY
427,Jun's World,374,runway-jupiter,Runway,USED_BY
428,Nature Soundscapes,374,runway-jupiter,Runway,USED_BY
429,ATHLEAN-X™,372,runway-jupiter,Runway,USED_BY
430,NoAnnoyingCommentary,370,runway-jupiter,Runway,USED_BY
431,Machinery Nation,369,runway-jupiter,Runway,USED_BY
432,The Rose Geek,369,runway-jupiter,Runway,USED_BY
433,Bonsai Empire,369,runway-jupiter,Runway,USED_BY
434,Come Play With Me,369,runway-jupiter,Runway,USED_BY
435,BattleBots,368,runway-jupiter,Runway,USED_BY
436,Doro Cubillo,367,runway-jupiter,Runway,USED_BY
437,NAB Show,366,runway-jupiter,Runway,USED_BY
438,Tone and Tighten,365,runway-jupiter,Runway,USED_BY
439,Guga Foods,364,runway-jupiter,Runway,USED_BY
440,Clifton Chilli Club,364,runway-jupiter,Runway,USED_BY
441,AmysCrypt,363,runway-jupiter,Runway,USED_BY
442,DOVADO,362,runway-jupiter,Runway,USED_BY
443,TEQ TV,361,runway-jupiter,Runway,USED_BY
444,IKAMODA,360,runway-jupiter,Runway,USED_BY
445,Flight Athletic Academy,357,runway-jupiter,Runway,USED_BY
446,The New York Times,357,runway-jupiter,Runway,USED_BY
447,Tennis TV,357,runway-jupiter,Runway,USED_BY
448,Real Ale Craft Beer,357,runway-jupiter,Runway,USED_BY
449,Natalie and Tara,355,runway-jupiter,Runway,USED_BY
450,Dumpster diving momma of 2,354,runway-jupiter,Runway,USED_BY
451,Boiler Room,353,runway-jupiter,Runway,USED_BY
452,HBO,353,runway-jupiter,Runway,USED_BY
453,GameRiot,353,runway-jupiter,Runway,USED_BY
454,All process of world,352,runway-jupiter,Runway,USED_BY
455,Sauce Stache,351,runway-jupiter,Runway,USED_BY
456,Stern Pinball,350,runway-jupiter,Runway,USED_BY
457,Olympics Figure Skating,348,runway-jupiter,Runway,USED_BY
458,Deep Marine Scenes,347,runway-jupiter,Runway,USED_BY
459,TEDx Talks,347,runway-jupiter,Runway,USED_BY
460,Polenar Tactical,346,runway-jupiter,Runway,USED_BY
461,YouGoProBaseball,346,runway-jupiter,Runway,USED_BY
462,TD BRICKS,345,runway-jupiter,Runway,USED_BY
463,Asia Jackson,345,runway-jupiter,Runway,USED_BY
464,AMC Theatres,345,runway-jupiter,Runway,USED_BY
465,Totally TV,341,runway-jupiter,Runway,USED_BY
466,Marvel Entertainment,341,runway-jupiter,Runway,USED_BY
467,Tom Leeman,340,runway-jupiter,Runway,USED_BY
468,YT Object,339,runway-jupiter,Runway,USED_BY
469,FOX Soccer,339,runway-jupiter,Runway,USED_BY
470,J.Harvey Stonework,338,runway-jupiter,Runway,USED_BY
471,Red Bull Rally,338,runway-jupiter,Runway,USED_BY
472,Mind Travels,338,runway-jupiter,Runway,USED_BY
473,Innovative Techs,337,runway-jupiter,Runway,USED_BY
474,Motorcycle.com,337,runway-jupiter,Runway,USED_BY
475,John Z Wetmore,335,runway-jupiter,Runway,USED_BY
476,CJ Pony Parts,335,runway-jupiter,Runway,USED_BY
477,My Self Reliance,334,runway-jupiter,Runway,USED_BY
478,Manish Malhotra,334,runway-jupiter,Runway,USED_BY
479,Cooking with Dog,334,runway-jupiter,Runway,USED_BY
480,Berm Peak,333,runway-jupiter,Runway,USED_BY
481,Nick’s Seasonal Décor,332,runway-jupiter,Runway,USED_BY
482,Tosa Bebe Pet,332,runway-jupiter,Runway,USED_BY
483,Raptor,330,runway-jupiter,Runway,USED_BY
484,CoasterFan2105,329,runway-jupiter,Runway,USED_BY
485,HISTORY,329,runway-jupiter,Runway,USED_BY
486,European Southern Observatory (ESO),328,runway-jupiter,Runway,USED_BY
487,WhatCulture,326,runway-jupiter,Runway,USED_BY
488,Flying The Nest,326,runway-jupiter,Runway,USED_BY
489,Aikido Shinburenseijuku - 合気道神武錬成塾,325,runway-jupiter,Runway,USED_BY
490,CCTV春晚,325,runway-jupiter,Runway,USED_BY
491,Dr. Grace Lee,324,runway-jupiter,Runway,USED_BY
492,How Ridiculous,322,runway-jupiter,Runway,USED_BY
493,Iqra's happy life,320,runway-jupiter,Runway,USED_BY
494,感動猫動画,317,runway-jupiter,Runway,USED_BY
495,Crushing Experiments,315,runway-jupiter,Runway,USED_BY
496,THENX,315,runway-jupiter,Runway,USED_BY
497,The Tonight Show Starring Jimmy Fallon,315,runway-jupiter,Runway,USED_BY
498,Fast & Easy Recipes,314,runway-jupiter,Runway,USED_BY
499,HowToBBQRight,314,runway-jupiter,Runway,USED_BY
500,TICK Entertainment NXT,312,runway-jupiter,Runway,USED_BY
501,VideoFromSpace,311,runway-jupiter,Runway,USED_BY
502,Jesse Enkamp,310,runway-jupiter,Runway,USED_BY
503,Pathways,310,runway-jupiter,Runway,USED_BY
504,Volvo Trucks,309,runway-jupiter,Runway,USED_BY
505,Rinske Douna,304,runway-jupiter,Runway,USED_BY
506,Chiropractic Medicine,304,runway-jupiter,Runway,USED_BY
507,Slugterra - WildBrain,303,runway-jupiter,Runway,USED_BY
508,Skills N' Talents (swimming),302,runway-jupiter,Runway,USED_BY
509,Nicktoons,302,runway-jupiter,Runway,USED_BY
510,The North Face,300,runway-jupiter,Runway,USED_BY
511,Travel Tips by Laurie,300,runway-jupiter,Runway,USED_BY
512,PBR,300,runway-jupiter,Runway,USED_BY
513,AmusementForce,299,runway-jupiter,Runway,USED_BY
514,European Coffee Trip,295,runway-jupiter,Runway,USED_BY
515,JustGameplay_YT,295,runway-jupiter,Runway,USED_BY
516,Andrew Masters,294,runway-jupiter,Runway,USED_BY
517,Street Soccer International,294,runway-jupiter,Runway,USED_BY
518,Pyrography Made Easy,294,runway-jupiter,Runway,USED_BY
519,WILDERNESS COOKING,293,runway-jupiter,Runway,USED_BY
520,Andrew Camarata,293,runway-jupiter,Runway,USED_BY
521,Nobadaddiction,293,runway-jupiter,Runway,USED_BY
522,MotoGP,293,runway-jupiter,Runway,USED_BY
523,Josh Cahill,292,runway-jupiter,Runway,USED_BY
524,MrBeast,292,runway-jupiter,Runway,USED_BY
525,GTA Series Videos,291,runway-jupiter,Runway,USED_BY
526,FORMULA 1,291,runway-jupiter,Runway,USED_BY
527,NautiStyles,290,runway-jupiter,Runway,USED_BY
528,Mason The Mason,290,runway-jupiter,Runway,USED_BY
529,California Through My Lens,289,runway-jupiter,Runway,USED_BY
530,Abdul Malik Fareed,289,runway-jupiter,Runway,USED_BY
531,Cut,289,runway-jupiter,Runway,USED_BY
532,CrossFit Mayhem,286,runway-jupiter,Runway,USED_BY
533,eHowFitness,286,runway-jupiter,Runway,USED_BY
534,Exploring Alternatives,285,runway-jupiter,Runway,USED_BY
535,Real Wild,284,runway-jupiter,Runway,USED_BY
536,Joe's Classic Video Games,283,runway-jupiter,Runway,USED_BY
537,Sarah Jeffery / Team Recorder,283,runway-jupiter,Runway,USED_BY
538,Jungle Survival,282,runway-jupiter,Runway,USED_BY
539,BlueWorldTV,282,runway-jupiter,Runway,USED_BY
540,SBS 옛날 드라마 - 빽드,282,runway-jupiter,Runway,USED_BY
541,Gojzer,278,runway-jupiter,Runway,USED_BY
542,Dashcam Roadshow,278,runway-jupiter,Runway,USED_BY
543,Mix with the Masters,277,runway-jupiter,Runway,USED_BY
544,4WD 24-7,276,runway-jupiter,Runway,USED_BY
545,Kaelyn Grace Apple,275,runway-jupiter,Runway,USED_BY
546,Dale Stone,274,runway-jupiter,Runway,USED_BY
547,WALKS and the CITY,274,runway-jupiter,Runway,USED_BY
548,Saturday Night Live,274,runway-jupiter,Runway,USED_BY
549,MrAJWorks,273,runway-jupiter,Runway,USED_BY
550,GameEdged,272,runway-jupiter,Runway,USED_BY
551,Grant The Knight,270,runway-jupiter,Runway,USED_BY
552,Janit Hewag,270,runway-jupiter,Runway,USED_BY
553,NBCU Academy,269,runway-jupiter,Runway,USED_BY
554,Johnny Test - WildBrain,269,runway-jupiter,Runway,USED_BY
555,The Relaxing Town,269,runway-jupiter,Runway,USED_BY
556,Rashida Hussain,266,runway-jupiter,Runway,USED_BY
557,Hallmark,266,runway-jupiter,Runway,USED_BY
558,Amazing Shots,266,runway-jupiter,Runway,USED_BY
559,Cannondale Bicycles,264,runway-jupiter,Runway,USED_BY
560,Visit Dubai,263,runway-jupiter,Runway,USED_BY
561,Hessischer Rundfunk,263,runway-jupiter,Runway,USED_BY
562,Oahu Surf Films,262,runway-jupiter,Runway,USED_BY
563,Family Flicks,262,runway-jupiter,Runway,USED_BY
564,The Local Project,261,runway-jupiter,Runway,USED_BY
565,Mainely Flies,261,runway-jupiter,Runway,USED_BY
566,FOBOS PLANET,260,runway-jupiter,Runway,USED_BY
567,Airsoft CamMan,260,runway-jupiter,Runway,USED_BY
568,Roma Fedorov,260,runway-jupiter,Runway,USED_BY
569,DuckTravel走鴨旅行,259,runway-jupiter,Runway,USED_BY
570,Astrum,259,runway-jupiter,Runway,USED_BY
571,belmontvision,258,runway-jupiter,Runway,USED_BY
572,theRadBrad,258,runway-jupiter,Runway,USED_BY
573,Barker,257,runway-jupiter,Runway,USED_BY
574,TheRussianGenius,257,runway-jupiter,Runway,USED_BY
575,Noal Farm,255,runway-jupiter,Runway,USED_BY
576,Venus Movies,255,runway-jupiter,Runway,USED_BY
577,WOLFPACK ADVENTURES,255,runway-jupiter,Runway,USED_BY
578,Nightmare PB,254,runway-jupiter,Runway,USED_BY
579,Gentleman's Gazette,254,runway-jupiter,Runway,USED_BY
580,Maths Town,253,runway-jupiter,Runway,USED_BY
581,Adult Swim,253,runway-jupiter,Runway,USED_BY
582,Horse Network,253,runway-jupiter,Runway,USED_BY
583,World Athletics,252,runway-jupiter,Runway,USED_BY
584,Don Joewon Song,251,runway-jupiter,Runway,USED_BY
585,Pawsitive Vybe,251,runway-jupiter,Runway,USED_BY
586,Gamer's Little Playground,251,runway-jupiter,Runway,USED_BY
587,Cartoon Network UK,250,runway-jupiter,Runway,USED_BY
588,WildBrain Max,250,runway-jupiter,Runway,USED_BY
589,Peter Santenello,250,runway-jupiter,Runway,USED_BY
590,Airliners & Ships Channel,250,runway-jupiter,Runway,USED_BY
591,Insider,250,runway-jupiter,Runway,USED_BY
592,Fashion and Style Edit,249,runway-jupiter,Runway,USED_BY
593,mr taster,249,runway-jupiter,Runway,USED_BY
594,Eddie van der Meer,248,runway-jupiter,Runway,USED_BY
595,JerseyGroovyFilms,248,runway-jupiter,Runway,USED_BY
596,Artisti Coffee Roasters.,248,runway-jupiter,Runway,USED_BY
597,Jonathan Katz-Moses,246,runway-jupiter,Runway,USED_BY
598,Top Gear,246,runway-jupiter,Runway,USED_BY
599,The Supa Strikas - Kids Soccer Cartoon,245,runway-jupiter,Runway,USED_BY
600,SPRAY DAILY,245,runway-jupiter,Runway,USED_BY
601,NHRA,245,runway-jupiter,Runway,USED_BY
602,OceanX,244,runway-jupiter,Runway,USED_BY
603,Drift HQ,243,runway-jupiter,Runway,USED_BY
604,Shoe Shine Street ASMR,242,runway-jupiter,Runway,USED_BY
605,Chelsea DeNofa,242,runway-jupiter,Runway,USED_BY
606,Obi Vincent,241,runway-jupiter,Runway,USED_BY
607,Top Notch Lawn Care,240,runway-jupiter,Runway,USED_BY
608,Gizmo Drones,238,runway-jupiter,Runway,USED_BY
609,Netflix,238,runway-jupiter,Runway,USED_BY
610,Premium Footage Planet,237,runway-jupiter,Runway,USED_BY
611,Oliver Sjostrom,237,runway-jupiter,Runway,USED_BY
612,FLAGRANT,237,runway-jupiter,Runway,USED_BY
613,BYOT,236,runway-jupiter,Runway,USED_BY
614,Hollow,236,runway-jupiter,Runway,USED_BY
615,nonoASMR,235,runway-jupiter,Runway,USED_BY
616,Pack Hacker,235,runway-jupiter,Runway,USED_BY
617,Island Hopper TV,235,runway-jupiter,Runway,USED_BY
618,Teo Crawford,234,runway-jupiter,Runway,USED_BY
619,TIFF x DAN,234,runway-jupiter,Runway,USED_BY
620,Doctor Eye Health,232,runway-jupiter,Runway,USED_BY
621,The McKibbin Brothers,232,runway-jupiter,Runway,USED_BY
622,Starboard Windsurfing,232,runway-jupiter,Runway,USED_BY
623,The Kennedy Center,232,runway-jupiter,Runway,USED_BY
624,Unicorn Academy - Official Channel,231,runway-jupiter,Runway,USED_BY
625,Xavier Kickz,230,runway-jupiter,Runway,USED_BY
626,Phương - Harvesting,230,runway-jupiter,Runway,USED_BY
627,Rémy Métailler,230,runway-jupiter,Runway,USED_BY
628,Learning the Harp,229,runway-jupiter,Runway,USED_BY
629,Russell Tree Experts,228,runway-jupiter,Runway,USED_BY
630,Drone Snap,228,runway-jupiter,Runway,USED_BY
631,YELİZ GÜNAY TATTOO,228,runway-jupiter,Runway,USED_BY
632,Blippi Toys,227,runway-jupiter,Runway,USED_BY
633,Cornelius Quiring,227,runway-jupiter,Runway,USED_BY
634,FortNine,225,runway-jupiter,Runway,USED_BY
635,ChrisFix,225,runway-jupiter,Runway,USED_BY
636,MKIceAndFire,225,runway-jupiter,Runway,USED_BY
637,DOST-PAGASA Weather Report,225,runway-jupiter,Runway,USED_BY
638,Grassroots Motorsports,224,runway-jupiter,Runway,USED_BY
639,Fraser Wilson,224,runway-jupiter,Runway,USED_BY
640,Status Coup News,224,runway-jupiter,Runway,USED_BY
641,City Walks,223,runway-jupiter,Runway,USED_BY
642,Make Something,222,runway-jupiter,Runway,USED_BY
643,kend Işleri,222,runway-jupiter,Runway,USED_BY
644,9 Story Fun,222,runway-jupiter,Runway,USED_BY
645,Cake Making,222,runway-jupiter,Runway,USED_BY
646,Everyday Astronaut,221,runway-jupiter,Runway,USED_BY
647,Lifestyle Hal,221,runway-jupiter,Runway,USED_BY
648,growwithjo,220,runway-jupiter,Runway,USED_BY
649,Makeup,220,runway-jupiter,Runway,USED_BY
650,KaaLel,220,runway-jupiter,Runway,USED_BY
651,Eoin Reardon,219,runway-jupiter,Runway,USED_BY
652,Flybubble Paragliding,219,runway-jupiter,Runway,USED_BY
653,Top Rank Boxing,219,runway-jupiter,Runway,USED_BY
654,Odell Complete Concrete,218,runway-jupiter,Runway,USED_BY
655,Samuel Goldwyn Films,217,runway-jupiter,Runway,USED_BY
656,Rachard Johnson,217,runway-jupiter,Runway,USED_BY
657,经典大本营,217,runway-jupiter,Runway,USED_BY
658,Regal,217,runway-jupiter,Runway,USED_BY
659,takahashi taiyou,216,runway-jupiter,Runway,USED_BY
660,ShowtimeWeb,216,runway-jupiter,Runway,USED_BY
661,Food Network,216,runway-jupiter,Runway,USED_BY
662,Kicking World Kicking Camps,215,runway-jupiter,Runway,USED_BY
663,Handimania,215,runway-jupiter,Runway,USED_BY
664,Wonder World,215,runway-jupiter,Runway,USED_BY
665,The Paranormal Files (Official Channel),215,runway-jupiter,Runway,USED_BY
666,Gordon Ramsay,215,runway-jupiter,Runway,USED_BY
667,RESK 12,214,runway-jupiter,Runway,USED_BY
668,Business Insider,214,runway-jupiter,Runway,USED_BY
669,Luxy Hair,214,runway-jupiter,Runway,USED_BY
670,Wade Papenfus - Offshore Tales,214,runway-jupiter,Runway,USED_BY
671,Apartment Therapy,213,runway-jupiter,Runway,USED_BY
672,The Fixer,213,runway-jupiter,Runway,USED_BY
673,F.C. København,213,runway-jupiter,Runway,USED_BY
674,Yummy Yammy,212,runway-jupiter,Runway,USED_BY
675,GK Pro Disc Golf,212,runway-jupiter,Runway,USED_BY
676,Priyanka Tiwari,212,runway-jupiter,Runway,USED_BY
677,Wanderlust Travel Videos,212,runway-jupiter,Runway,USED_BY
678,Nintendo of America,212,runway-jupiter,Runway,USED_BY
679,The Crosbys,211,runway-jupiter,Runway,USED_BY
680,The Food Ranger,211,runway-jupiter,Runway,USED_BY
681,CareerOneStop,211,runway-jupiter,Runway,USED_BY
682,Kurzgesagt – In a Nutshell,210,runway-jupiter,Runway,USED_BY
683,Exotic Black TV,210,runway-jupiter,Runway,USED_BY
684,乐视视频官方频道 Letv Official Channel,210,runway-jupiter,Runway,USED_BY
685,Olympics Gymnastics,209,runway-jupiter,Runway,USED_BY
686,Cleaning The Dirtiest,209,runway-jupiter,Runway,USED_BY
687,hdRunners,209,runway-jupiter,Runway,USED_BY
688,Jaw-Dropping Facts,208,runway-jupiter,Runway,USED_BY
689,Haugen Racing,208,runway-jupiter,Runway,USED_BY
690,lilsimsie,208,runway-jupiter,Runway,USED_BY
691,Luge Сhannel,207,runway-jupiter,Runway,USED_BY
692,Kidibli (Kinder Spielzeug Kanal),206,runway-jupiter,Runway,USED_BY
693,Downshiftology,206,runway-jupiter,Runway,USED_BY
694,The Key of Awesome,206,runway-jupiter,Runway,USED_BY
695,DRAMA Voyage,206,runway-jupiter,Runway,USED_BY
696,DIY Garden Ideas,205,runway-jupiter,Runway,USED_BY
697,Gaming with Abyss,205,runway-jupiter,Runway,USED_BY
698,THE TABLE,204,runway-jupiter,Runway,USED_BY
699,B Bryant Films,204,runway-jupiter,Runway,USED_BY
700,kimdao,202,runway-jupiter,Runway,USED_BY
701,Gumbal,202,runway-jupiter,Runway,USED_BY
702,Men With The Pot,201,runway-jupiter,Runway,USED_BY
703,TGG - Global Emergency Responses,201,runway-jupiter,Runway,USED_BY
704,Silver Cymbal,200,runway-jupiter,Runway,USED_BY
705,LRN2DIY,200,runway-jupiter,Runway,USED_BY
706,Talks at Google,200,runway-jupiter,Runway,USED_BY
707,Racing TV,200,runway-jupiter,Runway,USED_BY
708,Hair And Beard,199,runway-jupiter,Runway,USED_BY
709,Dream Trips,199,runway-jupiter,Runway,USED_BY
710,Partridge Exterior Cleaning,199,runway-jupiter,Runway,USED_BY
711,Cartoon Hangover,199,runway-jupiter,Runway,USED_BY
712,Weed 'em & Reap,198,runway-jupiter,Runway,USED_BY
713,Tasty,198,runway-jupiter,Runway,USED_BY
714,Debrup Travel & Films,197,runway-jupiter,Runway,USED_BY
715,Chao Coffee and Tea,197,runway-jupiter,Runway,USED_BY
716,ZDFheute Nachrichten,197,runway-jupiter,Runway,USED_BY
717,Galileo,197,runway-jupiter,Runway,USED_BY
718,Spark,196,runway-jupiter,Runway,USED_BY
719,Baby Shark - Pinkfong Kids’ Songs & Stories,194,runway-jupiter,Runway,USED_BY
720,Garden Up,194,runway-jupiter,Runway,USED_BY
721,The Q,194,runway-jupiter,Runway,USED_BY
722,Hardman Fishing Adventures,193,runway-jupiter,Runway,USED_BY
723,BETTER Clocks,193,runway-jupiter,Runway,USED_BY
724,Dark Arts TV (PARANORMAL),192,runway-jupiter,Runway,USED_BY
725,Veteran Tree Service,192,runway-jupiter,Runway,USED_BY
726,Daniele Vitale Sax,192,runway-jupiter,Runway,USED_BY
727,National Centre for Circus Arts,191,runway-jupiter,Runway,USED_BY
728,TulipColorCrafts,190,runway-jupiter,Runway,USED_BY
729,Tottenham Hotspur,190,runway-jupiter,Runway,USED_BY
730,Girl Talks Fish,188,runway-jupiter,Runway,USED_BY
731,Highlight Heaven,188,runway-jupiter,Runway,USED_BY
732,Zumba Class,187,runway-jupiter,Runway,USED_BY
733,8K Paradise,187,runway-jupiter,Runway,USED_BY
734,TheRelaxingEnd,187,runway-jupiter,Runway,USED_BY
735,Wimbledon,187,runway-jupiter,Runway,USED_BY
736,Cate Food Travel 凱特食旅,186,runway-jupiter,Runway,USED_BY
737,Review Machines Worldwide,185,runway-jupiter,Runway,USED_BY
738,Maupin Farrier Co,185,runway-jupiter,Runway,USED_BY
739,Motorsports on NBC,185,runway-jupiter,Runway,USED_BY
740,Glassblowing with Grant Garmezy,184,runway-jupiter,Runway,USED_BY
741,Kənd Həyatı,183,runway-jupiter,Runway,USED_BY
742,The Buddymoon,183,runway-jupiter,Runway,USED_BY
743,Monster High,183,runway-jupiter,Runway,USED_BY
744,Burn Savvy,182,runway-jupiter,Runway,USED_BY
745,World Poker Tour,182,runway-jupiter,Runway,USED_BY
746,Sony Pictures Entertainment,182,runway-jupiter,Runway,USED_BY
747,Україна має талант,181,runway-jupiter,Runway,USED_BY
748,Recording Academy / GRAMMYs,181,runway-jupiter,Runway,USED_BY
749,Plastering For Beginners,180,runway-jupiter,Runway,USED_BY
750,MTV,180,runway-jupiter,Runway,USED_BY
751,Jamila Musayeva,179,runway-jupiter,Runway,USED_BY
752,Dog Grooming by Diana Paiva,178,runway-jupiter,Runway,USED_BY
753,Golden Salt,178,runway-jupiter,Runway,USED_BY
754,Renbricks,177,runway-jupiter,Runway,USED_BY
755,Speed Academy,177,runway-jupiter,Runway,USED_BY
756,POUSE around the HOUSE,177,runway-jupiter,Runway,USED_BY
757,Kai W,177,runway-jupiter,Runway,USED_BY
758,Nature Walks,176,runway-jupiter,Runway,USED_BY
759,FX Networks,176,runway-jupiter,Runway,USED_BY
760,Military Archive,175,runway-jupiter,Runway,USED_BY
761,Mobile Instinct,175,runway-jupiter,Runway,USED_BY
762,RGYMRUSSIA,175,runway-jupiter,Runway,USED_BY
763,Robin Greenfield,174,runway-jupiter,Runway,USED_BY
764,AnimeSelect,173,runway-jupiter,Runway,USED_BY
765,British Gymnastics,173,runway-jupiter,Runway,USED_BY
766,MOVE Dance Studio,173,runway-jupiter,Runway,USED_BY
767,30X40 Design Workshop,172,runway-jupiter,Runway,USED_BY
768,H Carpenter,172,runway-jupiter,Runway,USED_BY
769,AudioknapMusic,172,runway-jupiter,Runway,USED_BY
770,Советские фильмы,172,runway-jupiter,Runway,USED_BY
771,спектакли и телепередачи,172,runway-jupiter,Runway,USED_BY
772,SHOWTIME,172,runway-jupiter,Runway,USED_BY
773,Scary Bear Attacks,171,runway-jupiter,Runway,USED_BY
774,Engineering Knits,171,runway-jupiter,Runway,USED_BY
775,Cornell Lab Bird Cams,171,runway-jupiter,Runway,USED_BY
776,mineralblu,170,runway-jupiter,Runway,USED_BY
777,Coke Studio India,170,runway-jupiter,Runway,USED_BY
778,Tai Chi with Dr. Andrew von Plitt,170,runway-jupiter,Runway,USED_BY
779,Rotten Tomatoes Family,169,runway-jupiter,Runway,USED_BY
780,ActionKid,169,runway-jupiter,Runway,USED_BY
781,Christie's,168,runway-jupiter,Runway,USED_BY
782,Shifter,167,runway-jupiter,Runway,USED_BY
783,Max,167,runway-jupiter,Runway,USED_BY
784,Aviation Base,166,runway-jupiter,Runway,USED_BY
785,djstrains,166,runway-jupiter,Runway,USED_BY
786,Drift Masters,166,runway-jupiter,Runway,USED_BY
787,Crowne Prince,165,runway-jupiter,Runway,USED_BY
788,8K VIDEOS ULTRA HD,165,runway-jupiter,Runway,USED_BY
789,the Brazil Show,164,runway-jupiter,Runway,USED_BY
790,Essential Craftsman,164,runway-jupiter,Runway,USED_BY
791,GLORY Kickboxing,164,runway-jupiter,Runway,USED_BY
792,Henry Repeating Arms,163,runway-jupiter,Runway,USED_BY
793,Relaxing Nature In 4K,163,runway-jupiter,Runway,USED_BY
794,Marques Brownlee,163,runway-jupiter,Runway,USED_BY
795,withwendy,163,runway-jupiter,Runway,USED_BY
796,Street Style Stockholm,163,runway-jupiter,Runway,USED_BY
797,FOX Sports,163,runway-jupiter,Runway,USED_BY
798,Flight Time,162,runway-jupiter,Runway,USED_BY
799,ASMR Shoeshine&Repair Dratewka,162,runway-jupiter,Runway,USED_BY
800,Taylor Tries,162,runway-jupiter,Runway,USED_BY
801,Relaxing Melody,162,runway-jupiter,Runway,USED_BY
802,Foldable Flight,162,runway-jupiter,Runway,USED_BY
803,SPOTLIGHT,161,runway-jupiter,Runway,USED_BY
804,MrDalekJD,161,runway-jupiter,Runway,USED_BY
805,Nature Relaxation Films,160,runway-jupiter,Runway,USED_BY
806,Nintendo Official Channel (Southeast Asia),160,runway-jupiter,Runway,USED_BY
807,123 GO!,160,runway-jupiter,Runway,USED_BY
808,letsdig18,160,runway-jupiter,Runway,USED_BY
809,Slow-Mo Tennis,158,runway-jupiter,Runway,USED_BY
810,USA Thrill,158,runway-jupiter,Runway,USED_BY
811,Mighty Mike,157,runway-jupiter,Runway,USED_BY
812,Seoul Street View,156,runway-jupiter,Runway,USED_BY
813,Waves of the World,156,runway-jupiter,Runway,USED_BY
814,BikeBlogger,155,runway-jupiter,Runway,USED_BY
815,Cloudbabies,155,runway-jupiter,Runway,USED_BY
816,World Of Luxury,154,runway-jupiter,Runway,USED_BY
817,FISU,154,runway-jupiter,Runway,USED_BY
818,Moszen,153,runway-jupiter,Runway,USED_BY
819,Ross McCallum,153,runway-jupiter,Runway,USED_BY
820,EpicTV,153,runway-jupiter,Runway,USED_BY
821,Roman Fox,152,runway-jupiter,Runway,USED_BY
822,Göran Winblad,152,runway-jupiter,Runway,USED_BY
823,You Suck At Cooking,150,runway-jupiter,Runway,USED_BY
824,SpongeBob SquarePants Official,150,runway-jupiter,Runway,USED_BY
825,Let's Go Dream Dolls,150,runway-jupiter,Runway,USED_BY
826,Chris' NYC Hot Dog Stands & More!,149,runway-jupiter,Runway,USED_BY
827,BlacktipH,149,runway-jupiter,Runway,USED_BY
828,Power Slap,149,runway-jupiter,Runway,USED_BY
829,Wisecrack,149,runway-jupiter,Runway,USED_BY
830,U.S. Association of Blind Athletes,149,runway-jupiter,Runway,USED_BY
831,Professional Darts Corporation,149,runway-jupiter,Runway,USED_BY
832,Cyberpunk 2077,148,runway-jupiter,Runway,USED_BY
833,JoBlo Movie Clips,148,runway-jupiter,Runway,USED_BY
834,NJShoreBeachLife,148,runway-jupiter,Runway,USED_BY
835,Secrets of Organ Playing,148,runway-jupiter,Runway,USED_BY
836,SpaceX,147,runway-jupiter,Runway,USED_BY
837,What If,147,runway-jupiter,Runway,USED_BY
838,One Tree Planted,147,runway-jupiter,Runway,USED_BY
839,Netflix India,147,runway-jupiter,Runway,USED_BY
840,正午阳光官方频道,147,runway-jupiter,Runway,USED_BY
841,Kuma Films,146,runway-jupiter,Runway,USED_BY
842,Walk China 行走中国,146,runway-jupiter,Runway,USED_BY
843,AR12Gaming,146,runway-jupiter,Runway,USED_BY
844,Theme Park Worldwide,146,runway-jupiter,Runway,USED_BY
845,Zurich The Best City In The World,145,runway-jupiter,Runway,USED_BY
846,Paper Planes Channel,145,runway-jupiter,Runway,USED_BY
847,SMTOWN,145,runway-jupiter,Runway,USED_BY
848,Hoop Sports,144,runway-jupiter,Runway,USED_BY
849,Skizone,144,runway-jupiter,Runway,USED_BY
850,딩고 뮤직 / dingo music,144,runway-jupiter,Runway,USED_BY
851,AllAttack,144,runway-jupiter,Runway,USED_BY
852,Birder King,144,runway-jupiter,Runway,USED_BY
853,Gam3 4 Lif3,143,runway-jupiter,Runway,USED_BY
854,Happy Toy Dolls,143,runway-jupiter,Runway,USED_BY
855,Sesame Street,143,runway-jupiter,Runway,USED_BY
856,Alpha Beta Gamer,143,runway-jupiter,Runway,USED_BY
857,Universal Pictures Australia,142,runway-jupiter,Runway,USED_BY
858,nearLucid,142,runway-jupiter,Runway,USED_BY
859,Smith & Wesson,142,runway-jupiter,Runway,USED_BY
860,NorthernBrewerTV,142,runway-jupiter,Runway,USED_BY
861,Barbie,142,runway-jupiter,Runway,USED_BY
862,World Aquatics,142,runway-jupiter,Runway,USED_BY
863,Chuck Black,141,runway-jupiter,Runway,USED_BY
864,Monzonation,141,runway-jupiter,Runway,USED_BY
865,Great Big Story,141,runway-jupiter,Runway,USED_BY
866,베티버 리사이클 스튜디오 VETIVER Recycle Studio,141,runway-jupiter,Runway,USED_BY
867,Stanford,141,runway-jupiter,Runway,USED_BY
868,Ollie Craig - Primal Pursuit,140,runway-jupiter,Runway,USED_BY
869,Semide ASMR,140,runway-jupiter,Runway,USED_BY
870,Trifecta Pilates,140,runway-jupiter,Runway,USED_BY
871,PBS KIDS,140,runway-jupiter,Runway,USED_BY
872,Harvard University,140,runway-jupiter,Runway,USED_BY
873,jackfrags,140,runway-jupiter,Runway,USED_BY
874,Petzl Sport,139,runway-jupiter,Runway,USED_BY
875,Simply Hiking,139,runway-jupiter,Runway,USED_BY
876,Gonzo's Pinball Flipperama,139,runway-jupiter,Runway,USED_BY
877,Animenz Piano Sheets,139,runway-jupiter,Runway,USED_BY
878,SeniorShape Fitness,138,runway-jupiter,Runway,USED_BY
879,Hadyn Wiseman,138,runway-jupiter,Runway,USED_BY
880,Sifu Kuttel,138,runway-jupiter,Runway,USED_BY
881,Alpsport,137,runway-jupiter,Runway,USED_BY
882,Little Star CC,137,runway-jupiter,Runway,USED_BY
883,Joey Helms,137,runway-jupiter,Runway,USED_BY
884,Monster World by KinoCheck,137,runway-jupiter,Runway,USED_BY
885,Walk East,137,runway-jupiter,Runway,USED_BY
886,Sagonia Lazarof,136,runway-jupiter,Runway,USED_BY
887,Wheels,136,runway-jupiter,Runway,USED_BY
888,Ben's Watch Club,135,runway-jupiter,Runway,USED_BY
889,HD1080ide,135,runway-jupiter,Runway,USED_BY
890,KHelga,135,runway-jupiter,Runway,USED_BY
891,SUMO PRIME TIME,135,runway-jupiter,Runway,USED_BY
892,Tips and Hacks,134,runway-jupiter,Runway,USED_BY
893,Olympics Aquatics,134,runway-jupiter,Runway,USED_BY
894,FILM.UA Group,134,runway-jupiter,Runway,USED_BY
895,Delish,134,runway-jupiter,Runway,USED_BY
896,Vogue,134,runway-jupiter,Runway,USED_BY
897,Fancy Cakes,134,runway-jupiter,Runway,USED_BY
898,NATIONAL - Farming Documentary,133,runway-jupiter,Runway,USED_BY
899,The Piano Guys,133,runway-jupiter,Runway,USED_BY
900,Sony | Camera Channel,133,runway-jupiter,Runway,USED_BY
901,TangoNuevo TV,133,runway-jupiter,Runway,USED_BY
902,Travel World XP,133,runway-jupiter,Runway,USED_BY
903,KRAV MAGA TRAINING,133,runway-jupiter,Runway,USED_BY
904,Audemars Piguet,133,runway-jupiter,Runway,USED_BY
905,TNA Wrestling,133,runway-jupiter,Runway,USED_BY
906,Warner Bros. Pictures,133,runway-jupiter,Runway,USED_BY
907,BackPacker Steve,132,runway-jupiter,Runway,USED_BY
908,Like Olga,132,runway-jupiter,Runway,USED_BY
909,Red Bull BC One,132,runway-jupiter,Runway,USED_BY
910,Westie,132,runway-jupiter,Runway,USED_BY
911,Smash Time Productions,132,runway-jupiter,Runway,USED_BY
912,AirPano VR,131,runway-jupiter,Runway,USED_BY
913,Aerial Landscapes,130,runway-jupiter,Runway,USED_BY
914,RailCowGirl,130,runway-jupiter,Runway,USED_BY
915,Badminton Ham,130,runway-jupiter,Runway,USED_BY
916,Antonelli Baseball,130,runway-jupiter,Runway,USED_BY
917,Curling Canada,130,runway-jupiter,Runway,USED_BY
918,NoahJ456,130,runway-jupiter,Runway,USED_BY
919,International Rocket Launches,129,runway-jupiter,Runway,USED_BY
920,The Loud House,129,runway-jupiter,Runway,USED_BY
921,Crazy About Fly Fishing,129,runway-jupiter,Runway,USED_BY
922,Vic Firth,129,runway-jupiter,Runway,USED_BY
923,Ultimate Gamerz,129,runway-jupiter,Runway,USED_BY
924,Aaron Mott,129,runway-jupiter,Runway,USED_BY
925,United Taps - Tap Dance Lessons,128,runway-jupiter,Runway,USED_BY
926,Yacht Addiction,128,runway-jupiter,Runway,USED_BY
927,National Geographic India,128,runway-jupiter,Runway,USED_BY
928,djxatlanta,128,runway-jupiter,Runway,USED_BY
929,El Escoces gamer,128,runway-jupiter,Runway,USED_BY
930,Hair Hood,127,runway-jupiter,Runway,USED_BY
931,Saikanth Krishna,127,runway-jupiter,Runway,USED_BY
932,DreamWorksTV World,127,runway-jupiter,Runway,USED_BY
933,LFA Fights,127,runway-jupiter,Runway,USED_BY
934,WIRED,127,runway-jupiter,Runway,USED_BY
935,Nintendo DE,127,runway-jupiter,Runway,USED_BY
936,MovieLoad,126,runway-jupiter,Runway,USED_BY
937,Adam’s English Lessons · engVid,126,runway-jupiter,Runway,USED_BY
938,Mountain Rug Cleaning,125,runway-jupiter,Runway,USED_BY
939,Nicole Coenen,125,runway-jupiter,Runway,USED_BY
940,PokerStars,125,runway-jupiter,Runway,USED_BY
941,Learn How to Sign,124,runway-jupiter,Runway,USED_BY
942,프로세스 케이 Process K,124,runway-jupiter,Runway,USED_BY
943,AEROBIC DANCE,124,runway-jupiter,Runway,USED_BY
944,PsycheTruth,123,runway-jupiter,Runway,USED_BY
945,Steven Ndukwu,122,runway-jupiter,Runway,USED_BY
946,Flix For Free,121,runway-jupiter,Runway,USED_BY
947,Emojoie,121,runway-jupiter,Runway,USED_BY
948,DAS Bookbinding,121,runway-jupiter,Runway,USED_BY
949,Jadon Grundy,121,runway-jupiter,Runway,USED_BY
950,20th Century Studios,121,runway-jupiter,Runway,USED_BY
951,Kid vs. Kat - WildBrain,120,runway-jupiter,Runway,USED_BY
952,Art Painting Workshop,120,runway-jupiter,Runway,USED_BY
953,Jackson Hole Mountain Resort,120,runway-jupiter,Runway,USED_BY
954,NW Fishing Secrets,119,runway-jupiter,Runway,USED_BY
955,Plant Based Bistro,119,runway-jupiter,Runway,USED_BY
956,Red Bull Bike,119,runway-jupiter,Runway,USED_BY
957,Natural Beauty & Scenes,119,runway-jupiter,Runway,USED_BY
958,Polo Fields Lawn Service,118,runway-jupiter,Runway,USED_BY
959,Zurik 23M,118,runway-jupiter,Runway,USED_BY
960,Ivanhoe Cycles,118,runway-jupiter,Runway,USED_BY
961,PrettyNflawed,118,runway-jupiter,Runway,USED_BY
962,60 Minutes,118,runway-jupiter,Runway,USED_BY
963,Untold History,117,runway-jupiter,Runway,USED_BY
964,Nick Fry,117,runway-jupiter,Runway,USED_BY
965,Jake Paul,117,runway-jupiter,Runway,USED_BY
966,Danny Gevirtz,117,runway-jupiter,Runway,USED_BY
967,ESL Counter-Strike,117,runway-jupiter,Runway,USED_BY
968,Andy Simon,117,runway-jupiter,Runway,USED_BY
969,Marty Music,117,runway-jupiter,Runway,USED_BY
970,King Creative Official,116,runway-jupiter,Runway,USED_BY
971,VIVIENNE & TAMAS,116,runway-jupiter,Runway,USED_BY
972,Brandon Li,116,runway-jupiter,Runway,USED_BY
973,A ROD,116,runway-jupiter,Runway,USED_BY
974,Women Hooping,116,runway-jupiter,Runway,USED_BY
975,HenleyRoyalRegatta,116,runway-jupiter,Runway,USED_BY
976,SonyMusicIndiaVEVO,116,runway-jupiter,Runway,USED_BY
977,Japan BackpackersXpress,114,runway-jupiter,Runway,USED_BY
978,Amazon Prime Video UK & IE,114,runway-jupiter,Runway,USED_BY
979,Blacksmith Girl,114,runway-jupiter,Runway,USED_BY
980,Gamer Max Channel,114,runway-jupiter,Runway,USED_BY
981,Foot and Ankle Associates of North Texas,113,runway-jupiter,Runway,USED_BY
982,Kraig Adams,113,runway-jupiter,Runway,USED_BY
983,Coaster Studios,113,runway-jupiter,Runway,USED_BY
984,FloRacing,113,runway-jupiter,Runway,USED_BY
985,Florian Gadsby,112,runway-jupiter,Runway,USED_BY
986,Stacked Homes,112,runway-jupiter,Runway,USED_BY
987,龙梅梅Longmeimei,112,runway-jupiter,Runway,USED_BY
988,FloBikes,112,runway-jupiter,Runway,USED_BY
989,fastpitchmedia,112,runway-jupiter,Runway,USED_BY
990,GlamourDDive,111,runway-jupiter,Runway,USED_BY
991,TeenVee,111,runway-jupiter,Runway,USED_BY
992,Below the Plains,111,runway-jupiter,Runway,USED_BY
993,Nintendo 公式チャンネル,111,runway-jupiter,Runway,USED_BY
994,MindFlex,110,runway-jupiter,Runway,USED_BY
995,Dope As Yola,110,runway-jupiter,Runway,USED_BY
996,SXSW,110,runway-jupiter,Runway,USED_BY
997,Netflix Philippines,110,runway-jupiter,Runway,USED_BY
998,ECD Lacrosse,110,runway-jupiter,Runway,USED_BY
999,JaidenAnimations,109,runway-jupiter,Runway,USED_BY
1000,WB Kids,109,runway-jupiter,Runway,USED_BY
1001,Blender Studio,109,runway-jupiter,Runway,USED_BY
1002,Theme Park Review,109,runway-jupiter,Runway,USED_BY
1003,chad kauten,109,runway-jupiter,Runway,USED_BY
1004,Nintendo España,109,runway-jupiter,Runway,USED_BY
1005,UCI,109,runway-jupiter,Runway,USED_BY
1006,Mark Rober,108,runway-jupiter,Runway,USED_BY
1007,Motor Yacht Loon,108,runway-jupiter,Runway,USED_BY
1008,BIG CHEF COOKING,108,runway-jupiter,Runway,USED_BY
1009,Pick Up Limes,108,runway-jupiter,Runway,USED_BY
1010,SlamBall,108,runway-jupiter,Runway,USED_BY
1011,Skylite Productions,108,runway-jupiter,Runway,USED_BY
1012,JoBlo Animated Videos,108,runway-jupiter,Runway,USED_BY
1013,Balance Beam,108,runway-jupiter,Runway,USED_BY
1014,Tuyet Aerobics,107,runway-jupiter,Runway,USED_BY
1015,Tipsy Bartender,107,runway-jupiter,Runway,USED_BY
1016,메가프로세스 Mega Process,106,runway-jupiter,Runway,USED_BY
1017,Railway Emotions,106,runway-jupiter,Runway,USED_BY
1018,BBC Strictly Come Dancing,106,runway-jupiter,Runway,USED_BY
1019,Power Volleyball,106,runway-jupiter,Runway,USED_BY
1020,Mike Shake,105,runway-jupiter,Runway,USED_BY
1021,Go Groomer,105,runway-jupiter,Runway,USED_BY
1022,World Dance New York,105,runway-jupiter,Runway,USED_BY
1023,GLID Gaming,105,runway-jupiter,Runway,USED_BY
1024,ECG WORSHIP SONGS,105,runway-jupiter,Runway,USED_BY
1025,TRIBE OF JUDAH,105,runway-jupiter,Runway,USED_BY
1026,StorylineOnline,105,runway-jupiter,Runway,USED_BY
1027,Mr Bean TV,105,runway-jupiter,Runway,USED_BY
1028,Ichika Nito,104,runway-jupiter,Runway,USED_BY
1029,Sand Castle Building - Andy Hancock,104,runway-jupiter,Runway,USED_BY
1030,Didge Project,104,runway-jupiter,Runway,USED_BY
1031,Cecilia Blomdahl,104,runway-jupiter,Runway,USED_BY
1032,This Old House,104,runway-jupiter,Runway,USED_BY
1033,Sotheby's,104,runway-jupiter,Runway,USED_BY
1034,Windies Cricket,103,runway-jupiter,Runway,USED_BY
1035,湖南国际频道 Hunan TV International  Official Channel,103,runway-jupiter,Runway,USED_BY
1036,Formula DRIFT,103,runway-jupiter,Runway,USED_BY
1037,Nomads With A Purpose: Adventure Travel Family,102,runway-jupiter,Runway,USED_BY
1038,JSHorsemanship,102,runway-jupiter,Runway,USED_BY
1039,CHANEL,102,runway-jupiter,Runway,USED_BY
1040,Fitment Industries,102,runway-jupiter,Runway,USED_BY
1041,ClaireCats,102,runway-jupiter,Runway,USED_BY
1042,hickok45,102,runway-jupiter,Runway,USED_BY
1043,Nintendo France,102,runway-jupiter,Runway,USED_BY
1044,Joseph Solomon,101,runway-jupiter,Runway,USED_BY
1045,Daily Dose Of Laughs,101,runway-jupiter,Runway,USED_BY
1046,Corning Museum of Glass,101,runway-jupiter,Runway,USED_BY
1047,AQHA Video,101,runway-jupiter,Runway,USED_BY
1048,America's Test Kitchen,101,runway-jupiter,Runway,USED_BY
1049,Komar Project,100,runway-jupiter,Runway,USED_BY
1050,ROPE WORK,100,runway-jupiter,Runway,USED_BY
1051,Screamfest,100,runway-jupiter,Runway,USED_BY
1052,Kay's Clay,100,runway-jupiter,Runway,USED_BY
1053,CelloDeck 첼로댁,100,runway-jupiter,Runway,USED_BY
1054,Elite WalkThroughs,100,runway-jupiter,Runway,USED_BY
1055,amc+,100,runway-jupiter,Runway,USED_BY
1056,YumYum얌얌,99,runway-jupiter,Runway,USED_BY
1057,Hulu,99,runway-jupiter,Runway,USED_BY
1058,World Curling,99,runway-jupiter,Runway,USED_BY
1059,People Are Awesome,99,runway-jupiter,Runway,USED_BY
1060,Sissy Spaces,98,runway-jupiter,Runway,USED_BY
1061,321 Relaxing - Meditation Relax Clips,98,runway-jupiter,Runway,USED_BY
1062,Black Mandala Films,98,runway-jupiter,Runway,USED_BY
1063,Joel Howley,98,runway-jupiter,Runway,USED_BY
1064,ELLE,98,runway-jupiter,Runway,USED_BY
1065,The Ingham Family,98,runway-jupiter,Runway,USED_BY
1066,bigtractorpower,98,runway-jupiter,Runway,USED_BY
1067,5rova,97,runway-jupiter,Runway,USED_BY
1068,Konstantin Baum - Master of Wine,97,runway-jupiter,Runway,USED_BY
1069,Silo Entertainment,97,runway-jupiter,Runway,USED_BY
1070,SVF TV “Stock Video Footage TV”,97,runway-jupiter,Runway,USED_BY
1071,Little Chinese Everywhere,97,runway-jupiter,Runway,USED_BY
1072,Kustorez,96,runway-jupiter,Runway,USED_BY
1073,COMPUTER BILD,96,runway-jupiter,Runway,USED_BY
1074,Hop Hop the Owl,95,runway-jupiter,Runway,USED_BY
1075,Flying with Rich,95,runway-jupiter,Runway,USED_BY
1076,Glamour,95,runway-jupiter,Runway,USED_BY
1077,EvanEraTV,95,runway-jupiter,Runway,USED_BY
1078,Costantino Carrara Music,94,runway-jupiter,Runway,USED_BY
1079,JP - Mansion Tours,94,runway-jupiter,Runway,USED_BY
1080,19Bozzy92,94,runway-jupiter,Runway,USED_BY
1081,IBSF Bobsleigh & Skeleton,94,runway-jupiter,Runway,USED_BY
1082,The Deep,93,runway-jupiter,Runway,USED_BY
1083,Insect hunting,93,runway-jupiter,Runway,USED_BY
1084,MasterChef On FOX,93,runway-jupiter,Runway,USED_BY
1085,Emma.Equestrian,93,runway-jupiter,Runway,USED_BY
1086,House & Home,92,runway-jupiter,Runway,USED_BY
1087,Floret Flower Farm,92,runway-jupiter,Runway,USED_BY
1088,DAZN Fußball International,92,runway-jupiter,Runway,USED_BY
1089,carwow,92,runway-jupiter,Runway,USED_BY
1090,Ayberk MusiC,91,runway-jupiter,Runway,USED_BY
1091,Fazal Sharif,91,runway-jupiter,Runway,USED_BY
1092,Refinery29,91,runway-jupiter,Runway,USED_BY
1093,Pro Motocross Championship,91,runway-jupiter,Runway,USED_BY
1094,Lackadaisy,90,runway-jupiter,Runway,USED_BY
1095,Studio McGee,90,runway-jupiter,Runway,USED_BY
1096,NPR Music,90,runway-jupiter,Runway,USED_BY
1097,Love of Grooming,89,runway-jupiter,Runway,USED_BY
1098,PLAY SPORT,89,runway-jupiter,Runway,USED_BY
1099,Relaxing Walks,89,runway-jupiter,Runway,USED_BY
1100,Rocket Swimming,89,runway-jupiter,Runway,USED_BY
1101,4K Clips And Trailers,89,runway-jupiter,Runway,USED_BY
1102,Thomas & Friends,89,runway-jupiter,Runway,USED_BY
1103,MindYourGames,89,runway-jupiter,Runway,USED_BY
1104,Strong Media,89,runway-jupiter,Runway,USED_BY
1105,BikeRadar,89,runway-jupiter,Runway,USED_BY
1106,Hai Anh Aerobics,88,runway-jupiter,Runway,USED_BY
1107,Disney Plus,88,runway-jupiter,Runway,USED_BY
1108,Moonbug Kids - Robot Cartoons,88,runway-jupiter,Runway,USED_BY
1109,NOWNESS,88,runway-jupiter,Runway,USED_BY
1110,Ukulele Wine Time,88,runway-jupiter,Runway,USED_BY
1111,SurferToday,88,runway-jupiter,Runway,USED_BY
1112,Caroline Girvan,88,runway-jupiter,Runway,USED_BY
1113,Voyage,88,runway-jupiter,Runway,USED_BY
1114,Disney XD,88,runway-jupiter,Runway,USED_BY
1115,Worker with hands,87,runway-jupiter,Runway,USED_BY
1116,TeaserPlay,87,runway-jupiter,Runway,USED_BY
1117,MARSHALLTOWN,87,runway-jupiter,Runway,USED_BY
1118,Khelpedia ®,87,runway-jupiter,Runway,USED_BY
1119,Filmsupply,87,runway-jupiter,Runway,USED_BY
1120,GOBELINS Paris,87,runway-jupiter,Runway,USED_BY
1121,Titi Toys and Dolls,87,runway-jupiter,Runway,USED_BY
1122,Airsoft Alfonse,87,runway-jupiter,Runway,USED_BY
1123,Random Things,87,runway-jupiter,Runway,USED_BY
1124,ErikTheElectric,86,runway-jupiter,Runway,USED_BY
1125,Big Muscles,86,runway-jupiter,Runway,USED_BY
1126,SpeedoInternational,86,runway-jupiter,Runway,USED_BY
1127,99Techspot,86,runway-jupiter,Runway,USED_BY
1128,Wood Mood,86,runway-jupiter,Runway,USED_BY
1129,Cali Condor,86,runway-jupiter,Runway,USED_BY
1130,Rare Earth,85,runway-jupiter,Runway,USED_BY
1131,1320video,85,runway-jupiter,Runway,USED_BY
1132,PeterBjorck,84,runway-jupiter,Runway,USED_BY
1133,Essen Recipes,84,runway-jupiter,Runway,USED_BY
1134,blue hippo films,84,runway-jupiter,Runway,USED_BY
1135,Emily Noel,84,runway-jupiter,Runway,USED_BY
1136,Art Theory,83,runway-jupiter,Runway,USED_BY
1137,Adam Ondra,83,runway-jupiter,Runway,USED_BY
1138,HP DIY Farming,83,runway-jupiter,Runway,USED_BY
1139,Outperform,83,runway-jupiter,Runway,USED_BY
1140,Vlad and Niki,83,runway-jupiter,Runway,USED_BY
1141,GTX 1050 Ti,83,runway-jupiter,Runway,USED_BY
1142,Metallica,83,runway-jupiter,Runway,USED_BY
1143,Amazing Scenic Drives,82,runway-jupiter,Runway,USED_BY
1144,Bobby White,82,runway-jupiter,Runway,USED_BY
1145,The Sims,82,runway-jupiter,Runway,USED_BY
1146,EpicTV Climbing Daily,82,runway-jupiter,Runway,USED_BY
1147,Martijn Doolaard,81,runway-jupiter,Runway,USED_BY
1148,Claws,81,runway-jupiter,Runway,USED_BY
1149,Jake Frew,81,runway-jupiter,Runway,USED_BY
1150,Soft White Underbelly,81,runway-jupiter,Runway,USED_BY
1151,Kerala Tourism,81,runway-jupiter,Runway,USED_BY
1152,TheBruSho,80,runway-jupiter,Runway,USED_BY
1153,TheOdd1sOut,80,runway-jupiter,Runway,USED_BY
1154,DVDFilmBonus,80,runway-jupiter,Runway,USED_BY
1155,Netflix After School,80,runway-jupiter,Runway,USED_BY
1156,腾讯视频 - 纪录片 - Get the WeTV APP,80,runway-jupiter,Runway,USED_BY
1157,Troom Troom SELECT,80,runway-jupiter,Runway,USED_BY
1158,Lionsgate Movies,80,runway-jupiter,Runway,USED_BY
1159,Universal Pictures,80,runway-jupiter,Runway,USED_BY
1160,MCN - Motorcyclenews.com,80,runway-jupiter,Runway,USED_BY
1161,eHowSports,80,runway-jupiter,Runway,USED_BY
1162,Delack Media Group,79,runway-jupiter,Runway,USED_BY
1163,Self Defense Tutorials,79,runway-jupiter,Runway,USED_BY
1164,Cake Cake,79,runway-jupiter,Runway,USED_BY
1165,The Walking Dead,79,runway-jupiter,Runway,USED_BY
1166,Columbia University Irving Medical Center,78,runway-jupiter,Runway,USED_BY
1167,Foxes - Raw & Wild,78,runway-jupiter,Runway,USED_BY
1168,FreeDawkins,78,runway-jupiter,Runway,USED_BY
1169,Greyhound Racing,78,runway-jupiter,Runway,USED_BY
1170,Abroad and Hungry,77,runway-jupiter,Runway,USED_BY
1171,Camp Lakebottom - 9 Story,77,runway-jupiter,Runway,USED_BY
1172,Ride with Clara,77,runway-jupiter,Runway,USED_BY
1173,Regular Show,77,runway-jupiter,Runway,USED_BY
1174,Netflix Anime,77,runway-jupiter,Runway,USED_BY
1175,Lost Lakes,77,runway-jupiter,Runway,USED_BY
1176,NASA Goddard,77,runway-jupiter,Runway,USED_BY
1177,Squat University,77,runway-jupiter,Runway,USED_BY
1178,Psychedelic Zen,76,runway-jupiter,Runway,USED_BY
1179,Cinderella Sew,75,runway-jupiter,Runway,USED_BY
1180,TUK Crafts,75,runway-jupiter,Runway,USED_BY
1181,Nikolai Schirmer,75,runway-jupiter,Runway,USED_BY
1182,Peaceful Relaxation 4K,75,runway-jupiter,Runway,USED_BY
1183,Beauty of Science,75,runway-jupiter,Runway,USED_BY
1184,목공TV,75,runway-jupiter,Runway,USED_BY
1185,Call of Duty,75,runway-jupiter,Runway,USED_BY
1186,Munchies,75,runway-jupiter,Runway,USED_BY
1187,The Cincinnati Zoo & Botanical Garden,75,runway-jupiter,Runway,USED_BY
1188,Disc Golf Pro Tour,75,runway-jupiter,Runway,USED_BY
1189,Playing For Change,74,runway-jupiter,Runway,USED_BY
1190,Unicycle.com (UK),74,runway-jupiter,Runway,USED_BY
1191,滇西小哥 Dianxi Xiaoge,74,runway-jupiter,Runway,USED_BY
1192,Harper's BAZAAR,74,runway-jupiter,Runway,USED_BY
1193,Adam LZ,74,runway-jupiter,Runway,USED_BY
1194,10GALLEN81,74,runway-jupiter,Runway,USED_BY
1195,Doughnuts,74,runway-jupiter,Runway,USED_BY
1196,NSSF—The Firearm Industry Trade Association,73,runway-jupiter,Runway,USED_BY
1197,vkgoeswild,73,runway-jupiter,Runway,USED_BY
1198,WaxFraud,73,runway-jupiter,Runway,USED_BY
1199,Bricksane,73,runway-jupiter,Runway,USED_BY
1200,AMPISOUND,73,runway-jupiter,Runway,USED_BY
1201,Eater,73,runway-jupiter,Runway,USED_BY
1202,CWSA,73,runway-jupiter,Runway,USED_BY
1203,ARRIChannel,72,runway-jupiter,Runway,USED_BY
1204,London Symphony Orchestra,72,runway-jupiter,Runway,USED_BY
1205,Clarence,72,runway-jupiter,Runway,USED_BY
1206,Allie Sherlock,72,runway-jupiter,Runway,USED_BY
1207,The Waterski Broadcasting Company,72,runway-jupiter,Runway,USED_BY
1208,Tim Milgram,71,runway-jupiter,Runway,USED_BY
1209,Wild Kratts - 9 Story,71,runway-jupiter,Runway,USED_BY
1210,iLL Flow,71,runway-jupiter,Runway,USED_BY
1211,DisneyMusicVEVO,71,runway-jupiter,Runway,USED_BY
1212,Sơn Thôn,70,runway-jupiter,Runway,USED_BY
1213,Erik Aanderaa,70,runway-jupiter,Runway,USED_BY
1214,Focus Features,70,runway-jupiter,Runway,USED_BY
1215,HYBE LABELS,70,runway-jupiter,Runway,USED_BY
1216,Irgendwas mit ARTE und Kultur,70,runway-jupiter,Runway,USED_BY
1217,College Bound Jocks,70,runway-jupiter,Runway,USED_BY
1218,GDK Stock Video,70,runway-jupiter,Runway,USED_BY
1219,ARTEde,70,runway-jupiter,Runway,USED_BY
1220,Tomorrowland,70,runway-jupiter,Runway,USED_BY
1221,UNTRODDEN WORLD,70,runway-jupiter,Runway,USED_BY
1222,Everyday Food,70,runway-jupiter,Runway,USED_BY
1223,Aerial Earth 🌎,69,runway-jupiter,Runway,USED_BY
1224,Her 86m2,69,runway-jupiter,Runway,USED_BY
1225,FunForLouis,69,runway-jupiter,Runway,USED_BY
1226,SAM THE COOKING GUY,69,runway-jupiter,Runway,USED_BY
1227,相信音樂BinMusic,69,runway-jupiter,Runway,USED_BY
1228,HCL Poker Clips,69,runway-jupiter,Runway,USED_BY
1229,NewYork-Presbyterian Hospital,68,runway-jupiter,Runway,USED_BY
1230,MAGNETFILM,68,runway-jupiter,Runway,USED_BY
1231,Modern House Cabin,68,runway-jupiter,Runway,USED_BY
1232,Sealey Tools,68,runway-jupiter,Runway,USED_BY
1233,Sewing at Home Mom,68,runway-jupiter,Runway,USED_BY
1234,Bé Cá Đồ Chơi,68,runway-jupiter,Runway,USED_BY
1235,Life with Malamutes,68,runway-jupiter,Runway,USED_BY
1236,Citrus,68,runway-jupiter,Runway,USED_BY
1237,Stodeh,68,runway-jupiter,Runway,USED_BY
1238,EARTH STORY,66,runway-jupiter,Runway,USED_BY
1239,Dubai Travel Guide,66,runway-jupiter,Runway,USED_BY
1240,jaybyrdfilms,66,runway-jupiter,Runway,USED_BY
1241,Insider Food,66,runway-jupiter,Runway,USED_BY
1242,The Voice,66,runway-jupiter,Runway,USED_BY
1243,Vans,66,runway-jupiter,Runway,USED_BY
1244,Nobel Prize,66,runway-jupiter,Runway,USED_BY
1245,PRIMAL EARTH,65,runway-jupiter,Runway,USED_BY
1246,UnCappedProductions,65,runway-jupiter,Runway,USED_BY
1247,BUSHCRAFT: OUTDOOR ADVENTURES,65,runway-jupiter,Runway,USED_BY
1248,SA Skydiving,65,runway-jupiter,Runway,USED_BY
1249,Apple TV,65,runway-jupiter,Runway,USED_BY
1250,Prowalk Tours,64,runway-jupiter,Runway,USED_BY
1251,Chrysler Museum of Art,64,runway-jupiter,Runway,USED_BY
1252,World of Warcraft,64,runway-jupiter,Runway,USED_BY
1253,Hakan Karahan Doğada,64,runway-jupiter,Runway,USED_BY
1254,AFH Projects,64,runway-jupiter,Runway,USED_BY
1255,Yar,64,runway-jupiter,Runway,USED_BY
1256,Calisthenicmovement,64,runway-jupiter,Runway,USED_BY
1257,Louisiana Channel,64,runway-jupiter,Runway,USED_BY
1258,DJ Mag,64,runway-jupiter,Runway,USED_BY
1259,America's Got Talent,64,runway-jupiter,Runway,USED_BY
1260,GameV,64,runway-jupiter,Runway,USED_BY
1261,WackenTV,64,runway-jupiter,Runway,USED_BY
1262,Yammie Noob,64,runway-jupiter,Runway,USED_BY
1263,Outdoor Therapy,64,runway-jupiter,Runway,USED_BY
1264,Handsome Nature,64,runway-jupiter,Runway,USED_BY
1265,Team USA,64,runway-jupiter,Runway,USED_BY
1266,shurap,63,runway-jupiter,Runway,USED_BY
1267,The Art of Metalsmithing,63,runway-jupiter,Runway,USED_BY
1268,Luke Combs,63,runway-jupiter,Runway,USED_BY
1269,Mike Tytula,63,runway-jupiter,Runway,USED_BY
1270,Kerni FPV,63,runway-jupiter,Runway,USED_BY
1271,Alt Shift X,63,runway-jupiter,Runway,USED_BY
1272,Q-dance,63,runway-jupiter,Runway,USED_BY
1273,Rocks Cousteau,63,runway-jupiter,Runway,USED_BY
1274,Patagonia,63,runway-jupiter,Runway,USED_BY
1275,Audrey Victoria,63,runway-jupiter,Runway,USED_BY
1276,SUPER RUGBY PACIFIC & TRC,63,runway-jupiter,Runway,USED_BY
1277,Nasjonalparkriket,62,runway-jupiter,Runway,USED_BY
1278,Nintendo Mobile,62,runway-jupiter,Runway,USED_BY
1279,Kinderoutdoor Kinderoutdoor,62,runway-jupiter,Runway,USED_BY
1280,L'AGENCE,61,runway-jupiter,Runway,USED_BY
1281,THE-LOWDOWN.com,61,runway-jupiter,Runway,USED_BY
1282,TechSource,61,runway-jupiter,Runway,USED_BY
1283,Men's Health,61,runway-jupiter,Runway,USED_BY
1284,면상호[NoodleFighter],61,runway-jupiter,Runway,USED_BY
1285,FIS Freestyle Skiing,61,runway-jupiter,Runway,USED_BY
1286,Rene ASMR,60,runway-jupiter,Runway,USED_BY
1287,VC Adventures,60,runway-jupiter,Runway,USED_BY
1288,Nikola Horvat - Tesla,60,runway-jupiter,Runway,USED_BY
1289,Grill Top Experience,60,runway-jupiter,Runway,USED_BY
1290,April Yang,60,runway-jupiter,Runway,USED_BY
1291,Smoke,60,runway-jupiter,Runway,USED_BY
1292,Pixar Cars,60,runway-jupiter,Runway,USED_BY
1293,BeaverCraft,60,runway-jupiter,Runway,USED_BY
1294,FIS Cross Country,60,runway-jupiter,Runway,USED_BY
1295,blacksmifh,60,runway-jupiter,Runway,USED_BY
1296,ARTE,60,runway-jupiter,Runway,USED_BY
1297,Curious George Official,60,runway-jupiter,Runway,USED_BY
1298,Justin Lee,60,runway-jupiter,Runway,USED_BY
1299,Aniplex USA,60,runway-jupiter,Runway,USED_BY
1300,Iraqveteran8888,60,runway-jupiter,Runway,USED_BY
1301,Ed Pratt,59,runway-jupiter,Runway,USED_BY
1302,DisKirra,59,runway-jupiter,Runway,USED_BY
1303,Amerra Medical,59,runway-jupiter,Runway,USED_BY
1304,RockThatSwing,59,runway-jupiter,Runway,USED_BY
1305,Japanese Tools Australia,59,runway-jupiter,Runway,USED_BY
1306,Masha and The Bear,59,runway-jupiter,Runway,USED_BY
1307,Kevin Talbot,59,runway-jupiter,Runway,USED_BY
1308,Epicurious,59,runway-jupiter,Runway,USED_BY
1309,SomersetCricket,59,runway-jupiter,Runway,USED_BY
1310,Olesya & house,58,runway-jupiter,Runway,USED_BY
1311,ActionAdventureTwins,58,runway-jupiter,Runway,USED_BY
1312,Hitesh KS : Hindi Gaming,58,runway-jupiter,Runway,USED_BY
1313,Starting Strength,58,runway-jupiter,Runway,USED_BY
1314,TheTopher,58,runway-jupiter,Runway,USED_BY
1315,CodyBPyrotechnics,58,runway-jupiter,Runway,USED_BY
1316,Mike Less - Farmhand Mike,58,runway-jupiter,Runway,USED_BY
1317,Africa Travel Channel,58,runway-jupiter,Runway,USED_BY
1318,Inside Lacrosse,58,runway-jupiter,Runway,USED_BY
1319,Dexter's World,57,runway-jupiter,Runway,USED_BY
1320,Nick DiGiovanni,57,runway-jupiter,Runway,USED_BY
1321,Red Bull Snow,57,runway-jupiter,Runway,USED_BY
1322,Fares Ksebati,57,runway-jupiter,Runway,USED_BY
1323,VacLab,57,runway-jupiter,Runway,USED_BY
1324,Vevo,57,runway-jupiter,Runway,USED_BY
1325,ONLY in JAPAN * GO,57,runway-jupiter,Runway,USED_BY
1326,Victoria Witthinrich,56,runway-jupiter,Runway,USED_BY
1327,Kohl's Kicking Camps,56,runway-jupiter,Runway,USED_BY
1328,Screen Junkies,56,runway-jupiter,Runway,USED_BY
1329,Wang's record,56,runway-jupiter,Runway,USED_BY
1330,Jaume Soler Movies,56,runway-jupiter,Runway,USED_BY
1331,SurajFineArts - Abstract ART,56,runway-jupiter,Runway,USED_BY
1332,Newsshooter,56,runway-jupiter,Runway,USED_BY
1333,VIFF,56,runway-jupiter,Runway,USED_BY
1334,TeachMeGrappling Coach Brian,56,runway-jupiter,Runway,USED_BY
1335,Picture Pulse,55,runway-jupiter,Runway,USED_BY
1336,tugce dumlupinar,55,runway-jupiter,Runway,USED_BY
1337,ALL in 4K,55,runway-jupiter,Runway,USED_BY
1338,Jurassic World Kids,55,runway-jupiter,Runway,USED_BY
1339,varlamov,55,runway-jupiter,Runway,USED_BY
1340,Everyday washing dishes is easy. How to.,55,runway-jupiter,Runway,USED_BY
1341,Lord's Cricket Ground,55,runway-jupiter,Runway,USED_BY
1342,NintendoAU,55,runway-jupiter,Runway,USED_BY
1343,ikfchannel,55,runway-jupiter,Runway,USED_BY
1344,Liam Brown,54,runway-jupiter,Runway,USED_BY
1345,More Aquarium Co-Op,54,runway-jupiter,Runway,USED_BY
1346,ThinLineMedia,54,runway-jupiter,Runway,USED_BY
1347,Ben 10,54,runway-jupiter,Runway,USED_BY
1348,Roman Hense,54,runway-jupiter,Runway,USED_BY
1349,Dr Joseph Cipriano DC,54,runway-jupiter,Runway,USED_BY
1350,Dude Perfect,54,runway-jupiter,Runway,USED_BY
1351,PPO,54,runway-jupiter,Runway,USED_BY
1352,Школа Вязания с Катериной Мушин,54,runway-jupiter,Runway,USED_BY
1353,Matsimus,54,runway-jupiter,Runway,USED_BY
1354,Black Mountain Honey,54,runway-jupiter,Runway,USED_BY
1355,Wood By Wright How To,54,runway-jupiter,Runway,USED_BY
1356,Indoor Cycling Videos,54,runway-jupiter,Runway,USED_BY
1357,The New Yorker,54,runway-jupiter,Runway,USED_BY
1358,PBS America,53,runway-jupiter,Runway,USED_BY
1359,Explore India,53,runway-jupiter,Runway,USED_BY
1360,wild camp,53,runway-jupiter,Runway,USED_BY
1361,Greyhound Coursing club,53,runway-jupiter,Runway,USED_BY
1362,Ali Spagnola,53,runway-jupiter,Runway,USED_BY
1363,Skid Kids,53,runway-jupiter,Runway,USED_BY
1364,chatpat toy tv,53,runway-jupiter,Runway,USED_BY
1365,Gabriel Varga,53,runway-jupiter,Runway,USED_BY
1366,First We Feast,53,runway-jupiter,Runway,USED_BY
1367,DansTube.TV,53,runway-jupiter,Runway,USED_BY
1368,Gingium,53,runway-jupiter,Runway,USED_BY
1369,Baby Shark Official,53,runway-jupiter,Runway,USED_BY
1370,Excavator Cambodia,53,runway-jupiter,Runway,USED_BY
1371,Shiho Masuda,52,runway-jupiter,Runway,USED_BY
1372,Northern Wild Harvest,52,runway-jupiter,Runway,USED_BY
1373,Kanishk Gupta,52,runway-jupiter,Runway,USED_BY
1374,StyleLikeU,52,runway-jupiter,Runway,USED_BY
1375,pigmie,52,runway-jupiter,Runway,USED_BY
1376,FloMarching,52,runway-jupiter,Runway,USED_BY
1377,LockPickingLawyer,52,runway-jupiter,Runway,USED_BY
1378,Edgar Bombril,52,runway-jupiter,Runway,USED_BY
1379,JB ONeill,52,runway-jupiter,Runway,USED_BY
1380,Bon Appétit,52,runway-jupiter,Runway,USED_BY
1381,COLORS,51,runway-jupiter,Runway,USED_BY
1382,Relaxing Campfires,51,runway-jupiter,Runway,USED_BY
1383,Rabbids Invasion,51,runway-jupiter,Runway,USED_BY
1384,Ash and Summer,51,runway-jupiter,Runway,USED_BY
1385,Food52,51,runway-jupiter,Runway,USED_BY
1386,235FireFly,51,runway-jupiter,Runway,USED_BY
1387,RecipeTin Eats,51,runway-jupiter,Runway,USED_BY
1388,PeruseProject,51,runway-jupiter,Runway,USED_BY
1389,Canyon Bicycles,50,runway-jupiter,Runway,USED_BY
1390,Rajiv Surendra,50,runway-jupiter,Runway,USED_BY
1391,Alessio Lacco,50,runway-jupiter,Runway,USED_BY
1392,DK-Aerial,50,runway-jupiter,Runway,USED_BY
1393,Daybird Sanctuary,50,runway-jupiter,Runway,USED_BY
1394,Marshal No Commentary,50,runway-jupiter,Runway,USED_BY
1395,Matty Bowman,50,runway-jupiter,Runway,USED_BY
1396,COOP3RDRUMM3R,50,runway-jupiter,Runway,USED_BY
1397,JoJo's World,50,runway-jupiter,Runway,USED_BY
1398,NIGHTRIDE,49,runway-jupiter,Runway,USED_BY
1399,Free Stock Footage 89,49,runway-jupiter,Runway,USED_BY
1400,Space Videos,49,runway-jupiter,Runway,USED_BY
1401,Children's Hospital Colorado,49,runway-jupiter,Runway,USED_BY
1402,World Rowing,49,runway-jupiter,Runway,USED_BY
1403,The Amazing World of Gumball,49,runway-jupiter,Runway,USED_BY
1404,GoldieMatic,49,runway-jupiter,Runway,USED_BY
1405,MovieTime Hollywood,48,runway-jupiter,Runway,USED_BY
1406,Mr LuckyFrog,48,runway-jupiter,Runway,USED_BY
1407,marchingmusicde,48,runway-jupiter,Runway,USED_BY
1408,Flyt Foto Creativ,48,runway-jupiter,Runway,USED_BY
1409,Reflections of Life,48,runway-jupiter,Runway,USED_BY
1410,Humanitas,48,runway-jupiter,Runway,USED_BY
1411,LoungeV Films - Relaxing Music and Nature Sounds,48,runway-jupiter,Runway,USED_BY
1412,Orphaned Wildlife Center,48,runway-jupiter,Runway,USED_BY
1413,Brennen Taylor,48,runway-jupiter,Runway,USED_BY
1414,Polychronis Drone,48,runway-jupiter,Runway,USED_BY
1415,Let's Explore,48,runway-jupiter,Runway,USED_BY
1416,Rene ZZ,48,runway-jupiter,Runway,USED_BY
1417,This Esme,48,runway-jupiter,Runway,USED_BY
1418,Parents !,48,runway-jupiter,Runway,USED_BY
1419,KayakSessionTV,48,runway-jupiter,Runway,USED_BY
1420,Kosmo,47,runway-jupiter,Runway,USED_BY
1421,Polonez San Diego,47,runway-jupiter,Runway,USED_BY
1422,Red Bull Surfing,47,runway-jupiter,Runway,USED_BY
1423,Tactical Rifleman,47,runway-jupiter,Runway,USED_BY
1424,Lowe's Home Improvement,47,runway-jupiter,Runway,USED_BY
1425,iTrain Hockey,47,runway-jupiter,Runway,USED_BY
1426,Natali Bullock,47,runway-jupiter,Runway,USED_BY
1427,Allie Glines,47,runway-jupiter,Runway,USED_BY
1428,EchoBeluga,47,runway-jupiter,Runway,USED_BY
1429,Attractions 360°,47,runway-jupiter,Runway,USED_BY
1430,Dustin Williams,47,runway-jupiter,Runway,USED_BY
1431,Sony India,47,runway-jupiter,Runway,USED_BY
1432,Beau Miles,46,runway-jupiter,Runway,USED_BY
1433,HD Knots,46,runway-jupiter,Runway,USED_BY
1434,Eric - 8K Nature Film,46,runway-jupiter,Runway,USED_BY
1435,Norway with Pål,46,runway-jupiter,Runway,USED_BY
1436,Real Simple,46,runway-jupiter,Runway,USED_BY
1437,Food Network Canada,46,runway-jupiter,Runway,USED_BY
1438,FNATIC,46,runway-jupiter,Runway,USED_BY
1439,Red Arcade,46,runway-jupiter,Runway,USED_BY
1440,Relaxing House Sounds,45,runway-jupiter,Runway,USED_BY
1441,Mr. M,45,runway-jupiter,Runway,USED_BY
1442,Soothing Nature Escapes,45,runway-jupiter,Runway,USED_BY
1443,DW Documentary,45,runway-jupiter,Runway,USED_BY
1444,GUCCI,45,runway-jupiter,Runway,USED_BY
1445,Relaxing Soundzzz,45,runway-jupiter,Runway,USED_BY
1446,Pogo,45,runway-jupiter,Runway,USED_BY
1447,We Bodyboard,45,runway-jupiter,Runway,USED_BY
1448,HD Melbourne Aviation,45,runway-jupiter,Runway,USED_BY
1449,Oggy & his friends,45,runway-jupiter,Runway,USED_BY
1450,Viator,45,runway-jupiter,Runway,USED_BY
1451,New York Philharmonic,45,runway-jupiter,Runway,USED_BY
1452,Soultone Cymbals,45,runway-jupiter,Runway,USED_BY
1453,DirtFish,45,runway-jupiter,Runway,USED_BY
1454,NDR Doku,45,runway-jupiter,Runway,USED_BY
1455,Shaves and Massages,44,runway-jupiter,Runway,USED_BY
1456,Animated,44,runway-jupiter,Runway,USED_BY
1457,Airplane Mode Channel,44,runway-jupiter,Runway,USED_BY
1458,Magical Fireplace Flames,44,runway-jupiter,Runway,USED_BY
1459,8K Video Art,44,runway-jupiter,Runway,USED_BY
1460,Easy Cooking,44,runway-jupiter,Runway,USED_BY
1461,АРТ Клякса,44,runway-jupiter,Runway,USED_BY
1462,Michael Casagrande,44,runway-jupiter,Runway,USED_BY
1463,PastimeAthletics,44,runway-jupiter,Runway,USED_BY
1464,GameClips,44,runway-jupiter,Runway,USED_BY
1465,Infinite Visual,44,runway-jupiter,Runway,USED_BY
1466,A Concord Carpenter / ToolBoxBuzz,44,runway-jupiter,Runway,USED_BY
1467,TDi Media,44,runway-jupiter,Runway,USED_BY
1468,하이푸디 HiFoodie,44,runway-jupiter,Runway,USED_BY
1469,야미보이 Yummyboy,43,runway-jupiter,Runway,USED_BY
1470,Flexshow,43,runway-jupiter,Runway,USED_BY
1471,STORROR,43,runway-jupiter,Runway,USED_BY
1472,Peter McKinnon,43,runway-jupiter,Runway,USED_BY
1473,Fairyland Cottage,43,runway-jupiter,Runway,USED_BY
1474,Safari Wonders 4K,43,runway-jupiter,Runway,USED_BY
1475,PbNation Paintball,43,runway-jupiter,Runway,USED_BY
1476,TheStradman,43,runway-jupiter,Runway,USED_BY
1477,International Federation of Sport Climbing,43,runway-jupiter,Runway,USED_BY
1478,Farming Fixing & Fabricating,43,runway-jupiter,Runway,USED_BY
1479,KickinTheirBASSTV,43,runway-jupiter,Runway,USED_BY
1480,Simply Railway,42,runway-jupiter,Runway,USED_BY
1481,Finny The Shark,42,runway-jupiter,Runway,USED_BY
1482,World Footvolley,42,runway-jupiter,Runway,USED_BY
1483,Eugenia Diaz,42,runway-jupiter,Runway,USED_BY
1484,Sur Ronster,42,runway-jupiter,Runway,USED_BY
1485,Adventures with BENG!,42,runway-jupiter,Runway,USED_BY
1486,Go To Space,42,runway-jupiter,Runway,USED_BY
1487,Chef Grandma Cooking,42,runway-jupiter,Runway,USED_BY
1488,Adrian Sanso-Ali,42,runway-jupiter,Runway,USED_BY
1489,Jon Olsson,42,runway-jupiter,Runway,USED_BY
1490,Lakewood Church,42,runway-jupiter,Runway,USED_BY
1491,SilentMike,42,runway-jupiter,Runway,USED_BY
1492,Amp World,42,runway-jupiter,Runway,USED_BY
1493,MAX,42,runway-jupiter,Runway,USED_BY
1494,Sharp Tamil Gaming,42,runway-jupiter,Runway,USED_BY
1495,Give it a Grow,42,runway-jupiter,Runway,USED_BY
1496,Mrwhosetheboss,42,runway-jupiter,Runway,USED_BY
1497,Aamchi Mumbai,42,runway-jupiter,Runway,USED_BY
1498,Dokter Gigi Tri Putra,42,runway-jupiter,Runway,USED_BY
1499,Vania Mania French,42,runway-jupiter,Runway,USED_BY
1500,Japanese Bakery Tour,41,runway-jupiter,Runway,USED_BY
1501,Relaxing Scenes - Driving,41,runway-jupiter,Runway,USED_BY
1502,Prop Clear,41,runway-jupiter,Runway,USED_BY
1503,Ottawa Public Health,41,runway-jupiter,Runway,USED_BY
1504,STREAM WARS,41,runway-jupiter,Runway,USED_BY
1505,NBCivicTheatre,41,runway-jupiter,Runway,USED_BY
1506,BeyondGrappling,41,runway-jupiter,Runway,USED_BY
1507,IndianRaga,41,runway-jupiter,Runway,USED_BY
1508,AudioPhil,41,runway-jupiter,Runway,USED_BY
1509,Red Chillies Entertainment,41,runway-jupiter,Runway,USED_BY
1510,THE ENCHANTED VILLAGE OF PINOCCHIO,40,runway-jupiter,Runway,USED_BY
1511,MILAN ON TREND,40,runway-jupiter,Runway,USED_BY
1512,Major League Paintball,40,runway-jupiter,Runway,USED_BY
1513,الاسطي ELOSTA,40,runway-jupiter,Runway,USED_BY
1514,Guangdong Lightful laser (Kitty Lyu),40,runway-jupiter,Runway,USED_BY
1515,Outdoor Boys,40,runway-jupiter,Runway,USED_BY
1516,Ahmad Tea,40,runway-jupiter,Runway,USED_BY
1517,Mike Day Concrete (Everything About Concrete),40,runway-jupiter,Runway,USED_BY
1518,Kirsten Dirksen,40,runway-jupiter,Runway,USED_BY
1519,Quiksilver,40,runway-jupiter,Runway,USED_BY
1520,Xureila,40,runway-jupiter,Runway,USED_BY
1521,Rhia Official,40,runway-jupiter,Runway,USED_BY
1522,Lebanese Weddings,40,runway-jupiter,Runway,USED_BY
1523,Mr JWW,40,runway-jupiter,Runway,USED_BY
1524,NOVA PBS Official,40,runway-jupiter,Runway,USED_BY
1525,KAZAN,40,runway-jupiter,Runway,USED_BY
1526,Gardening Australia,40,runway-jupiter,Runway,USED_BY
1527,Paul Stamets,39,runway-jupiter,Runway,USED_BY
1528,Forest Film Studio,39,runway-jupiter,Runway,USED_BY
1529,Dead Sound,39,runway-jupiter,Runway,USED_BY
1530,The House Bowling,39,runway-jupiter,Runway,USED_BY
1531,Jog for Joy,39,runway-jupiter,Runway,USED_BY
1532,Jago Hazzard,39,runway-jupiter,Runway,USED_BY
1533,Arc'teryx,39,runway-jupiter,Runway,USED_BY
1534,American Ninja Warrior,39,runway-jupiter,Runway,USED_BY
1535,Zak George’s Dog Training Revolution,39,runway-jupiter,Runway,USED_BY
1536,Marion's Kitchen,39,runway-jupiter,Runway,USED_BY
1537,Juggernaut Training Systems,39,runway-jupiter,Runway,USED_BY
1538,Coco der Neugierige Affe,39,runway-jupiter,Runway,USED_BY
1539,Marvel HQ,39,runway-jupiter,Runway,USED_BY
1540,WOW Bear - Official Channel,39,runway-jupiter,Runway,USED_BY
1541,VMS Construction,39,runway-jupiter,Runway,USED_BY
1542,ThirstyHyena,39,runway-jupiter,Runway,USED_BY
1543,Animal Shelter,39,runway-jupiter,Runway,USED_BY
1544,Teton Gravity Research,38,runway-jupiter,Runway,USED_BY
1545,Clippedinandfree,38,runway-jupiter,Runway,USED_BY
1546,Coffee Breaks & Soundscapes,38,runway-jupiter,Runway,USED_BY
1547,Art21,38,runway-jupiter,Runway,USED_BY
1548,J Utah,38,runway-jupiter,Runway,USED_BY
1549,Joy Of Gaming,38,runway-jupiter,Runway,USED_BY
1550,CaseyNeistat,38,runway-jupiter,Runway,USED_BY
1551,Egameplay4U,38,runway-jupiter,Runway,USED_BY
1552,Tomasz Strzelczyk ODDASZFARTUCHA,38,runway-jupiter,Runway,USED_BY
1553,Dr. Shereene Idriss,38,runway-jupiter,Runway,USED_BY
1554,George Mouse,38,runway-jupiter,Runway,USED_BY
1555,Nitro Circus,38,runway-jupiter,Runway,USED_BY
1556,Modern Movement Creative Inc,37,runway-jupiter,Runway,USED_BY
1557,Woodworking Tools,37,runway-jupiter,Runway,USED_BY
1558,André Musgrove,37,runway-jupiter,Runway,USED_BY
1559,How To Sand A Floor,37,runway-jupiter,Runway,USED_BY
1560,Tractor Ted,37,runway-jupiter,Runway,USED_BY
1561,The TRY Channel,37,runway-jupiter,Runway,USED_BY
1562,DKGames,37,runway-jupiter,Runway,USED_BY
1563,Sros Yummy Cooking Vlogs,37,runway-jupiter,Runway,USED_BY
1564,TODES,37,runway-jupiter,Runway,USED_BY
1565,efood,37,runway-jupiter,Runway,USED_BY
1566,Atlantis Sports,37,runway-jupiter,Runway,USED_BY
1567,Keila Roque,37,runway-jupiter,Runway,USED_BY
1568,Crazy Frog,36,runway-jupiter,Runway,USED_BY
1569,FullHDvideos4me,36,runway-jupiter,Runway,USED_BY
1570,Michael the Dentist,36,runway-jupiter,Runway,USED_BY
1571,No Laying Up,36,runway-jupiter,Runway,USED_BY
1572,Sci-Fi Central,36,runway-jupiter,Runway,USED_BY
1573,Toads N Frogs,36,runway-jupiter,Runway,USED_BY
1574,The Salon Life,36,runway-jupiter,Runway,USED_BY
1575,Good Housekeeping,36,runway-jupiter,Runway,USED_BY
1576,kristabrusso,36,runway-jupiter,Runway,USED_BY
1577,MRXHindiGaming,36,runway-jupiter,Runway,USED_BY
1578,BrainPilot,36,runway-jupiter,Runway,USED_BY
1579,The Craft Beer Channel,36,runway-jupiter,Runway,USED_BY
1580,Teddy Baldassarre,36,runway-jupiter,Runway,USED_BY
1581,BBC Earth Science,36,runway-jupiter,Runway,USED_BY
1582,Mrs macarons마카롱여사,36,runway-jupiter,Runway,USED_BY
1583,8K Relaxation Channel 시네마틱아카이브,36,runway-jupiter,Runway,USED_BY
1584,Provincial Health Services Authority (PHSA),36,runway-jupiter,Runway,USED_BY
1585,Liam Pattison Photography,36,runway-jupiter,Runway,USED_BY
1586,Washington Life,36,runway-jupiter,Runway,USED_BY
1587,Dodgeball Seattle,36,runway-jupiter,Runway,USED_BY
1588,Our BMX,36,runway-jupiter,Runway,USED_BY
1589,Steve the Bartender,36,runway-jupiter,Runway,USED_BY
1590,Wandering Momentz,36,runway-jupiter,Runway,USED_BY
1591,Comedy Talkies,36,runway-jupiter,Runway,USED_BY
1592,SwimUp,35,runway-jupiter,Runway,USED_BY
1593,William Hanson,35,runway-jupiter,Runway,USED_BY
1594,Cyber Landscaping,35,runway-jupiter,Runway,USED_BY
1595,Team Liquid Honda: League of Legends,35,runway-jupiter,Runway,USED_BY
1596,Branch Education,35,runway-jupiter,Runway,USED_BY
1597,Amelia Newcomb Dressage,35,runway-jupiter,Runway,USED_BY
1598,My personal journal outdoor,35,runway-jupiter,Runway,USED_BY
1599,Architectural Digest,35,runway-jupiter,Runway,USED_BY
1600,Best Ever Food Review Show,35,runway-jupiter,Runway,USED_BY
1601,Victoria and Albert Museum,35,runway-jupiter,Runway,USED_BY
1602,Huw Richards,35,runway-jupiter,Runway,USED_BY
1603,allthingsbbq,35,runway-jupiter,Runway,USED_BY
1604,Zach Choi ASMR,35,runway-jupiter,Runway,USED_BY
1605,YAKfilms,35,runway-jupiter,Runway,USED_BY
1606,Well Go USA Entertainment,35,runway-jupiter,Runway,USED_BY
1607,I'mJette,35,runway-jupiter,Runway,USED_BY
1608,Elphick.Event.Ponies,35,runway-jupiter,Runway,USED_BY
1609,푸드스토리 FoodStory,35,runway-jupiter,Runway,USED_BY
1610,Nintendo HK官方頻道,35,runway-jupiter,Runway,USED_BY
1611,MeatEater,35,runway-jupiter,Runway,USED_BY
1612,Walks & Wall Street,35,runway-jupiter,Runway,USED_BY
1613,SimplySoccer,35,runway-jupiter,Runway,USED_BY
1614,TechZone,35,runway-jupiter,Runway,USED_BY
1615,Wheels to Wander,34,runway-jupiter,Runway,USED_BY
1616,Andraz Egart,34,runway-jupiter,Runway,USED_BY
1617,Roadtrip Ramblers,34,runway-jupiter,Runway,USED_BY
1618,Ninja Frog,34,runway-jupiter,Runway,USED_BY
1619,Three Little Goats Homestead,34,runway-jupiter,Runway,USED_BY
1620,Fix This House,34,runway-jupiter,Runway,USED_BY
1621,AniClimax,34,runway-jupiter,Runway,USED_BY
1622,Hausgemachte Rezepte,34,runway-jupiter,Runway,USED_BY
1623,Peak Performance,34,runway-jupiter,Runway,USED_BY
1624,DW Classical Music,34,runway-jupiter,Runway,USED_BY
1625,GreekReporter,34,runway-jupiter,Runway,USED_BY
1626,darbarfestival,34,runway-jupiter,Runway,USED_BY
1627,Punish,34,runway-jupiter,Runway,USED_BY
1628,Steven Universe,34,runway-jupiter,Runway,USED_BY
1629,Vietnam Travel Guide,34,runway-jupiter,Runway,USED_BY
1630,ASMR shoe shine Fausto Arizmendi,34,runway-jupiter,Runway,USED_BY
1631,Blogothèque,34,runway-jupiter,Runway,USED_BY
1632,MySwimPro,34,runway-jupiter,Runway,USED_BY
1633,ACTIVE FPV,34,runway-jupiter,Runway,USED_BY
1634,MarioPartyGaming,34,runway-jupiter,Runway,USED_BY
1635,Discover Nippon,33,runway-jupiter,Runway,USED_BY
1636,Glendale Fire Training Videos,33,runway-jupiter,Runway,USED_BY
1637,INTO THE WORLD 4K,33,runway-jupiter,Runway,USED_BY
1638,DTeK,33,runway-jupiter,Runway,USED_BY
1639,Shopping On Champagne,33,runway-jupiter,Runway,USED_BY
1640,amabelle,33,runway-jupiter,Runway,USED_BY
1641,Expedition Evans,33,runway-jupiter,Runway,USED_BY
1642,Dead by Daylight,33,runway-jupiter,Runway,USED_BY
1643,This Does Not Compute,33,runway-jupiter,Runway,USED_BY
1644,Uuden Musiikin Kilpailu,33,runway-jupiter,Runway,USED_BY
1645,Arizona Ambience,33,runway-jupiter,Runway,USED_BY
1646,Motorsport UK,33,runway-jupiter,Runway,USED_BY
1647,Avengers Racing,33,runway-jupiter,Runway,USED_BY
1648,Adventure Time,33,runway-jupiter,Runway,USED_BY
1649,Indian Food Explorer,33,runway-jupiter,Runway,USED_BY
1650,Andy Cooks,33,runway-jupiter,Runway,USED_BY
1651,Tanner Shuck,33,runway-jupiter,Runway,USED_BY
1652,MadFit,33,runway-jupiter,Runway,USED_BY
1653,The Land Before Time,33,runway-jupiter,Runway,USED_BY
1654,Apfelwelt,33,runway-jupiter,Runway,USED_BY
1655,Riding Zone,33,runway-jupiter,Runway,USED_BY
1656,WooHoo WHOA,33,runway-jupiter,Runway,USED_BY
1657,iKnowReview,33,runway-jupiter,Runway,USED_BY
1658,BBC Earth Unplugged,33,runway-jupiter,Runway,USED_BY
1659,Throw Back TV,33,runway-jupiter,Runway,USED_BY
1660,UE Sound,32,runway-jupiter,Runway,USED_BY
1661,Snoopy,32,runway-jupiter,Runway,USED_BY
1662,My Microscopic World,32,runway-jupiter,Runway,USED_BY
1663,Jamie's Journey,32,runway-jupiter,Runway,USED_BY
1664,Ultra Relief,32,runway-jupiter,Runway,USED_BY
1665,DyingLlama,32,runway-jupiter,Runway,USED_BY
1666,FNF Entertainment,32,runway-jupiter,Runway,USED_BY
1667,Gillette,32,runway-jupiter,Runway,USED_BY
1668,Kids2Kids,32,runway-jupiter,Runway,USED_BY
1669,HeavyDSparks,32,runway-jupiter,Runway,USED_BY
1670,Cargospotter,32,runway-jupiter,Runway,USED_BY
1671,Judo Highlights,32,runway-jupiter,Runway,USED_BY
1672,Official Pink Panther,32,runway-jupiter,Runway,USED_BY
1673,Transit bites,32,runway-jupiter,Runway,USED_BY
1674,FishAholic Fishing,32,runway-jupiter,Runway,USED_BY
1675,Winds of Love,32,runway-jupiter,Runway,USED_BY
1676,K9 Clipz - Dog Grooming tips,32,runway-jupiter,Runway,USED_BY
1677,Michelle Briehler,32,runway-jupiter,Runway,USED_BY
1678,NickandCarrie,32,runway-jupiter,Runway,USED_BY
1679,RobCosman.com,32,runway-jupiter,Runway,USED_BY
1680,Еда на любой вкус,32,runway-jupiter,Runway,USED_BY
1681,Paul Birder,31,runway-jupiter,Runway,USED_BY
1682,Hollywood Ambience,31,runway-jupiter,Runway,USED_BY
1683,Rusty Shades Restoration,31,runway-jupiter,Runway,USED_BY
1684,PlayOverwatch,31,runway-jupiter,Runway,USED_BY
1685,Gears and Gasoline,31,runway-jupiter,Runway,USED_BY
1686,Atomic Skiing,31,runway-jupiter,Runway,USED_BY
1687,Fun Endeavors,31,runway-jupiter,Runway,USED_BY
1688,Cowboy Kent Rollins,31,runway-jupiter,Runway,USED_BY
1689,Jiggin' With Jordan,31,runway-jupiter,Runway,USED_BY
1690,scottbrothersduo,31,runway-jupiter,Runway,USED_BY
1691,강형욱의 보듬TV,31,runway-jupiter,Runway,USED_BY
1692,The Children's Museum of Indianapolis,31,runway-jupiter,Runway,USED_BY
1693,JINESH GAMING,31,runway-jupiter,Runway,USED_BY
1694,Peacock jr,31,runway-jupiter,Runway,USED_BY
1695,DutchMotorsport,31,runway-jupiter,Runway,USED_BY
1696,Beautiful Relaxation,30,runway-jupiter,Runway,USED_BY
1697,miromiro,30,runway-jupiter,Runway,USED_BY
1698,Beautiful Destinations,30,runway-jupiter,Runway,USED_BY
1699,DW History and Culture,30,runway-jupiter,Runway,USED_BY
1700,DreamWorks Madagascar,30,runway-jupiter,Runway,USED_BY
1701,Down2Mob Overland,30,runway-jupiter,Runway,USED_BY
1702,TheStraightPipes,30,runway-jupiter,Runway,USED_BY
1703,Bike Magazine,30,runway-jupiter,Runway,USED_BY
1704,UP wood art,30,runway-jupiter,Runway,USED_BY
1705,Paul Fey,30,runway-jupiter,Runway,USED_BY
1706,Total Running Productions,30,runway-jupiter,Runway,USED_BY
1707,Kali Center,30,runway-jupiter,Runway,USED_BY
1708,Recipe30,30,runway-jupiter,Runway,USED_BY
1709,Nick Bare,30,runway-jupiter,Runway,USED_BY
1710,Los Angeles Chess Club,30,runway-jupiter,Runway,USED_BY
1711,MotorPowerForce,30,runway-jupiter,Runway,USED_BY
1712,Russel Orhii,30,runway-jupiter,Runway,USED_BY
1713,Babish Culinary Universe,30,runway-jupiter,Runway,USED_BY
1714,TC2,30,runway-jupiter,Runway,USED_BY
1715,美食作家王刚,30,runway-jupiter,Runway,USED_BY
1716,Montreux Jazz Festival,30,runway-jupiter,Runway,USED_BY
1717,Pinball Shenanigans,30,runway-jupiter,Runway,USED_BY
1718,ForbesWomen,30,runway-jupiter,Runway,USED_BY
1719,The Reptile Zoo,30,runway-jupiter,Runway,USED_BY
1720,TEO Garden,29,runway-jupiter,Runway,USED_BY
1721,Amakandu,29,runway-jupiter,Runway,USED_BY
1722,Bella Coco,29,runway-jupiter,Runway,USED_BY
1723,Maroon 5,29,runway-jupiter,Runway,USED_BY
1724,SensiblePrepper,29,runway-jupiter,Runway,USED_BY
1725,Coachella,29,runway-jupiter,Runway,USED_BY
1726,Matt's Ice Cream Show,29,runway-jupiter,Runway,USED_BY
1727,Seoul Travel Walker,29,runway-jupiter,Runway,USED_BY
1728,growingannanas,29,runway-jupiter,Runway,USED_BY
1729,Shadiversity,29,runway-jupiter,Runway,USED_BY
1730,Buildofy,29,runway-jupiter,Runway,USED_BY
1731,Legendary Productions,29,runway-jupiter,Runway,USED_BY
1732,GreatFlyer,29,runway-jupiter,Runway,USED_BY
1733,Monster Mike Fishing,29,runway-jupiter,Runway,USED_BY
1734,Will Atherton Canine Training,29,runway-jupiter,Runway,USED_BY
1735,Aviation Attract,29,runway-jupiter,Runway,USED_BY
1736,Jonas Falk,29,runway-jupiter,Runway,USED_BY
1737,FightCamp,29,runway-jupiter,Runway,USED_BY
1738,Rail Spike Productions,29,runway-jupiter,Runway,USED_BY
1739,Free Spirit Equestrian,29,runway-jupiter,Runway,USED_BY
1740,Charlie Berens,29,runway-jupiter,Runway,USED_BY
1741,Ultimate Military Channel,29,runway-jupiter,Runway,USED_BY
1742,봉길이 Bonggil,29,runway-jupiter,Runway,USED_BY
1743,The Dog Daddy,29,runway-jupiter,Runway,USED_BY
1744,한식진흥원_ Korean Food Promotion Institute,29,runway-jupiter,Runway,USED_BY
1745,GadgetByte,29,runway-jupiter,Runway,USED_BY
1746,Centre for Independent Studies,29,runway-jupiter,Runway,USED_BY
1747,Movie Recaps,29,runway-jupiter,Runway,USED_BY
1748,How to tie a tie,28,runway-jupiter,Runway,USED_BY
1749,DancingBacons,28,runway-jupiter,Runway,USED_BY
1750,World of Dinosaurs,28,runway-jupiter,Runway,USED_BY
1751,Switzerland,28,runway-jupiter,Runway,USED_BY
1752,Shudder,28,runway-jupiter,Runway,USED_BY
1753,MidwayUSA,28,runway-jupiter,Runway,USED_BY
1754,jezvlog,28,runway-jupiter,Runway,USED_BY
1755,Mooresville Ripfest Diving Club,28,runway-jupiter,Runway,USED_BY
1756,DreamToon Show,28,runway-jupiter,Runway,USED_BY
1757,Reptiliatus,28,runway-jupiter,Runway,USED_BY
1758,Windsurfing.TV,28,runway-jupiter,Runway,USED_BY
1759,Greg Blanchard,28,runway-jupiter,Runway,USED_BY
1760,Bluey - Official Channel,28,runway-jupiter,Runway,USED_BY
1761,XSRAtv / Xtreme Speedway Racing Action,28,runway-jupiter,Runway,USED_BY
1762,Syncopated Ladies by Chloe Arnold,28,runway-jupiter,Runway,USED_BY
1763,Peter Rabbit,28,runway-jupiter,Runway,USED_BY
1764,PexBell,28,runway-jupiter,Runway,USED_BY
1765,ProWater,28,runway-jupiter,Runway,USED_BY
1766,Slap Fighting Championship,27,runway-jupiter,Runway,USED_BY
1767,Red Bull Cliff Diving,27,runway-jupiter,Runway,USED_BY
1768,Teenage Mutant Ninja Turtles,27,runway-jupiter,Runway,USED_BY
1769,Anton somewhere,27,runway-jupiter,Runway,USED_BY
1770,Kara and Nate,27,runway-jupiter,Runway,USED_BY
1771,Martin Fabian,27,runway-jupiter,Runway,USED_BY
1772,Shirazi village vlogs,27,runway-jupiter,Runway,USED_BY
1773,Discovery Relaxation,27,runway-jupiter,Runway,USED_BY
1774,IJA Jugglers,27,runway-jupiter,Runway,USED_BY
1775,Patrick Adair Designs,27,runway-jupiter,Runway,USED_BY
1776,Omeleto,27,runway-jupiter,Runway,USED_BY
1777,Poland Travel,27,runway-jupiter,Runway,USED_BY
1778,On Ice Perspectives,27,runway-jupiter,Runway,USED_BY
1779,Stock Footage by Fearless Media,27,runway-jupiter,Runway,USED_BY
1780,Underground Explorer UK,27,runway-jupiter,Runway,USED_BY
1781,Strength Side,27,runway-jupiter,Runway,USED_BY
1782,Preppy Kitchen,27,runway-jupiter,Runway,USED_BY
1783,MLW Wiffle Ball,27,runway-jupiter,Runway,USED_BY
1784,American Dental Association (ADA),27,runway-jupiter,Runway,USED_BY
1785,Retro Ralph,27,runway-jupiter,Runway,USED_BY
1786,Nick Pro,27,runway-jupiter,Runway,USED_BY
1787,Charlie Follows,27,runway-jupiter,Runway,USED_BY
1788,Alan Thrall (Untamed Strength),27,runway-jupiter,Runway,USED_BY
1789,Piggy Soap ASMR,27,runway-jupiter,Runway,USED_BY
1790,The Fish Guys,27,runway-jupiter,Runway,USED_BY
1791,Keep It Weird,27,runway-jupiter,Runway,USED_BY
1792,THE GARFIELD SHOW OFFICIAL 🇺🇸,27,runway-jupiter,Runway,USED_BY
1793,AnimalWised,27,runway-jupiter,Runway,USED_BY
1794,Basteln mit Papier,27,runway-jupiter,Runway,USED_BY
1795,DrDaveBilliards,27,runway-jupiter,Runway,USED_BY
1796,Walt Disney Animation Studios,27,runway-jupiter,Runway,USED_BY
1797,Seattle Tree Care,26,runway-jupiter,Runway,USED_BY
1798,Enes Yilmazer,26,runway-jupiter,Runway,USED_BY
1799,Wind Walk Travel Videos ʬ,26,runway-jupiter,Runway,USED_BY
1800,Matt Steffanina,26,runway-jupiter,Runway,USED_BY
1801,England Netball,26,runway-jupiter,Runway,USED_BY
1802,Clean That Up,26,runway-jupiter,Runway,USED_BY
1803,Isle of Man TT Races,26,runway-jupiter,Runway,USED_BY
1804,Joshua Weissman,26,runway-jupiter,Runway,USED_BY
1805,Canada in the Rough,26,runway-jupiter,Runway,USED_BY
1806,Brittany Vasseur,26,runway-jupiter,Runway,USED_BY
1807,Zeelicious Foods,26,runway-jupiter,Runway,USED_BY
1808,Ninja Training TV,26,runway-jupiter,Runway,USED_BY
1809,Mega Moments,26,runway-jupiter,Runway,USED_BY
1810,North Country Trains,26,runway-jupiter,Runway,USED_BY
1811,FASHION,26,runway-jupiter,Runway,USED_BY
1812,Clever Hacks,26,runway-jupiter,Runway,USED_BY
1813,Die Maus,26,runway-jupiter,Runway,USED_BY
1814,Animalogic,26,runway-jupiter,Runway,USED_BY
1815,tzuyang쯔양,26,runway-jupiter,Runway,USED_BY
1816,the Luxury Travel Expert,26,runway-jupiter,Runway,USED_BY
1817,DRD Vacuums,26,runway-jupiter,Runway,USED_BY
1818,Go Wild,26,runway-jupiter,Runway,USED_BY
1819,The Bioneer,26,runway-jupiter,Runway,USED_BY
1820,gm__golf,26,runway-jupiter,Runway,USED_BY
1821,iDest,26,runway-jupiter,Runway,USED_BY
1822,Hammarby Fotboll,26,runway-jupiter,Runway,USED_BY
1823,Rick Bayless,26,runway-jupiter,Runway,USED_BY
1824,BENIDORM TOURIST TODAY,25,runway-jupiter,Runway,USED_BY
1825,wrapping gift,25,runway-jupiter,Runway,USED_BY
1826,Pablo Cimadevila,25,runway-jupiter,Runway,USED_BY
1827,PEACEFUL MIND,25,runway-jupiter,Runway,USED_BY
1828,찐푸드 JJin Food,25,runway-jupiter,Runway,USED_BY
1829,Seeweb FPV,25,runway-jupiter,Runway,USED_BY
1830,Spotting Point TV 4K,25,runway-jupiter,Runway,USED_BY
1831,Chef Jack Ovens,25,runway-jupiter,Runway,USED_BY
1832,Heiva i Paris - HiP's League,25,runway-jupiter,Runway,USED_BY
1833,Not What You Think,25,runway-jupiter,Runway,USED_BY
1834,VIRTUAL JAPAN,25,runway-jupiter,Runway,USED_BY
1835,Tasty Inside,25,runway-jupiter,Runway,USED_BY
1836,BenDeen,25,runway-jupiter,Runway,USED_BY
1837,Tucker Gott,25,runway-jupiter,Runway,USED_BY
1838,Red Bull Air Race,25,runway-jupiter,Runway,USED_BY
1839,LONDON CITY WALK,25,runway-jupiter,Runway,USED_BY
1840,HD Video Library - No Copyright Footage,25,runway-jupiter,Runway,USED_BY
1841,Fulling Mill Fly Fishing,25,runway-jupiter,Runway,USED_BY
1842,Flying Master,25,runway-jupiter,Runway,USED_BY
1843,MasterChef Pankaj Bhadouria,25,runway-jupiter,Runway,USED_BY
1844,Vogue UA,25,runway-jupiter,Runway,USED_BY
1845,Sony Pictures SA,25,runway-jupiter,Runway,USED_BY
1846,설기양SULGI,25,runway-jupiter,Runway,USED_BY
1847,Jesse James West,25,runway-jupiter,Runway,USED_BY
1848,The Trapeze Net,25,runway-jupiter,Runway,USED_BY
1849,And 5678 Line Dance Class,25,runway-jupiter,Runway,USED_BY
1850,Monster Hunter,25,runway-jupiter,Runway,USED_BY
1851,ALFIE EATS,25,runway-jupiter,Runway,USED_BY
1852,Canon Solutions America,25,runway-jupiter,Runway,USED_BY
1853,FA GAMEZ,25,runway-jupiter,Runway,USED_BY
1854,Darren Tang,25,runway-jupiter,Runway,USED_BY
1855,Average Rob,24,runway-jupiter,Runway,USED_BY
1856,Village Carpathian cuisine,24,runway-jupiter,Runway,USED_BY
1857,Jason Momoa,24,runway-jupiter,Runway,USED_BY
1858,devinsupertramp,24,runway-jupiter,Runway,USED_BY
1859,Sridevi Nrithyalaya,24,runway-jupiter,Runway,USED_BY
1860,Vito Iacopelli,24,runway-jupiter,Runway,USED_BY
1861,7mlc,24,runway-jupiter,Runway,USED_BY
1862,THAI FIGHT INTERNATIONAL,24,runway-jupiter,Runway,USED_BY
1863,Entertaining With Beth,24,runway-jupiter,Runway,USED_BY
1864,Pixadisc,24,runway-jupiter,Runway,USED_BY
1865,Jerome Mervelet,24,runway-jupiter,Runway,USED_BY
1866,My Happy Pets,24,runway-jupiter,Runway,USED_BY
1867,OZZNER,24,runway-jupiter,Runway,USED_BY
1868,The Handyman,24,runway-jupiter,Runway,USED_BY
1869,Blue Cactus Dairy Goats,24,runway-jupiter,Runway,USED_BY
1870,Fishing With YakPak,24,runway-jupiter,Runway,USED_BY
1871,sgprolab,24,runway-jupiter,Runway,USED_BY
1872,Leo Lausemaus,24,runway-jupiter,Runway,USED_BY
1873,The Luxury Home Show,24,runway-jupiter,Runway,USED_BY
1874,Tomographic,24,runway-jupiter,Runway,USED_BY
1875,Gimbal God,24,runway-jupiter,Runway,USED_BY
1876,davidsjones,24,runway-jupiter,Runway,USED_BY
1877,NYT Cooking,24,runway-jupiter,Runway,USED_BY
1878,Knot Master,24,runway-jupiter,Runway,USED_BY
1879,Pizza and Luna,24,runway-jupiter,Runway,USED_BY
1880,СВІТ НАВИВОРІТ,24,runway-jupiter,Runway,USED_BY
1881,Caitlin Shoemaker,24,runway-jupiter,Runway,USED_BY
1882,hv apex,24,runway-jupiter,Runway,USED_BY
1883,4K Flights,23,runway-jupiter,Runway,USED_BY
1884,8K Exotic Animals,23,runway-jupiter,Runway,USED_BY
1885,BioNetwork,23,runway-jupiter,Runway,USED_BY
1886,Keith Johnson Woodworking,23,runway-jupiter,Runway,USED_BY
1887,4K Ocean World,23,runway-jupiter,Runway,USED_BY
1888,Epic Gardening,23,runway-jupiter,Runway,USED_BY
1889,Kitesurfing Official,23,runway-jupiter,Runway,USED_BY
1890,Jeff Nippard,23,runway-jupiter,Runway,USED_BY
1891,Pacific Northwest Ballet,23,runway-jupiter,Runway,USED_BY
1892,AQUAHOLIC,23,runway-jupiter,Runway,USED_BY
1893,UKClimbing,23,runway-jupiter,Runway,USED_BY
1894,bluetvsports,23,runway-jupiter,Runway,USED_BY
1895,Zip Zip [English Official],23,runway-jupiter,Runway,USED_BY
1896,Dubai Sotheby’s International Realty,23,runway-jupiter,Runway,USED_BY
1897,123 GO! SCHOOL German,23,runway-jupiter,Runway,USED_BY
1898,Free 4K Stock Videos,23,runway-jupiter,Runway,USED_BY
1899,Free Stock Footage,23,runway-jupiter,Runway,USED_BY
1900,Phillips,23,runway-jupiter,Runway,USED_BY
1901,문복희 Eat with Boki,23,runway-jupiter,Runway,USED_BY
1902,Johnny's War Stories,23,runway-jupiter,Runway,USED_BY
1903,CaptainHook TreeClimbing,23,runway-jupiter,Runway,USED_BY
1904,Little P’s World,23,runway-jupiter,Runway,USED_BY
1905,Alexa Real,23,runway-jupiter,Runway,USED_BY
1906,Clau Reads Books,23,runway-jupiter,Runway,USED_BY
1907,RAWWFishing,23,runway-jupiter,Runway,USED_BY
1908,Go Places Pro,23,runway-jupiter,Runway,USED_BY
1909,Freshly Charged,23,runway-jupiter,Runway,USED_BY
1910,Bengali Fish & Fishing,22,runway-jupiter,Runway,USED_BY
1911,TPM Travel Documentary Films,22,runway-jupiter,Runway,USED_BY
1912,Halloween Eye,22,runway-jupiter,Runway,USED_BY
1913,Zenso Relaxation,22,runway-jupiter,Runway,USED_BY
1914,Cinema Calendar,22,runway-jupiter,Runway,USED_BY
1915,The New Reality Paranormal,22,runway-jupiter,Runway,USED_BY
1916,Kite Flying and Kite Festivals,22,runway-jupiter,Runway,USED_BY
1917,RESAKS GRAFFITI,22,runway-jupiter,Runway,USED_BY
1918,April Wilkerson,22,runway-jupiter,Runway,USED_BY
1919,Drummond Golf,22,runway-jupiter,Runway,USED_BY
1920,슈앤트리 SHU AND TREE,22,runway-jupiter,Runway,USED_BY
1921,RoyaltyFree — Videos for content creators,22,runway-jupiter,Runway,USED_BY
1922,Fooster,22,runway-jupiter,Runway,USED_BY
1923,Miarti - Sewing Tips,22,runway-jupiter,Runway,USED_BY
1924,NEVER TOO SMALL,22,runway-jupiter,Runway,USED_BY
1925,Rokolee DIY,22,runway-jupiter,Runway,USED_BY
1926,CFL Highlights,22,runway-jupiter,Runway,USED_BY
1927,Matchroom Multi Sport,22,runway-jupiter,Runway,USED_BY
1928,Freeride Inc. Austria Mountainbike - Ski - Vanlife,22,runway-jupiter,Runway,USED_BY
1929,Krypto Trekker,22,runway-jupiter,Runway,USED_BY
1930,Healthy Feet Podiatry,22,runway-jupiter,Runway,USED_BY
1931,Animation World Network,22,runway-jupiter,Runway,USED_BY
1932,ASMR Mass Massage,22,runway-jupiter,Runway,USED_BY
1933,SENSEI,22,runway-jupiter,Runway,USED_BY
1934,Design Seed,22,runway-jupiter,Runway,USED_BY
1935,HowToBasic,22,runway-jupiter,Runway,USED_BY
1936,Disney Princess,22,runway-jupiter,Runway,USED_BY
1937,KamovRider,22,runway-jupiter,Runway,USED_BY
1938,Ultimate Baseball Training,22,runway-jupiter,Runway,USED_BY
1939,Nika Ritshel,22,runway-jupiter,Runway,USED_BY
1940,손맛할머니 sonmat,22,runway-jupiter,Runway,USED_BY
1941,UMF TV,21,runway-jupiter,Runway,USED_BY
1942,Short Frame: Award Winning Short Films,21,runway-jupiter,Runway,USED_BY
1943,GlamFam Hair & Beauty,21,runway-jupiter,Runway,USED_BY
1944,Hello Sewing,21,runway-jupiter,Runway,USED_BY
1945,FUJIFILM X Series,21,runway-jupiter,Runway,USED_BY
1946,JavaJazzFest,21,runway-jupiter,Runway,USED_BY
1947,Louis Vuitton,21,runway-jupiter,Runway,USED_BY
1948,Aaron Palmer | Low n Slow Basics,21,runway-jupiter,Runway,USED_BY
1949,Official Sahi hai,21,runway-jupiter,Runway,USED_BY
1950,Easy Paper Origami,21,runway-jupiter,Runway,USED_BY
1951,Asian Cricket Council,21,runway-jupiter,Runway,USED_BY
1952,Bluegabe,21,runway-jupiter,Runway,USED_BY
1953,IBEX Training,21,runway-jupiter,Runway,USED_BY
1954,Sakramel,21,runway-jupiter,Runway,USED_BY
1955,ROC NYC,21,runway-jupiter,Runway,USED_BY
1956,RedExions,21,runway-jupiter,Runway,USED_BY
1957,Traxxas,21,runway-jupiter,Runway,USED_BY
1958,Robbie Hislop Shearing School,21,runway-jupiter,Runway,USED_BY
1959,Pierre's Elite Performance,21,runway-jupiter,Runway,USED_BY
1960,China Cultural Center in Copenhagen,21,runway-jupiter,Runway,USED_BY
1961,Life in Canada by Lusy,21,runway-jupiter,Runway,USED_BY
1962,Mostly Walking,21,runway-jupiter,Runway,USED_BY
1963,The Gardening Channel With James Prigioni,21,runway-jupiter,Runway,USED_BY
1964,Sam Chui,21,runway-jupiter,Runway,USED_BY
1965,Ralph Lauren,21,runway-jupiter,Runway,USED_BY
1966,EmiratesTeamNZ,21,runway-jupiter,Runway,USED_BY
1967,대한양궁협회 Korea Archery,21,runway-jupiter,Runway,USED_BY
1968,Muskoka Freerider,21,runway-jupiter,Runway,USED_BY
1969,SimFlightPro // SimWorldPro,21,runway-jupiter,Runway,USED_BY
1970,BLK BOX,21,runway-jupiter,Runway,USED_BY
1971,Cheesy Buzz,21,runway-jupiter,Runway,USED_BY
1972,Fibers_art,20,runway-jupiter,Runway,USED_BY
1973,JLNRaw,20,runway-jupiter,Runway,USED_BY
1974,Thomas Flight,20,runway-jupiter,Runway,USED_BY
1975,TheSilentWatcher,20,runway-jupiter,Runway,USED_BY
1976,Yoga With Adriene,20,runway-jupiter,Runway,USED_BY
1977,Random Golf Club,20,runway-jupiter,Runway,USED_BY
1978,Adventure Racing World Series,20,runway-jupiter,Runway,USED_BY
1979,Sydney Opera House,20,runway-jupiter,Runway,USED_BY
1980,Jp Stephens,20,runway-jupiter,Runway,USED_BY
1981,David Erick Ramos - Ocarina,20,runway-jupiter,Runway,USED_BY
1982,El Estepario Siberiano,20,runway-jupiter,Runway,USED_BY
1983,BlueStone,20,runway-jupiter,Runway,USED_BY
1984,SHREDBOTS OFFICIAL,20,runway-jupiter,Runway,USED_BY
1985,playpoi,20,runway-jupiter,Runway,USED_BY
1986,Kentucky Ballistics,20,runway-jupiter,Runway,USED_BY
1987,InsecthausTV (Insecthaus),20,runway-jupiter,Runway,USED_BY
1988,Val Thorens,20,runway-jupiter,Runway,USED_BY
1989,Amber Scholl,20,runway-jupiter,Runway,USED_BY
1990,TrailerSpot,20,runway-jupiter,Runway,USED_BY
1991,HUBLOT,20,runway-jupiter,Runway,USED_BY
1992,SFD,20,runway-jupiter,Runway,USED_BY
1993,Amazing Fishing Boss,20,runway-jupiter,Runway,USED_BY
1994,Moto Doggo,20,runway-jupiter,Runway,USED_BY
1995,Perfect Pair,20,runway-jupiter,Runway,USED_BY
1996,Flower Joos,20,runway-jupiter,Runway,USED_BY
1997,Анастасия Винтаж,20,runway-jupiter,Runway,USED_BY
1998,Musclecars Universe,20,runway-jupiter,Runway,USED_BY
1999,Adam Botkin,20,runway-jupiter,Runway,USED_BY
2000,Derek Lunsford,20,runway-jupiter,Runway,USED_BY
2001,olympicvancouver2010,20,runway-jupiter,Runway,USED_BY
2002,Inchcape Audi,20,runway-jupiter,Runway,USED_BY
2003,Genevieve's Playhouse - Learning Videos for Kids,20,runway-jupiter,Runway,USED_BY
2004,Illumination,20,runway-jupiter,Runway,USED_BY
2005,Elina Fedorova,20,runway-jupiter,Runway,USED_BY
2006,BeardMeatsFood,20,runway-jupiter,Runway,USED_BY
2007,JAPANESE SHAMPOO ASMR,20,runway-jupiter,Runway,USED_BY
2008,Maria Draganova,20,runway-jupiter,Runway,USED_BY
2009,KRAZAM,19,runway-jupiter,Runway,USED_BY
2010,VALORANT,19,runway-jupiter,Runway,USED_BY
2011,HowNOT2,19,runway-jupiter,Runway,USED_BY
2012,DOCUMENTARY TUBE,19,runway-jupiter,Runway,USED_BY
2013,Huyana Beauty,19,runway-jupiter,Runway,USED_BY
2014,FSLL,19,runway-jupiter,Runway,USED_BY
2015,Vadim in the WILD,19,runway-jupiter,Runway,USED_BY
2016,Sarah Homfray Embroidery,19,runway-jupiter,Runway,USED_BY
2017,Kaleigh Cohen Strength,19,runway-jupiter,Runway,USED_BY
2018,Chef Raphael,19,runway-jupiter,Runway,USED_BY
2019,EliasVFishing,19,runway-jupiter,Runway,USED_BY
2020,Matt Jones,19,runway-jupiter,Runway,USED_BY
2021,Strolling The City,19,runway-jupiter,Runway,USED_BY
2022,Double Fault,19,runway-jupiter,Runway,USED_BY
2023,KidKrappie,19,runway-jupiter,Runway,USED_BY
2024,Piano Relaxing,19,runway-jupiter,Runway,USED_BY
2025,ForFilm Creation,19,runway-jupiter,Runway,USED_BY
2026,Red Summit RF,19,runway-jupiter,Runway,USED_BY
2027,CALINA BROTHERS,19,runway-jupiter,Runway,USED_BY
2028,FOOD DILEX,19,runway-jupiter,Runway,USED_BY
2029,Jessica Valant Pilates,19,runway-jupiter,Runway,USED_BY
2030,Stefan Langer,19,runway-jupiter,Runway,USED_BY
2031,Ryan Knorr Lawn Care,19,runway-jupiter,Runway,USED_BY
2032,hard2hurt,19,runway-jupiter,Runway,USED_BY
2033,MonsterTruckLord,19,runway-jupiter,Runway,USED_BY
2034,Silas Noyes,19,runway-jupiter,Runway,USED_BY
2035,YBS Youngbloods,19,runway-jupiter,Runway,USED_BY
2036,Joey Suggs,19,runway-jupiter,Runway,USED_BY
2037,Tee Cee,19,runway-jupiter,Runway,USED_BY
2038,Rebels Wrestling,19,runway-jupiter,Runway,USED_BY
2039,Jurassic World,19,runway-jupiter,Runway,USED_BY
2040,Lydia Tomlinson,19,runway-jupiter,Runway,USED_BY
2041,YG ENTERTAINMENT,19,runway-jupiter,Runway,USED_BY
2042,DezoDrones,19,runway-jupiter,Runway,USED_BY
2043,Hello Korea,19,runway-jupiter,Runway,USED_BY
2044,Infobells - Hindi,19,runway-jupiter,Runway,USED_BY
2045,Chef Neha Deepak Shah,19,runway-jupiter,Runway,USED_BY
2046,MonsterTruckReels,19,runway-jupiter,Runway,USED_BY
2047,Crafty Concepts with Erin,19,runway-jupiter,Runway,USED_BY
2048,Champion de Chile,19,runway-jupiter,Runway,USED_BY
2049,Dirk Schouten,19,runway-jupiter,Runway,USED_BY
2050,UWH NEWS,19,runway-jupiter,Runway,USED_BY
2051,Crashed it,19,runway-jupiter,Runway,USED_BY
2052,Sondre & Tanya,19,runway-jupiter,Runway,USED_BY
2053,washing dishes,18,runway-jupiter,Runway,USED_BY
2054,Will Streets,18,runway-jupiter,Runway,USED_BY
2055,Benjamin Ortega,18,runway-jupiter,Runway,USED_BY
2056,Naked Science,18,runway-jupiter,Runway,USED_BY
2057,V is for Vino Wine Show,18,runway-jupiter,Runway,USED_BY
2058,GymnasticsAddicted,18,runway-jupiter,Runway,USED_BY
2059,Jeff Pelletier,18,runway-jupiter,Runway,USED_BY
2060,Victor Poulin,18,runway-jupiter,Runway,USED_BY
2061,Arm Historian,18,runway-jupiter,Runway,USED_BY
2062,Nomadic Ambience,18,runway-jupiter,Runway,USED_BY
2063,IVM Sky Animals,18,runway-jupiter,Runway,USED_BY
2064,Forza,18,runway-jupiter,Runway,USED_BY
2065,Planet Fungi,18,runway-jupiter,Runway,USED_BY
2066,Knight Jiu-Jitsu,18,runway-jupiter,Runway,USED_BY
2067,Theme Park Shark,18,runway-jupiter,Runway,USED_BY
2068,Blake Ridder,18,runway-jupiter,Runway,USED_BY
2069,Desi Cooking Secrets UK,18,runway-jupiter,Runway,USED_BY
2070,Nathan Florence,18,runway-jupiter,Runway,USED_BY
2071,Girl With The Dogs,18,runway-jupiter,Runway,USED_BY
2072,J. Kenji López-Alt,18,runway-jupiter,Runway,USED_BY
2073,YCImaging,18,runway-jupiter,Runway,USED_BY
2074,YS 24 Handball Video,18,runway-jupiter,Runway,USED_BY
2075,Tanya Khanijow,18,runway-jupiter,Runway,USED_BY
2076,Traveller In The Whole World,18,runway-jupiter,Runway,USED_BY
2077,Лілія Цвіт,18,runway-jupiter,Runway,USED_BY
2078,Daniel Silva,18,runway-jupiter,Runway,USED_BY
2079,Fraser Yachts,18,runway-jupiter,Runway,USED_BY
2080,NSH Aviation,18,runway-jupiter,Runway,USED_BY
2081,Versace,18,runway-jupiter,Runway,USED_BY
2082,Thrash 'N' Trash Productions,18,runway-jupiter,Runway,USED_BY
2083,Tech Tesseract,18,runway-jupiter,Runway,USED_BY
2084,Vic Firth Marching,18,runway-jupiter,Runway,USED_BY
2085,Curb YourTube,18,runway-jupiter,Runway,USED_BY
2086,Journey to the Microcosmos,17,runway-jupiter,Runway,USED_BY
2087,Throw and Athletics,17,runway-jupiter,Runway,USED_BY
2088,Bike Teacher,17,runway-jupiter,Runway,USED_BY
2089,Hayls World,17,runway-jupiter,Runway,USED_BY
2090,Make Sushi 1,17,runway-jupiter,Runway,USED_BY
2091,The Barbecue Lab,17,runway-jupiter,Runway,USED_BY
2092,ROYALTY FREE 4K VIDEOS,17,runway-jupiter,Runway,USED_BY
2093,SweetPotatoSoul,17,runway-jupiter,Runway,USED_BY
2094,Piano Jazz Cafe,17,runway-jupiter,Runway,USED_BY
2095,Jay Siemens,17,runway-jupiter,Runway,USED_BY
2096,Salzburger Land,17,runway-jupiter,Runway,USED_BY
2097,Wiens Sauce,17,runway-jupiter,Runway,USED_BY
2098,A24,17,runway-jupiter,Runway,USED_BY
2099,Intents Festival,17,runway-jupiter,Runway,USED_BY
2100,Real Life India,17,runway-jupiter,Runway,USED_BY
2101,MusicalFare Theatre,17,runway-jupiter,Runway,USED_BY
2102,Being Wushu,17,runway-jupiter,Runway,USED_BY
2103,Guga,17,runway-jupiter,Runway,USED_BY
2104,MadMan Review,17,runway-jupiter,Runway,USED_BY
2105,DreamWorks Madagascar em Português,17,runway-jupiter,Runway,USED_BY
2106,Laini Ozark,17,runway-jupiter,Runway,USED_BY
2107,RoboVacParty,17,runway-jupiter,Runway,USED_BY
2108,Yachts For Sale,17,runway-jupiter,Runway,USED_BY
2109,Triyom Tamil,17,runway-jupiter,Runway,USED_BY
2110,TRIP XTREME,17,runway-jupiter,Runway,USED_BY
2111,Dane Jackson,17,runway-jupiter,Runway,USED_BY
2112,Our World,17,runway-jupiter,Runway,USED_BY
2113,Levi Allen,17,runway-jupiter,Runway,USED_BY
2114,TagMachine,17,runway-jupiter,Runway,USED_BY
2115,Outdoor Chef Life,17,runway-jupiter,Runway,USED_BY
2116,Animal Watch,17,runway-jupiter,Runway,USED_BY
2117,Alex,17,runway-jupiter,Runway,USED_BY
2118,National Trumpet Competition,17,runway-jupiter,Runway,USED_BY
2119,Filip Poon,17,runway-jupiter,Runway,USED_BY
2120,jakenbakeLIVE,17,runway-jupiter,Runway,USED_BY
2121,Bigstock - Professional Reels,17,runway-jupiter,Runway,USED_BY
2122,Throttle House,17,runway-jupiter,Runway,USED_BY
2123,Laurastar,17,runway-jupiter,Runway,USED_BY
2124,무니키친MoonyKitchen,17,runway-jupiter,Runway,USED_BY
2125,(Motor)Bike,17,runway-jupiter,Runway,USED_BY
2126,Miska Haakana,17,runway-jupiter,Runway,USED_BY
2127,jamie griffin,16,runway-jupiter,Runway,USED_BY
2128,Friends & Adventures Cartoons,16,runway-jupiter,Runway,USED_BY
2129,Output,16,runway-jupiter,Runway,USED_BY
2130,Zaviyar Creation Official,16,runway-jupiter,Runway,USED_BY
2131,4K HDR WALK,16,runway-jupiter,Runway,USED_BY
2132,Federico Malagutti HEMA,16,runway-jupiter,Runway,USED_BY
2133,MBARI (Monterey Bay Aquarium Research Institute),16,runway-jupiter,Runway,USED_BY
2134,Ed Sheeran,16,runway-jupiter,Runway,USED_BY
2135,Origami Princess,16,runway-jupiter,Runway,USED_BY
2136,Becca De La Plants,16,runway-jupiter,Runway,USED_BY
2137,Dezinefun With Michelle,16,runway-jupiter,Runway,USED_BY
2138,Jarno Cordia - Wingsuit Pilot in,16,runway-jupiter,Runway,USED_BY
2139,Manny Khoshbin,16,runway-jupiter,Runway,USED_BY
2140,Eisenbahn.tv,16,runway-jupiter,Runway,USED_BY
2141,Rescue Moving Services,16,runway-jupiter,Runway,USED_BY
2142,Jason Dornstar,16,runway-jupiter,Runway,USED_BY
2143,Levic Bricks,16,runway-jupiter,Runway,USED_BY
2144,Apex Clips,16,runway-jupiter,Runway,USED_BY
2145,that's a bad idea,16,runway-jupiter,Runway,USED_BY
2146,Harry Collins Photography,16,runway-jupiter,Runway,USED_BY
2147,Pixar,16,runway-jupiter,Runway,USED_BY
2148,Video For Need-Royalty Free Videos,16,runway-jupiter,Runway,USED_BY
2149,Fergus Crawley,16,runway-jupiter,Runway,USED_BY
2150,Halloweird,16,runway-jupiter,Runway,USED_BY
2151,GKIDS Films,16,runway-jupiter,Runway,USED_BY
2152,Vuhlandes,16,runway-jupiter,Runway,USED_BY
2153,Kevin Lee Jacobs,16,runway-jupiter,Runway,USED_BY
2154,Way2go தமிழ்,16,runway-jupiter,Runway,USED_BY
2155,Peachy Queen,16,runway-jupiter,Runway,USED_BY
2156,SkateLyfe TV,16,runway-jupiter,Runway,USED_BY
2157,RED Digital Cinema,16,runway-jupiter,Runway,USED_BY
2158,Mac84,16,runway-jupiter,Runway,USED_BY
2159,Mateo.zielonka,16,runway-jupiter,Runway,USED_BY
2160,Nick Symmonds,16,runway-jupiter,Runway,USED_BY
2161,Ethan Chlebowski,16,runway-jupiter,Runway,USED_BY
2162,Aidin Robbins,16,runway-jupiter,Runway,USED_BY
2163,Bass fishing Productions,16,runway-jupiter,Runway,USED_BY
2164,Vancouver Carpenter,16,runway-jupiter,Runway,USED_BY
2165,Negative4,16,runway-jupiter,Runway,USED_BY
2166,Mastering Tricking,16,runway-jupiter,Runway,USED_BY
2167,Pyrography & Wood Carving,15,runway-jupiter,Runway,USED_BY
2168,ASMR by Simone,15,runway-jupiter,Runway,USED_BY
2169,THE MAD WATCH COLLECTOR,15,runway-jupiter,Runway,USED_BY
2170,Zoonicorn Official,15,runway-jupiter,Runway,USED_BY
2171,The Bare Female,15,runway-jupiter,Runway,USED_BY
2172,Jim Dempsey - Fundraising,15,runway-jupiter,Runway,USED_BY
2173,WatchGecko,15,runway-jupiter,Runway,USED_BY
2174,melodysheep,15,runway-jupiter,Runway,USED_BY
2175,Rapier Duello 레이피어 듀엘로,15,runway-jupiter,Runway,USED_BY
2176,MY CLICK SUPPORT,15,runway-jupiter,Runway,USED_BY
2177,practical shooting,15,runway-jupiter,Runway,USED_BY
2178,Lovely Baby,15,runway-jupiter,Runway,USED_BY
2179,IBX Running,15,runway-jupiter,Runway,USED_BY
2180,marineinsight,15,runway-jupiter,Runway,USED_BY
2181,Brian Lagerstrom,15,runway-jupiter,Runway,USED_BY
2182,Nails By Key,15,runway-jupiter,Runway,USED_BY
2183,Jess Rona Grooming,15,runway-jupiter,Runway,USED_BY
2184,Roadtrip Indonesia,15,runway-jupiter,Runway,USED_BY
2185,cinetrove,15,runway-jupiter,Runway,USED_BY
2186,More Marshal No Commentary,15,runway-jupiter,Runway,USED_BY
2187,Pingu - Official Channel,15,runway-jupiter,Runway,USED_BY
2188,Global Martial Arts University,15,runway-jupiter,Runway,USED_BY
2189,12 STOREEZ,15,runway-jupiter,Runway,USED_BY
2190,SmallTownUSA,15,runway-jupiter,Runway,USED_BY
2191,Przepisy od Katarzyny,15,runway-jupiter,Runway,USED_BY
2192,M. REX Screen Time,15,runway-jupiter,Runway,USED_BY
2193,Hybrid Calisthenics,15,runway-jupiter,Runway,USED_BY
2194,DJ Carlo,15,runway-jupiter,Runway,USED_BY
2195,The Animation Workshop,15,runway-jupiter,Runway,USED_BY
2196,Senders,15,runway-jupiter,Runway,USED_BY
2197,Keep It Reet,15,runway-jupiter,Runway,USED_BY
2198,GoTraveler,15,runway-jupiter,Runway,USED_BY
2199,Chilli Jasmine,15,runway-jupiter,Runway,USED_BY
2200,lolo BSD,15,runway-jupiter,Runway,USED_BY
2201,VTR LIVE SPORT,15,runway-jupiter,Runway,USED_BY
2202,MadeByFate,15,runway-jupiter,Runway,USED_BY
2203,Hockey Training,15,runway-jupiter,Runway,USED_BY
2204,5NationsBRX,15,runway-jupiter,Runway,USED_BY
2205,Chinese Cooking Demystified,15,runway-jupiter,Runway,USED_BY
2206,Michael Houghton,15,runway-jupiter,Runway,USED_BY
2207,Oliur / UltraLinx,15,runway-jupiter,Runway,USED_BY
2208,4K JAPAN,15,runway-jupiter,Runway,USED_BY
2209,4K Animals Relaxation,14,runway-jupiter,Runway,USED_BY
2210,Space Matters,14,runway-jupiter,Runway,USED_BY
2211,L'Oréal USA For Women In Science,14,runway-jupiter,Runway,USED_BY
2212,Armies Power,14,runway-jupiter,Runway,USED_BY
2213,Cinematic Videos Library - 4K,14,runway-jupiter,Runway,USED_BY
2214,Taiwan Walker,14,runway-jupiter,Runway,USED_BY
2215,Clayton Schick Outdoors,14,runway-jupiter,Runway,USED_BY
2216,Oculus Films,14,runway-jupiter,Runway,USED_BY
2217,Coldplay,14,runway-jupiter,Runway,USED_BY
2218,DiscoverGreece.com,14,runway-jupiter,Runway,USED_BY
2219,Studio_groompets,14,runway-jupiter,Runway,USED_BY
2220,The Samurai Carpenter,14,runway-jupiter,Runway,USED_BY
2221,66Samus,14,runway-jupiter,Runway,USED_BY
2222,Nivel Delicia,14,runway-jupiter,Runway,USED_BY
2223,Tuttle Twins,14,runway-jupiter,Runway,USED_BY
2224,Breath Diving,14,runway-jupiter,Runway,USED_BY
2225,HardcoreRC,14,runway-jupiter,Runway,USED_BY
2226,RAZR,14,runway-jupiter,Runway,USED_BY
2227,How To Drink,14,runway-jupiter,Runway,USED_BY
2228,Primal Outdoors - Camping and Overlanding,14,runway-jupiter,Runway,USED_BY
2229,Rockstar Games,14,runway-jupiter,Runway,USED_BY
2230,ROLEX,14,runway-jupiter,Runway,USED_BY
2231,Niklaus prosper,14,runway-jupiter,Runway,USED_BY
2232,Molten Immersive Art,14,runway-jupiter,Runway,USED_BY
2233,Taylor Swift,14,runway-jupiter,Runway,USED_BY
2234,TaylorSwiftVEVO,14,runway-jupiter,Runway,USED_BY
2235,Dom.e Wingsuit,14,runway-jupiter,Runway,USED_BY
2236,The West Country Kitchen,14,runway-jupiter,Runway,USED_BY
2237,Proven Progression,14,runway-jupiter,Runway,USED_BY
2238,InstrumentManiac,14,runway-jupiter,Runway,USED_BY
2239,More Best Ever Food Review Show,14,runway-jupiter,Runway,USED_BY
2240,flugsnug,14,runway-jupiter,Runway,USED_BY
2241,This Gemini,14,runway-jupiter,Runway,USED_BY
2242,Video Gallery - No Copyright Footage,14,runway-jupiter,Runway,USED_BY
2243,쿠킹하루 Cooking Haru :),14,runway-jupiter,Runway,USED_BY
2244,Stock Video Footages,14,runway-jupiter,Runway,USED_BY
2245,Bang & Olufsen,14,runway-jupiter,Runway,USED_BY
2246,the Dronalist,14,runway-jupiter,Runway,USED_BY
2247,Cuboss,14,runway-jupiter,Runway,USED_BY
2248,Boston Ballet,14,runway-jupiter,Runway,USED_BY
2249,NDYakAngler,14,runway-jupiter,Runway,USED_BY
2250,Ben Pollack,14,runway-jupiter,Runway,USED_BY
2251,Ben Morris,14,runway-jupiter,Runway,USED_BY
2252,Sailing Zatara,14,runway-jupiter,Runway,USED_BY
2253,Snooker's Home,14,runway-jupiter,Runway,USED_BY
2254,Fallow,14,runway-jupiter,Runway,USED_BY
2255,theTurtleRoom,14,runway-jupiter,Runway,USED_BY
2256,FailArmy,14,runway-jupiter,Runway,USED_BY
2257,Mr. Frog,14,runway-jupiter,Runway,USED_BY
2258,Accordion and Saxophone music,14,runway-jupiter,Runway,USED_BY
2259,Jumping With Ivy,14,runway-jupiter,Runway,USED_BY
2260,Origami World,14,runway-jupiter,Runway,USED_BY
2261,12kgp-Tennis,14,runway-jupiter,Runway,USED_BY
2262,CantrellCaving,13,runway-jupiter,Runway,USED_BY
2263,AR on AR,13,runway-jupiter,Runway,USED_BY
2264,SpaceWave - Cosmic Relaxation,13,runway-jupiter,Runway,USED_BY
2265,Harmony Hounds - Relaxing Music for Dogs,13,runway-jupiter,Runway,USED_BY
2266,Movie Matinee - Short Films Every Thursday,13,runway-jupiter,Runway,USED_BY
2267,World Netball,13,runway-jupiter,Runway,USED_BY
2268,TAPP Channel,13,runway-jupiter,Runway,USED_BY
2269,Dog Playgroup Stories,13,runway-jupiter,Runway,USED_BY
2270,PrimeTime Pickleball,13,runway-jupiter,Runway,USED_BY
2271,Hannah Morris Bouldering,13,runway-jupiter,Runway,USED_BY
2272,Let's ask Shogo | Katana,13,runway-jupiter,Runway,USED_BY
2273,Budo,13,runway-jupiter,Runway,USED_BY
2274,& Kimono,13,runway-jupiter,Runway,USED_BY
2275,JackoUni,13,runway-jupiter,Runway,USED_BY
2276,Butcher Wizard,13,runway-jupiter,Runway,USED_BY
2277,GP Woodworking & Designs - Greg's Channel,13,runway-jupiter,Runway,USED_BY
2278,DOXRAW2,13,runway-jupiter,Runway,USED_BY
2279,The Beauty Of,13,runway-jupiter,Runway,USED_BY
2280,Gorakh Bista,13,runway-jupiter,Runway,USED_BY
2281,Chuds BBQ,13,runway-jupiter,Runway,USED_BY
2282,King Pictures,13,runway-jupiter,Runway,USED_BY
2283,Reno Air Racing Association,13,runway-jupiter,Runway,USED_BY
2284,ArnieTex,13,runway-jupiter,Runway,USED_BY
2285,CoverswithCassidy,13,runway-jupiter,Runway,USED_BY
2286,thep00lguy ML,13,runway-jupiter,Runway,USED_BY
2287,Tyngre,13,runway-jupiter,Runway,USED_BY
2288,Lionel Sanders,13,runway-jupiter,Runway,USED_BY
2289,Oliver Porter,13,runway-jupiter,Runway,USED_BY
2290,Hockey Trend,13,runway-jupiter,Runway,USED_BY
2291,Blowy,13,runway-jupiter,Runway,USED_BY
2292,Der Elefant,13,runway-jupiter,Runway,USED_BY
2293,vanzai,13,runway-jupiter,Runway,USED_BY
2294,視界MeetWorld,13,runway-jupiter,Runway,USED_BY
2295,Балет Игоря Моисеева,13,runway-jupiter,Runway,USED_BY
2296,Junrey Navarra,13,runway-jupiter,Runway,USED_BY
2297,Handyman Hal,13,runway-jupiter,Runway,USED_BY
2298,ANOC World Beach Games,13,runway-jupiter,Runway,USED_BY
2299,Tamil gameplay,13,runway-jupiter,Runway,USED_BY
2300,MR PORTER,13,runway-jupiter,Runway,USED_BY
2301,MAJ,13,runway-jupiter,Runway,USED_BY
2302,Flexyart Contortion,13,runway-jupiter,Runway,USED_BY
2303,The Lexi Bunch,13,runway-jupiter,Runway,USED_BY
2304,The Funny Carpenter,13,runway-jupiter,Runway,USED_BY
2305,StockVid - Royalty Free Footage,13,runway-jupiter,Runway,USED_BY
2306,Yurara Sarara,13,runway-jupiter,Runway,USED_BY
2307,Xevozy,13,runway-jupiter,Runway,USED_BY
2308,Wag Entertainment,13,runway-jupiter,Runway,USED_BY
2309,Byte Review,13,runway-jupiter,Runway,USED_BY
2310,Paola Carosella,13,runway-jupiter,Runway,USED_BY
2311,Back 2 Basics Adventures,13,runway-jupiter,Runway,USED_BY
2312,MorningLightMusic,13,runway-jupiter,Runway,USED_BY
2313,Go4x4,12,runway-jupiter,Runway,USED_BY
2314,Kids Fun Play,12,runway-jupiter,Runway,USED_BY
2315,Daniel Kurganov,12,runway-jupiter,Runway,USED_BY
2316,Violinist,12,runway-jupiter,Runway,USED_BY
2317,SevenFifty Daily,12,runway-jupiter,Runway,USED_BY
2318,Timothy Dyck,12,runway-jupiter,Runway,USED_BY
2319,beerlifehack,12,runway-jupiter,Runway,USED_BY
2320,GraffitiBloq,12,runway-jupiter,Runway,USED_BY
2321,Anime Philosopher,12,runway-jupiter,Runway,USED_BY
2322,GolgappaY Kites,12,runway-jupiter,Runway,USED_BY
2323,Maisy Leigh,12,runway-jupiter,Runway,USED_BY
2324,WildBeare,12,runway-jupiter,Runway,USED_BY
2325,The Cozy Hospital ASMR,12,runway-jupiter,Runway,USED_BY
2326,Indlondlo Zulu Dancers,12,runway-jupiter,Runway,USED_BY
2327,Citrine's Animations,12,runway-jupiter,Runway,USED_BY
2328,Saltfix Fishing,12,runway-jupiter,Runway,USED_BY
2329,Earth Uncut TV,12,runway-jupiter,Runway,USED_BY
2330,Buff Dudes Workouts,12,runway-jupiter,Runway,USED_BY
2331,Kochi,12,runway-jupiter,Runway,USED_BY
2332,Rallye TV,12,runway-jupiter,Runway,USED_BY
2333,Ryan Serhant,12,runway-jupiter,Runway,USED_BY
2334,SchwaaFilms,12,runway-jupiter,Runway,USED_BY
2335,Mackenzie Marie,12,runway-jupiter,Runway,USED_BY
2336,Smile Dental Turkey,12,runway-jupiter,Runway,USED_BY
2337,World Travel,12,runway-jupiter,Runway,USED_BY
2338,TRAVOH,12,runway-jupiter,Runway,USED_BY
2339,Neoxi,12,runway-jupiter,Runway,USED_BY
2340,Trout and Coffee,12,runway-jupiter,Runway,USED_BY
2341,Deep Asmr,12,runway-jupiter,Runway,USED_BY
2342,The Garden of Bob,12,runway-jupiter,Runway,USED_BY
2343,Animal Behavior Corner,12,runway-jupiter,Runway,USED_BY
2344,Patrick Watkins,12,runway-jupiter,Runway,USED_BY
2345,Max Family,12,runway-jupiter,Runway,USED_BY
2346,3DM Bunker_FPV,12,runway-jupiter,Runway,USED_BY
2347,The Midnight Screening,12,runway-jupiter,Runway,USED_BY
2348,Walking Alice,12,runway-jupiter,Runway,USED_BY
2349,Amelia Dimoldenberg,12,runway-jupiter,Runway,USED_BY
2350,Oana,12,runway-jupiter,Runway,USED_BY
2351,Seanthesheepman,12,runway-jupiter,Runway,USED_BY
2352,wildfern,12,runway-jupiter,Runway,USED_BY
2353,MegRem Softball,12,runway-jupiter,Runway,USED_BY
2354,Bratz,12,runway-jupiter,Runway,USED_BY
2355,Ernesto Sue Photography,12,runway-jupiter,Runway,USED_BY
2356,Zhirelle,12,runway-jupiter,Runway,USED_BY
2357,Marco y Sara Bachata,12,runway-jupiter,Runway,USED_BY
2358,Dev Moore,12,runway-jupiter,Runway,USED_BY
2359,Wands and Wings,12,runway-jupiter,Runway,USED_BY
2360,AnitaCooks,12,runway-jupiter,Runway,USED_BY
2361,MotoJitsu®,12,runway-jupiter,Runway,USED_BY
2362,1kb construction,12,runway-jupiter,Runway,USED_BY
2363,UltimateiDeviceVids,12,runway-jupiter,Runway,USED_BY
2364,Clock TV,12,runway-jupiter,Runway,USED_BY
2365,7810 Diaries,12,runway-jupiter,Runway,USED_BY
2366,Wild Weather,12,runway-jupiter,Runway,USED_BY
2367,Beastly,12,runway-jupiter,Runway,USED_BY
2368,The Ultimate Gymnasts,12,runway-jupiter,Runway,USED_BY
2369,Christopher Hiedeman,12,runway-jupiter,Runway,USED_BY
2370,Aurikatariina,12,runway-jupiter,Runway,USED_BY
2371,SHINOBU HASHIMOTO,12,runway-jupiter,Runway,USED_BY
2372,Race Of Champions,12,runway-jupiter,Runway,USED_BY
2373,Clawhammer Supply,12,runway-jupiter,Runway,USED_BY
2374,Textile Indie,12,runway-jupiter,Runway,USED_BY
2375,Airrosti Rehab Centers,12,runway-jupiter,Runway,USED_BY
2376,Beautiful World 4k,12,runway-jupiter,Runway,USED_BY
2377,Gee Milner,12,runway-jupiter,Runway,USED_BY
2378,Full Time Filmmaker,12,runway-jupiter,Runway,USED_BY
2379,FADED CULTURE,12,runway-jupiter,Runway,USED_BY
2380,Shorts by Cas,12,runway-jupiter,Runway,USED_BY
2381,Love Hockey,12,runway-jupiter,Runway,USED_BY
2382,American Jump Rope Federation,12,runway-jupiter,Runway,USED_BY
2383,4K Ocean Wonders,11,runway-jupiter,Runway,USED_BY
2384,Aardman,11,runway-jupiter,Runway,USED_BY
2385,SEA,11,runway-jupiter,Runway,USED_BY
2386,HAXMAN,11,runway-jupiter,Runway,USED_BY
2387,MW Restoration,11,runway-jupiter,Runway,USED_BY
2388,Fatty Soprano,11,runway-jupiter,Runway,USED_BY
2389,Marc Brunet,11,runway-jupiter,Runway,USED_BY
2390,Pavel Ivo Sedlacek,11,runway-jupiter,Runway,USED_BY
2391,Cooking with Coit,11,runway-jupiter,Runway,USED_BY
2392,Ally Safety,11,runway-jupiter,Runway,USED_BY
2393,Eric Floberg,11,runway-jupiter,Runway,USED_BY
2394,Foxtail Catering Service & Training Videos,11,runway-jupiter,Runway,USED_BY
2395,Sadie Miller,11,runway-jupiter,Runway,USED_BY
2396,52Kards,11,runway-jupiter,Runway,USED_BY
2397,Massage Sloth,11,runway-jupiter,Runway,USED_BY
2398,RJL Gardens,11,runway-jupiter,Runway,USED_BY
2399,Primitive Skate,11,runway-jupiter,Runway,USED_BY
2400,Madonna,11,runway-jupiter,Runway,USED_BY
2401,Quixel,11,runway-jupiter,Runway,USED_BY
2402,The Baseball Bat Bros,11,runway-jupiter,Runway,USED_BY
2403,Taeha Types,11,runway-jupiter,Runway,USED_BY
2404,골든캣츠,11,runway-jupiter,Runway,USED_BY
2405,Yohan Kim,11,runway-jupiter,Runway,USED_BY
2406,Kiteboarding St Petersburg,11,runway-jupiter,Runway,USED_BY
2407,Angelo Shoe Shine,11,runway-jupiter,Runway,USED_BY
2408,ILOVEGRAFFITI.DE,11,runway-jupiter,Runway,USED_BY
2409,Really Tall Tree Guy,11,runway-jupiter,Runway,USED_BY
2410,THE PROPOSAL,11,runway-jupiter,Runway,USED_BY
2411,Tirbert,11,runway-jupiter,Runway,USED_BY
2412,Madam Luy cooking,11,runway-jupiter,Runway,USED_BY
2413,VideoMap,11,runway-jupiter,Runway,USED_BY
2414,Ryan Cook Carvin,11,runway-jupiter,Runway,USED_BY
2415,Ancient Rome Live,11,runway-jupiter,Runway,USED_BY
2416,OnlineFabricStore,11,runway-jupiter,Runway,USED_BY
2417,1ROAD,11,runway-jupiter,Runway,USED_BY
2418,Aviation101,11,runway-jupiter,Runway,USED_BY
2419,The Schoeller Family,11,runway-jupiter,Runway,USED_BY
2420,Adventures On the Gorge,11,runway-jupiter,Runway,USED_BY
2421,ARTPIX,11,runway-jupiter,Runway,USED_BY
2422,DayDream Gaming,11,runway-jupiter,Runway,USED_BY
2423,PearFleur,11,runway-jupiter,Runway,USED_BY
2424,Cat Trumpet,11,runway-jupiter,Runway,USED_BY
2425,Einfache Rezepte,11,runway-jupiter,Runway,USED_BY
2426,Utoi Anime Talk TV,11,runway-jupiter,Runway,USED_BY
2427,HDShots,11,runway-jupiter,Runway,USED_BY
2428,Shoot From The Hip,11,runway-jupiter,Runway,USED_BY
2429,DiscoverTheHorse,11,runway-jupiter,Runway,USED_BY
2430,Gymnastics Forever,11,runway-jupiter,Runway,USED_BY
2431,Uszatkowe Rady,11,runway-jupiter,Runway,USED_BY
2432,Nick Wammes,11,runway-jupiter,Runway,USED_BY
2433,La Famille Ventura,11,runway-jupiter,Runway,USED_BY
2434,HD Film Tributes,11,runway-jupiter,Runway,USED_BY
2435,Eddie Bauer,11,runway-jupiter,Runway,USED_BY
2436,Yuu,11,runway-jupiter,Runway,USED_BY
2437,BNT,11,runway-jupiter,Runway,USED_BY
2438,EBS - Krump World Championship,11,runway-jupiter,Runway,USED_BY
2439,Walt (oneminmicro),11,runway-jupiter,Runway,USED_BY
2440,iFlight FPV,11,runway-jupiter,Runway,USED_BY
2441,Analog Resurgence,11,runway-jupiter,Runway,USED_BY
2442,Recipe Fairy,11,runway-jupiter,Runway,USED_BY
2443,By Bonnie Jewelry,11,runway-jupiter,Runway,USED_BY
2444,Jeremy T. Grant,11,runway-jupiter,Runway,USED_BY
2445,Bonsai Heirloom,11,runway-jupiter,Runway,USED_BY
2446,TexasHighDef,11,runway-jupiter,Runway,USED_BY
2447,Zoddronite,11,runway-jupiter,Runway,USED_BY
2448,Wheelchair Basketball Canada,11,runway-jupiter,Runway,USED_BY
2449,Kyle McDougall,11,runway-jupiter,Runway,USED_BY
2450,Deus Ex Machina,11,runway-jupiter,Runway,USED_BY
2451,Artfully Rogue,11,runway-jupiter,Runway,USED_BY
2452,Муслим Камбулатов,11,runway-jupiter,Runway,USED_BY
2453,I Like Woodworking,11,runway-jupiter,Runway,USED_BY
2454,WSJ. Style,10,runway-jupiter,Runway,USED_BY
2455,High Pressure Aviation Films,10,runway-jupiter,Runway,USED_BY
2456,Asturia Quartet,10,runway-jupiter,Runway,USED_BY
2457,GlobeAir • Private Jet,10,runway-jupiter,Runway,USED_BY
2458,Minibricks,10,runway-jupiter,Runway,USED_BY
2459,Scribal Work Shop,10,runway-jupiter,Runway,USED_BY
2460,Brady Bessette,10,runway-jupiter,Runway,USED_BY
2461,Maroon5VEVO,10,runway-jupiter,Runway,USED_BY
2462,Broncs and Donks,10,runway-jupiter,Runway,USED_BY
2463,MABO,10,runway-jupiter,Runway,USED_BY
2464,Cosmic Perspective,10,runway-jupiter,Runway,USED_BY
2465,soeslife,10,runway-jupiter,Runway,USED_BY
2466,Betco,10,runway-jupiter,Runway,USED_BY
2467,Bugs and Biology,10,runway-jupiter,Runway,USED_BY
2468,Todays Movie Recap,10,runway-jupiter,Runway,USED_BY
2469,Riva Yacht,10,runway-jupiter,Runway,USED_BY
2470,Red Sled Santa,10,runway-jupiter,Runway,USED_BY
2471,Nick Keomahavong,10,runway-jupiter,Runway,USED_BY
2472,Matthias Malmedie,10,runway-jupiter,Runway,USED_BY
2473,KiKiDo Campus France,10,runway-jupiter,Runway,USED_BY
2474,SamDoesArts,10,runway-jupiter,Runway,USED_BY
2475,Razgriz Flight & Spotting,10,runway-jupiter,Runway,USED_BY
2476,Building with Budd,10,runway-jupiter,Runway,USED_BY
2477,Christian Caniff,10,runway-jupiter,Runway,USED_BY
2478,How-to and Reviews,10,runway-jupiter,Runway,USED_BY
2479,Night Lights Films - Adrien Mauduit,10,runway-jupiter,Runway,USED_BY
2480,Dr Matches,10,runway-jupiter,Runway,USED_BY
2481,Think Make Push,10,runway-jupiter,Runway,USED_BY
2482,Kimi Elias,10,runway-jupiter,Runway,USED_BY
2483,Tech Vision,10,runway-jupiter,Runway,USED_BY
2484,FlywithKay,10,runway-jupiter,Runway,USED_BY
2485,BlackSheep Studios,10,runway-jupiter,Runway,USED_BY
2486,Cameron Das Racing,10,runway-jupiter,Runway,USED_BY
2487,Danny Mcgee,10,runway-jupiter,Runway,USED_BY
2488,BullyJuice,10,runway-jupiter,Runway,USED_BY
2489,BBC Earth Kids,10,runway-jupiter,Runway,USED_BY
2490,FIGHTER CHANNEL 3,10,runway-jupiter,Runway,USED_BY
2491,Corter Leather,10,runway-jupiter,Runway,USED_BY
2492,Leartes Studios,10,runway-jupiter,Runway,USED_BY
2493,Board Archive,10,runway-jupiter,Runway,USED_BY
2494,Dino DC,10,runway-jupiter,Runway,USED_BY
2495,The Armoury,10,runway-jupiter,Runway,USED_BY
2496,𝗠𝗥.𝗕𝗘𝗡𝗜𝗗𝗢𝗥𝗠,10,runway-jupiter,Runway,USED_BY
2497,Johnny Ro [4K],10,runway-jupiter,Runway,USED_BY
2498,PaddleTV,10,runway-jupiter,Runway,USED_BY
2499,Dottie's Toys,10,runway-jupiter,Runway,USED_BY
2500,The Weeknd,10,runway-jupiter,Runway,USED_BY
2501,Adrien Raza,10,runway-jupiter,Runway,USED_BY
2502,The Hamilton Collection,10,runway-jupiter,Runway,USED_BY
2503,iRacer3,10,runway-jupiter,Runway,USED_BY
2504,Ride With The Knights,10,runway-jupiter,Runway,USED_BY
2505,shawneydepp,10,runway-jupiter,Runway,USED_BY
2506,Agora Gallery,10,runway-jupiter,Runway,USED_BY
2507,Fish and Forage,10,runway-jupiter,Runway,USED_BY
2508,댄서스잡 DJ,10,runway-jupiter,Runway,USED_BY
2509,Wan Smolbag Theatre,10,runway-jupiter,Runway,USED_BY
2510,舌尖上的中國官方頻道 A Bite of China Official Channel,10,runway-jupiter,Runway,USED_BY
2511,The Asylum Movie Channel,10,runway-jupiter,Runway,USED_BY
2512,WILD LIFE,10,runway-jupiter,Runway,USED_BY
2513,James Andrews,10,runway-jupiter,Runway,USED_BY
2514,Kyle Nutt,10,runway-jupiter,Runway,USED_BY
2515,Free Documentary - Nature,10,runway-jupiter,Runway,USED_BY
2516,BENETEAU America,10,runway-jupiter,Runway,USED_BY
2517,Revere Overland,10,runway-jupiter,Runway,USED_BY
2518,TaeKeyboards,10,runway-jupiter,Runway,USED_BY
2519,FleurEstelleClasses,10,runway-jupiter,Runway,USED_BY
2520,AutoPack富揚晶機,10,runway-jupiter,Runway,USED_BY
2521,Mercedes-Benz Trucks,10,runway-jupiter,Runway,USED_BY
2522,Jeremy Ethier,10,runway-jupiter,Runway,USED_BY
2523,DekoideenReich,10,runway-jupiter,Runway,USED_BY
2524,CRAIG SCHULER,9,runway-jupiter,Runway,USED_BY
2525,macrofying,9,runway-jupiter,Runway,USED_BY
2526,Architectural Digest Germany,9,runway-jupiter,Runway,USED_BY
2527,The Metalist,9,runway-jupiter,Runway,USED_BY
2528,Trippers,9,runway-jupiter,Runway,USED_BY
2529,Maya,9,runway-jupiter,Runway,USED_BY
2530,Electric Love Festival,9,runway-jupiter,Runway,USED_BY
2531,Florida Ski Riders,9,runway-jupiter,Runway,USED_BY
2532,Sip and Feast,9,runway-jupiter,Runway,USED_BY
2533,omw,9,runway-jupiter,Runway,USED_BY
2534,Chanty Marie,9,runway-jupiter,Runway,USED_BY
2535,Richard Lindesay,9,runway-jupiter,Runway,USED_BY
2536,The Streetz Football,9,runway-jupiter,Runway,USED_BY
2537,Shuttle Strong,9,runway-jupiter,Runway,USED_BY
2538,Aksel Orstavik,9,runway-jupiter,Runway,USED_BY
2539,Swiss Running TV,9,runway-jupiter,Runway,USED_BY
2540,EVERYDAY BETTER. EVERYDAY STRONGER.,9,runway-jupiter,Runway,USED_BY
2541,Red Squirrel Studios,9,runway-jupiter,Runway,USED_BY
2542,Valspire Family,9,runway-jupiter,Runway,USED_BY
2543,Cosmosapiens,9,runway-jupiter,Runway,USED_BY
2544,The Rain Driver,9,runway-jupiter,Runway,USED_BY
2545,Harmen Hoek,9,runway-jupiter,Runway,USED_BY
2546,The Boring Channel,9,runway-jupiter,Runway,USED_BY
2547,underwatercam stock footage,9,runway-jupiter,Runway,USED_BY
2548,NZ Mountain Safety Council,9,runway-jupiter,Runway,USED_BY
2549,Filmbilder & Friends,9,runway-jupiter,Runway,USED_BY
2550,Alexandre Lino - Terramidia3D,9,runway-jupiter,Runway,USED_BY
2551,The Anazala Family,9,runway-jupiter,Runway,USED_BY
2552,GrowVeg,9,runway-jupiter,Runway,USED_BY
2553,CIAO ITALY,9,runway-jupiter,Runway,USED_BY
2554,Outside the Levees,9,runway-jupiter,Runway,USED_BY
2555,Simon Rohrich,9,runway-jupiter,Runway,USED_BY
2556,MyTraining App,9,runway-jupiter,Runway,USED_BY
2557,Bike the World,9,runway-jupiter,Runway,USED_BY
2558,Kenworth Truck Co.,9,runway-jupiter,Runway,USED_BY
2559,International Aerobatic Club,9,runway-jupiter,Runway,USED_BY
2560,Gaz Oakley,9,runway-jupiter,Runway,USED_BY
2561,Magnus Midtbø,9,runway-jupiter,Runway,USED_BY
2562,Buddhism,9,runway-jupiter,Runway,USED_BY
2563,Marble Movie Makers,9,runway-jupiter,Runway,USED_BY
2564,Jordan Teaches Jiujitsu,9,runway-jupiter,Runway,USED_BY
2565,YouAligned,9,runway-jupiter,Runway,USED_BY
2566,MIZI,9,runway-jupiter,Runway,USED_BY
2567,하미마미 Hamimommy,9,runway-jupiter,Runway,USED_BY
2568,Son of a Bear: Foraging,9,runway-jupiter,Runway,USED_BY
2569,Village Cooking Channel,9,runway-jupiter,Runway,USED_BY
2570,CobraEmergency | North America,9,runway-jupiter,Runway,USED_BY
2571,Christy Anne Jones,9,runway-jupiter,Runway,USED_BY
2572,River Line Productions,9,runway-jupiter,Runway,USED_BY
2573,Scott Young,9,runway-jupiter,Runway,USED_BY
2574,KWOOWK,9,runway-jupiter,Runway,USED_BY
2575,T.Milly TV,9,runway-jupiter,Runway,USED_BY
2576,Bass'N'Trout,9,runway-jupiter,Runway,USED_BY
2577,Pyrocrafters,9,runway-jupiter,Runway,USED_BY
2578,LLC.,9,runway-jupiter,Runway,USED_BY
2579,Deeper Than Hair TV,9,runway-jupiter,Runway,USED_BY
2580,Juice & Toya,9,runway-jupiter,Runway,USED_BY
2581,Saftige Küche,9,runway-jupiter,Runway,USED_BY
2582,Мир Кубиков,9,runway-jupiter,Runway,USED_BY
2583,Tractors Chemer,9,runway-jupiter,Runway,USED_BY
2584,ENDEVR,9,runway-jupiter,Runway,USED_BY
2585,Clean ASMR Try Better,9,runway-jupiter,Runway,USED_BY
2586,Daan Verhoeven,9,runway-jupiter,Runway,USED_BY
2587,Dadacafe다다카페,9,runway-jupiter,Runway,USED_BY
2588,Detroit Symphony Orchestra,9,runway-jupiter,Runway,USED_BY
2589,Jesse Drent,9,runway-jupiter,Runway,USED_BY
2590,BAT | Hamptons Luxury Real Estate,9,runway-jupiter,Runway,USED_BY
2591,LSD Tie Dye TV,9,runway-jupiter,Runway,USED_BY
2592,The Hobby Bird,9,runway-jupiter,Runway,USED_BY
2593,Anna Hazelnutt,9,runway-jupiter,Runway,USED_BY
2594,Rubbermaid Commercial Products,9,runway-jupiter,Runway,USED_BY
2595,Swim University,9,runway-jupiter,Runway,USED_BY
2596,Printer Insider,9,runway-jupiter,Runway,USED_BY
2597,Planetkind Rabbitat,9,runway-jupiter,Runway,USED_BY
2598,Benn TK,9,runway-jupiter,Runway,USED_BY
2599,Mathias Hove Johansen,9,runway-jupiter,Runway,USED_BY
2600,Amazing Contruction News,9,runway-jupiter,Runway,USED_BY
2601,Simi and Chapchap,9,runway-jupiter,Runway,USED_BY
2602,George Cuevas,9,runway-jupiter,Runway,USED_BY
2603,Sam and Victor,9,runway-jupiter,Runway,USED_BY
2604,Daniel Marsh,9,runway-jupiter,Runway,USED_BY
2605,The Christian Hardscaper,9,runway-jupiter,Runway,USED_BY
2606,Bebefinn - Nursery Rhymes & Kids Songs,9,runway-jupiter,Runway,USED_BY
2607,Jordan Yeoh Fitness,9,runway-jupiter,Runway,USED_BY
2608,BEEFS T.V.,9,runway-jupiter,Runway,USED_BY
2609,One Floor Up,9,runway-jupiter,Runway,USED_BY
2610,TG Planet,9,runway-jupiter,Runway,USED_BY
2611,Through My Lens,9,runway-jupiter,Runway,USED_BY
2612,SZAVEVO,9,runway-jupiter,Runway,USED_BY
2613,IWWF,9,runway-jupiter,Runway,USED_BY
2614,NEON,9,runway-jupiter,Runway,USED_BY
2615,Automate System Sales & Services,8,runway-jupiter,Runway,USED_BY
2616,Cole Combat Science,8,runway-jupiter,Runway,USED_BY
2617,Kung Fu Panda,8,runway-jupiter,Runway,USED_BY
2618,Black Flag Leather Goods,8,runway-jupiter,Runway,USED_BY
2619,CinemaSectors,8,runway-jupiter,Runway,USED_BY
2620,Carcode,8,runway-jupiter,Runway,USED_BY
2621,Tom Fidgen,8,runway-jupiter,Runway,USED_BY
2622,TheAMaazing,8,runway-jupiter,Runway,USED_BY
2623,AKONIWORLD,8,runway-jupiter,Runway,USED_BY
2624,Stef Hoffer,8,runway-jupiter,Runway,USED_BY
2625,Life in Yakutia,8,runway-jupiter,Runway,USED_BY
2626,HertzbergerTV,8,runway-jupiter,Runway,USED_BY
2627,Greg McCahon,8,runway-jupiter,Runway,USED_BY
2628,OMG Weddings,8,runway-jupiter,Runway,USED_BY
2629,Voice Body Connection with Elissa Weinzimmer,8,runway-jupiter,Runway,USED_BY
2630,Norrøna,8,runway-jupiter,Runway,USED_BY
2631,Tim Dessaint,8,runway-jupiter,Runway,USED_BY
2632,The Loam Ranger,8,runway-jupiter,Runway,USED_BY
2633,Sally McRae,8,runway-jupiter,Runway,USED_BY
2634,MAFFiO GLOBAL,8,runway-jupiter,Runway,USED_BY
2635,Avi Creates,8,runway-jupiter,Runway,USED_BY
2636,Pride Bodyboards TV,8,runway-jupiter,Runway,USED_BY
2637,Oscar Owen Magic,8,runway-jupiter,Runway,USED_BY
2638,Practically Home,8,runway-jupiter,Runway,USED_BY
2639,NBedits,8,runway-jupiter,Runway,USED_BY
2640,周杰倫 Jay Chou,8,runway-jupiter,Runway,USED_BY
2641,8K Xplore,8,runway-jupiter,Runway,USED_BY
2642,Rainy Bedroom,8,runway-jupiter,Runway,USED_BY
2643,Little ELF Products,8,runway-jupiter,Runway,USED_BY
2644,Inc.,8,runway-jupiter,Runway,USED_BY
2645,The Dog Transformation,8,runway-jupiter,Runway,USED_BY
2646,The Boat Race,8,runway-jupiter,Runway,USED_BY
2647,Blu-Ray Maniacs Info,8,runway-jupiter,Runway,USED_BY
2648,kickingmustang,8,runway-jupiter,Runway,USED_BY
2649,Gamebred Bareknuckle MMA,8,runway-jupiter,Runway,USED_BY
2650,Nicole Eddy,8,runway-jupiter,Runway,USED_BY
2651,Świat Futbolu,8,runway-jupiter,Runway,USED_BY
2652,Yuni Marimba 유니 마림바,8,runway-jupiter,Runway,USED_BY
2653,Amy Turk,8,runway-jupiter,Runway,USED_BY
2654,Koji Kobura,8,runway-jupiter,Runway,USED_BY
2655,Mr. DeMaio,8,runway-jupiter,Runway,USED_BY
2656,Relaxing Ambience ASMR,8,runway-jupiter,Runway,USED_BY
2657,Art by Louris,8,runway-jupiter,Runway,USED_BY
2658,Scenic Relaxation,8,runway-jupiter,Runway,USED_BY
2659,rdilley USCA Croquet,8,runway-jupiter,Runway,USED_BY
2660,KYLE HANAGAMI,8,runway-jupiter,Runway,USED_BY
2661,Free Footage,8,runway-jupiter,Runway,USED_BY
2662,小高姐的 Magic Ingredients,8,runway-jupiter,Runway,USED_BY
2663,BSD BMX,8,runway-jupiter,Runway,USED_BY
2664,스쿠버 아저씨,8,runway-jupiter,Runway,USED_BY
2665,The Flying Dutchman,8,runway-jupiter,Runway,USED_BY
2666,AMF_AMAZING_D1,8,runway-jupiter,Runway,USED_BY
2667,Phương - Free Bushcraft,8,runway-jupiter,Runway,USED_BY
2668,Ron's Trains N Things,8,runway-jupiter,Runway,USED_BY
2669,Everglades Holiday Park Airboat Tours and Rides,8,runway-jupiter,Runway,USED_BY
2670,XS Progression,8,runway-jupiter,Runway,USED_BY
2671,CHRIS HERIA,8,runway-jupiter,Runway,USED_BY
2672,Wingsuit,8,runway-jupiter,Runway,USED_BY
2673,Noah Kane,8,runway-jupiter,Runway,USED_BY
2674,flutesiva,8,runway-jupiter,Runway,USED_BY
2675,Michael Outside,8,runway-jupiter,Runway,USED_BY
2676,clips no copyright,8,runway-jupiter,Runway,USED_BY
2677,Peso Pluma,8,runway-jupiter,Runway,USED_BY
2678,viele Rezepte,8,runway-jupiter,Runway,USED_BY
2679,DudeLuck23,8,runway-jupiter,Runway,USED_BY
2680,No Rolls Barred,8,runway-jupiter,Runway,USED_BY
2681,식탁일기 table diary,8,runway-jupiter,Runway,USED_BY
2682,ONDO STUDIO,8,runway-jupiter,Runway,USED_BY
2683,Surf Kawela Hawaii,8,runway-jupiter,Runway,USED_BY
2684,Cambridge Tigers Korfball Club,8,runway-jupiter,Runway,USED_BY
2685,Bulldozer Channel,8,runway-jupiter,Runway,USED_BY
2686,International Footbag Players' Association,8,runway-jupiter,Runway,USED_BY
2687,Timothy Hines,8,runway-jupiter,Runway,USED_BY
2688,Pure Music,8,runway-jupiter,Runway,USED_BY
2689,Trippy Everything,8,runway-jupiter,Runway,USED_BY
2690,Piesologia,8,runway-jupiter,Runway,USED_BY
2691,RAMUNI - Viking Crafts and Reenactment,8,runway-jupiter,Runway,USED_BY
2692,Prada,8,runway-jupiter,Runway,USED_BY
2693,Superbon - ซุปเปอร์บอน,7,runway-jupiter,Runway,USED_BY
2694,Lewis Potts,7,runway-jupiter,Runway,USED_BY
2695,Khalid Al Ameri,7,runway-jupiter,Runway,USED_BY
2696,Farm World,7,runway-jupiter,Runway,USED_BY
2697,Andrew Millison,7,runway-jupiter,Runway,USED_BY
2698,Michael Shainblum,7,runway-jupiter,Runway,USED_BY
2699,So Chateaux (in English),7,runway-jupiter,Runway,USED_BY
2700,Interesting & Creative Designs,7,runway-jupiter,Runway,USED_BY
2701,vfx asto,7,runway-jupiter,Runway,USED_BY
2702,Andrea Ghidini,7,runway-jupiter,Runway,USED_BY
2703,Crafty Art,7,runway-jupiter,Runway,USED_BY
2704,Pamela Reif,7,runway-jupiter,Runway,USED_BY
2705,Anime Recap Time,7,runway-jupiter,Runway,USED_BY
2706,Bernardo Bacalhau,7,runway-jupiter,Runway,USED_BY
2707,WRAPSIR,7,runway-jupiter,Runway,USED_BY
2708,Chef Tyler,7,runway-jupiter,Runway,USED_BY
2709,Gulfstream Aerospace Corporation,7,runway-jupiter,Runway,USED_BY
2710,140journos,7,runway-jupiter,Runway,USED_BY
2711,David Zhang,7,runway-jupiter,Runway,USED_BY
2712,Clarke Boys Hunting,7,runway-jupiter,Runway,USED_BY
2713,Larry Warden,7,runway-jupiter,Runway,USED_BY
2714,COMET RESTORATION,7,runway-jupiter,Runway,USED_BY
2715,Diana Vingert,7,runway-jupiter,Runway,USED_BY
2716,Exploropia,7,runway-jupiter,Runway,USED_BY
2717,est living,7,runway-jupiter,Runway,USED_BY
2718,Food Impromptu,7,runway-jupiter,Runway,USED_BY
2719,Fog City ASMR,7,runway-jupiter,Runway,USED_BY
2720,Megan Tan,7,runway-jupiter,Runway,USED_BY
2721,Stanny,7,runway-jupiter,Runway,USED_BY
2722,Rodian Builds,7,runway-jupiter,Runway,USED_BY
2723,Saluki_Race,7,runway-jupiter,Runway,USED_BY
2724,Dr Debox,7,runway-jupiter,Runway,USED_BY
2725,Othervrbarry,7,runway-jupiter,Runway,USED_BY
2726,Svensk Golf,7,runway-jupiter,Runway,USED_BY
2727,Felts by Philippa,7,runway-jupiter,Runway,USED_BY
2728,Spoiler Lab,7,runway-jupiter,Runway,USED_BY
2729,Legendy Polskiej Muzyki,7,runway-jupiter,Runway,USED_BY
2730,Sky Zone Ultimate Dodgeball,7,runway-jupiter,Runway,USED_BY
2731,Egypturk,7,runway-jupiter,Runway,USED_BY
2732,SugarStar,7,runway-jupiter,Runway,USED_BY
2733,House & Garden,7,runway-jupiter,Runway,USED_BY
2734,Mr. Video,7,runway-jupiter,Runway,USED_BY
2735,Rainy Day,7,runway-jupiter,Runway,USED_BY
2736,Billy Yang,7,runway-jupiter,Runway,USED_BY
2737,Spotty Dotty Show,7,runway-jupiter,Runway,USED_BY
2738,Steven Richter,7,runway-jupiter,Runway,USED_BY
2739,mgk,7,runway-jupiter,Runway,USED_BY
2740,HG Virtual Tour,7,runway-jupiter,Runway,USED_BY
2741,PFC Pillow Fight Championship,7,runway-jupiter,Runway,USED_BY
2742,Airplane Academy,7,runway-jupiter,Runway,USED_BY
2743,Szkoła Tańca Wedding Dance Agnieszka Bodziony,7,runway-jupiter,Runway,USED_BY
2744,Sago Mini,7,runway-jupiter,Runway,USED_BY
2745,Woodturning Crazy,7,runway-jupiter,Runway,USED_BY
2746,Daryl Gilbert Outdoors,7,runway-jupiter,Runway,USED_BY
2747,Яна Осадчая,7,runway-jupiter,Runway,USED_BY
2748,DUBAI WALKERS,7,runway-jupiter,Runway,USED_BY
2749,NJ Paper Crafts,7,runway-jupiter,Runway,USED_BY
2750,Flag Nation,7,runway-jupiter,Runway,USED_BY
2751,Poisabloom ASMR,7,runway-jupiter,Runway,USED_BY
2752,Copa Truck,7,runway-jupiter,Runway,USED_BY
2753,꿀주부 Honeyjubu,7,runway-jupiter,Runway,USED_BY
2754,2DAY DANCE,7,runway-jupiter,Runway,USED_BY
2755,Emmy Kalia,7,runway-jupiter,Runway,USED_BY
2756,Kratts Series,7,runway-jupiter,Runway,USED_BY
2757,Vizoli Art,7,runway-jupiter,Runway,USED_BY
2758,Metro Transit Sandblasting (MTS),7,runway-jupiter,Runway,USED_BY
2759,Tina Mini Cooking,7,runway-jupiter,Runway,USED_BY
2760,Names Nicco,7,runway-jupiter,Runway,USED_BY
2761,Serious Runner,7,runway-jupiter,Runway,USED_BY
2762,Croquet Victoria,7,runway-jupiter,Runway,USED_BY
2763,Hideki Shiota / FILM EI,7,runway-jupiter,Runway,USED_BY
2764,AHW LLC,7,runway-jupiter,Runway,USED_BY
2765,Lotus Lens Asmr,7,runway-jupiter,Runway,USED_BY
2766,Guldies,7,runway-jupiter,Runway,USED_BY
2767,TheCottageFairy,7,runway-jupiter,Runway,USED_BY
2768,DAR Animal Rescue,7,runway-jupiter,Runway,USED_BY
2769,Ghost Theory,7,runway-jupiter,Runway,USED_BY
2770,TheWeekndVEVO,7,runway-jupiter,Runway,USED_BY
2771,李子柒 Liziqi,7,runway-jupiter,Runway,USED_BY
2772,Donavan Barrett,7,runway-jupiter,Runway,USED_BY
2773,HarmonyMartialArts,7,runway-jupiter,Runway,USED_BY
2774,Gymnastics Tips,7,runway-jupiter,Runway,USED_BY
2775,Dimes,7,runway-jupiter,Runway,USED_BY
2776,Miley Cyrus,7,runway-jupiter,Runway,USED_BY
2777,Deus Ex Machina - Temple of Enthusiasm,7,runway-jupiter,Runway,USED_BY
2778,Of Two Lands,7,runway-jupiter,Runway,USED_BY
2779,The Traveler,7,runway-jupiter,Runway,USED_BY
2780,Minsk Cycling Club,7,runway-jupiter,Runway,USED_BY
2781,Lofi Girl,7,runway-jupiter,Runway,USED_BY
2782,310 Pilot,7,runway-jupiter,Runway,USED_BY
2783,FilmRise Movies,7,runway-jupiter,Runway,USED_BY
2784,Equinologee,7,runway-jupiter,Runway,USED_BY
2785,Panos Ioannidis,7,runway-jupiter,Runway,USED_BY
2786,Melior Studios,7,runway-jupiter,Runway,USED_BY
2787,Ryan Morie,7,runway-jupiter,Runway,USED_BY
2788,John Manalo,7,runway-jupiter,Runway,USED_BY
2789,Lawn Care Juggernaut,7,runway-jupiter,Runway,USED_BY
2790,Kevin Bruns,7,runway-jupiter,Runway,USED_BY
2791,Livinleggings,7,runway-jupiter,Runway,USED_BY
2792,LukeCombsVEVO,7,runway-jupiter,Runway,USED_BY
2793,I AM BUILDER,7,runway-jupiter,Runway,USED_BY
2794,Buhurt Tech,7,runway-jupiter,Runway,USED_BY
2795,MOONSHINE ANIMATIONS,7,runway-jupiter,Runway,USED_BY
2796,Ho & Pringle Productions,7,runway-jupiter,Runway,USED_BY
2797,Taylor Bell,6,runway-jupiter,Runway,USED_BY
2798,Yaroslav Nedodaiev,6,runway-jupiter,Runway,USED_BY
2799,John Downer Productions,6,runway-jupiter,Runway,USED_BY
2800,Mor Movement,6,runway-jupiter,Runway,USED_BY
2801,Wondastic Tech,6,runway-jupiter,Runway,USED_BY
2802,Ayan Banerjee - Films,6,runway-jupiter,Runway,USED_BY
2803,Start Making (Woodworking),6,runway-jupiter,Runway,USED_BY
2804,Brandon William,6,runway-jupiter,Runway,USED_BY
2805,Only Stock,6,runway-jupiter,Runway,USED_BY
2806,A Modern Homestead,6,runway-jupiter,Runway,USED_BY
2807,Matty Conrad,6,runway-jupiter,Runway,USED_BY
2808,Pete R. - BucketListly Blog,6,runway-jupiter,Runway,USED_BY
2809,Life By The Bow,6,runway-jupiter,Runway,USED_BY
2810,Yadu Tv 8K,6,runway-jupiter,Runway,USED_BY
2811,Apple Singapore,6,runway-jupiter,Runway,USED_BY
2812,MrRescue,6,runway-jupiter,Runway,USED_BY
2813,Bruno Mars,6,runway-jupiter,Runway,USED_BY
2814,Magnet VFX,6,runway-jupiter,Runway,USED_BY
2815,Natural World Facts,6,runway-jupiter,Runway,USED_BY
2816,Alexander The Guest,6,runway-jupiter,Runway,USED_BY
2817,Mossy Earth,6,runway-jupiter,Runway,USED_BY
2818,Black Coral Wax,6,runway-jupiter,Runway,USED_BY
2819,Alone in Dubai,6,runway-jupiter,Runway,USED_BY
2820,Midwest Magic Cleaning,6,runway-jupiter,Runway,USED_BY
2821,LIGHTS ARE OFF,6,runway-jupiter,Runway,USED_BY
2822,That's Amazing,6,runway-jupiter,Runway,USED_BY
2823,재호 - Fitness,6,runway-jupiter,Runway,USED_BY
2824,Fill's Lawn Care,6,runway-jupiter,Runway,USED_BY
2825,Blacktail Studio,6,runway-jupiter,Runway,USED_BY
2826,Uilian Garcez,6,runway-jupiter,Runway,USED_BY
2827,MAKE FILMS,6,runway-jupiter,Runway,USED_BY
2828,Padel Drive,6,runway-jupiter,Runway,USED_BY
2829,Build Brick Robots,6,runway-jupiter,Runway,USED_BY
2830,Jay Palfrey,6,runway-jupiter,Runway,USED_BY
2831,RYUCAMP,6,runway-jupiter,Runway,USED_BY
2832,ProBeautykz,6,runway-jupiter,Runway,USED_BY
2833,Rémy Métailler RAW,6,runway-jupiter,Runway,USED_BY
2834,gokitinggr,6,runway-jupiter,Runway,USED_BY
2835,BravestWarriors,6,runway-jupiter,Runway,USED_BY
2836,Reel Coastal,6,runway-jupiter,Runway,USED_BY
2837,Martin Flindt,6,runway-jupiter,Runway,USED_BY
2838,ASMR U R STAR,6,runway-jupiter,Runway,USED_BY
2839,World Nate,6,runway-jupiter,Runway,USED_BY
2840,Reading With Asha,6,runway-jupiter,Runway,USED_BY
2841,FeidVEVO,6,runway-jupiter,Runway,USED_BY
2842,Craig Smith,6,runway-jupiter,Runway,USED_BY
2843,Briggsy Sport Fishing,6,runway-jupiter,Runway,USED_BY
2844,Faizal Westcott,6,runway-jupiter,Runway,USED_BY
2845,Ditz TV,6,runway-jupiter,Runway,USED_BY
2846,Jimmy Sax,6,runway-jupiter,Runway,USED_BY
2847,Kugaくが,6,runway-jupiter,Runway,USED_BY
2848,acdcVEVO,6,runway-jupiter,Runway,USED_BY
2849,Nature Harmony TV,6,runway-jupiter,Runway,USED_BY
2850,MTN BUILT,6,runway-jupiter,Runway,USED_BY
2851,NSmodeler24,6,runway-jupiter,Runway,USED_BY
2852,ABI Interiors,6,runway-jupiter,Runway,USED_BY
2853,Fruits Cutting,6,runway-jupiter,Runway,USED_BY
2854,Κρήτες Λαογραφικός Χορευτικός Όμιλος,6,runway-jupiter,Runway,USED_BY
2855,22X22,6,runway-jupiter,Runway,USED_BY
2856,Lucasfilm,6,runway-jupiter,Runway,USED_BY
2857,JABBAWOCKEEZ OFFICIAL,6,runway-jupiter,Runway,USED_BY
2858,Israel Pitchford,6,runway-jupiter,Runway,USED_BY
2859,Bertram - Craft and Wilderness,6,runway-jupiter,Runway,USED_BY
2860,Art Space,6,runway-jupiter,Runway,USED_BY
2861,Grant Horvat Golf,6,runway-jupiter,Runway,USED_BY
2862,플라이 원_FLY ONE,6,runway-jupiter,Runway,USED_BY
2863,Drax Dietz,6,runway-jupiter,Runway,USED_BY
2864,Cheer UP Athletics,6,runway-jupiter,Runway,USED_BY
2865,Stone's World,6,runway-jupiter,Runway,USED_BY
2866,Viktor Kee,6,runway-jupiter,Runway,USED_BY
2867,The Handyman Business,6,runway-jupiter,Runway,USED_BY
2868,Beam Queen,6,runway-jupiter,Runway,USED_BY
2869,Timelab Pro,6,runway-jupiter,Runway,USED_BY
2870,남화연 한국무용배우기 koreadance,6,runway-jupiter,Runway,USED_BY
2871,Southeast Trombone Symposium,6,runway-jupiter,Runway,USED_BY
2872,Mangli Official,6,runway-jupiter,Runway,USED_BY
2873,Torkel Stillefors,6,runway-jupiter,Runway,USED_BY
2874,Reading is,6,runway-jupiter,Runway,USED_BY
2875,The Magic Ball Man,6,runway-jupiter,Runway,USED_BY
2876,Dua Lipa,6,runway-jupiter,Runway,USED_BY
2877,Songbird Ocarina,6,runway-jupiter,Runway,USED_BY
2878,Restoration of Everything,6,runway-jupiter,Runway,USED_BY
2879,Speed On The Water,6,runway-jupiter,Runway,USED_BY
2880,Yehslacks,6,runway-jupiter,Runway,USED_BY
2881,Wild Oak Films,6,runway-jupiter,Runway,USED_BY
2882,Gymnasts Inspire,6,runway-jupiter,Runway,USED_BY
2883,Tish Wonders,6,runway-jupiter,Runway,USED_BY
2884,World Nomads,6,runway-jupiter,Runway,USED_BY
2885,vincjom,6,runway-jupiter,Runway,USED_BY
2886,Tree House Brewing Company,6,runway-jupiter,Runway,USED_BY
2887,Ryan Luth,6,runway-jupiter,Runway,USED_BY
2888,Photoguide,6,runway-jupiter,Runway,USED_BY
2889,Shortest Blockbusters,6,runway-jupiter,Runway,USED_BY
2890,Научно-популярные фильмы,6,runway-jupiter,Runway,USED_BY
2891,Northern Mudlarks,6,runway-jupiter,Runway,USED_BY
2892,Bachata Dance Academy,6,runway-jupiter,Runway,USED_BY
2893,Bodyboard Holidays,6,runway-jupiter,Runway,USED_BY
2894,Foundation Group,6,runway-jupiter,Runway,USED_BY
2895,Home,6,runway-jupiter,Runway,USED_BY
2896,Robert Makłowicz,6,runway-jupiter,Runway,USED_BY
2897,Ninja Walking,5,runway-jupiter,Runway,USED_BY
2898,Gold Smith Jack,5,runway-jupiter,Runway,USED_BY
2899,Bagpipe Master,5,runway-jupiter,Runway,USED_BY
2900,sixstringJIB,5,runway-jupiter,Runway,USED_BY
2901,JR Alli,5,runway-jupiter,Runway,USED_BY
2902,Tenjuro Kamado,5,runway-jupiter,Runway,USED_BY
2903,Sadiel Gomez,5,runway-jupiter,Runway,USED_BY
2904,Xander Budnick,5,runway-jupiter,Runway,USED_BY
2905,vewn,5,runway-jupiter,Runway,USED_BY
2906,Architectural Digest India,5,runway-jupiter,Runway,USED_BY
2907,Erik Van Conover,5,runway-jupiter,Runway,USED_BY
2908,Movie Car Chases HD,5,runway-jupiter,Runway,USED_BY
2909,Panda Story,5,runway-jupiter,Runway,USED_BY
2910,Mitchell Thayne,5,runway-jupiter,Runway,USED_BY
2911,Timestorm Films,5,runway-jupiter,Runway,USED_BY
2912,Fitness For Transformation,5,runway-jupiter,Runway,USED_BY
2913,Josh Neuman,5,runway-jupiter,Runway,USED_BY
2914,Heile Welt,5,runway-jupiter,Runway,USED_BY
2915,Nerd Clips HD,5,runway-jupiter,Runway,USED_BY
2916,Moon Prod,5,runway-jupiter,Runway,USED_BY
2917,Purpose Built Moto,5,runway-jupiter,Runway,USED_BY
2918,The British Short Film Awards,5,runway-jupiter,Runway,USED_BY
2919,Anif G,5,runway-jupiter,Runway,USED_BY
2920,Andy To,5,runway-jupiter,Runway,USED_BY
2921,honeysada,5,runway-jupiter,Runway,USED_BY
2922,NamibiaCam,5,runway-jupiter,Runway,USED_BY
2923,Rahul Thakuri,5,runway-jupiter,Runway,USED_BY
2924,Jacob + Katie Schwarz,5,runway-jupiter,Runway,USED_BY
2925,Move With Nicole,5,runway-jupiter,Runway,USED_BY
2926,Nick Coulter,5,runway-jupiter,Runway,USED_BY
2927,Marvelous Movie Clips 4K HDR,5,runway-jupiter,Runway,USED_BY
2928,The Dutch Farmer,5,runway-jupiter,Runway,USED_BY
2929,Divyansh Shrivastava flutist,5,runway-jupiter,Runway,USED_BY
2930,Adam Woodhams,5,runway-jupiter,Runway,USED_BY
2931,Live Cycling,5,runway-jupiter,Runway,USED_BY
2932,dulevoz,5,runway-jupiter,Runway,USED_BY
2933,쥬네일JOUNAIL,5,runway-jupiter,Runway,USED_BY
2934,El Yuyu,5,runway-jupiter,Runway,USED_BY
2935,StuntsAmazing,5,runway-jupiter,Runway,USED_BY
2936,LegoMe_TheOG,5,runway-jupiter,Runway,USED_BY
2937,Christian Fischer,5,runway-jupiter,Runway,USED_BY
2938,Everyday Ballet,5,runway-jupiter,Runway,USED_BY
2939,Henbu,5,runway-jupiter,Runway,USED_BY
2940,Nico Felich,5,runway-jupiter,Runway,USED_BY
2941,MyLifeOutdoors,5,runway-jupiter,Runway,USED_BY
2942,DACH PRO,5,runway-jupiter,Runway,USED_BY
2943,Poetry Of Slow Life,5,runway-jupiter,Runway,USED_BY
2944,IsaWelly,5,runway-jupiter,Runway,USED_BY
2945,Skydive Dubai,5,runway-jupiter,Runway,USED_BY
2946,SKYCHRIO,5,runway-jupiter,Runway,USED_BY
2947,Odd Animal Specimens,5,runway-jupiter,Runway,USED_BY
2948,Real Science,5,runway-jupiter,Runway,USED_BY
2949,Shoe Shine with Kat,5,runway-jupiter,Runway,USED_BY
2950,Brick Science,5,runway-jupiter,Runway,USED_BY
2951,Leduc Lethwei,5,runway-jupiter,Runway,USED_BY
2952,해윤 HAEYOON,5,runway-jupiter,Runway,USED_BY
2953,justin styvly,5,runway-jupiter,Runway,USED_BY
2954,Ben Willis The Fisherman'S Killer,5,runway-jupiter,Runway,USED_BY
2955,Nadav Art and Wood,5,runway-jupiter,Runway,USED_BY
2956,Feid,5,runway-jupiter,Runway,USED_BY
2957,League of Pigs,5,runway-jupiter,Runway,USED_BY
2958,1小点的 Sweet Taste Kitchen,5,runway-jupiter,Runway,USED_BY
2959,Essence and Science,5,runway-jupiter,Runway,USED_BY
2960,Around The World 4K,5,runway-jupiter,Runway,USED_BY
2961,Freddie The Whippet,5,runway-jupiter,Runway,USED_BY
2962,Diton King,5,runway-jupiter,Runway,USED_BY
2963,Lily Yo Fire,5,runway-jupiter,Runway,USED_BY
2964,Fox Loki,5,runway-jupiter,Runway,USED_BY
2965,Blissfully Asleep,5,runway-jupiter,Runway,USED_BY
2966,Suomi Lätkä,5,runway-jupiter,Runway,USED_BY
2967,Kinetochore1917,5,runway-jupiter,Runway,USED_BY
2968,Ryan Norberg,5,runway-jupiter,Runway,USED_BY
2969,Teen Titans Clips,5,runway-jupiter,Runway,USED_BY
2970,KrakeKids,5,runway-jupiter,Runway,USED_BY
2971,Lastborn Farm,5,runway-jupiter,Runway,USED_BY
2972,Антон Птушкін,5,runway-jupiter,Runway,USED_BY
2973,Jasirah Bellydance,5,runway-jupiter,Runway,USED_BY
2974,Manilla Athletics,5,runway-jupiter,Runway,USED_BY
2975,Dean Schneider,5,runway-jupiter,Runway,USED_BY
2976,Skydiving in Paradise,5,runway-jupiter,Runway,USED_BY
2977,The Stuttering Skater,5,runway-jupiter,Runway,USED_BY
2978,Cool Bike Projects,5,runway-jupiter,Runway,USED_BY
2979,All Video Free,5,runway-jupiter,Runway,USED_BY
2980,Dark Isle Bagpiper,5,runway-jupiter,Runway,USED_BY
2981,Brutal Bikes,5,runway-jupiter,Runway,USED_BY
2982,The Green Witch,5,runway-jupiter,Runway,USED_BY
2983,Hawaii HammaHs,5,runway-jupiter,Runway,USED_BY
2984,Chaddwick Fincher,5,runway-jupiter,Runway,USED_BY
2985,Brad Burns,5,runway-jupiter,Runway,USED_BY
2986,Chris Rogers,5,runway-jupiter,Runway,USED_BY
2987,Hinata,5,runway-jupiter,Runway,USED_BY
2988,Ice Cream Meltdown,5,runway-jupiter,Runway,USED_BY
2989,Enes Plus,5,runway-jupiter,Runway,USED_BY
2990,Copyright Free Videos,5,runway-jupiter,Runway,USED_BY
2991,Zoo Tours,5,runway-jupiter,Runway,USED_BY
2992,barparildar,5,runway-jupiter,Runway,USED_BY
2993,touropia,5,runway-jupiter,Runway,USED_BY
2994,Repair & Restoration,5,runway-jupiter,Runway,USED_BY
2995,Futurescapes - Sci Fi Ambience,5,runway-jupiter,Runway,USED_BY
2996,FuryTV,5,runway-jupiter,Runway,USED_BY
2997,Liz Knights,5,runway-jupiter,Runway,USED_BY
2998,5hysWorld,5,runway-jupiter,Runway,USED_BY
2999,BeachTennis Channel,5,runway-jupiter,Runway,USED_BY
3000,watermagic,5,runway-jupiter,Runway,USED_BY
3001,Rerolling Inline,5,runway-jupiter,Runway,USED_BY
3002,Pharaoh's Wildlife Kingdom,5,runway-jupiter,Runway,USED_BY
3003,Roach RC,5,runway-jupiter,Runway,USED_BY
3004,Willem Verbeeck,5,runway-jupiter,Runway,USED_BY
3005,냥숲nyangsoop,5,runway-jupiter,Runway,USED_BY
3006,Tibet Travel ( Tibet Vista ),5,runway-jupiter,Runway,USED_BY
3007,WouterKellerman,5,runway-jupiter,Runway,USED_BY
3008,Beautiful Bird Videos,5,runway-jupiter,Runway,USED_BY
3009,Metro Boomin,5,runway-jupiter,Runway,USED_BY
3010,Huck City,5,runway-jupiter,Runway,USED_BY
3011,Groom House,5,runway-jupiter,Runway,USED_BY
3012,Brandon Brule,5,runway-jupiter,Runway,USED_BY
3013,The Story Till Now,5,runway-jupiter,Runway,USED_BY
3014,Paul Carrillo,4,runway-jupiter,Runway,USED_BY
3015,Ocean’s globe trotter,4,runway-jupiter,Runway,USED_BY
3016,CultureClashCroatia,4,runway-jupiter,Runway,USED_BY
3017,SALEX,4,runway-jupiter,Runway,USED_BY
3018,Highland World,4,runway-jupiter,Runway,USED_BY
3019,Thomas Martinez,4,runway-jupiter,Runway,USED_BY
3020,In feel furniture,4,runway-jupiter,Runway,USED_BY
3021,Rollon Food,4,runway-jupiter,Runway,USED_BY
3022,Special Scene,4,runway-jupiter,Runway,USED_BY
3023,Quicksand Flooring,4,runway-jupiter,Runway,USED_BY
3024,REEL ROCK,4,runway-jupiter,Runway,USED_BY
3025,NCC Culinary,4,runway-jupiter,Runway,USED_BY
3026,Reptile Channel,4,runway-jupiter,Runway,USED_BY
3027,Artur Carvalho,4,runway-jupiter,Runway,USED_BY
3028,Pattern Scout,4,runway-jupiter,Runway,USED_BY
3029,Chrome and Car Restoration,4,runway-jupiter,Runway,USED_BY
3030,Coffee to Art,4,runway-jupiter,Runway,USED_BY
3031,nadawalk,4,runway-jupiter,Runway,USED_BY
3032,teemu.mp4,4,runway-jupiter,Runway,USED_BY
3033,8K VIDEOS HDR,4,runway-jupiter,Runway,USED_BY
3034,Lopside Animation,4,runway-jupiter,Runway,USED_BY
3035,Juzzie Smith,4,runway-jupiter,Runway,USED_BY
3036,Vy,4,runway-jupiter,Runway,USED_BY
3037,Industrial Light & Magic,4,runway-jupiter,Runway,USED_BY
3038,Master Song Kung Fu,4,runway-jupiter,Runway,USED_BY
3039,Bose,4,runway-jupiter,Runway,USED_BY
3040,Athar Jaber,4,runway-jupiter,Runway,USED_BY
3041,Tom Strojnik,4,runway-jupiter,Runway,USED_BY
3042,adidas TERREX,4,runway-jupiter,Runway,USED_BY
3043,NEA ZIXNH,4,runway-jupiter,Runway,USED_BY
3044,RAAW Mountain Bikes,4,runway-jupiter,Runway,USED_BY
3045,4K DRIVE,4,runway-jupiter,Runway,USED_BY
3046,Paulie B,4,runway-jupiter,Runway,USED_BY
3047,Bryan Boyle,4,runway-jupiter,Runway,USED_BY
3048,Malcolm Moore,4,runway-jupiter,Runway,USED_BY
3049,Cercle,4,runway-jupiter,Runway,USED_BY
3050,The Wired Gourmet,4,runway-jupiter,Runway,USED_BY
3051,Rose,4,runway-jupiter,Runway,USED_BY
3052,Seaboard Central,4,runway-jupiter,Runway,USED_BY
3053,Yle Pikku Kakkonen,4,runway-jupiter,Runway,USED_BY
3054,NB Productions,4,runway-jupiter,Runway,USED_BY
3055,Vojta Stolbenko,4,runway-jupiter,Runway,USED_BY
3056,Roberto Channel,4,runway-jupiter,Runway,USED_BY
3057,Keepitcity,4,runway-jupiter,Runway,USED_BY
3058,TKD-NEWS,4,runway-jupiter,Runway,USED_BY
3059,Sand Castle University,4,runway-jupiter,Runway,USED_BY
3060,Bruno Pisani,4,runway-jupiter,Runway,USED_BY
3061,Parker Sheppard,4,runway-jupiter,Runway,USED_BY
3062,Explore Somalia with Said Fadhaye,4,runway-jupiter,Runway,USED_BY
3063,RainbowStar _gift wrapping,4,runway-jupiter,Runway,USED_BY
3064,MONOSKIS SNOWGUNZ,4,runway-jupiter,Runway,USED_BY
3065,PROJECT FEAR,4,runway-jupiter,Runway,USED_BY
3066,Progress - Science Documentaries,4,runway-jupiter,Runway,USED_BY
3067,Allison Anderson,4,runway-jupiter,Runway,USED_BY
3068,1000+ Free Stock Video Footage,4,runway-jupiter,Runway,USED_BY
3069,Malmesbury Education,4,runway-jupiter,Runway,USED_BY
3070,The Elegant Oxford,4,runway-jupiter,Runway,USED_BY
3071,Jonas Puidokas,4,runway-jupiter,Runway,USED_BY
3072,PlantingTree,4,runway-jupiter,Runway,USED_BY
3073,Hungry for Goodies,4,runway-jupiter,Runway,USED_BY
3074,The Люди,4,runway-jupiter,Runway,USED_BY
3075,redfox creatives,4,runway-jupiter,Runway,USED_BY
3076,Daniel Mann,4,runway-jupiter,Runway,USED_BY
3077,MANIAC Team!,4,runway-jupiter,Runway,USED_BY
3078,Media Hub Trailer,4,runway-jupiter,Runway,USED_BY
3079,Holly Obee,4,runway-jupiter,Runway,USED_BY
3080,Mumbo,4,runway-jupiter,Runway,USED_BY
3081,MileyCyrusVEVO,4,runway-jupiter,Runway,USED_BY
3082,TV Walsum Aldenrade 07,4,runway-jupiter,Runway,USED_BY
3083,Dirt Road Dancing,4,runway-jupiter,Runway,USED_BY
3084,Elaine Cuzner,4,runway-jupiter,Runway,USED_BY
3085,Free HD videos - no copyright,4,runway-jupiter,Runway,USED_BY
3086,Sugoii Japan,4,runway-jupiter,Runway,USED_BY
3087,BestClips,4,runway-jupiter,Runway,USED_BY
3088,Baxter of California,4,runway-jupiter,Runway,USED_BY
3089,SB Mowing,4,runway-jupiter,Runway,USED_BY
3090,Park Junkie,4,runway-jupiter,Runway,USED_BY
3091,Apple Pea Fern Sea,4,runway-jupiter,Runway,USED_BY
3092,Fantastic,4,runway-jupiter,Runway,USED_BY
3093,Xylophone Girl 101,4,runway-jupiter,Runway,USED_BY
3094,Harry Potter Clips,4,runway-jupiter,Runway,USED_BY
3095,小P看熊猫团子,4,runway-jupiter,Runway,USED_BY
3096,Cameron Marti,4,runway-jupiter,Runway,USED_BY
3097,Ballet Beautiful,4,runway-jupiter,Runway,USED_BY
3098,Finding treasures,4,runway-jupiter,Runway,USED_BY
3099,OPEN SPACE,4,runway-jupiter,Runway,USED_BY
3100,Flatbush Cats,4,runway-jupiter,Runway,USED_BY
3101,superdog,4,runway-jupiter,Runway,USED_BY
3102,The Card Tricks,4,runway-jupiter,Runway,USED_BY
3103,SPIRIT OF THE RIVER,4,runway-jupiter,Runway,USED_BY
3104,Friendshipismagic,4,runway-jupiter,Runway,USED_BY
3105,Discover Kyoto,4,runway-jupiter,Runway,USED_BY
3106,YoYoMaVEVO,4,runway-jupiter,Runway,USED_BY
3107,XINSURANCE Sports,4,runway-jupiter,Runway,USED_BY
3108,Andrea Love,4,runway-jupiter,Runway,USED_BY
3109,Nike Football,4,runway-jupiter,Runway,USED_BY
3110,marimekko,4,runway-jupiter,Runway,USED_BY
3111,Yoflaminga - Yoga with Jenny Hirtz,4,runway-jupiter,Runway,USED_BY
3112,SCARPA North America,4,runway-jupiter,Runway,USED_BY
3113,Mavericks Awards,4,runway-jupiter,Runway,USED_BY
3114,footbag jaworzno,4,runway-jupiter,Runway,USED_BY
3115,The Letter Loft,4,runway-jupiter,Runway,USED_BY
3116,ArchiPro,4,runway-jupiter,Runway,USED_BY
3117,Aquatic Apes,4,runway-jupiter,Runway,USED_BY
3118,Awesome Machi,4,runway-jupiter,Runway,USED_BY
3119,Erick Jacquin,4,runway-jupiter,Runway,USED_BY
3120,ArmWrestleNation,4,runway-jupiter,Runway,USED_BY
3121,Breuninger,4,runway-jupiter,Runway,USED_BY
3122,ITFBeachTennis,4,runway-jupiter,Runway,USED_BY
3123,Oreo's little black editor,4,runway-jupiter,Runway,USED_BY
3124,Samurai Matcha,4,runway-jupiter,Runway,USED_BY
3125,benjiplant,4,runway-jupiter,Runway,USED_BY
3126,Abe Kislevitz,4,runway-jupiter,Runway,USED_BY
3127,ShoreBoarders,4,runway-jupiter,Runway,USED_BY
3128,Total Dramarama Official,4,runway-jupiter,Runway,USED_BY
3129,House Dad Life,4,runway-jupiter,Runway,USED_BY
3130,officialpsy,4,runway-jupiter,Runway,USED_BY
3131,Cine para la noche,4,runway-jupiter,Runway,USED_BY
3132,Footage Kontor,4,runway-jupiter,Runway,USED_BY
3133,SuperBike Racer,4,runway-jupiter,Runway,USED_BY
3134,Tour Tamu Africa,4,runway-jupiter,Runway,USED_BY
3135,Aerial Photography Ireland,4,runway-jupiter,Runway,USED_BY
3136,Folding And Art Tutorial,4,runway-jupiter,Runway,USED_BY
3137,Maarten Nauta,4,runway-jupiter,Runway,USED_BY
3138,Anders Botnmark (Aphotography),4,runway-jupiter,Runway,USED_BY
3139,Modern Juggling,4,runway-jupiter,Runway,USED_BY
3140,Brett Vercoe,4,runway-jupiter,Runway,USED_BY
3141,Ich mische lecker,4,runway-jupiter,Runway,USED_BY
3142,Judo live,4,runway-jupiter,Runway,USED_BY
3143,VISUALDON,4,runway-jupiter,Runway,USED_BY
3144,Foxtrot Alpha,4,runway-jupiter,Runway,USED_BY
3145,Benjamin Hardman,3,runway-jupiter,Runway,USED_BY
3146,Ermia Ramez,3,runway-jupiter,Runway,USED_BY
3147,Jacob Toniolo,3,runway-jupiter,Runway,USED_BY
3148,Audible Hands,3,runway-jupiter,Runway,USED_BY
3149,Movie Man,3,runway-jupiter,Runway,USED_BY
3150,Denis Barbas,3,runway-jupiter,Runway,USED_BY
3151,Team Running Husky,3,runway-jupiter,Runway,USED_BY
3152,Fables & Fells,3,runway-jupiter,Runway,USED_BY
3153,Vindi's Kitchen,3,runway-jupiter,Runway,USED_BY
3154,SNO-GO Ski Bikes,3,runway-jupiter,Runway,USED_BY
3155,Jay Alvarrez,3,runway-jupiter,Runway,USED_BY
3156,Run & Jump,3,runway-jupiter,Runway,USED_BY
3157,Apollo Mission Documentaries,3,runway-jupiter,Runway,USED_BY
3158,Scenic Scenes,3,runway-jupiter,Runway,USED_BY
3159,Leaf of Life,3,runway-jupiter,Runway,USED_BY
3160,TravelPixified,3,runway-jupiter,Runway,USED_BY
3161,ISHITANI FURNITURE,3,runway-jupiter,Runway,USED_BY
3162,Go Explore Greece,3,runway-jupiter,Runway,USED_BY
3163,Sunset Drive California,3,runway-jupiter,Runway,USED_BY
3164,NZ Trucks And Trailers,3,runway-jupiter,Runway,USED_BY
3165,ROLL Recovery,3,runway-jupiter,Runway,USED_BY
3166,NightmarePB,3,runway-jupiter,Runway,USED_BY
3167,HuuHa Woodart,3,runway-jupiter,Runway,USED_BY
3168,Paper Dolls✏️🎨,3,runway-jupiter,Runway,USED_BY
3169,Kiun B,3,runway-jupiter,Runway,USED_BY
3170,Hugo Moussy,3,runway-jupiter,Runway,USED_BY
3171,Maria og skogen,3,runway-jupiter,Runway,USED_BY
3172,Katy James,3,runway-jupiter,Runway,USED_BY
3173,Lucy Cao,3,runway-jupiter,Runway,USED_BY
3174,Anime Luna,3,runway-jupiter,Runway,USED_BY
3175,full-swing,3,runway-jupiter,Runway,USED_BY
3176,Bart Blom,3,runway-jupiter,Runway,USED_BY
3177,Simply Three,3,runway-jupiter,Runway,USED_BY
3178,Clairmont,3,runway-jupiter,Runway,USED_BY
3179,Sax Spy,3,runway-jupiter,Runway,USED_BY
3180,The Carpentry Life,3,runway-jupiter,Runway,USED_BY
3181,Jiya Kapur Films,3,runway-jupiter,Runway,USED_BY
3182,Avatar Legends,3,runway-jupiter,Runway,USED_BY
3183,ANDBERY | Andrei Beresnev,3,runway-jupiter,Runway,USED_BY
3184,Give Cheese a Chance,3,runway-jupiter,Runway,USED_BY
3185,Sheepdog Trials,3,runway-jupiter,Runway,USED_BY
3186,A Working Catalogue,3,runway-jupiter,Runway,USED_BY
3187,Christian F. Puglisi,3,runway-jupiter,Runway,USED_BY
3188,JUST MICHELLE,3,runway-jupiter,Runway,USED_BY
3189,Ignited Flames,3,runway-jupiter,Runway,USED_BY
3190,Red Panda - Morty,3,runway-jupiter,Runway,USED_BY
3191,Domenic Biagini,3,runway-jupiter,Runway,USED_BY
3192,Parte Graff,3,runway-jupiter,Runway,USED_BY
3193,YZR,3,runway-jupiter,Runway,USED_BY
3194,Shah Bappu London cycling,3,runway-jupiter,Runway,USED_BY
3195,Extreme Tricks,3,runway-jupiter,Runway,USED_BY
3196,Crafty Girl Shirin,3,runway-jupiter,Runway,USED_BY
3197,2CELLOS,3,runway-jupiter,Runway,USED_BY
3198,KAFRI,3,runway-jupiter,Runway,USED_BY
3199,Colorful World,3,runway-jupiter,Runway,USED_BY
3200,lemoncholy,3,runway-jupiter,Runway,USED_BY
3201,The Dragon Prince,3,runway-jupiter,Runway,USED_BY
3202,Imperial Potato,3,runway-jupiter,Runway,USED_BY
3203,Coach Micah B.,3,runway-jupiter,Runway,USED_BY
3204,Momo Journal ASMR,3,runway-jupiter,Runway,USED_BY
3205,EMEDE MEOS,3,runway-jupiter,Runway,USED_BY
3206,HP Walking Tours,3,runway-jupiter,Runway,USED_BY
3207,inkpacked Stock Footage,3,runway-jupiter,Runway,USED_BY
3208,Soma Fotography™ official,3,runway-jupiter,Runway,USED_BY
3209,MOJO hookah lounge,3,runway-jupiter,Runway,USED_BY
3210,CartoonBrew.com Official,3,runway-jupiter,Runway,USED_BY
3211,Abitibi Sled Dogs,3,runway-jupiter,Runway,USED_BY
3212,Invasion Of The Stickers,3,runway-jupiter,Runway,USED_BY
3213,Max the Greyhound,3,runway-jupiter,Runway,USED_BY
3214,Valrtin,3,runway-jupiter,Runway,USED_BY
3215,Gravity Official,3,runway-jupiter,Runway,USED_BY
3216,Karl Shakur,3,runway-jupiter,Runway,USED_BY
3217,Meaning,3,runway-jupiter,Runway,USED_BY
3218,프롬더춤 • From the 춤,3,runway-jupiter,Runway,USED_BY
3219,Sanna Vaara,3,runway-jupiter,Runway,USED_BY
3220,thevirts,3,runway-jupiter,Runway,USED_BY
3221,Airbender Dogs,3,runway-jupiter,Runway,USED_BY
3222,NV STUDIOZ,3,runway-jupiter,Runway,USED_BY
3223,SERA MEDIA,3,runway-jupiter,Runway,USED_BY
3224,Joe Wilson,3,runway-jupiter,Runway,USED_BY
3225,Relaxing Sounds Of Nature,3,runway-jupiter,Runway,USED_BY
3226,Slow Waves,3,runway-jupiter,Runway,USED_BY
3227,We Bare Bears Hindi,3,runway-jupiter,Runway,USED_BY
3228,Sounds Like Greece,3,runway-jupiter,Runway,USED_BY
3229,Lewis Wilby,3,runway-jupiter,Runway,USED_BY
3230,BIT - BASE inspired travels,3,runway-jupiter,Runway,USED_BY
3231,Extra Throttle House,3,runway-jupiter,Runway,USED_BY
3232,Yo-Yo Ma,3,runway-jupiter,Runway,USED_BY
3233,Mike Gray,3,runway-jupiter,Runway,USED_BY
3234,Fishing & Adventure TV,3,runway-jupiter,Runway,USED_BY
3235,Main Track Trains,3,runway-jupiter,Runway,USED_BY
3236,Murlykin Yaroslav,3,runway-jupiter,Runway,USED_BY
3237,Flow Mayhem,3,runway-jupiter,Runway,USED_BY
3238,Kierran Allen,3,runway-jupiter,Runway,USED_BY
3239,Kyle Erickson,3,runway-jupiter,Runway,USED_BY
3240,Listening to Earth LLC,3,runway-jupiter,Runway,USED_BY
3241,AJ Hackett Bungy NZ,3,runway-jupiter,Runway,USED_BY
3242,Cleaning Concept,3,runway-jupiter,Runway,USED_BY
3243,Caveman Hikes,3,runway-jupiter,Runway,USED_BY
3244,시골할매 Sigol Halmae,3,runway-jupiter,Runway,USED_BY
3245,RelaxCorner ASMR,3,runway-jupiter,Runway,USED_BY
3246,Cinewatch,3,runway-jupiter,Runway,USED_BY
3247,Brice Savina,3,runway-jupiter,Runway,USED_BY
3248,DDAKS 딱스 - Shoe shine ASMR 구두닦기,3,runway-jupiter,Runway,USED_BY
3249,Incredible Mission,3,runway-jupiter,Runway,USED_BY
3250,AC/DC,3,runway-jupiter,Runway,USED_BY
3251,hirokazu yokohara,3,runway-jupiter,Runway,USED_BY
3252,Future Proof,3,runway-jupiter,Runway,USED_BY
3253,Primitive Technology Idea,3,runway-jupiter,Runway,USED_BY
3254,"jung de gung ""Housekeeping Pemula""",3,runway-jupiter,Runway,USED_BY
3255,adventuremore,3,runway-jupiter,Runway,USED_BY
3256,Geoff Sobering,3,runway-jupiter,Runway,USED_BY
3257,Shot By Enis,3,runway-jupiter,Runway,USED_BY
3258,Medalcore - Paintball,3,runway-jupiter,Runway,USED_BY
3259,Szalagavató Videózás,3,runway-jupiter,Runway,USED_BY
3260,Leo Torres,3,runway-jupiter,Runway,USED_BY
3261,Starry Sky,3,runway-jupiter,Runway,USED_BY
3262,MajorTom,3,runway-jupiter,Runway,USED_BY
3263,Steve Booker,3,runway-jupiter,Runway,USED_BY
3264,TACTYC Studio,3,runway-jupiter,Runway,USED_BY
3265,TraceLynn Films,3,runway-jupiter,Runway,USED_BY
3266,Alejandro Torres,3,runway-jupiter,Runway,USED_BY
3267,ヒゲとわたし,3,runway-jupiter,Runway,USED_BY
3268,Dashcam Stockholm - Random Adventures,3,runway-jupiter,Runway,USED_BY
3269,CP Media,3,runway-jupiter,Runway,USED_BY
3270,EJ’s Training Camp,3,runway-jupiter,Runway,USED_BY
3271,Tim Spisar,3,runway-jupiter,Runway,USED_BY
3272,iconicfilms,3,runway-jupiter,Runway,USED_BY
3273,Terrace Garden,3,runway-jupiter,Runway,USED_BY
3274,Sky High Flying Canines,3,runway-jupiter,Runway,USED_BY
3275,Goat Daddy's,3,runway-jupiter,Runway,USED_BY
3276,CHASSE EMBARQUEE,3,runway-jupiter,Runway,USED_BY
3277,SirM Productions,3,runway-jupiter,Runway,USED_BY
3278,Beach Walk,3,runway-jupiter,Runway,USED_BY
3279,Curious Archive,3,runway-jupiter,Runway,USED_BY
3280,ShortClips,3,runway-jupiter,Runway,USED_BY
3281,MetroBoominVEVO,3,runway-jupiter,Runway,USED_BY
3282,lotusinhand,3,runway-jupiter,Runway,USED_BY
3283,The Modern House,3,runway-jupiter,Runway,USED_BY
3284,Tim Kellner,3,runway-jupiter,Runway,USED_BY
3285,824am,3,runway-jupiter,Runway,USED_BY
3286,Fujimaru Sharpener,3,runway-jupiter,Runway,USED_BY
3287,LanaDelReyVEVO,3,runway-jupiter,Runway,USED_BY
3288,Mediawan Kids & Family,3,runway-jupiter,Runway,USED_BY
3289,Vicitori arts,3,runway-jupiter,Runway,USED_BY
3290,Matt Horne Pottery,3,runway-jupiter,Runway,USED_BY
3291,ComicaL TV,3,runway-jupiter,Runway,USED_BY
3292,Nayan Bashar,3,runway-jupiter,Runway,USED_BY
3293,Pharrell Williams,3,runway-jupiter,Runway,USED_BY
3294,Malabar Gold and Diamonds,3,runway-jupiter,Runway,USED_BY
3295,dronujemy_com,3,runway-jupiter,Runway,USED_BY
3296,ROUND III,3,runway-jupiter,Runway,USED_BY
3297,Naomi SV,3,runway-jupiter,Runway,USED_BY
3298,All Things Foxes,3,runway-jupiter,Runway,USED_BY
3299,Ellis van Jason,3,runway-jupiter,Runway,USED_BY
3300,Mack Trucks,3,runway-jupiter,Runway,USED_BY
3301,Fruity Tech,3,runway-jupiter,Runway,USED_BY
3302,MAWI United,3,runway-jupiter,Runway,USED_BY
3303,"Państwowy Zespół Ludowy Pieśni i Tańca ""Mazowsze""",3,runway-jupiter,Runway,USED_BY
3304,AnnaLapwoodVEVO,3,runway-jupiter,Runway,USED_BY
3305,ACMofficial,3,runway-jupiter,Runway,USED_BY
3306,Vintage Wine Estates,3,runway-jupiter,Runway,USED_BY
3307,BalloonArtOnline,3,runway-jupiter,Runway,USED_BY
3308,Kai Mother,3,runway-jupiter,Runway,USED_BY
3309,Team Dogracing,3,runway-jupiter,Runway,USED_BY
3310,Reynard Lowell,3,runway-jupiter,Runway,USED_BY
3311,Badminutiae,3,runway-jupiter,Runway,USED_BY
3312,Andy B,3,runway-jupiter,Runway,USED_BY
3313,Beauty Herbs & Tea,3,runway-jupiter,Runway,USED_BY
3314,15-Minute Learning with Baby Shark & Pinkfong,3,runway-jupiter,Runway,USED_BY
3315,Sofles,3,runway-jupiter,Runway,USED_BY
3316,The Solomon Society,3,runway-jupiter,Runway,USED_BY
3317,Whispering Willow Wild Care,3,runway-jupiter,Runway,USED_BY
3318,Liene Andreta Kalnciema,3,runway-jupiter,Runway,USED_BY
3319,Jack Evans,3,runway-jupiter,Runway,USED_BY
3320,Giga Ovgod,3,runway-jupiter,Runway,USED_BY
3321,Trickline Collective,3,runway-jupiter,Runway,USED_BY
3322,Relaxation Film,3,runway-jupiter,Runway,USED_BY
3323,INFINITY MAXX,3,runway-jupiter,Runway,USED_BY
3324,free stock video hf,3,runway-jupiter,Runway,USED_BY
3325,Owen Farmer - Unicyclist,3,runway-jupiter,Runway,USED_BY
3326,Anna Lapwood,3,runway-jupiter,Runway,USED_BY
3327,Blackened Shadow,3,runway-jupiter,Runway,USED_BY
3328,Rebel Massage,3,runway-jupiter,Runway,USED_BY
3329,Joe Greer,3,runway-jupiter,Runway,USED_BY
3330,lavapix,3,runway-jupiter,Runway,USED_BY
3331,Mountain Unicycling Network International MUNI,3,runway-jupiter,Runway,USED_BY
3332,Rashid Freestyler,3,runway-jupiter,Runway,USED_BY
3333,Ahmad Anwar,3,runway-jupiter,Runway,USED_BY
3334,Northey Films,3,runway-jupiter,Runway,USED_BY
3335,Jet Tech,3,runway-jupiter,Runway,USED_BY
3336,Tadas Travel,2,runway-jupiter,Runway,USED_BY
3337,Unicycle School,2,runway-jupiter,Runway,USED_BY
3338,Eric Packer,2,runway-jupiter,Runway,USED_BY
3339,8K Earth,2,runway-jupiter,Runway,USED_BY
3340,Aris Papaspyros,2,runway-jupiter,Runway,USED_BY
3341,Matthew Encina,2,runway-jupiter,Runway,USED_BY
3342,Team Liquid CSGO,2,runway-jupiter,Runway,USED_BY
3343,Moskoni,2,runway-jupiter,Runway,USED_BY
3344,Boyan Georgiev,2,runway-jupiter,Runway,USED_BY
3345,Liam Vickers Animation,2,runway-jupiter,Runway,USED_BY
3346,Tight Loops,2,runway-jupiter,Runway,USED_BY
3347,Alyne Media,2,runway-jupiter,Runway,USED_BY
3348,SandCastle Building - Andy Hancock,2,runway-jupiter,Runway,USED_BY
3349,Nathan McBride,2,runway-jupiter,Runway,USED_BY
3350,Manuel Bravo,2,runway-jupiter,Runway,USED_BY
3351,antoine janssens,2,runway-jupiter,Runway,USED_BY
3352,FarmBox Foods,2,runway-jupiter,Runway,USED_BY
3353,Life On Top,2,runway-jupiter,Runway,USED_BY
3354,GameNews,2,runway-jupiter,Runway,USED_BY
3355,Canoe The North,2,runway-jupiter,Runway,USED_BY
3356,graincheck,2,runway-jupiter,Runway,USED_BY
3357,Warner Bros.,2,runway-jupiter,Runway,USED_BY
3358,OneStopChop,2,runway-jupiter,Runway,USED_BY
3359,Four Keys Book Arts,2,runway-jupiter,Runway,USED_BY
3360,Lostranquility,2,runway-jupiter,Runway,USED_BY
3361,Dan Noakes,2,runway-jupiter,Runway,USED_BY
3362,Lahari Music | T-Series,2,runway-jupiter,Runway,USED_BY
3363,AwesomeTech,2,runway-jupiter,Runway,USED_BY
3364,Miranda Productions,2,runway-jupiter,Runway,USED_BY
3365,PUREFILMS,2,runway-jupiter,Runway,USED_BY
3366,DownUnderDutchie,2,runway-jupiter,Runway,USED_BY
3367,Now or Never Travel,2,runway-jupiter,Runway,USED_BY
3368,OWL Rehab,2,runway-jupiter,Runway,USED_BY
3369,Vitaly Tesh,2,runway-jupiter,Runway,USED_BY
3370,African Penguin & Seabird Sanctuary,2,runway-jupiter,Runway,USED_BY
3371,Laser Pictures,2,runway-jupiter,Runway,USED_BY
3372,Brushstroke Painting Guides,2,runway-jupiter,Runway,USED_BY
3373,J Yom,2,runway-jupiter,Runway,USED_BY
3374,Tom Park,2,runway-jupiter,Runway,USED_BY
3375,Sheepdog Trials Live,2,runway-jupiter,Runway,USED_BY
3376,UniquelyNYC,2,runway-jupiter,Runway,USED_BY
3377,Best Cat Games & Videos,2,runway-jupiter,Runway,USED_BY
3378,Alex Rogers,2,runway-jupiter,Runway,USED_BY
3379,Adolfo Folk,2,runway-jupiter,Runway,USED_BY
3380,Kristian Pletten,2,runway-jupiter,Runway,USED_BY
3381,ttzach123,2,runway-jupiter,Runway,USED_BY
3382,Amethyst Vazquez,2,runway-jupiter,Runway,USED_BY
3383,Cooper's Ferry Site,2,runway-jupiter,Runway,USED_BY
3384,SUNDS Media,2,runway-jupiter,Runway,USED_BY
3385,serr,2,runway-jupiter,Runway,USED_BY
3386,MorganWallenVEVO,2,runway-jupiter,Runway,USED_BY
3387,Sea N Surf Bali,2,runway-jupiter,Runway,USED_BY
3388,Ollie Media,2,runway-jupiter,Runway,USED_BY
3389,IURETA e,2,runway-jupiter,Runway,USED_BY
3390,Craig of the Creek,2,runway-jupiter,Runway,USED_BY
3391,Riona Moon,2,runway-jupiter,Runway,USED_BY
3392,Advanced Sheep Shearing,2,runway-jupiter,Runway,USED_BY
3393,Sam Newton,2,runway-jupiter,Runway,USED_BY
3394,Jared Henderson,2,runway-jupiter,Runway,USED_BY
3395,Great Escapes,2,runway-jupiter,Runway,USED_BY
3396,Max's Massage,2,runway-jupiter,Runway,USED_BY
3397,THE SPOTTING CHANNEL,2,runway-jupiter,Runway,USED_BY
3398,Croquet Innovations,2,runway-jupiter,Runway,USED_BY
3399,Joshua Turner,2,runway-jupiter,Runway,USED_BY
3400,XDubai,2,runway-jupiter,Runway,USED_BY
3401,4K Clips HDR,2,runway-jupiter,Runway,USED_BY
3402,Dudes With Attitude,2,runway-jupiter,Runway,USED_BY
3403,ArborJason,2,runway-jupiter,Runway,USED_BY
3404,Sea kayaking Cornwall,2,runway-jupiter,Runway,USED_BY
3405,InkwellMedia,2,runway-jupiter,Runway,USED_BY
3406,Life Of Riza,2,runway-jupiter,Runway,USED_BY
3407,Duga Brow studio,2,runway-jupiter,Runway,USED_BY
3408,Adrian Preda,2,runway-jupiter,Runway,USED_BY
3409,Secrets of Solo,2,runway-jupiter,Runway,USED_BY
3410,Morgan Wallen,2,runway-jupiter,Runway,USED_BY
3411,thelifeofnello,2,runway-jupiter,Runway,USED_BY
3412,HR BOX,2,runway-jupiter,Runway,USED_BY
3413,WELT Space,2,runway-jupiter,Runway,USED_BY
3414,Gaming Let Loose,2,runway-jupiter,Runway,USED_BY
3415,Taylor Morgan,2,runway-jupiter,Runway,USED_BY
3416,Tom Mulligan,2,runway-jupiter,Runway,USED_BY
3417,Caden Novikoff,2,runway-jupiter,Runway,USED_BY
3418,Weyland,2,runway-jupiter,Runway,USED_BY
3419,SchoolArtisanFood,2,runway-jupiter,Runway,USED_BY
3420,Joshua Wann,2,runway-jupiter,Runway,USED_BY
3421,BRO COOLING,2,runway-jupiter,Runway,USED_BY
3422,Desmond Yuen,2,runway-jupiter,Runway,USED_BY
3423,Simon Kim,2,runway-jupiter,Runway,USED_BY
3424,Иван Усанов,2,runway-jupiter,Runway,USED_BY
3425,Gatewood Brown,2,runway-jupiter,Runway,USED_BY
3426,Ouzz FPV,2,runway-jupiter,Runway,USED_BY
3427,Recap-kun,2,runway-jupiter,Runway,USED_BY
3428,Workshop Insider,2,runway-jupiter,Runway,USED_BY
3429,JoHannes | Wingsuit,2,runway-jupiter,Runway,USED_BY
3430,Elliot Grafton,2,runway-jupiter,Runway,USED_BY
3431,RJ Knits,2,runway-jupiter,Runway,USED_BY
3432,Full 15 Sumo,2,runway-jupiter,Runway,USED_BY
3433,Virtual Running Adventures,2,runway-jupiter,Runway,USED_BY
3434,Ghost Protocol,2,runway-jupiter,Runway,USED_BY
3435,Boxing Legacy,2,runway-jupiter,Runway,USED_BY
3436,Vikram Neeham,2,runway-jupiter,Runway,USED_BY
3437,Taiflow,2,runway-jupiter,Runway,USED_BY
3438,Bentz Productions,2,runway-jupiter,Runway,USED_BY
3439,MGKVEVO,2,runway-jupiter,Runway,USED_BY
3440,THE WAKE CHANNEL,2,runway-jupiter,Runway,USED_BY
3441,Dylan Ayala,2,runway-jupiter,Runway,USED_BY
3442,Simon YAOJIA Folder Gluer,2,runway-jupiter,Runway,USED_BY
3443,All Clean Power Wash,2,runway-jupiter,Runway,USED_BY
3444,Robbie Maynard,2,runway-jupiter,Runway,USED_BY
3445,Virtual Running Videos,2,runway-jupiter,Runway,USED_BY
3446,BogdanovStas,2,runway-jupiter,Runway,USED_BY
3447,kurage0814,2,runway-jupiter,Runway,USED_BY
3448,Osamu Hasegawa Films,2,runway-jupiter,Runway,USED_BY
3449,ChelseaKauai,2,runway-jupiter,Runway,USED_BY
3450,BROOKI,2,runway-jupiter,Runway,USED_BY
3451,Will Darbyshire,2,runway-jupiter,Runway,USED_BY
3452,Exotic Rubber,2,runway-jupiter,Runway,USED_BY
3453,Alexandra Ilieva,2,runway-jupiter,Runway,USED_BY
3454,aconofficial,2,runway-jupiter,Runway,USED_BY
3455,tbs.johansson,2,runway-jupiter,Runway,USED_BY
3456,Stray Paws Clips,2,runway-jupiter,Runway,USED_BY
3457,Danny Strasser,2,runway-jupiter,Runway,USED_BY
3458,Cristian Ramírez,2,runway-jupiter,Runway,USED_BY
3459,Dive Hard,2,runway-jupiter,Runway,USED_BY
3460,PROJECT1,2,runway-jupiter,Runway,USED_BY
3461,Sumit At Sea,2,runway-jupiter,Runway,USED_BY
3462,Foxstar Media,2,runway-jupiter,Runway,USED_BY
3463,Eighty20 Barber Academy,2,runway-jupiter,Runway,USED_BY
3464,KNtheRabbit,2,runway-jupiter,Runway,USED_BY
3465,Andrew Bernard | The Nard Dog Cooks,2,runway-jupiter,Runway,USED_BY
3466,Zeddyzi,2,runway-jupiter,Runway,USED_BY
3467,Mind Society,2,runway-jupiter,Runway,USED_BY
3468,Ardagh Sheepdogs,2,runway-jupiter,Runway,USED_BY
3469,Gabriel Andre,2,runway-jupiter,Runway,USED_BY
3470,Joe Garth,2,runway-jupiter,Runway,USED_BY
3471,Dan Foley,2,runway-jupiter,Runway,USED_BY
3472,AmbaViation,2,runway-jupiter,Runway,USED_BY
3473,Mystique Movement,2,runway-jupiter,Runway,USED_BY
3474,viewfindings,2,runway-jupiter,Runway,USED_BY
3475,Dominique Domingo,2,runway-jupiter,Runway,USED_BY
3476,Wafrika Disc Dog,2,runway-jupiter,Runway,USED_BY
3477,Portage : BlottiContreMoi,2,runway-jupiter,Runway,USED_BY
3478,Vincent MITSINDO,2,runway-jupiter,Runway,USED_BY
3479,Over & Out,2,runway-jupiter,Runway,USED_BY
3480,RS. art crafts design,2,runway-jupiter,Runway,USED_BY
3481,Nainoa Langer,2,runway-jupiter,Runway,USED_BY
3482,Leon Faraday,2,runway-jupiter,Runway,USED_BY
3483,Scientific Animations,2,runway-jupiter,Runway,USED_BY
3484,Karol Plucinski,2,runway-jupiter,Runway,USED_BY
3485,juniorpetjua,2,runway-jupiter,Runway,USED_BY
3486,Blacksmith Nung An - Vietnam,2,runway-jupiter,Runway,USED_BY
3487,Harukawa Film Works,2,runway-jupiter,Runway,USED_BY
3488,AstroTV,2,runway-jupiter,Runway,USED_BY
3489,Lana Del Rey,2,runway-jupiter,Runway,USED_BY
3490,England Korfball,2,runway-jupiter,Runway,USED_BY
3491,DRY STONE TV,2,runway-jupiter,Runway,USED_BY
3492,GoCleanCo,2,runway-jupiter,Runway,USED_BY
3493,Abhishek Sachidanandan,2,runway-jupiter,Runway,USED_BY
3494,Survival Food,2,runway-jupiter,Runway,USED_BY
3495,Nestor,2,runway-jupiter,Runway,USED_BY
3496,Oxymap,2,runway-jupiter,Runway,USED_BY
3497,James Graves,2,runway-jupiter,Runway,USED_BY
3498,StripHair Gentle Groomer,2,runway-jupiter,Runway,USED_BY
3499,Benedikt Meyer,2,runway-jupiter,Runway,USED_BY
3500,Tyler Karow,2,runway-jupiter,Runway,USED_BY
3501,Mr. Oh,2,runway-jupiter,Runway,USED_BY
3502,CrazyAccordion Trio,2,runway-jupiter,Runway,USED_BY
3503,CozyClouds ASMR,2,runway-jupiter,Runway,USED_BY
3504,Bryan Birks,2,runway-jupiter,Runway,USED_BY
3505,Santosh Zung Rana,2,runway-jupiter,Runway,USED_BY
3506,Dr Jessica Gomez,2,runway-jupiter,Runway,USED_BY
3507,Bukketball,2,runway-jupiter,Runway,USED_BY
3508,Dutch The Hooligan,2,runway-jupiter,Runway,USED_BY
3509,Motorcycle World,2,runway-jupiter,Runway,USED_BY
3510,chislon,2,runway-jupiter,Runway,USED_BY
3511,Samuel Elkins,2,runway-jupiter,Runway,USED_BY
3512,Sea Turtles Documentary HD,2,runway-jupiter,Runway,USED_BY
3513,Morten Rustad,2,runway-jupiter,Runway,USED_BY
3514,Ty Cottle,2,runway-jupiter,Runway,USED_BY
3515,Sondre Taubøll,2,runway-jupiter,Runway,USED_BY
3516,Ben Little,2,runway-jupiter,Runway,USED_BY
3517,Adorea Olomouc,2,runway-jupiter,Runway,USED_BY
3518,VaRaces Chase Database,2,runway-jupiter,Runway,USED_BY
3519,Callie Waldschmidt,2,runway-jupiter,Runway,USED_BY
3520,Glasgow Korfball,2,runway-jupiter,Runway,USED_BY
3521,Pool elementary,2,runway-jupiter,Runway,USED_BY
3522,Ecole MoPA,2,runway-jupiter,Runway,USED_BY
3523,Yogalily | Yoga Taichi Qigong Wellness,2,runway-jupiter,Runway,USED_BY
3524,S3,2,runway-jupiter,Runway,USED_BY
3525,Food Gasm,2,runway-jupiter,Runway,USED_BY
3526,Gazillion Bubble Show,2,runway-jupiter,Runway,USED_BY
3527,Sergei Ivanis,1,runway-jupiter,Runway,USED_BY
3528,Maor Benezri,1,runway-jupiter,Runway,USED_BY
3529,Morgsm.,1,runway-jupiter,Runway,USED_BY
3530,Stock Footages World,1,runway-jupiter,Runway,USED_BY
3531,David de Rijcke,1,runway-jupiter,Runway,USED_BY
3532,Luke Penner Aerobatics,1,runway-jupiter,Runway,USED_BY
3533,Roastedstix,1,runway-jupiter,Runway,USED_BY
3534,Insider Business,1,runway-jupiter,Runway,USED_BY
3535,Movie Matinee - Short Films Every Week,1,runway-jupiter,Runway,USED_BY
3536,Comic Pundit,1,runway-jupiter,Runway,USED_BY
3537,MrBrynnorth,1,runway-jupiter,Runway,USED_BY
3538,Dima tarakanof,1,runway-jupiter,Runway,USED_BY
3539,PINK DOLL,1,runway-jupiter,Runway,USED_BY
3540,Jurrien Wiss,1,runway-jupiter,Runway,USED_BY
3541,kold,1,runway-jupiter,Runway,USED_BY
3542,Solo 360,1,runway-jupiter,Runway,USED_BY
3543,Max Planck Institute of Quantum Optics,1,runway-jupiter,Runway,USED_BY
3544,Anton Domin,1,runway-jupiter,Runway,USED_BY
3545,Matt Byrn,1,runway-jupiter,Runway,USED_BY
3546,Nicholas Yee,1,runway-jupiter,Runway,USED_BY
3547,Wall Street Journal,1,runway-jupiter,Runway,USED_BY
3548,Pinkfong Baby Shark - Kids' Songs & Stories,1,runway-jupiter,Runway,USED_BY
3549,Maria Solko,1,runway-jupiter,Runway,USED_BY
3550,Top Branch,1,runway-jupiter,Runway,USED_BY
3551,StreetlugePDX,1,runway-jupiter,Runway,USED_BY
3552,TheParryGod,1,runway-jupiter,Runway,USED_BY
3553,vuhfilms,1,runway-jupiter,Runway,USED_BY
3554,Flip Cooks,1,runway-jupiter,Runway,USED_BY
3555,Miyoko Schinner,1,runway-jupiter,Runway,USED_BY
3556,Pacific Pictures,1,runway-jupiter,Runway,USED_BY
3557,Click Clack,1,runway-jupiter,Runway,USED_BY
3558,Schneider Lighting,1,runway-jupiter,Runway,USED_BY
3559,Beneath The Boughs,1,runway-jupiter,Runway,USED_BY
3560,MortenSvane,1,runway-jupiter,Runway,USED_BY
3561,INDUSTRY INSIDER,1,runway-jupiter,Runway,USED_BY
3562,Free Stock Videos,1,runway-jupiter,Runway,USED_BY
3563,Eugene Belsky,1,runway-jupiter,Runway,USED_BY
3564,Hartnett Media,1,runway-jupiter,Runway,USED_BY
3565,Kutty Story,1,runway-jupiter,Runway,USED_BY
3566,Justin Cosplay,1,runway-jupiter,Runway,USED_BY
3567,The Art of Documentary,1,runway-jupiter,Runway,USED_BY
3568,Jacek Drofiak,1,runway-jupiter,Runway,USED_BY
3569,Little King Goods,1,runway-jupiter,Runway,USED_BY
3570,Kyle Kotajarvi,1,runway-jupiter,Runway,USED_BY
3571,Captain Vanover,1,runway-jupiter,Runway,USED_BY
3572,Woodpeckers Recorder Quartet,1,runway-jupiter,Runway,USED_BY
3573,mri215,1,runway-jupiter,Runway,USED_BY
3574,KCMGN,1,runway-jupiter,Runway,USED_BY
3575,Peder Kongshaug,1,runway-jupiter,Runway,USED_BY
3576,LuxDalet,1,runway-jupiter,Runway,USED_BY
3577,Arina Kim - Cinematic Vlog,1,runway-jupiter,Runway,USED_BY
3578,Columbus Kryptonite,1,runway-jupiter,Runway,USED_BY
3579,Kevin Reyes,1,runway-jupiter,Runway,USED_BY
3580,Anton Nordstrand,1,runway-jupiter,Runway,USED_BY
3581,Peaceful Relaxation,1,runway-jupiter,Runway,USED_BY
3582,Shaun Tan Films,1,runway-jupiter,Runway,USED_BY
3583,Charlie Gee,1,runway-jupiter,Runway,USED_BY
3584,PeliManía,1,runway-jupiter,Runway,USED_BY
3585,Ariel Black,1,runway-jupiter,Runway,USED_BY
3586,Moody Ambience,1,runway-jupiter,Runway,USED_BY
3587,Luke Up High,1,runway-jupiter,Runway,USED_BY
3588,Bad Lip Reading,1,runway-jupiter,Runway,USED_BY
3589,LaserArena Cybertag,1,runway-jupiter,Runway,USED_BY
3590,David Hood,1,runway-jupiter,Runway,USED_BY
3591,OranjeMovies,1,runway-jupiter,Runway,USED_BY
3592,a field of blue - underwater video,1,runway-jupiter,Runway,USED_BY
3593,EstudioMovie,1,runway-jupiter,Runway,USED_BY
3594,daryadarcy,1,runway-jupiter,Runway,USED_BY
3595,Jacques Crafford,1,runway-jupiter,Runway,USED_BY
3596,Violin Archive,1,runway-jupiter,Runway,USED_BY
3597,TA-nit,1,runway-jupiter,Runway,USED_BY
3598,Drone Profs,1,runway-jupiter,Runway,USED_BY
3599,KEISUKE HARADA,1,runway-jupiter,Runway,USED_BY
3600,Damian Horan,1,runway-jupiter,Runway,USED_BY
3601,MaffioVEVO,1,runway-jupiter,Runway,USED_BY
3602,JazzyFeet,1,runway-jupiter,Runway,USED_BY
3603,Duncan Bonnifay,1,runway-jupiter,Runway,USED_BY
3604,Hays Porter,1,runway-jupiter,Runway,USED_BY
3605,The PWHL,1,runway-jupiter,Runway,USED_BY
3606,Matthew Edgeworth,1,runway-jupiter,Runway,USED_BY
3607,The Pedestrian,1,runway-jupiter,Runway,USED_BY
3608,HEALING THEATER,1,runway-jupiter,Runway,USED_BY
3609,WestWood Cheer,1,runway-jupiter,Runway,USED_BY
3610,Journey with Chong,1,runway-jupiter,Runway,USED_BY
3611,FREEDOMCONSERVATION,1,runway-jupiter,Runway,USED_BY
3612,SweetM&M,1,runway-jupiter,Runway,USED_BY
3613,Clips Arena,1,runway-jupiter,Runway,USED_BY
3614,The Traditional Life,1,runway-jupiter,Runway,USED_BY
3615,Studious GR86,1,runway-jupiter,Runway,USED_BY
3616,095 - Paka Pictures,1,runway-jupiter,Runway,USED_BY
3617,vAustinL,1,runway-jupiter,Runway,USED_BY
3618,Simran Sivakumar,1,runway-jupiter,Runway,USED_BY
3619,Balboa Dragon Boat,1,runway-jupiter,Runway,USED_BY
3620,Benham Films - Wedding and Elopement Videography,1,runway-jupiter,Runway,USED_BY
3621,Jordan A Dudek,1,runway-jupiter,Runway,USED_BY
3622,Bad Axe Throwing,1,runway-jupiter,Runway,USED_BY
3623,SZA,1,runway-jupiter,Runway,USED_BY
3624,Gavin,1,runway-jupiter,Runway,USED_BY
3625,Wind Boulevard,1,runway-jupiter,Runway,USED_BY
3626,Hollywood English Collection,1,runway-jupiter,Runway,USED_BY
3627,WildThing,1,runway-jupiter,Runway,USED_BY
3628,Macro Room,1,runway-jupiter,Runway,USED_BY
3629,Pavel Matveev,1,runway-jupiter,Runway,USED_BY
3630,Cincinnati Underwater Hockey,1,runway-jupiter,Runway,USED_BY
3631,Raf Ratay,1,runway-jupiter,Runway,USED_BY
3632,solly baby,1,runway-jupiter,Runway,USED_BY
3633,OtherWorld_VFX,1,runway-jupiter,Runway,USED_BY
3634,十号shihao,1,runway-jupiter,Runway,USED_BY
3635,Juan Carlos Ribas,1,runway-jupiter,Runway,USED_BY
3636,Great Canadian Bungee,1,runway-jupiter,Runway,USED_BY
3637,Andrey Teterlev,1,runway-jupiter,Runway,USED_BY
3638,The Glass Toe - Shoe Shine,1,runway-jupiter,Runway,USED_BY
3639,MB Nails,1,runway-jupiter,Runway,USED_BY
3640,WorkHub Channel,1,runway-jupiter,Runway,USED_BY
3641,NLS MODELS,1,runway-jupiter,Runway,USED_BY
3642,Greek TV,1,runway-jupiter,Runway,USED_BY
3643,Every Frame a Painting,1,runway-jupiter,Runway,USED_BY
3644,Strider Trees,1,runway-jupiter,Runway,USED_BY
3645,Christopher Lehmann | Cinematic Video,1,runway-jupiter,Runway,USED_BY
3646,Blockbuster English Movies,1,runway-jupiter,Runway,USED_BY
3647,NITVShorts,1,runway-jupiter,Runway,USED_BY
3648,Ricardo Brancal,1,runway-jupiter,Runway,USED_BY
3649,bitter melon bindery,1,runway-jupiter,Runway,USED_BY
3650,space station,1,runway-jupiter,Runway,USED_BY
3651,Barry J. Briggs,1,runway-jupiter,Runway,USED_BY
3652,Lost Signal TV,1,runway-jupiter,Runway,USED_BY
3653,Blue Sky Channel,1,runway-jupiter,Runway,USED_BY
3654,Erik Hedenfalk,1,runway-jupiter,Runway,USED_BY
3655,MADONNAVEVO,1,runway-jupiter,Runway,USED_BY
3656,Fish Huntress Club,1,runway-jupiter,Runway,USED_BY
3657,Boar's Head,1,runway-jupiter,Runway,USED_BY
3658,Albert Lindberg,1,runway-jupiter,Runway,USED_BY
3659,watchluke,1,runway-jupiter,Runway,USED_BY
3660,Alaska Cabin Adventures,1,runway-jupiter,Runway,USED_BY
3661,AkhiL_AshoK_WilD,1,runway-jupiter,Runway,USED_BY
3662,Working With Wildlife,1,runway-jupiter,Runway,USED_BY
3663,The Bearded Mechanic,1,runway-jupiter,Runway,USED_BY
3664,We Love Bears,1,runway-jupiter,Runway,USED_BY
3665,Berry's Art,1,runway-jupiter,Runway,USED_BY
3666,Univers Kite,1,runway-jupiter,Runway,USED_BY
3667,LOVE DEATH ROBOTS,1,runway-jupiter,Runway,USED_BY
3668,Broncs and Donks Extended: Ch 2,1,runway-jupiter,Runway,USED_BY
3669,星球研究所Institute for Planets,1,runway-jupiter,Runway,USED_BY
3670,Justin Clough,1,runway-jupiter,Runway,USED_BY
3671,Armadas,1,runway-jupiter,Runway,USED_BY
3672,Bad Wolf Horizon,1,runway-jupiter,Runway,USED_BY
3673,Norman Baggio,1,runway-jupiter,Runway,USED_BY
3674,Fuchsia Dance,1,runway-jupiter,Runway,USED_BY
3675,Hydro Thunder NZ Series,1,runway-jupiter,Runway,USED_BY
3676,Ryan Navazio,1,runway-jupiter,Runway,USED_BY
3677,shigeki nishikawa,1,runway-jupiter,Runway,USED_BY
3678,Artur Homan,1,runway-jupiter,Runway,USED_BY
3679,Ninho,1,runway-jupiter,Runway,USED_BY
3680,John Luke Calderon,1,runway-jupiter,Runway,USED_BY
3681,Philip Au,1,runway-jupiter,Runway,USED_BY
3682,timtimfed,1,runway-jupiter,Runway,USED_BY
3683,Cyberstein Robotics,1,runway-jupiter,Runway,USED_BY
3684,ACE,1,runway-jupiter,Runway,USED_BY
3685,Johann.,1,runway-jupiter,Runway,USED_BY
3686,Will Gadd,1,runway-jupiter,Runway,USED_BY
3687,oliSUNvia,1,runway-jupiter,Runway,USED_BY
3688,Life Reels,1,runway-jupiter,Runway,USED_BY
3689,Dylan Rimpault,1,runway-jupiter,Runway,USED_BY
3690,ZoiTube,1,runway-jupiter,Runway,USED_BY
3691,filmsbytaylr,1,runway-jupiter,Runway,USED_BY
3692,Frank H. - New Entertainment Pictures,1,runway-jupiter,Runway,USED_BY
3693,Kabalik,1,runway-jupiter,Runway,USED_BY
3694,Pneumatic Arts,1,runway-jupiter,Runway,USED_BY
3695,Turn & Burn,1,runway-jupiter,Runway,USED_BY
3696,SwissCham Singapore,1,runway-jupiter,Runway,USED_BY
3697,Susan Bird (Way of the Whale),1,runway-jupiter,Runway,USED_BY
3698,MagicalPowers,1,runway-jupiter,Runway,USED_BY
3699,John Freele,1,runway-jupiter,Runway,USED_BY
3700,KD Production,1,runway-jupiter,Runway,USED_BY
3701,Chris Burkard Studio,1,runway-jupiter,Runway,USED_BY
3702,ghazal music,1,runway-jupiter,Runway,USED_BY
3703,Cleaning How To,1,runway-jupiter,Runway,USED_BY
3704,Kitchen Alpha,1,runway-jupiter,Runway,USED_BY
3705,iDecimate,1,runway-jupiter,Runway,USED_BY
3706,Sébastien Varlet,1,runway-jupiter,Runway,USED_BY
3707,Michał Palikot,1,runway-jupiter,Runway,USED_BY
3708,Vili Pertti,1,runway-jupiter,Runway,USED_BY
3709,Sydney Hunter,1,runway-jupiter,Runway,USED_BY
3710,MAGMA,1,runway-jupiter,Runway,USED_BY
